# https://github.com/mikedh/trimesh
v 15392.56380827 -40311.29547636 50880.60257106
v 15178.53522725 -40335.16587760 50136.28921474
v 14991.48782558 -40936.12246303 50710.17927402
v 14899.62489488 -41272.30880245 51659.80978404
v 15267.75445327 -40559.82353261 51896.55709533
v 14875.65723037 -40995.40532838 52595.74549180
v 15468.46601432 -39371.08214071 49917.18807723
v 15151.32556148 -38812.87645929 49268.94455424
v 14953.58925125 -39744.52543375 49578.14370620
v 15679.75054429 -39232.71811462 50709.72994327
v 15536.26525445 -39540.71813195 51670.10762252
v 15113.76419790 -39966.06929016 52816.80806326
v 15467.37331923 -38090.23414044 49518.80666709
v 14914.11729462 -37675.74095080 48997.94130571
v 15705.02149874 -38428.49417071 50224.51894641
v 15689.43775931 -38124.18402901 51266.48202942
v 15377.36134601 -38486.59213093 52687.71024772
v 15300.23032930 -36900.86790771 49341.58888697
v 14690.12828746 -35948.52251547 48896.02951115
v 15623.23315826 -37091.45839589 50244.95544869
v 15620.25425477 -36678.08152836 51403.06061101
v 15499.06395373 -37124.60561824 52344.27538658
v 15328.29443132 -35617.89412452 49806.32639672
v 15521.21743848 -35706.92806131 50895.96370761
v 15125.59966346 -31890.90564897 49112.83279896
v 14560.10808632 -32223.37503537 48586.14955037
v 14897.78459016 -33005.09006973 48925.93371911
v 15251.35471208 -32786.04503263 49670.49984802
v 15263.54428401 -31729.17848223 49802.80152172
v 15253.70790566 -32261.02566713 50509.13322479
v 14920.15607200 -31203.18933392 48812.82926209
v 14284.33761414 -31155.88156252 48578.69196366
v 15044.24933545 -30860.15714923 49471.68747760
v 14993.43609814 -31204.19604993 50575.52962695
v 14835.60499626 -30464.59177959 48898.04171031
v 14234.84572011 -30312.31246113 48912.94165511
v 14828.71239357 -30151.22087129 49317.29583744
v 14304.30746414 -30209.43258076 50368.24492409
v 14743.46956951 -30049.79352233 49000.76040926
v 14417.22316456 -41712.01849291 52715.39018076
v 14380.97556684 -41795.67614306 51963.41219850
v 14113.24723293 -42055.69570823 52472.77187991
v 14035.42724438 -42086.34119810 52944.59755571
v 14009.58600469 -41695.68972688 53383.18745047
v 13712.67065495 -41857.05515734 53236.51124522
v 14668.82372845 -40601.09826826 50197.17894896
v 14467.77252625 -41301.68368589 51121.03483058
v 14244.27608104 -40636.16348496 53887.46228538
v 13417.40679759 -41193.38672971 53920.38912867
v 14504.71673790 -38789.65277524 49167.96522023
v 14318.34716646 -39834.95883867 49702.53021946
v 14759.56401466 -38874.94973764 54152.38491974
v 12904.72875535 -40271.73182944 55464.94443376
v 13838.38714716 -39218.42252004 55768.19788590
v 13008.03470788 -39644.92841548 56697.17894727
v 13290.43359565 -39007.25329075 57106.74592173
v 12631.22090121 -39375.34776212 57641.47303608
v 13880.13268997 -37235.84529647 48850.29460213
v 15044.51007473 -36905.80698562 53942.15143183
v 14369.20876934 -37541.82792629 55652.85044743
v 13652.73307565 -37973.55385160 57043.00670156
v 12861.11799935 -38493.62437291 58085.43140488
v 13872.07700720 -35787.53694104 48563.49729676
v 15302.46666890 -35287.29388885 52559.83648532
v 14904.90444565 -35072.77386309 54439.64911168
v 14510.06186478 -35695.52617796 55702.45815398
v 13892.79847468 -36313.54404227 57072.45548778
v 13168.11527355 -37003.79472945 58267.23785003
v 15001.36651029 -34209.33118298 49326.12807251
v 14003.26961116 -34130.29762011 48550.08480606
v 15294.50872033 -33872.75694533 50849.97400828
v 15071.98218867 -33308.11611749 52651.90855736
v 14847.39157670 -33565.35141391 54175.74754305
v 14463.82142012 -33837.75470919 55780.61956515
v 13945.62313240 -34405.65715869 57168.75823777
v 13311.60978359 -35175.91401212 58382.48744713
v 13411.87043577 -32404.35143871 48370.70515738
v 14926.85078405 -31946.17580544 51896.40101454
v 14613.64986721 -31915.41985209 53877.81059731
v 14300.15552269 -31972.89748750 55731.10520658
v 13859.66163811 -32333.42619977 57348.47847854
v 13301.24905298 -33135.49639829 58583.28910702
v 12961.46402239 -31069.23046356 48750.88554769
v 14454.61258826 -30695.35095001 51680.38959407
v 14171.62444642 -30635.14733845 53297.43426266
v 13879.20107222 -30187.43161789 55493.28335374
v 13655.25011665 -30127.41943556 57592.83621511
v 13129.63765349 -30710.70918022 59117.64043549
v 13324.12934234 -30112.24935341 49690.73967219
v 14430.66971646 -29996.71539810 49348.42403111
v 13017.75717581 -29802.35949146 51014.39678860
v 13383.60067612 -29845.45071530 52399.24410051
v 13253.39288727 -29491.30989742 54445.98058923
v 13182.07773534 -28900.40718939 55974.93472699
v 13299.49064523 -28547.85005776 57387.87306149
v 12620.67966616 -27965.20480507 56905.76068871
v 13258.38665078 -29174.90414608 59057.30441556
v 13224.80929444 -28366.51450204 58824.94836179
v 13050.51994045 -28297.66420415 59589.26448133
v 12773.88778291 -27438.66968220 57937.66929803
v 11980.97039387 -27047.67991138 57864.33267810
v 12880.14160288 -27347.23929975 58802.02961293
v 12528.85269631 -27254.19860870 60336.33797138
v 12387.58140274 -26750.07361751 58670.67788730
v 12265.92632644 -26377.19969319 59556.94442052
v 13835.77665354 -41565.34655300 51941.29514468
v 13790.01065855 -41989.11928531 52740.32109099
v 13805.16713465 -40499.45630238 50653.99958515
v 13020.79184562 -40655.11958071 51804.73825986
v 13190.17041371 -41307.20738007 52985.65102823
v 13460.98113552 -38906.81425110 49656.11369796
v 12738.33440225 -39621.67177577 50823.17301697
v 12255.86706925 -39870.95333503 51825.87628655
v 12272.22232292 -40329.68001403 52841.15827210
v 12184.86972831 -40452.06801824 54300.93994080
v 11230.46336002 -40100.77102180 56125.45453494
v 11930.78149988 -39939.97395427 57211.37568972
v 11650.53568833 -39440.68066325 58855.19078580
v 11448.28926034 -38593.85049832 64231.37598553
v 11498.25510243 -38386.33376959 63283.69485912
v 11227.36954983 -39372.29662533 63818.48649514
v 11191.29621949 -39232.06424121 64764.96391079
v 12684.21353772 -37445.67186050 49247.92471329
v 12107.71211104 -38320.94963763 50183.84744061
v 11712.92406354 -38996.56246526 51364.51294804
v 12347.11824133 -37858.39613468 59346.67342819
v 11629.20749526 -37420.99463288 64251.46168116
v 11758.82784485 -36801.64470460 63124.61052609
v 11390.97224496 -38085.18187531 65246.99770072
v 12698.06080368 -35760.93462559 48689.21578146
v 11146.07054885 -36761.44841895 49678.90225307
v 10784.46344739 -37926.43459369 51079.48024832
v 12649.84281218 -36074.29765052 59494.65273121
v 11808.05791286 -35730.18419195 64382.48698297
v 11928.88128539 -34926.93589195 63184.54204702
v 11607.31075328 -36468.91486305 65494.79444468
v 12313.33967644 -33847.84917448 48364.37306871
v 12740.03247511 -34151.05609228 59617.12796628
v 11972.21800819 -33633.64695876 64784.21679651
v 12047.99808945 -32940.67574657 63246.78380333
v 11793.59408542 -34799.22174697 65714.32840226
v 11879.31202977 -32408.65363719 48400.80607556
v 12705.35816079 -32211.94807212 59840.91187012
v 12121.45846180 -31508.14078443 64699.40526533
v 12138.32848201 -31041.65090483 63178.73179027
v 11911.65210637 -33433.32150475 66161.22210982
v 12044.24847042 -31857.06965199 66367.28883836
v 11852.03664021 -32759.16871620 67285.56441508
v 11945.66932938 -31507.08797271 67757.26211812
v 11765.23779381 -32050.08979222 68457.89243805
v 11228.09150474 -31407.45110973 48864.48195686
v 12591.60434314 -30767.58057640 60188.08959319
v 12196.63643038 -29591.78375241 64527.75410159
v 12201.30904660 -29393.08808341 62945.12742902
v 12178.29514556 -29882.30750599 66264.60420708
v 12067.55472964 -30188.77378583 67788.60940207
v 11861.71014699 -30667.49611421 68963.36372387
v 11326.74852985 -29220.10318485 78221.47427304
v 11516.24637661 -28949.41699197 76976.45092388
v 11288.21479766 -30351.12345696 77333.79423895
v 10952.67829783 -30716.45184401 78334.82350948
v 10914.29734430 -29588.20708859 79028.47077310
v 10269.28261467 -30784.02569959 79301.63582623
v 11802.40757531 -30485.41283704 49513.03507306
v 11833.40864019 -29885.51376985 50704.67538152
v 11858.70731892 -29504.78921918 52233.86894516
v 12080.54752330 -29099.00709157 53918.19426324
v 12330.14082790 -28548.92463320 55535.98532525
v 11455.42741933 -27693.54808829 56657.15701766
v 12840.60719638 -28797.75191307 60031.59845954
v 12633.00706207 -29643.63750858 60282.35026684
v 12134.54537928 -27797.15645486 64053.01706249
v 12253.10030794 -28319.67758163 62440.06790935
v 12171.11952344 -27985.61162284 66138.91022823
v 12133.04618946 -28193.32353029 68148.79135761
v 11988.16486416 -29072.95072560 69275.48943702
v 11502.38430077 -27596.95392409 78040.25497592
v 11661.97786089 -27130.07935590 76707.30080309
v 11061.31287657 -28201.70676285 79050.51028959
v 10286.71845901 -29154.17867432 79676.10012697
v 10574.53935667 -26859.55263375 57852.43743161
v 12577.74091393 -28874.23248670 60595.88554786
v 12445.81966532 -28308.59864934 61192.37798654
v 12109.77222424 -27178.92224790 62364.39846530
v 11690.44042215 -26142.95398269 64070.82415227
v 11887.46343909 -26294.13449844 65953.60855279
v 12006.64914077 -26350.85227143 67922.90010523
v 12036.19133344 -27738.79589758 69758.91634197
v 12015.53982469 -26368.39803565 69854.80120802
v 11936.18745252 -27041.06328540 70923.57763734
v 11918.67387893 -25921.12073317 71305.93520327
v 11833.05989571 -26398.36492551 72025.51107073
v 11568.30009916 -25749.43313898 77816.82183865
v 11700.08825359 -25251.17068587 76463.38361988
v 11125.43033638 -26444.41724787 78949.23980731
v 10322.68351463 -27399.53522624 79751.01482172
v 11366.10093008 -26123.08281408 59206.67092603
v 11823.14641818 -25726.81723835 59902.27857212
v 11374.03226764 -25525.52889608 60135.63587930
v 11914.74736947 -25872.95530738 60468.36398992
v 11239.33732582 -25741.38410171 62121.10791733
v 10967.57224757 -25178.35181630 64235.57710785
v 11228.27366039 -25081.52218147 65763.19340805
v 10200.07641842 -24450.40532273 65472.99137547
v 11438.30210793 -24755.34450057 67816.75525649
v 11760.92868010 -24878.48594455 69593.38389008
v 11808.53157645 -24927.29362812 71140.21021623
v 11769.22219200 -25244.78673158 72354.12800170
v 11540.74416227 -23785.13725643 77513.56265853
v 11623.68689484 -23791.79146543 76280.62819416
v 11091.55906349 -24510.25226207 78755.58844929
v 10271.36414678 -25494.40148670 79686.38919871
v 11706.31385485 -25497.47925115 60276.22169142
v 10468.62263901 -24058.93550150 67125.38527476
v 10608.67527969 -23491.49581776 68733.62844525
v 11211.25794839 -23677.95917467 69680.83043538
v 10575.36112691 -22954.42580817 69930.02919638
v 11411.57611590 -23747.82838874 71060.79722256
v 11506.31350115 -23978.76792220 72454.60236877
v 11360.95768392 -22494.48329019 76726.99203312
v 10725.26906822 -21870.93234104 75524.77562504
v 11393.70463115 -23111.69266331 75532.25629102
v 11401.79829435 -22531.15188866 77651.12625319
v 11033.55830415 -22633.29176447 78481.53891892
v 10034.45740537 -23399.75754662 79547.85340488
v 10718.70583562 -22852.60430485 70976.03466646
v 10842.85747536 -22843.58609377 72428.40274802
v 10872.07129074 -21397.61009053 76719.28600278
v 10214.47503599 -20892.50758088 76359.44619225
v 11010.16833871 -21588.56886538 77700.58391112
v 10671.31478015 -21453.97592291 78568.58543539
v 10268.93848677 -21921.91713739 79138.57584954
v 10336.62700664 -20710.41425593 77300.47950140
v 10223.28847405 -20744.82602904 78244.57044147
v 9545.40183345 -42240.71190961 65066.33529893
v 9084.05351421 -42637.87428383 63548.54066614
v 8277.04267055 -43352.77802354 64778.30202289
v 8479.13696914 -43350.98091843 66556.47196739
v 9422.52329487 -42482.81154058 67062.42513119
v 8576.28445543 -43311.52195107 68238.63981780
v 9290.55169381 -42609.60394658 68387.64926801
v 8774.21882353 -43020.39248584 69410.11360534
v 9100.83562460 -42228.76149063 77575.13598490
v 9123.04808423 -42496.90495916 76667.66219963
v 8448.62128365 -43075.49074726 77299.56389673
v 8569.93945074 -42650.79239439 78199.72666604
v 10129.53055821 -40744.87204357 60692.10525985
v 9056.20676537 -41214.99829935 59754.40855175
v 8567.23511584 -41953.85702957 60700.48675971
v 9032.43547301 -42268.85925681 62076.55374867
v 9994.02924998 -41453.54397616 63012.70588873
v 10658.69302584 -40432.39784474 64501.40620239
v 10202.23140831 -41085.54122595 66423.83738717
v 9839.96201838 -41584.76444097 68048.02634915
v 9389.73598609 -42102.61954122 69463.43632627
v 9753.12574406 -40907.86502265 75187.51969298
v 9757.92768495 -40628.59080610 73660.79353272
v 9377.88601087 -41808.21934713 74316.77168094
v 9277.91450382 -42188.36647478 75576.90263680
v 9568.55787715 -41353.70957605 76684.91555213
v 9360.65492332 -41275.12170011 77818.65834844
v 8846.87881776 -41806.23733990 78444.88549313
v 11491.40088512 -39443.52099856 52538.97367799
v 11417.44025950 -39777.28838713 53638.01502898
v 10634.52790129 -39580.98471588 54923.68878854
v 9706.16718215 -39668.03321447 56407.16055231
v 9744.40747937 -40354.24135331 58246.35997475
v 11505.44398757 -38846.68084860 60659.91526028
v 11007.43126747 -39689.17255697 62524.92657739
v 10888.69446334 -39199.26365280 66249.88414488
v 10362.25185426 -40000.74499206 67943.98801593
v 9926.28452748 -40730.27956521 69343.04530698
v 10087.45609142 -39296.84723444 74734.82494553
v 10100.03966918 -39084.99886454 73140.70176755
v 9944.88749688 -39681.36030703 76273.95773517
v 9614.39385894 -40060.95395496 77579.38438820
v 9047.96461341 -40535.21343101 78535.12847672
v 10785.89657877 -38632.84239791 52183.87047024
v 10389.60792771 -38931.71845537 53556.50658304
v 9748.94466013 -38922.39947718 54733.46284765
v 9558.02840031 -39165.01550303 55526.99521800
v 12054.57759951 -37020.08497679 60661.73122567
v 11644.35455259 -37875.56656727 61991.19438498
v 11261.49211940 -37153.61907861 66757.02740336
v 10766.68330587 -37917.24799413 68445.38947885
v 10293.69916962 -39193.60967214 69452.55674449
v 10390.82060292 -37371.86206026 74253.77318286
v 10335.81705664 -37806.97365283 72621.12745414
v 10207.96393295 -37849.83776674 76010.09395273
v 9841.33434434 -38345.51473629 77411.26479843
v 9220.96295866 -38928.11003432 78499.94449631
v 10776.76934189 -34948.45070515 48821.48992502
v 9479.48304490 -35810.46907203 49750.59672958
v 9391.13512037 -36889.03734431 50992.74217385
v 9413.55220269 -37903.26400355 52632.00663193
v 9042.46532870 -38397.54041075 54295.55201389
v 12262.31682258 -35128.56846391 60701.25786739
v 11936.99465802 -36033.68855048 61894.85044873
v 11546.40890071 -35318.09438247 66888.19422575
v 11194.60242821 -35688.18566717 68486.31296015
v 10488.81520827 -37897.37573508 70029.07341878
v 10804.89701421 -36156.69003095 70490.79393552
v 10421.85743284 -37578.22941661 71342.24913696
v 10642.15999668 -36083.81145225 72800.38362971
v 10658.97317332 -35506.07991595 74591.66966927
v 10464.39927370 -35904.19360276 75945.17169445
v 10066.20802051 -36428.91842475 77370.15351855
v 9410.25306162 -37098.08542423 78487.95639092
v 10948.02751451 -33511.12229837 48442.55177491
v 12321.74533721 -33221.96513173 60784.41676747
v 12067.67354705 -34114.45158798 61920.03837415
v 11752.46038168 -34007.78881918 66832.03506585
v 11559.04237262 -33633.16287052 68296.92929074
v 11219.21877542 -33875.61344545 70258.57346724
v 10988.71807909 -34088.30200437 72268.23531295
v 10885.99866498 -34115.87496157 74130.24285006
v 10764.94116904 -34083.02557504 75790.39127924
v 10359.75513946 -34237.13078563 77496.48153543
v 9651.61020640 -35253.24009608 78557.84723986
v 10255.67161306 -32539.51000143 48667.00430048
v 12325.87482659 -31483.14550892 60895.35033990
v 12135.01160327 -32233.77328731 61946.78021978
v 11560.24189181 -31673.23443050 70066.36030800
v 11290.69331211 -32026.57955344 72060.12386051
v 11150.18283359 -32321.03941726 73913.59744951
v 11034.34235193 -32674.35555505 75352.11908538
v 10928.93467738 -32147.95702645 77007.21167867
v 9820.55741364 -33708.39061439 78792.82450793
v 10351.01893807 -32330.29150043 78515.39231527
v 9270.07236241 -32579.44972000 79543.14944797
v 9728.84037921 -31611.22316779 49306.16735534
v 10616.39788174 -30832.41797219 49485.40799196
v 9690.50983922 -30837.57843361 50039.50665692
v 12358.00934658 -30076.50438716 60947.97852813
v 12195.39486778 -30552.07118299 61900.45824787
v 11762.48064544 -29561.78073842 70459.97122349
v 11539.34727921 -29939.86980984 72010.25517162
v 11396.97639769 -30317.39721881 73823.79890877
v 11300.83392510 -30766.80561398 75736.15597159
v 9183.71143296 -30537.90147202 80002.21903958
v 10566.12110764 -30281.71590994 50355.77447441
v 10145.44486783 -29758.21206793 51918.06904434
v 10438.18435144 -29088.53186792 53661.29431706
v 10909.49185045 -28404.45080484 55247.77321689
v 9822.82280356 -27672.34099464 56553.51154622
v 12428.26205659 -29141.14624578 60922.10843394
v 12285.98111258 -29236.48888902 61701.40990102
v 11905.34615357 -28230.00915107 70484.56619494
v 11748.92860778 -27907.38905946 71887.50464666
v 11595.48280125 -28254.42036599 73653.32645945
v 11549.61407733 -28668.11593005 75393.17177793
v 9180.34559810 -28654.91436852 80213.33924441
v 8808.59241765 -26935.42197162 57847.67466218
v 11704.21521977 -26180.85831409 73409.43694766
v 11669.43440716 -26655.61882702 75151.02213982
v 9145.02953948 -26770.26089679 80258.95530991
v 9543.54479305 -26155.90934670 59145.06096045
v 11364.63355079 -25492.29879613 60719.90486394
v 10189.60511130 -25513.75257045 60746.19451557
v 9685.14097005 -25090.39003988 62456.51206666
v 9970.26948052 -24816.21423772 63839.45834597
v 8800.93889645 -24173.26029973 65219.94763707
v 11598.75871514 -24557.42680318 73490.21658723
v 11609.77844532 -24616.00007393 74955.97605044
v 9003.39333646 -24900.01316074 80216.06547481
v 9154.28502984 -23720.58153548 66789.14903096
v 9476.82930164 -23231.10393207 68305.42688174
v 10002.37872887 -22474.41866588 70685.12264829
v 9746.75104142 -22752.77590377 69652.66195330
v 8860.08834094 -22194.15741262 70838.36034242
v 11183.24391147 -23174.58954046 74057.03274624
v 8672.37393815 -23380.53918343 80159.11609081
v 9625.04446917 -22065.39220243 72104.23781944
v 10094.40779270 -21900.02398594 73874.78227762
v 9223.69816058 -20829.85934782 75433.12147839
v 9939.86811427 -21082.88833649 78968.32045290
v 8829.65974027 -21729.25725756 79694.29227691
v 9315.23497366 -20252.87667251 76909.48154597
v 9514.61445879 -20200.51730433 77867.58245377
v 8915.51252004 -20340.83568537 78829.60351389
v 8091.33238888 -43222.63079285 63143.71911800
v 6782.25869856 -43868.76867718 64407.52061651
v 7132.60450346 -43960.20318304 66338.05907831
v 7351.73384008 -43921.80532606 68188.47774642
v 7614.19117259 -43695.20608559 70133.65541197
v 8635.06245575 -42806.12001642 71085.86061990
v 7404.10694881 -43673.36749281 72351.42811358
v 8281.47582730 -43107.99363419 72978.26835094
v 7429.86062284 -43627.63322421 74279.43714836
v 8611.29529582 -42868.85987798 74578.87483490
v 7695.43910828 -43509.88440576 76172.95486818
v 8704.49204460 -42975.11670114 76077.11512997
v 7545.54484395 -43488.82651912 77607.16321299
v 7885.87681104 -43100.81059261 78341.72534085
v 8112.10118115 -42367.88522992 78864.79567167
v 7390.76344274 -42799.73650086 78957.53499635
v 7590.63589607 -41484.17914548 59554.52343656
v 7402.34334495 -42518.85510023 60762.90978900
v 7848.98867114 -42899.52725339 61765.31147812
v 9508.05420021 -41358.53555866 70837.39976948
v 9174.08640439 -41936.35282361 72746.30477893
v 8244.64756566 -41205.73487899 79127.74449835
v 7345.67312398 -41925.45756048 79340.83463475
v 8313.90997151 -39713.42588571 57308.89085537
v 7731.52090364 -40410.24913589 58329.34855755
v 9977.86234207 -39883.01240288 70620.83604072
v 9786.39391316 -40339.31093045 72072.25288102
v 8352.03380155 -39657.83720800 79240.66635709
v 7331.72177634 -40526.73863138 79587.16978036
v 8990.03051870 -38743.65397206 55256.53501509
v 8598.82230489 -39079.61997976 56155.24698899
v 10241.59879130 -38682.28069914 70591.33511171
v 10131.58749745 -38900.84444624 71695.52429400
v 8487.81056813 -37850.99828825 79285.54393217
v 7368.58980089 -38785.44254290 79711.93297077
v 9342.80414137 -34905.44150938 49162.01033843
v 8490.66566237 -35203.98155467 49764.94562634
v 7784.18875122 -35881.52433138 50914.94732473
v 7651.29036315 -36937.21022700 52503.77737347
v 7665.16829169 -37755.31437333 54136.10934094
v 7907.66257236 -38439.77968659 55439.78299103
v 8724.63908955 -35933.36988753 79328.17465928
v 7499.59371083 -36800.29189766 79786.32469834
v 9566.28516682 -33847.16389969 48849.05317782
v 8559.22084488 -34474.13461439 49389.14252912
v 9123.17831085 -34345.44071211 79330.36485153
v 7869.19045795 -34457.91370365 79859.98251824
v 9168.88264527 -32906.80592472 48976.29206004
v 9414.67187421 -32320.68752206 48973.52835332
v 8651.18184673 -32366.22651260 49529.02502818
v 7803.06730376 -32142.54171234 80152.84271255
v 9202.70955080 -30448.96809219 51051.63396706
v 8352.81135068 -31404.23080124 50525.00488090
v 8590.27685666 -30096.57646719 52176.63182806
v 7901.56035234 -30724.65201884 51694.66430700
v 7296.81112739 -30327.46471108 52821.60637875
v 7790.72468690 -30118.54647562 80390.53935873
v 8455.14806560 -29481.22751359 53556.37114491
v 9071.69301739 -28552.00896464 55152.45907584
v 7844.59308516 -27862.66636669 56651.20495706
v 7765.22139018 -28207.63676848 80504.31267226
v 6987.33169164 -27084.68647621 58057.92740043
v 7683.66982239 -26327.36170561 80520.67413800
v 7805.50719779 -26335.31874151 59060.18851359
v 8156.31991769 -25687.96909769 60421.77029764
v 8275.51693089 -25110.90540618 62041.15326442
v 8459.55666394 -24618.09196325 63656.15046196
v 7091.81486466 -24082.90027001 65063.64622090
v 7543.29322628 -24534.35144125 80473.06254355
v 7525.69763706 -23573.67726084 66626.14509961
v 7945.65646431 -23084.34679627 68126.51585370
v 8372.05221043 -22598.58179734 69537.17564425
v 7188.90034319 -22048.25084254 70874.36022350
v 7414.84130082 -22880.31185784 80320.84106618
v 7825.56264110 -21613.04199782 72250.33134282
v 8504.60326650 -21223.17651071 73743.50724229
v 7344.23825983 -20457.89339742 75153.94387642
v 7126.47789732 -21580.79464405 80135.80253474
v 7837.93828905 -19970.97522341 76579.65021637
v 8140.18905209 -19725.23252626 77957.73936715
v 7608.01426943 -19678.26135837 78974.11185931
v 6676.64912147 -19300.35982070 78683.82434385
v 7311.23534106 -20385.01057555 79655.32938529
v 6618.90889253 -19533.63169473 79366.86158450
v 6580.23250592 -43198.46490182 61675.93360571
v 6220.81990609 -42529.57140429 60559.77737192
v 5168.98249926 -43200.95974755 61653.43224919
v 5611.27619693 -43752.00648801 63171.49904642
v 7037.51237326 -43521.95467901 62744.37968538
v 5309.11696923 -44085.21478994 64872.36987850
v 5651.02348394 -44185.57618167 66295.67872502
v 5892.29235577 -44209.66304950 68104.83787220
v 6085.63753734 -44141.90758808 69991.34279005
v 6194.66734697 -44047.63097567 71903.55996038
v 6205.67433701 -43928.55121984 73835.77397950
v 6354.43075638 -43782.11713018 75723.49232554
v 6634.23768727 -43618.77449739 77321.23336717
v 6980.73380983 -43292.91881551 78407.07130425
v 6557.74311017 -42613.79265952 79071.07250290
v 5853.04319986 -41750.32025352 59749.89271222
v 6336.60136373 -41438.56880250 79483.76994335
v 7003.35953569 -39821.18778667 57818.97226335
v 5984.42458153 -40568.40397958 58812.05386203
v 6225.16764046 -39852.86602510 79703.97993868
v 7053.49680411 -39001.02857292 56830.21313921
v 6013.79259236 -39485.35833734 57839.87587994
v 6198.74712769 -37978.01310771 79823.57966175
v 7433.16490216 -34667.84032944 50265.01597997
v 6369.58421569 -35260.62069651 51290.54707566
v 5741.40841690 -36084.72031640 52536.50412635
v 5845.28055808 -37064.89525031 54171.92746861
v 6053.02752754 -38007.59850067 55878.00733767
v 6242.82101204 -35888.42901890 79919.81240398
v 8178.20456112 -33519.33268168 49596.81076287
v 6896.15533160 -33674.29308652 50500.44591692
v 6002.41629814 -34344.78804935 51145.80187219
v 6253.92612971 -33683.22618441 80074.03947395
v 7296.34818681 -32602.67140450 50528.51850714
v 5774.92611636 -33144.65724218 51408.05364534
v 6291.63184601 -31583.79416618 80301.10150999
v 6149.26266336 -31582.92525917 52120.29907760
v 5984.99007346 -30464.34101826 53523.48248198
v 6314.84425615 -29693.39760015 80466.25954275
v 6810.58472753 -29807.95712481 53965.22888259
v 6880.27288199 -28982.46774061 55271.82012804
v 5372.83485195 -28143.51483860 57157.68652347
v 6224.69971524 -27852.90534880 80516.91391189
v 5426.40093301 -26973.16434635 58796.54055303
v 6509.17235830 -26510.85245292 59102.49082344
v 5594.63783188 -26377.83207355 59760.49242796
v 6126.50549904 -25983.45903506 80511.63766644
v 6614.71161982 -26006.51238802 60099.11156410
v 6299.68331784 -25402.93983496 61690.38337223
v 6653.75241816 -24680.95827271 63431.93755779
v 5194.71831631 -24083.46577753 64958.34595674
v 6033.23050612 -24168.71969171 80452.27489697
v 5716.50833219 -23495.34729448 66573.19557553
v 6167.49940549 -23017.06685022 68098.68527634
v 6647.74072650 -22535.55183823 69513.27491182
v 5327.71692236 -22044.62666052 70873.23557892
v 5932.45508409 -22507.37367223 80328.91155755
v 5929.87473150 -21531.84137663 72264.12444597
v 6632.58476069 -20992.72903832 73714.37378160
v 5581.19985563 -20428.30406118 75102.24318380
v 5877.37424847 -21063.26771667 80096.22643890
v 6162.68004429 -19865.36882249 76381.37824040
v 6555.69313852 -19446.31191860 77626.74474866
v 5383.05447942 -19191.77967006 78481.43312714
v 5746.10427101 -19934.09681266 79761.21092873
v 5557.23635691 -19295.44116279 79263.92072569
v 4701.04038096 -42363.68859847 60564.07905511
v 3875.17569280 -42994.82262590 61675.42771635
v 4111.91054147 -43501.42315418 62930.68409251
v 4202.70326366 -43843.08311212 64537.14645548
v 4272.08382397 -44017.94668461 66258.63084459
v 4452.46262587 -44083.83526092 68048.85665519
v 4649.96951632 -44084.79264011 69914.57403460
v 4860.87109490 -44020.15931258 71774.58055963
v 5147.73407054 -43949.47135148 73332.86306920
v 4945.82201874 -43581.68433802 75290.60401812
v 5489.26255893 -43460.98817549 77085.16147833
v 5975.84948141 -43171.59111482 78301.32717982
v 5548.56709578 -42274.90417903 78926.66452934
v 4874.68950910 -41408.93559903 59689.16098814
v 5246.44909141 -40935.23784099 79234.24590160
v 4431.34905188 -40586.22228116 59378.42615728
v 5058.65110035 -39221.84043766 79404.82260891
v 5577.73493187 -38765.20526851 57285.55047581
v 4626.88060423 -39401.20124596 58488.35063390
v 4945.78390840 -37266.89011395 79523.90604110
v 5001.07417927 -35058.26135344 51997.70654046
v 3721.98161377 -35638.32676595 53041.31030034
v 3875.81526970 -36411.72258962 54263.49028814
v 4091.00007565 -37158.00676851 55907.53861886
v 4325.19962554 -38115.49651788 57392.39166833
v 4819.60732305 -35160.43045103 79638.69988642
v 4743.82491559 -34035.23321491 51853.81082501
v 4638.77541118 -32868.12297146 79818.65963276
v 4562.51041223 -33168.34514614 52050.00168567
v 5016.11663598 -32566.75863943 52053.41065761
v 3696.45213972 -32385.72484271 52786.29289308
v 5099.98792045 -30963.94414828 80196.19909612
v 5521.21040325 -29875.05471560 54674.10385350
v 4252.66070660 -30799.45384045 54099.26136617
v 5118.62899659 -29260.22056022 55797.18463016
v 4178.14728586 -29951.98957537 55430.50887004
v 3683.18458155 -29344.01031259 56518.31544574
v 4860.58761106 -29410.39483323 80218.42007475
v 3140.53839915 -28436.02510092 57633.95328039
v 4722.41571690 -27542.64772713 80230.09018158
v 3859.47873633 -27327.86188654 58759.26895154
v 5204.12395985 -25991.40729402 60820.66769804
v 4153.15747103 -26565.13489363 60188.48319079
v 4620.91820190 -25625.36276461 61907.02970393
v 3911.72525948 -26102.27802176 61401.77467302
v 3218.11727190 -25757.48582873 62366.49900669
v 4638.51868762 -25643.60537845 80215.39566781
v 4484.22373778 -24944.62914557 63242.46022054
v 3258.32272548 -24047.25991685 64894.18223894
v 4590.05748705 -23802.18378387 80164.89851418
v 3922.11813636 -23333.12034159 66553.60739010
v 4311.62015392 -22937.37106700 68216.84269522
v 4746.89462453 -22538.81205204 69630.15045261
v 3454.54686932 -22091.72831936 70896.77230981
v 4575.55117224 -22105.49909145 80058.85207412
v 4032.84795870 -21639.41130860 72085.07592818
v 4592.41828472 -21104.23201707 73777.10022425
v 4261.39073551 -20589.98656144 75241.71621892
v 4576.97378597 -20674.75343059 79875.06390098
v 4674.59804515 -20046.79533139 76277.82959665
v 5060.35158547 -19518.71002202 77442.36372727
v 4186.87083169 -19376.37549150 78320.27044324
v 4555.63162263 -19679.57290548 79576.75491296
v 4449.08960074 -19248.21311616 79076.99785256
v 3563.24539554 -42403.33748421 61021.72774191
v 3049.45462027 -42592.44419469 61759.58908387
v 3013.20267403 -42941.81414789 62791.01921110
v 3033.15937518 -43280.64744643 64299.47891193
v 3059.98060387 -43456.69251950 66056.15431744
v 3156.69448796 -43535.81909535 67944.87568075
v 3349.34650700 -43586.54684961 69850.07859075
v 3601.70142085 -43596.17836743 71693.70454833
v 3902.26773405 -43429.22918640 73704.66726598
v 3703.04965350 -42677.35511112 75778.55257216
v 2900.15810846 -42357.80525173 74636.86917606
v 4477.79307916 -42823.95035483 77103.31838497
v 5106.08066772 -42867.04927355 78100.70074157
v 3671.99385094 -41416.80255287 60363.82518267
v 2914.43187778 -41923.72328626 61309.60356699
v 2961.59408877 -41516.30028861 76138.80467687
v 2421.00299354 -41347.19517725 75164.11935722
v 3733.90443350 -41665.09042218 77324.60435576
v 4603.71600487 -41937.73706758 78352.49267363
v 3337.58396661 -39914.55260828 59848.85865346
v 2502.01116680 -40529.78825664 76100.44390479
v 2367.09173577 -39189.45704400 76432.06242611
v 3147.32748148 -40049.27055016 77375.95180599
v 4191.67412525 -40465.37292497 78535.40718854
v 3118.62773227 -38372.48217584 59041.17500507
v 2958.45878764 -38029.28977694 77747.31929370
v 2194.14083892 -37412.55362036 76698.82847608
v 3933.38033050 -38637.59193364 78694.51091869
v 3579.65195966 -34635.87853662 52475.52459336
v 2155.07018543 -35183.57232916 53140.01576384
v 2084.68787886 -35967.24904792 54115.66272263
v 1819.74587767 -36200.15094465 56049.34333519
v 2728.49287209 -37049.96849864 57820.91191740
v 2757.69895423 -36173.80318733 77936.35056727
v 2058.58374427 -35628.18262035 76995.47023541
v 3742.10826670 -36646.13351735 78849.35700153
v 3742.09797470 -33651.07464096 52343.14126118
v 2286.23194874 -33850.59261875 52728.49999245
v 2522.00893036 -34795.12122831 77999.46361048
v 2082.93565000 -34177.06737688 77463.35628743
v 3418.17669857 -34571.33551456 78924.36547809
v 1775.56930829 -32473.70554427 52979.33882043
v 2608.51380742 -33503.24945144 78400.61532053
v 3339.00582176 -32857.33956932 79202.72686684
v 3732.87113187 -31171.72963916 79613.98081944
v 1984.82623328 -30877.83932595 54169.22914980
v 2386.59741281 -30440.32597958 56151.56671639
v 1953.46656772 -29808.00983328 57104.08795325
v 3524.45950695 -29148.69068887 79621.97616942
v 1627.95774334 -28777.02606022 57720.98756686
v 3410.88335169 -27204.27599266 79618.28907021
v 2379.56810492 -27279.22119354 58751.98935711
v 2682.20340416 -26683.86769121 60203.75190352
v 2401.25606416 -26633.56212154 61699.97849714
v 1817.87276255 -26195.81816585 62419.36011305
v 3367.67757247 -25273.98706381 79604.52875132
v 2171.53303660 -25151.82994191 63373.88637596
v 1511.74567059 -24042.81273639 64699.93069070
v 3387.86933082 -23412.76685833 79571.25998044
v 2353.07384362 -22873.31268720 66432.09026579
v 2745.72242371 -22607.65078594 68282.97777495
v 2629.28194227 -22627.43820893 70275.87551187
v 1956.58832036 -22150.32307028 70990.31508953
v 3476.16859698 -21722.36892359 79512.76829595
v 2226.45946282 -21575.66586698 71637.12018781
v 2866.08868331 -21641.22435682 73079.44517451
v 3659.73009922 -20474.80143193 76044.85418163
v 3137.71378101 -21276.01422251 74887.46378975
v 2983.15734428 -20895.32445200 76363.43639652
v 3622.64870466 -20373.12075061 79424.58882357
v 3713.91052326 -20021.37857206 77252.77388290
v 3386.67395902 -19815.24007446 78266.71567186
v 3790.79921430 -19594.79186813 79279.15689962
v 3684.21070850 -19451.06840205 78864.99837617
v 2305.21584532 -41884.39934366 62512.62312849
v 2138.08641965 -42384.93096285 64058.77352790
v 2037.36166060 -42567.67672859 65734.51695357
v 2013.59670260 -42570.81145046 67708.61889854
v 2209.47839706 -42633.48800752 69766.72753814
v 2546.00238004 -42752.23857845 71651.03344962
v 2911.50293966 -42881.66135730 73099.02792712
v 2441.85301780 -40626.73098356 61363.20384755
v 1695.64214576 -40582.72022120 62779.60656515
v 1475.73406399 -41129.65601745 63967.85038339
v 1394.73445388 -41602.87521888 65260.84882682
v 965.58102459 -41256.61795506 67094.97933367
v 1047.72010556 -41192.20306788 69636.99009747
v 1643.34788725 -41426.10934491 71721.12767629
v 2187.70608193 -41674.69096691 73602.33484036
v 2210.29225307 -38773.92651659 60756.80959291
v 1553.52352461 -39183.54898746 62359.00086464
v 1057.97603630 -39551.22076604 63812.48381997
v 628.57544720 -40071.98536405 65439.84731406
v -44.89664876 -39895.38963186 67055.92177008
v -54.71814595 -40187.57733092 68749.19510902
v 83.58604531 -39909.04567350 70434.29453686
v -113.34398920 -38919.55001548 71581.44377291
v 790.27146022 -39708.38878073 71960.55376761
v 1533.40291906 -40054.74099702 73606.41981520
v 2050.18277687 -40293.49691359 75068.82371969
v 467.86484629 -36055.71772761 54743.70870574
v 524.54827161 -35667.54259450 53691.11467585
v -164.78983893 -36030.17178429 54200.92511956
v -938.94892431 -35978.62605102 54639.98971636
v 1841.61133373 -36835.13029735 60068.54094630
v 1369.33468892 -37362.85411342 61977.85748542
v 891.43136509 -37758.06240082 63456.84708540
v 339.89775834 -38133.63028840 64721.15092642
v -630.67405183 -38404.89567172 65960.05504199
v 396.97862175 -37814.59897521 72924.68100190
v -656.00437880 -37697.03919157 72490.94896263
v 1137.64854379 -38236.18756471 73938.99587975
v 1757.37745467 -38679.73317576 75245.22140021
v 858.78720424 -34725.63019652 53000.89132676
v -527.75626953 -35719.69446174 56000.27870437
v 516.59123787 -35216.67311961 57257.25955750
v 1361.63457957 -35435.16763360 58578.63632510
v 1224.41795833 -35065.92528049 60474.65779594
v 1130.81388800 -35495.10478505 61813.93515372
v 799.78404370 -35862.02656420 63211.23357200
v 351.18306226 -36230.33290226 64277.38308873
v -251.61337236 -36610.42221154 64944.93246303
v 267.91843727 -35879.97226356 73534.52555712
v -330.58170308 -35443.97614773 73417.73418074
v 945.43459792 -36236.38133237 74419.83240244
v 1567.22656577 -36783.04875754 75572.24726431
v 367.69041533 -33451.94897696 52598.13472906
v -638.41886051 -34723.00403696 57461.00421280
v -199.10745995 -33184.16012211 58190.93975057
v 537.93570019 -33672.87018281 58425.26323503
v 932.11993297 -33657.77127281 60075.38227739
v 908.61359700 -33717.51570030 61712.40453016
v 714.98743734 -33961.09067845 63073.48967692
v 373.32540841 -34301.92643807 64061.77629518
v -80.69665025 -34757.74408772 64545.94803200
v 318.53578425 -33766.28219527 73878.49716403
v -115.10527447 -33219.78387106 73642.32762864
v 853.21614965 -34129.88399960 74739.09964151
v 1512.34414338 -34528.10270264 76124.18190511
v 610.75148324 -31611.43945410 52797.64209763
v 1002.76245715 -31284.24251532 57952.40550885
v 705.61036079 -31267.73808078 57801.44140500
v 785.32584411 -31913.22331993 59692.88074107
v 779.41695825 -31962.01186544 61443.99957930
v 659.22829340 -32076.32570805 62930.07614724
v 393.72864872 -32362.40655003 63938.36404164
v 28.55660021 -32830.44166587 64369.18188576
v 366.98547306 -31664.99519312 73981.07324591
v -19.74711918 -31116.83714315 73678.32820257
v 799.48477396 -32023.13866463 74849.53588366
v 1324.54182376 -32311.83151070 76131.32223983
v 2021.65413507 -32537.23854073 77628.19407757
v 2760.59800705 -32152.75905625 78793.31740911
v 575.73498092 -29641.73443571 53387.66584060
v -515.05538071 -29142.57989689 52038.12310280
v -286.50312856 -30717.09957006 52162.39889700
v 1177.91481407 -29465.84764573 55071.49117381
v 1456.99385465 -30089.65102649 56437.31094768
v 809.03282513 -30184.51104193 57948.13177068
v 1139.79083169 -30461.74187039 57479.33419703
v 1055.11100659 -30095.11737929 57937.42338524
v 800.34380024 -30572.86175316 59137.90476278
v 706.84030655 -30256.15132397 61054.43186624
v 689.23178985 -30157.51371187 62738.21539465
v 448.66273242 -30436.58562192 63824.47043406
v 142.60828439 -30861.93576755 64273.37077450
v 413.44779333 -29606.20539869 73973.12559822
v 49.40502896 -29062.93585374 73628.42661286
v 786.27163023 -29961.93612921 74867.55746985
v 1221.21799299 -30238.29516090 76119.30440716
v 1805.80254146 -30498.63741152 77494.10359214
v 2609.54024893 -30713.86125155 78721.19454736
v 110.44773406 -27652.13629586 53182.45772535
v -741.75531536 -27281.50346084 51919.11936602
v 721.53541176 -27977.51747961 54811.40537111
v 1112.89007445 -28743.91893649 56850.32519471
v 1314.96705751 -29609.12440207 57282.95761768
v 877.98453574 -29816.31274022 58337.80393772
v 532.72299935 -30108.37688756 59909.55157392
v 505.95158804 -29353.52992408 61441.34543978
v 921.07719784 -27702.86663449 62419.23411968
v 1024.32844082 -27839.44653390 62654.37320744
v 585.32705713 -28585.81396216 63735.40694564
v 302.01038404 -28937.73782072 64209.51710259
v 518.20706015 -27559.25466917 73855.71663950
v 179.87594098 -27013.57335188 73442.59250527
v 835.76489462 -27925.96361620 74823.50533500
v 1200.62467012 -28209.17396518 76102.32512376
v 1710.01583391 -28494.67448434 77461.11906726
v 2463.92528947 -28806.27533134 78685.54717719
v -177.46005974 -25865.95082804 52992.17362446
v -941.04673062 -25526.94168056 51933.91803093
v 348.33151157 -26099.12691243 54477.96431729
v 758.02763849 -26358.77610726 56298.73710079
v 1301.45954877 -26566.87624765 58206.95322358
v 1696.62182101 -26044.78332678 60153.17870153
v 1678.20747896 -26404.69211052 61703.40660528
v 748.09782201 -26728.75079918 63275.06056498
v 1163.61139798 -26776.83879543 62745.42824629
v 1081.82271003 -26053.36305479 63599.02694524
v 739.26447340 -27082.61634626 63808.14948636
v 492.82127778 -27459.74344784 64171.58404880
v 783.44518712 -25488.61511242 73480.99968887
v 464.58746198 -24967.57410182 72954.73757164
v 1011.94903657 -25899.00960277 74669.02000053
v 1285.82508314 -26197.94525974 76055.79454204
v 1711.09856608 -26500.21402240 77446.02720802
v 2399.68826694 -26841.22769246 78673.76944076
v -457.35686264 -24424.05327529 52849.60005590
v -1015.82181338 -24263.58667729 52130.53071154
v -69.73147033 -24473.79163284 54127.12620330
v 226.41365352 -24501.21685234 55849.83777353
v 537.47520344 -24507.60036012 57872.58204916
v 903.95557433 -24549.94336114 60012.54927734
v 1285.21845823 -25051.69553509 62066.05578106
v 960.31125515 -25470.88038725 63365.72341060
v 741.48898834 -25830.49385675 64193.82758233
v 814.01131355 -24263.94125306 64303.95503766
v 1399.55487260 -23267.25076504 72348.54843060
v 979.54207020 -23096.52675420 71977.08393402
v 1417.88595331 -23917.79347349 74292.26856588
v 1556.67884514 -24211.46246622 75948.22025522
v 1836.05354480 -24533.54271336 77425.74265859
v 2422.17164196 -24891.88186888 78664.36985465
v -784.94611812 -23556.42798432 52738.05719811
v -1461.98388607 -23424.01837684 52288.44720464
v -608.61641597 -23301.64080106 53692.08220252
v -500.64896168 -23053.52919579 55270.96939212
v -291.92739902 -22887.64211405 57280.40581249
v -36.72140444 -22547.08378259 59716.24968133
v 517.12444510 -22970.02879248 62088.32786448
v 730.60994752 -24138.78812385 63195.34162088
v 1132.27845849 -21680.66173490 65968.26541423
v 825.06561628 -22915.77968633 64447.30498094
v 1658.85947672 -21657.02865480 68167.12259676
v 1748.19768721 -22207.56436392 70181.12426502
v 726.19125963 -22019.33304151 72337.17062162
v 1334.23316545 -22489.67425445 71636.76782563
v 1561.23722197 -22032.52865151 72356.24101752
v 2015.66433519 -22381.27891291 73773.97462730
v 2186.97036870 -22260.82800751 75782.99407864
v 2162.70799204 -22639.97447709 77422.41390485
v 2553.99501097 -23022.15104416 78656.87700654
v -1142.55246327 -22843.98334814 53145.31848931
v -1568.90203614 -22026.49963242 54395.22205260
v -1439.06937333 -21643.95351554 56492.29348205
v -1122.96689814 -21499.56677636 58569.18166321
v -912.80240636 -21034.65483342 60240.38687276
v -357.35331468 -20840.06716521 61974.11384398
v -1461.74309709 -20028.11895033 61219.28750024
v 604.61180160 -22925.26024142 63561.93368650
v 401.07826039 -21314.15878030 64014.83355482
v 350.68684594 -19350.35687184 65972.30636554
v 858.18722148 -19920.22006706 67994.58930798
v 1235.45444294 -20718.59540908 70246.15268849
v 815.72275535 -20803.84282454 71984.91796628
v 2789.17400255 -20897.99359881 77595.29004659
v 2828.58321232 -21347.49405674 78686.24882883
v -1077.57747492 -19388.09836734 62505.84902168
v -422.35616986 -19016.09836281 64054.30312456
v -1499.77492338 -18314.89240977 63266.04505239
v -110.11417292 -18169.91018697 65492.18836350
v 52.40780355 -17843.99238649 66450.35007414
v 236.00258287 -17777.01429799 67907.08005672
v -262.28917558 -16743.85517687 66992.23290924
v 477.18350390 -18483.66122729 69783.73226020
v 367.57493776 -19006.97176744 71463.28468192
v 3210.96433622 -20094.47788433 78805.92839252
v -1117.53838642 -17686.15855150 64245.84961341
v -2093.72558222 -17209.16743999 63959.59783484
v -616.76275656 -17509.63192541 65107.26649138
v -216.22172734 -15933.08765398 68356.93909242
v -1011.61479645 -15333.86558777 67371.41408666
v 6.31597709 -16397.50306130 69901.10753402
v 53.91728676 -17263.79973866 71268.45050180
v -1473.30890109 -16699.13997674 65005.65730111
v -570.09790900 -14648.17519949 68614.54640490
v -1222.68609680 -14238.54891973 68191.38912729
v -269.30632459 -15054.94372992 69505.09755142
v -195.55642352 -15960.64006436 71438.55681393
v -536.21829333 -14730.92727365 71069.33136194
v -539.53044716 -15352.77266971 72518.88142977
v -970.12474887 -14458.07635782 72685.94350136
v -981.23762385 -14897.14053345 73626.13978387
v -857.39119314 -13886.16725724 68861.09092020
v -1592.24223325 -13624.62270542 68799.73145630
v -597.26457490 -14014.00465094 69681.55658621
v -914.65118533 -13707.80625910 70678.12225630
v -1647.52995195 -13656.08938009 72117.05976260
v -1631.61888888 -14063.12718621 73935.30899629
v -994.86464804 -13510.50312943 69356.52583355
v -982.96262724 -13428.95849350 69985.10822547
v -2794.40762768 -41488.40103358 77556.79488887
v -2966.94890812 -41632.37419844 77044.33400864
v -2828.29890150 -41916.36398823 77408.95792257
v -3015.68073683 -41820.79201816 77582.33738236
v -2350.18629605 -40213.35296284 75919.97030889
v -2466.94736169 -40009.23162974 74934.61419131
v -3017.18832016 -40815.49161268 75414.59621887
v -2859.74040477 -41106.85176215 76297.89009149
v -2480.30107561 -40661.05116869 77133.93146793
v -2765.97744771 -40682.09548752 78021.70280359
v -3405.03442920 -41191.66649973 78086.64426330
v -1136.77551065 -39242.05781431 67933.65072399
v -1218.96937622 -39214.85825737 70355.38904812
v -1829.61938799 -38696.77533390 75280.14430766
v -2348.65643650 -39301.49490379 74006.63432906
v -1980.52771715 -39097.83865754 76877.36549236
v -2435.87679228 -39333.84547792 78390.92048327
v -3294.99861964 -40086.07375001 78897.76245692
v -715.15898216 -35806.76063686 53865.00836295
v -2292.77419175 -36452.43882032 63260.86062756
v -3016.94961300 -36439.16640563 61947.76452031
v -3758.89909770 -37350.58820404 63115.22009986
v -3195.11483040 -37751.28965628 64736.11421730
v -1872.13052889 -37232.33409675 64884.69175159
v -2383.61883609 -38403.31207242 66558.97516355
v -1417.65806299 -37757.78033380 65636.80461387
v -2642.22264248 -39080.84748532 68915.76310954
v -2929.65980367 -39258.20526182 70627.92164634
v -2471.82052311 -39061.04882290 72399.66877677
v -1292.65534449 -37192.87893045 73879.60265951
v -1335.47058303 -36905.56398808 75359.01224225
v -1552.58944291 -37370.99544100 76635.76906333
v -1879.55743487 -37624.04432577 78196.36065332
v -3061.09730556 -38879.31057435 79761.58350346
v -2427.50532510 -37669.61295226 79766.45393577
v -2976.15226702 -38002.51259366 80517.95372077
v -2847.37389391 -37274.53714116 80797.05470023
v -3361.29221056 -37626.37607171 81063.53515116
v -952.24266780 -34943.69990130 53004.29451457
v -2033.12619618 -35676.83157489 53950.33080461
v -2692.46849158 -35783.96523434 55305.94865127
v -1863.75006420 -34923.91068388 61413.03873699
v -2249.64050079 -34979.52480825 59768.29723366
v -3221.24247941 -36017.19047209 60658.15786872
v -1456.29272416 -35090.64536795 62960.97933824
v -1314.69698959 -35902.52157188 64075.77594846
v -979.65269777 -36879.25603340 65053.01219581
v -654.43186500 -34531.88583534 73994.69550267
v -1043.69718569 -35264.65607056 75036.97438682
v -1271.96263712 -35571.28723174 76457.49044360
v -1568.69250829 -35845.98987197 77988.44312269
v -2031.17391786 -36067.40380355 79495.99616783
v -2661.05110467 -36285.39022246 80695.62653091
v -3434.38182640 -36737.19107841 81334.10150347
v -2015.28081256 -33272.78986755 51465.25231878
v -2711.00774564 -32838.74576408 50898.10119266
v -3266.17586058 -33709.36853551 51298.16650189
v -2397.19787504 -34343.61701408 52096.16642836
v -1153.10393282 -33748.05892320 52139.01361004
v -2301.69999478 -35447.09378312 56888.94634482
v -1923.88375293 -34746.32700694 58366.25744338
v -862.25395073 -33165.16849599 59516.56885978
v -973.42752616 -33086.98790838 61222.98067309
v -1065.65219270 -33664.26024160 62472.24143608
v -901.98331471 -34329.71436606 63659.08355308
v -634.55968710 -35309.71863467 64510.76023139
v -452.55254912 -32353.64917574 74015.60085995
v -827.48617608 -33222.18930020 74935.58593417
v -1121.38356232 -33709.39966123 76268.84182746
v -1426.56751144 -33987.84710930 77800.36499488
v -1877.52737243 -34269.81924848 79321.03843513
v -2553.54107022 -34684.64992460 80611.14595626
v -3468.59378722 -35340.37146064 81469.16048652
v -1912.15374843 -32247.66548055 51084.14198343
v -2756.28530160 -31795.61407333 50602.06227426
v -812.58094752 -32309.29224245 51838.15291284
v 93.48657020 -31175.52502061 59196.17006270
v -406.79934462 -31625.50083494 60723.00768354
v -583.84272610 -31900.12451662 62198.65303026
v -593.04570890 -32556.14068400 63396.69269190
v -404.43977361 -33508.89773148 64225.12341533
v -380.68076486 -30289.51270623 74001.26894200
v -751.64845254 -31202.51085912 74902.12660475
v -1056.55146573 -31821.73069471 76139.59684383
v -1377.26153470 -32111.39714002 77595.79815542
v -1837.84522070 -32349.61282261 79133.89955624
v -2549.84729373 -32809.01177247 80506.28250151
v -3524.71167160 -33572.67429195 81509.19685940
v -1483.55978127 -30771.37598120 51188.99720568
v -2829.62407371 -30240.16389953 50400.50671202
v 439.81733221 -30331.42616735 59117.94939197
v 139.35160731 -30414.59393984 60384.45981499
v 22.82876261 -29946.88240716 62005.25861711
v -233.29339424 -30567.46671276 63274.46434169
v -204.29338456 -31567.80264021 64084.16817775
v -323.03231609 -28245.93900699 73938.93182016
v -734.97928893 -29169.89279933 74907.60266757
v -1080.43549527 -29886.12794386 76182.27198741
v -1342.24694257 -30529.39012989 77330.98357144
v -1838.66502785 -30235.56183705 78892.66369008
v -2537.83344147 -30880.14956806 80334.21507739
v -3692.57053978 -31455.63220243 81512.09283963
v -1660.16697722 -28782.98235524 51017.22152222
v -3019.83407335 -28441.94918500 50302.08335553
v 263.84821874 -28252.71831315 63353.53925221
v 46.18739073 -29497.88092267 64038.70098607
v -213.24667458 -26214.73851554 73764.66955836
v -706.56410465 -27113.57093067 74872.58523439
v -1129.02167310 -27783.00029289 76290.75657995
v -1567.48795460 -28534.32271074 77901.18523909
v -2111.14779646 -28378.69570844 79372.83936043
v -2605.39474465 -29068.24680644 80286.24016743
v -3323.10697334 -29746.82548329 81151.46203991
v -1865.14243348 -26868.37338522 51024.51829281
v -3316.38476719 -26622.87757269 50397.17992694
v 508.64226662 -26506.39307214 63691.60184471
v 353.84479279 -27294.02594213 64078.33675898
v -39.07955180 -24262.71574857 73453.65927811
v -640.14253325 -25094.52045265 74756.98471655
v -1112.17542781 -25662.91585698 76236.14259534
v -1649.45598376 -26047.85009645 77978.83326615
v -2126.49007401 -26872.12703246 79239.21440241
v -2155.61480236 -24792.64598495 51337.48695188
v -3863.15701193 -25090.28440295 50613.44151187
v 611.95719846 -25225.07836822 63907.01210900
v 36.69737758 -22532.83775782 73278.04443102
v -576.84837299 -23169.84796578 74631.75784948
v -1061.05536568 -23663.48801906 76114.80950167
v -1550.81257406 -23987.99904587 77659.31313420
v -2224.16843015 -25381.97045818 79369.65224923
v -2140.16654384 -24094.26385143 79078.54011095
v -2714.99468306 -24348.88144510 80050.22344532
v -3258.46056154 -23915.16023826 51243.80840887
v -2498.14425800 -23221.24811265 51946.41997204
v -2023.11318708 -22450.25199559 52956.67388185
v -3048.57807243 -22342.00519234 52561.42978876
v 664.08476567 -23786.09398069 63932.80925545
v 11.78896837 -20949.81196354 73201.14137975
v -558.81777116 -21337.50112852 74546.27014573
v -1033.75623903 -21740.01200695 76030.84483510
v -1507.79935196 -22079.04081643 77524.20687100
v -2096.31017749 -22355.31999171 78900.95275690
v -3006.17663066 -22613.36447956 80188.67427893
v -3168.07102396 -21515.63757641 53784.94521149
v -2431.09106655 -21232.34922793 54651.15472442
v -2252.39700620 -21081.84339078 55496.75816696
v -2491.15214415 -20827.80130326 56553.39941762
v -2581.28641603 -20728.75232621 57966.42382894
v -2003.22704404 -20483.62524168 59713.80672055
v -2812.97992626 -19631.78570952 60805.12697396
v -69.29042346 -19278.17495168 72964.28910263
v -583.53771417 -19540.45178020 74433.04543133
v -1044.57503599 -19852.38570534 75956.38547474
v -1511.75651782 -20192.11127785 77447.49126993
v -2070.52018955 -20575.34600903 78774.49948629
v -2726.93902471 -21001.41782403 79777.56170196
v -3160.43121101 -20834.00317905 55053.79592249
v -3037.00892595 -20638.88926629 55955.05119041
v -2118.81716956 -18976.69949058 62070.60361576
v -2784.75744614 -17933.75098404 62890.26825313
v -277.50324844 -17315.46345719 65989.64593126
v -209.58082714 -17605.86737306 72666.60685729
v -643.02704802 -17772.15038768 74208.40373546
v -1101.65523423 -17998.43294469 75828.20228253
v -1574.16494938 -18307.68510087 77371.50152109
v -2143.58360395 -18752.42208452 78716.92556407
v -2878.73590392 -19380.71298918 79800.79826121
v -3528.24100844 -16866.08066162 63712.12129350
v -846.23901556 -16478.88998375 66051.77609475
v -281.65755414 -16401.97858557 72348.29523028
v -716.23128063 -16107.62712491 73740.58945663
v -1232.01822837 -16241.81452911 75555.24797170
v -1725.83989060 -16447.03614751 77237.48547182
v -2285.73933794 -16902.02619615 78642.92847240
v -3016.55305910 -17590.69337089 79721.02180463
v -2782.65992271 -16123.03418092 64832.67337280
v -1995.34766591 -15567.38162970 66084.58797082
v -2709.14267513 -14182.32289316 67644.11543287
v -1452.82957028 -14851.94297146 75006.07029656
v -2097.29629698 -14596.40235455 76987.35378683
v -2546.11749014 -15080.85999871 78563.39055142
v -3263.70042797 -15812.01845026 79652.44883433
v -2892.60940276 -13327.85678337 69399.31798125
v -1643.07184153 -13276.52657817 69812.16613860
v -1453.18130616 -13327.32684165 70686.25774063
v -2700.62412489 -13164.31106329 71071.93273621
v -3059.72164677 -13158.88587187 72742.18422325
v -2754.80086092 -13334.16565335 74086.69422056
v -2537.56437775 -13599.71863214 75827.82220926
v -2864.73573173 -13234.27485243 77489.63723533
v -3029.53186358 -13352.30667806 78642.89421900
v -3555.83454623 -12446.06838508 78383.24891441
v -3553.85213887 -14106.06629959 79598.09098841
v -3645.06441886 -12295.42839297 79157.70664364
v -4278.01437243 -11863.99790618 79082.73611982
v -3884.39672507 -12740.82176355 79617.95914984
v -4212.78982132 -11991.58468976 79579.37926249
v -2995.69140133 -41948.92877966 77371.94994969
v -3103.99705644 -40364.66205656 74467.44120813
v -3760.07528262 -40944.19444771 75032.20916409
v -3910.09971570 -41373.97426908 76176.95802288
v -3597.49433041 -41664.82448919 77367.68158418
v -4979.90645825 -41365.07690109 77187.51412196
v -3197.56467734 -39918.93307984 73579.21574981
v -4045.70017414 -40540.90730001 74180.84883646
v -4449.63449522 -41212.61785386 78018.69050220
v -4559.25189503 -40463.51159505 79000.23856195
v -4268.91509677 -36997.59001673 61673.62606379
v -5364.45050961 -37762.94489836 62933.11444736
v -4866.54000398 -38131.56143247 64531.03454255
v -4409.16850989 -38510.22868953 66289.47310156
v -4153.64052683 -38923.77740338 68145.74617516
v -4227.60914319 -39275.78507659 69955.32855467
v -4211.42162252 -39547.78035248 71634.70266511
v -4125.62859153 -39980.39773292 73069.35352705
v -4101.65572883 -39452.94911856 79919.77793904
v -3745.59946755 -38427.53097887 80673.38920697
v -4308.17379840 -37606.07702784 81340.54431402
v -3019.46823549 -35183.52621937 53004.76672278
v -3861.22635043 -35619.47847595 54092.84950168
v -4917.69386295 -35713.72770000 55268.25964163
v -3489.78653643 -35738.08485778 59289.10447519
v -4708.71263795 -36562.09495921 60335.76183694
v -4602.48693471 -36304.33100635 81789.59257691
v -3794.51577348 -32829.95491554 50655.20112191
v -4774.12371525 -33828.69532791 51230.16758959
v -4007.13481243 -34598.57670045 52077.12482848
v -4294.33406455 -35733.78993031 56586.49483700
v -3809.90678860 -35652.09458759 57954.02925179
v -4723.08609278 -34650.71463289 82037.12617815
v -4089.92882069 -31562.52314010 50201.94176245
v -4855.38694466 -32860.95363284 82144.70175770
v -4329.48987103 -29981.76998725 49936.85642132
v -5112.05053724 -31306.15964906 82217.68430742
v -4596.89179638 -28256.18802367 49876.74734091
v -2755.79478229 -27359.51181259 80320.83268387
v -3588.00717279 -28164.83876022 81214.78566578
v -4688.76797841 -29552.27970295 81939.07689733
v -4969.11130064 -26587.97157574 50019.82515443
v -2815.72022561 -25693.95226833 80258.11567339
v -3747.35216493 -26297.12774484 81175.25554191
v -4931.00311447 -27400.13204826 81917.39452773
v -5481.73428229 -25144.13861851 50363.80102310
v -3773.22063830 -24197.09550083 81011.85995506
v -5110.16844290 -25376.22985245 81860.53996237
v -4540.15930166 -23919.82189909 51017.03744775
v -3728.70324969 -22974.68099626 51782.49558921
v -4294.71616539 -22092.08147715 52633.89745642
v -4171.67000438 -22305.61744877 81153.93941742
v -5429.75207957 -23225.31302142 81824.57136853
v -5038.08068838 -21363.96838023 53618.22366900
v -4340.72167868 -20361.72881380 58074.87773838
v -3548.66933147 -20506.02537496 56877.46609287
v -3566.46765915 -20122.88393521 59422.59352820
v -4491.49729379 -19475.84287198 60563.78353756
v -5079.37863425 -21479.02685969 81528.65652042
v -3992.41487796 -20415.64003193 80773.65164421
v -4450.66364055 -20823.74501758 54728.59859782
v -4082.24784248 -20523.74852227 55844.57433910
v -3607.76846670 -18728.52062562 61765.27194295
v -4394.01415008 -17729.51308242 62652.91316141
v -3816.31362545 -18453.43414638 80457.51610537
v -5186.30370217 -16680.03092980 63502.56035267
v -4230.04784833 -16870.46235058 80441.19977368
v -4435.90507821 -15802.65327400 64573.91399901
v -3748.00115972 -14969.20095185 65895.48543112
v -5224.59964109 -13787.25809942 67072.04748073
v -4545.72022077 -15098.09383944 80316.03177830
v -4811.26870025 -13227.05737770 68825.36944009
v -4512.87604427 -13002.00893735 70650.43388996
v -4365.48785538 -12947.56392771 72407.95889297
v -4205.25912208 -12935.89576538 74064.78808204
v -3908.91759416 -12890.97659378 75661.17293226
v -3670.83228028 -12689.10205215 77171.48715039
v -4592.18014191 -12059.65686469 78212.97797222
v -4770.73405268 -13514.28291894 80164.09251857
v -5375.53790370 -11701.15151458 79024.10072762
v -4919.28699901 -12344.34049577 79962.82620685
v -5031.64658318 -11750.99903760 79610.41828113
v -4839.93078507 -41027.97234827 75080.05061834
v -5590.23104663 -41267.16843476 76110.06851836
v -6490.69161662 -41121.38862036 77053.76223609
v -5271.25296048 -40544.16068192 73983.50303123
v -5928.25543768 -40801.38948952 78335.02102891
v -5838.09783370 -40188.12397109 79484.40192808
v -5917.45186910 -37307.45216780 61495.71449163
v -7134.01385902 -37928.60069346 62796.08495079
v -6620.71622347 -38303.11339613 64330.33123366
v -6243.71528497 -38602.49231807 66038.35611897
v -5916.72138463 -38911.68260582 67846.21574520
v -5539.81547578 -39195.68902607 69347.26392207
v -6000.78427638 -39579.28854244 71092.45395435
v -5561.08974007 -40046.14089984 72725.45951257
v -5158.26187315 -39748.39709377 79973.01712598
v -5115.75704261 -38793.76027597 80794.15666460
v -5951.42736897 -37603.99636416 81570.50386205
v -4803.54178872 -35234.01146115 53092.14641941
v -5618.51436208 -35537.91476916 54158.50058581
v -6645.26562855 -35554.51315890 55163.95202155
v -5168.31926673 -36178.02494653 59074.85533324
v -6392.62747716 -36780.83102206 60206.32529910
v -6123.24227072 -35873.87296707 82100.29172159
v -5317.10897911 -32777.38743951 50509.26593194
v -6494.04996295 -33791.41810515 51319.56804373
v -5724.97248603 -34642.82332215 52210.22825198
v -6306.90718393 -35701.87051571 56495.36537955
v -5740.84326839 -35906.15747024 57844.30346454
v -6228.70363313 -34127.94368468 82366.03708142
v -5694.56375234 -31424.38585242 49993.85205669
v -6343.49273374 -32383.05396117 82478.91290149
v -5995.34584181 -29842.01566775 49734.39062488
v -6368.34129455 -30608.73711524 82466.55601518
v -6295.83799546 -28165.29272048 49727.19969223
v -6386.95160628 -28706.77919811 82412.57373504
v -6647.29102312 -26556.80895337 49945.36080348
v -6522.85175308 -26746.46265763 82381.37462872
v -7067.99704288 -25176.11801119 50363.21018148
v -6722.05233786 -24851.64667427 82340.40592196
v -6095.00973825 -23981.11584123 50934.92972686
v -5193.76995529 -22930.05663237 51722.41396388
v -5887.94279435 -22113.78333323 52625.54568277
v -7052.38808846 -23331.21911745 82296.11923399
v -6575.46097347 -21526.30342016 53584.22499983
v -6029.91607725 -20491.19989534 57938.91778136
v -5001.01588352 -20454.96581161 56845.24869624
v -5375.00013244 -20089.24764778 59282.16633457
v -6321.02993459 -19558.60539924 60401.34868266
v -5542.20440275 -20266.93086332 81486.70477861
v -6646.12169541 -21624.24563847 81974.79426988
v -5947.88219305 -20950.64659701 54547.85221077
v -5486.92162675 -20618.65475525 55658.74055483
v -5390.35001337 -18653.17743320 61561.88603960
v -6207.18778400 -17624.53533691 62499.59771902
v -6971.49546867 -19750.56650540 81683.37950048
v -5335.42878842 -18507.34619866 81082.26541567
v -6927.68428340 -16491.65440907 63401.06463647
v -5833.79408665 -16450.33252706 80866.84873515
v -5959.11274696 -15750.66323014 64246.61036606
v -5869.64748095 -14731.28564575 65413.37788810
v -7023.76719587 -13694.51854913 66376.73469218
v -6104.40019938 -14677.91155777 80613.19827258
v -5991.79962979 -13080.84336355 68105.49526707
v -6959.82440723 -13109.54469098 67490.26014149
v -6332.46137134 -12851.42859873 68938.23704628
v -6545.49134337 -12812.68249833 70308.04724724
v -6144.46373050 -12817.34204609 72145.85144191
v -5857.92142590 -12767.62262412 73866.32746558
v -5524.51815821 -12629.17504409 75501.60356894
v -5071.31531097 -12373.32249876 76991.28632955
v -6095.72755944 -11973.09324458 78124.83247292
v -6195.43925327 -13169.37387975 80305.75206710
v -6978.27409424 -12805.86511292 68370.95884706
v -6753.55654170 -11823.63410397 79056.28065106
v -6073.04792778 -12122.18951338 79946.32185027
v -5966.63887238 -11694.74773458 79547.80332316
v -6406.85910325 -40901.67747915 75037.94108262
v -6790.46509627 -41123.93439280 76116.20539420
v -7590.13945193 -40926.62201088 76634.98603869
v -7139.03688198 -40046.14101600 72747.49578642
v -7813.52403855 -39640.15534071 71525.14248265
v -8807.05038823 -39894.03895695 72900.24895629
v -7929.03207283 -40442.42022932 74440.08135380
v -6503.54670236 -40444.97834409 73793.03427355
v -7820.54241944 -40566.02077110 77862.62968308
v -7245.61777542 -40000.29894963 79510.38934240
v -6199.63704358 -39547.59136998 80318.22275640
v -7188.93694753 -39291.05798912 80598.04149454
v -6422.25147598 -38811.49735448 81017.05053255
v -7444.99585020 -38427.54370654 81206.49506962
v -7876.34176340 -37386.75710944 61358.67660609
v -8894.97385204 -38007.46240214 62763.68582270
v -8347.37260593 -38330.71283745 64130.36897010
v -8048.57423772 -38563.97907108 65728.89844068
v -7830.24931372 -38813.01777829 67578.88098931
v -7455.53998637 -39208.08471843 69678.53508162
v -7611.60202425 -37039.70860014 81772.61207997
v -6423.46017641 -35184.08351827 53327.86392248
v -6855.85258334 -35418.43678621 54227.88997497
v -7728.03821782 -35291.49958936 54789.06474778
v -6917.93482959 -36305.39765523 59096.31094642
v -7822.71463897 -36766.37971879 60115.73847633
v -7716.15060521 -35371.18107694 82207.29505452
v -7016.94369357 -32670.66943132 50503.68185845
v -8242.51397433 -33581.53071163 51464.87605571
v -7629.62756761 -34542.89154800 52720.48646450
v -8210.07928240 -35337.05046613 56212.42388128
v -7897.26478461 -35845.54055365 58043.54794789
v -7797.09693756 -33663.43703916 82453.44648680
v -7392.98841977 -31301.15334902 49985.06733680
v -7934.58854452 -31902.16564387 82556.06252066
v -7695.33697998 -29733.15202669 49785.37789047
v -8010.89549691 -30059.66589698 82609.57828869
v -7978.53209331 -28074.41262525 49870.62016387
v -8093.47030101 -28187.86190307 82630.99372422
v -8197.27666621 -26472.97437117 50152.46635261
v -8217.66668984 -26322.84433560 82618.09178044
v -8374.96251406 -25183.11684625 50549.18558073
v -8360.20944203 -24537.85879230 82550.35087511
v -7581.03709181 -24155.82523081 50974.16329256
v -6775.24795838 -23094.35953230 51735.64906133
v -7392.53840602 -22403.18476562 52720.91735901
v -8401.72268695 -22808.91919036 82368.97663197
v -7822.53833529 -21913.60358858 53750.77134176
v -7363.77365525 -21023.32462562 57554.64630880
v -6472.06528379 -20744.42660724 56627.92794855
v -7437.65774143 -20539.64508108 59125.59828338
v -7697.69016220 -19772.15193963 60331.31401180
v -8458.74330301 -21090.17960383 82082.35845817
v -7124.29540578 -21281.91683007 54416.25405018
v -6876.61238766 -21000.97098371 55402.80750723
v -7427.14777274 -18764.18643948 61392.20491131
v -8048.53942274 -17483.05396966 62473.83001299
v -8745.22324608 -19486.41554084 81743.66233856
v -7330.73874230 -17990.40930462 81334.59527119
v -8691.25424993 -16313.40210870 63318.45603061
v -7701.73370356 -16178.99571764 80973.76398608
v -7644.56020761 -15239.57068861 64418.02672822
v -7504.34984449 -14249.26233840 65454.22855260
v -8933.82189753 -14208.13066979 65134.39692274
v -7841.97526068 -14432.76307592 80572.22842608
v -8300.07722275 -13646.96952783 65966.64957912
v -8643.06545676 -13063.22934413 66934.05580675
v -8587.74564871 -12682.23099992 70500.23785725
v -7624.24609044 -12674.47007688 69243.36838038
v -8051.64603806 -12744.00718461 72015.14935492
v -7625.91688826 -12705.79351451 73662.27807831
v -7289.62611813 -12562.88774850 75270.15724231
v -6844.07723097 -12308.35907186 76828.44396886
v -8106.08811270 -12147.28156488 78112.66568751
v -7792.09707070 -12915.30759159 80049.16305955
v -8265.13180185 -12728.51122680 68190.53898152
v -8217.59620929 -12286.34664072 79304.90106844
v -6928.62084221 -12000.54936455 79672.59432941
v -7593.98030789 -40860.82410913 75722.76889573
v -9518.51726943 -39292.29992236 71215.42611300
v -10413.10042407 -39531.89959386 73034.58862064
v -9717.31216058 -39988.13769689 74532.29693843
v -8900.07892994 -40393.69322593 76373.42104473
v -9071.07165761 -40196.22309922 77823.71927607
v -9005.01131394 -39732.56500110 79077.27349327
v -8281.91791702 -39175.56745979 80393.63233759
v -8817.78108540 -38064.86105122 81091.73980472
v -9561.14173905 -37651.68396089 61774.45039012
v -10495.32853932 -38048.47900620 62701.17537455
v -10000.77888235 -38275.16511341 63987.69343978
v -9516.05924348 -38437.35987217 65267.34338124
v -9852.66181458 -38505.52216879 67021.74376659
v -9501.58078454 -38825.37160872 69096.72002947
v -9331.99168779 -36442.45303432 81610.70216850
v -7599.69487367 -35117.39092406 53888.06730305
v -8400.57696774 -36373.74066409 59432.06633199
v -9455.69870793 -36944.53478440 60600.16973817
v -9036.25328452 -34791.18672547 82142.26586713
v -8664.81464837 -32479.18987715 50624.80468986
v -9732.17836671 -33208.97010010 51582.37470963
v -9398.62553692 -33985.63200077 52793.31368262
v -9022.33658404 -34681.87551960 54619.39750614
v -9787.68046723 -34765.09426254 56564.34872315
v -9707.74818074 -35274.21349525 57942.31586841
v -9759.65000086 -36050.84096879 59363.63462717
v -9440.34368885 -33261.45450297 82269.17853078
v -8990.55618315 -31135.78849877 50194.68153759
v -9615.94593779 -31398.25453612 82451.78568715
v -9264.26584785 -29597.30036448 50115.72894803
v -9681.95349570 -29595.46072328 82601.10877090
v -9564.13885159 -27909.81239495 50379.51222958
v -10553.80341178 -27115.44872016 56856.36330564
v -10882.01176259 -28213.92052728 56238.44568703
v -10677.51258152 -27178.31951102 55640.80323158
v -10642.98526690 -27180.88266139 57731.17869001
v -10878.78360065 -28217.90393735 57240.32078159
v -10975.81367133 -27842.12649686 58169.85356499
v -9808.67024468 -27815.79641672 82660.60987920
v -9321.64655653 -26174.72905312 50641.18742412
v -10217.12333318 -25687.80330346 56519.94614431
v -10288.56184227 -25582.55819181 54965.33127727
v -10390.56911969 -25962.96249293 57705.70799371
v -10840.57705803 -26579.54857626 58578.92339225
v -9928.01377194 -26011.50373287 82646.11299568
v -9136.95953619 -25100.14262627 50894.60543864
v -9641.83971126 -23976.79007873 56243.18392208
v -9598.25007284 -23788.53080194 54830.09079876
v -9927.76870145 -24260.28093445 57669.63372483
v -10576.54240031 -24872.45834801 58784.65283514
v -10021.92927935 -24211.11614667 82525.57805285
v -8596.33665156 -24430.73669644 51029.39132088
v -8312.16973561 -23599.47022203 51840.01940466
v -8599.05153675 -22906.01161813 53047.09910773
v -8888.37720807 -22562.26836822 55767.55755158
v -9001.16810325 -22689.77681635 54636.86419061
v -8827.33789860 -22186.06374709 57682.72320204
v -10074.67636632 -22977.44231207 59023.30353846
v -10073.12647340 -22432.66645547 82294.47576797
v -8666.22298663 -22418.94237261 53995.61676095
v -8103.33975515 -21775.03042988 54888.97368201
v -7812.79541859 -21451.95661045 56324.03537636
v -9241.59537639 -21065.76423356 59684.45557870
v -8332.39396726 -20266.97082806 59968.21591011
v -10071.37308695 -20811.29512706 82005.83645973
v -8770.40537260 -19731.80897312 60679.84020978
v -9426.88081819 -18523.14833870 61733.29831060
v -9586.61049918 -17262.03999390 62548.41048604
v -10184.45478287 -19593.08441517 81707.08112735
v -9497.40121675 -17993.09384643 81303.99323737
v -10098.78050542 -16356.47491896 63134.40135809
v -9617.39789397 -15995.47462938 80763.63950153
v -9879.92911714 -15207.37420485 64044.96612487
v -10850.52898990 -13878.34704750 65019.23055677
v -9649.42817919 -14292.11710426 80244.77982932
v -9630.32298641 -13370.82497162 65944.96095789
v -10257.99151597 -12864.37372181 66674.20482299
v -10184.11840379 -12757.02199726 70331.04921312
v -9254.05182301 -12610.78717911 69240.13033051
v -9894.61038293 -12829.38717130 71853.02878975
v -9436.16844218 -12742.78479926 73560.69735261
v -8792.81695531 -12592.03809080 74911.75975960
v -8877.31467907 -12389.99834548 76477.72312717
v -9801.06151302 -12346.83606476 77612.54562207
v -9689.05750283 -13088.70807802 79635.44093111
v -10377.85873061 -12678.10109809 67902.10002290
v -9969.62697521 -12530.52021930 78686.48662144
v -11281.66940429 -38937.66595920 71995.14210630
v -11577.58803790 -39099.65773164 73279.87487932
v -11180.01783933 -39377.38376573 74497.18107294
v -10618.52946461 -39644.44033515 76072.86644171
v -10169.61928086 -39615.00284297 77834.38621387
v -10309.25438505 -38900.28474908 79402.35812609
v -11237.54235368 -38621.89775632 78569.49270335
v -9440.38925660 -38853.24726511 80214.77759179
v -11018.89555008 -37613.76719767 61605.42485856
v -12007.55678899 -38101.33963271 62561.51084338
v -11381.73091475 -38191.20730920 63688.07849523
v -11347.00328905 -38165.41233495 65440.81104214
v -11510.81392206 -38097.79984919 67262.25146621
v -12458.18522604 -37729.64860128 66764.35671227
v -11152.63517093 -38297.03627102 68659.58778640
v -11066.40189651 -38603.90802406 70364.45845197
v -11089.66159401 -38119.65405319 79662.45268551
v -11737.52292715 -37689.41964035 79177.87112768
v -10258.72340434 -37816.02046899 80567.12248188
v -11556.59524359 -36643.30906914 60701.15877301
v -12630.46371117 -37574.76472187 68359.84299019
v -12178.53105832 -37957.03300428 69796.50460400
v -11379.30993377 -37143.98632825 80173.66518815
v -10724.40865419 -36525.06554342 81027.14122054
v -10614.84739089 -34919.87396831 81554.71453778
v -10031.03049897 -32190.22990079 50918.28104762
v -10677.10560732 -32760.18442936 51762.33537477
v -10602.83666689 -33341.54308323 52709.71030659
v -10494.53568109 -33747.15156130 54215.04492738
v -10650.93447846 -33955.53639309 56117.52339416
v -10981.67797813 -34338.46380383 57975.20261346
v -11273.78774736 -35234.76880573 59485.86196726
v -11327.63187218 -32610.63249116 81791.77643543
v -10295.66482536 -30893.16907232 50674.30888358
v -11556.71300309 -30638.66639867 56796.47884394
v -11622.04697975 -31631.83989578 55787.90006788
v -11522.38262089 -30530.16408123 55317.24525755
v -11762.94033259 -30700.76553076 58125.49017356
v -11712.86470858 -31815.94627134 57108.75092028
v -11970.19375295 -31652.06643003 58416.42884840
v -11023.36756339 -30733.90673768 82290.79785260
v -10493.60341783 -29478.61914368 50692.86127481
v -11229.73521684 -29364.83011221 56426.80676906
v -11213.97228899 -28876.59643684 54999.96428601
v -11365.57369462 -29230.42125372 57911.04502323
v -12094.79849923 -30819.64872505 59115.56796793
v -11899.34808282 -29617.07661512 59153.19452385
v -12413.80951659 -30207.85866257 59921.53930802
v -11306.52566196 -29204.29813200 82421.54669572
v -10669.41772261 -28396.92799750 50919.99940439
v -10377.40725465 -27097.98937383 51218.52727909
v -11053.65100510 -28153.03975661 51464.50238491
v -10940.29677968 -27371.80571350 54255.66980330
v -11542.83568595 -27799.01643605 59231.58967353
v -12430.96583764 -28718.79354073 60279.74558098
v -11443.44687407 -27482.63171332 82522.94669084
v -9765.40223599 -25513.07914082 51413.88759129
v -10987.14135548 -27463.87698555 51989.86420403
v -10451.19203366 -26117.44905925 52420.59084740
v -10642.39644292 -26265.70904158 53631.86917481
v -11066.86287054 -27423.48707087 52952.46889153
v -11388.48271789 -25739.80276930 59673.13779924
v -12332.27553334 -26748.48633058 60534.20206613
v -11604.71023083 -25723.82666200 82468.65906911
v -9163.44579257 -24524.33324021 51431.09557106
v -9488.70522635 -24350.47686848 52451.67067647
v -10052.84364004 -24875.62436316 53652.90379866
v -11154.37912796 -23792.48354430 59944.13978035
v -12222.37635814 -24732.27284929 60763.25998934
v -11719.56107289 -23892.68637726 82288.58127188
v -9330.55612549 -23415.91951354 53747.38645705
v -10772.38425195 -21869.61585894 60328.45842643
v -12061.21506069 -22752.57416588 61003.73254306
v -11753.15011211 -21990.24161603 81998.68659620
v -10259.73879874 -20068.28961100 60955.09047206
v -11804.47096092 -20776.07832299 61381.11989534
v -11181.46877549 -20484.47236092 81799.99680494
v -12409.88961721 -20768.60490713 81550.24953185
v -11341.96109183 -19326.93207519 81391.16120053
v -11368.16098020 -18619.62005418 62017.00275503
v -10328.25615920 -17866.35402396 62190.43992007
v -11413.92212832 -17637.75358269 80805.47575940
v -10820.56699587 -17176.99392852 62607.16662253
v -11938.96490890 -17183.88437280 62696.37905699
v -11388.27996010 -15739.20832486 80232.09447587
v -11472.60775405 -15990.48155231 63321.88198216
v -11545.03873862 -14771.72847122 64126.36787471
v -12434.20246165 -13988.15854968 64570.06647772
v -11335.30810987 -14074.77919594 79639.60062950
v -11009.73313348 -13066.79203567 65942.60538225
v -12646.26047696 -13044.28549357 65450.01945311
v -10579.75246464 -12687.93869221 69240.70388441
v -11316.34733720 -12975.01360319 69879.14619064
v -11430.70186191 -13231.41589203 71184.05747231
v -11507.15366908 -13115.07587654 73426.17276023
v -10432.45823653 -12622.35123915 75280.32107728
v -10448.49558734 -12448.50077551 76726.77806305
v -11440.59618764 -12623.77101028 76286.98827195
v -10916.26363876 -13089.34434384 79223.53820431
v -11784.72140416 -12685.66545272 66618.97742465
v -12624.50634684 -12762.38265299 67469.48455253
v -11795.11163245 -12944.67733390 68768.36401483
v -11263.22852437 -12637.14643670 77555.30389014
v -11392.56650250 -12882.46805155 78591.02810192
v -13436.50045958 -38493.35923934 61640.06843768
v -13524.55328940 -38424.16086956 61422.72722813
v -13716.87810139 -38566.57429447 61568.09734321
v -13638.81859450 -38522.78933739 61888.66365971
v -13149.30538510 -38313.60379403 62266.56476767
v -13697.60881094 -38118.04930740 62531.15861445
v -12240.22138010 -38565.84320625 72810.97574852
v -12388.60712919 -38502.47808525 74301.01552084
v -11863.31799380 -38766.21089976 75971.39601206
v -11314.35047667 -39004.80481381 77260.04379815
v -12823.37107815 -37955.66110869 61523.40165974
v -13511.40065253 -38192.03705493 61366.88558824
v -12921.00970312 -37920.68514478 63842.07354569
v -12959.15364183 -37597.78777719 65668.88815569
v -14158.00829340 -36838.01945953 65260.07273339
v -12493.67990568 -38000.30839185 71486.01125989
v -13077.51113157 -37755.70501505 73230.62910487
v -13243.74210210 -37581.42119677 74586.04900394
v -13612.51017899 -36870.46933217 75368.04804395
v -12950.40985076 -37558.70470837 76007.36152073
v -12178.54569766 -37837.41133374 77759.13539730
v -13390.16548944 -37879.06445260 61367.98190695
v -13263.74112637 -37140.42385938 61438.32487208
v -12934.54698649 -35358.45025831 61037.05830052
v -14000.63442535 -36201.44439139 62140.25269587
v -13689.30199055 -36940.54538727 67088.09518228
v -13848.00496237 -36626.34862872 68826.62042246
v -13325.91017215 -37091.15048491 70170.51532393
v -13609.45313279 -36445.15395832 76394.66764544
v -13850.32372719 -35566.62615793 77095.17524967
v -13197.82586839 -36295.77936727 77726.57444506
v -12314.10175296 -36374.31692708 79386.17847635
v -11559.64904451 -35934.72800610 80647.33708894
v -10982.71805273 -31808.73465870 51552.30411085
v -11246.15876589 -32466.41356949 52673.94141214
v -11196.64446480 -32973.53691643 53807.00574639
v -11378.22842432 -32804.07648788 55562.53254342
v -11705.77431882 -32910.89680017 57835.87771833
v -12370.78893354 -33669.43125087 59822.01125527
v -13489.35159175 -33785.49862086 61351.70320691
v -14152.17501018 -34648.04194534 62238.32406107
v -13755.26963685 -35045.05554106 78068.45209729
v -13905.78157160 -34102.18470274 78732.28934494
v -13240.95518968 -34960.85547949 79129.99046946
v -12302.68869474 -34435.98814997 80575.13938346
v -11156.60829598 -30497.90058254 51442.11120681
v -11494.77213524 -31224.85358589 52588.39530769
v -11558.30229123 -31819.31247557 54173.95882516
v -12476.17671513 -31684.00817204 59671.85920678
v -13415.35913327 -32218.24313019 61143.11349425
v -14335.46317026 -32968.51103871 62330.88858495
v -13549.77258736 -33424.59231552 79854.76740290
v -12908.42608531 -32564.48665880 80954.01429403
v -12801.15983002 -30581.42202109 81676.18213156
v -11189.40014921 -29193.43895337 51423.46865531
v -11504.79685605 -29810.67096778 52403.93625985
v -11562.81048506 -30258.08085085 53775.82911199
v -13271.63549072 -30094.81103873 61071.35031895
v -14397.61699072 -31070.45072178 62327.21279508
v -12612.23751079 -28694.14227631 82178.84819506
v -11337.48438508 -28499.89612791 52211.95370695
v -11380.74080864 -28754.90367998 53401.75483748
v -13353.66740085 -27834.00775903 61414.27292193
v -14451.07527697 -28944.23875019 62372.19697343
v -12969.98213979 -27191.14395640 82164.44512905
v -13317.55928265 -25775.88825353 61566.09273254
v -14434.40668524 -26843.06816499 62395.98877797
v -13185.94581750 -25417.88107212 82052.36759365
v -13266.91260118 -23786.09684747 61699.24320137
v -14402.47498880 -24904.49484733 62412.36451977
v -13400.17958364 -23559.54386015 81790.55406753
v -13194.62096456 -21803.41518875 61894.29825578
v -14437.34854039 -22980.38146221 62508.30458770
v -13147.30699780 -22025.67102061 81644.87127234
v -13085.06912352 -19788.27690536 62218.68218752
v -14453.16190116 -20983.95075179 62662.03014565
v -14942.85359205 -18560.24732100 70026.74143716
v -15426.83399650 -19408.31900729 69432.85501427
v -15026.68530539 -18707.79354837 69232.64629926
v -15420.97993432 -19347.67889859 70267.75808053
v -13602.27094654 -21227.14810658 81191.67527377
v -13107.19230764 -19534.07035330 80776.10502743
v -13073.26263312 -17875.37028708 62680.16379876
v -14481.68533650 -18923.03186147 62932.28173225
v -14612.60117237 -17566.51056476 69496.81535671
v -15136.26237375 -18416.74430709 68718.95901275
v -15060.20881053 -17398.14184727 68412.30660617
v -14529.24572796 -17400.27968075 70839.73238887
v -15148.68526686 -18571.13116798 71139.99501808
v -13183.91397077 -17318.16281312 79905.20981344
v -12848.90791689 -16480.79576930 63133.28707828
v -14549.02753012 -16528.86764525 63440.11544233
v -14246.52542880 -16103.94073815 69147.93445411
v -14906.85874160 -15917.76925467 68037.75013626
v -13933.47616902 -16074.12233651 70483.80828836
v -14860.74566053 -17476.91719641 72175.13229456
v -14095.78358659 -16086.97028077 71940.60736685
v -14535.18266314 -16313.07906087 73154.65944450
v -12728.31664948 -15337.59745673 79465.37472184
v -13092.76321219 -15074.00522330 63827.54253067
v -14032.56212882 -13554.87460129 64549.32541717
v -13849.60489194 -14724.63348969 68779.35650784
v -14724.66980500 -14428.00737013 67630.11765633
v -13479.88920364 -14964.92629990 69963.11723326
v -12995.13403137 -14430.39939113 71763.53677448
v -13888.29147271 -15062.80341230 73407.14310356
v -12626.53049356 -14117.27495295 78921.58706898
v -13420.32974806 -14895.81113199 78672.89637515
v -13320.69305299 -14155.86579397 78195.68688148
v -14545.33277799 -12465.31145911 65269.37320500
v -13351.03240470 -13512.59120047 68240.63046671
v -14596.98013918 -13079.14362452 66973.48092339
v -12588.00653773 -13740.01178846 69794.15891823
v -13026.90307233 -13718.41765202 74053.10521419
v -12401.67553294 -13092.38353442 74433.95285896
v -11955.58440806 -12837.43200730 75176.40877148
v -13450.24263833 -13858.79391513 77498.35686575
v -13169.28948497 -13412.99909956 77115.51274275
v -12558.07228355 -13325.45002702 77982.42537821
v -11849.74592140 -13396.77833786 78979.93498730
v -13891.87725842 -12449.67266154 66221.82209144
v -12755.23282079 -13122.92283325 75087.49187410
v -12611.43255359 -13052.46747312 76407.11419705
v -13781.37549974 -38296.86423577 61541.15591060
v -13837.79921831 -38362.76033192 61851.41808621
v -13662.07469188 -37910.33020382 61485.07655996
v -13953.59856078 -37586.76645818 62129.08604720
v -14216.54557324 -37176.80956018 63527.12652119
v -14448.27049993 -36616.38013058 62909.99638144
v -14850.89051753 -36181.56818127 64491.87279752
v -13849.33094259 -36577.64650684 72267.52227929
v -13791.65191746 -36717.22954062 74181.23323201
v -14723.88190048 -35466.95998785 63118.99339011
v -14726.40761007 -36006.34323232 66680.96996944
v -15223.24886060 -35367.49733860 65688.86068673
v -14712.03720584 -35772.37591265 68216.93085370
v -14662.23315881 -35508.94429701 70454.83016441
v -14736.69114096 -35112.47909922 72539.91081469
v -14445.84143098 -35387.23001565 74046.04097043
v -14110.72015546 -35656.56504172 75744.50563778
v -14998.12486615 -33901.25967851 63322.85612956
v -15513.06838156 -34718.73659726 67346.74231229
v -15514.49139045 -34460.40926854 69169.26450731
v -15550.74813990 -34088.76838652 70633.49993880
v -15896.36160354 -33176.35524174 71411.20821341
v -15398.44800085 -33917.56089448 72129.53467878
v -15117.99849893 -33930.54832592 73934.58204178
v -14775.54964701 -34039.17349913 75691.18860009
v -14300.42969209 -34264.64742662 77405.35687233
v -15259.44440501 -32103.88550767 63425.85236849
v -15923.84973454 -32692.57553035 72439.07666562
v -16155.03497932 -31735.54827970 73268.39210847
v -15703.73165758 -32652.19495173 73671.80642918
v -15474.44464863 -32327.47910449 75566.43411316
v -14979.64477192 -32592.62454239 77349.04258991
v -14383.68521969 -32838.96196757 78849.60604384
v -14085.54451069 -31588.99324186 80321.53818777
v -15478.20161098 -30090.90032128 63449.16064122
v -16062.25834509 -31240.85690761 74715.81839449
v -15935.25073860 -30837.88911138 76140.23899634
v -16057.20438629 -29927.40427068 77115.84582928
v -15593.83508977 -31061.61170697 77314.60898010
v -15093.89359082 -31115.62840345 78963.95135039
v -14892.53819699 -30362.75834615 80215.97114085
v -14285.82434757 -30122.30034669 80990.46991497
v -13999.99345928 -28695.36765429 81547.45865093
v -15677.73485075 -27798.31053253 63439.57280485
v -15786.31604483 -29731.64573019 78448.45011999
v -15412.23140236 -29735.65878738 79661.57584798
v -14333.87057336 -26812.65242692 81519.61814767
v -15340.51919223 -25933.53743739 63085.15787647
v -14527.76520822 -25114.23026302 81376.78057642
v -15529.78246751 -24278.11389435 63212.81191975
v -14676.66970608 -23814.71700495 81188.46150355
v -15395.46281759 -24593.70882424 80583.11644430
v -15320.11374860 -23168.47543604 80385.98671049
v -15622.31098749 -22304.81699601 63287.70674242
v -14234.22421950 -22520.46581327 81195.41504527
v -14730.04897356 -21220.72512459 80306.69301483
v -15681.86560740 -20287.94088915 63387.37164723
v -15449.50979523 -19163.60684197 68764.64681263
v -16068.29162375 -19951.90214828 68718.15653062
v -15873.57547297 -18833.70981408 67997.60672869
v -16036.29257273 -20175.74278766 69843.15149855
v -15843.47894017 -19698.55115549 71036.88278363
v -14549.78000619 -19206.88146605 79670.05313892
v -15785.36256556 -18278.02997180 63578.95422222
v -15860.65219522 -17246.33534967 67416.04803720
v -15576.34077015 -18978.29933000 71842.53028408
v -15242.30081738 -18359.05327324 71946.81177800
v -15502.01966732 -18419.64068767 72680.60781498
v -14614.39039439 -17720.47261885 78919.36767990
v -15346.44746795 -18951.46982413 78699.31348405
v -15344.29792498 -18071.32413400 78055.25474377
v -16082.27577157 -16621.94050378 63844.95944223
v -15815.24097047 -15597.85849512 67060.34687812
v -14631.46741228 -15891.17267465 74690.64786978
v -15168.55184185 -17321.73539206 73660.82073931
v -14867.27691947 -16243.37582750 76396.99714543
v -15432.56005029 -17425.45714401 75258.66339689
v -14805.05032406 -16778.25792124 77832.10365755
v -15510.92150465 -17757.48475812 76867.97664552
v -13894.66310876 -16142.37642779 78808.99358813
v -14635.98189259 -14634.44825437 63982.77833589
v -15999.34202318 -14720.50712734 64098.48367941
v -15800.95308470 -14070.44782246 66722.55688919
v -13868.84707229 -14413.06079603 74982.08746418
v -14295.21879306 -15006.21846255 76015.52880019
v -14056.05842940 -15043.27954073 77533.16072459
v -15287.40231668 -13664.16645455 64291.50962803
v -15416.81742293 -12718.07339363 64693.27414775
v -15952.98133318 -12964.37628712 66350.53954563
v -13277.06343744 -13520.88402481 75383.59456606
v -13633.06722416 -13924.56809787 76432.43003206
v -15282.83540764 -11962.76961449 65636.71626117
v -15829.34401792 -11955.54553314 65131.77368457
v -15666.76666250 -12175.03922799 66044.35438085
v -16241.95563748 -11664.04332697 65481.81100579
v -14822.93917117 -36158.54773202 63681.40840333
v -15323.90843632 -34835.35871975 64393.35565454
v -15703.29848821 -33106.69050284 64388.67159584
v -16235.53782556 -33074.73559235 66162.43189231
v -16248.15067124 -33176.94043861 68448.98593043
v -16093.96826562 -33127.79190775 70201.87839367
v -16258.12959905 -31325.93383992 64730.13395163
v -16923.93312270 -31342.81896504 65922.08124880
v -17104.73073343 -31519.29200832 66804.06397028
v -17449.94419191 -30755.18912344 67460.01732837
v -17029.56075167 -31574.88530933 68103.32331778
v -16739.52268344 -31704.29658062 69972.79134387
v -16378.65182764 -31855.68112382 71797.07928158
v -16501.07362486 -29218.79472364 64448.38299759
v -17103.50895068 -29975.96653280 65553.39514239
v -17545.72335891 -30265.64815351 68353.40943387
v -17785.48519448 -29049.20305245 68940.09149541
v -17400.74228008 -30039.55915296 69787.02161031
v -17036.64234698 -30175.79690330 71665.92819017
v -16642.12234953 -30192.08081735 73736.11810028
v -16380.08856321 -29757.33575324 75835.45433215
v -15027.15896502 -29205.57084104 80592.44212326
v -16714.68383404 -27625.16750302 64416.66784474
v -17261.81425016 -28270.60730450 65352.53880226
v -17772.70554615 -28595.99901255 70170.22960929
v -17953.05322009 -27791.74491149 69677.19550788
v -17573.28686809 -28645.26354447 71457.90939026
v -17311.02259663 -28519.12730531 73295.84449453
v -17012.85521245 -28073.46074953 75514.85076460
v -16389.82778406 -28395.33475036 77600.12100814
v -15748.28306827 -28289.25832383 79587.07286734
v -15056.84656926 -27892.16566117 80846.62226213
v -16442.03075265 -25897.64974865 64047.32634142
v -17224.40914530 -26777.10340986 65051.50915161
v -17909.06367921 -27348.84613977 71078.30245054
v -17773.74155552 -27148.10098407 72791.85028699
v -17596.11665470 -26910.41492539 74544.42556667
v -17439.04707293 -26478.90783417 75960.21446466
v -17491.85854583 -25527.42514447 76615.94046107
v -16975.28838922 -26359.29050483 77365.02990233
v -16300.46503442 -26759.47762709 78876.18070514
v -15511.76271720 -26296.62491995 80371.93927914
v -16593.13361419 -23698.85361224 64132.60952341
v -17227.97666802 -24894.31626557 77483.91592150
v -17179.98639526 -23799.40885149 77601.03351923
v -16385.31647461 -24481.88077322 78980.96260867
v -16630.44546152 -21642.78965402 64124.90618949
v -16804.96774550 -21107.03889938 69006.62172270
v -17381.93497355 -22019.43915043 67993.72357679
v -16867.73778311 -20433.44712089 67528.63340721
v -16756.77272072 -21081.49364537 70758.76658017
v -17447.56611436 -22493.85935598 69380.95656135
v -17127.33253283 -21377.21502343 72505.68956684
v -17543.27741325 -22634.36474793 71155.70988860
v -17641.19989966 -22554.55596782 72624.82261862
v -16737.96851099 -22209.60585417 77858.34324971
v -17415.28711378 -23152.24582842 76806.32142083
v -17303.00742396 -22219.92468348 76372.64610993
v -15887.73531217 -22314.64714020 79376.36789766
v -16664.66300373 -19643.84755780 64138.34465424
v -16695.98164916 -18602.08034778 66808.50613663
v -16239.83270612 -19807.62054062 72453.84309892
v -17422.32708377 -21806.62956661 73674.78907100
v -16781.83465760 -20438.21947322 74303.69257102
v -16766.08767179 -20774.81463978 76442.25534782
v -17384.35863085 -21875.06451152 75036.58707118
v -16407.89760675 -20675.34962189 77754.58111688
v -15760.94478588 -20538.40101179 78838.88586675
v -16756.61952006 -17747.39724165 64201.44291742
v -16661.21609992 -16812.77742449 66436.58707135
v -15919.89753188 -18696.09708535 74035.82014720
v -16139.45339911 -19018.73817493 75785.37013160
v -15986.72464763 -19352.30289574 77563.88153881
v -16847.07318979 -15967.70986851 64323.47931347
v -16661.98532135 -15099.62197732 66214.50233256
v -16977.02279620 -14523.72021574 64498.15525826
v -16681.34905776 -13602.46786635 66027.08403873
v -16069.88131700 -13198.41597653 64419.70742896
v -16825.02576610 -13185.46309383 64590.26419465
v -16636.42618449 -12456.33603744 65839.18455423
v -16396.93774278 -12316.07628562 64745.70521912
v -16974.70316684 -12126.70344507 64860.99148569
v -16605.40128138 -11794.19904213 65635.95180005
v -16679.06107503 -11707.61687059 65083.70821191
v -16862.47325756 -11592.16594290 65336.69226985
v -17423.23629815 -30424.30453387 66609.10752130
v -17636.55548419 -28873.13506260 66573.87405516
v -17717.34870537 -29588.28269868 67644.61675072
v -17736.57785797 -26826.81525368 66418.95595694
v -17930.95321016 -27743.02964740 68178.05291230
v -17398.12257184 -25040.61589937 65329.45413797
v -17864.03785307 -25050.10852978 66718.26126706
v -17991.99397344 -25632.06131925 68119.98782077
v -18030.41887137 -26092.18845643 70130.07167488
v -17998.25948345 -25789.19029792 72297.90740154
v -17910.28515428 -25731.11445641 74025.88023652
v -17745.57458393 -25597.58618851 75492.89322335
v -17313.68748650 -22896.75704951 65158.44989462
v -17716.45846061 -23794.81612531 66229.67515655
v -17806.41449012 -23653.87030460 67766.77331574
v -17891.08083581 -24130.45648444 69731.69008314
v -17925.09657888 -24075.25048228 71935.83277524
v -17963.93792332 -24400.23972587 73778.85236559
v -17890.26952360 -24663.02493548 75071.24338962
v -17623.93422877 -24395.84706516 76423.79789858
v -17229.41397739 -20881.25502411 65072.93980004
v -17495.86314778 -22010.48517167 66482.16716709
v -17769.78521016 -22972.35903572 73770.73175454
v -17721.55924320 -23339.94704822 75380.09520381
v -17191.11938679 -18898.11831851 64936.86204265
v -17238.84406697 -19870.54269942 66033.01600645
v -17217.49090957 -17018.54225855 64877.83302607
v -17167.89528629 -17945.19913186 65726.85531524
v -17264.64540428 -15286.38852855 64896.61338607
v -17171.69763000 -16121.50390295 65573.50561161
v -17258.26794179 -13748.80232038 64945.07827359
v -17181.95224877 -14443.22227425 65498.58629098
v -17213.98993746 -12503.90602321 65021.05540549
v -17155.10903629 -13021.83605581 65447.16038164
v -17099.64746922 -11798.08514217 65111.99456043
v -17068.88299024 -12022.38670685 65395.85387535
f 3 2 1
f 5 4 1
f 1 4 3
f 5 6 4
f 9 8 7
f 9 7 2
f 7 1 2
f 7 10 1
f 1 11 5
f 1 10 11
f 6 5 12
f 12 5 11
f 7 8 13
f 13 8 14
f 7 15 10
f 7 13 15
f 10 16 11
f 10 15 16
f 12 11 17
f 17 11 16
f 13 14 18
f 18 14 19
f 13 20 15
f 13 18 20
f 22 16 21
f 16 20 21
f 16 15 20
f 16 22 17
f 19 23 18
f 18 23 20
f 20 23 24
f 20 24 21
f 27 26 25
f 29 28 25
f 25 28 27
f 29 30 28
f 25 26 31
f 31 26 32
f 25 33 29
f 25 31 33
f 30 29 34
f 34 29 33
f 31 32 35
f 35 32 36
f 38 33 37
f 33 35 37
f 33 31 35
f 33 38 34
f 36 39 35
f 35 39 37
f 42 41 40
f 44 43 40
f 40 43 42
f 44 45 43
f 47 46 3
f 3 46 2
f 4 40 41
f 47 4 41
f 3 4 47
f 40 4 6
f 48 40 6
f 44 40 48
f 45 44 49
f 49 44 48
f 51 50 9
f 9 50 8
f 9 2 46
f 9 46 51
f 12 52 48
f 12 48 6
f 49 48 53
f 48 54 53
f 48 52 54
f 56 55 54
f 54 55 53
f 56 57 55
f 50 14 8
f 58 14 50
f 17 59 52
f 17 52 12
f 52 60 54
f 52 59 60
f 54 61 56
f 54 60 61
f 57 56 62
f 62 56 61
f 58 19 14
f 63 19 58
f 21 64 22
f 59 17 22
f 64 59 22
f 65 59 64
f 59 66 60
f 59 65 66
f 60 67 61
f 60 66 67
f 62 61 68
f 68 61 67
f 23 19 69
f 19 70 69
f 19 63 70
f 71 24 23
f 71 23 69
f 64 21 24
f 71 64 24
f 72 64 71
f 64 73 65
f 64 72 73
f 65 74 66
f 65 73 74
f 66 75 67
f 66 74 75
f 68 67 76
f 76 67 75
f 69 70 27
f 70 26 27
f 70 77 26
f 69 27 28
f 69 28 71
f 71 28 30
f 78 71 30
f 72 71 78
f 72 79 73
f 72 78 79
f 73 80 74
f 73 79 80
f 74 81 75
f 74 80 81
f 76 75 82
f 82 75 81
f 77 32 26
f 83 32 77
f 34 84 78
f 34 78 30
f 78 85 79
f 78 84 85
f 79 86 80
f 79 85 86
f 80 87 81
f 80 86 87
f 82 81 88
f 88 81 87
f 90 36 89
f 36 83 89
f 36 32 83
f 38 37 90
f 89 38 90
f 91 38 89
f 34 38 84
f 38 92 84
f 38 91 92
f 84 92 85
f 85 92 93
f 85 93 86
f 86 93 94
f 96 95 94
f 95 86 94
f 95 87 86
f 88 87 97
f 87 98 97
f 87 95 98
f 98 99 97
f 90 39 36
f 39 90 37
f 95 96 100
f 100 96 101
f 95 102 98
f 95 100 102
f 99 98 103
f 103 98 102
f 101 104 100
f 100 104 102
f 102 104 105
f 102 105 103
f 106 41 42
f 43 107 42
f 42 107 106
f 45 107 43
f 108 46 47
f 41 106 47
f 106 108 47
f 106 109 108
f 110 106 107
f 109 106 110
f 49 110 45
f 45 110 107
f 111 50 51
f 46 108 51
f 108 111 51
f 108 112 111
f 109 114 113
f 112 109 113
f 108 109 112
f 114 109 110
f 114 110 115
f 115 110 49
f 53 115 49
f 116 115 53
f 117 53 55
f 117 116 53
f 55 57 117
f 117 57 118
f 121 120 119
f 119 122 121
f 123 58 111
f 111 58 50
f 124 111 112
f 123 111 124
f 112 113 125
f 112 125 124
f 62 118 57
f 62 126 118
f 119 120 127
f 127 120 128
f 122 119 129
f 129 119 127
f 131 130 123
f 130 58 123
f 130 63 58
f 131 123 124
f 131 124 132
f 132 124 125
f 68 126 62
f 68 133 126
f 127 128 134
f 134 128 135
f 129 127 136
f 136 127 134
f 130 70 63
f 137 70 130
f 76 133 68
f 76 138 133
f 134 135 139
f 139 135 140
f 136 134 141
f 141 134 139
f 137 77 70
f 142 77 137
f 82 138 76
f 82 143 138
f 139 140 144
f 144 140 145
f 141 139 146
f 139 147 146
f 139 144 147
f 149 148 147
f 147 148 146
f 149 150 148
f 142 83 77
f 151 83 142
f 88 143 82
f 88 152 143
f 144 145 153
f 153 145 154
f 144 155 147
f 144 153 155
f 147 156 149
f 147 155 156
f 150 149 157
f 157 149 156
f 160 159 158
f 162 161 158
f 158 161 160
f 162 163 161
f 151 164 83
f 83 164 89
f 89 165 91
f 164 165 89
f 91 166 92
f 165 166 91
f 92 167 93
f 166 167 92
f 93 168 94
f 167 168 93
f 96 94 168
f 96 168 169
f 88 97 170
f 171 88 170
f 152 88 171
f 99 170 97
f 153 154 172
f 172 154 173
f 153 174 155
f 153 172 174
f 155 175 156
f 155 174 175
f 157 156 176
f 176 156 175
f 158 159 177
f 177 159 178
f 158 179 162
f 158 177 179
f 163 162 180
f 180 162 179
f 169 101 96
f 181 101 169
f 182 171 170
f 99 103 170
f 103 183 170
f 183 182 170
f 183 103 184
f 183 184 173
f 184 172 173
f 184 185 172
f 172 186 174
f 172 185 186
f 174 187 175
f 174 186 187
f 176 175 188
f 175 189 188
f 175 187 189
f 191 190 189
f 189 190 188
f 191 192 190
f 177 178 193
f 193 178 194
f 177 195 179
f 177 193 195
f 180 179 196
f 196 179 195
f 181 197 101
f 101 197 104
f 197 199 198
f 105 197 198
f 104 197 105
f 198 200 105
f 105 200 103
f 200 201 103
f 201 184 103
f 184 201 185
f 185 201 202
f 204 203 202
f 203 185 202
f 203 186 185
f 186 205 187
f 186 203 205
f 187 206 189
f 187 205 206
f 189 207 191
f 189 206 207
f 192 191 208
f 208 191 207
f 193 194 209
f 209 194 210
f 193 211 195
f 193 209 211
f 196 195 212
f 212 195 211
f 199 213 198
f 198 213 200
f 204 214 203
f 203 214 205
f 205 214 215
f 217 216 215
f 216 205 215
f 216 206 205
f 206 218 207
f 206 216 218
f 208 207 219
f 219 207 218
f 222 221 220
f 222 220 210
f 220 209 210
f 220 223 209
f 209 224 211
f 209 223 224
f 212 211 225
f 225 211 224
f 217 226 216
f 216 226 218
f 218 226 227
f 218 227 219
f 220 221 228
f 228 221 229
f 220 230 223
f 220 228 230
f 232 224 231
f 224 230 231
f 224 223 230
f 224 232 225
f 229 233 228
f 228 233 230
f 230 233 234
f 230 234 231
f 237 236 235
f 239 238 235
f 235 238 237
f 241 240 239
f 239 240 238
f 241 242 240
f 245 244 243
f 243 246 245
f 249 248 247
f 251 250 247
f 247 250 249
f 250 251 236
f 251 235 236
f 251 252 235
f 235 253 239
f 235 252 253
f 239 254 241
f 239 253 254
f 242 241 255
f 255 241 254
f 258 257 256
f 260 259 256
f 256 259 258
f 259 260 244
f 260 243 244
f 260 261 243
f 246 243 262
f 262 243 261
f 263 113 114
f 115 264 114
f 114 264 263
f 116 265 115
f 115 265 264
f 265 116 266
f 116 267 266
f 116 117 267
f 268 247 118
f 247 267 118
f 267 117 118
f 247 248 267
f 247 269 251
f 247 268 269
f 269 120 121
f 252 269 121
f 251 269 252
f 252 121 122
f 270 252 122
f 253 252 270
f 253 271 254
f 253 270 271
f 255 254 272
f 272 254 271
f 256 257 273
f 273 257 274
f 256 275 260
f 256 273 275
f 260 276 261
f 260 275 276
f 262 261 277
f 277 261 276
f 278 125 263
f 263 125 113
f 279 263 264
f 278 263 279
f 265 281 280
f 279 265 280
f 264 265 279
f 281 265 266
f 126 282 268
f 126 268 118
f 268 283 269
f 268 282 283
f 283 128 120
f 283 120 269
f 129 284 270
f 129 270 122
f 270 285 271
f 270 284 285
f 272 271 286
f 286 271 285
f 273 274 287
f 287 274 288
f 273 289 275
f 273 287 289
f 275 290 276
f 275 289 290
f 277 276 291
f 291 276 290
f 293 292 131
f 131 292 130
f 294 131 132
f 294 293 131
f 132 125 278
f 295 132 278
f 294 132 295
f 295 278 279
f 295 279 296
f 296 279 280
f 133 297 282
f 133 282 126
f 282 298 283
f 282 297 298
f 298 135 128
f 298 128 283
f 136 299 284
f 136 284 129
f 284 300 285
f 284 299 300
f 286 285 301
f 285 302 301
f 285 300 302
f 304 303 302
f 302 303 301
f 303 304 288
f 304 287 288
f 304 305 287
f 287 306 289
f 287 305 306
f 289 307 290
f 289 306 307
f 291 290 308
f 308 290 307
f 292 137 130
f 309 137 292
f 138 310 297
f 138 297 133
f 297 311 298
f 297 310 311
f 311 140 135
f 311 135 298
f 141 312 299
f 141 299 136
f 299 313 300
f 299 312 313
f 300 314 302
f 300 313 314
f 302 315 304
f 302 314 315
f 304 316 305
f 304 315 316
f 305 317 306
f 305 316 317
f 306 318 307
f 306 317 318
f 308 307 319
f 319 307 318
f 309 142 137
f 320 142 309
f 143 321 310
f 143 310 138
f 310 322 311
f 310 321 322
f 322 145 140
f 322 140 311
f 146 312 141
f 312 146 148
f 312 148 313
f 313 148 150
f 323 313 150
f 314 313 323
f 314 324 315
f 314 323 324
f 315 325 316
f 315 324 325
f 316 326 317
f 316 325 326
f 317 327 318
f 317 326 327
f 319 318 328
f 318 329 328
f 318 327 329
f 329 330 328
f 332 151 331
f 151 320 331
f 151 142 320
f 333 332 331
f 152 334 321
f 152 321 143
f 321 335 322
f 321 334 335
f 335 154 145
f 335 145 322
f 157 336 323
f 157 323 150
f 323 337 324
f 323 336 337
f 324 338 325
f 324 337 338
f 325 339 326
f 325 338 339
f 339 159 160
f 327 339 160
f 326 339 327
f 327 160 161
f 327 161 329
f 161 163 329
f 163 330 329
f 163 340 330
f 332 164 151
f 333 341 332
f 341 164 332
f 341 165 164
f 165 342 166
f 341 342 165
f 166 343 167
f 342 343 166
f 167 344 168
f 343 344 167
f 169 168 344
f 169 344 345
f 171 346 334
f 171 334 152
f 334 347 335
f 334 346 347
f 347 173 154
f 347 154 335
f 176 348 336
f 176 336 157
f 336 349 337
f 336 348 349
f 337 350 338
f 337 349 350
f 338 351 339
f 338 350 351
f 351 178 159
f 351 159 339
f 180 340 163
f 180 352 340
f 345 181 169
f 353 181 345
f 182 346 171
f 346 182 183
f 346 183 347
f 347 183 173
f 188 348 176
f 348 188 190
f 348 190 349
f 349 190 192
f 354 349 192
f 350 349 354
f 350 355 351
f 350 354 355
f 355 194 178
f 355 178 351
f 196 352 180
f 196 356 352
f 353 357 181
f 181 357 197
f 359 358 199
f 197 359 199
f 357 359 197
f 201 200 358
f 359 201 358
f 360 201 359
f 201 361 202
f 360 361 201
f 204 202 361
f 204 361 362
f 208 363 354
f 208 354 192
f 354 364 355
f 354 363 364
f 364 210 194
f 364 194 355
f 212 356 196
f 212 365 356
f 358 213 199
f 213 358 200
f 362 366 204
f 204 366 214
f 214 367 215
f 366 367 214
f 369 368 217
f 215 369 217
f 367 369 215
f 370 368 369
f 219 371 363
f 219 363 208
f 371 221 222
f 364 371 222
f 363 371 364
f 364 222 210
f 225 365 212
f 225 372 365
f 368 226 217
f 370 373 368
f 373 226 368
f 373 227 226
f 219 227 371
f 227 374 371
f 227 373 374
f 221 371 374
f 375 221 374
f 229 221 375
f 231 376 232
f 376 377 232
f 377 225 232
f 377 372 225
f 375 378 229
f 229 378 233
f 233 379 234
f 378 379 233
f 231 234 376
f 234 380 376
f 234 379 380
f 376 380 377
f 382 381 237
f 237 381 236
f 383 237 238
f 383 382 237
f 384 238 240
f 384 383 238
f 386 385 242
f 385 240 242
f 385 384 240
f 388 387 386
f 386 387 385
f 390 389 388
f 388 389 387
f 392 391 390
f 390 391 389
f 244 245 392
f 245 391 392
f 245 393 391
f 395 394 246
f 394 245 246
f 394 393 245
f 395 396 394
f 398 397 249
f 249 397 248
f 399 249 250
f 399 398 249
f 250 236 381
f 250 381 399
f 255 400 386
f 255 386 242
f 386 401 388
f 386 400 401
f 401 257 258
f 390 401 258
f 388 401 390
f 390 258 259
f 390 259 392
f 392 259 244
f 262 402 395
f 262 395 246
f 396 395 403
f 403 395 402
f 405 404 267
f 267 404 266
f 267 248 397
f 267 397 405
f 272 406 400
f 272 400 255
f 400 407 401
f 400 406 407
f 407 274 257
f 407 257 401
f 277 408 402
f 277 402 262
f 403 402 409
f 409 402 408
f 410 280 281
f 411 410 281
f 266 411 281
f 404 411 266
f 286 412 406
f 286 406 272
f 406 413 407
f 406 412 413
f 413 288 274
f 413 274 407
f 291 414 408
f 291 408 277
f 409 408 415
f 415 408 414
f 416 292 293
f 416 293 417
f 293 418 417
f 293 294 418
f 419 294 295
f 419 418 294
f 420 295 296
f 420 419 295
f 296 280 410
f 421 296 410
f 420 296 421
f 421 410 411
f 301 412 286
f 412 301 303
f 412 303 413
f 413 303 288
f 308 422 414
f 308 414 291
f 415 414 423
f 423 414 422
f 425 424 416
f 424 292 416
f 424 309 292
f 425 416 417
f 319 426 422
f 319 422 308
f 423 422 427
f 427 422 426
f 429 320 428
f 320 424 428
f 320 309 424
f 430 429 428
f 328 426 319
f 328 330 426
f 330 427 426
f 330 431 427
f 429 331 320
f 433 432 333
f 433 333 331
f 430 433 331
f 429 430 331
f 435 434 432
f 435 432 433
f 436 434 435
f 340 431 330
f 340 437 431
f 432 341 333
f 341 432 342
f 342 432 434
f 436 438 434
f 438 342 434
f 438 343 342
f 343 439 344
f 438 439 343
f 345 344 439
f 345 439 440
f 352 437 340
f 352 441 437
f 440 353 345
f 442 353 440
f 356 441 352
f 356 443 441
f 442 444 353
f 353 444 357
f 357 445 359
f 444 445 357
f 359 446 360
f 445 446 359
f 360 447 361
f 446 447 360
f 362 361 447
f 362 447 448
f 365 443 356
f 365 449 443
f 448 450 362
f 362 450 366
f 366 451 367
f 450 451 366
f 367 452 369
f 451 452 367
f 370 369 452
f 370 452 453
f 372 449 365
f 372 454 449
f 453 455 370
f 370 455 373
f 373 456 374
f 455 456 373
f 375 374 456
f 375 456 457
f 377 454 372
f 377 458 454
f 457 459 375
f 375 459 378
f 378 460 379
f 459 460 378
f 460 462 461
f 380 460 461
f 379 460 380
f 461 463 380
f 463 377 380
f 463 458 377
f 462 464 461
f 461 464 463
f 467 466 465
f 469 468 465
f 465 468 467
f 381 382 469
f 382 468 469
f 382 470 468
f 471 382 383
f 471 470 382
f 472 383 384
f 472 471 383
f 473 384 385
f 473 472 384
f 474 385 387
f 474 473 385
f 475 387 389
f 475 474 387
f 476 389 391
f 476 475 389
f 477 391 393
f 477 476 391
f 478 393 394
f 478 477 393
f 394 396 478
f 478 396 479
f 465 466 398
f 466 397 398
f 466 480 397
f 465 398 399
f 465 399 469
f 469 399 381
f 403 479 396
f 403 481 479
f 482 404 405
f 483 482 405
f 397 483 405
f 480 483 397
f 409 481 403
f 409 484 481
f 486 485 482
f 485 404 482
f 485 411 404
f 486 482 483
f 415 484 409
f 415 487 484
f 488 417 418
f 488 418 489
f 418 490 489
f 418 419 490
f 491 419 420
f 491 490 419
f 492 420 421
f 492 491 420
f 421 411 485
f 421 485 492
f 423 487 415
f 423 493 487
f 494 424 425
f 417 488 425
f 488 494 425
f 488 495 494
f 488 489 496
f 488 496 495
f 427 493 423
f 427 497 493
f 494 428 424
f 428 494 430
f 494 498 430
f 494 495 498
f 495 496 499
f 495 499 498
f 431 497 427
f 431 500 497
f 498 433 430
f 499 501 498
f 501 433 498
f 501 435 433
f 436 435 501
f 436 501 502
f 437 500 431
f 437 503 500
f 502 504 436
f 436 504 438
f 438 505 439
f 504 505 438
f 440 439 505
f 440 505 506
f 441 503 437
f 441 507 503
f 509 442 508
f 442 506 508
f 442 440 506
f 510 509 508
f 443 507 441
f 443 511 507
f 509 444 442
f 510 512 509
f 512 444 509
f 512 445 444
f 445 513 446
f 512 513 445
f 446 514 447
f 513 514 446
f 448 447 514
f 448 514 515
f 449 511 443
f 449 516 511
f 515 517 448
f 448 517 450
f 450 518 451
f 517 518 450
f 451 519 452
f 518 519 451
f 453 452 519
f 453 519 520
f 454 516 449
f 454 521 516
f 520 522 453
f 453 522 455
f 455 523 456
f 522 523 455
f 457 456 523
f 457 523 524
f 458 521 454
f 458 525 521
f 524 526 457
f 457 526 459
f 459 527 460
f 526 527 459
f 462 460 527
f 462 527 528
f 463 525 458
f 463 529 525
f 528 530 462
f 462 530 464
f 463 464 529
f 529 464 530
f 532 531 467
f 467 531 466
f 533 467 468
f 533 532 467
f 534 468 470
f 534 533 468
f 535 470 471
f 535 534 470
f 536 471 472
f 536 535 471
f 537 472 473
f 537 536 472
f 538 473 474
f 538 537 473
f 539 474 475
f 539 538 474
f 540 475 476
f 540 539 475
f 541 476 477
f 541 540 476
f 542 477 478
f 542 541 477
f 478 479 542
f 542 479 543
f 531 480 466
f 544 480 531
f 481 543 479
f 481 545 543
f 544 483 480
f 546 483 544
f 484 545 481
f 484 547 545
f 548 485 486
f 549 548 486
f 483 549 486
f 546 549 483
f 487 547 484
f 487 550 547
f 552 551 490
f 490 551 489
f 553 490 491
f 553 552 490
f 554 491 492
f 554 553 491
f 492 485 548
f 555 492 548
f 554 492 555
f 555 548 549
f 493 550 487
f 493 556 550
f 551 496 489
f 557 496 551
f 497 556 493
f 497 558 556
f 560 499 559
f 499 557 559
f 499 496 557
f 561 560 559
f 500 558 497
f 500 562 558
f 560 501 499
f 564 563 502
f 564 502 501
f 561 564 501
f 560 561 501
f 566 565 563
f 566 563 564
f 567 565 566
f 503 562 500
f 503 568 562
f 563 504 502
f 504 563 505
f 505 563 565
f 506 505 565
f 567 506 565
f 569 506 567
f 507 568 503
f 507 570 568
f 569 571 506
f 506 571 508
f 573 572 510
f 508 573 510
f 571 573 508
f 575 574 572
f 575 572 573
f 576 574 575
f 511 570 507
f 511 577 570
f 572 512 510
f 512 572 513
f 513 572 574
f 576 578 574
f 578 513 574
f 578 514 513
f 515 514 578
f 515 578 579
f 516 577 511
f 516 580 577
f 579 581 515
f 515 581 517
f 517 582 518
f 581 582 517
f 518 583 519
f 582 583 518
f 520 519 583
f 520 583 584
f 521 580 516
f 521 585 580
f 584 586 520
f 520 586 522
f 522 587 523
f 586 587 522
f 524 523 587
f 524 587 588
f 525 585 521
f 525 589 585
f 588 590 524
f 524 590 526
f 526 591 527
f 590 591 526
f 528 527 591
f 528 591 592
f 529 589 525
f 529 593 589
f 592 594 528
f 528 594 530
f 529 530 593
f 593 530 594
f 595 531 532
f 595 532 596
f 532 597 596
f 532 533 597
f 598 533 534
f 598 597 533
f 599 534 535
f 599 598 534
f 600 535 536
f 600 599 535
f 601 536 537
f 601 600 536
f 602 537 538
f 602 601 537
f 603 538 539
f 603 602 538
f 605 603 604
f 603 540 604
f 603 539 540
f 541 606 540
f 540 606 604
f 542 607 541
f 541 607 606
f 543 607 542
f 609 608 595
f 608 531 595
f 608 544 531
f 609 595 596
f 605 604 610
f 605 610 611
f 612 604 606
f 610 604 612
f 613 606 607
f 612 606 613
f 545 613 543
f 543 613 607
f 608 546 544
f 614 546 608
f 615 611 610
f 617 616 615
f 610 617 615
f 612 617 610
f 618 612 613
f 617 612 618
f 547 618 545
f 545 618 613
f 614 549 546
f 619 549 614
f 616 617 620
f 616 620 621
f 622 617 618
f 620 617 622
f 550 622 547
f 547 622 618
f 623 551 552
f 623 552 624
f 552 625 624
f 552 553 625
f 626 553 554
f 626 625 553
f 627 554 555
f 627 626 554
f 555 549 619
f 555 619 627
f 621 620 628
f 621 628 629
f 630 620 622
f 628 620 630
f 556 630 550
f 550 630 622
f 631 557 623
f 623 557 551
f 623 624 632
f 623 632 631
f 629 628 633
f 629 633 634
f 635 628 630
f 633 628 635
f 558 635 556
f 556 635 630
f 631 559 557
f 561 559 631
f 632 561 631
f 636 561 632
f 637 634 633
f 637 633 635
f 637 635 638
f 635 558 638
f 558 639 638
f 558 562 639
f 636 640 561
f 561 640 564
f 564 641 566
f 640 641 564
f 567 566 641
f 567 641 642
f 568 639 562
f 568 643 639
f 642 569 567
f 644 569 642
f 570 643 568
f 570 645 643
f 644 646 569
f 569 646 571
f 571 647 573
f 646 647 571
f 573 648 575
f 647 648 573
f 576 575 648
f 576 648 649
f 577 645 570
f 577 650 645
f 649 651 576
f 576 651 578
f 579 578 651
f 579 651 652
f 580 650 577
f 580 653 650
f 652 654 579
f 579 654 581
f 581 655 582
f 654 655 581
f 582 656 583
f 655 656 582
f 584 583 656
f 584 656 657
f 585 653 580
f 585 658 653
f 657 659 584
f 584 659 586
f 586 660 587
f 659 660 586
f 662 661 588
f 587 662 588
f 660 662 587
f 663 661 662
f 589 658 585
f 589 664 658
f 661 590 588
f 663 665 661
f 665 590 661
f 665 591 590
f 592 591 665
f 592 665 666
f 593 664 589
f 593 667 664
f 666 668 592
f 592 668 594
f 593 594 667
f 667 594 668
f 669 596 597
f 598 670 597
f 597 670 669
f 599 671 598
f 598 671 670
f 600 672 599
f 599 672 671
f 601 673 600
f 600 673 672
f 602 674 601
f 601 674 673
f 603 675 602
f 602 675 674
f 605 675 603
f 676 608 609
f 596 669 609
f 669 676 609
f 669 677 676
f 678 669 670
f 677 669 678
f 679 670 671
f 678 670 679
f 680 671 672
f 679 671 680
f 681 672 673
f 680 672 681
f 682 673 674
f 681 673 682
f 683 674 675
f 682 674 683
f 611 683 605
f 605 683 675
f 684 614 676
f 676 614 608
f 685 676 677
f 684 676 685
f 686 677 678
f 685 677 686
f 687 678 679
f 686 678 687
f 680 689 688
f 687 680 688
f 679 680 687
f 689 680 681
f 689 681 690
f 692 691 690
f 681 692 690
f 682 692 681
f 693 682 683
f 692 682 693
f 615 694 611
f 694 683 611
f 694 693 683
f 616 694 615
f 697 696 695
f 695 698 697
f 699 619 684
f 684 619 614
f 700 684 685
f 699 684 700
f 701 685 686
f 700 685 701
f 702 686 687
f 701 686 702
f 687 688 703
f 687 703 702
f 691 692 704
f 691 704 705
f 706 692 693
f 704 692 706
f 707 693 694
f 706 693 707
f 621 707 616
f 616 707 694
f 695 696 625
f 696 624 625
f 696 708 624
f 625 626 695
f 626 709 695
f 709 698 695
f 626 710 709
f 627 711 626
f 626 711 710
f 619 699 627
f 699 711 627
f 699 712 711
f 713 699 700
f 712 699 713
f 714 700 701
f 713 700 714
f 715 701 702
f 714 701 715
f 702 703 716
f 702 716 715
f 705 704 717
f 705 717 718
f 719 704 706
f 717 704 719
f 720 706 707
f 719 706 720
f 629 720 621
f 621 720 707
f 708 632 624
f 721 632 708
f 722 709 710
f 724 723 722
f 710 724 722
f 711 724 710
f 725 711 712
f 724 711 725
f 726 712 713
f 725 712 726
f 727 713 714
f 726 713 727
f 728 714 715
f 727 714 728
f 715 716 729
f 715 729 728
f 718 717 730
f 718 730 731
f 732 717 719
f 730 717 732
f 733 719 720
f 732 719 733
f 634 733 629
f 629 733 720
f 721 636 632
f 734 636 721
f 723 724 735
f 723 735 736
f 737 724 725
f 735 724 737
f 738 725 726
f 737 725 738
f 739 726 727
f 738 726 739
f 740 727 728
f 739 727 740
f 728 729 741
f 728 741 740
f 731 730 742
f 731 742 743
f 744 730 732
f 742 730 744
f 745 732 733
f 744 732 745
f 637 746 634
f 746 733 634
f 746 745 733
f 638 747 637
f 637 747 746
f 639 747 638
f 750 749 748
f 748 751 640
f 734 748 640
f 636 734 640
f 748 734 750
f 752 641 640
f 752 640 751
f 736 754 753
f 736 752 754
f 752 736 641
f 735 641 736
f 641 735 642
f 754 642 735
f 735 755 754
f 754 755 753
f 752 642 754
f 756 735 737
f 755 735 756
f 757 737 738
f 756 737 757
f 758 738 739
f 757 738 758
f 759 739 740
f 758 739 759
f 740 741 760
f 740 760 759
f 743 742 761
f 743 761 762
f 763 742 744
f 761 742 763
f 764 744 745
f 763 744 764
f 765 745 746
f 764 745 765
f 766 746 747
f 765 746 766
f 643 766 639
f 639 766 747
f 748 749 767
f 767 749 768
f 748 769 751
f 748 767 769
f 751 770 752
f 751 769 770
f 642 771 644
f 771 755 644
f 772 644 755
f 644 772 770
f 753 770 772
f 770 753 771
f 771 752 770
f 642 752 771
f 771 753 755
f 772 755 756
f 772 756 773
f 773 756 757
f 773 757 774
f 776 775 774
f 757 776 774
f 758 776 757
f 777 758 759
f 776 758 777
f 759 760 778
f 759 778 777
f 762 761 779
f 762 779 780
f 781 761 763
f 779 761 781
f 782 763 764
f 781 763 782
f 783 764 765
f 782 764 783
f 784 765 766
f 783 765 784
f 645 784 643
f 643 784 766
f 767 768 785
f 785 768 786
f 767 787 769
f 767 785 787
f 769 788 770
f 769 787 788
f 789 646 644
f 770 789 644
f 788 789 770
f 790 647 646
f 790 646 789
f 791 648 647
f 791 647 790
f 775 793 792
f 775 791 793
f 791 775 648
f 776 648 775
f 648 776 649
f 793 649 776
f 776 794 793
f 793 794 792
f 791 649 793
f 795 776 777
f 794 776 795
f 777 778 796
f 777 796 795
f 780 779 797
f 780 797 798
f 799 779 781
f 797 779 799
f 800 781 782
f 799 781 800
f 801 782 783
f 800 782 801
f 802 783 784
f 801 783 802
f 650 802 645
f 645 802 784
f 785 786 803
f 803 786 804
f 785 805 787
f 785 803 805
f 787 806 788
f 787 805 806
f 788 807 789
f 788 806 807
f 789 808 790
f 789 807 808
f 790 809 791
f 790 808 809
f 792 794 810
f 651 810 794
f 810 651 809
f 649 809 651
f 809 649 791
f 794 795 811
f 652 794 811
f 812 652 811
f 794 652 651
f 811 795 796
f 798 797 813
f 798 813 814
f 815 797 799
f 813 797 815
f 816 799 800
f 815 799 816
f 817 800 801
f 816 800 817
f 818 801 802
f 817 801 818
f 653 818 650
f 650 818 802
f 803 804 819
f 819 804 820
f 803 821 805
f 803 819 821
f 805 822 806
f 805 821 822
f 806 823 807
f 806 822 823
f 807 824 808
f 807 823 824
f 808 825 809
f 808 824 825
f 810 809 826
f 826 809 825
f 654 652 827
f 652 828 827
f 652 812 828
f 829 655 654
f 829 654 827
f 830 656 655
f 830 655 829
f 814 832 831
f 814 830 832
f 830 814 656
f 813 656 814
f 656 813 657
f 832 657 813
f 813 833 832
f 832 833 831
f 830 657 832
f 834 813 815
f 833 813 834
f 835 815 816
f 834 815 835
f 836 816 817
f 835 816 836
f 837 817 818
f 836 817 837
f 658 837 653
f 653 837 818
f 820 838 819
f 819 838 821
f 821 838 839
f 821 839 822
f 822 839 840
f 822 840 823
f 823 840 841
f 823 841 824
f 824 841 842
f 844 843 842
f 843 824 842
f 843 825 824
f 826 825 845
f 825 846 845
f 825 843 846
f 845 846 828
f 846 827 828
f 846 847 827
f 827 848 829
f 827 847 848
f 829 849 830
f 829 848 849
f 831 833 850
f 659 850 833
f 850 659 849
f 657 849 659
f 849 657 830
f 659 833 660
f 660 833 834
f 660 834 662
f 662 834 835
f 662 835 663
f 835 851 663
f 835 836 851
f 852 836 837
f 851 836 852
f 664 852 658
f 658 852 837
f 844 853 843
f 855 854 853
f 854 843 853
f 854 846 843
f 857 847 856
f 847 854 856
f 847 846 854
f 859 858 857
f 858 847 857
f 858 848 847
f 848 860 849
f 848 858 860
f 850 849 861
f 861 849 860
f 851 665 663
f 665 851 666
f 851 862 666
f 851 852 862
f 667 862 664
f 664 862 852
f 854 855 863
f 863 855 864
f 856 854 865
f 865 854 863
f 858 859 866
f 866 859 867
f 858 868 860
f 858 866 868
f 861 860 869
f 869 860 868
f 862 668 666
f 668 862 667
f 864 870 863
f 863 870 865
f 866 867 871
f 871 867 872
f 866 873 868
f 866 871 873
f 869 868 874
f 868 875 874
f 868 873 875
f 877 876 875
f 875 876 874
f 877 878 876
f 871 872 879
f 879 872 880
f 871 881 873
f 871 879 881
f 883 875 882
f 875 881 882
f 875 873 881
f 875 883 877
f 877 883 884
f 877 884 878
f 880 885 879
f 879 885 881
f 881 885 886
f 881 886 882
f 889 888 887
f 887 890 889
f 893 892 891
f 895 894 891
f 891 894 893
f 894 895 888
f 895 887 888
f 895 896 887
f 890 887 897
f 897 887 896
f 898 688 689
f 690 899 689
f 689 899 898
f 691 899 690
f 891 892 900
f 900 892 901
f 891 902 895
f 891 900 902
f 895 903 896
f 895 902 903
f 897 896 904
f 904 896 903
f 905 696 697
f 698 905 697
f 908 907 906
f 910 909 906
f 906 909 908
f 912 911 910
f 910 911 909
f 913 911 898
f 911 703 898
f 703 688 898
f 911 912 703
f 913 898 899
f 913 899 914
f 691 705 899
f 705 915 899
f 915 914 899
f 915 705 916
f 915 916 901
f 916 900 901
f 916 917 900
f 900 918 902
f 900 917 918
f 902 919 903
f 902 918 919
f 904 903 920
f 903 921 920
f 903 919 921
f 923 922 921
f 921 922 920
f 923 924 922
f 926 925 905
f 925 696 905
f 925 708 696
f 905 698 926
f 698 927 926
f 698 709 927
f 930 929 928
f 930 928 907
f 928 906 907
f 928 931 906
f 906 932 910
f 906 931 932
f 910 933 912
f 910 932 933
f 933 716 703
f 933 703 912
f 718 934 916
f 718 916 705
f 916 935 917
f 916 934 935
f 917 936 918
f 917 935 936
f 918 937 919
f 918 936 937
f 919 938 921
f 919 937 938
f 921 939 923
f 921 938 939
f 924 923 940
f 940 923 939
f 943 942 941
f 945 944 941
f 941 944 943
f 925 944 945
f 721 925 945
f 708 925 721
f 946 927 709
f 946 709 722
f 948 947 723
f 947 722 723
f 947 946 722
f 947 948 929
f 948 928 929
f 948 949 928
f 928 950 931
f 928 949 950
f 931 951 932
f 931 950 951
f 932 952 933
f 932 951 952
f 952 729 716
f 952 716 933
f 731 953 934
f 731 934 718
f 934 954 935
f 934 953 954
f 935 955 936
f 935 954 955
f 936 956 937
f 936 955 956
f 937 957 938
f 937 956 957
f 938 958 939
f 938 957 958
f 940 939 959
f 959 939 958
f 941 942 960
f 960 942 961
f 941 962 945
f 941 960 962
f 962 734 721
f 962 721 945
f 736 963 948
f 736 948 723
f 948 964 949
f 948 963 964
f 949 965 950
f 949 964 965
f 950 966 951
f 950 965 966
f 951 967 952
f 951 966 967
f 967 741 729
f 967 729 952
f 743 968 953
f 743 953 731
f 953 969 954
f 953 968 969
f 954 970 955
f 954 969 970
f 955 971 956
f 955 970 971
f 956 972 957
f 956 971 972
f 957 973 958
f 957 972 973
f 959 958 974
f 974 958 973
f 960 961 975
f 975 961 976
f 975 749 750
f 962 975 750
f 960 975 962
f 962 750 734
f 753 977 963
f 753 963 736
f 963 978 964
f 963 977 978
f 964 979 965
f 964 978 979
f 965 980 966
f 965 979 980
f 966 981 967
f 966 980 981
f 981 760 741
f 981 741 967
f 762 982 968
f 762 968 743
f 968 983 969
f 968 982 983
f 969 984 970
f 969 983 984
f 970 985 971
f 970 984 985
f 971 986 972
f 971 985 986
f 972 987 973
f 972 986 987
f 974 973 988
f 988 973 987
f 975 976 989
f 989 976 990
f 989 768 749
f 989 749 975
f 772 977 753
f 977 772 773
f 977 773 978
f 978 773 774
f 978 774 979
f 979 774 775
f 991 979 775
f 980 979 991
f 980 992 981
f 980 991 992
f 992 778 760
f 992 760 981
f 780 993 982
f 780 982 762
f 982 994 983
f 982 993 994
f 983 995 984
f 983 994 995
f 984 996 985
f 984 995 996
f 998 986 997
f 986 996 997
f 986 985 996
f 986 998 987
f 987 998 999
f 987 999 988
f 989 990 1000
f 1000 990 1001
f 1000 786 768
f 1000 768 989
f 792 1002 991
f 792 991 775
f 991 1003 992
f 991 1002 1003
f 1003 796 778
f 1003 778 992
f 798 1004 993
f 798 993 780
f 993 1005 994
f 993 1004 1005
f 994 1006 995
f 994 1005 1006
f 995 1007 996
f 995 1006 1007
f 997 996 1008
f 1008 996 1007
f 1000 1001 1009
f 1009 1001 1010
f 1009 804 786
f 1009 786 1000
f 810 1011 1002
f 810 1002 792
f 1011 812 811
f 1003 1011 811
f 1002 1011 1003
f 1003 811 796
f 814 1012 1004
f 814 1004 798
f 1004 1013 1005
f 1004 1012 1013
f 1005 1014 1006
f 1005 1013 1014
f 1006 1015 1007
f 1006 1014 1015
f 1008 1007 1016
f 1007 1017 1016
f 1007 1015 1017
f 1017 1018 1016
f 1010 1019 1009
f 820 804 1009
f 1020 820 1009
f 1019 1020 1009
f 820 1020 1021
f 1022 1021 1020
f 826 1023 1011
f 826 1011 810
f 1023 828 812
f 1023 812 1011
f 831 1024 1012
f 831 1012 814
f 1012 1025 1013
f 1012 1024 1025
f 1013 1026 1014
f 1013 1025 1026
f 1014 1027 1015
f 1014 1026 1027
f 1015 1028 1017
f 1015 1027 1028
f 1018 1017 1029
f 1029 1017 1028
f 1021 838 820
f 839 838 1021
f 1030 839 1021
f 1022 1030 1021
f 1031 839 1030
f 1032 840 839
f 1032 839 1031
f 840 1032 1033
f 1034 840 1033
f 841 840 1034
f 841 1035 842
f 1034 1035 841
f 844 842 1035
f 844 1035 1036
f 845 1023 826
f 1023 845 828
f 850 1037 1024
f 850 1024 831
f 1024 1038 1025
f 1024 1037 1038
f 1025 1039 1026
f 1025 1038 1039
f 1026 1040 1027
f 1026 1039 1040
f 1027 1041 1028
f 1027 1040 1041
f 1029 1028 1042
f 1042 1028 1041
f 1030 1043 1031
f 1031 1043 1032
f 1032 1043 1044
f 1032 1044 1033
f 1036 1045 844
f 844 1045 853
f 855 853 1045
f 855 1045 1046
f 856 1047 857
f 1047 859 857
f 861 1048 1037
f 861 1037 850
f 1037 1049 1038
f 1037 1048 1049
f 1038 1050 1039
f 1038 1049 1050
f 1039 1051 1040
f 1039 1050 1051
f 1040 1052 1041
f 1040 1051 1052
f 1042 1041 1053
f 1053 1041 1052
f 1046 864 855
f 1054 864 1046
f 865 1055 1047
f 865 1047 856
f 1055 867 859
f 1055 859 1047
f 869 1056 1048
f 869 1048 861
f 1048 1057 1049
f 1048 1056 1057
f 1049 1058 1050
f 1049 1057 1058
f 1050 1059 1051
f 1050 1058 1059
f 1051 1060 1052
f 1051 1059 1060
f 1053 1052 1061
f 1061 1052 1060
f 1054 1062 864
f 864 1062 870
f 865 870 1055
f 870 1063 1055
f 870 1062 1063
f 867 1055 1063
f 1064 867 1063
f 872 867 1064
f 874 1056 869
f 1056 874 876
f 1056 876 1057
f 1057 876 878
f 1065 1057 878
f 1058 1057 1065
f 1058 1066 1059
f 1058 1065 1066
f 1059 1067 1060
f 1059 1066 1067
f 1061 1060 1068
f 1068 1060 1067
f 1070 880 1069
f 880 1064 1069
f 880 872 1064
f 1072 1071 1070
f 1072 1070 1069
f 883 882 1071
f 1072 883 1071
f 1073 883 1072
f 883 1074 884
f 1073 1074 883
f 878 884 1065
f 884 1075 1065
f 884 1074 1075
f 1065 1075 1066
f 1066 1075 1076
f 1078 1077 1076
f 1077 1066 1076
f 1077 1067 1066
f 1068 1067 1079
f 1079 1067 1077
f 1070 885 880
f 885 1070 886
f 886 1070 1071
f 886 1071 882
f 1077 1078 1080
f 1080 1078 1081
f 1079 1077 1082
f 1082 1077 1080
f 1081 1083 1080
f 1080 1083 1082
f 1084 888 889
f 890 1084 889
f 1085 892 893
f 1085 893 1086
f 893 1087 1086
f 893 894 1087
f 1087 894 888
f 1088 1087 888
f 1084 1088 888
f 1087 1088 1089
f 897 1088 890
f 890 1088 1084
f 1090 901 1085
f 1085 901 892
f 1085 1086 1091
f 1085 1091 1090
f 1092 1089 1088
f 1088 897 1092
f 897 1093 1092
f 897 904 1093
f 1095 1094 908
f 908 1094 907
f 1096 908 909
f 1096 1095 908
f 1097 909 911
f 1097 1096 909
f 1098 911 913
f 1098 1097 911
f 1099 913 914
f 1099 1098 913
f 1100 914 915
f 1100 1099 914
f 915 901 1090
f 1101 915 1090
f 1100 915 1101
f 1101 1090 1091
f 1102 1093 904
f 1102 904 920
f 1103 920 922
f 1103 1102 920
f 922 924 1103
f 1103 924 1104
f 1106 1105 926
f 926 1105 925
f 926 927 1106
f 1106 927 1107
f 1109 1108 930
f 930 1108 929
f 930 907 1094
f 930 1094 1109
f 940 1104 924
f 940 1110 1104
f 1112 1111 943
f 943 1111 942
f 1113 943 944
f 1113 1112 943
f 944 925 1105
f 944 1105 1113
f 1114 1107 927
f 1114 927 946
f 1115 946 947
f 1115 1114 946
f 947 929 1108
f 947 1108 1115
f 959 1110 940
f 959 1116 1110
f 1111 961 942
f 1117 961 1111
f 974 1116 959
f 974 1118 1116
f 1117 976 961
f 1119 976 1117
f 988 1118 974
f 988 1120 1118
f 1119 990 976
f 1121 990 1119
f 997 1122 998
f 1123 999 998
f 1123 998 1122
f 1123 1124 999
f 1124 988 999
f 1124 1120 988
f 1121 1001 990
f 1125 1001 1121
f 1008 1126 1122
f 1008 1122 997
f 1122 1127 1123
f 1122 1126 1127
f 1124 1123 1128
f 1128 1123 1127
f 1125 1010 1001
f 1129 1010 1125
f 1016 1126 1008
f 1126 1016 1018
f 1130 1126 1018
f 1127 1126 1130
f 1128 1127 1131
f 1131 1127 1130
f 1129 1132 1010
f 1010 1132 1019
f 1019 1133 1020
f 1132 1133 1019
f 1022 1020 1133
f 1022 1133 1134
f 1029 1135 1130
f 1029 1130 1018
f 1131 1130 1136
f 1136 1130 1135
f 1134 1030 1022
f 1137 1030 1134
f 1139 1138 1034
f 1139 1034 1033
f 1034 1140 1035
f 1138 1140 1034
f 1036 1035 1140
f 1036 1140 1141
f 1143 1142 1135
f 1029 1143 1135
f 1042 1143 1029
f 1135 1142 1136
f 1137 1144 1030
f 1030 1144 1043
f 1043 1145 1044
f 1144 1145 1043
f 1033 1044 1139
f 1139 1044 1145
f 1141 1146 1036
f 1036 1146 1045
f 1046 1045 1146
f 1046 1146 1147
f 1053 1143 1042
f 1053 1148 1143
f 1147 1054 1046
f 1149 1054 1147
f 1061 1148 1053
f 1061 1150 1148
f 1149 1151 1054
f 1054 1151 1062
f 1062 1152 1063
f 1151 1152 1062
f 1064 1063 1152
f 1064 1152 1153
f 1068 1150 1061
f 1068 1154 1150
f 1153 1155 1064
f 1064 1155 1069
f 1069 1156 1072
f 1155 1156 1069
f 1072 1157 1073
f 1156 1157 1072
f 1073 1158 1074
f 1157 1158 1073
f 1074 1159 1075
f 1158 1159 1074
f 1075 1160 1076
f 1159 1160 1075
f 1078 1076 1160
f 1078 1160 1161
f 1079 1154 1068
f 1079 1162 1154
f 1161 1081 1078
f 1163 1081 1161
f 1082 1162 1079
f 1082 1164 1162
f 1163 1165 1081
f 1081 1165 1083
f 1082 1083 1164
f 1164 1083 1165
f 1167 1166 1087
f 1087 1166 1086
f 1087 1089 1167
f 1167 1089 1168
f 1166 1091 1086
f 1169 1091 1166
f 1170 1168 1089
f 1170 1089 1092
f 1092 1093 1170
f 1170 1093 1171
f 1173 1172 1095
f 1095 1172 1094
f 1174 1095 1096
f 1174 1173 1095
f 1175 1096 1097
f 1175 1174 1096
f 1176 1097 1098
f 1176 1175 1097
f 1177 1098 1099
f 1177 1176 1098
f 1178 1099 1100
f 1178 1177 1099
f 1179 1100 1101
f 1179 1178 1100
f 1101 1091 1169
f 1101 1169 1179
f 1180 1171 1093
f 1180 1093 1102
f 1181 1102 1103
f 1181 1180 1102
f 1103 1104 1181
f 1181 1104 1182
f 1184 1183 1106
f 1106 1183 1105
f 1106 1107 1184
f 1184 1107 1185
f 1187 1186 1109
f 1109 1186 1108
f 1109 1094 1172
f 1109 1172 1187
f 1110 1182 1104
f 1110 1188 1182
f 1190 1189 1112
f 1112 1189 1111
f 1191 1112 1113
f 1191 1190 1112
f 1113 1105 1183
f 1113 1183 1191
f 1192 1185 1107
f 1192 1107 1114
f 1193 1114 1115
f 1193 1192 1114
f 1115 1108 1186
f 1115 1186 1193
f 1116 1188 1110
f 1116 1194 1188
f 1189 1117 1111
f 1195 1117 1189
f 1118 1194 1116
f 1118 1196 1194
f 1195 1119 1117
f 1197 1119 1195
f 1120 1196 1118
f 1120 1198 1196
f 1197 1121 1119
f 1199 1121 1197
f 1124 1198 1120
f 1124 1200 1198
f 1199 1125 1121
f 1201 1125 1199
f 1128 1200 1124
f 1128 1202 1200
f 1201 1129 1125
f 1203 1129 1201
f 1131 1202 1128
f 1131 1204 1202
f 1203 1205 1129
f 1129 1205 1132
f 1132 1206 1133
f 1205 1206 1132
f 1134 1133 1206
f 1134 1206 1207
f 1136 1204 1131
f 1136 1208 1204
f 1207 1137 1134
f 1209 1137 1207
f 1211 1210 1138
f 1211 1138 1139
f 1138 1212 1140
f 1210 1212 1138
f 1141 1140 1212
f 1141 1212 1213
f 1143 1214 1142
f 1214 1215 1142
f 1215 1136 1142
f 1215 1208 1136
f 1209 1216 1137
f 1137 1216 1144
f 1144 1217 1145
f 1216 1217 1144
f 1139 1145 1211
f 1211 1145 1217
f 1213 1218 1141
f 1141 1218 1146
f 1147 1146 1218
f 1147 1218 1219
f 1221 1220 1214
f 1143 1221 1214
f 1148 1221 1143
f 1214 1220 1215
f 1219 1149 1147
f 1222 1149 1219
f 1150 1221 1148
f 1150 1223 1221
f 1222 1224 1149
f 1149 1224 1151
f 1151 1225 1152
f 1224 1225 1151
f 1153 1152 1225
f 1153 1225 1226
f 1154 1223 1150
f 1154 1227 1223
f 1155 1153 1228
f 1153 1229 1228
f 1153 1226 1229
f 1155 1228 1230
f 1231 1155 1230
f 1156 1155 1231
f 1156 1232 1157
f 1231 1232 1156
f 1157 1233 1158
f 1232 1233 1157
f 1158 1234 1159
f 1233 1234 1158
f 1159 1235 1160
f 1234 1235 1159
f 1161 1160 1235
f 1161 1235 1236
f 1162 1227 1154
f 1162 1237 1227
f 1229 1238 1228
f 1228 1238 1230
f 1236 1163 1161
f 1239 1163 1236
f 1164 1237 1162
f 1164 1240 1237
f 1239 1241 1163
f 1163 1241 1165
f 1164 1165 1240
f 1240 1165 1241
f 1243 1242 1167
f 1167 1242 1166
f 1167 1168 1243
f 1243 1168 1244
f 1247 1246 1245
f 1249 1248 1245
f 1245 1248 1247
f 1242 1248 1249
f 1169 1242 1249
f 1166 1242 1169
f 1250 1244 1168
f 1250 1168 1170
f 1252 1251 1171
f 1251 1170 1171
f 1251 1250 1170
f 1254 1253 1252
f 1252 1253 1251
f 1254 1255 1253
f 1257 1256 1173
f 1173 1256 1172
f 1258 1173 1174
f 1258 1257 1173
f 1259 1174 1175
f 1259 1258 1174
f 1260 1175 1176
f 1260 1259 1175
f 1261 1176 1177
f 1261 1260 1176
f 1178 1245 1246
f 1261 1178 1246
f 1177 1178 1261
f 1245 1178 1179
f 1245 1179 1249
f 1249 1179 1169
f 1180 1252 1171
f 1252 1180 1181
f 1252 1181 1254
f 1181 1182 1254
f 1182 1255 1254
f 1182 1262 1255
f 1264 1263 1184
f 1184 1263 1183
f 1184 1185 1264
f 1264 1185 1265
f 1267 1266 1187
f 1187 1266 1186
f 1187 1172 1256
f 1187 1256 1267
f 1188 1262 1182
f 1188 1268 1262
f 1270 1269 1190
f 1190 1269 1189
f 1271 1190 1191
f 1271 1270 1190
f 1191 1183 1263
f 1191 1263 1271
f 1272 1265 1185
f 1272 1185 1192
f 1273 1192 1193
f 1273 1272 1192
f 1193 1186 1266
f 1193 1266 1273
f 1194 1268 1188
f 1194 1274 1268
f 1269 1195 1189
f 1275 1195 1269
f 1196 1274 1194
f 1196 1276 1274
f 1275 1197 1195
f 1277 1197 1275
f 1198 1276 1196
f 1198 1278 1276
f 1277 1199 1197
f 1279 1199 1277
f 1200 1278 1198
f 1200 1280 1278
f 1279 1201 1199
f 1281 1201 1279
f 1202 1280 1200
f 1202 1282 1280
f 1281 1203 1201
f 1283 1203 1281
f 1204 1282 1202
f 1204 1284 1282
f 1283 1285 1203
f 1203 1285 1205
f 1205 1286 1206
f 1285 1286 1205
f 1207 1206 1286
f 1207 1286 1287
f 1208 1284 1204
f 1208 1288 1284
f 1287 1209 1207
f 1289 1209 1287
f 1291 1290 1210
f 1291 1210 1211
f 1210 1292 1212
f 1290 1292 1210
f 1213 1212 1292
f 1213 1292 1293
f 1215 1288 1208
f 1215 1294 1288
f 1289 1295 1209
f 1209 1295 1216
f 1216 1296 1217
f 1295 1296 1216
f 1211 1217 1291
f 1291 1217 1296
f 1293 1297 1213
f 1213 1297 1218
f 1219 1218 1297
f 1219 1297 1298
f 1300 1299 1220
f 1300 1220 1221
f 1215 1220 1294
f 1294 1220 1299
f 1298 1222 1219
f 1301 1222 1298
f 1223 1300 1221
f 1223 1302 1300
f 1301 1303 1222
f 1222 1303 1224
f 1303 1305 1304
f 1225 1303 1304
f 1224 1303 1225
f 1304 1226 1225
f 1227 1302 1223
f 1227 1306 1302
f 1305 1307 1304
f 1226 1304 1307
f 1308 1226 1307
f 1229 1226 1308
f 1310 1309 1231
f 1310 1231 1230
f 1231 1311 1232
f 1309 1311 1231
f 1232 1312 1233
f 1311 1312 1232
f 1233 1313 1234
f 1312 1313 1233
f 1234 1314 1235
f 1313 1314 1234
f 1236 1235 1314
f 1236 1314 1315
f 1237 1306 1227
f 1237 1316 1306
f 1308 1317 1229
f 1229 1317 1238
f 1230 1238 1310
f 1310 1238 1317
f 1319 1239 1318
f 1239 1315 1318
f 1239 1236 1315
f 1318 1316 1319
f 1316 1240 1319
f 1316 1237 1240
f 1319 1241 1239
f 1241 1319 1240
f 1320 1242 1243
f 1244 1320 1243
f 1322 1321 1247
f 1247 1321 1246
f 1323 1247 1248
f 1323 1322 1247
f 1248 1242 1320
f 1324 1248 1320
f 1323 1248 1324
f 1324 1320 1244
f 1250 1324 1244
f 1325 1324 1250
f 1326 1250 1251
f 1326 1325 1250
f 1327 1251 1253
f 1327 1326 1251
f 1253 1255 1327
f 1327 1255 1328
f 1330 1329 1257
f 1257 1329 1256
f 1331 1257 1258
f 1331 1330 1257
f 1332 1258 1259
f 1332 1331 1258
f 1333 1259 1260
f 1333 1332 1259
f 1334 1260 1261
f 1334 1333 1260
f 1261 1246 1321
f 1261 1321 1334
f 1262 1328 1255
f 1262 1335 1328
f 1336 1263 1264
f 1265 1336 1264
f 1337 1266 1267
f 1338 1337 1267
f 1256 1338 1267
f 1329 1338 1256
f 1268 1335 1262
f 1268 1339 1335
f 1341 1340 1270
f 1270 1340 1269
f 1342 1270 1271
f 1342 1341 1270
f 1271 1263 1336
f 1343 1271 1336
f 1342 1271 1343
f 1343 1336 1265
f 1272 1343 1265
f 1344 1343 1272
f 1345 1272 1273
f 1345 1344 1272
f 1273 1266 1337
f 1346 1273 1337
f 1345 1273 1346
f 1346 1337 1338
f 1274 1339 1268
f 1274 1347 1339
f 1340 1275 1269
f 1348 1275 1340
f 1276 1347 1274
f 1276 1349 1347
f 1348 1277 1275
f 1350 1277 1348
f 1278 1349 1276
f 1278 1351 1349
f 1350 1279 1277
f 1352 1279 1350
f 1355 1354 1353
f 1357 1356 1353
f 1357 1353 1354
f 1358 1356 1357
f 1280 1351 1278
f 1280 1359 1351
f 1352 1281 1279
f 1360 1281 1352
f 1355 1353 1361
f 1355 1361 1362
f 1363 1353 1356
f 1361 1353 1363
f 1356 1358 1364
f 1356 1364 1363
f 1282 1359 1280
f 1282 1365 1359
f 1360 1283 1281
f 1366 1283 1360
f 1362 1361 1367
f 1362 1367 1368
f 1369 1361 1363
f 1367 1361 1369
f 1363 1364 1370
f 1363 1370 1369
f 1284 1365 1282
f 1284 1371 1365
f 1366 1372 1283
f 1283 1372 1285
f 1285 1373 1286
f 1372 1373 1285
f 1287 1286 1373
f 1287 1373 1374
f 1368 1367 1375
f 1368 1375 1376
f 1377 1367 1369
f 1375 1367 1377
f 1369 1370 1378
f 1369 1378 1377
f 1288 1371 1284
f 1288 1379 1371
f 1381 1289 1380
f 1289 1374 1380
f 1289 1287 1374
f 1381 1380 1376
f 1375 1381 1376
f 1382 1381 1375
f 1291 1382 1290
f 1382 1377 1290
f 1382 1375 1377
f 1292 1290 1377
f 1383 1292 1377
f 1378 1383 1377
f 1384 1292 1383
f 1384 1293 1292
f 1294 1379 1288
f 1294 1385 1379
f 1381 1295 1289
f 1295 1381 1296
f 1296 1381 1382
f 1296 1382 1291
f 1383 1386 1384
f 1384 1386 1293
f 1386 1297 1293
f 1386 1387 1297
f 1298 1297 1387
f 1298 1387 1388
f 1390 1389 1299
f 1390 1299 1300
f 1294 1299 1385
f 1385 1299 1389
f 1388 1301 1298
f 1391 1301 1388
f 1302 1390 1300
f 1302 1392 1390
f 1391 1393 1301
f 1301 1393 1303
f 1305 1303 1393
f 1305 1393 1394
f 1306 1392 1302
f 1306 1395 1392
f 1394 1396 1305
f 1305 1396 1307
f 1308 1307 1396
f 1308 1396 1397
f 1399 1398 1309
f 1399 1309 1310
f 1309 1400 1311
f 1398 1400 1309
f 1311 1401 1312
f 1400 1401 1311
f 1312 1402 1313
f 1401 1402 1312
f 1313 1403 1314
f 1402 1403 1313
f 1315 1314 1403
f 1315 1403 1404
f 1316 1395 1306
f 1316 1405 1395
f 1397 1406 1308
f 1308 1406 1317
f 1310 1317 1399
f 1399 1317 1406
f 1404 1407 1315
f 1315 1407 1318
f 1316 1318 1405
f 1405 1318 1407
f 1409 1408 1322
f 1322 1408 1321
f 1410 1322 1323
f 1410 1409 1322
f 1411 1323 1324
f 1411 1410 1323
f 1412 1324 1325
f 1412 1411 1324
f 1414 1412 1413
f 1412 1326 1413
f 1412 1325 1326
f 1327 1415 1326
f 1326 1415 1413
f 1328 1415 1327
f 1417 1416 1330
f 1330 1416 1329
f 1418 1330 1331
f 1418 1417 1330
f 1419 1331 1332
f 1419 1418 1331
f 1421 1419 1420
f 1419 1333 1420
f 1419 1332 1333
f 1334 1422 1333
f 1333 1422 1420
f 1423 1422 1334
f 1321 1423 1334
f 1408 1423 1321
f 1414 1413 1424
f 1414 1424 1425
f 1426 1413 1415
f 1424 1413 1426
f 1335 1426 1328
f 1328 1426 1415
f 1416 1338 1329
f 1427 1338 1416
f 1428 1421 1420
f 1428 1420 1422
f 1428 1422 1429
f 1429 1422 1423
f 1430 1425 1424
f 1430 1424 1426
f 1430 1426 1431
f 1426 1335 1431
f 1335 1432 1431
f 1335 1339 1432
f 1434 1433 1341
f 1341 1433 1340
f 1435 1341 1342
f 1435 1434 1341
f 1436 1342 1343
f 1436 1435 1342
f 1437 1343 1344
f 1437 1436 1343
f 1438 1344 1345
f 1438 1437 1344
f 1439 1345 1346
f 1439 1438 1345
f 1346 1338 1427
f 1346 1427 1439
f 1347 1432 1339
f 1347 1440 1432
f 1433 1348 1340
f 1441 1348 1433
f 1444 1443 1442
f 1446 1445 1442
f 1446 1442 1443
f 1447 1445 1446
f 1349 1440 1347
f 1349 1448 1440
f 1441 1350 1348
f 1449 1350 1441
f 1444 1442 1450
f 1444 1450 1451
f 1452 1442 1445
f 1450 1442 1452
f 1445 1447 1453
f 1454 1445 1453
f 1452 1445 1454
f 1455 1454 1453
f 1351 1448 1349
f 1351 1456 1448
f 1458 1352 1457
f 1352 1449 1457
f 1352 1350 1449
f 1459 1458 1457
f 1451 1450 1354
f 1355 1451 1354
f 1460 1451 1355
f 1354 1450 1357
f 1357 1450 1452
f 1357 1452 1358
f 1452 1461 1358
f 1452 1454 1461
f 1454 1455 1462
f 1454 1462 1461
f 1359 1456 1351
f 1359 1463 1456
f 1464 1360 1458
f 1458 1360 1352
f 1458 1459 1465
f 1466 1458 1465
f 1464 1458 1466
f 1468 1467 1466
f 1468 1466 1465
f 1468 1460 1467
f 1460 1362 1467
f 1460 1355 1362
f 1469 1364 1461
f 1461 1364 1358
f 1461 1462 1470
f 1461 1470 1469
f 1365 1463 1359
f 1365 1471 1463
f 1472 1366 1464
f 1464 1366 1360
f 1473 1464 1466
f 1472 1464 1473
f 1474 1466 1467
f 1473 1466 1474
f 1368 1474 1362
f 1362 1474 1467
f 1475 1370 1469
f 1469 1370 1364
f 1469 1470 1476
f 1469 1476 1475
f 1371 1471 1365
f 1371 1477 1471
f 1472 1372 1366
f 1372 1472 1373
f 1373 1472 1473
f 1373 1473 1374
f 1473 1478 1374
f 1473 1474 1478
f 1376 1478 1368
f 1368 1478 1474
f 1479 1378 1475
f 1475 1378 1370
f 1475 1476 1480
f 1475 1480 1479
f 1379 1477 1371
f 1379 1481 1477
f 1478 1380 1374
f 1380 1478 1376
f 1482 1383 1479
f 1479 1383 1378
f 1479 1480 1483
f 1479 1483 1482
f 1486 1485 1484
f 1485 1481 1484
f 1481 1385 1484
f 1481 1379 1385
f 1482 1386 1383
f 1387 1386 1482
f 1487 1387 1482
f 1483 1487 1482
f 1488 1387 1487
f 1488 1388 1387
f 1486 1484 1389
f 1390 1486 1389
f 1489 1486 1390
f 1389 1484 1385
f 1488 1487 1490
f 1490 1487 1491
f 1490 1391 1388
f 1490 1388 1488
f 1392 1489 1390
f 1392 1492 1489
f 1491 1493 1490
f 1490 1493 1391
f 1493 1393 1391
f 1493 1494 1393
f 1394 1393 1494
f 1394 1494 1495
f 1395 1492 1392
f 1395 1496 1492
f 1396 1394 1497
f 1394 1498 1497
f 1394 1495 1498
f 1497 1397 1396
f 1399 1499 1398
f 1398 1499 1500
f 1501 1398 1500
f 1400 1398 1501
f 1400 1502 1401
f 1501 1502 1400
f 1401 1503 1402
f 1502 1503 1401
f 1503 1505 1504
f 1403 1503 1504
f 1402 1503 1403
f 1504 1404 1403
f 1405 1496 1395
f 1405 1506 1496
f 1498 1507 1497
f 1497 1507 1397
f 1507 1406 1397
f 1507 1508 1406
f 1399 1406 1499
f 1406 1509 1499
f 1406 1508 1509
f 1499 1509 1500
f 1505 1510 1504
f 1504 1510 1404
f 1510 1407 1404
f 1510 1511 1407
f 1405 1407 1506
f 1506 1407 1511
f 1514 1513 1512
f 1516 1515 1512
f 1512 1515 1514
f 1516 1517 1515
f 1518 1408 1409
f 1410 1519 1409
f 1409 1519 1518
f 1411 1520 1410
f 1410 1520 1519
f 1412 1521 1411
f 1411 1521 1520
f 1414 1521 1412
f 1512 1513 1522
f 1522 1513 1523
f 1522 1416 1417
f 1516 1522 1417
f 1512 1522 1516
f 1524 1517 1516
f 1417 1524 1516
f 1418 1524 1417
f 1526 1524 1525
f 1524 1419 1525
f 1524 1418 1419
f 1421 1525 1419
f 1528 1527 1518
f 1527 1408 1518
f 1527 1423 1408
f 1528 1518 1519
f 1528 1519 1529
f 1531 1530 1529
f 1519 1531 1529
f 1520 1531 1519
f 1532 1520 1521
f 1531 1520 1532
f 1425 1532 1414
f 1414 1532 1521
f 1523 1533 1522
f 1427 1416 1522
f 1534 1427 1522
f 1533 1534 1522
f 1427 1534 1535
f 1536 1535 1534
f 1537 1526 1525
f 1537 1525 1421
f 1428 1537 1421
f 1538 1537 1428
f 1539 1428 1429
f 1539 1538 1428
f 1429 1423 1527
f 1429 1527 1539
f 1540 1530 1531
f 1542 1541 1540
f 1531 1542 1540
f 1532 1542 1531
f 1430 1543 1425
f 1543 1532 1425
f 1543 1542 1532
f 1431 1544 1430
f 1430 1544 1543
f 1432 1544 1431
f 1545 1433 1434
f 1435 1546 1434
f 1434 1546 1545
f 1436 1547 1435
f 1435 1547 1546
f 1437 1548 1436
f 1436 1548 1547
f 1438 1549 1437
f 1437 1549 1548
f 1439 1550 1438
f 1438 1550 1549
f 1427 1535 1439
f 1535 1550 1439
f 1535 1551 1550
f 1535 1536 1552
f 1535 1552 1551
f 1553 1541 1542
f 1555 1554 1553
f 1542 1555 1553
f 1543 1555 1542
f 1556 1543 1544
f 1555 1543 1556
f 1440 1556 1432
f 1432 1556 1544
f 1557 1441 1545
f 1545 1441 1433
f 1558 1545 1546
f 1557 1545 1558
f 1559 1546 1547
f 1558 1546 1559
f 1444 1559 1443
f 1559 1548 1443
f 1559 1547 1548
f 1443 1548 1446
f 1446 1548 1549
f 1446 1549 1447
f 1549 1560 1447
f 1549 1550 1560
f 1561 1550 1551
f 1560 1550 1561
f 1551 1552 1562
f 1551 1562 1561
f 1563 1554 1555
f 1563 1555 1556
f 1563 1556 1564
f 1556 1440 1564
f 1440 1565 1564
f 1440 1448 1565
f 1566 1449 1557
f 1557 1449 1441
f 1567 1557 1558
f 1566 1557 1567
f 1568 1558 1559
f 1567 1558 1568
f 1451 1568 1444
f 1444 1568 1559
f 1560 1453 1447
f 1453 1560 1455
f 1560 1569 1455
f 1560 1561 1569
f 1561 1562 1570
f 1561 1570 1569
f 1456 1565 1448
f 1456 1571 1565
f 1566 1457 1449
f 1457 1566 1459
f 1566 1572 1459
f 1566 1567 1572
f 1573 1567 1568
f 1572 1567 1573
f 1460 1573 1451
f 1451 1573 1568
f 1574 1462 1569
f 1569 1462 1455
f 1569 1570 1575
f 1569 1575 1574
f 1463 1571 1456
f 1463 1576 1571
f 1572 1465 1459
f 1465 1572 1468
f 1468 1572 1573
f 1468 1573 1460
f 1577 1470 1574
f 1574 1470 1462
f 1574 1575 1578
f 1574 1578 1577
f 1471 1576 1463
f 1471 1579 1576
f 1580 1476 1577
f 1577 1476 1470
f 1577 1578 1581
f 1577 1581 1580
f 1477 1579 1471
f 1477 1582 1579
f 1583 1480 1580
f 1580 1480 1476
f 1580 1581 1584
f 1580 1584 1583
f 1481 1582 1477
f 1481 1585 1582
f 1586 1483 1583
f 1583 1483 1480
f 1583 1584 1587
f 1583 1587 1586
f 1590 1589 1588
f 1591 1588 1589
f 1593 1592 1485
f 1593 1485 1486
f 1481 1485 1585
f 1585 1485 1592
f 1594 1487 1586
f 1586 1487 1483
f 1586 1587 1595
f 1586 1595 1594
f 1598 1597 1596
f 1596 1597 1590
f 1588 1596 1590
f 1599 1596 1588
f 1588 1591 1600
f 1588 1600 1599
f 1489 1593 1486
f 1489 1601 1593
f 1602 1491 1594
f 1594 1491 1487
f 1594 1595 1603
f 1594 1603 1602
f 1598 1596 1604
f 1598 1604 1605
f 1606 1596 1599
f 1604 1596 1606
f 1599 1600 1607
f 1608 1599 1607
f 1606 1599 1608
f 1609 1608 1607
f 1492 1601 1489
f 1492 1610 1601
f 1602 1493 1491
f 1603 1611 1602
f 1611 1493 1602
f 1611 1494 1493
f 1495 1494 1611
f 1495 1611 1612
f 1605 1604 1613
f 1605 1613 1614
f 1615 1604 1606
f 1613 1604 1615
f 1616 1606 1608
f 1615 1606 1616
f 1608 1609 1617
f 1608 1617 1616
f 1620 1619 1618
f 1619 1610 1618
f 1610 1496 1618
f 1610 1492 1496
f 1612 1498 1495
f 1621 1498 1612
f 1614 1613 1622
f 1614 1622 1623
f 1624 1613 1615
f 1622 1613 1624
f 1500 1624 1501
f 1624 1616 1501
f 1624 1615 1616
f 1502 1501 1616
f 1625 1502 1616
f 1617 1625 1616
f 1626 1502 1625
f 1627 1503 1502
f 1627 1502 1626
f 1505 1503 1627
f 1630 1629 1628
f 1630 1628 1620
f 1618 1630 1620
f 1631 1630 1618
f 1506 1631 1496
f 1496 1631 1618
f 1621 1632 1498
f 1498 1632 1507
f 1622 1508 1623
f 1508 1632 1623
f 1508 1507 1632
f 1508 1622 1509
f 1509 1622 1624
f 1509 1624 1500
f 1625 1633 1626
f 1626 1633 1627
f 1627 1633 1634
f 1629 1630 1634
f 1630 1510 1634
f 1505 1627 1634
f 1505 1634 1510
f 1510 1630 1511
f 1511 1630 1631
f 1511 1631 1506
f 1635 1513 1514
f 1515 1636 1514
f 1514 1636 1635
f 1517 1636 1515
f 1637 1523 1635
f 1635 1523 1513
f 1638 1635 1636
f 1637 1635 1638
f 1638 1636 1517
f 1639 1638 1517
f 1524 1639 1517
f 1640 1638 1639
f 1524 1526 1639
f 1639 1526 1641
f 1642 1527 1528
f 1529 1643 1528
f 1528 1643 1642
f 1530 1643 1529
f 1637 1533 1523
f 1533 1637 1534
f 1534 1637 1638
f 1536 1534 1638
f 1640 1536 1638
f 1644 1536 1640
f 1526 1537 1645
f 1646 1526 1645
f 1641 1526 1646
f 1538 1647 1537
f 1537 1647 1645
f 1539 1648 1538
f 1538 1648 1647
f 1527 1642 1539
f 1642 1648 1539
f 1642 1649 1648
f 1650 1642 1643
f 1649 1642 1650
f 1540 1651 1530
f 1651 1643 1530
f 1651 1650 1643
f 1541 1651 1540
f 1644 1552 1536
f 1652 1552 1644
f 1653 1646 1645
f 1653 1645 1647
f 1653 1647 1654
f 1654 1647 1648
f 1654 1648 1655
f 1657 1656 1655
f 1648 1657 1655
f 1649 1657 1648
f 1658 1649 1650
f 1657 1649 1658
f 1659 1650 1651
f 1658 1650 1659
f 1553 1660 1541
f 1660 1651 1541
f 1660 1659 1651
f 1554 1660 1553
f 1652 1562 1552
f 1661 1562 1652
f 1662 1656 1657
f 1664 1663 1662
f 1657 1664 1662
f 1658 1664 1657
f 1665 1658 1659
f 1664 1658 1665
f 1666 1659 1660
f 1665 1659 1666
f 1563 1667 1554
f 1667 1660 1554
f 1667 1666 1660
f 1564 1668 1563
f 1563 1668 1667
f 1565 1668 1564
f 1661 1570 1562
f 1669 1570 1661
f 1670 1663 1664
f 1670 1664 1665
f 1670 1665 1671
f 1673 1672 1671
f 1665 1673 1671
f 1666 1673 1665
f 1674 1666 1667
f 1673 1666 1674
f 1668 1676 1675
f 1674 1668 1675
f 1667 1668 1674
f 1668 1565 1676
f 1565 1677 1676
f 1565 1571 1677
f 1669 1575 1570
f 1678 1575 1669
f 1679 1672 1673
f 1679 1673 1674
f 1679 1674 1680
f 1680 1674 1675
f 1576 1677 1571
f 1576 1681 1677
f 1678 1578 1575
f 1682 1578 1678
f 1579 1681 1576
f 1579 1683 1681
f 1682 1581 1578
f 1684 1581 1682
f 1687 1686 1685
f 1686 1683 1685
f 1683 1582 1685
f 1683 1579 1582
f 1684 1584 1581
f 1688 1584 1684
f 1687 1685 1689
f 1687 1689 1690
f 1585 1689 1582
f 1582 1689 1685
f 1688 1587 1584
f 1691 1587 1688
f 1694 1693 1692
f 1589 1590 1692
f 1693 1589 1692
f 1695 1589 1693
f 1591 1589 1695
f 1591 1695 1696
f 1690 1689 1592
f 1593 1690 1592
f 1697 1690 1593
f 1592 1689 1585
f 1691 1595 1587
f 1698 1595 1691
f 1694 1692 1597
f 1598 1694 1597
f 1699 1694 1598
f 1597 1692 1590
f 1701 1600 1700
f 1600 1696 1700
f 1600 1591 1696
f 1702 1701 1700
f 1705 1704 1703
f 1704 1697 1703
f 1697 1601 1703
f 1697 1593 1601
f 1698 1603 1595
f 1706 1603 1698
f 1605 1699 1598
f 1605 1707 1699
f 1701 1607 1600
f 1709 1708 1609
f 1709 1609 1607
f 1702 1709 1607
f 1701 1702 1607
f 1711 1710 1708
f 1711 1708 1709
f 1713 1712 1710
f 1713 1710 1711
f 1712 1713 1705
f 1703 1712 1705
f 1714 1712 1703
f 1610 1714 1601
f 1601 1714 1703
f 1611 1603 1715
f 1603 1716 1715
f 1603 1706 1716
f 1715 1612 1611
f 1614 1707 1605
f 1614 1717 1707
f 1718 1617 1708
f 1708 1617 1609
f 1719 1708 1710
f 1718 1708 1719
f 1720 1710 1712
f 1719 1710 1720
f 1620 1720 1619
f 1720 1714 1619
f 1720 1712 1714
f 1619 1714 1610
f 1716 1721 1715
f 1612 1715 1721
f 1722 1612 1721
f 1621 1612 1722
f 1623 1717 1614
f 1623 1723 1717
f 1724 1625 1718
f 1718 1625 1617
f 1725 1718 1719
f 1724 1718 1725
f 1629 1725 1628
f 1725 1720 1628
f 1725 1719 1720
f 1628 1720 1620
f 1632 1621 1726
f 1621 1727 1726
f 1621 1722 1727
f 1726 1728 1632
f 1728 1623 1632
f 1728 1723 1623
f 1724 1633 1625
f 1633 1724 1634
f 1634 1724 1725
f 1634 1725 1629
f 1727 1729 1726
f 1726 1729 1728
f 1730 1640 1639
f 1641 1730 1639
f 1731 1644 1730
f 1730 1644 1640
f 1646 1731 1641
f 1641 1731 1730
f 1732 1652 1731
f 1731 1652 1644
f 1653 1733 1646
f 1733 1731 1646
f 1733 1732 1731
f 1654 1734 1653
f 1653 1734 1733
f 1655 1735 1654
f 1654 1735 1734
f 1656 1735 1655
f 1736 1661 1732
f 1732 1661 1652
f 1733 1738 1737
f 1736 1733 1737
f 1732 1733 1736
f 1740 1739 1738
f 1733 1740 1738
f 1734 1740 1733
f 1741 1734 1735
f 1740 1734 1741
f 1662 1742 1656
f 1742 1735 1656
f 1742 1741 1735
f 1663 1742 1662
f 1743 1669 1736
f 1736 1669 1661
f 1736 1737 1744
f 1736 1744 1743
f 1745 1739 1740
f 1747 1746 1745
f 1740 1747 1745
f 1741 1747 1740
f 1748 1741 1742
f 1747 1741 1748
f 1670 1749 1663
f 1749 1742 1663
f 1749 1748 1742
f 1671 1750 1670
f 1670 1750 1749
f 1672 1750 1671
f 1751 1675 1676
f 1677 1751 1676
f 1752 1678 1743
f 1743 1678 1669
f 1743 1744 1753
f 1743 1753 1752
f 1746 1747 1754
f 1746 1754 1755
f 1756 1747 1748
f 1754 1747 1756
f 1757 1748 1749
f 1756 1748 1757
f 1758 1749 1750
f 1757 1749 1758
f 1679 1759 1672
f 1759 1750 1672
f 1759 1758 1750
f 1680 1760 1679
f 1679 1760 1759
f 1675 1751 1680
f 1751 1760 1680
f 1751 1761 1760
f 1681 1761 1677
f 1677 1761 1751
f 1763 1762 1752
f 1762 1678 1752
f 1762 1682 1678
f 1763 1752 1753
f 1764 1755 1754
f 1764 1754 1756
f 1764 1756 1765
f 1765 1756 1757
f 1765 1757 1766
f 1766 1757 1758
f 1766 1758 1767
f 1769 1768 1767
f 1758 1769 1767
f 1759 1769 1758
f 1770 1759 1760
f 1769 1759 1770
f 1771 1760 1761
f 1770 1760 1771
f 1683 1771 1681
f 1681 1771 1761
f 1762 1684 1682
f 1772 1684 1762
f 1773 1768 1769
f 1775 1774 1773
f 1769 1775 1773
f 1770 1775 1769
f 1687 1775 1686
f 1775 1771 1686
f 1775 1770 1771
f 1686 1771 1683
f 1772 1688 1684
f 1776 1688 1772
f 1779 1778 1777
f 1781 1780 1777
f 1781 1777 1778
f 1783 1782 1780
f 1783 1780 1781
f 1784 1782 1783
f 1787 1786 1785
f 1785 1786 1774
f 1775 1785 1774
f 1788 1785 1775
f 1690 1788 1687
f 1687 1788 1775
f 1776 1691 1688
f 1789 1691 1776
f 1779 1777 1693
f 1694 1779 1693
f 1790 1779 1694
f 1693 1777 1695
f 1695 1777 1780
f 1695 1780 1696
f 1780 1791 1696
f 1780 1782 1791
f 1782 1784 1792
f 1793 1782 1792
f 1791 1782 1793
f 1795 1794 1793
f 1795 1793 1792
f 1794 1795 1787
f 1785 1794 1787
f 1796 1794 1785
f 1797 1785 1788
f 1796 1785 1797
f 1697 1797 1690
f 1690 1797 1788
f 1789 1698 1691
f 1798 1698 1789
f 1699 1790 1694
f 1699 1799 1790
f 1791 1700 1696
f 1700 1791 1702
f 1791 1800 1702
f 1791 1793 1800
f 1801 1793 1794
f 1800 1793 1801
f 1802 1794 1796
f 1801 1794 1802
f 1705 1802 1704
f 1802 1797 1704
f 1802 1796 1797
f 1704 1797 1697
f 1798 1706 1698
f 1803 1706 1798
f 1707 1799 1699
f 1707 1804 1799
f 1800 1709 1702
f 1709 1800 1711
f 1711 1800 1801
f 1711 1801 1713
f 1713 1801 1802
f 1713 1802 1705
f 1803 1716 1706
f 1805 1716 1803
f 1717 1804 1707
f 1717 1806 1804
f 1721 1716 1807
f 1716 1808 1807
f 1716 1805 1808
f 1807 1722 1721
f 1723 1806 1717
f 1723 1809 1806
f 1807 1808 1810
f 1810 1808 1811
f 1810 1727 1722
f 1810 1722 1807
f 1728 1809 1723
f 1728 1812 1809
f 1811 1813 1810
f 1810 1813 1727
f 1813 1729 1727
f 1813 1814 1729
f 1728 1729 1812
f 1812 1729 1814
f 1815 1737 1738
f 1739 1815 1738
f 1816 1744 1815
f 1815 1744 1737
f 1745 1817 1739
f 1817 1815 1739
f 1817 1816 1815
f 1746 1817 1745
f 1818 1753 1816
f 1816 1753 1744
f 1819 1816 1817
f 1818 1816 1819
f 1755 1819 1746
f 1746 1819 1817
f 1820 1762 1763
f 1753 1818 1763
f 1818 1820 1763
f 1818 1821 1820
f 1822 1818 1819
f 1821 1818 1822
f 1764 1823 1755
f 1823 1819 1755
f 1823 1822 1819
f 1765 1824 1764
f 1764 1824 1823
f 1766 1825 1765
f 1765 1825 1824
f 1767 1826 1766
f 1766 1826 1825
f 1768 1826 1767
f 1827 1772 1820
f 1820 1772 1762
f 1828 1820 1821
f 1827 1820 1828
f 1829 1821 1822
f 1828 1821 1829
f 1830 1822 1823
f 1829 1822 1830
f 1831 1823 1824
f 1830 1823 1831
f 1832 1824 1825
f 1831 1824 1832
f 1833 1825 1826
f 1832 1825 1833
f 1773 1834 1768
f 1834 1826 1768
f 1834 1833 1826
f 1774 1834 1773
f 1835 1776 1827
f 1827 1776 1772
f 1836 1827 1828
f 1835 1827 1836
f 1779 1836 1778
f 1836 1829 1778
f 1836 1828 1829
f 1778 1829 1781
f 1781 1829 1830
f 1781 1830 1783
f 1783 1830 1831
f 1783 1831 1784
f 1831 1837 1784
f 1831 1832 1837
f 1838 1832 1833
f 1837 1832 1838
f 1787 1838 1786
f 1838 1834 1786
f 1838 1833 1834
f 1786 1834 1774
f 1839 1789 1835
f 1835 1789 1776
f 1840 1835 1836
f 1839 1835 1840
f 1790 1840 1779
f 1779 1840 1836
f 1837 1792 1784
f 1792 1837 1795
f 1795 1837 1838
f 1795 1838 1787
f 1841 1798 1839
f 1839 1798 1789
f 1842 1839 1840
f 1841 1839 1842
f 1799 1842 1790
f 1790 1842 1840
f 1843 1803 1841
f 1841 1803 1798
f 1844 1841 1842
f 1843 1841 1844
f 1804 1844 1799
f 1799 1844 1842
f 1845 1805 1843
f 1843 1805 1803
f 1846 1843 1844
f 1845 1843 1846
f 1806 1846 1804
f 1804 1846 1844
f 1847 1808 1845
f 1845 1808 1805
f 1848 1845 1846
f 1847 1845 1848
f 1809 1848 1806
f 1806 1848 1846
f 1849 1811 1847
f 1847 1811 1808
f 1850 1847 1848
f 1849 1847 1850
f 1812 1850 1809
f 1809 1850 1848
f 1849 1813 1811
f 1813 1849 1814
f 1814 1849 1850
f 1814 1850 1812

