# https://github.com/mikedh/trimesh
v 66979.93981354 3630.28993203 24054.87494978
v 66808.67274431 3358.23421997 23036.30304913
v 66131.71280380 2668.98014456 23931.83191161
v 66328.28257360 3001.72790779 25056.60053877
v 67216.71222466 5460.97770838 18264.77338541
v 66868.95273863 5750.45801252 17333.06742202
v 66281.00735496 4785.45805822 17758.12273461
v 66620.32364908 4361.36986329 18930.11106216
v 67442.18863582 5195.20079044 19620.39740822
v 66781.76822177 4016.22094161 20319.66349300
v 67508.59115461 4906.20215811 21182.77901517
v 66829.35676559 3669.72949824 21813.59855161
v 67430.42719206 4522.44500117 22876.26927193
v 67399.07308305 4639.33909599 24223.48858342
v 66916.30883342 4062.70097320 25286.72515008
v 67468.06848985 6704.23547352 17715.40136158
v 66789.22021197 6770.43117978 16819.61844209
v 67782.60247175 6556.04383362 18988.28044889
v 67878.59178837 6346.81560975 20538.03585810
v 67818.01638360 6065.52156757 22192.70630300
v 67645.02312332 5794.85982730 23769.93156210
v 67298.61447646 5422.11452157 25200.57177248
v 67412.19027553 8072.54785499 17245.63361975
v 66590.12186820 8205.54007635 16395.86030922
v 67812.23938898 8019.87212010 18410.57579058
v 67917.50741165 7913.45345028 19922.03374580
v 67857.29152965 7631.10750894 21614.64809290
v 67681.19656090 7288.57702211 23291.07851354
v 67393.62728569 6888.09151197 24882.35148033
v 67190.53137491 9584.37428100 16938.37239374
v 66293.55410136 9831.32987179 16088.16656447
v 67649.01585339 9261.04258062 17864.28721579
v 67642.39934078 9644.10502723 19200.94006151
v 67571.09341930 9214.83146567 21014.02076269
v 67379.07602710 8805.60417632 22782.50466879
v 67175.04377862 8337.65954219 24472.12714994
v 66857.37859863 11080.61818731 16709.85255240
v 65886.74413774 11492.20972082 15893.12880591
v 67330.22482170 10779.55682262 17861.35324723
v 67045.02899001 11231.76279214 19086.97314256
v 67090.71148838 10624.33315245 20420.02451619
v 66709.78791428 10287.60387465 22124.47216966
v 66527.01649173 9662.45525992 24081.40557404
v 66544.42769019 12105.62332899 16602.99142850
v 66000.74421588 12480.39404082 16388.28194774
v 66890.94101488 11997.88171293 17326.89185840
v 66889.44915697 11891.25305843 18180.85544326
v 66308.24718418 12643.87355823 17047.29306654
v 66478.72850509 12481.46162689 17804.60460564
v 66002.15826466 2729.33577986 22570.86244902
v 64948.07909222 1974.69948059 23479.56444555
v 64975.45492699 1876.60955722 25430.92590290
v 65958.60121029 3204.69699525 26629.69547996
v 64494.63618290 1808.85999298 27698.58496357
v 65329.48858769 3105.32771577 28460.02716715
v 64559.83170026 2324.57844518 29064.01954112
v 65943.43011215 5563.92580893 16867.71808448
v 64978.76317108 4467.32287333 17417.14037540
v 65437.96960011 3819.43897744 18547.28016613
v 65888.24871819 3521.89661392 19663.38127909
v 65700.00049878 2975.95091089 21051.49379354
v 66702.26794848 4836.91589311 26634.43919752
v 66083.37017229 4236.91299568 27904.92400771
v 64632.03603480 3039.99309769 30036.60876271
v 65582.80681807 4370.84093403 29460.03430238
v 64915.67440310 4091.59267777 30881.45779420
v 65658.67751358 6792.18351462 16247.05164498
v 66955.62204816 6403.09784658 26453.47177946
v 66287.51030229 5875.24550426 28388.17312086
v 65812.77081368 5511.96396851 29890.03513436
v 65379.11437321 4959.96916796 30709.72748619
v 65369.77704510 8325.04312155 15809.23301553
v 66881.37644932 7888.32873695 26071.78570549
v 66533.81407094 7405.41941317 27536.21656354
v 65920.33729688 6463.76304890 29906.94976187
v 65976.85025956 7801.72726318 29329.15932719
v 65652.09854942 7165.03624021 30886.93914798
v 65603.78529387 8120.00677229 30879.14871230
v 65344.85834054 7832.94788827 31826.26201099
v 65012.20040996 10030.08811799 15458.55199823
v 66511.30096275 9075.62671366 25618.41385201
v 66126.90365531 8867.60722033 27389.40161507
v 65643.48373026 9246.32813907 29024.81122873
v 65429.54787484 9033.01988718 30468.10307511
v 65243.04926387 8669.47588159 31702.59234789
v 65108.74099781 11233.39599820 15283.15227628
v 64652.83495402 11512.23878539 15169.15191879
v 64413.55604338 10869.88820294 15129.65815728
v 66535.16769894 11533.85776899 19975.57520891
v 66349.37822616 11243.05512454 21052.16378162
v 65931.73469686 11104.58482911 22006.03685906
v 65426.26231699 10737.53861465 23393.14235252
v 65380.41838222 10211.36101451 26006.43851265
v 65382.50526558 9968.03894276 28056.62574417
v 65078.51049686 11809.51456226 15456.85268674
v 65155.26200066 12405.38253312 16023.27724716
v 65724.38007295 11788.65391013 20364.07408104
v 66036.30775506 12172.70380350 18903.63993934
v 65651.52258926 11504.06789179 21330.90436043
v 65505.83022033 12854.17064241 16775.50778324
v 65689.54985090 12769.16222189 17680.16913147
v 63881.76545801 1008.58967133 26705.99757274
v 63580.86894315 904.44856592 25651.75947532
v 62747.24545533 459.24737290 26535.56363612
v 63144.59064456 634.56405441 27377.33837700
v 63725.18028185 992.51004401 27552.09543201
v 62967.16920156 921.74856686 28423.55261152
v 64972.03579656 2249.66532827 22156.84349347
v 64379.10269652 2306.57490960 21226.50679589
v 63493.22861049 1632.89346746 22459.41396663
v 63590.04436287 1190.47878308 24320.78680330
v 63681.54020041 1713.38423140 29329.18500345
v 64150.11790143 2261.32847966 29791.81282586
v 63383.55685226 2162.25622011 30727.94161932
v 64516.07730400 5495.94549366 16547.05733362
v 63387.57105139 4327.70113539 17236.20211289
v 63950.63666374 3511.41014115 18295.36798920
v 64486.76215973 2912.13014483 19776.97699889
v 63905.18348076 3261.61140880 31881.76434683
v 64704.57533135 4984.14629217 32329.71283109
v 63759.28742915 3801.26229855 33466.52002357
v 63996.77339257 4801.08617913 34435.04799378
v 63139.42543605 3447.42123907 35054.40483867
v 63568.04485565 4490.42484841 35818.94437432
v 62991.84299336 3702.34281948 36673.33117134
v 63410.73382606 4830.79945104 36891.14027142
v 62903.06655087 4217.09006592 37732.20818344
v 64196.88602658 6872.38487361 15927.82157883
v 65504.47082214 5964.94273941 31000.88718456
v 65140.39835537 6783.68617763 32229.58977670
v 64487.97884045 6410.66096958 33929.28959991
v 63861.91356438 5860.40624896 35825.75960258
v 63448.74745599 5807.26528870 37165.84497141
v 63102.73929864 5120.08311277 37835.24324747
v 63914.10232518 8368.83083314 15543.53124497
v 64708.25324763 8380.49982832 33231.36256141
v 64017.79247777 7717.77916664 35312.80520083
v 63445.29999726 7097.08716203 36927.46005622
v 63472.13318730 9791.97569640 15382.53240281
v 64906.92948985 10249.73121891 29796.47148625
v 64723.56003456 9845.08981773 31887.52705779
v 64202.02975503 10038.27458363 33574.08381738
v 63801.92330887 9551.98571325 35018.60488433
v 63237.98148524 8902.77939392 36670.58337556
v 64161.40043728 11355.59612107 15132.70157532
v 63703.83188224 10868.82989586 15222.00073001
v 64819.90458760 11620.59552794 21127.13034397
v 63587.35421625 11498.86715104 20752.55147399
v 64671.29472363 11991.44323387 19771.63805593
v 65199.69579519 11301.66797897 22072.92103159
v 63964.73540067 11148.25435374 22510.80644168
v 63821.59273493 10883.13613637 24949.22718629
v 64178.13530357 10953.38677993 26560.92565214
v 63280.98658104 11133.54486453 26503.60727681
v 64461.43544214 10857.48963616 28063.12206987
v 64043.24038761 11189.53730578 29763.25477638
v 64085.68188116 11071.83737024 31254.13994266
v 63852.69482960 11063.73428653 32925.16207814
v 63418.44383595 11023.42167417 34557.00081719
v 62633.61028391 10894.12332369 36455.15414788
v 64147.83593576 11793.44051101 15573.20849963
v 64255.06168693 12451.45636387 16212.21692958
v 64687.69177334 12479.84518311 18417.28777739
v 63617.41745899 11256.27595797 27489.23951475
v 63194.00828058 11536.98606207 28960.18950375
v 63158.08290516 11765.74417496 30832.25004430
v 63279.68162707 11780.50422628 32263.41423021
v 62794.44992597 12079.42381059 33812.79746475
v 62597.25871987 11937.46310756 35277.85479583
v 64734.35256943 12807.00683038 16576.03335210
v 64738.30441803 12838.13737941 17320.88234660
v 61015.37710921 -3692.96535207 42061.11190742
v 60535.57937163 -4035.21426464 41194.30291348
v 60541.64673648 -4770.99691563 41962.89876928
v 60862.22744330 -4573.24498726 42934.74717881
v 61202.88298565 -3363.98290343 42998.35986588
v 60986.79616213 -4007.33968335 43835.70495198
v 60944.38690188 -2874.24171490 41223.24838612
v 60727.97045916 -2458.73486033 40577.73537088
v 60485.09369254 -3217.70293498 40501.89385298
v 61216.35066424 -2534.14209739 42157.83348523
v 61244.46255858 -2372.85914923 43130.74025099
v 61115.75338862 -2950.76694772 43851.09819837
v 62262.07383504 467.84815597 25279.83269739
v 61181.46678720 24.12071694 26545.07966456
v 61940.94916595 298.26757411 27674.11293593
v 61186.29830121 403.16078046 29074.26113286
v 60980.83414193 -1396.64394577 41038.42680124
v 61185.42243564 -1528.84465586 42571.27260690
v 63024.54318834 2090.44548785 20725.95940835
v 61379.24380036 1279.47659645 21669.43392975
v 61843.95795399 759.22920663 23616.77544793
v 62041.32998024 1147.02277321 30251.92745271
v 62108.20468912 1646.73169110 31633.55970721
v 62218.47704966 2516.95436166 36279.95733752
v 62246.13098825 2394.83790467 34941.03016766
v 61279.08601964 1565.71180611 35480.56162388
v 61129.81082932 1193.15387220 37336.32694313
v 62213.90597730 2957.10845123 37990.14963893
v 61506.93905308 1625.06134829 39163.23950798
v 61909.82160310 3000.62580979 39454.09320176
v 61540.73636055 2247.48568443 40351.82422173
v 62646.25275305 5585.91570774 16421.25939089
v 61615.03768637 4113.17771819 17333.94950506
v 62497.53712543 3403.31159154 18064.44447221
v 62726.30240536 2716.13585746 19217.49207443
v 62797.25712365 2281.61087059 32153.72845776
v 62773.50381217 2666.72521658 33540.51253440
v 62345.47240945 4665.43711462 39029.04703504
v 61618.96584727 3643.05270803 40580.24247863
v 62840.91061337 7091.81514411 15822.66013606
v 62937.09377369 6222.20974033 38123.42447547
v 62162.29412097 6660.97883948 39336.96006738
v 61344.20460076 5682.91337433 40886.03595183
v 62402.50343811 8217.92359155 15654.39255163
v 62618.41814386 8026.10612672 38219.73385604
v 61893.31611581 8008.94538660 39407.16768585
v 61493.00875607 7339.26077711 40214.61315802
v 62082.93612210 9245.25363556 15733.76222233
v 62370.59576444 9837.69020260 37828.07136745
v 61781.26094340 9256.51713070 39033.99645209
v 63687.42983745 11269.32062692 15308.19083136
v 62696.99490943 10681.31761148 15866.88811860
v 62579.65718066 11217.29216817 20413.20358926
v 63129.52846124 11739.47874328 19133.85921921
v 62433.81170499 10903.01631637 21669.48568156
v 62308.70736725 10701.22368892 23725.22376038
v 62638.21424626 11368.00550676 27624.08218608
v 61860.05269481 10852.33047656 26145.93380314
v 62121.20806790 11674.73863612 28845.98745015
v 61397.25452491 11345.15329511 28109.50822313
v 61251.82857936 11749.42040570 29360.59538367
v 61998.20167296 10899.39570595 37738.13624707
v 61512.46418457 10620.42846657 38628.84017346
v 63936.44448107 12557.64930887 16925.36268271
v 63298.51479829 11885.32895132 16439.57537997
v 63847.27301631 12456.24676818 17832.79828626
v 62941.07601674 11926.30363481 17565.48795003
v 61816.36229205 12028.36931425 30410.56735524
v 62028.72693430 12397.17345928 32461.11348813
v 61780.27271509 12811.03967021 34002.32417342
v 60805.49525727 13021.85343010 33736.47655861
v 61904.57373740 12711.35891912 35068.81188277
v 61743.25028453 12360.69749038 36312.12068792
v 61196.49392829 11853.92299460 37872.85633636
v 60947.58242289 13192.25187997 34970.70547267
v 61046.48885318 13055.18435768 35952.96331530
v 59585.22263764 -8697.08443224 46715.81212576
v 59369.08844816 -9162.13589704 45455.12281289
v 58856.71461655 -10048.41694874 46322.92047057
v 58909.97474098 -9767.25117828 47629.09537819
v 59357.63852519 -8764.65320980 48051.28242912
v 58847.85614138 -9484.63695876 48529.09478708
v 58949.93799256 -8793.73940597 48852.72976701
v 58371.54025326 -9408.83256462 49109.94529124
v 59740.23200653 -7422.62630117 43528.42524561
v 59068.11709063 -7508.73913743 42168.39179385
v 58887.14620701 -8746.10825205 43036.18704324
v 59237.19923984 -8937.31454155 44222.84829847
v 59936.22497338 -7599.07796547 45230.29733186
v 60001.84003925 -7276.29205747 46651.72291235
v 59745.52219024 -7787.11648255 47579.21537884
v 59269.96196234 -7649.23735160 48612.90418890
v 58231.22908970 -8355.74059229 49481.21441221
v 60153.17736976 -5928.67621927 42618.91737008
v 59519.66527716 -5581.80337711 41122.42903704
v 60490.81358193 -5571.40267272 44179.56073698
v 60265.33360049 -5772.38387800 46004.65714239
v 59809.03856449 -6292.61875392 47640.93572146
v 59210.70638532 -6300.04481708 48768.55502133
v 58626.94372271 -7003.65657049 49348.32174629
v 60002.97363282 -4126.15104033 40484.73821082
v 60637.75445283 -3486.75716834 45153.64083073
v 59973.07865327 -4239.23504085 47052.02090786
v 59272.24982081 -4880.57619638 48437.98088995
v 60099.58292148 -2442.79480962 39700.24749333
v 59985.10738665 -3513.19122344 40064.72114300
v 60922.96346865 -1470.26527953 44037.21502050
v 60518.96429794 -1784.13112239 45374.24354107
v 59949.51408654 -2004.96112622 46646.07304284
v 59217.23456824 -2995.78991966 48105.63234755
v 60238.19328797 -55.80391159 25015.96353045
v 59534.80999382 -408.28619238 26676.74708436
v 60019.78907196 -159.34261967 28103.50774561
v 59752.67175420 48.69174286 29494.33616106
v 60670.11955721 -307.97987665 39079.11508350
v 59782.69842089 -426.19837092 37348.06219633
v 59585.84164630 -1557.80531465 38356.44731496
v 61216.99848464 759.54409854 40658.83676296
v 61058.02463657 115.26636263 42498.27656091
v 60679.76300779 439.56242077 44031.04989070
v 60204.03693408 -169.24781269 45490.54377776
v 59338.40479273 -63.60315961 47081.90233010
v 59102.25419997 -1358.21710662 47882.11382296
v 60759.73988743 2769.15242000 18634.09332804
v 59367.81009594 2845.05904405 18202.37622843
v 58927.49091042 2095.00334390 18902.65890270
v 59841.41181968 1481.24004051 20295.45337894
v 61554.99219588 2019.65007267 20082.10298705
v 59916.44996606 878.06033146 21601.57077130
v 59842.84563520 368.80945717 22933.78198583
v 60173.20930533 443.65229066 30499.25456859
v 60556.29711424 934.32512320 32053.21517254
v 61707.15986806 1735.18784925 32958.13114199
v 60357.05222541 974.49917360 34083.78400655
v 61675.33801637 1868.83944851 34219.66281545
v 59964.69299093 431.21617653 35877.55508349
v 61159.09134121 2300.33532089 41798.21280105
v 60752.54921420 1700.11659883 43285.28056191
v 60136.13481332 2016.94847734 44695.23953809
v 59375.43483181 1651.02197570 46262.24403120
v 60896.37568660 5098.52957640 16738.62199814
v 59525.09498983 3964.13070359 17512.94909689
v 61096.98039181 4054.26317898 41799.83855284
v 60471.62778901 3623.09025443 43273.38000407
v 59767.90053839 3701.65999858 44651.32228416
v 59362.78877276 3140.26666269 45601.03755745
v 61079.59178686 6663.54712302 16213.13725853
v 59745.66223850 5459.40322502 16791.54882394
v 60700.43529006 5028.44999949 42341.84739301
v 60130.63725834 5312.99257060 43245.74992307
v 59749.20400313 4829.26799721 44131.63018131
v 61194.36611553 8185.13430740 15995.23662644
v 61176.47159519 8640.91259259 40148.98372148
v 60710.63752654 7629.42704774 41229.39977901
v 60319.87971305 6430.68421966 42390.13297356
v 60900.41452006 9176.25720311 16387.95615824
v 61300.22772621 10547.06062977 20187.97789789
v 59798.81103710 9524.67672867 19444.61406020
v 60683.26467731 10296.28485847 18744.70525860
v 60920.64618362 10132.11102015 22554.60938284
v 59437.69748859 9235.59270360 21404.00548151
v 60712.58673161 10137.37866750 24656.39242856
v 59306.14295221 9255.74216054 23774.37606919
v 60310.11213182 10267.53682008 26178.26198498
v 59384.66965875 9635.30583265 25602.51312664
v 59343.74925292 10013.14205351 26825.75473546
v 60810.51926882 10091.75930839 39832.00836750
v 60181.62737266 9298.99193999 41095.41387046
v 61263.58429867 10246.75888198 16777.40591993
v 62064.85695148 11126.68132105 17039.24142349
v 61760.31137104 11076.33691850 18349.38773983
v 60908.10755555 10391.97623083 17691.23701608
v 60054.25844891 10713.41771528 27647.65045956
v 60498.31326408 11969.73852319 30381.60849023
v 60147.72902441 11442.10550240 29233.61209896
v 59019.45058398 11795.87127865 30758.49275310
v 60599.14399023 11260.07610699 39260.90501023
v 59415.55562925 11053.91341599 40672.42369648
v 60001.57237022 12529.31181472 32291.00349075
v 59638.83243172 13149.02812102 34043.44439970
v 60158.23691508 12759.93556695 38098.50033895
v 60632.79302038 12910.04837585 37053.40417435
v 59894.71732683 12180.44431543 39112.21899679
v 60066.33546572 13347.25546843 34830.63952887
v 59708.98567526 13393.36257424 36310.72369555
v 57625.18960589 -11316.46890284 44487.71644656
v 57379.94030814 -11286.03359454 43440.32183025
v 56688.60830270 -12139.27040071 43885.30294651
v 56424.99516033 -12555.33853629 45534.87712835
v 57886.13367740 -11187.30600900 45911.82184958
v 57137.22219256 -11758.09064949 46935.25454314
v 58199.11222543 -10167.28972074 43496.20725921
v 57710.45885181 -9474.93252376 42114.27259972
v 57282.84686781 -10841.48090599 42732.99884520
v 58634.47492749 -10200.83568378 44939.33668762
v 58074.29979235 -10822.08720370 47289.32395208
v 58014.24318473 -10298.17263962 48566.23171111
v 57250.15017128 -9774.83747368 49605.69271603
v 57837.82886028 -7722.82137053 40913.88729795
v 56994.90076829 -8587.10386709 50114.16310383
v 58245.45839045 -6160.03901978 40190.37346107
v 57330.17672801 -5954.28242874 39331.32839125
v 57200.95127180 -7177.41494595 39988.20371032
v 58432.93116156 -5669.34053181 49389.37155345
v 57395.78260901 -7012.86516964 50020.95798358
v 59007.51512882 -4372.28334433 39712.94822039
v 57560.04869372 -4421.25967397 38491.11227309
v 58283.33191509 -3876.84114566 49217.93673662
v 57162.50239992 -5058.71511838 50016.67340136
v 58155.01711292 -778.75265701 25853.55422917
v 57367.84193382 -921.17240122 24790.30267803
v 56759.24209284 -1208.29430870 25609.11064030
v 56477.16214634 -1269.20329348 26793.90261180
v 58761.09843646 -2942.88531232 38508.50597830
v 58415.67027118 -1849.81173970 37217.60932291
v 57632.52242868 -3237.47594339 37666.77772023
v 58097.98027531 -1768.07368014 48974.00075116
v 56916.19267291 -3111.03054824 49901.24380215
v 58520.13651230 -412.80679124 24181.26565594
v 58265.25881552 -114.88416632 22893.92060814
v 57004.66555636 -685.34369499 23553.81818462
v 57859.84241561 -774.24483922 27860.39022578
v 58440.54971129 -351.67436133 29406.88515163
v 58902.34756600 3.96576398 30380.04426195
v 57621.77339511 -321.87498060 30748.20784437
v 58806.21175645 -670.43293799 36202.58356460
v 58448.41135371 -93.11058021 48284.42266271
v 57563.28156823 -194.74106650 49107.41281481
v 56490.23890848 -1052.07139822 49818.73641689
v 58263.03935453 2778.94039580 18119.07018866
v 57562.75606351 1914.24666997 18755.62430254
v 57746.62229008 1118.04133888 19884.85357220
v 58537.97683035 504.12654180 21542.10951844
v 58619.72513807 125.46668055 31707.11791006
v 59006.63213841 321.66310321 33157.75659159
v 58449.94084378 -257.51218372 34702.23196719
v 57584.48340657 1135.25526085 48697.45924330
v 58491.29698684 1492.47750960 47606.85601672
v 56735.82406912 562.96187464 49435.83622515
v 57695.40247570 3658.42048643 17719.13981785
v 58943.79403392 4864.08217003 45354.48586533
v 58379.60054340 3428.49155801 46819.62127851
v 59443.33848546 6338.91266834 16672.86584423
v 58022.50473940 5373.32012083 17419.06361011
v 59291.45388487 6593.27690310 43953.68287032
v 58279.51313943 6599.74528318 45354.53029501
v 57534.44641922 5670.36340031 46654.33596501
v 59855.62426584 7555.64777195 16598.22366211
v 58870.82151831 6648.96453839 16958.13002869
v 58154.11612180 8421.97336939 22742.07268433
v 56846.57644621 7516.50052204 22003.22356923
v 58088.29719372 8274.51470603 21291.69489299
v 58063.99064410 8509.37223395 24148.62473090
v 57032.07095321 7897.53082809 23849.14620249
v 57356.96382484 8291.61525998 25007.32313747
v 59607.72165295 8241.19973133 42557.36323967
v 58910.23654548 8156.99292449 43668.36674348
v 58187.99687176 8151.54290933 44631.90560942
v 57273.13737782 7608.71812002 45913.24944439
v 59616.94403742 8477.64233066 17161.88645474
v 60208.22535648 9503.86250207 17354.70601659
v 60052.00466166 9724.03317071 18259.16145504
v 59122.87433297 8685.42078086 18345.60137683
v 58561.59418562 8511.59915111 19966.60969703
v 58274.48916014 8898.64205360 25276.19573279
v 58640.18620468 10136.82285118 27795.56188809
v 58142.45013393 9392.64653921 26787.76621395
v 57095.17015852 9773.28427762 28327.19444267
v 59244.37608807 9822.15820292 42011.08867388
v 58450.77378574 9499.97015411 43369.22486647
v 57664.04024601 9435.68649856 44491.37075836
v 57222.60670996 8896.44829031 45273.71396579
v 58392.66190108 10851.49571676 29243.31731367
v 57131.16284178 11436.24911728 31008.47520665
v 58465.46221036 10691.48844068 42202.51305190
v 57764.46086940 10765.56055173 43043.12737267
v 57536.57296017 10245.53017318 43962.79008510
v 57720.06948686 12244.19699153 32491.82609520
v 59031.09012256 13382.53841161 35252.94242850
v 58112.27735541 12957.15479054 34306.86304161
v 58710.22649787 13495.76403239 36161.93882482
v 57862.73646501 13340.98576853 36065.83949504
v 59720.49584604 13214.23357190 37624.68050783
v 58240.10416592 13455.00716506 37109.51620803
v 59261.65461561 12976.81348655 38639.81773174
v 58645.86681480 12461.92300773 39873.49713823
v 57348.70471393 11887.32704463 41698.55175345
v 58810.46673243 13359.78481841 37898.65167781
v 58372.72754052 13107.06920335 39005.51877924
v 55558.58569493 -13446.46973742 45511.13881239
v 55622.87759597 -13422.70158029 44937.65871334
v 54909.23096303 -13954.33867057 45194.87444447
v 55000.93693820 -13625.08269220 46396.81241365
v 56702.10168211 -11688.06017948 42958.08774302
v 56066.87341600 -11336.39049910 42053.14617787
v 55766.17686429 -12555.88801313 43054.14226850
v 55793.60115446 -13074.67364451 44166.50005131
v 55856.84392934 -12476.32389844 47662.82426667
v 57079.63562998 -11392.73941369 48135.07176926
v 56110.98198190 -11666.09753186 48893.91970580
v 56917.41702468 -10880.15003476 49085.22157993
v 55876.53112268 -10898.30702348 49805.86650913
v 56132.78239644 -9723.80643270 40881.88407464
v 55869.75961235 -9571.24710448 50418.73265703
v 56531.42765460 -8311.60380715 40212.68264858
v 55803.09186072 -7713.23178715 39383.07630696
v 55470.08538384 -9142.16045080 40022.48969621
v 55919.68212108 -8051.85194201 50605.97728546
v 55861.28805596 -5932.83901168 38273.14041822
v 55855.72109510 -6348.70255956 50596.41160165
v 55835.88770880 -3973.47004744 36757.27488529
v 55603.72011537 -3459.06698650 36153.90116270
v 55037.31317950 -4255.39211326 36377.60182813
v 55146.86831026 -5090.62137635 37133.69421698
v 56500.86295612 -4239.93078617 37494.09932304
v 55644.77718026 -4509.44013215 50520.22330819
v 56152.40767000 -1215.76971123 24709.51198100
v 55382.63672689 -1530.24228077 25866.07116289
v 54749.24351079 -1692.96927778 27217.10201754
v 56775.78012602 -2929.40583638 36653.48951605
v 55906.32267312 -2515.21453253 35490.14436659
v 55349.22348256 -2686.64720626 50431.98388139
v 56758.46450730 219.13997924 21080.58964421
v 56217.69249015 643.27890764 20006.35106665
v 55022.58969103 88.37297356 20784.65774003
v 55680.07957830 -527.29359823 22341.46218217
v 57273.23072198 -164.82907949 22262.85439211
v 55514.00126870 -1068.26876134 23715.31606977
v 55718.28191515 -1345.21030860 28341.28145631
v 56510.11426998 -883.48323732 29815.82852678
v 56394.94751422 -696.22746286 31215.76048768
v 57462.73790489 -1528.59185284 35806.07765001
v 56538.94209345 -1333.38230318 34495.16752246
v 54942.97390770 -1181.28907853 50385.80800574
v 56562.59250042 2517.72836912 18272.67895593
v 56345.53663272 1367.54470325 19127.23341806
v 57102.12269451 -381.70937651 31849.73729257
v 57270.30314632 -457.08523796 33123.61416680
v 57412.95663409 2760.38625842 48191.91747918
v 56358.61960356 2038.69702715 49209.82870634
v 55233.13366595 604.50718258 50016.54303163
v 56281.56059367 3819.09404099 17902.82814715
v 57185.55403338 4303.44564425 47728.22393628
v 56065.82180472 3959.31396152 48765.20682975
v 54617.74567945 2873.30902297 49767.53726899
v 55862.71099051 4925.03439296 18204.13455540
v 56245.68489685 5543.66820466 47937.21933715
v 55336.98265225 5297.38497529 48751.52604884
v 54775.03792146 4522.12066850 49319.61170932
v 58494.30078519 7253.72365675 17623.03636291
v 56849.22748598 6261.84657664 18500.48944402
v 57706.19340633 7544.45781318 19111.93497120
v 57441.61448262 7712.71360334 20470.91466955
v 56096.61475359 6657.11521729 20217.22917480
v 55509.05817652 6683.34054224 21941.52321771
v 55500.64237171 7056.27061659 23655.57286796
v 57166.27663097 8578.95600961 26143.24458220
v 56052.41953381 7845.56135005 25441.80001511
v 56859.56026289 8968.90108322 27248.73351609
v 56117.96344695 8414.46785584 26792.98817038
v 55644.58247949 8930.74640997 27912.32512877
v 54865.44953567 6602.69128686 48268.64420543
v 56132.39710021 7165.62933896 47079.73969967
v 55370.63537956 9729.51346513 29166.47900039
v 56748.54510420 10066.87715258 44869.80056552
v 56070.44084411 8938.21352407 46078.77426640
v 56423.22660353 10550.05160555 29863.24473432
v 55266.79873072 11063.02525491 31199.99781646
v 56891.62627251 11045.77945268 43693.33260431
v 56067.00607590 10971.72696440 44560.43335149
v 55585.52217728 10338.74605301 45421.18681198
v 55816.98663731 11855.61615866 32545.70437170
v 56117.45816309 12497.61349657 34192.74462190
v 56340.63549536 12982.47652355 36047.31768742
v 57631.85770414 13269.83036418 38591.51163852
v 56795.43043651 13236.99949730 37662.91113990
v 57605.09246546 12850.26793526 39852.55475030
v 56101.56409689 12933.81907891 39910.46865180
v 55448.11099942 12471.18185238 42011.69957305
v 55744.63883124 11708.28261877 43562.09164434
v 55280.55682277 11146.20686710 44774.94394879
v 54793.75640783 -13614.88118720 43465.74655747
v 54234.86787738 -13103.85327536 42203.79627508
v 53638.77555849 -14266.64247044 43076.87651326
v 53971.21513587 -14485.76645063 44292.36231678
v 55078.60368060 -13776.48074519 44373.38089747
v 53847.11208444 -14610.65377765 45770.09850787
v 53763.85188629 -14400.59535082 47036.12354983
v 52802.64836643 -13004.36098823 56801.36151398
v 52783.07132472 -12591.37754066 55703.85161480
v 52109.21549789 -13797.69280271 55866.77884706
v 52251.97906240 -13683.37980239 57544.65849794
v 52765.52083789 -12992.78454144 57719.42543588
v 52357.17457090 -13216.11217925 58400.85213455
v 54312.65770372 -11599.39909581 40932.99251486
v 54274.02831956 -13576.11986229 48043.99881148
v 54677.23213106 -12342.26874358 49458.23881440
v 54307.90573837 -10771.42491487 50967.99679804
v 53023.98382672 -12297.73009666 56550.03413488
v 52891.86696496 -11766.74895281 55987.64154318
v 52975.56392205 -12374.78040197 57376.96289833
v 52631.67415573 -12448.55175169 58300.35300473
v 54729.49257194 -10251.24758806 40253.17062234
v 54019.28952534 -9599.96389534 39486.80376922
v 53632.04301664 -11016.95699490 40095.55445148
v 54741.63958618 -9039.21420747 51028.49737599
v 52887.58509526 -11609.24955401 56915.27578456
v 52744.30206110 -11739.90033697 57864.06344039
v 53976.55060563 -7815.68651403 38391.73225675
v 54517.10986989 -7588.48381053 51113.97275332
v 54466.35996190 -6339.45542193 37643.14359031
v 54046.24511503 -5886.84675290 37015.09760509
v 53182.84770778 -6950.43825338 37316.82957404
v 54325.28498548 -5874.40545399 50996.98586069
v 54440.94359484 -3772.60094935 35509.11207470
v 54091.41089240 -5049.07506536 36354.03029023
v 54041.75295148 -4136.40547700 50881.47180765
v 54606.67454913 -1482.27566157 24717.63800538
v 53293.54744239 -1948.96240262 26178.13106845
v 53402.58466653 -2054.06072882 27640.85451386
v 54756.73519761 -2393.12835647 34261.14790155
v 53754.95581238 -2410.47411272 50766.77853878
v 55223.37043632 798.04292660 19639.44936922
v 54852.50609775 1654.26845274 18922.71435219
v 53772.79837336 682.14635629 19984.89034428
v 53432.03904717 -78.64053437 21150.49249477
v 54089.57653384 -527.47478688 21943.59476200
v 53960.22943689 -1098.78293491 23336.22251708
v 54070.64416055 -1833.04076471 28523.88089263
v 54598.11926428 -1589.00737264 29806.19428401
v 55117.62472930 -1303.41629369 31216.23357327
v 55917.68502744 -923.60149755 32298.83720217
v 54366.83553996 -1901.72927687 32733.55459552
v 55697.59602043 -1314.73442639 33421.07405613
v 53575.95087674 -661.82983716 50610.86857934
v 55171.69686653 2801.25171041 18309.77605459
v 53350.96666027 1175.15174986 50427.52035339
v 54745.04470807 3716.20274336 18361.68457802
v 52882.05674588 2716.59743167 50307.11674687
v 54428.35982052 4619.44723303 18793.16049296
v 54611.80753590 5992.48634033 21203.25758537
v 53606.77393072 5125.00392137 20491.70424855
v 54725.08413756 5744.89083737 19993.70990382
v 54430.27070913 6223.54222392 22771.81037478
v 53372.33176845 5447.23069229 22127.89729057
v 54193.16274320 6445.20020827 24081.79470113
v 53278.97946880 5832.91876036 23663.58073503
v 53380.08389274 6280.97531869 24770.28936790
v 54359.46126175 5547.02448060 49116.31454779
v 53075.79876533 4553.76021609 49820.09481536
v 55301.09749755 5604.75869128 19075.63376878
v 54228.33321268 7032.70886280 25409.73318395
v 54741.87884982 8037.54835758 26928.49692256
v 53550.13741197 8898.72581287 28712.33423505
v 53662.01147289 7505.70294142 48244.74024455
v 54558.69126092 8350.64333495 47206.97160475
v 53353.80247807 6368.12621833 49033.38560523
v 54242.83963228 9916.03213927 29867.79181833
v 55130.20959133 10366.27483757 30161.40900247
v 54233.64409283 10494.20603534 30694.07436634
v 54787.52897504 9679.30175855 46191.27386078
v 53605.29497487 10927.17036422 31721.90157319
v 54485.07501367 10651.22535928 45451.29081865
v 54398.62347449 11516.96104973 32501.17122777
v 54217.30675620 12006.80075228 34018.52457765
v 54529.97867550 12514.74857931 35903.94186338
v 54734.53074261 12872.02149958 38272.89383339
v 54680.47755358 13046.16769605 39949.01660626
v 53894.04747972 12905.11534932 39833.23027020
v 54711.47189973 12927.43563063 41055.38316702
v 54183.89716729 12517.98229489 42288.05832879
v 54636.81108453 12100.97529743 43248.24395421
v 54504.12286820 11489.71985821 44375.20757550
v 54075.14050088 13004.09982081 40619.95130916
v 53874.17822115 12821.63498560 41395.64120450
v 52570.91129343 -15197.18482756 43516.42865601
v 52456.27135530 -14523.32413116 42281.88628449
v 51359.25291185 -15605.63881006 42782.93263047
v 51157.80580497 -16286.52788882 44108.11258871
v 52608.44331099 -15471.31475228 45013.97536762
v 51273.30224340 -16398.05948615 45885.44613589
v 52507.06067700 -15387.39005665 46828.04760734
v 50787.64935640 -16438.71805400 47829.20520743
v 51945.92873244 -15433.70996682 48268.91062215
v 51181.08612586 -15720.06177708 49225.64077755
v 52419.24732711 -13330.52310315 41072.70111549
v 52992.89720791 -14601.40607813 48163.78484736
v 52123.88240637 -14857.85034473 49382.27885049
v 52457.67515572 -12838.36073610 54297.48679575
v 52372.54446830 -13150.55195065 52797.01304763
v 51602.22109849 -14287.23532314 53853.16896026
v 51003.95401481 -15023.53649012 55516.11170884
v 51194.74399273 -14789.15380576 57347.45172263
v 51486.79611362 -13959.32234217 58926.21070159
v 51934.73359428 -12750.65226637 59232.79861173
v 51159.06032029 -13265.41817888 60096.41175274
v 52867.73540324 -12059.83524282 40340.54766216
v 52221.00137621 -11348.78292771 39596.28970185
v 51774.21311143 -12701.58058839 40189.21276351
v 53226.37002098 -13774.92357260 49455.47540113
v 53064.60293364 -12868.89388969 51138.99090019
v 52842.90345897 -11313.98258556 52869.51654864
v 52684.68170853 -11585.78566150 54821.50349071
v 52089.27403815 -11463.16896176 58909.06286049
v 51164.49024184 -11974.70116070 60322.69563681
v 52244.47763553 -9711.85488900 38684.20776574
v 52400.25427010 -9764.34653999 53016.73431766
v 53144.68830434 -8964.29359695 51906.19418935
v 52215.06546686 -10150.00039304 54196.07865902
v 51964.67911093 -9413.20389646 53461.78891186
v 52414.76514690 -10658.53250526 56038.94199630
v 52366.99798268 -10811.88308577 57650.85978004
v 51701.95866705 -10107.84372426 58689.10745963
v 51202.21713845 -10507.66726652 59867.81103754
v 52167.49789496 -8368.30960822 37802.08866077
v 53210.93169164 -7043.88906546 51466.71304973
v 51358.66293018 -8849.36644526 53978.03249739
v 51512.64764140 -9272.44436367 55465.01888741
v 50646.10507209 -8360.74856832 54967.34129770
v 51563.02900036 -9484.97502975 57320.08978300
v 51217.52871054 -9214.15970892 58629.41255827
v 51092.23960456 -9539.84361151 59431.21316136
v 53257.60599718 -5977.02607988 36562.64591590
v 52577.74429335 -5325.74880722 35498.08157795
v 52375.93804223 -6634.48681427 36550.44105759
v 51946.60407961 -7546.11866334 37056.29588451
v 52763.55503670 -5548.20191020 51331.70306798
v 50395.47383486 -8257.22148118 56464.31357249
v 50556.40074760 -8509.62133417 58197.42974050
v 53240.71701339 -3605.44486438 34378.81475771
v 52413.31911816 -3865.53451256 51135.34839482
v 53140.89807610 -1620.55567972 24617.29278675
v 52251.77196633 -1335.45504932 23870.86000695
v 51520.12457656 -1887.50688274 25202.95747859
v 51440.16931089 -2410.34638723 26566.12006615
v 51956.45713840 -2524.88595014 27824.53472086
v 52898.45325938 -2218.73599478 28534.00620359
v 52035.71897167 -2597.23159765 29113.65333191
v 53512.29876238 -2768.95034130 33603.16731679
v 52809.90723192 -2922.66049986 32824.77228900
v 52752.05651958 -3341.18437657 33638.79015259
v 52077.97403196 -2149.14089101 50979.38531115
v 53472.63215940 1460.44366557 19301.05651303
v 52632.74490001 1107.54809642 19961.71820017
v 52012.73114023 443.63328050 21092.68755488
v 52334.56503288 -605.61603141 22481.70609463
v 53080.57606153 -2181.11523344 29604.09425382
v 53284.97640946 -2242.59289331 31235.41978122
v 51824.21624480 -349.12123563 50826.34718133
v 53745.03065372 2503.79016161 18880.83427862
v 52673.67845620 1818.15987057 19560.14643794
v 51586.30815959 1422.79065602 50684.60457376
v 53486.23255537 3646.75811561 19030.30470338
v 51413.84500885 3115.52499207 50484.71924987
v 53458.21056326 4471.10556791 19501.17406461
v 54233.56895673 5156.35892134 19450.42529979
v 52769.63633514 4334.34994631 20284.35590408
v 52412.40705234 4563.75615033 21489.76878741
v 51931.12484793 4986.33345720 23311.37014351
v 52820.00119358 6513.17421777 25670.63757220
v 52256.12337332 5807.13752893 24792.27837391
v 51416.32971375 6275.30058671 26102.61718798
v 51112.79828857 4496.61925249 50251.81295531
v 52725.02261888 7390.34806901 26990.31913315
v 51586.20857013 8104.67221813 28333.28288493
v 52999.75580231 8392.40519022 47693.39938873
v 52290.44456604 7451.49967345 48627.78704849
v 51463.73311081 6032.60769617 49628.25967282
v 52820.69130458 10043.55770489 30582.97032422
v 51115.41636259 9109.97749728 29727.06340474
v 51137.11353385 8573.12370214 47651.70299332
v 53190.27360122 9717.31620421 46335.29683452
v 50812.81041617 7308.14979160 49001.48075382
v 51096.59186015 9996.94755861 31119.10732885
v 51779.29648312 10707.40503658 32353.31154619
v 53060.18237590 11423.00289437 33154.52981806
v 52728.28543108 11731.18178874 34407.28609877
v 51659.19725608 11257.43879144 34094.31775735
v 51852.32435201 11608.92908977 35277.40788059
v 53346.84256264 11709.37018720 43660.57046018
v 52217.73453391 11205.66466338 43958.66643584
v 52157.17634039 11573.17727489 42927.20251462
v 53583.15799379 10949.23526234 45026.26320607
v 52453.43616991 10726.42801818 44903.44649203
v 52957.20695048 12032.79811017 35595.74905415
v 52973.86867237 12260.13974474 37393.78727090
v 53320.99171825 12687.57995284 40805.75953819
v 52795.04934726 12360.02091672 39497.83644794
v 53170.95942786 12330.76961098 42095.69348266
v 52260.93643536 12022.56919145 41325.01782214
v 50058.67633020 -17149.40935285 45192.41450991
v 49799.65479677 -17056.93349021 43977.98832469
v 48547.57576907 -17678.54802259 44707.22266804
v 49023.04738142 -17688.59509174 46213.00039723
v 50137.49270295 -17155.76473259 46615.91550605
v 49336.22395892 -17532.80928786 47243.55679042
v 49910.71652487 -17186.94661659 47519.95592993
v 49121.08802935 -17316.89325184 48458.34670685
v 50394.00232282 -15098.18660530 41511.43772111
v 50065.95273974 -16414.54131849 42912.10800591
v 49841.85295264 -16470.36388078 50007.82467858
v 51133.63607955 -15267.42862499 50734.69324520
v 49971.52220601 -16022.16036916 51677.93343404
v 50246.62219888 -15761.69347699 56573.36443921
v 50114.53265274 -15826.92685981 55327.85389969
v 49156.86785552 -16625.89557994 55937.84634912
v 49511.92406731 -16427.40465511 57418.98509536
v 50231.88914327 -15747.19560613 57843.51385244
v 49476.44639345 -16383.58304025 58784.30353641
v 50873.25901904 -13689.52887847 40455.26778440
v 50546.48772332 -12728.07032688 39634.93006660
v 49272.67782729 -14185.53382047 40062.37779366
v 52263.26282298 -14220.40266100 50515.87791286
v 50769.01943531 -15248.29060539 52556.51172992
v 51856.35933015 -14205.83869049 51916.15757702
v 50462.69088157 -15468.74769801 54137.63949887
v 50456.01910863 -15230.61393995 58958.52370441
v 50334.17846519 -14437.84080470 60459.55770750
v 50440.33650859 -13035.86270573 61121.02326215
v 49661.04229031 -13899.65178754 61785.09514776
v 50548.10271424 -11261.33782200 38778.11578166
v 50324.24228911 -11948.73070012 61400.16723608
v 49605.63983700 -12560.18394610 62131.59632555
v 50610.48419856 -9681.98140801 37871.36267122
v 51841.21583893 -8702.29331466 52880.58568497
v 49703.29624966 -11334.69025816 61942.32010056
v 50391.43962901 -10841.09582347 61032.08195287
v 50950.18274867 -7313.42004724 36182.28271284
v 49722.04186913 -7262.76753319 35202.44518404
v 49341.74797000 -8339.86533363 36005.40988918
v 49978.07230137 -8874.29245213 36931.45844640
v 51107.83739436 -8378.69210604 37222.74306598
v 50758.95547609 -7863.11032863 53183.17620183
v 51514.63046622 -7020.62380221 52098.13738395
v 50370.84918374 -8008.33849145 54103.79236198
v 49664.46878292 -7394.28347924 53668.15608114
v 50643.16890059 -8878.06095574 59273.61530883
v 50208.39216250 -9401.70772537 60369.56828282
v 50708.13645206 -6015.33874707 34690.38164806
v 50132.86144425 -5365.82141873 33453.58613427
v 49294.29102039 -6528.38831832 34051.93624625
v 51332.83232977 -5174.85404219 51559.20618352
v 49288.39832991 -7482.05518868 55086.82493823
v 49327.64151537 -7524.67166261 56496.58832070
v 49247.64326887 -7572.08437503 57889.96747432
v 49662.06473822 -8212.26373447 59480.16286740
v 51719.83511573 -4274.65413998 33614.84554537
v 50276.55803397 -4485.51462459 32316.40403444
v 50681.69565214 -3743.97146659 51373.48073290
v 50314.21733126 -1092.86091564 24056.02629244
v 49872.74410904 -1938.74042811 25351.96130692
v 50354.86053505 -2419.68999552 26229.02852245
v 50078.61223128 -3041.80894505 27651.22736794
v 50574.28569917 -3332.93043767 29278.67333112
v 51790.21419272 -2879.79303445 30354.19902046
v 50369.96003529 -3832.05230532 30919.29277939
v 51653.19423072 -3387.01093339 31904.46412869
v 50239.73442374 -1988.14822467 51137.78460939
v 51516.95341861 1626.82347892 20621.09876672
v 50297.34869362 978.36196782 21771.86780501
v 50376.10725437 27.97034368 22560.59012289
v 49970.27831885 -172.78148583 50962.44178720
v 52375.56900107 2792.32157107 19827.18145684
v 51063.30153033 2770.33455554 21219.91418150
v 50011.42629500 1977.98319057 21845.26909244
v 49796.66852799 1626.35439282 50814.13943861
v 52728.58962702 3783.73487647 19740.68685230
v 51995.89589891 3667.65371940 20720.20997799
v 49823.46329492 2944.66981200 22539.78084877
v 51031.61015847 3844.82655588 22338.10597063
v 50575.12101607 4402.17789266 23755.58199504
v 49680.23752840 3752.49609772 23572.88560293
v 49676.95436692 4392.26413339 24503.08490122
v 49664.09988890 3328.08414561 50627.02549840
v 50627.17424364 5188.33570505 24944.54383158
v 49396.17238505 5850.15122439 26447.08001405
v 49622.93014823 4924.29046157 50287.85992265
v 50618.63327320 7088.05302943 27436.11187309
v 49850.52548825 8013.47537881 28702.69576178
v 49525.91600690 6374.70898014 49733.31187394
v 49085.09287682 8812.98482338 29865.21363222
v 50968.80896379 10543.41591409 44167.06323462
v 48836.20127361 9723.66110987 44122.81371284
v 49966.09628533 10467.96599047 42858.97698444
v 51471.19281604 9825.26078934 45914.75471851
v 49561.98844471 9271.03595692 46213.49656180
v 49124.87913219 8394.62397758 47887.75671157
v 49384.16160783 7583.44298799 48889.10301518
v 49713.38974363 9599.13995724 30895.59135843
v 49997.92767135 10201.85805619 32207.66193411
v 50201.93772737 10654.36762045 33799.13150269
v 51630.94633093 11682.23626762 36653.81373781
v 50436.63121548 11035.85566543 35692.27734014
v 51414.27856199 11672.60005986 38468.18127327
v 50367.46259785 11130.75371690 37513.81588628
v 51179.29339174 11502.09797385 40372.00016714
v 49723.29421744 10749.05721887 39374.27119054
v 51068.76883221 11181.93315660 42180.35494304
v 49917.63336232 10691.04398199 41375.22560606
v 47640.67954046 -18605.52498322 63610.60446925
v 47651.16364873 -18960.83109150 62713.11626425
v 47278.62888876 -19646.55431945 63468.58843530
v 47141.88191209 -19419.54117445 64317.80573858
v 48887.16667852 -17188.31524231 43368.24383823
v 48575.42266973 -16596.17089789 42222.12934563
v 47221.74382333 -17638.72832705 43420.55875151
v 46944.70944947 -18149.03460767 44982.51485388
v 47497.58608220 -18135.50665325 46235.72310547
v 48159.29921218 -17898.30176440 47503.27026903
v 47443.72090300 -17915.45547827 48982.92956294
v 48514.29011832 -17370.58821092 60326.29188601
v 47741.67548209 -18472.49554160 59540.38906528
v 47766.68883521 -18614.73637783 60450.68828866
v 47738.44181260 -18745.26421636 61483.09999323
v 48142.64043611 -17571.01703448 62482.19254300
v 47818.62534502 -17449.00148046 63829.36563083
v 47331.74078763 -18224.17913950 64642.52487400
v 48044.18236396 -15693.09344274 40817.56464921
v 48106.05775889 -17427.87631518 50209.31930973
v 48547.03075896 -16967.70289122 52055.28603058
v 49639.47051185 -16133.39834702 53160.47604728
v 48579.37756052 -16920.50898404 54164.67133045
v 49590.09823019 -16191.95069799 54524.96969408
v 47695.84373383 -17732.19969408 55723.05696768
v 48281.48354857 -17572.10661877 57912.75280586
v 49617.21529706 -15832.37341783 60097.46435962
v 49055.25136637 -15580.27569609 61727.27573381
v 48146.71705699 -15976.55211674 63468.95593189
v 47429.48745765 -16656.33524277 64734.44953126
v 48699.96495484 -12777.05625804 38776.44889057
v 47127.29332560 -14675.71331778 39334.16056279
v 48580.75839571 -13761.25861013 63094.58519699
v 47422.22549620 -14679.19621134 64644.24345720
v 49130.28944580 -11027.62819896 37934.60207428
v 48578.08359308 -11339.90186373 62932.94774114
v 47149.69828370 -12218.43053007 64489.70213141
v 49317.67884781 -9931.95409682 37353.14026536
v 49321.89222070 -10061.23487465 61781.91130095
v 48086.88890297 -9430.05158294 62699.87487679
v 47172.95904477 -10139.86266605 63837.38439715
v 48402.36941017 -8025.81735724 34938.76268494
v 48403.48960948 -8974.91518837 35915.61281033
v 48734.80868145 -9454.69967767 36599.38238298
v 49873.48836992 -6915.38239516 52836.56062060
v 48575.97681811 -8300.05686053 61243.43731319
v 47411.11740122 -8166.44067332 62573.10978073
v 47099.96076189 -8890.18548677 63373.58191170
v 48062.28789725 -4967.66440399 29800.55203680
v 47957.56796711 -4681.02120830 29261.90109995
v 47299.08731586 -5479.83107482 29993.58662817
v 47420.57989080 -5608.91580049 30340.52129241
v 48807.72677482 -5562.89192894 32492.98475455
v 48082.70873054 -6863.32208896 33422.79663450
v 48016.54501166 -6523.79871629 53564.19261825
v 49570.27610853 -5497.14477689 52107.54457592
v 47438.72533211 -6857.15151266 55255.51619711
v 48050.61580799 -7020.80531945 56723.67101959
v 47898.02696062 -6885.41836765 58273.72110991
v 46697.84317748 -6548.98942329 57915.01856486
v 48205.25673260 -7222.03280310 59703.07006678
v 47685.54047914 -7187.18161118 61039.08730889
v 47458.80019218 -7460.57006465 61852.22328687
v 48992.27333113 -4069.52308051 29024.20399609
v 48375.63436394 -3743.30837951 28332.38178496
v 47739.21149362 -5208.79860837 30443.28340559
v 48934.71791323 -4445.09256750 30232.91276441
v 47669.49555948 -4998.78015549 31011.73406833
v 49192.90773477 -4651.58593595 31395.68558588
v 48722.93047579 -3654.81523672 51566.58606280
v 46882.25842911 -6538.80669816 59308.20184214
v 46921.39274276 -6665.11193328 60635.81608169
v 46921.39359504 -6914.24815325 61587.86413592
v 49390.86917942 -1537.43853710 24869.59811141
v 48872.25977986 -1793.63806838 25543.40389740
v 48917.42704262 -2549.70052553 26723.31695919
v 48287.69479619 -1880.95399029 51228.57956009
v 49193.95822730 700.08382695 22695.77476828
v 48353.96431337 133.56346506 23950.97685541
v 48633.03530180 -1106.18715628 24911.81407619
v 48050.15613839 -63.31984001 51028.95002918
v 49005.84602021 1460.57054589 22544.71787782
v 48236.06155786 1107.30826326 23246.22390238
v 47920.62003314 1757.88925915 50876.38052642
v 48731.60161510 2348.38837431 22977.86349484
v 48730.83161995 3147.68276397 23606.31120927
v 49147.70946877 4820.69451794 25365.85904740
v 48436.85974268 3941.96033995 24693.72581692
v 47676.73243078 4832.03241889 26025.92257387
v 47855.28273134 3518.01827537 50668.86396138
v 47628.56460128 5889.58670361 27136.04356766
v 47812.90868393 5147.09808531 50302.40251046
v 48693.37016059 6914.90994987 27839.33191427
v 47956.18663509 7833.17756209 29052.85722247
v 47759.69173107 6554.13243857 49685.18725030
v 47440.67315854 8605.30354640 30248.47145239
v 48556.47006037 10002.34293380 41059.63047083
v 47188.15531285 9281.13712354 41025.23499054
v 47912.91081617 9715.52209733 39460.24493620
v 48977.60656303 10071.47355662 42425.23409839
v 47496.16593044 9387.27907814 42726.58734410
v 47167.10343674 9143.10970820 44465.70942388
v 47549.31043319 8980.10867681 45872.07293672
v 47680.01501382 8455.42395982 47473.71157363
v 47689.79050096 7648.97656019 48766.74120984
v 48405.34738482 9269.31268285 30822.47994037
v 48545.40663248 9713.49002433 31906.14855540
v 48673.11203080 10058.68836584 33393.82147805
v 48768.05065421 10250.07940768 35166.82271113
v 48770.55794708 10269.51701382 37366.66904978
v 45440.33165715 -22614.77243360 65748.72850710
v 45559.63430292 -22716.07857105 64310.63808213
v 44768.46689000 -23871.28406075 64871.91039508
v 44413.91114834 -24291.48150846 66452.15060188
v 44841.60124121 -23179.24009651 67019.00746346
v 44061.64441348 -24140.45243082 67602.85676647
v 46383.08713389 -21075.04072207 62078.38858546
v 46105.52039937 -21125.68436701 60809.68397564
v 45685.53476227 -21973.46942820 61579.73707120
v 45700.33569728 -22299.87758638 62953.26194012
v 46440.03913078 -20963.91451557 64130.21562754
v 45976.89895000 -20994.01138892 65926.69629635
v 45260.01161484 -21801.57051271 66979.03694075
v 44366.10764804 -22750.67099625 67862.16768072
v 46960.54410972 -19766.29361172 60458.49497097
v 46396.40565012 -19963.92196284 59012.44262688
v 46084.98170844 -20711.28901475 59786.93899941
v 47131.88783532 -19923.19690638 62407.98186427
v 46563.56825829 -19335.21400528 65513.95506930
v 45588.34100913 -19999.04729831 66900.45036721
v 44565.85247461 -21024.00109900 67922.63700599
v 46685.12187943 -16950.87882965 41719.72534805
v 45174.01468756 -17911.28464642 42816.98754626
v 45480.98844228 -18345.79165704 44566.34620856
v 45770.57294594 -18515.69452893 46225.28302569
v 46276.58691880 -18405.53927209 47982.40948429
v 46136.02675720 -18332.89426582 49548.04747632
v 46952.83646467 -18640.07536056 57040.17652872
v 46336.42071013 -18841.12716491 55693.91631406
v 46148.68590786 -19307.50659073 56743.11197763
v 46218.01418023 -19627.88165469 57738.39895472
v 47094.78625533 -18994.99805087 58595.98199654
v 46839.98065881 -17606.44014348 65564.45443705
v 45892.31885175 -17841.67713119 66702.35200206
v 44571.16054254 -18863.37376342 67936.03922908
v 46167.24086851 -16187.21589837 40319.35718196
v 46826.76053236 -17991.29542859 50231.58015982
v 46890.97158149 -17900.09820985 51591.37840516
v 46936.71307834 -18017.95731004 53727.88582134
v 46490.21068363 -15859.88322894 65953.93962549
v 45549.79744310 -16145.77107400 67016.74650771
v 44928.68285887 -17052.22454641 67612.35913553
v 46942.52015438 -13372.87472545 38184.49407194
v 45996.64561199 -12958.89237220 37320.24931348
v 45460.99353792 -14428.01978130 38108.82777920
v 45328.61540120 -15708.95956779 39230.77191487
v 46251.83704568 -13574.77478315 65780.79641833
v 45388.67722598 -14530.48142213 66848.83382777
v 47487.81020676 -11799.38502151 37434.81203162
v 46246.03998008 -11733.38691917 36644.68657659
v 45822.72267526 -11855.28334201 65667.35880275
v 44720.50100033 -12427.77089004 66744.00183354
v 47225.50539117 -9984.78601394 35962.11136129
v 45210.67940576 -9857.47795843 35021.33359542
v 45530.60279868 -11231.62257562 36011.35320754
v 48342.17804739 -10471.31957518 37106.69840056
v 44886.85948184 -10933.96822976 66017.81753023
v 45720.06105476 -10295.44520091 65014.30894604
v 46725.80422112 -6312.02059483 31063.16838644
v 46550.24075367 -5991.25651219 30455.05122366
v 46044.76051626 -6599.69411321 31192.51659763
v 45756.95095806 -7174.61692746 32123.13836812
v 46380.25011237 -7214.46133299 32416.89143313
v 45462.79144469 -8180.37745566 33479.76473931
v 46835.89301249 -8059.42374742 33848.61300743
v 46516.71985758 -8119.15791652 63307.31793258
v 46055.58991540 -8889.17189367 64068.94439264
v 47051.85045544 -4834.36618790 29631.68669219
v 46272.88288862 -5797.88064498 30509.73201983
v 47222.80767998 -5739.22381520 30819.14087302
v 47097.96726789 -6027.52587428 31752.34075257
v 45462.69553544 -6010.86535065 53247.26953043
v 47203.47647365 -5077.53649541 52297.18921653
v 45683.67179674 -6610.61134473 54756.25340084
v 45961.30145975 -6641.40101431 56553.15944104
v 45436.91770349 -6383.58785801 57919.02017741
v 45416.68530293 -7749.14335533 63618.83622457
v 46404.62521639 -7305.22414861 62546.27977496
v 47279.81536763 -2996.10876153 28188.12313819
v 46171.74091381 -5324.49455581 30875.02583054
v 46522.41428108 -4162.04807153 30101.41097036
v 47077.65901122 -5272.74282417 30794.73551473
v 45969.38851779 -4583.22746320 31038.07391622
v 46640.45276474 -3518.43916547 51624.57282674
v 45564.58763579 -6278.82812121 59033.73673084
v 45605.02121171 -6320.81754059 60435.14779855
v 45868.91724486 -6615.30542594 61674.31312182
v 47685.63751972 -1604.94046394 26316.00395351
v 46418.51751691 -1555.73486647 27602.75758166
v 45952.98059145 -2371.96686589 29019.16670157
v 44910.56346705 -2846.98317610 30472.48840505
v 46280.35752095 -1817.67385309 51257.08494159
v 47396.25744404 -510.48968624 25327.02933043
v 46392.40250800 -582.72673075 26466.61350977
v 45676.49392236 -686.67634898 27467.79719847
v 45428.40186287 -1188.65330954 28402.24710824
v 44973.06282816 -1652.41303953 29395.17862170
v 46083.34495146 -4.27039263 51049.99279627
v 47970.20911803 1840.63881549 23382.58860540
v 47023.86258681 1501.62822457 24221.18907669
v 46103.99607070 669.90073735 25465.65985120
v 45147.01790414 117.15810869 27032.36288639
v 45992.50660318 1840.41549625 50888.60864347
v 47247.38384411 2841.49229250 24390.35483986
v 47166.65863642 3909.93537322 25308.53903138
v 46308.71215773 3618.70986208 25444.79075341
v 45959.68751216 3626.06083718 50655.78667371
v 46437.05285613 4299.35240620 25997.07775078
v 45732.62280328 5090.80335103 27101.70897095
v 45959.15054756 5255.66826935 50233.23998940
v 46730.01865125 6651.80685847 28231.18898273
v 45973.64282871 7610.42594890 29644.62077069
v 46172.19116952 8648.05730663 39845.49628717
v 45066.56638726 7791.66732593 39215.71229997
v 45790.29499931 8348.66245902 38421.08390671
v 44377.57135836 7528.83329678 40592.30270579
v 45989.22595576 6621.51188333 49527.41184728
v 46038.94659292 8417.62843535 30977.33987020
v 47264.74913847 9136.02489024 31486.98634348
v 47292.14770227 9452.18895922 32912.14739885
v 46004.98881133 8765.91511061 32392.02774651
v 47370.68585764 9598.39548997 34510.24815040
v 46086.76587681 8912.83908859 33974.62970153
v 47314.48897419 9516.00537587 36244.25034208
v 46293.40926911 8987.53096121 35390.21467851
v 46973.97736429 9195.59105547 38056.95638480
v 45834.53131794 8514.05269916 36883.07593165
v 45642.19551006 8547.21292551 42028.94752316
v 45901.09552959 8772.85575591 43936.42601283
v 45935.98394425 8661.54377565 45543.10442098
v 45983.61208234 8298.43716067 47093.25479473
v 46023.39931522 7639.13340100 48481.75823487
v 43753.30166568 -25052.63566452 67304.07279644
v 43469.95879798 -25502.36659005 66669.23381391
v 43256.72859198 -25610.72997729 67370.43628091
v 42982.76883677 -25261.75372582 67970.29031564
v 44150.94649695 -23093.77510159 59846.78891215
v 43739.13232310 -22941.95382138 58490.89286937
v 43101.62464493 -23908.15057778 59141.14325350
v 43286.45468860 -24474.07894933 61120.17382742
v 44760.22458219 -23171.11527118 61828.87075158
v 43888.77404094 -24576.89284400 63418.15959217
v 45005.82964922 -23411.39004137 63532.61684553
v 43737.73894878 -25124.34520327 65336.05461671
v 43268.27337874 -23870.70433767 68472.14897721
v 44558.59660243 -21858.25886996 58293.14427838
v 44144.69134219 -21551.89291128 56925.65082765
v 43738.64941014 -22365.10081810 57489.35412671
v 45299.24684791 -21853.75058480 60111.83763449
v 43453.48948611 -22221.32405590 68688.00916042
v 45150.27720091 -20306.13742897 56621.00276297
v 44052.73133847 -20629.67317927 55141.58642804
v 44117.90719873 -21126.22394865 56181.49949609
v 45617.88357249 -20723.29362692 58580.00182013
v 43482.12964739 -20399.95438007 68757.44351860
v 44810.96638579 -17230.58268094 41030.38398011
v 43066.50642930 -18283.89523786 42245.87026509
v 43635.78500039 -18640.62593779 44206.19136669
v 43994.10879625 -18844.38759858 45978.88204848
v 44324.03578422 -18915.56979309 47733.49387970
v 44567.30407584 -18942.08593939 49687.46861635
v 45667.23442593 -18471.70383159 50848.35516606
v 44359.78390761 -19177.80727468 51480.40840326
v 45447.50357095 -18752.24959071 52542.76207443
v 43805.11277644 -19960.71928331 53175.32015061
v 45259.64237502 -19358.69238925 54468.38121471
v 43284.65898057 -18791.77208475 68820.89322022
v 44957.95282408 -16557.17034687 39995.90709622
v 44140.75595988 -16531.30346031 39444.88593077
v 44294.44774437 -16968.06544443 40143.46863529
v 44575.55563205 -15532.84472445 67688.75758758
v 43599.86929440 -16969.79191699 68445.54919302
v 44839.46696695 -13665.47464710 37159.26749888
v 43789.88707279 -13541.17199118 36709.66921625
v 43910.96036958 -14681.31060107 37459.23476859
v 44084.59461898 -15670.64956221 38428.28209451
v 44203.30599050 -13822.00346810 67584.50403197
v 43278.22857104 -14876.24449079 68314.63964585
v 45053.98313605 -12537.85531965 36582.32802954
v 43966.92455487 -11900.98240395 36030.49419271
v 43855.51098266 -12743.21703634 67518.39135223
v 42923.80950062 -13127.79463377 68067.49650541
v 43565.43971840 -10528.01580237 35504.12547325
v 44391.49864159 -9839.96087746 65735.37457381
v 43453.66556694 -10523.06365791 66631.50948043
v 43275.09289319 -11856.55603288 67444.10652043
v 45954.75303754 -6330.70385838 30923.79773325
v 45290.78090429 -6673.98231208 31807.91402712
v 44664.04740398 -7565.91460769 33102.33151433
v 43938.79657414 -8877.89057722 34550.82141274
v 43511.23247326 -9271.41487205 65864.05713919
v 44177.92487688 -8525.11970567 64831.26412208
v 45716.72424427 -6079.66200893 31099.53811203
v 45010.34235922 -5875.65381725 31736.37492439
v 44034.43353525 -6510.86783208 32901.36471017
v 43581.21721192 -7607.54882478 33974.94613542
v 43666.87914779 -5863.70257196 52928.49574684
v 45049.40576595 -4896.99180078 52220.36910068
v 43226.44172489 -6683.45642219 54305.49440953
v 43873.84452862 -6734.74653211 56125.47499270
v 44503.66759402 -6264.51973174 58713.96587371
v 44214.34527734 -6486.14773192 57655.96896285
v 43161.59491310 -6344.80748234 59018.54586231
v 44268.93821208 -7337.79481000 63750.44617313
v 44991.22506099 -6905.27580478 62813.56615752
v 44466.68938641 -3812.29084209 31479.44272396
v 44887.18700430 -4924.09416524 31621.66989218
v 43655.08782054 -4456.40412068 32306.76974649
v 44565.38311021 -3487.43212432 51611.80947038
v 43987.31553518 -6201.82344338 60136.80476178
v 44200.50541606 -6399.36483244 61848.50361544
v 43999.53709284 -2977.48999819 31322.69940560
v 43296.51488818 -3296.04921568 31972.63582589
v 44249.19430018 -1806.41794326 51250.19097086
v 44903.84342046 -407.09397937 28009.77006782
v 44422.72657088 -755.26339924 28943.69936105
v 43935.33307234 -1409.75167823 30024.21395448
v 43218.97457778 -2195.01180434 31199.52485929
v 44095.11555131 23.04726184 51040.51990714
v 45799.27971941 1673.29619942 24997.10800405
v 45055.21923944 1668.80673673 25658.64392034
v 44139.87106608 1294.86715162 26817.42914374
v 43722.01865181 210.97041842 28282.51751963
v 43362.23963651 -497.79680514 29460.82896410
v 44036.87592059 1883.97367751 50861.56077250
v 46059.45256387 2258.95411002 24807.05820717
v 45563.92165796 3964.00793943 26135.54564589
v 45487.94970790 3015.42908821 25516.51121031
v 44184.97157656 3680.44602551 26784.05581630
v 44040.18686418 3679.36743207 50574.83399659
v 43442.83436119 4873.49831330 27944.17826947
v 43763.83180614 6630.43848421 38039.52494445
v 43052.72122994 6113.54738703 37316.52623646
v 43938.69811597 6949.15590216 37040.03691433
v 43992.14465224 6888.29676642 39104.23606318
v 42859.98401271 5840.17603890 38548.67314744
v 42794.72333945 6125.34583976 40026.59430706
v 44107.43611593 5313.58571618 50045.37934092
v 44514.57512426 6251.99900905 28793.33309077
v 44378.19777378 7138.14437629 29994.80400251
v 44760.05877301 7538.67268552 37948.14795674
v 44720.20198392 7696.68422883 36651.23363403
v 42865.04485357 6846.99724674 41470.61317049
v 44308.72572445 6647.92144980 49227.69801424
v 44952.57030301 7785.07980954 30643.40912806
v 44806.53592612 8029.43607641 31819.73442146
v 44791.62916466 8114.52989287 33430.79090964
v 45018.71402573 8134.32310218 35277.50039465
v 43805.03554076 7723.96951703 42323.56640486
v 44359.81283020 8216.52033484 43697.59371633
v 44721.32604232 8375.14847988 45023.73015725
v 44249.88517176 8010.38424894 46550.35029574
v 44418.32018116 7529.33548304 48103.06009560
v 42398.72257178 -26215.13282622 67189.16044730
v 41643.05611094 -26830.73486069 66320.34145472
v 40701.28924784 -27126.91439990 67290.22225983
v 41486.61354836 -26235.48430906 68315.01126701
v 42516.47110437 -25592.96044359 62566.52886701
v 42136.92024330 -25503.23648259 61121.50804882
v 41155.49477470 -26336.13802863 61797.67855431
v 41672.84505618 -26413.93030916 63448.92804130
v 42713.24870900 -25854.77626461 64314.44614971
v 41460.69337606 -26816.85295540 64964.19927669
v 42647.05619196 -26150.35864070 65863.04325205
v 41942.00977356 -25005.13189912 68955.50917220
v 42336.12150287 -23428.24353166 56801.18590256
v 41666.58982591 -23243.42704064 55633.16932473
v 41691.36115323 -24010.96652188 56755.24598420
v 42032.78913295 -24330.35284039 57939.67681222
v 43037.23780400 -23227.96387534 57656.09007897
v 42193.99210622 -24985.02089875 59746.46996381
v 42188.73001670 -23430.86457203 69309.09521959
v 43145.38191456 -22094.55293639 56096.24957224
v 42231.06474371 -22055.66393799 54757.03400166
v 42285.04191139 -21642.66768455 69448.24037745
v 42933.92818736 -21180.19407684 54374.38134895
v 42287.85905774 -21003.07314965 53103.20465959
v 42164.26956675 -21584.83699071 53990.21656915
v 42251.73065865 -19808.46353824 69454.43630579
v 43217.84323155 -17427.24353261 40283.86054101
v 41616.31279777 -17612.34092012 39595.16903992
v 41571.80125887 -18369.31375425 41061.66943141
v 41107.83854105 -19012.82767764 42613.81776185
v 41786.53672092 -19065.78675834 44061.99726905
v 42246.13903687 -19190.01448869 45736.06054852
v 42532.40891174 -19353.04340326 47449.97158363
v 42918.66778413 -19453.98650594 49027.95051263
v 42527.89187986 -20073.39105089 51104.92636728
v 42181.16838439 -17958.02266881 69323.23630209
v 42736.52811607 -15793.06175025 37870.38729559
v 42572.59210549 -14752.43194653 37097.77512947
v 41423.80352345 -15893.10298917 37619.41886857
v 41557.71999299 -16788.29698371 38423.52223130
v 42900.20602689 -16681.47441460 38917.22065321
v 41888.01586509 -15880.68737126 69119.41607865
v 42465.07228605 -13466.54524445 36597.86695925
v 42093.40815843 -14192.98159876 68696.78175782
v 42256.04395922 -11896.36077570 36387.49839480
v 41571.46600545 -13100.24904266 68562.27282499
v 42525.97313099 -9932.01604174 35866.28690125
v 42554.86813575 -11014.13510289 67367.31461050
v 41791.25149466 -11768.94168743 67952.10232482
v 42632.79490567 -8186.36720524 35173.83306241
v 41797.79427756 -7200.55990352 54795.81530005
v 40968.80434444 -7359.97614556 54609.05056337
v 41672.16884816 -7027.45789612 54092.37572906
v 41132.34706333 -7393.42936773 55284.12785824
v 43041.36638063 -8692.66240822 65589.91377443
v 42396.16691196 -9218.77983843 66187.95761696
v 41551.18652996 -10270.35223127 67157.70120034
v 44102.80873286 -5452.98743221 32350.31913926
v 43036.58082470 -5404.84952692 33249.42698097
v 42722.44869414 -6685.97999531 34278.95930388
v 41693.33434844 -6316.07586886 53170.62123562
v 42964.00638990 -4978.57131215 52186.03019209
v 41822.62056467 -7125.53803242 55942.03347196
v 42149.24326325 -6762.29507990 57889.02555282
v 41786.81448017 -6490.14987959 59479.50038014
v 43803.08456357 -6781.92008729 63132.70383548
v 43046.12306529 -7306.93519409 64033.72891023
v 42094.42725787 -8155.56879664 65183.20045420
v 42179.17044622 -3940.18637812 33098.49567154
v 42449.97479378 -3542.52010870 51579.08158667
v 42278.46252208 -6272.36847967 60364.97816505
v 42567.14677225 -6293.80595689 61605.35563533
v 42683.06415017 -6622.20521869 62935.00953919
v 42183.47457482 -2692.85852813 32221.88756485
v 42224.39843503 -1802.52313170 51215.12815054
v 42516.01208241 -965.41155560 30455.22244278
v 41535.39553306 -1656.87991023 31639.89830482
v 42115.62022689 42.73912674 51005.29726157
v 45258.59712110 2219.59601144 25335.56404790
v 44423.81829269 2416.87268265 26150.41805852
v 42919.81124400 2514.98574383 27280.97159066
v 41959.14178679 1299.42736390 28360.94937902
v 42114.86150588 67.89476674 29503.03527837
v 42083.89385225 1904.54883437 50787.60610458
v 42166.52462148 3687.55582050 27832.73514651
v 42056.41631550 5212.68297504 39172.93965894
v 41069.52990980 4466.82434740 38719.37898216
v 41898.89979626 5004.06788284 38365.49535821
v 41377.70598763 4935.85601818 39953.78678394
v 42120.61294958 3701.06327211 50394.59968897
v 41590.46674479 4652.53166123 28672.74884167
v 43185.82721924 6521.38668016 36108.45602467
v 42312.90126920 5719.93801141 36454.42904495
v 42211.13888761 6001.65188407 35161.87690415
v 42080.81525042 5292.65158499 37450.51100360
v 41688.09015433 5750.83049931 41136.55224766
v 42238.07893013 5411.17839841 49628.57989812
v 42715.29423895 5565.10077640 28968.58932740
v 43784.85144159 7269.92643215 31114.33337697
v 42873.52807747 6341.05339706 30138.81230741
v 43560.12085988 7306.68101650 32668.55162911
v 42430.73574081 6524.14195746 31796.99651085
v 43554.72739271 7137.19385283 34581.89699776
v 42281.66668081 6384.35400188 33482.52235422
v 44067.47729458 7297.40716759 35953.50910992
v 41795.17400059 6485.25934960 42218.85237380
v 42898.14536681 7222.29966807 47755.76395505
v 41404.47743522 6691.74792142 47207.54439727
v 42700.15377774 7497.39932250 46592.32340406
v 43091.24983442 6718.11721476 48798.20050213
v 41665.53604711 6230.79601634 48618.51709310
v 42622.78486184 7203.25974753 42557.01735906
v 42913.63992752 7604.01542682 43600.64340067
v 43209.76122839 7821.47637141 45173.99667232
v 40671.14684891 -27303.51474406 66013.77267352
v 40190.09199568 -27433.19811381 65052.41521505
v 39081.30086906 -27769.04565832 66237.10364677
v 39217.12656136 -27609.41891355 67881.67456264
v 39967.48518874 -27017.55931645 68663.04244661
v 40480.03442476 -26018.62517013 69378.85575739
v 39190.76011862 -26767.50282784 69638.25050811
v 40628.22379777 -24814.27760764 56730.15894135
v 39379.69074162 -25052.22441953 55362.78430280
v 39034.08494652 -25915.62879536 56592.05156943
v 39679.14673102 -26136.16828133 58250.79856601
v 41055.91144278 -25477.69863669 58825.93298987
v 40279.27884045 -26383.42585413 60065.56960531
v 41386.62100950 -25802.58869781 60309.89045641
v 39597.65822017 -27082.61401592 61552.19897444
v 40314.96432794 -27130.43712366 63468.50982577
v 40778.07720410 -24599.47975215 69868.87214978
v 39161.40680426 -25722.59856417 70393.22294876
v 40271.45573485 -23855.26339806 54686.58985580
v 39795.18402903 -23070.89336455 53051.06934656
v 38774.15214066 -24501.34723763 53754.21540725
v 40966.98233202 -22854.18777066 70100.42603477
v 39575.31778601 -24012.10174499 70714.76026521
v 41244.98423765 -22252.54291467 53728.85387659
v 40366.24566182 -22057.65795804 52440.75477116
v 40985.83889107 -20950.27030307 70160.54478303
v 39656.56625249 -22158.73952463 70860.83541946
v 40103.05728718 -19050.74493818 41724.03429175
v 40146.94556726 -18407.53040258 40376.63689723
v 38819.19007914 -19032.93483249 41320.35466099
v 38879.05635218 -19498.07733776 42606.05405258
v 39882.73901093 -19431.16789242 42856.94445127
v 39094.72932455 -19698.46903537 43576.16970254
v 41194.91237570 -21289.83167436 52200.03698960
v 40574.90268446 -21048.02993527 50964.21496078
v 40337.50588090 -21607.31436716 51772.30187680
v 40967.26056137 -19057.84106039 70057.41386991
v 39491.91154931 -20022.82988877 70897.63510058
v 40231.29653213 -17577.62597481 39096.00592576
v 40048.16586644 -19549.82689192 44088.65600183
v 40567.78206960 -19604.96282822 45651.33112665
v 41069.01457449 -19683.19122588 47067.35454052
v 40864.91506340 -20205.52566639 49044.23515425
v 40802.55881925 -17290.27271720 69884.98931406
v 39833.89159302 -18272.01280022 70520.51563961
v 41231.88023406 -14824.94144429 37180.87969491
v 40127.31056802 -16031.55558655 37846.82400629
v 40479.47220415 -16767.48589277 38187.49772602
v 40369.89964359 -15833.78660773 69749.10178340
v 39357.15412821 -16771.89269831 70428.03286687
v 41159.70049627 -13582.05851611 37003.11785856
v 39092.91460600 -12595.53870733 40924.89006406
v 38850.64415416 -13485.29319421 40567.33139083
v 39380.38074955 -12843.30648235 40214.69304353
v 38529.15905568 -13243.37401289 41215.57590682
v 39071.51747857 -15072.72535478 70002.94152364
v 40594.14788784 -14229.81168998 69189.04973130
v 41041.32636473 -12566.01626841 37174.62915320
v 41258.51915355 -10987.19009116 37262.62104224
v 40342.87225035 -11263.01337505 38814.80259836
v 40365.11478462 -12543.78569458 38097.83248178
v 39665.03247636 -11661.62885950 40234.22145961
v 39774.22898670 -12676.22673287 39313.81084422
v 39114.78610651 -11664.00437702 41210.52494069
v 38481.47819583 -12442.78538488 41599.94277436
v 40311.00570065 -12493.16603737 68633.17347968
v 41571.81114563 -8897.52888067 36657.08605930
v 40714.84370055 -9520.07143101 38243.17037642
v 40008.22321826 -9966.14591979 39762.76243963
v 39299.16561496 -10418.95703022 41011.65723537
v 38459.21320413 -11151.55479465 41836.12716986
v 40169.78285514 -11094.08806952 67959.97687529
v 41510.10247208 -6920.60138859 35873.06429553
v 40719.89136086 -7670.24601057 37655.25912050
v 40087.06729415 -8220.44874299 39278.45876898
v 39366.89674967 -8693.72118786 40711.92818281
v 38456.17288183 -9454.35070151 41841.29682716
v 40142.88722406 -7401.93025972 54583.95798306
v 40551.08893619 -7092.37828918 53917.93639717
v 40567.36403352 -7423.22975272 55975.10081817
v 40315.09292962 -7486.63719479 55243.29007014
v 39593.87128317 -7488.70095932 56011.59265660
v 39736.76948771 -9944.93847226 67218.44202747
v 40731.36230702 -9014.20852223 66247.83429081
v 41632.25121322 -5321.08276281 34583.40555566
v 40934.69676963 -5691.38242884 35772.20903861
v 40303.89828525 -5857.14418246 37014.31346783
v 39862.29164776 -6553.73547972 38765.86242705
v 39328.76159339 -6989.04675446 40243.28431464
v 38341.26291949 -7306.76293221 41693.10656726
v 39236.32266128 -6626.63394322 53201.97758771
v 40529.88100140 -5230.10893969 52155.67318576
v 39783.32227036 -7378.66684820 57462.71810239
v 41123.07701116 -6476.88317872 60447.48888386
v 40286.54829701 -6936.07223839 59701.08775604
v 40251.48853239 -6716.56651634 61159.65442920
v 40010.19047389 -7978.49910110 64900.09647183
v 41505.01085023 -7163.01126847 63956.42792579
v 40825.44014791 -3930.47651690 34209.84557532
v 40258.31210985 -4622.00189677 35608.81377604
v 39472.74709066 -4553.69224766 36909.83600628
v 39179.19352536 -4951.65716721 38422.97629535
v 39159.64102876 -5717.45549612 39722.53867754
v 38591.30636634 -5661.87410955 40875.23673380
v 40406.79861440 -3507.27842591 51474.94936197
v 41208.11921315 -6421.02524199 61474.48605249
v 41314.85744117 -6609.20254848 62706.04519757
v 40666.24025705 -2628.22263163 33056.55528832
v 39441.84750610 -3167.90061265 34714.17912394
v 39192.05179474 -3786.60799762 36085.90761834
v 40268.09468025 -1759.37690470 51159.43393961
v 40865.96434473 -518.85798467 30738.95707196
v 39793.58304312 -1250.80514034 32045.65756613
v 40174.67288645 64.34940808 50945.93885073
v 40982.58093676 2589.46410772 28240.60703354
v 39767.40347981 1684.66120594 29057.40529216
v 40322.35126217 580.37836872 29765.28113582
v 40153.01174722 1895.39968043 50653.47791139
v 40154.10240498 3624.06497885 28670.03120865
v 40975.91978137 4883.24580453 36082.14932539
v 39277.06199161 4036.79947431 35444.00294940
v 40021.96274692 4685.78071528 34663.50442703
v 41167.80539267 4592.80737223 37654.27202260
v 39640.83558939 3690.08750290 37420.85162058
v 40022.60897675 3789.81980003 39473.02635397
v 40399.27789837 4504.19398321 41030.98804571
v 40204.04914507 3622.36316468 50119.50054459
v 39944.13127288 4487.62704825 29511.34184365
v 41333.84683196 5359.40384812 29757.75841990
v 41239.78470786 5747.36402679 31090.77127054
v 39846.23436558 4972.17699573 30737.83285067
v 41103.34618365 5729.70722559 32597.84704558
v 40069.02466897 5211.40539937 31919.13880140
v 41039.52540945 5424.72356945 34209.43302364
v 39755.54434521 4891.97360342 33297.43165265
v 40797.50109391 5515.76436710 42155.78347242
v 40273.23684524 4976.00520196 49316.73931344
v 41090.05080236 6254.27670806 42911.94088363
v 41814.28287083 6935.83359735 43277.37622372
v 41846.46452280 7144.62074777 44593.92948054
v 40874.82543177 6346.22722088 43963.12208663
v 41916.25465762 7204.23277321 45887.89748359
v 40647.61087624 6322.84960387 45638.66277225
v 40018.03338015 5873.56420061 47100.80409833
v 40216.23744142 5716.91981213 48267.29023639
v 38697.16746818 -27633.98373493 62929.01699045
v 38329.33439262 -27538.08849611 61370.04717426
v 37095.75802929 -27902.24451027 62198.66124188
v 37489.25371532 -28005.28083248 64546.57022905
v 39193.43229846 -27682.15603059 64458.12113164
v 37114.54715259 -28132.25333333 66503.89194798
v 37688.10650243 -27952.47964417 67883.99002408
v 38397.49810865 -27479.12386406 69050.39312214
v 37720.06742656 -26915.23123391 70315.51827098
v 38027.63468212 -25881.44262873 55216.04108095
v 38061.28493048 -26445.77745861 56480.55038879
v 38260.35783683 -26728.93463204 57711.49385388
v 38696.42285243 -27060.23521866 59736.75041524
v 37824.90032070 -26048.79948039 71045.25687296
v 38225.47286354 -24959.92443578 71254.31374546
v 37129.56775434 -25656.89925508 71564.57366356
v 37993.15956065 -23292.01001932 51357.17848618
v 37171.20929175 -22988.74721527 50412.34758283
v 36837.00542165 -24102.83938367 51270.82770637
v 37694.32854022 -24388.14503210 52354.77383306
v 38731.38265348 -23513.01129728 52356.41385377
v 37315.56146658 -25451.55672115 53510.87052337
v 38335.63460073 -23378.38997140 71468.17687180
v 37019.28523020 -24544.23553888 71883.65044525
v 38187.39902253 -22427.45113695 50611.49858582
v 39326.01472035 -22208.52660170 51435.76976056
v 38666.46719670 -21802.88861975 50322.36467608
v 38253.67655074 -21531.41689873 71609.32426097
v 36928.66260784 -22864.15201735 72163.84494817
v 38462.66024804 -18198.88826046 40054.61597996
v 37816.46088195 -18955.93909717 41190.54400872
v 37445.80272372 -19350.04804566 42501.81842205
v 37773.18780942 -19832.27008972 44089.65256042
v 38775.59588918 -19869.37485137 44511.83379433
v 37918.93973420 -20113.55328961 45379.01099599
v 39454.39287967 -21231.03013144 50116.57272106
v 38928.14670175 -20982.09626814 49067.15577306
v 38680.01916725 -21428.61327713 49798.74319638
v 38042.99915991 -19914.96695763 71673.92422271
v 36699.66382097 -20808.70062247 72403.28617554
v 39211.38476127 -17136.41298061 38657.25210266
v 38485.30518105 -17022.48299422 38712.50539732
v 38258.03165549 -17438.34367557 39152.44720210
v 39040.68413686 -19979.31442037 45611.23895390
v 39358.11308083 -20265.32027100 47370.75771350
v 37126.39415308 -19044.55314176 72103.04966054
v 38348.15634406 -18206.96778479 71261.21649133
v 39915.42818237 -14838.17787376 37849.78705692
v 38828.39463975 -16269.24247250 38476.43402683
v 37524.29802568 -15996.29690197 71044.03428976
v 40348.15387790 -13546.11162228 37662.44275176
v 38659.74139514 -15259.43042608 38927.07453674
v 39500.46274121 -13891.07536943 38743.92182299
v 39208.62706989 -13524.73167741 39778.43699417
v 38461.24874063 -14421.89054414 39970.25665806
v 38190.47225669 -13954.67088618 40929.73944930
v 37737.36347548 -13539.61789088 41615.91569609
v 37767.01095367 -14409.79776396 70163.41684726
v 38719.04445845 -13285.79787272 69283.76517749
v 37443.64365099 -12371.30687937 42243.62990124
v 39010.74259988 -11829.07949045 68506.23357947
v 37335.72091236 -10654.96567661 42602.97863795
v 38705.42143139 -10738.56133619 67854.92076958
v 37292.10301994 -8735.71480124 42732.48091663
v 38060.86593141 -6550.89017142 52720.73298385
v 37455.03263837 -6374.48765412 52472.82323135
v 38484.66110241 -6022.55876417 52307.19224822
v 39460.05174122 -7210.23944336 54215.76437930
v 37095.18169803 -6621.77970438 53200.11991360
v 39259.36775973 -7425.80962348 55117.64039904
v 36097.48832762 -8771.65906180 58686.39763179
v 36318.85448732 -8225.38226614 57471.74505292
v 37573.77904017 -7998.11727561 58175.17824781
v 36901.80601927 -8392.57590799 59428.80970707
v 38667.61376654 -9942.76529671 67251.88400479
v 38813.42217146 -9191.37579566 66356.72346103
v 37078.21118662 -6910.03740832 42887.19551456
v 38682.24557074 -4833.73820625 51748.02499032
v 37972.43984286 -7086.72599990 54478.95185660
v 37839.66678471 -7551.07917016 56297.94495410
v 38196.92958399 -7766.69212819 59769.80610735
v 40078.90428489 -6850.49846762 62392.58697637
v 38843.85735757 -7393.74184521 61663.05853908
v 40301.49312940 -7104.28485414 63560.13929125
v 39021.55956127 -7580.03004712 63529.30264902
v 38092.21966716 -8508.73924985 64959.55596907
v 38397.62084575 -3521.70304290 37415.73300592
v 38359.28624536 -3931.71593740 38937.14957910
v 38505.33809944 -4575.78552603 40026.86354865
v 38149.83302782 -4601.46940767 41106.00279431
v 37975.53450931 -3875.30924551 40840.08862308
v 37636.11403080 -5035.16356234 42039.98042051
v 38594.15119978 -3345.74337484 51360.59193672
v 38838.61210011 -1901.81319274 33460.30715283
v 38046.96015985 -2229.92552806 34857.48421007
v 38467.71648197 -3012.19699353 35860.34566469
v 37823.02561282 -4049.44849986 41417.17067572
v 37272.31852319 -938.45931692 42359.27109635
v 36916.91211674 -1212.46908485 43392.58303152
v 37005.88935884 -2212.27305372 42856.91469044
v 36368.11535039 -2453.94918441 43772.86554737
v 38411.18508379 -1693.80974760 51114.86874328
v 39060.00562384 -109.32271453 31047.71265675
v 38047.72257832 -757.15341774 32414.17096070
v 37237.47399935 355.05925468 43455.36719256
v 37590.32102242 530.60007224 42286.61526923
v 36323.23805262 -901.98151236 44230.90639420
v 38288.20655282 74.08789624 50857.26913815
v 39203.68593672 2661.91892714 28848.78193466
v 38027.00651528 2024.54881706 29516.72563217
v 38425.86510432 990.11494664 30148.81256827
v 38614.66266306 2598.91308823 38746.60687346
v 37307.69398833 1526.45764681 37741.43878360
v 38080.51802979 2551.78083784 37238.81885459
v 38908.01285464 2828.25834578 40805.37601685
v 37782.97768066 1459.63320927 39606.66092138
v 38157.61900359 2120.06761736 42755.11174793
v 37829.47006238 1185.20821746 41220.25312437
v 37467.75651607 1927.95099998 44192.85333676
v 36471.18550357 778.96254658 44741.49427864
v 38262.42073269 1838.47489971 50432.74605838
v 38653.70454877 3276.67031063 29056.73765372
v 38814.44066383 3830.94124103 29379.27918047
v 37393.95635362 3406.91577459 29757.18748020
v 39123.07694117 4324.73837011 34252.44352974
v 38123.90092866 3806.58923796 34386.54488117
v 38554.32650699 4298.60005451 33441.42926726
v 37850.96366160 3070.19088647 35737.19981881
v 39532.42504975 4242.43783712 42670.03734707
v 38342.90900038 3622.20122253 44546.29080626
v 36840.53232528 2494.24108695 45476.53038563
v 38343.96973390 3504.19374753 49657.25353499
v 38142.55166028 4181.58782903 30500.48499126
v 38572.37830372 4524.38535246 32102.86590509
v 40377.29515362 5593.05180830 43170.06626389
v 39768.31402179 5268.13993716 44349.14449812
v 37523.64040276 3795.46626419 46239.26331593
v 38986.47142161 4999.22448787 46199.20908131
v 38965.98322634 5080.44620515 47848.37581853
v 37738.03198234 4292.84478823 47475.93023772
v 39106.35900972 4786.92275648 48867.20163755
v 37849.70443318 4125.29236630 48675.12565616
v 36820.23443069 -26941.33481377 56536.59468889
v 35701.94240447 -27002.10528025 55155.75381388
v 35053.81981080 -27399.04744314 56318.92022284
v 35556.26396816 -27587.62712742 58255.02397766
v 37156.36307665 -27386.24211013 58851.83895851
v 36042.20054553 -27834.79576698 60492.41181092
v 37478.29039193 -27628.38893498 60511.82805876
v 35872.94049181 -28019.52523318 62031.35649262
v 35584.26943713 -28092.04202846 63546.87365164
v 35386.09840545 -28228.77104581 65858.71802554
v 35717.55254592 -28201.07278961 67829.43006493
v 36362.10354413 -27770.07699226 69502.67595884
v 36191.40117111 -27253.48120331 70741.32848222
v 36599.69716781 -26388.95369839 54537.71849424
v 36256.00326653 -25997.89265748 53289.19815451
v 35364.74955108 -26617.65374684 53782.58789059
v 36691.85278958 -26533.15093999 71260.20795936
v 35685.96550134 -25864.37825725 71959.82274665
v 35928.76494315 -23758.08823950 50502.97431677
v 35825.37454378 -24705.40961018 51268.44883258
v 36387.82937177 -25217.87785270 52237.24621194
v 35512.61447352 -24321.24509284 72498.31097140
v 37897.47353247 -21863.53809434 49688.41247002
v 36288.27119409 -22359.35230479 49425.33609511
v 35408.29972006 -22567.42606445 72885.01993834
v 37506.77233720 -18656.23944103 40862.11920102
v 36945.38666657 -18847.12256966 41631.75933265
v 36046.99197533 -18899.00237943 42813.92795188
v 35933.15244134 -19502.85612307 44341.83731414
v 36393.85223042 -20247.46354694 46064.04166560
v 37721.42941815 -20491.88945814 46767.07931083
v 36202.60015778 -21163.53909929 47934.87315018
v 37678.72223015 -21171.62192368 48356.07073782
v 35204.47877473 -20942.37913708 73210.36405089
v 37982.17497225 -16902.11483433 39075.78305171
v 37541.12416352 -17455.07332155 39849.68907848
v 36973.63352643 -18083.00509610 40896.19335503
v 36164.34850028 -18332.82619507 41935.91162041
v 36730.83852969 -17488.82586126 72049.03105771
v 35527.08761902 -18905.85008114 73054.62807463
v 38007.67113167 -16183.69061606 39133.53916409
v 37382.63324442 -16590.25165098 39781.99947490
v 36374.28129024 -16343.04845937 71924.18650511
v 35202.20967959 -16597.90845551 72798.10914153
v 37711.65035879 -15607.99228991 39847.50995557
v 37332.93646034 -14862.44012181 40977.25684796
v 36329.07538639 -14216.38802230 42316.56918802
v 37057.60112619 -13361.46320270 69700.56681244
v 36425.64360325 -14397.03925031 70634.84843181
v 35882.03814052 -15416.68803574 71704.97596127
v 36059.28381162 -12243.10486897 43110.66246637
v 35140.06534860 -12992.95721152 69738.89932547
v 37265.67723895 -11796.23441981 68495.66743089
v 35926.81239863 -10137.92097386 43528.83691201
v 35346.27948605 -9207.56917995 58561.44318892
v 34550.42282458 -9530.67020812 58511.82020321
v 35351.05213896 -8907.93233011 58014.14448995
v 35046.65662398 -9490.24724783 59183.16822111
v 37624.39528612 -10246.06623317 67271.78938742
v 36644.12782747 -10861.48894529 67590.80196523
v 36408.04636025 -10236.17020999 66782.84813674
v 36208.13335815 -8183.40220274 43523.03942874
v 36634.61956546 -6268.41940355 52479.45004468
v 37111.28466651 -5642.31701068 52027.79237658
v 35698.16951249 -6160.63968519 52780.03879433
v 35119.60651066 -8467.75829268 57305.24818557
v 36809.77997236 -8411.50924117 60424.88132837
v 35652.43941503 -9144.67703124 60158.45088773
v 36121.61698815 -8791.00650465 61277.21195456
v 37253.02371719 -9422.87562500 66134.55347091
v 36364.42352662 -9687.62371988 66000.87083111
v 36624.85935273 -9173.99369540 65111.17001944
v 36163.86843508 -6900.23846783 43625.85440843
v 36475.96444050 -5524.12335793 43362.58006968
v 35397.90227161 -6365.69701011 44133.66654592
v 37308.27157827 -4468.82010569 51605.89110839
v 36366.51533834 -6765.93503272 54244.16097766
v 35305.45060734 -6348.23727294 53650.82099005
v 36301.04660673 -7101.47024415 55290.13581425
v 35491.70735569 -7716.33271256 56439.66177422
v 37169.64697113 -8202.64312401 61523.83700252
v 37285.25202198 -8358.77513032 63387.24276655
v 37846.69209012 -3168.62053708 38782.90732992
v 37898.92492483 -3463.69712937 39956.68958283
v 36786.67765175 -3714.04349481 42999.52879566
v 35510.89911854 -4372.99353386 44163.47476385
v 36919.93847420 -3229.58617110 51363.27533740
v 34981.20084378 -6628.03446953 54699.82554815
v 34840.15906224 -7063.28664545 55589.85499244
v 37383.29367513 -1270.63910927 33848.99684290
v 37096.15919065 -1570.04280841 35116.15062939
v 37487.36738016 -2248.30197159 36367.31211017
v 37417.56835386 -2436.54921953 38028.02825906
v 36919.49334706 -1605.94673476 37362.44089353
v 37375.67427476 -2483.71831350 39542.38650489
v 37410.24431910 -2826.11529561 41410.04971131
v 35219.77199049 -2429.34680804 44682.40596076
v 36649.48351025 -1637.02896741 51087.95781451
v 37279.82048684 351.64380662 31413.46064646
v 36436.28622564 -153.22453742 32919.87899571
v 36954.00148554 -1531.41386684 38711.20324165
v 37085.41089308 -1519.88597859 40197.92264897
v 37206.31796246 -1184.80143202 41254.89116198
v 37348.87840476 -111.56236417 41383.03586206
v 35212.89194574 -641.23899934 45184.08801602
v 36448.78799369 34.90643156 50720.04497413
v 37937.33246417 2790.14338648 29283.36561658
v 36712.11258113 2587.69014371 29881.92421551
v 36542.07574375 1548.80820096 30554.36944834
v 37106.52801691 2099.76285426 36379.18497798
v 36369.11971796 1252.31234851 36091.02459970
v 36206.95196377 2276.21816118 34907.09618116
v 36587.43999399 516.19965135 37196.54531750
v 36995.85063371 431.34574832 38667.43726629
v 37263.71667670 298.51945153 40197.00739321
v 35296.33391610 1088.27235943 45940.55887494
v 36432.66564663 1676.49952264 50118.59238716
v 35734.29908203 3217.85450348 30297.99165908
v 36787.79808254 3266.67851413 34160.25494564
v 37394.02389107 3922.14688335 33174.86016297
v 35913.86973901 2433.55904192 46368.81934363
v 36529.42141270 2919.30583274 49302.35793679
v 36235.23993550 3740.99202258 30706.92439808
v 36584.59130765 3935.35045927 31870.80947650
v 36569.30189309 3153.64364712 46455.14697084
v 36611.10296466 3527.98772625 47257.84135933
v 36578.94297595 3497.45062502 48317.36127021
v 34625.95370091 -27187.81464249 54785.63504009
v 33736.61248534 -27419.31004147 55685.38019127
v 33833.59284299 -27600.95224814 57642.62023219
v 34342.75647655 -27771.24467006 59773.96582510
v 34651.58978113 -27946.01144261 61878.54653478
v 34149.04133644 -28006.24011574 63424.72122278
v 33300.37392422 -27837.22982987 62665.12052624
v 34173.76887497 -28118.44847950 64772.49632044
v 33777.64715177 -28242.41028468 66051.21310436
v 33566.88308178 -28379.37733015 67522.24439221
v 33998.85277890 -28176.15995047 69433.46077682
v 34657.60854696 -27593.23745458 70817.77610364
v 35446.39237577 -26918.89660517 71418.50675407
v 33942.18311799 -26909.62320774 71951.58422168
v 35170.96831715 -25483.95468752 51861.97006707
v 34831.92018375 -24656.56570718 51016.66450765
v 33944.12384812 -25598.84992757 51867.23896452
v 34558.20621794 -26278.09743881 52744.76218333
v 35546.80032022 -25991.59507310 52698.65606375
v 34258.82955743 -26865.96576870 53688.36274601
v 32825.76083194 -27918.72629386 64118.00160480
v 33063.88656671 -28113.57599588 65406.11778763
v 33876.68494100 -25760.84450781 72686.11516670
v 34723.26883082 -23440.60212341 50218.54890841
v 33936.49305901 -24212.41495634 73187.20600275
v 34674.01726490 -21969.85794217 49290.04614483
v 33916.24205297 -22296.64092757 73768.97697155
v 34897.47884011 -18682.14318706 43952.44277420
v 34567.90862789 -19094.25897941 45065.81676160
v 34739.74275700 -19630.03004332 46253.42735327
v 34719.78066095 -20583.77157105 47925.28379999
v 34253.15328147 -20230.13658958 73932.36107312
v 36752.98018211 -16986.23557263 40669.15500687
v 35990.20057581 -17336.22789125 41751.15132582
v 35280.27627884 -17927.53270698 42857.96828311
v 34258.44732069 -18801.02738889 74032.33121036
v 34343.68392568 -17573.98337360 73820.51196990
v 33568.03520859 -18081.59916714 74558.40799105
v 36989.70840652 -16052.45665788 40529.06582590
v 36313.94730505 -15990.07353765 41507.60727984
v 35100.90010620 -16212.19110812 42888.90975915
v 32464.95080984 -15445.68723682 49720.72184795
v 32546.38403558 -15877.00888995 49377.60909436
v 32464.52698721 -15186.51917406 49234.11250852
v 32170.89748350 -15693.33954391 50266.93401229
v 34147.61118493 -16605.61825179 73719.97822720
v 33076.25963226 -16724.02732544 74606.45616977
v 34644.55640327 -14156.02713398 43741.88718749
v 32220.51708030 -14908.98524107 49829.11408448
v 35104.00421696 -14309.51360094 71260.68856442
v 34480.44139570 -15057.26670074 72368.19146744
v 33789.35855355 -15756.97770609 73496.31509841
v 34720.97894927 -11951.09120347 44132.30535118
v 35468.64525452 -11318.79767448 67621.09564778
v 33290.16505120 -12125.88136350 68096.79812863
v 34322.65860105 -11163.48514378 66609.28101852
v 33013.94840209 -12923.80152266 70163.89391188
v 33494.32792855 -13846.90663420 71650.90120137
v 34656.52820130 -10371.31536070 44355.05246190
v 35111.60050892 -8922.55153896 44165.20783282
v 33903.01475976 -9471.97292901 44966.83862838
v 33377.46754072 -9868.93715685 58289.67353183
v 34180.07326092 -9128.38480268 57721.16826408
v 34673.15845116 -9785.35279147 59885.53801573
v 33552.53034234 -10318.47505398 59520.05254092
v 34250.50067313 -10088.95104056 60829.63954279
v 35436.98587562 -10191.24696986 65814.39711526
v 34258.67992362 -10747.98483586 65463.75237557
v 34735.47920578 -10162.65337595 64602.64437794
v 35487.31130738 -7618.07467453 44028.43737316
v 34487.54699118 -7743.91219044 44615.25076106
v 35973.82969970 -5800.80079191 52243.80196611
v 33904.88791817 -8399.63865439 56934.75824291
v 35985.49589421 -8946.93039647 62566.38362267
v 35088.12792501 -9518.88741677 61746.50412216
v 35747.43209237 -9378.98172936 64144.48650043
v 34800.12498118 -9846.41703933 63293.55480667
v 34133.84176877 -6074.53940052 44860.75578649
v 35078.94917774 -5565.06104765 52394.28112008
v 35631.11865010 -4643.19884416 51839.27855169
v 34272.40828859 -5713.21939179 53002.23371317
v 33706.10024900 -7503.99236087 56140.31717991
v 33892.95172618 -4146.67588345 45106.48007313
v 35467.16773157 -3023.16044758 51397.04966909
v 33378.60601779 -6040.02074235 54104.63067110
v 33488.26067159 -6740.42427001 55267.45402410
v 36433.05229661 -694.77152975 34578.95593472
v 36662.04419128 -1144.57438820 36110.36711904
v 33646.73204570 -2213.30674356 45565.75550883
v 34892.48430226 -1698.16191608 51075.42559609
v 35779.57670825 870.39875113 31781.61897411
v 35366.00695459 630.24369258 32784.92278688
v 35655.77610187 282.63556989 33933.83154075
v 35443.41000579 1234.19431613 34417.45585258
v 36128.32328260 77.76868568 35713.52745600
v 36622.57434620 -566.14316027 37612.50731748
v 36906.13544780 -576.58163134 39375.66589882
v 37091.46859772 -605.66149689 40553.43429627
v 33927.67390690 -479.85699420 46026.03677509
v 34630.95727616 -60.28302685 50473.68760378
v 35183.39108034 2529.72466991 30597.42636357
v 35161.60425465 1723.85662968 31215.37624535
v 35086.40995584 2200.31941953 33766.88545196
v 33542.50574833 457.89436694 46896.78040713
v 34861.22936059 1951.72514392 47107.44834740
v 33648.39956963 1272.86393187 47707.65582555
v 34749.38916616 1496.70473852 49615.66790073
v 34667.10020749 3202.57541594 30632.19913952
v 36145.32846729 3548.67383412 33031.34871802
v 35479.10501570 2942.38633466 33520.23997390
v 35877.99090331 2893.98794764 47013.49632146
v 34309.24287825 1946.92562032 48014.99737187
v 35425.26746001 2754.11628660 47930.62146269
v 35493.79577553 2634.68271174 48855.38010641
v 34410.24830069 1953.90645360 48747.95238352
v 34900.36565917 3553.11943583 30836.31142593
v 35254.69271034 3729.18947400 31403.03066585
v 35011.41962185 3455.14321721 32299.94182869
v 33155.90189331 -26541.53141895 53137.79995212
v 31920.89392083 -26198.09005289 52833.66131575
v 31961.68082219 -26655.63675959 53611.98449148
v 32565.01945164 -27079.14377075 54742.92047171
v 33656.17949221 -27144.82906630 54347.17221194
v 32686.75455730 -27374.98533939 56478.14037241
v 32563.78110506 -27434.21137855 57817.61034645
v 31813.02050196 -27163.78853142 57203.06709085
v 32798.82635663 -27524.15709412 59234.14017962
v 33035.77986410 -27674.30512423 61126.26442768
v 32517.63579839 -28288.65634727 66461.64692880
v 31756.45383104 -28552.22225837 67563.87244851
v 31646.10998339 -28648.47159724 69144.16898735
v 31956.39240786 -27949.91769895 71523.35214229
v 31990.47937471 -26926.24954519 73052.03444591
v 33535.84883959 -24516.94950382 51106.36670159
v 32578.73242305 -25543.58338256 52065.70270801
v 31580.10300319 -27135.85795598 58536.45263863
v 31276.47603311 -27219.20453296 60454.74148667
v 31653.03814974 -27596.72177636 62639.32958223
v 31342.64515306 -27828.15409282 64253.17827381
v 31854.62182931 -28072.57844642 65380.76291760
v 32122.85432488 -26066.55584621 73330.81469961
v 33263.59673232 -23042.69277290 50560.37925174
v 32076.94313412 -24335.84618313 51632.05456405
v 32684.11862598 -24171.89090201 73945.74916666
v 33030.52953421 -20954.89968449 50018.07370230
v 31693.63017838 -22684.17595306 51587.62829165
v 32757.19952564 -22793.60262220 74491.96567218
v 33013.49181597 -21180.06827092 74790.45116666
v 32110.08648037 -22469.16378099 75272.75433179
v 32118.02117182 -21238.92242963 75674.09978520
v 31481.54539276 -22025.34007585 76100.14773772
v 34010.21634095 -18453.58885042 44858.54857344
v 33660.70614755 -18596.25225163 46148.71049207
v 33464.15982058 -19169.64286256 48172.51751902
v 32634.97092572 -19061.95866115 50021.41326168
v 31772.35966053 -21056.51198225 51517.81043595
v 32001.64936554 -19699.10282257 51224.42003332
v 31228.76707278 -20220.10904159 52187.78442070
v 33377.78051100 -19365.11780971 74747.60151497
v 32376.28327606 -19894.54343432 75633.27839238
v 31427.35654971 -20637.48482122 76460.55989837
v 34112.11347612 -17503.43402816 44084.91780622
v 33367.63465915 -17804.95249680 45277.19472797
v 33044.84572281 -17671.81043084 46197.33397943
v 32776.43351628 -16726.14810324 46562.53653788
v 32986.81984283 -17587.65613444 47423.83328725
v 32574.99279093 -17251.40010574 49457.28350313
v 31909.53494808 -18034.96983296 51118.73275592
v 31113.89723581 -18768.79149300 52296.71841605
v 32553.59618530 -18143.89187002 75457.30280203
v 31499.00983351 -18920.16080732 76486.97095235
v 33820.12985101 -15967.77427732 44163.71536270
v 32600.22216941 -15624.60921313 48015.33919197
v 32722.88888504 -15601.73232834 46467.20428046
v 31858.90472010 -16631.17172096 51001.85425598
v 30831.91589238 -16750.67131164 52417.39657021
v 32155.05926061 -16974.80653818 75568.50924570
v 31472.70168151 -17362.93155155 76286.90236132
v 33511.42405273 -14927.39239982 44655.13046311
v 33540.58716251 -13424.65686640 45090.22105549
v 32727.86741136 -14072.47610545 46632.82826347
v 32984.71222606 -15064.58120088 45541.71151424
v 32388.75952665 -13996.82085618 47813.86276351
v 32019.19835138 -13919.21616567 49057.18948296
v 31467.84508616 -14214.57968022 50674.79326021
v 31371.32363131 -15419.41451982 51484.64303602
v 33226.91963933 -14726.04949901 73018.52161912
v 32375.58303117 -15218.96104493 74159.17413197
v 31322.33742597 -15931.07402405 75668.50875686
v 33702.47387921 -11339.41401116 45094.58342981
v 32922.33585067 -12321.72300060 46073.60263892
v 32093.75288162 -12278.60912870 47543.41718959
v 31128.61764100 -12015.88098186 49220.07516163
v 31288.72000349 -13035.11132074 49995.27891510
v 32576.35999849 -11197.10135277 61425.15993606
v 30963.65189172 -12114.55477853 61318.85508730
v 31582.40873988 -11522.12567578 59913.15860514
v 32506.11723963 -11426.02003394 63414.75795461
v 31109.20292916 -12113.64134043 62874.35472759
v 32507.06445418 -11623.32353373 64990.11360030
v 31269.84953671 -12134.18593296 64733.28498344
v 33293.50236431 -11452.23754469 66009.04339536
v 31766.57693616 -12145.58712726 66691.78439937
v 31738.07831198 -12368.30548539 68244.80271569
v 31572.97476742 -12607.23181879 69635.05702126
v 31500.19210470 -13156.17165193 71541.06811953
v 31852.35832804 -14084.23273253 73119.63577638
v 32642.32100454 -10405.67690324 46161.82678479
v 31627.92958576 -10470.10823417 47293.42877111
v 31144.83582349 -10928.51725308 48219.30801061
v 31933.28590387 -10661.56876243 58447.19704022
v 32410.86028403 -9450.49904611 57375.09144158
v 33813.11081477 -10484.97979862 62465.66905370
v 33681.15895015 -10820.64474900 64295.48310359
v 32919.11465198 -7950.71915842 45580.45380961
v 31401.57448865 -8867.28101309 46830.46774959
v 32277.81155305 -8251.78628975 56547.93733774
v 32588.92492364 -5824.04886385 45605.47973558
v 34125.92113251 -4947.42949573 52339.74487123
v 32072.77285174 -7258.26693965 55825.44128340
v 32186.24641820 -4003.39027718 45848.15298866
v 32281.72694715 -4905.88137584 52882.15316297
v 33749.01278213 -3528.65493118 51727.75995552
v 31547.80457198 -5757.94884545 54103.88548394
v 31855.40592870 -6433.14628982 54981.73536067
v 32240.23470715 -2587.20209750 46068.42485730
v 32693.82358385 -1437.07630998 46265.98775316
v 31601.81518600 -2150.14073452 46542.08965163
v 33011.59142396 -1795.83300588 50963.35748158
v 34735.06887174 1500.19597158 32193.41433666
v 35001.95985836 1031.28384961 33275.21379634
v 32987.52995852 -536.51712566 46537.41167543
v 31765.24443819 -989.11408670 47141.00227569
v 32783.31087671 -224.20179292 50021.48880739
v 34329.69618049 2348.38906882 31363.18671078
v 34083.09402407 2396.86735911 32122.59110591
v 34622.46027314 1827.39480750 33090.56944192
v 33338.52969511 1217.49407837 48506.43436128
v 32294.85698258 235.80062272 48043.12994360
v 33432.17864396 1025.05822661 49255.58099401
v 32219.77495454 228.34089427 49102.48935671
v 34133.53985014 3002.72969703 30963.95868520
v 33768.96889265 2930.31250703 31503.26124089
v 33795.48333464 2976.51873651 31987.83353741
v 34036.51221780 3268.93719601 32017.73406592
v 34410.21711474 2755.24226642 32709.75150737
v 34164.20225850 3399.17231837 30950.85060469
v 34228.44959609 3517.48224560 31450.41853712
v 30261.78243666 -28927.62991315 70519.52588727
v 29876.17623049 -29213.08435267 69317.14404128
v 29018.44714458 -29521.02693754 70038.81439973
v 29000.81056709 -29351.58941602 70998.12094197
v 31016.66156619 -26193.90179908 53382.00306114
v 31261.18089294 -26622.27938360 54460.30626077
v 31550.77226152 -26937.32466152 55908.85579688
v 30961.13298454 -28421.74896740 66536.71715927
v 30043.61432110 -28962.12138953 67929.95968985
v 30024.59967188 -28443.78227704 72101.62685376
v 31007.98890801 -27412.21537161 72935.79463011
v 30077.14346096 -27810.39773240 73650.54614526
v 30773.87442681 -27205.70155203 73399.43003711
v 30653.64918295 -26768.11112710 74604.73419579
v 29430.91420735 -27447.45223839 75545.85917530
v 29832.54388397 -26655.21965045 76167.56845304
v 29214.25751388 -27183.42293913 76575.64982623
v 29294.19762235 -26691.78020517 76990.80090731
v 28760.36768480 -27056.60548953 77135.00906780
v 31067.58471257 -25435.99772616 52575.98043604
v 29893.69327968 -25586.89462201 53358.02368525
v 29410.25630066 -25235.31439443 53799.69039289
v 30182.40437271 -25957.43868650 54102.36983784
v 30341.01755510 -26264.11871375 55462.57269624
v 30571.43267208 -26615.91984641 57316.39269218
v 30267.88749299 -26701.00544218 59148.52475530
v 29757.68343450 -26799.68470783 60423.59528513
v 29616.58148925 -27221.53364016 61934.02264323
v 29989.35532757 -27718.36459331 63704.95730519
v 30312.89179966 -28115.03301039 65213.01229278
v 30882.87580714 -27195.59862003 73139.25009336
v 31307.73205879 -26747.37719744 73578.62530403
v 31341.76071864 -25736.19090099 74254.40776667
v 30465.10099738 -25535.73689481 75853.63274864
v 29577.78281987 -25798.18812083 77002.35663662
v 28696.83589037 -26328.77896608 77549.78041973
v 30535.47924140 -24324.21399548 52545.11473288
v 29295.79842634 -25292.61564621 54641.48128827
v 29145.65221131 -25786.01184466 56618.61144249
v 29106.59329544 -26166.90268490 58397.55933545
v 29087.85591925 -26444.48785554 59682.25677868
v 32015.43943103 -23799.38772953 74743.99273109
v 31145.00877063 -23714.22419202 75796.43226411
v 29954.95530158 -24231.87387653 77040.50524674
v 28765.44533076 -24998.77354225 77890.17480091
v 30471.97511642 -23153.03804371 52642.96512756
v 30748.15153301 -21613.85228562 52550.53343574
v 29830.46627864 -21425.47466536 53417.13178313
v 29809.53825536 -22705.26216068 53289.68221612
v 29091.87419728 -22127.53701231 53923.86147557
v 30394.78961613 -22060.19597341 77132.32931882
v 28968.16662461 -23159.72043830 78164.67257483
v 30216.76474779 -19955.32732480 53174.37797265
v 29119.33722259 -20688.85812356 54013.24736489
v 30360.84643993 -19797.88153934 77445.75680242
v 28962.42790066 -20938.28744873 78493.44159708
v 33221.54875203 -16835.41634705 44926.39535608
v 32923.11893228 -17149.44443610 45692.44387073
v 30037.69025037 -18038.52132808 53339.62366298
v 29023.28563529 -19024.42976874 54106.38169724
v 30441.28119229 -17946.58787621 77270.43257409
v 28999.63118017 -18554.67132325 78381.38163385
v 33138.40685172 -15862.75274725 44945.60067789
v 32840.84915757 -16269.96802996 45658.06387951
v 29843.21762387 -16843.37252837 53466.20207412
v 28751.96229863 -17127.51555502 54268.16501254
v 30534.12891346 -16660.90859785 76826.91101980
v 29380.24218714 -16803.47745188 77675.85224273
v 30983.08843016 -14488.97884509 51704.25151038
v 30417.59187989 -14855.95897023 52548.85619387
v 29459.56007205 -15670.96210951 53653.14144300
v 29843.76827394 -12584.27406702 60313.99069912
v 28609.88576804 -13202.22231946 59942.42988589
v 29184.29307792 -12751.42313359 59094.00391920
v 28400.53091166 -13317.12228587 61145.72420480
v 30064.12523937 -14929.61645902 75842.72924343
v 30795.26616539 -14550.18878925 74638.52707011
v 29791.46495090 -15683.70776834 76768.94336456
v 30882.28347801 -12332.74582037 50111.90057720
v 30691.71994041 -12757.45586270 50851.08771087
v 30416.09466917 -13584.09432687 51951.41908121
v 30299.19564437 -11838.53047662 58713.35674817
v 28843.76387069 -12493.22996708 57641.10391754
v 30155.82783440 -10596.34928599 56992.53436821
v 29429.97180945 -12837.68756321 62337.04545335
v 29683.02903881 -12686.79271703 64354.22090788
v 29930.37368534 -12594.03162972 66364.25257870
v 30270.64628415 -12559.77453980 68586.33914380
v 30455.89449033 -12564.84149250 69921.99218537
v 29725.48859819 -12583.26163642 69981.49937766
v 30628.39925847 -12685.28164974 70803.39647685
v 30218.37543229 -12881.60665597 71787.27760861
v 29589.67784319 -13440.27583209 73322.72425912
v 30833.35971599 -9788.29704009 47875.22757227
v 29973.04812844 -10060.48355787 49279.58629436
v 30286.51464861 -11596.38323631 50370.95698684
v 30921.46618655 -9059.95652274 56620.42121810
v 30009.17038769 -12571.56810677 70578.71079265
v 29913.16232136 -12655.08155404 71212.95906058
v 31435.45162550 -7094.84986038 46274.81601068
v 30473.39465697 -7615.72566940 47026.34560987
v 30060.80004258 -8531.55349644 47935.75344748
v 30696.77286161 -8008.93321806 56079.98709569
v 31152.35437577 -5555.51858867 46223.12999141
v 30529.63903632 -7024.82260134 55484.14235241
v 30842.23705807 -4425.75017593 46356.97437185
v 30056.67823898 -4443.49793071 52415.07904974
v 31543.29760577 -3324.90182847 51667.16945919
v 30187.88684846 -5438.84027121 53610.55711170
v 30294.64690560 -6220.38898714 54674.25497563
v 31173.47500651 -3282.29004678 46386.92682878
v 30326.14322547 -2695.36995877 47130.30321188
v 31133.15253599 -1935.00134249 50656.35560902
v 30053.82803460 -1700.66756097 47920.19959526
v 30978.82474562 -918.24923586 49715.66202859
v 30919.76306409 -743.73731240 48110.21067948
v 30954.00027405 -522.86341380 48845.35634387
v 33798.47238423 3302.77287648 31241.21961695
v 33714.94434511 3275.25131703 31616.26769284
v 28363.43573055 -29722.33993404 68872.15055115
v 27519.01881792 -30018.73886067 70475.39467060
v 28127.19282199 -29441.06254103 71921.20856413
v 29273.31975993 -28709.87905495 66387.43184980
v 28431.26574321 -29362.85059392 67446.03962924
v 28886.47621720 -28727.36031752 72957.23610873
v 30114.77696696 -27947.75496158 73017.70165077
v 27814.32416696 -28786.37953918 74093.18573968
v 28166.85085266 -28126.43487940 75367.15794885
v 28439.56059871 -27553.24396964 76551.18804170
v 27823.71446370 -27044.51271400 77433.22543536
v 29775.46994764 -25141.69448843 53055.77523609
v 29179.54781459 -25222.43616690 53468.32850769
v 28982.90199750 -25191.56014747 53840.16906634
v 28860.60567595 -25019.00145084 54257.88490132
v 28334.75597512 -24762.12261927 54597.17399188
v 28377.04189662 -26712.24703435 60795.72031834
v 27633.98113983 -27311.68724364 62124.29420480
v 28522.26101574 -27671.00707530 63229.03254747
v 28478.48365940 -28306.32730178 64761.38261096
v 27523.25340194 -25961.91299772 78176.48891181
v 29323.17418662 -24786.05388385 53486.55931150
v 29602.54943763 -24250.51555284 53454.88392105
v 29102.16895520 -24573.08453397 53884.06408923
v 28673.75423821 -24216.45837493 53991.91893716
v 29077.55132152 -23495.49345774 53804.99219062
v 28323.85537866 -22811.44285540 54428.27263180
v 27863.20660728 -24786.98369582 55989.29228082
v 27623.10567754 -25487.80933356 58027.39662684
v 27755.36849057 -26153.67316573 59567.94362080
v 27427.65699459 -24320.03369459 78835.33718022
v 28357.76999221 -21488.54583787 54494.36378438
v 27842.37453887 -22443.80410109 79103.23920764
v 28010.71555578 -20109.45202115 54742.50450945
v 27741.88252890 -21122.73572877 79362.60753036
v 27835.21455935 -19724.04582091 79277.14034883
v 26687.03840684 -20764.41209428 79826.23503286
v 27724.17429393 -18392.75311777 54879.54854266
v 27651.73135386 -18292.15863332 79211.16850438
v 26407.23024188 -19079.86398152 79819.50230584
v 27343.62791883 -16982.70619304 55085.01786481
v 26769.40829596 -17648.93870946 79435.23896877
v 27794.67878491 -16918.12916302 78626.28828405
v 29094.22561261 -13449.51884311 53848.84032386
v 27508.56892279 -15315.34631588 55182.86928988
v 27272.68167322 -13740.72032146 60313.50265318
v 28055.16155232 -13294.76828260 58961.32647320
v 27238.86393862 -13738.85565641 61584.92166480
v 29435.34597072 -14219.70154169 75235.29054737
v 28857.15157736 -14743.97690742 76425.48904791
v 28367.22592552 -15625.20835509 77563.10131880
v 29601.01231059 -11910.36538556 51934.16019235
v 28711.95323715 -11232.06002025 53558.33956292
v 27735.38979054 -13529.16771974 56321.15225786
v 28804.31047202 -11720.55863966 55525.34663428
v 27534.43843880 -13442.00739653 57895.52118316
v 27687.20911493 -13484.59750919 62558.02317643
v 27998.19393360 -13228.97144454 64103.39274623
v 28222.72737134 -13032.33300493 65975.61347434
v 28311.61471562 -12907.67312232 68040.12028988
v 29261.75824498 -12656.69605105 70913.41036088
v 28586.97809038 -12776.81303538 69906.22966630
v 29387.42802846 -12830.94907788 71853.99351857
v 27909.13952612 -12910.03222875 71860.95222028
v 27302.98353783 -13173.09946519 73820.45519770
v 27800.12050987 -13925.64913047 75498.79715153
v 27565.56965725 -14727.90724236 77025.19274676
v 29380.04308712 -10592.75691252 50862.02815502
v 28643.07247072 -10274.47373623 52063.98930913
v 28008.01753133 -9650.86568557 53321.02883895
v 28358.30546966 -10344.68833328 54575.80444476
v 28895.16893517 -10247.42125909 55619.75454026
v 29257.48313747 -8933.94065879 55827.64304740
v 30386.18259212 -6523.46862970 46748.38988196
v 29385.57008013 -6851.47857980 47663.77546367
v 28586.11200548 -7848.91336078 49235.69974574
v 28523.87699093 -9165.86354706 50717.18599742
v 27961.45032134 -9097.23603500 51990.29370194
v 29495.60749500 -7689.00695537 55628.64577015
v 29876.63512944 -5294.81752566 46925.73581191
v 28656.67442931 -5488.06723208 47821.55681307
v 28313.92765320 -6451.48355942 48434.48816648
v 29187.11040955 -6891.24687473 55074.60936892
v 30194.53399558 -3956.18141319 46773.49171430
v 29208.14977487 -4139.81289874 47453.02495450
v 28745.62232838 -4376.00856633 51882.12377805
v 29736.74890167 -3315.93639617 51267.01753405
v 28598.27658479 -5379.02816849 53003.35068788
v 28936.57599253 -6138.78051566 54227.90193845
v 28870.02329281 -3012.69836377 48133.87133883
v 29510.45592882 -2221.28923462 50117.22681985
v 29116.89496355 -2052.76355324 48562.28534507
v 29899.51733522 -1273.67333347 48662.24167198
v 29956.23936764 -1288.58962221 49333.15018967
v 29066.40334992 -1980.00544837 49233.80985495
v 26577.99757370 -30507.61253914 69079.30364949
v 25966.47701023 -30748.01856572 68114.87395493
v 25166.30150527 -31105.94315475 68821.58335453
v 25330.66556939 -30834.43709633 70365.89981796
v 26424.91214009 -30034.89331918 66628.49106351
v 26004.86221906 -29773.50423789 65596.12457876
v 25764.38666720 -30325.71885414 66425.51960167
v 25854.24323265 -30563.18803418 67156.72163956
v 27019.31139616 -30080.34312456 67671.00981272
v 26101.86901673 -30150.87382061 72016.99308483
v 27192.66155839 -29457.60599395 73065.44917549
v 25806.86004052 -29808.79768293 73345.64579794
v 26399.66777241 -29344.12214514 74066.02355211
v 25005.20838645 -29534.32570204 74367.30304557
v 27495.82407611 -29293.22381847 66217.63529682
v 26948.23024260 -28890.54980294 64883.00985546
v 26174.19847350 -28745.31587299 75363.77427786
v 26999.02039075 -27841.84728888 76670.91322421
v 26258.99188639 -27006.03651876 77839.59319667
v 29033.16171110 -24918.30801381 53523.22632827
v 28574.71748444 -24754.78444093 54026.83559720
v 26285.95919780 -26791.15168323 60953.40217666
v 26070.74594611 -27747.80577139 62262.32913537
v 26936.03464313 -28199.81095942 63516.83551446
v 25876.61550491 -25737.36005557 78865.16727226
v 27659.95219780 -23663.13309992 55124.24593456
v 26291.91450456 -23474.47338569 56766.74237686
v 25895.42284304 -24455.43578094 58114.60360401
v 25916.30087194 -25653.03240821 59510.79730236
v 26067.22880168 -24529.83795812 79417.04050341
v 26551.78285863 -23279.05421477 79572.88409349
v 25202.00110865 -24044.33959983 79828.57700010
v 27262.20421380 -21585.03474045 55260.28357032
v 26373.58359100 -22379.22353358 56149.40118055
v 26940.24194068 -21966.13533109 79670.11316332
v 25499.95086359 -22358.11914234 80040.63473272
v 26547.43953571 -19465.19984351 55599.65009673
v 25189.11655816 -20639.70451794 80225.73354506
v 26592.35469358 -17823.64085908 55468.95292538
v 24848.15039075 -19299.52795985 80231.60965023
v 26114.02463267 -16517.11198246 55714.91447633
v 26332.34572330 -16715.63787938 79158.28266670
v 25239.56011062 -17787.06944022 79818.75447380
v 25503.66767695 -15283.88143197 56132.03958220
v 25618.30751233 -14385.11037244 60175.74623641
v 26667.96318693 -13880.39032468 58936.46210772
v 26566.35808367 -13875.49199590 62466.03413627
v 26106.13184812 -14140.03529384 61533.18474591
v 25439.00788006 -14228.26520050 62860.71276035
v 24945.60328235 -16290.05276055 79154.77126421
v 26585.16197152 -15554.79699334 78194.47668757
v 26072.62637064 -14461.03243253 56541.29313006
v 26330.78373561 -13987.93352482 57625.46841384
v 26318.36933708 -13776.82584336 63866.55145698
v 26587.89469705 -13500.30905673 65698.83659889
v 26850.96020052 -13280.21545592 67439.61668496
v 26044.87791138 -13295.44791116 70061.06271666
v 26456.34276304 -12892.04672777 71895.29372568
v 25704.90377742 -13016.99676042 71955.63374150
v 26633.70573821 -12837.95228362 72918.60202967
v 26197.98354586 -12989.94362722 73858.22485121
v 25673.35501657 -13549.66459364 75149.78455228
v 26126.91828129 -14394.10679508 76910.56712909
v 27954.35834489 -9574.71652010 54275.00871644
v 28250.31436668 -9437.39032629 54952.94499574
v 26007.96222625 -12826.68915969 72627.60448042
v 25924.70454966 -12849.00530838 73290.22108353
v 27969.20560688 -8098.40012637 50416.74730112
v 27672.65402500 -8203.01604003 51286.41141031
v 27458.10764091 -8182.10255171 52542.44136484
v 27663.95425356 -8723.96143294 54067.08899635
v 28079.01786577 -8573.52828033 54974.42537926
v 28347.75825246 -7710.15002416 55091.79893592
v 27888.84270453 -5636.58087416 48524.72113506
v 27701.83935148 -6377.48740579 49258.70464407
v 27543.11916221 -7188.07193873 50514.73704634
v 27332.03929300 -7516.81810852 51564.10503953
v 27608.05198025 -5989.26028367 52831.24894585
v 27888.50002698 -6337.04954608 53798.88970277
v 27354.20847492 -6695.31047535 53324.98497641
v 28238.05265134 -6819.03900808 54606.13887483
v 27614.60345972 -7163.28458762 54236.46059566
v 28056.30669660 -4528.78359749 48396.59626415
v 27507.02085142 -5370.00621255 49071.84755644
v 27822.06143236 -5121.33447412 51849.95257134
v 28323.46016484 -3732.76865247 50741.98839306
v 27936.66138149 -3665.73315627 48872.00332776
v 28370.41934267 -2787.52419008 49007.32279505
v 28439.08541475 -2812.17403724 49750.18269174
v 27810.02949701 -3690.69103146 49698.10278305
v 24754.59601473 -30757.92897890 66291.46615785
v 23785.81617912 -30855.21353539 64958.03289001
v 22804.99194031 -31527.22212508 66094.81080430
v 23784.12008354 -31457.60756990 67991.09354279
v 25127.35665627 -31027.27430372 67697.33057316
v 24067.48486505 -31380.11243228 69508.38218637
v 23392.80445134 -31235.91924584 70765.17535162
v 24755.59149747 -29972.06936074 64443.13642371
v 23978.39686183 -29838.46514646 63242.52777269
v 23664.78604320 -30513.74468621 63897.08664138
v 24343.36505013 -30719.03723410 71752.45488601
v 24297.69309226 -30186.18002178 73158.38833761
v 23546.38144953 -29733.94006265 74414.08137231
v 25078.54688221 -28836.93963957 63065.10915458
v 24443.57559285 -27919.63451501 61721.81556191
v 23427.00539771 -29296.11217664 62242.31894462
v 25932.71900178 -29102.69068809 64287.48029000
v 23798.02254195 -28995.34387105 75708.27873731
v 25056.93959106 -28023.23391544 76938.52846804
v 24209.38758253 -26963.19878472 78345.37888219
v 23754.85203947 -26461.57033053 60727.92408117
v 24426.42901768 -25877.79070892 79237.82681846
v 25119.98032070 -25104.25899102 79513.26105355
v 23992.47532514 -25062.55440865 79735.75990987
v 25119.32840417 -23249.49066061 57971.18567172
v 24428.78759343 -23652.79976762 58910.75267262
v 24151.86639376 -24729.48444505 59696.89336012
v 23835.87573489 -23751.43529853 80125.71299621
v 25823.47194408 -20893.61428699 56323.93683437
v 25118.67400557 -21978.45715773 57371.86053090
v 23720.11876323 -22143.42043034 80381.39657376
v 25323.18056339 -19477.76122416 56454.53387908
v 24675.22376518 -20193.94347020 57286.69515383
v 23546.26739958 -20502.89746736 80472.74192025
v 25340.18988588 -17912.04473433 56247.84128649
v 24555.38289182 -18783.04342101 57063.62127130
v 23476.70095800 -18900.41585156 80315.44941325
v 24624.89196682 -16123.34408828 56486.34229991
v 23382.10133569 -17352.54151594 79861.75965488
v 24407.11323345 -15129.56562319 56504.88251979
v 24085.82739777 -15325.44427610 59778.21854544
v 25216.49011833 -14439.93088285 58658.84704369
v 24490.80073548 -14867.83153009 61850.91436380
v 24319.63955406 -14646.98032244 63433.60903934
v 24435.71368243 -13870.62449550 69921.33356885
v 23288.01657035 -14416.02535369 69608.76730411
v 24529.29340213 -13907.41387166 69035.08123590
v 23945.68088610 -13961.87188823 70999.98587773
v 23145.23066266 -16000.74049642 79082.70324845
v 24712.10542859 -15110.61357039 78141.74476656
v 24705.05670332 -14687.46838969 56709.92951399
v 24958.53296214 -14437.23888466 57435.99721365
v 24970.11073824 -14221.40228017 64067.69398013
v 25082.41015173 -14027.16813941 65410.80401047
v 25202.97355385 -13791.39124225 67475.77402713
v 25329.83197157 -13041.16086125 73019.79416095
v 24716.36750157 -13440.64017809 72159.75295883
v 25459.54241961 -13097.04522087 73914.26760282
v 24190.55928574 -13595.48589197 74100.08799210
v 23959.81012713 -13872.02497150 75739.87912147
v 24381.69170849 -14253.41811929 76873.87416350
v 27318.72760393 -7539.99441603 53491.90629358
v 27628.75739980 -7950.55105558 54470.62430592
v 27311.13470997 -5803.80444857 50088.98110237
v 27284.68798481 -6529.83661775 51889.36692050
v 27486.00033159 -4615.17392826 49403.09995805
v 27473.53471817 -4880.22265982 50598.17675798
v 21722.76536695 -30989.84090461 62307.68798868
v 21363.46767352 -30761.57223010 61570.52085275
v 20849.53141232 -31248.60022271 62020.72033427
v 20934.91298730 -31560.63172397 63132.05714033
v 21970.83708265 -31290.28153078 63375.25636389
v 21297.16390060 -31767.91890586 64790.29858224
v 22777.07126697 -31160.70959563 64266.35084384
v 21134.78710527 -32029.13557027 66594.77456153
v 21831.44978433 -31919.95657096 67957.66878898
v 22543.83282667 -31675.59599338 69479.37270499
v 21450.27046194 -31451.47557274 70995.95251379
v 22075.65520209 -30062.27380388 61689.88119980
v 21276.57874532 -30278.92365273 61224.46895970
v 22846.25213233 -30503.10453329 62901.17016230
v 22508.88768458 -30769.28453606 72395.20794295
v 22695.98279786 -30147.62188815 73746.36283957
v 21166.22201907 -30282.47450872 73742.50990997
v 21643.92704768 -29696.94024463 61210.59766806
v 22017.17202900 -28596.62962265 61337.73014839
v 21930.04867806 -29572.59477863 75012.21738130
v 21990.08990460 -28834.86830846 76342.47165213
v 22982.83690252 -28119.31638560 77251.67430496
v 22026.77717019 -27273.98806750 78415.37523355
v 21527.39133887 -26785.23866888 61142.74807676
v 23005.92121852 -26170.10606179 79247.72612179
v 22428.06788363 -25068.97484673 79879.58632214
v 24057.90196412 -22436.41409030 58761.36070515
v 23021.08485306 -23229.83998514 60021.61472599
v 21917.44793319 -24904.86762715 60894.66586782
v 22122.23904420 -23646.22716838 80307.96242038
v 23878.94811444 -20819.02086102 58503.46571055
v 22960.26161135 -21425.53845230 59812.87684004
v 21729.75251185 -23343.25168793 61019.49808157
v 21894.29631406 -22011.16616914 60918.76890247
v 20788.31202401 -22721.34167144 61610.80019910
v 21933.25143987 -22015.40656154 80539.39162506
v 23745.33878388 -18948.35596797 58242.99739723
v 22967.58103747 -19695.69227046 59633.68041578
v 21971.13864269 -20260.59990645 60937.34173401
v 20750.43692422 -21139.59559303 61850.34142689
v 21806.38910560 -20313.91575974 80560.01979867
v 24059.93456776 -17287.01336792 57373.43072934
v 23431.65870122 -17468.49759764 58621.22883249
v 23065.73803057 -18279.42008350 59453.37768463
v 22301.68681401 -18421.53294162 60833.87865993
v 20860.43752281 -19012.09184302 62404.08289456
v 21691.83876032 -18655.50992912 80335.83074476
v 23786.08446225 -15923.81747148 57169.59616502
v 23566.12072196 -15985.22870847 58210.90052464
v 23083.35464236 -16927.39310455 59983.27688774
v 22393.93305504 -17209.86574628 61447.16873656
v 21827.64319157 -17857.41822251 61904.88931467
v 21504.18779873 -17155.63964890 79813.25884922
v 23832.04723480 -15260.55094386 56806.09031604
v 23481.89566260 -15268.52396905 57332.10171649
v 23497.54953762 -15183.39228420 57707.72129646
v 23999.09719943 -14909.80960724 58031.94594232
v 23098.70991234 -16093.58089007 61593.19695369
v 23899.90373241 -14644.56731233 64814.42814855
v 23016.36743136 -15512.41148011 63620.30593305
v 23778.84834512 -14475.44796736 66597.21858646
v 22530.35024590 -15292.84323403 65831.56530119
v 23809.35523737 -14299.02012023 68132.72446665
v 22418.13559720 -15032.47727498 67993.40269900
v 21867.58096314 -15125.81025803 69777.83563665
v 23116.50653171 -14112.55290998 72809.12852832
v 22103.46738067 -14794.14800698 71466.23229989
v 22559.22364898 -14205.30129855 74311.62718813
v 21160.06099347 -14902.46469190 73793.05271884
v 21563.58396206 -14563.86888717 75267.13288646
v 21183.85014248 -15885.36167834 78872.64855863
v 22994.07707070 -14971.29617050 78006.74374932
v 23958.61553303 -14807.32440611 56780.07583930
v 23982.96260695 -14658.17977916 57189.73622873
v 22754.07873615 -14129.68859648 75504.52900516
v 22857.33054160 -14369.08522481 76802.70161789
v 20708.01724164 -30821.90851367 61442.76277381
v 20175.58181867 -31188.45853822 61887.67924567
v 19975.56713635 -31527.64607144 62697.49039571
v 19520.10448492 -31870.41768806 64279.06410688
v 19621.88157752 -32145.86696589 66233.78904663
v 19945.47434180 -32181.26406612 68020.57378457
v 20610.26741179 -31933.73803231 69578.88480130
v 19442.42216705 -31658.69634277 71139.30813531
v 20605.82028475 -30258.74830977 61253.92320655
v 21124.21251323 -29708.26175139 61165.94373749
v 20031.31296137 -29494.22574292 61517.11158596
v 20132.23750829 -30954.44341032 72592.19527249
v 19693.94513621 -30339.61495460 73879.36240891
v 20064.05358142 -27843.93594076 61458.86745349
v 20023.08920943 -29765.88681915 74891.31025467
v 20364.28466179 -29030.32095145 76183.43389729
v 21033.94986319 -28221.78022123 77394.15346687
v 20071.77793992 -27397.41320306 78477.97088101
v 19907.51746187 -26111.03128398 61493.66901721
v 21183.97791400 -26310.27420300 79314.25254170
v 20625.32149001 -25089.24223898 79963.22769725
v 20297.44652177 -24716.93892991 61540.12409080
v 20919.58282615 -23874.44759201 61432.88542776
v 19781.71128610 -23726.26287537 61882.47097817
v 20278.38586243 -23594.16626491 80372.30728245
v 19490.50334561 -22342.62910330 62247.21240362
v 20079.86237000 -21898.37111772 80564.15948475
v 19321.78456416 -20719.63845811 62748.17815970
v 19958.41632252 -20149.43938307 80545.67292075
v 18954.90480879 -19332.20415185 63622.80575723
v 19834.13324973 -18511.31037859 80294.22123812
v 21754.75046748 -17057.98207281 62899.99419866
v 19880.71897877 -17835.75727388 64364.57319889
v 21283.05961176 -16385.60649329 65005.45665680
v 20999.10781916 -15978.19101707 67083.92142676
v 19612.98926011 -17001.37232669 66377.81885568
v 20802.80165693 -15764.00261103 69053.25000395
v 19414.59587509 -16582.06904936 68406.12547189
v 20712.27588311 -15585.59562276 70842.48716442
v 19383.33627581 -16268.74240365 70337.70775521
v 20553.18138169 -15434.75045819 72463.69196854
v 19448.41627566 -15989.28820376 72008.29614799
v 20152.39306444 -15439.42133806 73478.99956667
v 19570.65341188 -15747.21450805 73165.77789140
v 19207.57302180 -15604.05049646 74437.98195214
v 19646.17039878 -17139.97434197 79777.24887869
v 23596.47249375 -14870.12451460 57041.28612322
v 23548.95282614 -14882.83834498 57415.57274362
v 21441.34345371 -14692.62233508 76583.00473705
v 19895.41759321 -15192.98299375 75998.84154052
v 21677.61510915 -14966.41525051 77710.59821745
v 19940.06700267 -15480.56240391 77889.91101224
v 19340.91531251 -16284.15847499 79117.23814532
v 19856.71992743 -30641.73559102 61694.68730896
v 19411.34603753 -31147.67945591 62307.28445258
v 18829.82634451 -31449.98768886 63246.19703047
v 18134.85068112 -31776.43188903 64357.37335223
v 17706.24268071 -32048.34866627 65960.91519881
v 18005.55996327 -32258.60925557 67944.79146225
v 18375.43653732 -32104.08825048 69858.96280681
v 17870.60425118 -31794.58712195 71385.90571312
v 18225.20613628 -30389.07087453 62588.46336112
v 18416.88926972 -28640.55303289 61940.90542578
v 17736.46226735 -31340.36114743 63721.81441283
v 18215.02689440 -31297.11690750 72422.34109837
v 18429.15803387 -30615.67886137 73634.78976547
v 18735.92936808 -30017.44713920 74622.88594496
v 17283.81051084 -30046.67668283 74804.72388167
v 18613.51656139 -27274.82875545 61766.95785915
v 18339.06391099 -29260.54672553 75947.53661586
v 19094.46313765 -28314.66222966 77394.74401806
v 18223.21589834 -27420.25655542 78548.98696638
v 18117.56378291 -26182.89353366 61940.54649027
v 19325.99539042 -26380.02496355 79361.40746453
v 18758.22866515 -25115.91470608 79953.13893020
v 18976.60092109 -24961.85035766 61895.91766127
v 18204.32765625 -23783.01237791 62358.50277522
v 18393.01359721 -23521.70136511 80301.80942309
v 18039.30835331 -22135.53361340 62847.35699225
v 18225.39359404 -21712.56130096 80461.87167344
v 17767.28235074 -20713.07696909 63479.46365868
v 18132.75650866 -19940.77057120 80432.42689671
v 17495.11972179 -19590.92811532 64279.73140980
v 18058.11907700 -18378.06918405 80189.09332694
v 18371.74020027 -18634.83101826 64623.10730527
v 18297.81264207 -17990.94244160 65800.71111755
v 17809.54779967 -17575.11112345 67785.19661986
v 17866.46857467 -17039.87186042 69923.20259104
v 17987.76356440 -16602.06612343 71840.31895613
v 18352.55366170 -16145.67071111 73370.43154953
v 17363.44869842 -16120.34719138 74924.37784043
v 17970.83771209 -17153.66141076 79679.95870069
v 17877.15441042 -15761.63422488 76151.28561063
v 18092.33249541 -15776.01475815 77547.95640785
v 18019.51599059 -16272.09752613 78812.29608470
v 16936.65374691 -31624.84399782 64828.51330186
v 15704.70030045 -31693.30942424 66352.45060436
v 16124.19509153 -32135.89624906 67966.54646529
v 16321.41565202 -32230.53170352 69687.05963443
v 16499.26680526 -31985.61868379 71229.17000933
v 16895.66423852 -31577.42862311 72247.29933357
v 15448.52432100 -31583.29673961 72595.83653699
v 17045.10687540 -29095.09855909 62537.35969130
v 16311.14531120 -29936.64490110 63309.18091500
v 16700.67576515 -30949.76090172 63900.92103622
v 16588.65753635 -30913.64312208 73532.23711932
v 15589.19245482 -30097.03786992 74939.06282335
v 16808.57060481 -27402.61445855 62350.52201427
v 15818.36339416 -28712.54264055 63030.17546579
v 16245.20557745 -29222.24782514 76075.45249816
v 16955.29945193 -28204.56808075 77520.52144643
v 16862.60246763 -27288.39529622 78697.69512105
v 17024.46915724 -25966.68317563 62252.33966371
v 17737.39199470 -25168.43791777 62176.26476296
v 16696.87618609 -24804.80109111 62594.41550824
v 17614.33541722 -26428.71354502 79349.17253049
v 16806.98164461 -25193.64242747 79732.25473913
v 16985.32360837 -23327.46245990 62888.24219656
v 16604.95455241 -23245.83234214 80061.10212478
v 16635.41172167 -22125.31901001 63428.71896629
v 16467.34209494 -21332.49412420 80191.10519327
v 16310.61293219 -20777.55953631 64176.79180740
v 16470.53130816 -19592.77022479 80204.12435800
v 16470.89171416 -19729.77788483 64843.70654904
v 17230.54088398 -18893.09978588 65276.11568895
v 16886.25564410 -18483.73157777 66602.36887695
v 15974.19867044 -19455.68648082 65826.25710849
v 16377.02976987 -18345.76831544 67938.68993703
v 15731.65863841 -19076.00286035 67165.41998916
v 15315.61309616 -18946.37468131 68600.30031973
v 16497.28047193 -18195.88870138 79987.37475707
v 16255.66394372 -17973.89681125 69567.38015385
v 16392.12044529 -17406.41471431 71612.14749968
v 16506.48786085 -16802.41311849 73730.66505593
v 16029.70980421 -16485.31158342 75372.67885743
v 16483.15455636 -17124.66044677 79425.24150105
v 16345.58192130 -16160.66735475 76277.49840042
v 16500.35698885 -16095.84129348 77405.90327481
v 16517.86637379 -16402.62950757 78530.28269452
v 15871.12905275 -31265.38059600 64977.63112170
v 15459.26974440 -30506.11845712 64435.63331841
v 14879.11562338 -30947.42957806 65711.82654289
v 14410.81839929 -31232.06931999 66986.23071639
v 14417.04528395 -31694.37393974 68371.94494599
v 14870.05637308 -32118.31713879 69588.01564482
v 14319.81864643 -32060.27575859 71499.33843525
v 14220.27239060 -31593.06266513 72921.21168486
v 15070.09942951 -29373.58077742 63990.30576602
v 14528.31637156 -30868.50087809 73947.73369792
v 14390.72478950 -29930.53076813 75139.22869604
v 15381.52077342 -27648.68392355 63066.99662967
v 14874.50027295 -28288.57928775 63662.84336444
v 14897.16211271 -29334.68561171 75876.63751726
v 14844.09824123 -28115.23720264 77077.87451758
v 15739.00799178 -27316.42179298 78406.70596807
v 16363.13597527 -26587.09160020 79165.08395144
v 15413.25389519 -26177.43909340 79049.16069165
v 16215.10476593 -26052.63593708 62533.58243794
v 15452.11402966 -26503.06860621 62979.44343870
v 15249.10168155 -24613.28400730 79389.55971009
v 15663.57949145 -25329.39502739 62949.78406850
v 15723.24089713 -23796.68876198 63403.13475291
v 15013.02907051 -22675.32139245 79539.55839354
v 15438.04946889 -22186.11299542 64108.92386488
v 14822.23933303 -20592.03495874 79686.12915953
v 15283.23684514 -21199.93046649 64604.23642710
v 15102.30014300 -19914.50911411 66540.95796066
v 14694.09331537 -20694.71370464 66076.04597948
v 15158.59832693 -20232.29856888 65693.23527220
v 14966.16352653 -19674.51645023 67570.00352868
v 14493.44117780 -20627.35195451 67088.09980242
v 14471.77267324 -20051.12790565 68481.29579638
v 15300.57633593 -19105.92388498 79931.11591224
v 15591.20321953 -20338.17353595 65000.78040598
v 14613.42709555 -19323.28511003 69531.70529929
v 15172.53722711 -18055.15698876 79638.79134041
v 15113.16253617 -18643.14658255 69894.38660231
v 15142.92295286 -18310.60980495 71160.09348684
v 14818.53571674 -18017.30405797 73356.55068044
v 15349.37023251 -16529.07715943 76276.98902879
v 14889.31122631 -17145.97921478 75457.13275798
v 14625.97828378 -16855.47829979 76802.62740997
v 15211.07580032 -17132.52443103 79066.01959047
v 15308.07719943 -16439.51147538 77205.93920236
v 15267.96612687 -16606.41784212 78216.59304096
v 13314.21980501 -32254.64095077 71771.38271837
v 13277.89806973 -32147.44463920 71476.52035881
v 13007.03282641 -32170.29380205 71819.06588471
v 13151.77075621 -31944.20958518 72152.58591365
v 14406.70835784 -29854.93090754 65288.11399745
v 13899.91540288 -30344.22887508 66704.60437761
v 13561.31207396 -30800.46457015 68101.40421424
v 13283.25795560 -31134.96052035 69409.65902182
v 13548.77839566 -31779.69642646 70424.83782197
v 13478.80738830 -31596.49929878 72853.52921982
v 13788.48749370 -31336.91142984 73441.91372039
v 13352.31811632 -30892.14538946 73775.54908417
v 14130.52223682 -28293.02724713 64930.33319777
v 13548.92681098 -28935.17624770 66566.01741356
v 13115.27556540 -29540.57917032 68048.53332597
v 12798.62818996 -30104.47973177 69413.04955007
v 13540.33738161 -30025.70736649 74772.72681570
v 13873.57731056 -29044.42264001 75814.73880508
v 13044.33622654 -29059.22668939 75240.02683955
v 14531.14009573 -26939.41835206 63962.65504685
v 13812.04022752 -26723.62392245 65285.53407641
v 13390.35758867 -27229.53860844 66570.57552956
v 12864.31320570 -27738.23183494 68371.84420217
v 12532.23766622 -28740.69875752 69493.00421609
v 13216.62609928 -27446.53803304 76250.33784414
v 13988.91816260 -26846.01532123 77660.44422895
v 14737.51208659 -26943.08747754 78271.91775271
v 14869.84099904 -25266.30878677 63717.65994998
v 14065.61880969 -25297.87993702 64980.87446205
v 13480.86812683 -25464.90781405 66520.28104951
v 13007.63847568 -25776.35807208 68248.69024426
v 12403.48998456 -27513.45892909 69916.59066390
v 12520.30375855 -26053.40383026 70095.78066931
v 12229.47470051 -25758.42198466 71520.29807123
v 12191.28692638 -26893.74429430 71062.68253621
v 12078.34234611 -26310.96163837 72156.46506694
v 13427.50002390 -25555.72189471 77553.02396626
v 12696.44353109 -25309.47333283 76251.10254957
v 14344.12660072 -25787.83234079 78552.63087812
v 14591.78663996 -23436.49501424 64681.54943859
v 13839.56834548 -23629.10455024 66325.07899195
v 13316.61440485 -23840.42766490 68162.71265560
v 12835.11625021 -24174.15214224 70028.73962653
v 12426.03135174 -24564.02133940 71573.26258033
v 12158.89508486 -25148.87627015 72603.71825965
v 13015.61249805 -23561.21222015 77295.00487571
v 12513.98281803 -23792.83628331 76020.95364769
v 13991.70415292 -24066.05625847 78601.87388370
v 14774.71157765 -21916.26319080 64854.72269082
v 14335.67834957 -21855.16906972 65989.60647003
v 13875.89668966 -21762.95916954 68004.90884445
v 13280.95003915 -22226.27699093 70064.30317801
v 12728.36529334 -22758.04264850 72079.25261204
v 12317.67281220 -23816.01490582 73007.02545050
v 12646.53245491 -22202.98380250 76035.03064273
v 12359.03836524 -23306.91091586 75236.48649625
v 12444.51455252 -22572.75798817 74690.27626308
v 12933.28803472 -22100.11380545 77386.51762031
v 13561.86581530 -21840.24843079 78526.64465960
v 14861.18181516 -21002.70532566 65299.11360424
v 13960.90656713 -20288.52291798 70085.81330659
v 13323.36211814 -20835.91046105 72055.34264103
v 12458.44183851 -22743.27186740 73649.84431430
v 12781.62023200 -21484.23669923 74073.63748629
v 12864.43893487 -20374.02427771 75745.12164960
v 12876.56277524 -20848.42997410 77349.93177571
v 13105.91992671 -20426.12453991 78406.23979312
v 13627.74967694 -20294.55621058 79063.28098450
v 14113.66702110 -19122.76044778 79409.58694271
v 14521.93616724 -19073.79600601 70529.01630829
v 14127.79945167 -19249.88654466 71891.57241856
v 13453.30744788 -19528.47794846 74067.34618933
v 13116.16297228 -19151.82844743 75787.87030737
v 12889.03964025 -19492.51219123 76928.64818129
v 12908.65798433 -19741.79371275 77918.13519534
v 14192.51707698 -17909.15259387 79111.44042519
v 13764.87306080 -18251.43404763 75410.12645130
v 14380.18403133 -16986.38697392 77781.58102199
v 13818.62889774 -17659.64259302 76954.02408184
v 14400.68664049 -17189.97748940 78624.01987230
v 13737.74160988 -17753.43462058 78293.01204652
v 12825.05703404 -31621.61349012 71739.91527506
v 12627.85099352 -30651.06786888 70878.81936387
v 12383.77521223 -30575.80423336 72255.59052035
v 12750.17240474 -31010.65579808 72967.92654265
v 12292.13035627 -29167.30212801 70753.91327804
v 12161.79713005 -29375.66798737 72148.20076696
v 12296.14228635 -29660.71951060 73353.83304653
v 12769.91099342 -29943.07527931 74214.83166947
v 12216.18055003 -28034.31672331 70637.96782129
v 12064.46118149 -27728.95360710 71981.93875245
v 12114.32642147 -28059.28383036 73480.11325102
v 12493.19122809 -28531.20209550 74664.79619231
v 12080.53308212 -26163.01677074 73444.73081659
v 12360.88246458 -26716.81807399 74915.31730205
v 12151.72248949 -24617.43378705 73690.10445888
v 12263.39077759 -24738.06054835 74898.17600218
v 12271.98549244 -23550.98581859 74242.84782119
v 13241.94902680 -19447.33963726 78677.87872987
v 13205.87834594 -18562.81871879 76629.60891769
v 13164.39805524 -18682.19471002 77824.89517720
v 13511.80326142 -18540.75010679 78786.03278504
v -15018.06776725 -18543.80268692 70018.11260916
v -15087.68208989 -18688.13267426 69228.51684719
v -15468.19259699 -19401.80300559 69435.03599459
v -15463.70724588 -19339.19173236 70272.69162952
v -14802.44210571 -17499.48434155 69482.96087948
v -15236.98777414 -17307.60593026 68407.90924183
v -15218.11853680 -18387.77724376 68711.86398915
v -14746.66283279 -17377.93747754 70794.56089131
v -15218.12803809 -18563.49759391 71128.52426328
v -14721.78604035 -15842.06404597 69158.55699137
v -15273.62688676 -15681.65832674 68068.37693751
v -14518.76438487 -15963.94950937 70427.29512260
v -15029.10261232 -17471.40175115 72113.08844051
v -14630.04809123 -16107.29058265 71779.57808354
v -14900.59896720 -16295.09953568 72976.18123295
v -14812.05884780 -14148.45855314 68812.56621965
v -15362.72956514 -13960.33268059 67823.22345487
v -14561.07672707 -14322.13248885 70074.94787569
v -14557.08569581 -14643.98453113 71512.30466567
v -14748.91580535 -15045.00610763 72964.17369079
v -15442.58816962 -13647.14875816 78865.42449988
v -15171.94795637 -13754.65569815 78198.78358779
v -15413.51526451 -14389.28422743 78586.06239600
v -16032.96092412 -14646.20601073 79287.29006297
v -14979.92649223 -12702.79520156 68453.88168345
v -15475.61213504 -12194.85189367 67723.93910152
v -14875.92592738 -12430.52780503 69587.11653179
v -14860.46656416 -13066.74301947 71211.52256015
v -14883.20978811 -13631.19999556 72776.18484830
v -15316.08738294 -13045.61148793 78242.84479350
v -15477.79161745 -12721.89826292 77383.51330050
v -15188.84475410 -13402.44348268 77497.54947461
v -15661.48386070 -12952.10136344 78865.69739365
v -16170.82427381 -13548.53436533 79408.54911993
v -15116.78036252 -10939.33744349 68524.91425063
v -15582.75583500 -10401.20227090 67689.04000831
v -15269.89144994 -10775.18599031 69468.59609415
v -15643.80051614 -11411.85847950 70851.06912560
v -15517.08274967 -12313.76051140 72668.16255662
v -16017.42545784 -12323.11677174 78225.84973099
v -16315.89607336 -12696.40626808 79132.82806188
v -15271.43400805 -9104.28388751 68152.67989540
v -15651.24143159 -8798.24080800 67675.39612038
v -15400.06589098 -9486.91546931 68824.19409024
v -15296.61779827 -7722.48967940 67980.28566185
v -15642.19735294 -7590.03546559 67764.53074023
v -15416.82717863 -8080.82361914 68351.61644977
v -15285.46499053 -6924.90076571 67935.67327119
v -15534.21776176 -6870.13090501 67909.12825582
v -15312.21044477 -7031.54427830 68089.60708289
v -15278.11124830 -6635.62632923 67988.83801906
v -15497.23242235 -19157.59220370 68760.32275944
v -15974.44878336 -18839.01424880 67973.16126074
v -16149.80871506 -19958.88356579 68717.73084737
v -16110.43079482 -20160.95496463 69868.65450481
v -15908.18415633 -19678.74397902 71060.46134010
v -16027.80945112 -17202.36567709 67389.15941779
v -15629.01733873 -18964.85945865 71846.89950047
v -15306.88934175 -18353.18384173 71930.12629754
v -15588.30518096 -18397.73382055 72665.74726854
v -16475.09134928 -17089.50125761 78760.81032113
v -16333.24843402 -17634.80461697 77974.77808467
v -16853.33570141 -18359.08462891 78557.06304505
v -17472.52029748 -18335.61292567 79330.19147984
v -16088.56828520 -15420.41596539 67103.14734805
v -15364.58440276 -17276.25258838 73579.64807103
v -15136.97604741 -15771.33661117 74449.17424359
v -15731.15297140 -17292.61957027 75188.23082544
v -15479.56935680 -15996.54446585 76268.96422412
v -16061.45056055 -17483.68347342 76812.86391981
v -15840.20070110 -16367.21118152 77737.44813695
v -15895.26199238 -15546.44834793 78670.79803947
v -17062.39773295 -16378.03680690 79587.10706083
v -16187.50950933 -13589.04262281 66993.69815179
v -15016.29961316 -14157.28772661 74333.26247582
v -15184.59233169 -14697.46060835 75719.82235061
v -15326.40076103 -14621.87071056 77402.18634514
v -17190.31666302 -14712.97851264 79880.64564629
v -16306.37914500 -11768.25333150 67025.24468139
v -15322.02373510 -12979.50706731 74075.44515110
v -15394.62074581 -13244.38842426 75997.16066054
v -17460.69191058 -13184.75885878 79737.97441977
v -16380.42599443 -10087.98755046 67172.75861215
v -17063.41500163 -10464.70617162 70946.46659251
v -16017.26835527 -9981.65868233 69728.70750341
v -16749.15324775 -11264.66281036 72601.11104124
v -16326.59856192 -11939.45196898 74656.65558779
v -16220.70358193 -12057.52165849 76755.05412337
v -17128.55954957 -11521.30753863 77821.92681861
v -17157.46852483 -12052.78390803 78949.67039055
v -16420.98486804 -8729.85631365 67419.10968611
v -16079.32552947 -8706.68408173 68866.40409602
v -16299.12399694 -7696.33017418 67771.36529683
v -15855.46529941 -7478.03151818 68275.85796575
v -15837.87244438 -7062.18944187 68010.77372339
v -15463.62368359 -6766.82926272 68048.80637916
v -19151.68817807 -24836.00213419 59419.79031216
v -19719.59217845 -24569.78964448 57980.70277754
v -19755.00915883 -25770.89434372 58668.90835002
v -19774.38651239 -26130.63701114 60258.15201331
v -18925.60774349 -24783.39490021 60828.25231964
v -19384.64091294 -25488.27498615 61702.97190449
v -19027.74898308 -23773.62783283 58971.01837717
v -19496.18645382 -22966.25547658 58250.62871176
v -18641.40601493 -23473.88357679 60221.24681976
v -18897.76235427 -24657.68070140 62015.52731111
v -18562.29166431 -23637.38140196 61675.78049121
v -18745.24648414 -23957.07376518 62828.81752509
v -18776.30127998 -22164.99391774 78766.59934328
v -18660.48786358 -22427.03602647 78055.72709876
v -19313.89394240 -22969.85356070 78404.76551857
v -19475.70643055 -22719.83478688 79072.78520735
v -18830.05712081 -22657.76957249 59321.33799427
v -18525.39153222 -22184.85917408 60223.93188178
v -18400.45386265 -21998.04036370 61461.45974459
v -18569.46878039 -20966.26738733 60584.85016266
v -18440.51737041 -22614.14424114 62939.70183299
v -17001.99989310 -21083.94158848 69056.77859325
v -17111.85529704 -20515.22889434 67469.50532874
v -17816.23284132 -22002.90406781 68052.83548996
v -17953.75916983 -22325.19392230 69587.21991867
v -16966.91430160 -21006.44562866 70865.37251777
v -18168.98317544 -22380.96757054 71490.81617531
v -17428.60809488 -21243.54069315 72688.52706984
v -18280.60990878 -22287.81959268 73021.71913918
v -18012.37046988 -21295.86788892 77928.34949954
v -18042.11257598 -21652.15984110 76695.42375610
v -18450.70425812 -22258.23531133 77306.32927419
v -18403.95418265 -21120.80731066 79000.08577062
v -19274.43511809 -21847.16136886 79414.17937350
v -18434.95510740 -20078.13875501 61775.47708977
v -18823.46495273 -19371.05835324 60757.18064140
v -18275.46103365 -20809.49852622 62971.19691534
v -16903.79986583 -18714.99467328 66688.71610696
v -16355.69678719 -19755.21705674 72501.84868523
v -17839.00250152 -21589.92385995 73957.81778733
v -17046.94159611 -20277.69620917 74417.24741232
v -17908.09136987 -21525.63387357 75362.08411322
v -17343.69187645 -20387.52366375 76540.12296123
v -17378.06092131 -20123.65565464 77738.18625812
v -17593.51264682 -19790.06538328 78639.60562688
v -18778.03103510 -20159.22077737 79626.95424088
v -18633.16390746 -18370.09305320 61906.39628791
v -19210.39936284 -17605.88268567 60934.13510263
v -18312.69867871 -18965.76779336 63001.36474200
v -16907.16656866 -16874.79575465 66312.57562655
v -16075.18668008 -18617.88370262 74035.58213725
v -16483.89168205 -18816.82275322 75791.57733546
v -16807.38195515 -18940.27562142 77517.37497722
v -18640.49117735 -18191.45257247 80031.57533028
v -18858.66693102 -17065.02179449 62032.50120752
v -19340.87339396 -16111.96876732 61718.59262504
v -18516.86840918 -17312.91218351 62942.15314988
v -17009.21010538 -15008.36175012 66166.96121344
v -18571.34845292 -16311.77880364 80237.42482341
v -18880.11542982 -16162.90470223 62679.27630922
v -17189.45344078 -13161.88638200 66200.99334038
v -18683.42147663 -14614.37961436 80264.66207912
v -17408.38533587 -11383.12907467 66452.70023255
v -18984.76115774 -13339.35533764 80136.41771038
v -17337.66954628 -9940.63233110 66887.39646543
v -18723.90071536 -10171.29836150 70694.51138618
v -17233.83959576 -9495.68116015 69599.60595310
v -18409.13086278 -10694.13480436 72411.27338223
v -18028.43803294 -11049.39318652 74259.80442278
v -17722.99549619 -11188.12653004 76319.44088284
v -18219.16188060 -10964.02210346 77731.26868128
v -19270.03989207 -10691.72189099 77230.06520540
v -18185.36068310 -11289.00001985 78682.59156854
v -18705.32059652 -12096.76969850 79597.26002041
v -17598.32812331 -9064.97667661 67371.56099980
v -17017.24600758 -8455.02202665 68530.13757677
v -19246.21097764 -10787.21914989 78392.27260231
v -19290.89020921 -11194.11372617 79166.78348430
v -17037.28610676 -8216.30188329 67946.55515454
v -16376.58695859 -7605.48567072 68094.62758488
v -21124.96668118 -27125.95456145 57401.16093235
v -21596.48228035 -26716.92623826 56155.91580441
v -22249.07358608 -27856.69093322 56837.44816913
v -21601.81986048 -27762.11834889 58386.46303614
v -20459.25332426 -26864.81505699 58742.28950423
v -21174.91362489 -27552.68279433 59745.32440000
v -20405.85879754 -27022.34572183 59865.50880664
v -20807.83124473 -27119.85268097 60889.62183121
v -20473.16763937 -25984.10784458 57323.59588888
v -21171.49015182 -25478.32767767 56123.43412636
v -20502.21641649 -26383.42855154 62381.76691455
v -19467.34173850 -25064.16253919 63279.86599012
v -20815.03510458 -26007.16254347 64582.53771655
v -19759.03613203 -24905.18973323 65329.95577352
v -20919.45195364 -25714.16606286 66553.23904947
v -19841.82175279 -24760.14861262 67197.00413197
v -20897.19158860 -25459.87243488 68307.73094865
v -19907.25345393 -24599.61719928 69019.77751637
v -20875.51538539 -25223.30680904 69728.90938809
v -20291.71595945 -24556.98694685 70862.80694192
v -21633.08154325 -25260.36375703 71050.94093100
v -20507.12963354 -24808.32278295 56822.72594779
v -20596.48246844 -23326.75954168 56954.97672396
v -18801.32962836 -23513.34352544 64435.57797424
v -19054.55826764 -23851.02987121 66215.49199170
v -18811.03817282 -23423.92292939 68044.23531392
v -19060.96462797 -23552.73137910 70248.54201273
v -21170.04965896 -24658.89359200 72624.45437284
v -19467.31679820 -23513.58545107 72737.58129513
v -20853.53147889 -24201.70088603 74443.57571229
v -19620.65540820 -23429.97042946 75070.96636950
v -20657.30328459 -23946.26844790 76198.55411350
v -19624.32346625 -23390.17907822 76541.97684545
v -20207.03842216 -23566.18387605 77703.97506651
v -19108.42323853 -22965.78766728 77423.07678458
v -20052.72352074 -23241.14138235 78757.38397175
v -20307.33954490 -22745.71870963 79337.88801635
v -19259.25328387 -21597.07132173 58867.68737747
v -20206.16989831 -21518.99070824 57779.12160710
v -18743.61134197 -21607.39245371 59704.58648340
v -18241.15052602 -21529.70802659 64424.60555095
v -18218.71418379 -22220.54380920 66304.67799387
v -18611.14562240 -22528.55366056 74368.14130620
v -18725.11764820 -22594.32044857 76132.97230788
v -20336.37664577 -21575.82581240 79823.11184593
v -19784.55770129 -20145.02418346 58711.12546931
v -20889.28287773 -19527.81999350 57667.40472538
v -19034.37007562 -20436.30595478 59696.75900593
v -18056.16902398 -19595.16344117 64272.71684919
v -17713.33746604 -20192.77570913 65740.58871107
v -20244.67793797 -19894.69363070 80184.18916250
v -20174.20340341 -18850.61006239 58727.86730566
v -19504.51149802 -18819.98066905 59698.73812589
v -20111.32885251 -17929.63608249 59227.04652813
v -18124.74711191 -17715.14627803 64121.60792586
v -17604.12380648 -18274.33656357 65386.67381808
v -20188.52745410 -18012.57486447 80412.81269809
v -19803.36144792 -17456.57049696 59947.36895277
v -19951.80560855 -16296.09577588 60532.43228517
v -18477.85196145 -15818.37986331 63892.48419813
v -17706.20001580 -16377.07953777 65187.73702127
v -20195.62245402 -16142.29991168 80474.37713944
v -19406.31685588 -14756.77982151 62824.33226545
v -20063.63751266 -15098.50895298 61361.37013316
v -18786.11945512 -14090.28127663 64259.50676052
v -17935.60610654 -14524.57801130 65189.45332749
v -20256.44812910 -14417.37213679 80380.97060089
v -20742.79205196 -13588.33306884 61898.48985700
v -19775.35067013 -12766.70879655 64013.78079402
v -21111.02648543 -12303.35322056 63056.42504393
v -18353.27449618 -12763.08273474 65370.80070221
v -20240.73245483 -12897.41516005 80101.99644498
v -21162.45452718 -11322.70772477 64672.71983443
v -19037.91575414 -10841.93656558 66121.70316517
v -20677.05917403 -10637.08191630 66211.21929728
v -20744.10526657 -10321.11618850 70220.29887074
v -18744.39132117 -9565.86137723 68999.44030394
v -20279.41024527 -10583.32651693 72166.82911317
v -19853.29937937 -10747.59246377 73961.30966805
v -19452.88075030 -10760.58764219 75702.64743238
v -20775.68572360 -10581.33365670 76914.03615906
v -20272.24454274 -11676.23393786 79659.94386144
v -19930.13893425 -10352.97628805 66768.15520814
v -19206.85771613 -9821.32062387 67563.52091134
v -17929.27029892 -8936.11744641 68057.43292871
v -20508.77333230 -10581.69680699 78111.53220852
v -20389.85959300 -10904.59628507 79029.34980462
v -22527.33018895 -27470.57954639 55633.93222717
v -23474.00515733 -27337.30743393 54844.90361217
v -23493.31592704 -28299.04958075 55749.83599454
v -23403.50773043 -28611.66432654 56984.24953033
v -22929.52245730 -28438.26722503 58225.20179331
v -22506.22060104 -28180.87959875 59718.13131495
v -22067.31571671 -27779.39607322 61071.47963645
v -21670.58239357 -27282.52348815 62187.36121436
v -23093.37993847 -27754.11741205 62646.17533236
v -22436.18517279 -26782.20693188 55218.72208184
v -22102.93009142 -25855.98567321 55327.30449920
v -22340.05092277 -27005.34698900 64023.88513812
v -22337.38891677 -26486.26049309 66154.02731949
v -22222.78949503 -26103.67180051 67990.12521326
v -21994.01714111 -25733.83853945 69596.24019457
v -23126.31313081 -25687.80614357 71082.93001286
v -21154.65365900 -24399.15169819 56144.15837893
v -21847.03944786 -24820.79495036 55530.08284839
v -22715.64462337 -25213.73549360 72593.38539523
v -22353.50421319 -24780.37194104 74211.93240756
v -22039.25085259 -24441.36906205 75849.38584014
v -21735.42587118 -24081.93993741 77389.53703181
v -21197.46876248 -23525.78421628 78642.20098311
v -21746.83681067 -22805.43333738 79455.38888297
v -22072.35731123 -23381.86142022 55655.56279240
v -21617.73501212 -21324.85922487 56468.92569856
v -21873.14681022 -21437.01590610 80037.09478599
v -22043.46893462 -19352.06866849 56489.15944954
v -21851.71499729 -19676.79346311 80340.10186565
v -20786.53294326 -17821.27464671 58432.48223303
v -21856.50476645 -17567.82119006 57197.81527880
v -21843.61428175 -17779.41857881 80440.98283291
v -21368.95126195 -16317.18374352 58458.86180840
v -22167.28007245 -15825.76929508 57503.51747849
v -20486.07948155 -16774.28783528 59403.22243708
v -21864.77006899 -15862.93252596 80382.10958219
v -21948.16385990 -15039.17440322 58384.47422322
v -21099.72606899 -14981.92540196 59897.13082658
v -22283.24173483 -13958.36612427 58882.76340623
v -21796.86991373 -14024.69763137 80200.70150624
v -22200.99057529 -13036.73677633 60359.89549006
v -21809.76524930 -12443.25792434 61901.66611701
v -22917.51408218 -11829.12601810 61392.96043293
v -21640.15102989 -12456.35523466 79906.28734557
v -22283.70919923 -11565.37395595 62923.57606383
v -22980.81118501 -10815.60130498 64240.80134969
v -20816.42095350 -10288.22001491 67321.49183444
v -22541.09265799 -10572.92471660 66347.12433946
v -20353.09447715 -10069.24423591 68532.85979406
v -22243.52087440 -10456.86130345 68721.44449170
v -22670.92128774 -10667.08972998 70565.63251888
v -22207.12858899 -10755.74803515 72011.58806849
v -21792.34175794 -10830.55810646 73787.11279810
v -21266.01816152 -10740.10326055 75474.90099079
v -22320.75361263 -10749.12073053 76828.23399046
v -21542.18030728 -11355.63105906 79463.71574748
v -21844.46796024 -10614.83620100 77900.67046152
v -21605.84451421 -10777.72201809 78802.74148851
v -24546.09751616 -28860.18276022 55446.53400061
v -24453.66264471 -28293.05821179 54858.05198778
v -25245.97316815 -28877.60115333 55040.96988315
v -25421.36165211 -29266.63778786 55718.50912807
v -24671.95426258 -27539.84856641 54377.40562663
v -24570.20900944 -29078.95948063 56504.21097093
v -24324.17112595 -29007.15715953 58030.33755851
v -24156.09931087 -28761.93735274 59708.51793882
v -23736.06452923 -28326.30665699 61304.98336883
v -24828.98659301 -28206.82106505 62986.44838993
v -23017.10050169 -26255.92908119 54771.35054637
v -24365.74203129 -26243.25455482 54256.91022998
v -24307.44228600 -27630.70673514 64317.97279214
v -24111.02852441 -27082.37495605 66018.26263571
v -23930.83657931 -26584.85008353 67898.83573907
v -23576.09453436 -26136.62324512 69586.82104395
v -24774.96117302 -25930.24804822 71184.66026925
v -23099.39175004 -24856.70494856 54800.01570077
v -24977.38478926 -24297.78537129 53937.29343335
v -24318.85370479 -25478.78325514 72592.93421061
v -23903.62766765 -25062.10963531 74095.70864544
v -23535.47852949 -24705.03104109 75671.66237362
v -23085.26748567 -24396.58483333 76999.93554364
v -23167.76388776 -23898.79829605 78495.12665673
v -23509.69739030 -22883.59511083 79555.24962747
v -23658.11191436 -22985.88701434 54662.06326869
v -22857.15044010 -21800.67323957 55350.44851225
v -24101.83942859 -21039.31410515 54462.84855362
v -23433.04885485 -21206.40278801 80014.96084866
v -22904.96658829 -20177.40996202 55528.46030475
v -23814.57837929 -19351.23669393 54737.30592317
v -23433.59048668 -19388.20784352 80168.69765611
v -23042.98021876 -18073.72829905 55592.63685726
v -24152.97865941 -17954.38885657 54264.43547957
v -23460.98812778 -17464.40210434 80150.41178437
v -23807.49968296 -15995.43559703 54587.43979303
v -24526.00442359 -15799.13371279 53324.56019094
v -24494.39656009 -16869.03539953 53602.61177129
v -22840.17068489 -16054.02782018 56287.89685624
v -23574.21650226 -15431.10458844 79946.57604600
v -24455.07224692 -14377.96153763 53441.15813271
v -25254.53899018 -13739.59184843 52187.78522743
v -24983.60857639 -15151.46759997 52548.14807627
v -23912.74927216 -14212.62725593 54656.71420668
v -23418.64030379 -14703.57553210 55661.41751796
v -22923.34677371 -14226.94338901 57232.99784034
v -23116.60878769 -13421.07745025 79761.55245383
v -24879.08083961 -12901.55792326 53017.90953397
v -25691.31263766 -11798.61589741 52161.70843899
v -24382.87064806 -12984.97213415 54142.12396456
v -23853.33729734 -13164.43012811 55651.66024940
v -23746.30838433 -12643.82021723 57006.61790559
v -23343.90208958 -12608.85025178 58600.13298155
v -23388.86845707 -11950.27668943 60068.92793241
v -23996.34071793 -11193.30334755 60798.85547351
v -22738.62964032 -11988.25340980 79500.53975863
v -25053.09785215 -11720.99067516 53532.80166126
v -24642.04713052 -11758.15262197 54927.14206192
v -24327.93694610 -11882.51915581 56187.03875798
v -23994.61604190 -10779.62723698 62451.34895886
v -24228.07319659 -10398.81446844 63980.11875778
v -25242.45285374 -10050.96664773 63373.19470948
v -23985.68647997 -10364.79392871 65240.84227496
v -24286.42801467 -10351.60184187 66475.65257935
v -24475.65640543 -10543.67347773 68113.92959207
v -24175.68657676 -10800.24325360 70100.78847195
v -23977.90495415 -11001.46831065 71798.23865044
v -23730.72078558 -11156.98129494 73511.67049404
v -23343.96558711 -11156.70192524 75519.21671801
v -23526.38014645 -11162.13087186 77083.43103710
v -22436.84134463 -11180.57025629 79174.53402288
v -25194.57731682 -10034.13408299 64716.08097350
v -25027.28884836 -10151.35318487 65815.17813880
v -22916.64129100 -10877.25357150 77772.58139852
v -22718.19257430 -10949.28435373 78554.66857846
v -25801.84296665 -28270.87005826 54532.18849553
v -26374.29511051 -29157.70310357 55308.71646309
v -26474.13710058 -29540.05778626 56113.42976089
v -25588.07769622 -27152.76683635 54078.30190627
v -25744.33515614 -29495.29059578 56563.52705283
v -25661.41164334 -29460.61012774 57690.10090934
v -25713.10700186 -29313.21791719 59370.37523262
v -26170.54140551 -28963.87268638 61696.14560832
v -26268.07816329 -28418.31362665 63579.95917060
v -26079.85460300 -25932.65326296 53755.28395076
v -25651.38183266 -28002.74136641 64340.22646321
v -26064.46385466 -27586.03585693 65903.23359060
v -25898.61420463 -26976.93277211 67849.74499557
v -25629.74357458 -26397.86272446 69843.45334336
v -26173.36258757 -26010.71772673 71446.89462096
v -24281.13460735 -23883.37008166 79128.63872169
v -24556.73324806 -24175.82774184 78625.87882255
v -24836.14127875 -24060.39107423 79039.17944907
v -24791.42270095 -23558.28707639 79269.23135908
v -26606.72098587 -24525.49760631 53327.34351573
v -25903.35988827 -25608.62888970 72572.27920197
v -25539.04862024 -25106.16394446 74053.26531604
v -24908.80360568 -24764.61335576 75408.54054820
v -24734.87471764 -24302.56739805 77260.02779652
v -24736.66726152 -22427.08719888 79528.92931835
v -24923.28511623 -22457.59969616 53897.67915174
v -26205.50548523 -22934.11022823 53201.32278627
v -24812.13077284 -20847.63332923 79667.83796258
v -25647.48768613 -20961.36234162 53228.77875520
v -24867.61084993 -19416.43921769 53705.20358808
v -24889.70361157 -19006.54027090 79678.89287694
v -25573.04675626 -17862.10794058 52516.48516626
v -26131.09583009 -17393.19576843 51639.44099661
v -25973.61373865 -18407.25055222 52238.30994315
v -25616.04258438 -18820.00047991 52797.08455133
v -24973.80686975 -17943.57567083 53263.08148201
v -24894.15798475 -17163.36883603 79616.21853403
v -25182.23208843 -16619.41796491 52599.80456637
v -25827.53010855 -15223.76864968 51425.30091912
v -24992.59838774 -15796.55194761 79426.66218076
v -25843.12911629 -16714.00204354 79037.48449676
v -25802.19619295 -15318.04027370 78737.39890259
v -26134.21222910 -13003.36986723 50922.64467992
v -24553.04356578 -14354.93435815 79319.75459524
v -25367.47129980 -13713.65227992 78455.18965323
v -26596.74572783 -10977.87430547 50817.98795807
v -24411.51218851 -11461.42957160 57471.00593377
v -24532.14176314 -11039.58938975 59290.31065276
v -24045.11590767 -12645.18423590 78991.68046510
v -24864.33556533 -12527.17214706 78073.61103055
v -25757.37328107 -10576.22192558 53082.86623145
v -26611.85386139 -9678.59892500 52102.47045376
v -25437.98138422 -10480.75005376 54346.70471896
v -25165.77258404 -10545.62928860 56063.68939499
v -25406.00701392 -10116.35423185 57841.64164782
v -25927.78170890 -9567.14369216 59504.81424539
v -25175.66233023 -10266.53716992 60911.63557017
v -25356.62919406 -10053.67791293 62208.75293339
v -26169.29994051 -9557.49539310 62799.61427018
v -26602.77370172 -10562.76097035 68409.79681587
v -25638.43594136 -10241.79614748 66944.56383886
v -25991.99007993 -10932.73439262 69868.90117480
v -25686.60988601 -11265.93913307 71518.15753687
v -25299.96542693 -11459.46664712 72974.34645360
v -25583.62148142 -11947.05665579 74800.80930562
v -23828.54592761 -11557.83760206 78129.72905470
v -24868.19525405 -12007.87418020 76848.68011794
v -23241.65682779 -11540.22587406 78979.28688245
v -27094.99877878 -7517.57213766 46897.09409268
v -27540.88553186 -7482.55209853 45996.27730039
v -27431.60344737 -8693.62377074 46467.44259699
v -27185.44816695 -8844.77619777 47311.12379128
v -27051.54659217 -7611.62513034 47629.64653044
v -27209.47781007 -8519.01172441 48241.02421823
v -26286.23596365 -9256.94137122 53700.49267245
v -26044.55072889 -9181.02355170 55241.52592561
v -26059.60590616 -9095.57546413 56794.56760756
v -26252.69407258 -8969.47273926 58140.63460138
v -26679.54436163 -9437.50491877 64225.24978516
v -26289.36668070 -9877.74249695 65772.78573552
v -27151.16611702 -6140.09341897 46589.51725847
v -27646.96624684 -5805.68295856 45716.59225204
v -27085.33779096 -6343.71234349 47439.83486991
v -27299.69205365 -6869.82082062 48249.56724171
v -27310.80052678 -4838.10603552 46385.46450535
v -27860.84223076 -3828.05164101 45716.13295750
v -27215.13939546 -4940.99835348 47151.51503152
v -27571.94763044 -5123.72958263 48094.71482005
v -27519.24644049 -3615.07978805 46786.25512908
v -27615.96435699 -3830.63224170 47581.30445378
v -27350.76922359 -2581.47485039 58396.12220277
v -27635.61327433 -2381.03788228 57914.00115057
v -27511.45129613 -3191.37269196 57723.55907322
v -27398.45920061 -3104.39025861 58766.09898642
v -27398.06151367 -2414.50762437 58917.42589868
v -27618.47442377 -2625.29971921 59480.48637175
v -27578.13739766 -2118.07546336 58502.35462368
v -27856.85353296 -1965.41453674 59192.06567263
v -27423.23483289 -28755.75603757 54892.47269736
v -28177.73014228 -29568.59920474 56218.09059192
v -28437.11667379 -29074.24337015 55212.08447490
v -26898.79705561 -29720.98497326 57202.53023275
v -28516.79736827 -30002.20435563 58186.78265576
v -27063.13033245 -29754.41336831 58778.99880329
v -28605.66843237 -30002.68927307 59926.81403494
v -27206.41734333 -29613.25201474 60407.62702393
v -28349.38624545 -29788.93519581 61161.80512339
v -27536.60305095 -29509.17380411 61446.13849125
v -28539.31850727 -29457.72709768 62418.19241289
v -27211.52503644 -27403.73372518 54065.74165139
v -28676.75650445 -28377.55560263 54627.01002057
v -27902.09890956 -28718.19965949 63934.00165252
v -26934.99926741 -28138.57041694 64892.38715067
v -28210.45110363 -28234.75317243 65409.52929740
v -27654.00083099 -27849.60410676 66128.02439642
v -29100.52567211 -27922.50976446 66630.25708185
v -27831.72469121 -25671.64054059 53368.38516975
v -28046.94622156 -27349.07746819 67735.64238794
v -27681.85917717 -26689.50616347 69646.18006613
v -27410.82080169 -26166.82436305 71235.23579432
v -27091.40708186 -25765.12615611 72340.84988929
v -28391.98479528 -25699.86413187 72575.94891885
v -25212.73634818 -23925.42333157 78614.80977657
v -27944.95995454 -23625.76978890 52587.62445571
v -27416.85643018 -25130.32325935 73752.73012270
v -26580.08960272 -24297.82856061 75781.15047455
v -26179.27218784 -23333.87698978 77849.11622392
v -27780.75552761 -22946.28375940 76730.93180006
v -25462.05870224 -23207.00060144 78958.02992064
v -27087.83464223 -21605.22981612 52273.49796009
v -26983.70801519 -21794.27021733 78042.16935586
v -28264.03876890 -21371.28203430 77173.78224971
v -25807.64918947 -22109.63320589 78942.13365060
v -26538.64838506 -19435.31529123 51941.50130903
v -27662.15671115 -19379.50272070 50612.95765586
v -27696.20149133 -20556.36960450 51234.23014622
v -25688.50605207 -19685.70136108 52952.72878854
v -27316.17462101 -20105.27352912 78118.29720155
v -28453.25478503 -19693.03884647 77272.85934778
v -26086.38836693 -20446.31912328 78977.63114548
v -27222.00074412 -17832.93488452 50354.60609669
v -27974.62046960 -17526.27811467 49140.99846862
v -28097.75372732 -18649.46867437 49625.21129525
v -27517.04997822 -18611.99278437 77978.93425482
v -28358.29246577 -17900.14670010 77218.12470978
v -26271.94465052 -18437.48474577 78869.34684300
v -27508.52648592 -16053.69850945 49170.00461222
v -28357.79994881 -15708.13986640 47715.89687637
v -28175.11521132 -16867.46112427 48516.57540571
v -26666.20766664 -16195.62663773 50467.68912203
v -26985.77389000 -16805.82309504 78121.24997212
v -28080.80017196 -16032.89703776 76972.17179555
v -27544.13103533 -13742.97268907 48342.70215898
v -28220.88330883 -13899.55945105 47131.60276718
v -26744.34146695 -14360.91953846 49907.42741627
v -26700.51961575 -14623.09681192 77575.54668916
v -27836.26040160 -14447.06466306 76404.67827161
v -27835.33788917 -12168.53093114 47184.47152368
v -28485.59333707 -11548.38939101 45871.68173821
v -28559.97155279 -13137.90383403 46291.59481429
v -27373.88059091 -12071.79428048 48190.94545553
v -26974.63685864 -11824.51490868 49365.70938699
v -26629.61775968 -13184.18346747 76345.78691338
v -27697.89193428 -13616.13055371 75844.05396296
v -27488.26377764 -12987.29380679 75002.61653159
v -25765.03093697 -13140.33824740 77530.33527067
v -27670.17948094 -10198.71965386 46701.59444655
v -28250.43678845 -9351.69177541 45520.57389349
v -27299.66722653 -10479.87096733 47992.13447658
v -27245.48959628 -9614.00582031 49081.22751594
v -27090.23877480 -10150.27491856 49938.09886720
v -27221.70179326 -9249.29269605 50732.60210757
v -26094.04147662 -9525.55910388 60675.39488157
v -26202.90552080 -9482.08210045 61643.09638641
v -28431.25842036 -10583.25651804 68545.67216498
v -27352.15585635 -10076.35840342 67144.05192768
v -27781.85199038 -11109.13833872 69859.03014587
v -27193.14336050 -11453.68582843 71156.15692108
v -27344.50995718 -12141.00583308 73060.89823269
v -28459.03054897 -7323.02177326 44886.13566840
v -27602.59973636 -7653.91104591 49190.46263687
v -27233.35079851 -7867.12827464 53118.91482726
v -27671.61604473 -7881.28229526 51607.55372551
v -26854.19050610 -7778.74975187 54805.18708236
v -26610.15953033 -8022.95637476 56163.44823684
v -26839.04091286 -7789.65846953 57629.40346639
v -26855.08398540 -8237.98537676 59130.68082713
v -26894.60716141 -8626.72731742 60753.36223188
v -27348.76467170 -8634.39449924 62663.19801718
v -28566.75449857 -8439.24969931 64498.15398776
v -28047.82716761 -9393.96748054 65871.23927608
v -28407.96409936 -5233.60598858 44812.81801342
v -27806.47748045 -6048.12881789 48849.43583336
v -28256.81292127 -6427.86290390 52545.78572771
v -27809.76269814 -6027.52781819 54379.74604243
v -28854.44374785 -5032.55409536 53259.26578120
v -27275.28851564 -6323.75819294 56648.93278338
v -27326.53730946 -6671.11772586 58051.99620931
v -27294.22389960 -7231.30023793 58787.80710946
v -28565.32275771 -3576.09661640 44728.14917162
v -28291.09118915 -4791.67437207 48922.76459492
v -28499.66339814 -4450.14347676 54509.94217730
v -29473.58934556 -3584.31644599 53797.78997094
v -27879.45147255 -4181.80095418 56163.37029008
v -27487.97154442 -5757.72786945 58239.86211991
v -27516.82169233 -4449.67791731 58096.99699104
v -27730.29284421 -5127.20464932 59358.53315422
v -27794.08847447 -3671.75806232 59743.35242531
v -28161.33404228 -4791.61043010 60664.00357025
v -28388.90873735 -3598.46192384 60996.06552650
v -28872.13493815 -4443.64867435 61879.29469685
v -28029.04006490 -2103.46911018 46424.03838008
v -28548.77345832 -1797.81859302 45217.33777004
v -28042.79344504 -2457.24942195 47420.21633835
v -28404.19171658 -3304.91713067 48372.35538078
v -28694.45763440 -3342.51032143 55178.29401822
v -28280.65915700 -3091.44510797 56056.03336264
v -27997.74202251 -2731.10948139 56958.91067464
v -28377.65048292 -2269.41746890 60468.49768007
v -29126.18453072 -2962.74501373 61861.80148824
v -28555.58727104 -419.45643025 46193.03484202
v -29001.64072944 265.20226708 45284.90939664
v -28545.55918192 -857.66909216 47157.38792225
v -28928.39131463 -1448.44291436 48073.58613985
v -28435.23259556 -1588.61819898 57917.54062395
v -28663.18855493 -1205.98734543 59537.93992183
v -29256.45862497 -610.70942560 58707.49014868
v -29110.02062132 -1075.01803561 60654.00675943
v -29504.76624011 -1563.19786373 61665.50063846
v -29030.98687471 917.71056399 46107.31180575
v -29449.90993071 1634.38869025 45558.54585883
v -29075.51193004 638.29348754 46895.06320121
v -29460.06522096 154.36010801 47780.09843104
v -29795.30873663 -231.38978689 59954.69517082
v -29919.26986711 -558.12961971 61254.14000076
v -29832.53960048 2077.91307850 46531.05509258
v -29892.19896600 1418.62707939 47427.02553110
v -29505.34195670 -29114.33770412 55456.26048489
v -30325.10741517 -29691.63853576 56575.87242166
v -29848.18753316 -30049.89102159 57648.92025726
v -30670.97748824 -30339.26838960 59494.44602252
v -29996.87058256 -30028.11770110 61474.96537209
v -30198.48726540 -29671.05861140 62967.73003045
v -29178.21207441 -27041.77652391 53898.18219493
v -30297.68587772 -28196.13884200 54770.58911119
v -29798.75835051 -29152.98984577 64014.94426182
v -29564.93426874 -28511.26232989 65374.43511204
v -30932.67882128 -28085.69863564 66812.93601175
v -29961.25468129 -25137.55399960 52938.16028347
v -30271.27766112 -27454.16108796 68180.09490115
v -29678.30271223 -26855.62229643 69651.26341889
v -29341.37942916 -26181.49572093 71384.00482746
v -29740.01952843 -25531.40148162 72822.47541242
v -29472.97213212 -23280.24737854 51743.63684227
v -30368.95707091 -22879.84237330 51110.85503583
v -30619.72002285 -23810.20789404 51944.44441949
v -29053.56014391 -25085.63164815 73648.20785984
v -28995.80569146 -23960.85515922 75041.23879854
v -29217.05990102 -22443.73237358 76115.02874733
v -29936.10807261 -21028.88567001 49346.58045151
v -30328.39338097 -20452.40368178 48338.90962008
v -30736.23000584 -21159.49374316 48867.05922020
v -30783.58811145 -22004.31367663 50039.83753831
v -29595.44363847 -21957.54923549 50573.89280081
v -28419.77388923 -21925.31494490 51386.61813440
v -29481.14075400 -20878.14877022 76414.53425165
v -29614.08119129 -19888.79743130 48586.02500418
v -30257.85527990 -19287.61660931 47363.70079362
v -28733.28384145 -20237.38012270 49926.10385567
v -29539.67442574 -19065.49568228 76418.09911643
v -28918.52600594 -18096.25688027 48199.18425950
v -29853.93536845 -17874.84561175 46682.31827464
v -29352.84926964 -17114.01528007 76225.02865562
v -29324.76566110 -16503.18162307 46622.63316956
v -29856.04022262 -15523.21060621 45375.02102505
v -30101.87502141 -17018.11052392 45750.35082837
v -28972.63780356 -15405.43805306 75945.81760386
v -28944.63788102 -14692.24217835 46332.21440815
v -29458.30755030 -13327.91933267 45140.42347869
v -28590.03226165 -14104.27827682 75400.62023269
v -29408.80526983 -14928.93171879 75312.86174904
v -29592.94319946 -14387.18604575 74657.65185622
v -29406.68159640 -10997.67837794 44578.33134781
v -28728.46366582 -13350.09646548 74249.72130695
v -29633.05506871 -13774.81560604 73970.66370223
v -29393.51557782 -13120.32639451 73110.44766823
v -29294.26396568 -9054.90431767 44277.65071605
v -27420.02179931 -8902.41932635 49838.19433083
v -30289.83258964 -10716.87385689 68743.99838895
v -29206.13767303 -9862.47354934 67376.42573645
v -29367.92598807 -11282.09883761 69765.46215423
v -29037.71090650 -12028.70451216 71359.36164298
v -29393.33978476 -7829.13547782 43985.52787665
v -30273.87093967 -7620.35597249 43150.28511898
v -29872.94999265 -8654.54844096 43632.36191160
v -27879.75364474 -7654.34549430 50346.96690172
v -27601.76512249 -7146.71634888 60157.51689161
v -27871.82785951 -7550.64319751 61654.20270354
v -28877.34637900 -7104.38942124 63170.49644756
v -30138.15561029 -7256.08171466 64824.99537166
v -30267.48257986 -8630.81321958 66275.46582273
v -29274.09414459 -6354.98501345 43970.06782874
v -30199.22823921 -5530.32411297 43066.94822219
v -28733.46386749 -6122.43368072 51121.92000183
v -28464.00173616 -5850.68978381 49754.04004224
v -29179.29254085 -5308.85871034 52108.35349843
v -29940.04343294 -4085.64367254 52485.30962344
v -27594.69713751 -6299.65086944 59118.34276887
v -27923.48845762 -5889.97536697 60183.38397364
v -28417.09310155 -6068.76572270 61545.23221804
v -29474.85655486 -5410.38209910 62941.10228005
v -30162.80717199 -6093.40565606 64013.49267751
v -29248.61689147 -4480.88509115 43933.20475154
v -30168.31115675 -3570.50609182 43045.92346067
v -29352.08675684 -3722.31467272 49504.06383414
v -30275.60166755 -3222.52382811 53043.56175869
v -29864.31621257 -3840.83162568 62909.30698030
v -29280.94288711 -2586.88143619 44022.69067492
v -30201.01017699 -1572.07865195 43080.22858863
v -29514.31898843 -2101.03563085 48885.52830802
v -29518.31912685 -2570.09768698 54730.66453901
v -30670.91325668 -2179.95640463 53653.48826892
v -28872.50567050 -2237.77234624 56054.93946596
v -30255.37844472 -2289.64057530 62769.25313589
v -29430.64318606 -589.83823156 44195.02758193
v -30319.36865195 462.98426413 43180.60206342
v -30118.60591733 -554.10495912 48661.63916392
v -30086.30287353 -1555.62865313 55173.01205304
v -29615.84734155 -1067.37599162 56575.65358777
v -29528.60996129 -601.69016706 57696.64760839
v -30334.64035023 -265.31665447 56990.08866475
v -30957.48784135 -695.37646437 62463.35544196
v -29805.69752780 1508.98890279 44443.65013937
v -30563.49928426 2349.15083640 43286.14316274
v -30816.89087619 1212.88633728 48262.62778505
v -30452.98928848 151.33352110 58297.71708070
v -31188.65195111 730.22104075 59727.18917895
v -30888.42999319 264.63858200 61135.34267166
v -30373.46808796 3037.56767014 44237.34035928
v -30844.39811986 3717.56661276 43538.65929773
v -30283.30727379 3046.64770665 45381.47964525
v -31193.23652711 3727.42458786 46664.09399528
v -30862.15810614 2543.76273697 47481.05997300
v -30920.68331475 4264.40604088 44511.10752461
v -31288.80497831 4551.92834428 45592.33958577
v -32303.39889196 -30702.81359159 60162.73078988
v -32467.98924866 -30524.63502360 59294.45064905
v -33086.48695594 -30786.29069151 59998.93260226
v -33221.57111776 -30754.44612193 60665.86488128
v -31092.04859024 -29046.19020783 55781.34558197
v -31696.04471208 -29566.49519190 56730.48770969
v -31624.39037265 -30066.21915710 57925.01211084
v -32166.28155505 -30419.35339711 61310.75207021
v -31603.01519247 -29921.21759902 62819.13968036
v -31147.99363886 -29469.87681436 63889.36664034
v -32651.70539466 -29473.32354461 64140.89701961
v -31019.68029494 -26905.42976587 54063.71567892
v -32186.61923369 -27999.87612144 55246.53233326
v -31553.46560323 -28845.64004497 65277.99420166
v -32917.66461948 -28171.27829985 66924.59657839
v -31709.48538680 -25793.09321588 53519.46668138
v -32225.81997964 -27520.04761978 68309.04440564
v -31604.20479265 -26885.39822558 69726.52281549
v -30972.09010718 -26362.35649550 70955.76349805
v -31200.79213624 -25575.50788466 72411.64160292
v -30394.14989051 -24751.61541616 73757.19177485
v -31961.19729581 -24479.08077094 73509.40970663
v -31535.73240554 -23046.53264689 51325.82346264
v -31856.73452833 -24434.63653711 52678.30272784
v -30969.24612402 -23382.99965978 74648.81400600
v -29970.23622085 -23034.19561418 75408.21293671
v -31242.01750743 -20454.82487332 47845.55380099
v -31578.81469398 -21395.02644107 49055.29966643
v -32032.67496423 -22064.79096700 50230.71925786
v -32618.82838879 -21371.07603559 49353.50857209
v -32592.79130008 -22548.58757737 51203.21107798
v -32790.16049799 -23311.76091157 52159.36715476
v -30409.51313854 -22034.91801704 75566.93085238
v -31738.16234132 -21729.01199062 74818.71212180
v -32022.50280407 -18403.11692989 44378.47503063
v -32206.44416189 -17873.02495152 43699.08878476
v -32584.63671515 -18367.17163042 44112.23621618
v -32819.94318202 -18980.48702504 45230.78333274
v -31742.44993658 -18958.83539809 45485.57359380
v -32432.12034880 -19917.18052421 46909.87463185
v -31257.18409545 -19472.62275721 46587.43161339
v -33418.22527213 -21754.31457083 50574.73030654
v -33474.44744132 -22528.44954398 51755.95445791
v -30701.80226689 -20333.89507364 75611.99102892
v -32095.61394388 -19738.32553918 74647.10567939
v -31647.09882893 -17417.72741708 43894.81723596
v -32208.40636965 -16879.71243322 43279.85686439
v -31362.08565836 -18055.16703630 44712.31507915
v -30746.17178707 -18271.75570320 45795.62354402
v -30655.70654559 -18299.61553279 75446.42907206
v -31733.98147233 -17492.60079041 74408.06720581
v -31488.94556401 -15930.54971573 43501.51736402
v -32351.34441248 -15345.73494988 42737.75103503
v -30805.18678087 -16759.71942005 44638.93204365
v -30264.27659755 -15982.14834658 75016.61774177
v -31424.86133616 -15924.31597944 74004.20769392
v -31508.05931285 -14046.50765731 42989.75846966
v -32713.12510650 -13338.77675632 41828.42453458
v -30586.95596302 -14724.00943392 44149.15563778
v -30612.56863343 -14515.54197575 73671.06266141
v -31669.75405108 -15354.85368340 73439.06638986
v -31858.31099116 -14715.07645828 72677.32812840
v -31547.84989654 -12104.59735221 42498.03264766
v -32313.40998674 -11698.38230747 41606.26290704
v -30506.75162755 -12559.93808770 43699.21952469
v -31268.90616376 -12140.96926986 70310.95705243
v -32851.65875962 -13206.89674759 70518.41879261
v -33054.56664030 -12360.68045122 69792.14387568
v -30752.47239040 -13321.64604651 72117.64285327
v -32228.32320713 -13768.30440323 71440.93828400
v -31739.82520420 -10791.31447547 42025.70672449
v -30629.08609641 -10002.88293718 43093.08188586
v -31725.85454377 -9696.66034916 41917.92017857
v -30896.75042354 -9787.69499243 67722.53660138
v -32605.32374486 -10762.12098061 68767.42605032
v -31447.54337180 -8343.92766914 42101.44041383
v -32546.38960482 -7255.90379323 40965.81656768
v -32313.43246324 -8927.95858578 41261.89817196
v -31867.43034051 -7881.56391590 66617.21149376
v -31271.83593969 -7284.43251470 65836.24888363
v -32166.53915512 -8980.69198256 67447.22330704
v -31272.22699261 -6484.51450784 42140.08545819
v -32089.92815748 -5487.33426270 41326.03443237
v -29426.74331593 -4794.38532452 50410.60958098
v -29937.50248025 -4496.18474374 51317.40617396
v -30650.63303048 -4751.77233024 63911.82777971
v -31613.18701707 -5744.38682983 65121.43388542
v -31164.68225949 -4597.94689222 42136.90595031
v -32192.60008160 -3821.19681096 41120.97729607
v -30333.59871089 -3514.78761753 50447.45407667
v -30780.21328040 -3469.43515936 51098.94063106
v -30666.02272284 -3606.65719635 51714.17167600
v -30964.03167891 -2844.57516493 52358.71272029
v -31033.34665458 -3222.06617032 63726.45667029
v -31788.27156624 -4084.91563788 64537.11215780
v -31170.30008207 -2642.63379697 42047.02884708
v -32264.88548309 -1716.77585190 40818.41904384
v -31162.07107862 -2608.27069591 50697.66515382
v -30866.98030492 -1667.05687411 49748.66601112
v -31701.67508380 -1750.07772991 52582.59651878
v -31495.21785586 -1766.62556447 63523.28709538
v -32335.25944332 -2726.14415594 64374.07692998
v -31154.77566651 -571.68195757 42024.37329406
v -31984.46707435 476.30524998 40895.19728542
v -31328.37496709 188.51079329 49100.41926569
v -31223.58151629 -965.44840009 54504.44905493
v -32124.28415136 -852.96821901 53348.35092720
v -30841.26863470 -507.93014553 55759.13153934
v -31870.72547579 -858.46973101 63373.52231510
v -32849.87365789 -1231.19916456 64002.88939004
v -31171.43840199 1486.90285822 42088.82578905
v -31921.55194328 2411.40203357 40882.46511025
v -32083.63057449 1368.92628871 48935.51118132
v -32459.88446852 145.11172773 54825.78789438
v -31549.49116131 365.66785077 56723.16408495
v -32166.39260690 1106.23813699 58242.26292580
v -32366.45339873 1381.13803183 59672.95121660
v -33241.87646273 1700.98908570 59022.87136597
v -32130.47147619 1115.12186393 60877.13164420
v -32062.48150120 546.67238569 62140.87119864
v -32444.94855929 -152.29276724 63180.74143772
v -31377.49557941 3606.17451593 42232.82485955
v -32123.70699970 4214.10425112 40635.95601329
v -31651.29087325 3437.39765577 47507.23907854
v -32366.76614981 2850.91638716 48260.58131637
v -33615.58556096 1760.14195978 60412.86114208
v -33308.89165329 1288.01482069 61881.85036271
v -32075.58675470 5652.20671687 41751.37052455
v -32449.17033293 5563.11906655 40235.37202849
v -31482.18171241 5024.80135694 43384.78623365
v -31931.55895601 5765.04917900 44805.08743617
v -32675.65096813 5534.48807693 46408.76445014
v -32511.20374275 4275.08290075 47449.43110454
v -33932.15947043 6992.51172822 31104.76338393
v -34585.43309535 7000.49687987 30758.11304681
v -34163.37261109 6423.88623284 30877.41300378
v -33863.24747908 6475.60475326 31440.69425091
v -33854.22314758 7131.01725687 31491.19387462
v -34076.49695173 6831.36591511 32082.57465495
v -33329.43217560 7021.32270111 39262.47307806
v -34186.37459368 7475.65803331 38662.02660634
v -33664.08655331 6605.76376846 38380.17412315
v -32990.55216189 6084.00611819 39170.67731316
v -32809.08056589 6818.72342328 40470.67829840
v -32653.83237492 7096.19359122 41913.99934030
v -32363.28029778 6689.50517326 43358.62378792
v -32655.40443086 6974.25444221 44621.29488851
v -32860.05998792 6698.33794610 45464.59938997
v -34263.67323241 7446.94142111 31269.87413556
v -34178.04458606 7413.72073476 31758.79690262
v -33679.03820271 7793.65985000 39888.15425552
v -33381.27934406 7933.36092016 41280.68035554
v -33244.22090127 7906.09109744 42754.63707477
v -33253.83011802 7747.56923620 44115.78641532
v -33760.02187173 -30459.18822380 59628.43146886
v -33740.71193667 -30749.68117017 60240.48403473
v -34150.08083031 -30605.25547731 60723.23036574
v -32419.59669122 -28968.47144067 56279.58645554
v -32942.55100493 -29441.79046606 57311.75029721
v -33421.21208445 -29981.23332211 58587.08278128
v -33926.83617600 -30402.03218036 61509.61494809
v -33522.89649985 -29972.71844469 62877.48797561
v -34166.28482018 -29436.09327244 64207.53453966
v -32609.87373017 -26669.91525912 54378.88164912
v -33580.82470763 -27220.23492450 55293.36109339
v -34041.25831262 -28188.80972547 56578.33512210
v -34321.44011373 -29170.12249139 57976.91949339
v -33922.89944520 -28818.18342832 65547.31350127
v -34780.19065178 -28092.63032643 67122.43622200
v -32976.53226321 -25426.29189547 53746.41648702
v -34048.16241764 -27538.38311482 68316.77524104
v -33483.30971327 -26867.09084894 69664.27327866
v -32789.18267154 -26032.42851785 71261.33842469
v -32736.53467781 -25151.52732064 72608.98367385
v -34152.57183974 -24901.51896940 72203.70457581
v -33448.31835054 -24202.71707252 53230.39270372
v -33205.61750957 -24362.28256860 73165.88119750
v -32800.73239833 -23142.69292337 73904.07459251
v -32331.37921744 -20820.12007006 48326.84712921
v -34061.49673586 -23095.75034829 52747.66645281
v -33092.13152385 -21409.31148201 74105.58245748
v -32782.34844194 -17629.93117767 43591.56302626
v -33298.62752489 -18226.49592594 44369.07661288
v -34020.10492717 -18605.03274576 45458.44541204
v -33867.81955053 -19471.89713064 46719.11971705
v -33976.43847154 -20520.38882323 48812.75831436
v -34833.40442651 -21137.20090363 50721.50964341
v -34771.85097292 -22021.48853057 52067.79508370
v -33364.27029939 -20138.23130649 73925.92741002
v -34082.48274770 -21058.80667308 73539.11424237
v -34276.36087380 -19802.81760146 73255.15933236
v -33019.98780581 -16436.41832844 43068.91401710
v -33638.60827573 -17214.90307710 43801.69014292
v -34164.50512300 -17778.00435049 44673.40166450
v -33082.29563790 -18617.09300707 73771.48218215
v -34180.11842898 -18107.35660057 72839.66953966
v -33404.52226796 -14988.96424679 42396.71199275
v -34009.93675011 -15982.22790165 43237.04870288
v -34799.43515787 -16637.36083202 44383.94890799
v -32669.49787519 -16463.94621622 73209.37484550
v -34133.78252841 -16584.69301245 72170.03546634
v -33661.13361671 -12683.52433183 40795.88385936
v -34423.15884581 -12692.37614102 40458.83749669
v -34104.66668418 -13663.32218201 41448.07107447
v -34524.76518807 -14761.40977262 42576.57709000
v -34951.38147314 -15479.24341054 43573.89818476
v -33548.38319168 -14323.05450069 71010.44115646
v -34623.31485443 -14812.30458829 70692.55788522
v -34256.74233725 -13606.97139680 70131.55831428
v -33122.89749252 -15190.23453566 71995.16326539
v -34323.17444863 -15529.25014357 71368.67497066
v -34195.79734825 -11662.22235170 39954.10911010
v -35137.76982888 -10957.37147586 39110.62737153
v -35378.45007553 -12058.75208514 39863.56423361
v -33135.20736245 -11748.83685021 40813.84879840
v -34394.67869035 -12208.67039909 69316.81576703
v -34382.70439171 -10578.20491465 39371.55227360
v -33606.27888216 -10506.31954730 40064.20942605
v -34230.08043193 -9577.71932160 39368.05370547
v -32572.51160836 -10349.82852035 41100.00239924
v -34667.24545409 -10901.80059058 68726.00203641
v -33346.38791861 -8949.16129788 40209.54964887
v -34176.92606605 -8641.23026348 39398.38335863
v -32454.24153892 -6750.16188863 66280.31697952
v -33202.80591507 -7678.54590316 67143.42462344
v -34235.37176045 -9154.93399205 68034.12874595
v -34100.74271612 -7308.30854497 39465.66265921
v -33289.86030929 -5222.11690503 40150.78501599
v -33055.54248415 -5557.17270593 66016.53946053
v -33725.30586776 -6285.93692077 66759.60748858
v -34841.75320395 -7085.80527096 67446.41736018
v -33167.92194192 -3204.19568498 40085.66188031
v -31327.57775160 -2713.61766659 51404.93152937
v -34144.44740620 -5047.90155915 66364.49277567
v -33336.51744186 -3999.40897483 65365.00516652
v -34704.57699384 -5756.61255936 66967.51483146
v -33207.78695862 -1947.43883649 39785.89878621
v -33871.92534540 -1801.71104897 38767.92833329
v -33659.19238184 -2688.25674441 39445.44495279
v -32047.65314198 -1389.32415944 50880.61748598
v -31821.99363902 -1944.09730314 51802.31496852
v -33620.92386808 -2330.05604271 64778.85617093
v -32970.79498319 -311.59797318 39572.32049405
v -33685.82050830 -216.21165301 38243.57761054
v -33169.23788161 -149.96363410 50915.18717501
v -32719.30031846 397.27118665 49877.89308376
v -32723.38000647 -786.13454116 51937.43029770
v -33941.46715993 336.66974579 51495.74978059
v -34309.68709163 -1358.25507750 64545.38216440
v -34223.44492547 2913.41172949 32958.11976395
v -34651.34516470 2631.96418401 31753.09294925
v -34770.43499828 1698.45763991 32395.97324332
v -34516.40999774 1408.29427902 33718.16224092
v -34019.09303304 2630.52338977 34660.10535643
v -34241.14122190 1094.19697049 35346.87004961
v -33720.59517137 2279.60878943 36471.14104833
v -33967.36508157 537.53437346 36962.27203093
v -33223.78561203 1494.87944855 38369.61018487
v -32521.56698183 1443.73150285 39865.58858812
v -33175.51873994 1967.96611096 49159.28767083
v -33866.36559461 415.27190112 52894.91138238
v -34364.60353465 1140.23630871 54523.86746103
v -33359.98837498 1207.47196972 56407.78397505
v -33584.48656978 1678.53734629 57920.04967305
v -34595.96007830 1892.96774375 57175.20560804
v -33224.68066878 670.51509952 62847.82288088
v -34109.64816370 -98.09315296 63750.32746350
v -34338.55240376 4018.94316730 31715.53377146
v -35051.55189821 4242.95786982 30557.49757463
v -34984.91345526 3037.22478960 30955.94961715
v -34018.22530347 4276.02087433 32896.67812946
v -33955.91803857 3828.69747524 33957.95010436
v -33909.70498550 4303.16896834 35634.60992734
v -33246.65264898 3563.65968384 37804.92994561
v -32590.07299627 3009.86328166 39474.99866276
v -33990.75831169 3028.78899456 48917.35345896
v -34921.12077189 2149.11296792 58889.44045184
v -35183.46104477 2137.26229670 60601.01085488
v -34789.13466466 1748.45587111 61746.60192412
v -34531.50579953 1043.54089149 62864.84046100
v -34272.54597778 5463.06355368 31127.51768301
v -35150.70089409 5816.49612287 30350.82872399
v -34071.43101323 5561.49147837 32297.85690581
v -34119.61138979 5047.23578918 33791.49511341
v -34562.31238503 5694.11054194 34742.82776871
v -34682.61692831 5941.23041233 36057.50417934
v -33628.53332101 5448.42252543 37642.93592805
v -34792.10825173 6815.72852868 37377.31694059
v -32758.34334737 4695.75118350 39166.25915367
v -33451.30580039 5168.73866202 47403.06425642
v -34131.01698860 4420.55971171 48177.17130189
v -35879.31379643 7062.73829243 30359.01525924
v -34871.41464968 6592.02536832 33339.91587738
v -34674.90988444 7377.30879037 32311.39027312
v -35643.23853406 7982.11181245 38129.24690290
v -33346.88745115 7478.64955082 45106.89914038
v -34118.29962782 7251.96913905 46074.30394638
v -34702.62963429 6105.28746168 47376.86442376
v -35267.17166460 7715.95603698 31033.62945117
v -34954.65807196 7786.68654896 31752.46449285
v -34781.51101429 8372.42704944 39355.17810454
v -34409.17228789 8649.33463535 40697.40925879
v -34250.51264088 8732.99086133 42188.41912135
v -34215.09098953 8598.63394744 43660.49149896
v -34244.16308741 8199.78774176 44953.52486390
v -34478.88199013 -30399.28207655 60208.79721203
v -35314.97919087 -29487.26446557 59512.67515349
v -35304.17290084 -30019.18289928 61007.46659522
v -35099.65510040 -29897.13427565 62411.76138551
v -34968.12723898 -29601.29199069 63549.65953368
v -36202.02205443 -29308.33512276 63380.29048703
v -33957.08688695 -26089.56049332 54701.43815153
v -34910.31617229 -26631.84099575 55785.98740372
v -35964.63244965 -27030.87372870 56998.52082844
v -35714.04435102 -28212.74925747 58046.76545002
v -35679.83226382 -28965.93983037 64795.75032529
v -35621.42689668 -28438.20582114 66204.79891817
v -36326.23799624 -27930.29744941 67300.41278264
v -34138.47506919 -24983.46310497 54123.47355167
v -35323.65328911 -25124.09963669 55045.34214967
v -36390.37187826 -25645.05898093 56241.93673860
v -35672.43918674 -27476.12913139 68336.15259057
v -35019.38368278 -26956.96836102 69346.90096103
v -34943.51724882 -26046.79638566 70684.43409130
v -35584.43357777 -24949.82210917 71554.50662633
v -34899.51751478 -23858.44998946 53922.39144503
v -36219.44491641 -23817.41686132 54863.15151419
v -36613.31959400 -24543.16456750 55665.82991198
v -33994.76968542 -23740.62504555 73098.44954007
v -35305.64471673 -23548.92695312 72373.56705067
v -35173.62488897 -22778.51550417 53258.38236342
v -35960.09902783 -23013.63818548 54064.28320696
v -34155.19400638 -22428.11281031 73368.48252021
v -35303.92740481 -21416.43345915 72706.79300487
v -34896.30961500 -18777.73609776 46553.08657341
v -35188.31433350 -19401.23700840 47842.13636175
v -35614.09179943 -19869.15539867 49089.75488806
v -35758.04012201 -20385.46909649 50244.45720307
v -36422.03477707 -20968.35853652 51981.98528137
v -36290.18291048 -22058.93934662 53367.41743543
v -35458.02638098 -19480.50687183 72394.88356489
v -35205.81118912 -17719.75464483 45709.81398435
v -36233.63788977 -18224.51816169 47368.02531662
v -36572.09207149 -19067.69773463 48861.01592121
v -35357.24566504 -17810.75998722 71941.13254654
v -35857.76091254 -16533.91857895 45392.28470386
v -35447.33300029 -15821.87878514 70851.71804986
v -36536.65609554 -15981.23928398 70374.36213627
v -35630.68581233 -14827.35086034 70204.71026478
v -35142.17792246 -16577.41484244 71486.35149883
v -36457.32038366 -17222.17888306 71010.67615360
v -35060.98324559 -13027.14080356 40830.16850819
v -35330.37957767 -13710.78547065 41906.61585995
v -35659.12456199 -14488.46749052 43245.38739263
v -35975.70109182 -15402.75421983 44581.58333948
v -35829.67265491 -13590.08851793 69560.61035207
v -36077.22070129 -11152.48458991 38972.87918704
v -36742.53665092 -11703.41612437 39595.63009239
v -36339.58780577 -12656.70925914 41010.55012358
v -36600.71992839 -13402.99034310 42743.83504924
v -36833.40916262 -14116.41555994 44255.78815901
v -36048.75136779 -12096.34450031 68960.39918048
v -34952.31118651 -9984.18570984 38882.43936129
v -36079.16439220 -9920.34977565 38370.58280540
v -36121.68931158 -10374.34267183 68425.19797831
v -35076.32912264 -8676.74677182 38683.05452766
v -36364.62062864 -8399.75609048 37749.69588420
v -36156.46990971 -8482.46800257 67935.50760627
v -35659.17239393 -6688.16349683 37900.80908287
v -34555.39395975 -5617.37908399 38931.65790164
v -35290.13045357 -5005.89227632 38035.39454145
v -36354.54814754 -6806.90971012 67534.38220501
v -34264.11291220 -3765.18967368 38915.30354580
v -35195.75058623 -3857.29603120 37753.19551612
v -34816.27484982 -4076.49435358 66062.38483236
v -35240.51742785 -4880.81396444 66695.19457575
v -35626.70170036 -5787.22585892 67204.02954261
v -35447.98641472 -1334.80123767 34635.33207091
v -36197.30487491 -1899.30303527 33290.55339099
v -36083.83229180 -2450.93526399 34412.56505114
v -35885.62499017 -2795.97436075 35421.12317452
v -35130.84415779 -1925.77222709 36316.43373540
v -35545.55871649 -3294.89095323 36752.93624602
v -34766.89019862 -2622.75197136 37696.73981606
v -36033.25072130 -4078.57246224 66294.11448748
v -35293.09975107 -2686.46135413 65348.80010361
v -36136.75921716 -4983.81083597 66881.76585176
v -36142.75322465 166.80773740 30989.94576893
v -36792.68752009 972.21303758 29662.15667814
v -36894.54397070 -545.66653707 30157.00022201
v -36487.12949877 -1162.97588657 31565.14316096
v -35426.08566970 60.66763415 32729.11217870
v -34820.44747704 150.28504133 34440.83726487
v -34652.33714664 -424.28553442 35854.73885335
v -34361.11912845 -1069.09644402 37346.81085749
v -34068.56831615 807.35672387 50653.47782958
v -35689.45604114 -945.38524074 64524.90126014
v -35450.60937214 1596.86947306 31144.66519365
v -35961.91718715 2781.73786651 30060.01607410
v -35596.41545890 1518.02116645 51424.25245673
v -34609.27360916 2036.93346940 49864.87187934
v -35690.66835433 1455.50479117 53198.66919438
v -35770.84907320 1729.86414683 54464.75257427
v -37083.08367974 2031.94193840 53884.97426072
v -35134.90223584 1788.76605813 55770.74051898
v -35903.74727829 374.35540236 63708.12951578
v -36351.92673969 4314.45119585 29677.81567225
v -35611.48680617 3681.90228802 49156.49791816
v -36682.44077703 2199.90338219 55320.09930667
v -36276.16078007 2362.06865837 57094.85669480
v -36868.75944171 2581.81890395 58754.16593495
v -36584.04139793 2402.20342846 60196.85700353
v -36347.88135100 2039.18841319 61597.62890790
v -36110.73977556 1390.32292955 62747.54024679
v -36826.54380127 5886.90821364 29703.01139514
v -35997.42839517 6893.83142959 36105.32747239
v -35661.82119034 6654.41669469 34910.32172553
v -36391.89648004 7451.78608711 36962.86013401
v -36432.54891475 5388.93663628 48502.15421432
v -37682.70295385 7397.76426409 29986.89644370
v -36640.37407031 7523.70916307 33969.89097873
v -36030.68752740 7890.08168818 32663.11806922
v -37043.50417287 8107.94056375 37534.61976252
v -36494.66718584 6790.19525052 47801.10048713
v -35876.55390138 7592.37120441 46934.56802528
v -36651.29639551 8082.28590793 30769.09901226
v -36243.06579565 8290.95211826 31616.84485687
v -35905.17061640 8788.69509880 39083.97259075
v -37107.85572776 8793.57556285 38486.39549768
v -35621.09562833 9131.30435586 40206.08592082
v -35470.84058829 9334.99524273 41677.19618545
v -35400.47763842 9301.37816713 43218.47027846
v -35387.22596159 9008.53382690 44613.62443980
v -35535.07219389 8432.69965051 45832.99320458
v -36926.28433324 9367.00904452 39735.76657371
v -36897.74423485 9713.54699956 41218.19855290
v -36813.14501104 9798.86851011 42852.87562263
v -36697.64264277 9599.13661365 44353.04182674
v -36543.06285838 9176.11324993 45454.48009583
v -36091.78590100 -29556.56264962 60519.56368648
v -36543.59583511 -29419.13285689 61165.74856672
v -36415.03044404 -29460.63914377 62116.88781767
v -37317.24777816 -28861.18464066 63008.71737006
v -36955.30284150 -27157.18652138 58030.54231307
v -37397.98887891 -27731.56173407 59365.36326739
v -36908.37878670 -28898.26295273 60500.09460841
v -37384.40775744 -28540.31372011 64400.31858344
v -37213.58716266 -28144.08412032 66204.62380603
v -37467.14031733 -27685.60669660 67572.82009843
v -37533.45682025 -25922.65646862 57450.17359255
v -37892.98867019 -26601.44133775 58427.70373656
v -36870.10249841 -27447.09458788 68271.13122315
v -36666.25898061 -26653.42480026 69478.63536829
v -36426.50257211 -25566.44865426 70728.33354491
v -37814.60380246 -25475.54825228 70169.35880658
v -37228.05610839 -23689.25124081 55570.31128805
v -37817.88442798 -24337.67158731 56538.21475589
v -36730.38093103 -24388.27658157 71316.28166519
v -38047.46289112 -23778.24699420 70777.45277377
v -37258.87409610 -22671.92378971 54765.43526456
v -38161.97530614 -23089.97058742 55911.81616767
v -36766.14707839 -22683.09684801 71743.55672778
v -38090.99382818 -21991.59761852 71017.57625227
v -36609.29165080 -19689.66983702 49901.39830937
v -37184.69973615 -19959.77173737 51101.40262110
v -37972.42994504 -20187.64956341 52417.49089347
v -38239.35307189 -21069.04950386 53932.65183802
v -36769.26864981 -20798.44265517 71787.34440222
v -38039.46196701 -20200.76632655 70963.05395632
v -36525.90140524 -16985.53306003 46484.31165930
v -37336.31901108 -17231.86171292 47592.82163029
v -37808.10794476 -17890.03374304 48859.39451066
v -37889.73812338 -18943.22216912 50350.40497035
v -38414.59441613 -19437.34048357 51771.82760772
v -36698.97228303 -18996.63520136 71510.21933579
v -37927.71158833 -18520.06896797 70667.82552058
v -36823.41275183 -15796.32906683 45905.33975422
v -37619.44709924 -16164.30131855 47100.86825858
v -37962.50076421 -16877.26491460 70068.55040162
v -37109.17272669 -15106.37381237 69728.23809924
v -37080.58731135 -14776.44053586 45374.17773277
v -37873.76432902 -14908.56636887 46523.18647261
v -37525.52147487 -13649.21878191 69070.09293518
v -37199.45717438 -10687.10609607 38573.51671240
v -37858.21880975 -11249.86442771 39327.31314574
v -37768.07445058 -11850.97446041 40531.72077634
v -37785.81736333 -12392.79489598 42224.02585357
v -37908.90945654 -12961.71879355 44041.24902618
v -37972.21342631 -13781.56586502 45562.00544785
v -37736.20914432 -11862.17264813 68531.46671018
v -37848.53016005 -9114.29224879 37329.08093047
v -37905.16722162 -9851.60660684 68024.55769962
v -37096.85172326 -7334.30123690 36720.73651927
v -37548.60401705 -7863.28034771 67649.82685648
v -36612.73759404 -5469.04006207 36219.83555974
v -37474.22622719 -5373.41899586 34792.63102552
v -37615.31523358 -6438.40642479 35532.27687359
v -35906.07171821 -5448.98240156 37343.39909974
v -37479.41551197 -6336.52542970 67225.57260789
v -38514.67958008 -7241.19160716 67190.61057967
v -38687.41018229 -5866.95949220 66631.27128751
v -36784.48881515 -3737.76421725 34306.92600777
v -37633.68521960 -3981.82464188 32756.12738667
v -37792.19326052 -4880.19342093 33683.36673255
v -36177.66706442 -3980.38287603 35983.73592101
v -35844.50526552 -4529.02400029 37063.39342117
v -37240.57988223 -4907.83990404 66664.08177119
v -38323.59967229 -4492.01667474 66198.12335158
v -37410.21550330 -3387.13818966 65782.14385059
v -36558.84565949 -5684.21413705 67186.84036917
v -38667.13909763 -1841.76372492 27693.62906608
v -39426.30623917 -1699.49424819 26594.32078721
v -39320.06392995 -2619.99841821 27219.38644381
v -38929.92962377 -2986.83971559 28292.84145981
v -38199.45019923 -2142.48980766 28835.04017319
v -38443.93900639 -3233.98939662 29709.06598349
v -37502.55662984 -1998.75388977 30282.49258182
v -37977.71707025 -3548.55827171 31300.76680830
v -37069.73960289 -2720.03838872 32219.36169810
v -36994.72803039 -1916.78114894 65035.22399538
v -38829.34575908 -902.31944718 27183.06251973
v -39669.24967469 -505.45377050 26217.41632015
v -37901.16462016 -662.81807981 28597.21743863
v -37422.34859331 -633.03823331 64328.26960786
v -38949.45152666 249.64562750 27236.52294377
v -38042.53754108 965.82958533 28315.43311491
v -37668.75442670 2646.93195869 28846.91009996
v -38037.24270135 2494.78541729 51239.62318252
v -36783.54762505 2884.89016418 50176.38960536
v -37417.45965185 2004.63647538 52484.63707577
v -38717.92609473 2386.85873080 53425.92058402
v -37530.42747970 693.07766581 63487.79793935
v -40242.83787939 3343.21413528 19335.78921233
v -40602.19922516 3603.80796254 19232.73616145
v -40692.17163717 3256.14168803 19108.82257284
v -40550.75602725 2687.45742544 19468.41383047
v -40163.09075597 3155.98628168 19670.32793307
v -40384.00827120 2542.92172265 20153.59195182
v -38031.89903650 4523.68607093 28994.03768506
v -37565.90398273 4251.34828948 49435.33640203
v -38261.59254812 2527.87274696 54852.98527768
v -37766.85436943 2643.73009906 56208.94322558
v -38338.53200236 2892.73950086 57784.98950089
v -38509.76296391 2682.42444454 59798.56288131
v -37982.61742683 2182.89191957 61361.02188471
v -37648.95131430 1597.19040820 62548.73906860
v -40430.31499553 3547.25757352 19633.25431377
v -40390.35539408 3185.96074023 20089.07510563
v -38507.01062738 6020.52073171 29255.75770512
v -37182.42711692 7382.62682225 36187.34821653
v -37554.89013150 7536.65073058 35260.45622771
v -38026.03923785 7909.94613679 36728.79175884
v -38269.62043888 5402.56476669 49065.04292088
v -39242.25185541 7167.85259635 29494.26349895
v -38127.68506278 8130.82539484 34257.55637955
v -37834.38396461 8458.91852711 33361.58046751
v -38364.25255463 8595.68427444 37707.00737299
v -37307.58330837 7698.67814389 47557.17817612
v -38230.17291444 6769.32479755 48437.27160939
v -37974.91121831 8541.69148313 30608.14097015
v -39461.47789418 8506.59250026 30141.59706220
v -37613.88429888 8854.80454721 31342.91622254
v -37626.96608202 8816.41902071 32310.34391859
v -38473.04771055 9139.51165661 38553.33839626
v -38015.00542832 9418.23923329 39287.76227491
v -39402.17559823 9628.66263580 39414.78709086
v -38724.52975565 8210.57155484 47757.26834054
v -37274.58142937 8663.71693012 46633.80404177
v -38990.55893557 9302.87907867 31067.83674522
v -38740.69775418 9403.61562966 31895.39374034
v -38603.21875005 9895.19400377 40697.32619426
v -38474.34161288 10113.97465385 42562.82099078
v -38329.03466952 9993.88010680 44264.46545376
v -37972.95082570 9542.05190515 45636.72685275
v -37588.30686463 -28681.81089032 61808.66072242
v -38019.32643757 -28009.75694211 60807.12784539
v -38691.41730825 -27668.33136690 61825.91334429
v -38609.90887712 -27890.00636609 63391.77724193
v -38872.45169308 -27592.76001615 65610.03699665
v -38682.44074904 -27352.24661683 67444.45182598
v -39452.14213482 -27200.00502391 66769.52679636
v -37841.81447906 -27182.29238717 68502.08608204
v -38691.91608554 -26874.60231893 68635.64049693
v -38096.22023255 -26551.48700721 69280.67765715
v -38952.76390854 -26096.49216898 69213.91962121
v -38518.41560014 -25757.77069042 58273.04765513
v -38733.75134144 -26250.24839781 59165.63902586
v -39074.20346696 -26741.00138869 60680.06201119
v -39728.35899675 -26693.93832410 62549.87350662
v -40100.49186880 -26648.76540721 64584.21630904
v -40052.31320279 -26747.46148831 66322.32887895
v -39148.80797721 -24760.11951027 69747.38116868
v -38854.25308911 -24689.85572545 57772.11480661
v -39246.24615582 -25230.53286372 58692.95125725
v -39275.18630751 -23070.80839535 70121.86851441
v -38670.35116235 -22095.89315208 55475.89020296
v -39722.50529993 -22718.00035685 57141.24056002
v -39273.86795321 -21299.48705510 70240.92678535
v -39527.72803471 -19451.88942129 53280.68631594
v -39799.69715081 -20172.52186516 54499.91832152
v -39844.90647709 -21012.34247236 55571.95909307
v -39157.86451791 -19601.34523563 70167.23010508
v -38331.39526463 -16616.37786000 48305.59558716
v -38938.44081222 -16964.82021057 49386.87869608
v -39072.28342990 -17709.40623997 50369.44550430
v -39349.00544178 -18483.96548604 51730.06760901
v -38964.82398821 -18242.61336300 69993.20410418
v -38677.87023269 -15296.43592958 47865.02580745
v -39344.92351545 -15839.70354025 49139.77011815
v -39407.29622816 -17399.79523520 69428.62877589
v -39006.73444014 -15605.89647218 69054.65060386
v -39057.69320058 -13725.62888957 47278.50149718
v -39693.45062823 -14447.83998326 48828.39874004
v -39228.99376310 -13531.12221638 68426.19092281
v -38663.50340289 -10400.09058379 38521.27031845
v -38974.92269823 -11094.39963681 39928.65656852
v -39041.08295297 -11525.61627960 41602.98824189
v -39267.07716383 -11760.51864193 43678.51420432
v -39231.74832561 -12415.13579288 45818.03733789
v -39897.39789014 -12421.22024624 47524.18060464
v -40164.96825846 -13063.56126626 48699.43833113
v -39437.11213633 -11625.01193597 67951.33677213
v -39216.01237829 -8518.30330289 36175.01690363
v -40526.82327527 -8523.75981937 35975.04548797
v -39808.77647012 -9422.60784662 37376.72457615
v -40294.26691590 -10230.13903721 39130.55517131
v -40263.81585204 -10768.92598955 40903.22695774
v -40316.02988465 -10967.43340932 42619.95586893
v -40528.86336518 -10916.47892464 44078.68024408
v -41487.53735724 -10373.90970294 45096.38838766
v -40362.29120182 -11177.63783820 45431.20237350
v -40502.96305691 -11432.61048998 47111.97066177
v -40779.75269387 -11832.72269609 48602.15643985
v -39352.04004247 -10125.16094048 67670.50955777
v -40217.62537959 -10835.14674178 67438.02863800
v -40163.49397233 -9556.36038610 67093.19803697
v -39581.41559212 -7559.47787550 34784.44440398
v -40394.62135461 -7333.99465780 33855.40404684
v -40627.97587206 -7867.82179393 34734.19599150
v -38311.66578295 -7590.62667471 35752.91440268
v -41556.17918592 -10468.81168772 46756.45480770
v -41627.20669360 -10784.88042916 48443.45861486
v -38912.81136655 -8697.00060383 67451.64020133
v -39933.88002894 -7594.52410452 66608.21965669
v -39989.40487603 -5681.32243377 31214.05775464
v -40947.35163695 -5775.44305888 29571.94391550
v -41541.34871289 -6644.21266380 31026.53868748
v -41102.71229598 -6969.17240474 32796.64938411
v -39650.88501915 -6491.71911357 33162.28651057
v -38435.98953853 -6225.23962009 34265.01176121
v -39880.15335184 -5956.10805335 66134.19644873
v -39880.64010732 -3663.46065051 27585.85223925
v -40174.68520930 -2830.90945624 26406.95113228
v -40919.40878345 -4115.34648403 26761.55216612
v -40787.87993507 -4905.99140608 28072.91508786
v -39620.35155270 -4385.87969671 29239.25702276
v -38870.49091429 -4373.49277036 30714.02926401
v -38596.63262957 -5030.77679513 32399.15972522
v -38801.84657672 -3736.51408954 65691.48398669
v -39348.30621181 -4801.06403727 65968.78567829
v -40452.92447378 -1401.83430355 25387.02681186
v -39751.40460525 -3886.78605286 65377.67403277
v -38963.81882675 -2338.96762518 64888.37750320
v -41054.99340163 868.68933141 20542.31045081
v -41338.40307472 906.93650987 20033.63149161
v -41732.18595315 24.60718989 20562.90738688
v -41331.89645827 212.67251475 21197.86322759
v -40365.15360135 -149.24115815 25372.35867383
v -39201.25161453 -268.48076270 63828.26011103
v -40754.50505901 1714.06708679 20073.02370364
v -41436.08793465 1636.54148908 19480.68973390
v -40866.34600835 1413.67602067 21036.91434513
v -40450.64581592 981.51450298 25952.89641359
v -39223.83573003 1737.74602735 27514.36510322
v -39683.19577353 3432.72390449 28047.51740052
v -39908.00201688 2994.08614312 51301.55048150
v -38977.28861917 3570.24686696 50312.96874349
v -39224.08168335 2484.39048107 52216.46409557
v -40289.86487653 2717.78465844 53077.24942355
v -38710.44496263 967.58600867 63166.82904994
v -41473.60989708 3554.19150952 19029.23855566
v -41731.09993146 2681.55505134 18951.20580966
v -40800.87675494 2651.38001267 20849.86178355
v -39506.20674753 4938.50245618 28660.89867496
v -39086.30882515 4692.45831188 49627.04012539
v -39953.25098804 2856.83869254 54401.62089269
v -39475.48594481 3041.29237598 56155.35512519
v -39934.40203236 3276.76127027 57607.85439836
v -41071.32617294 3450.55228330 56879.85387336
v -39871.14091534 3135.55424655 58851.03743747
v -40436.04677532 2736.69516013 60115.07467214
v -39736.44996257 2130.85893796 61242.91533108
v -39148.69598772 1549.92087627 62372.47681043
v -41314.90934071 3830.98804418 19533.46390037
v -41206.87231445 3529.75233648 20376.58408493
v -40177.53713440 6124.79555088 28918.82588430
v -38024.03635957 7638.00411318 36005.83794613
v -39909.24326993 5867.96723248 49389.36633101
v -41121.52562864 3418.14614057 58231.29258165
v -41123.05830991 3167.52856362 59296.09628318
v -40787.08000952 7559.56440077 29366.98965789
v -39058.11774983 8768.72913322 33895.35484354
v -39516.08746796 8559.83252695 34769.99168868
v -39301.78870420 8176.08785861 35927.71922161
v -39978.76195141 8649.46272870 37057.82739031
v -40453.37890123 7616.55818130 48826.55734499
v -41664.76688535 9117.66024886 29979.21025172
v -40063.52634096 9211.10199427 34011.02242758
v -39650.44446093 9504.21096954 33036.35423025
v -39834.34683477 9187.86161653 38274.84855141
v -41209.41683693 9783.05354489 39349.96292331
v -40025.68024641 8746.47548099 47902.64039665
v -39085.56028108 9185.04257444 46931.70167214
v -40555.02099788 9765.33710730 30850.45029564
v -40098.08002420 9972.66754551 31820.44382302
v -40701.33183124 10119.04799063 40772.19974346
v -40360.63907897 10322.25572457 42407.05145239
v -40208.56339521 10284.86379234 44192.74773842
v -40036.07628835 9867.83991308 46007.78207192
v -39792.42198118 -26691.33940633 67512.58737009
v -39332.92019133 -26646.31009252 68350.45913500
v -39817.92419543 -25269.50837437 59751.41953620
v -40555.53836290 -25237.15287042 61491.68405682
v -40838.14979806 -25603.67239351 63401.38929254
v -41083.06478315 -25582.27088727 64771.89352259
v -40882.17568060 -25860.74101613 65938.58866338
v -40589.75170346 -25897.43858616 67243.15895497
v -40908.86491414 -24732.42856223 67905.14698932
v -39968.50090553 -25649.67947063 68529.11274055
v -39947.89932216 -24142.55497730 58661.12339417
v -40894.14836182 -23904.63044942 60012.41763660
v -41465.00919425 -23855.40172729 61389.75618859
v -41535.76851392 -24299.05795029 62815.06734117
v -41523.72149680 -24762.24552007 64202.74274683
v -40237.33606901 -24025.98472090 69072.16615916
v -41133.61692480 -23230.83854219 68218.62269504
v -40760.27031731 -23054.05978854 58773.11499357
v -41493.47509160 -22701.47392497 59612.06787695
v -41747.17716344 -22988.46446357 60638.52743974
v -40337.47235111 -22312.83829114 69317.79281500
v -41229.30102592 -21514.19408324 68328.84047894
v -40365.67937279 -19524.16954445 54389.54213423
v -40811.21638519 -19767.22599345 55301.16275240
v -41583.66691434 -20287.04869927 57071.50747243
v -41444.35635589 -21840.64590957 58589.66786092
v -40286.18291666 -20538.12780074 69374.67592031
v -41144.63839369 -19630.33631859 68349.74579280
v -39856.46028868 -16441.14705240 50349.42034606
v -40259.55143528 -17149.51813809 51634.10298741
v -40625.23024792 -17927.48167932 53010.26673454
v -41114.65695840 -18633.06233691 54469.04881883
v -41827.39626328 -18918.38929111 55817.28909501
v -40028.67663181 -18809.25442661 69355.06016188
v -40698.45935938 -17418.44642885 68395.38365658
v -40298.01362870 -15026.97167017 50124.55108679
v -40882.17526141 -15635.38673622 51470.30726803
v -41408.46672506 -16399.24610841 52888.28673450
v -40675.93584525 -15118.05626246 67952.40085592
v -40525.80408093 -13769.36929486 49783.23532322
v -41273.66926025 -13923.23406783 51124.46806288
v -41918.93656199 -14707.26071535 52659.77316123
v -40656.12286399 -13179.17492816 67638.65013456
v -41181.94047650 -12517.94028924 50051.62158092
v -41886.73625448 -12627.62343933 51395.04361294
v -42147.35834480 -13316.82346113 52278.13823865
v -40671.80851426 -11841.52160110 67402.93000903
v -41515.70964816 -12511.08676113 66910.53887330
v -41270.41184570 -10896.38100008 66698.72693246
v -40896.29419769 -9091.94884770 37012.25282621
v -41205.12755710 -9459.34431389 38012.28718407
v -41620.76281271 -9759.85217989 39210.15942881
v -41500.35182517 -10096.68050753 40401.44064808
v -41494.07865485 -10302.64318147 41988.62944112
v -41463.23493604 -10369.38326368 43573.39110037
v -42456.88005075 -9863.96370664 44543.44846555
v -41660.40899564 -11323.57380991 49669.92631990
v -42189.89013344 -11568.93535338 50962.72031878
v -41138.84094146 -9098.17060384 66284.56633356
v -42604.55415800 -7187.36536798 30812.92291495
v -42207.01882974 -6775.88778012 29747.67644260
v -43144.51378776 -7401.69945718 30067.60207808
v -43683.70133485 -7604.54421599 31083.50378260
v -41199.50516959 -7598.51290735 34124.86551118
v -41577.80692330 -8081.21599607 35259.47042118
v -42051.75575948 -8652.93720412 36941.88467839
v -42538.78814836 -9132.83089486 38744.07715512
v -42923.00628650 -9649.45330378 46182.27169849
v -42896.53527248 -9834.73322261 48233.77611087
v -42821.04551155 -10414.05153362 50221.90768087
v -41172.86562738 -7832.91126423 65891.89408038
v -41896.51621979 -8590.78331799 65521.52478590
v -41905.77973266 -7299.97763699 65128.77914327
v -41937.43736957 -6070.06252520 28440.50051989
v -42827.96772214 -7295.36317257 32310.26589902
v -42499.53514369 -7576.78048819 34278.58379235
v -40857.20856448 -6552.60215448 65723.23820299
v -41624.19501880 -5614.22607854 64841.43013167
v -41491.77796608 -3327.13243538 25364.34703881
v -41709.71978453 -4521.86888699 26308.52155035
v -41774.89054588 -5218.86273072 27163.68019107
v -40443.49051478 -5059.49773530 65486.98755050
v -40950.59551056 -3670.81838340 64604.95234342
v -41370.97756849 -1563.60589488 24052.65186331
v -42110.82319404 -2081.87130087 23092.99206213
v -41937.26716450 -2747.34306050 24127.49901918
v -40737.44804511 -1685.43163439 63958.84640083
v -42480.68037232 235.16515646 19748.54973082
v -42705.70350882 -917.63379294 20543.93543117
v -42190.10334979 -1144.99714338 21582.21636335
v -41398.63068304 -134.41411340 22442.57510495
v -41131.68718571 411.82401284 24148.19284433
v -40827.32138415 -197.38659378 63244.93299993
v -41875.69266441 -1224.75378397 63232.37698180
v -42116.49384695 -164.49811220 62572.88098646
v -42781.33826722 1407.05964740 18970.57899172
v -41350.85152536 1776.26881723 22208.51230834
v -41986.47712266 1970.18518951 23369.79052916
v -42085.96773998 1904.92965071 24674.51571588
v -41707.90005674 2097.61185741 25863.16243856
v -42908.63603199 2615.90061486 25401.30711434
v -40788.64620813 2371.38063913 26863.97367215
v -40552.86660993 3662.67464038 50741.08544626
v -41552.87719149 3545.37597632 51538.22087533
v -40707.82714368 2870.70001246 52190.12505182
v -41172.92162477 2921.48411060 52825.04126285
v -40839.18997703 1058.79282076 62276.16571629
v -42455.97952031 854.96344862 61723.92444893
v -41469.24910320 1949.02060391 61081.07033427
v -39800.79631459 713.54115561 63076.97530480
v -42964.25232021 3408.43127141 18675.91712472
v -43476.78246542 2403.28575179 18482.71693014
v -41534.27106214 2982.08503403 21393.62917081
v -42330.32661618 2879.43619747 22341.92745880
v -42303.06970812 2915.49433468 26441.29666997
v -41402.44902998 3414.56699115 27347.67333178
v -41291.39459965 4736.51623953 28116.16565421
v -41480.37249257 4174.09054277 50744.42704495
v -40478.64088129 4551.80686165 50131.53107129
v -41746.54787766 3242.77740046 53676.94146605
v -41202.17935026 3327.76151110 55391.51925460
v -42238.69575821 3586.20843211 56206.07309761
v -41993.58531344 2689.45504235 60013.42785121
v -42697.99520470 4021.31425655 19229.81060902
v -42581.42121570 4105.59359063 20150.40902858
v -42484.27226096 3686.05062243 21259.46430896
v -41993.85733127 6359.62180952 28665.12461927
v -41213.52240321 5486.33684816 49984.50010068
v -41431.64719457 6535.84397936 49694.49509393
v -42319.46862414 5737.70481732 50339.70380082
v -42605.98663543 3535.98415888 57503.55695216
v -42307.65646412 3248.31677253 58924.30569262
v -42593.52668064 7835.98559249 29160.75321408
v -40818.20758404 8702.14326445 36279.05278814
v -40971.57979982 8908.57043062 35517.77987765
v -41624.98240178 9062.05323485 36829.77927187
v -41734.00071493 7360.15274103 49494.29760258
v -42834.51687375 6985.17795836 50005.52289796
v -43305.57770442 8990.93015546 29561.46536492
v -40645.40297953 9642.63297917 33800.08415950
v -41250.29440448 9531.67252854 34511.34321239
v -41818.80037199 9432.44477039 37934.71669614
v -43104.87157942 10004.50356637 39291.63129260
v -40523.89261523 9364.54292190 47401.46247592
v -41349.20956831 8815.32079927 48352.85734722
v -42191.40507430 8037.10147890 49260.95099107
v -42018.34481356 10274.15181552 30782.85882609
v -43553.53809488 10194.29375349 30345.24878389
v -41604.57157933 10580.34422637 31614.78077019
v -41348.53320382 10478.81372203 32620.00643091
v -41453.74330402 10154.46488076 33604.30746659
v -42667.89026259 10265.76690844 40745.01933628
v -42343.48875717 10470.14483030 42362.37894717
v -42166.66723739 10492.19959763 44097.07133818
v -42096.49229258 10226.90514504 45860.47929910
v -42137.64578975 9594.51479132 47560.62562413
v -43151.88200262 10963.72776267 31428.52860194
v -42806.98342087 11074.54869960 32438.16089083
v -41593.96013094 -24642.74347460 65626.60142861
v -41228.05659431 -25110.38476034 66814.53501391
v -42248.74525094 -22666.79529521 62115.98047101
v -42119.63013015 -23330.44934428 64336.01707122
v -42007.36719642 -23331.20461992 66009.79981404
v -41569.17967784 -23991.14087171 67022.41768652
v -42319.10084916 -21703.46214202 60214.98973327
v -43151.12925984 -20884.81321378 61738.80504716
v -42924.79013554 -21274.96460446 63768.65077079
v -42387.20606061 -21892.48970822 65680.27827382
v -41833.21573101 -22492.79391526 67128.36157063
v -42444.36444697 -20602.53043343 58880.52076012
v -43279.30777253 -20090.49697707 60108.00224020
v -44037.12299853 -19283.40746152 61411.43869107
v -43698.46874951 -19963.45312961 62862.68074570
v -43486.90206236 -19850.36655950 64056.34657672
v -43644.77496613 -18634.43103386 64530.69340113
v -42861.63378916 -19890.98850254 65483.66313614
v -42013.13530539 -20718.84743816 67080.49126920
v -41729.89425601 -17225.07792822 54055.68642200
v -42486.54696442 -17464.02152337 55436.26476229
v -42812.95954901 -18389.23420854 56845.30035745
v -43284.18633918 -19045.20117066 58526.02435266
v -44028.34852615 -18820.28952417 59964.06531609
v -42973.65317040 -17802.25854690 65841.21418656
v -43813.51509500 -16921.32355388 64692.22423383
v -42035.01828402 -18697.11697913 67101.50076983
v -42707.77004663 -15582.16811331 54468.90099160
v -43351.54256285 -16288.96452952 55867.13412105
v -43400.64192309 -17127.21160366 56567.84116840
v -43041.74156909 -15840.69115854 65832.61537679
v -43892.62609080 -15095.08691730 64698.37550091
v -41987.95863898 -16552.63842252 67047.94588819
v -42930.68696102 -13400.89278505 53646.85151962
v -43727.45986733 -15238.81509020 55867.81187209
v -43758.59179258 -13916.37736586 55279.16764371
v -44444.52959310 -14421.85810969 56691.33547799
v -43145.52171697 -14167.21790434 65582.90464621
v -43807.06872009 -13249.71339272 64613.66768994
v -42023.13009134 -14258.81726478 66739.60915668
v -42735.83022013 -12107.33817078 52469.84245071
v -43313.35362549 -12173.51075311 53571.35934137
v -43916.28256096 -12248.63758297 54647.47650156
v -44673.74486671 -12755.70305586 56247.67834520
v -42667.13342675 -12216.06302131 65719.01306582
v -43683.66882639 -11815.39778759 64505.29793929
v -42529.49117046 -9513.53120386 39987.17204010
v -42775.81075237 -9605.74204546 41402.58540210
v -42706.79272647 -9751.64932407 43145.20733027
v -43106.54224504 -10950.46528066 51876.54843101
v -43747.62445208 -11183.82157681 53402.94356049
v -44379.75808730 -11138.09431073 54643.55004025
v -44647.44941035 -11573.14066909 55505.77878597
v -43280.10033384 -10594.99104231 64667.64983850
v -43928.00525402 -11029.07277781 64012.69057230
v -44077.55840062 -9764.79021730 63445.26915260
v -42225.49686687 -10024.43456365 65609.40045910
v -43469.82074088 -7272.19532049 28764.12997480
v -44095.30066926 -7868.80722654 30033.12012680
v -45246.96306572 -8057.98020010 30978.85103349
v -42709.77318205 -8022.33079767 35819.18406076
v -43379.18661930 -8108.51644407 36854.22462177
v -43619.21743895 -8388.85909433 38188.41899669
v -44174.52716810 -8669.38044116 40312.17556526
v -44241.56159276 -9003.89754146 42678.42006386
v -43911.01904480 -9212.14160833 44736.50480749
v -44127.44711366 -9088.05083690 46206.70333441
v -44428.88665589 -8974.09842904 47721.21594936
v -44427.76692144 -9185.73602770 50064.39721145
v -44234.50974404 -9925.50690517 52230.75860436
v -44717.65465634 -10292.69765725 54161.93594140
v -42893.70895255 -8643.45767199 64543.05372969
v -43863.61755685 -7629.65692920 63206.97433120
v -42769.94982971 -5248.22862056 26082.95862658
v -43949.82098249 -5556.59056476 25107.38111622
v -43911.64986126 -6171.17883013 26109.10420386
v -43814.54100438 -6695.45683090 27098.44550866
v -42727.25817044 -6162.24988487 27498.57636725
v -44584.31823564 -7551.83032278 32423.27079987
v -44230.50492269 -7380.79435797 33995.41903783
v -44129.59867992 -7572.56364918 35902.04129611
v -42800.29458012 -6564.06768113 64089.70002767
v -43771.35843044 -5618.54435215 62896.43572268
v -42910.83124721 -3927.73924162 24146.97592601
v -44090.51835433 -4391.44360823 23125.37829203
v -43983.28354028 -4955.23883014 24100.03516835
v -42533.93863269 -4612.55471833 63807.55981089
v -43561.69625736 -3593.53040542 62687.92100532
v -43449.76130642 -2172.86126668 21115.57581124
v -44093.47963837 -1466.84607393 19984.16770052
v -44602.33542450 -2907.42858814 20753.73366284
v -44303.64915927 -3597.40833046 21771.78976150
v -43135.02234691 -2899.65216973 22425.32832091
v -42199.13268130 -2701.02642837 63520.83526286
v -43151.40856870 -1571.67991509 62500.37489253
v -44064.81072327 60.35068052 19048.35173220
v -43165.49839544 -202.38047682 61987.09345181
v -44238.65192352 1274.08339784 18469.63189703
v -43271.67905262 2665.91696516 24551.59090274
v -43182.32771714 2861.51574752 23549.90991711
v -43933.81378171 3063.74937407 24959.20442934
v -41742.83038826 3211.50892872 52510.89575774
v -43609.07841343 448.61584385 61313.22853101
v -43205.73648518 1657.83219682 60623.18851811
v -45040.58948507 3268.21301626 18098.61192007
v -44823.10226768 2091.41756498 18109.49674814
v -43691.35248053 3742.21080498 22305.16576869
v -43992.04216244 3493.62064505 25919.72242745
v -42880.77680687 3980.65814632 27130.09288212
v -43394.81777208 5304.79685755 27856.10927825
v -41708.56317809 4869.78621584 50434.77150465
v -42744.16286719 4689.03111043 51123.89487450
v -43235.20565020 3916.03666132 52522.86434152
v -43356.49872184 3687.49889456 53858.67764547
v -44602.76170174 3941.17539544 53454.10728584
v -42748.84504877 3576.42648037 55000.38495888
v -43368.20928312 2693.32659744 59552.95062092
v -44240.64166641 4076.88807002 18726.51727408
v -44473.55650038 4577.88597145 19675.91955760
v -44002.53454547 4371.11791863 21057.04949020
v -43855.88455606 6748.83386596 28476.95492696
v -43726.07319874 5922.95253349 50783.75401232
v -44265.47366539 3720.68869273 54723.50406799
v -43595.09245370 3625.30148030 56117.61914616
v -44295.04303185 3374.45315684 57305.85282322
v -43655.33443656 3215.69840582 58502.81094370
v -44282.26590005 8100.76636602 28989.47708614
v -41941.41708794 9155.49568418 36176.11509863
v -44307.42108576 6897.76178464 50453.67561677
v -44818.78610124 9373.73092811 29532.06016436
v -43336.47181746 9747.72593245 36853.85823410
v -42601.01900262 9705.80429122 35503.15530905
v -43620.69887559 9894.93270091 38183.14546393
v -44833.07977669 10284.46261706 39147.52545675
v -42765.57730397 8850.60789482 48795.15389568
v -43989.81062274 8021.56272275 49706.40565817
v -45625.14511654 10554.12408060 30276.59709406
v -42539.39132416 10805.90201068 33282.17161371
v -43074.29509983 10498.50579740 34351.96030477
v -44608.88463786 10443.81821830 40640.88164271
v -44314.80839649 10586.34656867 42300.74094637
v -44126.69535944 10619.29937867 44019.73072904
v -44052.13836050 10439.50294619 45738.79789246
v -44059.79976208 9962.48315684 47352.39394474
v -44142.73835287 9169.88340461 48702.52294779
v -44906.95758444 11218.40354932 31309.71715693
v -44419.47990048 11463.70453879 32429.78539614
v -43899.40637182 11219.60502983 33431.65691652
v -44217.32378620 -18907.75963827 62633.08072290
v -43950.60330121 -19116.50890664 63511.35962310
v -43859.38715144 -17448.14095190 57721.84074896
v -44453.04999253 -17565.09592436 59179.17274707
v -44665.49784366 -17913.73406343 60616.04306106
v -44661.16982312 -17949.98294695 61937.54580838
v -44976.52292173 -16590.64181888 62361.86328597
v -44342.25719284 -17808.41480531 63356.16763541
v -44123.47563529 -16013.49199387 57019.29032430
v -44580.25846293 -16483.84944473 58250.80512955
v -45008.83250980 -16253.25586482 59146.30629732
v -45055.35913635 -16785.17259809 60030.90276179
v -44548.04854358 -15988.75714445 63571.61882287
v -45152.91913856 -15015.00929011 62463.14451053
v -44979.27886695 -15068.60456566 58199.36421348
v -45068.60781727 -13618.10712478 57478.06224133
v -44601.87318517 -14124.09053858 63543.00077899
v -45236.91818271 -13244.26268574 62263.32236250
v -45829.54876840 -9851.39653720 28931.31193297
v -45957.12216021 -10246.15644048 28837.63358006
v -45964.20930069 -10259.59278420 28862.13807941
v -46012.15146464 -10016.63301408 28945.42454405
v -45338.99696534 -12511.95639999 57443.69319474
v -44526.05955737 -11893.20941225 63318.96558186
v -45324.29949582 -11695.01578481 61901.87979293
v -45976.28494489 -9951.27126367 28823.32491957
v -45773.22057712 -9174.26445669 28642.30334361
v -45198.02105838 -8655.43464432 29320.71317503
v -45946.83443831 -9481.75542157 29229.66268115
v -46464.45693926 -8718.49270693 30044.98420498
v -44924.61811015 -10775.77302477 55288.36744299
v -45310.38853657 -11270.71892815 56492.90523061
v -45129.31551429 -10062.62810525 61941.79014071
v -45655.66009652 -10850.04593930 60955.85642309
v -45752.40921730 -9637.98331984 60579.31745241
v -45142.50806488 -6928.75595188 26164.77272711
v -45994.43232661 -6770.08767427 24946.61026061
v -47117.75620622 -7481.79202949 26118.96178736
v -46456.29616632 -8346.39313840 27886.52149761
v -44957.99038271 -7947.39062905 27979.58240808
v -46795.81312088 -8047.64110987 31446.58699291
v -44417.73054999 -7799.05434597 37467.46299742
v -45147.86716704 -7769.43717863 38845.72027570
v -46305.89255382 -7525.84798726 40401.95173445
v -46202.27748946 -8051.59561548 42293.40835762
v -45694.95162146 -8481.41962662 44237.41823081
v -45415.00177716 -8583.01580345 46221.48059821
v -45868.23630005 -8340.71242338 47879.77690343
v -46994.91596439 -7943.61916798 47270.47750424
v -45670.78348404 -8411.22081059 49307.72599516
v -45740.08365357 -8433.04673249 50731.45640345
v -45480.46313104 -8796.19751905 51976.87849594
v -45521.84741963 -9238.09144240 53764.48068819
v -45533.61733967 -9969.52780559 55413.58400633
v -45569.27953462 -8082.21172959 60895.89767884
v -46151.82937230 -8697.28500938 59596.26791107
v -46531.14412185 -6924.08862065 59210.72707401
v -44707.48754888 -8457.81431050 62292.93938701
v -46292.45475126 -5095.43158650 21661.13356265
v -46536.11531686 -4401.44797351 20853.37924613
v -47409.42165697 -5218.80627460 21455.04708566
v -47004.81688808 -5765.77373401 22189.25511908
v -45040.35287750 -5814.73869969 24138.59232524
v -46038.30122835 -6069.09144500 23366.00922314
v -45950.51053882 -6431.70081981 24145.86012808
v -46203.63173034 -7592.69026614 32550.80519522
v -45620.50132666 -7295.72925518 33709.88541457
v -45968.73468330 -7010.40505704 35423.81444851
v -45845.19844679 -7112.58152394 37479.00212144
v -46548.10848285 -7024.76667246 39098.68730355
v -46971.32568168 -7858.54566960 48942.79371989
v -46753.75147389 -7903.51407742 50543.87554562
v -45736.05664747 -6005.11251126 60605.16829659
v -46603.42970907 -5058.58163637 59502.40266419
v -44778.08590641 -6736.15185622 61919.40286977
v -45457.01566967 -4062.30756594 21175.25284247
v -45933.20064720 -3062.42325636 20119.87216547
v -46288.96263487 -5707.58365931 22459.14742707
v -45323.73273172 -5005.62873854 22452.57278798
v -45896.93855225 -4537.81952806 60440.77773012
v -45646.93373143 -3186.43361504 60625.59021629
v -44881.03408045 -4604.29241923 61563.63156098
v -45833.25309897 -1307.08609256 19022.71258205
v -44519.24929242 -2515.52359112 61609.94245928
v -45362.08425065 -1402.13162366 60543.43968548
v -45385.86162409 263.85157374 18415.62525834
v -44159.21572504 -771.39001370 61456.86862521
v -44723.00166763 464.16579680 60388.42664412
v -45373.48512021 1294.85973711 18078.75733426
v -46392.25515661 2038.03487755 17661.23539850
v -46301.48904231 736.49316113 17941.65645645
v -44100.64167640 3173.56548420 24232.21382814
v -44471.31339363 1931.32120168 59704.03264525
v -47485.71066326 3764.93265317 17189.70432632
v -45156.81714275 3755.74026889 24710.54849638
v -44727.43300332 3778.98929087 23436.88969425
v -45708.54520927 4219.37681950 25797.50929067
v -44701.23362142 4550.79453602 26850.31138769
v -45515.50763820 5912.50354059 27612.81386739
v -44931.88642451 4319.67748617 52587.09341741
v -44739.72616465 5012.10577851 51685.68880664
v -45779.42434574 4134.67752648 53085.50707066
v -44840.48974483 2935.55647854 58261.91736269
v -45586.93971270 2496.58060751 58168.61876266
v -45578.14364750 2815.20178419 57361.28086717
v -44372.08097714 2722.43306593 59046.27194700
v -45265.93131565 2250.29782911 58818.87466159
v -46605.91626157 4683.96035189 18246.93202576
v -46205.93872267 5112.09609147 19734.65424172
v -47621.56929705 5386.27442552 19387.10594578
v -45598.74089462 4983.64609302 20807.21533261
v -45464.65688904 4603.22471964 22188.77731239
v -45400.49158850 7233.49822537 28392.14310711
v -45135.90608700 6132.79074400 51013.93523686
v -45769.71828123 3761.13390959 54129.00817985
v -45352.98324159 3371.71927865 55828.74254376
v -47053.86114258 5430.90744642 20632.35562245
v -46602.33272357 5228.28690390 21570.72416326
v -45971.88758895 8385.87112717 28828.59615610
v -45685.72370648 7111.39798212 50524.07825991
v -46593.35144486 9652.70517024 29431.21988599
v -45122.89056507 10377.75310716 36879.57142413
v -44571.49243707 10532.08178991 35682.99583874
v -44932.73130747 10218.68975319 37876.54584714
v -46113.84136970 10574.91936066 38760.49705968
v -45881.65020137 8375.43482661 49672.42165296
v -47533.59758493 10772.75178178 30182.40132115
v -44782.83314739 11121.59948663 34489.33308065
v -46607.64046105 10739.88322200 40338.01521240
v -46276.09898955 10735.25844235 42192.75514111
v -46056.97900605 10708.89097805 43926.22200327
v -45958.71327503 10547.60595951 45613.39471307
v -45949.98628331 10146.68788294 47200.05020082
v -45955.54856206 9430.84652691 48577.49080623
v -46821.72617560 11472.81355015 31265.13341361
v -46276.62509614 11779.38973318 32534.15284321
v -45627.66774437 11609.42206864 33718.79690331
v -45143.68303730 -16742.12596285 61105.58062468
v -45421.87957231 -15232.19779301 60029.03508880
v -45372.54259347 -15612.81241673 61482.77816104
v -45551.83822087 -13409.20456243 58717.60444213
v -45739.45650885 -13511.98921874 60087.79533940
v -45558.05406847 -14198.53074462 61235.83968180
v -46041.13903730 -10168.26748695 28857.52027085
v -45760.96681255 -11640.21429581 58136.01281071
v -45859.00722787 -12278.03794301 59457.29059371
v -45723.61737503 -12339.26192506 60798.26162391
v -46278.84403137 -9449.17364466 28958.95811973
v -46027.31820127 -10016.22732510 57136.95625451
v -46019.66248725 -10472.94311773 59347.46220193
v -46820.02004246 -6796.13846203 24309.17874012
v -47735.80129332 -6736.23532759 23814.05144879
v -48115.39663524 -7182.60437401 25023.67857130
v -49050.17359460 -7564.25629431 26583.69051368
v -48413.55627965 -8068.06142690 28026.24445795
v -47611.73915446 -8565.29590877 29328.35892724
v -48303.70362563 -8114.51983165 31066.45923028
v -47774.45142278 -7071.33499848 41653.33399660
v -47805.48164759 -7427.00292829 42845.84607983
v -47374.28591742 -7788.73795043 43987.44961706
v -47047.82383311 -7984.04807650 45595.12156973
v -48197.13900573 -7504.19820289 46683.39133295
v -46439.62061299 -8121.91848594 51750.82855612
v -46549.09084493 -8240.86267402 53232.51864351
v -46547.74915998 -8583.42806883 55390.95212494
v -46667.26861234 -8342.36096558 57799.65483544
v -47795.77877557 -4163.02787470 20385.41025207
v -48813.47609926 -5197.85233450 21474.93146632
v -48262.97258289 -6110.83898691 22782.12274198
v -46988.06803094 -6281.12308191 23076.50896629
v -47874.60181888 -7550.18538135 32605.59305100
v -47289.07278422 -7003.18102220 34173.91547572
v -47535.49461150 -6498.07940436 35689.45234321
v -48797.72282058 -6295.92377423 35334.83219021
v -47318.69797831 -6383.57862705 36930.69060873
v -47511.46085213 -6331.98920262 38473.78421314
v -47999.50132120 -6399.38653595 40117.56690694
v -48513.45718596 -7264.75791267 48412.49855261
v -48064.84152364 -7313.62411363 50316.01253885
v -47620.40939912 -7431.20684284 52223.04711606
v -47510.65744826 -7496.08631486 54155.99763061
v -47712.99029091 -6985.74400213 55984.34456173
v -47313.23587555 -6727.28600637 57676.40206351
v -47419.20617430 -5445.24037381 58207.16598738
v -47472.76408232 -2665.01138860 19285.18023656
v -48443.19633619 -5995.57913518 36505.85460773
v -48799.95589439 -5606.26968437 37834.22893039
v -48732.33986197 -5664.38921187 39152.67770647
v -46444.36936617 -3740.47442793 59784.33964199
v -47368.04973165 -3557.77697062 58584.84000130
v -47346.51570115 -1527.70573413 18548.72025490
v -48000.03403439 -889.32664103 18030.47878668
v -48727.57067947 -1985.80515575 18536.39934456
v -46472.70870493 -2259.70635916 59578.76045218
v -47393.84445351 -1432.45497871 58360.61147574
v -46754.74209964 -407.56478155 18201.56677125
v -47770.44257945 549.59975080 17566.42275949
v -46232.73377399 -211.59599523 59248.44039824
v -47217.23338599 108.85348840 58091.01698873
v -48360.08218037 2441.66060416 16981.03576752
v -46415.65946630 1552.08147065 58007.69807777
v -47437.11272426 730.48973989 57510.82482911
v -47603.60425368 1331.80111470 56709.21300442
v -45499.87177192 1264.89904119 59305.68452568
v -48823.20671102 4107.35059383 16859.72412738
v -46662.86254688 4434.42009718 24961.31074457
v -46517.66919441 4587.69331354 23653.49186028
v -46907.44434551 4668.15436357 25689.94424359
v -47411.46762985 4792.59517193 25274.75204275
v -46400.98185051 5000.73278832 26496.56854311
v -46008.86220171 4599.39054143 52361.59576732
v -48027.57652589 2612.51044952 54614.39842771
v -48116.67675549 2950.19054032 53976.43389227
v -47058.59980237 3119.12248564 54755.48789714
v -46693.09597202 2484.65768404 56364.85828581
v -47866.08026960 2148.24690348 55426.21237831
v -49338.03258754 5172.74427468 15829.96584159
v -49954.87913209 5416.08014714 15453.40848338
v -50024.66726100 5090.63575129 15496.03510608
v -49302.29761092 4533.94232148 16257.64851132
v -48432.92710840 4933.06030280 16626.77239167
v -48355.88710568 5204.26723707 18045.05496069
v -48390.93199146 5083.90404266 17114.60517334
v -49254.75329966 5616.62033705 19181.95556981
v -47004.94279875 5138.17440421 22473.30352551
v -47948.61329653 5370.40546958 25799.39422567
v -47224.95133367 5893.22106930 26953.57455405
v -47384.59176293 7247.29643063 27879.79573943
v -47325.98189822 3910.18354699 53088.66371066
v -46975.21554191 5519.31232150 51506.39658230
v -49479.13976017 5414.89597477 15877.79881452
v -49078.64399902 5280.54321369 16396.13577283
v -48599.89126111 5737.33428296 20580.40892940
v -47874.60643452 5558.73373424 21738.88555328
v -47529.59110444 8730.56092865 28724.12834912
v -47583.76982899 7241.17377430 50440.08896131
v -48427.45120499 9817.21667451 29254.84978947
v -46096.74420250 10859.76960075 36497.62766121
v -46329.52438434 10712.85822224 37641.84968000
v -47748.61782191 8589.11552306 49508.97408084
v -49417.45858177 10947.38775970 30064.34976069
v -47636.64522463 11358.56819992 37067.97396423
v -46448.91654613 11378.93960944 35353.80512759
v -47741.67428756 11096.17238118 38945.41241506
v -48472.61757894 11139.52500190 40664.60754134
v -48203.75795110 10967.98858771 42125.32298575
v -47940.68093637 10804.10813993 43823.94940230
v -47766.65987063 10600.95653430 45447.11903038
v -47770.23123207 10226.81025015 46981.35456557
v -47811.20204284 9575.33804078 48375.60916928
v -48721.72398743 11681.73140701 31175.90785308
v -48244.67888708 12087.83647594 32551.25185673
v -47801.72624058 12030.64990753 34271.55477933
v -48668.51452248 -6804.57506752 24163.84786920
v -49503.81256873 -7077.71247470 25333.05769785
v -50803.45157758 -7208.37023471 26773.31149042
v -50541.39356882 -7733.40769416 28255.90870471
v -49826.03079642 -8063.54827474 29974.87465759
v -50043.05845176 -7878.74677546 31525.20251279
v -48787.63047526 -6806.19353518 42612.51225787
v -48823.30732184 -7056.10229607 43792.85312030
v -48603.74647890 -7308.50685259 45303.77397774
v -49305.60978736 -4469.84689249 20599.72154875
v -50423.60225042 -4876.72394771 21541.41651652
v -49877.07015922 -5687.15498206 22592.94308743
v -49910.39456527 -6397.40645029 24070.79948067
v -50702.03687508 -6727.15675289 25457.06261132
v -49549.31694755 -7539.99548221 32519.80294166
v -49172.86682944 -6914.09829674 33883.64732203
v -50544.45676452 -6117.53041724 35063.87143995
v -49522.07991365 -5950.50780820 41676.88596285
v -49952.18315979 -6211.69335677 43219.46697492
v -50304.73467887 -6323.70206470 44989.61633133
v -49760.55697320 -6755.28981372 46961.75266736
v -49978.40607733 -6572.20242026 48703.80778877
v -49459.95486007 -6637.92710471 50128.38574414
v -48896.09819394 -6713.62360228 51665.99109009
v -48850.46295897 -6270.66667492 53800.87946308
v -48687.54716450 -5549.99667065 55797.08476286
v -49457.17248215 -5089.39771357 54854.63919608
v -47974.04166168 -5848.37830375 56986.50262304
v -49315.42660024 -3394.74685175 19584.99379561
v -50300.61887901 -4134.63997876 20429.82835770
v -49949.03347520 -5445.20649194 36645.86597436
v -50139.71526820 -4880.73389633 37969.60320569
v -51369.31586082 -4480.37173702 37562.37459880
v -49821.94628437 -4957.37409475 38980.03210327
v -49712.17624962 -5268.33463970 40207.37767890
v -49244.82684655 -4503.52792326 55809.27210178
v -49313.26349798 -3277.96657873 56097.18283214
v -48417.22000842 -4401.81559619 57025.41920507
v -49439.19372592 -701.83633658 17624.98497557
v -50840.59240751 -2136.83241049 18604.33245751
v -51039.01653597 -4286.18392203 38781.60685565
v -50795.92346223 -4466.75171414 39838.72084338
v -48408.32578993 -2436.54817344 57263.17180345
v -49288.76563811 -1621.40947350 56081.05938843
v -49298.84436565 907.16211443 16926.90759787
v -48220.19157691 -294.25815711 56999.48630461
v -49214.10905808 -249.66187957 55754.15077769
v -49556.46166453 2079.80828478 16539.85859042
v -50507.25633461 2297.09870918 16170.33237799
v -50233.89274543 1249.61963710 16468.86918310
v -48930.27800806 1902.09214917 54385.06591585
v -49834.07091459 1069.40618827 54049.02913057
v -50005.32685267 1631.47137122 53381.68748497
v -48625.67857016 947.83256026 55709.14943749
v -49594.66341828 505.62443257 54770.58535834
v -49503.87798943 3656.84806338 16531.48271935
v -50709.50974455 3520.15662208 15842.12445143
v -47785.28765773 5020.59750777 24597.94286387
v -49059.63797540 2846.16310277 53190.95197374
v -50265.92577326 2435.58072280 52514.30255819
v -49462.10227580 3943.61447491 51940.81712725
v -50855.04485954 5298.49493484 15216.21194996
v -51104.85515340 4578.67802291 15371.69752117
v -48935.25682734 4904.09523349 17023.27484514
v -49415.80694727 5009.84524755 16637.51428676
v -49729.84296920 5100.43850340 17484.38767377
v -51068.91088224 5822.35770313 19068.96576877
v -49308.08608804 5769.62062614 24661.21675093
v -48373.95472552 5455.12146071 23218.35424540
v -49341.84603274 6080.51739571 25776.63614350
v -50413.22681004 6392.50058180 25269.21574888
v -48601.38169043 6378.71001622 26710.45378317
v -49400.95373511 5862.31235661 50891.01001123
v -50524.03299854 5555.37224120 15500.27417283
v -50061.17351189 5483.96061981 16069.64970556
v -50382.83780561 6030.28679112 20617.32914336
v -49521.44093981 5930.90494809 21988.52697555
v -50082.42392673 6804.90695573 26293.48609610
v -49294.71534705 7315.26376784 27268.76394776
v -49383.15899196 8577.01326284 28197.99378210
v -49489.16354464 7504.87772587 50075.89411111
v -50367.05559174 10033.43092020 29077.05228917
v -49493.67504546 8760.37449920 49221.33808404
v -51256.28537215 11134.58068022 29970.02559266
v -48193.06062054 11847.72117933 35918.25529677
v -49034.09552751 11917.26726758 36971.14005661
v -49192.59052671 11716.02954723 38269.94315188
v -49622.77478588 11562.50076391 39957.81331185
v -50133.11085832 11335.06436837 41918.81752552
v -49763.86609157 10936.79857301 43705.11782150
v -49512.24930784 10588.69391287 45309.54811688
v -49232.05493517 10273.88208983 46607.36315449
v -49714.94399795 9613.57923781 48032.01267646
v -50527.51806334 11850.71558567 31039.65596462
v -50120.15666245 12356.94120546 32359.42629660
v -49902.26057850 12543.66434699 34037.50297080
v -49779.73675851 12375.42394390 36000.88988584
v -51482.05202648 -7405.36133709 27830.00087504
v -52108.77053625 -7434.75914814 28578.37328700
v -52242.73918391 -7661.37606417 29967.11063567
v -51629.66204961 -7737.48691394 31588.34644966
v -50835.66182945 -7574.39193345 32420.05257034
v -51816.72648309 -7399.76055968 32795.15459009
v -50899.82188541 -5307.22598242 22524.99945442
v -51131.71873245 -5655.25798089 23483.93256543
v -51471.54727417 -6116.01683929 24861.30919503
v -51998.72062303 -6473.70800625 26224.09281893
v -52571.61528710 -6883.45412346 27664.49987383
v -51010.18954604 -6974.44481599 33578.11903430
v -52571.34372848 -6031.87063209 34687.19821553
v -50872.13762325 -5353.45940317 42596.93204986
v -51302.57403984 -5425.29986225 43853.52064338
v -52110.20568214 -5122.31091169 45432.61042655
v -51355.69318542 -5847.23514573 46625.67544581
v -51097.86967354 -5960.20560142 48205.03423961
v -50772.45168836 -5904.75729726 49872.90808010
v -50176.50659823 -5757.17655302 51795.05692939
v -50137.05720698 -4888.67267586 53638.90185091
v -51134.39944872 -4387.56606726 52335.57450340
v -50883.76615511 -3409.91392429 19831.10175109
v -51666.67355258 -3957.98638376 20953.62606112
v -52258.53752311 -4666.55913670 22653.34257408
v -52523.93599872 -5338.02661938 24333.85039250
v -52729.54538706 -5790.37415843 25567.17343594
v -51847.00628990 -5096.26612174 36188.23834097
v -53172.61127804 -3914.24498391 37264.33605668
v -51554.79319245 -4414.30668918 41407.44017234
v -51971.11953853 -4638.49593480 42966.52616106
v -52444.64323066 -4583.07662156 44134.00882080
v -50719.63154731 -3479.69247345 53784.64393027
v -51605.52800237 -2883.41332424 52566.79164101
v -49920.12759600 -4008.52165790 54936.31154296
v -50957.63492172 -891.61650637 17430.73182332
v -51823.65792621 -84.56649835 16862.95084037
v -52169.48139534 -1125.34331763 17706.17578421
v -52936.14619193 -1800.75837327 18829.11685518
v -52369.80044173 -2870.14355796 19936.63475495
v -52392.15680921 -3678.30648988 38540.39565398
v -52032.82240669 -3759.63651248 39805.01218907
v -50869.68754246 -1861.59802846 53816.13479232
v -51680.65734883 -1247.46446181 52643.34452732
v -50103.72942640 -2553.84234173 55011.84924706
v -50514.61201889 171.15133216 16842.11692849
v -51322.92175334 1114.50621413 16327.72494369
v -50638.52655435 68.86051291 53609.14503728
v -51619.98575062 51.73381516 52479.34849750
v -50018.38746821 -942.78163258 54903.72304128
v -51813.06886067 2366.16320177 15877.65485727
v -51056.14234145 1236.08451513 52564.35631153
v -51995.85114599 771.41857254 51796.16766280
v -51502.23800090 2376.15085035 51535.04014478
v -52217.36823436 3615.83327108 15471.67628657
v -51289.39743867 4431.73308433 50841.71936609
v -52110.90483678 5068.23869235 15060.91324140
v -52780.25380325 4480.15004062 15176.58670299
v -51797.05437316 5600.81302034 17644.01682912
v -50783.48393281 5453.44523122 16635.66770232
v -52997.23813492 5970.08482169 18988.33938733
v -50559.75211200 6253.28470370 24466.88966632
v -50184.88770268 6078.01116166 23461.92613219
v -51086.08891986 6566.30466534 24837.06044503
v -51183.82870699 6279.00219504 50211.73780410
v -51725.95882618 5453.88293403 15250.43929117
v -51367.55096230 5565.55498719 15819.05405669
v -52321.09708103 6301.25403082 20567.19456592
v -51545.22584488 6448.44804579 22382.15545274
v -51660.73002113 7150.69396689 25470.54223134
v -50845.68190649 7845.82449100 27016.62272047
v -51838.97836057 9198.13730283 27998.83140654
v -51113.05598391 7876.04692640 49556.20621992
v -52070.30937316 10390.96722666 29068.71527203
v -50714.57608661 8844.07100446 48998.66749409
v -51476.35616025 8519.25812565 49103.69041896
v -51411.15719393 9039.12803980 48400.97265694
v -53098.79106855 11248.84159907 29839.97008003
v -50114.37881149 12206.22346173 37599.87407887
v -50766.85995621 12145.65929434 39026.52245130
v -51311.37067484 11904.46845796 40778.22184295
v -51785.48951514 11594.41220920 42220.15620259
v -51677.54099701 11037.60775575 43673.44394082
v -50972.48417966 10603.93378310 45049.67219154
v -51174.63010105 9903.89811840 46763.51540326
v -52312.37690295 12010.01716062 30991.85092171
v -51619.05085557 12475.04264227 32036.87914677
v -51896.38079573 12923.70056937 33623.43587825
v -51576.55091726 12965.42147137 35560.41522153
v -51620.83973119 12745.09543708 37618.19084625
v -52612.37530111 12565.69730282 39677.78881141
v -52884.82047150 11980.66807557 41506.28045597
v -53740.77261458 -7002.27018837 29128.13641090
v -54260.23723827 -7321.14193428 30587.04956178
v -53459.97492282 -7526.25856187 31571.78629110
v -52965.91962919 -7335.00673571 32689.20809537
v -52458.88762653 -6951.04814207 33530.54692985
v -53752.70612264 -6624.28227844 33685.01387894
v -53855.45729702 -5819.30825938 26915.96049773
v -54080.62832922 -6360.82430840 28114.36306570
v -54656.86823095 -5475.47644338 34677.07901814
v -52271.46082966 -5213.13701444 46636.70509909
v -52234.17225428 -5193.97621725 47704.60911565
v -52041.50459442 -4974.89288249 49431.89814075
v -51367.47422302 -5055.33631389 50919.65122686
v -53851.10939281 -3216.30771509 21670.74082654
v -53908.56215316 -3939.38581107 22956.44525532
v -53773.31985687 -4503.84865861 24025.08710201
v -53873.30601707 -5068.20212495 25414.26690412
v -53666.86871689 -4767.02513933 35854.83142197
v -54809.56397918 -3718.92686827 36547.01372011
v -52504.90143419 -4060.59967754 42519.32461572
v -53025.93199957 -3898.17884660 43436.82226730
v -53623.47869627 -3619.01738271 45113.83172654
v -53100.85028710 -4344.27076632 46886.00147378
v -53022.58778304 -4284.55259423 48505.76329054
v -52884.65472222 -3964.98857326 49695.01970439
v -53142.07132678 -2895.40485302 50198.48410802
v -52200.07038773 -3837.84656397 50992.94639205
v -52918.71220964 -257.34129656 17128.33683401
v -53557.06157007 -833.24619871 17942.75965221
v -54628.51356440 -1080.31805215 19100.02871885
v -54112.81307625 -2102.03645850 20094.07307386
v -53640.52169856 -3127.00647774 38409.97120963
v -54767.36550565 -2945.98741117 37765.48264721
v -53390.82874048 -3017.45500376 39489.71028965
v -53218.01783746 -3174.86410092 40822.88326655
v -53389.57222010 -3327.89853886 42320.48964044
v -54008.91497143 -3083.07598556 43646.36981475
v -52486.70079488 -2169.51999929 51462.43074018
v -53308.41795581 -1304.83670406 50416.42967102
v -53007.12842532 1165.41883631 16390.71045502
v -53994.46089503 199.08783328 17242.56140522
v -54704.57900895 -233.59412776 18118.15276456
v -54670.43659668 -2492.36873686 39058.24527494
v -54550.03043784 -2384.86149339 40376.19055348
v -52432.15630060 -546.33545905 51618.87734760
v -53044.34741202 772.91052006 50635.06037302
v -53081.61758965 2726.86046273 15750.91099917
v -52927.93366826 3008.98457100 50294.02813146
v -53763.07916713 3962.05810762 15571.98292678
v -52775.79551771 5051.60146464 49870.03898802
v -53374.03121565 4833.05351964 15090.95923236
v -53934.64625614 4510.39021134 15328.17648649
v -53753.77105344 5444.12905065 17402.10239152
v -52399.92025699 5463.24587270 16421.54788155
v -54747.77111949 5944.33105821 18960.74949484
v -51416.13449331 6600.89698816 24099.32663692
v -52525.03908022 6766.36666921 49481.95281077
v -52790.82444202 5217.92176730 15117.97138749
v -52696.56016376 5346.10477631 15526.86049654
v -54204.57515062 6457.65458275 20360.16478450
v -53670.58368544 6848.14948411 22020.58519927
v -53078.69098422 7186.28103683 23947.95371624
v -53304.61035350 7800.61475784 25445.98274450
v -54658.13056504 7945.52153033 24809.53553097
v -52630.95101219 8253.61322930 26617.72472510
v -52343.72191191 8041.83629918 48922.15482207
v -53183.85902309 7167.11277486 48957.49505841
v -53503.13814882 7712.78775508 48261.47680847
v -54321.25751076 8523.06959315 26196.09848809
v -53661.61135268 9123.19699685 27334.89265691
v -53922.07827826 10208.63393172 28535.16356677
v -52595.15489494 8845.94416302 47819.76926030
v -53718.62660566 8559.05948539 47228.84280210
v -52964.69880603 9408.65793805 46662.97690681
v -55004.83992387 11326.41552373 29732.89121220
v -52857.05047460 11436.14494268 42862.67208683
v -53517.33657734 10703.65269706 44045.10832029
v -52516.76465698 10210.74929647 45391.21767921
v -54181.52298505 12108.05832419 30956.92144537
v -53387.81924039 12786.99770771 32421.54811743
v -53572.63739816 13297.04558505 33916.02501851
v -54856.48455951 13286.09799381 33539.75291992
v -53166.93836353 13385.01523105 35192.41668755
v -53043.61800266 13329.84112236 36800.96064897
v -53336.09547743 13189.03418915 38334.34143113
v -53952.63803703 13034.91821303 39397.51534816
v -54354.14668164 12457.78634336 40557.60089151
v -54328.71410804 11479.09011196 42451.09537150
v -54553.07859942 13566.00614171 34893.81135137
v -54334.65709773 13594.56616119 36296.41101985
v -54175.91284553 13502.82851295 37528.54905040
v -54564.02527872 13368.00790066 38544.33341166
v -55341.53054868 -6724.73093346 30086.74089354
v -55472.79926176 -7014.17234705 31008.49312717
v -54957.87844703 -7199.97655007 31732.28002707
v -54379.07643110 -7093.65095456 32680.42466905
v -55210.43718787 -6322.86212392 33501.04076727
v -54748.24211866 -5869.06486414 27937.92629143
v -55387.61155403 -5976.97456089 28899.32017014
v -56121.78010623 -5382.08160476 34039.67725760
v -54691.06952556 -3399.09028742 22823.98246733
v -54975.78611137 -3662.72354643 23759.88855199
v -55115.60249640 -4158.92091552 25098.72659706
v -55243.93314095 -4714.77549345 26480.63039314
v -55548.82991882 -5201.43050453 27801.72447520
v -55028.28888208 -4430.75590005 35620.66804708
v -56048.66184352 -4493.05070210 34978.93165197
v -54065.86854163 -3139.34734615 46798.55211944
v -53785.12133668 -3301.93070148 48064.58845075
v -53453.97995145 -3419.34499065 49160.81230721
v -55112.99996901 -1480.33746737 20070.30582785
v -55812.20188470 -1668.21643589 21231.78456358
v -56006.12991951 -2581.06773193 23046.26989640
v -56307.35548364 -3198.79641337 24741.25305025
v -56442.51065792 -3742.58464853 26181.87116092
v -55938.66827678 -3727.53432990 35855.12954898
v -56367.89058056 -2744.47922828 36825.50855350
v -54402.26173968 -2520.32382106 41573.50666224
v -54836.00537375 -2300.13007092 42855.11135450
v -54925.01141997 -2217.20617778 44497.78634886
v -54794.21916673 -2201.92280542 46130.39013021
v -55289.25353987 -1165.82597172 46903.68276247
v -54563.91299197 -1928.59754076 47748.27916029
v -53867.50735138 -2275.34768520 49159.51155332
v -54467.49060520 1265.79175727 16771.47060399
v -55204.52172477 746.95696265 17628.45613182
v -56089.06916826 292.42514517 18987.44644898
v -55892.95852897 -791.89429513 19992.69439792
v -56062.36155016 -2048.69012258 38506.08553577
v -55689.93162468 -1862.53129106 39857.68737533
v -55892.42329482 -1597.79824475 41475.25255974
v -56106.26871958 -1062.11857075 43555.08949629
v -55116.86586760 -602.85130758 47837.81501566
v -55201.38084235 741.82244769 48172.61902026
v -54296.42154669 -450.87853110 49100.03754224
v -54417.74040854 2698.74891852 16051.66056837
v -55489.25019385 1960.01370460 17019.17132016
v -56275.58089528 1521.54899693 18047.84158191
v -54247.51048179 1707.12389451 49338.46667637
v -55249.36948472 2521.39130221 48233.27555837
v -54483.38240475 4073.39722484 15590.50871580
v -54438.94573023 4396.09704669 15389.95119680
v -54920.71726880 3654.82788940 15769.51739422
v -54167.75976488 3774.06553735 49167.61805745
v -55220.60235541 4366.74795730 48044.52553692
v -53812.35196622 4904.77518983 15319.26516713
v -54644.74294600 4540.56719557 15592.91180288
v -54355.15840358 4626.39809244 15550.33888201
v -54886.94990715 4575.06416500 16344.41393870
v -53778.15353411 4907.33799952 15836.48235379
v -55323.90651258 5337.87882722 17918.48526216
v -56332.68743150 5814.87574557 19137.49305089
v -54000.41994384 6022.76600901 48690.69916774
v -55227.76900155 5824.27721848 47618.29304555
v -55668.98401574 6424.08505601 20094.57846935
v -55714.48616908 7036.20451317 21570.39726565
v -55017.01467411 7488.56397557 23275.65782706
v -56065.07913685 8033.67347763 24237.46436146
v -55530.80218748 7596.79613610 46150.84808479
v -56290.08485173 6840.12838938 45706.84186840
v -56103.76047287 7998.10426830 45054.87123088
v -54681.46856333 7365.14872332 47274.56135284
v -55800.54839990 6371.28246382 46664.52543521
v -55994.32466455 8576.30163693 25564.47333943
v -55550.89770152 9439.92926561 27180.09566269
v -56272.67377034 10554.83914879 28612.62654605
v -54497.47285600 9139.59827664 45614.10396659
v -55952.44703321 9339.32173060 44147.91485098
v -56561.57022305 11409.42768661 29793.30061838
v -55029.29667798 10412.85181130 43763.78546735
v -56056.50477652 10268.03370403 43205.05354483
v -55625.13368126 10993.58104958 42621.25529412
v -55995.50964742 12051.61438382 30859.00720481
v -55344.91791054 12739.70531672 32175.38692610
v -56326.77054199 13130.43425488 33379.33601930
v -54851.85883416 13072.46934522 39452.26359107
v -55849.44776344 12663.89516944 39636.42703358
v -55434.51476997 13246.69528359 38749.65310555
v -55877.60957250 11701.19639269 41223.37340684
v -55850.63021245 13478.37755277 34628.52535861
v -55438.03194872 13599.99853192 35813.65923780
v -55528.74448770 13432.79498578 37379.41166766
v -56201.60797257 -6538.45962262 30848.50174656
v -56180.62744219 -6603.80956855 31811.96557660
v -55518.23529724 -6774.66531338 32584.11730426
v -56561.65591216 -5846.80174921 30146.81714293
v -56973.85107056 -5928.82644830 31278.58857609
v -57014.69636446 -5895.70275148 32186.15285332
v -57307.70275856 -5341.88564046 32815.16264564
v -56433.27453235 -6013.83569263 32966.32193287
v -56491.69267350 -4292.78928810 27410.57587381
v -57319.09553296 -4455.74759328 29141.95989652
v -57033.59355018 -5143.13261460 33514.81035924
v -56962.81330711 -4534.36437029 34238.90409986
v -56844.94394471 -1625.30755908 22411.20198244
v -57879.03339086 -1340.43677422 23453.05529035
v -57527.15346627 -2203.57632736 24526.10510509
v -57630.26734676 -2734.24844438 25928.21394897
v -57662.38629405 -3358.71436253 27435.94009965
v -57360.16792282 -3341.85445715 35137.66451715
v -57885.65645005 -2140.27162208 36206.44779534
v -56936.23128290 -759.33273808 42275.75490594
v -57070.56518814 -905.68586239 41353.44469310
v -57364.97535582 -628.73368713 41782.81509606
v -57498.84903296 -243.62297565 42145.36916493
v -55763.29830059 -868.26019221 45603.05544916
v -56634.64496843 -98.66632737 19952.19313212
v -56995.88703591 -381.13806742 20776.68705023
v -57557.94681109 -746.12782150 22034.90941659
v -57610.17359267 -1499.39923333 37646.14788471
v -57176.15405003 -978.87614340 39872.55154401
v -57241.72613465 219.13372876 43229.96965522
v -56642.95275637 307.84846871 44798.93390046
v -56254.75902741 526.30504061 46101.82738878
v -55701.17431007 -17.62496821 47007.86635426
v -55549.22421703 3128.50543556 16469.21214079
v -56620.97251230 2789.59395855 17662.13020900
v -57698.14684344 2113.67890420 19245.58121027
v -57449.23052946 649.01869910 20136.57327546
v -57245.49646111 1340.57575481 44351.25957409
v -57407.05536787 2748.97368299 44548.39789221
v -56720.06407720 1888.41933955 45742.79078333
v -55968.91030116 1451.41837419 47119.08507823
v -55194.97868421 4025.93886966 15972.01031624
v -56075.28630206 3839.40498828 16964.90887692
v -57023.05102659 3811.89349919 17883.37145180
v -57652.16147898 3397.94215634 18530.07760856
v -56796.54289308 3788.76343565 45838.95472687
v -57395.88406945 4520.09851854 44568.30301706
v -56090.69700343 3147.84336615 47062.22290071
v -56585.85755515 4763.99145422 17995.06603605
v -58153.48004135 5537.08345973 19574.34105661
v -56637.34322639 5509.56028782 45774.86216627
v -57093.72372933 6503.95093816 44478.16378020
v -56041.04722239 4856.73659652 46921.85213940
v -57198.74242382 6648.50926400 20546.59776162
v -57312.90060637 7342.98169026 21771.74237584
v -58261.05647693 7226.87462338 21346.48112959
v -56752.95808220 7706.80951576 22976.29766706
v -56959.86949788 8225.02130413 43740.72607925
v -58455.92195442 7716.01031718 22546.91423204
v -57765.11362588 8275.56378951 24460.60947670
v -57455.64540048 9087.58551051 26355.06049493
v -57125.40586594 9847.45357847 27556.91460193
v -58450.79071235 9624.94404730 27389.86059851
v -57401.99372617 9716.91890192 42075.24453436
v -58005.99960845 9221.73598651 41391.54326433
v -57632.11691988 10259.25470726 41109.52715076
v -56822.88527033 9535.78105589 43023.47655638
v -57641.46036213 8626.98093845 42445.35592553
v -57753.42453573 10307.57182237 28269.23730567
v -57858.56602926 10975.00855981 29340.71065338
v -56678.29555071 10606.95354725 42088.12923323
v -57042.65790431 11154.20732176 40911.09913796
v -57535.43661861 11735.25560895 30602.69026220
v -57202.08582928 12424.61649021 32149.77948431
v -57482.91905833 12832.93785067 33564.25644226
v -56204.94867554 13050.01386308 38453.22829523
v -56920.57636569 12464.36580502 38783.21492800
v -57016.60252167 12784.17693853 37533.04890850
v -57001.28757393 11821.96139266 39853.04176500
v -56931.35849267 13220.31071208 34410.02511608
v -56744.97345664 13225.00076996 35836.29022913
v -57600.11920967 -5008.61063487 30761.39526214
v -57632.28597755 -5145.41250807 31988.91992088
v -58141.37350582 -4233.69780877 30511.34956743
v -58316.58150523 -4157.55633836 31603.59701283
v -57898.60120528 -4196.01319581 33271.96284986
v -58414.27743057 -1502.62069616 24551.86276314
v -58694.39228840 -1692.85241940 25592.55944946
v -58877.37839000 -2140.79602859 27176.79229908
v -58846.78577193 -2775.51300208 28820.51103408
v -58888.29556918 -3221.19791071 30602.01404989
v -59041.62646640 -2972.80564245 32516.15537161
v -58731.42612946 -2709.83454430 34156.69499866
v -58559.46519729 -2206.71254040 35294.09838547
v -59168.31393607 -1876.53353355 34827.02417764
v -57640.63578766 -305.86267646 41285.17447135
v -58427.98352866 571.73767721 21431.86844809
v -59128.84677468 164.68500372 23058.94101918
v -59351.16346769 -636.64656680 24760.80960457
v -60019.36678533 -773.76010825 26770.79416421
v -59982.36170130 -1417.05226733 28623.07216887
v -59214.55385034 -933.12014174 36014.48069304
v -58629.84821819 -163.91417025 38373.06593326
v -58369.43595938 688.04638682 40403.99099862
v -59327.23895423 1385.14308874 38846.04743988
v -57898.56953597 626.21779383 42055.23698269
v -58571.32000776 1561.74620350 20579.11048369
v -59318.97106256 1656.90448776 21386.92725751
v -59548.33591844 1219.55257582 22217.06288451
v -59013.55065767 2526.63104937 40391.96986737
v -59737.48615314 3066.56097043 38935.46613825
v -58358.45676459 2077.07514083 41887.11092215
v -57777.49675374 1687.08628941 43251.62280815
v -57723.84142861 4315.56148994 18636.41469845
v -58756.70388418 4020.20938838 19576.23717765
v -59607.60099405 2881.99331425 20872.75732080
v -60026.97454225 2091.51002354 22014.28144194
v -59252.80152992 4342.46137860 40326.10309266
v -59894.54072661 4855.22143212 38874.38067695
v -58612.39138679 3842.61585096 41809.25689632
v -58002.75059656 3327.78830800 43246.04156774
v -59593.16340655 5284.99739860 20120.14890125
v -59280.05190165 6171.88945507 40114.41470479
v -59868.21876671 6648.10040126 38685.33643336
v -58641.82036276 5719.28988432 41622.59270062
v -57999.56558570 5166.19947571 43150.53815200
v -58631.59048291 6696.92421410 20633.55243252
v -59743.19933956 6371.37235662 20591.41433006
v -59224.41933152 7716.67601511 39711.28022137
v -59623.05764864 8402.47368500 38472.04702679
v -58513.55162206 7740.74871149 41194.46816170
v -57861.72111176 7026.42774973 42838.10279998
v -59435.21632183 7255.18683790 21501.74247684
v -59580.29779375 7665.99328110 22416.87690751
v -59694.36347990 7893.22786653 23597.04626268
v -59628.87558453 8510.72251147 25937.12378075
v -59573.11661277 9432.15340649 27737.49451360
v -58585.21515558 9498.27974652 39843.16122232
v -59242.60140507 9869.58827339 38173.59773806
v -58846.57070445 10224.37472377 28547.12738238
v -59047.97181511 10718.28210165 29533.39731295
v -58190.04195149 11394.69212180 38281.08047435
v -59370.78841802 10534.79470963 37153.38493343
v -59008.16274073 11392.32350521 36534.72998726
v -57756.01083137 10913.01997187 40039.11287605
v -58604.58777517 11281.02440011 30254.57181693
v -58639.75763388 11639.33002533 31447.28267689
v -57907.74957879 12698.59240553 34741.71163513
v -58657.69983300 11984.51765477 33258.67644994
v -58072.80202691 12337.24178746 36345.34535125
v -59012.66052608 11722.94868038 35080.35727937
v -59804.32458490 -1996.95585148 30030.61233349
v -59959.82771116 -1846.25817411 31670.50240884
v -59746.57534082 -1589.74354740 33762.32500586
v -60214.72712772 595.63198619 24381.59147101
v -60613.64024361 360.68188441 25761.18875272
v -61043.14957873 411.12138792 27146.75020602
v -60970.59857731 -30.73105197 28554.29473950
v -60774.87126390 -626.65294805 30511.29836421
v -60748.59286715 -516.92715481 32634.66698250
v -60521.77585402 -83.94341409 34445.65662769
v -60341.68054657 829.47521392 36046.81520860
v -61120.36674988 1371.30829068 34706.51632322
v -59617.39603653 562.23844005 37371.97815031
v -60421.03090042 1689.65122587 23355.08278607
v -61100.16691886 1606.33425414 25177.31920236
v -61374.81835356 1266.98243703 26582.28071362
v -60841.64249782 2424.93943371 36131.18161990
v -61456.56812607 2931.73712745 34728.46699939
v -60128.75342680 1928.83750399 37497.57477234
v -60184.00653681 4540.36338807 20637.74985637
v -60742.97850383 4051.97603203 21594.18186528
v -60738.16081904 3080.91929271 22473.27202799
v -61050.22539279 4146.29716579 36112.95980395
v -61581.35429325 4643.52869737 34647.26223907
v -60423.59544010 3604.71260403 37529.31614067
v -60547.91117422 5732.90814734 20780.29985478
v -61058.63498259 5975.96642578 35958.12494164
v -61532.09953431 6370.25180252 34437.29548800
v -60502.82181601 5412.13850548 37440.27969865
v -60687.50374752 6513.63774027 21035.21591380
v -60672.26135180 7693.44987333 24485.62123715
v -61245.11912756 7064.93678860 23801.30558616
v -60766.80178464 7428.70175672 23300.76598150
v -60759.56368649 7790.13514853 25419.99859639
v -61297.31150649 7122.46698447 24958.00925727
v -61022.86573453 7657.56031232 26304.74824705
v -60887.76789141 7911.36586909 35571.45890773
v -61375.72455299 7740.68674556 34062.17477414
v -60393.68787733 7279.92654332 37223.03483735
v -60361.89437112 6979.22246820 21288.91261231
v -60398.73102131 7362.81927575 22254.56886883
v -59974.04171139 9834.15765412 29157.24162932
v -60559.96713238 8638.63329750 27718.97211832
v -60512.63398007 9813.65730893 30781.13510922
v -61059.30641686 8638.30976437 29362.75860635
v -60730.00116620 9661.03144949 32499.56075160
v -61348.93667951 8498.98554191 31073.15922924
v -60768.03182312 9218.22380694 34343.97163835
v -61426.08969797 8206.90519801 32748.10747495
v -60489.99750836 9249.50442084 35676.66592462
v -60063.98010412 9158.60248550 36900.55279589
v -59526.78607449 10802.39829654 30517.57310924
v -59770.37892830 10891.20763162 32055.39801804
v -59911.16362619 10759.19493239 33840.33768693
v -59899.72603475 10391.86069488 35684.61202937
v -61710.32697005 1508.28539301 28255.18734593
v -61623.60767230 995.19937533 30178.09296759
v -61461.68793685 691.96612652 31976.25198209
v -61230.60729322 605.04310175 33430.13009940
v -61459.72827879 3280.78608460 24476.54894750
v -61840.83916092 2740.30451130 26782.12952868
v -62160.67239622 3002.61759424 28657.34375945
v -62112.72172676 2552.65350460 30080.01494094
v -61948.49930035 2163.25914257 31754.34142483
v -61643.94095154 1814.48228729 33327.24583013
v -61071.92281905 5171.82550791 21530.56989107
v -61416.98021690 4617.67716665 22919.43567567
v -61785.56985224 4937.85825974 24662.88450050
v -61980.60007666 4545.41302778 26322.83603659
v -62211.62367825 4308.47849498 28243.19284698
v -62294.83466485 4105.02856199 29997.00517371
v -62184.35211175 3765.98064529 31642.22240585
v -61906.72062152 3378.33216458 33238.43657408
v -61143.44397446 6192.45410077 21540.56513391
v -61454.28623321 5787.95743188 22393.40174928
v -61600.50646177 6090.29459388 23849.61713981
v -61735.17946135 6247.12383771 25968.01162594
v -62028.51500683 5911.35783036 27955.39148864
v -62188.42783256 5675.65242395 29784.59875124
v -62172.35501785 5401.80639381 31500.15944999
v -61967.05902271 5056.06570857 33113.73840812
v -60910.73214341 6851.76589805 21629.59905849
v -61222.97236429 6745.35756407 22600.61435340
v -61487.05115716 7421.72058157 27820.76419028
v -61789.33006695 7233.39960581 29572.80415307
v -61902.72274254 6999.51641635 31307.18925627
v -61826.60547951 6677.79134747 32917.07258000
f 3 2 1
f 1 4 3
f 7 6 5
f 9 8 5
f 5 8 7
f 11 10 9
f 9 10 8
f 13 12 11
f 11 12 10
f 12 13 2
f 13 1 2
f 13 14 1
f 4 1 15
f 15 1 14
f 5 6 16
f 16 6 17
f 5 18 9
f 5 16 18
f 9 19 11
f 9 18 19
f 11 20 13
f 11 19 20
f 13 21 14
f 13 20 21
f 15 14 22
f 22 14 21
f 16 17 23
f 23 17 24
f 16 25 18
f 16 23 25
f 18 26 19
f 18 25 26
f 19 27 20
f 19 26 27
f 20 28 21
f 20 27 28
f 22 21 29
f 29 21 28
f 23 24 30
f 30 24 31
f 23 32 25
f 23 30 32
f 25 33 26
f 25 32 33
f 26 34 27
f 26 33 34
f 27 35 28
f 27 34 35
f 29 28 36
f 36 28 35
f 30 31 37
f 37 31 38
f 30 39 32
f 30 37 39
f 41 33 40
f 33 39 40
f 33 32 39
f 33 41 34
f 34 41 42
f 34 42 35
f 35 42 43
f 35 43 36
f 37 38 44
f 44 38 45
f 37 46 39
f 37 44 46
f 40 39 47
f 47 39 46
f 45 48 44
f 44 48 46
f 46 48 49
f 46 49 47
f 51 50 3
f 3 50 2
f 53 52 4
f 52 3 4
f 52 51 3
f 55 54 53
f 53 54 52
f 55 56 54
f 58 57 7
f 7 57 6
f 59 7 8
f 59 58 7
f 60 8 10
f 60 59 8
f 61 10 12
f 61 60 10
f 12 2 50
f 12 50 61
f 15 62 53
f 15 53 4
f 53 63 55
f 53 62 63
f 56 55 64
f 55 65 64
f 55 63 65
f 65 66 64
f 57 17 6
f 67 17 57
f 22 68 62
f 22 62 15
f 62 69 63
f 62 68 69
f 71 65 70
f 65 69 70
f 65 63 69
f 65 71 66
f 67 24 17
f 72 24 67
f 29 73 68
f 29 68 22
f 68 74 69
f 68 73 74
f 70 69 75
f 69 76 75
f 69 74 76
f 78 77 76
f 76 77 75
f 78 79 77
f 72 31 24
f 80 31 72
f 36 81 73
f 36 73 29
f 73 82 74
f 73 81 82
f 84 76 83
f 76 82 83
f 76 74 82
f 76 84 78
f 78 84 85
f 78 85 79
f 88 87 86
f 80 88 86
f 38 80 86
f 31 80 38
f 40 89 41
f 90 42 41
f 90 41 89
f 42 90 91
f 92 42 91
f 43 42 92
f 36 43 81
f 43 93 81
f 43 92 93
f 81 93 82
f 82 93 94
f 82 94 83
f 87 95 86
f 38 86 95
f 96 38 95
f 45 38 96
f 98 97 89
f 40 98 89
f 47 98 40
f 89 97 90
f 90 97 99
f 90 99 91
f 96 100 45
f 45 100 48
f 48 101 49
f 100 101 48
f 47 49 98
f 98 49 101
f 104 103 102
f 106 105 102
f 102 105 104
f 106 107 105
f 110 109 108
f 50 51 108
f 51 110 108
f 51 111 110
f 52 102 103
f 111 52 103
f 51 52 111
f 102 52 54
f 102 54 106
f 113 112 56
f 56 112 54
f 112 107 54
f 107 106 54
f 113 114 112
f 116 115 58
f 58 115 57
f 117 58 59
f 117 116 58
f 118 59 60
f 118 117 59
f 61 108 109
f 118 61 109
f 60 61 118
f 108 61 50
f 64 113 56
f 120 119 66
f 66 119 64
f 119 114 64
f 114 113 64
f 122 121 120
f 120 121 119
f 124 123 122
f 122 123 121
f 126 125 124
f 124 125 123
f 126 127 125
f 115 67 57
f 128 67 115
f 70 129 71
f 120 66 71
f 129 120 71
f 130 120 129
f 120 131 122
f 120 130 131
f 122 132 124
f 122 131 132
f 134 126 133
f 126 132 133
f 126 124 132
f 126 134 127
f 128 72 67
f 135 72 128
f 75 129 70
f 129 75 77
f 129 77 130
f 130 77 79
f 136 130 79
f 131 130 136
f 131 137 132
f 131 136 137
f 133 132 138
f 138 132 137
f 135 80 72
f 139 80 135
f 83 140 84
f 141 85 84
f 141 84 140
f 136 79 85
f 141 136 85
f 142 136 141
f 136 143 137
f 136 142 143
f 138 137 144
f 144 137 143
f 146 145 88
f 88 145 87
f 88 80 139
f 88 139 146
f 149 148 147
f 151 150 147
f 151 147 148
f 92 91 150
f 151 92 150
f 152 92 151
f 152 154 153
f 93 152 153
f 92 152 93
f 155 94 93
f 155 93 153
f 140 83 94
f 155 140 94
f 156 140 155
f 140 157 141
f 140 156 157
f 141 158 142
f 141 157 158
f 142 159 143
f 142 158 159
f 144 143 160
f 160 143 159
f 145 161 87
f 87 161 95
f 96 95 161
f 96 161 162
f 149 147 97
f 98 149 97
f 163 149 98
f 97 147 99
f 99 147 150
f 99 150 91
f 154 164 153
f 153 164 155
f 155 164 165
f 155 165 156
f 156 165 166
f 156 166 157
f 157 166 167
f 157 167 158
f 158 167 168
f 158 168 159
f 159 168 169
f 159 169 160
f 162 170 96
f 96 170 100
f 100 171 101
f 170 171 100
f 98 101 163
f 163 101 171
f 174 173 172
f 176 175 172
f 172 175 174
f 176 177 175
f 180 179 178
f 180 178 173
f 178 172 173
f 178 181 172
f 183 176 182
f 176 181 182
f 176 172 181
f 176 183 177
f 185 184 104
f 104 184 103
f 186 104 105
f 186 185 104
f 105 107 186
f 186 107 187
f 179 188 178
f 178 188 181
f 181 188 189
f 181 189 182
f 191 190 110
f 110 190 109
f 192 110 111
f 192 191 110
f 111 103 184
f 111 184 192
f 193 187 107
f 193 107 112
f 112 114 193
f 193 114 194
f 197 196 195
f 199 198 195
f 195 198 197
f 201 200 199
f 199 200 198
f 201 202 200
f 204 203 116
f 116 203 115
f 205 116 117
f 205 204 116
f 206 117 118
f 206 205 117
f 118 109 190
f 118 190 206
f 207 194 114
f 207 114 119
f 208 119 121
f 208 207 119
f 123 195 196
f 208 123 196
f 121 123 208
f 195 123 125
f 195 125 199
f 199 125 127
f 209 199 127
f 201 199 209
f 202 201 210
f 210 201 209
f 203 128 115
f 211 128 203
f 133 212 134
f 209 127 134
f 212 209 134
f 213 209 212
f 210 209 214
f 214 209 213
f 211 135 128
f 215 135 211
f 138 216 212
f 138 212 133
f 218 213 217
f 213 216 217
f 213 212 216
f 213 218 214
f 215 139 135
f 219 139 215
f 144 220 216
f 144 216 138
f 217 216 221
f 221 216 220
f 222 145 146
f 223 222 146
f 139 223 146
f 219 223 139
f 225 224 148
f 225 148 149
f 148 226 151
f 224 226 148
f 151 227 152
f 226 227 151
f 229 228 154
f 152 229 154
f 227 229 152
f 231 230 228
f 231 228 229
f 232 230 231
f 160 233 220
f 160 220 144
f 221 220 234
f 234 220 233
f 222 161 145
f 236 235 162
f 236 162 161
f 223 236 161
f 222 223 161
f 238 237 235
f 238 235 236
f 238 225 237
f 225 163 237
f 225 149 163
f 228 164 154
f 164 228 165
f 165 228 230
f 232 239 230
f 239 165 230
f 239 166 165
f 166 240 167
f 239 240 166
f 240 242 241
f 168 240 241
f 167 240 168
f 243 169 168
f 243 168 241
f 243 244 169
f 169 244 160
f 244 245 160
f 245 233 160
f 233 245 234
f 235 170 162
f 170 235 171
f 171 235 237
f 171 237 163
f 242 246 241
f 241 246 243
f 243 246 247
f 243 247 244
f 250 249 248
f 252 251 248
f 248 251 250
f 254 253 252
f 252 253 251
f 254 255 253
f 258 257 256
f 260 259 256
f 256 259 258
f 259 260 249
f 260 248 249
f 260 261 248
f 248 262 252
f 248 261 262
f 252 263 254
f 252 262 263
f 255 254 264
f 264 254 263
f 256 257 265
f 265 257 266
f 256 267 260
f 256 265 267
f 260 268 261
f 260 267 268
f 261 269 262
f 261 268 269
f 271 263 270
f 263 269 270
f 263 262 269
f 263 271 264
f 265 266 174
f 266 173 174
f 266 272 173
f 265 174 175
f 265 175 267
f 267 175 177
f 273 267 177
f 268 267 273
f 268 274 269
f 268 273 274
f 270 269 275
f 275 269 274
f 277 276 180
f 180 276 179
f 180 173 272
f 180 272 277
f 182 278 183
f 273 177 183
f 278 273 183
f 279 273 278
f 273 280 274
f 273 279 280
f 275 274 281
f 281 274 280
f 283 282 185
f 185 282 184
f 284 185 186
f 284 283 185
f 186 187 284
f 284 187 285
f 288 287 286
f 286 289 188
f 276 286 188
f 179 276 188
f 286 276 288
f 290 189 188
f 290 188 289
f 278 182 189
f 290 278 189
f 291 278 290
f 278 292 279
f 278 291 292
f 294 280 293
f 280 292 293
f 280 279 292
f 280 294 281
f 297 296 295
f 299 298 295
f 295 298 297
f 190 191 299
f 191 298 299
f 191 300 298
f 301 191 192
f 301 300 191
f 192 184 282
f 192 282 301
f 302 285 187
f 302 187 193
f 304 303 194
f 303 193 194
f 303 302 193
f 306 305 304
f 304 305 303
f 196 197 306
f 197 305 306
f 197 307 305
f 198 286 287
f 307 198 287
f 197 198 307
f 286 198 200
f 286 200 289
f 289 200 202
f 308 289 202
f 290 289 308
f 290 309 291
f 290 308 309
f 291 310 292
f 291 309 310
f 293 292 311
f 311 292 310
f 312 203 204
f 296 313 295
f 313 204 295
f 204 205 295
f 204 313 312
f 295 205 206
f 295 206 299
f 299 206 190
f 207 304 194
f 304 207 208
f 304 208 306
f 306 208 196
f 210 314 308
f 210 308 202
f 308 315 309
f 308 314 315
f 317 310 316
f 310 315 316
f 310 309 315
f 310 317 311
f 319 318 312
f 318 203 312
f 318 211 203
f 319 312 313
f 214 320 314
f 214 314 210
f 322 315 321
f 315 320 321
f 315 314 320
f 315 322 316
f 318 215 211
f 323 215 318
f 217 324 218
f 324 325 218
f 218 325 214
f 325 326 214
f 326 320 214
f 320 326 321
f 323 219 215
f 327 219 323
f 330 329 328
f 332 331 328
f 332 328 329
f 334 333 331
f 334 331 332
f 336 335 333
f 336 333 334
f 337 335 336
f 221 338 324
f 221 324 217
f 325 324 339
f 339 324 338
f 341 223 340
f 223 327 340
f 223 219 327
f 343 342 341
f 343 341 340
f 342 343 330
f 342 330 328
f 225 342 328
f 224 225 328
f 224 328 226
f 226 328 331
f 226 331 227
f 227 331 333
f 227 333 229
f 229 333 335
f 337 344 335
f 344 229 335
f 344 231 229
f 346 345 232
f 231 346 232
f 344 346 231
f 347 345 346
f 234 348 338
f 234 338 221
f 339 338 349
f 349 338 348
f 341 236 223
f 236 341 238
f 238 341 342
f 238 342 225
f 345 239 232
f 347 350 345
f 350 239 345
f 350 240 239
f 242 240 350
f 242 350 351
f 353 352 245
f 353 245 244
f 234 245 348
f 245 354 348
f 245 352 354
f 348 354 349
f 351 355 242
f 242 355 246
f 246 356 247
f 355 356 246
f 244 247 353
f 353 247 356
f 359 358 357
f 361 360 357
f 357 360 359
f 361 362 360
f 365 364 363
f 365 363 358
f 363 357 358
f 363 366 357
f 366 249 250
f 361 366 250
f 357 366 361
f 367 362 361
f 250 367 361
f 251 367 250
f 368 251 253
f 368 367 251
f 253 255 368
f 368 255 369
f 363 364 258
f 364 257 258
f 364 370 257
f 363 258 259
f 363 259 366
f 366 259 249
f 264 369 255
f 264 371 369
f 374 373 372
f 370 374 372
f 266 370 372
f 257 370 266
f 270 375 271
f 375 376 271
f 376 264 271
f 376 371 264
f 372 373 377
f 377 373 378
f 377 272 266
f 377 266 372
f 275 379 375
f 275 375 270
f 376 375 380
f 380 375 379
f 383 382 381
f 381 384 383
f 387 386 385
f 387 385 378
f 378 385 377
f 385 276 377
f 276 277 377
f 377 277 272
f 281 388 379
f 281 379 275
f 380 379 389
f 389 379 388
f 392 391 390
f 392 390 382
f 382 390 381
f 390 282 381
f 282 283 381
f 393 384 381
f 283 393 381
f 284 393 283
f 395 394 285
f 394 284 285
f 394 393 284
f 395 396 394
f 385 386 288
f 386 287 288
f 386 397 287
f 385 288 276
f 293 398 294
f 388 281 294
f 398 388 294
f 399 388 398
f 389 388 400
f 400 388 399
f 402 401 297
f 297 401 296
f 403 297 298
f 403 402 297
f 404 298 300
f 404 403 298
f 301 390 391
f 404 301 391
f 300 301 404
f 390 301 282
f 302 395 285
f 405 396 395
f 302 405 395
f 303 405 302
f 406 303 305
f 406 405 303
f 407 305 307
f 407 406 305
f 307 287 397
f 307 397 407
f 409 408 398
f 293 409 398
f 311 409 293
f 398 408 399
f 399 408 410
f 399 410 400
f 401 313 296
f 411 313 401
f 316 412 317
f 412 413 317
f 413 311 317
f 413 409 311
f 414 318 319
f 415 414 319
f 313 415 319
f 411 415 313
f 321 416 322
f 412 316 322
f 416 412 322
f 417 412 416
f 413 412 418
f 418 412 417
f 420 419 414
f 419 318 414
f 419 323 318
f 420 414 415
f 423 422 421
f 425 424 421
f 425 421 422
f 426 424 425
f 325 427 326
f 416 321 326
f 427 416 326
f 428 416 427
f 416 429 417
f 416 428 429
f 418 417 430
f 430 417 429
f 432 327 431
f 327 419 431
f 327 323 419
f 434 433 432
f 434 432 431
f 329 330 433
f 434 329 433
f 435 329 434
f 421 332 423
f 332 435 423
f 332 329 435
f 332 421 334
f 334 421 424
f 426 436 424
f 436 334 424
f 436 336 334
f 438 437 337
f 336 438 337
f 436 438 336
f 439 437 438
f 339 440 427
f 339 427 325
f 427 441 428
f 427 440 441
f 443 429 442
f 429 441 442
f 429 428 441
f 429 443 430
f 432 340 327
f 340 432 343
f 343 432 433
f 343 433 330
f 437 344 337
f 439 444 437
f 444 344 437
f 444 346 344
f 347 346 444
f 347 444 445
f 349 446 440
f 349 440 339
f 448 441 447
f 441 446 447
f 441 440 446
f 441 448 442
f 445 449 347
f 347 449 350
f 451 450 351
f 350 451 351
f 449 451 350
f 453 452 450
f 453 450 451
f 454 352 353
f 455 452 453
f 456 354 352
f 456 352 454
f 456 457 354
f 354 457 349
f 457 458 349
f 458 446 349
f 446 458 447
f 450 355 351
f 355 450 356
f 356 450 452
f 452 455 356
f 455 459 356
f 454 353 356
f 454 356 459
f 454 459 456
f 456 459 460
f 456 460 457
f 463 462 461
f 461 464 463
f 467 466 465
f 358 359 465
f 359 467 465
f 359 468 467
f 360 461 462
f 468 360 462
f 359 360 468
f 470 469 362
f 362 469 360
f 469 464 360
f 464 461 360
f 472 471 470
f 470 471 469
f 472 473 471
f 465 466 365
f 466 364 365
f 466 474 364
f 465 365 358
f 367 470 362
f 470 367 368
f 470 368 472
f 368 369 472
f 369 473 472
f 369 475 473
f 478 477 476
f 474 478 476
f 370 474 476
f 364 474 370
f 371 475 369
f 371 479 475
f 476 477 374
f 477 373 374
f 477 480 373
f 476 374 370
f 376 479 371
f 376 481 479
f 484 483 482
f 486 485 482
f 482 485 484
f 480 485 486
f 378 480 486
f 373 480 378
f 380 481 376
f 380 487 481
f 489 488 383
f 383 488 382
f 383 384 489
f 489 384 490
f 482 483 491
f 491 483 492
f 491 386 387
f 486 491 387
f 482 491 486
f 486 387 378
f 389 487 380
f 389 493 487
f 496 495 494
f 498 497 494
f 494 497 496
f 391 392 498
f 392 497 498
f 392 499 497
f 392 382 488
f 392 488 499
f 500 490 384
f 500 384 393
f 501 393 394
f 501 500 393
f 394 396 501
f 501 396 502
f 491 492 503
f 503 492 504
f 503 397 386
f 503 386 491
f 400 493 389
f 400 505 493
f 507 506 402
f 402 506 401
f 403 494 495
f 507 403 495
f 402 403 507
f 494 403 404
f 494 404 498
f 498 404 391
f 508 502 396
f 508 396 405
f 509 405 406
f 509 508 405
f 407 503 504
f 509 407 504
f 406 407 509
f 503 407 397
f 409 510 408
f 511 410 408
f 511 408 510
f 511 512 410
f 512 400 410
f 512 505 400
f 506 411 401
f 513 411 506
f 413 514 510
f 413 510 409
f 510 515 511
f 510 514 515
f 512 511 516
f 516 511 515
f 513 415 411
f 517 415 513
f 418 518 514
f 418 514 413
f 520 515 519
f 515 518 519
f 515 514 518
f 515 520 516
f 521 419 420
f 415 517 522
f 521 415 522
f 523 521 522
f 420 415 521
f 525 524 523
f 525 523 522
f 422 423 524
f 525 422 524
f 526 422 525
f 422 527 425
f 526 527 422
f 529 528 426
f 425 529 426
f 527 529 425
f 531 530 528
f 531 528 529
f 532 530 531
f 534 533 518
f 418 534 518
f 430 534 418
f 518 533 519
f 521 431 419
f 431 521 434
f 434 521 523
f 434 523 435
f 435 523 524
f 435 524 423
f 528 436 426
f 436 528 438
f 438 528 530
f 439 438 530
f 532 439 530
f 535 439 532
f 442 536 443
f 536 537 443
f 537 430 443
f 537 534 430
f 535 538 439
f 439 538 444
f 445 444 538
f 445 538 539
f 447 540 448
f 536 442 448
f 540 536 448
f 541 536 540
f 537 536 542
f 542 536 541
f 539 543 445
f 445 543 449
f 449 544 451
f 543 544 449
f 451 545 453
f 544 545 451
f 547 546 455
f 453 547 455
f 545 547 453
f 549 548 546
f 549 546 547
f 458 457 548
f 549 458 548
f 550 458 549
f 447 458 540
f 458 551 540
f 458 550 551
f 540 551 541
f 541 551 552
f 541 552 542
f 546 459 455
f 459 546 460
f 460 546 548
f 460 548 457
f 555 554 553
f 557 556 553
f 553 556 555
f 462 463 557
f 463 556 557
f 463 558 556
f 463 464 558
f 558 464 559
f 562 561 560
f 564 563 560
f 560 563 562
f 564 565 563
f 553 554 467
f 554 466 467
f 554 566 466
f 553 467 468
f 553 468 557
f 557 468 462
f 567 559 464
f 567 464 469
f 568 469 471
f 568 567 469
f 471 473 568
f 568 473 569
f 560 561 570
f 570 561 571
f 560 572 564
f 560 570 572
f 565 564 573
f 573 564 572
f 576 575 574
f 566 576 574
f 474 566 574
f 466 566 474
f 475 569 473
f 475 577 569
f 571 578 570
f 570 578 572
f 572 578 579
f 572 579 573
f 574 575 478
f 575 477 478
f 575 580 477
f 574 478 474
f 479 577 475
f 479 581 577
f 584 583 582
f 580 584 582
f 480 580 582
f 477 580 480
f 481 581 479
f 481 585 581
f 587 586 484
f 484 586 483
f 485 582 583
f 587 485 583
f 484 485 587
f 582 485 480
f 487 585 481
f 487 588 585
f 590 589 489
f 489 589 488
f 489 490 590
f 590 490 591
f 586 492 483
f 592 492 586
f 493 588 487
f 493 593 588
f 596 595 594
f 495 496 594
f 496 596 594
f 496 597 596
f 598 496 497
f 598 597 496
f 599 497 499
f 599 598 497
f 499 488 589
f 499 589 599
f 600 591 490
f 600 490 500
f 601 500 501
f 601 600 500
f 603 602 502
f 602 501 502
f 602 601 501
f 605 604 603
f 603 604 602
f 592 604 605
f 504 592 605
f 492 592 504
f 505 593 493
f 505 606 593
f 594 595 507
f 595 506 507
f 595 607 506
f 594 507 495
f 508 603 502
f 603 508 509
f 603 509 605
f 605 509 504
f 512 606 505
f 512 608 606
f 607 513 506
f 609 513 607
f 516 608 512
f 516 610 608
f 609 517 513
f 611 517 609
f 614 613 612
f 616 615 612
f 616 612 613
f 618 617 615
f 618 615 616
f 619 617 618
f 519 620 520
f 620 621 520
f 621 516 520
f 621 610 516
f 611 622 517
f 517 622 522
f 612 525 614
f 525 622 614
f 525 522 622
f 525 612 526
f 526 612 615
f 526 615 527
f 527 615 617
f 619 623 617
f 623 527 617
f 623 529 527
f 529 624 531
f 623 624 529
f 532 531 624
f 532 624 625
f 627 626 533
f 627 533 534
f 519 533 620
f 533 628 620
f 533 626 628
f 620 628 621
f 630 535 629
f 535 625 629
f 535 532 625
f 631 630 629
f 537 627 534
f 537 632 627
f 630 538 535
f 539 538 630
f 631 539 630
f 633 539 631
f 542 632 537
f 542 634 632
f 633 635 539
f 539 635 543
f 543 636 544
f 635 636 543
f 544 637 545
f 636 637 544
f 545 638 547
f 637 638 545
f 638 640 639
f 549 638 639
f 547 638 549
f 641 550 549
f 641 549 639
f 550 641 642
f 643 550 642
f 551 550 643
f 551 644 552
f 643 644 551
f 542 552 634
f 634 552 644
f 640 645 639
f 639 645 641
f 641 645 646
f 641 646 642
f 649 648 647
f 651 650 647
f 647 650 649
f 653 652 651
f 651 652 650
f 655 654 653
f 653 654 652
f 655 656 654
f 647 648 555
f 648 554 555
f 648 657 554
f 647 555 556
f 647 556 651
f 651 556 558
f 651 558 653
f 653 558 559
f 658 653 559
f 655 653 658
f 656 655 659
f 659 655 658
f 662 661 660
f 561 562 660
f 562 662 660
f 562 663 662
f 664 562 563
f 664 663 562
f 666 665 565
f 665 563 565
f 665 664 563
f 666 667 665
f 670 669 668
f 657 670 668
f 566 657 668
f 554 657 566
f 567 658 559
f 671 659 658
f 567 671 658
f 568 671 567
f 673 672 569
f 672 568 569
f 672 671 568
f 672 673 661
f 673 660 661
f 673 674 660
f 674 571 561
f 674 561 660
f 573 675 666
f 573 666 565
f 667 666 676
f 676 666 675
f 668 669 576
f 669 575 576
f 669 677 575
f 668 576 566
f 679 678 673
f 569 679 673
f 577 679 569
f 681 680 678
f 680 673 678
f 680 674 673
f 682 578 571
f 674 682 571
f 680 682 674
f 683 579 578
f 683 578 682
f 675 573 579
f 683 675 579
f 684 675 683
f 676 675 685
f 685 675 684
f 677 580 575
f 686 580 677
f 581 679 577
f 581 687 679
f 681 688 680
f 690 689 688
f 689 680 688
f 689 682 680
f 682 691 683
f 682 689 691
f 693 684 692
f 684 691 692
f 684 683 691
f 684 693 685
f 696 695 694
f 583 584 694
f 584 696 694
f 584 697 696
f 584 580 686
f 584 686 697
f 585 687 581
f 585 698 687
f 690 699 689
f 689 699 691
f 691 699 700
f 691 700 692
f 694 695 587
f 695 586 587
f 695 701 586
f 694 587 583
f 588 698 585
f 588 702 698
f 705 704 703
f 589 590 703
f 590 705 703
f 590 706 705
f 708 707 591
f 707 590 591
f 707 706 590
f 708 709 707
f 712 711 710
f 701 712 710
f 592 701 710
f 586 701 592
f 593 702 588
f 593 713 702
f 714 595 596
f 714 596 715
f 596 716 715
f 596 597 716
f 717 597 598
f 717 716 597
f 599 703 704
f 717 599 704
f 598 599 717
f 703 599 589
f 600 708 591
f 718 709 708
f 600 718 708
f 601 718 600
f 719 601 602
f 719 718 601
f 604 710 711
f 719 604 711
f 602 604 719
f 710 604 592
f 606 713 593
f 606 720 713
f 722 721 714
f 721 595 714
f 721 607 595
f 722 714 715
f 608 720 606
f 608 723 720
f 721 609 607
f 724 609 721
f 610 723 608
f 610 725 723
f 727 611 726
f 611 724 726
f 611 609 724
f 613 614 727
f 726 613 727
f 728 613 726
f 613 729 616
f 728 729 613
f 616 730 618
f 729 730 616
f 732 731 619
f 618 732 619
f 730 732 618
f 733 731 732
f 621 725 610
f 621 734 725
f 727 622 611
f 622 727 614
f 731 623 619
f 733 735 731
f 735 623 731
f 735 624 623
f 625 624 735
f 625 735 736
f 627 737 626
f 738 628 626
f 738 626 737
f 738 739 628
f 739 621 628
f 739 734 621
f 629 625 740
f 625 741 740
f 625 736 741
f 740 631 629
f 743 742 737
f 627 743 737
f 632 743 627
f 737 742 738
f 738 742 744
f 738 744 739
f 741 745 740
f 633 631 740
f 746 633 740
f 745 746 740
f 633 746 747
f 749 748 747
f 749 747 746
f 750 748 749
f 753 752 751
f 755 754 751
f 755 751 752
f 755 743 754
f 743 634 754
f 743 632 634
f 747 635 633
f 635 747 636
f 636 747 748
f 750 756 748
f 756 636 748
f 756 637 636
f 637 757 638
f 756 757 637
f 759 758 640
f 638 759 640
f 757 759 638
f 761 760 758
f 761 758 759
f 760 761 753
f 760 753 751
f 642 760 751
f 643 642 751
f 643 751 644
f 644 751 754
f 644 754 634
f 758 645 640
f 645 758 646
f 646 758 760
f 646 760 642
f 764 763 762
f 766 765 762
f 762 765 764
f 768 767 766
f 766 767 765
f 768 769 767
f 771 770 649
f 649 770 648
f 650 762 763
f 771 650 763
f 649 650 771
f 762 650 652
f 762 652 766
f 766 652 654
f 766 654 768
f 773 772 656
f 656 772 654
f 772 769 654
f 769 768 654
f 773 774 772
f 777 776 775
f 779 778 775
f 775 778 777
f 779 780 778
f 783 782 781
f 770 783 781
f 657 770 781
f 648 770 657
f 659 784 773
f 659 773 656
f 774 773 785
f 773 786 785
f 773 784 786
f 661 662 786
f 662 785 786
f 662 787 785
f 663 775 776
f 787 663 776
f 662 663 787
f 775 663 664
f 775 664 779
f 788 780 779
f 664 788 779
f 665 788 664
f 790 789 667
f 789 665 667
f 789 788 665
f 790 791 789
f 781 782 670
f 782 669 670
f 782 792 669
f 781 670 657
f 671 784 659
f 784 671 672
f 784 672 786
f 786 672 661
f 676 793 790
f 676 790 667
f 791 790 794
f 794 790 793
f 792 677 669
f 795 677 792
f 679 796 678
f 796 681 678
f 798 797 793
f 676 798 793
f 685 798 676
f 793 797 794
f 801 800 799
f 803 802 799
f 799 802 801
f 795 802 803
f 686 795 803
f 677 795 686
f 805 804 796
f 679 805 796
f 687 805 679
f 804 807 806
f 804 806 688
f 796 804 688
f 681 796 688
f 806 690 688
f 692 808 693
f 808 809 693
f 809 685 693
f 809 798 685
f 812 811 810
f 812 810 800
f 800 810 799
f 810 695 799
f 695 696 799
f 799 696 697
f 799 697 803
f 803 697 686
f 698 805 687
f 698 813 805
f 807 814 806
f 806 814 690
f 814 699 690
f 814 815 699
f 699 816 700
f 815 816 699
f 692 700 808
f 700 817 808
f 700 816 817
f 808 817 809
f 810 811 818
f 818 811 819
f 818 701 695
f 818 695 810
f 702 813 698
f 702 820 813
f 822 821 705
f 705 821 704
f 823 705 706
f 823 822 705
f 824 706 707
f 824 823 706
f 826 825 709
f 825 707 709
f 825 824 707
f 828 827 826
f 826 827 825
f 827 828 819
f 819 828 818
f 828 711 818
f 711 712 818
f 818 712 701
f 713 820 702
f 713 829 820
f 830 715 716
f 830 716 831
f 716 832 831
f 716 717 832
f 717 704 821
f 717 821 832
f 718 826 709
f 826 718 719
f 826 719 828
f 828 719 711
f 720 829 713
f 720 833 829
f 834 721 722
f 715 830 722
f 830 834 722
f 830 835 834
f 830 831 836
f 830 836 835
f 723 833 720
f 723 837 833
f 838 724 834
f 834 724 721
f 839 834 835
f 838 834 839
f 835 836 840
f 841 835 840
f 839 835 841
f 843 842 841
f 843 841 840
f 844 842 843
f 725 837 723
f 725 845 837
f 838 726 724
f 726 838 728
f 728 838 839
f 728 839 729
f 729 839 841
f 729 841 730
f 730 841 842
f 844 846 842
f 846 730 842
f 846 732 730
f 733 732 846
f 733 846 847
f 734 845 725
f 734 848 845
f 847 849 733
f 733 849 735
f 736 735 849
f 736 849 850
f 739 848 734
f 739 851 848
f 850 741 736
f 852 741 850
f 855 854 853
f 857 856 853
f 857 853 854
f 742 743 856
f 857 742 856
f 858 742 857
f 742 859 744
f 858 859 742
f 739 744 851
f 851 744 859
f 852 860 741
f 741 860 745
f 745 861 746
f 860 861 745
f 746 862 749
f 861 862 746
f 864 863 750
f 749 864 750
f 862 864 749
f 866 865 863
f 866 863 864
f 868 867 865
f 868 865 866
f 870 869 867
f 870 867 868
f 869 870 855
f 869 855 853
f 753 869 853
f 752 753 853
f 752 853 755
f 755 853 856
f 755 856 743
f 863 756 750
f 756 863 757
f 757 863 865
f 757 865 759
f 759 865 867
f 759 867 761
f 761 867 869
f 761 869 753
f 873 872 871
f 871 874 873
f 877 876 875
f 763 764 875
f 764 877 875
f 764 878 877
f 879 764 765
f 879 878 764
f 880 765 767
f 880 879 765
f 767 769 880
f 880 769 881
f 884 883 882
f 886 885 882
f 882 885 884
f 885 886 872
f 886 871 872
f 886 887 871
f 874 871 888
f 888 871 887
f 875 876 771
f 876 770 771
f 876 889 770
f 875 771 763
f 890 881 769
f 890 769 772
f 892 891 774
f 891 772 774
f 891 890 772
f 894 893 892
f 892 893 891
f 776 777 894
f 777 893 894
f 777 895 893
f 896 777 778
f 896 895 777
f 897 882 780
f 882 896 780
f 896 778 780
f 882 883 896
f 882 898 886
f 882 897 898
f 886 899 887
f 886 898 899
f 888 887 900
f 900 887 899
f 902 901 783
f 783 901 782
f 783 770 889
f 783 889 902
f 785 892 774
f 892 785 787
f 892 787 894
f 894 787 776
f 788 897 780
f 897 788 789
f 897 789 898
f 898 789 791
f 903 898 791
f 899 898 903
f 900 899 904
f 904 899 903
f 901 792 782
f 905 792 901
f 794 906 903
f 794 903 791
f 904 903 907
f 907 903 906
f 905 795 792
f 908 795 905
f 798 909 797
f 906 794 797
f 909 906 797
f 910 906 909
f 907 906 911
f 911 906 910
f 913 912 801
f 801 912 800
f 914 801 802
f 914 913 801
f 802 795 908
f 802 908 914
f 805 915 804
f 915 807 804
f 809 916 909
f 809 909 798
f 918 910 917
f 910 916 917
f 910 909 916
f 910 918 911
f 921 920 919
f 919 922 921
f 924 923 812
f 812 923 811
f 812 800 912
f 812 912 924
f 926 925 915
f 805 926 915
f 813 926 805
f 915 925 807
f 925 814 807
f 925 927 814
f 814 928 815
f 927 928 814
f 928 930 929
f 816 928 929
f 815 928 816
f 931 817 816
f 931 816 929
f 916 809 817
f 931 916 817
f 932 916 931
f 917 916 933
f 933 916 932
f 919 920 934
f 934 920 935
f 922 919 936
f 919 937 936
f 919 934 937
f 939 938 937
f 937 938 936
f 923 938 939
f 819 923 939
f 811 923 819
f 820 926 813
f 820 940 926
f 930 941 929
f 929 941 931
f 931 941 942
f 931 942 932
f 932 942 943
f 932 943 933
f 944 821 822
f 944 822 945
f 822 946 945
f 822 823 946
f 824 934 935
f 946 824 935
f 823 824 946
f 934 824 825
f 934 825 937
f 937 825 827
f 937 827 939
f 939 827 819
f 829 940 820
f 829 947 940
f 948 831 832
f 949 948 832
f 949 832 821
f 950 949 821
f 944 950 821
f 950 944 945
f 833 947 829
f 833 951 947
f 953 952 948
f 952 831 948
f 952 836 831
f 953 948 949
f 837 951 833
f 837 954 951
f 952 955 836
f 836 955 840
f 840 956 843
f 955 956 840
f 958 957 844
f 843 958 844
f 956 958 843
f 959 957 958
f 845 954 837
f 845 960 954
f 957 846 844
f 847 846 957
f 959 847 957
f 961 847 959
f 848 960 845
f 848 962 960
f 961 963 847
f 847 963 849
f 850 849 963
f 850 963 964
f 851 962 848
f 851 965 962
f 964 852 850
f 966 852 964
f 969 968 967
f 971 970 967
f 971 967 968
f 854 855 970
f 971 854 970
f 972 854 971
f 854 973 857
f 972 973 854
f 857 974 858
f 973 974 857
f 858 975 859
f 974 975 858
f 851 859 965
f 965 859 975
f 966 976 852
f 852 976 860
f 860 977 861
f 976 977 860
f 861 978 862
f 977 978 861
f 862 979 864
f 978 979 862
f 864 980 866
f 979 980 864
f 967 868 969
f 868 980 969
f 868 866 980
f 868 967 870
f 870 967 970
f 870 970 855
f 983 982 981
f 985 984 981
f 981 984 983
f 985 986 984
f 989 988 987
f 991 990 987
f 987 990 989
f 990 991 982
f 991 981 982
f 991 992 981
f 981 993 985
f 981 992 993
f 986 985 994
f 994 985 993
f 997 996 995
f 997 995 988
f 995 987 988
f 995 998 987
f 998 872 873
f 991 998 873
f 987 998 991
f 991 873 874
f 999 991 874
f 992 991 999
f 992 1000 993
f 992 999 1000
f 994 993 1001
f 1001 993 1000
f 1003 1002 877
f 877 1002 876
f 1004 877 878
f 1004 1003 877
f 1005 878 879
f 1005 1004 878
f 1006 879 880
f 1006 1005 879
f 880 881 1006
f 1006 881 1007
f 1010 1009 1008
f 1012 1011 1008
f 1008 1011 1010
f 1011 1012 996
f 996 1012 995
f 1012 883 995
f 883 884 995
f 995 884 885
f 995 885 998
f 998 885 872
f 888 1013 999
f 888 999 874
f 999 1014 1000
f 999 1013 1014
f 1001 1000 1015
f 1015 1000 1014
f 1002 889 876
f 1016 889 1002
f 1017 1007 881
f 1017 881 890
f 1018 890 891
f 1018 1017 890
f 1019 891 893
f 1019 1018 891
f 895 1008 1009
f 1019 895 1009
f 893 895 1019
f 1008 895 896
f 1008 896 1012
f 1012 896 883
f 900 1020 1013
f 900 1013 888
f 1022 1014 1021
f 1014 1020 1021
f 1014 1013 1020
f 1014 1022 1015
f 1025 1024 1023
f 901 902 1023
f 902 1025 1023
f 902 1026 1025
f 902 889 1016
f 902 1016 1026
f 904 1027 1020
f 904 1020 900
f 1021 1020 1028
f 1028 1020 1027
f 1023 1024 1029
f 1029 1024 1030
f 1029 905 901
f 1029 901 1023
f 907 1031 1027
f 907 1027 904
f 1028 1027 1032
f 1032 1027 1031
f 1035 1034 1033
f 1035 1033 1030
f 1033 1029 1030
f 1033 1036 1029
f 1036 908 905
f 1036 905 1029
f 1038 1037 1031
f 907 1038 1031
f 911 1038 907
f 1031 1037 1032
f 1041 1040 1039
f 1043 1042 1039
f 1039 1042 1041
f 1045 1044 1043
f 1043 1044 1042
f 1044 1045 1034
f 1034 1045 1033
f 1045 912 1033
f 912 913 1033
f 1033 913 914
f 1033 914 1036
f 1036 914 908
f 917 1046 918
f 1046 1047 918
f 1047 911 918
f 1047 1038 911
f 1048 920 921
f 1049 1048 1040
f 921 1040 1048
f 1040 921 1039
f 922 1039 921
f 1039 922 1050
f 1039 1051 1043
f 1039 1050 1051
f 1051 923 924
f 1045 1051 924
f 1043 1051 1045
f 1045 924 912
f 1053 1052 925
f 1053 925 926
f 925 1054 927
f 1052 1054 925
f 927 1055 928
f 1054 1055 927
f 930 928 1055
f 930 1055 1056
f 1058 1057 1046
f 917 1058 1046
f 933 1058 917
f 1046 1057 1047
f 1059 935 1048
f 1048 935 920
f 1050 922 936
f 1049 1060 1048
f 1061 1048 1060
f 1048 1061 1059
f 938 1062 936
f 938 1061 1062
f 1061 938 1063
f 1051 1063 938
f 1063 1051 1060
f 1062 1060 1051
f 1051 1050 1062
f 1062 1050 936
f 1061 1060 1062
f 1051 938 923
f 940 1053 926
f 940 1064 1053
f 1056 1065 930
f 930 1065 941
f 941 1066 942
f 1065 1066 941
f 942 1067 943
f 1066 1067 942
f 933 943 1058
f 1058 943 1067
f 1068 945 946
f 935 1059 946
f 1059 1068 946
f 1059 1069 1068
f 1070 1059 1061
f 1069 1059 1070
f 1061 1063 1071
f 1061 1071 1070
f 947 1064 940
f 947 1072 1064
f 1073 949 950
f 945 1068 950
f 1068 1073 950
f 1068 1074 1073
f 1069 1076 1075
f 1074 1069 1075
f 1068 1069 1074
f 1076 1069 1070
f 1076 1070 1077
f 1077 1070 1071
f 951 1072 947
f 951 1078 1072
f 1079 952 953
f 1080 1079 953
f 1080 953 949
f 1081 1080 949
f 1073 1081 949
f 1081 1073 1074
f 1081 1074 1082
f 1082 1074 1075
f 954 1078 951
f 954 1083 1078
f 1079 955 952
f 1080 1084 1079
f 1084 955 1079
f 1084 956 955
f 1084 1086 1085
f 958 1084 1085
f 956 1084 958
f 1085 959 958
f 960 1083 954
f 960 1087 1083
f 1086 1088 1085
f 959 1085 1088
f 1089 959 1088
f 961 959 1089
f 962 1087 960
f 962 1090 1087
f 1089 1091 961
f 961 1091 963
f 964 963 1091
f 964 1091 1092
f 1095 1094 1093
f 1096 1093 1094
f 965 1090 962
f 965 1097 1090
f 1099 966 1098
f 966 1092 1098
f 966 964 1092
f 1101 1100 1099
f 1101 1099 1098
f 1103 1102 1100
f 1103 1100 1101
f 1105 1104 1102
f 1105 1102 1103
f 1107 1106 1104
f 1107 1104 1105
f 1106 1107 1095
f 1106 1095 1093
f 969 1106 1093
f 968 969 1093
f 1096 1108 1093
f 1108 968 1093
f 1108 971 968
f 971 1109 972
f 1108 1109 971
f 972 1110 973
f 1109 1110 972
f 973 1111 974
f 1110 1111 973
f 974 1112 975
f 1111 1112 974
f 965 975 1097
f 1097 975 1112
f 1099 976 966
f 976 1099 977
f 977 1099 1100
f 977 1100 978
f 978 1100 1102
f 978 1102 979
f 979 1102 1104
f 979 1104 980
f 980 1104 1106
f 980 1106 969
f 1115 1114 1113
f 1113 1116 1115
f 1119 1118 1117
f 1121 1120 1117
f 1117 1120 1119
f 1123 1122 1121
f 1121 1122 1120
f 982 983 1123
f 983 1122 1123
f 983 1124 1122
f 984 1113 1114
f 1124 984 1114
f 983 984 1124
f 984 986 1113
f 986 1116 1113
f 986 1125 1116
f 1128 1127 1126
f 1128 1126 1118
f 1126 1117 1118
f 1126 1129 1117
f 1129 988 989
f 1121 1129 989
f 1117 1129 1121
f 1121 989 990
f 1121 990 1123
f 1123 990 982
f 994 1125 986
f 994 1130 1125
f 1133 1132 1131
f 1133 1131 1127
f 1131 1126 1127
f 1131 1134 1126
f 1134 996 997
f 1129 1134 997
f 1126 1134 1129
f 1129 997 988
f 1001 1130 994
f 1001 1135 1130
f 1137 1136 1003
f 1003 1136 1002
f 1138 1003 1004
f 1138 1137 1003
f 1139 1004 1005
f 1139 1138 1004
f 1140 1005 1006
f 1140 1139 1005
f 1142 1141 1007
f 1141 1006 1007
f 1141 1140 1006
f 1144 1143 1142
f 1142 1143 1141
f 1146 1145 1144
f 1144 1145 1143
f 1145 1146 1132
f 1132 1146 1131
f 1146 1009 1131
f 1009 1010 1131
f 1131 1010 1011
f 1131 1011 1134
f 1134 1011 996
f 1015 1135 1001
f 1015 1147 1135
f 1150 1149 1148
f 1136 1150 1148
f 1016 1136 1148
f 1002 1136 1016
f 1017 1142 1007
f 1142 1017 1018
f 1142 1018 1144
f 1144 1018 1019
f 1144 1019 1146
f 1146 1019 1009
f 1021 1151 1022
f 1151 1152 1022
f 1152 1015 1022
f 1152 1147 1015
f 1155 1154 1153
f 1024 1025 1153
f 1025 1155 1153
f 1025 1156 1155
f 1026 1148 1149
f 1156 1026 1149
f 1025 1026 1156
f 1148 1026 1016
f 1028 1157 1151
f 1028 1151 1021
f 1152 1151 1158
f 1158 1151 1157
f 1153 1154 1159
f 1159 1154 1160
f 1159 1030 1024
f 1159 1024 1153
f 1032 1161 1157
f 1032 1157 1028
f 1158 1157 1162
f 1162 1157 1161
f 1159 1160 1035
f 1160 1034 1035
f 1160 1163 1034
f 1159 1035 1030
f 1038 1164 1037
f 1164 1165 1037
f 1037 1165 1032
f 1165 1166 1032
f 1166 1161 1032
f 1161 1166 1162
f 1167 1040 1041
f 1042 1168 1041
f 1041 1168 1167
f 1044 1169 1042
f 1042 1169 1168
f 1170 1169 1044
f 1034 1170 1044
f 1163 1170 1034
f 1172 1171 1164
f 1038 1172 1164
f 1047 1172 1038
f 1164 1171 1165
f 1173 1049 1167
f 1167 1049 1040
f 1168 1175 1174
f 1173 1168 1174
f 1167 1168 1173
f 1175 1168 1169
f 1175 1169 1176
f 1176 1169 1170
f 1178 1177 1052
f 1178 1052 1053
f 1052 1179 1054
f 1177 1179 1052
f 1054 1180 1055
f 1179 1180 1054
f 1182 1181 1056
f 1055 1182 1056
f 1180 1182 1055
f 1183 1181 1182
f 1185 1184 1057
f 1185 1057 1058
f 1047 1057 1172
f 1172 1057 1184
f 1173 1060 1049
f 1187 1186 1063
f 1187 1063 1060
f 1174 1187 1060
f 1173 1174 1060
f 1188 1186 1187
f 1064 1178 1053
f 1064 1189 1178
f 1181 1065 1056
f 1183 1190 1181
f 1190 1065 1181
f 1190 1066 1065
f 1066 1191 1067
f 1190 1191 1066
f 1058 1067 1185
f 1185 1067 1191
f 1192 1071 1186
f 1186 1071 1063
f 1186 1188 1193
f 1186 1193 1192
f 1072 1189 1064
f 1072 1194 1189
f 1195 1075 1076
f 1077 1196 1076
f 1076 1196 1195
f 1197 1196 1077
f 1197 1077 1071
f 1198 1197 1071
f 1192 1198 1071
f 1198 1192 1193
f 1078 1194 1072
f 1078 1199 1194
f 1201 1200 1081
f 1081 1200 1080
f 1202 1081 1082
f 1202 1201 1081
f 1082 1075 1195
f 1203 1082 1195
f 1202 1082 1203
f 1203 1195 1196
f 1203 1196 1204
f 1204 1196 1197
f 1083 1199 1078
f 1083 1205 1199
f 1200 1206 1080
f 1080 1206 1084
f 1208 1207 1086
f 1084 1208 1086
f 1206 1208 1084
f 1209 1207 1208
f 1087 1205 1083
f 1087 1210 1205
f 1207 1088 1086
f 1089 1088 1207
f 1209 1089 1207
f 1211 1089 1209
f 1214 1213 1212
f 1216 1215 1212
f 1216 1212 1213
f 1217 1215 1216
f 1090 1210 1087
f 1090 1218 1210
f 1211 1219 1089
f 1089 1219 1091
f 1092 1091 1219
f 1092 1219 1220
f 1214 1212 1221
f 1214 1221 1222
f 1095 1221 1094
f 1221 1215 1094
f 1221 1212 1215
f 1096 1094 1215
f 1217 1096 1215
f 1223 1096 1217
f 1097 1218 1090
f 1097 1224 1218
f 1220 1225 1092
f 1092 1225 1098
f 1098 1226 1101
f 1225 1226 1098
f 1101 1227 1103
f 1226 1227 1101
f 1103 1228 1105
f 1227 1228 1103
f 1221 1107 1222
f 1107 1228 1222
f 1107 1105 1228
f 1107 1221 1095
f 1223 1229 1096
f 1096 1229 1108
f 1108 1230 1109
f 1229 1230 1108
f 1109 1231 1110
f 1230 1231 1109
f 1110 1232 1111
f 1231 1232 1110
f 1111 1233 1112
f 1232 1233 1111
f 1097 1112 1224
f 1224 1112 1233
f 1236 1235 1234
f 1234 1237 1236
f 1240 1239 1238
f 1242 1241 1238
f 1238 1241 1240
f 1244 1243 1242
f 1242 1243 1241
f 1243 1244 1235
f 1235 1244 1234
f 1244 1114 1234
f 1114 1115 1234
f 1115 1116 1234
f 1116 1237 1234
f 1116 1245 1237
f 1248 1247 1246
f 1250 1249 1246
f 1246 1249 1248
f 1118 1119 1250
f 1119 1249 1250
f 1119 1251 1249
f 1120 1238 1239
f 1251 1120 1239
f 1119 1120 1251
f 1238 1120 1122
f 1238 1122 1242
f 1242 1122 1124
f 1242 1124 1244
f 1244 1124 1114
f 1125 1245 1116
f 1125 1252 1245
f 1246 1247 1253
f 1253 1247 1254
f 1253 1127 1128
f 1250 1253 1128
f 1246 1253 1250
f 1250 1128 1118
f 1130 1252 1125
f 1130 1255 1252
f 1258 1257 1256
f 1258 1256 1254
f 1254 1256 1253
f 1256 1132 1253
f 1132 1133 1253
f 1253 1133 1127
f 1135 1255 1130
f 1135 1259 1255
f 1262 1261 1260
f 1136 1137 1260
f 1137 1262 1260
f 1137 1263 1262
f 1264 1137 1138
f 1264 1263 1137
f 1265 1138 1139
f 1265 1264 1138
f 1266 1139 1140
f 1266 1265 1139
f 1267 1140 1141
f 1267 1266 1140
f 1268 1141 1143
f 1268 1267 1141
f 1145 1256 1257
f 1268 1145 1257
f 1143 1145 1268
f 1256 1145 1132
f 1147 1259 1135
f 1147 1269 1259
f 1272 1271 1270
f 1274 1273 1270
f 1270 1273 1272
f 1273 1274 1261
f 1261 1274 1260
f 1274 1149 1260
f 1149 1150 1260
f 1260 1150 1136
f 1152 1269 1147
f 1152 1275 1269
f 1270 1271 1155
f 1271 1154 1155
f 1271 1276 1154
f 1270 1155 1156
f 1270 1156 1274
f 1274 1156 1149
f 1158 1275 1152
f 1158 1277 1275
f 1276 1160 1154
f 1278 1160 1276
f 1162 1277 1158
f 1162 1279 1277
f 1278 1163 1160
f 1280 1163 1278
f 1165 1281 1166
f 1281 1282 1166
f 1282 1162 1166
f 1282 1279 1162
f 1280 1170 1163
f 1283 1170 1280
f 1286 1285 1284
f 1287 1284 1285
f 1172 1288 1171
f 1288 1289 1171
f 1171 1289 1165
f 1289 1290 1165
f 1290 1281 1165
f 1281 1290 1282
f 1291 1174 1175
f 1291 1175 1292
f 1175 1293 1292
f 1175 1176 1293
f 1176 1170 1283
f 1176 1283 1293
f 1295 1294 1177
f 1295 1177 1178
f 1284 1179 1286
f 1179 1294 1286
f 1179 1177 1294
f 1287 1296 1284
f 1296 1179 1284
f 1296 1180 1179
f 1180 1297 1182
f 1296 1297 1180
f 1183 1182 1297
f 1183 1297 1298
f 1185 1299 1184
f 1299 1300 1184
f 1184 1300 1172
f 1300 1301 1172
f 1301 1288 1172
f 1288 1301 1289
f 1291 1187 1174
f 1188 1187 1291
f 1292 1188 1291
f 1302 1188 1292
f 1189 1295 1178
f 1189 1303 1295
f 1298 1304 1183
f 1183 1304 1190
f 1190 1305 1191
f 1304 1305 1190
f 1185 1191 1299
f 1191 1306 1299
f 1191 1305 1306
f 1299 1306 1300
f 1302 1193 1188
f 1307 1193 1302
f 1194 1303 1189
f 1194 1308 1303
f 1310 1309 1198
f 1198 1309 1197
f 1198 1193 1307
f 1198 1307 1310
f 1199 1308 1194
f 1199 1311 1308
f 1312 1200 1201
f 1202 1313 1201
f 1201 1313 1312
f 1313 1202 1314
f 1202 1315 1314
f 1202 1203 1315
f 1316 1203 1204
f 1316 1315 1203
f 1204 1197 1309
f 1204 1309 1316
f 1205 1311 1199
f 1205 1317 1311
f 1312 1206 1200
f 1206 1312 1208
f 1208 1312 1313
f 1209 1208 1313
f 1314 1209 1313
f 1318 1209 1314
f 1321 1320 1319
f 1322 1319 1320
f 1210 1317 1205
f 1210 1323 1317
f 1318 1211 1209
f 1324 1211 1318
f 1327 1326 1325
f 1213 1214 1325
f 1326 1213 1325
f 1328 1213 1326
f 1319 1216 1321
f 1216 1328 1321
f 1216 1213 1328
f 1217 1216 1319
f 1322 1217 1319
f 1329 1217 1322
f 1218 1323 1210
f 1218 1330 1323
f 1324 1331 1211
f 1211 1331 1219
f 1333 1332 1220
f 1219 1333 1220
f 1331 1333 1219
f 1335 1334 1332
f 1335 1332 1333
f 1337 1336 1334
f 1337 1334 1335
f 1336 1337 1327
f 1325 1336 1327
f 1338 1336 1325
f 1222 1338 1214
f 1214 1338 1325
f 1329 1223 1217
f 1339 1223 1329
f 1342 1341 1340
f 1344 1343 1340
f 1344 1340 1341
f 1344 1330 1343
f 1330 1224 1343
f 1330 1218 1224
f 1332 1225 1220
f 1225 1332 1226
f 1226 1332 1334
f 1226 1334 1227
f 1227 1334 1336
f 1227 1336 1228
f 1228 1336 1338
f 1228 1338 1222
f 1339 1345 1223
f 1223 1345 1229
f 1229 1346 1230
f 1345 1346 1229
f 1230 1347 1231
f 1346 1347 1230
f 1340 1232 1342
f 1232 1347 1342
f 1232 1231 1347
f 1232 1340 1233
f 1233 1340 1343
f 1233 1343 1224
f 1350 1349 1348
f 1235 1236 1348
f 1236 1350 1348
f 1236 1351 1350
f 1353 1352 1237
f 1352 1236 1237
f 1352 1351 1236
f 1353 1354 1352
f 1357 1356 1355
f 1359 1358 1355
f 1355 1358 1357
f 1361 1360 1359
f 1359 1360 1358
f 1239 1240 1361
f 1240 1360 1361
f 1240 1362 1360
f 1363 1240 1241
f 1363 1362 1240
f 1243 1348 1349
f 1363 1243 1349
f 1241 1243 1363
f 1348 1243 1235
f 1245 1364 1353
f 1245 1353 1237
f 1354 1353 1365
f 1365 1353 1364
f 1368 1367 1366
f 1368 1366 1356
f 1356 1366 1355
f 1366 1247 1355
f 1247 1248 1355
f 1355 1248 1249
f 1355 1249 1359
f 1359 1249 1251
f 1359 1251 1361
f 1361 1251 1239
f 1252 1369 1364
f 1252 1364 1245
f 1365 1364 1370
f 1370 1364 1369
f 1366 1367 1371
f 1371 1367 1372
f 1371 1254 1247
f 1371 1247 1366
f 1255 1373 1369
f 1255 1369 1252
f 1370 1369 1374
f 1374 1369 1373
f 1377 1376 1375
f 1379 1378 1375
f 1375 1378 1377
f 1379 1380 1378
f 1383 1382 1381
f 1383 1381 1372
f 1372 1381 1371
f 1381 1257 1371
f 1257 1258 1371
f 1371 1258 1254
f 1259 1384 1373
f 1259 1373 1255
f 1374 1373 1385
f 1385 1373 1384
f 1375 1376 1262
f 1376 1261 1262
f 1376 1386 1261
f 1375 1262 1263
f 1375 1263 1379
f 1387 1380 1379
f 1263 1387 1379
f 1264 1387 1263
f 1388 1264 1265
f 1388 1387 1264
f 1389 1265 1266
f 1389 1388 1265
f 1390 1266 1267
f 1390 1389 1266
f 1268 1381 1382
f 1390 1268 1382
f 1267 1268 1390
f 1381 1268 1257
f 1269 1391 1384
f 1269 1384 1259
f 1385 1384 1392
f 1392 1384 1391
f 1394 1393 1272
f 1272 1393 1271
f 1395 1272 1273
f 1395 1394 1272
f 1273 1261 1386
f 1273 1386 1395
f 1275 1396 1391
f 1275 1391 1269
f 1392 1391 1397
f 1397 1391 1396
f 1393 1276 1271
f 1398 1276 1393
f 1401 1400 1399
f 1402 1399 1400
f 1404 1403 1396
f 1275 1404 1396
f 1277 1404 1275
f 1396 1403 1397
f 1406 1278 1405
f 1278 1398 1405
f 1278 1276 1398
f 1408 1407 1406
f 1408 1406 1405
f 1410 1409 1407
f 1410 1407 1408
f 1409 1410 1401
f 1399 1409 1401
f 1411 1409 1399
f 1399 1402 1412
f 1399 1412 1411
f 1279 1404 1277
f 1279 1413 1404
f 1414 1280 1406
f 1406 1280 1278
f 1415 1406 1407
f 1414 1406 1415
f 1416 1407 1409
f 1415 1407 1416
f 1417 1409 1411
f 1416 1409 1417
f 1411 1412 1418
f 1411 1418 1417
f 1282 1413 1279
f 1282 1419 1413
f 1420 1283 1414
f 1414 1283 1280
f 1421 1414 1415
f 1420 1414 1421
f 1422 1415 1416
f 1421 1415 1422
f 1423 1416 1417
f 1422 1416 1423
f 1417 1418 1424
f 1417 1424 1423
f 1426 1425 1285
f 1426 1285 1286
f 1428 1427 1287
f 1285 1428 1287
f 1425 1428 1285
f 1429 1427 1428
f 1431 1430 1290
f 1431 1290 1289
f 1282 1290 1419
f 1419 1290 1430
f 1432 1292 1293
f 1283 1420 1293
f 1420 1432 1293
f 1420 1433 1432
f 1434 1420 1421
f 1433 1420 1434
f 1435 1421 1422
f 1434 1421 1435
f 1436 1422 1423
f 1435 1422 1436
f 1423 1424 1437
f 1423 1437 1436
f 1439 1438 1294
f 1439 1294 1295
f 1286 1294 1426
f 1426 1294 1438
f 1427 1296 1287
f 1429 1440 1427
f 1440 1296 1427
f 1440 1297 1296
f 1442 1441 1298
f 1297 1442 1298
f 1440 1442 1297
f 1443 1441 1442
f 1445 1444 1301
f 1445 1301 1300
f 1289 1301 1431
f 1431 1301 1444
f 1446 1302 1432
f 1432 1302 1292
f 1447 1432 1433
f 1446 1432 1447
f 1434 1449 1448
f 1447 1434 1448
f 1433 1434 1447
f 1449 1434 1435
f 1449 1435 1450
f 1450 1435 1436
f 1450 1436 1451
f 1451 1436 1437
f 1303 1439 1295
f 1303 1452 1439
f 1441 1304 1298
f 1443 1453 1441
f 1453 1304 1441
f 1453 1305 1304
f 1305 1454 1306
f 1453 1454 1305
f 1300 1306 1445
f 1445 1306 1454
f 1456 1455 1446
f 1455 1302 1446
f 1455 1307 1302
f 1456 1446 1447
f 1456 1447 1457
f 1457 1447 1448
f 1308 1452 1303
f 1308 1458 1452
f 1460 1459 1310
f 1310 1459 1309
f 1310 1307 1455
f 1310 1455 1460
f 1311 1458 1308
f 1311 1461 1458
f 1463 1462 1315
f 1315 1462 1314
f 1464 1315 1316
f 1464 1463 1315
f 1316 1309 1459
f 1316 1459 1464
f 1317 1461 1311
f 1317 1465 1461
f 1462 1318 1314
f 1466 1318 1462
f 1469 1468 1467
f 1471 1470 1467
f 1471 1467 1468
f 1320 1321 1470
f 1471 1320 1470
f 1472 1320 1471
f 1322 1320 1472
f 1322 1472 1473
f 1323 1465 1317
f 1323 1474 1465
f 1476 1324 1475
f 1324 1466 1475
f 1324 1318 1466
f 1478 1477 1476
f 1478 1476 1475
f 1480 1479 1477
f 1480 1477 1478
f 1482 1481 1479
f 1482 1479 1480
f 1481 1482 1469
f 1481 1469 1467
f 1327 1481 1467
f 1326 1327 1467
f 1326 1467 1328
f 1328 1467 1470
f 1328 1470 1321
f 1473 1329 1322
f 1483 1329 1473
f 1330 1474 1323
f 1330 1484 1474
f 1476 1331 1324
f 1331 1476 1333
f 1333 1476 1477
f 1333 1477 1335
f 1335 1477 1479
f 1335 1479 1337
f 1337 1479 1481
f 1337 1481 1327
f 1486 1339 1485
f 1339 1483 1485
f 1339 1329 1483
f 1488 1487 1486
f 1488 1486 1485
f 1490 1489 1487
f 1490 1487 1488
f 1341 1342 1489
f 1490 1341 1489
f 1491 1341 1490
f 1341 1492 1344
f 1491 1492 1341
f 1330 1344 1484
f 1484 1344 1492
f 1486 1345 1339
f 1345 1486 1346
f 1346 1486 1487
f 1346 1487 1347
f 1347 1487 1489
f 1347 1489 1342
f 1495 1494 1493
f 1497 1496 1493
f 1493 1496 1495
f 1349 1350 1497
f 1350 1496 1497
f 1350 1498 1496
f 1499 1350 1351
f 1499 1498 1350
f 1500 1351 1352
f 1500 1499 1351
f 1352 1354 1500
f 1500 1354 1501
f 1503 1502 1357
f 1357 1502 1356
f 1504 1357 1358
f 1504 1503 1357
f 1505 1358 1360
f 1505 1504 1358
f 1362 1493 1494
f 1505 1362 1494
f 1360 1362 1505
f 1493 1362 1363
f 1493 1363 1497
f 1497 1363 1349
f 1365 1507 1506
f 1501 1365 1506
f 1354 1365 1501
f 1507 1508 1506
f 1511 1510 1509
f 1513 1512 1509
f 1509 1512 1511
f 1367 1368 1513
f 1368 1512 1513
f 1368 1514 1512
f 1368 1356 1502
f 1368 1502 1514
f 1370 1515 1507
f 1370 1507 1365
f 1508 1507 1516
f 1516 1507 1515
f 1510 1517 1509
f 1519 1518 1517
f 1518 1509 1517
f 1518 1513 1509
f 1518 1372 1367
f 1518 1367 1513
f 1374 1520 1515
f 1374 1515 1370
f 1516 1515 1521
f 1521 1515 1520
f 1523 1522 1377
f 1377 1522 1376
f 1524 1377 1378
f 1524 1523 1377
f 1526 1525 1380
f 1525 1378 1380
f 1525 1524 1378
f 1526 1527 1525
f 1530 1529 1528
f 1530 1528 1519
f 1519 1528 1518
f 1528 1382 1518
f 1382 1383 1518
f 1518 1383 1372
f 1385 1531 1520
f 1385 1520 1374
f 1521 1520 1532
f 1532 1520 1531
f 1535 1534 1533
f 1522 1535 1533
f 1386 1522 1533
f 1376 1522 1386
f 1387 1526 1380
f 1536 1527 1526
f 1387 1536 1526
f 1388 1536 1387
f 1537 1388 1389
f 1537 1536 1388
f 1390 1528 1529
f 1537 1390 1529
f 1389 1390 1537
f 1528 1390 1382
f 1539 1538 1531
f 1385 1539 1531
f 1392 1539 1385
f 1531 1538 1532
f 1540 1393 1394
f 1534 1541 1533
f 1541 1394 1533
f 1394 1395 1533
f 1394 1541 1540
f 1533 1395 1386
f 1397 1539 1392
f 1397 1542 1539
f 1543 1398 1540
f 1540 1398 1393
f 1540 1541 1544
f 1545 1540 1544
f 1543 1540 1545
f 1547 1546 1545
f 1547 1545 1544
f 1400 1401 1546
f 1547 1400 1546
f 1548 1400 1547
f 1402 1400 1548
f 1402 1548 1549
f 1551 1550 1403
f 1551 1403 1404
f 1397 1403 1542
f 1542 1403 1550
f 1543 1405 1398
f 1405 1543 1408
f 1408 1543 1545
f 1408 1545 1410
f 1410 1545 1546
f 1410 1546 1401
f 1549 1412 1402
f 1552 1412 1549
f 1413 1551 1404
f 1413 1553 1551
f 1552 1418 1412
f 1554 1418 1552
f 1419 1553 1413
f 1419 1555 1553
f 1554 1424 1418
f 1556 1424 1554
f 1559 1558 1557
f 1560 1425 1426
f 1561 1557 1558
f 1562 1428 1425
f 1562 1425 1560
f 1429 1428 1562
f 1565 1564 1563
f 1566 1565 1563
f 1568 1567 1430
f 1568 1430 1431
f 1419 1430 1555
f 1555 1430 1567
f 1556 1437 1424
f 1569 1437 1556
f 1559 1557 1438
f 1439 1559 1438
f 1570 1559 1439
f 1557 1561 1438
f 1561 1571 1438
f 1560 1426 1438
f 1560 1438 1571
f 1560 1571 1562
f 1562 1571 1572
f 1564 1565 1572
f 1565 1440 1572
f 1429 1562 1572
f 1429 1572 1440
f 1566 1573 1565
f 1573 1440 1565
f 1573 1442 1440
f 1575 1574 1443
f 1442 1575 1443
f 1573 1575 1442
f 1577 1576 1574
f 1577 1574 1575
f 1444 1445 1576
f 1577 1444 1576
f 1578 1444 1577
f 1431 1444 1568
f 1568 1444 1578
f 1580 1579 1449
f 1449 1579 1448
f 1581 1449 1450
f 1581 1580 1449
f 1583 1581 1582
f 1581 1451 1582
f 1581 1450 1451
f 1584 1582 1451
f 1437 1584 1451
f 1569 1584 1437
f 1452 1570 1439
f 1452 1585 1570
f 1574 1453 1443
f 1453 1574 1454
f 1454 1574 1576
f 1454 1576 1445
f 1587 1586 1456
f 1456 1586 1455
f 1588 1456 1457
f 1588 1587 1456
f 1457 1448 1579
f 1457 1579 1588
f 1589 1583 1582
f 1592 1591 1590
f 1584 1589 1582
f 1593 1591 1592
f 1458 1585 1452
f 1458 1594 1585
f 1596 1595 1460
f 1460 1595 1459
f 1460 1455 1586
f 1460 1586 1596
f 1590 1591 1597
f 1590 1597 1598
f 1591 1593 1599
f 1591 1599 1597
f 1461 1594 1458
f 1461 1600 1594
f 1602 1601 1463
f 1463 1601 1462
f 1603 1463 1464
f 1603 1602 1463
f 1464 1459 1595
f 1464 1595 1603
f 1606 1605 1604
f 1608 1607 1604
f 1608 1604 1605
f 1610 1609 1607
f 1610 1607 1608
f 1609 1610 1598
f 1597 1609 1598
f 1611 1609 1597
f 1597 1599 1612
f 1597 1612 1611
f 1465 1600 1461
f 1465 1613 1600
f 1615 1466 1614
f 1466 1601 1614
f 1466 1462 1601
f 1616 1615 1614
f 1619 1618 1617
f 1468 1469 1617
f 1618 1468 1617
f 1620 1468 1618
f 1604 1471 1606
f 1471 1620 1606
f 1471 1468 1620
f 1471 1604 1472
f 1472 1604 1607
f 1472 1607 1473
f 1607 1621 1473
f 1607 1609 1621
f 1622 1609 1611
f 1621 1609 1622
f 1611 1612 1623
f 1611 1623 1622
f 1474 1613 1465
f 1474 1624 1613
f 1615 1475 1466
f 1616 1625 1615
f 1625 1475 1615
f 1625 1478 1475
f 1478 1626 1480
f 1625 1626 1478
f 1617 1482 1619
f 1482 1626 1619
f 1482 1480 1626
f 1482 1617 1469
f 1627 1483 1621
f 1621 1483 1473
f 1628 1621 1622
f 1627 1621 1628
f 1622 1623 1629
f 1630 1622 1629
f 1628 1622 1630
f 1632 1631 1630
f 1632 1630 1629
f 1634 1633 1631
f 1634 1631 1632
f 1634 1624 1633
f 1624 1484 1633
f 1624 1474 1484
f 1627 1485 1483
f 1485 1627 1488
f 1488 1627 1628
f 1488 1628 1490
f 1490 1628 1630
f 1490 1630 1491
f 1491 1630 1631
f 1491 1631 1492
f 1492 1631 1633
f 1492 1633 1484
f 1637 1636 1635
f 1639 1638 1635
f 1635 1638 1637
f 1641 1640 1639
f 1639 1640 1638
f 1494 1495 1641
f 1495 1640 1641
f 1495 1642 1640
f 1643 1495 1496
f 1643 1642 1495
f 1644 1496 1498
f 1644 1643 1496
f 1645 1498 1499
f 1645 1644 1498
f 1646 1499 1500
f 1646 1645 1499
f 1500 1501 1646
f 1646 1501 1647
f 1650 1649 1648
f 1650 1648 1636
f 1636 1648 1635
f 1648 1502 1635
f 1502 1503 1635
f 1635 1503 1504
f 1635 1504 1639
f 1639 1504 1505
f 1639 1505 1641
f 1641 1505 1494
f 1651 1647 1501
f 1651 1501 1506
f 1506 1508 1651
f 1651 1508 1652
f 1654 1653 1511
f 1511 1653 1510
f 1655 1511 1512
f 1655 1654 1511
f 1514 1648 1649
f 1655 1514 1649
f 1512 1514 1655
f 1648 1514 1502
f 1516 1652 1508
f 1516 1656 1652
f 1517 1510 1657
f 1510 1658 1657
f 1510 1653 1658
f 1657 1519 1517
f 1521 1656 1516
f 1521 1659 1656
f 1660 1522 1523
f 1524 1661 1523
f 1523 1661 1660
f 1661 1524 1662
f 1524 1663 1662
f 1524 1525 1663
f 1665 1664 1527
f 1664 1525 1527
f 1664 1663 1525
f 1667 1666 1665
f 1665 1666 1664
f 1666 1667 1658
f 1658 1667 1657
f 1667 1529 1657
f 1529 1530 1657
f 1657 1530 1519
f 1532 1659 1521
f 1532 1668 1659
f 1669 1534 1535
f 1670 1669 1535
f 1670 1535 1522
f 1671 1670 1522
f 1660 1671 1522
f 1671 1660 1661
f 1671 1661 1672
f 1672 1661 1662
f 1536 1665 1527
f 1665 1536 1537
f 1665 1537 1667
f 1667 1537 1529
f 1539 1673 1538
f 1673 1674 1538
f 1674 1532 1538
f 1674 1668 1532
f 1675 1541 1669
f 1669 1541 1534
f 1669 1670 1676
f 1669 1676 1675
f 1542 1677 1673
f 1542 1673 1539
f 1674 1673 1678
f 1678 1673 1677
f 1675 1544 1541
f 1676 1679 1675
f 1679 1544 1675
f 1679 1547 1544
f 1547 1680 1548
f 1679 1680 1547
f 1549 1548 1680
f 1549 1680 1681
f 1551 1682 1550
f 1682 1683 1550
f 1550 1683 1542
f 1683 1684 1542
f 1684 1677 1542
f 1677 1684 1678
f 1681 1552 1549
f 1685 1552 1681
f 1687 1686 1682
f 1551 1687 1682
f 1553 1687 1551
f 1682 1686 1683
f 1685 1554 1552
f 1688 1554 1685
f 1691 1690 1689
f 1692 1689 1690
f 1695 1694 1693
f 1694 1687 1693
f 1687 1555 1693
f 1687 1553 1555
f 1688 1556 1554
f 1696 1556 1688
f 1698 1697 1558
f 1698 1558 1559
f 1561 1558 1697
f 1561 1697 1699
f 1691 1689 1563
f 1564 1691 1563
f 1700 1691 1564
f 1702 1701 1566
f 1702 1566 1563
f 1692 1702 1563
f 1689 1692 1563
f 1703 1701 1702
f 1706 1705 1704
f 1704 1705 1695
f 1704 1695 1693
f 1568 1704 1693
f 1567 1568 1693
f 1567 1693 1555
f 1708 1569 1707
f 1569 1696 1707
f 1569 1556 1696
f 1709 1708 1707
f 1570 1698 1559
f 1570 1710 1698
f 1571 1561 1711
f 1561 1712 1711
f 1561 1699 1712
f 1713 1572 1571
f 1713 1571 1711
f 1713 1714 1572
f 1714 1564 1572
f 1714 1700 1564
f 1701 1573 1566
f 1703 1715 1701
f 1715 1573 1701
f 1715 1575 1573
f 1575 1716 1577
f 1715 1716 1575
f 1704 1578 1706
f 1578 1716 1706
f 1578 1577 1716
f 1578 1704 1568
f 1717 1579 1580
f 1581 1718 1580
f 1580 1718 1717
f 1583 1718 1581
f 1719 1584 1708
f 1708 1584 1569
f 1708 1709 1720
f 1708 1720 1719
f 1585 1710 1570
f 1585 1721 1710
f 1712 1722 1711
f 1711 1722 1713
f 1713 1722 1723
f 1713 1723 1714
f 1725 1724 1587
f 1587 1724 1586
f 1726 1587 1588
f 1726 1725 1587
f 1726 1588 1579
f 1727 1726 1579
f 1717 1727 1579
f 1726 1727 1728
f 1729 1717 1718
f 1727 1717 1729
f 1589 1730 1583
f 1730 1718 1583
f 1730 1729 1718
f 1589 1584 1730
f 1584 1719 1730
f 1592 1590 1730
f 1592 1730 1719
f 1593 1592 1719
f 1720 1593 1719
f 1731 1593 1720
f 1594 1721 1585
f 1594 1732 1721
f 1734 1733 1596
f 1596 1733 1595
f 1596 1586 1724
f 1596 1724 1734
f 1735 1728 1727
f 1735 1727 1729
f 1735 1729 1736
f 1736 1729 1730
f 1736 1730 1737
f 1730 1590 1737
f 1590 1738 1737
f 1590 1598 1738
f 1731 1599 1593
f 1739 1599 1731
f 1600 1732 1594
f 1600 1740 1732
f 1741 1601 1602
f 1741 1602 1742
f 1602 1743 1742
f 1602 1603 1743
f 1603 1595 1733
f 1603 1733 1743
f 1746 1745 1744
f 1605 1606 1744
f 1745 1605 1744
f 1747 1605 1745
f 1605 1748 1608
f 1747 1748 1605
f 1608 1749 1610
f 1748 1749 1608
f 1598 1610 1738
f 1738 1610 1749
f 1739 1612 1599
f 1750 1612 1739
f 1613 1740 1600
f 1613 1751 1740
f 1741 1614 1601
f 1616 1614 1741
f 1742 1616 1741
f 1752 1616 1742
f 1754 1753 1618
f 1754 1618 1619
f 1744 1620 1746
f 1620 1753 1746
f 1620 1618 1753
f 1620 1744 1606
f 1750 1623 1612
f 1755 1623 1750
f 1624 1751 1613
f 1624 1756 1751
f 1752 1757 1616
f 1616 1757 1625
f 1625 1758 1626
f 1757 1758 1625
f 1619 1626 1754
f 1754 1626 1758
f 1755 1759 1623
f 1623 1759 1629
f 1629 1760 1632
f 1759 1760 1629
f 1632 1761 1634
f 1760 1761 1632
f 1624 1634 1756
f 1756 1634 1761
f 1763 1762 1637
f 1637 1762 1636
f 1764 1637 1638
f 1764 1763 1637
f 1765 1638 1640
f 1765 1764 1638
f 1766 1640 1642
f 1766 1765 1640
f 1768 1766 1767
f 1766 1643 1767
f 1766 1642 1643
f 1644 1769 1643
f 1643 1769 1767
f 1769 1644 1770
f 1644 1771 1770
f 1644 1645 1771
f 1772 1645 1646
f 1772 1771 1645
f 1774 1773 1647
f 1773 1646 1647
f 1773 1772 1646
f 1774 1775 1773
f 1778 1777 1776
f 1780 1779 1776
f 1776 1779 1778
f 1649 1650 1780
f 1650 1779 1780
f 1650 1781 1779
f 1650 1636 1762
f 1650 1762 1781
f 1782 1768 1767
f 1782 1767 1769
f 1782 1769 1783
f 1783 1769 1770
f 1651 1774 1647
f 1651 1652 1774
f 1652 1775 1774
f 1652 1784 1775
f 1776 1777 1654
f 1777 1653 1654
f 1777 1785 1653
f 1776 1654 1655
f 1776 1655 1780
f 1780 1655 1649
f 1656 1784 1652
f 1656 1786 1784
f 1785 1658 1653
f 1787 1658 1785
f 1659 1786 1656
f 1659 1788 1786
f 1790 1789 1663
f 1663 1789 1662
f 1791 1663 1664
f 1791 1790 1663
f 1792 1664 1666
f 1792 1791 1664
f 1666 1658 1787
f 1666 1787 1792
f 1668 1788 1659
f 1668 1793 1788
f 1794 1670 1671
f 1672 1795 1671
f 1671 1795 1794
f 1796 1795 1672
f 1662 1796 1672
f 1789 1796 1662
f 1674 1798 1797
f 1793 1674 1797
f 1668 1674 1793
f 1798 1799 1797
f 1800 1676 1794
f 1794 1676 1670
f 1801 1794 1795
f 1800 1794 1801
f 1795 1796 1802
f 1795 1802 1801
f 1805 1804 1803
f 1806 1803 1804
f 1678 1807 1798
f 1678 1798 1674
f 1799 1798 1808
f 1808 1798 1807
f 1800 1679 1676
f 1679 1800 1680
f 1680 1800 1801
f 1681 1680 1801
f 1802 1681 1801
f 1809 1681 1802
f 1810 1805 1803
f 1810 1803 1806
f 1683 1811 1684
f 1811 1812 1684
f 1684 1812 1678
f 1812 1813 1678
f 1813 1807 1678
f 1807 1813 1808
f 1809 1685 1681
f 1814 1685 1809
f 1817 1816 1815
f 1686 1687 1815
f 1816 1686 1815
f 1818 1686 1816
f 1683 1686 1811
f 1686 1819 1811
f 1686 1818 1819
f 1811 1819 1812
f 1821 1688 1820
f 1688 1814 1820
f 1688 1685 1814
f 1822 1821 1820
f 1824 1823 1690
f 1824 1690 1691
f 1826 1825 1692
f 1690 1826 1692
f 1823 1826 1690
f 1827 1825 1826
f 1830 1829 1828
f 1828 1829 1817
f 1828 1817 1815
f 1695 1828 1815
f 1694 1695 1815
f 1694 1815 1687
f 1831 1696 1821
f 1821 1696 1688
f 1821 1822 1832
f 1821 1832 1831
f 1698 1833 1697
f 1833 1699 1697
f 1700 1824 1691
f 1700 1834 1824
f 1825 1702 1692
f 1836 1835 1703
f 1836 1703 1702
f 1827 1836 1702
f 1825 1827 1702
f 1838 1837 1835
f 1838 1835 1836
f 1837 1838 1830
f 1837 1830 1828
f 1706 1837 1828
f 1705 1706 1828
f 1705 1828 1695
f 1831 1707 1696
f 1709 1707 1831
f 1832 1709 1831
f 1839 1709 1832
f 1841 1840 1833
f 1698 1841 1833
f 1710 1841 1698
f 1699 1833 1840
f 1842 1699 1840
f 1712 1699 1842
f 1714 1834 1700
f 1714 1843 1834
f 1835 1715 1703
f 1715 1835 1716
f 1716 1835 1837
f 1716 1837 1706
f 1839 1720 1709
f 1844 1720 1839
f 1721 1841 1710
f 1721 1845 1841
f 1842 1846 1712
f 1712 1846 1722
f 1722 1847 1723
f 1846 1847 1722
f 1714 1723 1843
f 1843 1723 1847
f 1848 1724 1725
f 1726 1849 1725
f 1725 1849 1848
f 1728 1849 1726
f 1844 1731 1720
f 1850 1731 1844
f 1732 1845 1721
f 1732 1851 1845
f 1853 1852 1734
f 1734 1852 1733
f 1734 1724 1848
f 1854 1734 1848
f 1853 1734 1854
f 1856 1855 1854
f 1848 1856 1854
f 1849 1856 1848
f 1735 1857 1728
f 1857 1849 1728
f 1857 1856 1849
f 1736 1858 1735
f 1735 1858 1857
f 1737 1859 1736
f 1736 1859 1858
f 1738 1859 1737
f 1850 1739 1731
f 1860 1739 1850
f 1740 1851 1732
f 1740 1861 1851
f 1863 1862 1743
f 1743 1862 1742
f 1743 1733 1852
f 1743 1852 1863
f 1855 1856 1745
f 1746 1855 1745
f 1864 1855 1746
f 1745 1856 1747
f 1747 1856 1857
f 1747 1857 1748
f 1748 1857 1858
f 1748 1858 1749
f 1749 1858 1859
f 1749 1859 1738
f 1866 1750 1865
f 1750 1860 1865
f 1750 1739 1860
f 1867 1866 1865
f 1751 1861 1740
f 1751 1868 1861
f 1862 1752 1742
f 1869 1752 1862
f 1754 1870 1753
f 1870 1871 1753
f 1871 1746 1753
f 1871 1864 1746
f 1872 1755 1866
f 1866 1755 1750
f 1866 1867 1873
f 1874 1866 1873
f 1872 1866 1874
f 1876 1875 1874
f 1876 1874 1873
f 1876 1868 1875
f 1868 1756 1875
f 1868 1751 1756
f 1869 1877 1752
f 1752 1877 1757
f 1757 1878 1758
f 1877 1878 1757
f 1754 1758 1870
f 1758 1879 1870
f 1758 1878 1879
f 1870 1879 1871
f 1872 1759 1755
f 1759 1872 1760
f 1760 1872 1874
f 1760 1874 1761
f 1761 1874 1875
f 1761 1875 1756
f 1882 1881 1880
f 1884 1883 1880
f 1880 1883 1882
f 1762 1763 1884
f 1763 1883 1884
f 1763 1885 1883
f 1887 1885 1886
f 1885 1764 1886
f 1885 1763 1764
f 1765 1888 1764
f 1764 1888 1886
f 1766 1889 1765
f 1765 1889 1888
f 1768 1889 1766
f 1891 1890 1771
f 1771 1890 1770
f 1892 1771 1772
f 1892 1891 1771
f 1893 1772 1773
f 1893 1892 1772
f 1773 1775 1893
f 1893 1775 1894
f 1895 1777 1778
f 1881 1896 1880
f 1896 1778 1880
f 1778 1779 1880
f 1778 1896 1895
f 1880 1779 1781
f 1880 1781 1884
f 1884 1781 1762
f 1897 1887 1886
f 1897 1886 1888
f 1897 1888 1898
f 1898 1888 1889
f 1898 1889 1899
f 1899 1889 1768
f 1782 1899 1768
f 1900 1899 1782
f 1901 1782 1783
f 1901 1900 1782
f 1783 1770 1890
f 1783 1890 1901
f 1784 1894 1775
f 1784 1902 1894
f 1903 1785 1895
f 1895 1785 1777
f 1895 1896 1904
f 1895 1904 1903
f 1786 1902 1784
f 1786 1905 1902
f 1906 1787 1903
f 1903 1787 1785
f 1903 1904 1907
f 1903 1907 1906
f 1788 1909 1908
f 1905 1788 1908
f 1786 1788 1905
f 1911 1910 1909
f 1909 1910 1908
f 1911 1912 1910
f 1913 1789 1790
f 1791 1914 1790
f 1790 1914 1913
f 1792 1915 1791
f 1791 1915 1914
f 1787 1906 1792
f 1906 1915 1792
f 1906 1916 1915
f 1906 1907 1917
f 1918 1906 1917
f 1916 1906 1918
f 1919 1918 1917
f 1793 1920 1909
f 1793 1909 1788
f 1909 1921 1911
f 1909 1920 1921
f 1912 1911 1922
f 1922 1911 1921
f 1924 1923 1913
f 1923 1789 1913
f 1923 1796 1789
f 1924 1913 1914
f 1924 1914 1925
f 1927 1926 1925
f 1914 1927 1925
f 1915 1927 1914
f 1928 1915 1916
f 1927 1915 1928
f 1929 1916 1918
f 1928 1916 1929
f 1918 1919 1930
f 1918 1930 1929
f 1797 1920 1793
f 1920 1797 1799
f 1931 1920 1799
f 1921 1920 1931
f 1922 1921 1932
f 1932 1921 1931
f 1923 1802 1796
f 1933 1802 1923
f 1926 1927 1934
f 1926 1934 1935
f 1805 1934 1804
f 1934 1928 1804
f 1934 1927 1928
f 1804 1928 1806
f 1928 1936 1806
f 1928 1929 1936
f 1929 1930 1937
f 1929 1937 1936
f 1808 1938 1931
f 1808 1931 1799
f 1932 1931 1939
f 1939 1931 1938
f 1941 1809 1940
f 1809 1933 1940
f 1809 1802 1933
f 1943 1942 1941
f 1943 1941 1940
f 1942 1943 1935
f 1934 1942 1935
f 1944 1942 1934
f 1810 1945 1805
f 1945 1934 1805
f 1945 1944 1934
f 1946 1945 1810
f 1946 1810 1806
f 1947 1946 1806
f 1936 1947 1806
f 1947 1936 1937
f 1812 1948 1813
f 1948 1949 1813
f 1813 1949 1808
f 1949 1950 1808
f 1950 1938 1808
f 1938 1950 1939
f 1951 1814 1941
f 1941 1814 1809
f 1952 1941 1942
f 1951 1941 1952
f 1953 1942 1944
f 1952 1942 1953
f 1945 1955 1954
f 1953 1945 1954
f 1944 1945 1953
f 1955 1945 1946
f 1958 1957 1956
f 1960 1959 1956
f 1960 1956 1957
f 1962 1961 1959
f 1962 1959 1960
f 1964 1963 1961
f 1964 1961 1962
f 1816 1817 1963
f 1964 1816 1963
f 1965 1816 1964
f 1816 1966 1818
f 1965 1966 1816
f 1818 1967 1819
f 1966 1967 1818
f 1812 1819 1948
f 1819 1968 1948
f 1819 1967 1968
f 1948 1968 1949
f 1951 1820 1814
f 1820 1951 1822
f 1951 1969 1822
f 1951 1952 1969
f 1953 1971 1970
f 1969 1953 1970
f 1952 1953 1969
f 1971 1953 1954
f 1973 1972 1823
f 1973 1823 1824
f 1956 1826 1958
f 1826 1972 1958
f 1826 1823 1972
f 1826 1956 1827
f 1956 1974 1827
f 1956 1959 1974
f 1975 1959 1961
f 1974 1959 1975
f 1830 1975 1829
f 1975 1963 1829
f 1975 1961 1963
f 1829 1963 1817
f 1977 1976 1969
f 1976 1822 1969
f 1976 1832 1822
f 1977 1969 1970
f 1834 1973 1824
f 1834 1978 1973
f 1974 1836 1827
f 1836 1974 1838
f 1838 1974 1975
f 1838 1975 1830
f 1976 1839 1832
f 1979 1839 1976
f 1841 1980 1840
f 1980 1842 1840
f 1843 1978 1834
f 1843 1981 1978
f 1979 1844 1839
f 1982 1844 1979
f 1984 1983 1980
f 1841 1984 1980
f 1845 1984 1841
f 1980 1983 1842
f 1983 1846 1842
f 1983 1985 1846
f 1846 1986 1847
f 1985 1986 1846
f 1843 1847 1981
f 1981 1847 1986
f 1988 1850 1987
f 1850 1982 1987
f 1850 1844 1982
f 1989 1988 1987
f 1851 1984 1845
f 1851 1990 1984
f 1991 1852 1853
f 1854 1992 1853
f 1853 1992 1991
f 1855 1992 1854
f 1993 1860 1988
f 1988 1860 1850
f 1988 1989 1994
f 1988 1994 1993
f 1861 1990 1851
f 1861 1995 1990
f 1996 1862 1863
f 1852 1991 1863
f 1991 1996 1863
f 1991 1997 1996
f 1998 1991 1992
f 1997 1991 1998
f 1864 1998 1855
f 1855 1998 1992
f 1993 1865 1860
f 2000 1999 1867
f 2000 1867 1865
f 1994 2000 1865
f 1993 1994 1865
f 2002 2001 1999
f 2002 1999 2000
f 2002 1995 2001
f 1995 1868 2001
f 1995 1861 1868
f 2004 2003 1996
f 2003 1862 1996
f 2003 1869 1862
f 2004 1996 1997
f 2004 1997 2005
f 2007 2006 2005
f 1997 2007 2005
f 1998 2007 1997
f 1871 2007 1864
f 1864 2007 1998
f 1999 1873 1867
f 1873 1999 1876
f 1876 1999 2001
f 1876 2001 1868
f 2003 2008 1869
f 1869 2008 1877
f 1877 2009 1878
f 2008 2009 1877
f 2007 1879 2006
f 1879 2009 2006
f 1879 1878 2009
f 1879 2007 1871
f 2012 2011 2010
f 2010 2013 2012
f 2014 1881 1882
f 1883 2015 1882
f 1882 2015 2014
f 1885 2016 1883
f 1883 2016 2015
f 1887 2016 1885
f 2018 2017 1891
f 1891 2017 1890
f 1892 2010 2011
f 2018 1892 2011
f 1891 1892 2018
f 1892 1893 2010
f 1893 2019 2010
f 2019 2013 2010
f 1893 2020 2019
f 2022 2020 2021
f 2020 1893 2021
f 1894 2023 2021
f 1894 2021 1893
f 2025 2024 2023
f 2023 2024 2021
f 2027 2026 2025
f 2025 2026 2024
f 2027 2028 2026
f 2030 2029 2014
f 2029 1881 2014
f 2029 1896 1881
f 2032 2031 2030
f 2014 2032 2030
f 2015 2032 2014
f 2033 2015 2016
f 2032 2015 2033
f 1897 2034 1887
f 2034 2016 1887
f 2034 2033 2016
f 1898 2035 1897
f 1897 2035 2034
f 2035 1898 2036
f 1898 2037 2036
f 1898 1899 2037
f 2038 1899 1900
f 2038 2037 1899
f 2039 1900 1901
f 2039 2038 1900
f 1901 1890 2017
f 1901 2017 2039
f 2040 2019 2020
f 1902 2041 1894
f 1902 2020 2041
f 2020 1902 2040
f 2042 2040 1902
f 2040 2042 2022
f 2041 2022 2042
f 2042 2023 2041
f 2041 2023 1894
f 2020 2022 2041
f 2023 2043 2025
f 2023 2042 2043
f 2025 2044 2027
f 2025 2043 2044
f 2028 2027 2045
f 2045 2027 2044
f 2029 1904 1896
f 2046 1904 2029
f 2047 2031 2032
f 2047 2032 2033
f 2047 2033 2048
f 2048 2033 2034
f 2048 2034 2049
f 2049 2034 2035
f 2049 2035 2050
f 2050 2035 2036
f 1905 2051 2042
f 1905 2042 1902
f 2042 2052 2043
f 2042 2051 2052
f 2043 2053 2044
f 2043 2052 2053
f 2045 2044 2054
f 2054 2044 2053
f 2056 1907 2055
f 1907 2046 2055
f 1907 1904 2046
f 2058 2057 2056
f 2058 2056 2055
f 2059 2057 2058
f 1908 2051 1905
f 2051 1908 1910
f 2051 1910 2052
f 2052 1910 1912
f 2060 2052 1912
f 2053 2052 2060
f 2054 2053 2061
f 2061 2053 2060
f 2056 1917 1907
f 1917 2056 1919
f 2056 2062 1919
f 2056 2057 2062
f 2057 2059 2063
f 2057 2063 2062
f 1922 2064 2060
f 1922 2060 1912
f 2061 2060 2065
f 2065 2060 2064
f 2066 1923 1924
f 1925 2067 1924
f 1924 2067 2066
f 1926 2067 1925
f 2068 1930 2062
f 2062 1930 1919
f 2062 2063 2069
f 2062 2069 2068
f 1932 2070 2064
f 1932 2064 1922
f 2065 2064 2071
f 2071 2064 2070
f 2072 1933 2066
f 2066 1933 1923
f 2073 2066 2067
f 2072 2066 2073
f 1935 2073 1926
f 1926 2073 2067
f 2074 1937 2068
f 2068 1937 1930
f 2068 2069 2075
f 2068 2075 2074
f 1939 2076 2070
f 1939 2070 1932
f 2071 2070 2077
f 2077 2070 2076
f 2072 1940 1933
f 1940 2072 1943
f 1943 2072 2073
f 1943 2073 1935
f 2078 1946 1947
f 2079 2078 1947
f 2079 1947 1937
f 2080 2079 1937
f 2074 2080 1937
f 2080 2074 2075
f 2083 2082 2081
f 2084 2081 2082
f 2086 2085 1950
f 2086 1950 1949
f 1939 1950 2076
f 1950 2087 2076
f 1950 2085 2087
f 2076 2087 2077
f 2088 1954 1955
f 2089 2088 1955
f 2089 1955 1946
f 2090 2089 1946
f 2078 2090 1946
f 2090 2078 2079
f 2093 2092 2091
f 2091 2092 2083
f 2091 2083 2081
f 1958 2091 2081
f 1957 1958 2081
f 2084 2094 2081
f 2094 1957 2081
f 2094 1960 1957
f 1960 2095 1962
f 2094 2095 1960
f 1962 2096 1964
f 2095 2096 1962
f 1964 2097 1965
f 2096 2097 1964
f 2097 2099 2098
f 1966 2097 2098
f 1965 2097 1966
f 2100 1967 1966
f 2100 1966 2098
f 1967 2100 2101
f 2102 1967 2101
f 1968 1967 2102
f 1949 1968 2086
f 2086 1968 2102
f 2103 1970 1971
f 2104 2103 1971
f 2104 1971 1954
f 2105 2104 1954
f 2088 2105 1954
f 2105 2088 2089
f 2093 2091 1972
f 1973 2093 1972
f 2106 2093 1973
f 1972 2091 1958
f 2099 2107 2098
f 2098 2107 2100
f 2100 2107 2108
f 2100 2108 2101
f 2110 2109 1977
f 1977 2109 1976
f 1977 1970 2103
f 2111 1977 2103
f 2110 1977 2111
f 2111 2103 2104
f 1978 2106 1973
f 1978 2112 2106
f 2109 1979 1976
f 2113 1979 2109
f 1981 2112 1978
f 1981 2114 2112
f 2113 1982 1979
f 2115 1982 2113
f 2117 2116 1983
f 2117 1983 1984
f 1983 2118 1985
f 2116 2118 1983
f 1985 2119 1986
f 2118 2119 1985
f 1981 1986 2114
f 2114 1986 2119
f 2115 2120 1982
f 1982 2120 1987
f 1989 1987 2120
f 1989 2120 2121
f 1990 2117 1984
f 1990 2122 2117
f 2121 1994 1989
f 2123 1994 2121
f 1995 2122 1990
f 1995 2124 2122
f 2123 2125 1994
f 1994 2125 2000
f 2000 2126 2002
f 2125 2126 2000
f 1995 2002 2124
f 2124 2002 2126
f 2127 2003 2004
f 2005 2128 2004
f 2004 2128 2127
f 2006 2128 2005
f 2127 2008 2003
f 2008 2127 2009
f 2009 2127 2128
f 2009 2128 2006
f 2130 2129 2012
f 2012 2129 2011
f 2012 2013 2130
f 2130 2013 2131
f 2133 2132 2018
f 2018 2132 2017
f 2018 2011 2129
f 2018 2129 2133
f 2019 2135 2134
f 2131 2019 2134
f 2013 2019 2131
f 2022 2021 2135
f 2021 2134 2135
f 2021 2136 2134
f 2137 2021 2024
f 2137 2136 2021
f 2138 2024 2026
f 2138 2137 2024
f 2026 2028 2138
f 2138 2028 2139
f 2141 2140 2030
f 2030 2140 2029
f 2143 2142 2031
f 2142 2030 2031
f 2142 2141 2030
f 2143 2144 2142
f 2146 2145 2037
f 2037 2145 2036
f 2147 2037 2038
f 2147 2146 2037
f 2148 2038 2039
f 2148 2147 2038
f 2039 2017 2132
f 2039 2132 2148
f 2040 2135 2019
f 2135 2040 2022
f 2045 2139 2028
f 2045 2149 2139
f 2151 2046 2150
f 2046 2140 2150
f 2046 2029 2140
f 2153 2152 2150
f 2152 2143 2150
f 2031 2150 2143
f 2150 2031 2151
f 2047 2151 2031
f 2151 2047 2152
f 2152 2154 2151
f 2153 2154 2152
f 2152 2047 2143
f 2153 2155 2154
f 2144 2143 2156
f 2047 2156 2143
f 2156 2047 2048
f 2157 2048 2049
f 2157 2156 2048
f 2158 2049 2050
f 2158 2157 2049
f 2050 2036 2145
f 2050 2145 2158
f 2054 2149 2045
f 2054 2159 2149
f 2151 2055 2046
f 2055 2151 2058
f 2058 2151 2154
f 2059 2058 2154
f 2155 2059 2154
f 2160 2059 2155
f 2061 2159 2054
f 2061 2161 2159
f 2160 2063 2059
f 2162 2063 2160
f 2065 2164 2163
f 2161 2065 2163
f 2061 2065 2161
f 2164 2165 2163
f 2162 2069 2063
f 2166 2069 2162
f 2071 2167 2164
f 2071 2164 2065
f 2165 2164 2168
f 2168 2164 2167
f 2166 2075 2069
f 2169 2075 2166
f 2171 2170 2167
f 2071 2171 2167
f 2077 2171 2071
f 2167 2170 2168
f 2172 2079 2080
f 2173 2172 2080
f 2075 2173 2080
f 2169 2173 2075
f 2175 2174 2082
f 2175 2082 2083
f 2084 2082 2174
f 2084 2174 2176
f 2086 2177 2085
f 2178 2087 2085
f 2178 2085 2177
f 2178 2179 2087
f 2179 2077 2087
f 2179 2171 2077
f 2180 2089 2090
f 2079 2172 2090
f 2172 2180 2090
f 2172 2181 2180
f 2172 2173 2182
f 2183 2172 2182
f 2181 2172 2183
f 2092 2093 2183
f 2182 2092 2183
f 2184 2092 2182
f 2083 2092 2175
f 2175 2092 2184
f 2176 2185 2084
f 2084 2185 2094
f 2094 2186 2095
f 2185 2186 2094
f 2095 2187 2096
f 2186 2187 2095
f 2096 2188 2097
f 2187 2188 2096
f 2190 2189 2099
f 2097 2190 2099
f 2188 2190 2097
f 2192 2191 2189
f 2192 2189 2190
f 2102 2101 2191
f 2192 2102 2191
f 2193 2102 2192
f 2086 2102 2177
f 2102 2194 2177
f 2102 2193 2194
f 2177 2194 2178
f 2178 2194 2195
f 2178 2195 2179
f 2196 2104 2105
f 2089 2180 2105
f 2180 2196 2105
f 2180 2197 2196
f 2181 2199 2198
f 2197 2181 2198
f 2180 2181 2197
f 2199 2181 2183
f 2199 2183 2200
f 2183 2093 2200
f 2093 2201 2200
f 2093 2106 2201
f 2189 2107 2099
f 2107 2189 2108
f 2108 2189 2191
f 2108 2191 2101
f 2202 2109 2110
f 2111 2203 2110
f 2110 2203 2202
f 2204 2203 2111
f 2204 2111 2104
f 2205 2204 2104
f 2196 2205 2104
f 2205 2196 2197
f 2205 2197 2206
f 2206 2197 2198
f 2112 2201 2106
f 2112 2207 2201
f 2208 2113 2202
f 2202 2113 2109
f 2203 2210 2209
f 2208 2203 2209
f 2202 2203 2208
f 2210 2203 2204
f 2114 2207 2112
f 2114 2211 2207
f 2212 2115 2208
f 2208 2115 2113
f 2208 2209 2213
f 2208 2213 2212
f 2215 2214 2116
f 2215 2116 2117
f 2116 2216 2118
f 2214 2216 2116
f 2118 2217 2119
f 2216 2217 2118
f 2114 2119 2211
f 2211 2119 2217
f 2212 2120 2115
f 2121 2120 2212
f 2213 2121 2212
f 2218 2121 2213
f 2122 2215 2117
f 2122 2219 2215
f 2221 2123 2220
f 2123 2218 2220
f 2123 2121 2218
f 2223 2222 2221
f 2223 2221 2220
f 2223 2219 2222
f 2219 2124 2222
f 2219 2122 2124
f 2221 2125 2123
f 2125 2221 2126
f 2126 2221 2222
f 2126 2222 2124
f 2226 2225 2224
f 2224 2227 2226
f 2230 2229 2228
f 2232 2231 2228
f 2228 2231 2230
f 2231 2232 2225
f 2225 2232 2224
f 2232 2129 2224
f 2129 2130 2224
f 2234 2233 2131
f 2131 2233 2130
f 2233 2227 2130
f 2227 2224 2130
f 2236 2235 2234
f 2234 2235 2233
f 2236 2237 2235
f 2228 2229 2238
f 2238 2229 2239
f 2238 2132 2133
f 2232 2238 2133
f 2228 2238 2232
f 2232 2133 2129
f 2134 2234 2131
f 2234 2134 2136
f 2234 2136 2236
f 2240 2237 2236
f 2136 2240 2236
f 2137 2240 2136
f 2241 2137 2138
f 2241 2240 2137
f 2138 2139 2241
f 2241 2139 2242
f 2243 2140 2141
f 2142 2244 2141
f 2141 2244 2243
f 2144 2244 2142
f 2246 2245 2146
f 2146 2245 2145
f 2247 2146 2147
f 2247 2246 2146
f 2148 2238 2239
f 2247 2148 2239
f 2147 2148 2247
f 2238 2148 2132
f 2149 2242 2139
f 2149 2248 2242
f 2243 2150 2140
f 2150 2243 2153
f 2153 2243 2244
f 2155 2153 2249
f 2153 2244 2249
f 2144 2156 2249
f 2144 2249 2244
f 2249 2156 2250
f 2156 2251 2250
f 2156 2157 2251
f 2252 2157 2158
f 2252 2251 2157
f 2158 2145 2245
f 2158 2245 2252
f 2159 2254 2253
f 2248 2159 2253
f 2149 2159 2248
f 2254 2255 2253
f 2257 2256 2249
f 2256 2155 2249
f 2256 2160 2155
f 2257 2249 2250
f 2161 2258 2254
f 2161 2254 2159
f 2255 2254 2259
f 2259 2254 2258
f 2256 2162 2160
f 2260 2162 2256
f 2163 2258 2161
f 2163 2165 2258
f 2165 2259 2258
f 2165 2261 2259
f 2260 2166 2162
f 2262 2166 2260
f 2168 2261 2165
f 2168 2263 2261
f 2262 2169 2166
f 2264 2169 2262
f 2171 2265 2170
f 2265 2266 2170
f 2266 2168 2170
f 2266 2263 2168
f 2264 2173 2169
f 2267 2173 2264
f 2269 2268 2174
f 2269 2174 2175
f 2271 2270 2176
f 2174 2271 2176
f 2268 2271 2174
f 2272 2270 2271
f 2274 2273 2265
f 2171 2274 2265
f 2179 2274 2171
f 2265 2273 2266
f 2267 2275 2173
f 2173 2275 2182
f 2182 2276 2184
f 2275 2276 2182
f 2175 2184 2269
f 2269 2184 2276
f 2270 2185 2176
f 2272 2277 2270
f 2277 2185 2270
f 2277 2186 2185
f 2186 2278 2187
f 2277 2278 2186
f 2187 2279 2188
f 2278 2279 2187
f 2188 2280 2190
f 2279 2280 2188
f 2280 2282 2281
f 2192 2280 2281
f 2190 2280 2192
f 2283 2193 2192
f 2283 2192 2281
f 2193 2283 2284
f 2285 2193 2284
f 2194 2193 2285
f 2194 2286 2195
f 2285 2286 2194
f 2179 2195 2274
f 2274 2195 2286
f 2287 2198 2199
f 2200 2288 2199
f 2199 2288 2287
f 2201 2288 2200
f 2282 2289 2281
f 2281 2289 2283
f 2283 2289 2290
f 2283 2290 2284
f 2291 2204 2205
f 2206 2292 2205
f 2205 2292 2291
f 2293 2292 2206
f 2293 2206 2198
f 2294 2293 2198
f 2287 2294 2198
f 2294 2287 2288
f 2294 2288 2295
f 2288 2201 2295
f 2201 2296 2295
f 2201 2207 2296
f 2297 2209 2210
f 2298 2297 2210
f 2298 2210 2204
f 2299 2298 2204
f 2291 2299 2204
f 2299 2291 2292
f 2299 2292 2300
f 2303 2302 2301
f 2293 2300 2292
f 2305 2304 2302
f 2305 2302 2303
f 2305 2296 2304
f 2296 2211 2304
f 2296 2207 2211
f 2307 2306 2297
f 2306 2209 2297
f 2306 2213 2209
f 2307 2297 2298
f 2309 2308 2214
f 2309 2214 2215
f 2302 2216 2301
f 2216 2308 2301
f 2216 2214 2308
f 2216 2302 2217
f 2217 2302 2304
f 2217 2304 2211
f 2311 2218 2310
f 2218 2306 2310
f 2218 2213 2306
f 2313 2312 2311
f 2313 2311 2310
f 2313 2309 2312
f 2309 2219 2312
f 2309 2215 2219
f 2311 2220 2218
f 2220 2311 2223
f 2223 2311 2312
f 2223 2312 2219
f 2316 2315 2314
f 2318 2317 2314
f 2314 2317 2316
f 2225 2226 2318
f 2226 2317 2318
f 2226 2319 2317
f 2226 2227 2319
f 2319 2227 2320
f 2323 2322 2321
f 2323 2321 2315
f 2315 2321 2314
f 2321 2229 2314
f 2229 2230 2314
f 2314 2230 2231
f 2314 2231 2318
f 2318 2231 2225
f 2324 2320 2227
f 2324 2227 2233
f 2325 2233 2235
f 2325 2324 2233
f 2235 2237 2325
f 2325 2237 2326
f 2329 2328 2327
f 2329 2327 2322
f 2327 2321 2322
f 2327 2330 2321
f 2330 2239 2229
f 2330 2229 2321
f 2331 2326 2237
f 2331 2237 2240
f 2332 2240 2241
f 2332 2331 2240
f 2241 2242 2332
f 2332 2242 2333
f 2327 2328 2246
f 2328 2245 2246
f 2328 2334 2245
f 2327 2246 2247
f 2327 2247 2330
f 2330 2247 2239
f 2248 2336 2335
f 2333 2248 2335
f 2242 2248 2333
f 2336 2337 2335
f 2339 2338 2251
f 2251 2338 2250
f 2340 2251 2252
f 2340 2339 2251
f 2252 2245 2334
f 2252 2334 2340
f 2253 2336 2248
f 2253 2255 2336
f 2255 2337 2336
f 2255 2341 2337
f 2342 2256 2257
f 2343 2342 2257
f 2250 2343 2257
f 2338 2343 2250
f 2259 2341 2255
f 2259 2344 2341
f 2345 2260 2342
f 2342 2260 2256
f 2342 2343 2346
f 2342 2346 2345
f 2261 2344 2259
f 2261 2347 2344
f 2349 2348 2345
f 2348 2260 2345
f 2348 2262 2260
f 2349 2345 2346
f 2263 2347 2261
f 2263 2350 2347
f 2348 2264 2262
f 2351 2264 2348
f 2266 2350 2263
f 2266 2352 2350
f 2351 2267 2264
f 2353 2267 2351
f 2355 2354 2268
f 2355 2268 2269
f 2268 2356 2271
f 2354 2356 2268
f 2272 2271 2356
f 2272 2356 2357
f 2360 2359 2358
f 2361 2358 2359
f 2363 2362 2273
f 2363 2273 2274
f 2266 2273 2352
f 2352 2273 2362
f 2353 2364 2267
f 2267 2364 2275
f 2275 2365 2276
f 2364 2365 2275
f 2269 2276 2355
f 2355 2276 2365
f 2357 2366 2272
f 2272 2366 2277
f 2277 2367 2278
f 2366 2367 2277
f 2278 2368 2279
f 2367 2368 2278
f 2358 2280 2360
f 2280 2368 2360
f 2280 2279 2368
f 2370 2369 2282
f 2370 2282 2280
f 2361 2370 2280
f 2358 2361 2280
f 2372 2371 2369
f 2372 2369 2370
f 2285 2284 2371
f 2372 2285 2371
f 2373 2285 2372
f 2285 2374 2286
f 2373 2374 2285
f 2274 2286 2363
f 2363 2286 2374
f 2369 2289 2282
f 2289 2369 2290
f 2290 2369 2371
f 2290 2371 2284
f 2375 2293 2294
f 2295 2376 2294
f 2294 2376 2375
f 2296 2376 2295
f 2377 2298 2299
f 2300 2378 2299
f 2299 2378 2377
f 2300 2293 2378
f 2293 2375 2378
f 2303 2301 2378
f 2303 2378 2375
f 2303 2375 2305
f 2305 2375 2376
f 2305 2376 2296
f 2379 2306 2307
f 2298 2377 2307
f 2377 2379 2307
f 2377 2380 2379
f 2309 2380 2308
f 2380 2378 2308
f 2380 2377 2378
f 2308 2378 2301
f 2379 2310 2306
f 2310 2379 2313
f 2313 2379 2380
f 2313 2380 2309
f 2383 2382 2381
f 2385 2384 2381
f 2381 2384 2383
f 2387 2386 2385
f 2385 2386 2384
f 2315 2316 2387
f 2316 2386 2387
f 2316 2388 2386
f 2389 2316 2317
f 2389 2388 2316
f 2390 2317 2319
f 2390 2389 2317
f 2319 2320 2390
f 2390 2320 2391
f 2381 2382 2392
f 2392 2382 2393
f 2381 2394 2385
f 2381 2392 2394
f 2394 2322 2323
f 2387 2394 2323
f 2385 2394 2387
f 2387 2323 2315
f 2395 2391 2320
f 2395 2320 2324
f 2397 2395 2396
f 2395 2325 2396
f 2395 2324 2325
f 2326 2396 2325
f 2393 2398 2392
f 2399 2328 2329
f 2392 2399 2329
f 2394 2392 2329
f 2398 2399 2392
f 2394 2329 2322
f 2400 2397 2396
f 2400 2396 2326
f 2331 2400 2326
f 2401 2400 2331
f 2402 2331 2332
f 2402 2401 2331
f 2332 2333 2402
f 2402 2333 2403
f 2399 2334 2328
f 2404 2334 2399
f 2405 2403 2333
f 2405 2333 2335
f 2335 2337 2405
f 2405 2337 2406
f 2407 2338 2339
f 2340 2408 2339
f 2339 2408 2407
f 2409 2408 2340
f 2334 2409 2340
f 2404 2409 2334
f 2341 2406 2337
f 2341 2410 2406
f 2411 2343 2407
f 2407 2343 2338
f 2412 2407 2408
f 2411 2407 2412
f 2408 2409 2413
f 2414 2408 2413
f 2412 2408 2414
f 2415 2414 2413
f 2344 2410 2341
f 2344 2416 2410
f 2417 2346 2411
f 2411 2346 2343
f 2418 2411 2412
f 2417 2411 2418
f 2419 2412 2414
f 2418 2412 2419
f 2414 2415 2420
f 2414 2420 2419
f 2347 2416 2344
f 2347 2421 2416
f 2422 2348 2349
f 2346 2417 2349
f 2417 2422 2349
f 2417 2423 2422
f 2424 2417 2418
f 2423 2417 2424
f 2425 2418 2419
f 2424 2418 2425
f 2419 2420 2426
f 2419 2426 2425
f 2350 2421 2347
f 2350 2427 2421
f 2428 2351 2422
f 2422 2351 2348
f 2429 2422 2423
f 2428 2422 2429
f 2430 2423 2424
f 2429 2423 2430
f 2425 2432 2431
f 2430 2425 2431
f 2424 2425 2430
f 2432 2425 2426
f 2352 2427 2350
f 2352 2433 2427
f 2435 2434 2428
f 2434 2351 2428
f 2434 2353 2351
f 2435 2428 2429
f 2435 2429 2436
f 2355 2437 2354
f 2437 2429 2354
f 2429 2430 2354
f 2437 2436 2429
f 2431 2438 2430
f 2438 2354 2430
f 2438 2356 2354
f 2440 2439 2357
f 2356 2440 2357
f 2438 2440 2356
f 2442 2441 2439
f 2442 2439 2440
f 2444 2443 2441
f 2444 2441 2442
f 2359 2360 2443
f 2444 2359 2443
f 2445 2359 2444
f 2447 2446 2361
f 2359 2447 2361
f 2445 2447 2359
f 2449 2448 2446
f 2449 2446 2447
f 2450 2448 2449
f 2452 2451 2362
f 2452 2362 2363
f 2352 2362 2433
f 2433 2362 2451
f 2434 2453 2353
f 2353 2453 2364
f 2364 2454 2365
f 2453 2454 2364
f 2355 2365 2437
f 2437 2365 2454
f 2439 2366 2357
f 2366 2439 2367
f 2367 2439 2441
f 2367 2441 2368
f 2368 2441 2443
f 2368 2443 2360
f 2446 2370 2361
f 2370 2446 2372
f 2372 2446 2448
f 2450 2455 2448
f 2455 2372 2448
f 2455 2373 2372
f 2373 2456 2374
f 2455 2456 2373
f 2363 2374 2452
f 2452 2374 2456
f 2458 2457 2383
f 2383 2457 2382
f 2459 2383 2384
f 2459 2458 2383
f 2460 2384 2386
f 2460 2459 2384
f 2461 2386 2388
f 2461 2460 2386
f 2462 2388 2389
f 2462 2461 2388
f 2463 2389 2390
f 2463 2462 2389
f 2390 2391 2463
f 2463 2391 2464
f 2466 2393 2465
f 2393 2457 2465
f 2393 2382 2457
f 2467 2466 2465
f 2468 2464 2391
f 2468 2391 2395
f 2395 2397 2468
f 2468 2397 2469
f 2466 2398 2393
f 2399 2398 2466
f 2467 2399 2466
f 2470 2399 2467
f 2471 2469 2397
f 2471 2397 2400
f 2472 2400 2401
f 2472 2471 2400
f 2473 2401 2402
f 2473 2472 2401
f 2402 2403 2473
f 2473 2403 2474
f 2470 2404 2399
f 2475 2404 2470
f 2476 2474 2403
f 2476 2403 2405
f 2405 2406 2476
f 2476 2406 2477
f 2479 2409 2478
f 2409 2475 2478
f 2409 2404 2475
f 2480 2479 2478
f 2410 2477 2406
f 2410 2481 2477
f 2479 2413 2409
f 2415 2413 2479
f 2480 2415 2479
f 2482 2415 2480
f 2416 2481 2410
f 2416 2483 2481
f 2482 2420 2415
f 2484 2420 2482
f 2421 2483 2416
f 2421 2485 2483
f 2484 2426 2420
f 2486 2426 2484
f 2427 2485 2421
f 2427 2487 2485
f 2488 2431 2432
f 2426 2486 2489
f 2488 2426 2489
f 2490 2488 2489
f 2432 2426 2488
f 2492 2491 2490
f 2492 2490 2489
f 2494 2493 2491
f 2494 2491 2492
f 2496 2495 2493
f 2496 2493 2494
f 2498 2497 2495
f 2498 2495 2496
f 2500 2499 2497
f 2500 2497 2498
f 2501 2499 2500
f 2433 2487 2427
f 2433 2502 2487
f 2503 2434 2435
f 2436 2504 2435
f 2435 2504 2503
f 2437 2504 2436
f 2488 2438 2431
f 2438 2488 2440
f 2440 2488 2490
f 2440 2490 2442
f 2442 2490 2491
f 2442 2491 2444
f 2444 2491 2493
f 2444 2493 2445
f 2445 2493 2495
f 2445 2495 2447
f 2447 2495 2497
f 2447 2497 2449
f 2449 2497 2499
f 2506 2505 2450
f 2506 2450 2449
f 2501 2506 2449
f 2499 2501 2449
f 2508 2507 2505
f 2508 2505 2506
f 2451 2452 2507
f 2508 2451 2507
f 2509 2451 2508
f 2433 2451 2502
f 2502 2451 2509
f 2503 2453 2434
f 2453 2503 2454
f 2454 2503 2504
f 2454 2504 2437
f 2505 2455 2450
f 2455 2505 2456
f 2456 2505 2507
f 2456 2507 2452
f 2510 2457 2458
f 2459 2511 2458
f 2458 2511 2510
f 2460 2512 2459
f 2459 2512 2511
f 2512 2460 2513
f 2460 2514 2513
f 2460 2461 2514
f 2515 2461 2462
f 2515 2514 2461
f 2516 2462 2463
f 2516 2515 2462
f 2463 2464 2516
f 2516 2464 2517
f 2510 2465 2457
f 2510 2511 2518
f 2467 2510 2518
f 2519 2467 2518
f 2510 2467 2465
f 2518 2511 2512
f 2518 2512 2520
f 2520 2512 2513
f 2521 2517 2464
f 2521 2464 2468
f 2523 2522 2469
f 2522 2468 2469
f 2522 2521 2468
f 2523 2524 2522
f 2519 2470 2467
f 2525 2470 2519
f 2471 2523 2469
f 2526 2524 2523
f 2471 2526 2523
f 2472 2526 2471
f 2527 2472 2473
f 2527 2526 2472
f 2473 2474 2527
f 2527 2474 2528
f 2525 2475 2470
f 2529 2475 2525
f 2530 2528 2474
f 2530 2474 2476
f 2476 2477 2530
f 2530 2477 2531
f 2529 2532 2475
f 2475 2532 2478
f 2480 2478 2532
f 2480 2532 2533
f 2481 2531 2477
f 2481 2534 2531
f 2533 2482 2480
f 2535 2482 2533
f 2483 2534 2481
f 2483 2536 2534
f 2535 2484 2482
f 2537 2484 2535
f 2485 2536 2483
f 2485 2538 2536
f 2537 2486 2484
f 2539 2486 2537
f 2487 2538 2485
f 2487 2540 2538
f 2539 2541 2486
f 2486 2541 2489
f 2489 2542 2492
f 2541 2542 2489
f 2492 2543 2494
f 2542 2543 2492
f 2494 2544 2496
f 2543 2544 2494
f 2496 2545 2498
f 2544 2545 2496
f 2498 2546 2500
f 2545 2546 2498
f 2501 2500 2546
f 2501 2546 2547
f 2502 2540 2487
f 2502 2548 2540
f 2547 2549 2501
f 2501 2549 2506
f 2506 2550 2508
f 2549 2550 2506
f 2508 2551 2509
f 2550 2551 2508
f 2502 2509 2548
f 2548 2509 2551
f 2553 2552 2514
f 2514 2552 2513
f 2554 2514 2515
f 2554 2553 2514
f 2555 2515 2516
f 2555 2554 2515
f 2557 2556 2517
f 2556 2516 2517
f 2556 2555 2516
f 2557 2558 2556
f 2559 2519 2518
f 2559 2518 2560
f 2518 2561 2560
f 2518 2520 2561
f 2520 2513 2552
f 2520 2552 2561
f 2521 2557 2517
f 2562 2558 2557
f 2521 2562 2557
f 2522 2562 2521
f 2522 2524 2562
f 2562 2524 2563
f 2565 2564 2559
f 2564 2519 2559
f 2564 2525 2519
f 2565 2559 2560
f 2566 2563 2524
f 2566 2524 2526
f 2567 2526 2527
f 2567 2566 2526
f 2527 2528 2567
f 2567 2528 2568
f 2570 2529 2569
f 2529 2564 2569
f 2529 2525 2564
f 2571 2570 2569
f 2572 2568 2528
f 2572 2528 2530
f 2530 2531 2572
f 2572 2531 2573
f 2570 2532 2529
f 2533 2532 2570
f 2571 2533 2570
f 2574 2533 2571
f 2534 2573 2531
f 2534 2575 2573
f 2574 2535 2533
f 2576 2535 2574
f 2536 2575 2534
f 2536 2577 2575
f 2576 2537 2535
f 2578 2537 2576
f 2538 2577 2536
f 2538 2579 2577
f 2581 2539 2580
f 2539 2578 2580
f 2539 2537 2578
f 2583 2582 2581
f 2583 2581 2580
f 2585 2584 2582
f 2585 2582 2583
f 2586 2584 2585
f 2540 2579 2538
f 2540 2587 2579
f 2581 2541 2539
f 2541 2581 2542
f 2542 2581 2582
f 2542 2582 2543
f 2543 2582 2584
f 2586 2588 2584
f 2588 2543 2584
f 2588 2544 2543
f 2544 2589 2545
f 2588 2589 2544
f 2545 2590 2546
f 2589 2590 2545
f 2547 2546 2590
f 2547 2590 2591
f 2548 2587 2540
f 2548 2592 2587
f 2591 2593 2547
f 2547 2593 2549
f 2549 2594 2550
f 2593 2594 2549
f 2550 2595 2551
f 2594 2595 2550
f 2548 2551 2592
f 2592 2551 2595
f 2598 2597 2596
f 2552 2553 2596
f 2553 2598 2596
f 2553 2599 2598
f 2600 2553 2554
f 2600 2599 2553
f 2601 2554 2555
f 2601 2600 2554
f 2602 2555 2556
f 2602 2601 2555
f 2556 2558 2602
f 2602 2558 2603
f 2596 2597 2561
f 2597 2560 2561
f 2597 2604 2560
f 2596 2561 2552
f 2605 2603 2558
f 2605 2558 2562
f 2562 2563 2605
f 2605 2563 2606
f 2608 2607 2565
f 2565 2607 2564
f 2565 2560 2604
f 2565 2604 2608
f 2609 2606 2563
f 2609 2563 2566
f 2610 2566 2567
f 2610 2609 2566
f 2612 2611 2568
f 2611 2567 2568
f 2611 2610 2567
f 2612 2613 2611
f 2569 2564 2614
f 2564 2615 2614
f 2564 2607 2615
f 2614 2571 2569
f 2572 2612 2568
f 2572 2573 2612
f 2573 2613 2612
f 2573 2616 2613
f 2615 2617 2614
f 2571 2614 2617
f 2618 2571 2617
f 2574 2571 2618
f 2575 2616 2573
f 2575 2619 2616
f 2618 2576 2574
f 2620 2576 2618
f 2577 2619 2575
f 2577 2621 2619
f 2620 2578 2576
f 2622 2578 2620
f 2625 2624 2623
f 2627 2626 2623
f 2627 2623 2624
f 2628 2626 2627
f 2579 2621 2577
f 2579 2629 2621
f 2622 2630 2578
f 2578 2630 2580
f 2623 2583 2625
f 2583 2630 2625
f 2583 2580 2630
f 2583 2623 2585
f 2585 2623 2626
f 2586 2585 2626
f 2628 2586 2626
f 2631 2586 2628
f 2587 2629 2579
f 2587 2632 2629
f 2631 2633 2586
f 2586 2633 2588
f 2588 2634 2589
f 2633 2634 2588
f 2589 2635 2590
f 2634 2635 2589
f 2637 2636 2591
f 2590 2637 2591
f 2635 2637 2590
f 2638 2636 2637
f 2592 2632 2587
f 2592 2639 2632
f 2636 2593 2591
f 2638 2640 2636
f 2640 2593 2636
f 2640 2594 2593
f 2594 2641 2595
f 2640 2641 2594
f 2592 2595 2639
f 2639 2595 2641
f 2644 2643 2642
f 2642 2645 2644
f 2646 2597 2598
f 2599 2647 2598
f 2598 2647 2646
f 2600 2648 2599
f 2599 2648 2647
f 2648 2600 2649
f 2600 2650 2649
f 2600 2601 2650
f 2602 2642 2643
f 2650 2602 2643
f 2601 2602 2650
f 2652 2651 2603
f 2603 2651 2602
f 2651 2645 2602
f 2645 2642 2602
f 2652 2653 2651
f 2654 2604 2646
f 2646 2604 2597
f 2655 2646 2647
f 2654 2646 2655
f 2656 2647 2648
f 2655 2647 2656
f 2648 2649 2657
f 2648 2657 2656
f 2605 2652 2603
f 2659 2658 2606
f 2606 2658 2605
f 2658 2653 2605
f 2653 2652 2605
f 2659 2660 2658
f 2661 2607 2608
f 2604 2654 2608
f 2654 2661 2608
f 2654 2662 2661
f 2663 2654 2655
f 2662 2654 2663
f 2664 2655 2656
f 2663 2655 2664
f 2656 2657 2665
f 2656 2665 2664
f 2609 2659 2606
f 2609 2610 2659
f 2610 2666 2659
f 2666 2660 2659
f 2610 2667 2666
f 2611 2668 2610
f 2610 2668 2667
f 2613 2668 2611
f 2669 2615 2661
f 2661 2615 2607
f 2670 2661 2662
f 2669 2661 2670
f 2671 2662 2663
f 2670 2662 2671
f 2672 2663 2664
f 2671 2663 2672
f 2664 2665 2673
f 2674 2664 2673
f 2672 2664 2674
f 2676 2675 2674
f 2676 2674 2673
f 2677 2675 2676
f 2666 2667 2678
f 2666 2678 2679
f 2680 2667 2668
f 2678 2667 2680
f 2616 2680 2613
f 2613 2680 2668
f 2669 2617 2615
f 2617 2669 2618
f 2669 2681 2618
f 2669 2670 2681
f 2682 2670 2671
f 2681 2670 2682
f 2683 2671 2672
f 2682 2671 2683
f 2684 2672 2674
f 2683 2672 2684
f 2685 2674 2675
f 2684 2674 2685
f 2675 2677 2686
f 2675 2686 2685
f 2679 2678 2687
f 2679 2687 2688
f 2689 2678 2680
f 2687 2678 2689
f 2619 2689 2616
f 2616 2689 2680
f 2690 2620 2681
f 2681 2620 2618
f 2691 2681 2682
f 2690 2681 2691
f 2692 2682 2683
f 2691 2682 2692
f 2693 2683 2684
f 2692 2683 2693
f 2694 2684 2685
f 2693 2684 2694
f 2685 2686 2695
f 2685 2695 2694
f 2698 2697 2696
f 2696 2697 2688
f 2687 2696 2688
f 2699 2696 2687
f 2700 2687 2689
f 2699 2687 2700
f 2621 2700 2619
f 2619 2700 2689
f 2701 2622 2690
f 2690 2622 2620
f 2625 2701 2624
f 2701 2691 2624
f 2701 2690 2691
f 2624 2691 2627
f 2627 2691 2692
f 2627 2692 2628
f 2692 2702 2628
f 2692 2693 2702
f 2703 2693 2694
f 2702 2693 2703
f 2694 2695 2704
f 2705 2694 2704
f 2703 2694 2705
f 2705 2704 2698
f 2696 2705 2698
f 2706 2705 2696
f 2707 2696 2699
f 2706 2696 2707
f 2700 2709 2708
f 2707 2700 2708
f 2699 2700 2707
f 2700 2621 2709
f 2621 2710 2709
f 2621 2629 2710
f 2701 2630 2622
f 2630 2701 2625
f 2711 2631 2702
f 2702 2631 2628
f 2712 2702 2703
f 2711 2702 2712
f 2713 2703 2705
f 2712 2703 2713
f 2706 2715 2714
f 2713 2706 2714
f 2705 2706 2713
f 2715 2706 2707
f 2715 2707 2716
f 2716 2707 2708
f 2632 2710 2629
f 2632 2717 2710
f 2711 2633 2631
f 2633 2711 2634
f 2634 2711 2712
f 2634 2712 2635
f 2635 2712 2713
f 2714 2718 2713
f 2718 2635 2713
f 2718 2637 2635
f 2720 2719 2638
f 2637 2720 2638
f 2718 2720 2637
f 2722 2721 2719
f 2722 2719 2720
f 2722 2717 2721
f 2717 2639 2721
f 2717 2632 2639
f 2719 2640 2638
f 2640 2719 2641
f 2641 2719 2721
f 2641 2721 2639
f 2723 2643 2644
f 2645 2723 2644
f 2724 2649 2650
f 2643 2723 2650
f 2723 2724 2650
f 2723 2725 2724
f 2651 2726 2645
f 2726 2723 2645
f 2726 2725 2723
f 2653 2726 2651
f 2727 2657 2724
f 2724 2657 2649
f 2728 2724 2725
f 2727 2724 2728
f 2729 2725 2726
f 2728 2725 2729
f 2658 2730 2653
f 2730 2726 2653
f 2730 2729 2726
f 2660 2730 2658
f 2731 2665 2727
f 2727 2665 2657
f 2732 2727 2728
f 2731 2727 2732
f 2733 2728 2729
f 2732 2728 2733
f 2734 2729 2730
f 2733 2729 2734
f 2666 2734 2660
f 2660 2734 2730
f 2731 2673 2665
f 2673 2731 2676
f 2676 2731 2732
f 2676 2732 2677
f 2732 2735 2677
f 2732 2733 2735
f 2736 2733 2734
f 2735 2733 2736
f 2679 2736 2666
f 2666 2736 2734
f 2737 2686 2735
f 2735 2686 2677
f 2738 2735 2736
f 2737 2735 2738
f 2688 2738 2679
f 2679 2738 2736
f 2739 2695 2737
f 2737 2695 2686
f 2698 2739 2697
f 2739 2738 2697
f 2739 2737 2738
f 2697 2738 2688
f 2739 2704 2695
f 2704 2739 2698
f 2740 2708 2709
f 2710 2740 2709
f 2741 2714 2715
f 2716 2742 2715
f 2715 2742 2741
f 2708 2740 2716
f 2740 2742 2716
f 2740 2743 2742
f 2717 2743 2710
f 2710 2743 2740
f 2741 2718 2714
f 2718 2741 2720
f 2720 2741 2742
f 2720 2742 2722
f 2722 2742 2743
f 2722 2743 2717
f 2746 2745 2744
f 2744 2747 2746
f 2750 2749 2748
f 2750 2748 2745
f 2748 2744 2745
f 2748 2751 2744
f 2747 2744 2752
f 2752 2744 2751
f 2748 2749 2753
f 2753 2749 2754
f 2748 2755 2751
f 2748 2753 2755
f 2752 2751 2756
f 2751 2757 2756
f 2751 2755 2757
f 2757 2758 2756
f 2753 2754 2759
f 2759 2754 2760
f 2753 2761 2755
f 2753 2759 2761
f 2755 2762 2757
f 2755 2761 2762
f 2758 2757 2763
f 2763 2757 2762
f 2766 2765 2764
f 2764 2767 2766
f 2759 2760 2768
f 2768 2760 2769
f 2759 2770 2761
f 2759 2768 2770
f 2761 2771 2762
f 2761 2770 2771
f 2763 2762 2772
f 2772 2762 2771
f 2775 2774 2773
f 2775 2773 2765
f 2773 2764 2765
f 2773 2776 2764
f 2767 2764 2777
f 2777 2764 2776
f 2768 2769 2778
f 2778 2769 2779
f 2781 2770 2780
f 2770 2778 2780
f 2770 2768 2778
f 2770 2781 2771
f 2771 2781 2782
f 2771 2782 2772
f 2774 2783 2773
f 2773 2783 2776
f 2776 2783 2784
f 2776 2784 2777
f 2778 2779 2785
f 2785 2779 2786
f 2780 2778 2787
f 2787 2778 2785
f 2785 2786 2788
f 2788 2786 2789
f 2787 2785 2790
f 2790 2785 2788
f 2788 2789 2791
f 2791 2789 2792
f 2790 2788 2793
f 2793 2788 2791
f 2792 2794 2791
f 2791 2794 2793
f 2797 2796 2795
f 2745 2746 2795
f 2746 2797 2795
f 2746 2798 2797
f 2746 2747 2798
f 2798 2747 2799
f 2795 2796 2750
f 2796 2749 2750
f 2796 2800 2749
f 2795 2750 2745
f 2752 2802 2801
f 2799 2752 2801
f 2747 2752 2799
f 2802 2803 2801
f 2806 2805 2804
f 2804 2807 2806
f 2800 2754 2749
f 2808 2754 2800
f 2756 2802 2752
f 2810 2809 2758
f 2758 2809 2756
f 2809 2803 2756
f 2803 2802 2756
f 2812 2811 2810
f 2810 2811 2809
f 2814 2813 2812
f 2812 2813 2811
f 2813 2814 2805
f 2814 2804 2805
f 2814 2815 2804
f 2807 2804 2816
f 2816 2804 2815
f 2808 2760 2754
f 2817 2760 2808
f 2763 2818 2810
f 2763 2810 2758
f 2810 2819 2812
f 2810 2818 2819
f 2812 2820 2814
f 2812 2819 2820
f 2820 2765 2766
f 2815 2820 2766
f 2814 2820 2815
f 2766 2767 2815
f 2767 2816 2815
f 2767 2821 2816
f 2817 2769 2760
f 2822 2769 2817
f 2772 2823 2818
f 2772 2818 2763
f 2818 2824 2819
f 2818 2823 2824
f 2824 2774 2775
f 2820 2824 2775
f 2819 2824 2820
f 2820 2775 2765
f 2777 2821 2767
f 2777 2825 2821
f 2822 2779 2769
f 2826 2779 2822
f 2828 2827 2781
f 2828 2781 2780
f 2781 2829 2782
f 2827 2829 2781
f 2772 2782 2823
f 2782 2830 2823
f 2782 2829 2830
f 2823 2830 2824
f 2824 2830 2831
f 2824 2831 2774
f 2831 2783 2774
f 2831 2832 2783
f 2783 2833 2784
f 2832 2833 2783
f 2777 2784 2825
f 2825 2784 2833
f 2826 2786 2779
f 2834 2786 2826
f 2787 2828 2780
f 2787 2835 2828
f 2834 2789 2786
f 2836 2789 2834
f 2790 2835 2787
f 2790 2837 2835
f 2839 2792 2838
f 2792 2836 2838
f 2792 2789 2836
f 2838 2837 2839
f 2837 2793 2839
f 2837 2790 2793
f 2839 2794 2792
f 2794 2839 2793
f 2842 2841 2840
f 2844 2843 2840
f 2840 2843 2842
f 2844 2845 2843
f 2840 2841 2846
f 2846 2841 2847
f 2840 2848 2844
f 2840 2846 2848
f 2845 2844 2849
f 2844 2850 2849
f 2844 2848 2850
f 2850 2851 2849
f 2854 2853 2852
f 2852 2855 2854
f 2847 2856 2846
f 2846 2856 2848
f 2848 2856 2857
f 2859 2858 2857
f 2858 2848 2857
f 2858 2850 2848
f 2851 2850 2860
f 2860 2850 2858
f 2863 2862 2861
f 2865 2864 2861
f 2861 2864 2863
f 2867 2866 2865
f 2865 2866 2864
f 2867 2868 2866
f 2871 2870 2869
f 2871 2869 2853
f 2869 2852 2853
f 2869 2872 2852
f 2855 2852 2873
f 2873 2852 2872
f 2858 2859 2874
f 2874 2859 2875
f 2860 2858 2876
f 2876 2858 2874
f 2861 2862 2797
f 2862 2796 2797
f 2862 2877 2796
f 2861 2797 2798
f 2861 2798 2865
f 2865 2798 2799
f 2878 2865 2799
f 2867 2865 2878
f 2868 2867 2879
f 2867 2880 2879
f 2867 2878 2880
f 2882 2881 2880
f 2880 2881 2879
f 2881 2882 2870
f 2882 2869 2870
f 2882 2883 2869
f 2869 2884 2872
f 2869 2883 2884
f 2873 2872 2885
f 2885 2872 2884
f 2874 2875 2886
f 2886 2875 2887
f 2876 2874 2888
f 2888 2874 2886
f 2877 2800 2796
f 2889 2800 2877
f 2801 2878 2799
f 2878 2801 2803
f 2890 2878 2803
f 2880 2878 2890
f 2880 2891 2882
f 2880 2890 2891
f 2882 2892 2883
f 2882 2891 2892
f 2892 2805 2806
f 2884 2892 2806
f 2883 2892 2884
f 2806 2807 2884
f 2807 2885 2884
f 2807 2893 2885
f 2886 2887 2894
f 2894 2887 2895
f 2888 2886 2896
f 2896 2886 2894
f 2889 2808 2800
f 2897 2808 2889
f 2809 2890 2803
f 2890 2809 2811
f 2890 2811 2891
f 2891 2811 2813
f 2891 2813 2892
f 2892 2813 2805
f 2816 2893 2807
f 2816 2898 2893
f 2895 2899 2894
f 2894 2899 2896
f 2897 2817 2808
f 2900 2817 2897
f 2821 2898 2816
f 2821 2901 2898
f 2900 2822 2817
f 2902 2822 2900
f 2825 2901 2821
f 2825 2903 2901
f 2902 2826 2822
f 2904 2826 2902
f 2906 2905 2827
f 2906 2827 2828
f 2827 2907 2829
f 2905 2907 2827
f 2829 2908 2830
f 2907 2908 2829
f 2830 2909 2831
f 2908 2909 2830
f 2909 2911 2910
f 2832 2909 2910
f 2831 2909 2832
f 2912 2833 2832
f 2912 2832 2910
f 2912 2913 2833
f 2913 2825 2833
f 2913 2903 2825
f 2904 2834 2826
f 2914 2834 2904
f 2835 2906 2828
f 2835 2915 2906
f 2911 2916 2910
f 2910 2916 2912
f 2912 2916 2917
f 2912 2917 2913
f 2919 2836 2918
f 2836 2914 2918
f 2836 2834 2914
f 2918 2915 2919
f 2915 2837 2919
f 2915 2835 2837
f 2919 2838 2836
f 2838 2919 2837
f 2922 2921 2920
f 2924 2923 2920
f 2920 2923 2922
f 2926 2925 2924
f 2924 2925 2923
f 2926 2927 2925
f 2920 2921 2928
f 2928 2921 2929
f 2928 2841 2842
f 2924 2928 2842
f 2920 2928 2924
f 2924 2842 2843
f 2924 2843 2926
f 2931 2930 2845
f 2845 2930 2843
f 2930 2927 2843
f 2927 2926 2843
f 2933 2932 2931
f 2931 2932 2930
f 2935 2934 2933
f 2933 2934 2932
f 2937 2936 2935
f 2935 2936 2934
f 2939 2938 2937
f 2937 2938 2936
f 2939 2940 2938
f 2929 2941 2928
f 2841 2928 2941
f 2942 2841 2941
f 2847 2841 2942
f 2849 2931 2845
f 2931 2849 2851
f 2943 2931 2851
f 2933 2931 2943
f 2933 2944 2935
f 2933 2943 2944
f 2935 2945 2937
f 2935 2944 2945
f 2937 2946 2939
f 2937 2945 2946
f 2940 2939 2947
f 2939 2948 2947
f 2939 2946 2948
f 2950 2949 2948
f 2948 2949 2947
f 2952 2951 2950
f 2950 2951 2949
f 2954 2953 2952
f 2952 2953 2951
f 2853 2854 2954
f 2854 2953 2954
f 2854 2955 2953
f 2854 2855 2955
f 2955 2855 2956
f 2856 2847 2957
f 2847 2958 2957
f 2847 2942 2958
f 2959 2857 2856
f 2959 2856 2957
f 2959 2859 2857
f 2860 2960 2943
f 2860 2943 2851
f 2943 2961 2944
f 2943 2960 2961
f 2961 2862 2863
f 2945 2961 2863
f 2944 2961 2945
f 2945 2863 2864
f 2945 2864 2946
f 2946 2864 2866
f 2946 2866 2948
f 2948 2866 2868
f 2962 2948 2868
f 2950 2948 2962
f 2950 2963 2952
f 2950 2962 2963
f 2963 2870 2871
f 2954 2963 2871
f 2952 2963 2954
f 2954 2871 2853
f 2873 2956 2855
f 2873 2964 2956
f 2957 2958 2965
f 2965 2958 2966
f 2957 2967 2959
f 2957 2965 2967
f 2967 2875 2859
f 2967 2859 2959
f 2876 2968 2960
f 2876 2960 2860
f 2960 2969 2961
f 2960 2968 2969
f 2969 2877 2862
f 2969 2862 2961
f 2879 2962 2868
f 2962 2879 2881
f 2962 2881 2963
f 2963 2881 2870
f 2885 2964 2873
f 2885 2970 2964
f 2966 2971 2965
f 2973 2972 2971
f 2972 2965 2971
f 2972 2967 2965
f 2972 2887 2875
f 2972 2875 2967
f 2888 2974 2968
f 2888 2968 2876
f 2968 2975 2969
f 2968 2974 2975
f 2975 2889 2877
f 2975 2877 2969
f 2893 2970 2885
f 2893 2976 2970
f 2973 2977 2972
f 2887 2972 2977
f 2978 2887 2977
f 2895 2887 2978
f 2896 2979 2974
f 2896 2974 2888
f 2974 2980 2975
f 2974 2979 2980
f 2980 2897 2889
f 2980 2889 2975
f 2898 2976 2893
f 2898 2981 2976
f 2899 2895 2982
f 2895 2983 2982
f 2895 2978 2983
f 2979 2896 2899
f 2982 2979 2899
f 2984 2979 2982
f 2979 2985 2980
f 2979 2984 2985
f 2985 2900 2897
f 2985 2897 2980
f 2901 2981 2898
f 2901 2986 2981
f 2983 2987 2982
f 2989 2988 2987
f 2988 2982 2987
f 2988 2984 2982
f 2984 2990 2985
f 2984 2988 2990
f 2990 2902 2900
f 2990 2900 2985
f 2903 2986 2901
f 2903 2991 2986
f 2989 2992 2988
f 2994 2993 2992
f 2993 2988 2992
f 2993 2990 2988
f 2993 2904 2902
f 2993 2902 2990
f 2996 2995 2905
f 2996 2905 2906
f 2905 2997 2907
f 2995 2997 2905
f 2907 2998 2908
f 2997 2998 2907
f 2908 2999 2909
f 2998 2999 2908
f 2911 2909 2999
f 2911 2999 3000
f 2913 2991 2903
f 2913 3001 2991
f 2994 3002 2993
f 2914 2904 2993
f 3003 2914 2993
f 3002 3003 2993
f 2914 3003 3004
f 3003 2996 3004
f 2996 2915 3004
f 2996 2906 2915
f 3000 3005 2911
f 2911 3005 2916
f 2916 3006 2917
f 3005 3006 2916
f 2913 2917 3001
f 3001 2917 3006
f 3004 2918 2914
f 2918 3004 2915
f 3009 3008 3007
f 2921 2922 3007
f 2922 3009 3007
f 2922 3010 3009
f 3011 2922 2923
f 3011 3010 2922
f 3012 2923 2925
f 3012 3011 2923
f 3014 3013 2927
f 3013 2925 2927
f 3013 3012 2925
f 3014 3015 3013
f 3008 3016 3007
f 2921 3007 3016
f 3017 2921 3016
f 2929 2921 3017
f 2930 3014 2927
f 3018 3015 3014
f 2930 3018 3014
f 2932 3018 2930
f 3019 2932 2934
f 3019 3018 2932
f 3020 2934 2936
f 3020 3019 2934
f 3021 2936 2938
f 3021 3020 2936
f 2938 2940 3021
f 3021 2940 3022
f 2941 2929 3023
f 2929 3024 3023
f 2929 3017 3024
f 3023 2942 2941
f 3025 3022 2940
f 3025 2940 2947
f 3026 2947 2949
f 3026 3025 2947
f 3027 2949 2951
f 3027 3026 2949
f 3028 2951 2953
f 3028 3027 2951
f 3029 2953 2955
f 3029 3028 2953
f 2955 2956 3029
f 3029 2956 3030
f 3024 3031 3023
f 2942 3023 3031
f 3032 2942 3031
f 2958 2942 3032
f 2964 3030 2956
f 2964 3033 3030
f 3032 2966 2958
f 3034 2966 3032
f 2970 3033 2964
f 2970 3035 3033
f 2971 2966 3036
f 2966 3037 3036
f 2966 3034 3037
f 3036 2973 2971
f 2976 3035 2970
f 2976 3038 3035
f 3036 3037 3039
f 3039 3037 3040
f 3041 2977 2973
f 3036 3041 2973
f 3039 3041 3036
f 3041 2978 2977
f 2981 3038 2976
f 2981 3042 3038
f 3040 3043 3039
f 3045 3044 3043
f 3044 3039 3043
f 3044 3041 3039
f 3044 2983 2978
f 3044 2978 3041
f 2986 3042 2981
f 2986 3046 3042
f 3045 3047 3044
f 3047 3049 3048
f 3047 3048 2987
f 3044 3047 2987
f 2983 3044 2987
f 3048 2989 2987
f 2991 3046 2986
f 2991 3050 3046
f 3049 3051 3048
f 3048 3051 2989
f 3051 2992 2989
f 3051 3052 2992
f 3054 3053 2994
f 2992 3054 2994
f 3052 3054 2992
f 3056 3055 3053
f 3056 3053 3054
f 2995 2996 3055
f 3056 2995 3055
f 3057 2995 3056
f 2995 3058 2997
f 3057 3058 2995
f 2997 3059 2998
f 3058 3059 2997
f 2998 3060 2999
f 3059 3060 2998
f 3000 2999 3060
f 3000 3060 3061
f 3001 3050 2991
f 3001 3062 3050
f 3053 3002 2994
f 3002 3053 3003
f 3003 3053 3055
f 3003 3055 2996
f 3061 3063 3000
f 3000 3063 3005
f 3005 3064 3006
f 3063 3064 3005
f 3001 3006 3062
f 3062 3006 3064
f 3067 3066 3065
f 3065 3068 3067
f 3065 3066 3009
f 3066 3008 3009
f 3066 3069 3008
f 3070 3068 3065
f 3009 3070 3065
f 3010 3070 3009
f 3071 3010 3011
f 3071 3070 3010
f 3072 3011 3012
f 3072 3071 3011
f 3073 3012 3013
f 3073 3072 3012
f 3013 3015 3073
f 3073 3015 3074
f 3016 3008 3075
f 3008 3076 3075
f 3008 3069 3076
f 3075 3017 3016
f 3077 3074 3015
f 3077 3015 3018
f 3078 3018 3019
f 3078 3077 3018
f 3079 3019 3020
f 3079 3078 3019
f 3080 3020 3021
f 3080 3079 3020
f 3021 3022 3080
f 3080 3022 3081
f 3075 3076 3082
f 3082 3076 3083
f 3082 3024 3017
f 3082 3017 3075
f 3084 3081 3022
f 3084 3022 3025
f 3085 3025 3026
f 3085 3084 3025
f 3086 3026 3027
f 3086 3085 3026
f 3087 3027 3028
f 3087 3086 3027
f 3088 3028 3029
f 3088 3087 3028
f 3029 3030 3088
f 3088 3030 3089
f 3083 3090 3082
f 3090 3092 3091
f 3090 3091 3031
f 3082 3090 3031
f 3024 3082 3031
f 3091 3032 3031
f 3033 3089 3030
f 3033 3093 3089
f 3091 3092 3094
f 3094 3092 3095
f 3094 3034 3032
f 3094 3032 3091
f 3035 3093 3033
f 3035 3096 3093
f 3094 3095 3097
f 3097 3095 3098
f 3097 3037 3034
f 3097 3034 3094
f 3038 3096 3035
f 3038 3099 3096
f 3102 3101 3100
f 3102 3100 3098
f 3100 3097 3098
f 3100 3103 3097
f 3103 3040 3037
f 3103 3037 3097
f 3042 3099 3038
f 3042 3104 3099
f 3107 3106 3105
f 3107 3105 3101
f 3105 3100 3101
f 3105 3108 3100
f 3100 3109 3103
f 3100 3108 3109
f 3110 3043 3040
f 3103 3110 3040
f 3109 3110 3103
f 3110 3045 3043
f 3046 3104 3042
f 3046 3111 3104
f 3105 3106 3112
f 3112 3106 3113
f 3105 3114 3108
f 3105 3112 3114
f 3108 3115 3109
f 3108 3114 3115
f 3117 3110 3116
f 3110 3115 3116
f 3110 3109 3115
f 3110 3117 3045
f 3117 3047 3045
f 3117 3118 3047
f 3049 3047 3118
f 3049 3118 3119
f 3050 3111 3046
f 3050 3120 3111
f 3113 3121 3112
f 3112 3121 3114
f 3114 3121 3122
f 3114 3122 3115
f 3115 3122 3123
f 3115 3123 3116
f 3119 3124 3049
f 3049 3124 3051
f 3124 3126 3125
f 3052 3124 3125
f 3051 3124 3052
f 3127 3054 3052
f 3127 3052 3125
f 3054 3127 3128
f 3129 3054 3128
f 3056 3054 3129
f 3056 3130 3057
f 3129 3130 3056
f 3057 3131 3058
f 3130 3131 3057
f 3058 3132 3059
f 3131 3132 3058
f 3059 3133 3060
f 3132 3133 3059
f 3061 3060 3133
f 3061 3133 3134
f 3062 3120 3050
f 3062 3135 3120
f 3126 3136 3125
f 3125 3136 3127
f 3127 3136 3137
f 3127 3137 3128
f 3134 3138 3061
f 3061 3138 3063
f 3063 3139 3064
f 3138 3139 3063
f 3062 3064 3135
f 3135 3064 3139
f 3141 3140 3067
f 3067 3140 3066
f 3067 3068 3141
f 3141 3068 3142
f 3140 3069 3066
f 3143 3069 3140
f 3144 3142 3068
f 3144 3068 3070
f 3145 3070 3071
f 3145 3144 3070
f 3146 3071 3072
f 3146 3145 3071
f 3147 3072 3073
f 3147 3146 3072
f 3073 3074 3147
f 3147 3074 3148
f 3143 3076 3069
f 3149 3076 3143
f 3150 3148 3074
f 3150 3074 3077
f 3151 3077 3078
f 3151 3150 3077
f 3152 3078 3079
f 3152 3151 3078
f 3153 3079 3080
f 3153 3152 3079
f 3080 3081 3153
f 3153 3081 3154
f 3157 3156 3155
f 3155 3158 3157
f 3149 3083 3076
f 3159 3083 3149
f 3160 3154 3081
f 3160 3081 3084
f 3161 3084 3085
f 3161 3160 3084
f 3162 3085 3086
f 3162 3161 3085
f 3163 3086 3087
f 3163 3162 3086
f 3088 3155 3156
f 3163 3088 3156
f 3087 3088 3163
f 3088 3089 3155
f 3089 3158 3155
f 3089 3164 3158
f 3090 3083 3165
f 3083 3166 3165
f 3083 3159 3166
f 3165 3092 3090
f 3093 3164 3089
f 3093 3167 3164
f 3166 3168 3165
f 3092 3165 3168
f 3169 3092 3168
f 3095 3092 3169
f 3096 3167 3093
f 3096 3170 3167
f 3173 3172 3171
f 3175 3174 3171
f 3171 3174 3173
f 3169 3174 3175
f 3098 3169 3175
f 3095 3169 3098
f 3099 3170 3096
f 3099 3176 3170
f 3171 3172 3177
f 3177 3172 3178
f 3177 3101 3102
f 3175 3177 3102
f 3171 3177 3175
f 3175 3102 3098
f 3181 3180 3179
f 3180 3176 3179
f 3176 3104 3179
f 3176 3099 3104
f 3177 3178 3107
f 3178 3106 3107
f 3178 3182 3106
f 3177 3107 3101
f 3181 3179 3183
f 3181 3183 3184
f 3111 3183 3104
f 3104 3183 3179
f 3182 3113 3106
f 3185 3113 3182
f 3116 3186 3117
f 3187 3118 3117
f 3187 3117 3186
f 3187 3119 3118
f 3184 3183 3188
f 3184 3188 3189
f 3120 3188 3111
f 3111 3188 3183
f 3121 3113 3190
f 3113 3191 3190
f 3113 3185 3191
f 3192 3122 3121
f 3192 3121 3190
f 3193 3123 3122
f 3193 3122 3192
f 3186 3116 3123
f 3193 3186 3123
f 3194 3186 3193
f 3196 3187 3195
f 3187 3194 3195
f 3187 3186 3194
f 3187 3196 3119
f 3196 3124 3119
f 3196 3197 3124
f 3126 3124 3197
f 3126 3197 3198
f 3200 3199 3129
f 3200 3129 3128
f 3129 3201 3130
f 3199 3201 3129
f 3130 3202 3131
f 3201 3202 3130
f 3131 3203 3132
f 3202 3203 3131
f 3132 3204 3133
f 3203 3204 3132
f 3206 3205 3134
f 3133 3206 3134
f 3204 3206 3133
f 3205 3206 3189
f 3188 3205 3189
f 3207 3205 3188
f 3135 3207 3120
f 3120 3207 3188
f 3210 3209 3208
f 3212 3211 3208
f 3208 3211 3210
f 3212 3213 3211
f 3191 3214 3190
f 3190 3214 3192
f 3192 3214 3215
f 3192 3215 3193
f 3193 3215 3216
f 3193 3216 3194
f 3194 3216 3217
f 3194 3217 3195
f 3198 3218 3126
f 3126 3218 3136
f 3136 3219 3137
f 3218 3219 3136
f 3128 3137 3200
f 3200 3137 3219
f 3205 3138 3134
f 3138 3205 3139
f 3139 3205 3207
f 3139 3207 3135
f 3208 3209 3220
f 3220 3209 3221
f 3208 3222 3212
f 3208 3220 3222
f 3213 3212 3223
f 3223 3212 3222
f 3220 3221 3224
f 3224 3221 3225
f 3220 3226 3222
f 3220 3224 3226
f 3223 3222 3227
f 3227 3222 3226
f 3225 3228 3224
f 3224 3228 3226
f 3226 3228 3229
f 3226 3229 3227
f 3232 3231 3230
f 3234 3233 3230
f 3230 3233 3232
f 3234 3235 3233
f 3231 3236 3230
f 3230 3236 3234
f 3234 3236 3237
f 3234 3237 3235
f 3238 3140 3141
f 3240 3238 3239
f 3238 3141 3239
f 3142 3241 3239
f 3142 3239 3141
f 3243 3242 3241
f 3241 3242 3239
f 3245 3244 3243
f 3243 3244 3242
f 3247 3246 3245
f 3245 3246 3244
f 3247 3248 3246
f 3250 3249 3238
f 3249 3140 3238
f 3249 3143 3140
f 3142 3144 3241
f 3238 3240 3250
f 3241 3144 3145
f 3241 3145 3243
f 3243 3145 3146
f 3243 3146 3245
f 3245 3146 3147
f 3245 3147 3247
f 3252 3251 3148
f 3148 3251 3147
f 3251 3248 3147
f 3248 3247 3147
f 3254 3253 3252
f 3252 3253 3251
f 3254 3255 3253
f 3249 3149 3143
f 3256 3149 3249
f 3150 3252 3148
f 3252 3150 3151
f 3252 3151 3254
f 3257 3255 3254
f 3151 3257 3254
f 3152 3257 3151
f 3258 3152 3153
f 3258 3257 3152
f 3260 3259 3154
f 3259 3153 3154
f 3259 3258 3153
f 3260 3261 3259
f 3262 3156 3157
f 3158 3262 3157
f 3256 3159 3149
f 3263 3159 3256
f 3160 3260 3154
f 3264 3261 3260
f 3160 3264 3260
f 3161 3264 3160
f 3265 3161 3162
f 3265 3264 3161
f 3267 3265 3266
f 3265 3163 3266
f 3265 3162 3163
f 3156 3262 3163
f 3262 3266 3163
f 3262 3268 3266
f 3164 3268 3158
f 3158 3268 3262
f 3263 3166 3159
f 3269 3166 3263
f 3267 3266 3270
f 3267 3270 3271
f 3272 3266 3268
f 3270 3266 3272
f 3167 3272 3164
f 3164 3272 3268
f 3275 3274 3273
f 3273 3276 3168
f 3269 3273 3168
f 3166 3269 3168
f 3273 3269 3275
f 3276 3169 3168
f 3271 3270 3277
f 3271 3277 3278
f 3279 3270 3272
f 3277 3270 3279
f 3170 3279 3167
f 3167 3279 3272
f 3282 3281 3280
f 3282 3280 3274
f 3274 3280 3273
f 3280 3172 3273
f 3172 3173 3273
f 3273 3173 3174
f 3273 3174 3276
f 3276 3174 3169
f 3278 3277 3283
f 3278 3283 3284
f 3285 3277 3279
f 3283 3277 3285
f 3176 3285 3170
f 3170 3285 3279
f 3288 3287 3286
f 3288 3286 3281
f 3286 3280 3281
f 3286 3289 3280
f 3289 3178 3172
f 3289 3172 3280
f 3284 3283 3290
f 3284 3290 3291
f 3181 3290 3180
f 3290 3285 3180
f 3290 3283 3285
f 3180 3285 3176
f 3286 3287 3292
f 3292 3287 3293
f 3286 3294 3289
f 3286 3292 3294
f 3294 3182 3178
f 3294 3178 3289
f 3291 3290 3295
f 3291 3295 3296
f 3184 3295 3181
f 3181 3295 3290
f 3299 3298 3297
f 3299 3297 3293
f 3297 3292 3293
f 3297 3300 3292
f 3292 3301 3294
f 3292 3300 3301
f 3301 3185 3182
f 3301 3182 3294
f 3304 3303 3302
f 3302 3303 3296
f 3295 3302 3296
f 3305 3302 3295
f 3189 3305 3184
f 3184 3305 3295
f 3297 3298 3306
f 3306 3298 3307
f 3297 3308 3300
f 3297 3306 3308
f 3310 3301 3309
f 3301 3308 3309
f 3301 3300 3308
f 3185 3301 3310
f 3311 3185 3310
f 3191 3185 3311
f 3195 3312 3196
f 3313 3197 3196
f 3313 3196 3312
f 3313 3198 3197
f 3315 3314 3199
f 3315 3199 3200
f 3199 3316 3201
f 3314 3316 3199
f 3201 3317 3202
f 3316 3317 3201
f 3202 3318 3203
f 3317 3318 3202
f 3302 3204 3304
f 3204 3318 3304
f 3204 3203 3318
f 3204 3302 3206
f 3206 3302 3305
f 3206 3305 3189
f 3306 3307 3210
f 3307 3209 3210
f 3307 3319 3209
f 3306 3210 3211
f 3306 3211 3308
f 3211 3213 3308
f 3213 3309 3308
f 3213 3320 3309
f 3214 3191 3321
f 3191 3322 3321
f 3191 3311 3322
f 3323 3215 3214
f 3323 3214 3321
f 3324 3216 3215
f 3324 3215 3323
f 3325 3217 3216
f 3325 3216 3324
f 3325 3326 3217
f 3217 3326 3195
f 3326 3327 3195
f 3327 3312 3195
f 3312 3327 3313
f 3313 3327 3328
f 3313 3328 3198
f 3328 3218 3198
f 3328 3329 3218
f 3218 3330 3219
f 3329 3330 3218
f 3200 3219 3315
f 3315 3219 3330
f 3319 3221 3209
f 3331 3221 3319
f 3223 3320 3213
f 3223 3332 3320
f 3322 3333 3321
f 3335 3334 3333
f 3334 3321 3333
f 3334 3323 3321
f 3323 3336 3324
f 3323 3334 3336
f 3338 3325 3337
f 3325 3336 3337
f 3325 3324 3336
f 3325 3338 3326
f 3331 3225 3221
f 3339 3225 3331
f 3227 3332 3223
f 3227 3340 3332
f 3334 3335 3341
f 3341 3335 3342
f 3334 3343 3336
f 3334 3341 3343
f 3337 3336 3344
f 3336 3345 3344
f 3336 3343 3345
f 3347 3346 3345
f 3345 3346 3344
f 3349 3348 3347
f 3347 3348 3346
f 3349 3350 3348
f 3228 3225 3351
f 3225 3352 3351
f 3225 3339 3352
f 3353 3229 3228
f 3353 3228 3351
f 3353 3354 3229
f 3354 3227 3229
f 3354 3340 3227
f 3342 3355 3341
f 3341 3355 3343
f 3343 3355 3356
f 3357 3231 3232
f 3343 3357 3232
f 3345 3343 3232
f 3356 3357 3343
f 3345 3232 3233
f 3345 3233 3347
f 3347 3233 3235
f 3358 3347 3235
f 3349 3347 3358
f 3350 3349 3359
f 3359 3349 3358
f 3351 3352 3360
f 3360 3352 3361
f 3351 3362 3353
f 3351 3360 3362
f 3354 3353 3363
f 3363 3353 3362
f 3357 3364 3231
f 3231 3364 3236
f 3364 3366 3365
f 3237 3364 3365
f 3236 3364 3237
f 3358 3235 3237
f 3365 3358 3237
f 3367 3358 3365
f 3359 3358 3368
f 3368 3358 3367
f 3360 3361 3369
f 3369 3361 3370
f 3360 3371 3362
f 3360 3369 3371
f 3363 3362 3372
f 3372 3362 3371
f 3366 3373 3365
f 3365 3373 3367
f 3367 3373 3374
f 3367 3374 3368
f 3370 3375 3369
f 3369 3375 3371
f 3371 3375 3376
f 3371 3376 3372
f 3378 3377 3239
f 3239 3377 3240
f 3379 3239 3242
f 3379 3378 3239
f 3380 3242 3244
f 3380 3379 3242
f 3381 3244 3246
f 3381 3380 3244
f 3246 3248 3381
f 3381 3248 3382
f 3384 3383 3250
f 3250 3383 3249
f 3250 3240 3377
f 3250 3377 3384
f 3385 3382 3248
f 3385 3248 3251
f 3386 3251 3253
f 3386 3385 3251
f 3253 3255 3386
f 3386 3255 3387
f 3383 3256 3249
f 3388 3256 3383
f 3389 3387 3255
f 3389 3255 3257
f 3390 3257 3258
f 3390 3389 3257
f 3391 3258 3259
f 3391 3390 3258
f 3259 3261 3391
f 3391 3261 3392
f 3395 3394 3393
f 3388 3395 3393
f 3263 3388 3393
f 3256 3388 3263
f 3396 3392 3261
f 3396 3261 3264
f 3397 3264 3265
f 3397 3396 3264
f 3265 3267 3397
f 3397 3267 3398
f 3401 3400 3399
f 3403 3402 3399
f 3399 3402 3401
f 3402 3403 3394
f 3403 3393 3394
f 3403 3404 3393
f 3404 3269 3263
f 3404 3263 3393
f 3271 3398 3267
f 3271 3405 3398
f 3399 3400 3406
f 3406 3400 3407
f 3399 3408 3403
f 3399 3406 3408
f 3408 3274 3275
f 3404 3408 3275
f 3403 3408 3404
f 3404 3275 3269
f 3278 3405 3271
f 3278 3409 3405
f 3406 3407 3410
f 3410 3407 3411
f 3410 3281 3282
f 3408 3410 3282
f 3406 3410 3408
f 3408 3282 3274
f 3284 3409 3278
f 3284 3412 3409
f 3415 3414 3413
f 3415 3413 3411
f 3411 3413 3410
f 3413 3287 3410
f 3287 3288 3410
f 3410 3288 3281
f 3291 3412 3284
f 3291 3416 3412
f 3413 3414 3417
f 3417 3414 3418
f 3417 3293 3287
f 3417 3287 3413
f 3421 3420 3419
f 3420 3416 3419
f 3416 3296 3419
f 3416 3291 3296
f 3417 3418 3299
f 3418 3298 3299
f 3418 3422 3298
f 3417 3299 3293
f 3425 3424 3423
f 3423 3424 3421
f 3423 3421 3419
f 3304 3423 3419
f 3303 3304 3419
f 3303 3419 3296
f 3422 3307 3298
f 3426 3307 3422
f 3309 3427 3310
f 3427 3311 3310
f 3429 3428 3314
f 3429 3314 3315
f 3314 3430 3316
f 3428 3430 3314
f 3316 3431 3317
f 3430 3431 3316
f 3423 3318 3425
f 3318 3431 3425
f 3318 3317 3431
f 3318 3423 3304
f 3434 3433 3432
f 3426 3434 3432
f 3319 3426 3432
f 3307 3426 3319
f 3320 3435 3427
f 3320 3427 3309
f 3435 3322 3311
f 3435 3311 3427
f 3326 3436 3327
f 3437 3328 3327
f 3437 3327 3436
f 3438 3329 3328
f 3438 3328 3437
f 3329 3438 3439
f 3440 3329 3439
f 3330 3329 3440
f 3315 3330 3429
f 3429 3330 3440
f 3432 3433 3441
f 3441 3433 3442
f 3441 3331 3319
f 3441 3319 3432
f 3444 3443 3435
f 3320 3444 3435
f 3332 3444 3320
f 3435 3443 3322
f 3443 3333 3322
f 3443 3445 3333
f 3335 3333 3445
f 3335 3445 3446
f 3337 3447 3338
f 3436 3326 3338
f 3447 3436 3338
f 3448 3436 3447
f 3436 3449 3437
f 3436 3448 3449
f 3451 3438 3450
f 3438 3449 3450
f 3438 3437 3449
f 3438 3451 3439
f 3441 3442 3452
f 3452 3442 3453
f 3452 3339 3331
f 3452 3331 3441
f 3340 3444 3332
f 3340 3454 3444
f 3446 3342 3335
f 3455 3342 3446
f 3344 3447 3337
f 3447 3344 3346
f 3447 3346 3448
f 3448 3346 3348
f 3448 3348 3449
f 3348 3350 3449
f 3350 3450 3449
f 3350 3456 3450
f 3452 3453 3457
f 3457 3453 3458
f 3457 3352 3339
f 3457 3339 3452
f 3354 3454 3340
f 3354 3459 3454
f 3355 3342 3460
f 3342 3461 3460
f 3342 3455 3461
f 3462 3356 3355
f 3462 3355 3460
f 3462 3357 3356
f 3359 3456 3350
f 3359 3463 3456
f 3457 3458 3464
f 3464 3458 3465
f 3464 3361 3352
f 3464 3352 3457
f 3363 3459 3354
f 3363 3466 3459
f 3461 3467 3460
f 3460 3467 3462
f 3462 3467 3468
f 3468 3470 3469
f 3468 3469 3364
f 3462 3468 3364
f 3357 3462 3364
f 3469 3366 3364
f 3368 3463 3359
f 3368 3471 3463
f 3464 3465 3472
f 3472 3465 3473
f 3472 3370 3361
f 3472 3361 3464
f 3372 3466 3363
f 3372 3474 3466
f 3470 3475 3469
f 3469 3475 3366
f 3475 3373 3366
f 3475 3476 3373
f 3373 3477 3374
f 3476 3477 3373
f 3368 3374 3471
f 3471 3374 3477
f 3472 3473 3478
f 3478 3473 3479
f 3480 3375 3370
f 3472 3480 3370
f 3478 3480 3472
f 3375 3480 3481
f 3482 3375 3481
f 3376 3375 3482
f 3372 3376 3474
f 3474 3376 3482
f 3479 3483 3478
f 3478 3483 3480
f 3480 3483 3484
f 3480 3484 3481
f 3487 3486 3485
f 3485 3488 3487
f 3490 3489 3378
f 3378 3489 3377
f 3491 3378 3379
f 3491 3490 3378
f 3380 3485 3486
f 3491 3380 3486
f 3379 3380 3491
f 3492 3488 3485
f 3380 3492 3485
f 3381 3492 3380
f 3494 3493 3382
f 3493 3381 3382
f 3493 3492 3381
f 3494 3495 3493
f 3497 3496 3384
f 3384 3496 3383
f 3384 3377 3489
f 3384 3489 3497
f 3385 3494 3382
f 3498 3495 3494
f 3385 3498 3494
f 3386 3498 3385
f 3386 3387 3498
f 3498 3387 3499
f 3496 3388 3383
f 3500 3388 3496
f 3501 3499 3387
f 3501 3387 3389
f 3502 3389 3390
f 3502 3501 3389
f 3503 3390 3391
f 3503 3502 3390
f 3505 3504 3392
f 3504 3391 3392
f 3504 3503 3391
f 3505 3506 3504
f 3507 3394 3395
f 3508 3507 3395
f 3388 3508 3395
f 3500 3508 3388
f 3396 3505 3392
f 3396 3397 3505
f 3397 3509 3505
f 3509 3506 3505
f 3397 3510 3509
f 3398 3510 3397
f 3512 3511 3401
f 3401 3511 3400
f 3514 3512 3513
f 3512 3402 3513
f 3512 3401 3402
f 3394 3507 3402
f 3507 3513 3402
f 3507 3515 3513
f 3507 3508 3516
f 3507 3516 3515
f 3509 3510 3517
f 3509 3517 3518
f 3405 3517 3398
f 3398 3517 3510
f 3521 3520 3519
f 3523 3522 3519
f 3519 3522 3521
f 3525 3524 3523
f 3523 3524 3522
f 3511 3524 3525
f 3407 3511 3525
f 3400 3511 3407
f 3526 3514 3513
f 3526 3513 3515
f 3526 3515 3527
f 3527 3515 3516
f 3518 3517 3528
f 3518 3528 3529
f 3409 3528 3405
f 3405 3528 3517
f 3519 3520 3530
f 3530 3520 3531
f 3519 3532 3523
f 3519 3530 3532
f 3523 3533 3525
f 3523 3532 3533
f 3533 3411 3407
f 3533 3407 3525
f 3529 3528 3534
f 3529 3534 3535
f 3412 3534 3409
f 3409 3534 3528
f 3530 3531 3536
f 3536 3531 3537
f 3530 3538 3532
f 3530 3536 3538
f 3538 3414 3415
f 3533 3538 3415
f 3532 3538 3533
f 3533 3415 3411
f 3535 3534 3539
f 3535 3539 3540
f 3416 3539 3412
f 3412 3539 3534
f 3536 3537 3541
f 3541 3537 3542
f 3536 3543 3538
f 3536 3541 3543
f 3543 3418 3414
f 3543 3414 3538
f 3546 3545 3544
f 3544 3545 3540
f 3544 3540 3539
f 3421 3544 3539
f 3420 3421 3539
f 3420 3539 3416
f 3541 3542 3547
f 3547 3542 3548
f 3541 3549 3543
f 3541 3547 3549
f 3549 3422 3418
f 3549 3418 3543
f 3552 3551 3550
f 3554 3553 3550
f 3554 3550 3551
f 3553 3554 3546
f 3553 3546 3544
f 3425 3553 3544
f 3424 3425 3544
f 3424 3544 3421
f 3548 3555 3547
f 3557 3556 3555
f 3556 3547 3555
f 3556 3549 3547
f 3556 3426 3422
f 3556 3422 3549
f 3429 3558 3428
f 3559 3552 3550
f 3428 3559 3550
f 3430 3428 3550
f 3559 3428 3558
f 3430 3550 3431
f 3431 3550 3553
f 3431 3553 3425
f 3562 3561 3560
f 3562 3560 3557
f 3557 3560 3556
f 3560 3433 3556
f 3433 3434 3556
f 3556 3434 3426
f 3564 3563 3440
f 3564 3440 3439
f 3429 3440 3558
f 3440 3565 3558
f 3440 3563 3565
f 3558 3565 3559
f 3560 3561 3566
f 3566 3561 3567
f 3566 3442 3433
f 3566 3433 3560
f 3444 3568 3443
f 3569 3445 3443
f 3569 3443 3568
f 3569 3446 3445
f 3450 3570 3451
f 3570 3571 3451
f 3571 3439 3451
f 3571 3564 3439
f 3566 3567 3572
f 3572 3567 3573
f 3572 3453 3442
f 3572 3442 3566
f 3454 3574 3568
f 3454 3568 3444
f 3576 3569 3575
f 3569 3574 3575
f 3569 3568 3574
f 3446 3569 3576
f 3577 3446 3576
f 3455 3446 3577
f 3456 3578 3570
f 3456 3570 3450
f 3571 3570 3579
f 3579 3570 3578
f 3572 3573 3580
f 3580 3573 3581
f 3580 3458 3453
f 3580 3453 3572
f 3583 3582 3574
f 3454 3583 3574
f 3459 3583 3454
f 3574 3582 3575
f 3577 3461 3455
f 3584 3461 3577
f 3463 3585 3578
f 3463 3578 3456
f 3579 3578 3586
f 3586 3578 3585
f 3580 3581 3587
f 3587 3581 3588
f 3587 3465 3458
f 3587 3458 3580
f 3466 3583 3459
f 3466 3589 3583
f 3467 3461 3590
f 3461 3591 3590
f 3461 3584 3591
f 3592 3468 3467
f 3592 3467 3590
f 3592 3470 3468
f 3471 3593 3585
f 3471 3585 3463
f 3586 3585 3594
f 3594 3585 3593
f 3587 3588 3595
f 3595 3588 3596
f 3595 3473 3465
f 3595 3465 3587
f 3474 3589 3466
f 3474 3597 3589
f 3591 3598 3590
f 3590 3598 3592
f 3592 3598 3599
f 3592 3599 3470
f 3599 3475 3470
f 3599 3600 3475
f 3600 3602 3601
f 3476 3600 3601
f 3475 3600 3476
f 3603 3477 3476
f 3603 3476 3601
f 3603 3604 3477
f 3477 3604 3471
f 3604 3605 3471
f 3605 3593 3471
f 3593 3605 3594
f 3595 3596 3606
f 3606 3596 3607
f 3606 3479 3473
f 3606 3473 3595
f 3481 3608 3482
f 3608 3609 3482
f 3609 3474 3482
f 3609 3597 3474
f 3602 3610 3601
f 3601 3610 3603
f 3603 3610 3611
f 3603 3611 3604
f 3606 3607 3612
f 3612 3607 3613
f 3614 3483 3479
f 3606 3614 3479
f 3612 3614 3606
f 3615 3484 3483
f 3615 3483 3614
f 3615 3616 3484
f 3484 3616 3481
f 3616 3617 3481
f 3617 3608 3481
f 3608 3617 3609
f 3620 3619 3618
f 3622 3621 3618
f 3618 3621 3620
f 3622 3623 3621
f 3626 3625 3624
f 3628 3627 3624
f 3624 3627 3626
f 3627 3628 3613
f 3628 3612 3613
f 3628 3629 3612
f 3612 3630 3614
f 3612 3629 3630
f 3632 3615 3631
f 3615 3630 3631
f 3615 3614 3630
f 3615 3632 3616
f 3619 3633 3618
f 3618 3633 3622
f 3622 3633 3634
f 3622 3634 3623
f 3625 3635 3624
f 3624 3635 3628
f 3628 3635 3636
f 3628 3636 3629
f 3629 3636 3637
f 3629 3637 3630
f 3630 3637 3638
f 3630 3638 3631
f 3640 3639 3487
f 3487 3639 3486
f 3487 3488 3640
f 3640 3488 3641
f 3642 3489 3490
f 3491 3643 3490
f 3490 3643 3642
f 3644 3643 3491
f 3486 3644 3491
f 3639 3644 3486
f 3645 3641 3488
f 3645 3488 3492
f 3646 3492 3493
f 3646 3645 3492
f 3493 3495 3646
f 3646 3495 3647
f 3649 3648 3497
f 3497 3648 3496
f 3497 3489 3642
f 3650 3497 3642
f 3649 3497 3650
f 3650 3642 3643
f 3650 3643 3651
f 3651 3643 3644
f 3652 3647 3495
f 3652 3495 3498
f 3498 3499 3652
f 3652 3499 3653
f 3648 3500 3496
f 3654 3500 3648
f 3655 3653 3499
f 3655 3499 3501
f 3656 3501 3502
f 3656 3655 3501
f 3657 3502 3503
f 3657 3656 3502
f 3659 3657 3658
f 3657 3504 3658
f 3657 3503 3504
f 3506 3658 3504
f 3654 3508 3500
f 3660 3508 3654
f 3661 3659 3658
f 3658 3506 3661
f 3506 3662 3661
f 3506 3509 3662
f 3663 3511 3512
f 3514 3663 3512
f 3660 3516 3508
f 3664 3516 3660
f 3518 3662 3509
f 3518 3665 3662
f 3666 3520 3521
f 3522 3667 3521
f 3521 3667 3666
f 3667 3522 3668
f 3522 3669 3668
f 3522 3524 3669
f 3524 3511 3663
f 3670 3524 3663
f 3669 3524 3670
f 3670 3663 3514
f 3526 3670 3514
f 3671 3670 3526
f 3672 3526 3527
f 3672 3671 3526
f 3527 3516 3664
f 3527 3664 3672
f 3675 3674 3673
f 3674 3665 3673
f 3665 3529 3673
f 3665 3518 3529
f 3676 3531 3666
f 3666 3531 3520
f 3677 3666 3667
f 3676 3666 3677
f 3667 3668 3678
f 3667 3678 3677
f 3675 3673 3679
f 3675 3679 3680
f 3535 3679 3529
f 3529 3679 3673
f 3681 3537 3676
f 3676 3537 3531
f 3682 3676 3677
f 3681 3676 3682
f 3677 3678 3683
f 3677 3683 3682
f 3680 3679 3684
f 3680 3684 3685
f 3540 3684 3535
f 3535 3684 3679
f 3688 3687 3686
f 3689 3688 3681
f 3688 3542 3681
f 3542 3537 3681
f 3688 3686 3542
f 3689 3681 3682
f 3689 3682 3690
f 3690 3682 3683
f 3693 3692 3691
f 3695 3694 3691
f 3695 3691 3692
f 3694 3695 3685
f 3694 3685 3684
f 3546 3694 3684
f 3545 3546 3684
f 3545 3684 3540
f 3698 3697 3696
f 3698 3696 3687
f 3696 3686 3687
f 3696 3699 3686
f 3699 3548 3542
f 3699 3542 3686
f 3693 3691 3551
f 3552 3693 3551
f 3700 3693 3552
f 3551 3691 3554
f 3554 3691 3694
f 3554 3694 3546
f 3697 3701 3696
f 3703 3702 3701
f 3702 3696 3701
f 3702 3699 3696
f 3704 3555 3548
f 3699 3704 3548
f 3702 3704 3699
f 3704 3557 3555
f 3559 3700 3552
f 3559 3705 3700
f 3702 3703 3706
f 3706 3703 3707
f 3706 3561 3562
f 3704 3706 3562
f 3702 3706 3704
f 3704 3562 3557
f 3564 3708 3563
f 3709 3565 3563
f 3709 3563 3708
f 3709 3710 3565
f 3710 3559 3565
f 3710 3705 3559
f 3707 3711 3706
f 3561 3706 3711
f 3712 3561 3711
f 3567 3561 3712
f 3571 3713 3708
f 3571 3708 3564
f 3708 3714 3709
f 3708 3713 3714
f 3710 3709 3715
f 3715 3709 3714
f 3712 3573 3567
f 3716 3573 3712
f 3575 3717 3576
f 3717 3577 3576
f 3719 3718 3713
f 3571 3719 3713
f 3579 3719 3571
f 3713 3718 3714
f 3714 3718 3720
f 3714 3720 3715
f 3723 3722 3721
f 3716 3723 3721
f 3581 3716 3721
f 3573 3716 3581
f 3583 3724 3582
f 3717 3575 3582
f 3724 3717 3582
f 3725 3717 3724
f 3725 3584 3577
f 3725 3577 3717
f 3586 3719 3579
f 3586 3726 3719
f 3721 3722 3727
f 3727 3722 3728
f 3727 3588 3581
f 3727 3581 3721
f 3730 3729 3724
f 3583 3730 3724
f 3589 3730 3583
f 3732 3731 3729
f 3731 3724 3729
f 3731 3725 3724
f 3731 3591 3584
f 3731 3584 3725
f 3594 3726 3586
f 3594 3733 3726
f 3736 3735 3734
f 3738 3737 3734
f 3734 3737 3736
f 3740 3739 3738
f 3738 3739 3737
f 3742 3741 3740
f 3740 3741 3739
f 3741 3742 3728
f 3742 3727 3728
f 3742 3743 3727
f 3743 3596 3588
f 3743 3588 3727
f 3597 3730 3589
f 3597 3744 3730
f 3732 3745 3731
f 3731 3745 3591
f 3745 3598 3591
f 3745 3746 3598
f 3598 3747 3599
f 3746 3747 3598
f 3747 3749 3748
f 3600 3747 3748
f 3599 3747 3600
f 3748 3602 3600
f 3604 3750 3605
f 3750 3751 3605
f 3751 3594 3605
f 3751 3733 3594
f 3754 3753 3752
f 3754 3752 3735
f 3752 3734 3735
f 3752 3755 3734
f 3734 3756 3738
f 3734 3755 3756
f 3738 3757 3740
f 3738 3756 3757
f 3740 3758 3742
f 3740 3757 3758
f 3742 3759 3743
f 3742 3758 3759
f 3759 3607 3596
f 3759 3596 3743
f 3609 3744 3597
f 3609 3760 3744
f 3749 3761 3748
f 3748 3761 3602
f 3761 3610 3602
f 3761 3762 3610
f 3610 3763 3611
f 3762 3763 3610
f 3604 3611 3750
f 3611 3764 3750
f 3611 3763 3764
f 3750 3764 3751
f 3752 3753 3765
f 3765 3753 3766
f 3752 3767 3755
f 3752 3765 3767
f 3755 3768 3756
f 3755 3767 3768
f 3770 3757 3769
f 3757 3768 3769
f 3757 3756 3768
f 3772 3771 3770
f 3771 3757 3770
f 3771 3758 3757
f 3758 3773 3759
f 3758 3771 3773
f 3773 3613 3607
f 3773 3607 3759
f 3616 3774 3617
f 3774 3775 3617
f 3775 3609 3617
f 3775 3760 3609
f 3765 3766 3620
f 3766 3619 3620
f 3766 3776 3619
f 3765 3620 3621
f 3765 3621 3767
f 3768 3767 3777
f 3767 3623 3777
f 3623 3778 3777
f 3623 3767 3621
f 3768 3777 3769
f 3771 3772 3626
f 3772 3625 3626
f 3772 3779 3625
f 3771 3626 3627
f 3771 3627 3773
f 3773 3627 3613
f 3631 3780 3632
f 3780 3781 3632
f 3632 3781 3616
f 3781 3782 3616
f 3782 3774 3616
f 3774 3782 3775
f 3776 3783 3619
f 3619 3783 3633
f 3633 3784 3634
f 3783 3784 3633
f 3623 3634 3778
f 3778 3634 3784
f 3779 3785 3625
f 3625 3785 3635
f 3635 3786 3636
f 3785 3786 3635
f 3636 3787 3637
f 3786 3787 3636
f 3637 3788 3638
f 3787 3788 3637
f 3631 3638 3780
f 3638 3789 3780
f 3638 3788 3789
f 3780 3789 3781
f 3790 3639 3640
f 3641 3790 3640
f 3792 3791 3790
f 3791 3639 3790
f 3791 3644 3639
f 3792 3790 3641
f 3645 3792 3641
f 3793 3792 3645
f 3795 3793 3794
f 3793 3646 3794
f 3793 3645 3646
f 3647 3794 3646
f 3796 3648 3649
f 3650 3797 3649
f 3649 3797 3796
f 3797 3650 3798
f 3650 3799 3798
f 3650 3651 3799
f 3651 3644 3791
f 3651 3791 3799
f 3800 3795 3794
f 3800 3794 3647
f 3652 3800 3647
f 3801 3800 3652
f 3652 3653 3801
f 3801 3653 3802
f 3803 3654 3796
f 3796 3654 3648
f 3804 3796 3797
f 3803 3796 3804
f 3797 3798 3805
f 3797 3805 3804
f 3806 3802 3653
f 3806 3653 3655
f 3807 3655 3656
f 3807 3806 3655
f 3808 3656 3657
f 3808 3807 3656
f 3657 3659 3808
f 3808 3659 3809
f 3810 3660 3803
f 3803 3660 3654
f 3804 3812 3811
f 3810 3804 3811
f 3803 3804 3810
f 3812 3804 3805
f 3659 3661 3813
f 3814 3659 3813
f 3809 3659 3814
f 3662 3813 3661
f 3815 3664 3810
f 3810 3664 3660
f 3810 3811 3816
f 3810 3816 3815
f 3814 3813 3817
f 3814 3817 3818
f 3665 3817 3662
f 3662 3817 3813
f 3819 3668 3669
f 3670 3820 3669
f 3669 3820 3819
f 3820 3670 3821
f 3670 3822 3821
f 3670 3671 3822
f 3823 3671 3672
f 3823 3822 3671
f 3672 3664 3815
f 3824 3672 3815
f 3823 3672 3824
f 3824 3815 3816
f 3818 3817 3674
f 3675 3818 3674
f 3825 3818 3675
f 3674 3817 3665
f 3827 3826 3819
f 3826 3668 3819
f 3826 3678 3668
f 3827 3819 3820
f 3827 3820 3828
f 3828 3820 3821
f 3680 3825 3675
f 3680 3829 3825
f 3826 3683 3678
f 3830 3683 3826
f 3833 3832 3831
f 3835 3834 3831
f 3835 3831 3832
f 3835 3829 3834
f 3829 3685 3834
f 3829 3680 3685
f 3836 3687 3688
f 3689 3837 3688
f 3688 3837 3836
f 3690 3838 3689
f 3689 3838 3837
f 3839 3838 3690
f 3683 3839 3690
f 3830 3839 3683
f 3833 3831 3692
f 3693 3833 3692
f 3840 3833 3693
f 3692 3831 3695
f 3695 3831 3834
f 3695 3834 3685
f 3842 3841 3698
f 3698 3841 3697
f 3698 3687 3836
f 3843 3698 3836
f 3842 3698 3843
f 3843 3836 3837
f 3843 3837 3844
f 3844 3837 3838
f 3844 3838 3845
f 3845 3838 3839
f 3700 3840 3693
f 3700 3846 3840
f 3701 3697 3847
f 3697 3848 3847
f 3697 3841 3848
f 3847 3703 3701
f 3705 3846 3700
f 3705 3849 3846
f 3847 3848 3850
f 3850 3848 3851
f 3850 3707 3703
f 3850 3703 3847
f 3710 3849 3705
f 3710 3852 3849
f 3851 3853 3850
f 3853 3855 3854
f 3853 3854 3711
f 3850 3853 3711
f 3707 3850 3711
f 3854 3712 3711
f 3715 3852 3710
f 3715 3856 3852
f 3854 3855 3857
f 3857 3855 3858
f 3857 3716 3712
f 3857 3712 3854
f 3719 3859 3718
f 3860 3720 3718
f 3860 3718 3859
f 3860 3861 3720
f 3861 3715 3720
f 3861 3856 3715
f 3864 3863 3862
f 3866 3865 3862
f 3862 3865 3864
f 3868 3867 3866
f 3866 3867 3865
f 3867 3868 3858
f 3858 3868 3857
f 3868 3722 3857
f 3722 3723 3857
f 3857 3723 3716
f 3870 3869 3859
f 3719 3870 3859
f 3726 3870 3719
f 3859 3869 3860
f 3860 3869 3871
f 3860 3871 3861
f 3874 3873 3872
f 3876 3875 3872
f 3872 3875 3874
f 3875 3876 3863
f 3876 3862 3863
f 3876 3877 3862
f 3862 3878 3866
f 3862 3877 3878
f 3866 3879 3868
f 3866 3878 3879
f 3879 3728 3722
f 3879 3722 3868
f 3730 3880 3729
f 3880 3732 3729
f 3733 3870 3726
f 3733 3881 3870
f 3872 3873 3882
f 3882 3873 3883
f 3882 3735 3736
f 3876 3882 3736
f 3872 3882 3876
f 3876 3736 3737
f 3876 3737 3877
f 3877 3737 3739
f 3877 3739 3878
f 3878 3739 3741
f 3878 3741 3879
f 3879 3741 3728
f 3885 3884 3880
f 3730 3885 3880
f 3744 3885 3730
f 3880 3884 3732
f 3884 3745 3732
f 3884 3886 3745
f 3886 3888 3887
f 3746 3886 3887
f 3745 3886 3746
f 3889 3747 3746
f 3889 3746 3887
f 3889 3749 3747
f 3751 3881 3733
f 3751 3890 3881
f 3882 3883 3754
f 3883 3753 3754
f 3883 3891 3753
f 3882 3754 3735
f 3760 3885 3744
f 3760 3892 3885
f 3888 3893 3887
f 3887 3893 3889
f 3889 3893 3894
f 3889 3894 3749
f 3894 3761 3749
f 3894 3895 3761
f 3761 3896 3762
f 3895 3896 3761
f 3762 3897 3763
f 3896 3897 3762
f 3763 3898 3764
f 3897 3898 3763
f 3751 3764 3890
f 3890 3764 3898
f 3891 3766 3753
f 3899 3766 3891
f 3901 3900 3770
f 3901 3770 3769
f 3772 3770 3900
f 3772 3900 3902
f 3775 3892 3760
f 3775 3903 3892
f 3899 3776 3766
f 3904 3776 3899
f 3906 3905 3777
f 3906 3777 3778
f 3769 3777 3901
f 3901 3777 3905
f 3902 3779 3772
f 3907 3779 3902
f 3909 3908 3782
f 3909 3782 3781
f 3775 3782 3903
f 3903 3782 3908
f 3904 3910 3776
f 3776 3910 3783
f 3783 3911 3784
f 3910 3911 3783
f 3778 3784 3906
f 3906 3784 3911
f 3785 3779 3912
f 3779 3913 3912
f 3779 3907 3913
f 3914 3786 3785
f 3914 3785 3912
f 3915 3787 3786
f 3915 3786 3914
f 3916 3788 3787
f 3916 3787 3915
f 3917 3789 3788
f 3917 3788 3916
f 3917 3918 3789
f 3918 3781 3789
f 3918 3909 3781
f 3913 3919 3912
f 3912 3919 3914
f 3914 3919 3920
f 3914 3920 3915
f 3915 3920 3921
f 3915 3921 3916
f 3916 3921 3922
f 3916 3922 3917
f 3917 3922 3923
f 3917 3923 3918
f 3924 3791 3792
f 3924 3792 3925
f 3792 3926 3925
f 3792 3793 3926
f 3793 3795 3926
f 3926 3795 3927
f 3928 3798 3799
f 3929 3928 3799
f 3929 3799 3791
f 3930 3929 3791
f 3924 3930 3791
f 3930 3924 3925
f 3931 3927 3795
f 3931 3795 3800
f 3932 3800 3801
f 3932 3931 3800
f 3801 3802 3932
f 3932 3802 3933
f 3935 3934 3928
f 3934 3798 3928
f 3934 3805 3798
f 3935 3928 3929
f 3936 3933 3802
f 3936 3802 3806
f 3937 3806 3807
f 3937 3936 3806
f 3939 3937 3938
f 3937 3808 3938
f 3937 3807 3808
f 3809 3938 3808
f 3940 3811 3812
f 3941 3940 3812
f 3805 3941 3812
f 3934 3941 3805
f 3939 3938 3942
f 3939 3942 3943
f 3814 3942 3809
f 3809 3942 3938
f 3945 3944 3940
f 3944 3811 3940
f 3944 3816 3811
f 3945 3940 3941
f 3943 3942 3946
f 3943 3946 3947
f 3818 3946 3814
f 3814 3946 3942
f 3948 3821 3822
f 3823 3949 3822
f 3822 3949 3948
f 3949 3823 3950
f 3823 3951 3950
f 3823 3824 3951
f 3824 3816 3944
f 3824 3944 3951
f 3947 3946 3952
f 3947 3952 3953
f 3825 3952 3818
f 3818 3952 3946
f 3954 3826 3827
f 3954 3827 3955
f 3827 3956 3955
f 3827 3828 3956
f 3828 3821 3948
f 3957 3828 3948
f 3956 3828 3957
f 3957 3948 3949
f 3957 3949 3958
f 3958 3949 3950
f 3953 3952 3959
f 3953 3959 3960
f 3829 3959 3825
f 3825 3959 3952
f 3961 3830 3954
f 3954 3830 3826
f 3954 3955 3962
f 3954 3962 3961
f 3964 3963 3832
f 3964 3832 3833
f 3959 3835 3960
f 3835 3963 3960
f 3835 3832 3963
f 3835 3959 3829
f 3965 3839 3961
f 3961 3839 3830
f 3961 3962 3966
f 3961 3966 3965
f 3840 3964 3833
f 3840 3967 3964
f 3969 3968 3842
f 3842 3968 3841
f 3970 3842 3843
f 3970 3969 3842
f 3971 3843 3844
f 3971 3970 3843
f 3972 3844 3845
f 3972 3971 3844
f 3845 3839 3965
f 3973 3845 3965
f 3972 3845 3973
f 3973 3965 3966
f 3846 3967 3840
f 3846 3974 3967
f 3968 3848 3841
f 3975 3848 3968
f 3849 3974 3846
f 3849 3976 3974
f 3975 3851 3848
f 3977 3851 3975
f 3852 3976 3849
f 3852 3978 3976
f 3981 3980 3979
f 3979 3982 3853
f 3977 3979 3853
f 3851 3977 3853
f 3979 3977 3981
f 3982 3855 3853
f 3985 3984 3983
f 3984 3978 3983
f 3978 3856 3983
f 3978 3852 3856
f 3988 3987 3986
f 3988 3986 3980
f 3986 3979 3980
f 3986 3989 3979
f 3979 3990 3982
f 3979 3989 3990
f 3990 3858 3855
f 3990 3855 3982
f 3993 3992 3991
f 3991 3992 3985
f 3983 3991 3985
f 3994 3991 3983
f 3861 3994 3856
f 3856 3994 3983
f 3997 3996 3995
f 3999 3998 3995
f 3995 3998 3997
f 4001 4000 3999
f 3999 4000 3998
f 4003 4002 4001
f 4001 4002 4000
f 4002 4003 3987
f 3987 4003 3986
f 4003 3863 3986
f 3863 3864 3986
f 3986 3864 3865
f 3986 3865 3989
f 3989 3865 3867
f 3989 3867 3990
f 3990 3867 3858
f 3993 3991 3869
f 3870 3993 3869
f 4004 3993 3870
f 3869 3991 3871
f 3871 3991 3994
f 3871 3994 3861
f 3995 3996 4005
f 4005 3996 4006
f 3995 4007 3999
f 3995 4005 4007
f 4007 3873 3874
f 4001 4007 3874
f 3999 4007 4001
f 4001 3874 3875
f 4001 3875 4003
f 4003 3875 3863
f 3881 4004 3870
f 3881 4008 4004
f 4006 4009 4005
f 4005 4009 4007
f 4007 4009 4010
f 3873 4007 4010
f 4011 3873 4010
f 3883 3873 4011
f 4013 4012 3884
f 4013 3884 3885
f 3884 4014 3886
f 4012 4014 3884
f 3888 3886 4014
f 3888 4014 4015
f 3890 4008 3881
f 3890 4016 4008
f 4019 4018 4017
f 4021 4020 4017
f 4017 4020 4019
f 4021 4022 4020
f 4011 3891 3883
f 4023 3891 4011
f 3892 4013 3885
f 3892 4024 4013
f 4015 4025 3888
f 3888 4025 3893
f 3893 4026 3894
f 4025 4026 3893
f 3894 4027 3895
f 4026 4027 3894
f 3895 4028 3896
f 4027 4028 3895
f 3896 4029 3897
f 4028 4029 3896
f 3897 4030 3898
f 4029 4030 3897
f 3890 3898 4016
f 4016 3898 4030
f 4018 4031 4017
f 4017 4031 4021
f 4021 4031 4032
f 4021 4032 4022
f 4023 3899 3891
f 4033 3899 4023
f 4035 4034 3900
f 4035 3900 3901
f 3902 3900 4034
f 3902 4034 4036
f 3903 4024 3892
f 3903 4037 4024
f 4033 3904 3899
f 4038 3904 4033
f 4040 4039 3905
f 4040 3905 3906
f 3901 3905 4035
f 4035 3905 4039
f 4036 3907 3902
f 4041 3907 4036
f 3909 4042 3908
f 4042 4043 3908
f 4043 3903 3908
f 4043 4037 3903
f 3910 3904 4044
f 3904 4045 4044
f 3904 4038 4045
f 4046 3911 3910
f 4046 3910 4044
f 4046 4047 3911
f 4047 3906 3911
f 4047 4040 3906
f 4049 3913 4048
f 3913 4041 4048
f 3913 3907 4041
f 4050 4049 4048
f 4052 4051 4042
f 3909 4052 4042
f 3918 4052 3909
f 4042 4051 4043
f 4045 4053 4044
f 4044 4053 4046
f 4046 4053 4054
f 4046 4054 4047
f 4049 3919 3913
f 4050 4055 4049
f 4055 3919 4049
f 4055 3920 3919
f 3920 4056 3921
f 4055 4056 3920
f 3921 4057 3922
f 4056 4057 3921
f 3922 4058 3923
f 4057 4058 3922
f 3918 3923 4052
f 4052 3923 4058
f 4059 3925 3926
f 3927 4059 3926
f 4060 3929 3930
f 3925 4059 3930
f 4059 4060 3930
f 4059 4061 4060
f 3931 4062 3927
f 4062 4059 3927
f 4062 4061 4059
f 3932 4063 3931
f 3931 4063 4062
f 4065 4063 4064
f 4063 3932 4064
f 3933 4066 4064
f 3933 4064 3932
f 4068 4067 4066
f 4066 4067 4064
f 4068 4069 4067
f 4070 3934 3935
f 4071 4070 3935
f 4071 3935 3929
f 4072 4071 3929
f 4060 4072 3929
f 4072 4060 4061
f 4072 4061 4073
f 4073 4061 4062
f 4073 4062 4074
f 4074 4062 4063
f 4074 4063 4075
f 3933 3936 4066
f 4063 4065 4075
f 4066 3936 3937
f 4066 3937 4068
f 3937 3939 4068
f 3939 4069 4068
f 3939 4076 4069
f 4078 4077 4070
f 4077 3934 4070
f 4077 3941 3934
f 4078 4070 4071
f 3943 4076 3939
f 3943 4079 4076
f 4080 3944 3945
f 4081 4080 3945
f 3941 4081 3945
f 4077 4081 3941
f 3947 4079 3943
f 3947 4082 4079
f 4084 4083 3951
f 3951 4083 3950
f 3951 3944 4080
f 4085 3951 4080
f 4084 3951 4085
f 4085 4080 4081
f 3953 4082 3947
f 3953 4086 4082
f 4087 3955 3956
f 4087 3956 4088
f 3956 4089 4088
f 3956 3957 4089
f 4090 3957 3958
f 4090 4089 3957
f 3958 3950 4083
f 3958 4083 4090
f 3960 4086 3953
f 3960 4091 4086
f 4092 3962 4087
f 4087 3962 3955
f 4087 4088 4093
f 4087 4093 4092
f 4095 4094 3963
f 4095 3963 3964
f 3960 3963 4091
f 4091 3963 4094
f 4096 3966 4092
f 4092 3966 3962
f 4092 4093 4097
f 4092 4097 4096
f 3967 4095 3964
f 3967 4098 4095
f 4099 3968 3969
f 3970 4100 3969
f 3969 4100 4099
f 3971 4101 3970
f 3970 4101 4100
f 3972 4102 3971
f 3971 4102 4101
f 3973 4103 3972
f 3972 4103 4102
f 3966 4096 3973
f 4096 4103 3973
f 4096 4104 4103
f 4096 4097 4105
f 4096 4105 4104
f 3974 4098 3967
f 3974 4106 4098
f 4109 4108 4107
f 4110 4109 4099
f 4109 3975 4099
f 3975 3968 4099
f 4109 4107 3975
f 4110 4099 4100
f 4110 4100 4111
f 4111 4100 4101
f 4111 4101 4112
f 4112 4101 4102
f 4112 4102 4113
f 4115 4114 4113
f 4102 4115 4113
f 4103 4115 4102
f 4116 4103 4104
f 4115 4103 4116
f 4104 4105 4117
f 4104 4117 4116
f 4120 4119 4118
f 4119 4106 4118
f 4106 3976 4118
f 4106 3974 3976
f 4123 4122 4121
f 4123 4121 4108
f 4121 4107 4108
f 4121 4124 4107
f 4124 3977 3975
f 4124 3975 4107
f 4125 4114 4115
f 4125 4115 4116
f 4125 4116 4126
f 4126 4116 4117
f 4120 4118 4127
f 4120 4127 4128
f 3978 4127 3976
f 3976 4127 4118
f 4131 4130 4129
f 4133 4132 4129
f 4129 4132 4131
f 4132 4133 4122
f 4133 4121 4122
f 4133 4134 4121
f 4134 3980 3981
f 4124 4134 3981
f 4121 4134 4124
f 4124 3981 3977
f 4128 4127 3984
f 3985 4128 3984
f 4135 4128 3985
f 3984 4127 3978
f 4138 4137 4136
f 4140 4139 4136
f 4136 4139 4138
f 4139 4140 4130
f 4140 4129 4130
f 4140 4141 4129
f 4129 4142 4133
f 4129 4141 4142
f 4142 3987 3988
f 4134 4142 3988
f 4133 4142 4134
f 4134 3988 3980
f 3993 4143 3992
f 4143 4144 3992
f 4144 3985 3992
f 4144 4135 3985
f 4136 4137 3997
f 4137 3996 3997
f 4137 4145 3996
f 4136 3997 3998
f 4136 3998 4140
f 4140 3998 4000
f 4140 4000 4141
f 4141 4000 4002
f 4141 4002 4142
f 4142 4002 3987
f 4147 4146 4143
f 3993 4147 4143
f 4004 4147 3993
f 4143 4146 4144
f 4150 4149 4148
f 4148 4151 4150
f 4145 4006 3996
f 4152 4006 4145
f 4008 4147 4004
f 4008 4153 4147
f 4148 4149 4154
f 4154 4149 4155
f 4151 4148 4156
f 4156 4148 4154
f 4152 4157 4006
f 4006 4157 4009
f 4009 4158 4010
f 4157 4158 4009
f 4011 4010 4158
f 4011 4158 4159
f 4161 4160 4012
f 4161 4012 4013
f 4012 4162 4014
f 4160 4162 4012
f 4015 4014 4162
f 4015 4162 4163
f 4016 4153 4008
f 4016 4164 4153
f 4166 4165 4019
f 4019 4165 4018
f 4020 4154 4155
f 4166 4020 4155
f 4019 4020 4166
f 4020 4022 4154
f 4022 4156 4154
f 4022 4167 4156
f 4159 4023 4011
f 4168 4023 4159
f 4024 4161 4013
f 4024 4169 4161
f 4163 4170 4015
f 4015 4170 4025
f 4025 4171 4026
f 4170 4171 4025
f 4171 4173 4172
f 4027 4171 4172
f 4026 4171 4027
f 4174 4028 4027
f 4174 4027 4172
f 4028 4174 4175
f 4176 4028 4175
f 4029 4028 4176
f 4029 4177 4030
f 4176 4177 4029
f 4016 4030 4164
f 4164 4030 4177
f 4165 4178 4018
f 4018 4178 4031
f 4031 4179 4032
f 4178 4179 4031
f 4022 4032 4167
f 4167 4032 4179
f 4168 4033 4023
f 4180 4033 4168
f 4035 4181 4034
f 4181 4036 4034
f 4037 4169 4024
f 4037 4182 4169
f 4173 4183 4172
f 4172 4183 4174
f 4174 4183 4184
f 4174 4184 4175
f 4180 4038 4033
f 4185 4038 4180
f 4040 4186 4039
f 4186 4187 4039
f 4039 4187 4035
f 4187 4188 4035
f 4188 4181 4035
f 4036 4181 4188
f 4189 4036 4188
f 4041 4036 4189
f 4043 4182 4037
f 4043 4190 4182
f 4185 4045 4038
f 4191 4045 4185
f 4193 4192 4186
f 4040 4193 4186
f 4047 4193 4040
f 4186 4192 4187
f 4189 4194 4041
f 4041 4194 4048
f 4050 4048 4194
f 4050 4194 4195
f 4197 4196 4051
f 4197 4051 4052
f 4043 4051 4190
f 4190 4051 4196
f 4191 4198 4045
f 4045 4198 4053
f 4053 4199 4054
f 4198 4199 4053
f 4047 4054 4193
f 4193 4054 4199
f 4195 4200 4050
f 4050 4200 4055
f 4055 4201 4056
f 4200 4201 4055
f 4056 4202 4057
f 4201 4202 4056
f 4057 4203 4058
f 4202 4203 4057
f 4052 4058 4197
f 4197 4058 4203
f 4204 4065 4064
f 4067 4205 4064
f 4064 4205 4204
f 4069 4205 4067
f 4206 4071 4072
f 4073 4207 4072
f 4072 4207 4206
f 4074 4208 4073
f 4073 4208 4207
f 4208 4074 4209
f 4074 4210 4209
f 4074 4075 4210
f 4075 4065 4204
f 4211 4075 4204
f 4210 4075 4211
f 4213 4212 4211
f 4204 4213 4211
f 4205 4213 4204
f 4076 4213 4069
f 4069 4213 4205
f 4214 4077 4078
f 4071 4206 4078
f 4206 4214 4078
f 4206 4215 4214
f 4207 4217 4216
f 4215 4207 4216
f 4206 4207 4215
f 4217 4207 4208
f 4217 4208 4218
f 4218 4208 4209
f 4212 4213 4219
f 4212 4219 4220
f 4079 4219 4076
f 4076 4219 4213
f 4221 4081 4214
f 4214 4081 4077
f 4215 4223 4222
f 4221 4215 4222
f 4214 4215 4221
f 4223 4215 4216
f 4220 4219 4224
f 4220 4224 4225
f 4082 4224 4079
f 4079 4224 4219
f 4226 4083 4084
f 4085 4227 4084
f 4084 4227 4226
f 4228 4227 4085
f 4228 4085 4081
f 4229 4228 4081
f 4221 4229 4081
f 4229 4221 4222
f 4225 4224 4230
f 4225 4230 4231
f 4086 4230 4082
f 4082 4230 4224
f 4232 4088 4089
f 4090 4233 4089
f 4089 4233 4232
f 4234 4233 4090
f 4234 4090 4083
f 4235 4234 4083
f 4226 4235 4083
f 4235 4226 4227
f 4235 4227 4236
f 4236 4227 4228
f 4231 4230 4237
f 4231 4237 4238
f 4091 4237 4086
f 4086 4237 4230
f 4239 4093 4232
f 4232 4093 4088
f 4240 4232 4233
f 4239 4232 4240
f 4233 4234 4241
f 4233 4241 4240
f 4238 4237 4094
f 4095 4238 4094
f 4242 4238 4095
f 4094 4237 4091
f 4243 4097 4239
f 4239 4097 4093
f 4244 4239 4240
f 4243 4239 4244
f 4240 4241 4245
f 4240 4245 4244
f 4098 4242 4095
f 4098 4246 4242
f 4247 4105 4243
f 4243 4105 4097
f 4244 4249 4248
f 4247 4244 4248
f 4243 4244 4247
f 4249 4244 4245
f 4252 4251 4250
f 4251 4246 4250
f 4246 4106 4250
f 4246 4098 4106
f 4253 4108 4109
f 4110 4254 4109
f 4109 4254 4253
f 4254 4110 4255
f 4110 4256 4255
f 4110 4111 4256
f 4257 4111 4112
f 4257 4256 4111
f 4258 4112 4113
f 4258 4257 4112
f 4113 4114 4258
f 4258 4114 4259
f 4260 4117 4247
f 4247 4117 4105
f 4247 4248 4261
f 4247 4261 4260
f 4252 4250 4119
f 4120 4252 4119
f 4262 4252 4120
f 4119 4250 4106
f 4265 4264 4263
f 4263 4266 4265
f 4267 4122 4123
f 4268 4267 4123
f 4268 4123 4108
f 4269 4268 4108
f 4253 4269 4108
f 4269 4253 4254
f 4269 4254 4270
f 4270 4254 4255
f 4271 4259 4114
f 4271 4114 4125
f 4272 4125 4126
f 4272 4271 4125
f 4126 4117 4260
f 4273 4126 4260
f 4272 4126 4273
f 4273 4260 4261
f 4276 4275 4274
f 4275 4262 4274
f 4262 4128 4274
f 4262 4120 4128
f 4263 4264 4131
f 4264 4130 4131
f 4264 4277 4130
f 4278 4266 4263
f 4131 4278 4263
f 4132 4278 4131
f 4132 4122 4267
f 4279 4132 4267
f 4278 4132 4279
f 4279 4267 4268
f 4276 4274 4280
f 4276 4280 4281
f 4135 4280 4128
f 4128 4280 4274
f 4283 4282 4138
f 4138 4282 4137
f 4284 4138 4139
f 4284 4283 4138
f 4139 4130 4277
f 4139 4277 4284
f 4281 4280 4285
f 4281 4285 4286
f 4144 4285 4135
f 4135 4285 4280
f 4289 4288 4287
f 4282 4289 4287
f 4145 4282 4287
f 4137 4282 4145
f 4286 4285 4146
f 4147 4286 4146
f 4290 4286 4147
f 4146 4285 4144
f 4292 4291 4150
f 4150 4291 4149
f 4294 4293 4151
f 4293 4150 4151
f 4293 4292 4150
f 4293 4294 4288
f 4294 4287 4288
f 4294 4295 4287
f 4295 4152 4145
f 4295 4145 4287
f 4298 4297 4296
f 4297 4290 4296
f 4290 4153 4296
f 4290 4147 4153
f 4291 4155 4149
f 4299 4155 4291
f 4156 4300 4294
f 4156 4294 4151
f 4302 4295 4301
f 4295 4300 4301
f 4295 4294 4300
f 4302 4304 4303
f 4302 4303 4157
f 4295 4302 4157
f 4152 4295 4157
f 4305 4158 4157
f 4305 4157 4303
f 4305 4159 4158
f 4161 4306 4160
f 4160 4306 4307
f 4308 4160 4307
f 4162 4160 4308
f 4163 4162 4308
f 4163 4308 4309
f 4312 4311 4310
f 4310 4311 4298
f 4296 4310 4298
f 4313 4310 4296
f 4164 4313 4153
f 4153 4313 4296
f 4315 4314 4166
f 4166 4314 4165
f 4166 4155 4299
f 4166 4299 4315
f 4167 4316 4300
f 4167 4300 4156
f 4301 4300 4317
f 4317 4300 4316
f 4304 4318 4303
f 4303 4318 4305
f 4305 4318 4319
f 4159 4305 4319
f 4320 4159 4319
f 4168 4159 4320
f 4322 4321 4306
f 4161 4322 4306
f 4169 4322 4161
f 4306 4321 4307
f 4309 4323 4163
f 4163 4323 4170
f 4170 4324 4171
f 4323 4324 4170
f 4173 4171 4324
f 4173 4324 4325
f 4312 4310 4176
f 4175 4312 4176
f 4326 4312 4175
f 4176 4310 4177
f 4177 4310 4313
f 4177 4313 4164
f 4314 4327 4165
f 4165 4327 4178
f 4178 4328 4179
f 4327 4328 4178
f 4167 4179 4316
f 4179 4329 4316
f 4179 4328 4329
f 4316 4329 4317
f 4320 4180 4168
f 4330 4180 4320
f 4182 4332 4331
f 4322 4182 4331
f 4169 4182 4322
f 4332 4333 4331
f 4325 4334 4173
f 4173 4334 4183
f 4183 4335 4184
f 4334 4335 4183
f 4175 4184 4326
f 4326 4184 4335
f 4330 4185 4180
f 4336 4185 4330
f 4338 4337 4188
f 4338 4188 4187
f 4189 4188 4337
f 4189 4337 4339
f 4190 4340 4332
f 4190 4332 4182
f 4333 4332 4341
f 4341 4332 4340
f 4336 4191 4185
f 4342 4191 4336
f 4193 4343 4192
f 4343 4344 4192
f 4344 4187 4192
f 4344 4338 4187
f 4339 4345 4189
f 4189 4345 4194
f 4195 4194 4345
f 4195 4345 4346
f 4197 4347 4196
f 4347 4348 4196
f 4196 4348 4190
f 4348 4349 4190
f 4349 4340 4190
f 4340 4349 4341
f 4198 4191 4350
f 4191 4351 4350
f 4191 4342 4351
f 4352 4199 4198
f 4352 4198 4350
f 4352 4353 4199
f 4199 4353 4193
f 4353 4354 4193
f 4354 4343 4193
f 4343 4354 4344
f 4346 4355 4195
f 4195 4355 4200
f 4200 4356 4201
f 4355 4356 4200
f 4201 4357 4202
f 4356 4357 4201
f 4202 4358 4203
f 4357 4358 4202
f 4197 4203 4347
f 4203 4359 4347
f 4203 4358 4359
f 4347 4359 4348
f 4351 4360 4350
f 4350 4360 4352
f 4352 4360 4361
f 4352 4361 4353
f 4362 4209 4210
f 4211 4363 4210
f 4210 4363 4362
f 4212 4363 4211
f 4364 4216 4217
f 4218 4365 4217
f 4217 4365 4364
f 4209 4362 4218
f 4362 4365 4218
f 4362 4366 4365
f 4367 4362 4363
f 4366 4362 4367
f 4220 4367 4212
f 4212 4367 4363
f 4368 4222 4223
f 4216 4364 4223
f 4364 4368 4223
f 4364 4369 4368
f 4370 4364 4365
f 4369 4364 4370
f 4371 4365 4366
f 4370 4365 4371
f 4372 4366 4367
f 4371 4366 4372
f 4225 4372 4220
f 4220 4372 4367
f 4373 4228 4229
f 4222 4368 4229
f 4368 4373 4229
f 4368 4374 4373
f 4369 4376 4375
f 4374 4369 4375
f 4368 4369 4374
f 4376 4369 4370
f 4376 4370 4377
f 4379 4378 4377
f 4370 4379 4377
f 4371 4379 4370
f 4380 4371 4372
f 4379 4371 4380
f 4231 4380 4225
f 4225 4380 4372
f 4381 4234 4235
f 4236 4382 4235
f 4235 4382 4381
f 4383 4382 4236
f 4383 4236 4228
f 4384 4383 4228
f 4373 4384 4228
f 4384 4373 4374
f 4384 4374 4385
f 4385 4374 4375
f 4378 4379 4386
f 4378 4386 4387
f 4388 4379 4380
f 4386 4379 4388
f 4238 4388 4231
f 4231 4388 4380
f 4389 4241 4381
f 4381 4241 4234
f 4382 4391 4390
f 4389 4382 4390
f 4381 4382 4389
f 4391 4382 4383
f 4387 4386 4392
f 4387 4392 4393
f 4394 4386 4388
f 4392 4386 4394
f 4242 4394 4238
f 4238 4394 4388
f 4395 4245 4389
f 4389 4245 4241
f 4389 4390 4396
f 4397 4389 4396
f 4395 4389 4397
f 4398 4397 4396
f 4393 4392 4399
f 4393 4399 4400
f 4401 4392 4394
f 4399 4392 4401
f 4246 4401 4242
f 4242 4401 4394
f 4402 4248 4249
f 4245 4395 4249
f 4395 4402 4249
f 4395 4403 4402
f 4404 4395 4397
f 4403 4395 4404
f 4397 4398 4405
f 4397 4405 4404
f 4400 4399 4406
f 4400 4406 4407
f 4252 4406 4251
f 4406 4401 4251
f 4406 4399 4401
f 4251 4401 4246
f 4408 4255 4256
f 4257 4409 4256
f 4256 4409 4408
f 4258 4410 4257
f 4257 4410 4409
f 4259 4410 4258
f 4411 4261 4402
f 4402 4261 4248
f 4412 4402 4403
f 4411 4402 4412
f 4404 4414 4413
f 4412 4404 4413
f 4403 4404 4412
f 4414 4404 4405
f 4417 4416 4415
f 4415 4416 4407
f 4406 4415 4407
f 4418 4415 4406
f 4262 4418 4252
f 4252 4418 4406
f 4420 4419 4265
f 4265 4419 4264
f 4265 4266 4420
f 4420 4266 4421
f 4422 4268 4269
f 4422 4269 4423
f 4269 4424 4423
f 4269 4270 4424
f 4270 4255 4408
f 4425 4270 4408
f 4424 4270 4425
f 4425 4408 4409
f 4425 4409 4426
f 4426 4409 4410
f 4426 4410 4427
f 4427 4410 4259
f 4271 4427 4259
f 4428 4427 4271
f 4429 4271 4272
f 4429 4428 4271
f 4430 4272 4273
f 4430 4429 4272
f 4273 4261 4411
f 4431 4273 4411
f 4430 4273 4431
f 4431 4411 4412
f 4431 4412 4432
f 4432 4412 4413
f 4417 4415 4433
f 4417 4433 4434
f 4276 4433 4275
f 4433 4418 4275
f 4433 4415 4418
f 4275 4418 4262
f 4437 4436 4435
f 4439 4438 4435
f 4435 4438 4437
f 4419 4438 4439
f 4277 4419 4439
f 4264 4419 4277
f 4440 4421 4266
f 4440 4266 4278
f 4441 4278 4279
f 4441 4440 4278
f 4279 4268 4422
f 4442 4279 4422
f 4441 4279 4442
f 4442 4422 4423
f 4434 4433 4443
f 4434 4443 4444
f 4281 4443 4276
f 4276 4443 4433
f 4447 4446 4445
f 4447 4445 4436
f 4436 4445 4435
f 4445 4282 4435
f 4282 4283 4435
f 4435 4283 4284
f 4435 4284 4439
f 4439 4284 4277
f 4444 4443 4448
f 4444 4448 4449
f 4286 4448 4281
f 4281 4448 4443
f 4452 4451 4450
f 4454 4453 4450
f 4450 4453 4452
f 4453 4454 4446
f 4446 4454 4445
f 4454 4288 4445
f 4288 4289 4445
f 4445 4289 4282
f 4449 4448 4455
f 4449 4455 4456
f 4290 4455 4286
f 4286 4455 4448
f 4450 4451 4292
f 4451 4291 4292
f 4451 4457 4291
f 4450 4292 4293
f 4450 4293 4454
f 4454 4293 4288
f 4456 4455 4297
f 4298 4456 4297
f 4458 4456 4298
f 4297 4455 4290
f 4457 4299 4291
f 4459 4299 4457
f 4461 4460 4302
f 4461 4302 4301
f 4304 4302 4460
f 4304 4460 4462
f 4307 4463 4308
f 4463 4309 4308
f 4465 4464 4311
f 4465 4311 4312
f 4298 4311 4458
f 4458 4311 4464
f 4467 4466 4315
f 4315 4466 4314
f 4315 4299 4459
f 4315 4459 4467
f 4317 4461 4301
f 4317 4468 4461
f 4462 4469 4304
f 4304 4469 4318
f 4318 4470 4319
f 4469 4470 4318
f 4320 4319 4470
f 4320 4470 4471
f 4322 4472 4321
f 4472 4473 4321
f 4321 4473 4307
f 4473 4474 4307
f 4474 4463 4307
f 4474 4476 4475
f 4474 4475 4323
f 4463 4474 4323
f 4309 4463 4323
f 4477 4324 4323
f 4477 4323 4475
f 4477 4325 4324
f 4326 4465 4312
f 4326 4478 4465
f 4466 4479 4314
f 4314 4479 4327
f 4327 4480 4328
f 4479 4480 4327
f 4328 4481 4329
f 4480 4481 4328
f 4317 4329 4468
f 4468 4329 4481
f 4471 4330 4320
f 4482 4330 4471
f 4331 4472 4322
f 4331 4333 4472
f 4333 4473 4472
f 4333 4483 4473
f 4476 4484 4475
f 4475 4484 4477
f 4477 4484 4485
f 4477 4485 4325
f 4485 4334 4325
f 4485 4486 4334
f 4334 4487 4335
f 4486 4487 4334
f 4326 4335 4478
f 4478 4335 4487
f 4482 4336 4330
f 4488 4336 4482
f 4338 4489 4337
f 4489 4339 4337
f 4341 4483 4333
f 4341 4490 4483
f 4488 4342 4336
f 4491 4342 4488
f 4493 4492 4489
f 4338 4493 4489
f 4344 4493 4338
f 4489 4492 4339
f 4492 4345 4339
f 4492 4494 4345
f 4346 4345 4494
f 4346 4494 4495
f 4348 4496 4349
f 4496 4497 4349
f 4497 4341 4349
f 4497 4490 4341
f 4491 4351 4342
f 4498 4351 4491
f 4353 4499 4354
f 4499 4500 4354
f 4500 4344 4354
f 4500 4493 4344
f 4495 4501 4346
f 4346 4501 4355
f 4355 4502 4356
f 4501 4502 4355
f 4356 4503 4357
f 4502 4503 4356
f 4357 4504 4358
f 4503 4504 4357
f 4358 4505 4359
f 4504 4505 4358
f 4348 4359 4496
f 4359 4506 4496
f 4359 4505 4506
f 4496 4506 4497
f 4498 4507 4351
f 4351 4507 4360
f 4360 4508 4361
f 4507 4508 4360
f 4353 4361 4499
f 4361 4509 4499
f 4361 4508 4509
f 4499 4509 4500
f 4510 4375 4376
f 4377 4511 4376
f 4376 4511 4510
f 4378 4511 4377
f 4512 4383 4384
f 4385 4513 4384
f 4384 4513 4512
f 4514 4513 4385
f 4514 4385 4375
f 4515 4514 4375
f 4510 4515 4375
f 4517 4516 4515
f 4510 4517 4515
f 4511 4517 4510
f 4387 4517 4378
f 4378 4517 4511
f 4518 4390 4391
f 4383 4512 4391
f 4512 4518 4391
f 4512 4519 4518
f 4513 4521 4520
f 4519 4513 4520
f 4512 4513 4519
f 4521 4513 4514
f 4516 4517 4522
f 4516 4522 4523
f 4393 4522 4387
f 4387 4522 4517
f 4518 4396 4390
f 4518 4519 4524
f 4398 4518 4524
f 4525 4398 4524
f 4518 4398 4396
f 4524 4519 4520
f 4523 4522 4526
f 4523 4526 4527
f 4400 4526 4393
f 4393 4526 4522
f 4530 4529 4528
f 4528 4531 4530
f 4525 4405 4398
f 4532 4405 4525
f 4527 4526 4533
f 4527 4533 4534
f 4407 4533 4400
f 4400 4533 4526
f 4529 4535 4528
f 4535 4536 4528
f 4536 4537 4528
f 4538 4531 4528
f 4538 4528 4537
f 4537 4539 4538
f 4540 4413 4414
f 4541 4540 4414
f 4405 4541 4414
f 4532 4541 4405
f 4544 4543 4542
f 4542 4543 4534
f 4542 4534 4533
f 4417 4542 4533
f 4416 4417 4533
f 4416 4533 4407
f 4547 4546 4545
f 4549 4548 4545
f 4545 4548 4547
f 4548 4549 4536
f 4536 4549 4537
f 4549 4419 4537
f 4419 4420 4537
f 4420 4421 4537
f 4421 4539 4537
f 4421 4550 4539
f 4551 4423 4424
f 4425 4552 4424
f 4424 4552 4551
f 4552 4425 4553
f 4425 4554 4553
f 4425 4426 4554
f 4555 4426 4427
f 4555 4554 4426
f 4556 4427 4428
f 4556 4555 4427
f 4558 4556 4557
f 4556 4429 4557
f 4556 4428 4429
f 4430 4559 4429
f 4429 4559 4557
f 4559 4430 4560
f 4430 4561 4560
f 4430 4431 4561
f 4562 4431 4432
f 4562 4561 4431
f 4432 4413 4540
f 4563 4432 4540
f 4562 4432 4563
f 4563 4540 4541
f 4566 4565 4564
f 4564 4565 4544
f 4542 4564 4544
f 4567 4564 4542
f 4434 4567 4417
f 4417 4567 4542
f 4570 4569 4568
f 4568 4571 4570
f 4574 4573 4572
f 4574 4572 4546
f 4546 4572 4545
f 4572 4436 4545
f 4436 4437 4545
f 4545 4437 4438
f 4545 4438 4549
f 4549 4438 4419
f 4575 4550 4421
f 4575 4421 4440
f 4576 4440 4441
f 4576 4575 4440
f 4577 4441 4442
f 4577 4576 4441
f 4442 4423 4551
f 4578 4442 4551
f 4577 4442 4578
f 4578 4551 4552
f 4578 4552 4579
f 4579 4552 4553
f 4580 4558 4557
f 4580 4557 4559
f 4580 4559 4581
f 4581 4559 4560
f 4566 4564 4582
f 4566 4582 4583
f 4584 4564 4567
f 4582 4564 4584
f 4444 4584 4434
f 4434 4584 4567
f 4568 4569 4585
f 4585 4569 4586
f 4571 4568 4587
f 4568 4588 4587
f 4568 4585 4588
f 4587 4588 4573
f 4573 4588 4572
f 4588 4446 4572
f 4446 4447 4572
f 4572 4447 4436
f 4589 4583 4582
f 4591 4590 4589
f 4582 4591 4589
f 4584 4591 4582
f 4449 4591 4444
f 4444 4591 4584
f 4585 4586 4452
f 4586 4451 4452
f 4586 4592 4451
f 4585 4452 4453
f 4585 4453 4588
f 4588 4453 4446
f 4590 4591 4593
f 4590 4593 4594
f 4456 4593 4449
f 4449 4593 4591
f 4592 4457 4451
f 4595 4457 4592
f 4594 4593 4596
f 4594 4596 4597
f 4458 4596 4456
f 4456 4596 4593
f 4600 4599 4598
f 4595 4600 4598
f 4459 4595 4598
f 4457 4595 4459
f 4461 4601 4460
f 4601 4462 4460
f 4597 4596 4464
f 4465 4597 4464
f 4602 4597 4465
f 4464 4596 4458
f 4598 4599 4467
f 4599 4466 4467
f 4599 4603 4466
f 4598 4467 4459
f 4605 4604 4601
f 4461 4605 4601
f 4468 4605 4461
f 4601 4604 4462
f 4604 4469 4462
f 4604 4606 4469
f 4469 4607 4470
f 4606 4607 4469
f 4471 4470 4607
f 4471 4607 4608
f 4610 4609 4474
f 4610 4474 4473
f 4476 4474 4609
f 4476 4609 4611
f 4614 4613 4612
f 4616 4615 4612
f 4616 4612 4613
f 4616 4602 4615
f 4602 4478 4615
f 4602 4465 4478
f 4603 4617 4466
f 4466 4617 4479
f 4617 4619 4618
f 4480 4617 4618
f 4479 4617 4480
f 4620 4481 4480
f 4620 4480 4618
f 4620 4621 4481
f 4621 4468 4481
f 4621 4605 4468
f 4608 4482 4471
f 4622 4482 4608
f 4483 4610 4473
f 4483 4623 4610
f 4611 4624 4476
f 4476 4624 4484
f 4484 4625 4485
f 4624 4625 4484
f 4612 4486 4614
f 4486 4625 4614
f 4486 4485 4625
f 4486 4612 4487
f 4487 4612 4615
f 4487 4615 4478
f 4619 4626 4618
f 4618 4626 4620
f 4620 4626 4627
f 4620 4627 4621
f 4622 4488 4482
f 4628 4488 4622
f 4490 4623 4483
f 4490 4629 4623
f 4628 4491 4488
f 4630 4491 4628
f 4632 4631 4492
f 4632 4492 4493
f 4492 4633 4494
f 4631 4633 4492
f 4495 4494 4633
f 4495 4633 4634
f 4497 4629 4490
f 4497 4635 4629
f 4630 4498 4491
f 4636 4498 4630
f 4500 4632 4493
f 4500 4637 4632
f 4634 4638 4495
f 4495 4638 4501
f 4501 4639 4502
f 4638 4639 4501
f 4502 4640 4503
f 4639 4640 4502
f 4503 4641 4504
f 4640 4641 4503
f 4504 4642 4505
f 4641 4642 4504
f 4505 4643 4506
f 4642 4643 4505
f 4497 4506 4635
f 4635 4506 4643
f 4636 4644 4498
f 4498 4644 4507
f 4507 4645 4508
f 4644 4645 4507
f 4508 4646 4509
f 4645 4646 4508
f 4500 4509 4637
f 4637 4509 4646
f 4647 4514 4515
f 4516 4647 4515
f 4648 4520 4521
f 4514 4647 4521
f 4647 4648 4521
f 4647 4649 4648
f 4523 4649 4516
f 4516 4649 4647
f 4650 4525 4524
f 4520 4648 4524
f 4648 4650 4524
f 4648 4651 4650
f 4652 4648 4649
f 4651 4648 4652
f 4527 4652 4523
f 4523 4652 4649
f 4653 4529 4530
f 4531 4653 4530
f 4654 4532 4650
f 4650 4532 4525
f 4655 4650 4651
f 4654 4650 4655
f 4656 4651 4652
f 4655 4651 4656
f 4534 4656 4527
f 4527 4656 4652
f 4653 4535 4529
f 4536 4535 4657
f 4535 4653 4657
f 4531 4538 4657
f 4531 4657 4653
f 4539 4657 4538
f 4658 4541 4654
f 4654 4541 4532
f 4659 4654 4655
f 4658 4654 4659
f 4544 4659 4543
f 4659 4656 4543
f 4659 4655 4656
f 4543 4656 4534
f 4662 4661 4660
f 4546 4547 4660
f 4547 4662 4660
f 4547 4663 4662
f 4664 4547 4548
f 4664 4663 4547
f 4548 4536 4657
f 4665 4548 4657
f 4664 4548 4665
f 4657 4539 4665
f 4539 4666 4665
f 4539 4550 4666
f 4668 4667 4554
f 4554 4667 4553
f 4669 4554 4555
f 4669 4668 4554
f 4670 4555 4556
f 4670 4669 4555
f 4556 4558 4670
f 4670 4558 4671
f 4672 4560 4561
f 4562 4673 4561
f 4561 4673 4672
f 4563 4674 4562
f 4562 4674 4673
f 4541 4658 4563
f 4658 4674 4563
f 4658 4675 4674
f 4566 4675 4565
f 4675 4659 4565
f 4675 4658 4659
f 4565 4659 4544
f 4677 4676 4570
f 4570 4676 4569
f 4679 4678 4571
f 4678 4570 4571
f 4678 4677 4570
f 4678 4679 4661
f 4661 4679 4660
f 4679 4573 4660
f 4573 4574 4660
f 4660 4574 4546
f 4680 4666 4550
f 4680 4550 4575
f 4681 4575 4576
f 4681 4680 4575
f 4683 4681 4682
f 4681 4577 4682
f 4681 4576 4577
f 4578 4684 4577
f 4577 4684 4682
f 4579 4685 4578
f 4578 4685 4684
f 4686 4685 4579
f 4553 4686 4579
f 4667 4686 4553
f 4687 4671 4558
f 4687 4558 4580
f 4688 4580 4581
f 4688 4687 4580
f 4581 4560 4672
f 4689 4581 4672
f 4688 4581 4689
f 4689 4672 4673
f 4689 4673 4690
f 4690 4673 4674
f 4690 4674 4691
f 4691 4674 4675
f 4691 4675 4692
f 4675 4566 4692
f 4566 4693 4692
f 4566 4583 4693
f 4676 4586 4569
f 4694 4586 4676
f 4587 4679 4571
f 4679 4587 4573
f 4695 4683 4682
f 4695 4682 4684
f 4695 4684 4696
f 4696 4684 4685
f 4696 4685 4697
f 4697 4685 4686
f 4583 4589 4698
f 4699 4583 4698
f 4693 4583 4699
f 4590 4698 4589
f 4702 4701 4700
f 4694 4702 4700
f 4592 4694 4700
f 4586 4694 4592
f 4699 4698 4703
f 4699 4703 4704
f 4594 4703 4590
f 4590 4703 4698
f 4700 4701 4705
f 4705 4701 4706
f 4705 4595 4592
f 4705 4592 4700
f 4704 4703 4707
f 4704 4707 4708
f 4597 4707 4594
f 4594 4707 4703
f 4705 4706 4600
f 4706 4599 4600
f 4706 4709 4599
f 4705 4600 4595
f 4712 4711 4710
f 4710 4711 4708
f 4707 4710 4708
f 4713 4710 4707
f 4602 4713 4597
f 4597 4713 4707
f 4709 4603 4599
f 4714 4603 4709
f 4716 4715 4604
f 4716 4604 4605
f 4715 4718 4717
f 4606 4715 4717
f 4604 4715 4606
f 4719 4607 4606
f 4719 4606 4717
f 4719 4608 4607
f 4610 4720 4609
f 4611 4609 4720
f 4723 4722 4721
f 4725 4724 4723
f 4725 4723 4721
f 4724 4725 4712
f 4724 4712 4710
f 4614 4724 4710
f 4613 4614 4710
f 4613 4710 4616
f 4616 4710 4713
f 4616 4713 4602
f 4728 4727 4726
f 4730 4729 4726
f 4726 4729 4728
f 4617 4732 4731
f 4732 4617 4730
f 4603 4730 4617
f 4730 4603 4729
f 4714 4729 4603
f 4619 4617 4731
f 4619 4731 4733
f 4621 4716 4605
f 4621 4734 4716
f 4718 4735 4717
f 4717 4735 4719
f 4719 4735 4736
f 4608 4719 4736
f 4737 4608 4736
f 4622 4608 4737
f 4739 4738 4720
f 4610 4739 4720
f 4623 4739 4610
f 4722 4723 4738
f 4723 4624 4738
f 4611 4720 4738
f 4611 4738 4624
f 4624 4723 4625
f 4625 4723 4724
f 4625 4724 4614
f 4727 4740 4726
f 4726 4740 4730
f 4730 4740 4741
f 4730 4741 4732
f 4733 4742 4619
f 4619 4742 4626
f 4626 4743 4627
f 4742 4743 4626
f 4621 4627 4734
f 4734 4627 4743
f 4737 4628 4622
f 4744 4628 4737
f 4629 4739 4623
f 4629 4745 4739
f 4744 4630 4628
f 4746 4630 4744
f 4632 4747 4631
f 4748 4633 4631
f 4748 4631 4747
f 4748 4634 4633
f 4635 4745 4629
f 4635 4749 4745
f 4746 4636 4630
f 4750 4636 4746
f 4752 4751 4747
f 4632 4752 4747
f 4637 4752 4632
f 4747 4751 4748
f 4748 4751 4753
f 4748 4753 4634
f 4753 4638 4634
f 4753 4754 4638
f 4638 4755 4639
f 4754 4755 4638
f 4639 4756 4640
f 4755 4756 4639
f 4640 4757 4641
f 4756 4757 4640
f 4641 4758 4642
f 4757 4758 4641
f 4642 4759 4643
f 4758 4759 4642
f 4635 4643 4749
f 4749 4643 4759
f 4750 4760 4636
f 4636 4760 4644
f 4644 4761 4645
f 4760 4761 4644
f 4645 4762 4646
f 4761 4762 4645
f 4637 4646 4752
f 4752 4646 4762
f 4763 4661 4662
f 4663 4764 4662
f 4662 4764 4763
f 4764 4663 4765
f 4663 4766 4765
f 4663 4664 4766
f 4767 4664 4665
f 4767 4766 4664
f 4665 4666 4767
f 4767 4666 4768
f 4769 4667 4668
f 4669 4770 4668
f 4668 4770 4769
f 4670 4771 4669
f 4669 4771 4770
f 4671 4771 4670
f 4772 4676 4677
f 4772 4677 4773
f 4677 4774 4773
f 4677 4678 4774
f 4678 4661 4763
f 4775 4678 4763
f 4774 4678 4775
f 4775 4763 4764
f 4775 4764 4776
f 4776 4764 4765
f 4777 4768 4666
f 4777 4666 4680
f 4778 4680 4681
f 4778 4777 4680
f 4681 4683 4778
f 4778 4683 4779
f 4781 4780 4769
f 4780 4667 4769
f 4780 4686 4667
f 4781 4769 4770
f 4781 4770 4782
f 4782 4770 4771
f 4782 4771 4783
f 4783 4771 4671
f 4687 4783 4671
f 4784 4783 4687
f 4785 4687 4688
f 4785 4784 4687
f 4786 4688 4689
f 4786 4785 4688
f 4787 4689 4690
f 4787 4786 4689
f 4789 4787 4788
f 4787 4691 4788
f 4787 4690 4691
f 4692 4790 4691
f 4691 4790 4788
f 4693 4790 4692
f 4792 4791 4772
f 4791 4676 4772
f 4791 4694 4676
f 4792 4772 4773
f 4793 4779 4683
f 4793 4683 4695
f 4795 4793 4794
f 4793 4696 4794
f 4793 4695 4696
f 4697 4796 4696
f 4696 4796 4794
f 4797 4796 4697
f 4686 4797 4697
f 4780 4797 4686
f 4798 4789 4788
f 4800 4799 4798
f 4788 4800 4798
f 4790 4800 4788
f 4699 4800 4693
f 4693 4800 4790
f 4802 4801 4702
f 4702 4801 4701
f 4702 4694 4791
f 4702 4791 4802
f 4803 4795 4794
f 4803 4794 4796
f 4803 4796 4804
f 4804 4796 4797
f 4799 4800 4805
f 4799 4805 4806
f 4704 4805 4699
f 4699 4805 4800
f 4801 4706 4701
f 4807 4706 4801
f 4806 4805 4808
f 4806 4808 4809
f 4708 4808 4704
f 4704 4808 4805
f 4812 4811 4810
f 4807 4812 4810
f 4709 4807 4810
f 4706 4807 4709
f 4815 4814 4813
f 4817 4816 4813
f 4817 4813 4814
f 4816 4817 4809
f 4816 4809 4808
f 4712 4816 4808
f 4711 4712 4808
f 4711 4808 4708
f 4810 4811 4818
f 4818 4811 4819
f 4818 4714 4709
f 4818 4709 4810
f 4716 4820 4715
f 4820 4718 4715
f 4823 4822 4821
f 4821 4822 4815
f 4821 4815 4813
f 4722 4821 4813
f 4721 4722 4813
f 4721 4813 4725
f 4725 4813 4816
f 4725 4816 4712
f 4825 4824 4728
f 4728 4824 4727
f 4729 4818 4819
f 4825 4729 4819
f 4728 4729 4825
f 4827 4826 4732
f 4827 4729 4826
f 4729 4827 4818
f 4828 4818 4827
f 4818 4828 4714
f 4826 4714 4828
f 4828 4731 4826
f 4826 4731 4732
f 4729 4714 4826
f 4733 4731 4828
f 4733 4828 4829
f 4831 4830 4820
f 4716 4831 4820
f 4734 4831 4716
f 4830 4833 4832
f 4830 4832 4735
f 4820 4830 4735
f 4718 4820 4735
f 4834 4736 4735
f 4834 4735 4832
f 4834 4737 4736
f 4823 4821 4738
f 4739 4823 4738
f 4835 4823 4739
f 4738 4821 4722
f 4824 4836 4727
f 4727 4836 4740
f 4740 4837 4741
f 4836 4837 4740
f 4732 4741 4827
f 4827 4741 4837
f 4829 4838 4733
f 4733 4838 4742
f 4742 4839 4743
f 4838 4839 4742
f 4734 4743 4831
f 4831 4743 4839
f 4833 4840 4832
f 4832 4840 4834
f 4834 4840 4841
f 4737 4834 4841
f 4842 4737 4841
f 4744 4737 4842
f 4745 4835 4739
f 4745 4843 4835
f 4842 4746 4744
f 4844 4746 4842
f 4749 4843 4745
f 4749 4845 4843
f 4844 4750 4746
f 4846 4750 4844
f 4752 4847 4751
f 4751 4847 4848
f 4849 4751 4848
f 4753 4751 4849
f 4753 4850 4754
f 4849 4850 4753
f 4754 4851 4755
f 4850 4851 4754
f 4755 4852 4756
f 4851 4852 4755
f 4756 4853 4757
f 4852 4853 4756
f 4757 4854 4758
f 4853 4854 4757
f 4758 4855 4759
f 4854 4855 4758
f 4749 4759 4845
f 4845 4759 4855
f 4846 4856 4750
f 4750 4856 4760
f 4760 4857 4761
f 4856 4857 4760
f 4761 4858 4762
f 4857 4858 4761
f 4752 4762 4847
f 4762 4859 4847
f 4762 4858 4859
f 4847 4859 4848
f 4860 4765 4766
f 4860 4766 4861
f 4766 4862 4861
f 4766 4767 4862
f 4864 4863 4768
f 4863 4767 4768
f 4863 4862 4767
f 4864 4865 4863
f 4866 4773 4774
f 4775 4867 4774
f 4774 4867 4866
f 4776 4868 4775
f 4775 4868 4867
f 4869 4868 4776
f 4869 4776 4765
f 4870 4869 4765
f 4860 4870 4765
f 4870 4860 4861
f 4777 4864 4768
f 4871 4865 4864
f 4777 4871 4864
f 4778 4871 4777
f 4778 4779 4871
f 4871 4779 4872
f 4873 4780 4781
f 4782 4874 4781
f 4781 4874 4873
f 4874 4782 4875
f 4782 4876 4875
f 4782 4783 4876
f 4877 4783 4784
f 4877 4876 4783
f 4878 4784 4785
f 4878 4877 4784
f 4879 4785 4786
f 4879 4878 4785
f 4881 4879 4880
f 4879 4787 4880
f 4879 4786 4787
f 4789 4880 4787
f 4882 4791 4792
f 4883 4882 4792
f 4883 4792 4773
f 4884 4883 4773
f 4866 4884 4773
f 4884 4866 4867
f 4884 4867 4885
f 4885 4867 4868
f 4885 4868 4886
f 4886 4868 4869
f 4887 4872 4779
f 4887 4779 4793
f 4793 4795 4887
f 4887 4795 4888
f 4890 4889 4873
f 4889 4780 4873
f 4889 4797 4780
f 4890 4873 4874
f 4890 4874 4891
f 4891 4874 4875
f 4881 4880 4892
f 4881 4892 4893
f 4798 4894 4789
f 4894 4880 4789
f 4894 4892 4880
f 4799 4894 4798
f 4897 4896 4895
f 4801 4802 4895
f 4802 4897 4895
f 4802 4898 4897
f 4802 4791 4882
f 4899 4802 4882
f 4898 4802 4899
f 4899 4882 4883
f 4900 4888 4795
f 4900 4795 4803
f 4901 4803 4804
f 4901 4900 4803
f 4804 4797 4889
f 4804 4889 4901
f 4893 4892 4902
f 4893 4902 4903
f 4904 4892 4894
f 4902 4892 4904
f 4806 4904 4799
f 4799 4904 4894
f 4895 4896 4905
f 4905 4896 4906
f 4905 4807 4801
f 4905 4801 4895
f 4903 4902 4907
f 4903 4907 4908
f 4909 4902 4904
f 4907 4902 4909
f 4809 4909 4806
f 4806 4909 4904
f 4905 4906 4812
f 4906 4811 4812
f 4906 4910 4811
f 4905 4812 4807
f 4913 4912 4911
f 4911 4912 4908
f 4911 4908 4907
f 4815 4911 4907
f 4814 4815 4907
f 4814 4907 4817
f 4817 4907 4909
f 4817 4909 4809
f 4910 4819 4811
f 4914 4819 4910
f 4913 4911 4822
f 4823 4913 4822
f 4915 4913 4823
f 4822 4911 4815
f 4917 4916 4825
f 4825 4916 4824
f 4825 4819 4914
f 4825 4914 4917
f 4919 4918 4828
f 4919 4828 4827
f 4829 4828 4918
f 4829 4918 4920
f 4922 4921 4830
f 4922 4830 4831
f 4833 4830 4921
f 4833 4921 4923
f 4835 4915 4823
f 4835 4924 4915
f 4916 4925 4824
f 4824 4925 4836
f 4836 4926 4837
f 4925 4926 4836
f 4827 4837 4919
f 4919 4837 4926
f 4920 4927 4829
f 4829 4927 4838
f 4838 4928 4839
f 4927 4928 4838
f 4831 4839 4922
f 4922 4839 4928
f 4923 4929 4833
f 4833 4929 4840
f 4840 4930 4841
f 4929 4930 4840
f 4842 4841 4930
f 4842 4930 4931
f 4843 4924 4835
f 4843 4932 4924
f 4931 4844 4842
f 4933 4844 4931
f 4936 4935 4934
f 4935 4932 4934
f 4932 4845 4934
f 4932 4843 4845
f 4933 4846 4844
f 4937 4846 4933
f 4848 4938 4849
f 4939 4850 4849
f 4939 4849 4938
f 4940 4851 4850
f 4940 4850 4939
f 4851 4940 4941
f 4942 4851 4941
f 4852 4851 4942
f 4852 4943 4853
f 4942 4943 4852
f 4853 4944 4854
f 4943 4944 4853
f 4934 4855 4936
f 4855 4944 4936
f 4855 4854 4944
f 4855 4934 4845
f 4937 4945 4846
f 4846 4945 4856
f 4856 4946 4857
f 4945 4946 4856
f 4857 4947 4858
f 4946 4947 4857
f 4858 4948 4859
f 4947 4948 4858
f 4848 4859 4938
f 4859 4949 4938
f 4859 4948 4949
f 4938 4949 4939
f 4939 4949 4950
f 4939 4950 4940
f 4940 4950 4951
f 4940 4951 4941
f 4953 4952 4862
f 4862 4952 4861
f 4954 4862 4863
f 4954 4953 4862
f 4956 4955 4865
f 4955 4863 4865
f 4955 4954 4863
f 4956 4957 4955
f 4959 4958 4870
f 4870 4958 4869
f 4870 4861 4952
f 4870 4952 4959
f 4871 4956 4865
f 4871 4872 4956
f 4872 4957 4956
f 4872 4960 4957
f 4961 4875 4876
f 4877 4962 4876
f 4876 4962 4961
f 4878 4963 4877
f 4877 4963 4962
f 4879 4964 4878
f 4878 4964 4963
f 4881 4964 4879
f 4966 4965 4884
f 4884 4965 4883
f 4967 4884 4885
f 4967 4966 4884
f 4968 4885 4886
f 4968 4967 4885
f 4886 4869 4958
f 4886 4958 4968
f 4969 4960 4872
f 4969 4872 4887
f 4887 4888 4969
f 4969 4888 4970
f 4971 4889 4890
f 4891 4972 4890
f 4890 4972 4971
f 4973 4972 4891
f 4973 4891 4875
f 4974 4973 4875
f 4961 4974 4875
f 4974 4961 4962
f 4974 4962 4975
f 4975 4962 4963
f 4975 4963 4976
f 4978 4977 4976
f 4963 4978 4976
f 4964 4978 4963
f 4893 4978 4881
f 4881 4978 4964
f 4979 4896 4897
f 4898 4980 4897
f 4897 4980 4979
f 4980 4898 4981
f 4898 4982 4981
f 4898 4899 4982
f 4899 4883 4965
f 4899 4965 4982
f 4888 4900 4983
f 4984 4888 4983
f 4970 4888 4984
f 4901 4985 4900
f 4900 4985 4983
f 4986 4985 4901
f 4986 4901 4889
f 4987 4986 4889
f 4971 4987 4889
f 4987 4971 4972
f 4987 4972 4988
f 4988 4972 4973
f 4977 4978 4989
f 4977 4989 4990
f 4903 4989 4893
f 4893 4989 4978
f 4992 4991 4979
f 4991 4896 4979
f 4991 4906 4896
f 4992 4979 4980
f 4992 4980 4993
f 4993 4980 4981
f 4994 4984 4983
f 4994 4983 4985
f 4994 4985 4995
f 4995 4985 4986
f 4990 4989 4996
f 4990 4996 4997
f 4908 4996 4903
f 4903 4996 4989
f 4991 4910 4906
f 4998 4910 4991
f 4997 4996 4912
f 4913 4997 4912
f 4999 4997 4913
f 4912 4996 4908
f 4998 4914 4910
f 5000 4914 4998
f 4915 4999 4913
f 4915 5001 4999
f 5003 5002 4917
f 4917 5002 4916
f 4917 4914 5000
f 4917 5000 5003
f 5005 5004 4918
f 5005 4918 4919
f 4920 4918 5004
f 4920 5004 5006
f 4922 5007 4921
f 5007 4923 4921
f 4924 5001 4915
f 4924 5008 5001
f 5002 5009 4916
f 4916 5009 4925
f 4925 5010 4926
f 5009 5010 4925
f 4919 4926 5005
f 5005 4926 5010
f 5006 5011 4920
f 4920 5011 4927
f 4927 5012 4928
f 5011 5012 4927
f 4922 4928 5007
f 4928 5013 5007
f 4928 5012 5013
f 5013 5015 5014
f 5013 5014 4929
f 5007 5013 4929
f 4923 5007 4929
f 5016 4930 4929
f 5016 4929 5014
f 5016 4931 4930
f 5019 5018 5017
f 5018 5008 5017
f 5008 4932 5017
f 5008 4924 4932
f 5015 5020 5014
f 5014 5020 5016
f 5016 5020 5021
f 4931 5016 5021
f 5022 4931 5021
f 4933 4931 5022
f 5025 5024 5023
f 5023 5024 5019
f 5023 5019 5017
f 4936 5023 5017
f 4935 4936 5017
f 4935 5017 4932
f 5022 4937 4933
f 5026 4937 5022
f 4941 5027 4942
f 4942 5027 5028
f 5029 4942 5028
f 4943 4942 5029
f 5023 4944 5025
f 4944 5029 5025
f 4944 4943 5029
f 4944 5023 4936
f 5026 5030 4937
f 4937 5030 4945
f 4945 5031 4946
f 5030 5031 4945
f 5031 5033 5032
f 4947 5031 5032
f 4946 5031 4947
f 5034 4948 4947
f 5034 4947 5032
f 5035 4949 4948
f 5035 4948 5034
f 5036 4950 4949
f 5036 4949 5035
f 4950 5036 5037
f 5038 4950 5037
f 4951 4950 5038
f 4941 4951 5027
f 4951 5039 5027
f 4951 5038 5039
f 5027 5039 5028
f 5033 5040 5032
f 5032 5040 5034
f 5034 5040 5041
f 5034 5041 5035
f 5035 5041 5042
f 5035 5042 5036
f 5036 5042 5043
f 5036 5043 5037
f 5045 5044 4953
f 4953 5044 4952
f 5046 4953 4954
f 5046 5045 4953
f 5047 4954 4955
f 5047 5046 4954
f 4955 4957 5047
f 5047 4957 5048
f 5049 4958 4959
f 5050 5049 4959
f 4952 5050 4959
f 5044 5050 4952
f 4960 5048 4957
f 4960 5051 5048
f 5052 4965 4966
f 4967 5053 4966
f 4966 5053 5052
f 4968 5054 4967
f 4967 5054 5053
f 5055 5054 4968
f 5055 4968 4958
f 5056 5055 4958
f 5049 5056 4958
f 5056 5049 5050
f 4960 4969 5057
f 5058 4960 5057
f 5051 4960 5058
f 4970 5057 4969
f 5059 4973 4974
f 4975 5060 4974
f 4974 5060 5059
f 4976 5061 4975
f 4975 5061 5060
f 4977 5061 4976
f 5062 4981 4982
f 5063 5062 4982
f 5063 4982 4965
f 5064 5063 4965
f 5052 5064 4965
f 5064 5052 5053
f 5064 5053 5065
f 5065 5053 5054
f 5065 5054 5066
f 5066 5054 5055
f 5067 5058 5057
f 5057 4970 5067
f 4970 5068 5067
f 4970 4984 5068
f 5069 4986 4987
f 4988 5070 4987
f 4987 5070 5069
f 5071 5070 4988
f 5071 4988 4973
f 5072 5071 4973
f 5059 5072 4973
f 5074 5073 5072
f 5059 5074 5072
f 5060 5074 5059
f 5075 5060 5061
f 5074 5060 5075
f 4990 5075 4977
f 4977 5075 5061
f 5076 4991 4992
f 4993 5077 4992
f 4992 5077 5076
f 5078 5077 4993
f 5078 4993 4981
f 5079 5078 4981
f 5062 5079 4981
f 5079 5062 5063
f 5080 5068 4984
f 5080 4984 4994
f 5081 4994 4995
f 5081 5080 4994
f 4995 4986 5069
f 5082 4995 5069
f 5081 4995 5082
f 5082 5069 5070
f 5082 5070 5083
f 5083 5070 5071
f 5084 5073 5074
f 5086 5085 5084
f 5074 5086 5084
f 5075 5086 5074
f 4997 5086 4990
f 4990 5086 5075
f 5088 5087 5076
f 5087 4991 5076
f 5087 4998 4991
f 5088 5076 5077
f 5088 5077 5089
f 5089 5077 5078
f 5085 5086 5090
f 5085 5090 5091
f 4999 5090 4997
f 4997 5090 5086
f 5094 5093 5092
f 5087 5094 5092
f 5000 5087 5092
f 4998 5087 5000
f 5091 5090 5095
f 5091 5095 5096
f 5001 5095 4999
f 4999 5095 5090
f 5098 5097 5093
f 5097 5002 5093
f 5003 5092 5093
f 5003 5093 5002
f 5100 5099 5098
f 5100 5092 5099
f 5092 5100 5000
f 5101 5000 5100
f 5000 5101 5003
f 5099 5003 5101
f 5101 5097 5099
f 5099 5097 5098
f 5092 5003 5099
f 5004 5005 5101
f 5100 5004 5101
f 5102 5004 5100
f 5006 5004 5102
f 5006 5102 5103
f 5096 5095 5104
f 5096 5104 5105
f 5008 5104 5001
f 5001 5104 5095
f 5097 5009 5002
f 5009 5097 5010
f 5010 5097 5101
f 5010 5101 5005
f 5103 5106 5006
f 5006 5106 5011
f 5011 5107 5012
f 5106 5107 5011
f 5012 5108 5013
f 5107 5108 5012
f 5015 5013 5108
f 5015 5108 5109
f 5112 5111 5110
f 5114 5113 5110
f 5114 5110 5111
f 5113 5114 5105
f 5113 5105 5104
f 5019 5113 5104
f 5018 5019 5104
f 5018 5104 5008
f 5109 5115 5015
f 5015 5115 5020
f 5020 5116 5021
f 5115 5116 5020
f 5022 5021 5116
f 5022 5116 5117
f 5112 5110 5118
f 5112 5118 5119
f 5025 5118 5024
f 5118 5113 5024
f 5118 5110 5113
f 5024 5113 5019
f 5117 5026 5022
f 5120 5026 5117
f 5123 5122 5121
f 5121 5122 5119
f 5121 5119 5118
f 5028 5121 5118
f 5029 5028 5118
f 5029 5118 5025
f 5120 5124 5026
f 5026 5124 5030
f 5030 5125 5031
f 5124 5125 5030
f 5033 5031 5125
f 5033 5125 5126
f 5129 5128 5127
f 5038 5037 5127
f 5128 5038 5127
f 5130 5038 5128
f 5121 5039 5123
f 5039 5130 5123
f 5039 5038 5130
f 5039 5121 5028
f 5126 5131 5033
f 5033 5131 5040
f 5040 5132 5041
f 5131 5132 5040
f 5041 5133 5042
f 5132 5133 5041
f 5127 5043 5129
f 5043 5133 5129
f 5043 5042 5133
f 5043 5127 5037
f 5134 5044 5045
f 5046 5135 5045
f 5045 5135 5134
f 5047 5136 5046
f 5046 5136 5135
f 5048 5136 5047
f 5138 5137 5134
f 5137 5044 5134
f 5137 5050 5044
f 5138 5134 5135
f 5138 5135 5139
f 5141 5140 5139
f 5135 5141 5139
f 5136 5141 5135
f 5051 5141 5048
f 5048 5141 5136
f 5142 5055 5056
f 5143 5142 5056
f 5050 5143 5056
f 5137 5143 5050
f 5144 5140 5141
f 5141 5051 5144
f 5051 5145 5144
f 5051 5058 5145
f 5146 5063 5064
f 5146 5064 5147
f 5064 5148 5147
f 5064 5065 5148
f 5149 5065 5066
f 5149 5148 5065
f 5066 5055 5142
f 5150 5066 5142
f 5149 5066 5150
f 5150 5142 5143
f 5151 5145 5058
f 5151 5058 5067
f 5067 5068 5151
f 5151 5068 5152
f 5155 5154 5153
f 5153 5156 5155
f 5157 5071 5072
f 5073 5157 5072
f 5158 5078 5079
f 5159 5158 5079
f 5159 5079 5063
f 5160 5159 5063
f 5146 5160 5063
f 5160 5146 5147
f 5161 5152 5068
f 5161 5068 5080
f 5162 5080 5081
f 5162 5161 5080
f 5082 5153 5154
f 5162 5082 5154
f 5081 5082 5162
f 5082 5083 5153
f 5083 5163 5153
f 5163 5156 5153
f 5083 5164 5163
f 5071 5157 5083
f 5157 5164 5083
f 5157 5165 5164
f 5084 5166 5073
f 5166 5157 5073
f 5166 5165 5157
f 5085 5166 5084
f 5167 5087 5088
f 5089 5168 5088
f 5088 5168 5167
f 5169 5168 5089
f 5169 5089 5078
f 5170 5169 5078
f 5158 5170 5078
f 5170 5158 5159
f 5171 5163 5164
f 5173 5172 5171
f 5164 5173 5171
f 5165 5173 5164
f 5174 5165 5166
f 5173 5165 5174
f 5091 5174 5085
f 5085 5174 5166
f 5175 5093 5094
f 5087 5167 5094
f 5167 5175 5094
f 5167 5176 5175
f 5168 5178 5177
f 5176 5168 5177
f 5167 5168 5176
f 5178 5168 5169
f 5172 5173 5179
f 5172 5179 5180
f 5181 5173 5174
f 5179 5173 5181
f 5096 5181 5091
f 5091 5181 5174
f 5175 5098 5093
f 5098 5175 5100
f 5100 5175 5176
f 5177 5182 5176
f 5182 5100 5176
f 5182 5102 5100
f 5103 5102 5182
f 5103 5182 5183
f 5180 5179 5184
f 5180 5184 5185
f 5186 5179 5181
f 5184 5179 5186
f 5105 5186 5096
f 5096 5186 5181
f 5183 5187 5103
f 5103 5187 5106
f 5187 5189 5188
f 5107 5187 5188
f 5106 5187 5107
f 5190 5108 5107
f 5190 5107 5188
f 5190 5109 5108
f 5185 5184 5111
f 5112 5185 5111
f 5191 5185 5112
f 5111 5184 5114
f 5114 5184 5186
f 5114 5186 5105
f 5189 5192 5188
f 5188 5192 5190
f 5190 5192 5193
f 5190 5193 5109
f 5193 5115 5109
f 5193 5194 5115
f 5194 5196 5195
f 5116 5194 5195
f 5115 5194 5116
f 5195 5117 5116
f 5199 5198 5197
f 5201 5200 5197
f 5201 5197 5198
f 5201 5191 5200
f 5191 5119 5200
f 5191 5112 5119
f 5196 5202 5195
f 5117 5195 5202
f 5203 5117 5202
f 5120 5117 5203
f 5199 5197 5204
f 5199 5204 5205
f 5123 5204 5122
f 5204 5200 5122
f 5204 5197 5200
f 5122 5200 5119
f 5203 5206 5120
f 5120 5206 5124
f 5124 5207 5125
f 5206 5207 5124
f 5126 5125 5207
f 5126 5207 5208
f 5211 5210 5209
f 5128 5129 5209
f 5210 5128 5209
f 5212 5128 5210
f 5204 5130 5205
f 5130 5212 5205
f 5130 5128 5212
f 5130 5204 5123
f 5208 5213 5126
f 5126 5213 5131
f 5131 5214 5132
f 5213 5214 5131
f 5209 5133 5211
f 5133 5214 5211
f 5133 5132 5214
f 5133 5209 5129
f 5215 5137 5138
f 5139 5216 5138
f 5138 5216 5215
f 5140 5216 5139
f 5217 5143 5215
f 5215 5143 5137
f 5218 5215 5216
f 5217 5215 5218
f 5144 5219 5140
f 5219 5216 5140
f 5219 5218 5216
f 5145 5219 5144
f 5220 5147 5148
f 5149 5221 5148
f 5148 5221 5220
f 5150 5222 5149
f 5149 5222 5221
f 5223 5222 5150
f 5223 5150 5143
f 5224 5223 5143
f 5217 5224 5143
f 5224 5217 5218
f 5224 5218 5225
f 5225 5218 5219
f 5225 5219 5226
f 5228 5226 5227
f 5227 5226 5151
f 5226 5219 5151
f 5219 5145 5151
f 5152 5227 5151
f 5229 5154 5155
f 5156 5229 5155
f 5230 5159 5160
f 5231 5230 5160
f 5231 5160 5147
f 5232 5231 5147
f 5220 5232 5147
f 5232 5220 5221
f 5232 5221 5233
f 5233 5221 5222
f 5233 5222 5234
f 5234 5222 5223
f 5235 5228 5227
f 5235 5227 5152
f 5161 5235 5152
f 5236 5235 5161
f 5238 5236 5237
f 5236 5162 5237
f 5236 5161 5162
f 5154 5229 5162
f 5229 5237 5162
f 5229 5239 5237
f 5163 5239 5156
f 5156 5239 5229
f 5240 5169 5170
f 5159 5230 5170
f 5230 5240 5170
f 5230 5241 5240
f 5230 5231 5242
f 5230 5242 5241
f 5238 5237 5243
f 5238 5243 5244
f 5245 5237 5239
f 5243 5237 5245
f 5171 5246 5163
f 5246 5239 5163
f 5246 5245 5239
f 5172 5246 5171
f 5247 5177 5178
f 5248 5247 5178
f 5248 5178 5169
f 5249 5248 5169
f 5240 5249 5169
f 5249 5240 5241
f 5249 5241 5250
f 5250 5241 5242
f 5244 5243 5251
f 5244 5251 5252
f 5253 5243 5245
f 5251 5243 5253
f 5254 5245 5246
f 5253 5245 5254
f 5180 5254 5172
f 5172 5254 5246
f 5247 5182 5177
f 5183 5182 5247
f 5248 5183 5247
f 5255 5183 5248
f 5252 5251 5256
f 5252 5256 5257
f 5258 5251 5253
f 5256 5251 5258
f 5259 5253 5254
f 5258 5253 5259
f 5185 5259 5180
f 5180 5259 5254
f 5187 5183 5260
f 5183 5261 5260
f 5183 5255 5261
f 5260 5189 5187
f 5257 5256 5262
f 5257 5262 5263
f 5264 5256 5258
f 5262 5256 5264
f 5265 5258 5259
f 5264 5258 5265
f 5191 5265 5185
f 5185 5265 5259
f 5261 5266 5260
f 5260 5266 5189
f 5266 5192 5189
f 5266 5267 5192
f 5192 5268 5193
f 5267 5268 5192
f 5193 5269 5194
f 5268 5269 5193
f 5196 5194 5269
f 5196 5269 5270
f 5263 5262 5271
f 5263 5271 5272
f 5199 5271 5198
f 5271 5264 5198
f 5271 5262 5264
f 5198 5264 5201
f 5201 5264 5265
f 5201 5265 5191
f 5270 5273 5196
f 5196 5273 5202
f 5203 5202 5273
f 5203 5273 5274
f 5277 5276 5275
f 5275 5276 5272
f 5271 5275 5272
f 5278 5275 5271
f 5205 5278 5199
f 5199 5278 5271
f 5274 5279 5203
f 5203 5279 5206
f 5206 5280 5207
f 5279 5280 5206
f 5282 5281 5208
f 5207 5282 5208
f 5280 5282 5207
f 5284 5283 5281
f 5284 5281 5282
f 5283 5284 5277
f 5283 5277 5275
f 5211 5283 5275
f 5210 5211 5275
f 5210 5275 5212
f 5212 5275 5278
f 5212 5278 5205
f 5281 5213 5208
f 5213 5281 5214
f 5214 5281 5283
f 5214 5283 5211
f 5285 5223 5224
f 5225 5286 5224
f 5224 5286 5285
f 5226 5287 5225
f 5225 5287 5286
f 5228 5287 5226
f 5288 5231 5232
f 5233 5289 5232
f 5232 5289 5288
f 5289 5233 5290
f 5233 5291 5290
f 5233 5234 5291
f 5234 5223 5285
f 5292 5234 5285
f 5291 5234 5292
f 5292 5285 5286
f 5292 5286 5293
f 5293 5286 5287
f 5293 5287 5294
f 5296 5294 5295
f 5295 5294 5235
f 5294 5287 5235
f 5287 5228 5235
f 5236 5297 5235
f 5235 5297 5295
f 5238 5297 5236
f 5299 5298 5288
f 5298 5231 5288
f 5298 5242 5231
f 5299 5288 5289
f 5299 5289 5300
f 5300 5289 5290
f 5296 5295 5301
f 5296 5301 5302
f 5303 5295 5297
f 5301 5295 5303
f 5244 5303 5238
f 5238 5303 5297
f 5305 5304 5249
f 5249 5304 5248
f 5306 5249 5250
f 5306 5305 5249
f 5250 5242 5298
f 5250 5298 5306
f 5302 5301 5307
f 5302 5307 5308
f 5309 5301 5303
f 5307 5301 5309
f 5252 5309 5244
f 5244 5309 5303
f 5304 5255 5248
f 5310 5255 5304
f 5308 5307 5311
f 5308 5311 5312
f 5313 5307 5309
f 5311 5307 5313
f 5257 5313 5252
f 5252 5313 5309
f 5310 5261 5255
f 5314 5261 5310
f 5317 5316 5315
f 5319 5318 5315
f 5319 5315 5316
f 5320 5318 5319
f 5312 5311 5321
f 5312 5321 5322
f 5323 5311 5313
f 5321 5311 5323
f 5263 5323 5257
f 5257 5323 5313
f 5314 5324 5261
f 5261 5324 5266
f 5266 5325 5267
f 5324 5325 5266
f 5315 5268 5317
f 5268 5325 5317
f 5268 5267 5325
f 5268 5315 5269
f 5269 5315 5318
f 5327 5326 5270
f 5327 5270 5269
f 5320 5327 5269
f 5318 5320 5269
f 5329 5328 5326
f 5329 5326 5327
f 5331 5330 5328
f 5331 5328 5329
f 5333 5332 5330
f 5333 5330 5331
f 5332 5333 5322
f 5321 5332 5322
f 5334 5332 5321
f 5335 5321 5323
f 5334 5321 5335
f 5272 5335 5263
f 5263 5335 5323
f 5326 5273 5270
f 5273 5326 5274
f 5326 5336 5274
f 5326 5328 5336
f 5337 5328 5330
f 5336 5328 5337
f 5338 5330 5332
f 5337 5330 5338
f 5339 5332 5334
f 5338 5332 5339
f 5277 5339 5276
f 5339 5335 5276
f 5339 5334 5335
f 5276 5335 5272
f 5336 5279 5274
f 5279 5336 5280
f 5280 5336 5337
f 5280 5337 5282
f 5282 5337 5338
f 5282 5338 5284
f 5284 5338 5339
f 5284 5339 5277
f 5340 5290 5291
f 5292 5341 5291
f 5291 5341 5340
f 5293 5342 5292
f 5292 5342 5341
f 5294 5343 5293
f 5293 5343 5342
f 5296 5343 5294
f 5344 5298 5299
f 5300 5345 5299
f 5299 5345 5344
f 5290 5340 5300
f 5340 5345 5300
f 5340 5346 5345
f 5347 5340 5341
f 5346 5340 5347
f 5348 5341 5342
f 5347 5341 5348
f 5349 5342 5343
f 5348 5342 5349
f 5302 5349 5296
f 5296 5349 5343
f 5350 5304 5305
f 5306 5351 5305
f 5305 5351 5350
f 5298 5344 5306
f 5344 5351 5306
f 5344 5352 5351
f 5353 5344 5345
f 5352 5344 5353
f 5354 5345 5346
f 5353 5345 5354
f 5355 5346 5347
f 5354 5346 5355
f 5356 5347 5348
f 5355 5347 5356
f 5357 5348 5349
f 5356 5348 5357
f 5308 5357 5302
f 5302 5357 5349
f 5358 5310 5350
f 5350 5310 5304
f 5359 5350 5351
f 5358 5350 5359
f 5360 5351 5352
f 5359 5351 5360
f 5361 5352 5353
f 5360 5352 5361
f 5362 5353 5354
f 5361 5353 5362
f 5363 5354 5355
f 5362 5354 5363
f 5364 5355 5356
f 5363 5355 5364
f 5365 5356 5357
f 5364 5356 5365
f 5312 5365 5308
f 5308 5365 5357
f 5366 5314 5358
f 5358 5314 5310
f 5367 5358 5359
f 5366 5358 5367
f 5317 5367 5316
f 5367 5360 5316
f 5367 5359 5360
f 5316 5360 5319
f 5319 5360 5361
f 5319 5361 5320
f 5361 5368 5320
f 5361 5362 5368
f 5369 5362 5363
f 5368 5362 5369
f 5370 5363 5364
f 5369 5363 5370
f 5371 5364 5365
f 5370 5364 5371
f 5322 5371 5312
f 5312 5371 5365
f 5366 5324 5314
f 5324 5366 5325
f 5325 5366 5367
f 5325 5367 5317
f 5368 5327 5320
f 5327 5368 5329
f 5329 5368 5369
f 5329 5369 5331
f 5331 5369 5370
f 5331 5370 5333
f 5333 5370 5371
f 5333 5371 5322

