# https://github.com/mikedh/trimesh
v 69402.19000947 -14253.15611479 17615.67358696
v 68967.04434047 -14521.09968892 16257.07748498
v 68145.21949261 -15312.28701378 16993.30517564
v 68562.42918836 -15316.18970016 18725.59117378
v 69544.10566318 -14406.04484287 19499.11606728
v 68777.15118611 -15253.94269522 20382.13352698
v 69522.94112958 -14430.30493245 21175.50129393
v 68831.59670092 -15101.08938287 21711.67213634
v 69176.54531477 -14440.92848597 22741.74663337
v 68151.61590371 -15164.92542010 22886.75993604
v 69546.74031067 -13283.37117006 16246.63412203
v 68879.38261529 -13133.20356848 15127.32872942
v 68848.38977542 -14159.86988191 15511.16152211
v 70052.52669683 -12875.36896132 17566.71576600
v 70111.25570351 -13130.65621026 18940.02510259
v 70087.54052706 -13278.27562963 20649.94098146
v 69879.56475380 -13394.13648447 22340.37095854
v 68421.03365933 -14537.68762373 24259.83882510
v 69415.20519281 -13420.55749569 24163.07515718
v 68594.26433467 -13889.68725200 25632.06756597
v 69227.08045750 -12988.37995478 25641.67288007
v 68700.94123438 -13246.65644685 26651.36942130
v 69654.92286811 -11654.76114966 15737.19698306
v 68821.88761389 -11617.26683552 14755.10259952
v 70170.12406970 -11619.50074898 17062.86742171
v 70401.04123211 -11627.00412118 18590.85749915
v 70407.71811664 -11781.31815584 20265.81348256
v 70258.57193321 -12002.00396417 21999.84688312
v 69988.22819758 -12323.80206836 23442.48348799
v 69681.21063496 -11901.10061688 25035.00243547
v 69125.57144040 -12193.19742463 26605.29186672
v 69634.87367815 -9926.94684214 15447.79887166
v 68748.47470038 -9866.88530056 14533.16888840
v 70191.54620332 -9952.91084148 16708.47727404
v 70459.39524376 -9971.80073348 18242.05626713
v 70507.10797713 -10080.08956474 19944.32527617
v 70384.47899691 -10309.59840867 21731.90359467
v 70086.07304215 -10694.69917483 23659.19330939
v 69732.89998462 -10439.76369529 25298.50818803
v 69421.49591249 -11015.73349450 26278.07819693
v 69574.03945563 -8097.07926318 15294.82266323
v 68679.07638486 -7996.33016962 14421.75074988
v 70140.48693981 -8210.63736519 16459.56111030
v 70403.88970732 -8215.69190507 17907.33644734
v 70449.40263394 -8265.18598586 19606.48723474
v 70352.13306279 -8514.15092553 21377.30134009
v 70120.52472288 -8815.92061837 23131.60451631
v 69765.19240645 -9069.38085081 24841.84448090
v 69483.91106645 -6213.85599073 15209.54747602
v 68593.99704487 -6095.79671393 14356.94770580
v 70039.87852345 -6399.14866227 16374.87024776
v 70301.09525562 -6746.28351626 17520.68118994
v 70276.29603903 -6257.62662320 19183.25382853
v 70186.63768330 -6714.18458133 21046.78606317
v 70006.60692743 -7117.78542023 22703.75683688
v 69701.78945471 -7416.16641700 24289.18244119
v 69339.24017039 -4371.03192546 15108.94861471
v 68447.21535559 -4258.01175350 14308.29631349
v 69881.01096973 -4523.37336069 16286.70723595
v 70121.79667520 -4838.79218722 17880.40201961
v 70006.36011939 -4408.25930513 19508.27168566
v 69912.67746592 -4936.94503402 20853.76485978
v 69750.12864863 -5497.67431624 22438.71958309
v 69600.40264084 -6084.78237129 23729.31577017
v 69090.24602912 -2714.96961402 14990.07378064
v 68177.64014500 -2569.96748238 14319.45746872
v 69634.31227940 -2790.69680997 16051.72286867
v 69849.80984621 -2928.78801950 17437.19923199
v 69791.82064540 -3036.84112098 19002.55325267
v 68713.62173599 -1477.23407038 14930.57068374
v 67701.34410640 -941.11781300 14568.55025267
v 69222.10323526 -1374.13299668 15800.75441214
v 69490.27922440 -1418.19523569 17039.39616557
v 69453.71039513 -1515.32177113 18489.38346603
v 68510.71187695 -373.17166061 15515.18871972
v 68881.57228442 -230.58271829 16719.47213474
v 69056.01035182 -408.23695222 17922.73899165
v 68299.70551792 -14872.85958801 15777.88642128
v 68002.48842835 -14300.70405847 15104.71564772
v 67042.19297296 -15290.12178278 15927.99280625
v 66813.22049411 -15887.07746956 17194.95079462
v 67239.40700188 -15932.89762342 18414.88939259
v 67589.07878028 -15833.94178250 19980.98567700
v 67871.10162344 -15595.90932120 21503.42126091
v 66803.75986509 -15573.56384734 22816.33542825
v 67805.44757681 -13121.56649873 14539.15673797
v 67094.08753135 -15151.72232605 24282.80867680
v 67332.67145277 -14699.46082692 25783.92134913
v 67719.81892641 -14051.35522199 27157.22299280
v 68265.76162634 -12799.17233727 28077.27409915
v 66979.03432874 -14241.66816236 29102.53203145
v 67703.46544273 -12954.27438308 29641.49282881
v 67161.16943776 -13619.25310226 30623.37777667
v 67662.38300611 -11561.25095273 14181.81815156
v 68843.49860283 -10918.35000084 27769.40199078
v 68160.03348536 -11574.47872511 29439.31033868
v 67580.52555318 -12215.59827287 30907.95680951
v 67565.58429285 -9776.14776946 14000.08565942
v 69301.43708443 -9505.87054692 26525.01620201
v 68793.49168703 -9269.70284714 27976.22798047
v 68358.01227857 -9808.31143258 29265.96912386
v 67837.71255506 -10424.39539353 30843.83091955
v 67494.65581284 -7881.11820599 13919.75419784
v 69267.82817409 -7694.15111511 25935.37131307
v 68888.87444781 -8114.47641966 27334.57174153
v 68365.96468228 -7896.84164639 28826.84380685
v 67901.52654301 -8534.10807528 30578.71056528
v 67408.31284288 -5966.54958067 13885.16866824
v 69165.31927139 -6009.80663520 25161.03500581
v 68551.49090340 -6202.60397650 27254.62069736
v 68050.20251748 -6255.74311311 29037.03126625
v 67854.57079164 -6953.83059245 30162.42180601
v 67249.57319877 -4109.65534839 13888.29048199
v 69590.98924344 -3271.69518122 20594.25724596
v 69353.33271731 -3812.62581065 22248.55743590
v 69182.04574453 -4678.11277805 23875.94939439
v 68502.19873905 -4254.80454164 25701.67358078
v 68073.66196824 -4427.07847970 27361.27016398
v 67930.07093046 -5072.49844482 28513.83842582
v 66957.43450445 -2390.50808114 13971.46966517
v 69238.78360700 -1731.88311677 20075.12384660
v 68918.81630510 -2112.84850948 21768.86951846
v 68521.75168066 -2759.63349450 23820.37496077
v 67967.82520598 -2699.75541847 25561.64537320
v 67868.51722380 -3319.11099199 26776.26262440
v 66500.85548960 -1081.04151315 14128.98532483
v 68675.59049311 -226.96625478 19443.34607319
v 68574.92962615 -786.32153788 21024.84794050
v 67917.79787178 -801.08123938 22689.67280799
v 67522.18186008 -1445.82440929 24751.92892813
v 67608.19955243 275.65987993 15296.35362195
v 66407.95327452 209.27486540 14740.73591383
v 67955.71726786 633.81658490 16369.85991373
v 68173.56456856 661.57160586 17986.79087723
v 67816.43261310 882.10268039 19509.54977680
v 67773.05080277 405.64328109 20989.47767312
v 67109.27511788 435.94246780 22332.82573100
v 66564.55295338 -51.48826201 23919.75202873
v 66766.08601947 1075.38580924 15891.44483174
v 66999.64427792 1398.90103289 17304.75906906
v 67063.87167724 1474.07646939 18819.99744363
v 66963.62449725 1335.62418633 20250.87448566
v 66817.41605247 1067.08448266 21438.69837088
v 65666.80937957 -16503.77366034 35019.48088180
v 65420.23167097 -16810.68815387 33342.07697917
v 64541.06420825 -17900.53158365 34051.07632126
v 64773.43523963 -17888.69610578 36135.05316473
v 65588.06806910 -16737.51041107 37072.08709645
v 64838.91465291 -17880.68071468 38019.80880345
v 65476.62427848 -16815.06209826 38740.61904364
v 64824.85576514 -17711.17953428 39639.39771374
v 65306.59694564 -16804.36533669 39941.00291022
v 64835.44539451 -17231.94226421 40754.16709569
v 66672.09609714 -14357.35689563 14897.88463025
v 65398.59384878 -15240.93042196 15719.01743097
v 65574.10860597 -15900.09443871 16907.74102969
v 65784.33678639 -16177.10355655 18272.17431263
v 66109.43831669 -16140.30572546 19761.22705419
v 66458.33298034 -15919.04475216 21314.27087058
v 65212.68022175 -15715.52526816 22648.90305852
v 66251.76537479 -15068.03746447 31088.46614914
v 65350.09669142 -15693.23811951 29555.38951951
v 65172.24275010 -16360.96915055 30820.98930295
v 65460.45185966 -16464.65460468 32042.34962249
v 66183.42413270 -15315.45245350 33300.23718880
v 66319.31774648 -14967.41626044 35047.21361451
v 66147.45560644 -15319.88436102 36492.56484530
v 65948.32221073 -15537.03420566 38137.80836649
v 65653.56416286 -15758.25966604 39609.23975094
v 65181.21077545 -16132.27097044 40860.87056255
v 66443.00245310 -13048.62230366 14300.48356500
v 65561.00776320 -15405.74559752 24132.92398571
v 65708.56478004 -15173.11195210 25663.80953895
v 65824.42148807 -15083.84173934 27550.99973643
v 66934.63931596 -13278.75213799 32414.96176961
v 66653.10596034 -13567.78642810 34474.31038027
v 66485.96711186 -13797.48769805 36128.37487150
v 66245.06279642 -14008.52291045 37679.00191518
v 65897.84655178 -14253.44606013 39228.49592591
v 65440.37580395 -14684.38386500 40626.36397642
v 66291.98661791 -11427.93519196 13987.24583001
v 67337.64204322 -11081.15242786 32458.42512548
v 66925.66924298 -11651.28792669 34186.17745086
v 66623.77285919 -12089.80818506 35914.36147647
v 66397.95524043 -12606.40829265 37244.48076750
v 66001.09271907 -12380.64820329 38814.95707328
v 65496.35912934 -13020.86223863 40365.60426849
v 66198.31374277 -9606.55179187 13849.13627752
v 67449.18335188 -9043.50370106 32309.83912926
v 67033.98767817 -9595.95282176 34060.07212710
v 66639.59248469 -10092.49205310 35806.90462862
v 66218.91899526 -10729.61816060 37631.88604240
v 65714.77074590 -10639.53460726 39221.95648937
v 65448.31247283 -11482.37901206 40130.18503812
v 66129.52273829 -7688.62220560 13797.52170620
v 67396.91538374 -6860.13980540 31920.82356897
v 67004.47072475 -7550.56383485 33868.18589181
v 66590.25353390 -8028.45986737 35604.92891005
v 66092.20965752 -8467.67373639 37298.43036228
v 65551.58417715 -8981.49009270 38907.29084234
v 66035.79290503 -5754.84520547 13787.17452574
v 67477.22616569 -5093.46796540 30334.90392872
v 67070.61311680 -5047.50120837 32265.16436578
v 66844.19577679 -5623.39469774 33701.95508769
v 66467.89413201 -6078.83563422 35359.27901006
v 65959.04296107 -6461.57066216 36944.52270862
v 65173.48424715 -6742.27382496 38583.47604397
v 65861.04651043 -3872.10258883 13818.91382848
v 67418.79688945 -3404.79218170 28522.92429526
v 67052.03851736 -3383.20019551 30331.02063263
v 66875.24611564 -3702.91050314 31741.30883874
v 66584.26708232 -3915.66249087 33400.19936552
v 66252.35117348 -4291.06460215 35035.02394996
v 65768.42891545 -4666.87133546 36559.48352154
v 65207.37571988 -5099.14963497 37795.89449024
v 65577.95138444 -2126.11500522 13924.43005703
v 67239.62422718 -2018.74979016 26714.33987964
v 66774.28327549 -1896.10087856 28307.99569195
v 66699.19331386 -2242.14738528 29772.48392690
v 66613.74783558 -2557.54313720 31154.32382494
v 66197.36187841 -2290.37875863 32689.46005183
v 65907.83799466 -2667.90807854 34540.28510162
v 65485.17960838 -3047.02260224 36090.95862406
v 64730.34407772 -3436.45832147 37518.83150457
v 65326.64417259 -610.43152041 14175.36661742
v 66599.94993495 -824.91595818 25711.25536833
v 66201.39269694 -959.27843148 27337.04939126
v 66053.29843393 -1129.40280429 29156.40638127
v 65980.65472689 -1350.61350715 31035.30587101
v 65545.02600649 -973.85972474 32542.44753439
v 65376.07769305 -1238.07034559 33944.63631101
v 65038.38496203 -1623.72162881 35489.30862267
v 64655.53011794 -2124.12841867 36700.72125854
v 64874.19603587 553.79280472 14629.50619773
v 65069.75724605 687.36754056 23563.85417859
v 66122.31595792 940.09622006 22435.92939916
v 65155.78071926 -35.02225775 25797.17038385
v 64987.38287171 -256.75541433 28327.95648395
v 65260.14864193 -475.49402395 30089.84673840
v 64989.17490124 -274.06682772 31587.80749444
v 65382.05589487 1237.07376672 15491.66302437
v 65658.75197297 1685.73290063 16798.93599417
v 65870.11002457 1828.92050969 18320.18700738
v 66123.99227528 1749.14439524 19617.85321232
v 65791.38415007 1521.11375035 20998.64389154
v 64457.85900935 -17306.92092378 31476.24822924
v 63996.70391811 -16923.69562278 30216.70356057
v 63117.99942736 -18032.33063632 31137.78355914
v 63791.53101137 -18191.74502748 32461.47174688
v 64812.56159298 -17421.39163429 32604.78018423
v 63131.12418668 -18979.68448311 33715.45943179
v 63587.81700080 -18922.39576163 35463.36371910
v 63820.93894600 -18880.52664786 37360.42765588
v 63920.15432791 -18740.69525352 39206.84158895
v 63948.45734434 -18290.60322621 41090.12389775
v 64416.65381052 -16833.85107978 42100.59985577
v 63526.52227866 -18066.26195750 42984.82558210
v 63851.38541794 -16928.09203801 43498.43811253
v 63291.16985081 -17571.70332460 44291.79692833
v 65179.58311527 -14215.64100119 14859.01070322
v 63913.08416161 -14953.96396288 15737.30717323
v 64043.28774379 -15686.73588614 16824.68354957
v 64301.28092487 -16102.69366386 18119.41086533
v 64543.00882676 -16172.75972709 19562.51205212
v 64832.56793152 -16002.32854503 21111.20887835
v 63551.75094607 -15641.41433157 22368.48390285
v 63457.93868727 -16190.48885522 28690.09342153
v 64829.51514453 -15125.87151615 41938.91048021
v 64150.47156059 -15595.79267813 43303.09535923
v 63494.22273924 -16255.12912058 44582.78014282
v 64999.96786013 -12833.33189658 14367.11208242
v 63865.03186475 -15365.27793912 23901.62096045
v 64316.62247339 -15251.64235111 25221.92779166
v 63660.13166782 -15338.95266599 26774.69265237
v 65020.13460680 -13643.69978091 41542.49502925
v 64273.92713053 -13633.87522192 42945.54512085
v 63594.84157296 -14532.61072695 44466.66459325
v 64868.16623713 -11158.28130389 14136.81209239
v 64680.72194147 -11703.80258247 41620.77525696
v 63691.02054833 -11779.06771524 43217.23249307
v 63496.81108481 -12981.38429077 44208.58334428
v 64784.24005264 -9298.73034274 14045.62338844
v 64980.20319338 -9812.82858707 40416.08170555
v 64233.44504128 -9904.10930886 41582.67205356
v 63798.04045088 -10532.64947191 42406.72260037
v 64712.73708516 -7355.67718749 14016.17467190
v 64684.45629403 -7817.73768576 39975.11444574
v 64066.35649570 -8520.79551982 41112.44176163
v 63356.01681144 -9206.12058464 42103.49330376
v 64599.49033668 -5400.78492133 14019.57145875
v 64188.75749053 -6277.71422703 39749.85486257
v 63707.39198663 -7032.38419316 40684.59094346
v 63061.29734808 -7795.43274591 41546.33222272
v 64388.16515293 -3483.21974474 14069.25983822
v 63030.56781416 -5654.80833726 40222.71769814
v 63992.23324527 -4622.83672773 38886.27744636
v 62824.56637289 -6699.79103176 41058.59291053
v 64030.13938241 -1577.54019828 14217.70742000
v 63811.35505983 -3186.71808255 38256.60206985
v 64195.37453129 -176.04583439 14324.54560000
v 63982.05365142 37.36296119 27174.90983171
v 62734.29037456 33.54139813 26797.02870151
v 63629.40708911 143.20697075 25906.60934393
v 63805.46804860 96.80740412 28519.46180960
v 63086.09541125 81.07722897 27868.84030354
v 62663.88667787 204.70847308 29087.06959393
v 64760.33903729 -163.24715251 33162.87063781
v 64272.04657863 -281.86162382 34728.50159550
v 63968.84598994 -1036.26272989 36250.77924664
v 63599.47096908 -2082.90653840 37527.89553747
v 63664.85044831 628.70056984 14694.04441400
v 65041.89518802 1255.01125333 22169.15591066
v 63587.97120127 1039.31137321 22500.44985520
v 64482.20553307 1534.95754306 21225.67629752
v 63653.60469761 445.83088147 24468.52995657
v 63888.13499543 226.93554777 30288.94330364
v 64004.95802029 496.02197111 32245.10335288
v 62919.32734114 842.90883574 31809.93455560
v 63863.97998321 581.56090189 33607.43731489
v 63409.51968653 574.64525288 34496.45238867
v 62916.84558792 0.02514507 35560.33733045
v 62853.85995561 -933.41974805 36813.21319992
v 64060.75485950 1255.89113368 15260.04492254
v 64263.10807797 1676.48436598 16377.30818899
v 64437.21861386 1871.98027796 17887.13926080
v 64726.30429584 1805.87103760 19679.69550290
v 63179.94931831 1009.97852057 32947.47844451
v 63139.29015363 982.78931766 33833.08288739
v 62222.79598161 -19737.40259526 34941.49159548
v 61934.19543907 -19667.70377298 33495.12208406
v 60651.62691340 -20393.33129018 34190.75563615
v 61079.63122839 -20431.85284162 36216.82016007
v 62546.03700443 -19729.72590381 36768.97159703
v 61413.69506355 -20425.16280155 38067.80296009
v 62749.29255332 -19680.39986188 38627.22565596
v 61585.00454077 -20436.50991042 39871.93784646
v 62838.09719587 -19536.52479305 40448.44570372
v 61759.90933817 -20323.81547346 41470.30973286
v 62709.52205242 -19369.51148142 42313.59820210
v 61319.91183763 -20627.58725257 43344.36452783
v 62499.57413524 -18966.75150153 44391.25679214
v 61435.63687592 -20351.29214623 45461.77116325
v 62020.98113132 -18991.49356700 46340.32450352
v 61310.07086992 -20123.12876231 47159.98316554
v 61675.47913371 -19026.34257930 47623.98984723
v 61188.97171885 -19608.39740300 48367.63906312
v 62088.93262947 -17667.99142185 29938.07876713
v 61792.52353076 -18689.80395378 30974.86561945
v 62286.24919664 -19061.60315617 32213.37793613
v 62719.31784589 -17326.07575887 45779.69290224
v 62028.41681863 -17788.94610693 47415.19353717
v 61415.96485307 -18337.62838835 48637.67587904
v 63799.98069631 -13890.73555853 15048.72756783
v 62852.69668499 -14493.18614710 15819.68051490
v 62517.20031577 -15141.31190194 16852.66043159
v 62804.31809393 -15734.52978712 18135.59404501
v 63239.37405588 -15992.82403614 19277.64512373
v 63094.12865781 -15822.53266412 20841.24644227
v 62485.24759550 -15518.22696195 22069.78505561
v 61417.77026733 -16843.84382873 28944.19948694
v 62925.32326547 -15311.38356275 45848.65460166
v 62257.04053200 -16091.91611093 47241.18315084
v 61605.54635899 -16745.69551450 48555.22383063
v 63629.52807565 -12451.55031755 14724.23756375
v 62580.72832220 -13445.47852849 15511.25902811
v 61850.85493243 -15066.71343248 23339.65849535
v 62517.49149401 -15019.59998235 25366.25692369
v 61883.06904815 -15093.30042207 26729.54733459
v 61035.89000798 -14743.14583425 26166.27214056
v 61484.36416688 -15778.29171054 27892.28642710
v 62831.00457380 -13326.97508481 45593.20639683
v 62232.03564751 -14287.89719351 47060.00689497
v 61586.02282622 -15081.29723795 48385.83120752
v 63505.31577495 -10713.59945630 14582.71516985
v 62371.85712701 -11902.40168491 15336.04551577
v 60419.16106645 -15009.34954013 27132.85732111
v 62806.07663209 -11686.57360565 44579.81892852
v 62322.23689775 -12007.57244585 45776.37175141
v 61987.10640962 -12697.28303762 46778.68714853
v 61382.16625182 -13456.79782515 48046.78968748
v 63422.24060720 -8810.21723430 14528.21167193
v 62238.63584176 -10083.62978725 15254.95341229
v 62158.26197734 -10630.49457452 44368.12290933
v 62786.16624844 -10277.71713884 43292.57093433
v 61996.84922548 -11127.47916154 45299.29544216
v 61485.74117490 -10508.02993482 44788.14776102
v 61672.89204061 -11558.15164980 46327.84439018
v 61067.15388712 -12030.66003800 47398.80978007
v 63335.78719168 -6843.53670512 14510.10201831
v 62141.10054306 -8131.61956904 15217.64888159
v 61905.99391642 -8598.12972917 42388.85223868
v 61210.07682338 -10877.28119494 45710.65638645
v 61058.66855169 -11250.76771089 46620.54118314
v 63187.25809886 -4885.98319119 14522.31753176
v 62032.54711882 -6155.39984804 15197.68092689
v 62197.46603969 -7253.30114107 41555.22684769
v 62926.30507248 -3013.03130979 14598.04328743
v 61844.45558033 -4237.43924162 15226.13373927
v 62604.78763451 -4353.11241851 39550.21720889
v 61657.21203760 -5071.12698671 40147.22143821
v 61866.09521392 -6280.66388112 40915.22593716
v 62660.08093559 -1597.29951703 14702.99834427
v 61451.09651445 -2318.33800668 15442.91866268
v 61490.07567299 -3882.36093645 39411.68200974
v 62651.11814676 -3116.06032904 38646.82806594
v 63005.45612265 -330.84562353 14677.69680108
v 61964.97401848 -931.48571082 15166.69351371
v 61158.97191629 -154.97193757 26668.52412954
v 62279.94018787 121.90773626 25407.60234501
v 61843.40803106 -4.61978174 27960.02885311
v 61067.07566982 125.41456268 29347.91643159
v 62046.99941341 -1710.04347366 37684.94096888
v 62795.02677895 629.03753102 15009.11559283
v 61641.28835988 867.33848478 21634.32869567
v 63238.90146173 1477.64330656 20687.97043185
v 61928.12205843 434.59943765 23661.62237220
v 61887.68705197 527.10287274 30754.29763859
v 61864.80946034 937.54693164 32078.56648363
v 61530.52878745 378.94600369 35074.99759213
v 62556.32569226 822.00401634 34464.77089328
v 61469.15205802 -585.28433165 36502.72826553
v 63170.28860196 1121.56198732 15173.49421982
v 63090.39899814 1420.10255912 15994.86108463
v 63039.78008185 1622.32780356 17385.76585877
v 63157.45234263 1682.65010180 19021.73690085
v 62416.58684823 1129.01767892 32668.25055591
v 62447.34251724 1132.53050254 33513.90107374
v 60489.22138838 -21594.63510257 44881.36371650
v 59874.97578434 -21997.50754694 43514.51862902
v 59726.00341483 -22357.81135479 44647.74941313
v 59688.93610658 -22471.06600013 45769.88631603
v 60580.67651732 -21393.58496878 46553.51967870
v 59675.01861168 -22437.59590252 47541.94700505
v 60492.24215833 -20950.54111197 48460.40299307
v 59530.01152131 -22316.17227918 49371.91013068
v 59976.19874974 -20978.85689909 50279.02702910
v 59270.41732997 -22131.22594580 50994.39669067
v 59553.80995473 -21043.67309054 51492.97080103
v 59038.33610045 -21673.15429870 52133.30269240
v 60805.65888063 -19542.76397612 31549.39593751
v 60498.18804849 -18878.22503025 30463.01609224
v 59531.37142643 -19824.75917665 31075.20617019
v 59451.91524135 -20537.26470454 32416.27650517
v 61075.65350618 -19897.29054513 32700.26307682
v 58944.95854262 -21126.45023043 34098.20183000
v 59444.23298195 -21067.95410105 35760.54638878
v 59866.95022261 -21075.83209928 37638.90304892
v 60376.43665309 -21031.20900506 39247.69610139
v 60126.22070595 -21405.08287065 41284.19708107
v 60627.37137875 -19308.97474599 49766.30856844
v 59842.00562297 -19755.06733386 51333.24700954
v 59158.25330974 -20415.64201524 52461.35899757
v 60105.06842523 -17923.46292909 29548.33443332
v 60866.41391868 -17334.85659428 49781.03081344
v 59989.19721827 -17912.82131826 51152.43962600
v 59170.69072704 -18676.02702495 52502.62316321
v 61828.07380902 -14198.29836541 16421.01346871
v 61322.40743687 -14638.93895545 17300.49033762
v 61417.47562419 -15090.49035430 18211.40501564
v 61733.78439713 -15427.81692213 19740.33118538
v 61557.29314353 -15277.10280039 21542.11340678
v 60427.67239501 -14803.03119190 20787.44901942
v 59782.11163083 -16771.56577249 28723.43321293
v 61015.41067346 -15835.00266305 49458.17194064
v 60058.09474722 -15860.93840262 50707.46689524
v 58848.33907404 -16558.27025379 52417.05607893
v 61440.00708925 -12882.81102337 16231.52775274
v 60770.86602238 -13678.84289534 17196.78757867
v 60030.52366586 -14532.19470946 22304.84316855
v 60090.27811278 -14449.90097343 23793.93259435
v 58804.86548083 -13991.60866760 23390.30596088
v 60686.70976636 -14588.97979188 25005.61348792
v 59419.09725630 -15691.07901989 27997.40283655
v 60600.66028673 -14313.89800914 49454.54345821
v 59520.14476453 -14280.70951385 50577.62353339
v 59077.70992837 -15107.34903586 51534.90303427
v 61195.98590153 -11195.70339657 16128.22019633
v 60327.52801431 -12180.14666639 17112.76061693
v 58994.24348681 -14120.96169293 24797.26039540
v 59376.68322013 -14486.34091401 26261.10865629
v 58959.38758593 -14958.64953628 27353.58493187
v 60422.19076959 -12835.12755335 48664.65868046
v 59799.73184680 -13374.74775575 49701.98196051
v 61039.02058042 -9290.17420002 16068.72757091
v 60053.54056320 -10366.10663820 17003.87810146
v 61509.11762439 -9891.38517622 43752.88538640
v 59333.18982420 -11349.86364590 46406.46628947
v 59826.39848299 -10876.22425500 45638.21762894
v 60376.32175574 -11031.12062594 46300.10457960
v 60648.15658789 -11406.22600817 47073.40526271
v 59851.88576387 -11853.16000083 47731.95858697
v 59518.41173021 -12653.07091333 49129.33513309
v 60908.12639088 -7280.68254807 16036.12545190
v 59848.69273264 -8390.23250922 16956.84788841
v 60765.28259104 -8275.41227236 42141.05141813
v 60181.88197197 -9322.01797799 42894.03560837
v 59759.96059633 -8090.74075458 41657.13752158
v 60336.51317560 -10443.12286534 44725.44445383
v 60825.82834285 -5348.20892098 15976.64502040
v 59613.98868152 -6212.91673250 16977.38267463
v 61130.69997616 -7372.28472565 41571.28338969
v 60141.97531943 -6229.66883761 40545.85071751
v 60678.83293055 -3665.33687210 15995.86300694
v 59897.47322042 -4521.16599935 16647.94495756
v 60647.13752683 -4650.40172768 39803.73091747
v 60480.93919254 -2669.87133836 16121.12470620
v 59651.22317782 -3052.35379326 16866.61420305
v 60553.82992325 -3909.14129178 39320.98614191
v 60711.52266743 -2875.94055595 38519.30887094
v 61914.24717613 166.07257496 15609.22545002
v 61007.13720338 -882.11448823 15971.12307091
v 60254.43749699 -1837.00666170 16425.97316053
v 59532.86157366 -490.60221710 26732.36593207
v 60282.15302583 -208.50126158 25054.83759822
v 59976.55799946 -269.57619245 28215.10954252
v 59700.13871763 -55.83001913 29603.85825249
v 60792.28308564 -1522.42956983 37498.69925669
v 59771.99271079 -2023.78752095 37623.06617588
v 59910.85541818 -1105.23775366 36745.90509901
v 62493.56251928 990.37093225 15598.22297821
v 60759.19061133 23.72564669 16837.00626749
v 61864.53077593 979.42386920 16812.30609309
v 61793.43636899 1251.71966269 18568.88647017
v 60571.57186014 517.73034932 18251.42813645
v 62022.93470680 1299.54453081 20005.35883447
v 60611.45940373 699.72573057 20109.93742875
v 60311.78700079 475.17964408 21507.13462911
v 60054.46660418 111.61676640 22894.67655745
v 60100.70228361 243.55355158 30665.89991364
v 61548.73499111 999.48267128 33079.17866435
v 60471.49906827 580.43399872 32204.42883719
v 61698.96001218 911.60095496 34048.73829845
v 60384.79034066 461.23469449 33986.92839798
v 60094.90955043 -245.27774919 35539.63511162
v 58681.26061280 -23153.60671689 44463.90272704
v 57706.23286745 -23472.39421687 43112.82644435
v 57404.86925402 -24042.08311717 44100.92490700
v 57420.66001222 -24446.87428428 45604.16989335
v 58681.04702755 -23504.34890510 46572.43040266
v 57648.60985523 -24588.27473436 47605.22454895
v 58700.78710232 -23546.93562517 48490.46317149
v 57711.49647635 -24594.65737952 49485.14821475
v 58610.20841852 -23404.06335144 50319.96494697
v 57633.97586447 -24432.48865066 51300.14733159
v 58390.42668292 -22964.11379352 52115.74785608
v 57420.98028305 -24141.30398710 52947.80156847
v 57837.66199921 -22978.63695999 53457.54278034
v 57194.45203069 -23642.37343441 54127.88804458
v 58059.53891360 -21364.52125168 33059.13680982
v 57949.88959250 -21127.33767790 32057.77725683
v 56729.55783353 -21653.93310661 32511.47360021
v 57110.05180945 -21768.81980027 33524.26581195
v 57810.85013862 -21588.29536271 34079.29760766
v 56724.52075479 -21920.36699192 34549.35793922
v 58688.65098601 -22604.40317554 42480.54507197
v 58437.85654872 -22304.11679214 40953.16759388
v 57174.66445641 -23228.96934503 41576.74006386
v 58351.23193337 -21545.20740503 53333.07577463
v 57428.57988809 -22335.85952664 54490.06615216
v 58562.51019844 -19328.74235581 30220.82926725
v 58244.29376873 -20493.39586082 31228.01750684
v 57889.07240291 -21594.93677235 35286.40803235
v 57930.39115604 -21731.71064897 37192.90868732
v 58739.39421953 -21768.32177655 39313.90496942
v 58412.22819814 -19626.99229647 53614.47944314
v 57578.16948520 -20585.24212769 54655.59578357
v 58201.17225649 -17997.52097763 29311.95382442
v 58220.21263075 -17828.02664449 53639.96534103
v 57458.89503178 -18749.08153030 54720.52053169
v 60564.67085961 -14311.97307834 18047.49695003
v 60135.29154708 -14366.03277374 19374.31150221
v 57927.29465447 -16698.39169258 28628.12557335
v 57977.55916602 -16710.49164605 53577.40889547
v 56954.63576436 -16924.63228343 54592.12908695
v 59678.36539697 -13096.40743758 18308.73235805
v 58742.28080951 -13072.82514683 19693.61458100
v 59030.30067130 -13902.67711009 20971.42068464
v 58650.73573088 -13867.44242038 22257.03055881
v 57783.67303179 -13446.59614585 22904.85581745
v 57702.19487583 -15562.72408819 27955.95449823
v 58572.08656675 -14221.95233048 51299.76365946
v 58108.93091237 -14979.66962697 52243.47601331
v 57588.62276027 -15816.54653597 53357.83184595
v 59222.25910232 -11341.11260504 18000.64272562
v 58595.14909664 -12008.30929052 18950.63557598
v 57257.98200194 -13477.15262924 24288.23747193
v 57531.65886897 -14054.65332218 25868.37308907
v 57628.01745799 -14696.09320524 27080.38916776
v 57838.76702085 -11664.37904603 44615.30367196
v 56773.07786270 -12264.78316271 43951.82265246
v 57568.98332274 -11473.44638850 43526.05940796
v 58130.76927462 -11839.26310820 46072.55489233
v 56495.37334031 -12827.35357659 45654.05706076
v 57306.87884497 -12456.71558041 47188.32550714
v 57245.62953915 -13897.22702855 51483.42194654
v 58726.62588790 -13313.55368565 50231.54923715
v 58912.17105828 -9503.12691673 17903.34988647
v 58125.72709431 -10527.12249257 18897.76859169
v 58698.14393667 -10640.05780591 43628.11901150
v 57507.63602346 -11009.42199384 42782.76305591
v 58120.43774840 -9728.56338287 42045.22037749
v 59072.75504528 -11069.17587619 45151.90520612
v 58467.63673803 -12015.68867992 47518.06667608
v 58617.27157058 -12480.41034585 48925.05223915
v 58657.00897385 -7564.59755792 17882.17863873
v 57767.90987642 -8663.73526637 18836.48497037
v 58116.66135460 -7954.43182674 40724.93136960
v 58441.27733614 -5977.66750170 17926.78628921
v 57467.45747254 -6644.54984074 18863.05878603
v 58486.73724310 -6382.08182661 39950.09939943
v 57321.44513768 -7278.91998748 39885.21628544
v 57441.69994189 -6048.96399226 39193.37203457
v 58774.15510780 -4469.84912123 17610.00288393
v 57786.39492262 -5125.08719363 18481.46126899
v 59334.51759504 -4640.49114359 39267.70459312
v 57656.99086758 -4510.08906182 38319.00572021
v 58556.26177914 -2953.98835255 17953.89736830
v 58196.52831235 -875.31444554 25885.59296621
v 56840.04415793 -1382.73244546 25661.59034952
v 57470.19354020 -1112.51659738 24803.53439081
v 56558.81363233 -1382.07235329 26866.27690824
v 58949.62483165 -3148.29456280 38080.13570219
v 57694.62699512 -3325.64173281 37502.50369075
v 58491.76473328 -2069.98541846 36933.11020870
v 60087.31901042 -858.43117206 16899.75561458
v 59166.02904715 -1661.85298736 17681.00270476
v 58647.18510336 -589.92826580 24170.77162653
v 57313.92256091 -1089.65952909 23517.36476477
v 58568.48557228 -435.42387742 22816.20805339
v 57872.26542305 -826.11547814 27907.06697022
v 58871.26555605 -64.66514075 30443.17746848
v 58423.05525796 -395.89139241 29455.76244348
v 57612.71393225 -352.63517573 30773.49355488
v 58871.87533267 -984.19030166 35959.98946309
v 59666.41746431 -404.62154268 17956.96622722
v 59336.80012499 -110.62935045 19495.80786050
v 59166.05907059 -75.36018366 21353.24997116
v 58593.96543856 25.98598656 31754.67655098
v 58999.23700046 128.17474753 33156.35431102
v 58482.57367619 -477.23041949 34603.84452157
v 56463.15334008 -25486.51409789 46837.68395003
v 56246.01931944 -25300.93238436 45340.15616746
v 55149.95112902 -26260.44025769 45902.63256697
v 55486.43200868 -26468.38764002 47962.11266370
v 56668.84642111 -25583.22422085 48659.95704231
v 55795.05489890 -26437.05327634 49594.83718433
v 56690.50844599 -25611.95801518 50464.29214187
v 55463.09808089 -26810.85189281 51372.39860734
v 56596.97566102 -25471.96618420 52290.82056178
v 55597.54024038 -26493.29191613 53366.01663012
v 56440.34225433 -24975.04032092 54123.71345221
v 55456.22196787 -26164.21245401 54995.20993548
v 55886.94480932 -24983.68367109 55477.86294951
v 55244.70239276 -25667.21841255 56157.71424005
v 56488.92968084 -24273.95421414 43003.21065640
v 56624.70725789 -24723.05295624 44398.66988142
v 56473.63239553 -23518.05855962 55352.29215508
v 55497.96575054 -24338.31100919 56513.77383355
v 57057.53539598 -21146.95070931 31517.34242642
v 56800.01767801 -20473.96728872 30708.68159439
v 55443.15842947 -21481.85365208 31587.99500475
v 55248.85126502 -22045.83386945 32717.62393229
v 55911.48330147 -22062.82775979 33599.21931142
v 55133.20049725 -22308.56831067 34796.76791890
v 56923.07751030 -22385.30472814 38728.34989454
v 56289.31972245 -22297.03872803 37515.79542034
v 55524.14128016 -22808.93883849 38347.34369698
v 55626.78845001 -23425.53010407 39910.44771104
v 57388.08848195 -22585.32894576 40095.18428188
v 55811.44230870 -24074.25391691 41549.96089493
v 56675.51251323 -21558.11443423 55672.63239298
v 55723.83004131 -22540.09071608 56687.67185358
v 56558.64156826 -19310.67022302 29845.61914571
v 56174.27313125 -22135.17418386 36081.96698396
v 56673.70309006 -19716.96876283 55754.69510716
v 55783.55380212 -20645.71979893 56770.85431528
v 56304.29431757 -17950.85091570 29148.60240201
v 56453.35541270 -18080.47609888 55690.34854297
v 55701.22846514 -18910.82173705 56678.92000929
v 56116.40647100 -16597.57774798 28534.88927493
v 56059.52014403 -17115.62587048 55629.60803706
v 55484.88594220 -17524.79864864 56382.20837304
v 57940.96318200 -12862.61925826 20739.64740575
v 57763.03322890 -13187.68282763 21821.15825890
v 56018.59256690 -15399.10722160 27812.60638482
v 55574.27192273 -13566.52872518 45572.41064570
v 54913.02294965 -14020.50266330 45230.22793848
v 55638.85886688 -13503.42065384 44981.36162757
v 55013.05092607 -13849.94540103 46498.47124010
v 57048.29851085 -14811.35174871 52863.49952181
v 56250.51133810 -15454.38420984 53965.94661851
v 55108.49851684 -16334.42963608 55571.79413722
v 57598.69476657 -11631.93543540 20042.10746061
v 56952.76993772 -12098.79257451 21403.99366479
v 56522.24616853 -12544.54971871 22892.79159300
v 55325.17203887 -12687.90813255 24483.34445479
v 55759.84693835 -13626.31448716 25689.36764899
v 55957.29916805 -14435.36872015 26859.35525377
v 56806.97105605 -11774.90426415 43003.94429079
v 55811.90292645 -12600.26766133 43080.07248534
v 56179.94955106 -11406.65827586 42062.00509648
v 55821.11594248 -13143.34286080 44205.65194585
v 57367.36328416 -12675.79654960 48656.20527522
v 55915.01841118 -13234.03836590 48019.85034662
v 57635.51600819 -13040.85961633 49946.74547600
v 56185.91927101 -13372.88770920 50137.19737750
v 55702.49183172 -13854.74928071 51686.80286641
v 55896.81241145 -14447.38113895 52846.37015788
v 57009.74836724 -9741.36779446 19885.66623785
v 56250.97120390 -9799.65496305 40848.18147539
v 56668.03803615 -7911.71927600 19817.27353285
v 56626.08707321 -8383.36298650 40155.15493268
v 55515.33313167 -9171.73127226 40003.19356201
v 55847.18663797 -7747.80246281 39343.80563128
v 56424.62709272 -6417.52544606 19876.15449001
v 55891.92424999 -5959.34962430 38226.37950728
v 57667.63048028 -3779.86683163 18722.37875259
v 56754.10517313 -4976.19211530 19526.64759749
v 55844.09549420 -3987.54320010 36732.34013691
v 55040.80642775 -4261.08966746 36369.12308641
v 55609.64837360 -3473.18378796 36134.16377766
v 56527.43607979 -4271.26866004 37432.34618621
v 55154.19688819 -5098.40809734 37118.64458898
v 57810.08782337 -2196.88640614 19170.83251051
v 56661.37153169 -3382.38910427 19932.46788659
v 55580.65815030 -1858.80628210 25992.12204309
v 56313.99945218 -1601.65538461 24738.91158836
v 54989.02855093 -1870.20153009 27362.76736633
v 56797.55759447 -2981.85913295 36578.13576255
v 55915.24312677 -2544.74706415 35460.94068967
v 58680.42093519 -978.21937854 18923.91031119
v 56609.20169517 -2248.47904906 20810.71020736
v 57913.24593314 -1044.60584374 20558.73010412
v 57843.58453420 -777.71921053 22098.51584441
v 56568.72050016 -1600.27771196 22261.33175294
v 55996.85617293 -1761.92097052 23692.27830747
v 55794.36333264 -1404.16391947 28399.38118288
v 56524.82734633 -906.26851849 29840.50560339
v 56397.95935902 -710.06085690 31225.54673284
v 57490.49387510 -1641.71343974 35704.59395029
v 56549.73307629 -1389.18084679 34463.13509869
v 57097.72983093 -411.81252495 31860.60638597
v 57272.34166037 -522.68949013 33114.49228687
v 54648.28492405 -27712.30469022 52832.50473311
v 54157.00541663 -28132.72561801 51497.87110981
v 53943.89654424 -28481.16019270 52593.34110974
v 53852.17561444 -28602.83023986 53698.22125405
v 54685.41591076 -27484.77124159 54437.78473351
v 53756.92308326 -28576.38758523 55443.35518384
v 54531.21094443 -27030.15254897 56179.57136157
v 53623.85705745 -28296.56644958 57073.35888658
v 54019.46595809 -27074.44657565 57516.59721569
v 53477.21820439 -27771.88643236 58178.66350086
v 55480.73606131 -25411.66647978 44031.71108231
v 54436.21736001 -25803.45542020 43057.75830610
v 54201.36344793 -26475.21266611 44290.80060672
v 53866.61304037 -27165.87052374 45642.01001930
v 54191.36281302 -27337.30013594 47299.64015776
v 54512.83131430 -27505.80442066 49496.68836500
v 54549.98302615 -25570.45094228 57390.00481382
v 53636.60967768 -26468.35724806 58557.94029169
v 54593.53628895 -24633.05651440 40993.90617171
v 53646.14982554 -24541.49519100 39739.56374342
v 53367.00588938 -25399.04369125 40739.99480184
v 53929.27608731 -25620.66870246 41866.56395814
v 55133.37788545 -24954.61449784 42384.87855492
v 54755.80161132 -23550.85605492 57714.03401811
v 53787.75772833 -24615.27426685 58770.41390697
v 54943.80468750 -20525.18948003 30483.83758423
v 53462.93875962 -21594.61245727 31319.79549167
v 53747.48276595 -22236.35240725 32487.70925495
v 54223.88132106 -22430.02202105 33684.76688286
v 53352.37236211 -22745.29435064 34904.76284249
v 54859.61385658 -22725.15130925 37228.61665226
v 53938.43282010 -23558.50007708 38393.25651508
v 54831.08324045 -21595.74913709 57800.15690135
v 53866.26110431 -22591.01145671 58841.51575443
v 54674.94488271 -19249.29073356 29675.72853971
v 54226.54374712 -22652.88468838 35999.96545920
v 54785.32965808 -19732.25908823 57718.53007295
v 53829.13637594 -20644.33330873 58778.53926582
v 54501.83029140 -17858.94030715 29066.59702126
v 54706.99935688 -18175.52456233 57401.50667709
v 53621.36883894 -18772.90098531 58544.52850626
v 54325.37688899 -16468.72458248 28466.14574358
v 54561.98895865 -17135.88592068 56909.14075602
v 53829.89763351 -17545.48020981 57773.96454089
v 54357.16219983 -15193.46813265 27682.49605982
v 54806.13117269 -13635.28231253 43479.36721589
v 53644.34659770 -14274.53346524 43082.05418450
v 54258.56168358 -13119.63841774 42210.66387443
v 55085.74036023 -13810.57819317 44394.46332507
v 53973.04893442 -14507.02160173 44304.61995007
v 53847.39463945 -14682.01799766 45802.84691073
v 53766.60595279 -14575.59917654 47099.27063210
v 53075.50297765 -15704.00065098 55376.78778981
v 54701.28462522 -15066.93822620 54075.86493433
v 53468.57460902 -16683.33591866 57047.21110964
v 56351.16819985 -10636.10813517 21068.44253133
v 55910.78328437 -11338.01443317 22167.88672573
v 54852.29997126 -11324.68437372 23428.13034167
v 53536.41526022 -11925.85085389 24922.67173978
v 54056.69372423 -13217.43128000 25794.03946306
v 54351.45964768 -14175.60834028 26756.23567326
v 54347.24901331 -11618.65056276 40932.04512194
v 54286.34467178 -14073.23008210 48191.01854398
v 54655.61845493 -13784.99296424 49725.35813335
v 54859.99351679 -13816.57017400 51101.92984323
v 54423.38729830 -14311.91409228 52528.36320285
v 55888.87900461 -8856.26197286 20939.32303381
v 55098.39069629 -9850.50653763 22273.25190965
v 54138.98925105 -10045.04448260 23368.60478409
v 53603.99149321 -10682.26575743 24126.99738572
v 54763.04470200 -10270.52520065 40245.83160949
v 53645.20139279 -11023.57684121 40094.06215311
v 54034.11666657 -9609.17465277 39479.53991013
v 55709.31145178 -7104.61716114 20779.51288312
v 54769.99378007 -7758.04764653 22067.41887080
v 54017.55452071 -8805.06364047 23109.86117542
v 53986.27631959 -7823.12717012 38381.48596679
v 55737.18459531 -5550.54289436 20638.73966847
v 55008.32754299 -6177.39882848 21580.56370680
v 53778.01619627 -7496.49116634 23172.42868333
v 54086.56932846 -6049.03414292 22777.42830388
v 52904.51524051 -6777.34542998 24111.00053484
v 54472.95596751 -6345.09907902 37633.07045442
v 53185.80084209 -6953.37644311 37315.09738198
v 54048.98647111 -5889.64548959 37011.64309505
v 55889.17415941 -4289.68352766 20555.97419577
v 54927.01219829 -4575.60094030 21788.06368061
v 54070.86898087 -4617.26608518 23010.44776426
v 53369.87453021 -5234.84375513 23813.07915538
v 54095.33909847 -5053.93988132 36351.30677375
v 54446.32988511 -3781.77079069 35503.37524023
v 55687.11136843 -3308.94239279 21158.88533181
v 54972.41626001 -3354.05385957 22104.23607759
v 54421.69112118 -3785.19828793 22748.05299501
v 54063.49049317 -2465.51693702 26593.92323346
v 54757.18333271 -2470.86859773 24737.26148970
v 53783.97569306 -2277.02881837 27766.41749812
v 54763.56286055 -2407.40706263 34253.77755373
v 55545.24124173 -2541.38028214 22050.82329247
v 55275.95393687 -2290.77882751 23219.42652932
v 54238.23738671 -1924.09338396 28587.80432214
v 54663.24837261 -1623.76696717 29829.39988848
v 55922.21065618 -940.24335006 32299.92460700
v 55138.28012596 -1317.97912987 31223.04321712
v 55703.00024710 -1336.38933327 33414.14007638
v 54382.81490952 -1914.98833644 32732.01585961
v 52097.73125908 -30787.94799002 58581.75306348
v 51609.52351688 -31740.19894580 57340.02570433
v 51499.86767403 -32068.51610040 58485.30452930
v 51426.09937274 -32067.02804589 59434.37409757
v 51761.87940033 -30874.79028376 60062.43742230
v 51329.26563179 -31875.43899714 60478.20558909
v 53029.45203355 -29335.54033574 52364.14081327
v 52322.47872770 -29692.15875207 50932.08180257
v 51862.60452299 -30329.00943281 51924.48501298
v 51845.95699920 -30690.96149752 53461.42045454
v 52863.64317737 -29765.18825029 54511.65556038
v 51767.86967855 -31179.32673551 55428.49791627
v 52714.74926718 -29963.33707483 56675.05678687
v 52912.12566014 -29040.71790792 58275.17258160
v 52284.07009416 -29372.89177356 59692.75074009
v 51369.99790677 -31086.74763891 61015.44048714
v 51614.13638769 -29754.78071714 60985.88691778
v 50903.71419680 -30627.54849573 61956.29288159
v 52171.98348254 -27437.44268287 42620.80279634
v 51627.18678929 -27382.12604715 41541.96260478
v 50905.95083472 -28233.49293252 42227.08725326
v 51564.01738470 -28283.15431942 43605.59586535
v 52812.16362916 -27573.95450983 44371.08309817
v 51455.27739674 -28879.19792745 45331.74728442
v 52897.76559447 -28108.48328745 46416.82030198
v 51809.78952474 -29217.71500634 47509.99982721
v 53138.22826765 -28415.74456917 48412.10077109
v 52100.77253350 -29498.82401108 49432.52778612
v 53224.17310454 -28777.16904066 50349.05811002
v 52905.23935547 -27746.54961128 59276.85441638
v 52008.54359316 -27774.38371508 60760.08802384
v 50955.69662729 -28591.14559313 62163.99968762
v 52588.42394763 -26462.78373387 41415.47394822
v 52024.48707277 -25866.22531116 39947.37894925
v 51488.89061370 -26953.07511720 40732.61611157
v 53375.02840532 -26566.28251644 42892.79306121
v 52765.55788898 -25835.73553955 59951.51663033
v 51865.77516866 -26073.77513132 61126.74393973
v 51296.66504677 -26900.70998221 61810.55782764
v 52328.61188073 -24648.78725055 38676.26547208
v 52899.69799029 -23604.88862559 59902.06529279
v 51957.85763800 -24475.03340009 60961.38528030
v 52836.20444953 -20483.86746104 30341.07374023
v 51597.80569085 -21845.03430792 31323.86965751
v 52211.85036553 -22400.40087496 32208.39746650
v 51760.30751183 -23023.56988682 33751.39331586
v 51911.83519321 -23230.97826931 35270.32160658
v 53027.03788976 -23350.01287747 37050.87167184
v 52639.29525751 -23921.83998735 37910.82534799
v 52898.72361181 -21617.26131743 59809.87816693
v 51954.47787334 -22542.68293039 60804.35817372
v 53148.52624850 -19036.01755088 29574.62936313
v 52794.54524677 -23055.23743771 35920.98215471
v 52803.20224458 -19832.18297751 59632.34271220
v 51921.45142876 -20689.66216599 60572.21098891
v 52702.36026267 -17827.44773817 29135.31369147
v 52577.91821482 -18560.94230770 59431.03515011
v 51871.29747323 -19111.95267742 60237.13758174
v 52440.82406758 -16172.22602961 28468.84340556
v 52571.93061204 -15203.07740160 43519.75241953
v 51360.15200029 -15607.08925951 42782.93092513
v 52460.76937145 -14526.58993611 42283.24610271
v 52608.37763479 -15492.62762260 45023.81040430
v 51157.88511698 -16290.71178657 44109.90631929
v 52510.40192952 -15457.96650380 46853.21606776
v 51274.08559084 -16413.64691663 45891.76620891
v 51962.99343365 -15542.27753491 48299.96392608
v 50794.50137006 -16473.30744169 47840.61208703
v 51211.68400023 -15830.14948197 49251.61795945
v 51897.46673524 -18049.76448542 59730.09400541
v 52621.22237287 -17532.66646315 58593.25264725
v 52871.14695343 -13984.18472357 26867.27225548
v 52547.78603585 -12941.72075772 26134.22458505
v 51529.30440693 -13758.01231866 27181.07476838
v 51737.74471611 -14919.65881635 27897.54259619
v 53129.22365758 -14866.19943575 27542.24926233
v 52426.99135685 -13334.16076624 41072.83768065
v 53014.45958440 -14839.55576207 48227.38656311
v 52182.07151664 -15119.47322225 49434.16546083
v 53439.24588995 -14882.96275422 53725.27025059
v 52050.16502225 -15273.21969765 53715.00667756
v 53071.09288012 -14636.27214689 52652.65262831
v 51289.28526065 -15917.80077285 55475.69281466
v 51450.39623840 -16599.92496705 57612.40933280
v 52148.08361877 -11916.45459120 25717.13603040
v 52876.26747892 -12063.67110569 40340.39006064
v 51777.41943239 -12702.14594271 40187.52135676
v 52225.48118567 -11350.16942724 39593.96953972
v 53321.94602276 -14418.70452458 49561.37771232
v 53513.72408048 -14291.57074460 51181.40389132
v 53228.54489646 -9470.40119489 24031.18451147
v 52378.90247274 -10530.47625167 25052.69995749
v 52248.52744661 -9713.76417853 38681.22521496
v 53199.78107651 -8198.69431686 23839.45343489
v 52163.97208692 -8514.97381374 24840.30305635
v 52170.50281538 -8370.83357430 37800.79183346
v 51755.04271167 -6960.17973118 25226.99929161
v 53261.52489178 -5981.62334193 36562.62296096
v 52382.06671970 -6642.10252736 36552.12879271
v 52594.56715883 -5344.95468930 35500.80265472
v 51951.24465120 -7551.91176432 37057.58409105
v 53801.45947508 -3773.22881440 24008.15248656
v 52212.48775887 -5251.90455171 25226.22511434
v 53256.00393732 -3621.48966809 34378.43107791
v 54681.00731918 -3006.88373588 22951.05590928
v 54555.99042771 -2812.98265803 23715.29791962
v 52865.98332734 -3566.40695523 25991.18094660
v 53197.40881771 -2378.46494996 28556.81316551
v 52647.79053526 -2962.25876844 27760.54850328
v 52391.60933886 -2790.28187035 29057.60943093
v 53525.47961933 -2780.85437671 33601.77980968
v 52775.85691843 -3362.58010038 33638.82655816
v 52850.51667469 -2952.32538498 32820.68493090
v 53242.30947234 -2261.23830161 29606.15358346
v 53359.96896009 -2283.87642574 31228.67773188
v 50068.11254496 -34579.85847452 60496.22692913
v 49530.43860168 -35321.31730478 59426.03328724
v 49472.10116715 -35744.19787689 60444.20929352
v 49422.92276809 -35745.75422441 61348.47801302
v 49832.91039264 -34734.56696760 61736.49347851
v 49371.29909614 -35344.96378255 62426.23529125
v 50590.14282812 -33444.56401761 58578.69557316
v 49509.94456205 -34237.96027181 57102.91904001
v 49591.62643072 -34793.07931309 58325.11664593
v 50835.71662036 -32988.92246588 60344.79634444
v 50294.61840964 -33492.20983347 61602.57094947
v 49653.70288825 -34058.98405932 62754.50935446
v 50056.60827123 -31305.07644321 50458.38818331
v 49488.52200170 -31282.52486727 49154.53305831
v 48744.36866018 -31979.31809615 50129.99149275
v 49194.56287621 -32219.82473243 51722.99893144
v 50684.51804533 -31374.90348193 52258.32640711
v 49592.49889297 -32487.89451265 53266.19928038
v 50671.78695415 -31997.74223466 54290.38367899
v 49242.46654496 -33429.81370375 54987.43570935
v 50622.75093486 -32701.28412022 56289.86021731
v 50874.34698384 -32078.60194522 61393.94691505
v 50096.45358077 -32085.81760016 62764.52149945
v 50441.23866200 -29961.81079782 46713.30394595
v 50140.83260842 -29727.80822683 45163.44072426
v 48993.29718346 -30551.40092067 45823.36894990
v 49372.75115133 -30905.90118715 47707.03237215
v 50686.26994794 -30390.10610155 48799.18814228
v 51311.98749533 -30448.22103364 50631.33823186
v 50141.74770080 -29971.69321090 63140.48725196
v 50848.48717381 -27684.68926959 41073.14675427
v 50265.83617103 -27263.24963579 40047.07421714
v 49844.22701633 -28385.60092242 41197.08685825
v 49757.15064258 -29015.50552083 42314.89479867
v 50330.44275060 -29156.83070428 43687.74830637
v 50046.94087707 -28330.15853287 63308.89505067
v 50461.08823957 -25880.66478219 38657.50101483
v 51117.58022406 -25360.89236173 61924.07828565
v 50346.97771208 -26682.88198650 62834.36348917
v 50418.51442034 -22898.52297349 32447.99994782
v 49346.77115921 -22907.04844024 32056.25865017
v 48861.01212648 -23383.33193300 32593.52242296
v 49437.25722975 -23541.46106947 33179.55313632
v 50273.55997907 -23365.84737250 33367.11581284
v 49397.65145116 -23823.27021094 34109.11766220
v 51352.82462135 -24440.07600323 37566.19731382
v 49920.29335718 -24648.54316556 36716.34916272
v 49785.78512839 -25391.97094484 37631.06605055
v 50997.01896099 -23474.11752545 61769.66927257
v 50101.31761235 -24609.46838678 62719.02550816
v 50964.89194271 -21020.69137124 30661.21836468
v 49717.11293164 -22093.73439900 31434.64936600
v 50181.50171427 -23923.88892081 35376.15021941
v 51507.16108459 -23695.47831679 36332.58959010
v 50971.19478403 -21554.64071414 61454.94321045
v 49820.51058530 -22453.27654193 62351.40112929
v 51291.97103275 -19511.06365547 29946.83770805
v 49529.25420897 -20728.16296306 30684.38475086
v 50986.12208192 -19813.78912624 61031.96516801
v 50145.98023268 -20652.11524973 61683.61687043
v 50825.97047865 -17814.87694733 29453.25999068
v 50058.84828914 -17152.34357115 45193.49944770
v 48548.27566336 -17679.71526140 44705.72802670
v 49799.84572236 -17057.93466244 43977.72757391
v 50138.49158218 -17162.67663532 46618.76502363
v 49023.36471538 -17690.19899367 46213.42901155
v 49912.60904370 -17195.85864534 47523.53894433
v 49337.10480408 -17536.44677337 47245.11547488
v 49124.97170963 -17329.08831141 48462.32898310
v 51012.90663477 -18278.59063549 60459.37612023
v 50026.79553755 -19104.15508437 61152.05188244
v 50279.74080653 -16161.93393321 29111.36439008
v 50066.53299048 -16415.20740793 42910.60818274
v 50396.36389144 -15098.19928841 41506.07008984
v 51228.15338628 -15526.40696926 50764.71596885
v 49865.09344131 -16534.24678218 50020.98669803
v 50026.45273944 -16157.53800875 51692.01455770
v 50366.59163816 -16427.30964200 56544.10428608
v 49225.88015072 -16869.68564328 55894.21923279
v 50219.41764111 -16215.81714506 55314.54276845
v 50344.14925470 -16654.59503589 57532.98036014
v 49649.03532353 -16895.91227154 57278.30189897
v 51372.17984038 -17363.98222499 59429.43212786
v 49876.99302450 -17148.06048175 58518.38498460
v 50680.15732281 -17468.48849286 60158.28703556
v 50309.30609015 -17928.12035528 60643.40304532
v 51316.70041740 -12629.88035764 26606.46443439
v 50534.01985351 -13320.70091878 27542.02417759
v 50360.76400149 -14467.57298198 28312.43270457
v 50875.90281754 -13689.00273622 40450.39704873
v 49278.84910749 -14181.66623348 40039.55725708
v 50550.07605568 -12726.05182091 39626.27153302
v 52438.05005746 -14791.12053808 50574.31962622
v 50923.67124378 -15614.81604441 52555.07246411
v 52155.92304014 -14941.94725980 51918.28174911
v 50613.63049026 -15876.42839309 54122.12083038
v 50563.11915389 -17098.93513386 59396.00929004
v 50203.20049727 -17449.85081843 60235.45278883
v 51156.71401586 -11303.21029284 26185.32204216
v 50552.84701763 -11259.79393159 38770.19395626
v 51073.40805924 -9692.37324557 25901.71359063
v 50615.62659046 -9684.22204802 37868.59656228
v 50883.88764069 -8016.28673322 25986.83427775
v 50970.25547560 -7339.11377735 36188.67102456
v 49384.01368513 -8393.98068361 36012.14540996
v 49791.10920325 -7355.45385856 35222.36005380
v 51113.61393052 -8385.22573604 37223.92951303
v 49991.87199123 -8888.48905910 36931.88278110
v 50900.02291002 -6417.04645181 26177.66030113
v 50775.87294100 -6096.95491739 34707.46757854
v 49471.12488855 -6755.42238292 34095.22703029
v 50303.85539306 -5554.80222573 33478.00277947
v 51068.44597336 -5276.43934647 26359.62389490
v 51789.68399650 -4340.89252049 33616.30380509
v 50529.07536493 -4713.69688891 32297.45253782
v 51601.31266887 -4500.04843380 26364.79336634
v 51501.57389092 -3986.86397666 27367.93582059
v 52039.64076050 -3020.78608653 30288.62814205
v 51261.16799538 -3739.18472212 29030.01148266
v 51795.54929949 -3487.32390361 31874.82727653
v 50763.96183768 -4106.62478098 30787.48256796
v 47833.96505075 -38185.96105952 62531.95313701
v 47636.41876413 -38457.44741006 61071.35291944
v 46746.54110827 -39579.85398755 61854.56675508
v 46897.65542393 -39490.52356994 63562.17413566
v 47487.00110653 -38496.00967003 64233.36189624
v 46922.54397071 -39325.48170885 64687.26526545
v 48573.73856744 -36952.94358013 60556.38480202
v 47613.98733527 -37692.21343237 59363.73885514
v 47751.91215822 -38104.53819124 60276.90796289
v 48769.71835229 -36517.15123080 62441.59731995
v 48117.71599212 -37080.74326369 63952.86291896
v 47124.18932339 -38716.83061970 65179.77986368
v 47421.07288179 -37644.43807113 65263.23443988
v 46669.20466917 -38453.35471384 66018.30315546
v 48457.08330064 -35984.07802670 58243.87250552
v 46998.19178273 -36349.37748029 56913.44964602
v 47124.15032852 -37300.24089593 58168.93857967
v 48797.98429513 -35202.98642226 63777.10990489
v 47817.44006857 -35940.05358680 65288.31333227
v 46687.22390908 -36819.66181906 66612.28239647
v 48161.83649190 -34929.49682784 56197.26154724
v 47808.90258294 -34264.26532158 54667.31247830
v 46569.66753039 -35336.48390923 55175.80457430
v 49115.11571747 -33060.65107831 64057.10260378
v 48163.62287859 -33925.51407301 65295.11678141
v 47136.48079644 -34684.30615475 66543.72396309
v 48383.26791211 -31711.80237364 48637.78250088
v 47209.20826756 -32505.46577641 49562.61183586
v 47899.02224810 -32705.90048653 51117.81680744
v 47940.27890871 -33357.33265908 52957.41540276
v 49273.44822637 -31001.72445190 64163.56739041
v 48307.69206032 -31835.03586152 65317.07779791
v 47315.69651981 -32645.97214046 66467.49706711
v 48622.07643899 -29293.19601979 41679.46438998
v 48552.50729458 -28479.56303924 40276.27664270
v 47058.15468452 -29566.49224340 40955.86960899
v 47455.90490359 -30177.70535268 42616.73811877
v 48953.80910887 -29734.81943177 43098.39398279
v 48074.98952582 -30495.47153693 44215.41321531
v 49328.32197749 -29967.73481352 44367.16723178
v 47348.83911416 -31216.14482612 45575.87786760
v 48024.90717807 -31409.62116824 47112.16268303
v 49295.13311035 -29085.70577871 64174.70543662
v 48380.97098677 -29861.94021167 65189.62266167
v 47218.99836675 -30457.05929411 66342.15005261
v 48607.48910924 -27351.43021405 38893.36445919
v 49321.30008958 -27308.65928046 63938.66685523
v 48382.99115855 -28044.31491876 64908.41887837
v 47531.08800758 -28805.00222184 65770.01529390
v 48999.35781517 -26287.05554709 38043.84635254
v 48375.69438868 -25875.54999855 37167.10571800
v 47935.04346392 -26921.08482963 37938.31641963
v 49401.03328912 -25730.05585884 63548.40282478
v 48295.29874163 -26069.01722502 64400.77016092
v 47275.76071601 -27288.38422783 65435.50174916
v 48341.96067367 -22870.88605147 31980.96837695
v 47402.25564023 -23633.92647443 32701.45355737
v 48145.57137250 -23942.77408658 33432.01497452
v 47616.81677533 -24442.93338613 34385.03484359
v 48543.01589802 -24921.22636361 36101.59215290
v 48855.89162356 -24107.69179491 63427.69160801
v 47742.94504538 -24580.96626300 64049.81008311
v 46948.07798950 -25699.67287773 64761.11508113
v 47884.01337091 -21741.15361234 31412.84989980
v 48381.51888695 -24466.63827692 35163.39567547
v 48715.27615255 -22415.60519385 62838.11878182
v 47877.63509493 -23201.76800797 63340.75597412
v 49405.62097327 -19240.49212202 30242.91075929
v 48167.22418984 -20322.50877556 30873.42521017
v 48084.06096684 -21900.43939848 62608.92384940
v 48980.31944565 -20706.67698935 61881.83898237
v 49163.23316711 -17783.81012480 30006.78507790
v 48888.15255566 -17189.20498060 43365.49695387
v 47226.70542348 -17643.94857733 43409.33455265
v 48578.20414721 -16597.34381660 42213.22489485
v 46946.71330073 -18152.17759054 44977.96481301
v 47498.12752607 -18136.89005724 46234.70060151
v 48159.99345289 -17900.55607711 47503.91733550
v 47445.03485309 -17918.99024111 48983.96907388
v 48893.31204870 -18301.84211336 59803.56085667
v 48053.08903637 -19158.03553203 60091.64546714
v 47925.88711720 -18851.32895927 59300.11504714
v 49161.86746512 -19059.89028513 60955.73494185
v 48308.05112175 -19653.01784126 60855.09319581
v 48833.85084988 -16678.76564658 30006.01764859
v 48831.49141835 -15097.84878374 29707.52646208
v 47625.59058453 -15536.34813981 30771.81761151
v 47881.74103328 -16591.28271983 30632.28043333
v 46765.42495614 -16625.40208271 31416.16077109
v 48051.84171276 -15692.29741506 40787.87733087
v 48112.16029793 -17443.12933147 50212.79773180
v 49699.76893029 -16289.57798969 53164.28785873
v 48566.69674878 -17016.43000756 52059.32897175
v 49651.93419855 -16386.44381018 54517.52456180
v 48611.02981128 -17010.12840360 54155.12271337
v 47736.33190487 -17824.75158510 55686.75320283
v 48422.67356734 -17882.18509551 57762.78598807
v 49835.47550552 -17469.90441430 59802.78254065
v 49716.50972917 -18079.67359157 60550.53220503
v 50235.78054590 -12147.21400541 27291.99689431
v 49388.82939694 -13267.72966311 28597.64960839
v 48531.00869765 -13736.34175738 29624.80317449
v 47683.12808490 -14121.93195829 30498.59688404
v 46770.10299833 -15215.56679870 31377.94887616
v 47154.99943429 -14663.45022179 39230.77826682
v 48715.76256313 -12767.25557440 38736.96771962
v 50090.52300625 -10558.21051809 26984.64146414
v 49165.48327982 -11407.73447640 28239.93724932
v 48113.07876854 -12361.74426306 29667.56118197
v 46848.38897408 -12807.54372175 30873.68031164
v 46703.42938567 -14083.54839125 31266.04466902
v 49144.97232114 -11025.36969502 37915.94693024
v 50108.74203311 -9063.43672055 26769.30393604
v 49126.83265770 -9458.78240277 27969.93565579
v 48177.39809505 -10427.21574369 29242.48075936
v 46839.05788719 -10697.16920590 30683.30414423
v 49331.67187987 -9938.85300879 37345.74938188
v 49712.94761521 -7509.45601355 27383.52593450
v 48783.09249900 -8175.90892785 28426.02442631
v 48217.00282827 -9000.49853893 29221.85142992
v 47663.56207608 -9660.24839209 29928.39133721
v 48467.86797913 -9043.73014517 35904.22918794
v 48537.06607281 -8221.48893238 34954.28224811
v 48770.42383569 -9482.93139822 36585.06481553
v 50284.10837026 -5765.60742249 27220.73429918
v 48892.01509357 -7242.36101648 28531.69858227
v 49421.86664218 -6139.61856150 28538.05328182
v 48678.83459148 -6821.48976956 29258.84050508
v 48435.48724753 -7387.52705756 33515.45540944
v 49275.34860984 -6091.01957374 32548.63849618
v 50856.80288108 -4794.73898382 27049.25755845
v 50405.94021680 -4837.47331721 28137.79682819
v 48927.53568094 -6167.70409722 29753.51070195
v 49814.40021424 -5086.80947560 29785.13816282
v 49764.96559711 -5133.67835416 31298.02093126
v 48924.92951706 -6088.11883810 30963.56503936
v 46903.96774708 -38947.64879322 60233.31400670
v 45685.05489092 -39673.97023610 59632.71897543
v 45965.01694925 -40049.06774543 60778.18596373
v 45615.27853873 -40629.36508720 61742.88067562
v 45852.80547091 -40571.07840842 63117.86858976
v 46012.87704260 -40186.13510282 64792.97727628
v 46603.58153092 -39314.70530155 65431.12457081
v 45812.65412539 -39563.16867663 66190.53422957
v 46471.17810555 -38477.33489200 58880.90855771
v 45761.06280915 -37864.95612669 57550.12860570
v 45384.41230643 -39098.12636525 58546.20621019
v 45781.07474840 -38389.54595378 67074.64267018
v 45533.06304013 -36706.91959465 56121.18640310
v 45314.01390115 -37171.05858818 67980.44736927
v 45990.19782232 -35288.11920877 67699.35257608
v 44960.28911230 -35700.28234334 68574.86179853
v 46851.58729117 -34352.96349900 53833.75226641
v 46362.79436229 -34022.56104955 52701.37661573
v 45349.33264710 -34905.58561535 53428.55946307
v 44892.03177980 -36043.97075900 54826.18541458
v 46283.19425986 -33402.09205102 67528.82086300
v 44994.40531219 -33952.87949631 68548.47517013
v 46619.60585058 -31891.08178123 46834.70568331
v 46015.24106308 -31694.05953252 45548.04150132
v 45127.67032923 -32274.46115765 46477.26866140
v 45840.89939847 -32589.08042076 48193.93701049
v 47241.94871708 -32042.44284015 48081.96429520
v 45943.23203758 -32990.55844980 49546.52119560
v 46235.41858462 -33396.82969050 51043.97699128
v 46314.60659667 -31581.23124039 67352.15410931
v 45421.68550795 -32316.54458064 68118.23847433
v 46888.58168028 -28613.33693885 39263.96797417
v 45070.53814238 -29853.29672090 40186.90955167
v 45694.44773607 -30537.83017693 42037.99417514
v 46218.86083909 -31094.50709203 43985.61925705
v 46097.01226079 -30098.62357185 67202.13000833
v 45133.14424185 -30734.73438450 67945.16199287
v 47274.58865313 -27710.01197394 38312.34788200
v 46586.47803823 -27232.67806636 37373.28943236
v 46475.54261621 -28128.70025770 38271.08993433
v 45372.21242887 -29414.17011455 67398.72030647
v 46194.33943501 -28558.00465103 66487.41172081
v 47160.24046073 -25848.50004535 36315.91262606
v 46130.62744372 -26864.83698734 65615.69625363
v 46886.33911618 -22913.37979020 32092.59066143
v 46096.99430698 -23682.50627801 32728.55348300
v 46181.29049830 -24532.82007983 33707.24066323
v 46516.95489813 -25037.48099969 34705.34992559
v 47517.54961314 -25076.83063553 35666.33552976
v 45450.98699205 -25654.13922931 64625.36342564
v 46693.15285519 -24079.48185532 63711.33500354
v 46331.76758746 -22093.17017449 31831.09944661
v 47259.90026037 -24871.75254434 35107.29425692
v 46711.33098286 -21698.36664943 61571.86197589
v 45873.81871105 -22319.44802739 61324.91851369
v 46245.63281559 -21387.98833982 60600.21170856
v 47194.83050582 -22445.26537283 62678.55523673
v 46142.51207307 -23032.58472813 62457.25027889
v 47794.20778390 -18983.00929049 30810.14924267
v 46488.75935615 -20644.07051309 31530.91438751
v 47176.97576613 -20157.37328862 60180.15970819
v 46165.92833883 -20858.11926853 59672.65473087
v 46465.75364817 -20085.33080273 58920.28757547
v 47722.96413531 -21034.96911644 61722.87199139
v 48123.11846408 -17612.58550684 30531.59666396
v 46457.14926906 -19144.90374806 31493.42001567
v 47088.22217607 -17889.47498687 31171.51170996
v 45609.15505187 -18278.05773122 32052.32876749
v 45200.97258359 -17942.74595007 42765.50420901
v 46697.62649725 -16960.28007717 41687.19551443
v 45489.50779366 -18360.11284220 44548.14947597
v 45772.53505983 -18521.44945325 46219.94909619
v 46276.99282508 -18407.78676130 47981.46733042
v 46136.45293687 -18334.49717261 49548.03250545
v 46996.91590081 -18720.18588083 56991.32864272
v 46167.06839910 -19334.96555280 56722.35795832
v 46352.17865241 -18867.35615606 55678.36069617
v 47185.72498143 -19163.28289905 58482.39939035
v 46250.46289275 -19681.20817380 57697.61284769
v 45480.53995519 -16218.46279006 32255.87919124
v 46189.59152399 -16196.36549029 40242.66328368
v 46828.38037413 -17994.94915993 50232.35408705
v 46895.65206489 -17910.17054144 51591.76449901
v 46948.76510259 -18043.49409428 53721.56244384
v 46022.63904436 -14744.32102389 31801.86074724
v 45863.24324875 -13585.49471164 31645.51212167
v 45032.03085097 -14645.09466456 32363.12608548
v 46992.93553778 -13336.79268639 38046.77095335
v 45572.89490292 -14368.45416951 37716.74662023
v 46122.83383638 -12865.82595073 37064.49502637
v 45387.28581056 -15729.09350604 39011.97254278
v 45602.48937684 -12077.71122872 31482.45364672
v 47542.54290904 -11781.85725611 37351.95188974
v 46386.05900100 -11671.06247874 36439.47105075
v 44941.95225147 -10512.10683637 31790.70102870
v 47345.95476352 -10066.44042418 35859.92435511
v 45780.69347872 -11168.79913894 35626.92714235
v 45516.27523580 -10072.40477858 34530.90252557
v 48377.51532176 -10483.81927862 37076.66351772
v 48320.91902817 -7781.71336513 29363.05456954
v 47463.91408719 -8645.28300795 30715.65645162
v 45826.37781851 -9384.37381535 31981.35907674
v 46790.72887184 -8581.49661013 32365.51713152
v 47143.83604405 -8655.21058126 33816.44749121
v 45670.15581734 -9159.39113659 33224.23369204
v 48308.48868622 -7087.86259789 30327.57161252
v 47994.64853897 -7438.75225809 32043.59532247
v 44560.00163140 -40956.06829992 60572.42214793
v 43590.20042805 -40982.02889075 59428.16541943
v 43042.87743016 -41712.45937962 60161.84518034
v 43025.12165744 -42342.19414432 61618.64261961
v 44618.81179983 -41501.75024055 62456.67447699
v 43482.21857304 -42515.30286112 63501.45199775
v 44773.42113124 -41452.58416185 64212.55971292
v 43593.43901642 -42407.50373190 65204.90312745
v 44639.66624869 -41025.86968476 66029.37176843
v 43350.30121350 -42231.40003419 66640.59759460
v 43760.23013924 -41187.33944693 67331.18647665
v 42725.25358288 -42114.62493334 67752.94871962
v 44493.27551592 -40101.82678107 59028.93615495
v 44260.89859715 -39165.89251783 57824.63335673
v 43211.04118064 -40381.57522861 58421.23025994
v 44666.11208347 -39724.54127879 67424.24849841
v 43103.49900059 -40618.72587420 68443.84471440
v 44170.29771156 -37885.24801986 56496.71445528
v 45027.31689471 -38484.46153968 67833.04300228
v 44045.96445218 -38626.41979626 68580.20725738
v 44467.80117775 -36910.26688357 55640.80444556
v 43675.14095180 -36772.01150413 54920.57588130
v 43810.25169653 -37315.48667978 55678.67858620
v 44110.94266846 -36882.15183251 69015.95340212
v 43944.43789188 -35254.41338723 69271.96413829
v 42842.17844978 -36608.68799742 69795.30408992
v 45290.77822212 -34190.32552463 51998.25091334
v 44661.22150609 -33974.26981467 50886.74348775
v 43785.31438986 -34748.02206063 51717.72960002
v 43465.16901787 -35865.77125957 53436.35389833
v 43746.76710354 -33781.08665669 69309.80466133
v 42511.58182373 -34719.00735204 69949.92786441
v 44693.06808346 -31881.90685249 44903.84984637
v 43352.55122253 -32618.43861629 45905.95329104
v 44229.59962290 -32891.09902322 47473.38692894
v 44456.44206134 -33438.27934582 49273.47003136
v 42881.04278549 -33077.13782836 69595.14940474
v 44003.67748387 -32055.45447807 68804.12667501
v 45218.82303529 -28665.91883411 38298.93562813
v 43632.31505599 -28738.46231279 37536.72415871
v 43112.22553228 -29741.72166825 38974.60484256
v 43305.68301122 -30553.63520740 40544.08414047
v 44144.21031496 -30788.38550656 41540.85035846
v 44150.21898226 -31409.02752332 43158.27698117
v 44077.83796144 -30595.50318155 68345.38158265
v 44249.54153814 -27072.02241181 35657.65711463
v 43767.07092990 -26440.93805547 34825.83129858
v 42899.19028211 -27261.18080650 35390.56203735
v 43190.44709199 -28058.60605479 36422.61010064
v 44761.63090856 -27798.99934452 36832.62192828
v 44983.28309965 -28578.89078142 67096.99198529
v 44274.54521765 -29448.69475919 67749.59420319
v 45238.06851531 -25827.21895352 34873.49441787
v 43989.93181737 -25305.18253436 34049.23670640
v 45718.91068047 -26580.90773938 36054.82037444
v 44286.39432263 -28420.88368395 67139.12733523
v 44676.98415227 -27460.62945069 66182.97801012
v 45500.92095229 -22964.84349972 32374.23046421
v 44752.95416827 -23979.79020686 33143.04037573
v 46516.96496137 -25522.85225401 35460.83450698
v 44193.85300971 -23191.28187426 59795.88412080
v 43115.96794484 -23951.55122464 59122.18527367
v 43750.00109944 -22968.51909341 58476.21490931
v 44934.56364029 -23526.73833592 61654.06159284
v 43344.35911106 -24647.48817611 61056.94029822
v 45471.59885906 -24273.91739825 63235.41534505
v 44109.99157024 -25227.60878975 63233.39967620
v 44043.37779806 -26364.04340491 64867.05193868
v 45203.33398095 -21870.87718688 32144.27841536
v 44576.10074113 -21893.03563930 58269.11114031
v 43743.14926665 -22375.12566707 57482.77982427
v 44149.02600783 -21559.65297051 56919.65598545
v 45372.47067668 -21994.84979233 60012.75553761
v 45041.41119187 -20832.27577939 32143.56775015
v 45505.04529208 -19821.15003317 31963.72167558
v 44189.13494926 -20097.27836037 32731.25076687
v 45160.03638765 -20321.12932354 56608.82877056
v 44120.44360602 -21129.91707365 56178.23425806
v 44054.64571315 -20632.36299532 55139.31653115
v 45651.39282689 -20782.34277913 58533.39778539
v 43915.07652243 -18080.70531543 33306.09395910
v 43180.69605545 -18423.46889838 42056.12550739
v 44859.70248588 -17276.97394693 40928.76323498
v 43667.64694294 -18701.75275333 44140.44915202
v 44000.76501201 -18870.16045898 45958.32979549
v 44324.56300434 -18925.83909353 47727.62851451
v 45668.13077064 -18474.00388468 50848.17838482
v 44567.02300682 -18946.03509720 49685.91227569
v 45449.99509415 -18756.83643791 52541.47181226
v 44359.92047832 -19180.32608585 51479.51597168
v 45264.38070759 -19365.85073140 54464.14940680
v 43805.69258566 -19962.95443435 53174.17699815
v 44115.95544081 -15917.57484194 33367.17872574
v 45000.59373498 -16589.40190752 39867.62187274
v 44362.80566868 -17031.64856520 39985.73214666
v 44241.63698769 -16629.00918217 39164.66417845
v 44727.46605928 -13182.31972046 32132.50841932
v 43930.04514635 -14128.10537268 33063.85922995
v 45107.02756777 -13459.24618647 36566.32925758
v 44197.12703047 -14488.53883721 36191.19797448
v 44508.42440413 -13038.41578630 35689.40666783
v 44249.88581227 -15788.09613116 37812.26927632
v 44329.63018366 -11797.38661479 32002.84431727
v 45359.38532772 -12340.31906950 36092.97712240
v 44566.79988521 -11653.15724813 35001.19521866
v 43855.70440821 -10772.89057919 32114.90906088
v 44188.17386457 -10505.51380138 34233.34184182
v 44560.54484778 -9510.41840330 32305.38280708
v 43752.16827369 -9820.67661920 32317.83119650
v 44632.36414114 -9212.99215277 32846.91664202
v 44326.47003301 -9571.77850484 33623.50984788
v 43828.18499018 -9235.67198753 32702.57325708
v 43839.02812516 -9193.14794815 33137.75319618
v 42093.30730478 -43407.03092026 62929.26586221
v 41582.05907363 -43249.95232834 61677.32057908
v 40875.57568351 -43968.47966169 62451.14537038
v 40802.39322164 -44433.50799969 63891.37577581
v 42359.23010856 -43475.51582796 64563.28451580
v 41213.77190504 -44323.33965525 65748.00320733
v 42524.08598187 -43270.91086223 66057.29594441
v 41753.87527960 -43717.26829082 66847.27349140
v 42464.48136662 -42982.55028432 67083.26854434
v 41671.22853341 -43215.44313751 67793.82894305
v 42437.95727483 -41405.72445691 59176.27939229
v 41371.54380554 -42502.73957903 60215.32685631
v 41674.53086677 -42138.24791573 68777.86911720
v 42299.94134758 -39493.09966594 57054.11426861
v 41992.71980941 -40825.20686171 58234.41176494
v 41936.78696661 -40883.85167307 69315.93945200
v 42539.13576480 -39499.86099746 69399.42590733
v 41152.58720568 -40429.10972889 69988.03536784
v 42737.54654037 -37814.23758632 55534.87463735
v 41485.38314892 -37726.53289072 54643.43013885
v 41041.39503641 -38738.66725066 55589.77504730
v 43091.35022804 -37999.71706905 69464.88461629
v 41610.02989913 -38432.27293017 70190.39255656
v 42406.64173608 -36905.41379939 54185.68060043
v 41974.92789381 -36333.97876504 53016.15037144
v 40882.31767241 -37119.87848844 53373.60831907
v 41384.16368933 -36475.66576208 70488.26853760
v 43566.87220413 -34160.57654600 50246.61978780
v 42846.17482826 -34006.68680693 49166.21983558
v 42193.51166379 -34701.81572979 50118.42638815
v 41973.70928153 -35604.95758950 51726.57713989
v 41038.93366246 -34966.35527109 70585.64964253
v 43298.88899884 -32094.96878390 44406.21757190
v 42548.45986532 -31929.27188292 43439.07298373
v 41837.06131433 -32598.26413033 44672.42372053
v 41991.17707376 -33055.94612327 45957.17486603
v 42431.10156830 -33512.19006032 47494.05585803
v 42535.55674354 -31952.37978391 69388.68582589
v 41274.90514343 -33100.88391802 70159.15769723
v 41797.40577448 -28993.31331350 37486.96015131
v 40954.47870290 -30128.20212905 38860.86939374
v 41683.74965629 -30779.66063414 40265.55377091
v 42469.30020590 -31348.74530434 41918.05915028
v 41533.74616063 -31427.16469173 69489.31982974
v 42721.63734813 -30390.07584228 68525.82174667
v 42602.49680624 -26294.09844036 34640.38571605
v 41894.31390132 -27148.65873186 35290.03667636
v 41736.98541947 -27924.32134368 36139.16003592
v 43142.65442340 -28535.34804955 67125.85387973
v 40924.13929536 -29168.11320904 67653.90372733
v 41914.87564530 -28062.16280165 66364.78351491
v 42761.54781206 -25354.83873884 34124.16721741
v 42577.73491981 -25840.69184628 62496.86877360
v 41168.45137738 -26431.18603496 61779.75142854
v 42155.86933425 -25591.02780203 61093.39335692
v 42862.77524570 -26437.69975512 64165.63861911
v 41722.21101472 -26680.24560097 63404.32748785
v 43052.33760028 -27314.91902743 65683.07247415
v 41573.99959995 -27383.88128376 64943.81122956
v 44148.27575678 -22811.65798292 32829.94554201
v 43014.44067337 -24127.79468922 33704.26740915
v 42336.77104147 -23431.41827516 56799.55778329
v 41691.52419884 -24013.70993876 56753.86458003
v 41666.16068952 -23244.91076687 55632.07976823
v 43040.56419631 -23238.17705943 57650.90407547
v 42035.19096808 -24341.35473558 57934.92580124
v 42204.55882070 -25028.22116297 59730.29290509
v 44183.28507185 -21561.43697497 32609.43951108
v 42767.57024085 -21981.75977596 33544.60541171
v 43146.41074354 -22096.96468436 56094.55698178
v 42230.95738541 -22056.35339775 54756.46599800
v 42751.37975210 -19969.15352261 33779.03434721
v 42934.17480658 -21181.02004356 54373.78634635
v 42164.02089207 -21585.47385340 53989.73037057
v 42287.34744215 -21004.90308764 53102.25102585
v 42570.20968048 -18774.63823676 34327.27930924
v 42943.74836034 -17267.20692274 34771.35605703
v 41717.66160583 -18818.92514319 35353.24476006
v 43389.50033020 -17606.69519386 39982.54035099
v 41934.08560850 -18764.35369894 40537.90153014
v 42110.25341918 -18135.75670549 38920.09829434
v 41365.22319884 -19381.93105468 42207.53015281
v 41864.76823818 -19265.92342323 43885.95165351
v 42260.04232001 -19283.25580348 45675.02736237
v 42531.25892213 -19393.59988557 47429.93801702
v 42915.95594172 -19471.91360409 49020.62805841
v 42525.54518513 -20083.11196365 51101.02652643
v 43558.93090215 -15044.46973354 34562.15177614
v 42001.30996674 -17841.82192024 36206.28398285
v 43121.75689051 -16441.63110621 36464.99687344
v 43166.69531028 -17030.25000408 38304.09317603
v 42113.82328081 -17696.91240954 37489.12551202
v 43729.14589138 -12745.55747401 32532.64974270
v 43365.03561113 -13249.26791028 33093.67967313
v 43430.52131307 -13754.82356761 33714.65243309
v 43653.42357453 -13066.21646276 34528.99334629
v 43428.22565061 -11540.53477946 32404.10390078
v 43537.20177134 -11321.64157855 34080.15110886
v 43215.32571139 -10455.09470674 32452.27159914
v 43477.47832708 -10132.58153781 33685.04801153
v 43109.79296314 -9723.09318404 32571.86621755
v 43492.01202505 -9444.23135828 33366.99979791
v 43294.62674639 -9350.22630608 32655.24279738
v 43308.85980098 -9251.48744184 32991.39630439
v 39893.45550359 -45261.11379100 65155.18267330
v 39337.99027221 -45342.33748641 63979.57595988
v 38521.83393322 -46016.06176529 64923.34679210
v 38965.37632942 -45828.20824285 66217.76243641
v 40082.50647417 -45117.28312815 66328.19531952
v 39429.02693116 -45331.02404729 67206.80726036
v 40240.92387425 -43700.34689437 61345.28798183
v 39323.78178887 -44740.11035795 62590.80055729
v 40601.92814734 -44382.99429910 67315.69745625
v 40525.36598791 -43548.12330994 68605.37214106
v 41230.93606152 -41640.50531394 58845.45487491
v 40681.52879515 -40952.36818619 57826.92079321
v 39572.57946378 -42251.10535584 58931.48495364
v 39531.59425193 -43251.83496818 60246.12012071
v 40477.60711029 -42651.87810305 69421.49806059
v 41018.58771277 -41651.57878594 69616.82662605
v 39710.26146540 -42020.26994652 70261.05634753
v 40096.41210441 -40022.82121688 56554.35753663
v 39906.45585488 -40012.77267211 70798.48476172
v 40185.53778108 -38175.79197683 54393.31385936
v 39285.42905949 -39245.61302417 55240.37517585
v 40049.72792551 -38031.60433936 71030.38564671
v 41031.61776631 -36340.29177393 52246.63985369
v 40618.17331122 -36009.68190273 51276.87932550
v 39651.05301400 -36770.38276007 51795.21681753
v 39250.00954404 -37794.69907478 53192.86601137
v 39971.65922178 -36208.26499780 71115.60945384
v 41749.78868630 -34266.76392882 48703.44246631
v 40605.32084217 -34339.79159562 47736.07603490
v 40877.90158677 -34816.44089154 49080.25765186
v 40751.95609912 -35412.72607650 50213.39169690
v 39833.54851524 -34494.91242546 71014.62160514
v 41098.39020988 -32171.19800395 43095.82330634
v 40330.25874123 -32846.39361882 44174.19256957
v 40491.60798787 -33519.70204321 45799.88449146
v 39540.23611321 -33037.02716434 70796.62973447
v 40039.96822076 -29545.06330992 37969.46181441
v 39178.37629967 -30425.34193509 38819.90297392
v 39815.38328146 -31053.57042954 39980.16298138
v 40416.99225620 -31675.47335603 41512.81302326
v 40976.80175494 -30475.48234875 69020.84856887
v 39963.85097545 -31558.73655741 70014.31938590
v 41479.37990692 -26502.12211754 35053.67677141
v 40833.36605433 -27214.17947152 35807.97147604
v 39771.32169475 -28308.13316534 37043.49889516
v 40762.73527882 -28180.53811104 66125.19149563
v 39033.60063762 -28584.00041415 66374.86641879
v 40208.51795128 -27878.53707785 65103.38855148
v 39010.31332181 -29395.04642076 68155.12459048
v 39579.28729356 -30191.10984509 69104.98807039
v 41714.45149976 -25299.92301789 34580.44309262
v 40549.59854553 -26037.44961145 35550.28247127
v 39670.23964462 -26852.19507889 36427.29632350
v 40627.30197053 -24818.18176241 56727.98162920
v 39030.53270107 -25922.36287758 56588.08472096
v 39373.84947108 -25060.69699368 55356.12771634
v 41057.23797184 -25490.54660619 58821.42747787
v 39678.29525599 -26142.71305924 58248.88527955
v 41391.33258782 -25837.94486336 60299.35111310
v 40280.34464861 -26406.70995061 60061.27660907
v 39597.94600406 -27136.31623454 61552.28226527
v 40329.86469252 -27329.02419847 63472.13358292
v 41572.35125424 -23599.46555201 34407.78625070
v 38857.72492502 -24018.57440659 37991.52588901
v 38693.05929037 -24290.43655145 38020.51676677
v 39016.83668159 -24145.36883713 37602.60161248
v 38624.27477355 -23954.89886076 38433.64120934
v 40267.52102812 -23860.36324716 54681.85139559
v 38755.30507806 -24525.72442145 53731.75369479
v 39787.12932549 -23080.54906681 53040.62525735
v 41390.12320470 -22294.38201187 34492.96208365
v 41671.76133232 -21026.74144442 34448.72370496
v 40876.77850919 -21694.94197619 35173.55482330
v 38963.99934812 -23740.15678612 38009.38970947
v 41243.50278015 -22254.53228963 53726.92854793
v 40361.97595670 -22063.20999242 52434.76858477
v 41856.37446840 -19777.81714653 34627.24536755
v 41020.55786171 -20337.22892613 35500.75888403
v 40726.77471206 -19780.59120667 40904.03592191
v 40113.36279606 -20476.25672601 39970.95977159
v 40964.62385213 -19368.33137409 39183.15907044
v 40318.59277487 -20106.34497811 42171.59985006
v 39752.76743074 -20739.39396687 41359.08999713
v 39539.12417888 -20707.35615720 42671.79207574
v 41192.85954279 -21294.10449405 52197.19560252
v 40332.66640902 -21614.94353219 51765.30256589
v 40568.15266881 -21065.25741941 50954.11839311
v 40976.82576292 -19337.86972745 36075.61784496
v 41376.04558420 -18544.75760942 38049.44477982
v 40185.65469410 -20108.76253473 43675.25886945
v 40569.28312656 -19887.12929668 45507.08041997
v 41057.01035089 -19808.83888180 47015.06528425
v 40849.41173798 -20273.04381788 49018.45396731
v 41271.88705628 -18645.66492518 36250.67377791
v 41305.47296785 -18459.91481702 37044.93019977
v 43154.36728681 -12310.92957109 32930.41124105
v 43197.62110562 -12934.48158901 33518.69840129
v 42981.52337413 -11161.70030090 32871.35471612
v 43101.34719648 -11941.25469620 33527.31816199
v 42911.48980763 -10120.23821190 32848.20006026
v 43019.58769737 -10690.28750822 33367.12079742
v 43001.12718376 -9494.37746096 32832.47650147
v 43059.16694533 -9738.32062181 33194.31041183
v 37792.40261741 -45917.53424803 63560.06098141
v 37287.54819678 -46604.80783859 64773.99699252
v 37443.71479800 -46664.47728883 66136.26463307
v 38057.13446165 -46028.91865761 67681.07984158
v 39203.06153169 -44832.12403375 68443.30544288
v 37941.10826495 -45541.00268203 68965.21670267
v 38330.12931407 -44729.12516705 69543.59055405
v 37383.24115792 -45314.86330272 69844.76965392
v 38468.09455375 -44206.65856299 61105.54157327
v 37349.99147824 -45271.87796135 62083.03874228
v 39342.81864497 -43675.15058658 69546.70056349
v 37700.92331595 -43893.15933159 70716.10577530
v 38832.73907117 -41272.41780515 57421.92624802
v 37407.80482900 -42483.53745067 58307.04190667
v 37870.23279311 -43438.75488596 59754.92823419
v 38231.47924424 -41570.34782973 71412.67186653
v 38372.91503356 -40369.62625727 56137.50998351
v 38543.18510165 -39478.56685863 71710.54479426
v 38996.89791349 -38568.57461868 54180.72834811
v 37927.56075056 -38598.37060544 53485.00037160
v 38209.80351245 -39158.86747881 54500.53775894
v 37972.02537666 -39773.89142233 55178.69489531
v 38731.81578197 -37551.34790187 71748.22986990
v 39277.49156383 -35401.43946814 48735.53307303
v 37903.45816005 -35339.39356404 47243.75954428
v 37236.48347742 -36199.39921661 48421.82069888
v 38295.33499011 -36562.92810076 50192.45617592
v 39706.76993699 -36018.74573246 50428.37379461
v 37709.45705521 -37707.60437789 51853.79666272
v 38641.54379173 -35799.67317232 71725.99315228
v 39056.99673113 -34557.49077686 46733.21907462
v 38783.91100593 -33988.56980207 45319.62105443
v 37517.82101580 -34777.43815970 45682.55576230
v 38382.63764553 -34057.96282848 71567.44576454
v 39200.10759994 -32690.79306784 42923.20180287
v 39271.90787123 -33348.04487195 44435.20697969
v 38130.59138740 -32243.68890162 71060.07116741
v 38418.22649124 -29695.20490966 38020.37369166
v 37491.23677372 -30839.91203403 38838.76765339
v 38315.85340565 -31260.10086596 39644.89295121
v 38367.16665081 -32055.91976827 41009.91551661
v 38517.43126193 -30929.52716995 70108.64173685
v 37707.94958446 -28800.56027859 37704.64339164
v 38687.43365524 -27740.75683688 62944.55994838
v 37084.88496178 -27955.84162346 62209.85605075
v 38325.18212968 -27569.88533804 61374.33180326
v 39177.01299075 -27969.03341410 64503.37712630
v 37447.50918143 -28259.57360718 64596.07973209
v 36990.43600416 -28734.79163314 66608.95991554
v 37428.25049419 -29258.65776193 68075.29593660
v 37913.53366385 -30047.38982087 69373.51380687
v 40524.87628207 -24540.93268350 35412.60776784
v 39350.14454980 -25369.94591577 36670.24676243
v 37957.20613145 -27104.06242303 37558.80976277
v 38055.30894129 -26458.18795704 56474.37402617
v 38011.94999800 -25907.21998051 55199.25868005
v 38257.27473583 -26737.66231599 57708.52404345
v 38694.95085811 -27073.31465200 59736.34553120
v 40629.28127283 -22959.38334774 35329.26787979
v 39782.69562195 -23631.80203926 36532.42720106
v 38165.74987911 -25105.23683726 38171.01448702
v 37886.80931278 -24392.38670377 39254.80242677
v 37936.30068479 -23369.14978163 51266.07104899
v 36689.55342903 -24302.76595692 51045.96176469
v 37061.38675225 -23188.87624063 50174.92543506
v 38706.32391112 -23543.58585158 52322.52208872
v 37630.90962957 -24470.20241108 52272.04845876
v 37261.28757708 -25529.88224660 53449.03455427
v 40231.15441022 -21764.52132600 36472.95948109
v 39267.27324778 -22892.70327699 38109.85592644
v 38388.77781473 -23368.13390730 39613.48789241
v 39168.01202088 -21833.54049182 40127.04327446
v 38635.01669647 -21722.77184169 42260.84246017
v 37966.34440037 -23015.15690635 41249.91393034
v 37746.92177306 -22044.38683517 43634.05532658
v 37376.16060179 -22918.05687055 42796.13065716
v 36572.74991502 -22971.02013292 44068.62395941
v 38142.09708445 -22504.09165615 50524.00670462
v 38639.59590321 -21856.56542020 50270.07420478
v 39309.75291740 -22232.36651946 51409.95019395
v 40555.26652683 -20065.78174610 36750.96223796
v 40091.98532050 -20789.83000697 38303.05617438
v 38727.24646266 -21114.53593951 43802.58932321
v 37248.11495591 -21846.46052541 45052.39718485
v 39437.14888500 -21274.60424852 50088.14148254
v 38650.37535208 -21501.46652912 49741.79961421
v 38885.72881453 -21124.70430668 48995.54880154
v 40865.72294034 -19099.36256620 36726.57276628
v 40767.89762220 -19331.51640435 37656.80816807
v 38903.28854197 -20724.73352061 45353.96362915
v 39286.73642707 -20587.96762468 47273.18721414
v 36193.82324323 -47207.23656720 65441.52145641
v 36178.87166317 -46823.87707651 64104.18580826
v 34750.21780354 -47539.76112275 64981.94470062
v 35008.46148199 -47734.21376428 66424.87754987
v 36162.22661074 -47336.05289825 66574.24372919
v 35393.28452085 -47600.65206739 67458.23154529
v 36160.38454647 -46218.07596910 62838.74614619
v 36518.74754962 -46994.29930279 67616.21888632
v 36628.23618916 -46358.49852230 69163.76959187
v 36234.94316360 -45648.97012439 70653.34331299
v 36317.92146276 -44704.39062573 60758.35442451
v 35859.00566994 -45687.88107344 61846.97324857
v 35647.22092414 -44783.35531641 71983.39365283
v 36584.12795109 -42921.00258475 72176.37638718
v 35367.09111890 -43694.59084062 72876.90097584
v 36863.38495273 -41468.82475973 56727.98053570
v 35455.91732188 -42781.42627933 57717.40207595
v 35875.48900935 -43689.10134631 59200.75738423
v 36823.25039915 -40861.50638228 72667.62662206
v 35566.32566991 -42457.18292125 73233.06348578
v 36768.20658832 -39724.90012196 54330.95469703
v 35421.73351196 -39680.95182260 53327.64302423
v 34979.97535259 -40570.37696252 54255.25404473
v 35854.26142000 -40951.07072134 55421.21379601
v 37169.27603871 -40445.42673539 55581.08766162
v 37411.01642578 -38670.78146819 72551.32828417
v 35148.16812079 -41225.82889157 73931.86300482
v 36066.42004478 -39443.94634003 73541.90571539
v 34983.22877963 -39836.12800092 74410.78652956
v 36493.32511627 -38812.04904433 52791.08368432
v 36031.02250059 -38244.51107477 51530.27469707
v 34988.10940730 -39113.38032321 52184.24012209
v 37697.81544280 -37017.14702519 72362.52131190
v 36482.02888628 -37464.75638888 73271.75350508
v 35292.59679060 -38391.78655353 74280.60642430
v 36553.43062230 -35752.30081583 46721.87658234
v 35241.24819484 -36804.34985962 47711.82733222
v 36214.27098197 -37366.24651427 49976.67930994
v 37160.16404374 -35487.79515376 72547.69879011
v 36039.59366669 -36049.79644738 73475.67894895
v 35479.11726520 -36992.79697709 74075.13039050
v 37820.80728865 -33801.85290777 44018.74404302
v 36322.78183755 -34146.61490174 43093.73825714
v 36551.30316555 -34686.65264906 44443.22900164
v 36183.31841508 -35336.81606111 45368.71493927
v 36910.93245648 -33477.05749671 72183.44678578
v 35846.89798848 -34543.88614945 73231.43819909
v 37415.25318668 -33128.66875526 42300.20917614
v 36825.73446869 -32776.26921202 41071.92660647
v 36202.07457400 -33534.09633462 41786.58900171
v 36601.82332264 -32100.96858494 71758.71352496
v 35263.95058855 -32665.61962347 72828.48580351
v 36316.36967222 -30227.26420118 38310.77845866
v 35993.24350461 -31514.01607457 38913.21073159
v 36781.29418530 -32032.90130746 39853.38384257
v 35757.42206533 -31470.39446536 71792.31155909
v 36905.03632381 -30986.59703836 70765.29305122
v 36143.02405249 -28701.97231216 38136.60300716
v 36807.02443608 -26975.45729458 56523.83865963
v 35031.38749926 -27489.55113645 56298.03863976
v 35659.03553466 -27111.84788409 55117.07991766
v 37153.00511598 -27398.27581908 58849.78471186
v 35549.89384602 -27616.33768976 58249.16574161
v 37474.96359683 -27643.95039399 60513.95993240
v 36038.43788761 -27850.45372836 60493.90622231
v 35865.09663348 -28047.20866110 62038.18603187
v 35562.07591345 -28172.77024455 63567.16489102
v 35305.86267722 -28532.73356982 65926.59419585
v 35508.68653788 -29121.83837585 67975.82121357
v 35893.90462698 -29945.16552721 69779.74881149
v 36075.24730458 -27443.57877497 38492.16458177
v 35675.03207688 -24827.85090880 42937.29842511
v 35030.13111910 -25821.38013900 42425.66155893
v 35861.57283789 -25166.88375083 42066.48571910
v 34675.81736590 -25577.66446888 43339.41699389
v 36552.23937656 -26475.77606614 54490.82571082
v 35234.00179718 -26868.12571415 53664.48607381
v 36154.96854150 -26157.07382520 53182.32583565
v 36947.86287320 -26310.03814424 38567.35212300
v 37365.83643689 -24232.55901208 40491.93233556
v 36854.24200684 -25408.07599269 39610.84573124
v 36732.53452593 -24154.21350129 42033.88737792
v 36308.77425290 -25156.49232369 41074.73219861
v 36350.08234121 -23832.40398413 43245.66733266
v 35147.51533334 -24429.53380928 44084.10289363
v 35509.55760241 -25127.42227754 50841.26139633
v 35646.84399179 -24208.01379339 49938.97051789
v 36231.04853628 -25439.21669534 52044.17444170
v 35330.55948674 -23156.72399451 45325.04613894
v 37835.61023643 -22030.90183386 49539.03881996
v 36157.71227344 -22882.18437382 48870.11094028
v 35921.82453522 -22244.35810364 46330.70069125
v 37471.42327690 -21414.16487817 46638.45335144
v 37572.50683338 -21606.41611106 48156.66569668
v 36071.90126436 -22220.36075715 47509.30389053
v 34604.20895965 -47019.01769350 63401.36323001
v 32872.52610276 -47816.72367644 64538.63419851
v 33391.66457099 -48088.25761447 66331.07819885
v 33892.43243011 -48039.04303416 68025.37215568
v 35188.84734605 -47404.42752841 68772.16125675
v 33634.97914904 -47898.88399583 69868.23808057
v 34906.46071859 -46941.70954181 70466.55403296
v 33346.16365808 -47612.92958461 71343.06668393
v 34146.01586929 -46869.23836790 71681.12592663
v 33269.81890291 -47120.42395266 72273.64690713
v 35010.01454827 -46323.74892737 62325.23461945
v 34411.68402341 -45827.07465999 61363.12608772
v 33974.54100228 -46678.30231968 62368.40042871
v 35024.60057887 -46140.54698260 71509.20321047
v 34068.54414989 -46068.41613352 72504.60491932
v 34364.39640389 -44804.86251017 59987.25100593
v 34361.93860833 -44706.99714615 73131.42749581
v 34496.96872830 -43405.40750416 73665.65790958
v 33166.93336150 -44390.51668523 74000.24815540
v 34988.62696733 -42035.48604064 56342.14137825
v 33780.05315141 -43126.27819441 56995.11226790
v 33885.62026092 -44029.50948793 58548.30660877
v 34733.62531294 -42437.25647687 73892.67013909
v 33530.87227549 -42552.01726743 74572.95134899
v 33801.02518777 -40345.84245884 53029.85681199
v 33632.80109092 -41305.35357357 54179.79260394
v 34346.68864100 -41573.64491429 55170.71568221
v 33980.18680270 -40780.81965258 74932.40207088
v 34120.02902645 -39189.14531567 75129.79348396
v 32867.03930738 -40221.06168762 75768.66927245
v 34692.01480190 -38403.26151842 50806.32463064
v 33430.76451025 -39440.08334169 51528.82955520
v 34269.35734170 -37253.39156334 75022.79635663
v 32896.44812188 -38511.82066528 75993.93994648
v 35058.15746939 -35414.90482531 44082.87126993
v 34127.72107081 -35442.97234311 42603.97620760
v 33343.98804085 -36306.59616035 43525.15357405
v 33621.17343929 -36910.44019551 45779.29868699
v 35324.44837863 -36044.50232166 45931.62970400
v 33483.96409314 -37623.50030823 47834.23088197
v 34285.67477096 -37821.89083706 49280.04986176
v 35045.14031491 -35701.01035037 74183.77604393
v 33825.92314488 -35383.06004477 75051.87053018
v 32715.04268513 -36528.94059673 76087.71500724
v 34295.02262387 -33832.84042057 39861.39327848
v 33719.75259257 -33447.18444911 39166.21305815
v 33366.98295660 -34388.25752954 39614.38570292
v 33605.72229971 -34785.29920254 40358.76641087
v 34480.60237599 -34306.84606185 40770.34553304
v 33909.28407711 -35108.20501651 41430.04502972
v 35077.03153319 -34458.58579066 42013.65234069
v 34478.77740001 -33990.56071474 74058.22293187
v 33220.74166404 -33965.31180586 74958.45511230
v 32792.50977699 -34964.27088086 75718.02391312
v 35097.62178063 -32668.82003042 39401.58519585
v 34377.03968436 -31911.65526691 38746.63702502
v 35520.15623326 -33347.09455947 40607.70351947
v 34253.49101119 -32882.03498082 73677.96078925
v 33566.99746305 -33054.67884788 74219.28941470
v 34235.38825445 -30254.36039870 38684.26002388
v 35452.35353938 -30722.91731750 71189.97553599
v 34543.26108476 -31286.51221963 72201.98539233
v 33579.96741212 -32067.29632240 73438.24895451
v 34783.15465376 -28556.05526064 38805.48014684
v 33685.37714432 -27645.35634888 55636.44610483
v 34564.14749508 -27410.89373880 54735.64194298
v 33820.26528967 -27675.73077263 57628.89118451
v 34340.26403208 -27791.49503176 59771.91277802
v 34646.76993913 -27963.86073490 61882.53205364
v 34138.62554311 -28035.26740805 63434.64541854
v 33298.43429347 -27848.52628990 62668.03884325
v 34144.83277438 -28202.40600013 64799.84148473
v 33721.03852435 -28420.52660229 66109.52334397
v 33439.75789416 -28897.07343884 67655.17976832
v 33780.77290214 -29620.23699152 69611.12308167
v 34149.49697291 -30371.31274986 71161.01628648
v 35065.37746440 -27575.60726281 39152.31199907
v 35829.60409655 -26656.99682584 39336.73125218
v 35577.78870976 -26174.90035547 40508.44940105
v 34720.54594997 -27252.87852113 40052.92417667
v 35447.52945199 -25835.33861977 41548.21585158
v 34458.18236197 -26826.45287724 41454.53024252
v 33931.86057261 -26625.27838556 42820.18159766
v 33416.81047293 -26195.21109105 44079.04453400
v 34817.67677949 -26042.21066242 51400.10475195
v 33538.97228780 -26699.82690167 51010.65323154
v 34086.53598587 -25618.94460986 50046.82956780
v 35334.06275710 -26316.57307617 52474.43595365
v 34103.05642527 -26942.62947654 52344.00219645
v 34112.40927861 -27333.03155783 53581.66842744
v 32816.23994318 -27944.43946550 64129.76730107
v 33035.42163834 -28186.33859061 65438.86269204
v 33760.33650647 -24732.13021448 45212.05043804
v 34418.23312936 -24252.64727860 48866.84275680
v 33914.78271593 -23706.51644014 46052.01081171
v 34756.29455806 -23171.24416944 47930.30887846
v 34738.76343112 -22896.20179096 46307.32270023
v 34830.27842441 -22734.13132103 47041.19497019
v 33116.00672035 -47247.34179629 63040.56637713
v 32712.48029753 -46718.42120574 61913.87326801
v 31361.23549665 -47626.96338604 63226.85059678
v 31104.90714531 -48179.98366220 64885.04033162
v 31615.49805981 -48347.82500650 66254.41546547
v 32034.30124797 -48433.97281178 67980.04999202
v 32426.48535545 -48377.68808938 69407.63485044
v 31974.29329561 -48357.12150513 71013.10711982
v 32067.01306829 -47815.95615551 72381.06600941
v 32620.10625352 -46718.10682591 73062.41125148
v 31261.88763892 -47288.60959427 73309.17078581
v 32684.59198978 -45761.40727378 60436.50627436
v 33216.79602802 -45607.11107366 73407.73755257
v 31718.78176023 -45816.68214300 73940.00009359
v 33095.68171477 -44934.48159477 59493.09852511
v 32321.46527703 -44910.45232631 58767.51319730
v 32319.02246380 -45333.12605822 59564.96577933
v 31466.33320339 -43977.68107305 74869.60910214
v 32947.09033531 -42273.90737330 54875.95177708
v 32065.98689903 -41905.58008850 53528.00142533
v 31629.60822355 -43124.03412819 54602.48533448
v 32319.53600549 -43445.60926460 55906.26106199
v 33673.30988305 -42459.55559612 55870.35294130
v 32402.15652375 -44227.95551637 57451.38573346
v 32021.34266185 -42458.25136995 75415.48552209
v 32855.68705845 -41504.52551224 75413.93307225
v 31608.99411697 -41377.13690619 76047.32923083
v 32057.07342923 -40666.87841320 52081.52494465
v 31352.67226802 -39815.75122402 76672.22186665
v 32411.98643016 -37926.89739648 47007.66818365
v 32040.31574268 -37822.53891466 45814.26330839
v 31305.02015265 -38490.53251694 46630.61223214
v 31600.87314018 -38641.17625031 47854.00142456
v 32469.06516905 -38184.99781119 48118.73420821
v 32004.52908742 -38659.94387146 48771.60620351
v 33212.61546033 -38704.81873987 50190.59766666
v 31888.08470485 -39719.68364940 50653.60371733
v 31593.70532789 -37978.03366191 76870.49180276
v 32650.25932437 -35211.40346729 40079.39045437
v 32558.06952209 -34450.02056992 39387.82963127
v 31543.69133320 -35532.34072337 40065.39755653
v 31913.55602706 -36052.12268780 40838.77673857
v 32883.71548209 -35674.42851754 41100.66264318
v 31915.62574527 -36724.66860649 42350.24250852
v 33244.28418148 -35880.34125469 42144.71864623
v 32082.70957556 -37360.39925332 44382.68444847
v 32919.23441935 -38268.06663239 49004.05074183
v 31423.80257873 -36576.69336032 76987.97593023
v 32708.46434596 -33276.38907201 38969.69297433
v 32191.86141953 -33994.75126903 75685.50854593
v 31614.12959132 -35110.60069884 76542.22334411
v 32781.96866077 -31995.45148768 38866.35471131
v 30895.40240721 -33512.80705583 76214.32016867
v 32103.02016542 -32672.97237134 74735.33936504
v 32280.94387594 -31102.59060588 39373.25146846
v 33310.12160853 -29405.00271994 39544.32397303
v 32119.08007004 -30226.30315826 40045.51229317
v 32174.26435695 -31513.98849335 73554.68041689
v 33047.43037876 -30961.14062944 72486.24744589
v 34209.87583822 -28178.05086751 39544.00477818
v 32498.31099977 -29391.75180838 40466.35920906
v 33469.81131187 -28256.64027062 40619.14717768
v 33132.02413075 -27810.48486308 42074.84234264
v 32270.01166014 -29005.98118359 41475.72235200
v 32794.44258518 -27485.88351410 43204.52192328
v 31948.43847588 -28637.85504783 42714.86562768
v 31531.61945965 -28164.93555140 44074.51962739
v 32547.45412957 -27508.53617495 51588.27707255
v 31202.14783538 -28274.80045579 50916.51527426
v 32106.22014268 -27263.69663851 49987.60841621
v 33011.96843733 -27569.80456070 53099.20383671
v 31237.50977468 -28086.87546998 52577.30699168
v 33568.02656227 -27591.28061620 54285.24596024
v 32387.28251978 -27667.93750480 54563.39052189
v 32641.22184514 -27584.67027366 56440.36633329
v 32554.96934107 -27520.20563249 57810.85155312
v 31795.33019454 -27337.77943383 57204.53034664
v 32800.30158814 -27560.70923720 59231.70270117
v 33038.59561959 -27687.53391491 61125.27112885
v 31660.00646155 -28892.34523325 67701.93860972
v 32462.40897969 -28456.61358788 66530.91437569
v 31427.71171741 -29563.78491373 69453.25562336
v 32176.62031826 -30234.72776611 71362.53433164
v 31989.93259963 -26508.66359860 45461.61228768
v 32641.55498064 -25751.73511553 48606.28877063
v 31588.26093424 -27231.98173348 58543.67075594
v 31299.18989999 -27255.45256363 60446.93655464
v 31662.97670004 -27608.16401085 62635.15423173
v 31340.43490832 -27845.03207878 64260.78210927
v 31834.27074649 -28125.37875536 65410.07647730
v 32814.52561433 -24841.50189571 46137.88189822
v 33487.42308814 -24188.40898574 47897.05572541
v 33203.27681268 -23995.33722441 46570.65948531
v 33897.42326245 -23318.14341476 46746.81155478
v 33948.84509015 -23363.39188157 47358.67049509
v 33174.91976527 -23998.87042234 47141.68458605
v 31050.38749851 -48545.96404715 72173.35287473
v 30763.92231850 -48740.65559303 71456.04876280
v 30343.56379453 -48755.89384311 72131.28937950
v 30368.06581470 -48504.02679624 72641.61466393
v 30927.49458443 -48143.34628818 72843.88966404
v 29967.92541103 -47786.26492799 73151.93336441
v 30748.03973948 -46883.48994570 61215.38795061
v 29276.98894481 -47775.14605697 62791.73702902
v 29655.77466219 -48171.75999183 64483.93602208
v 29963.52934937 -48423.26189245 66104.00521085
v 30256.27065320 -48517.64043642 67832.13936745
v 30595.86656333 -48580.63575160 70021.07057952
v 30264.17799754 -46700.90269399 73810.18471511
v 29752.47479927 -45626.17244375 55739.83454195
v 29228.41424724 -45450.85513985 54583.74036763
v 28711.09764823 -46479.41443574 55247.21402142
v 28564.51573118 -46805.77995083 56423.22192741
v 29979.13439777 -45812.65118992 56964.21641890
v 29211.89306411 -46422.31428671 57558.15440491
v 31246.78125047 -45843.23305154 59457.10174976
v 30231.07817281 -46048.79542414 58638.79440369
v 29421.45909400 -46734.15430301 59592.57627084
v 29912.59192582 -45473.36386159 74471.02328050
v 30700.38241065 -44354.41480360 55121.56324223
v 30074.73646810 -43734.31792245 53687.99708041
v 31057.95485865 -44774.76089421 56490.62900236
v 29998.66515054 -45988.46162610 57873.38863219
v 31046.50463479 -45337.65284705 57942.12812167
v 29294.26568826 -44109.09309350 75351.27336577
v 30323.40557527 -42073.07381159 52207.98674604
v 30451.22665467 -42720.22411857 75858.16026877
v 29850.17765344 -41358.14177394 76765.10784072
v 30921.94187139 -40793.31917255 51304.69806536
v 29942.76054648 -40135.19484291 77312.07819521
v 30321.80758714 -38950.70881845 77460.78460202
v 29222.07443367 -39679.54329661 77789.83621280
v 30559.12288205 -36740.90191318 41239.52809021
v 29759.32661511 -36654.00417948 40884.26627746
v 29246.09345962 -37180.65913740 41570.86983050
v 29503.31038275 -37745.15634242 42418.50731702
v 30502.76358193 -37514.33643086 42506.87719370
v 29816.19492871 -38143.40335404 43289.70760494
v 30809.82665265 -38414.57472294 45367.14983166
v 30506.61438450 -38934.36137136 46416.46981425
v 30546.98565921 -39222.94926741 47415.16791826
v 30984.45270783 -39527.92195265 49098.41345132
v 32173.06175437 -38918.49025510 49594.64603793
v 30633.07266225 -40387.17895719 50383.62209102
v 30388.41405175 -37460.01260556 77600.40688960
v 29094.16042962 -38525.00430259 78097.70030786
v 31436.94198349 -34467.25855755 39494.87252343
v 30225.53659953 -35745.75764250 40332.11849555
v 30779.08357333 -37858.83046767 43679.80567666
v 30381.69252270 -35901.27212654 77513.06833993
v 29071.85153723 -36874.39351361 78261.47940082
v 31591.98623646 -33145.63526342 39235.11030463
v 30233.95948812 -34212.98773173 40035.45942431
v 30333.17349618 -34570.92942344 77184.75279052
v 28973.33556149 -35026.99482829 78120.55409705
v 31827.37958719 -32198.81997311 39179.77166845
v 30931.19434134 -32474.45756516 39856.69319026
v 29708.87007091 -32713.52569311 76326.53963889
v 30477.63573335 -32383.02585530 75410.49086448
v 29423.76369820 -33576.96427170 77239.60529448
v 31596.84772741 -30103.91346798 40936.42210915
v 31233.46151002 -31161.75505235 40336.12841730
v 31195.72307167 -29837.65037932 42078.19900607
v 30598.19786128 -31011.88321836 41437.18722178
v 30873.98002312 -29521.69856599 43160.49884507
v 30124.13721336 -30747.04146902 42656.42487522
v 29727.40577699 -30253.40680918 44078.85148894
v 29997.29090456 -29207.74998322 51081.33596534
v 29110.74332410 -30346.05340222 50235.46159075
v 30066.53298273 -29135.89163633 49677.02267984
v 28830.12048739 -30363.22160658 51170.16926732
v 30005.66887347 -30016.42774371 70315.49783795
v 29020.07237473 -30224.48347294 70214.15612940
v 29770.93067088 -29808.92169140 69442.86756049
v 29219.94765117 -30437.13068260 71179.99048226
v 31687.32864922 -30868.10610758 72827.90282003
v 30435.16732571 -31441.90635655 73983.62310528
v 30115.88425802 -28677.32341379 45527.07954210
v 30765.34218032 -27726.11449682 48404.77042997
v 29410.26072631 -28859.00143749 52332.73852362
v 30181.27386564 -27904.27792673 53312.78634316
v 30928.79840255 -27549.56494500 54319.62612610
v 31460.62218090 -27353.41127449 55891.52452927
v 29976.23863365 -29274.22507929 68063.36332130
v 30920.97774246 -28550.96197569 66603.43425793
v 30522.16528633 -30194.07071851 71168.66984984
v 30638.82480019 -30636.78166496 72441.30345277
v 30787.92809291 -27348.15598971 46338.57767018
v 31763.46559770 -25961.94488795 46733.18762183
v 31576.95131078 -26338.46264336 47685.56255383
v 30651.12229488 -27361.90914546 47234.45491464
v 29287.77036926 -27860.44888832 53450.19220993
v 29835.89776862 -27350.53087894 54320.05665899
v 29013.72314204 -27302.65880033 54325.35880732
v 30224.10033001 -27055.11703935 55632.07527180
v 30577.47374422 -26944.54502144 57368.31057221
v 30318.14180922 -26835.21167478 59146.87539512
v 29832.77048427 -26866.40827669 60388.23664311
v 29686.45949977 -27248.29214431 61890.75974902
v 30009.71768528 -27728.90541785 63694.57533648
v 30306.63137700 -28151.33148853 65232.11589515
v 32596.53812529 -24684.00417443 46805.63661459
v 32453.93025275 -25084.40404896 47474.75363885
v 29107.43695502 -26915.90732618 55343.25446187
v 29182.81685438 -26655.79034196 56816.67590418
v 29239.11343077 -26555.40743417 58395.78767031
v 29221.08758984 -26611.11983207 59628.95300501
v 30026.02102341 -48704.29231425 71543.67276857
v 29717.04996244 -48455.52663932 72348.80672743
v 27929.90999856 -47357.55306009 55376.07418076
v 27823.72071063 -46848.50718422 54536.08353782
v 27264.78131350 -47833.06223959 54976.56880971
v 27186.47470258 -48008.43543754 55593.68205358
v 27696.61076876 -47574.44487844 55957.27669485
v 26866.54490850 -47757.20140452 56675.98368055
v 28575.72814780 -47434.15031850 61219.36675701
v 27451.36645221 -47897.00553968 62611.43902095
v 27916.48893324 -48123.49697150 64173.42759229
v 28326.82265499 -48296.22085437 65886.08087327
v 28849.65015339 -48414.37366865 67349.83430582
v 28564.17718769 -48289.37044788 69191.34312565
v 28937.32474296 -48248.21541489 71321.15968101
v 28927.69611498 -47817.97620611 72651.37425906
v 28485.58560779 -46613.79888576 73639.02632291
v 28138.94737481 -45393.96170050 53622.45921181
v 27936.89667895 -47072.67060504 58331.07291226
v 29382.96508605 -46445.09275997 58377.37294813
v 27805.65046605 -47307.54544009 60020.61305588
v 28243.36829823 -45204.62951901 74716.66789056
v 28411.57977364 -43760.48600858 52387.15049195
v 27342.81094480 -44198.83126815 75499.16698535
v 28425.30257487 -40708.88945034 47623.52743689
v 28102.28289131 -40307.64140615 46578.69716153
v 27391.08155200 -41001.51929062 47511.25068832
v 27632.34978378 -41476.29424598 48479.09784314
v 28544.55539266 -41263.74699549 48982.85267532
v 27375.97198898 -42288.83882649 49801.21465147
v 28691.18883022 -41873.04155995 50315.92276059
v 27821.36942532 -43026.90829725 51109.59128111
v 28998.74060765 -42424.68437279 51400.29981030
v 28360.34813543 -42817.20215183 76368.22631961
v 28318.71177624 -41677.70797166 77162.88030891
v 29445.81991691 -39545.66708133 46376.40212365
v 28200.14496463 -39458.17227843 45294.09840855
v 29580.48243546 -40192.15368001 48179.41313809
v 29686.48077449 -40758.29716492 49669.25026396
v 29849.08039685 -41359.90552385 50920.48034644
v 28800.75450982 -40699.52942320 77544.13975220
v 27800.96616730 -39933.02626887 78204.55112396
v 29156.63029652 -36466.31566565 41006.79651172
v 28476.11346283 -36969.11149043 41840.31687688
v 28281.55274014 -37782.73579520 42852.81377289
v 28797.18997803 -38522.86571607 43691.70492596
v 29613.29567664 -38719.07338690 44549.35214423
v 27476.13170110 -38186.54047778 78865.29549924
v 29201.57509555 -35429.72655192 40715.74136290
v 27716.23430495 -36268.79290070 78974.37477968
v 29169.58693990 -34479.06849749 40753.05636135
v 29592.01115936 -33301.62717363 40842.53585245
v 28778.39762294 -34124.45696872 41302.23837413
v 27602.60747465 -32716.95219645 50461.34789132
v 27138.94708044 -33660.55312766 50201.14763217
v 27545.86583539 -32816.68780563 49627.67765712
v 27203.52524067 -33275.33036970 50970.33240476
v 27558.77776372 -34846.44384731 78948.12080081
v 30296.13891810 -32036.06706674 40818.64384627
v 28844.73677262 -33389.15838527 41746.28517287
v 29514.49819940 -32178.41853896 41900.29225350
v 29150.68273787 -31704.94063218 43137.57006125
v 28535.17434504 -33012.08405152 42733.03706620
v 28214.42181132 -32359.71355693 44203.14057856
v 28224.93925856 -31604.45196644 50300.96948389
v 28394.25996679 -31177.73967238 49194.14525044
v 27780.57796546 -31822.87350174 51355.12854733
v 28400.13180182 -30887.06292582 72234.06483996
v 27857.74551219 -31044.14043303 72170.85228000
v 27867.59670927 -30985.85324921 71854.80881109
v 27616.34643959 -31073.22982934 72593.61857665
v 29073.35159171 -31915.19770988 75535.05393590
v 28431.73687321 -32522.97009764 76967.25556984
v 27808.27312175 -33522.86547774 78270.18100961
v 28492.94881027 -30720.64773980 45556.60995476
v 29023.91296068 -29728.51649379 48191.74856559
v 28285.26372264 -30142.97163122 52117.67226446
v 27662.69205025 -30780.94504476 71009.79151178
v 28365.37053066 -30090.19771448 69058.47767116
v 29638.45311698 -30579.26155383 72030.79241010
v 27855.64443260 -31181.74228430 73984.30060563
v 29396.97878543 -30907.36298652 72970.51361551
v 27333.49323091 -31624.54664838 76249.77522293
v 26914.69591736 -32231.48428041 77833.71928409
v 28973.56161692 -29542.49090230 46333.09070110
v 29765.86638637 -28463.39184965 46697.85413216
v 29726.06199902 -28542.16389984 47540.87294686
v 28855.72385182 -29526.63213708 47151.59101229
v 28482.57775018 -29079.67956788 52651.88009563
v 28418.16558797 -29516.58957738 67533.01707867
v 29257.65554191 -28798.87687803 66435.49532281
v 28749.60443081 -28383.47811347 53026.27977220
v 28330.44245899 -27136.52986572 54973.18639752
v 28330.37406010 -27833.96102602 53952.85325929
v 27260.71432232 -27582.98313249 55242.50232410
v 27857.81850924 -27359.30136630 61975.89935250
v 28588.53658930 -26830.60334647 60674.89535922
v 28598.87967557 -27679.08519004 63176.58873639
v 28509.09604473 -28321.46332976 64748.60979759
v 27857.21654666 -26753.72355980 56337.56948818
v 27962.98833489 -26467.09513963 57946.81485259
v 28104.52403330 -26547.15972831 59397.89659415
v 26591.74033854 -48361.49717846 55173.83454990
v 26653.17495240 -47851.88890646 54610.83012062
v 25898.96818761 -48432.72428406 54993.92327876
v 26019.04571140 -48585.26769879 55471.18972089
v 26508.38287328 -48365.37116048 55764.55146845
v 25803.75342195 -48306.49686037 56100.88308411
v 26713.14052881 -46786.54859201 53962.46307330
v 25233.90313949 -47712.52903910 57122.18975694
v 26820.04427554 -47651.73196517 61235.16326692
v 25797.40964756 -47840.90163790 62596.85078860
v 26467.80726317 -48016.64495171 63806.82294152
v 26433.05122254 -47988.01628784 65572.10800578
v 27256.60429695 -48081.94695282 67635.93420370
v 26992.11595625 -47849.86297007 69183.28809033
v 26330.15880738 -47703.70049606 68537.11196535
v 27314.24180257 -47704.16306741 70615.62769419
v 27736.03427268 -47376.41852462 72241.85017867
v 26641.12877575 -45309.92349799 52984.91735723
v 25783.84139500 -47420.45878408 58379.65421468
v 26308.92649804 -47431.58281118 59843.82590895
v 25668.41607067 -47171.07738035 69642.19692619
v 26215.14347420 -46886.84141662 71641.69585524
v 26769.15980536 -46503.40836945 72997.85476419
v 26262.16854465 -45381.05655828 74309.23860675
v 26561.16838285 -43451.03211098 51020.50979701
v 26021.16726521 -42743.85533427 50245.39825999
v 25470.06736936 -43610.15760620 51345.77492002
v 25885.72375277 -44424.00488064 52122.89993229
v 27028.15058957 -44072.40180028 51877.94283930
v 25703.45505123 -44244.12735654 75591.81230337
v 27228.97707965 -40315.46969337 46509.30280425
v 26625.68030941 -40848.14458153 47598.92407312
v 26547.38356333 -41648.66287687 48825.01379085
v 26355.22412750 -43274.06876511 76449.73663618
v 27021.35926162 -42137.44138045 77228.50174247
v 27637.32633493 -41169.98826630 77688.41843786
v 26353.32790908 -41200.05161963 78071.01790750
v 27636.43298819 -38723.21647334 44297.56722900
v 26952.20018560 -38689.67418186 44782.76837494
v 26928.98334776 -39376.01796887 45673.97585558
v 26456.91847291 -40149.00307370 47000.12969282
v 25992.13175168 -39853.67541557 78969.67181015
v 28390.38505733 -36096.74496463 41582.31574524
v 27657.19721160 -36715.03523086 42826.34640677
v 27112.93236346 -37825.95977455 44098.82416969
v 26042.63775043 -38570.63366453 79491.84153836
v 26370.53877955 -37244.50963365 79610.73303608
v 25113.94961433 -38215.20917980 80034.70771679
v 28513.76800105 -35021.64498720 41388.90734877
v 27865.34117845 -35365.79455727 42409.03245164
v 26930.44463108 -36698.21937127 44009.43705306
v 27222.81759972 -35575.95090741 43639.22045929
v 26720.33503698 -35898.80802860 44714.01291029
v 26565.21461619 -34626.41082988 50799.08447543
v 26155.37167856 -35939.13200968 49758.15895189
v 26734.70679112 -34427.18748400 49222.77656513
v 26029.43914165 -35035.15070148 52227.86262048
v 25844.29466697 -36340.32999581 51062.18380829
v 25500.26479835 -35353.84241177 53297.81166020
v 25411.32129779 -36513.44437072 52477.11911864
v 24904.48179106 -36382.43891143 53757.66001664
v 26465.13455838 -35623.33070854 79639.41271976
v 25141.72381528 -36660.13173499 80260.09073941
v 28279.53126641 -34217.29488504 42107.73957676
v 27761.27111611 -34161.00933499 43305.80838666
v 27104.84687137 -34260.50501243 44852.56490331
v 27277.03926277 -32852.33466384 48492.67395259
v 26765.65961247 -33159.85525217 52140.17895378
v 25870.71764451 -33881.23048120 53441.17341259
v 25066.92603212 -34765.51487997 54385.27407740
v 26470.97536343 -34086.31148048 79387.92601533
v 25147.41833410 -34893.35395910 80231.81639697
v 27425.62424832 -32444.76364717 45651.73920476
v 27789.14706174 -31421.65328927 47958.22128393
v 27313.10507638 -31149.11141560 52637.86361721
v 26331.47491952 -31993.06106338 53628.70218205
v 25279.86615775 -32800.38242376 54876.54922194
v 26626.97071285 -30787.42571967 69281.54986517
v 25204.58030876 -31251.95869131 68934.51350013
v 25988.34754048 -30857.66342433 68196.28912474
v 27495.84530800 -31037.52648802 72028.65697370
v 25433.03711016 -31203.11930550 70652.61191307
v 26397.75710386 -32909.61435577 78912.60437965
v 25025.50011634 -33168.43500689 79874.83473198
v 27595.18500755 -31467.96156740 46310.64189774
v 28133.52441586 -30511.62157484 46654.08149118
v 28139.07873469 -30520.54795464 47416.94968340
v 27498.13837188 -31474.13553798 47056.39637754
v 27753.08097260 -29599.88655714 53011.24879946
v 26819.10985665 -30148.63551021 53856.01601758
v 25795.23198347 -30797.66543662 54928.86759257
v 26439.30274302 -30068.25716084 66644.80797359
v 25786.16678546 -30339.19041613 66420.25070882
v 26055.33765186 -29771.33519442 65560.81017222
v 27029.83643375 -30203.79963310 67751.72599094
v 25870.21909351 -30607.96753747 67181.76790548
v 26401.36193259 -31051.66587741 72554.25588696
v 26126.56275079 -30983.96762033 74017.14930469
v 25730.20873612 -30961.78372769 75507.25252267
v 25714.85890052 -31339.45151070 77389.77373346
v 25419.45101206 -32007.59575775 78813.84561250
v 28152.53408565 -28642.09286078 53240.21983120
v 27427.26647415 -28697.45713170 54013.94448468
v 26284.09064194 -28906.81884909 55199.93563627
v 27507.49722512 -29337.15565267 66238.05143945
v 27006.47118573 -28888.25656488 64845.18843634
v 26198.45512946 -27702.65319603 56023.12099133
v 26502.56957243 -27781.31304651 61947.86659660
v 26962.76531950 -27049.89665680 60554.97900288
v 27097.05233894 -28192.04400465 63401.83499247
v 26520.00872864 -27014.66174117 56585.12584952
v 26709.60833191 -26623.52896942 57684.20257460
v 26828.11728201 -26623.69356439 59016.70446726
v 25754.34345567 -47783.29241167 54509.65919660
v 25276.29152440 -48269.71573511 55027.02151488
v 25398.19805825 -48474.27363480 55511.10467584
v 24900.66299527 -47967.07255453 56175.58015416
v 25521.03184831 -46648.62493969 53995.22264070
v 24245.85555923 -47237.65371183 57002.99772148
v 25150.67925163 -47576.89606635 61272.23191190
v 24256.99832963 -47604.99804394 62623.37052106
v 24915.32355990 -47739.00306066 64158.78158206
v 24845.23467213 -47544.55949511 65817.60696598
v 23531.72027719 -47161.82389795 65089.44630463
v 25519.29128178 -47510.13625048 67497.53729506
v 25143.43220310 -45322.68896535 53360.91409318
v 23942.69181039 -46913.13753617 58441.74241502
v 24483.89806492 -47228.46851498 59959.25941005
v 23984.89892415 -46997.12472902 66726.99390862
v 24269.11512088 -46754.44140879 68354.38712756
v 24186.10910896 -46422.85661289 69736.70309895
v 23276.62726314 -46138.09875962 68917.12283511
v 24664.97464039 -46327.50092972 71146.99828256
v 25298.31551333 -46035.28729919 72754.99308746
v 25161.63771771 -42912.44834133 50891.93621837
v 24754.86899287 -43316.99465067 51765.33439133
v 24819.43085724 -44128.63377750 52560.32197772
v 23011.95143512 -45820.87543813 70450.19628974
v 23650.30577928 -45698.15540164 72368.93599920
v 24363.83852415 -45401.62046989 73735.84328709
v 24146.59554590 -44688.05069452 75156.93638096
v 25784.50592780 -40477.94984484 48641.84172480
v 25325.75897188 -41896.77478912 50115.28379431
v 24645.37708868 -43653.91918192 76460.01144061
v 25337.08261046 -42484.63904100 77444.41291925
v 24556.47205807 -41423.15526277 78652.51767010
v 26518.13652471 -38361.86573751 45466.35244576
v 26091.60258592 -39088.90879836 47064.22579889
v 25629.41148437 -39018.99300156 48655.06103090
v 25025.56701662 -40833.85600160 50246.16762506
v 25170.22120548 -39421.81463853 50251.57378582
v 24696.03049791 -39106.70907655 51970.90651464
v 24589.95933449 -40410.05268636 51426.90222857
v 24262.89089229 -39901.47765525 52629.81186638
v 24637.89649874 -40191.83640137 79461.64518852
v 25178.51755304 -39277.27467719 79666.72035583
v 24141.39645392 -39432.23019641 80078.41328082
v 26525.39046751 -37061.90133451 45110.41967546
v 26149.38565212 -37482.63318267 46591.24741683
v 25842.38517079 -37988.26372285 47960.12339168
v 25662.75201248 -37630.79937859 49590.22442564
v 25245.23843938 -37867.10933123 51393.17467467
v 24334.94022640 -38864.68730396 53163.23832505
v 24804.19902284 -37789.55767853 52863.26929502
v 24230.64575723 -37718.77212480 54153.56064146
v 23690.01302974 -38063.72728971 80708.16297708
v 26458.34370765 -35606.54296916 46167.14365359
v 26144.62821796 -36269.13523050 48110.03921475
v 24236.60740973 -35957.03101063 55090.18337251
v 23774.66765544 -36058.96615566 80912.10907012
v 26825.54706106 -33614.56713856 46365.75398163
v 26636.00212713 -34288.55218571 47613.13517653
v 24391.32989606 -34091.46712739 55682.69514469
v 23623.42602633 -34118.61775583 80862.56589349
v 27128.74506303 -32324.52464573 46558.31063603
v 27056.51631988 -32677.67267727 47349.13468206
v 24499.30122938 -32668.02670092 56083.25467077
v 24880.18556746 -31385.87507466 56005.29161248
v 24195.14796084 -31875.74666796 56906.53993982
v 24803.00026095 -30768.02989996 66249.49709133
v 22871.30470233 -31570.87367809 65972.72924996
v 23918.32122134 -30844.05828459 64773.22200024
v 25149.94861007 -31085.50070666 67732.76576935
v 23812.38769554 -31515.40825630 68012.01431506
v 24109.92243199 -31523.37918591 69630.27301329
v 23441.75156503 -31426.92229693 70962.10578511
v 23834.37023130 -32894.57394422 80477.48168594
v 25218.11330716 -29758.98546871 56168.12575862
v 24402.55992017 -30541.12103049 57200.48689986
v 24941.41118276 -29932.39328435 64270.31250735
v 23962.42951457 -30469.43003868 63515.40531260
v 24468.86852621 -29756.91847209 62823.57491070
v 24460.27562223 -31133.15222329 72165.63923265
v 24400.80379149 -30799.60408447 74001.75081913
v 24077.65174348 -30527.80450292 75702.69616104
v 23066.19224884 -30370.01447913 75218.37754776
v 24273.28545743 -30667.05481212 77066.65106747
v 24239.79543428 -31110.89435974 78552.55471678
v 23813.04403776 -31939.31591262 79878.95484931
v 25477.53852319 -28309.06299432 56480.53437574
v 24747.20374967 -29003.89189413 57381.92678745
v 25522.06230320 -28790.70193745 62760.55331016
v 24595.24924745 -29175.15573530 61699.57511651
v 25459.10777434 -27998.81824030 60905.46854694
v 26075.23797553 -29075.76646906 64180.64717768
v 22623.23348141 -30198.43369161 76738.31132501
v 22849.82157326 -30472.47665328 78346.41163973
v 22947.62874258 -30985.62601859 79462.19183109
v 25725.09139990 -27410.00086517 56807.82243691
v 25133.91677812 -27779.18802672 57502.59103968
v 25911.70152395 -27111.32841042 59728.99606973
v 25730.01144847 -27021.96675138 57583.59091058
v 25784.17361945 -26914.07730541 58637.81572428
v 24915.43892959 -47522.15182981 54881.82565312
v 24852.89980113 -48052.24154928 55472.77193343
v 24461.73947415 -46199.04725722 54656.66955914
v 24217.77386280 -47044.85111698 55899.31253624
v 23553.05115574 -47225.87525831 61507.12239582
v 23124.90568411 -47288.51298112 62647.06565632
v 23422.14241900 -47378.24889404 63652.58005817
v 22609.67702219 -46931.80818444 64153.66988974
v 24004.54515142 -44454.54131383 54207.50678670
v 23507.47100185 -45342.84244356 55823.33146608
v 23202.07287900 -45983.72511623 57373.39837414
v 22509.54101101 -45887.75351497 58871.09260413
v 22456.60918810 -46384.17443749 60409.67412396
v 22853.69916082 -46568.71340746 66072.56015848
v 22364.28641290 -46563.53545544 65020.63710590
v 22963.40189658 -46284.82352827 67447.25740623
v 24609.79670298 -42404.67787655 51483.30753776
v 24111.69299535 -42945.79788790 52996.31612551
v 23451.47579802 -42927.83809478 54563.98205576
v 23041.33080235 -43592.33136462 55734.52268949
v 22500.48363430 -44228.10831600 57096.81798179
v 21865.60595360 -44701.88912102 58436.15762261
v 21471.15963780 -45777.31966983 66043.92056084
v 21849.45839567 -45598.82906296 68491.84779912
v 21343.42666807 -45416.62288611 70309.24473083
v 22021.97762144 -45521.61839186 71995.17082749
v 22621.78247283 -45306.85118225 73940.86457079
v 22533.43653231 -44817.21762568 75600.97334807
v 24656.33721327 -41457.57134797 51095.19341188
v 24149.81966311 -41244.53467809 52525.73750276
v 23504.26838263 -41463.63159380 54241.09485291
v 22840.73421714 -41844.32342809 55701.06810115
v 22163.58721331 -42446.27477858 56960.00803767
v 21408.26912098 -43084.77535983 58132.79556577
v 23262.16451779 -44139.44630303 76397.61850695
v 23448.71126069 -43106.47836246 77698.11425216
v 23016.59130915 -42124.42889121 79007.87979995
v 23787.98627091 -39567.89141116 54036.54194839
v 22921.45387836 -39925.69750548 55650.46583376
v 22038.85412432 -40566.31080083 56926.81372692
v 21156.67443849 -41351.03884077 57964.39996183
v 23481.34049076 -40834.13923614 79686.67549713
v 22812.83172611 -39910.20459510 80552.66778380
v 23272.01006296 -37570.05063926 55767.86782227
v 22056.19515867 -38484.68831010 57061.64167122
v 20951.35520466 -39461.80064106 57990.04939244
v 22281.39216406 -38891.21364668 81197.82977268
v 22386.93285217 -37345.88128892 81425.32283920
v 21030.52100407 -38811.89029073 81749.00384712
v 23396.19496263 -35119.88764532 56614.90034035
v 22127.59549323 -36182.58254204 57575.12192236
v 20781.39078252 -37357.64615332 58277.99302365
v 22333.40446757 -35524.69125559 81527.34030995
v 20926.52746692 -36942.80448602 81981.28571168
v 23749.22175202 -33188.00159065 57012.28670437
v 22441.82518058 -33729.25915885 58521.51563023
v 20531.75266035 -34968.37711756 59155.88920318
v 22185.11820079 -34077.46061206 81487.19904962
v 20735.81486832 -34982.74514273 82010.04523064
v 23547.40318428 -31647.17848672 58350.64110596
v 21005.45753906 -33148.05466516 60489.11710190
v 22519.24444983 -31926.92110863 60555.96242312
v 22336.42574104 -31611.83303835 62602.79934660
v 21101.12459143 -32292.99519962 62323.46187696
v 23015.34112611 -31210.76384858 63860.64818997
v 21390.36735135 -31986.89240056 64466.25954629
v 21160.88956008 -32118.09322486 66489.26182994
v 21850.28555824 -31969.69626258 67935.61089877
v 22565.72514728 -31753.80574643 69542.45614172
v 21460.19986222 -31551.13108042 71100.85945075
v 21299.49801065 -33431.46832234 81655.82970735
v 22622.23615505 -32779.30315010 80965.12709434
v 24130.12008335 -29810.72575719 58555.67114456
v 23571.63760481 -30565.23876448 59871.32155591
v 23567.86346983 -30474.86841918 61871.06306391
v 22512.65188428 -31012.28527721 72714.47180381
v 22526.98852670 -30525.23559947 74255.37028500
v 21014.71706417 -30526.83591246 74010.17915121
v 22146.42983725 -31509.35583218 80456.86105844
v 24645.62102505 -28353.45686611 58537.32919902
v 24342.26093450 -29085.57901910 60115.69687366
v 21421.40475632 -30135.68140708 75535.46532521
v 20968.07630983 -29902.22255814 77049.72154813
v 21237.32700345 -30065.28551189 78282.61748389
v 21357.74725699 -30623.09131071 79736.26387808
v 25144.70615024 -27401.83223521 58331.44088192
v 25086.56549781 -27684.01304703 59389.14011968
v 22300.02188907 -46750.32474342 62234.24312615
v 22515.38623280 -46998.16828033 63277.54484005
v 21359.18086746 -45163.22950963 59697.94127024
v 20937.52840801 -45439.38423152 60767.26615264
v 21128.09003329 -45893.79314527 61909.71450564
v 20185.47382606 -45346.06556196 62879.07798972
v 21507.28984511 -46217.26623180 63732.27079410
v 20641.39187215 -45022.34217968 78657.87792851
v 20608.47763983 -45602.05509493 77153.51212947
v 19882.86362096 -46283.44509378 77996.11833859
v 19575.44886152 -46395.31771166 79268.17034152
v 19886.47144973 -45229.23065084 80149.05470759
v 19104.68794891 -46510.37852280 80485.16786217
v 19204.94995106 -45518.77191914 81044.40538905
v 18352.46953975 -46569.72009667 81369.16525259
v 20457.56102362 -43652.19562847 59389.72814735
v 19891.02438405 -45108.69163846 64403.75197389
v 19958.72147408 -44992.68508999 65896.96037444
v 18811.61338900 -44592.21508001 65310.23267346
v 20328.24725350 -45098.37733467 67272.50514192
v 20341.77086451 -45152.10711817 68907.78985138
v 20007.43132204 -45403.37062027 70333.88434828
v 20705.88363635 -45557.59646672 71564.41478999
v 20836.76160356 -45741.97828833 73219.83661717
v 21051.40784781 -45584.31849820 75433.01327282
v 21871.27011807 -44512.51982533 77099.79591014
v 21912.36369380 -43379.27384533 78779.98289658
v 20765.46697053 -43662.28350322 80017.46252151
v 19689.66951736 -44168.20154695 81052.33946717
v 18550.51811684 -45066.56156917 81699.17936935
v 20369.29977864 -42128.99301242 58806.54138890
v 19151.89043026 -44720.30523176 66490.61329747
v 18949.93664819 -44911.58482867 67797.20606471
v 19334.15781489 -45168.54365610 69187.49365942
v 21949.98143655 -41812.80258781 80091.78425882
v 20407.51163014 -42343.69417438 81089.85638980
v 18927.64594082 -43229.78488804 81828.56148853
v 19893.49144914 -40587.21935391 58773.58447240
v 21358.02506403 -40420.82161513 81176.16838957
v 19543.91662973 -40871.24369698 81942.47066025
v 19529.48707168 -38672.72742360 58776.29903406
v 19423.70818359 -38630.01469348 82281.28666653
v 19134.48159657 -36638.15567810 59068.05543852
v 19302.20823950 -36705.70155004 82399.16932857
v 18328.58194377 -34574.75432498 59741.93460785
v 19054.84527751 -35218.03194807 82394.07661936
v 19401.73475129 -33428.91054306 60549.78808310
v 19663.51786610 -32634.77337751 61950.65703643
v 19399.56900728 -32342.42379420 63948.20087872
v 19599.03165300 -32353.96570840 66078.12713961
v 19943.70754328 -32284.52673063 67961.67963486
v 20615.64320908 -32001.32563615 69588.84386879
v 19437.68851529 -31744.03454127 71165.36836565
v 21037.65084674 -32296.81409112 81344.65336174
v 19633.10830879 -33569.45985674 82031.26186440
v 20099.68613573 -31078.66887395 72706.39420003
v 19584.49084090 -30528.37162561 74011.50695394
v 20755.30985339 -31311.75790384 80855.43245199
v 19469.60373350 -32000.24810683 81541.98685074
v 19733.08592013 -30156.95787746 75130.53128154
v 19651.59924290 -29875.34498611 76618.04676604
v 19618.44810671 -29851.53908052 78131.16287459
v 19644.89437999 -30204.31866004 79533.63322712
v 19531.86926083 -30919.46215551 80729.24628150
v 18053.41736478 -48623.92558263 79887.52830089
v 17851.24020233 -49094.59123401 78701.72451996
v 17197.16974625 -49810.51835515 79641.16239020
v 17288.03971118 -49426.37777721 80549.34438406
v 17618.28933086 -48701.62703571 80896.20068967
v 16894.75421005 -49291.47306685 81147.41913416
v 18669.47603684 -47767.25107966 76159.91716360
v 18312.57756655 -47891.85135299 74697.83985980
v 17823.79350072 -48736.36269544 75678.64228150
v 17874.34521082 -48952.46811989 77225.65379271
v 18839.48619209 -47684.55524680 78241.42052035
v 18837.97810501 -47436.46624056 79803.10200118
v 18278.01573180 -47708.10546150 80767.78276793
v 17191.64230933 -48075.05384197 81527.11191460
v 20294.66332270 -44605.17288175 60378.41390474
v 19817.79612589 -44824.28673336 61555.63180441
v 19317.76742439 -46151.53836243 71882.57066113
v 18306.68560361 -46348.54171124 70703.17603419
v 18106.09489828 -47017.62173914 71591.86546239
v 18293.73517792 -47439.40562642 73097.31246957
v 19438.90947802 -46705.07672464 74444.02749482
v 19733.45761301 -46605.40403104 76579.06002863
v 17239.18184510 -46390.47996657 82010.76174547
v 19221.65273528 -43683.99695474 60608.81935679
v 18568.24902349 -43931.72544650 61672.34453385
v 18840.52310702 -44478.22327561 62911.04854247
v 18538.65784540 -44429.84342036 64170.18945954
v 17705.96601739 -44174.09623916 64786.21019950
v 18310.24646598 -45368.76882150 68820.70957992
v 17373.57769841 -45208.76756185 67756.26297157
v 17286.91081103 -45863.70131771 68657.74796983
v 17836.89962784 -46126.48355107 69610.11647877
v 18873.61607086 -45647.56289791 70081.22022190
v 17390.22778727 -44558.60399054 82252.59778173
v 18953.37852461 -42027.77394606 59723.98614675
v 17566.61844332 -42790.18225711 61166.44232161
v 17512.56870264 -44484.27780305 66237.07216646
v 17612.42617271 -42522.54966790 82379.78165280
v 18312.33585435 -40037.37530997 59357.37718679
v 17736.43013607 -40392.74591021 82508.62703338
v 17881.98285664 -38174.31204825 59245.69542750
v 17709.31747297 -38357.54187934 82616.53252974
v 17397.80354063 -36353.50244582 59390.77161206
v 17651.97008101 -36500.43476495 82624.61311085
v 16758.02832105 -34893.24547821 59636.45227191
v 17717.04156229 -34754.07810513 82475.81922603
v 18012.70881001 -33068.54590390 60584.02041964
v 16494.79516387 -33122.08690292 60174.35630638
v 18314.49266287 -32491.35341398 61556.66216659
v 18288.65322097 -32237.86413196 62907.53544066
v 17833.42530724 -32276.91597239 64135.78086704
v 17550.05996755 -32517.42279120 65725.65650952
v 17964.90754648 -32547.56087317 67798.96025606
v 18362.53409075 -32272.88451455 69803.21925313
v 17860.16578123 -31938.16239926 71372.50441983
v 17813.43411476 -33092.82083399 82125.88179399
v 17024.90835255 -32147.64491974 61127.73754046
v 16929.29394097 -31845.07848543 62336.92588757
v 17158.71571966 -32069.36510722 63476.79297305
v 18200.28702701 -31433.92625431 72459.32294474
v 18581.29138049 -30334.09258587 74741.00004935
v 18375.41942110 -30813.28003835 73710.82403904
v 17188.86776561 -30513.49503187 74912.04853420
v 17846.79705265 -31687.33468153 81521.28859331
v 17953.87540532 -30046.00957398 76133.98166223
v 17997.27694952 -29864.91264125 77832.29044124
v 17985.14276969 -30063.29006943 79320.54192961
v 17925.11490523 -30668.93204075 80580.17734354
v 16119.13784564 -51184.61146668 77877.27883042
v 15898.39557015 -51469.03226860 76607.31284184
v 15366.48598253 -52067.16323534 77546.97580224
v 15053.42665466 -52007.23444677 79025.67241142
v 16253.13483481 -50861.80994999 79350.76353409
v 15496.27376205 -51230.47550725 80182.06134720
v 16256.80835638 -49236.88266809 71037.64754086
v 15690.40082483 -49397.89337888 70046.85433174
v 15427.06980361 -50217.92112488 70697.23064287
v 15627.72942561 -50580.31700399 71900.07743556
v 16498.16126715 -49692.80746073 72739.93611226
v 15811.29360591 -50952.40461383 73469.38046053
v 16514.56865098 -50205.74347034 74307.32468787
v 15901.68976694 -51253.61912694 75153.59517210
v 16849.85028786 -50133.41590294 76163.76856050
v 17065.00346263 -50075.85073208 78217.68229479
v 16345.14505759 -50246.24832053 80596.97686457
v 15724.79108512 -49563.54511800 81498.97345351
v 16299.13467793 -48239.13706181 69869.02412932
v 15634.27423836 -47788.28095143 68950.67084431
v 15439.12903626 -48965.55832099 69434.14974655
v 16809.79921673 -48214.43401064 70742.45657195
v 17252.91509120 -48222.15880825 71921.38060659
v 17373.37968712 -48897.32914258 74079.34151905
v 15757.66791680 -47890.50510909 82078.33571830
v 16758.39039633 -46859.17560859 69204.09758621
v 16028.80101412 -46202.91460853 68210.49274893
v 17352.84677211 -47236.50371558 70460.72235693
v 15805.22133280 -46076.55139994 82400.70535961
v 17669.56906028 -43636.48175093 62370.87328011
v 17483.13704559 -43887.14379015 63591.59678028
v 15996.58585201 -44989.35964417 67104.98434875
v 15885.09406113 -44133.72533348 82558.10506827
v 17055.68270988 -41188.45674358 60184.49276550
v 15758.10939328 -41793.21434702 61253.50099649
v 16119.19117730 -42895.20365926 62793.57230867
v 16181.26664839 -43669.80545632 64792.85826491
v 15794.55749536 -44213.34760745 66127.97698780
v 15959.47350811 -42106.86991048 82643.98703198
v 16620.36367046 -39552.07361804 59685.15728426
v 15986.44982263 -40074.73042940 82702.61959298
v 16232.00102673 -37858.43184749 59510.96820823
v 15978.39081934 -38104.62915943 82720.32571041
v 15842.44967947 -36170.75926082 59548.51328909
v 15988.41157528 -36217.87702119 82656.62914249
v 15478.89645766 -34517.76107683 59741.58838354
v 16037.40806601 -34428.71232725 82456.42029347
v 15010.26327494 -33137.14349497 59974.81967595
v 15350.43352223 -32864.84763025 65827.64409510
v 16531.48455411 -32310.74841370 64509.78853260
v 16035.59032537 -32882.04144082 67600.56517820
v 16271.45902453 -32756.88343295 69472.66891376
v 16880.20786452 -31810.76960017 72253.11829922
v 16464.01840949 -32352.45665484 71151.43949364
v 15409.07416828 -32111.66550874 72623.79410923
v 16106.53408897 -32814.89930378 82045.49023460
v 15926.69977691 -31698.10802443 60801.25416404
v 14854.01407553 -31705.16590311 60398.61804766
v 15917.10688431 -31314.35049666 61533.87205299
v 15365.46256047 -31339.51178026 62350.89018700
v 15951.06812433 -31929.66928366 63383.68168008
v 16567.65121516 -31273.04350197 73623.67481763
v 15589.90358055 -30824.72458137 75151.39197216
v 16206.05746606 -31503.42051270 81349.50434549
v 14975.76389689 -30882.11068801 61037.04736886
v 14887.25877124 -30781.88350170 61639.80114826
v 16137.16983708 -30294.57232581 76219.01042773
v 16366.23157292 -30060.08109660 77565.64519928
v 16386.02132999 -30135.01231422 79031.56684229
v 16320.29480757 -30599.54535791 80333.94123202
v 14050.61279616 -52796.22570369 73118.75513833
v 13150.90361816 -52916.86909781 71838.42120610
v 13050.04031799 -53723.55658843 72931.08340345
v 13150.67019729 -53815.14796493 74296.71770388
v 14183.89454037 -53093.75831306 75054.02385714
v 13400.90099045 -53586.44329302 76058.31230697
v 14186.76048661 -53169.77165494 76547.87325110
v 13633.08746038 -53330.46060125 77523.82875270
v 14517.78629959 -52809.77491847 77801.42573851
v 13854.83733982 -53048.65381048 78530.31209834
v 14302.73035095 -52746.17190404 78807.77784471
v 13754.88511103 -52521.08869648 79472.19874045
v 14173.07593217 -51006.51328404 70095.56529311
v 14207.85263626 -50310.28499139 69565.13889170
v 13700.65418250 -50898.96539604 69900.68677417
v 13482.51849534 -51709.15462662 70657.33165747
v 14507.94559134 -51466.39478912 71244.56866948
v 15049.93594461 -51648.58972830 72722.66684077
v 15051.04448926 -52096.03431798 74244.97182617
v 15055.60821067 -52372.59195532 76153.26145184
v 14459.41827291 -51619.71418058 80385.19807264
v 15260.68349745 -50792.89220887 80932.21404942
v 14242.21316891 -50680.44240510 81288.75913441
v 14885.44791073 -50136.60571118 69881.90417102
v 14584.89408984 -49062.39210643 69171.79751700
v 14247.51692347 -49284.61670946 81917.96372155
v 14626.69333813 -47356.28969656 68589.16075359
v 14236.24765016 -47600.14320055 82303.91341609
v 14472.00835431 -45645.58893475 67833.20056685
v 14244.81399589 -45740.14008619 82498.44942261
v 14811.52939989 -44509.28711958 66821.64584892
v 14267.78627586 -43778.80487054 82586.08125055
v 15446.04644557 -40596.24058631 60363.16729374
v 14538.24852703 -41106.98115047 61123.60408713
v 14268.09419400 -41641.05825342 62418.50308405
v 14264.18803279 -42503.69875081 64417.39524753
v 14549.36025324 -43623.42158944 65920.18868334
v 14286.22400969 -41777.43349479 82626.74553512
v 15080.18420233 -39178.80809779 59938.06271496
v 14292.89008657 -39783.40214340 82640.98564820
v 14758.10007414 -37572.68592761 59784.41854006
v 14301.47619567 -37828.32530463 82616.04031165
v 14482.74529430 -35868.17897693 59806.28786808
v 14332.56163637 -35942.64999033 82511.30887121
v 14211.84306393 -34180.62976026 59935.29013176
v 14398.63507059 -34184.60330083 82254.24394449
v 13933.59326850 -32558.25822081 60159.97801088
v 15213.04274880 -32417.58099219 64333.57118742
v 13919.62899309 -33224.92822728 64668.21781053
v 14357.77310486 -32016.50393068 63141.31628467
v 13940.29906521 -33521.81861045 66222.15621707
v 14401.66423391 -33403.43628183 67536.54235377
v 14798.39318663 -33232.02116214 69034.44292531
v 14161.92645225 -33204.71069392 71244.01134061
v 14141.07127028 -32467.57979035 73062.95359219
v 14512.70316031 -32645.70542700 81751.53469911
v 13482.63250434 -31003.70484617 60457.37629333
v 14002.16981679 -30828.13216890 61966.27706259
v 14506.18417291 -31742.19425391 74288.19370379
v 14450.37624745 -31076.01261851 75637.87164100
v 14726.93126535 -31442.31467552 80989.09848639
v 13980.52532130 -30458.49220933 60759.38684084
v 14061.99458226 -30303.76335808 61289.90751162
v 14972.10330888 -30602.05636085 76218.57971843
v 14977.04227215 -30422.35433420 77282.57525340
v 14955.28474987 -30424.60913596 78645.81097506
v 14903.06210574 -30712.89080915 79952.63406384
v 12464.71400824 -54292.89966004 73349.89680118
v 12407.90715349 -53985.99112021 72458.66101021
v 11975.45542096 -54389.82972504 72904.57483191
v 11930.16806689 -54390.64646275 73648.79045831
v 12372.18185480 -54271.13767667 74258.52131784
v 11951.64507779 -54074.20313967 74588.78286354
v 12221.39747425 -53471.68167562 71897.14200408
v 12450.01597610 -53790.67497966 75566.06956743
v 12744.72746992 -53395.02470794 77247.92459588
v 13083.80080263 -53046.78105939 78568.69212138
v 12677.13686439 -52441.99069233 79556.58469220
v 13645.04761619 -49964.21284155 69588.42465244
v 12991.96005000 -50978.99743610 70353.15257315
v 12394.46415459 -52336.98528109 71304.67754616
v 13054.34344400 -51630.69259869 80604.24983908
v 12949.24430021 -50400.57327622 81513.31108247
v 13620.48196075 -48469.35170737 69248.17439133
v 12817.27761170 -49534.48436808 70142.27394922
v 12069.25529682 -50872.82969897 71252.63681300
v 11627.53036846 -49085.10550688 74837.37987364
v 11555.90296874 -49864.48621653 74393.92738270
v 11615.85456586 -49064.53188552 73735.93536073
v 11540.11202170 -49215.11327669 75630.26640682
v 11501.03426267 -50107.85125484 75103.84014145
v 11394.82680787 -49866.13335855 76076.77340538
v 12853.43537120 -48952.65253387 81970.66473603
v 13474.60368447 -46822.44867554 68816.67451974
v 12682.03969566 -47711.97737653 69886.07803473
v 12078.91129945 -48799.89053996 71131.51167573
v 11662.26086239 -47879.33313749 74607.76558433
v 11633.38296678 -47274.15757886 73688.23625644
v 11570.39078245 -48166.17162061 75571.99541561
v 11352.17710542 -48681.72508302 76475.01118653
v 12795.31751569 -47237.87714105 82199.02775946
v 13148.95551432 -45471.60260638 68424.16743260
v 12482.21068942 -46058.55035273 69439.40197807
v 11813.02922937 -46292.86761003 71010.27325773
v 11605.59437312 -46730.67347418 74548.19355022
v 11492.99518753 -45982.17295389 74091.65939638
v 11533.51166656 -46909.41669483 75397.99417431
v 11306.27012870 -47184.81091411 76460.84026948
v 12773.33131191 -45353.75125579 82300.49115188
v 13399.22946794 -44185.47276808 67402.23590998
v 12157.20608666 -44504.20158908 68944.29692284
v 11893.84364245 -45305.39001272 69908.73688633
v 11383.27077604 -45667.91897029 75124.90493655
v 11258.08094900 -45931.75719017 76158.11767448
v 12769.83353853 -43389.82828974 82340.63769558
v 14153.82786578 -40152.64959681 60602.58567259
v 13567.42035958 -40709.12860189 61487.74438119
v 13048.83842301 -40628.31016799 62535.14998570
v 12875.25546530 -40147.22894129 61758.73154342
v 13129.18611705 -41126.67090720 63865.34479593
v 12883.88727638 -41595.56697224 65262.49006891
v 13102.37411822 -42668.41221860 66250.83204517
v 12771.73614408 -41402.79046536 82353.43908377
v 13818.83486557 -38807.64933458 60310.37999034
v 12552.95343804 -39768.07803663 62411.92968927
v 12303.33535757 -38620.38129990 62683.13583735
v 12422.87948695 -39635.25170105 63661.91998312
v 12275.42977031 -40281.53428409 65219.23641166
v 12779.07835167 -39426.28801809 82345.04746943
v 13571.48065135 -37200.32409876 60227.22242764
v 12144.29803763 -37858.97704940 63964.54429461
v 12240.78756541 -36982.74361300 62860.28128973
v 11979.34376011 -38608.29347002 65253.38914889
v 12803.68761212 -37492.11742787 82295.52239330
v 13391.63005206 -35455.81483472 60261.89923146
v 12274.60838550 -36159.00499782 64140.97246271
v 12455.72889584 -35206.32842975 62975.45351274
v 12033.96897211 -36916.41189912 65368.64675398
v 12862.39896336 -35653.82629031 82151.04322417
v 13232.19265556 -33702.73786831 60360.38124791
v 12791.35030441 -34560.74867657 64324.95187439
v 13052.06099652 -33286.08533191 62971.15963528
v 12399.65567271 -35420.91614119 65481.64700785
v 12945.03546129 -34001.89131832 71428.16821756
v 12352.59297433 -34646.31743374 71341.18489011
v 12913.43474019 -34187.07671821 70658.53272846
v 12664.19511913 -34096.86894446 72293.12202120
v 12967.59960255 -33992.75665653 81813.83360212
v 13034.35585640 -32088.87208058 60495.91984284
v 13226.30712353 -31618.02857756 62154.78627394
v 13073.47834883 -34239.41921782 65761.60892453
v 13224.32779326 -34132.60334699 67227.87391639
v 13365.49635767 -34021.84591809 69124.89811901
v 13700.23004326 -32411.00060273 73802.14359128
v 13268.27607964 -33078.40233930 73211.19963104
v 13199.70335535 -32563.95006018 74537.66055927
v 13112.37297649 -32553.35948206 81128.73594741
v 12822.52725762 -30954.68355554 60627.15395063
v 13100.96846000 -30605.65019773 61648.65014369
v 14034.02532515 -30981.39102625 76720.50974799
v 13524.19196986 -31736.39493899 75736.12374031
v 13806.23925010 -30974.98277881 78068.02316863
v 12998.60318327 -31793.63050494 77169.08101568
v 13712.00598739 -31120.85210873 79440.21562337
v 12720.72623706 -31909.22639509 78700.70971754
v 13739.46625257 -31449.68453687 80470.08138382
v 12722.06475041 -32092.28356831 80069.90819228
v 13257.11214706 -30059.25327338 60687.21107223
v 12871.84696280 -30182.25159156 60680.53997145
v 13341.88916274 -29862.06104601 60981.41788184
v 13287.23887219 -30070.10989869 61374.71764003
v 12924.35191721 -29740.68754469 60830.37095417
v 12906.17858394 -29739.42528750 61057.96271410
v 11787.24751007 -54044.40120567 72390.88121209
v 11560.18035460 -54198.32864757 73058.57034930
v 11543.55231891 -53845.01260307 74018.09183528
v 11267.06990398 -53506.82350327 73203.21522479
v 11667.25852041 -53315.99897588 71993.34780946
v 11329.52153206 -52664.71661219 74240.05918436
v 11185.95859775 -52453.79987914 73137.61240546
v 11671.83662081 -53087.59511653 75516.54939162
v 12017.75850085 -53077.18771166 76912.19393425
v 12075.71407686 -52561.16828779 78499.84211739
v 11571.76365646 -52322.25947747 71851.60997597
v 11393.12525971 -50971.98708175 73925.77320804
v 11281.48616872 -51544.93161567 72766.69083412
v 11373.41086832 -51276.90471428 75691.32446753
v 11432.82669636 -51773.84500928 77471.59220573
v 11345.97575587 -51498.59014712 79074.60073251
v 11824.37029755 -51642.57515934 80056.55154472
v 12075.95113498 -51027.75814591 81014.79891896
v 11859.05986502 -50004.37501288 81443.17236444
v 11454.84439791 -51499.16034178 72092.62371143
v 11608.31418109 -50153.49327576 72435.76489716
v 11135.21568976 -49794.98590135 77336.45115159
v 10959.02315793 -50305.80634141 78870.66963082
v 11702.39107821 -48532.42472325 81665.97586648
v 11699.72369963 -47956.56807799 72445.29636123
v 10985.05894509 -47759.27086097 77611.90539177
v 10739.59300113 -48528.47372730 78847.72149852
v 11619.46350795 -46766.76711428 81769.54396267
v 11487.72423634 -45985.74967061 72940.09910000
v 10885.84882944 -45748.80297110 77478.56836608
v 10618.74069004 -46588.05484588 78867.22514908
v 11584.03843327 -44854.83612030 81811.63490480
v 11949.27614094 -42766.38462540 67987.01425453
v 11363.53739149 -43267.43949421 69343.08291974
v 11352.81723553 -44199.72248506 70416.78070119
v 11107.67128174 -44045.22862091 72298.17084808
v 10816.95927717 -43048.20224235 71326.88070015
v 11142.32571202 -44301.53111377 74350.72121966
v 10958.94691715 -44300.73367907 76345.68723731
v 10635.67277386 -43972.36531793 77861.04396405
v 10505.74263822 -44671.39412942 78909.62883020
v 11570.46332154 -42888.82594708 81825.12067592
v 13187.97807225 -39704.18263929 61034.81849173
v 11962.23950738 -41157.41884341 66788.51537496
v 11263.95179986 -41325.88673111 68236.82636067
v 11006.17572185 -42006.39609247 69215.04604636
v 10673.39222648 -42370.84670540 72307.42640572
v 10507.33059075 -40876.10611732 72651.02241010
v 10738.21500584 -41943.46148533 73915.20797239
v 10742.98755331 -42255.28255542 75894.67178502
v 10571.40721857 -42453.45421367 77558.11274736
v 10411.43204028 -42847.24712640 78912.49615027
v 11568.93090557 -40914.67281386 81823.15778006
v 12920.30483780 -38338.52127664 60904.46282710
v 12588.17968628 -39184.69691386 61693.51403054
v 11642.38050461 -39293.69576207 66727.83152436
v 11159.72513769 -39964.06897204 68105.42935677
v 10744.30198281 -40604.75296121 69248.85201730
v 10602.19041134 -39584.12616522 74145.21741665
v 10520.90581624 -39143.13394404 72655.45384929
v 10596.74081464 -40132.51177634 75777.61159397
v 10485.96975350 -40550.17385491 77397.80813438
v 10364.37853419 -41010.29422765 78825.40339684
v 11584.29640428 -38962.59996614 81802.39728574
v 12768.09287485 -36682.04407980 60910.63084644
v 12415.13483100 -37731.90905947 61758.78952709
v 11704.09358851 -37544.83653856 66777.62989461
v 11198.19589110 -38173.17722232 68421.22680558
v 10709.85108122 -39211.40709323 69379.04309704
v 10853.94181873 -37396.21648720 73956.81311972
v 10747.96003452 -37780.86264067 72253.31791070
v 10659.14564952 -38025.60516697 75824.77786336
v 10488.22506722 -38571.07231642 77393.81729621
v 10359.05042098 -39108.90652634 78792.23660862
v 11631.93523288 -37081.50833006 81736.01068130
v 12708.60081991 -34890.20623091 60957.00724455
v 12400.38477798 -35999.15536744 61837.08510915
v 12067.98968535 -35996.47541201 66746.18597522
v 11717.80728322 -36433.98068490 68302.74155085
v 10801.22360414 -38093.56096969 69827.44944467
v 11269.51320449 -36873.96802468 69953.80007989
v 11518.14151655 -35874.19420114 72178.23452998
v 10794.22969016 -37674.83315060 71006.94596642
v 11368.45284301 -35469.48415144 74484.90236006
v 10989.38683543 -36025.55843371 75988.07835927
v 10664.03495551 -36627.54048860 77534.44645841
v 10440.73236991 -37257.24958212 78845.00444441
v 11729.70666386 -35362.63329712 81558.17868622
v 12679.66447628 -33130.72768240 60983.63397234
v 12541.70034480 -34167.76703060 61861.79096846
v 12563.58770677 -34907.14252866 66638.95232190
v 12430.88437466 -35062.89260277 68004.53395996
v 12138.30869003 -35252.30922394 69958.54788966
v 12220.84270700 -33975.56570805 74123.30376604
v 11622.18385142 -34261.03895285 76032.06613269
v 11144.12395468 -34649.33239565 77894.07684584
v 10656.04529897 -35597.66853486 79012.12847513
v 11878.68851586 -33939.39297135 81162.51187459
v 12631.34555392 -31612.43081910 60967.39259826
v 12683.14532388 -32432.95078789 61699.73944126
v 12500.81875976 -32811.80042661 75898.62460039
v 12015.18671944 -33008.42554915 77565.45132282
v 10988.20142139 -34392.80246432 79393.60319225
v 11719.04981896 -33198.25102483 79314.34648489
v 12009.07264078 -33057.28297143 80537.65040890
v 11259.78519980 -34020.18889354 80313.87774141
v 12626.29066173 -30493.96132140 60931.10346627
v 12713.22807491 -31045.14799781 61426.26647612
v 12704.40839932 -29873.61459045 60916.29074059
v 12771.65972525 -30141.22703270 61224.07068792
v 11391.19672308 -53800.52287886 72552.96773472
v 11257.96345098 -53074.88553078 72467.70196384
v 11228.85912027 -52268.93768121 72415.83834642
v 11070.47646569 -50599.02993027 80055.81907157
v 11416.03709594 -50713.21372694 80813.98146640
v 10741.71904168 -49142.61184952 80035.54020269
v 11108.23305437 -49609.83551396 80937.43953529
v 10586.39281564 -47352.55308374 80040.04689889
v 10929.25912172 -48005.81389177 81003.86574123
v 10501.93470126 -45437.72369427 80053.33378784
v 10843.39231004 -46160.14299690 81036.21381647
v 10831.76254151 -42632.21235090 70314.33671955
v 10443.08852936 -43513.88792703 80059.57166821
v 10801.28036392 -44224.21190621 81049.49576205
v 10546.48805813 -41220.46381949 70319.92450812
v 10531.94709565 -41779.80301629 71390.12268361
v 10408.05640405 -41602.75692945 80041.21513797
v 10779.71896614 -42269.26260747 81048.80280665
v 10455.38653171 -39824.66847025 70357.92239431
v 10403.76464398 -40306.62143229 71461.55005974
v 10404.84489596 -39694.53139700 80015.05520224
v 10777.31983500 -40321.42063858 81036.46135678
v 10538.73299894 -38715.27469890 70389.90173442
v 10475.23872335 -38897.44689857 71366.09464291
v 10450.43790157 -37837.39648313 80007.82358421
v 10805.30020262 -38413.51224775 81011.58967225
v 10571.41199516 -36169.36579434 80012.46920927
v 10883.88755649 -36628.34966553 80949.87762949
v 10765.54405430 -34973.60572237 79994.97174761
v 11030.92562632 -35115.62953208 80777.95540574
v -12998.32373256 -39481.63283316 80332.04138339
v -13025.29493729 -39188.96558935 79443.35115954
v -13121.66969996 -40222.90477682 79681.02615431
v -13329.77128208 -40527.53077678 80506.59221326
v -13347.13730686 -39656.31940177 80998.47626169
v -13943.79239985 -40528.64479464 81290.50835297
v -12975.98854458 -38614.67327995 80186.34793849
v -13136.99331865 -38114.32482514 79625.56871969
v -13248.86161499 -38703.95773906 80864.80587653
v -14086.86414991 -39074.76868787 81548.79469291
v -13344.14592423 -37746.02031222 80456.85651917
v -13816.86008204 -37890.89373656 81207.10920525
v -14645.96875250 -42523.96411575 77684.94387019
v -15063.42421015 -42385.56160084 76473.62270878
v -15744.77215103 -43175.83240558 77208.84223007
v -15315.53272040 -43287.74373547 78586.31131102
v -14327.45593716 -42579.08732245 79024.11104767
v -14962.67665241 -43194.38878954 79811.25170434
v -14224.70671606 -42509.14546786 80182.59029174
v -14758.00884759 -42984.13775454 80614.61761869
v -14451.42331353 -42454.37693106 80920.60807295
v -15033.40491715 -42757.53042162 81081.84920603
v -14218.95159576 -41257.06965436 76832.06446054
v -15102.33156869 -41695.29554360 75329.37210938
v -13916.66922224 -41719.02553802 78276.86775979
v -13614.23537229 -41439.58767111 79575.17069867
v -13932.51214453 -41622.97765346 80742.00612905
v -14831.70634189 -41775.60433599 81409.51182999
v -15026.21231255 -40304.36439402 73512.99111770
v -15520.19293602 -40219.19621257 72331.41823534
v -15507.36286428 -40896.21299680 72953.40933945
v -15449.17680057 -41281.45440607 73849.93356352
v -14463.23429442 -40010.06720764 75132.75142953
v -13778.82874004 -39656.99751410 76981.00565118
v -13445.76899492 -40313.36404666 78423.92399215
v -15010.10418649 -40341.69543543 81845.05793060
v -14763.25888978 -39089.34788218 73752.68316370
v -14313.84534178 -38434.96480288 75004.38242041
v -13934.11150975 -38174.32723812 76460.41677221
v -14221.99369764 -37369.37743930 75612.05157161
v -13429.37341932 -38396.60237392 78335.88955015
v -15286.60623850 -39055.76272076 82048.03080276
v -14085.80242796 -36761.86722835 76578.02688944
v -13882.01172195 -36592.89232688 77919.31468859
v -14215.86534749 -35764.36502376 77180.13031533
v -13691.55507602 -36812.71360352 79583.91091454
v -14199.70350880 -36708.30466978 80911.88320892
v -15033.55373244 -37552.22516288 81783.52718668
v -14237.47117349 -35223.81390800 78112.55111530
v -14212.52604061 -35295.39706806 79145.19770339
v -14575.04123644 -34334.77675189 78724.64182325
v -14575.46822947 -35288.31243085 80389.22990270
v -15620.73309906 -35468.68662534 81518.28374097
v -14936.36740512 -33998.28280803 79802.01299209
v -15547.10456337 -34036.54035070 80844.08799944
v -17001.45437182 -45568.05906879 69823.12431609
v -16973.81265376 -45454.90842981 69663.84524954
v -17019.85779778 -45711.17821338 69714.60882412
v -17322.26003191 -45530.68872407 69759.37623838
v -17022.35503921 -44968.01790537 69867.98835543
v -17171.87865405 -44601.28804597 69329.55745929
v -17288.23383711 -45208.45216945 69955.34843520
v -16979.18379255 -43692.02448059 70087.70448814
v -16944.93157342 -42850.79738991 69344.83219821
v -17452.82451760 -44374.99073954 70264.19420179
v -16179.79151759 -42777.00782492 75691.80558565
v -17176.27465733 -43560.06972208 76857.02959150
v -16633.51818008 -43710.23910753 78252.80094804
v -16111.97824817 -43592.37464401 79555.73008004
v -15561.35383714 -43242.65467068 80569.74772601
v -15944.34646921 -42631.73233532 81240.32916328
v -16458.62596024 -41770.36401868 70744.46141330
v -16598.99025287 -40926.87647307 69446.36403407
v -17504.73576409 -43082.62478643 71083.92697542
v -15931.30961604 -42126.94847949 74510.64398869
v -16411.98711399 -42065.07737622 73648.04447246
v -17024.42930985 -42639.80687788 74441.28750319
v -16172.02866279 -41462.38041438 81783.58612271
v -15904.66584088 -39620.52256834 70848.68467302
v -16360.91659534 -39004.53252303 69504.78947861
v -16498.92056654 -41795.80935746 72462.34699122
v -16373.41746547 -40000.60563946 82144.57822014
v -15809.76574969 -37641.97756902 70904.25789794
v -16339.23767652 -37120.90645474 69579.36458708
v -15222.61090545 -38026.29785093 72610.45227118
v -14603.40257168 -37490.76895440 74427.79149332
v -16471.26558595 -38405.00197173 82247.77601566
v -15951.87134681 -35920.10418560 70909.65154045
v -16355.26324524 -35578.86811724 69893.41237801
v -15495.66900761 -36047.84879167 72389.85398158
v -15004.54443486 -36019.07743316 74109.83424365
v -14501.80400200 -35998.07078687 75841.39600911
v -16643.12411399 -36697.18683958 82180.65747037
v -16166.86499054 -34709.96163444 70834.33781792
v -15868.34655739 -34349.70844079 72186.21622928
v -16253.79009566 -33647.99371290 71398.18799166
v -15462.81632345 -34320.04696010 73911.06756071
v -15078.84770659 -34290.49994006 75694.90013451
v -14687.47871399 -34437.34526505 77419.98106139
v -17085.17792088 -35188.45377704 82099.81569552
v -16161.97334502 -32982.53400855 72414.43385502
v -15919.06825004 -32874.74319523 73645.93353462
v -16339.88643636 -31936.49825960 73199.18512192
v -15716.85083863 -32472.27328617 75518.84281446
v -15426.66362585 -32728.75903310 77315.54502168
v -15234.94467014 -33131.52427010 78829.16418414
v -16113.73791260 -32521.86185351 80339.42487813
v -17053.64507653 -33459.48059745 81613.83195477
v -16261.83419873 -31377.34637129 74630.39516064
v -16210.79340206 -30931.14029743 76032.39196318
v -16068.67459390 -31152.30227498 77207.56703384
v -16564.76378363 -30058.87308456 76922.05635393
v -16194.59418656 -31328.20186744 78904.76946922
v -17264.80416129 -30730.34109714 80431.32941250
v -17260.03825630 -31773.63447513 81178.09416713
v -16755.64978123 -29899.29983692 78176.32094971
v -17123.64239642 -29885.40651636 79401.76808682
v -17254.45649549 -45451.21084583 69498.46565557
v -17585.82655610 -44539.46090787 68780.76995767
v -18046.92145595 -44302.33021798 68418.03465826
v -17849.65981451 -44940.56691088 68979.61434753
v -17786.51190715 -45295.49015041 69472.68101230
v -18207.58949712 -44828.75630872 69907.84410982
v -17567.08426025 -43698.47504466 68568.07023213
v -18619.01356638 -43252.66624829 67683.68033526
v -18354.04307527 -43937.13781813 70597.67541804
v -17842.78824270 -43263.97685734 75526.08480545
v -18802.71519460 -43748.73128683 76693.53804910
v -18151.19826118 -43898.36237650 77992.56281325
v -17586.63999434 -43760.45058435 79297.49312779
v -16884.97781992 -43310.83073236 80469.19245796
v -17424.11646881 -42426.66826796 81273.58306511
v -17482.87463350 -41913.45649505 68208.54179108
v -18332.82282604 -41848.15288759 67223.17106750
v -19143.47595918 -43264.87809346 71308.27686627
v -17631.89158484 -42466.03493620 73343.88465772
v -18591.53560155 -42956.91351960 74342.19859682
v -17718.51798364 -41084.75495058 81873.74672118
v -17849.25272165 -40193.83995967 67274.65903637
v -18930.25412093 -39841.77203247 66074.73309726
v -18806.27841912 -41203.06904992 66603.16531467
v -16980.86092409 -40129.84168189 68458.06511700
v -18316.92373985 -42668.28782733 72253.58598284
v -17917.63118249 -39462.48080758 82202.59904977
v -17877.66954087 -37740.81094857 66661.61473474
v -19106.33218221 -38205.48328382 65093.06755487
v -16989.62380668 -38400.77900477 68244.79170248
v -17983.94939176 -37748.60356332 82346.72425367
v -18657.52906819 -35358.48746486 63405.26805879
v -18899.27895786 -34904.87983114 62169.18511260
v -19438.17096051 -36197.40238409 62376.42655806
v -19308.68260516 -37006.47230430 63768.76564106
v -18266.91980716 -35935.57367719 65110.73371357
v -17551.64031058 -35428.91741574 66820.94084997
v -16938.36672870 -36040.04591499 68419.12434209
v -18112.55159786 -36125.03557520 82355.99588593
v -18445.11059336 -33866.32936610 62917.96519491
v -18927.97748628 -33724.44541065 61306.18443363
v -18165.66340298 -34254.45331029 64279.78747372
v -17794.75299487 -33501.50423644 66013.66458950
v -17238.28601327 -33853.28609095 68116.90720458
v -16637.41754528 -34027.73003134 69985.71220219
v -18343.61412986 -34549.65705538 82216.93998256
v -18520.99922517 -32441.04681400 62438.34029385
v -18957.11237279 -32083.69024774 61166.74277353
v -18172.37844764 -32621.20248685 64132.35196573
v -18019.96085987 -32030.07114838 65484.09461483
v -17885.03824371 -31924.31841584 66511.05174391
v -17664.31525788 -31936.34862959 67860.61059058
v -18004.28322492 -31130.74923943 67130.03067738
v -17192.79793051 -32136.10718942 69758.12069537
v -16657.09693619 -32208.31503691 71680.76462084
v -18663.49825647 -33174.76599765 82054.14769821
v -18779.19830306 -31375.82087177 62075.92751163
v -19097.72926915 -31158.51591346 61393.65669719
v -18582.78389945 -31297.98093865 63253.23713797
v -18390.14814320 -31146.34112660 64743.01057539
v -18040.87069884 -30631.31039930 68023.81246050
v -17868.59982713 -30394.42425739 69475.62297160
v -18476.63081812 -29615.56535428 68460.70581610
v -17411.76631797 -30473.94789575 71431.82883225
v -16954.76827165 -30422.59347012 73567.21556601
v -16783.10771183 -29945.72621722 75647.44343789
v -17857.61577278 -30995.28209595 81214.34951481
v -18438.10320214 -31763.00097921 81663.06449514
v -19393.95278335 -30330.89617216 62330.95050687
v -18926.44316963 -30299.86171326 63988.23406019
v -18484.66586814 -29134.74068818 69661.77515105
v -19062.74173061 -28682.82941765 68978.55362758
v -18246.70252212 -29067.31802044 71027.47240403
v -17946.01083414 -28880.98083038 72969.67179993
v -17749.80748755 -28537.29237950 75209.65887182
v -17408.42691747 -28819.90422440 77221.39416577
v -17712.61717625 -28822.14260076 78889.61251134
v -18149.66001354 -29289.87817083 80083.27742170
v -18764.27717707 -30212.14043462 81074.85742092
v -19145.88121766 -28204.59553340 70312.63457967
v -19109.67254233 -27698.15176160 72229.45440238
v -18714.07810520 -27538.72214248 74206.22440783
v -18644.44135445 -27294.48638560 75662.46864300
v -18432.46364684 -27533.74383298 76859.44216332
v -19269.94817194 -26779.04933561 76509.40912105
v -18500.62104722 -27747.94893478 78312.74309896
v -18882.14633295 -28118.74936533 79531.25103749
v -19611.44665510 -26817.06125139 77820.57755135
v -19503.22233492 -27279.42631721 78975.62808708
v -20895.86942738 -48754.42469744 56765.58421795
v -21107.27162352 -48634.05626058 56154.53280575
v -21012.65777236 -49288.47000912 56547.61799419
v -21106.16486183 -49435.74058255 56874.58220028
v -21075.66404899 -48838.22561319 57167.17799899
v -21459.60194692 -49254.02035608 57207.50598088
v -20869.24000122 -47718.30800389 56580.49792138
v -21084.42655088 -47208.61974712 55964.32901115
v -21046.13512440 -47921.60607463 57168.37731960
v -21521.08987474 -48259.14683536 57470.04772859
v -20922.15584983 -46681.33303797 56478.13375573
v -21145.56340114 -46013.25862260 56145.01490276
v -21072.39971001 -46759.78822989 57057.67972399
v -21728.95439869 -46846.12393867 57671.57342260
v -18884.53323355 -44361.43279866 68354.82598386
v -18669.54714456 -44862.58756590 69149.80552358
v -21204.16672882 -45644.11010207 56830.59955011
v -21585.20161131 -45709.36401878 57514.51166142
v -19505.33843268 -43088.92153055 67064.71143238
v -20021.98625994 -42745.11335625 66675.57573464
v -20292.80308395 -43611.03133074 67479.61607099
v -20006.07149466 -44365.00350220 68688.29112613
v -19518.40099533 -44528.66792874 69515.37537262
v -19845.74147927 -43965.26277138 70358.44841005
v -19540.16484353 -43430.39665677 75466.22248269
v -20404.21540753 -43732.74400268 76627.77973306
v -19717.64163607 -43861.93520186 77841.96414361
v -19004.83554269 -43790.79947528 78935.28298738
v -18726.91518376 -43214.72021039 80198.03695931
v -19053.02456213 -42046.88264624 81209.17483989
v -19176.81441059 -42354.30763379 66793.85262348
v -19983.52955110 -41536.04938846 66081.86553105
v -21014.03505884 -43229.61944004 71313.86277629
v -19351.67597092 -42771.85207837 73266.16242400
v -20359.75280473 -43065.15753940 74352.96673549
v -19360.15552186 -40566.11999874 81747.65822593
v -20277.72502007 -40010.33687022 65119.87640213
v -20164.10326853 -42870.24393153 72268.76430204
v -19658.70464263 -38701.41919509 82062.99704768
v -20350.51770016 -38666.26405556 64032.13683767
v -19226.36937272 -37077.28135777 82312.39832275
v -20558.82728434 -35455.50834687 57569.76626142
v -21207.79240958 -35260.72089966 56301.41217970
v -21221.96447398 -36597.48704666 56611.01331839
v -20921.68757877 -37233.79885255 58094.42406783
v -20116.30520920 -35561.51445789 58851.37615154
v -20332.62518614 -36427.66227134 59397.94955293
v -19504.66542710 -35438.39420055 61000.01721113
v -20215.61659905 -36840.04558813 61309.32147145
v -20439.55566258 -37728.59682700 62689.74086809
v -19555.42127831 -35658.15294197 82275.58921879
v -20514.59189298 -33966.12585195 57312.05869243
v -21334.47874355 -33779.20062816 56228.00713595
v -19916.97964412 -34174.77091845 58593.79292664
v -19865.71354481 -35643.89431435 59851.62097674
v -19533.17081662 -34565.01359618 59866.80893630
v -19777.52874266 -34024.12499993 82175.22348720
v -20777.11113327 -32599.06093016 57183.69027970
v -21725.67685698 -32456.65949021 56277.93236890
v -20038.89421423 -32674.87430520 58487.71168305
v -19405.73500622 -33019.80557246 59876.09494860
v -18221.05921097 -31025.97169560 66097.51132456
v -19858.85213304 -32456.84625236 81973.20118200
v -21278.85337064 -31627.92402867 57129.37762588
v -22278.01755603 -31336.27524958 56635.25989891
v -20653.72120268 -31434.09664470 58269.27022006
v -19804.51857723 -31232.94586793 60202.75750950
v -18931.25080372 -29885.82056072 65613.14269055
v -18446.69892706 -30172.80640665 67130.41121825
v -19955.28151916 -31005.59183456 81632.34763215
v -21723.20126993 -30744.90619619 57821.28793132
v -21199.30153446 -30290.02376056 59383.67487589
v -20778.91451291 -29627.32311237 61280.46525020
v -20319.90908832 -29214.35618803 62704.56551009
v -21118.42632241 -28832.12924537 62453.87420208
v -19827.62854965 -29248.71709241 64153.15293903
v -19885.10414684 -28806.88798310 65869.92416626
v -19330.82883249 -28945.37373525 67436.40523678
v -20423.05357883 -29758.23371667 81152.57781350
v -19608.96443967 -28817.28663325 80466.92218391
v -21013.50205505 -28578.38874997 63637.42849020
v -20970.12303403 -28309.86818352 65260.31457047
v -20727.95647111 -28069.38801732 67064.60966182
v -20241.02948712 -27840.91524856 69036.54302913
v -20231.75548196 -27249.31358779 70981.17752447
v -20275.63977942 -26800.88159091 72404.72483180
v -21439.60972697 -26517.23268039 71861.82268955
v -19861.27449909 -26751.12308576 73734.04482763
v -19563.82333667 -26676.69345969 75303.67659970
v -20254.38928595 -27695.91620426 79768.84110217
v -21183.20539406 -26259.03354010 73375.01139075
v -20885.38891518 -26172.23381234 74933.63026657
v -20579.69610747 -26267.07369031 76622.92593977
v -20938.55861862 -26373.24110632 77968.09321588
v -20627.23492815 -26855.37516330 78896.61558091
v -21404.03010600 -49697.23136610 56395.07053688
v -21868.67470221 -49726.58501272 55977.69174306
v -21856.77333439 -50012.63743932 56346.41019873
v -21696.70886790 -50037.06920941 56684.31544367
v -21442.98174252 -49811.23684807 56889.89684846
v -21883.60499425 -49662.73598653 56972.86834789
v -21683.18672493 -49064.58163642 55714.58838777
v -22270.35129072 -48248.96293852 55209.37300680
v -22180.16073982 -49235.25052838 55598.20891728
v -22246.69179798 -48638.01215903 57324.61892107
v -21589.47009060 -47811.83367807 55460.81369507
v -22225.13838847 -47001.99013538 54974.24245631
v -22220.15184108 -47582.16522298 57697.81694296
v -21644.95925734 -46056.29400411 55429.33993525
v -22555.95249301 -45527.25549441 54657.55013303
v -22725.41023705 -46556.67741575 57954.54504571
v -22032.06580413 -44085.20673263 55193.28081067
v -22865.94904877 -43748.73244856 54190.41533171
v -21536.04739599 -44444.67019578 56349.94245824
v -21809.35670065 -44382.50012132 57534.60006154
v -22765.16188140 -45033.75217479 58306.96005361
v -21221.19418234 -42691.66791200 66406.78463203
v -22388.38882484 -43487.17965231 67156.19769747
v -21718.38629776 -43980.35248383 68328.90014133
v -20984.18084838 -44126.08957326 69421.31344929
v -21941.71619511 -43617.99610862 70335.68054345
v -21228.13206097 -43385.77136733 75532.56820968
v -21853.70425275 -43541.29959687 76707.43473730
v -21051.45873577 -43710.32358355 77639.91577368
v -20662.85752943 -43380.20201387 79046.58820180
v -20192.72468065 -42657.64745630 80384.92904622
v -21564.14410481 -42373.04089687 79935.76810069
v -22263.54654563 -42247.52669903 54867.81281973
v -23007.79264563 -42012.70726661 53670.13315196
v -21808.05441934 -42406.32707414 56159.93169446
v -21865.96702122 -42662.61234346 57491.16152609
v -22549.58261944 -43050.83828494 58652.30720185
v -21616.35274050 -41528.40688037 65417.04760123
v -23012.70364861 -43058.14234000 71307.76632994
v -21227.19249454 -42819.15849080 73313.60410257
v -22189.59280573 -42960.12882023 74502.26953895
v -20638.25599344 -41543.28746137 80957.13154608
v -22342.77278946 -40902.96802184 80348.07997859
v -22420.39301045 -40816.71216755 54448.15567004
v -21884.27346650 -40374.88300743 55854.07638009
v -22297.76429192 -39137.85271652 54680.27893557
v -21756.45793089 -40780.54597121 57430.45117321
v -22220.10000300 -41220.76087040 58860.40896261
v -21846.35536759 -40209.72058119 64215.26042414
v -22110.60084025 -42821.59089788 72307.41821862
v -20970.02502173 -39996.62550032 81405.44275424
v -22322.81910208 -39138.66100540 81013.25127080
v -21607.38485115 -38209.31427768 56243.54557618
v -22173.19844689 -36797.50567149 55039.22694711
v -21503.34855856 -39124.03990407 57304.76570274
v -21607.11730470 -39191.18385154 58970.72188584
v -21316.06526926 -38953.96660991 63298.87771482
v -21494.24127692 -38663.61709438 62459.03027494
v -22443.59482768 -39748.73060413 62947.06475125
v -21200.84921183 -38605.03146544 81671.80096172
v -20756.94447158 -37074.17037350 81977.02225995
v -22004.65524448 -34909.51386386 55404.00540192
v -20837.30491416 -37498.87072000 60013.07103137
v -20117.92157239 -36340.71032792 60299.11914663
v -21124.06856706 -38046.31220456 61476.55927160
v -21032.59022716 -35146.29583686 81964.98546964
v -22483.20316036 -33550.29246311 55376.27758382
v -21150.12511439 -33385.67726849 81879.59103613
v -23001.37915490 -32136.38569550 55686.55617473
v -21153.31837915 -31795.19768380 81709.02160369
v -23647.58460140 -31082.03932839 56165.63971184
v -21114.69805497 -30613.50978944 81478.24903057
v -23086.90713389 -30476.57198949 57315.09519003
v -22673.20616024 -29944.67453804 58792.54487106
v -22326.98145265 -29404.24208285 60450.96461445
v -21891.23592088 -28435.21231169 63076.51858547
v -22080.11658145 -28829.83135836 61944.99533580
v -23166.50034901 -28362.63151055 63117.20034230
v -21683.37834833 -29898.86420645 81076.94739568
v -21413.52383748 -28680.45307757 80454.05096597
v -22486.44868971 -28047.66375514 64582.53044530
v -22314.83693141 -27669.68496712 66578.11825788
v -21998.85047668 -27327.72942559 68448.00422293
v -21671.33494502 -26928.24496030 70235.06718736
v -23011.89586351 -26346.71616525 71460.75735257
v -21722.51134542 -27383.63534182 79568.02029212
v -22681.37320915 -26048.31884746 72981.40546743
v -22402.58634126 -25903.07512685 74507.43561760
v -22161.17068001 -25933.19536863 76025.04151043
v -22115.54680857 -26156.54595375 77434.21127692
v -22006.66005795 -26601.16343690 78619.09702133
v -22342.70661645 -49572.80491180 56066.37055090
v -22067.78902746 -49912.00224006 56586.85238104
v -22797.45327561 -48617.23567315 55454.74077939
v -22992.79986659 -48884.08743734 56003.68058985
v -22593.13949205 -49210.73290627 56668.30072358
v -23312.13115616 -46885.24350502 54784.57210894
v -23616.19101601 -47892.32555771 55572.04128983
v -23472.89826927 -48307.90684214 56381.15614333
v -23091.20655369 -48337.09776893 57026.48807786
v -23253.55244151 -47360.94983129 57535.35802125
v -23558.36350688 -45011.26771409 54084.60792979
v -24003.18633454 -45877.16864279 58105.89674724
v -24117.58111696 -43363.67137381 53173.34102326
v -24587.43763861 -44568.65104781 59032.84039871
v -23787.18281705 -43437.18603675 59546.73759362
v -25087.44550227 -43676.61418258 60065.59484835
v -22972.19290515 -42712.78018741 66019.79185724
v -24293.65703155 -43453.11591103 66850.45878265
v -23654.97629411 -43793.38568555 68085.39486559
v -22866.61080820 -43833.39130259 69267.26847986
v -23942.48789528 -43385.36912506 70263.78950920
v -22784.08537566 -43148.95182371 75783.40899290
v -22951.26378850 -43237.21122950 76848.39029039
v -22292.47279544 -43317.45034257 77895.08245752
v -22217.49327420 -42890.47609664 78983.27834682
v -23263.33267325 -42631.30820952 78381.52154560
v -24730.08314981 -40617.19453700 49052.58863848
v -25318.67083102 -40643.32245323 47882.90513122
v -25626.29313111 -41338.87804902 48791.09202259
v -25292.71339964 -41672.13184983 50110.22519538
v -24336.23518600 -40978.68342830 50724.06238959
v -24919.67046711 -42288.84173180 51628.16644785
v -23776.91696995 -41452.96265273 52305.85937923
v -23247.86640004 -41883.70915126 60023.78421803
v -24747.12614670 -42596.70770744 60981.49334015
v -23339.21823908 -41762.33412004 64864.49071827
v -24986.20898939 -42839.20591120 71278.78234971
v -23179.63470590 -42656.62015326 73434.17711460
v -24150.17346357 -42562.82960138 74869.07446442
v -22911.57747192 -42081.14178502 79316.78134166
v -23721.33408098 -42007.96963723 78679.24222693
v -24863.86685688 -39676.00520014 47575.35574379
v -25309.32625715 -39110.91961706 46368.56346546
v -25826.28752005 -40094.63298135 46743.28880357
v -24371.89894627 -39545.12942536 48779.30066597
v -24154.63517149 -39918.32215665 49910.75792522
v -23705.71535227 -39507.75160843 51504.75283466
v -22983.88555189 -40236.88803418 53299.02270017
v -22532.50271244 -40155.30968004 60530.49702679
v -23776.55141508 -41207.23925789 61426.69535636
v -23499.82844332 -40933.63371849 63749.60963180
v -24091.68084672 -42625.55673387 72339.01532094
v -23945.58839423 -41010.08023288 79126.08105004
v -23646.78680346 -39502.29938651 80055.01749301
v -24886.31477618 -38695.66188757 46904.80372150
v -25181.17799751 -38413.88290786 46316.17772653
v -24579.01191634 -38604.91713727 47994.20045935
v -24184.25027714 -38665.46867039 49666.73975357
v -24001.73433453 -38119.51662918 50943.58015444
v -23701.56969615 -38034.62842758 51984.38224111
v -23062.31457763 -38275.17528627 53266.64395515
v -23632.66007093 -37203.59604214 52668.49077598
v -21645.86178992 -38741.34958409 60555.57188337
v -23099.71996935 -40218.12686287 62025.26085498
v -22082.12213709 -39180.24285714 61699.13057793
v -23546.47214573 -40569.24288161 62909.84139806
v -22048.20108166 -37795.59306514 81436.89721162
v -23417.66558598 -37614.70965542 80673.53301321
v -25210.83483133 -37516.52731542 46839.72265720
v -24728.75459911 -37365.02305631 48658.47103859
v -24417.21164177 -37366.17077634 50088.32903653
v -23198.34423395 -36698.31408587 53644.48323068
v -23212.61009091 -35043.65602015 54321.89597470
v -22274.20220719 -36292.87434457 81456.94356419
v -23638.89560776 -35532.03364844 80789.47431082
v -24141.19547449 -32969.58661169 54706.49114350
v -22423.01326101 -34435.35749611 81456.72528106
v -23692.18374504 -33631.33653614 80808.17857299
v -24332.47738247 -31667.26969760 55400.23273857
v -22420.46138226 -32643.49165250 81388.15181104
v -23568.07381410 -31781.94364945 80727.77712267
v -25164.29198505 -30910.59910921 55657.88590294
v -22218.46989176 -31036.45844851 81244.32113270
v -23085.38049914 -29880.05971247 80503.71750697
v -24605.80104603 -30417.67612356 56736.98922475
v -24252.38034307 -29937.65356463 58229.86264388
v -24077.34749269 -29433.89294445 60011.20632617
v -23715.14342249 -28872.86686767 61701.12927588
v -24848.80372067 -28457.20638831 63175.84960935
v -23054.12683282 -28219.42383917 79823.31203802
v -24354.79456938 -27994.63658158 64554.43732245
v -24133.24230306 -27579.86087733 66261.61107328
v -23873.96821543 -27151.13883910 68144.43188033
v -23453.68925297 -26732.94114342 69889.20318477
v -24737.62645424 -26309.84179608 71323.04410913
v -22988.96281858 -27172.73094096 79133.34721882
v -24320.21679868 -26017.76472393 72718.90325195
v -23989.69504289 -25853.42898826 74153.11936810
v -23754.93322534 -25891.70000661 75598.31858995
v -23428.02345639 -26064.44405936 76831.79720726
v -23706.56925584 -26643.67801955 78069.35684765
v -24426.42714181 -46732.71113095 55096.09291870
v -24493.51376455 -47144.92246560 56069.06687124
v -23844.48301439 -47616.98252287 56877.41215924
v -25064.82707584 -45169.19552283 54127.61545237
v -25477.78494510 -46062.67137795 55307.29561700
v -25541.43424286 -46246.01882031 56236.91867443
v -26153.27975738 -45698.86065602 56896.74828361
v -24786.39601563 -46496.53175589 57166.86161302
v -25912.03735499 -43434.45746023 52629.77481309
v -26097.82520447 -45124.40138301 58265.37624214
v -26011.77781499 -44255.27632634 59652.77986595
v -26428.64512793 -43555.58008794 60968.32339382
v -24752.00226880 -42868.63290611 65595.50869613
v -26097.37507139 -43515.05669965 66471.39410067
v -25605.91464593 -43698.81482522 67817.81282570
v -24836.36275416 -43639.25938892 69108.81951392
v -25941.37378978 -43162.75549768 70172.38556325
v -23942.15852991 -42708.97416254 76428.47632446
v -23471.89447812 -42877.61831796 77460.52565998
v -26149.10135351 -41015.79338428 47702.86158405
v -26630.92545750 -41582.22717396 48685.66754853
v -26210.92864142 -41878.79881936 49651.13994994
v -26453.56268867 -42404.84300790 51002.88938036
v -26005.07237099 -42796.71694513 62261.72129159
v -24906.76356022 -41853.63903755 62412.31502580
v -25811.21435883 -42394.81041945 63082.45727866
v -25096.24820523 -42192.79151794 64173.39218238
v -26854.93526933 -42557.11209077 71228.93723058
v -25172.70930631 -42281.26109633 73492.84723196
v -26050.43448688 -41915.63608309 74659.05362655
v -25349.09925466 -41951.21835239 75993.47816687
v -26313.31297080 -40783.42294304 76810.37869093
v -24490.42640620 -41894.20288201 77667.20233969
v -26047.29714195 -39252.94324065 45817.40812728
v -26717.58542665 -38747.37490935 45208.14453489
v -27069.88651476 -39723.96269478 45850.97071753
v -26806.49627013 -40604.64954634 46880.15019696
v -24000.18327272 -40964.80428210 62428.50957226
v -25274.27803149 -42003.63913379 63321.47181965
v -24443.71943831 -41363.86945332 63200.00778376
v -26025.12911049 -42304.60517647 72319.08890064
v -25358.21311310 -40388.69236363 78214.70857954
v -24758.43842898 -39684.07214556 79173.08314281
v -25813.50046746 -38926.64818422 78605.17352604
v -25868.06304352 -38212.21368776 45671.73477175
v -27205.08036987 -37477.06450113 44639.75305263
v -24250.74318690 -36833.03362720 51460.74764680
v -24811.91445767 -38265.92939428 79602.30925534
v -26152.15500669 -37104.87273757 78884.79295426
v -26225.50766309 -36666.59163024 45503.16067966
v -25845.06972748 -35833.21086422 46575.91145638
v -26549.12998462 -35189.15288521 45493.56529538
v -25318.28966058 -36235.29237120 47872.14141888
v -25198.35128012 -35710.32157263 49765.50351004
v -24924.16801482 -35176.36615203 51812.01287982
v -23991.51744006 -35912.20323669 52882.94543764
v -24834.73386568 -36474.42817461 79941.00313785
v -25845.22226485 -35510.09281287 79381.21576248
v -26311.31337809 -34697.43898559 46409.54052516
v -26817.16923959 -34123.30646135 45745.96544789
v -26015.93161101 -34740.33504440 47789.05976434
v -26388.95161657 -33650.43766584 49479.42689525
v -25822.87100806 -34123.29636008 51097.96176557
v -25523.36325558 -33982.91727618 52329.07890876
v -24724.64995311 -34186.35009969 53319.25147471
v -25771.51747663 -33161.04356948 53179.09784197
v -24877.15745053 -34654.23843322 80088.17895528
v -26066.40912227 -33929.07636599 79336.08689325
v -26737.47005823 -33712.37002720 46744.21995148
v -26724.17575311 -33389.12621459 47946.98298033
v -25486.12938867 -32716.06149913 54034.46838320
v -26048.20358422 -31429.05164264 55046.04464973
v -24899.31833743 -32814.33970512 80070.79685054
v -26115.97559126 -32056.49511887 79276.37159005
v -26560.72867671 -30764.77190435 54951.06425240
v -24765.54828640 -30942.61974887 79943.78666528
v -26022.90159633 -30229.07381078 79112.77514527
v -26140.66339534 -30451.88346631 55924.27500435
v -25788.04167516 -30145.26249316 57460.19891835
v -25733.72197251 -29720.68589689 59374.81027572
v -26171.08899947 -29161.37173519 61781.78616054
v -26275.74588576 -28517.06958913 63645.07084705
v -24569.18814852 -29186.87400785 79611.13046812
v -25820.07858755 -28616.41525084 78756.22188430
v -25668.40521847 -28141.57869348 64436.62307494
v -26080.26943376 -27759.52809657 65986.08115832
v -25900.01078153 -27248.45774310 67946.24277815
v -25607.13485007 -26720.74232604 69947.35903077
v -26167.98959962 -26346.47754083 71482.56571492
v -24328.09930974 -27745.15226122 79014.39793647
v -25521.61472685 -27350.22194638 78071.62994069
v -25910.74779655 -26124.71081615 72567.89373519
v -25638.82708005 -25995.03753057 73931.06986785
v -25159.38430219 -25979.45020581 75165.15252302
v -25354.79690469 -26434.11743658 76689.18839941
v -26497.08066397 -45118.29872622 54796.48371003
v -26593.15373507 -45471.09903111 55866.48594632
v -27127.97309169 -44107.24954849 53773.01755630
v -28043.93572144 -44429.40951713 55218.87814011
v -27608.88311077 -44877.02028590 57000.74309182
v -27706.90351140 -44678.05633542 58311.64914264
v -27946.70960054 -44269.63671875 59815.34699167
v -28038.20188028 -43828.39690424 61580.13029106
v -26369.25497716 -43184.82457532 65162.96964860
v -27565.41600136 -43649.24460067 65920.11177636
v -27654.55094116 -43683.29341754 67362.36261970
v -26832.49428296 -43479.13490736 68904.67709168
v -28093.71338947 -42855.96247986 70082.42114855
v -27200.69454379 -41167.37774855 47756.98290588
v -27563.14031421 -41539.39827477 48686.94748124
v -27376.48631971 -41918.58269330 49795.94614385
v -27859.74216258 -42262.08440802 50988.11401695
v -28582.30615221 -41810.55026509 50370.51108127
v -27898.66912988 -42888.55329786 52309.51057332
v -27165.52211913 -43403.63783704 62317.38577850
v -26788.91028189 -43046.17944571 63703.10462045
v -25806.86932776 -42393.50493476 63595.92324500
v -27529.65518841 -43513.19280359 64973.62224885
v -28403.28695202 -42162.98669969 71298.34992974
v -27332.09080030 -41606.04062381 73488.22148413
v -27210.96533501 -41423.79355776 74662.65953704
v -26738.46748987 -41345.86679352 75532.77185773
v -27461.47905821 -40555.23597784 75871.03310545
v -27845.03028056 -38694.68685014 44838.44897812
v -28611.36709777 -39508.64350833 45547.07486707
v -28126.83321873 -40473.90683549 46893.93944991
v -29078.06506971 -42068.30928019 51428.36673854
v -27602.71199626 -41982.67780834 72134.39692856
v -26520.00599950 -39567.24692201 77647.95586790
v -27838.07281092 -39195.17079113 76562.78886406
v -28447.70313835 -37714.37119422 44135.95482946
v -27026.03938781 -38199.81399011 77858.66328925
v -28189.04953480 -37294.47659373 77185.43377317
v -27298.68665550 -35698.85619164 44484.54243986
v -28620.28368350 -36263.07531314 43628.33382353
v -27358.84348033 -36800.20184149 78051.49194851
v -27075.96182532 -35289.03571536 78523.30272209
v -28388.69284291 -34355.57931244 43572.24048977
v -29388.51697916 -33521.95775569 42717.48940527
v -29724.34317644 -34779.79517734 42684.30312183
v -27366.91650165 -34206.40820774 44771.31214246
v -26583.33977707 -32961.84675471 50999.46733621
v -26286.59132986 -32988.43803638 52258.02014502
v -27294.49053146 -33229.98362991 78513.41384052
v -28828.31877724 -33019.01840981 43308.45266563
v -29705.32744991 -32294.59869074 42786.00247455
v -28161.30895652 -33052.71331081 44243.16026086
v -27535.25854259 -32960.02648911 45651.29821557
v -27392.84742782 -32516.98339332 47186.46427137
v -27267.12807123 -32368.88778647 48659.70931513
v -27221.72132756 -32129.20450867 50214.39857909
v -27168.69831417 -31735.62983659 52015.81066268
v -27938.22016106 -30860.06265328 50893.54042366
v -26768.50007025 -31704.24627714 53994.52223313
v -27317.67199897 -31313.49060058 78446.49405544
v -28971.87020056 -31967.90085645 43837.99815770
v -28390.22460916 -31980.62584461 44932.63766159
v -28340.83470933 -31348.85063886 46396.69209039
v -27964.61266060 -31435.31219133 47910.42070734
v -27962.60614134 -30574.79109152 52197.56976093
v -28577.86230282 -29860.64649387 51528.47703286
v -27416.02710757 -30793.64457052 53654.53168695
v -26915.19609575 -30977.09336805 54806.03350633
v -27124.41225458 -30562.25774743 56153.67718609
v -28173.24870636 -30712.74264857 55940.71575609
v -27657.88724285 -30708.97040896 55155.73835805
v -27155.19839132 -30127.42805312 58510.51903058
v -28588.26383581 -30447.07654474 57900.64066227
v -27237.98899786 -29778.88707297 60356.40147601
v -28647.85138754 -30168.62230945 59817.21170601
v -27549.82413239 -29595.70431528 61444.11221422
v -28369.19770175 -29863.75600925 61127.77625877
v -28545.37727011 -29507.36489680 62419.16767441
v -27173.45071444 -29561.48236343 78273.69330102
v -28773.72669566 -29638.09859162 52967.09731204
v -27846.37724114 -30247.39187167 54787.14312882
v -26942.07332826 -28204.34051054 64925.71902534
v -27904.49824040 -28768.84931625 63950.28497750
v -27663.13506408 -27931.38679908 66139.69855267
v -28214.30959116 -28280.31216071 65410.17901489
v -29111.41898169 -28026.98624325 66604.97722369
v -26896.56286327 -28140.16763437 77938.42162680
v -28070.03750089 -27552.52542846 67734.54914892
v -27708.25939311 -27051.81192412 69663.96383017
v -27086.55469433 -26314.17993493 72317.37289727
v -27419.76894924 -26620.44127416 71251.08967454
v -28363.99483070 -26606.98300402 72569.08718950
v -26628.13853542 -27224.28885698 77380.68944418
v -27624.36713881 -27750.55703131 77214.57608192
v -27324.52347961 -27013.56289690 76523.85021223
v -27382.49999173 -26311.89806824 73607.96016162
v -26874.98410310 -26378.32658904 75250.37279643
v -29244.15865937 -43259.61250812 53846.13100149
v -29653.07435760 -43684.68002040 55151.78036780
v -29365.60411680 -44111.68048632 56421.09068949
v -29160.89815006 -44285.19692031 58178.63926155
v -30005.92087802 -44122.09657869 59767.22703605
v -30700.80023356 -43956.66655347 58673.24888237
v -30168.69773338 -44060.40716802 61742.24330711
v -30815.12525079 -44063.40599177 60500.95166753
v -28438.54947036 -43698.42545525 63017.66832582
v -29903.02964145 -43935.56474170 64129.91639788
v -28391.22823515 -43676.81378286 64555.06962510
v -29166.25288839 -43807.83291653 65974.25188920
v -28221.22152890 -43729.76984059 65386.84111752
v -30697.39280283 -43647.33360004 67084.44542258
v -29327.06723227 -43637.78529920 67531.21624924
v -28678.96133234 -43376.07427745 68658.87104045
v -28184.99235444 -41134.42705786 48115.70039966
v -28551.58798552 -41429.11931363 49245.48433978
v -29641.24663968 -42413.27936011 52586.26088890
v -31346.11485229 -43947.57123875 59667.09287854
v -30269.17442065 -43301.41296819 68367.69044197
v -29728.07058368 -42898.42669214 69438.27606571
v -30085.84219491 -42085.16114179 70629.06064690
v -27982.02747777 -40972.51679278 74481.16186565
v -27636.46670240 -40955.46338653 75157.56956225
v -29341.69500712 -38470.24535914 44525.97550668
v -29782.73967370 -39218.57894086 45391.38809651
v -29653.05731666 -39858.69092299 46510.54762721
v -29564.07229543 -40618.08076128 48229.76934291
v -30102.98628520 -41189.43412360 50344.14891887
v -30403.79201536 -41755.10831183 51910.38620216
v -29297.40306974 -41263.12264978 72319.65904489
v -28985.68337022 -40497.44685226 73886.30365128
v -30836.05169790 -39584.88453735 73194.07286957
v -28451.10369362 -40103.07681978 75180.00430573
v -29477.80743963 -37321.49641062 43738.02608504
v -29749.18198486 -39241.08710415 74588.13915685
v -29090.51323883 -38908.17284266 75564.75566436
v -29198.46273953 -37679.31952110 76122.19361047
v -30306.55175590 -36259.66133073 43034.60400366
v -28108.00734045 -35925.10092617 77647.57936282
v -29285.87075818 -35735.53137040 76664.39420894
v -30773.83835433 -33187.53752385 41876.64362017
v -31364.51337367 -35001.16732604 42016.33612342
v -28363.73557852 -34368.24017790 77656.16456904
v -29583.45040851 -33540.25332102 76743.63688532
v -30814.88717633 -31249.38329476 42272.64068810
v -27999.16534469 -31076.99913319 49311.42430434
v -28494.60679244 -32413.84022005 77650.12333413
v -29605.98510484 -31547.90732011 76726.72036973
v -29940.36801699 -30874.74652052 43468.44468958
v -29230.66111768 -30715.88331417 44955.74957980
v -29175.81513714 -30061.89496431 46381.37511457
v -29760.13572823 -29433.65441016 45723.57528409
v -28897.88621310 -29901.68270726 48098.11473349
v -28751.67567435 -29738.79985711 50150.12159509
v -30239.29989749 -30182.88461787 56492.23359320
v -29157.90314547 -30095.28521026 55367.75858148
v -29853.22463190 -30466.08767570 57527.45548941
v -30689.34221305 -30479.36799270 59427.93815385
v -30009.14943210 -30080.20065559 61444.36351392
v -30200.31245920 -29691.83437820 62955.67415361
v -28419.59285681 -30528.82328111 77571.04109192
v -29357.56060083 -29675.46701024 76585.55755717
v -29694.57518231 -28941.89051314 46972.06897918
v -29704.07560459 -28429.97943017 48182.58183081
v -29647.26299274 -28242.95943079 49613.60143821
v -30192.84371386 -27316.39471632 48708.14236356
v -29563.06274817 -28549.59794781 51473.58456542
v -30116.32769430 -28422.24803841 52925.32970054
v -30054.75493972 -29155.09151697 54320.83915001
v -29798.41658281 -29179.22390614 64003.70574661
v -29566.40244480 -28561.56440769 65354.61693464
v -30943.95566071 -28245.53252531 66742.35687496
v -28114.64519121 -28871.94864414 77403.66931490
v -28680.29354741 -27992.05368014 76381.55189764
v -30300.95871259 -26912.18956391 49775.37691612
v -30694.28498336 -26264.46262862 49242.24731358
v -30363.87239452 -27073.25434648 50839.27381896
v -30935.78032684 -27107.47828406 52282.08284608
v -30314.65992953 -27778.60455535 68095.00001303
v -29762.95396806 -27416.05334136 69586.26388993
v -29413.59553434 -27125.50668052 71394.73043048
v -29681.19030779 -27109.34549320 72929.72642013
v -28225.80024994 -27016.51511462 75713.64736026
v -30900.62724542 -25961.83907688 50332.50209467
v -31171.38739368 -26050.34478930 51414.25213565
v -28861.69952135 -26758.20664516 73649.12541262
v -28515.30567298 -26797.08604196 74686.08423772
v -30660.44142669 -43029.68707809 54640.07633859
v -30823.10445780 -43400.68951459 55836.13889701
v -30794.16849990 -43750.88282941 57336.85582952
v -31834.33750736 -44029.60003834 60790.83322778
v -32697.20112504 -44128.40580544 62178.70232659
v -31861.35147761 -44086.07748429 63807.01975960
v -31224.03946825 -43902.72427683 65562.36801261
v -32394.86720547 -43564.42729433 66856.40944017
v -31543.54903907 -42052.44270104 53455.59912210
v -31935.27035354 -42652.25694640 55066.42765395
v -32439.03495782 -43037.47725737 56582.81952399
v -32278.08464902 -43598.35387503 58428.98881313
v -32602.93001567 -43841.07055819 59805.75197724
v -31624.52575894 -43251.83779858 67995.10999722
v -31406.71412461 -42644.60876755 69245.85578005
v -31881.81276141 -41784.32064062 70288.63801303
v -30505.91956217 -38628.61309399 44921.65954453
v -30821.36248001 -39151.64822842 45976.97362725
v -31051.08526803 -39672.34481615 47510.12116903
v -31325.17017010 -40167.72505246 49240.47472471
v -31707.50065118 -40501.86463967 50575.15996858
v -31628.15408937 -41085.00684091 51697.98742780
v -31656.74890403 -40777.63889149 71516.95224375
v -32507.78685947 -39366.46971103 72299.24567200
v -30870.26383457 -37590.53416363 43981.93346874
v -31736.16396182 -38307.21581634 45234.34374204
v -32214.94832508 -38808.24814764 46757.57357393
v -32769.88928460 -39193.72251401 48593.86161759
v -32792.36729666 -39814.67997790 50213.97001159
v -30912.06649128 -38034.15153288 74348.07577629
v -32538.76921109 -37706.38010428 73265.87365727
v -29942.85695826 -38123.67942663 75220.37642542
v -32109.33077057 -36356.05926206 42852.34727725
v -31661.27028062 -36786.26162671 74348.82751613
v -31690.12487044 -35397.66161820 74742.36001926
v -30523.06398425 -36633.50435009 75337.35503373
v -31922.49285224 -33905.19409481 41259.09745211
v -33090.96957997 -33509.49299180 40727.60739958
v -32686.70661486 -34728.67397908 41317.91653944
v -32494.67678795 -35567.16030497 41936.96530783
v -30655.76925533 -34587.97007373 75730.65256577
v -31815.84540123 -33633.28334359 74907.70890423
v -32025.37590919 -32941.14547805 41031.59656399
v -31857.13416398 -31716.71148793 41293.56556498
v -32309.31312432 -30741.03187481 60144.97404135
v -33088.70981948 -30804.25741278 59992.11641190
v -32470.38978122 -30579.57481644 59276.99947950
v -33222.10221587 -30766.00986955 60657.89102966
v -30741.23863215 -32605.09441744 75818.55655199
v -31822.13459496 -31780.12021460 74877.51573940
v -30961.08153517 -29626.79861824 43109.39333381
v -31997.12398869 -29780.80746358 41862.58783990
v -30250.42023394 -29431.15120738 44521.91284261
v -31638.89398210 -29795.97433242 56683.47910274
v -30957.99585725 -29504.82579294 55662.08308693
v -31608.38681790 -30238.00784390 57886.85498318
v -32168.26439829 -30448.18099697 61289.67336996
v -31143.75657657 -29488.12574739 63867.57887704
v -31599.91158162 -29937.69772966 62797.93870155
v -32636.33590969 -29497.32039236 64089.81852129
v -30624.61459579 -30683.22512537 75711.21878054
v -31609.37879942 -30021.00110234 74621.97791852
v -31715.68499763 -28495.65765341 42881.72651720
v -32419.95132221 -28029.29899659 42269.91821046
v -31240.58774909 -27911.75506471 44286.87217045
v -30481.33262608 -28025.59074549 46079.90660175
v -30171.77841632 -27817.19828798 47541.89621041
v -32179.53314298 -28382.34028767 55083.78428527
v -31344.95471925 -27794.18599046 53653.67710598
v -31550.14523415 -28906.18189892 65224.35463002
v -32944.37889485 -28400.17160807 66789.42999281
v -30186.69906785 -28785.28761994 75336.85542064
v -31222.23451103 -28687.32937264 74097.95342334
v -32093.98491501 -27112.33052167 43366.11621261
v -31843.04518634 -26441.61777180 44558.15665348
v -31462.35401300 -26236.31021033 45967.66714535
v -32071.74738128 -25405.60594266 45263.33430427
v -30870.56382914 -26444.34952951 47810.74484110
v -32053.10419640 -26659.39630866 53225.71744521
v -32259.04905340 -27999.38991314 68138.73147748
v -31758.10452074 -27782.36505965 69519.04299281
v -31208.42996782 -27646.46597921 70844.39197078
v -29965.32940768 -27556.14978727 74156.10618577
v -31447.28466797 -28047.69137856 72573.29119022
v -29218.94127959 -27514.06327896 75331.37950331
v -32061.52140944 -24821.68085976 46257.96058691
v -31858.66510749 -24707.91274593 47646.55165160
v -32438.95729539 -23856.35259347 46901.50535901
v -31520.03815344 -25011.94035413 49434.92444458
v -31795.51139076 -24977.31796057 51057.97734665
v -32175.08180330 -25562.98686940 52398.74482933
v -32588.48086802 -23387.68626400 47912.65263929
v -32488.88983007 -23568.33790834 49112.63801934
v -33237.79647827 -22581.85767575 48668.30642356
v -32566.10556144 -23768.60349232 50588.44032500
v -32891.73738428 -24138.98466072 51927.04781842
v -33673.70987716 -22489.77475454 50228.78060588
v -33544.23684039 -23107.95477652 51513.92125751
v -33516.29677756 -43975.80781685 60802.36685791
v -34901.90638527 -44138.08458790 62107.39558077
v -33943.75784324 -44135.76565511 63758.61822138
v -33156.13234787 -43918.41423602 65349.58725259
v -34280.47035350 -43424.86631102 66700.15976101
v -32761.73402024 -42100.49622515 54564.01130215
v -33308.33184106 -42292.91422782 55441.63196677
v -33914.95021811 -42550.28691628 56427.51332218
v -34008.37429732 -43035.52042042 57635.78879038
v -34167.62481464 -43595.11196598 59326.92388113
v -33231.01400950 -42811.47427723 68233.97361268
v -32874.29581116 -42073.86367222 69507.97489867
v -34460.98167799 -41746.24097138 69214.31972082
v -32691.32879106 -40365.06186123 51303.83847911
v -33283.42127130 -40784.95294929 52523.29313221
v -34213.01791500 -41467.08212300 54337.62804782
v -34541.37544717 -42063.13660467 55726.89138649
v -33286.20050390 -41156.13316770 70382.76690316
v -33566.77778389 -39952.22294921 71323.08987899
v -33848.76447964 -38597.94010493 72071.18602137
v -32781.41168317 -37358.26379280 44302.54227617
v -33299.99091765 -37994.72612651 45946.36302244
v -33706.94334013 -38387.30860217 47576.64974695
v -34152.05325189 -38583.47089599 48856.25656232
v -34264.10491247 -39034.09412988 50070.37726174
v -34025.14215806 -39831.64144707 51410.97373799
v -34310.19698679 -37094.56656762 72477.37125738
v -33550.40767291 -35511.16604248 41779.91603786
v -34040.81913638 -34583.78618592 40991.66860226
v -35105.32839702 -35412.50419755 41758.02785409
v -34223.86099692 -36385.93640757 43132.15366847
v -33044.63403770 -36007.13750081 42311.67221938
v -34628.46701303 -37263.18579053 45196.78509859
v -34901.98726767 -37758.11435940 46968.46315497
v -35083.15764266 -38109.68838264 48497.60635461
v -32475.98248653 -36090.61427793 73953.60202729
v -33558.38756628 -35856.64342966 73272.94088358
v -34407.70661699 -33603.12418802 40472.02455604
v -32781.36759101 -34652.11255719 74058.25836597
v -33994.89661807 -34080.65525725 73298.63976778
v -32783.42000204 -32263.30927097 40702.62636456
v -34091.13906250 -32210.13801599 40357.45311147
v -33740.69365814 -30756.52976471 60236.80582080
v -33759.71311105 -30475.39764980 59623.13267748
v -34146.97208175 -30608.88029969 60717.02398426
v -32942.15205951 -32889.63450725 74073.95401959
v -34103.24540272 -32265.06766534 73237.01991306
v -33072.21465478 -30801.76608987 40831.21533088
v -34507.86100230 -30227.04448710 40373.42324310
v -32372.80975750 -29168.62831339 56218.04382435
v -32921.10807727 -29540.00317677 57287.09037364
v -33415.53298244 -30028.85169096 58575.56373098
v -33918.40868426 -30408.35190127 61493.43735223
v -33503.37813754 -29983.35913329 62839.05585048
v -34123.66639866 -29464.85570277 64108.86955538
v -32878.23125699 -31118.18891632 73915.68113387
v -33959.56380060 -30602.54314047 72964.40588100
v -33415.96192360 -28512.93168361 41224.19564696
v -34955.11755905 -28168.65587254 40375.08529534
v -33603.19658801 -27399.08385224 55218.43434232
v -32734.01481886 -27083.97303012 54214.80326852
v -34031.60836902 -28283.85508690 56540.30761322
v -34313.71574233 -29207.77737145 57964.16091817
v -33904.11741132 -28911.75594810 65392.05255838
v -34876.49688441 -28399.44974151 66836.49919565
v -32515.34274931 -29527.62951132 73473.70781913
v -33600.28715088 -29235.71399371 72317.00915630
v -34184.91029472 -26315.57065954 41136.28056198
v -35454.37747017 -26094.99987327 40159.44271765
v -33048.59515611 -26240.68127268 42506.55993469
v -32454.20189116 -25546.31944529 44123.52287988
v -33116.63398900 -25882.35634755 53609.93229452
v -34165.54749079 -28171.63135888 68115.23068862
v -33425.65850843 -28043.06075769 69264.99242798
v -33466.45320848 -28339.57495041 70839.27454579
v -34652.64857759 -24772.03295296 40904.12696847
v -33895.96538311 -24114.19459901 42135.58058365
v -34732.46495866 -23004.13258818 41080.40657926
v -33188.63203544 -24077.11928528 43776.76636426
v -32687.41679621 -24025.42131096 45503.22361976
v -33542.96425848 -24636.24989249 53114.25036506
v -34186.79547544 -21913.07215265 42399.70935788
v -34640.81030099 -21244.37536811 41538.95222113
v -33741.94287208 -22534.15875288 43435.39483910
v -33648.09309015 -22067.74284722 45125.63260222
v -33295.51176195 -22539.59792160 47122.94770511
v -34112.57721045 -23421.56226876 52644.25501848
v -34441.40148739 -20107.10165873 42457.56951782
v -34888.59639454 -19833.94708002 41363.42654466
v -34180.52448742 -20585.76447065 43818.62163279
v -34538.99897632 -20016.93277491 45436.88502150
v -34392.23768456 -20863.91382745 46845.23102279
v -34550.79609719 -21288.16522028 48867.06356308
v -35044.28089963 -21487.95809197 50680.73363511
v -34856.87022409 -22289.32801655 51976.72384505
v -34745.36272378 -18553.22094023 42210.13062012
v -35125.85533214 -18335.55024053 41208.85534006
v -34624.96705242 -18747.78292867 43365.37849080
v -34736.66563346 -18953.76415788 44521.58954016
v -35063.45266391 -17396.76976363 41887.14784850
v -35389.10659151 -17162.20250941 41138.91065980
v -35032.30244993 -17299.98305787 42850.05802114
v -35302.39237671 -17364.30124820 44258.72173037
v -35639.36229059 -16072.53099425 41904.00571566
v -35577.28321853 -16203.18364159 43354.92446982
v -35004.66498780 -43912.87914704 60601.90286836
v -35847.91948536 -43649.44496413 59760.45807977
v -36636.46398723 -43979.33669203 61069.64677538
v -36638.94167210 -44179.64375633 62557.73143683
v -35879.78058812 -44140.03938537 63749.31942960
v -35099.12877937 -43890.02074387 65215.87685116
v -36231.56698755 -43318.14743080 66428.26735143
v -35264.51721696 -42425.79028461 56780.39716471
v -36010.54718666 -43055.64634863 58314.24173579
v -35410.53336905 -42561.93626845 67844.37229312
v -36680.74735719 -41210.54224783 68824.80319614
v -35533.16666095 -40123.02844709 52858.98569122
v -36663.93569907 -40824.28026663 54469.48421134
v -35968.64679488 -41712.60289079 55666.50928646
v -35170.39129903 -40317.97091140 70250.25949673
v -34841.93572079 -39175.86689805 71235.89465423
v -36325.76321148 -38726.83700906 70715.15984598
v -35065.87519120 -38429.50896389 49539.68158769
v -35555.63484623 -38603.71627173 50386.13399959
v -35554.07964433 -39159.68960298 51359.71230320
v -35224.29243867 -37974.92226380 71662.70672979
v -36417.77095208 -37150.87150779 71336.44826791
v -35633.13446249 -34281.67351458 40788.10462284
v -36839.44396257 -35153.72482535 41678.12058707
v -36540.71439196 -35998.65384412 42996.46477894
v -36360.49940557 -36709.18459754 44708.04087633
v -36428.42702651 -37244.08957061 46551.06511797
v -36479.80982212 -37667.13793299 48268.88789170
v -36366.89689394 -38142.74720871 49807.81969685
v -35470.38963038 -36766.49360128 71974.45680058
v -35065.70394057 -35421.95696817 72482.22965990
v -35298.28683419 -33057.53767832 40292.51178965
v -35279.13435558 -33461.42521237 72548.53256662
v -35640.42543352 -31683.12461507 40170.97387150
v -34476.25975427 -30403.79417652 60204.06331464
v -35274.83198090 -31697.41066505 72429.40422050
v -36015.24338597 -29834.00321876 40093.51511450
v -35292.40923329 -30021.58712539 60991.98310508
v -35311.05106139 -29496.61153335 59505.33351320
v -35067.79250547 -29903.53386082 62365.60598929
v -34914.32356158 -29619.94114624 63455.21860753
v -36123.05968519 -29339.33974537 63253.01898448
v -35052.02190143 -30226.16593233 72111.16776988
v -36367.24678904 -27958.38293660 39914.17705815
v -34004.54025043 -26270.96770020 54637.00952614
v -34918.15793530 -26700.12108984 55758.32170644
v -35963.09456134 -27054.73695070 56987.34005588
v -35710.56254921 -28232.02342384 58036.57257051
v -35575.93292999 -29048.66374320 64547.65986614
v -35588.53583808 -28617.55642055 65825.13630133
v -36567.77002540 -28314.47532992 66688.20826002
v -34814.69739162 -29269.79029874 71544.27336656
v -35925.70875452 -29927.33681807 71406.42353561
v -35743.79552936 -29130.12979903 70690.52045361
v -36727.55995828 -26425.97311286 39551.38023211
v -34189.76656000 -25185.69159514 54064.52135838
v -35338.76303458 -25192.67399131 55023.02613129
v -36393.13076647 -25665.57227631 56233.41778621
v -36054.93175092 -28258.72941005 67931.06590084
v -35382.75497425 -28407.88187405 69405.73184209
v -35291.14772740 -24346.04136724 40290.53775219
v -36318.00130644 -24627.03461486 39468.71910410
v -34927.31685406 -23996.34199833 53882.85762488
v -36227.37146551 -23852.84341456 54852.98471274
v -36617.29904526 -24561.11990047 55659.63656165
v -35548.10895875 -23225.21103421 40075.43488579
v -35352.37697970 -21466.27638370 40400.06313559
v -35204.18945876 -22909.72617530 53218.10238677
v -35974.39529406 -23069.99148920 54048.90230621
v -35537.23240676 -19537.22266638 40275.02582224
v -35209.43655910 -19505.49225633 46653.94991146
v -35474.01831076 -19919.69875281 47955.06477780
v -35842.78994232 -20167.73556936 49174.94090500
v -35945.37781938 -20618.09522249 50290.41278046
v -36496.37966113 -21083.32973564 51981.90441352
v -36319.31939748 -22133.94291895 53350.09574707
v -35705.30848177 -17933.08769347 40225.34738074
v -36380.28921514 -18497.16675252 47437.57842271
v -35497.45261841 -18302.91109322 45729.46041670
v -36693.61696808 -19243.29938370 48931.96877276
v -35937.71358034 -16509.58998887 40354.03355890
v -36070.33785330 -16842.30146939 45388.44395771
v -36924.32935236 -14919.53799066 39204.84054109
v -37559.43851780 -14471.14288874 38433.53935831
v -37153.01339091 -15446.44050012 38334.86449313
v -36594.36262969 -15944.72719922 39205.59670470
v -36458.38267160 -15060.47774541 40496.09241740
v -36393.36595620 -14695.45138591 41919.05677628
v -36227.86849307 -15057.94320791 43142.43445165
v -36261.04581581 -15720.43785398 44540.08060284
v -37316.58622623 -14041.14714665 39755.79614481
v -37141.81963993 -13861.24590020 41276.98222177
v -37069.24481212 -13919.45109527 42826.29231553
v -37070.85572227 -14348.40981963 44268.72102959
v -37427.43368088 -43513.86537864 59594.88081117
v -38506.29837797 -43853.15261665 60789.97046183
v -38068.57592475 -44081.61202056 62180.31122445
v -37626.35675750 -44067.66456341 63629.95802411
v -36947.06052749 -43826.04603150 65037.04430498
v -38025.99080932 -43230.87659006 66039.76330860
v -37107.13457234 -42237.89323675 56957.08876176
v -38214.68175901 -42841.83467178 58275.81473340
v -37435.86602862 -42420.29270882 67342.47693178
v -38548.73480175 -41360.19577245 67944.66203459
v -37527.58530702 -39958.69217633 53546.61254391
v -38686.14459955 -40437.45384675 54636.46269045
v -37946.07280524 -41373.73899793 55761.02330988
v -36933.04893296 -39833.50150473 69797.58210665
v -38698.66827347 -39759.25722226 68992.38052764
v -36541.96425250 -38600.99261629 51008.50655035
v -37346.74482707 -39125.20743798 52244.46219172
v -37729.87738024 -38844.89598435 69989.25797683
v -37830.94243144 -37384.63438150 70505.57237759
v -37075.78922752 -34327.93303140 40938.03449595
v -38195.91592313 -34670.20232443 41557.72890108
v -38554.99673343 -35503.56135339 42843.58305964
v -38340.18694794 -36257.59909982 44524.03466121
v -38224.99795778 -36809.40382012 46319.82464838
v -38182.27344286 -37264.33818928 48110.11584002
v -38062.34710012 -37745.64977270 49736.80354233
v -37830.75290467 -38316.83858495 51075.13512066
v -36170.42381026 -35976.96558246 71795.45790987
v -37281.57610636 -35803.68150976 71205.67790100
v -36745.16789856 -33107.54424384 40465.04386485
v -37926.79219435 -33809.24217503 40922.68187752
v -36396.55079972 -34592.99297701 71861.10382746
v -37721.41317404 -34045.56207385 71156.73147333
v -37203.07478977 -31308.97842604 40310.08084448
v -36531.78821634 -32819.23103573 71816.29479494
v -37763.23578135 -32156.26116331 71029.74991254
v -37504.09483584 -29443.41770359 40136.28110570
v -36083.37558276 -29558.24847241 60508.39680632
v -36526.65963617 -29421.90936309 61141.96006329
v -36376.80917468 -29469.57645945 62062.77405766
v -37243.70170024 -28903.98240426 62884.04812256
v -36377.71431251 -31129.58989678 71638.80203386
v -37329.83720023 -30323.88260615 70703.19733658
v -37726.05185873 -27639.27100181 39715.50187484
v -36954.98380357 -27162.97857779 58024.93969330
v -37401.81257397 -27734.15861942 59353.01344992
v -36899.82775651 -28900.92855996 60482.47656968
v -37220.00398142 -28676.66942659 64098.14623137
v -36943.94580465 -28477.34830515 65462.94258388
v -37990.49639047 -28180.42689571 66334.06424364
v -37219.18910164 -29113.93094812 69807.31325193
v -37951.81982354 -25685.44167168 38839.61763063
v -37895.82051242 -26602.01819147 58422.26297809
v -37534.76939845 -25927.30203954 57445.93273068
v -37856.64737153 -28236.12047299 67494.12930756
v -37375.30775194 -28505.73707128 68734.89508106
v -37889.42496035 -23163.64415694 37397.54478696
v -38760.38284305 -22909.68710604 36370.64777784
v -38490.63411939 -23825.44113290 37035.68837665
v -38229.53422757 -24426.86931307 37707.26514401
v -37250.07630953 -23815.01543185 38431.15115631
v -37231.47409514 -23699.48012344 55566.97103088
v -37821.76656996 -24343.48010927 56533.79946983
v -37800.00026231 -21588.70906109 37059.44251122
v -38622.04466602 -21051.89410912 35890.87042253
v -37039.09287948 -22086.01787953 38198.71535042
v -36257.60924669 -22682.97395516 39273.89491379
v -38167.58793598 -23096.21952629 55907.90455594
v -37267.01544232 -22691.85810799 54760.93531058
v -37741.61712381 -19810.23720949 36840.84709855
v -38523.69554071 -19185.32573209 35692.87713925
v -36985.27316877 -20316.89332138 38038.91476596
v -36211.90839210 -20843.46765270 39215.64734247
v -36718.70585445 -19815.92287617 49958.13599298
v -37248.76979775 -20030.47128345 51130.09650300
v -38001.62979146 -20220.75612178 52427.84758781
v -38256.34126212 -21092.41352710 53932.43421407
v -37746.52762112 -18128.74964898 36746.79768926
v -38378.74132134 -17685.34857155 35816.42231076
v -37016.49178501 -18552.57961533 37934.08208985
v -36271.05832095 -19057.85662014 39139.11754130
v -36637.99907078 -17170.72638247 46515.22116847
v -37392.24424191 -17322.17656996 47626.14599193
v -37854.53422190 -17958.75632335 48893.41741782
v -37934.05043175 -18993.52702381 50381.58392530
v -38438.65663163 -19460.32540344 51786.95507066
v -37901.24786947 -16845.31867834 36625.57989837
v -37185.46680984 -16775.15320165 37848.03802656
v -37882.28273031 -15422.22069307 37182.22170487
v -36394.14154273 -17400.87213441 39116.97905358
v -36927.99148219 -15921.52412616 45912.45150364
v -37661.71053334 -16220.84737039 47117.15052376
v -38322.83863865 -13997.69555962 37565.27869758
v -37198.62101065 -14891.29032589 45379.18678729
v -37919.44977619 -14953.72384273 46532.47930070
v -38246.40676560 -13336.83737448 38868.37232307
v -38129.87189960 -13009.21931181 40533.62433254
v -38082.83073492 -12923.27325226 42313.16155463
v -38077.70136258 -13167.75855004 44089.38519413
v -38054.03989530 -13860.42956871 45579.58301144
v -39252.51896626 -43366.90845929 59540.25013156
v -40060.19682051 -43683.95931079 60723.64590730
v -39409.87267063 -43934.77413561 61773.53796668
v -39412.98233524 -43839.51735211 63234.81469545
v -38603.32407719 -43672.24004569 64790.59948169
v -39139.70521543 -43212.16048999 65616.12088117
v -39145.22105922 -41997.00873749 57047.07254856
v -40203.10502579 -42643.19146044 58390.99454807
v -39556.80640702 -42336.83746234 66517.08331899
v -40281.46380443 -40701.65183531 67655.57634318
v -39284.37529998 -39420.88907364 53455.78223191
v -40559.21649771 -40042.62265479 54725.62544963
v -39987.71012449 -41027.42707180 55858.77883591
v -40241.10485856 -39453.58323576 68457.28056144
v -38982.84197653 -38647.90770638 52200.59779959
v -38773.93620691 -38252.26104800 69735.44797981
v -40289.18398791 -37946.96415273 69053.60752823
v -39557.71732515 -34712.22055923 42247.76934389
v -40086.42020867 -35218.16158832 43140.18349910
v -40376.50519322 -35686.95386428 44494.72706920
v -40139.88512388 -36347.46004047 46240.68440283
v -40065.49855001 -36851.77010511 48050.03299782
v -39933.43737347 -37388.67314727 49799.58060841
v -39573.46258438 -38017.75598822 51251.98555754
v -39197.87295176 -37105.04504902 69917.94155607
v -38848.42051625 -35532.90523910 70410.35785323
v -38357.31588363 -32609.92816462 40837.51232560
v -39146.71076176 -33758.53073347 41473.91355973
v -39121.20632456 -33398.92263334 70398.14706693
v -38920.65893510 -30800.94699033 40861.23136556
v -40062.80405082 -32378.46128277 41663.37631243
v -39084.03988664 -31442.82517412 70155.10008215
v -38881.31869974 -28877.62316123 40443.60719265
v -40354.01605235 -30969.11029767 41719.42374790
v -40086.04943963 -29707.04945285 41416.08583156
v -41088.25455043 -30280.30347073 42235.51284586
v -37562.50159054 -28700.98086051 61751.38391083
v -38747.61438634 -29878.88201206 69722.64685271
v -39119.03990869 -27230.91727714 39789.17834732
v -40127.87704627 -28250.31281781 41009.59524185
v -41344.94008699 -28978.12248093 42355.14894124
v -38020.74385016 -28015.17548984 60776.06706990
v -38708.39586407 -27699.58124107 61759.10626602
v -38581.43714840 -28021.99123577 63228.13808656
v -38556.12409819 -28068.42120179 65090.61345514
v -40343.85385676 -29059.23794815 68386.19476019
v -40075.11409713 -28476.86460077 67822.11840659
v -39102.73620514 -28578.28875850 68245.92866509
v -38432.75559464 -28994.32817018 69165.33131420
v -39489.24243724 -29327.69992781 68988.25357861
v -39273.69854285 -24480.94426484 37010.48312249
v -40332.64110999 -24426.44780488 36273.95416537
v -40302.27876894 -25003.91476994 37185.58637653
v -39788.32291576 -25765.87062654 38548.20007458
v -38765.41133886 -25166.64352216 37957.76610707
v -40540.31797497 -26938.81362691 40396.69220119
v -41167.25568855 -27696.55423040 41704.94778150
v -38523.49372742 -25757.60360679 58267.23159873
v -38748.86127923 -26250.10673005 59150.08692986
v -39125.27921850 -26753.06141019 60631.19018146
v -39895.19324516 -26785.70534432 62443.21514855
v -40482.68334411 -27096.62500166 64496.87389940
v -39912.38185880 -28013.62006100 66750.11636139
v -39954.04904316 -23567.26746773 35704.66402320
v -40739.90363727 -22948.29848267 34694.02899923
v -41332.77805188 -23861.35699077 35353.05570733
v -39261.23374267 -25230.33353337 58678.75578655
v -38862.18928133 -24691.71408562 57764.24597751
v -39677.66109249 -22177.36887137 35146.02381677
v -40828.30899660 -21761.41242593 34078.72207629
v -38679.31904087 -22104.29779995 55471.98071544
v -39745.18200316 -22729.08923998 57123.66070625
v -39561.93607776 -20391.39769873 34739.18094695
v -40692.01171146 -19969.67847402 33591.74023967
v -39809.08283535 -20178.94319372 54498.01525513
v -39538.57591021 -19460.22261900 53283.36829771
v -39862.83840257 -21022.78408517 55563.04239015
v -39410.13517027 -17960.70657199 34533.89446497
v -40643.40660125 -18145.48789370 33016.25744592
v -38352.17775322 -16644.83952175 48321.03930770
v -38951.50780443 -16981.39838366 49398.67757608
v -39087.68752743 -17726.63634505 50382.43382236
v -39361.99816797 -18495.17038289 51738.87812715
v -40139.17612425 -16116.27926300 33393.37931691
v -41082.66647001 -15532.12077303 32117.92714914
v -40968.10477999 -17017.18083411 32348.79951444
v -39283.89035768 -15790.80118466 34759.83220078
v -38571.95202255 -16329.04086235 35770.44264817
v -38693.27188860 -15312.86873622 47872.35940233
v -39351.50237289 -15846.82691362 49144.89686939
v -40445.79927768 -14142.98858042 33014.95914030
v -41377.81522093 -13713.90523460 31892.15026646
v -39739.02380366 -14249.03503390 34354.90928104
v -38944.11064283 -14363.81296881 36035.58482629
v -39078.55888490 -13745.03343073 47285.79454404
v -39699.18946682 -14452.45578394 48831.02320662
v -40819.66173604 -12509.52641769 32832.50621059
v -41709.09540695 -12039.90500006 31906.82084022
v -40226.59086012 -12871.64237936 33852.28494748
v -40001.74002034 -12375.32322609 35418.83211332
v -39348.80611604 -12603.24036042 37575.13934868
v -39259.39661266 -12183.69475987 39662.12013393
v -39205.81325535 -12032.28186307 41577.92835168
v -39355.77855625 -11939.18530071 43702.47820957
v -39275.88198305 -12470.76872696 45834.55645945
v -39910.26962215 -12433.28948759 47529.42512900
v -40171.74182951 -13067.69731357 48701.25292924
v -41255.56085601 -11252.89615603 32768.53156489
v -42202.66547955 -10533.66447139 32219.05112329
v -40774.31660601 -11310.53710023 33946.92687138
v -41117.60909194 -10455.03439738 35589.28843498
v -40571.53310279 -11119.97226435 36963.11436558
v -40586.82111139 -11105.41435718 38859.75172113
v -40388.36009863 -11205.52411934 40806.22539103
v -40374.22275590 -11150.99233410 42605.89622592
v -40557.28804765 -10986.62910294 44083.50820042
v -40386.16426146 -11218.65442460 45440.00138333
v -41499.27710146 -10396.54070821 45097.74010404
v -40517.66979893 -11446.57980760 47116.41958647
v -40790.31501716 -11837.27490162 48602.74336876
v -41560.33055122 -10218.31260341 33295.05711824
v -41422.72374479 -10006.88340150 34332.66592585
v -41571.53848496 -10480.27817426 46756.81794067
v -41651.51967075 -10793.11808345 48439.90235174
v -40883.56258922 -43196.84678104 59689.77087307
v -41231.79150707 -43465.42842354 60742.64432820
v -40771.86549977 -43657.35196262 61956.07742431
v -40872.87720830 -43471.00234958 63307.13436307
v -41850.57718270 -43236.23788541 62558.91460539
v -40181.70292467 -43198.59649515 64753.58092341
v -41251.68725875 -41675.31121570 57199.04720204
v -42230.56481090 -42390.77504596 58828.86073882
v -41828.28079559 -42881.13070135 63826.66166137
v -41481.74367296 -42258.86278621 65462.40592023
v -41081.43801221 -41604.52169540 66584.44159689
v -41857.92672985 -41602.41124309 66150.67811807
v -40943.86175939 -39289.66206539 53891.17543948
v -42088.99594964 -39522.65030999 54614.49073268
v -42173.18761320 -40497.16473508 55876.06054090
v -42084.10478200 -40727.16032126 66650.56045416
v -41634.34752548 -39181.35986515 67831.97794211
v -40713.35537489 -38591.96497245 52803.36966503
v -41880.68277278 -38901.58255846 53747.33189001
v -42165.34468726 -37300.90163079 68285.99038102
v -40640.02797221 -34662.90924345 42821.89110961
v -41258.36101748 -34946.06447344 43739.66056233
v -42433.83502309 -35039.24494876 45195.88492195
v -41875.24251339 -35813.59765454 46256.86896402
v -42067.13410816 -36316.79232633 48034.44744780
v -41904.83298227 -36930.55523323 49843.56053865
v -41761.12258987 -37710.47381033 51688.91684910
v -40049.20447424 -36255.30202273 69683.11147895
v -41317.69091270 -35950.63576321 69062.04894443
v -40596.07888649 -33772.27085146 42275.48520297
v -41558.99035251 -34154.21417061 43148.83815159
v -42344.95187310 -34328.39352828 44082.15252740
v -40344.04594536 -34638.85212613 69745.02171879
v -41796.40055670 -34015.76115128 69019.82198919
v -41244.51023708 -32800.53543876 42391.67511874
v -40556.88295466 -32660.31355346 69602.04916622
v -42013.83313594 -32088.28603745 68834.50455218
v -41615.24131063 -31575.61273780 42626.95874602
v -42152.11608387 -30180.80993721 43119.24415408
v -40584.17520075 -30503.67256197 69101.57093486
v -42229.96098703 -30646.56932085 68479.67832783
v -42944.06122774 -29125.19343434 43889.07885399
v -42276.17569949 -27707.18756374 43025.97682880
v -43408.32105760 -27850.01924955 44434.02493063
v -40823.17730902 -28559.78994225 67705.65410011
v -41752.84493123 -29351.63436408 68099.72137046
v -41114.27755394 -24651.97159811 36595.77663094
v -41302.96510041 -25178.04935502 37904.80990605
v -41514.47368290 -25902.59185507 39740.31541854
v -41985.58820555 -26671.79320966 41676.32398517
v -42705.25789407 -26789.36693529 43043.67796875
v -43061.47235443 -27120.69696899 43861.57126471
v -39872.44394213 -25275.49197657 59704.28020260
v -40774.36947493 -25282.92221353 61330.04721788
v -41432.33542551 -25747.46365178 63148.40193471
v -42593.83033187 -25966.34603383 64599.32106046
v -42219.93563726 -27193.90754815 65948.82036638
v -41867.34366809 -28266.39413968 67186.54583664
v -42255.28095173 -22908.51101557 33675.00453419
v -42780.73770043 -23527.58391334 34465.49185091
v -42623.15712227 -24249.18078538 36665.54513281
v -42876.51540192 -25005.99087900 39053.15291407
v -43072.79359470 -25652.94395785 41055.71770469
v -43324.72195012 -26155.10413345 42744.50961884
v -43452.62030096 -26567.73460553 43783.21460343
v -39977.54159767 -24148.35412433 58632.71793282
v -41000.56645133 -23937.83601375 59910.44733237
v -41748.16910058 -23963.04984326 61114.87032974
v -42124.97818037 -24463.73504402 62303.01305490
v -42651.81459182 -24935.63744988 63481.78439621
v -42445.45725466 -21768.64943954 33124.21050948
v -40812.14672117 -23075.82744839 58724.15272993
v -41609.11293924 -22765.68043289 59503.76939402
v -41967.99963534 -23110.16814831 60416.73946942
v -41638.18801807 -19574.34275631 32440.49995671
v -40374.75795116 -19528.12406744 54386.77076732
v -40831.86185560 -19776.07822599 55290.12070713
v -41667.71006642 -20330.58930095 57023.23092093
v -41540.03195656 -21899.42112039 58514.54889282
v -41404.04780664 -18143.79517246 32098.60803613
v -41928.75174724 -17106.80174565 31349.26044129
v -42130.91577625 -18794.68483992 31538.11521262
v -39862.07057009 -16445.96038614 50353.06501800
v -40267.24432946 -17153.73117207 51635.35229602
v -40635.95857473 -17931.21601073 53007.42669783
v -41133.96088787 -18638.62722422 54458.93659513
v -41876.19960108 -18935.72347367 55789.54516300
v -42180.37137406 -15104.05817675 31003.17187805
v -40301.89788457 -15028.93843849 50124.99409427
v -40890.47249167 -15637.71131885 51466.73459901
v -41429.21244254 -16403.89702232 52875.33051973
v -42731.96754890 -13061.87280083 30792.73363513
v -40530.29923896 -13770.98468290 49783.10979479
v -41284.34389847 -13925.74369345 51119.56768227
v -41950.32163951 -14714.75265569 52639.03954625
v -42706.04197366 -11416.09873610 31298.75566769
v -41193.85695550 -12520.96427976 50049.34341967
v -41910.72101421 -12633.61808821 51385.93208000
v -42181.14921151 -13325.60046678 52259.23564094
v -43278.84368695 -10419.67825506 31450.69084719
v -41307.14580909 -10234.52213158 36770.38872800
v -41488.35619167 -10209.58123722 37838.69115705
v -41758.86619976 -10165.75924761 39103.05550670
v -41591.63189649 -10390.90529762 40320.92665993
v -41535.22514270 -10446.72812716 41958.60656684
v -41481.28363264 -10426.79076247 43568.17492194
v -42465.42685052 -9882.52351171 44541.29692858
v -41686.51653686 -11330.42793365 49664.80825434
v -42233.37560655 -11580.42658069 50950.21059064
v -42413.92190986 -9518.87292296 32993.75976292
v -43503.87029823 -9371.73483725 32321.84441171
v -42200.06787590 -9265.79289049 33964.91408065
v -42111.47733240 -9277.32212565 35200.83947310
v -42316.26577937 -9358.52701018 36859.58170628
v -42656.01478656 -9455.44954730 38686.00497681
v -42939.02949299 -9659.94518893 46179.08068894
v -42942.48240071 -9851.47442016 48221.35750175
v -42909.16992314 -10441.26064744 50196.63048204
v -43287.70085332 -8718.18887289 33565.17954192
v -43151.10717076 -8521.65071569 34832.40352864
v -41995.49826700 -43062.84386368 60143.82417567
v -42125.72702918 -43181.80181962 61320.55046601
v -43538.12478095 -41175.45336842 57386.81215119
v -44171.31568781 -41819.49945279 58982.77602466
v -43174.96557725 -42565.07807904 60305.14258094
v -43305.52457545 -42459.51730817 62285.40912488
v -42900.22326330 -42075.24913766 64290.38279640
v -42650.41708673 -41504.65644400 65528.86355433
v -43479.99888101 -41436.45741937 64753.49377575
v -43590.62420624 -39551.33942186 55233.08413141
v -43933.01729085 -40238.70486106 56207.47030033
v -43852.54318468 -40453.53725918 65394.29418300
v -43045.95214748 -39540.68890691 66779.37684295
v -44341.27473265 -38819.39543161 66229.41319703
v -42289.38567224 -38362.10473701 53142.19433284
v -43149.56331702 -38799.66942672 54130.49417824
v -43181.04638443 -38209.34533640 67377.08729441
v -44319.23408124 -37255.46708689 66935.53508605
v -42999.53373139 -35394.31560042 46376.07394901
v -43291.71699389 -35677.52923517 47424.95574179
v -43668.42117141 -35987.14879783 48684.69179650
v -43569.73728121 -36398.65762026 49787.62076102
v -43968.76199027 -36981.82999806 51572.88319883
v -43719.71405895 -37927.02379495 53145.09968244
v -43389.57186341 -36869.39465868 67729.34336539
v -42957.10434900 -35431.94753913 68247.45056917
v -41663.27741945 -33403.05228830 42803.60589586
v -42594.13809970 -33361.53889452 43634.13640153
v -43709.70289596 -33776.46180304 45026.46116435
v -44405.96930447 -34767.85353520 46794.08761552
v -44762.33201604 -35484.41104028 48553.36748839
v -43211.92842031 -33333.95916657 68262.29450194
v -42042.04185489 -32689.81005329 42941.08700264
v -42823.95931616 -32193.59622123 43550.60333799
v -43643.23185038 -32693.73764297 44335.96724401
v -43319.07960449 -31524.82758330 68119.37043364
v -43071.47212217 -30180.66973097 43894.32638050
v -42971.41882594 -31044.36945387 43708.92981226
v -44265.89265492 -30459.84749974 44840.86878004
v -43181.31623748 -30000.61205309 67855.27135306
v -44234.14635919 -27709.78748370 45346.61570128
v -44445.72118378 -28728.40460174 45369.31387912
v -44944.56368736 -27904.15894117 46007.12045228
v -42906.20881988 -28893.54991753 67476.27943321
v -44027.23805874 -26990.55779346 44807.74495720
v -44764.37728869 -27298.60991959 45781.09328299
v -43255.21385958 -26440.33650158 65472.67663719
v -43877.59701736 -26978.53170390 65922.40128427
v -43367.47506794 -28018.99658609 66720.87812105
v -44041.38237511 -22612.60812559 31468.55453078
v -44747.74761717 -22193.03945012 30042.88678502
v -45326.66838991 -23068.15486577 30675.48222424
v -43893.00661289 -23126.93510997 32614.76289100
v -43321.62344461 -22822.20982448 32588.61767890
v -44734.42998585 -22893.69953658 33087.45441033
v -43463.88987297 -22972.45544150 33627.50782055
v -43508.41929979 -23456.28184598 35194.19133892
v -44032.04823339 -23643.42362016 36656.66886039
v -44576.06137931 -23992.53871946 38512.24687561
v -44619.45023210 -24763.09697271 40680.83948608
v -44654.19312470 -25406.16036315 42568.40314463
v -44709.02616684 -26098.77156818 44299.19312053
v -42825.61016575 -23052.13618542 61532.06878317
v -43343.73971211 -23867.03758153 62961.68784950
v -43810.81359972 -24770.47051331 64068.10008885
v -44246.22787970 -25878.78783926 65082.16405911
v -43821.29683356 -21529.06525486 30824.89159357
v -44473.43353978 -20947.16106231 29533.74864102
v -43506.91684463 -22268.28445055 32431.38216405
v -43226.03495778 -22690.58702421 33040.39265238
v -44097.06855293 -22763.83911853 34145.93951496
v -44445.45027712 -23148.14400999 35785.41820097
v -42612.13532443 -21916.22459455 59980.98116608
v -43941.29547440 -21594.45222300 61196.19827008
v -44166.82778228 -22636.13494280 62463.81907667
v -44622.76216089 -23573.45628514 63482.65343575
v -43643.94444051 -20227.70606447 30276.21028139
v -44218.74579462 -19377.65566780 29279.63088067
v -42845.64080876 -20440.81642898 31539.65351992
v -42651.64675896 -20738.59913388 58753.60504881
v -43778.99462321 -20471.58539240 59840.88302849
v -45196.73844223 -20280.58777482 60908.36326564
v -45290.73926499 -21503.15489178 62134.59459364
v -45210.59500362 -22559.91132814 63004.00250649
v -43084.71091997 -18594.98717260 30440.84727877
v -44040.72234920 -17574.18416731 29190.03043143
v -41760.40378515 -17231.78924257 54036.29036540
v -42561.98622470 -17483.46838214 55390.53561081
v -42960.20289847 -18446.38396824 56766.20365853
v -43629.96041443 -19237.56465023 58358.87161921
v -44777.68076647 -19329.15170981 59650.83416020
v -43063.77396649 -16488.43525007 30151.22249974
v -44044.16262200 -15802.57394717 29142.61799181
v -42801.25185982 -15604.60843489 54404.17986355
v -43526.42019103 -16330.75525238 55757.41808704
v -43600.04382111 -17184.02090274 56452.86637441
v -43346.89408249 -14730.69640779 29927.62814833
v -44104.40345277 -14645.38944982 29192.25878481
v -43031.11011191 -13430.38231597 53579.27781912
v -43992.14829397 -15305.44881425 55688.66042844
v -44033.15992006 -13998.31123169 55076.21456656
v -45038.10000444 -14589.51379815 56281.54612959
v -44232.12252640 -13333.25423057 29379.91849323
v -44209.86390406 -11219.15643592 30382.34018703
v -42809.83532564 -12129.27811262 52436.29688903
v -43445.00820270 -12216.38619947 53495.68261779
v -44190.63630852 -12348.13509921 54458.92257003
v -45322.60229243 -12996.47015650 55735.68365396
v -44341.20159339 -9822.36046805 31319.87583705
v -42592.42502052 -9702.84304571 39942.48756515
v -42806.61670279 -9704.24743990 41379.46747563
v -42720.13529594 -9793.81315844 43136.92564358
v -43230.95853362 -10988.69701886 51834.84413730
v -43972.37806739 -11264.71615409 53298.91371228
v -44768.46265206 -11299.34647314 54419.80793225
v -45189.90012934 -11808.56233453 55121.63025568
v -45142.74005604 -8840.37106997 32018.86124200
v -43028.69378738 -8620.12220161 35949.12481753
v -43541.25588469 -8436.43301869 36913.41810950
v -43713.03065329 -8611.38051193 38188.29377484
v -44209.81645922 -8760.72836862 40301.91405518
v -44254.93176674 -9035.80947624 42672.43983039
v -43922.42768083 -9226.30834873 44733.03274565
v -44147.43424293 -9100.46305090 46201.38033775
v -44483.86053308 -9003.46754673 47703.04919180
v -44591.82739137 -9254.12951184 50001.92702558
v -44567.77599656 -10043.57343678 52115.42222030
v -45279.50096147 -10534.69376403 53909.94687079
v -44628.10069375 -8319.77984466 33189.38028835
v -44452.17031930 -7951.95554026 34518.34926308
v -44328.60184522 -7909.13589620 36111.31014524
v -45388.21585372 -40946.61668311 58059.43389096
v -45482.02991235 -41411.11620921 59155.46413690
v -44799.84613111 -41874.29772243 60461.05740924
v -44884.46634901 -41688.24679730 61901.40208586
v -45800.98929475 -41335.44884270 61016.46950494
v -44317.70046839 -41388.22136871 63566.88830832
v -44879.10289841 -39565.09889883 55811.65367507
v -45243.23172581 -40195.09800570 56829.03942624
v -45818.25055583 -40893.94195051 62232.65573539
v -45549.11397013 -40091.80867500 63909.74816765
v -45022.47807333 -39521.54617691 65202.29323781
v -45782.11768007 -39162.61321990 64707.85365720
v -45049.22461287 -38575.20210109 54736.63415551
v -46300.38446479 -39128.42789018 56109.36719115
v -45367.15943001 -38724.37987299 65461.73228419
v -45345.29815527 -37627.83382164 65933.47921641
v -44664.54531411 -35941.81732960 49631.07791130
v -45101.50590744 -36238.22158498 50845.34983699
v -45692.90420878 -36564.82238227 52069.36813275
v -45828.46796653 -37273.38516873 53379.66262656
v -44109.41126669 -35984.52006625 67439.07373671
v -45295.40828733 -35798.02766349 66464.14156243
v -45237.77222125 -33592.96783566 46171.74655493
v -46357.69608424 -33921.95880215 47368.38596268
v -46321.46281720 -34767.69336103 48655.65378012
v -46193.92440173 -35565.14465274 50246.93933784
v -46408.29867362 -36064.06634685 51615.57045165
v -44328.29870941 -34457.03742451 67470.03314976
v -45564.89849830 -33633.67738158 66533.29329851
v -43789.55130057 -31737.33451861 44332.41146429
v -45026.78408296 -32277.94430064 45412.48582974
v -44470.22898207 -32536.22155447 67459.21361318
v -45585.32106177 -31642.92051845 66570.47786019
v -45982.15221389 -30956.98441592 45990.54128666
v -44412.23593036 -30739.14011124 67346.95908540
v -45407.02018304 -29802.61914293 66469.91101045
v -45809.87886185 -29739.36918428 46169.39131138
v -45774.81776341 -27444.16452548 46598.56623646
v -45837.72240987 -28539.16009670 46558.49563171
v -46774.35419994 -28105.79197875 47324.41051019
v -44100.41565329 -29184.53392427 67098.04927848
v -44950.01350500 -28034.55790500 66174.58005998
v -45269.46158898 -26693.61611866 45764.02149579
v -46295.80172482 -26699.67329462 46693.00198405
v -46989.16831749 -27217.35705212 47440.38911519
v -44997.94744809 -26739.43323606 65585.85271209
v -45719.15374514 -22622.09460587 29380.56837731
v -46429.50201305 -22324.56205752 28452.79778387
v -46922.96073547 -23135.49274629 29305.48147400
v -46650.83175859 -23466.94609252 30588.62954104
v -45717.50096374 -23315.58428826 31752.87881912
v -46597.34174070 -23116.39035239 32424.83787082
v -45341.61199639 -23088.14410226 37222.89058507
v -46401.15387491 -23091.93457332 38868.12054978
v -46599.11935381 -23761.46917321 40608.08150002
v -46365.51308121 -24589.53571274 42463.53009138
v -46326.10553601 -25257.12671275 44232.45862458
v -46556.75195055 -25976.13661941 45989.01474235
v -47242.01594351 -26471.61824181 47226.14704352
v -45582.36116710 -26010.48462118 64993.44711647
v -45442.74500125 -24722.96486322 64266.00152782
v -45461.59484564 -21677.46320371 28802.21058253
v -46482.98362954 -21103.62485700 27496.14777056
v -45603.28213140 -22590.54403249 34359.96122682
v -47057.95286679 -22506.75305867 33677.59835794
v -45583.64889291 -22589.69600091 35756.86561733
v -46247.80070867 -22445.65466035 37031.31342207
v -46570.11183443 -22559.23593811 37950.09938010
v -45889.43445525 -23278.91796412 63545.71245896
v -45242.81710568 -20220.70124361 28346.39829912
v -46023.88674765 -19364.24110849 27152.38984987
v -46885.29442342 -22102.02011820 35219.39817166
v -46954.25888803 -21991.20311441 36559.03064442
v -47127.61677369 -22093.79724437 37616.16201093
v -45946.10258288 -20639.56094583 61704.15013794
v -46640.16618330 -21125.29212200 62176.80872821
v -46254.08087581 -22183.97889234 62896.51265762
v -45032.73453993 -18484.62142381 28148.22826947
v -45859.49112029 -17597.00608471 26997.81232048
v -44247.62735243 -17595.91985859 57520.47986986
v -45316.96565349 -17997.17271211 58801.87227935
v -46102.68544705 -18922.04014582 60116.55580494
v -46842.96262907 -19948.29457206 61262.01231132
v -44938.58836124 -16656.44254618 28126.95925093
v -45816.69587679 -15749.37808730 27036.05188950
v -44583.95264189 -16141.28668935 56749.16298551
v -45347.10233512 -16756.09472597 57841.68689638
v -46290.08544745 -16815.35875300 58460.23610195
v -46919.03075411 -17675.17101760 59349.52724069
v -44891.00516548 -14779.26733102 28330.97750199
v -45806.58340158 -14236.45067907 27273.12295900
v -46326.74255082 -15449.96432306 57474.91621535
v -46116.64058052 -13946.81340906 56644.54959020
v -45369.12236135 -13191.33978077 28150.27413053
v -45265.28089695 -11853.44205729 28913.60372468
v -45929.23862144 -12107.59420995 27895.79978221
v -46611.00115259 -13012.79695204 56369.41733550
v -47048.75481829 -10878.09985608 27130.99284016
v -47818.13392442 -10496.12274443 26406.51172767
v -47204.34450923 -11414.45741076 26337.47552357
v -46585.21498416 -11772.41946864 27103.54978456
v -46399.05588189 -10886.20830821 28229.88914369
v -45740.73401415 -10572.35909756 29440.13010974
v -46389.58016676 -10271.61166723 28981.33964493
v -46002.53743700 -9515.89765045 30692.21014704
v -45591.86317001 -11097.10742402 54878.98115419
v -46426.23233826 -11827.48614617 55652.77880592
v -47594.62497239 -10055.75671992 27656.33578661
v -47130.74600951 -9882.76627723 28786.17848080
v -46624.46100826 -8445.38665187 31937.66479612
v -44507.81728071 -7959.51456839 37530.97060829
v -45186.91028681 -7843.78391223 38866.12469822
v -46320.27250607 -7552.21982110 40405.79877127
v -46216.08079573 -8072.47813378 42290.29526773
v -45714.28844340 -8500.36500800 44232.07125899
v -45452.66406201 -8612.71371822 46210.10737031
v -45954.57060341 -8409.81355444 47848.66158428
v -47113.85451903 -8059.15099549 47228.51094518
v -45817.69883087 -8513.80901826 49244.74451772
v -45999.93925800 -8587.45875484 50603.25959595
v -45934.57670137 -9002.51797970 51759.89011383
v -46546.18818666 -9616.69871024 53439.85906063
v -46646.30707731 -10620.52378522 54792.67954658
v -46152.20359154 -7947.85585265 33016.90643404
v -45665.59645012 -7625.70237115 34090.76313463
v -46037.40764082 -7186.38428548 35610.90646916
v -45899.04722843 -7202.01094192 37548.86883213
v -46567.53282448 -7054.54288669 39117.55388487
v -47183.79900811 -8065.78486887 48854.62834210
v -47081.89438892 -8205.26838991 50365.97758378
v -46411.20558650 -40790.46040901 58722.56451984
v -46227.18063505 -41133.30312958 59847.63964330
v -47024.51182674 -39798.56735431 57615.10052206
v -47458.54227811 -40194.32841495 59247.65181266
v -46841.14871027 -40570.59333124 60805.25300055
v -47039.72304492 -39697.55316864 62227.27799034
v -46592.04588313 -38927.94255168 63797.53255557
v -47630.73778218 -38350.78216169 62792.36251992
v -47474.64239160 -37781.47705698 55259.69225903
v -47673.90287005 -38685.27636637 56528.11626323
v -47055.21762924 -37601.79130897 64048.76361668
v -47965.59830133 -36931.58100509 63135.03118246
v -46131.06211607 -38185.96034780 64910.46821300
v -46982.93698015 -36407.02707466 52763.30283547
v -47538.15189239 -36834.36216293 53909.59095399
v -47340.54937400 -36139.79837586 64254.44332348
v -48063.92359766 -35689.42071966 63464.22478764
v -46356.04630953 -36722.18949924 65200.23572621
v -46459.16950827 -32936.61243469 46622.96122384
v -47440.40745264 -33240.51643144 47584.55508072
v -48009.95205953 -33812.90675767 48827.77815461
v -48040.96667947 -34744.06269997 50409.13406076
v -47910.26023870 -35630.23082099 52044.46621247
v -47648.15127181 -34928.19590056 64192.36167270
v -47613.11751477 -33524.52477396 64436.98973076
v -46687.97427629 -34775.51438776 65283.26699978
v -46691.97944293 -31864.89741639 46436.02968625
v -46665.10687386 -32637.72894546 65557.28870001
v -47617.06636859 -31668.33042395 64565.38595701
v -46987.46318702 -31049.04098685 46614.80486079
v -46792.78872903 -30363.78131741 46658.53707976
v -47460.78111287 -30624.87694749 47082.73644277
v -46596.20309129 -30687.38955039 65610.51177365
v -47549.69209045 -29756.33515447 64586.97292400
v -47458.23218513 -29519.30683311 47478.33539700
v -47960.35582681 -28027.22928566 48105.08557673
v -46389.03405488 -28832.69026169 65511.93733761
v -47360.86713138 -27867.20311041 64498.35701551
v -48196.18322702 -26904.79206504 48074.55628290
v -46091.55091137 -27165.83419785 65263.32838456
v -46922.25043810 -25908.67028804 64274.58805594
v -47828.08758618 -22412.75161398 27639.70715212
v -48743.52958896 -23369.86176819 28734.46469666
v -48093.92221310 -23581.18194957 30067.83589492
v -47425.67621097 -23447.64150404 31341.77179973
v -48319.96744179 -22960.36853217 32365.22654135
v -47617.34338114 -22892.67454505 39981.22983804
v -48617.10113732 -22960.18205344 41273.97642908
v -48330.63835846 -23731.75039008 42629.41286656
v -47981.98650979 -24475.26800993 44179.76298153
v -48060.82186195 -25097.70892695 45824.78312512
v -48470.19316746 -25876.22054487 47451.79842908
v -46918.22324262 -24139.58692871 63706.09028760
v -47773.29733123 -21096.18142936 26233.99993038
v -48713.29387322 -20992.94066815 25233.52071488
v -49054.51508297 -22004.81808303 26233.02900032
v -49334.40076355 -22070.22531436 33583.79006814
v -48031.00111965 -22109.36665798 38955.95690960
v -48626.57336095 -22393.93886472 40241.00278110
v -46923.85949803 -22963.57846463 63282.71241614
v -47817.84708288 -23441.07703587 63127.48163945
v -47688.51444332 -22147.07768333 62626.23204164
v -47893.28165686 -19570.29088923 24826.77850324
v -48668.39900726 -19390.83746466 23350.22552022
v -49166.37442220 -20435.43213396 24077.00860145
v -46945.94405548 -19991.94885777 26275.96393858
v -48391.02626671 -21672.76530710 34858.67523730
v -48156.98528667 -21451.73470245 36201.74482878
v -48134.69125019 -21547.17953123 37528.27603520
v -47977.24549824 -20788.84638391 61873.10658192
v -48650.53594781 -17986.76964012 21697.19819513
v -48890.86075326 -17484.19386051 20825.93522611
v -49231.10643037 -18522.37953635 20922.70099266
v -48916.23908706 -18909.74159171 22172.95834899
v -48125.27243176 -17939.15651154 23158.62861348
v -47351.49587115 -17830.53505447 24736.39759269
v -46761.38668985 -18542.29168931 25918.92232821
v -48482.57345682 -19709.23028838 61124.20650200
v -47729.93335646 -18690.56398450 60331.82134301
v -48415.71476415 -16927.83386797 21844.73538220
v -48000.79645721 -16451.01175064 22911.26636072
v -47457.12497399 -16266.30085855 24235.09260051
v -47848.31318448 -15490.91299242 23342.69262180
v -46657.29808358 -16757.98499845 25757.46369782
v -48543.57952063 -17533.04010335 59433.57223192
v -47592.61172662 -16470.14216904 58573.64160642
v -47529.34068003 -14808.53021249 24225.95974178
v -46754.24302907 -14582.84579493 25766.96082587
v -47559.25911440 -13410.32004200 24614.46648091
v -48289.63153027 -15282.70311182 57811.32397136
v -47435.52040390 -14020.14201817 57020.78978165
v -47002.71438684 -12591.20334463 25994.04166167
v -47854.93543241 -11574.15933321 25102.02603549
v -46221.34310960 -13039.76601537 27040.00797002
v -47924.95721474 -12689.31490966 56381.39114641
v -48596.10705932 -10083.85957196 25412.41921577
v -46530.62786100 -9863.92135828 29525.99825137
v -48034.82267094 -11315.11191134 55602.81302526
v -48954.42191276 -7454.80756649 16909.47192974
v -49469.51335088 -7507.05594076 16065.47795055
v -49309.04241629 -8485.20403502 16419.34657876
v -49023.84856555 -8507.91432954 17260.65816122
v -48860.49980880 -7455.99467203 17660.88615173
v -48990.63260803 -8127.75981521 18130.83949949
v -49038.45453349 -9224.61731218 26902.58996777
v -48577.68042629 -9172.87380738 28614.73251655
v -47665.59602413 -9200.92601927 29838.43547687
v -48187.98069916 -8414.92949742 31368.64564727
v -47825.10188748 -7444.36438357 42839.33639983
v -47784.89810756 -7083.84200270 41651.01248868
v -47409.96434925 -7819.76203890 43976.40286299
v -47110.10510596 -8039.58242932 45576.12093068
v -48363.66390574 -7670.24499982 46627.63078913
v -46891.55461734 -8450.03591347 51465.59166212
v -47365.62030663 -8744.01300004 52591.46012548
v -48072.85919986 -9178.89837023 53634.11846630
v -48284.56321080 -10086.88883489 54644.84093602
v -49117.47413018 -6424.27029573 16677.68989080
v -49746.01889085 -6271.71531955 15941.42140341
v -48921.91274413 -6531.09044754 17499.79081672
v -49161.64443293 -6830.54360568 18487.71044162
v -47804.83623590 -7722.78827397 32840.79063266
v -47284.19256287 -7132.48613507 34353.76152750
v -47550.45721943 -6556.07726169 35770.30793059
v -48795.92654224 -6328.92073208 35387.19166719
v -47341.16640128 -6427.90099711 36984.42207768
v -47526.08923984 -6353.26068769 38494.83535992
v -48007.91950264 -6411.78956515 40120.86640937
v -48856.37816460 -7660.03303550 48275.55206637
v -48588.20448919 -7907.83401163 50085.38686828
v -48327.41971404 -8266.42690841 51721.30377049
v -48640.64466951 -8706.10111727 53020.99833481
v -49480.68325730 -5569.89080740 16585.76034248
v -50258.78728607 -5153.45148114 16152.21305416
v -49225.45845380 -5616.22845805 17279.20357934
v -49232.13744036 -5811.95572193 18015.83474874
v -48449.82819657 -6015.78192014 36537.00406090
v -48805.74275687 -5616.58764467 37846.94456494
v -48737.51373582 -5672.65297203 39157.22857445
v -49983.13422768 -4858.59904596 17117.86130713
v -49699.70633598 -5102.37791937 17906.12561998
v -48275.61384951 -39405.84739417 58398.65243577
v -48513.14252497 -39435.32163400 59256.25161846
v -48098.67428034 -39528.83287763 60465.11793408
v -48142.52518099 -38813.97247986 61593.75579374
v -48893.51990897 -38356.20447404 60639.45979595
v -48423.79505375 -38043.10877827 56380.66973511
v -48646.16634782 -38506.96038579 57420.38198689
v -48556.71132578 -37614.49175142 61869.27291564
v -49402.27969170 -36881.16571326 60753.92362135
v -48213.73689447 -36210.73793169 53410.32307524
v -48834.34601119 -36577.57750647 54642.53561584
v -49463.26809278 -37083.03749844 56393.47201385
v -48818.53694597 -35836.73395495 62262.04858381
v -49832.36668211 -35052.07090511 60901.42446386
v -47600.84407330 -32381.27343031 47252.17897714
v -48436.19770985 -32776.20097378 48252.41404991
v -49265.93324770 -33034.10816856 49308.64527609
v -49808.68538913 -33671.09803578 50635.22618972
v -49714.07800164 -34725.45135511 52218.70595959
v -49444.13613696 -35640.31580208 53619.39888701
v -49202.11851489 -33876.98718535 62241.27356996
v -50163.63956892 -33100.82359189 61066.21504067
v -48339.42594942 -34446.11458892 63361.87714393
v -47631.36307487 -31425.41247722 47111.77225890
v -48450.08180223 -31714.08412266 47933.54178584
v -49389.07632451 -32029.73199011 48965.23366996
v -49396.54262391 -31943.33981541 62320.06583071
v -50395.44986061 -31117.53232298 61194.79226771
v -48479.66609127 -32712.88005916 63430.87632597
v -48084.57392817 -30790.58266117 47632.66201230
v -49057.94760575 -30622.74865354 48603.96847080
v -49505.62387349 -29963.11015126 62391.04129781
v -50618.81679787 -28977.59773086 61251.58124939
v -48536.78485910 -30808.77616835 63498.29244723
v -49333.75070616 -27645.84617636 48939.08612658
v -49100.87103169 -29047.12111096 48807.98080835
v -50497.34181758 -28650.10729798 49772.78446337
v -49502.13022104 -28031.82027800 62472.16561909
v -50358.30816206 -27216.08999919 61665.17524170
v -48507.07486149 -28874.35154861 63517.17374042
v -49416.00898454 -26552.51220004 48645.53288996
v -50869.27222060 -26966.20778006 49657.18249756
v -49508.37139116 -26232.65439147 62445.76583962
v -50642.90128718 -25547.15976037 61448.39359257
v -48397.19345003 -26943.79387364 63443.43884261
v -49684.42534883 -22958.53128619 27405.63720429
v -50498.44373633 -23540.07924400 28572.62298035
v -49586.67839372 -23664.77889906 29634.78759166
v -49422.36684922 -23453.13008144 30961.89803992
v -50371.13497172 -22741.51748100 32273.68125998
v -49277.68569703 -23133.47757451 42355.89521614
v -50112.62752633 -23074.42087292 43401.25616402
v -49502.32324757 -23772.81897080 44276.03577420
v -49488.00293132 -24272.61313856 45649.79023194
v -49783.29739352 -24848.42331742 47194.22586197
v -50340.25308618 -25651.18714049 48604.56025746
v -49601.02863494 -24786.65965391 62286.60049936
v -49045.73608409 -23320.19853136 62411.95449533
v -48356.45503704 -24928.09738986 63165.54566928
v -49902.34880674 -21522.87031794 24984.15207268
v -50637.27519637 -22470.83985298 26131.77899298
v -50688.90150575 -22060.38561041 33198.87961647
v -49049.29138260 -21972.18229248 40001.29003415
v -49922.52045263 -21967.02174442 41010.21042941
v -50067.57204864 -22547.86291138 42219.20122320
v -49064.44328515 -21672.32565950 61946.09426298
v -50815.02529474 -18665.72240573 17975.35585772
v -51324.07635250 -18099.34924723 16364.15944648
v -52197.85302284 -19459.67523689 17111.26941149
v -51595.87924894 -19758.32044352 18783.21309542
v -50538.08323278 -19150.61152916 19266.49718717
v -51090.24192619 -19949.92814697 20232.86807658
v -50040.11676870 -19202.44604193 20363.29108451
v -50533.74636861 -19971.80034768 21216.40369756
v -49514.10209119 -19935.72280816 22764.52886291
v -50580.46677051 -20937.74654902 23495.34010615
v -49812.75964368 -21274.02394063 34769.73118644
v -51162.22420195 -21359.22404898 34153.85702960
v -49548.12438483 -20964.70155664 35908.74942907
v -49441.85523479 -20899.71010118 37263.32708539
v -49421.60260395 -21142.56849137 38582.12938989
v -49674.01143508 -21463.47056570 39784.90798897
v -49090.65130790 -20554.05402725 61521.41844138
v -50231.62542517 -17162.18875613 17604.17919018
v -50689.19283020 -16677.81104054 16390.89812594
v -49666.33526849 -17804.42084334 19460.93798103
v -49699.66279178 -19500.83185661 21546.07216046
v -51013.06387460 -20679.43083584 35596.57972591
v -50898.54952406 -20410.30402751 37028.90929403
v -50801.09346258 -20489.79530240 38462.51784272
v -49645.08618162 -19924.97458267 60965.17437697
v -49503.66308166 -18785.54994463 60222.77364531
v -50005.22676433 -15461.82981477 17299.83348351
v -50712.85937356 -15314.25181393 15987.03333655
v -49458.76503416 -15764.82339627 18882.43280082
v -48836.38194675 -15993.01494474 20695.00843495
v -48253.43804336 -15572.51744329 22270.16037049
v -50242.60312168 -17554.18157256 59143.11004790
v -49168.47561226 -16412.54245140 58572.57127665
v -49965.57263281 -13638.69017277 17004.42680734
v -50811.17298147 -13479.27039991 15571.69557588
v -49435.90640719 -13832.04633098 18555.26108580
v -48990.09436916 -14032.41470196 20246.16533244
v -48505.63586691 -14159.85886385 21897.77100691
v -47994.44954631 -14350.85312479 23262.85637337
v -49733.65720353 -15531.09303324 57863.69918869
v -49398.39964800 -14134.89546521 57044.92497736
v -49839.59809790 -11656.58940250 16771.30899839
v -50517.17876821 -11284.71400042 15548.87552654
v -49414.81017596 -11842.07104932 18296.00490516
v -49139.31701344 -12051.05812938 19992.28667252
v -48794.81299561 -12289.29839849 21763.84072197
v -48245.59522034 -12707.82622868 23368.15056483
v -49706.72519872 -12334.35269131 56090.38940571
v -49581.54419688 -9816.75815242 16540.83519283
v -50216.08957096 -9166.85512368 15509.83076597
v -49246.43452520 -9743.29898069 17975.70320717
v -49271.47818154 -10026.24475955 19685.39282457
v -49206.02050501 -10263.94855689 21535.77053487
v -48838.93300548 -10583.83942371 23615.89002714
v -49306.20444202 -10990.66301125 55432.38312231
v -50428.76730288 -7439.08589427 15248.87637230
v -49279.26089696 -8214.57462438 19223.02392475
v -49746.77192721 -8107.42740539 21078.77471602
v -49729.70160326 -8659.57980531 23031.35440542
v -49744.78102576 -8726.25753584 25063.67586592
v -50869.02300215 -7897.89501010 26821.94431941
v -50551.46650852 -8300.19023147 28435.95526215
v -49819.46801274 -8422.03638877 30211.60685592
v -50000.13265441 -8017.34062592 31654.97799429
v -48811.48032883 -6828.82403898 42601.54099683
v -48882.70205709 -7110.05824311 43766.92952904
v -48724.94013258 -7422.57355564 45260.72233604
v -49841.96921767 -10365.01913998 54887.49689355
v -49616.11469464 -9407.80496054 53936.45763860
v -50762.46402196 -5956.56079788 15307.27873116
v -49834.84613194 -6639.43544240 19887.90136520
v -50825.08286208 -6127.94889005 21415.25046744
v -50555.05349593 -7076.14138075 22652.68912103
v -50637.07084875 -7416.87509851 24137.77683629
v -50953.44234294 -7446.12164920 25461.36744612
v -49502.83379244 -7632.90209541 32634.72428893
v -49150.87763715 -6970.03919589 33968.04718860
v -50539.43289546 -6133.21970588 35086.09592883
v -50013.65957414 -6278.47823248 43181.72699933
v -49540.15389313 -5978.98082938 41664.15330954
v -50506.09610265 -6532.70656994 44878.42727654
v -50137.10242523 -7150.24164953 46832.18749480
v -50585.30413865 -7372.04905697 48459.10552021
v -50245.68693928 -7699.91286439 49756.47082589
v -50038.21803694 -8081.16116437 51300.27744643
v -49874.19391692 -8593.79389650 52709.74674942
v -51253.93664325 -4792.71361372 15625.45414901
v -50603.20344177 -5453.73856693 20127.60230890
v -49944.85565257 -5456.37038046 18899.76266087
v -49950.32172488 -5455.01685795 36657.28006373
v -50141.99893211 -4887.66884036 37971.43287777
v -51373.64012700 -4496.28862773 37558.16433524
v -49825.10784662 -4965.97380029 38979.89129990
v -49719.33247330 -5287.76622903 40201.48427557
v -51343.01765633 -4040.16718869 16736.77539673
v -50887.78989368 -4314.92356954 18278.25889863
v -51043.21318394 -4304.30158631 38775.59081866
v -50802.63472896 -4494.33270050 39828.76848463
v -49078.06488872 -38670.13426643 58706.61868137
v -48957.48282523 -38865.99849035 59690.19722803
v -49720.06218519 -37466.94309301 58150.88920552
v -49511.41074275 -37817.92526840 59527.38965171
v -50303.99192982 -35863.04839841 55214.37825305
v -50765.20223367 -35936.39486528 56473.38778848
v -50591.92340075 -36189.17851574 57627.84278638
v -51253.75657872 -34891.92321973 58266.21214231
v -50259.99277233 -36133.42700490 59287.91021028
v -50310.68079115 -32459.80166583 50088.03761394
v -51326.51895681 -32685.29138808 51316.35568206
v -51441.23773248 -33645.81252307 52533.11215441
v -51141.99620510 -34679.72567011 54161.10877606
v -50809.59174692 -34159.51232333 59701.66081817
v -51797.91214532 -33225.04661991 58605.28250516
v -50332.50026294 -31188.90973025 49754.70072011
v -51228.87219011 -31653.49228821 50700.91538890
v -51184.63230068 -32242.23731809 59938.92509744
v -52299.19642822 -31294.40695912 58798.98696887
v -50135.61864584 -29939.14400902 49547.06178519
v -51400.01652210 -30123.66153714 50602.31782890
v -51436.99074701 -30334.01340316 60127.32188108
v -52354.12489702 -29402.89923539 59260.21273305
v -51938.36361558 -28252.34486477 50718.51560141
v -51636.15365222 -28812.85643988 60205.27144804
v -51414.33641493 -27248.57765690 60628.82985658
v -52354.65893295 -26807.31577866 50600.41988929
v -51735.69618643 -25560.33012067 60432.38721733
v -51454.16825953 -23196.90052833 27328.83792798
v -52285.73878794 -23579.24808236 28535.33108727
v -51235.79964232 -23619.95196552 29905.49424814
v -51081.25959552 -23303.17671827 31161.91372681
v -52525.76119974 -23311.87375304 30813.96637681
v -50449.99676734 -23312.55975818 44440.11689362
v -50664.40159290 -23504.68113963 45392.62580911
v -51015.34427785 -23866.45813659 46874.42070043
v -51462.61512987 -24486.95585693 48376.59258192
v -52148.08913752 -25459.23376538 49800.04563732
v -50233.31309641 -23984.52679944 61726.77052907
v -51368.75928210 -23796.95984282 60730.62497189
v -51438.12607589 -21925.44926623 24869.71565239
v -52344.48042804 -22697.98052107 26100.52439114
v -51898.35595033 -22892.27368050 31789.62249245
v -52124.00156020 -22094.45599377 32886.39787043
v -50793.22856127 -21977.56249907 42091.38787575
v -51621.59594752 -21977.44112817 43295.97969837
v -51465.32496274 -22715.26581309 44725.17294418
v -52014.96331342 -22921.71249904 46322.26463879
v -52692.68259406 -23196.79402967 48048.50224320
v -52824.51001869 -24097.59703674 49345.52317366
v -50241.83165364 -22547.13524451 61493.49379681
v -51281.16542189 -21704.08281325 60502.51931126
v -52335.70132136 -18906.99743935 15809.97890085
v -53025.80570644 -18651.41306700 15063.28875015
v -53520.43470963 -19583.01462009 15966.14233806
v -53532.24864294 -20160.06690475 17253.68194895
v -53018.96423252 -20315.50032060 18513.49514230
v -52530.21063969 -20520.46305366 20140.72874105
v -51785.55957201 -20762.44639164 21982.67817479
v -50374.36900330 -20251.23223466 22173.72487174
v -52081.77535073 -21496.21805945 23710.11384586
v -53068.82628939 -21150.98197330 34082.84112425
v -50619.39558093 -20808.04030150 39506.64271739
v -51046.52831468 -21047.94918553 40626.72669448
v -51465.42853036 -21398.86423498 41887.88163349
v -50085.25785015 -20999.26076747 61206.76000616
v -50812.14216619 -19907.96469887 60275.30411254
v -52094.69945355 -18167.08566327 15318.64595313
v -51601.33052572 -16922.69047698 15341.63290228
v -52583.05743202 -20558.43771988 35288.33405295
v -52498.86260309 -20115.39586061 36780.58230729
v -52397.04333752 -20001.33421456 38413.33787320
v -52167.69101054 -20302.77447953 40076.13487285
v -50783.91538654 -18661.17225074 59701.82358689
v -51634.41594124 -15334.90109714 14960.73316477
v -50422.29357565 -16428.81344731 58291.94739264
v -51503.16417336 -17248.18969292 58280.13339537
v -51188.93891312 -15621.45507179 57364.85330431
v -51394.43222919 -18217.37020431 59063.58697131
v -51835.16082223 -14197.70600246 14644.29365043
v -52811.88456181 -14102.02278806 14137.73693800
v -52531.30503790 -15253.85822952 14347.14147551
v -51319.37514333 -13839.89757974 56368.02354677
v -51662.63094787 -12715.92686944 14675.81919918
v -52879.34986639 -12390.07267106 14028.33662204
v -51196.90570282 -12515.01999019 55817.06541346
v -52139.99984623 -13195.10700203 55695.95612822
v -51967.59125176 -12082.22115565 55167.02136432
v -51528.47155381 -10812.96995370 14635.00228159
v -52898.58496923 -10498.32894707 13964.61514315
v -50591.63894401 -11383.79568722 55403.49562593
v -51288.59793156 -10517.39815561 54457.49631061
v -51521.62051618 -8900.49607856 14563.98521242
v -52995.26932076 -8590.44752843 13954.39661047
v -51490.14271300 -7758.02247317 27897.25207711
v -52104.72040211 -7656.71254655 28639.06817899
v -52233.37983048 -7821.54710348 30038.38131378
v -50812.00773738 -7627.82311909 32476.77113962
v -51613.94586315 -7825.01300642 31652.67582306
v -51805.89985034 -7427.08257935 32821.23217242
v -51200.03529472 -9289.04971846 53398.01255030
v -51717.60190156 -7109.52481272 14568.12553963
v -53264.91779616 -6708.34600838 14058.46828435
v -51268.08897877 -6109.78518071 22586.09418764
v -51491.51940849 -6273.03818189 23574.09480496
v -51725.95092103 -6548.57189533 24927.06458112
v -52099.02150032 -6793.28245736 26260.45008402
v -52590.04742455 -7093.52844612 27694.82872083
v -50996.16840371 -7000.08304704 33611.77538963
v -52570.42846489 -6042.32504043 34691.59706734
v -50917.94417134 -5429.26927519 42555.13201914
v -51429.77159001 -5602.81350742 43743.16416252
v -52484.81170044 -5619.90367091 45095.61302975
v -51902.39557224 -6408.84117473 46331.46172146
v -52124.67900766 -7054.51218699 47961.71543738
v -51631.38229899 -7555.41519923 49347.62327795
v -51846.41614665 -8112.75479910 50821.01994898
v -51354.32918059 -8571.77189531 52274.48130105
v -52100.33549975 -5434.40370749 14813.98858534
v -53870.15922977 -4697.69649089 14353.42609975
v -51023.98804710 -4662.56705898 19565.57366598
v -51785.85589953 -4721.40527898 20843.76937449
v -52419.79525105 -5108.09113541 22675.74859925
v -52666.37368020 -5588.62742544 24391.16120786
v -52826.92829900 -5973.82608256 25610.64109490
v -51849.88920307 -5110.38833252 36187.71018332
v -53190.13958469 -3971.16611787 37241.72243183
v -52042.92456383 -4807.09726031 42876.65515801
v -51580.21770203 -4513.02664564 41368.47256765
v -52617.78599430 -4954.42122611 43914.73127067
v -52562.67016590 -3835.96306061 15526.74898695
v -52696.61746140 -2988.02610474 16686.86548062
v -52722.56041853 -2983.57216003 18159.30921105
v -52319.06786533 -3740.54830618 19705.55245175
v -52403.96534478 -3727.82615713 38522.10732978
v -52045.67045602 -3827.57598532 39782.13261762
v -51464.23340753 -35009.03523545 55944.14329436
v -51359.40155746 -35269.83424958 57107.99772641
v -52242.39745836 -32664.93289045 52309.26100779
v -52600.35324831 -32925.04312009 53161.72273857
v -52448.57868067 -33475.62419597 54098.00569802
v -52335.22049479 -33906.22375000 55490.36975909
v -52973.25239461 -32864.75370101 56363.51631201
v -52098.94573608 -34010.48523036 57091.94648895
v -52308.22875416 -31423.78628893 51810.55945414
v -52908.68134115 -32080.57567751 52888.39750189
v -52692.12680855 -32459.15554563 57621.28742504
v -53300.74321440 -31823.73561201 56901.62029795
v -52822.06118408 -29476.01809267 51819.74742784
v -53093.87307975 -31257.89932905 57705.91738552
v -53122.55079869 -29929.66240766 58076.38015262
v -53360.66502484 -27451.10342807 51683.66659287
v -52238.70662030 -28000.46026482 59664.70493538
v -53123.23814325 -27940.92336844 58496.16811291
v -53258.72481645 -25978.42778045 50962.45571404
v -52460.01461500 -26534.94535296 59582.21151807
v -53379.67374613 -25777.65020211 58446.85927745
v -53202.95565306 -23262.70113839 27335.77466854
v -53955.04295333 -23528.69593805 28471.55688982
v -53194.61772087 -23568.31035903 29621.35267373
v -54206.34581049 -23202.42585677 30528.61201690
v -53807.86755419 -24461.52903723 50662.03385099
v -52544.41542154 -24668.13119494 59583.30105732
v -53459.66959037 -23736.17482315 58439.66153396
v -53084.53626266 -22145.71938370 24829.34874376
v -54111.92198795 -22764.31587411 26151.15863856
v -53470.75917490 -22681.83854411 31753.86841684
v -54508.28630147 -21711.80619440 33052.51039104
v -52394.81268140 -21984.20584768 44590.06365633
v -52818.05684127 -22056.00492786 45659.27913097
v -53331.81482197 -22167.39358368 47091.29630785
v -54185.27479675 -21946.24683816 48418.33579144
v -53917.88108928 -23045.25298476 49580.75123073
v -52464.03873585 -22667.36936897 59550.10124159
v -53403.02814343 -21724.48991797 58342.85995202
v -54154.83834009 -19051.62544040 15005.12467729
v -55166.12153263 -19780.85537100 15632.88469330
v -54832.08074280 -20325.60348707 16880.61800603
v -54551.33000156 -20662.79442044 18319.10838985
v -54222.04194840 -20890.09784724 19915.14831056
v -53835.78429089 -21158.97690480 21645.96147255
v -53510.64078448 -21593.70839366 23349.82902121
v -54522.17977100 -20899.09346767 34328.52252989
v -53872.06541589 -20535.40046994 35042.14963089
v -55205.89291873 -20367.19751559 35341.41489480
v -52325.51555808 -20678.26534330 41488.27628947
v -52882.55788680 -20897.89292199 42842.77492866
v -53503.14322353 -21161.32293353 44698.28416891
v -53971.99734746 -21384.56990092 46471.05374885
v -54135.30262212 -21581.49605017 47442.88358922
v -52265.41502680 -20530.24094678 59314.53217371
v -53252.90471306 -20104.40822510 58163.30191435
v -52593.63767821 -17719.58720275 14788.88729833
v -53885.91880976 -17841.93307226 14443.10487464
v -54278.44405396 -20006.21441617 36428.85408019
v -54115.33440403 -19654.54714988 38232.96783029
v -54011.80075878 -19650.87415108 40063.16716047
v -53869.62075511 -20025.43918428 42005.49948627
v -52436.61281659 -18740.18438799 58446.16373934
v -53524.86907396 -19031.41456662 57389.59468170
v -52895.04926397 -17175.98764001 57066.08453239
v -51620.81358670 -19156.20694180 59431.52791130
v -52652.58134789 -16559.93511863 14520.65026216
v -53933.38614722 -15922.01080224 14003.46602727
v -52613.56438134 -15213.74038000 56322.27100651
v -54304.60509542 -14077.81135028 13702.86709209
v -52589.83276074 -14094.38082530 55855.71932689
v -53209.66816157 -14698.85605719 55670.82244699
v -53297.36282038 -13585.35838179 54980.92521660
v -54428.38053998 -12202.02291009 13574.23429274
v -52923.51004668 -11611.85107131 54189.04453430
v -54505.23979175 -10275.30674864 13528.69624818
v -52526.62325196 -10126.86770792 53505.81000635
v -54647.36766834 -8350.84000341 13551.89386985
v -54256.01880194 -7360.59245665 30602.03172250
v -53739.26379462 -7083.22543834 29147.80296075
v -53453.38577565 -7566.45793725 31593.78363982
v -52453.80294392 -6962.48615728 33541.50129612
v -52960.11864278 -7356.00727182 32704.69833512
v -53752.03565117 -6632.08489720 33687.29393726
v -52680.51208125 -8842.56133439 51996.86996729
v -53530.35067294 -9274.95040557 51886.12292482
v -53470.97899025 -8801.10041625 51076.96859240
v -52268.41283817 -9198.26724006 52847.64106846
v -53276.24091217 -9673.28088710 52559.88156319
v -54950.67837023 -6484.57522295 13650.95494825
v -54088.14561413 -6426.98148862 28123.67997243
v -53885.44857979 -5910.42541486 26932.05202563
v -54664.20594692 -5494.42267717 34667.72599275
v -52923.19635200 -5915.15437604 46130.47316155
v -53250.13599946 -6301.33267553 46963.10369694
v -54001.01846925 -7025.64687120 48015.50107534
v -53326.59664979 -7900.51827174 49515.23731604
v -55489.97547175 -4953.39448844 13756.50551102
v -53945.05309975 -4096.49000737 22964.02463154
v -53851.62123170 -3516.19455824 21609.85763378
v -53831.41925567 -4634.60615214 24052.03129481
v -53922.52249755 -5157.18355084 25440.67628690
v -53676.72833501 -4796.40829363 35842.77811115
v -54846.72942825 -3832.65937648 36502.50273985
v -52559.71305173 -4265.90684430 42429.66959542
v -53147.08371442 -4304.77992727 43239.45308524
v -53954.00599164 -4634.17500091 44539.71911700
v -54028.89045949 -5480.75997338 45970.89507141
v -54432.84339979 -6218.62527870 47041.90869014
v -53974.25054302 -3074.77327536 15027.01220044
v -55632.70107407 -2987.82604002 14291.50975531
v -53633.51558195 -2439.54631118 16007.59749227
v -53784.91836007 -2019.96234658 17269.26480892
v -54596.16645866 -1652.03518011 18756.74795617
v -54018.88664627 -2556.44425383 19865.59377413
v -53672.63056685 -3247.49880302 38365.99564220
v -54833.99032053 -3170.63711762 37685.57787769
v -53421.98752796 -3176.59232820 39440.41603721
v -53252.51942265 -3404.96992066 40755.68316988
v -53455.81328433 -3723.76743778 42183.64493558
v -54187.59490493 -3891.87999833 43335.02915305
v -54808.23730757 -1861.62666124 15387.86519246
v -54659.85742889 -1329.32950951 16528.19786970
v -54914.68506479 -1085.50840171 17661.55643267
v -54751.61577764 -2822.04771402 38954.06360117
v -54625.71164817 -2858.07506549 40259.33132565
v -53268.01334047 -32180.29613916 54109.27956037
v -53064.06119601 -32909.70125515 55166.60503127
v -53441.70041948 -30651.57881476 53203.52854740
v -53825.52613163 -30838.84165829 54621.15884574
v -53569.15297793 -31671.32943201 55706.25394491
v -53901.98327779 -28622.01713606 52969.48333237
v -54148.68978715 -29327.26907533 54374.39172292
v -54004.41937875 -29972.78836575 55735.82958382
v -53592.89379971 -30633.35472011 56899.92452667
v -54339.70422348 -27095.21012254 52771.70528449
v -54618.48383741 -27359.66832648 54108.50095660
v -54337.16359737 -28130.57837935 55671.36432471
v -53800.82583817 -28945.87581153 57035.56128825
v -54339.04011035 -25741.78959469 51976.33939779
v -54933.60026484 -26049.10522649 53246.89656442
v -55097.28217937 -25898.52170666 54250.77895882
v -55274.10149355 -24689.87731273 54654.69610952
v -54746.03644369 -26006.08645343 55572.48006643
v -54026.02287767 -26954.09929599 57105.10895400
v -54811.54463095 -23221.88368370 27460.35121535
v -55165.89400732 -23406.81977333 28458.75668090
v -54735.66895185 -23443.64450951 29382.62554706
v -55529.18820867 -23106.95571995 30079.94119216
v -54830.38743012 -24218.10924608 51786.90017244
v -54909.57081084 -23923.46383007 55914.55095511
v -55396.74542987 -23044.66221539 54754.50718346
v -54220.02179826 -24868.27802051 57161.05607669
v -54846.69214562 -22204.86378960 24743.66483073
v -56080.35115252 -22702.72824649 26409.03609761
v -55581.11828072 -22523.58556832 31362.38291170
v -56772.01261638 -21665.67247498 32703.33074215
v -54820.92950360 -21939.32649794 49756.25908610
v -54934.73112777 -22789.95739437 51008.06416424
v -54961.18078962 -22027.92004857 55922.26890846
v -55454.46462640 -21300.62724364 54677.02080880
v -54277.36938476 -22812.91275986 57189.37332963
v -55462.00963327 -18896.40686540 14689.63385351
v -56855.22177455 -19816.92391929 15402.70029620
v -56478.59176378 -20450.41901134 16639.89169248
v -56130.90498947 -20831.88684067 18057.26761477
v -55921.68943560 -21102.89805130 19630.35368467
v -55688.36589784 -21373.18571099 21357.03590883
v -55313.22267791 -21720.87719419 23093.79718993
v -56205.75679519 -20883.41182791 34296.23538587
v -56495.79809874 -20254.38859028 35574.91845869
v -54183.96244806 -20335.07914584 43686.45001169
v -54813.26333641 -20232.74772711 44858.19013268
v -54851.96670558 -20515.71688609 46147.89689122
v -54890.45761187 -20904.33012367 47654.11494049
v -55237.58028915 -20959.14067053 49061.60559326
v -55576.33017759 -20313.41053501 48406.28960384
v -55537.34983311 -21077.63589323 50512.74202785
v -54969.72244955 -20414.42042024 55690.67873010
v -55368.60091145 -19505.66961893 54593.95092827
v -54199.92171206 -20657.30206932 57012.41833782
v -55648.32177028 -17526.63960066 14046.64036428
v -56115.63768486 -19849.54358196 36582.57806177
v -55840.54087671 -19445.03012678 38038.78050793
v -55734.06374967 -19167.95892758 39834.67405517
v -55654.44264955 -19160.53972798 41855.85212616
v -55483.24878567 -19493.56650421 43993.05186203
v -56028.49074531 -19697.83835944 49362.10664529
v -54399.57679052 -18604.23979025 55981.00583859
v -55192.71865722 -17602.86981959 54399.13191912
v -55881.78958040 -15825.21921765 13633.14210271
v -54016.28703564 -15924.87113155 55338.49140818
v -55159.99965183 -16051.21744435 53956.49199382
v -56076.42078635 -13989.23276280 13402.75584647
v -55346.38674836 -13672.91354701 52650.64553975
v -56108.99764421 -14531.54973439 51754.92489576
v -56006.08253311 -13071.78742178 51340.52131000
v -54694.00200104 -14530.27403853 53935.17339991
v -55660.81388319 -15305.21943243 52840.02631890
v -56179.50763495 -12077.59578473 13301.08250597
v -54989.03539443 -11958.51637105 52228.58422063
v -55721.65590965 -11386.58723244 50925.40038766
v -54244.55080953 -12697.83508322 53553.54161697
v -56265.23345632 -10135.87053109 13275.55347230
v -54433.38107490 -10100.09632595 51606.48324092
v -55464.21991599 -10118.17166518 50453.30181971
v -53802.48284682 -10976.00131728 53010.40338446
v -56403.67735418 -8214.15455843 13303.19934848
v -55472.16157189 -7025.72096455 31009.96184412
v -55342.41942843 -6747.25891788 30087.09947206
v -54956.08957094 -7212.31554228 31736.60612374
v -54377.32807563 -7103.65686432 32684.82065439
v -55213.30557943 -6330.94150438 33496.97037086
v -54686.39535784 -9045.31415377 50219.56594030
v -55783.33502380 -9501.93698324 49554.19918740
v -55277.90107415 -8196.27569915 48730.13843888
v -56638.28475076 -6381.35463573 13377.58905441
v -54758.38563332 -5907.85531140 27939.55838840
v -55396.29379944 -6012.16773774 28890.84544596
v -56135.32784464 -5409.65912921 34020.48297583
v -55389.19344465 -6848.75800882 47450.86899596
v -56919.78980298 -4607.49628917 13546.90998168
v -54697.41893769 -3507.19264129 22813.08518112
v -54992.67451861 -3726.89249768 23761.37712542
v -55138.33417314 -4203.61357448 25103.29416835
v -55263.77211596 -4752.76165730 26479.89397129
v -55565.42018052 -5239.19501051 27789.72169123
v -55048.05311117 -4483.06205675 35596.07562771
v -56078.95390572 -4567.68601613 34940.80790039
v -54573.56406243 -4858.33061634 45380.16009302
v -55096.51412795 -5065.52997428 45672.10384235
v -55319.80560957 -5772.66231209 46393.29857708
v -57408.33368717 -3083.17463846 13725.37787928
v -55044.88778678 -1762.53162328 19892.34985795
v -55776.39613641 -1836.95097820 21129.11469013
v -56011.72353614 -2663.95821851 23008.81272564
v -56326.82972234 -3241.25842535 24717.41849869
v -56467.46835387 -3782.66103869 26153.40738498
v -55988.59706029 -3869.77595089 35795.75676616
v -56487.48785249 -3151.66138683 36693.60165598
v -54471.57509105 -3105.72873099 41425.84704124
v -54942.72183234 -3359.94067502 42535.67486318
v -55334.47199553 -4003.12062859 43924.94599006
v -55084.44513301 -4620.30734733 45016.55122211
v -55985.58969645 -1233.12134648 14976.83837690
v -57579.12041371 -1149.49461187 14294.69040077
v -55671.65220642 -648.19143198 15939.24648059
v -55716.87010070 -360.72849558 17146.18719030
v -56141.53621329 -345.25710100 18660.85912329
v -55846.79244618 -1073.19522182 19811.07584433
v -56257.06596623 -2737.74990970 38291.21470186
v -55872.79494737 -2665.94977637 39637.74849848
v -56054.69012684 -2940.26888630 41235.69150466
v -56024.04122047 -3375.72626500 42795.15985507
v -56835.92080163 -50.00711384 15385.92829545
v -56653.62948477 372.44178042 16537.42620112
v -56709.10963587 409.09724952 17652.65616277
v -55172.04690382 -24756.95261218 52798.12298783
v -55317.92838086 -25113.85136155 53710.56571073
v -55965.42317520 -23130.74855688 27905.29144830
v -56009.38473467 -23181.15523917 29008.84294694
v -55401.73045980 -23274.35778040 52486.62810718
v -55489.31658492 -23899.76969003 53659.22378816
v -56685.39443242 -22163.33453017 24515.49817263
v -58298.84141655 -22341.98916098 25871.30922593
v -57401.79702574 -22708.86041965 28118.90961409
v -56855.51392927 -22717.00680247 29969.09078523
v -57579.30996718 -22134.06802099 31278.70181989
v -58370.00322921 -21575.38571074 32335.77623349
v -55659.64387371 -21582.97040215 52097.31770627
v -55642.85066023 -22282.40315721 53523.73245862
v -57221.40392306 -18825.34820518 14462.31925987
v -58654.80682551 -19884.92905158 15235.24607422
v -58233.07596917 -20556.46746023 16459.50411142
v -57817.55829123 -20974.88091073 17915.09183303
v -57337.18975768 -21196.31013183 19221.15235784
v -57650.51460763 -21517.46560848 20957.09504550
v -57090.50804605 -21799.26208509 22798.74579131
v -58365.74013222 -20934.69795653 33797.77980994
v -57733.27207252 -20324.64366958 35329.78300481
v -57327.73837428 -19888.85931984 36385.11241803
v -58643.63531855 -19689.67876075 36587.67402194
v -55621.69159973 -19729.44774220 45695.74753117
v -55850.24576445 -19748.25980342 47376.94493432
v -56051.32914036 -19586.67458324 51555.79317841
v -55773.48329028 -20485.73203698 53315.33644191
v -57547.10871856 -17446.17806036 13829.20763405
v -57645.35543545 -19291.26598628 37831.42771452
v -57136.45902900 -18915.44188336 39390.91319329
v -57463.09073393 -18377.35620584 41411.17827657
v -57001.72569297 -18378.75049798 43737.82533498
v -56643.37089763 -18679.15178696 45975.01695399
v -56727.39225565 -18422.56898140 48137.55639013
v -56622.24536276 -17831.21545349 50172.05712302
v -57283.33837198 -16952.22050461 48562.96919113
v -56237.23617595 -17823.87568625 51926.83377068
v -55837.93774638 -18649.01523430 53186.35560988
v -57790.63022208 -15767.81182366 13449.90855877
v -57011.80868902 -16159.66002941 49876.26284508
v -57538.75904055 -15342.28915736 48674.41411838
v -56402.16436769 -16149.45069420 51455.94000788
v -55832.04974356 -16924.46972125 53012.83966724
v -57935.84325337 -13921.81370461 13256.45485657
v -56823.19547412 -14467.00015569 50293.80704707
v -57541.35852448 -13518.65971936 48705.48027312
v -58022.62639323 -11999.63934912 13179.37092300
v -56695.70814184 -12459.88158603 49965.19742525
v -57335.47982996 -11599.18374751 48575.33856274
v -58099.72010356 -10052.82802033 13164.61045087
v -56365.26515183 -10754.39481726 49691.87383627
v -56782.56956874 -9604.91972956 48357.98048729
v -58204.67642030 -8123.94511361 13188.27932879
v -56204.51963273 -6548.81550242 30843.03150380
v -56183.14008534 -6611.23340125 31807.32154496
v -55519.24109632 -6780.50611404 32582.51394721
v -56561.20298454 -7837.55880458 47451.49763751
v -58356.11402574 -6240.50337096 13254.56646789
v -56983.91152496 -5947.50832949 31260.63300249
v -56573.56363651 -5872.95508474 30126.85466955
v -57024.85716424 -5913.27441951 32168.61028336
v -56440.97333960 -6027.65281363 32953.90059891
v -57330.86174418 -5384.26613020 32778.16408869
v -57182.71399905 -6215.24422285 45669.49921882
v -57888.19101594 -6823.90439561 45292.91909570
v -57618.60377709 -5739.23693255 44672.34412052
v -56418.47407570 -6444.00024642 46499.60668704
v -57415.68319351 -7353.03133008 46274.52200575
v -58580.41740753 -4435.81548204 13371.01834345
v -56517.04495256 -4335.51396237 27378.02573979
v -57368.19572443 -4546.95222854 29064.66495745
v -57058.66126280 -5190.84829688 33476.79351057
v -57002.91742566 -4623.73473662 34184.23963579
v -56272.58742013 -5068.69944240 45142.16981533
v -57313.10417598 -4706.56920450 44009.95547057
v -58854.55653680 -2683.01984009 13582.18937941
v -56848.66567210 -1712.56466813 22342.70444005
v -57936.30510899 -1460.28484884 23345.20665309
v -57570.08621394 -2278.08002302 24456.70060191
v -57686.36025144 -2822.47697499 25841.69027936
v -57726.74606633 -3465.22400998 27335.73965299
v -57466.39013274 -3635.19111609 35012.60541237
v -58069.64360777 -2907.77336519 36016.27696435
v -56995.12717018 -3390.89682856 42362.96433950
v -57754.81641925 -3627.54977273 42098.56427938
v -57672.74300847 -3275.93714225 41205.22750836
v -56635.17065696 -3967.65506227 43598.15087590
v -57618.78865898 -4079.60954832 42915.89625664
v -59327.54584754 -1203.77282541 13804.26083331
v -56593.84220074 -413.80639226 19742.47001773
v -56967.99797921 -592.92100086 20605.68479439
v -57581.79493988 -894.03614382 21901.62243047
v -57944.22829091 -2728.26272720 37312.00352121
v -57693.43069242 -2827.73691229 39340.55210526
v -58010.57441040 553.79423954 14999.77642357
v -59459.59359804 557.94236916 14374.17322431
v -57781.88373292 1081.28023332 15997.68781496
v -57737.47352311 1160.94903359 17301.89035388
v -57591.59077576 767.45466818 18618.95528856
v -57422.74131336 182.87628197 19792.22678606
v -58924.45343871 1613.46648131 15379.41647866
v -59086.96203441 2004.69736071 16691.17698858
v -58982.81542481 1607.03406569 18365.65699522
v -58776.63824522 -21885.26856057 22674.60300422
v -59395.69137600 -21734.02397767 21331.00573078
v -60443.68999982 -21926.53062608 22581.73433284
v -59633.71092363 -22095.40762252 24243.25795658
v -58149.54624594 -22083.05462292 24039.40941123
v -60328.59602329 -22105.26380567 25945.79845084
v -59449.98563179 -22210.14757013 27745.10052445
v -58733.34584640 -22191.45586974 29795.59728235
v -58981.94723890 -21781.87263614 31341.82560345
v -60007.88804493 -21620.14934884 30742.59347921
v -59122.05587020 -18873.53030198 14342.28113930
v -60414.00827261 -20029.95909819 15128.08821467
v -59968.76917659 -20685.29453301 16268.60406040
v -59577.19220908 -21121.41935130 17752.14699913
v -59103.67051059 -21434.96331984 19577.37631903
v -60025.61864044 -21101.80858880 32434.29921893
v -59989.23046428 -20529.67213962 34074.64454636
v -59344.22835886 -20154.52717912 35274.13824657
v -60149.72746716 -19367.78150340 36566.82210527
v -59488.46660523 -17444.25389899 13750.17996901
v -59463.79346490 -18882.38857544 37967.22573447
v -58800.57272923 -18288.09981653 39754.55215292
v -58972.24283933 -17467.87516541 41613.44980919
v -60124.55080033 -16901.26838815 40689.36772578
v -58479.38486282 -17126.47208945 43473.56601706
v -57769.00036974 -17324.65775394 45513.14691825
v -57362.74800927 -17558.56640149 47109.41723588
v -59673.04037174 -15709.82023166 13402.68261480
v -59606.96444363 -16379.22872021 42495.30334612
v -59296.15300610 -15900.94601709 43832.78902253
v -59481.14654489 -14675.59913935 44346.72422812
v -58662.43982728 -15704.36095506 45375.78717487
v -57894.49978997 -16274.81099237 47123.81279318
v -59789.01526243 -13856.30617395 13245.75443784
v -58926.72041138 -13730.57164843 45753.26496358
v -59616.89602303 -13019.99758208 44390.02241634
v -58209.45825944 -14561.07618671 47198.76561085
v -59872.94230987 -11932.47872504 13190.88539880
v -58942.78413481 -11594.50484373 45624.28784869
v -59656.77634838 -11504.30865675 44155.11745631
v -58226.42887025 -12625.58455230 47228.66215889
v -59938.70340245 -9976.17824972 13181.16566960
v -59273.75434274 -9713.09735339 44352.47081379
v -59986.17063060 -10773.06383594 43232.95520926
v -59952.78477208 -9602.81264849 42865.05740055
v -58509.18763436 -9806.09187512 45928.22534589
v -57980.92018235 -10677.65101383 47158.78700709
v -60010.24170225 -8026.85105043 13199.80080524
v -59491.20854650 -8053.25626647 43068.06146456
v -60254.72881767 -8825.81474799 41879.69407697
v -60099.86242371 -7201.37991893 41392.80382815
v -58964.52669994 -8189.01643728 44261.52342870
v -58379.95480530 -8206.55315954 45356.31638268
v -57673.38961192 -8885.79025252 46833.79929194
v -60110.72161960 -6111.95264319 13250.95354591
v -57630.85111756 -5065.97145647 30708.79138965
v -57662.05625383 -5201.21873605 31939.30061565
v -59145.18647434 -6120.50595689 42451.91385641
v -59755.00156394 -5402.45036357 40889.23408828
v -58565.61432502 -6862.89619814 44113.55513084
v -60255.89030735 -4249.81893219 13353.93077523
v -58206.52938081 -4359.68439077 30404.04553332
v -58396.81446609 -4320.88531005 31471.30112595
v -57979.24350963 -4365.11800291 33152.73468702
v -58580.08306358 -4316.12439215 41729.82428055
v -59440.18409061 -4206.39532267 40415.38508168
v -58182.76449780 -5219.08542642 43364.87788987
v -60465.70584970 -2480.71583523 13525.50977061
v -58496.44849021 -1630.25387443 24425.88900676
v -58811.81313306 -1884.74274799 25402.38216718
v -59034.78665921 -2415.86903389 26917.76375990
v -59016.25246048 -3086.50028408 28555.36451879
v -59056.03401044 -3567.07488175 30342.80291155
v -59257.64491403 -3471.29821024 32169.66090090
v -58986.27780078 -3257.36511916 33832.18287816
v -58805.77189276 -2945.54618608 35054.73330956
v -59753.20225619 -2807.75375515 34377.20784882
v -58756.85483264 -3455.45866836 40236.66988389
v -59654.96529003 -3729.54613687 39544.25828490
v -59245.73458454 -3194.68900048 39030.44682030
v -60681.92005263 -805.86432411 13801.30020636
v -58507.84238841 261.69842898 21120.42554930
v -59297.06791376 -174.85015965 22775.79356141
v -59538.32628950 -956.93560392 24464.18829422
v -60331.00728665 -1382.26058583 26197.80639132
v -60361.28145531 -2152.25033143 28006.52575678
v -59463.66362776 -2741.79389477 35783.36980305
v -59529.73756126 -2945.62193882 37552.25597809
v -60996.07699444 510.56767701 14090.08522743
v -58741.89481734 1021.34059698 19812.91436643
v -59600.90611579 1076.13059663 20857.08885426
v -59793.86050031 717.16570200 21816.04356526
v -59883.78284148 1995.56933463 14952.71737737
v -60888.14397197 1769.24021307 14565.68562372
v -59830.61442500 2491.18577996 15704.91236899
v -60199.13639913 2682.91737075 16482.32619436
v -60547.76414105 2294.44488761 17776.74516762
v -60349.55180775 1614.54726382 19875.02582674
v -60510.71953733 1215.51760271 21381.82860510
v -60617.50932339 2630.29583721 15206.68807276
v -60584.07849356 2899.16776109 15857.83278948
v -60754.98446279 -21748.26236615 20813.74212413
v -62263.90020525 -21820.79707515 22102.88192467
v -61532.51435143 -21945.06620912 24321.19632927
v -61701.06140858 -21858.62648464 26058.39784394
v -62839.33780194 -21606.34514061 25536.69609630
v -61137.70681920 -21830.83047889 27470.61116689
v -60536.43036904 -21740.26189500 29232.87212364
v -61183.03041709 -19051.40507567 14379.06264106
v -61772.73728561 -20253.16585299 15150.05765157
v -61503.57368743 -20802.48687016 16061.14074082
v -61218.90856643 -21224.61140143 17447.93665325
v -60914.12660410 -21520.94942596 19075.23400266
v -62501.57602118 -21470.11231306 27115.94898574
v -62090.37704920 -21256.44097125 28794.13639306
v -61519.18969737 -20994.37934952 30829.41127811
v -61563.78853170 -20501.26741696 32555.10720338
v -61013.41539404 -20379.64417333 33619.57031150
v -60943.75019499 -19744.42998241 35092.53674365
v -61274.18028827 -18884.36093265 36478.70830932
v -61311.58145910 -17328.57402725 13776.87104271
v -60818.72365253 -18455.36774653 37694.30894862
v -60335.32571967 -17894.99109702 39074.60171608
v -61020.36408578 -16941.59627889 39469.03330138
v -61413.88118101 -15589.76954595 13493.37073033
v -60444.83551580 -15191.96802233 41842.65362768
v -61133.29825892 -15740.80581666 40164.29781355
v -59857.77206519 -15306.11802797 43196.19898716
v -61558.92615603 -13761.67847961 13395.22843822
v -61206.88027225 -13937.67725203 40702.51280897
v -61769.37451235 -14860.49015601 39345.86528925
v -61938.32337073 -13329.09323403 39197.43998837
v -60619.71757506 -13650.81342726 42098.15828889
v -60103.94385721 -14076.25963925 43188.29868898
v -61650.37700043 -11818.88177851 13356.96391596
v -61362.77184591 -12080.96915091 40395.69541848
v -61985.35160161 -11499.63580708 38990.09991468
v -60851.83061874 -12549.44002317 41596.96293773
v -60251.67592121 -12341.76133628 42946.59837054
v -61704.42275306 -9845.18815018 13347.64058069
v -61392.01377593 -10498.19168313 40064.21096345
v -61884.52428489 -9632.55831939 38847.74038578
v -60651.40262312 -10666.94309336 41683.93910945
v -61749.87048521 -7882.05547514 13362.45925088
v -60992.75231606 -8669.87624626 40322.19789818
v -61715.41367144 -7682.77566279 38620.29538402
v -61809.08709449 -5953.28979743 13412.27909097
v -60815.67838801 -6341.31397090 39666.21351586
v -61588.24909878 -6163.62381758 38288.13577206
v -61899.02863557 -4080.64796209 13525.39659120
v -61080.97705827 -5008.49862796 38463.62421416
v -61783.05471775 -5376.47929168 37500.19735389
v -61400.83932062 -4306.44045660 37275.84760074
v -60230.14727577 -4648.25399031 39574.35430202
v -62016.65879620 -2270.10312356 13745.71608063
v -60166.31375814 -2711.33406979 29505.37397428
v -60383.25675622 -2855.45550214 31065.38581212
v -60212.28922720 -2888.26746388 32932.12414465
v -60342.94489864 -3764.15056636 38368.03601143
v -60830.51143712 -3437.54691797 37011.03483086
v -62071.76824794 -556.65575996 14031.20661835
v -60565.27808008 -36.71676370 23852.57218775
v -61031.23173572 -453.73609332 25029.91761582
v -61565.18131592 -817.62003456 26013.90097155
v -61605.74087088 -1486.76127960 27235.73750233
v -61637.18140881 -2327.64968971 29373.54543865
v -61461.17779012 -2771.17316928 31841.16646868
v -60928.04082199 -2878.97208692 34058.37711824
v -60791.34393373 -3059.22869753 35848.20135719
v -62011.15474368 932.00001921 14363.01796981
v -61804.14667273 259.06806518 24050.49928278
v -60882.92445995 711.57037030 22656.93957302
v -62018.65317325 -325.54960466 25233.13912044
v -62003.31256802 2008.52120321 14798.72919023
v -61940.91398520 2414.02217924 17246.75142116
v -61079.97126803 2831.10978559 16499.16944676
v -62193.37282774 1822.12246077 19214.72480120
v -61754.37571824 1330.00620382 21372.49758923
v -61378.90612299 2559.77368264 15023.41034308
v -61275.02284965 2894.19728835 15629.80010725
v -62709.92735136 -20749.61816439 15821.95233424
v -62727.45326706 -19980.82197170 14958.86558045
v -63536.08768500 -20481.40465947 15627.22162660
v -63683.74859182 -20902.21290612 16694.51868134
v -62606.57302883 -21199.41736913 17105.32264842
v -63701.41370317 -21258.27156680 18310.57021661
v -62427.63758049 -21504.36608078 18743.81116753
v -63655.45760080 -21490.55519057 20520.93025333
v -62069.16555326 -21705.95734816 20233.95812017
v -63740.53892139 -21590.55863041 22472.54100411
v -63214.06662096 -21671.02311687 23876.40347126
v -64073.95880243 -21185.10367936 25206.24497110
v -62962.65661139 -18626.13539025 14432.59506289
v -63711.76085382 -21001.41972681 26782.74689266
v -63257.72856738 -20875.97575906 28186.13808687
v -63262.02239489 -20276.02802993 29991.17410104
v -62685.06472561 -20018.66340825 31996.18547421
v -62180.69918547 -19635.11171015 33783.65688464
v -62119.65797496 -18715.43016799 35533.54820496
v -63057.80206089 -18383.12454559 34393.91399479
v -62663.79472720 -16963.40583797 13907.07265561
v -62799.23043862 -17413.91190712 35919.07985314
v -63574.72269172 -16933.17321726 34669.74809150
v -61889.84834649 -17756.48246052 37195.97289671
v -61267.12176359 -17540.85313796 38478.52175947
v -62999.83245198 -15472.58757968 13836.36246547
v -63131.57402470 -15842.40776024 36177.23846089
v -63818.38736034 -15192.99912512 34828.00915794
v -62497.62259355 -16481.40812934 37202.55366196
v -61802.24614071 -16350.46860609 38591.34259355
v -63179.26595831 -13556.71146191 13773.03365550
v -63237.08942390 -13995.42876236 36324.84178847
v -63881.14481225 -13279.51549306 34890.61206375
v -62479.94821613 -14820.44171694 37838.57258149
v -63261.30519400 -11568.93109576 13734.05823260
v -63260.26822571 -12024.18815735 36281.99920814
v -63853.92468017 -11332.25668330 34848.87778084
v -62612.39158944 -12739.33285111 37729.76556174
v -63297.21034803 -9584.16071947 13722.22004014
v -63216.22883472 -10054.46675117 36141.93697444
v -63785.00440331 -9414.19906132 34673.93533603
v -62599.40829666 -10775.87327790 37587.00728793
v -63317.03431325 -7628.13228949 13738.30863140
v -63123.67187988 -8105.38736394 35873.73511505
v -63675.25549098 -7576.23121821 34349.28314152
v -62506.07945675 -8798.64111794 37387.09339715
v -63339.68077579 -5726.87591147 13801.31453159
v -62995.75031178 -6310.99900515 35368.92818580
v -63494.71137583 -6115.03014121 34020.58067431
v -62324.14555859 -6731.41992670 37076.70253176
v -63386.34798671 -3902.00487844 13967.76976827
v -62780.50345279 -4673.18033863 34362.76958861
v -63619.48051717 -5460.51071266 33062.57849871
v -63341.21522399 -4511.04030180 32573.19594103
v -62233.70301731 -5109.79742583 36279.03453099
v -63508.69559385 -2070.83650102 14386.79764263
v -62669.45974244 -2977.65666239 30616.53812853
v -63543.34643820 -3398.51400032 29494.71024906
v -63007.86623528 -2648.49860575 28914.47569259
v -62431.43838744 -3473.84711917 32768.14789515
v -63452.88146619 -3988.32824930 31058.93102043
v -61813.51611964 -3443.89534271 34618.41467399
v -61720.37201641 -3866.20140192 35920.89631444
v -63119.19400300 -132.47298362 14654.15209279
v -62820.82228413 -1912.67042372 27432.85570979
v -62503.30711277 -940.82436755 26042.87045127
v -62831.46209707 1251.66181292 14904.34399980
v -63258.71841891 1394.20853147 19775.92665406
v -63780.75710554 947.28299389 19431.35915678
v -63300.84765667 1437.19692842 18877.09048448
v -63698.02298486 878.89871172 20324.62192284
v -62084.18309435 860.56995125 22864.94395812
v -62723.66715677 448.08392153 23519.72079107
v -62813.79329099 -251.98168361 24648.75501626
v -62619.34112202 2039.27869428 15274.29862478
v -62023.77211049 2568.02365091 15425.12898466
v -61849.73717215 2741.13023914 16153.90459315
v -62672.01094680 2161.68131021 16216.75577657
v -63002.82921502 1737.26724556 17702.46678998
v -62989.58651184 1253.31770666 20810.10327841
v -62892.61909747 835.13352163 22305.74100864
v -63698.27585769 -19812.64181928 15137.19044465
v -64429.57786861 -20122.65673560 16148.40990561
v -64644.34147786 -20648.19295210 17738.46950991
v -64733.37117945 -20950.76211613 19423.29473051
v -64942.41931052 -20956.04285178 20891.31598351
v -64728.09946475 -21103.11774113 22223.42074615
v -64438.81794470 -21225.23497398 23737.81022715
v -64964.03329865 -20633.66433489 24968.97207175
v -64340.01117468 -19018.89771629 15204.65921831
v -65093.93083652 -19171.35504330 16123.98526952
v -65329.18773143 -19628.18070605 17352.69632399
v -65466.01871364 -20058.04858587 18999.02063731
v -65467.92946809 -20387.84668163 20380.95373385
v -64787.87955475 -20345.70303973 26441.66391321
v -64379.36612492 -20051.48977006 28321.68579060
v -64499.01363118 -19140.69328696 30119.39741132
v -65104.69611820 -19008.26245078 29045.14420084
v -63800.98621344 -19124.96547288 31661.12057559
v -63221.11661554 -19117.93891470 33030.50198027
v -64107.14896787 -17256.25093062 14619.65504194
v -65067.31397390 -18160.29416206 15600.18159552
v -65154.79127416 -18250.17375439 30032.79653879
v -65389.47465902 -17018.86902282 30323.59209115
v -64664.38946734 -17740.16780231 31524.89749249
v -63865.29659707 -18020.94326692 33135.85153540
v -64426.46081769 -15139.94731822 14530.79860358
v -64974.84057461 -15824.43426720 31825.18066418
v -65542.80773811 -15357.44386372 30362.41070856
v -64300.05814469 -16415.83843871 33274.46824189
v -64551.89372108 -13089.70569782 14434.39176173
v -65067.08914348 -13722.93505193 31771.34030327
v -65592.40361564 -13860.92871382 30142.99964122
v -64463.10833796 -14519.80242625 33385.90597723
v -64599.64290392 -11084.31722492 14385.91941955
v -65652.20291864 -11383.56684622 28785.01003154
v -66045.38452747 -12629.18595869 27514.34126805
v -65943.12621323 -11167.08102317 27014.83144544
v -65309.15636225 -12031.35556500 30607.05374684
v -65844.26329328 -13215.64320087 28869.94063509
v -64827.12698173 -11858.96852177 32275.80689714
v -64443.12540018 -12570.17832425 33471.02612072
v -64607.75099682 -9116.00374600 14371.14079792
v -65462.58907238 -9385.82895406 28281.32955234
v -65820.71453814 -9702.91225089 26482.54847091
v -65165.07994296 -9937.62692455 30210.10215238
v -64796.55573943 -10299.53515703 31907.41999475
v -64360.79129624 -10708.85234610 33426.81449350
v -64592.12551190 -7205.55142705 14386.65633896
v -65701.66997974 -7313.04106669 24805.44490352
v -66099.20363101 -8564.74473491 23542.67128269
v -65953.88129713 -7060.65629886 22955.77661138
v -65468.62833281 -7883.56842148 26787.26093304
v -65962.09065062 -9140.52242431 25018.93897275
v -65118.07235313 -7590.53070897 28576.79361392
v -64962.87592854 -8129.08986546 29942.61440456
v -64670.90518551 -8505.42866264 31545.95048128
v -64269.00627973 -8873.95921697 33148.49553882
v -64563.29233588 -5404.10311563 14454.85946520
v -65427.39290073 -5350.80033170 24198.26605411
v -65780.60639508 -5564.18883074 22416.82495535
v -65194.69320357 -5947.75403832 26194.14719738
v -64923.37691529 -6201.36553657 28012.90575547
v -64675.21228335 -6484.21882830 29749.43481023
v -64532.91803626 -7062.38908750 31112.46371146
v -64096.12733153 -6952.25520091 32713.24687494
v -64549.85859920 -3813.85084269 14641.46064892
v -65333.72994293 -3749.40203571 22569.02313320
v -65841.88293229 -5028.71619874 21265.84619251
v -65646.04663324 -3922.38855514 20688.78118110
v -64997.42766097 -3716.66552251 24434.91306754
v -64835.89859564 -4282.73109963 25867.71516388
v -64675.42253409 -4815.00894302 27376.92535003
v -64240.74990630 -4721.04399806 29253.07314513
v -64052.71495267 -5513.84986242 31404.51485174
v -64636.55528956 -2724.49878308 15076.03439890
v -64261.12226103 -1243.41443684 15529.45652291
v -64892.64545061 -1565.03943960 17030.17893870
v -65123.75642955 -2748.59286651 16044.05037037
v -65089.52907229 -1811.14625617 18716.20789859
v -65475.43420194 -3065.06123608 17464.11931423
v -65105.63199715 -2235.46127228 20807.66058731
v -65622.03214249 -3475.26562243 19163.91817332
v -64829.87023473 -2045.56136125 22586.78576730
v -64677.61168340 -2481.25681734 23992.48101478
v -64500.84203920 -2970.20874871 25431.75108441
v -63982.76521003 -3197.00652780 27421.42098995
v -63619.26277884 479.56115607 15555.45241096
v -64232.32549779 -113.71818142 16750.63871034
v -64586.27208942 -546.71439072 18075.37090042
v -64364.99062369 -221.67647844 19885.96784156
v -64400.48002272 -830.69259505 21961.35635890
v -64321.10617816 -1315.65329930 23467.75017407
v -63728.52670414 -1548.06565024 25273.10488750
v -63153.43522284 1526.05872807 15599.38515983
v -63530.54387267 1173.31541347 16593.98147748
v -63913.61233805 715.11062055 18168.49357434
v -63735.51541500 415.90978474 21488.59889485
v -63600.40186111 -188.95769307 23304.98431564
v -65653.15031829 -20121.44248025 22061.09913426
v -65353.87454079 -20401.55345736 23774.11106431
v -65744.92915387 -18109.82516038 16951.58226818
v -65998.67144227 -18706.61230013 18759.42225365
v -66065.52203151 -19135.59477534 20734.51719383
v -66243.07076169 -18827.61139637 22589.95712178
v -66038.00713183 -19147.61333098 23975.08125085
v -65636.33626721 -19453.68310301 25718.72844671
v -65349.49615437 -19218.70638705 27670.45399059
v -65440.55174109 -16489.22544560 15781.80039000
v -66158.22814219 -16535.74544386 17240.66059181
v -66349.87512016 -17088.01310988 18592.32973033
v -66457.08855966 -17446.23988744 20383.98631794
v -66503.40754798 -17592.43675231 22244.47134966
v -66445.90866412 -17684.37209627 23988.57584937
v -66225.93884719 -17859.92256080 25688.46465700
v -65921.08452449 -17983.14538519 27416.43081641
v -65575.10800326 -18069.48698924 28946.82751869
v -65526.29851185 -14301.16992284 15511.76559820
v -66184.64972837 -15013.65065755 16911.79369005
v -66526.00026632 -15397.08445491 18481.22980271
v -66643.24227385 -15714.20472223 20197.51674599
v -66663.12861062 -15944.47712622 22030.31720601
v -66615.60520025 -16138.53039077 23804.77137160
v -66464.94818356 -16237.68672351 25541.42041518
v -66205.42064875 -16376.68235637 27294.62253441
v -65859.29810347 -16654.24980614 28922.28971917
v -65575.35085579 -12282.50698519 15398.84515722
v -66217.10555533 -13116.79704435 16740.60010620
v -66568.02354155 -13624.10115084 18314.93966611
v -66699.56457545 -13929.48259838 20037.15286312
v -66696.32791438 -14158.20214467 21868.16029062
v -66622.82258797 -14430.25059814 23710.12304689
v -66527.23923952 -14841.72939958 25188.88681931
v -66259.66155350 -14458.56980661 27036.64323128
v -65952.50069859 -14987.18588332 28832.58421901
v -65580.75086448 -10313.79099218 15346.55234858
v -66214.89058177 -11184.13577686 16648.51910412
v -66554.58778408 -11766.19870126 18196.38038316
v -66680.20267401 -12155.86579318 19856.02562661
v -66650.27354485 -12340.70366284 21633.49353889
v -66527.39336160 -12544.32704757 23562.32412895
v -66346.75020829 -12990.62841040 25643.04125075
v -65547.13326199 -8398.71997121 15321.04399299
v -66172.05922382 -9284.62096161 16580.93296656
v -66496.98746932 -9895.71641615 18098.42066119
v -66597.30434303 -10348.67938070 19773.90745894
v -66589.29056340 -10833.00970599 21230.29375542
v -66378.55307025 -10458.05182031 23147.24463384
v -66191.38853863 -10985.05117168 25179.74972352
v -65469.78294245 -6576.79083805 15314.22958043
v -66074.79688200 -7456.08892986 16524.98347827
v -66396.61355244 -8104.52666276 17962.66677300
v -66468.67090894 -8497.67405360 19616.71077558
v -66369.00877201 -8915.25064795 21633.47503880
v -65343.95346937 -4936.15278685 15328.59801334
v -65897.63939928 -5728.63841704 16464.10294794
v -66214.29743916 -6385.35275422 17895.71273790
v -66338.46353417 -6997.71390801 19210.45707004
v -66166.18557301 -6747.32004382 20976.51698536
v -65179.76428164 -3701.98884763 15377.98079713
v -65611.51784148 -4161.75101528 16335.23244811
v -65912.47149181 -4684.29016245 17784.16197174
v -66036.98059309 -5300.40860636 19575.05976249
f 3 2 1
f 5 4 1
f 1 4 3
f 7 6 5
f 5 6 4
f 9 8 7
f 7 8 6
f 9 10 8
f 13 12 11
f 13 11 2
f 11 1 2
f 11 14 1
f 1 15 5
f 1 14 15
f 5 16 7
f 5 15 16
f 7 17 9
f 7 16 17
f 10 9 18
f 9 19 18
f 9 17 19
f 21 20 19
f 19 20 18
f 21 22 20
f 11 12 23
f 23 12 24
f 11 25 14
f 11 23 25
f 14 26 15
f 14 25 26
f 15 27 16
f 15 26 27
f 16 28 17
f 16 27 28
f 17 29 19
f 17 28 29
f 19 30 21
f 19 29 30
f 22 21 31
f 31 21 30
f 23 24 32
f 32 24 33
f 23 34 25
f 23 32 34
f 25 35 26
f 25 34 35
f 26 36 27
f 26 35 36
f 27 37 28
f 27 36 37
f 28 38 29
f 28 37 38
f 40 30 39
f 30 38 39
f 30 29 38
f 30 40 31
f 32 33 41
f 41 33 42
f 32 43 34
f 32 41 43
f 34 44 35
f 34 43 44
f 35 45 36
f 35 44 45
f 36 46 37
f 36 45 46
f 37 47 38
f 37 46 47
f 39 38 48
f 48 38 47
f 41 42 49
f 49 42 50
f 41 51 43
f 41 49 51
f 43 52 44
f 43 51 52
f 44 53 45
f 44 52 53
f 45 54 46
f 45 53 54
f 46 55 47
f 46 54 55
f 48 47 56
f 56 47 55
f 49 50 57
f 57 50 58
f 49 59 51
f 49 57 59
f 51 60 52
f 51 59 60
f 62 53 61
f 53 60 61
f 53 52 60
f 53 62 54
f 54 62 63
f 54 63 55
f 55 63 64
f 55 64 56
f 57 58 65
f 65 58 66
f 57 67 59
f 57 65 67
f 59 68 60
f 59 67 68
f 61 60 69
f 69 60 68
f 65 66 70
f 70 66 71
f 65 72 67
f 65 70 72
f 67 73 68
f 67 72 73
f 69 68 74
f 74 68 73
f 71 75 70
f 70 75 72
f 72 75 76
f 72 76 73
f 73 76 77
f 73 77 74
f 80 79 78
f 2 3 78
f 3 80 78
f 3 81 80
f 82 3 4
f 82 81 3
f 83 4 6
f 83 82 4
f 84 6 8
f 84 83 6
f 8 10 84
f 84 10 85
f 78 79 13
f 79 12 13
f 79 86 12
f 78 13 2
f 87 85 10
f 87 10 18
f 88 18 20
f 88 87 18
f 90 89 22
f 89 20 22
f 89 88 20
f 92 91 90
f 90 91 89
f 92 93 91
f 86 24 12
f 94 24 86
f 31 95 90
f 31 90 22
f 90 96 92
f 90 95 96
f 93 92 97
f 97 92 96
f 94 33 24
f 98 33 94
f 39 99 40
f 95 31 40
f 99 95 40
f 100 95 99
f 95 101 96
f 95 100 101
f 97 96 102
f 102 96 101
f 98 42 33
f 103 42 98
f 48 104 99
f 48 99 39
f 99 105 100
f 99 104 105
f 100 106 101
f 100 105 106
f 102 101 107
f 107 101 106
f 103 50 42
f 108 50 103
f 56 109 104
f 56 104 48
f 104 110 105
f 104 109 110
f 112 106 111
f 106 110 111
f 106 105 110
f 106 112 107
f 108 58 50
f 113 58 108
f 61 114 62
f 115 63 62
f 115 62 114
f 116 64 63
f 116 63 115
f 109 56 64
f 116 109 64
f 117 109 116
f 119 110 118
f 110 117 118
f 110 109 117
f 110 119 111
f 113 66 58
f 120 66 113
f 69 121 114
f 69 114 61
f 114 122 115
f 114 121 122
f 115 123 116
f 115 122 123
f 125 117 124
f 117 123 124
f 117 116 123
f 117 125 118
f 120 71 66
f 126 71 120
f 74 127 121
f 74 121 69
f 121 128 122
f 121 127 128
f 122 129 123
f 122 128 129
f 124 123 130
f 130 123 129
f 75 71 131
f 71 132 131
f 71 126 132
f 133 76 75
f 133 75 131
f 134 77 76
f 134 76 133
f 127 74 77
f 134 127 77
f 135 127 134
f 127 136 128
f 127 135 136
f 138 129 137
f 129 136 137
f 129 128 136
f 129 138 130
f 132 139 131
f 131 139 133
f 133 139 140
f 133 140 134
f 134 140 141
f 134 141 135
f 135 141 142
f 135 142 136
f 136 142 143
f 136 143 137
f 146 145 144
f 148 147 144
f 144 147 146
f 150 149 148
f 148 149 147
f 152 151 150
f 150 151 149
f 152 153 151
f 155 154 80
f 80 154 79
f 156 80 81
f 156 155 80
f 157 81 82
f 157 156 81
f 158 82 83
f 158 157 82
f 159 83 84
f 159 158 83
f 84 85 159
f 159 85 160
f 163 162 161
f 165 164 161
f 161 164 163
f 164 165 145
f 165 144 145
f 165 166 144
f 144 167 148
f 144 166 167
f 148 168 150
f 148 167 168
f 150 169 152
f 150 168 169
f 153 152 170
f 170 152 169
f 154 86 79
f 171 86 154
f 172 160 85
f 172 85 87
f 173 87 88
f 173 172 87
f 174 88 89
f 174 173 88
f 91 161 162
f 174 91 162
f 89 91 174
f 161 91 93
f 175 161 93
f 165 161 175
f 165 176 166
f 165 175 176
f 166 177 167
f 166 176 177
f 167 178 168
f 167 177 178
f 168 179 169
f 168 178 179
f 170 169 180
f 180 169 179
f 171 94 86
f 181 94 171
f 97 182 175
f 97 175 93
f 175 183 176
f 175 182 183
f 176 184 177
f 176 183 184
f 177 185 178
f 177 184 185
f 178 186 179
f 178 185 186
f 180 179 187
f 187 179 186
f 181 98 94
f 188 98 181
f 102 189 182
f 102 182 97
f 182 190 183
f 182 189 190
f 183 191 184
f 183 190 191
f 184 192 185
f 184 191 192
f 194 186 193
f 186 192 193
f 186 185 192
f 186 194 187
f 188 103 98
f 195 103 188
f 107 196 189
f 107 189 102
f 189 197 190
f 189 196 197
f 190 198 191
f 190 197 198
f 191 199 192
f 191 198 199
f 193 192 200
f 200 192 199
f 195 108 103
f 201 108 195
f 111 202 112
f 196 107 112
f 202 196 112
f 203 196 202
f 196 204 197
f 196 203 204
f 197 205 198
f 197 204 205
f 198 206 199
f 198 205 206
f 200 199 207
f 207 199 206
f 201 113 108
f 208 113 201
f 118 209 119
f 202 111 119
f 209 202 119
f 210 202 209
f 202 211 203
f 202 210 211
f 203 212 204
f 203 211 212
f 204 213 205
f 204 212 213
f 205 214 206
f 205 213 214
f 207 206 215
f 215 206 214
f 208 120 113
f 216 120 208
f 124 217 125
f 209 118 125
f 217 209 125
f 218 209 217
f 209 219 210
f 209 218 219
f 210 220 211
f 210 219 220
f 211 221 212
f 211 220 221
f 212 222 213
f 212 221 222
f 213 223 214
f 213 222 223
f 215 214 224
f 224 214 223
f 216 126 120
f 225 126 216
f 130 226 217
f 130 217 124
f 217 227 218
f 217 226 227
f 218 228 219
f 218 227 228
f 219 229 220
f 219 228 229
f 231 221 230
f 221 229 230
f 221 220 229
f 221 231 222
f 222 231 232
f 222 232 223
f 223 232 233
f 223 233 224
f 225 132 126
f 234 132 225
f 236 235 138
f 236 138 137
f 130 138 226
f 138 237 226
f 138 235 237
f 226 237 227
f 227 237 238
f 227 238 228
f 228 238 239
f 228 239 229
f 229 239 240
f 229 240 230
f 234 241 132
f 132 241 139
f 139 242 140
f 241 242 139
f 140 243 141
f 242 243 140
f 141 244 142
f 243 244 141
f 142 245 143
f 244 245 142
f 137 143 236
f 236 143 245
f 248 247 246
f 250 249 246
f 246 249 248
f 145 146 250
f 146 249 250
f 146 251 249
f 252 146 147
f 252 251 146
f 253 147 149
f 253 252 147
f 254 149 151
f 254 253 149
f 256 255 153
f 255 151 153
f 255 254 151
f 258 257 256
f 256 257 255
f 258 259 257
f 261 260 155
f 155 260 154
f 262 155 156
f 262 261 155
f 263 156 157
f 263 262 156
f 264 157 158
f 264 263 157
f 265 158 159
f 265 264 158
f 159 160 265
f 265 160 266
f 246 247 163
f 247 162 163
f 247 267 162
f 246 163 164
f 246 164 250
f 250 164 145
f 170 268 256
f 170 256 153
f 256 269 258
f 256 268 269
f 259 258 270
f 270 258 269
f 260 171 154
f 271 171 260
f 272 266 160
f 272 160 172
f 273 172 173
f 273 272 172
f 274 173 174
f 274 273 173
f 174 162 267
f 174 267 274
f 180 275 268
f 180 268 170
f 268 276 269
f 268 275 276
f 270 269 277
f 277 269 276
f 271 181 171
f 278 181 271
f 187 279 275
f 187 275 180
f 281 276 280
f 276 279 280
f 276 275 279
f 276 281 277
f 278 188 181
f 282 188 278
f 193 283 194
f 279 187 194
f 283 279 194
f 284 279 283
f 280 279 285
f 285 279 284
f 282 195 188
f 286 195 282
f 200 287 283
f 200 283 193
f 283 288 284
f 283 287 288
f 285 284 289
f 289 284 288
f 286 201 195
f 290 201 286
f 207 291 287
f 207 287 200
f 287 292 288
f 287 291 292
f 289 288 293
f 293 288 292
f 290 208 201
f 294 208 290
f 296 295 291
f 207 296 291
f 215 296 207
f 291 295 292
f 292 295 297
f 292 297 293
f 294 216 208
f 298 216 294
f 224 296 215
f 224 299 296
f 298 225 216
f 300 225 298
f 303 302 301
f 305 304 301
f 305 301 302
f 306 304 305
f 230 307 231
f 308 232 231
f 308 231 307
f 309 233 232
f 309 232 308
f 309 310 233
f 310 224 233
f 310 299 224
f 300 234 225
f 311 234 300
f 314 313 312
f 235 236 312
f 313 235 312
f 315 235 313
f 301 237 303
f 237 315 303
f 237 235 315
f 237 301 238
f 238 301 304
f 306 316 304
f 316 238 304
f 316 239 238
f 316 318 317
f 240 316 317
f 239 316 240
f 307 230 240
f 317 307 240
f 319 307 317
f 321 308 320
f 308 319 320
f 308 307 319
f 308 321 309
f 309 321 322
f 309 322 310
f 311 323 234
f 234 323 241
f 241 324 242
f 323 324 241
f 242 325 243
f 324 325 242
f 243 326 244
f 325 326 243
f 312 245 314
f 245 326 314
f 245 244 326
f 245 312 236
f 318 327 317
f 317 327 319
f 319 327 328
f 319 328 320
f 331 330 329
f 333 332 329
f 329 332 331
f 335 334 333
f 333 334 332
f 337 336 335
f 335 336 334
f 339 338 337
f 337 338 336
f 341 340 339
f 339 340 338
f 343 342 341
f 341 342 340
f 345 344 343
f 343 344 342
f 345 346 344
f 348 347 248
f 248 347 247
f 349 248 249
f 349 348 248
f 251 329 330
f 349 251 330
f 249 251 349
f 329 251 252
f 329 252 333
f 333 252 253
f 333 253 335
f 335 253 254
f 335 254 337
f 337 254 255
f 337 255 339
f 339 255 257
f 339 257 341
f 341 257 259
f 350 341 259
f 343 341 350
f 343 351 345
f 343 350 351
f 346 345 352
f 352 345 351
f 353 260 261
f 353 261 354
f 261 355 354
f 261 262 355
f 356 262 263
f 356 355 262
f 357 263 264
f 357 356 263
f 358 264 265
f 358 357 264
f 265 266 358
f 358 266 359
f 347 267 247
f 360 267 347
f 270 361 350
f 270 350 259
f 350 362 351
f 350 361 362
f 352 351 363
f 363 351 362
f 364 271 353
f 353 271 260
f 353 354 365
f 353 365 364
f 366 359 266
f 366 266 272
f 367 272 273
f 367 366 272
f 369 367 368
f 367 274 368
f 367 273 274
f 370 368 274
f 267 370 274
f 360 370 267
f 277 371 361
f 277 361 270
f 361 372 362
f 361 371 372
f 363 362 373
f 373 362 372
f 374 278 364
f 364 278 271
f 364 365 375
f 364 375 374
f 376 369 368
f 376 368 370
f 280 377 281
f 371 277 281
f 377 371 281
f 378 371 377
f 371 379 372
f 371 378 379
f 373 372 380
f 380 372 379
f 381 282 374
f 374 282 278
f 374 375 382
f 374 382 381
f 384 383 377
f 280 384 377
f 285 384 280
f 386 385 383
f 385 377 383
f 385 378 377
f 378 387 379
f 378 385 387
f 380 379 388
f 388 379 387
f 389 286 381
f 381 286 282
f 381 382 390
f 381 390 389
f 289 384 285
f 289 391 384
f 386 392 385
f 385 392 387
f 387 392 393
f 387 393 388
f 394 290 389
f 389 290 286
f 389 390 395
f 389 395 394
f 293 391 289
f 293 396 391
f 397 294 394
f 394 294 290
f 394 395 398
f 394 398 397
f 296 399 295
f 295 399 400
f 401 295 400
f 297 295 401
f 293 297 396
f 396 297 401
f 402 298 397
f 397 298 294
f 397 398 403
f 397 403 402
f 405 404 399
f 296 405 399
f 299 405 296
f 399 404 400
f 407 406 402
f 406 298 402
f 406 300 298
f 407 402 403
f 409 408 302
f 409 302 303
f 302 410 305
f 408 410 302
f 306 305 410
f 306 410 411
f 310 405 299
f 310 412 405
f 406 311 300
f 413 311 406
f 415 414 313
f 415 313 314
f 313 416 315
f 414 416 313
f 303 315 409
f 409 315 416
f 411 417 306
f 306 417 316
f 318 316 417
f 318 417 418
f 420 419 321
f 420 321 320
f 321 421 322
f 419 421 321
f 310 322 412
f 412 322 421
f 413 422 311
f 311 422 323
f 323 423 324
f 422 423 323
f 324 424 325
f 423 424 324
f 325 425 326
f 424 425 325
f 314 326 415
f 415 326 425
f 418 426 318
f 318 426 327
f 327 427 328
f 426 427 327
f 320 328 420
f 420 328 427
f 430 429 428
f 432 431 428
f 428 431 430
f 434 433 432
f 432 433 431
f 436 435 434
f 434 435 433
f 438 437 436
f 436 437 435
f 438 439 437
f 442 441 440
f 444 443 440
f 440 443 442
f 330 331 444
f 331 443 444
f 331 445 443
f 446 331 332
f 446 445 331
f 447 332 334
f 447 446 332
f 448 334 336
f 448 447 334
f 449 336 338
f 449 448 336
f 340 428 429
f 449 340 429
f 338 340 449
f 428 340 342
f 428 342 432
f 432 342 344
f 432 344 434
f 434 344 346
f 450 434 346
f 436 434 450
f 436 451 438
f 436 450 451
f 439 438 452
f 452 438 451
f 440 441 348
f 441 347 348
f 441 453 347
f 440 348 349
f 440 349 444
f 444 349 330
f 352 454 450
f 352 450 346
f 450 455 451
f 450 454 455
f 452 451 456
f 456 451 455
f 457 354 355
f 457 355 458
f 355 459 458
f 355 356 459
f 460 356 357
f 460 459 356
f 462 460 461
f 460 358 461
f 460 357 358
f 359 461 358
f 453 360 347
f 463 360 453
f 363 464 454
f 363 454 352
f 454 465 455
f 454 464 465
f 456 455 466
f 466 455 465
f 467 365 457
f 457 365 354
f 457 458 468
f 457 468 467
f 469 462 461
f 471 469 470
f 470 469 366
f 469 461 366
f 461 359 366
f 367 472 366
f 366 472 470
f 369 472 367
f 463 370 360
f 473 370 463
f 373 474 464
f 373 464 363
f 476 465 475
f 465 474 475
f 465 464 474
f 465 476 466
f 477 375 467
f 467 375 365
f 467 468 478
f 467 478 477
f 479 471 470
f 479 470 472
f 479 472 480
f 480 472 369
f 376 480 369
f 481 480 376
f 376 370 473
f 376 473 481
f 380 482 474
f 380 474 373
f 475 474 483
f 483 474 482
f 484 382 477
f 477 382 375
f 477 478 485
f 477 485 484
f 384 486 383
f 386 383 486
f 489 488 487
f 491 490 489
f 491 489 487
f 491 492 482
f 388 491 482
f 380 388 482
f 490 491 388
f 482 492 483
f 493 390 484
f 484 390 382
f 484 485 494
f 484 494 493
f 497 496 495
f 496 498 486
f 391 496 486
f 384 391 486
f 495 496 391
f 488 489 498
f 489 392 498
f 386 486 498
f 386 498 392
f 392 489 393
f 393 489 490
f 393 490 388
f 499 395 493
f 493 395 390
f 493 494 500
f 493 500 499
f 497 495 501
f 497 501 502
f 396 501 391
f 391 501 495
f 503 398 499
f 499 398 395
f 499 500 504
f 499 504 503
f 502 501 401
f 400 502 401
f 505 502 400
f 401 501 396
f 506 403 503
f 503 403 398
f 503 504 507
f 503 507 506
f 509 508 404
f 509 404 405
f 400 404 505
f 505 404 508
f 510 406 407
f 511 510 407
f 511 407 403
f 512 511 403
f 506 512 403
f 512 506 507
f 514 513 408
f 514 408 409
f 408 515 410
f 513 515 408
f 411 410 515
f 411 515 516
f 519 518 517
f 518 509 517
f 509 412 517
f 509 405 412
f 520 413 510
f 510 413 406
f 510 511 521
f 522 510 521
f 520 510 522
f 524 523 522
f 524 522 521
f 526 525 523
f 526 523 524
f 414 415 525
f 526 414 525
f 527 414 526
f 414 528 416
f 527 528 414
f 409 416 514
f 514 416 528
f 516 529 411
f 411 529 417
f 531 530 418
f 417 531 418
f 529 531 417
f 533 532 530
f 533 530 531
f 419 420 532
f 533 419 532
f 534 419 533
f 517 421 519
f 421 534 519
f 421 419 534
f 421 517 412
f 520 422 413
f 422 520 423
f 423 520 522
f 423 522 424
f 424 522 523
f 424 523 425
f 425 523 525
f 425 525 415
f 530 426 418
f 426 530 427
f 427 530 532
f 427 532 420
f 537 536 535
f 539 538 535
f 535 538 537
f 541 540 539
f 539 540 538
f 543 542 541
f 541 542 540
f 545 544 543
f 543 544 542
f 547 546 545
f 545 546 544
f 547 548 546
f 551 550 549
f 553 552 549
f 549 552 551
f 553 554 552
f 557 556 555
f 557 555 536
f 536 555 535
f 555 429 535
f 429 430 535
f 535 430 431
f 535 431 539
f 539 431 433
f 539 433 541
f 541 433 435
f 541 435 543
f 543 435 437
f 543 437 545
f 545 437 439
f 558 545 439
f 547 545 558
f 548 547 559
f 559 547 558
f 561 560 442
f 442 560 441
f 443 549 550
f 561 443 550
f 442 443 561
f 549 443 445
f 549 445 553
f 562 554 553
f 445 562 553
f 446 562 445
f 563 446 447
f 563 562 446
f 564 447 448
f 564 563 447
f 449 555 556
f 564 449 556
f 448 449 564
f 555 449 429
f 452 565 558
f 452 558 439
f 559 558 566
f 566 558 565
f 560 453 441
f 567 453 560
f 456 568 565
f 456 565 452
f 566 565 569
f 569 565 568
f 570 458 459
f 460 571 459
f 459 571 570
f 462 571 460
f 567 463 453
f 572 463 567
f 466 573 568
f 466 568 456
f 569 568 574
f 574 568 573
f 575 468 570
f 570 468 458
f 571 577 576
f 575 571 576
f 570 571 575
f 577 571 462
f 469 577 462
f 578 577 469
f 469 471 578
f 578 471 579
f 572 473 463
f 580 473 572
f 475 581 476
f 581 582 476
f 476 582 466
f 582 583 466
f 583 573 466
f 573 583 574
f 584 478 575
f 575 478 468
f 575 576 585
f 575 585 584
f 586 579 471
f 586 471 479
f 587 479 480
f 587 586 479
f 588 480 481
f 588 587 480
f 481 473 580
f 481 580 588
f 591 590 589
f 593 592 589
f 593 589 590
f 594 592 593
f 596 595 581
f 475 596 581
f 483 596 475
f 581 595 582
f 597 485 584
f 584 485 478
f 584 585 598
f 584 598 597
f 601 600 599
f 599 600 591
f 589 599 591
f 602 599 589
f 488 602 487
f 602 592 487
f 602 589 592
f 594 603 592
f 603 487 592
f 603 491 487
f 491 604 492
f 603 604 491
f 483 492 596
f 596 492 604
f 605 494 597
f 597 494 485
f 597 598 606
f 597 606 605
f 601 599 496
f 497 601 496
f 607 601 497
f 496 599 498
f 498 599 602
f 498 602 488
f 608 500 605
f 605 500 494
f 605 606 609
f 605 609 608
f 612 611 610
f 611 607 610
f 607 502 610
f 607 497 502
f 614 613 608
f 613 500 608
f 613 504 500
f 614 608 609
f 612 610 615
f 612 615 616
f 505 615 502
f 502 615 610
f 613 507 504
f 617 507 613
f 620 619 618
f 621 618 619
f 624 623 622
f 622 623 616
f 622 616 615
f 509 622 615
f 508 509 615
f 508 615 505
f 625 511 512
f 626 625 512
f 507 626 512
f 617 626 507
f 629 628 627
f 627 628 620
f 627 620 618
f 514 627 618
f 513 514 618
f 621 630 618
f 630 513 618
f 630 515 513
f 632 631 516
f 515 632 516
f 630 632 515
f 633 631 632
f 624 622 518
f 519 624 518
f 634 624 519
f 518 622 509
f 625 521 511
f 626 635 625
f 635 521 625
f 635 524 521
f 524 636 526
f 635 636 524
f 526 637 527
f 636 637 526
f 627 528 629
f 528 637 629
f 528 527 637
f 528 627 514
f 631 529 516
f 633 638 631
f 638 529 631
f 638 531 529
f 531 639 533
f 638 639 531
f 533 640 534
f 639 640 533
f 519 534 634
f 634 534 640
f 643 642 641
f 645 644 641
f 641 644 643
f 647 646 645
f 645 646 644
f 649 648 647
f 647 648 646
f 651 650 649
f 649 650 648
f 653 652 651
f 651 652 650
f 653 654 652
f 656 655 537
f 537 655 536
f 538 641 642
f 656 538 642
f 537 538 656
f 641 538 540
f 641 540 645
f 645 540 542
f 645 542 647
f 647 542 544
f 647 544 649
f 649 544 546
f 649 546 651
f 651 546 548
f 657 651 548
f 653 651 657
f 654 653 658
f 658 653 657
f 661 660 659
f 550 551 659
f 551 661 659
f 551 662 661
f 663 551 552
f 663 662 551
f 552 554 663
f 663 554 664
f 667 666 665
f 669 668 665
f 665 668 667
f 556 557 669
f 557 668 669
f 557 670 668
f 557 536 655
f 557 655 670
f 559 671 657
f 559 657 548
f 658 657 672
f 672 657 671
f 659 660 561
f 660 560 561
f 660 673 560
f 659 561 550
f 674 664 554
f 674 554 562
f 563 665 666
f 674 563 666
f 562 563 674
f 665 563 564
f 665 564 669
f 669 564 556
f 566 675 671
f 566 671 559
f 672 671 676
f 676 671 675
f 673 567 560
f 677 567 673
f 569 678 675
f 569 675 566
f 676 675 679
f 679 675 678
f 677 572 567
f 680 572 677
f 574 681 678
f 574 678 569
f 679 678 682
f 682 678 681
f 683 576 577
f 578 684 577
f 577 684 683
f 579 684 578
f 680 580 572
f 685 580 680
f 688 687 686
f 689 686 687
f 582 690 583
f 690 691 583
f 583 691 574
f 691 692 574
f 692 681 574
f 681 692 682
f 694 693 683
f 693 576 683
f 693 585 576
f 694 683 684
f 694 684 695
f 695 684 579
f 586 695 579
f 696 695 586
f 697 586 587
f 697 696 586
f 698 587 588
f 698 697 587
f 588 580 685
f 588 685 698
f 701 700 699
f 590 591 699
f 700 590 699
f 702 590 700
f 686 593 688
f 593 702 688
f 593 590 702
f 704 703 594
f 704 594 593
f 689 704 593
f 686 689 593
f 706 705 703
f 706 703 704
f 595 596 705
f 706 595 705
f 707 595 706
f 582 595 690
f 595 708 690
f 595 707 708
f 690 708 691
f 693 598 585
f 709 598 693
f 701 699 600
f 601 701 600
f 710 701 601
f 600 699 591
f 703 603 594
f 603 703 604
f 604 703 705
f 604 705 596
f 709 606 598
f 711 606 709
f 714 713 712
f 713 710 712
f 710 607 712
f 710 601 607
f 711 609 606
f 715 609 711
f 714 712 611
f 612 714 611
f 716 714 612
f 611 712 607
f 717 613 614
f 718 717 614
f 609 718 614
f 715 718 609
f 721 720 719
f 723 722 719
f 723 719 720
f 723 716 722
f 716 616 722
f 716 612 616
f 724 617 717
f 717 617 613
f 717 718 725
f 717 725 724
f 727 726 619
f 727 619 620
f 621 619 726
f 621 726 728
f 721 719 729
f 721 729 730
f 624 729 623
f 729 722 623
f 729 719 722
f 623 722 616
f 731 626 724
f 724 626 617
f 724 725 732
f 733 724 732
f 731 724 733
f 735 734 733
f 735 733 732
f 628 629 734
f 735 628 734
f 736 628 735
f 620 628 727
f 727 628 736
f 728 737 621
f 621 737 630
f 630 738 632
f 737 738 630
f 633 632 738
f 633 738 739
f 730 729 740
f 730 740 741
f 634 740 624
f 624 740 729
f 731 635 626
f 635 731 636
f 636 731 733
f 636 733 637
f 637 733 734
f 637 734 629
f 739 742 633
f 633 742 638
f 638 743 639
f 742 743 638
f 740 640 741
f 640 743 741
f 640 639 743
f 640 740 634
f 746 745 744
f 748 747 744
f 744 747 746
f 750 749 748
f 748 749 747
f 752 751 750
f 750 751 749
f 752 753 751
f 756 755 754
f 642 643 754
f 643 756 754
f 643 757 756
f 758 643 644
f 758 757 643
f 759 644 646
f 759 758 644
f 648 744 745
f 759 648 745
f 646 648 759
f 744 648 650
f 744 650 748
f 748 650 652
f 748 652 750
f 750 652 654
f 760 750 654
f 752 750 760
f 753 752 761
f 761 752 760
f 764 763 762
f 766 765 762
f 762 765 764
f 765 766 755
f 755 766 754
f 766 655 754
f 655 656 754
f 754 656 642
f 658 767 760
f 658 760 654
f 761 760 768
f 768 760 767
f 770 769 661
f 661 769 660
f 771 661 662
f 771 770 661
f 772 662 663
f 772 771 662
f 663 664 772
f 772 664 773
f 775 774 667
f 667 774 666
f 668 762 763
f 775 668 763
f 667 668 775
f 762 668 670
f 762 670 766
f 766 670 655
f 672 776 767
f 672 767 658
f 768 767 777
f 777 767 776
f 769 673 660
f 778 673 769
f 779 773 664
f 779 664 674
f 674 666 774
f 674 774 779
f 676 780 776
f 676 776 672
f 777 776 781
f 781 776 780
f 778 677 673
f 782 677 778
f 679 783 780
f 679 780 676
f 781 780 784
f 784 780 783
f 782 680 677
f 785 680 782
f 682 786 783
f 682 783 679
f 784 783 787
f 787 783 786
f 785 685 680
f 788 685 785
f 791 790 789
f 793 792 789
f 793 789 790
f 687 688 792
f 793 687 792
f 794 687 793
f 689 687 794
f 689 794 795
f 797 796 692
f 797 692 691
f 682 692 786
f 692 798 786
f 692 796 798
f 786 798 787
f 799 693 694
f 695 800 694
f 694 800 799
f 696 801 695
f 695 801 800
f 801 696 802
f 696 803 802
f 696 697 803
f 804 697 698
f 804 803 697
f 698 685 788
f 698 788 804
f 791 789 700
f 701 791 700
f 805 791 701
f 700 789 702
f 702 789 792
f 702 792 688
f 795 806 689
f 689 806 704
f 704 807 706
f 806 807 704
f 706 808 707
f 807 808 706
f 707 809 708
f 808 809 707
f 691 708 797
f 797 708 809
f 810 709 799
f 799 709 693
f 811 799 800
f 810 799 811
f 801 813 812
f 811 801 812
f 800 801 811
f 813 801 802
f 816 815 814
f 815 805 814
f 805 710 814
f 805 701 710
f 817 711 810
f 810 711 709
f 818 810 811
f 817 810 818
f 811 812 819
f 811 819 818
f 816 814 713
f 714 816 713
f 820 816 714
f 713 814 710
f 821 715 817
f 817 715 711
f 822 817 818
f 821 817 822
f 818 819 823
f 824 818 823
f 822 818 824
f 825 824 823
f 828 827 826
f 827 820 826
f 820 716 826
f 820 714 716
f 829 718 821
f 821 718 715
f 830 821 822
f 829 821 830
f 824 832 831
f 830 824 831
f 822 824 830
f 832 824 825
f 834 833 720
f 834 720 721
f 826 723 828
f 723 833 828
f 723 720 833
f 723 826 716
f 835 725 829
f 829 725 718
f 830 837 836
f 835 830 836
f 829 830 835
f 837 830 831
f 839 838 726
f 839 726 727
f 728 726 838
f 728 838 840
f 730 834 721
f 730 841 834
f 835 732 725
f 836 842 835
f 842 732 835
f 842 735 732
f 735 843 736
f 842 843 735
f 727 736 839
f 839 736 843
f 840 844 728
f 728 844 737
f 737 845 738
f 844 845 737
f 847 846 739
f 738 847 739
f 845 847 738
f 849 848 846
f 849 846 847
f 849 841 848
f 841 741 848
f 841 730 741
f 846 742 739
f 742 846 743
f 743 846 848
f 743 848 741
f 852 851 850
f 854 853 850
f 850 853 852
f 854 855 853
f 858 857 856
f 860 859 856
f 856 859 858
f 862 861 860
f 860 861 859
f 861 862 851
f 862 850 851
f 862 863 850
f 850 864 854
f 850 863 864
f 855 854 865
f 854 866 865
f 854 864 866
f 866 867 865
f 870 869 868
f 872 871 868
f 868 871 870
f 874 873 872
f 872 873 871
f 876 875 874
f 874 875 873
f 878 877 876
f 876 877 875
f 877 878 857
f 857 878 856
f 878 745 856
f 745 746 856
f 856 746 747
f 856 747 860
f 860 747 749
f 860 749 862
f 862 749 751
f 862 751 863
f 863 751 753
f 879 863 753
f 864 863 879
f 864 880 866
f 864 879 880
f 867 866 881
f 881 866 880
f 884 883 882
f 884 882 869
f 882 868 869
f 882 885 868
f 885 755 756
f 872 885 756
f 868 885 872
f 872 756 757
f 872 757 874
f 874 757 758
f 874 758 876
f 876 758 759
f 876 759 878
f 878 759 745
f 761 886 879
f 761 879 753
f 888 880 887
f 880 886 887
f 880 879 886
f 880 888 881
f 882 883 764
f 883 763 764
f 883 889 763
f 882 764 765
f 882 765 885
f 885 765 755
f 768 890 886
f 768 886 761
f 887 886 891
f 891 886 890
f 893 892 770
f 770 892 769
f 894 770 771
f 894 893 770
f 895 771 772
f 895 894 771
f 772 773 895
f 895 773 896
f 898 897 775
f 775 897 774
f 775 763 889
f 775 889 898
f 777 899 890
f 777 890 768
f 891 890 900
f 900 890 899
f 892 778 769
f 901 778 892
f 902 896 773
f 902 773 779
f 779 774 897
f 779 897 902
f 781 903 899
f 781 899 777
f 900 899 904
f 904 899 903
f 901 782 778
f 905 782 901
f 784 906 903
f 784 903 781
f 904 903 907
f 907 903 906
f 905 785 782
f 908 785 905
f 911 910 909
f 913 912 909
f 913 909 910
f 915 914 912
f 915 912 913
f 917 916 914
f 917 914 915
f 918 916 917
f 920 919 906
f 784 920 906
f 787 920 784
f 906 919 907
f 923 922 921
f 925 924 921
f 921 924 923
f 908 924 925
f 788 908 925
f 785 908 788
f 911 909 790
f 791 911 790
f 926 911 791
f 790 909 793
f 793 909 912
f 793 912 794
f 794 912 914
f 794 914 795
f 914 927 795
f 914 916 927
f 916 918 928
f 916 928 927
f 931 930 929
f 796 797 929
f 930 796 929
f 932 796 930
f 796 933 798
f 932 933 796
f 787 798 920
f 920 798 933
f 921 922 803
f 922 802 803
f 922 934 802
f 921 803 804
f 921 804 925
f 925 804 788
f 937 936 935
f 936 926 935
f 926 805 935
f 926 791 805
f 927 806 795
f 928 938 927
f 938 806 927
f 938 807 806
f 807 939 808
f 938 939 807
f 929 809 931
f 809 939 931
f 809 808 939
f 809 929 797
f 940 812 813
f 941 940 813
f 802 941 813
f 934 941 802
f 937 935 815
f 816 937 815
f 942 937 816
f 815 935 805
f 943 819 940
f 940 819 812
f 940 941 944
f 940 944 943
f 820 942 816
f 820 945 942
f 943 823 819
f 825 823 943
f 944 825 943
f 946 825 944
f 949 948 947
f 827 828 947
f 948 827 947
f 950 827 948
f 820 827 945
f 945 827 950
f 951 831 832
f 952 951 832
f 825 952 832
f 946 952 825
f 949 947 833
f 834 949 833
f 953 949 834
f 833 947 828
f 954 836 837
f 831 951 837
f 951 954 837
f 951 955 954
f 956 838 839
f 951 956 839
f 955 951 839
f 956 951 952
f 958 957 840
f 838 958 840
f 956 958 838
f 959 957 958
f 962 961 960
f 961 953 960
f 953 841 960
f 953 834 841
f 954 842 836
f 842 954 843
f 843 954 955
f 843 955 839
f 957 844 840
f 959 963 957
f 963 844 957
f 963 845 844
f 845 964 847
f 963 964 845
f 960 849 962
f 849 964 962
f 849 847 964
f 849 960 841
f 967 966 965
f 969 968 965
f 965 968 967
f 969 970 968
f 973 972 971
f 973 971 966
f 971 965 966
f 971 974 965
f 965 975 969
f 965 974 975
f 970 969 976
f 976 969 975
f 979 978 977
f 981 980 977
f 977 980 979
f 983 982 981
f 981 982 980
f 985 984 983
f 983 984 982
f 984 985 972
f 972 985 971
f 985 851 971
f 851 852 971
f 971 852 853
f 971 853 974
f 974 853 855
f 986 974 855
f 975 974 986
f 976 975 987
f 987 975 986
f 990 989 988
f 992 991 988
f 988 991 990
f 991 992 978
f 992 977 978
f 992 993 977
f 993 857 858
f 981 993 858
f 977 993 981
f 981 858 859
f 981 859 983
f 983 859 861
f 983 861 985
f 985 861 851
f 865 986 855
f 865 867 986
f 867 987 986
f 867 994 987
f 997 996 995
f 869 870 995
f 870 997 995
f 870 998 997
f 999 870 871
f 999 998 870
f 873 988 989
f 999 873 989
f 871 873 999
f 988 873 875
f 988 875 992
f 992 875 877
f 992 877 993
f 993 877 857
f 881 994 867
f 881 1000 994
f 995 996 884
f 996 883 884
f 996 1001 883
f 995 884 869
f 887 1002 888
f 1002 1003 888
f 1003 881 888
f 1003 1000 881
f 1006 1005 1004
f 1008 1007 1004
f 1004 1007 1006
f 1008 1009 1007
f 1012 1011 1010
f 1001 1012 1010
f 889 1001 1010
f 883 1001 889
f 891 1013 1002
f 891 1002 887
f 1003 1002 1014
f 1014 1002 1013
f 1015 892 893
f 1005 1016 1004
f 1016 893 1004
f 893 894 1004
f 893 1016 1015
f 1004 894 895
f 1004 895 1008
f 1018 1017 896
f 896 1017 895
f 1017 1009 895
f 1009 1008 895
f 1017 1018 1011
f 1011 1018 1010
f 1018 897 1010
f 897 898 1010
f 1010 898 889
f 900 1019 1013
f 900 1013 891
f 1014 1013 1020
f 1020 1013 1019
f 1022 1021 1015
f 1021 892 1015
f 1021 901 892
f 1022 1015 1016
f 902 1018 896
f 1018 902 897
f 904 1023 1019
f 904 1019 900
f 1020 1019 1024
f 1024 1019 1023
f 1021 905 901
f 1025 905 1021
f 1028 1027 1026
f 1030 1029 1026
f 1030 1026 1027
f 1032 1031 1029
f 1032 1029 1030
f 1033 1031 1032
f 907 1034 1023
f 907 1023 904
f 1024 1023 1035
f 1035 1023 1034
f 1025 908 905
f 1036 908 1025
f 1038 1037 910
f 1038 910 911
f 1026 913 1028
f 913 1037 1028
f 913 910 1037
f 913 1026 915
f 915 1026 1029
f 915 1029 917
f 917 1029 1031
f 1040 1039 918
f 1040 918 917
f 1033 1040 917
f 1031 1033 917
f 1041 1039 1040
f 1044 1043 1042
f 1046 1045 1042
f 1046 1042 1043
f 1047 919 920
f 1048 1045 1046
f 1034 907 919
f 1047 1034 919
f 1049 1034 1047
f 1035 1034 1050
f 1050 1034 1049
f 1052 1051 923
f 923 1051 922
f 1053 923 924
f 1053 1052 923
f 924 908 1036
f 924 1036 1053
f 1056 1055 1054
f 1055 1038 1054
f 1038 926 1054
f 1038 911 926
f 1057 928 1039
f 1039 928 918
f 1039 1041 1058
f 1059 1039 1058
f 1057 1039 1059
f 930 931 1059
f 1058 930 1059
f 1060 930 1058
f 1042 932 1044
f 932 1060 1044
f 932 930 1060
f 932 1042 933
f 933 1042 1045
f 1045 1048 933
f 1048 1061 933
f 1047 920 933
f 1047 933 1061
f 1047 1061 1049
f 1049 1061 1062
f 1049 1062 1050
f 1051 934 922
f 1063 934 1051
f 1056 1054 936
f 937 1056 936
f 1064 1056 937
f 936 1054 926
f 1057 938 928
f 938 1057 939
f 939 1057 1059
f 939 1059 931
f 1063 941 934
f 1065 941 1063
f 942 1064 937
f 942 1066 1064
f 1065 944 941
f 1067 944 1065
f 1070 1069 1068
f 1072 1071 1068
f 1072 1068 1069
f 1072 1066 1071
f 1066 945 1071
f 1066 942 945
f 1067 946 944
f 1073 946 1067
f 1076 1075 1074
f 1074 1075 1070
f 1074 1070 1068
f 949 1074 1068
f 948 949 1068
f 948 1068 950
f 950 1068 1071
f 950 1071 945
f 1073 952 946
f 1077 952 1073
f 1076 1074 1078
f 1076 1078 1079
f 953 1078 949
f 949 1078 1074
f 1077 1080 952
f 952 1080 956
f 956 1081 958
f 1080 1081 956
f 1083 1082 959
f 958 1083 959
f 1081 1083 958
f 1085 1084 1082
f 1085 1082 1083
f 1084 1085 1079
f 1084 1079 1078
f 962 1084 1078
f 961 962 1078
f 961 1078 953
f 1082 963 959
f 963 1082 964
f 964 1082 1084
f 964 1084 962
f 1088 1087 1086
f 1090 1089 1086
f 1086 1089 1088
f 1090 1091 1089
f 1094 1093 1092
f 1094 1092 1087
f 1092 1086 1087
f 1092 1095 1086
f 1086 1096 1090
f 1086 1095 1096
f 1091 1090 1097
f 1090 1098 1097
f 1090 1096 1098
f 1098 1099 1097
f 1102 1101 1100
f 1102 1100 1093
f 1093 1100 1092
f 1100 966 1092
f 966 967 1092
f 1092 967 968
f 1092 968 1095
f 1095 968 970
f 1103 1095 970
f 1096 1095 1103
f 1096 1104 1098
f 1096 1103 1104
f 1099 1098 1105
f 1105 1098 1104
f 1108 1107 1106
f 1108 1106 1101
f 1101 1106 1100
f 1106 972 1100
f 972 973 1100
f 1100 973 966
f 976 1109 1103
f 976 1103 970
f 1103 1110 1104
f 1103 1109 1110
f 1105 1104 1111
f 1111 1104 1110
f 1113 1112 979
f 979 1112 978
f 1114 979 980
f 1114 1113 979
f 1115 980 982
f 1115 1114 980
f 984 1106 1107
f 1115 984 1107
f 982 984 1115
f 1106 984 972
f 987 1116 1109
f 987 1109 976
f 1109 1117 1110
f 1109 1116 1117
f 1111 1110 1118
f 1118 1110 1117
f 1121 1120 1119
f 1123 1122 1119
f 1119 1122 1121
f 1125 1124 1123
f 1123 1124 1122
f 989 990 1125
f 990 1124 1125
f 990 1126 1124
f 1127 990 991
f 1127 1126 990
f 991 978 1112
f 991 1112 1127
f 994 1128 1116
f 994 1116 987
f 1116 1129 1117
f 1116 1128 1129
f 1118 1117 1130
f 1130 1117 1129
f 1119 1120 997
f 1120 996 997
f 1120 1131 996
f 1119 997 998
f 1119 998 1123
f 1123 998 999
f 1123 999 1125
f 1125 999 989
f 1000 1132 1128
f 1000 1128 994
f 1128 1133 1129
f 1128 1132 1133
f 1130 1129 1134
f 1134 1129 1133
f 1137 1136 1135
f 1131 1137 1135
f 1001 1131 1135
f 996 1131 1001
f 1003 1138 1132
f 1003 1132 1000
f 1132 1139 1133
f 1132 1138 1139
f 1134 1133 1140
f 1140 1133 1139
f 1142 1141 1006
f 1006 1141 1005
f 1143 1006 1007
f 1143 1142 1006
f 1007 1009 1143
f 1143 1009 1144
f 1135 1136 1012
f 1136 1011 1012
f 1136 1145 1011
f 1135 1012 1001
f 1014 1146 1138
f 1014 1138 1003
f 1148 1139 1147
f 1139 1146 1147
f 1139 1138 1146
f 1139 1148 1140
f 1141 1016 1005
f 1149 1016 1141
f 1150 1144 1009
f 1150 1009 1017
f 1017 1011 1145
f 1017 1145 1150
f 1020 1151 1146
f 1020 1146 1014
f 1147 1146 1152
f 1152 1146 1151
f 1154 1153 1022
f 1022 1153 1021
f 1022 1016 1149
f 1022 1149 1154
f 1156 1155 1151
f 1020 1156 1151
f 1024 1156 1020
f 1151 1155 1152
f 1153 1025 1021
f 1157 1025 1153
f 1160 1159 1158
f 1027 1028 1158
f 1159 1027 1158
f 1161 1027 1159
f 1027 1162 1030
f 1161 1162 1027
f 1030 1163 1032
f 1162 1163 1030
f 1033 1032 1163
f 1033 1163 1164
f 1167 1166 1165
f 1169 1168 1165
f 1169 1165 1166
f 1169 1156 1168
f 1156 1035 1168
f 1156 1024 1035
f 1171 1036 1170
f 1036 1157 1170
f 1036 1025 1157
f 1173 1172 1171
f 1173 1171 1170
f 1174 1172 1173
f 1160 1158 1037
f 1038 1160 1037
f 1175 1160 1038
f 1037 1158 1028
f 1164 1176 1033
f 1033 1176 1040
f 1178 1177 1041
f 1040 1178 1041
f 1176 1178 1040
f 1180 1179 1177
f 1180 1177 1178
f 1043 1044 1179
f 1180 1043 1179
f 1181 1043 1180
f 1043 1182 1046
f 1181 1182 1043
f 1165 1183 1048
f 1182 1165 1048
f 1046 1182 1048
f 1167 1165 1182
f 1184 1165 1168
f 1183 1165 1184
f 1050 1184 1035
f 1035 1184 1168
f 1185 1051 1052
f 1053 1186 1052
f 1052 1186 1185
f 1036 1171 1053
f 1171 1186 1053
f 1171 1187 1186
f 1188 1171 1172
f 1187 1171 1188
f 1172 1174 1189
f 1172 1189 1188
f 1191 1190 1055
f 1191 1055 1056
f 1038 1055 1175
f 1175 1055 1190
f 1177 1058 1041
f 1058 1177 1060
f 1060 1177 1179
f 1060 1179 1044
f 1183 1061 1048
f 1061 1183 1062
f 1062 1183 1184
f 1062 1184 1050
f 1192 1063 1185
f 1185 1063 1051
f 1193 1185 1186
f 1192 1185 1193
f 1194 1186 1187
f 1193 1186 1194
f 1188 1196 1195
f 1194 1188 1195
f 1187 1188 1194
f 1196 1188 1189
f 1064 1191 1056
f 1064 1197 1191
f 1198 1065 1192
f 1192 1065 1063
f 1199 1192 1193
f 1198 1192 1199
f 1200 1193 1194
f 1199 1193 1200
f 1194 1195 1201
f 1194 1201 1200
f 1066 1197 1064
f 1066 1202 1197
f 1203 1067 1198
f 1198 1067 1065
f 1199 1205 1204
f 1203 1199 1204
f 1198 1199 1203
f 1205 1199 1200
f 1205 1200 1206
f 1206 1200 1201
f 1208 1207 1069
f 1208 1069 1070
f 1069 1209 1072
f 1207 1209 1069
f 1066 1072 1202
f 1202 1072 1209
f 1210 1073 1203
f 1203 1073 1067
f 1203 1204 1211
f 1212 1203 1211
f 1210 1203 1212
f 1213 1212 1211
f 1215 1214 1075
f 1215 1075 1076
f 1070 1075 1208
f 1208 1075 1214
f 1216 1077 1210
f 1210 1077 1073
f 1217 1210 1212
f 1216 1210 1217
f 1212 1213 1218
f 1219 1212 1218
f 1217 1212 1219
f 1221 1220 1219
f 1221 1219 1218
f 1221 1215 1220
f 1215 1079 1220
f 1215 1076 1079
f 1216 1080 1077
f 1080 1216 1081
f 1081 1216 1217
f 1081 1217 1083
f 1083 1217 1219
f 1083 1219 1085
f 1085 1219 1220
f 1085 1220 1079
f 1224 1223 1222
f 1087 1088 1222
f 1088 1224 1222
f 1088 1225 1224
f 1226 1088 1089
f 1226 1225 1088
f 1228 1227 1091
f 1227 1089 1091
f 1227 1226 1089
f 1228 1229 1227
f 1232 1231 1230
f 1232 1230 1223
f 1223 1230 1222
f 1230 1093 1222
f 1093 1094 1222
f 1222 1094 1087
f 1097 1228 1091
f 1097 1099 1228
f 1099 1229 1228
f 1099 1233 1229
f 1230 1231 1102
f 1231 1101 1102
f 1231 1234 1101
f 1230 1102 1093
f 1105 1236 1235
f 1233 1105 1235
f 1099 1105 1233
f 1236 1237 1235
f 1240 1239 1238
f 1107 1108 1238
f 1108 1240 1238
f 1108 1241 1240
f 1108 1101 1234
f 1108 1234 1241
f 1111 1242 1236
f 1111 1236 1105
f 1237 1236 1243
f 1243 1236 1242
f 1246 1245 1244
f 1248 1247 1244
f 1244 1247 1246
f 1112 1113 1248
f 1113 1247 1248
f 1113 1249 1247
f 1250 1113 1114
f 1250 1249 1113
f 1115 1238 1239
f 1250 1115 1239
f 1114 1115 1250
f 1238 1115 1107
f 1118 1251 1242
f 1118 1242 1111
f 1243 1242 1252
f 1252 1242 1251
f 1254 1253 1121
f 1121 1253 1120
f 1255 1121 1122
f 1255 1254 1121
f 1256 1122 1124
f 1256 1255 1122
f 1126 1244 1245
f 1256 1126 1245
f 1124 1126 1256
f 1244 1126 1127
f 1244 1127 1248
f 1248 1127 1112
f 1130 1257 1251
f 1130 1251 1118
f 1252 1251 1258
f 1258 1251 1257
f 1261 1260 1259
f 1253 1261 1259
f 1131 1253 1259
f 1120 1253 1131
f 1263 1262 1257
f 1130 1263 1257
f 1134 1263 1130
f 1257 1262 1258
f 1259 1260 1137
f 1260 1136 1137
f 1260 1264 1136
f 1259 1137 1131
f 1140 1263 1134
f 1140 1265 1263
f 1267 1266 1142
f 1142 1266 1141
f 1268 1142 1143
f 1268 1267 1142
f 1143 1144 1268
f 1268 1144 1269
f 1264 1145 1136
f 1270 1145 1264
f 1272 1271 1148
f 1272 1148 1147
f 1140 1148 1265
f 1265 1148 1271
f 1266 1149 1141
f 1273 1149 1266
f 1274 1269 1144
f 1274 1144 1150
f 1150 1145 1270
f 1150 1270 1274
f 1277 1276 1275
f 1279 1278 1275
f 1279 1275 1276
f 1279 1272 1278
f 1272 1152 1278
f 1272 1147 1152
f 1280 1153 1154
f 1281 1280 1154
f 1149 1281 1154
f 1273 1281 1149
f 1284 1283 1282
f 1282 1283 1277
f 1275 1282 1277
f 1285 1282 1275
f 1156 1285 1155
f 1285 1278 1155
f 1285 1275 1278
f 1155 1278 1152
f 1286 1157 1280
f 1280 1157 1153
f 1280 1281 1287
f 1288 1280 1287
f 1286 1280 1288
f 1289 1288 1287
f 1291 1290 1159
f 1291 1159 1160
f 1159 1292 1161
f 1290 1292 1159
f 1161 1293 1162
f 1292 1293 1161
f 1162 1294 1163
f 1293 1294 1162
f 1164 1163 1294
f 1164 1294 1295
f 1298 1297 1296
f 1300 1299 1296
f 1300 1296 1297
f 1299 1300 1284
f 1299 1284 1282
f 1167 1299 1282
f 1166 1167 1282
f 1166 1282 1169
f 1169 1282 1285
f 1169 1285 1156
f 1286 1170 1157
f 1170 1286 1173
f 1173 1286 1288
f 1174 1173 1288
f 1289 1174 1288
f 1301 1174 1289
f 1175 1291 1160
f 1175 1302 1291
f 1295 1303 1164
f 1164 1303 1176
f 1176 1304 1178
f 1303 1304 1176
f 1178 1305 1180
f 1304 1305 1178
f 1296 1181 1298
f 1181 1305 1298
f 1181 1180 1305
f 1181 1296 1182
f 1182 1296 1299
f 1182 1299 1167
f 1308 1307 1306
f 1301 1308 1306
f 1189 1301 1306
f 1174 1301 1189
f 1311 1310 1309
f 1190 1191 1309
f 1310 1190 1309
f 1312 1190 1310
f 1175 1190 1302
f 1302 1190 1312
f 1306 1307 1196
f 1307 1195 1196
f 1307 1313 1195
f 1306 1196 1189
f 1311 1309 1314
f 1311 1314 1315
f 1197 1314 1191
f 1191 1314 1309
f 1313 1201 1195
f 1316 1201 1313
f 1319 1318 1317
f 1317 1318 1315
f 1314 1317 1315
f 1320 1317 1314
f 1202 1320 1197
f 1197 1320 1314
f 1321 1204 1205
f 1206 1322 1205
f 1205 1322 1321
f 1201 1316 1323
f 1322 1201 1323
f 1324 1322 1323
f 1206 1201 1322
f 1326 1325 1324
f 1326 1324 1323
f 1325 1326 1319
f 1325 1319 1317
f 1208 1325 1317
f 1207 1208 1317
f 1207 1317 1209
f 1209 1317 1320
f 1209 1320 1202
f 1321 1211 1204
f 1211 1321 1213
f 1321 1327 1213
f 1321 1322 1327
f 1328 1322 1324
f 1327 1322 1328
f 1215 1328 1214
f 1328 1325 1214
f 1328 1324 1325
f 1214 1325 1208
f 1327 1218 1213
f 1218 1327 1221
f 1221 1327 1328
f 1221 1328 1215
f 1331 1330 1329
f 1333 1332 1329
f 1329 1332 1331
f 1335 1334 1333
f 1333 1334 1332
f 1337 1336 1335
f 1335 1336 1334
f 1339 1338 1337
f 1337 1338 1336
f 1339 1340 1338
f 1343 1342 1341
f 1343 1341 1330
f 1330 1341 1329
f 1341 1223 1329
f 1223 1224 1329
f 1329 1224 1225
f 1329 1225 1333
f 1333 1225 1226
f 1333 1226 1335
f 1335 1226 1227
f 1335 1227 1337
f 1337 1227 1229
f 1344 1337 1229
f 1339 1337 1344
f 1340 1339 1345
f 1345 1339 1344
f 1341 1342 1232
f 1342 1231 1232
f 1342 1346 1231
f 1341 1232 1223
f 1233 1347 1344
f 1233 1344 1229
f 1345 1344 1348
f 1348 1344 1347
f 1351 1350 1349
f 1346 1351 1349
f 1234 1346 1349
f 1231 1346 1234
f 1235 1347 1233
f 1353 1352 1237
f 1237 1352 1235
f 1352 1348 1235
f 1348 1347 1235
f 1353 1354 1352
f 1357 1356 1355
f 1239 1240 1355
f 1240 1357 1355
f 1240 1358 1357
f 1241 1349 1350
f 1358 1241 1350
f 1240 1241 1358
f 1349 1241 1234
f 1243 1359 1353
f 1243 1353 1237
f 1354 1353 1360
f 1360 1353 1359
f 1362 1361 1246
f 1246 1361 1245
f 1363 1246 1247
f 1363 1362 1246
f 1364 1247 1249
f 1364 1363 1247
f 1250 1355 1356
f 1364 1250 1356
f 1249 1250 1364
f 1355 1250 1239
f 1366 1365 1359
f 1243 1366 1359
f 1252 1366 1243
f 1359 1365 1360
f 1369 1368 1367
f 1253 1254 1367
f 1254 1369 1367
f 1254 1370 1369
f 1371 1254 1255
f 1371 1370 1254
f 1372 1255 1256
f 1372 1371 1255
f 1256 1245 1361
f 1256 1361 1372
f 1258 1366 1252
f 1258 1373 1366
f 1376 1375 1374
f 1378 1377 1374
f 1374 1377 1376
f 1377 1378 1368
f 1368 1378 1367
f 1378 1260 1367
f 1260 1261 1367
f 1367 1261 1253
f 1263 1379 1262
f 1379 1380 1262
f 1380 1258 1262
f 1380 1373 1258
f 1374 1375 1381
f 1381 1375 1382
f 1374 1383 1378
f 1374 1381 1383
f 1383 1264 1260
f 1383 1260 1378
f 1385 1384 1379
f 1263 1385 1379
f 1265 1385 1263
f 1379 1384 1380
f 1387 1386 1267
f 1267 1386 1266
f 1268 1381 1382
f 1387 1268 1382
f 1267 1268 1387
f 1381 1268 1269
f 1388 1381 1269
f 1383 1381 1388
f 1388 1270 1264
f 1388 1264 1383
f 1391 1390 1389
f 1393 1392 1389
f 1393 1389 1390
f 1395 1394 1392
f 1395 1392 1393
f 1271 1272 1394
f 1395 1271 1394
f 1396 1271 1395
f 1265 1271 1385
f 1385 1271 1396
f 1386 1273 1266
f 1397 1273 1386
f 1274 1388 1269
f 1388 1274 1270
f 1400 1399 1398
f 1398 1399 1391
f 1389 1398 1391
f 1401 1398 1389
f 1277 1401 1276
f 1401 1392 1276
f 1401 1389 1392
f 1276 1392 1279
f 1279 1392 1394
f 1279 1394 1272
f 1403 1281 1402
f 1281 1397 1402
f 1281 1273 1397
f 1404 1403 1402
f 1407 1406 1405
f 1405 1406 1400
f 1398 1405 1400
f 1408 1405 1398
f 1284 1408 1283
f 1408 1401 1283
f 1408 1398 1401
f 1283 1401 1277
f 1403 1287 1281
f 1289 1287 1403
f 1404 1289 1403
f 1409 1289 1404
f 1411 1410 1290
f 1411 1290 1291
f 1290 1412 1292
f 1410 1412 1290
f 1292 1413 1293
f 1412 1413 1292
f 1293 1414 1294
f 1413 1414 1293
f 1416 1415 1295
f 1294 1416 1295
f 1414 1416 1294
f 1418 1417 1415
f 1418 1415 1416
f 1420 1419 1417
f 1420 1417 1418
f 1419 1420 1407
f 1419 1407 1405
f 1298 1419 1405
f 1297 1298 1405
f 1297 1405 1300
f 1300 1405 1408
f 1300 1408 1284
f 1409 1301 1289
f 1421 1301 1409
f 1424 1423 1422
f 1423 1411 1422
f 1411 1302 1422
f 1411 1291 1302
f 1415 1303 1295
f 1303 1415 1304
f 1304 1415 1417
f 1304 1417 1305
f 1305 1417 1419
f 1305 1419 1298
f 1426 1425 1308
f 1308 1425 1307
f 1308 1301 1421
f 1308 1421 1426
f 1429 1428 1427
f 1310 1311 1427
f 1428 1310 1427
f 1430 1310 1428
f 1422 1312 1424
f 1312 1430 1424
f 1312 1310 1430
f 1312 1422 1302
f 1425 1313 1307
f 1431 1313 1425
f 1429 1427 1432
f 1429 1432 1433
f 1315 1432 1311
f 1311 1432 1427
f 1431 1316 1313
f 1434 1316 1431
f 1433 1432 1318
f 1319 1433 1318
f 1435 1433 1319
f 1318 1432 1315
f 1323 1316 1436
f 1316 1437 1436
f 1316 1434 1437
f 1438 1326 1323
f 1438 1323 1436
f 1438 1439 1326
f 1439 1319 1326
f 1439 1435 1319
f 1437 1440 1436
f 1436 1440 1438
f 1438 1440 1441
f 1438 1441 1439
f 1444 1443 1442
f 1446 1445 1442
f 1442 1445 1444
f 1448 1447 1446
f 1446 1447 1445
f 1450 1449 1448
f 1448 1449 1447
f 1450 1451 1449
f 1453 1452 1331
f 1331 1452 1330
f 1332 1442 1443
f 1453 1332 1443
f 1331 1332 1453
f 1442 1332 1334
f 1442 1334 1446
f 1446 1334 1336
f 1446 1336 1448
f 1448 1336 1338
f 1448 1338 1450
f 1338 1340 1450
f 1340 1451 1450
f 1340 1454 1451
f 1456 1455 1343
f 1343 1455 1342
f 1343 1330 1452
f 1343 1452 1456
f 1345 1458 1457
f 1454 1345 1457
f 1340 1345 1454
f 1458 1459 1457
f 1462 1461 1460
f 1455 1462 1460
f 1346 1455 1460
f 1342 1455 1346
f 1348 1463 1458
f 1348 1458 1345
f 1459 1458 1464
f 1464 1458 1463
f 1467 1466 1465
f 1467 1465 1461
f 1461 1465 1460
f 1465 1350 1460
f 1350 1351 1460
f 1460 1351 1346
f 1352 1463 1348
f 1352 1354 1463
f 1354 1464 1463
f 1354 1468 1464
f 1471 1470 1469
f 1356 1357 1469
f 1357 1471 1469
f 1357 1472 1471
f 1358 1465 1466
f 1472 1358 1466
f 1357 1358 1472
f 1465 1358 1350
f 1360 1468 1354
f 1360 1473 1468
f 1476 1475 1474
f 1361 1362 1474
f 1362 1476 1474
f 1362 1477 1476
f 1478 1362 1363
f 1478 1477 1362
f 1364 1469 1470
f 1478 1364 1470
f 1363 1364 1478
f 1469 1364 1356
f 1366 1479 1365
f 1479 1480 1365
f 1480 1360 1365
f 1480 1473 1360
f 1482 1481 1369
f 1369 1481 1368
f 1483 1369 1370
f 1483 1482 1369
f 1484 1370 1371
f 1484 1483 1370
f 1372 1474 1475
f 1484 1372 1475
f 1371 1372 1484
f 1474 1372 1361
f 1486 1485 1479
f 1366 1486 1479
f 1373 1486 1366
f 1479 1485 1480
f 1488 1487 1376
f 1376 1487 1375
f 1489 1376 1377
f 1489 1488 1376
f 1377 1368 1481
f 1377 1481 1489
f 1492 1491 1490
f 1491 1486 1490
f 1486 1380 1490
f 1486 1373 1380
f 1487 1382 1375
f 1493 1382 1487
f 1496 1495 1494
f 1498 1497 1494
f 1498 1494 1495
f 1500 1499 1497
f 1500 1497 1498
f 1499 1500 1492
f 1499 1492 1490
f 1385 1499 1490
f 1384 1385 1490
f 1384 1490 1380
f 1501 1386 1387
f 1502 1501 1387
f 1382 1502 1387
f 1493 1502 1382
f 1505 1504 1503
f 1507 1506 1503
f 1507 1503 1504
f 1390 1391 1506
f 1507 1390 1506
f 1508 1390 1507
f 1494 1393 1496
f 1393 1508 1496
f 1393 1390 1508
f 1393 1494 1395
f 1395 1494 1497
f 1395 1497 1396
f 1396 1497 1499
f 1396 1499 1385
f 1509 1397 1501
f 1501 1397 1386
f 1501 1502 1510
f 1501 1510 1509
f 1505 1503 1511
f 1505 1511 1512
f 1400 1511 1399
f 1511 1506 1399
f 1511 1503 1506
f 1399 1506 1391
f 1509 1402 1397
f 1404 1402 1509
f 1510 1404 1509
f 1513 1404 1510
f 1516 1515 1514
f 1514 1515 1512
f 1514 1512 1511
f 1407 1514 1511
f 1406 1407 1511
f 1406 1511 1400
f 1518 1409 1517
f 1409 1513 1517
f 1409 1404 1513
f 1519 1518 1517
f 1522 1521 1520
f 1410 1411 1520
f 1521 1410 1520
f 1523 1410 1521
f 1410 1524 1412
f 1523 1524 1410
f 1412 1525 1413
f 1524 1525 1412
f 1413 1526 1414
f 1525 1526 1413
f 1414 1527 1416
f 1526 1527 1414
f 1416 1528 1418
f 1527 1528 1416
f 1514 1420 1516
f 1420 1528 1516
f 1420 1418 1528
f 1420 1514 1407
f 1529 1421 1518
f 1518 1421 1409
f 1518 1519 1530
f 1531 1518 1530
f 1529 1518 1531
f 1533 1532 1531
f 1533 1531 1530
f 1532 1533 1522
f 1532 1522 1520
f 1424 1532 1520
f 1423 1424 1520
f 1423 1520 1411
f 1535 1534 1426
f 1426 1534 1425
f 1426 1421 1529
f 1536 1426 1529
f 1535 1426 1536
f 1429 1537 1428
f 1537 1529 1428
f 1529 1531 1428
f 1537 1536 1529
f 1428 1531 1430
f 1430 1531 1532
f 1430 1532 1424
f 1534 1431 1425
f 1538 1431 1534
f 1433 1537 1429
f 1433 1539 1537
f 1538 1434 1431
f 1540 1434 1538
f 1435 1539 1433
f 1435 1541 1539
f 1540 1437 1434
f 1542 1437 1540
f 1439 1541 1435
f 1439 1543 1541
f 1542 1544 1437
f 1437 1544 1440
f 1440 1545 1441
f 1544 1545 1440
f 1439 1441 1543
f 1543 1441 1545
f 1548 1547 1546
f 1550 1549 1546
f 1546 1549 1548
f 1550 1551 1549
f 1553 1552 1444
f 1444 1552 1443
f 1445 1546 1547
f 1553 1445 1547
f 1444 1445 1553
f 1546 1445 1447
f 1546 1447 1550
f 1554 1551 1550
f 1447 1554 1550
f 1449 1554 1447
f 1449 1451 1554
f 1554 1451 1555
f 1558 1557 1556
f 1452 1453 1556
f 1453 1558 1556
f 1453 1559 1558
f 1453 1443 1552
f 1453 1552 1559
f 1454 1561 1560
f 1555 1454 1560
f 1451 1454 1555
f 1561 1562 1560
f 1556 1557 1456
f 1557 1455 1456
f 1557 1563 1455
f 1556 1456 1452
f 1457 1561 1454
f 1457 1459 1561
f 1459 1562 1561
f 1459 1564 1562
f 1566 1565 1462
f 1462 1565 1461
f 1462 1455 1563
f 1462 1563 1566
f 1464 1564 1459
f 1464 1567 1564
f 1570 1569 1568
f 1466 1467 1568
f 1467 1570 1568
f 1467 1571 1570
f 1467 1461 1565
f 1467 1565 1571
f 1468 1567 1464
f 1468 1572 1567
f 1575 1574 1573
f 1470 1471 1573
f 1471 1575 1573
f 1471 1576 1575
f 1472 1568 1569
f 1576 1472 1569
f 1471 1472 1576
f 1568 1472 1466
f 1473 1572 1468
f 1473 1577 1572
f 1579 1578 1476
f 1476 1578 1475
f 1580 1476 1477
f 1580 1579 1476
f 1478 1573 1574
f 1580 1478 1574
f 1477 1478 1580
f 1573 1478 1470
f 1480 1577 1473
f 1480 1581 1577
f 1583 1582 1482
f 1482 1582 1481
f 1584 1482 1483
f 1584 1583 1482
f 1585 1483 1484
f 1585 1584 1483
f 1484 1475 1578
f 1484 1578 1585
f 1486 1586 1485
f 1586 1587 1485
f 1587 1480 1485
f 1587 1581 1480
f 1588 1487 1488
f 1489 1589 1488
f 1488 1589 1588
f 1590 1589 1489
f 1481 1590 1489
f 1582 1590 1481
f 1593 1592 1591
f 1491 1492 1591
f 1592 1491 1591
f 1594 1491 1592
f 1486 1491 1586
f 1491 1595 1586
f 1491 1594 1595
f 1586 1595 1587
f 1597 1596 1588
f 1596 1487 1588
f 1596 1493 1487
f 1597 1588 1589
f 1597 1589 1598
f 1598 1589 1590
f 1601 1600 1599
f 1603 1602 1599
f 1603 1599 1600
f 1605 1604 1602
f 1605 1602 1603
f 1495 1496 1604
f 1605 1495 1604
f 1606 1495 1605
f 1495 1607 1498
f 1606 1607 1495
f 1591 1500 1593
f 1500 1607 1593
f 1500 1498 1607
f 1500 1591 1492
f 1596 1502 1493
f 1608 1502 1596
f 1611 1610 1609
f 1612 1609 1610
f 1615 1614 1613
f 1613 1614 1601
f 1613 1601 1599
f 1505 1613 1599
f 1504 1505 1599
f 1504 1599 1507
f 1507 1599 1602
f 1507 1602 1508
f 1508 1602 1604
f 1508 1604 1496
f 1617 1510 1616
f 1510 1608 1616
f 1510 1502 1608
f 1618 1617 1616
f 1619 1611 1609
f 1619 1609 1612
f 1615 1613 1620
f 1615 1620 1621
f 1512 1620 1505
f 1505 1620 1613
f 1622 1513 1617
f 1617 1513 1510
f 1617 1618 1623
f 1617 1623 1622
f 1626 1625 1624
f 1628 1627 1624
f 1628 1624 1625
f 1629 1627 1628
f 1632 1631 1630
f 1630 1631 1621
f 1630 1621 1620
f 1516 1630 1620
f 1515 1516 1620
f 1515 1620 1512
f 1622 1517 1513
f 1519 1517 1622
f 1623 1519 1622
f 1633 1519 1623
f 1626 1624 1521
f 1522 1626 1521
f 1634 1626 1522
f 1521 1624 1523
f 1523 1624 1627
f 1629 1635 1627
f 1635 1523 1627
f 1635 1524 1523
f 1524 1636 1525
f 1635 1636 1524
f 1525 1637 1526
f 1636 1637 1525
f 1526 1638 1527
f 1637 1638 1526
f 1630 1528 1632
f 1528 1638 1632
f 1528 1527 1638
f 1528 1630 1516
f 1633 1639 1519
f 1519 1639 1530
f 1530 1640 1533
f 1639 1640 1530
f 1522 1533 1634
f 1634 1533 1640
f 1641 1534 1535
f 1536 1642 1535
f 1535 1642 1641
f 1537 1642 1536
f 1643 1538 1641
f 1641 1538 1534
f 1644 1641 1642
f 1643 1641 1644
f 1539 1644 1537
f 1537 1644 1642
f 1645 1540 1643
f 1643 1540 1538
f 1646 1643 1644
f 1645 1643 1646
f 1541 1646 1539
f 1539 1646 1644
f 1647 1542 1645
f 1645 1542 1540
f 1648 1645 1646
f 1647 1645 1648
f 1543 1648 1541
f 1541 1648 1646
f 1647 1544 1542
f 1544 1647 1545
f 1545 1647 1648
f 1545 1648 1543
f 1650 1649 1548
f 1548 1649 1547
f 1651 1548 1549
f 1651 1650 1548
f 1653 1652 1551
f 1652 1549 1551
f 1652 1651 1549
f 1655 1654 1653
f 1653 1654 1652
f 1655 1656 1654
f 1658 1657 1553
f 1553 1657 1552
f 1553 1547 1649
f 1553 1649 1658
f 1554 1653 1551
f 1653 1554 1555
f 1659 1653 1555
f 1655 1653 1659
f 1656 1655 1660
f 1660 1655 1659
f 1662 1661 1558
f 1558 1661 1557
f 1663 1558 1559
f 1663 1662 1558
f 1559 1552 1657
f 1559 1657 1663
f 1560 1659 1555
f 1560 1562 1659
f 1562 1660 1659
f 1562 1664 1660
f 1661 1563 1557
f 1665 1563 1661
f 1564 1664 1562
f 1564 1666 1664
f 1669 1668 1667
f 1565 1566 1667
f 1566 1669 1667
f 1566 1670 1669
f 1566 1563 1665
f 1566 1665 1670
f 1567 1666 1564
f 1567 1671 1666
f 1674 1673 1672
f 1676 1675 1672
f 1672 1675 1674
f 1569 1570 1676
f 1570 1675 1676
f 1570 1677 1675
f 1571 1667 1668
f 1677 1571 1668
f 1570 1571 1677
f 1667 1571 1565
f 1572 1671 1567
f 1572 1678 1671
f 1681 1680 1679
f 1681 1679 1673
f 1673 1679 1672
f 1679 1574 1672
f 1574 1575 1672
f 1672 1575 1576
f 1672 1576 1676
f 1676 1576 1569
f 1577 1678 1572
f 1577 1682 1678
f 1684 1683 1579
f 1579 1683 1578
f 1580 1679 1680
f 1684 1580 1680
f 1579 1580 1684
f 1679 1580 1574
f 1581 1682 1577
f 1581 1685 1682
f 1687 1686 1583
f 1583 1686 1582
f 1688 1583 1584
f 1688 1687 1583
f 1689 1584 1585
f 1689 1688 1584
f 1585 1578 1683
f 1585 1683 1689
f 1587 1685 1581
f 1587 1690 1685
f 1686 1590 1582
f 1691 1590 1686
f 1694 1693 1692
f 1696 1695 1692
f 1696 1692 1693
f 1592 1593 1695
f 1696 1592 1695
f 1697 1592 1696
f 1592 1698 1594
f 1697 1698 1592
f 1594 1699 1595
f 1698 1699 1594
f 1587 1595 1690
f 1690 1595 1699
f 1700 1596 1597
f 1598 1701 1597
f 1597 1701 1700
f 1702 1701 1598
f 1590 1702 1598
f 1691 1702 1590
f 1704 1703 1600
f 1704 1600 1601
f 1600 1705 1603
f 1703 1705 1600
f 1603 1706 1605
f 1705 1706 1603
f 1692 1606 1694
f 1606 1706 1694
f 1606 1605 1706
f 1606 1692 1607
f 1607 1692 1695
f 1607 1695 1593
f 1707 1608 1700
f 1700 1608 1596
f 1708 1700 1701
f 1707 1700 1708
f 1709 1610 1611
f 1701 1709 1611
f 1708 1701 1611
f 1709 1701 1702
f 1612 1610 1709
f 1612 1709 1710
f 1713 1712 1711
f 1715 1714 1711
f 1715 1711 1712
f 1614 1615 1714
f 1715 1614 1714
f 1716 1614 1715
f 1601 1614 1704
f 1704 1614 1716
f 1707 1616 1608
f 1616 1707 1618
f 1707 1717 1618
f 1707 1708 1717
f 1619 1718 1611
f 1718 1708 1611
f 1718 1717 1708
f 1612 1710 1719
f 1718 1612 1719
f 1720 1718 1719
f 1619 1612 1718
f 1722 1721 1720
f 1722 1720 1719
f 1724 1723 1721
f 1724 1721 1722
f 1725 1723 1724
f 1726 1713 1711
f 1728 1727 1726
f 1711 1728 1726
f 1714 1728 1711
f 1621 1728 1615
f 1615 1728 1714
f 1729 1623 1717
f 1717 1623 1618
f 1730 1717 1718
f 1729 1717 1730
f 1626 1730 1625
f 1730 1720 1625
f 1730 1718 1720
f 1625 1720 1628
f 1628 1720 1721
f 1628 1721 1629
f 1721 1731 1629
f 1721 1723 1731
f 1723 1725 1732
f 1723 1732 1731
f 1735 1734 1733
f 1733 1734 1727
f 1733 1727 1728
f 1632 1733 1728
f 1631 1632 1728
f 1631 1728 1621
f 1736 1633 1729
f 1729 1633 1623
f 1737 1729 1730
f 1736 1729 1737
f 1634 1737 1626
f 1626 1737 1730
f 1731 1635 1629
f 1732 1738 1731
f 1738 1635 1731
f 1738 1636 1635
f 1636 1739 1637
f 1738 1739 1636
f 1733 1638 1735
f 1638 1739 1735
f 1638 1637 1739
f 1638 1733 1632
f 1736 1639 1633
f 1639 1736 1640
f 1640 1736 1737
f 1640 1737 1634
f 1742 1741 1740
f 1744 1743 1740
f 1740 1743 1742
f 1744 1745 1743
f 1740 1741 1650
f 1741 1649 1650
f 1741 1746 1649
f 1740 1650 1651
f 1740 1651 1744
f 1747 1745 1744
f 1651 1747 1744
f 1652 1747 1651
f 1748 1652 1654
f 1748 1747 1652
f 1654 1656 1748
f 1748 1656 1749
f 1751 1750 1658
f 1658 1750 1657
f 1658 1649 1746
f 1658 1746 1751
f 1660 1753 1752
f 1749 1660 1752
f 1656 1660 1749
f 1753 1754 1752
f 1756 1755 1662
f 1662 1755 1661
f 1757 1662 1663
f 1757 1756 1662
f 1663 1657 1750
f 1663 1750 1757
f 1664 1758 1753
f 1664 1753 1660
f 1754 1753 1759
f 1759 1753 1758
f 1762 1761 1760
f 1764 1763 1760
f 1760 1763 1762
f 1755 1763 1764
f 1665 1755 1764
f 1661 1755 1665
f 1666 1765 1758
f 1666 1758 1664
f 1759 1758 1766
f 1758 1767 1766
f 1758 1765 1767
f 1767 1768 1766
f 1771 1770 1769
f 1771 1769 1761
f 1761 1769 1760
f 1769 1668 1760
f 1668 1669 1760
f 1760 1669 1670
f 1760 1670 1764
f 1764 1670 1665
f 1671 1772 1765
f 1671 1765 1666
f 1765 1773 1767
f 1765 1772 1773
f 1768 1767 1774
f 1774 1767 1773
f 1776 1775 1674
f 1674 1775 1673
f 1777 1674 1675
f 1777 1776 1674
f 1677 1769 1770
f 1777 1677 1770
f 1675 1677 1777
f 1769 1677 1668
f 1678 1778 1772
f 1678 1772 1671
f 1780 1773 1779
f 1773 1778 1779
f 1773 1772 1778
f 1773 1780 1774
f 1783 1782 1781
f 1680 1681 1781
f 1681 1783 1781
f 1681 1784 1783
f 1681 1673 1775
f 1681 1775 1784
f 1682 1785 1778
f 1682 1778 1678
f 1779 1778 1786
f 1786 1778 1785
f 1789 1788 1787
f 1789 1787 1782
f 1782 1787 1781
f 1787 1683 1781
f 1683 1684 1781
f 1781 1684 1680
f 1685 1790 1785
f 1685 1785 1682
f 1786 1785 1791
f 1791 1785 1790
f 1793 1792 1687
f 1687 1792 1686
f 1794 1687 1688
f 1794 1793 1687
f 1689 1787 1788
f 1794 1689 1788
f 1688 1689 1794
f 1787 1689 1683
f 1796 1795 1790
f 1685 1796 1790
f 1690 1796 1685
f 1790 1795 1791
f 1792 1691 1686
f 1797 1691 1792
f 1800 1799 1798
f 1802 1801 1798
f 1802 1798 1799
f 1804 1803 1801
f 1804 1801 1802
f 1693 1694 1803
f 1804 1693 1803
f 1805 1693 1804
f 1693 1806 1696
f 1805 1806 1693
f 1696 1807 1697
f 1806 1807 1696
f 1697 1808 1698
f 1807 1808 1697
f 1698 1809 1699
f 1808 1809 1698
f 1690 1699 1796
f 1796 1699 1809
f 1797 1702 1691
f 1810 1702 1797
f 1813 1812 1811
f 1814 1811 1812
f 1817 1816 1815
f 1815 1816 1800
f 1815 1800 1798
f 1704 1815 1798
f 1703 1704 1798
f 1703 1798 1705
f 1705 1798 1801
f 1705 1801 1706
f 1706 1801 1803
f 1706 1803 1694
f 1810 1818 1702
f 1702 1818 1709
f 1820 1819 1710
f 1709 1820 1710
f 1818 1820 1709
f 1822 1821 1819
f 1822 1819 1820
f 1821 1822 1813
f 1811 1821 1813
f 1823 1821 1811
f 1811 1814 1824
f 1811 1824 1823
f 1826 1825 1712
f 1826 1712 1713
f 1712 1827 1715
f 1825 1827 1712
f 1815 1716 1817
f 1716 1827 1817
f 1716 1715 1827
f 1716 1815 1704
f 1819 1719 1710
f 1719 1819 1722
f 1722 1819 1821
f 1722 1821 1724
f 1724 1821 1823
f 1725 1724 1823
f 1824 1725 1823
f 1828 1725 1824
f 1713 1726 1829
f 1830 1713 1829
f 1826 1713 1830
f 1727 1829 1726
f 1832 1732 1831
f 1732 1828 1831
f 1732 1725 1828
f 1834 1833 1832
f 1834 1832 1831
f 1833 1834 1830
f 1833 1830 1829
f 1735 1833 1829
f 1734 1735 1829
f 1734 1829 1727
f 1832 1738 1732
f 1738 1832 1739
f 1739 1832 1833
f 1739 1833 1735
f 1836 1835 1742
f 1742 1835 1741
f 1837 1742 1743
f 1837 1836 1742
f 1839 1838 1745
f 1838 1743 1745
f 1838 1837 1743
f 1841 1840 1839
f 1839 1840 1838
f 1843 1842 1841
f 1841 1842 1840
f 1843 1844 1842
f 1847 1846 1845
f 1835 1847 1845
f 1746 1835 1845
f 1741 1835 1746
f 1747 1839 1745
f 1839 1747 1748
f 1839 1748 1841
f 1841 1748 1749
f 1848 1841 1749
f 1843 1841 1848
f 1844 1843 1849
f 1849 1843 1848
f 1845 1846 1751
f 1846 1750 1751
f 1846 1850 1750
f 1845 1751 1746
f 1752 1848 1749
f 1852 1851 1754
f 1754 1851 1752
f 1851 1849 1752
f 1849 1848 1752
f 1852 1853 1851
f 1855 1854 1756
f 1756 1854 1755
f 1856 1756 1757
f 1856 1855 1756
f 1757 1750 1850
f 1757 1850 1856
f 1759 1857 1852
f 1759 1852 1754
f 1853 1852 1858
f 1858 1852 1857
f 1860 1859 1762
f 1762 1859 1761
f 1861 1762 1763
f 1861 1860 1762
f 1763 1755 1854
f 1763 1854 1861
f 1766 1857 1759
f 1863 1862 1768
f 1768 1862 1766
f 1862 1858 1766
f 1858 1857 1766
f 1863 1864 1862
f 1866 1865 1771
f 1771 1865 1770
f 1771 1761 1859
f 1771 1859 1866
f 1774 1867 1863
f 1774 1863 1768
f 1864 1863 1868
f 1868 1863 1867
f 1871 1870 1869
f 1873 1872 1869
f 1869 1872 1871
f 1775 1776 1873
f 1776 1872 1873
f 1776 1874 1872
f 1875 1776 1777
f 1875 1874 1776
f 1777 1770 1865
f 1777 1865 1875
f 1779 1876 1780
f 1867 1774 1780
f 1876 1867 1780
f 1877 1867 1876
f 1868 1867 1878
f 1878 1867 1877
f 1881 1880 1879
f 1883 1882 1879
f 1879 1882 1881
f 1885 1884 1883
f 1883 1884 1882
f 1884 1885 1870
f 1870 1885 1869
f 1885 1782 1869
f 1782 1783 1869
f 1869 1783 1784
f 1869 1784 1873
f 1873 1784 1775
f 1786 1886 1876
f 1786 1876 1779
f 1888 1877 1887
f 1877 1886 1887
f 1877 1876 1886
f 1877 1888 1878
f 1879 1880 1889
f 1889 1880 1890
f 1879 1891 1883
f 1879 1889 1891
f 1891 1788 1789
f 1885 1891 1789
f 1883 1891 1885
f 1885 1789 1782
f 1791 1892 1886
f 1791 1886 1786
f 1887 1886 1893
f 1893 1886 1892
f 1889 1890 1793
f 1890 1792 1793
f 1890 1894 1792
f 1889 1793 1794
f 1889 1794 1891
f 1891 1794 1788
f 1796 1895 1795
f 1895 1896 1795
f 1795 1896 1791
f 1896 1897 1791
f 1897 1892 1791
f 1892 1897 1893
f 1894 1797 1792
f 1898 1797 1894
f 1900 1899 1799
f 1900 1799 1800
f 1799 1901 1802
f 1899 1901 1799
f 1802 1902 1804
f 1901 1902 1802
f 1804 1903 1805
f 1902 1903 1804
f 1903 1905 1904
f 1806 1903 1904
f 1805 1903 1806
f 1906 1807 1806
f 1906 1806 1904
f 1807 1906 1907
f 1908 1807 1907
f 1808 1807 1908
f 1808 1909 1809
f 1908 1909 1808
f 1796 1809 1895
f 1809 1910 1895
f 1809 1909 1910
f 1895 1910 1896
f 1912 1810 1911
f 1810 1898 1911
f 1810 1797 1898
f 1914 1913 1912
f 1914 1912 1911
f 1916 1915 1913
f 1916 1913 1914
f 1812 1813 1915
f 1916 1812 1915
f 1917 1812 1916
f 1814 1812 1917
f 1814 1917 1918
f 1921 1920 1919
f 1923 1922 1919
f 1923 1919 1920
f 1816 1817 1922
f 1923 1816 1922
f 1924 1816 1923
f 1800 1816 1900
f 1900 1816 1924
f 1905 1925 1904
f 1904 1925 1906
f 1906 1925 1926
f 1906 1926 1907
f 1912 1818 1810
f 1818 1912 1820
f 1820 1912 1913
f 1820 1913 1822
f 1822 1913 1915
f 1822 1915 1813
f 1918 1824 1814
f 1927 1824 1918
f 1921 1919 1825
f 1826 1921 1825
f 1928 1921 1826
f 1825 1919 1827
f 1827 1919 1922
f 1827 1922 1817
f 1927 1828 1824
f 1929 1828 1927
f 1830 1928 1826
f 1830 1930 1928
f 1929 1931 1828
f 1828 1931 1831
f 1831 1932 1834
f 1931 1932 1831
f 1830 1834 1930
f 1930 1834 1932
f 1935 1934 1933
f 1835 1836 1933
f 1836 1935 1933
f 1836 1936 1935
f 1937 1836 1837
f 1937 1936 1836
f 1938 1837 1838
f 1938 1937 1837
f 1939 1838 1840
f 1939 1938 1838
f 1940 1840 1842
f 1940 1939 1840
f 1942 1941 1844
f 1941 1842 1844
f 1941 1940 1842
f 1942 1943 1941
f 1933 1934 1847
f 1934 1846 1847
f 1934 1944 1846
f 1933 1847 1835
f 1849 1945 1942
f 1849 1942 1844
f 1943 1942 1946
f 1946 1942 1945
f 1949 1948 1947
f 1944 1949 1947
f 1850 1944 1947
f 1846 1944 1850
f 1851 1945 1849
f 1851 1853 1945
f 1853 1946 1945
f 1853 1950 1946
f 1953 1952 1951
f 1955 1954 1951
f 1951 1954 1953
f 1854 1855 1955
f 1855 1954 1955
f 1855 1956 1954
f 1856 1947 1948
f 1956 1856 1948
f 1855 1856 1956
f 1947 1856 1850
f 1858 1958 1957
f 1950 1858 1957
f 1853 1858 1950
f 1958 1959 1957
f 1951 1952 1860
f 1952 1859 1860
f 1952 1960 1859
f 1951 1860 1861
f 1951 1861 1955
f 1955 1861 1854
f 1862 1958 1858
f 1862 1864 1958
f 1864 1959 1958
f 1864 1961 1959
f 1964 1963 1962
f 1966 1965 1962
f 1962 1965 1964
f 1966 1967 1965
f 1969 1968 1866
f 1866 1968 1865
f 1866 1859 1960
f 1866 1960 1969
f 1868 1961 1864
f 1868 1970 1961
f 1973 1972 1971
f 1975 1974 1971
f 1971 1974 1973
f 1977 1976 1975
f 1975 1976 1974
f 1870 1871 1977
f 1871 1976 1977
f 1871 1978 1976
f 1872 1962 1963
f 1978 1872 1963
f 1871 1872 1978
f 1962 1872 1874
f 1962 1874 1966
f 1979 1967 1966
f 1874 1979 1966
f 1875 1979 1874
f 1875 1865 1968
f 1875 1968 1979
f 1878 1970 1868
f 1878 1980 1970
f 1971 1972 1881
f 1972 1880 1881
f 1972 1981 1880
f 1971 1881 1882
f 1971 1882 1975
f 1975 1882 1884
f 1975 1884 1977
f 1977 1884 1870
f 1887 1982 1888
f 1982 1983 1888
f 1983 1878 1888
f 1983 1980 1878
f 1981 1890 1880
f 1984 1890 1981
f 1986 1985 1982
f 1887 1986 1982
f 1893 1986 1887
f 1982 1985 1983
f 1988 1894 1987
f 1894 1984 1987
f 1894 1890 1984
f 1989 1988 1987
f 1991 1990 1897
f 1991 1897 1896
f 1893 1897 1986
f 1986 1897 1990
f 1992 1898 1988
f 1988 1898 1894
f 1988 1989 1993
f 1994 1988 1993
f 1992 1988 1994
f 1996 1995 1994
f 1996 1994 1993
f 1998 1997 1995
f 1998 1995 1996
f 1999 1997 1998
f 2002 2001 2000
f 2004 2003 2000
f 2004 2000 2001
f 2006 2005 2003
f 2006 2003 2004
f 1899 1900 2005
f 2006 1899 2005
f 2007 1899 2006
f 2007 2009 2008
f 1901 2007 2008
f 1899 2007 1901
f 2010 1902 1901
f 2010 1901 2008
f 2011 1903 1902
f 2011 1902 2010
f 2011 1905 1903
f 2013 2012 1908
f 2013 1908 1907
f 1908 2014 1909
f 2012 2014 1908
f 1909 2015 1910
f 2014 2015 1909
f 1896 1910 1991
f 1991 1910 2015
f 1992 1911 1898
f 1911 1992 1914
f 1914 1992 1994
f 1914 1994 1916
f 1916 1994 1995
f 1916 1995 1917
f 1917 1995 1997
f 1918 1917 1997
f 1999 1918 1997
f 2016 1918 1999
f 2002 2000 1920
f 1921 2002 1920
f 2017 2002 1921
f 1920 2000 1923
f 1923 2000 2003
f 1923 2003 1924
f 1924 2003 2005
f 1924 2005 1900
f 2009 2018 2008
f 2008 2018 2010
f 2010 2018 2019
f 2010 2019 2011
f 2011 2019 2020
f 2011 2020 1905
f 2020 1925 1905
f 2020 2021 1925
f 1925 2022 1926
f 2021 2022 1925
f 1907 1926 2013
f 2013 1926 2022
f 2016 1927 1918
f 2023 1927 2016
f 1928 2017 1921
f 1928 2024 2017
f 2026 1929 2025
f 1929 2023 2025
f 1929 1927 2023
f 2028 2027 2026
f 2028 2026 2025
f 2028 2024 2027
f 2024 1930 2027
f 2024 1928 1930
f 2026 1931 1929
f 1931 2026 1932
f 1932 2026 2027
f 1932 2027 1930
f 2031 2030 2029
f 2033 2032 2029
f 2029 2032 2031
f 2033 2034 2032
f 2036 2035 1935
f 1935 2035 1934
f 2037 1935 1936
f 2037 2036 1935
f 2038 1936 1937
f 2038 2037 1936
f 2039 1937 1938
f 2039 2038 1937
f 2040 1938 1939
f 2040 2039 1938
f 1940 2029 2030
f 2040 1940 2030
f 1939 1940 2040
f 2029 1940 1941
f 2029 1941 2033
f 1941 1943 2033
f 1943 2034 2033
f 1943 2041 2034
f 2044 2043 2042
f 2046 2045 2042
f 2042 2045 2044
f 2046 2047 2045
f 2050 2049 2048
f 2035 2050 2048
f 1944 2035 2048
f 1934 2035 1944
f 1946 2041 1943
f 1946 2051 2041
f 2042 2043 2052
f 2052 2043 2053
f 2042 2054 2046
f 2042 2052 2054
f 2047 2046 2055
f 2046 2056 2055
f 2046 2054 2056
f 2055 2056 2049
f 2049 2056 2048
f 2056 1948 2048
f 1948 1949 2048
f 2048 1949 1944
f 1950 2051 1946
f 1950 2057 2051
f 2052 2053 1953
f 2053 1952 1953
f 2053 2058 1952
f 2052 1953 1954
f 2052 1954 2054
f 2054 1954 1956
f 2054 1956 2056
f 2056 1956 1948
f 2059 2057 1950
f 2059 1950 1957
f 1957 1959 2059
f 2059 1959 2060
f 2058 1960 1952
f 2061 1960 2058
f 1961 2063 2062
f 2060 1961 2062
f 1959 1961 2060
f 2063 2064 2062
f 2067 2066 2065
f 2069 2068 2065
f 2065 2068 2067
f 2069 2070 2068
f 2072 2071 1964
f 1964 2071 1963
f 2073 1964 1965
f 2073 2072 1964
f 2075 2074 1967
f 2074 1965 1967
f 2074 2073 1965
f 1968 1969 2075
f 1969 2074 2075
f 1969 2076 2074
f 1969 1960 2061
f 1969 2061 2076
f 1970 2077 2063
f 1970 2063 1961
f 2064 2063 2078
f 2078 2063 2077
f 2079 1972 1973
f 2066 2080 2065
f 2080 1973 2065
f 1973 1974 2065
f 1973 2080 2079
f 2065 1974 1976
f 2065 1976 2069
f 2081 2070 2069
f 1976 2081 2069
f 1978 2081 1976
f 1978 1963 2071
f 1978 2071 2081
f 1979 2075 1967
f 2075 1979 1968
f 1980 2082 2077
f 1980 2077 1970
f 2078 2077 2083
f 2083 2077 2082
f 2084 1981 2079
f 2079 1981 1972
f 2079 2080 2085
f 2079 2085 2084
f 1983 2086 2082
f 1983 2082 1980
f 2083 2082 2087
f 2087 2082 2086
f 2088 1984 2084
f 2084 1984 1981
f 2084 2085 2089
f 2084 2089 2088
f 2091 2090 1985
f 2091 1985 1986
f 1983 1985 2086
f 1985 2092 2086
f 1985 2090 2092
f 2086 2092 2087
f 2088 1987 1984
f 2094 2093 1989
f 2094 1989 1987
f 2089 2094 1987
f 2088 2089 1987
f 2096 2095 2093
f 2096 2093 2094
f 2098 2097 2095
f 2098 2095 2096
f 2099 2097 2098
f 2102 2101 2100
f 2103 2100 2101
f 2106 2105 2104
f 2107 2104 2105
f 1991 2108 1990
f 2108 2109 1990
f 2109 1986 1990
f 2109 2091 1986
f 2093 1993 1989
f 1993 2093 1996
f 1996 2093 2095
f 1996 2095 1998
f 1998 2095 2097
f 1999 1998 2097
f 2099 1999 2097
f 2110 1999 2099
f 2102 2100 2001
f 2002 2102 2001
f 2111 2102 2002
f 2004 2001 2100
f 2112 2004 2100
f 2103 2112 2100
f 2113 2004 2112
f 2114 2006 2004
f 2114 2004 2113
f 2115 2007 2006
f 2115 2006 2114
f 2115 2009 2007
f 2117 2116 2012
f 2117 2012 2013
f 2104 2014 2106
f 2014 2116 2106
f 2014 2012 2116
f 2107 2118 2104
f 2118 2014 2104
f 2118 2015 2014
f 1991 2015 2108
f 2015 2119 2108
f 2015 2118 2119
f 2108 2119 2109
f 2121 2016 2120
f 2016 2110 2120
f 2016 1999 2110
f 2123 2122 2121
f 2123 2121 2120
f 2123 2111 2122
f 2111 2017 2122
f 2111 2002 2017
f 2112 2124 2113
f 2126 2125 2124
f 2125 2113 2124
f 2125 2114 2113
f 2114 2127 2115
f 2114 2125 2127
f 2128 2018 2009
f 2115 2128 2009
f 2127 2128 2115
f 2129 2019 2018
f 2129 2018 2128
f 2019 2129 2130
f 2131 2019 2130
f 2020 2019 2131
f 2020 2132 2021
f 2131 2132 2020
f 2021 2133 2022
f 2132 2133 2021
f 2013 2022 2117
f 2117 2022 2133
f 2134 2023 2121
f 2121 2023 2016
f 2135 2121 2122
f 2134 2121 2135
f 2024 2135 2017
f 2017 2135 2122
f 2126 2136 2125
f 2125 2136 2127
f 2127 2136 2137
f 2127 2137 2128
f 2128 2137 2138
f 2128 2138 2129
f 2129 2138 2139
f 2129 2139 2130
f 2134 2025 2023
f 2025 2134 2028
f 2028 2134 2135
f 2028 2135 2024
f 2140 2030 2031
f 2032 2141 2031
f 2031 2141 2140
f 2034 2141 2032
f 2144 2143 2142
f 2146 2145 2142
f 2142 2145 2144
f 2146 2147 2145
f 2149 2148 2036
f 2036 2148 2035
f 2150 2036 2037
f 2150 2149 2036
f 2151 2037 2038
f 2151 2150 2037
f 2152 2038 2039
f 2152 2151 2038
f 2153 2039 2040
f 2153 2152 2039
f 2040 2030 2140
f 2154 2040 2140
f 2153 2040 2154
f 2154 2140 2141
f 2154 2141 2155
f 2141 2034 2155
f 2034 2156 2155
f 2034 2041 2156
f 2142 2143 2044
f 2143 2043 2044
f 2143 2157 2043
f 2142 2044 2045
f 2142 2045 2146
f 2159 2158 2047
f 2047 2158 2045
f 2158 2147 2045
f 2147 2146 2045
f 2049 2050 2159
f 2050 2158 2159
f 2050 2160 2158
f 2050 2035 2148
f 2050 2148 2160
f 2051 2156 2041
f 2051 2161 2156
f 2157 2053 2043
f 2162 2053 2157
f 2055 2159 2047
f 2159 2055 2049
f 2057 2161 2051
f 2057 2163 2161
f 2166 2165 2164
f 2168 2167 2164
f 2164 2167 2166
f 2170 2169 2168
f 2168 2169 2167
f 2172 2171 2170
f 2170 2171 2169
f 2162 2171 2172
f 2058 2162 2172
f 2053 2162 2058
f 2173 2163 2057
f 2173 2057 2059
f 2059 2060 2173
f 2173 2060 2174
f 2164 2165 2175
f 2175 2165 2176
f 2164 2177 2168
f 2164 2175 2177
f 2168 2178 2170
f 2168 2177 2178
f 2170 2179 2172
f 2170 2178 2179
f 2179 2061 2058
f 2179 2058 2172
f 2180 2174 2060
f 2180 2060 2062
f 2062 2064 2180
f 2180 2064 2181
f 2183 2182 2067
f 2067 2182 2066
f 2184 2067 2068
f 2184 2183 2067
f 2186 2185 2070
f 2185 2068 2070
f 2185 2184 2068
f 2185 2186 2176
f 2176 2186 2175
f 2186 2071 2175
f 2071 2072 2175
f 2175 2072 2073
f 2175 2073 2177
f 2177 2073 2074
f 2177 2074 2178
f 2178 2074 2076
f 2178 2076 2179
f 2179 2076 2061
f 2078 2181 2064
f 2078 2187 2181
f 2182 2080 2066
f 2188 2080 2182
f 2081 2186 2070
f 2186 2081 2071
f 2083 2187 2078
f 2083 2189 2187
f 2191 2085 2190
f 2085 2188 2190
f 2085 2080 2188
f 2192 2191 2190
f 2195 2194 2193
f 2196 2193 2194
f 2087 2189 2083
f 2087 2197 2189
f 2198 2089 2191
f 2191 2089 2085
f 2191 2192 2199
f 2200 2191 2199
f 2198 2191 2200
f 2202 2201 2200
f 2202 2200 2199
f 2203 2201 2202
f 2195 2193 2204
f 2195 2204 2205
f 2193 2196 2206
f 2193 2206 2204
f 2209 2208 2207
f 2210 2207 2208
f 2091 2211 2090
f 2212 2092 2090
f 2212 2090 2211
f 2212 2213 2092
f 2213 2087 2092
f 2213 2197 2087
f 2198 2094 2089
f 2094 2198 2096
f 2096 2198 2200
f 2096 2200 2098
f 2098 2200 2201
f 2099 2098 2201
f 2203 2099 2201
f 2214 2099 2203
f 2205 2204 2101
f 2102 2205 2101
f 2215 2205 2102
f 2103 2101 2204
f 2206 2103 2204
f 2216 2103 2206
f 2218 2217 2105
f 2218 2105 2106
f 2207 2219 2107
f 2217 2207 2107
f 2105 2217 2107
f 2209 2207 2217
f 2207 2210 2220
f 2221 2207 2220
f 2219 2207 2221
f 2220 2222 2211
f 2109 2220 2211
f 2091 2109 2211
f 2221 2220 2109
f 2211 2222 2212
f 2212 2222 2223
f 2212 2223 2213
f 2225 2110 2224
f 2110 2214 2224
f 2110 2099 2214
f 2227 2226 2225
f 2227 2225 2224
f 2227 2215 2226
f 2215 2111 2226
f 2215 2102 2111
f 2216 2112 2103
f 2228 2112 2216
f 2230 2229 2116
f 2230 2116 2117
f 2106 2116 2218
f 2218 2116 2229
f 2219 2118 2107
f 2118 2219 2119
f 2119 2219 2221
f 2119 2221 2109
f 2225 2120 2110
f 2120 2225 2123
f 2123 2225 2226
f 2123 2226 2111
f 2228 2231 2112
f 2112 2231 2124
f 2233 2232 2126
f 2124 2233 2126
f 2231 2233 2124
f 2234 2232 2233
f 2236 2235 2131
f 2236 2131 2130
f 2131 2237 2132
f 2235 2237 2131
f 2132 2238 2133
f 2237 2238 2132
f 2117 2133 2230
f 2230 2133 2238
f 2232 2136 2126
f 2234 2239 2232
f 2239 2136 2232
f 2239 2137 2136
f 2137 2240 2138
f 2239 2240 2137
f 2138 2241 2139
f 2240 2241 2138
f 2130 2139 2236
f 2236 2139 2241
f 2244 2243 2242
f 2246 2245 2242
f 2242 2245 2244
f 2246 2247 2245
f 2242 2243 2144
f 2243 2143 2144
f 2243 2248 2143
f 2242 2144 2145
f 2242 2145 2246
f 2145 2147 2246
f 2147 2247 2246
f 2147 2249 2247
f 2251 2250 2149
f 2149 2250 2148
f 2252 2149 2150
f 2252 2251 2149
f 2253 2150 2151
f 2253 2252 2150
f 2254 2151 2152
f 2254 2253 2151
f 2256 2254 2255
f 2254 2153 2255
f 2254 2152 2153
f 2154 2257 2153
f 2153 2257 2255
f 2155 2258 2154
f 2154 2258 2257
f 2156 2258 2155
f 2248 2157 2143
f 2259 2157 2248
f 2260 2249 2147
f 2260 2147 2158
f 2261 2158 2160
f 2261 2260 2158
f 2160 2148 2250
f 2160 2250 2261
f 2262 2256 2255
f 2262 2255 2257
f 2262 2257 2263
f 2263 2257 2258
f 2263 2258 2264
f 2258 2156 2264
f 2156 2265 2264
f 2156 2161 2265
f 2268 2267 2266
f 2270 2269 2266
f 2266 2269 2268
f 2259 2269 2270
f 2162 2259 2270
f 2157 2259 2162
f 2163 2265 2161
f 2163 2271 2265
f 2272 2165 2166
f 2272 2166 2273
f 2166 2274 2273
f 2166 2167 2274
f 2169 2266 2267
f 2274 2169 2267
f 2167 2169 2274
f 2266 2169 2171
f 2266 2171 2270
f 2270 2171 2162
f 2275 2271 2163
f 2275 2163 2173
f 2277 2276 2174
f 2276 2173 2174
f 2276 2275 2173
f 2277 2278 2276
f 2281 2280 2279
f 2282 2281 2272
f 2281 2176 2272
f 2176 2165 2272
f 2281 2279 2176
f 2282 2272 2273
f 2180 2277 2174
f 2180 2181 2277
f 2181 2278 2277
f 2181 2283 2278
f 2284 2182 2183
f 2184 2285 2183
f 2183 2285 2284
f 2280 2286 2279
f 2286 2184 2279
f 2184 2185 2279
f 2184 2286 2285
f 2279 2185 2176
f 2187 2288 2287
f 2283 2187 2287
f 2181 2187 2283
f 2288 2289 2287
f 2290 2188 2284
f 2284 2188 2182
f 2291 2284 2285
f 2290 2284 2291
f 2285 2286 2292
f 2293 2285 2292
f 2291 2285 2293
f 2294 2293 2292
f 2297 2296 2295
f 2299 2298 2295
f 2299 2295 2296
f 2301 2300 2298
f 2301 2298 2299
f 2302 2300 2301
f 2189 2303 2288
f 2189 2288 2187
f 2289 2288 2304
f 2304 2288 2303
f 2290 2190 2188
f 2190 2290 2192
f 2290 2305 2192
f 2290 2291 2305
f 2306 2291 2293
f 2305 2291 2306
f 2293 2294 2307
f 2293 2307 2306
f 2297 2295 2194
f 2195 2297 2194
f 2308 2297 2195
f 2194 2295 2196
f 2295 2309 2196
f 2295 2298 2309
f 2310 2298 2300
f 2309 2298 2310
f 2300 2302 2311
f 2300 2311 2310
f 2197 2312 2303
f 2197 2303 2189
f 2304 2303 2313
f 2313 2303 2312
f 2305 2199 2192
f 2199 2305 2202
f 2202 2305 2306
f 2203 2202 2306
f 2307 2203 2306
f 2314 2203 2307
f 2205 2308 2195
f 2205 2315 2308
f 2316 2206 2309
f 2309 2206 2196
f 2317 2309 2310
f 2316 2309 2317
f 2310 2311 2318
f 2310 2318 2317
f 2321 2320 2319
f 2322 2208 2209
f 2323 2319 2320
f 2322 2210 2208
f 2213 2324 2312
f 2213 2312 2197
f 2313 2312 2325
f 2325 2312 2324
f 2327 2214 2326
f 2214 2314 2326
f 2214 2203 2314
f 2329 2328 2327
f 2329 2327 2326
f 2329 2315 2328
f 2315 2215 2328
f 2315 2205 2215
f 2330 2216 2316
f 2316 2216 2206
f 2331 2316 2317
f 2330 2316 2331
f 2317 2318 2332
f 2317 2332 2331
f 2335 2334 2333
f 2337 2336 2333
f 2337 2333 2334
f 2336 2337 2321
f 2336 2321 2319
f 2218 2336 2319
f 2217 2218 2319
f 2319 2323 2217
f 2323 2338 2217
f 2322 2209 2217
f 2322 2217 2338
f 2322 2338 2210
f 2338 2220 2210
f 2338 2339 2220
f 2220 2340 2222
f 2339 2340 2220
f 2222 2341 2223
f 2340 2341 2222
f 2213 2223 2324
f 2223 2342 2324
f 2223 2341 2342
f 2324 2342 2325
f 2327 2224 2214
f 2224 2327 2227
f 2227 2327 2328
f 2227 2328 2215
f 2343 2228 2330
f 2330 2228 2216
f 2344 2330 2331
f 2343 2330 2344
f 2331 2332 2345
f 2331 2345 2344
f 2335 2333 2346
f 2335 2346 2347
f 2230 2346 2229
f 2346 2336 2229
f 2346 2333 2336
f 2229 2336 2218
f 2343 2231 2228
f 2231 2343 2233
f 2233 2343 2344
f 2234 2233 2344
f 2345 2234 2344
f 2348 2234 2345
f 2350 2349 2235
f 2350 2235 2236
f 2235 2351 2237
f 2349 2351 2235
f 2346 2238 2347
f 2238 2351 2347
f 2238 2237 2351
f 2238 2346 2230
f 2348 2352 2234
f 2234 2352 2239
f 2239 2353 2240
f 2352 2353 2239
f 2240 2354 2241
f 2353 2354 2240
f 2236 2241 2350
f 2350 2241 2354
f 2356 2355 2244
f 2244 2355 2243
f 2357 2244 2245
f 2357 2356 2244
f 2245 2247 2357
f 2357 2247 2358
f 2355 2248 2243
f 2359 2248 2355
f 2249 2358 2247
f 2249 2360 2358
f 2362 2361 2251
f 2251 2361 2250
f 2363 2251 2252
f 2363 2362 2251
f 2365 2363 2364
f 2363 2253 2364
f 2363 2252 2253
f 2254 2366 2253
f 2253 2366 2364
f 2256 2366 2254
f 2359 2259 2248
f 2367 2259 2359
f 2368 2360 2249
f 2368 2249 2260
f 2369 2260 2261
f 2369 2368 2260
f 2261 2250 2361
f 2261 2361 2369
f 2370 2365 2364
f 2370 2364 2366
f 2370 2366 2371
f 2373 2371 2372
f 2372 2371 2262
f 2371 2366 2262
f 2366 2256 2262
f 2263 2374 2262
f 2262 2374 2372
f 2264 2375 2263
f 2263 2375 2374
f 2265 2375 2264
f 2377 2376 2268
f 2268 2376 2267
f 2378 2268 2269
f 2378 2377 2268
f 2269 2259 2367
f 2269 2367 2378
f 2379 2373 2372
f 2379 2372 2374
f 2379 2374 2380
f 2380 2374 2375
f 2380 2375 2381
f 2375 2265 2381
f 2265 2382 2381
f 2265 2271 2382
f 2383 2273 2274
f 2384 2383 2274
f 2267 2384 2274
f 2376 2384 2267
f 2385 2382 2271
f 2385 2271 2275
f 2386 2275 2276
f 2386 2385 2275
f 2276 2278 2386
f 2386 2278 2387
f 2388 2280 2281
f 2282 2389 2281
f 2281 2389 2388
f 2273 2383 2282
f 2383 2389 2282
f 2383 2390 2389
f 2383 2384 2391
f 2392 2383 2391
f 2390 2383 2392
f 2394 2393 2392
f 2394 2392 2391
f 2395 2393 2394
f 2283 2397 2396
f 2387 2283 2396
f 2278 2283 2387
f 2397 2398 2396
f 2399 2286 2388
f 2388 2286 2280
f 2400 2388 2389
f 2399 2388 2400
f 2401 2389 2390
f 2400 2389 2401
f 2402 2390 2392
f 2401 2390 2402
f 2403 2392 2393
f 2402 2392 2403
f 2393 2395 2404
f 2405 2393 2404
f 2403 2393 2405
f 2406 2405 2404
f 2287 2397 2283
f 2287 2289 2397
f 2289 2398 2397
f 2289 2407 2398
f 2399 2292 2286
f 2292 2399 2294
f 2399 2408 2294
f 2399 2400 2408
f 2409 2400 2401
f 2408 2400 2409
f 2297 2409 2296
f 2409 2402 2296
f 2409 2401 2402
f 2296 2402 2299
f 2299 2402 2403
f 2299 2403 2301
f 2301 2403 2405
f 2302 2301 2405
f 2406 2302 2405
f 2410 2302 2406
f 2304 2407 2289
f 2304 2411 2407
f 2412 2307 2408
f 2408 2307 2294
f 2413 2408 2409
f 2412 2408 2413
f 2308 2413 2297
f 2297 2413 2409
f 2410 2311 2302
f 2414 2311 2410
f 2313 2411 2304
f 2313 2415 2411
f 2416 2314 2412
f 2412 2314 2307
f 2417 2412 2413
f 2416 2412 2417
f 2315 2417 2308
f 2308 2417 2413
f 2419 2318 2418
f 2318 2414 2418
f 2318 2311 2414
f 2420 2419 2418
f 2423 2422 2421
f 2425 2424 2421
f 2425 2421 2422
f 2320 2321 2424
f 2425 2320 2424
f 2426 2320 2425
f 2323 2320 2426
f 2323 2426 2427
f 2325 2415 2313
f 2325 2428 2415
f 2416 2326 2314
f 2326 2416 2329
f 2329 2416 2417
f 2329 2417 2315
f 2429 2332 2419
f 2419 2332 2318
f 2419 2420 2430
f 2419 2430 2429
f 2433 2432 2431
f 2431 2432 2423
f 2431 2423 2421
f 2335 2431 2421
f 2334 2335 2421
f 2334 2421 2337
f 2337 2421 2424
f 2337 2424 2321
f 2427 2434 2323
f 2323 2434 2338
f 2338 2435 2339
f 2434 2435 2338
f 2435 2437 2436
f 2340 2435 2436
f 2339 2435 2340
f 2438 2341 2340
f 2438 2340 2436
f 2439 2342 2341
f 2439 2341 2438
f 2439 2440 2342
f 2440 2325 2342
f 2440 2428 2325
f 2441 2345 2429
f 2429 2345 2332
f 2429 2430 2442
f 2429 2442 2441
f 2445 2444 2443
f 2443 2444 2433
f 2431 2443 2433
f 2446 2443 2431
f 2347 2446 2335
f 2335 2446 2431
f 2437 2447 2436
f 2436 2447 2438
f 2438 2447 2448
f 2438 2448 2439
f 2439 2448 2449
f 2439 2449 2440
f 2450 2348 2441
f 2441 2348 2345
f 2441 2442 2451
f 2441 2451 2450
f 2445 2443 2349
f 2350 2445 2349
f 2452 2445 2350
f 2349 2443 2351
f 2351 2443 2446
f 2351 2446 2347
f 2450 2352 2348
f 2451 2453 2450
f 2453 2352 2450
f 2453 2353 2352
f 2353 2454 2354
f 2453 2454 2353
f 2350 2354 2452
f 2452 2354 2454
f 2455 2355 2356
f 2357 2456 2356
f 2356 2456 2455
f 2358 2456 2357
f 2457 2359 2455
f 2455 2359 2355
f 2458 2455 2456
f 2457 2455 2458
f 2360 2458 2358
f 2358 2458 2456
f 2460 2459 2362
f 2362 2459 2361
f 2461 2362 2363
f 2461 2460 2362
f 2363 2365 2461
f 2461 2365 2462
f 2463 2367 2457
f 2457 2367 2359
f 2464 2457 2458
f 2463 2457 2464
f 2368 2465 2360
f 2465 2458 2360
f 2465 2464 2458
f 2465 2368 2466
f 2368 2467 2466
f 2368 2369 2467
f 2369 2361 2459
f 2369 2459 2467
f 2365 2370 2468
f 2469 2365 2468
f 2462 2365 2469
f 2371 2470 2370
f 2370 2470 2468
f 2373 2470 2371
f 2471 2376 2377
f 2378 2472 2377
f 2377 2472 2471
f 2367 2463 2378
f 2463 2472 2378
f 2463 2473 2472
f 2474 2463 2464
f 2473 2463 2474
f 2475 2464 2465
f 2474 2464 2475
f 2465 2466 2476
f 2465 2476 2475
f 2477 2469 2468
f 2477 2468 2470
f 2477 2470 2478
f 2478 2470 2373
f 2379 2478 2373
f 2479 2478 2379
f 2480 2379 2380
f 2480 2479 2379
f 2481 2380 2381
f 2481 2480 2380
f 2381 2382 2481
f 2481 2382 2482
f 2483 2384 2471
f 2471 2384 2376
f 2484 2471 2472
f 2483 2471 2484
f 2485 2472 2473
f 2484 2472 2485
f 2486 2473 2474
f 2485 2473 2486
f 2487 2474 2475
f 2486 2474 2487
f 2475 2476 2488
f 2475 2488 2487
f 2489 2482 2382
f 2489 2382 2385
f 2490 2385 2386
f 2490 2489 2385
f 2386 2387 2490
f 2490 2387 2491
f 2483 2391 2384
f 2391 2483 2394
f 2394 2483 2484
f 2394 2484 2395
f 2484 2492 2395
f 2484 2485 2492
f 2493 2485 2486
f 2492 2485 2493
f 2494 2486 2487
f 2493 2486 2494
f 2487 2488 2495
f 2487 2495 2494
f 2496 2491 2387
f 2496 2387 2396
f 2396 2398 2496
f 2496 2398 2497
f 2492 2404 2395
f 2404 2492 2406
f 2492 2498 2406
f 2492 2493 2498
f 2499 2493 2494
f 2498 2493 2499
f 2494 2495 2500
f 2494 2500 2499
f 2407 2502 2501
f 2497 2407 2501
f 2398 2407 2497
f 2502 2503 2501
f 2504 2410 2498
f 2498 2410 2406
f 2505 2498 2499
f 2504 2498 2505
f 2499 2500 2506
f 2499 2506 2505
f 2411 2507 2502
f 2411 2502 2407
f 2503 2502 2508
f 2508 2502 2507
f 2509 2414 2504
f 2504 2414 2410
f 2510 2504 2505
f 2509 2504 2510
f 2505 2506 2511
f 2505 2511 2510
f 2415 2512 2507
f 2415 2507 2411
f 2508 2507 2513
f 2513 2507 2512
f 2509 2418 2414
f 2418 2509 2420
f 2509 2514 2420
f 2509 2510 2514
f 2510 2511 2515
f 2516 2510 2515
f 2514 2510 2516
f 2518 2517 2516
f 2518 2516 2515
f 2520 2519 2517
f 2520 2517 2518
f 2422 2423 2519
f 2520 2422 2519
f 2521 2422 2520
f 2422 2522 2425
f 2521 2522 2422
f 2425 2523 2426
f 2522 2523 2425
f 2427 2426 2523
f 2427 2523 2524
f 2526 2525 2512
f 2415 2526 2512
f 2428 2526 2415
f 2512 2525 2513
f 2527 2430 2514
f 2514 2430 2420
f 2528 2514 2516
f 2527 2514 2528
f 2529 2516 2517
f 2528 2516 2529
f 2433 2529 2432
f 2529 2519 2432
f 2529 2517 2519
f 2432 2519 2423
f 2524 2530 2427
f 2427 2530 2434
f 2530 2532 2531
f 2435 2530 2531
f 2434 2530 2435
f 2531 2437 2435
f 2440 2526 2428
f 2440 2533 2526
f 2534 2442 2527
f 2527 2442 2430
f 2535 2527 2528
f 2534 2527 2535
f 2445 2535 2444
f 2535 2529 2444
f 2535 2528 2529
f 2444 2529 2433
f 2532 2536 2531
f 2531 2536 2437
f 2536 2447 2437
f 2536 2537 2447
f 2447 2538 2448
f 2537 2538 2447
f 2448 2539 2449
f 2538 2539 2448
f 2440 2449 2533
f 2533 2449 2539
f 2540 2451 2534
f 2534 2451 2442
f 2541 2534 2535
f 2540 2534 2541
f 2452 2541 2445
f 2445 2541 2535
f 2540 2453 2451
f 2453 2540 2454
f 2454 2540 2541
f 2454 2541 2452
f 2542 2459 2460
f 2461 2543 2460
f 2460 2543 2542
f 2462 2543 2461
f 2545 2544 2467
f 2467 2544 2466
f 2467 2459 2542
f 2546 2467 2542
f 2545 2467 2546
f 2548 2547 2546
f 2542 2548 2546
f 2543 2548 2542
f 2469 2548 2462
f 2462 2548 2543
f 2551 2550 2549
f 2553 2552 2549
f 2549 2552 2551
f 2555 2554 2553
f 2553 2554 2552
f 2555 2556 2554
f 2544 2476 2466
f 2557 2476 2544
f 2558 2547 2548
f 2560 2558 2559
f 2559 2558 2477
f 2558 2548 2477
f 2548 2469 2477
f 2478 2561 2477
f 2477 2561 2559
f 2479 2562 2478
f 2478 2562 2561
f 2562 2479 2563
f 2479 2564 2563
f 2479 2480 2564
f 2565 2480 2481
f 2565 2564 2480
f 2567 2566 2482
f 2566 2481 2482
f 2566 2565 2481
f 2566 2567 2550
f 2567 2549 2550
f 2567 2568 2549
f 2549 2569 2553
f 2549 2568 2569
f 2553 2570 2555
f 2553 2569 2570
f 2556 2555 2571
f 2571 2555 2570
f 2557 2488 2476
f 2572 2488 2557
f 2573 2560 2559
f 2573 2559 2561
f 2573 2561 2574
f 2574 2561 2562
f 2574 2562 2575
f 2575 2562 2563
f 2489 2567 2482
f 2567 2489 2490
f 2567 2490 2568
f 2568 2490 2491
f 2576 2568 2491
f 2569 2568 2576
f 2569 2577 2570
f 2569 2576 2577
f 2571 2570 2578
f 2578 2570 2577
f 2572 2495 2488
f 2579 2495 2572
f 2496 2576 2491
f 2576 2496 2497
f 2580 2576 2497
f 2577 2576 2580
f 2578 2577 2581
f 2581 2577 2580
f 2579 2500 2495
f 2582 2500 2579
f 2501 2580 2497
f 2501 2503 2580
f 2503 2581 2580
f 2503 2583 2581
f 2582 2506 2500
f 2584 2506 2582
f 2508 2583 2503
f 2508 2585 2583
f 2584 2511 2506
f 2586 2511 2584
f 2513 2585 2508
f 2513 2587 2585
f 2586 2588 2511
f 2511 2588 2515
f 2515 2589 2518
f 2588 2589 2515
f 2518 2590 2520
f 2589 2590 2518
f 2520 2591 2521
f 2590 2591 2520
f 2521 2592 2522
f 2591 2592 2521
f 2522 2593 2523
f 2592 2593 2522
f 2524 2523 2593
f 2524 2593 2594
f 2526 2595 2525
f 2595 2596 2525
f 2596 2513 2525
f 2596 2587 2513
f 2594 2597 2524
f 2524 2597 2530
f 2532 2530 2597
f 2532 2597 2598
f 2533 2599 2595
f 2533 2595 2526
f 2596 2595 2600
f 2600 2595 2599
f 2598 2601 2532
f 2532 2601 2536
f 2536 2602 2537
f 2601 2602 2536
f 2537 2603 2538
f 2602 2603 2537
f 2538 2604 2539
f 2603 2604 2538
f 2533 2539 2599
f 2539 2605 2599
f 2539 2604 2605
f 2599 2605 2600
f 2608 2607 2606
f 2610 2609 2606
f 2606 2609 2608
f 2610 2611 2609
f 2614 2613 2612
f 2616 2615 2612
f 2612 2615 2614
f 2615 2616 2607
f 2616 2606 2607
f 2616 2617 2606
f 2606 2618 2610
f 2606 2617 2618
f 2611 2610 2619
f 2619 2610 2618
f 2620 2544 2545
f 2546 2621 2545
f 2545 2621 2620
f 2547 2621 2546
f 2624 2623 2622
f 2626 2625 2622
f 2622 2625 2624
f 2625 2626 2613
f 2626 2612 2613
f 2626 2627 2612
f 2627 2550 2551
f 2616 2627 2551
f 2612 2627 2616
f 2616 2551 2552
f 2616 2552 2617
f 2617 2552 2554
f 2617 2554 2618
f 2554 2556 2618
f 2556 2619 2618
f 2556 2628 2619
f 2629 2557 2620
f 2620 2557 2544
f 2621 2631 2630
f 2629 2621 2630
f 2620 2621 2629
f 2631 2621 2547
f 2558 2631 2547
f 2632 2631 2558
f 2558 2560 2632
f 2632 2560 2633
f 2636 2635 2634
f 2638 2637 2634
f 2634 2637 2636
f 2637 2638 2623
f 2623 2638 2622
f 2638 2563 2622
f 2563 2564 2622
f 2622 2564 2565
f 2622 2565 2626
f 2626 2565 2566
f 2626 2566 2627
f 2627 2566 2550
f 2571 2628 2556
f 2571 2639 2628
f 2641 2640 2629
f 2640 2557 2629
f 2640 2572 2557
f 2641 2629 2630
f 2642 2633 2560
f 2642 2560 2573
f 2574 2634 2635
f 2642 2574 2635
f 2573 2574 2642
f 2634 2574 2575
f 2634 2575 2638
f 2638 2575 2563
f 2578 2639 2571
f 2578 2643 2639
f 2640 2579 2572
f 2644 2579 2640
f 2581 2643 2578
f 2581 2645 2643
f 2644 2582 2579
f 2646 2582 2644
f 2583 2645 2581
f 2583 2647 2645
f 2646 2584 2582
f 2648 2584 2646
f 2585 2647 2583
f 2585 2649 2647
f 2648 2586 2584
f 2650 2586 2648
f 2587 2649 2585
f 2587 2651 2649
f 2588 2586 2652
f 2586 2653 2652
f 2586 2650 2653
f 2654 2589 2588
f 2654 2588 2652
f 2655 2590 2589
f 2655 2589 2654
f 2590 2655 2656
f 2657 2590 2656
f 2591 2590 2657
f 2591 2658 2592
f 2657 2658 2591
f 2592 2659 2593
f 2658 2659 2592
f 2594 2593 2659
f 2594 2659 2660
f 2596 2651 2587
f 2596 2661 2651
f 2653 2662 2652
f 2652 2662 2654
f 2654 2662 2663
f 2654 2663 2655
f 2655 2663 2664
f 2655 2664 2656
f 2660 2665 2594
f 2594 2665 2597
f 2667 2666 2598
f 2597 2667 2598
f 2665 2667 2597
f 2668 2666 2667
f 2600 2661 2596
f 2600 2669 2661
f 2666 2601 2598
f 2668 2670 2666
f 2670 2601 2666
f 2670 2602 2601
f 2602 2671 2603
f 2670 2671 2602
f 2603 2672 2604
f 2671 2672 2603
f 2604 2673 2605
f 2672 2673 2604
f 2600 2605 2669
f 2669 2605 2673
f 2676 2675 2674
f 2678 2677 2674
f 2674 2677 2676
f 2678 2679 2677
f 2682 2681 2680
f 2684 2683 2680
f 2680 2683 2682
f 2686 2685 2684
f 2684 2685 2683
f 2688 2687 2686
f 2686 2687 2685
f 2687 2688 2675
f 2688 2674 2675
f 2688 2689 2674
f 2689 2607 2608
f 2678 2689 2608
f 2674 2689 2678
f 2690 2679 2678
f 2608 2690 2678
f 2609 2690 2608
f 2609 2611 2690
f 2690 2611 2691
f 2694 2693 2692
f 2694 2692 2681
f 2692 2680 2681
f 2692 2695 2680
f 2680 2696 2684
f 2680 2695 2696
f 2684 2697 2686
f 2684 2696 2697
f 2697 2613 2614
f 2688 2697 2614
f 2686 2697 2688
f 2688 2614 2615
f 2688 2615 2689
f 2689 2615 2607
f 2619 2691 2611
f 2619 2698 2691
f 2692 2693 2699
f 2699 2693 2700
f 2692 2701 2695
f 2692 2699 2701
f 2701 2623 2624
f 2696 2701 2624
f 2695 2701 2696
f 2696 2624 2625
f 2696 2625 2697
f 2697 2625 2613
f 2628 2698 2619
f 2628 2702 2698
f 2703 2630 2631
f 2632 2704 2631
f 2631 2704 2703
f 2633 2704 2632
f 2699 2700 2636
f 2700 2635 2636
f 2700 2705 2635
f 2699 2636 2637
f 2699 2637 2701
f 2701 2637 2623
f 2639 2702 2628
f 2639 2706 2702
f 2708 2707 2641
f 2641 2707 2640
f 2641 2630 2703
f 2709 2641 2703
f 2708 2641 2709
f 2709 2703 2704
f 2709 2704 2710
f 2710 2704 2633
f 2642 2710 2633
f 2711 2710 2642
f 2642 2635 2705
f 2642 2705 2711
f 2643 2706 2639
f 2643 2712 2706
f 2707 2644 2640
f 2713 2644 2707
f 2645 2712 2643
f 2645 2714 2712
f 2713 2646 2644
f 2715 2646 2713
f 2647 2714 2645
f 2647 2716 2714
f 2715 2648 2646
f 2717 2648 2715
f 2649 2716 2647
f 2649 2718 2716
f 2717 2650 2648
f 2719 2650 2717
f 2651 2718 2649
f 2651 2720 2718
f 2719 2653 2650
f 2721 2653 2719
f 2723 2722 2657
f 2723 2657 2656
f 2657 2724 2658
f 2722 2724 2657
f 2658 2725 2659
f 2724 2725 2658
f 2727 2726 2660
f 2659 2727 2660
f 2725 2727 2659
f 2728 2726 2727
f 2661 2720 2651
f 2661 2729 2720
f 2662 2653 2730
f 2653 2731 2730
f 2653 2721 2731
f 2732 2663 2662
f 2732 2662 2730
f 2663 2732 2733
f 2734 2663 2733
f 2664 2663 2734
f 2656 2664 2723
f 2723 2664 2734
f 2726 2665 2660
f 2728 2735 2726
f 2735 2665 2726
f 2735 2667 2665
f 2668 2667 2735
f 2668 2735 2736
f 2669 2729 2661
f 2669 2737 2729
f 2731 2738 2730
f 2730 2738 2732
f 2732 2738 2739
f 2732 2739 2733
f 2736 2740 2668
f 2668 2740 2670
f 2670 2741 2671
f 2740 2741 2670
f 2671 2742 2672
f 2741 2742 2671
f 2672 2743 2673
f 2742 2743 2672
f 2669 2673 2737
f 2737 2673 2743
f 2746 2745 2744
f 2748 2747 2744
f 2744 2747 2746
f 2750 2749 2748
f 2748 2749 2747
f 2752 2751 2750
f 2750 2751 2749
f 2754 2753 2752
f 2752 2753 2751
f 2754 2755 2753
f 2758 2757 2756
f 2760 2759 2756
f 2756 2759 2758
f 2759 2760 2745
f 2760 2744 2745
f 2760 2761 2744
f 2744 2762 2748
f 2744 2761 2762
f 2748 2763 2750
f 2748 2762 2763
f 2763 2675 2676
f 2752 2763 2676
f 2750 2763 2752
f 2752 2676 2677
f 2752 2677 2754
f 2765 2764 2679
f 2679 2764 2677
f 2764 2755 2677
f 2755 2754 2677
f 2765 2766 2764
f 2756 2757 2767
f 2767 2757 2768
f 2767 2681 2682
f 2760 2767 2682
f 2756 2767 2760
f 2760 2682 2683
f 2760 2683 2761
f 2761 2683 2685
f 2761 2685 2762
f 2762 2685 2687
f 2762 2687 2763
f 2763 2687 2675
f 2690 2765 2679
f 2690 2691 2765
f 2691 2766 2765
f 2691 2769 2766
f 2767 2768 2694
f 2768 2693 2694
f 2768 2770 2693
f 2767 2694 2681
f 2698 2769 2691
f 2698 2771 2769
f 2770 2700 2693
f 2772 2700 2770
f 2702 2771 2698
f 2702 2773 2771
f 2772 2705 2700
f 2774 2705 2772
f 2706 2773 2702
f 2706 2775 2773
f 2777 2776 2708
f 2708 2776 2707
f 2778 2708 2709
f 2778 2777 2708
f 2779 2709 2710
f 2779 2778 2709
f 2780 2710 2711
f 2780 2779 2710
f 2711 2705 2774
f 2711 2774 2780
f 2712 2775 2706
f 2712 2781 2775
f 2776 2713 2707
f 2782 2713 2776
f 2714 2781 2712
f 2714 2783 2781
f 2782 2715 2713
f 2784 2715 2782
f 2716 2783 2714
f 2716 2785 2783
f 2784 2717 2715
f 2786 2717 2784
f 2718 2785 2716
f 2718 2787 2785
f 2786 2719 2717
f 2788 2719 2786
f 2720 2787 2718
f 2720 2789 2787
f 2788 2721 2719
f 2790 2721 2788
f 2793 2792 2791
f 2722 2723 2791
f 2792 2722 2791
f 2794 2722 2792
f 2722 2795 2724
f 2794 2795 2722
f 2724 2796 2725
f 2795 2796 2724
f 2725 2797 2727
f 2796 2797 2725
f 2728 2727 2797
f 2728 2797 2798
f 2729 2789 2720
f 2729 2799 2789
f 2790 2731 2721
f 2800 2731 2790
f 2793 2791 2734
f 2733 2793 2734
f 2801 2793 2733
f 2734 2791 2723
f 2798 2802 2728
f 2728 2802 2735
f 2736 2735 2802
f 2736 2802 2803
f 2737 2799 2729
f 2737 2804 2799
f 2800 2805 2731
f 2731 2805 2738
f 2738 2806 2739
f 2805 2806 2738
f 2733 2739 2801
f 2801 2739 2806
f 2803 2807 2736
f 2736 2807 2740
f 2740 2808 2741
f 2807 2808 2740
f 2741 2809 2742
f 2808 2809 2741
f 2742 2810 2743
f 2809 2810 2742
f 2737 2743 2804
f 2804 2743 2810
f 2813 2812 2811
f 2815 2814 2811
f 2811 2814 2813
f 2815 2816 2814
f 2811 2812 2746
f 2812 2745 2746
f 2812 2817 2745
f 2811 2746 2747
f 2811 2747 2815
f 2818 2816 2815
f 2747 2818 2815
f 2749 2818 2747
f 2819 2749 2751
f 2819 2818 2749
f 2820 2751 2753
f 2820 2819 2751
f 2753 2755 2820
f 2820 2755 2821
f 2822 2757 2758
f 2759 2823 2758
f 2758 2823 2822
f 2824 2823 2759
f 2745 2824 2759
f 2817 2824 2745
f 2825 2821 2755
f 2825 2755 2764
f 2764 2766 2825
f 2825 2766 2826
f 2827 2768 2822
f 2822 2768 2757
f 2828 2822 2823
f 2827 2822 2828
f 2823 2824 2829
f 2823 2829 2828
f 2832 2831 2830
f 2834 2833 2830
f 2834 2830 2831
f 2835 2833 2834
f 2769 2826 2766
f 2769 2836 2826
f 2837 2770 2827
f 2827 2770 2768
f 2838 2827 2828
f 2837 2827 2838
f 2828 2829 2839
f 2828 2839 2838
f 2832 2830 2840
f 2832 2840 2841
f 2842 2830 2833
f 2840 2830 2842
f 2833 2835 2843
f 2833 2843 2842
f 2771 2836 2769
f 2771 2844 2836
f 2845 2772 2837
f 2837 2772 2770
f 2846 2837 2838
f 2845 2837 2846
f 2838 2839 2847
f 2838 2847 2846
f 2841 2840 2848
f 2841 2848 2849
f 2850 2840 2842
f 2848 2840 2850
f 2842 2843 2851
f 2842 2851 2850
f 2773 2844 2771
f 2773 2852 2844
f 2854 2853 2845
f 2853 2772 2845
f 2853 2774 2772
f 2854 2845 2846
f 2854 2846 2855
f 2855 2846 2847
f 2856 2849 2848
f 2856 2848 2850
f 2856 2850 2857
f 2857 2850 2851
f 2775 2852 2773
f 2775 2858 2852
f 2860 2859 2777
f 2777 2859 2776
f 2862 2860 2861
f 2860 2778 2861
f 2860 2777 2778
f 2779 2863 2778
f 2778 2863 2861
f 2863 2779 2864
f 2779 2865 2864
f 2779 2780 2865
f 2780 2774 2853
f 2780 2853 2865
f 2781 2858 2775
f 2781 2866 2858
f 2859 2782 2776
f 2867 2782 2859
f 2868 2862 2861
f 2870 2869 2868
f 2861 2870 2868
f 2863 2870 2861
f 2863 2864 2871
f 2863 2871 2870
f 2783 2866 2781
f 2783 2872 2866
f 2867 2784 2782
f 2873 2784 2867
f 2869 2870 2874
f 2869 2874 2875
f 2870 2871 2876
f 2870 2876 2874
f 2785 2872 2783
f 2785 2877 2872
f 2873 2786 2784
f 2878 2786 2873
f 2875 2874 2879
f 2875 2879 2880
f 2874 2876 2881
f 2874 2881 2879
f 2787 2877 2785
f 2787 2882 2877
f 2878 2788 2786
f 2883 2788 2878
f 2880 2879 2884
f 2880 2884 2885
f 2879 2881 2886
f 2879 2886 2884
f 2889 2888 2887
f 2890 2887 2888
f 2789 2882 2787
f 2789 2891 2882
f 2883 2790 2788
f 2892 2790 2883
f 2885 2884 2792
f 2793 2885 2792
f 2893 2885 2793
f 2886 2894 2884
f 2894 2792 2884
f 2894 2794 2792
f 2794 2895 2795
f 2894 2895 2794
f 2795 2896 2796
f 2895 2896 2795
f 2887 2797 2889
f 2797 2896 2889
f 2797 2796 2896
f 2898 2897 2798
f 2898 2798 2797
f 2890 2898 2797
f 2887 2890 2797
f 2899 2897 2898
f 2799 2891 2789
f 2799 2900 2891
f 2892 2800 2790
f 2901 2800 2892
f 2801 2893 2793
f 2801 2902 2893
f 2897 2802 2798
f 2904 2903 2803
f 2904 2803 2802
f 2899 2904 2802
f 2897 2899 2802
f 2906 2905 2903
f 2906 2903 2904
f 2908 2907 2905
f 2908 2905 2906
f 2910 2909 2907
f 2910 2907 2908
f 2910 2900 2909
f 2900 2804 2909
f 2900 2799 2804
f 2805 2800 2911
f 2800 2912 2911
f 2800 2901 2912
f 2913 2806 2805
f 2913 2805 2911
f 2913 2914 2806
f 2914 2801 2806
f 2914 2902 2801
f 2903 2807 2803
f 2807 2903 2808
f 2808 2903 2905
f 2808 2905 2809
f 2809 2905 2907
f 2809 2907 2810
f 2810 2907 2909
f 2810 2909 2804
f 2912 2915 2911
f 2911 2915 2913
f 2913 2915 2916
f 2913 2916 2914
f 2918 2917 2813
f 2813 2917 2812
f 2920 2918 2919
f 2918 2814 2919
f 2918 2813 2814
f 2816 2919 2814
f 2917 2817 2812
f 2921 2817 2917
f 2920 2919 2922
f 2920 2922 2923
f 2818 2924 2816
f 2924 2919 2816
f 2924 2922 2919
f 2819 2925 2818
f 2818 2925 2924
f 2820 2926 2819
f 2819 2926 2925
f 2821 2926 2820
f 2921 2824 2817
f 2927 2824 2921
f 2923 2922 2928
f 2923 2928 2929
f 2930 2922 2924
f 2928 2922 2930
f 2931 2924 2925
f 2930 2924 2931
f 2926 2933 2932
f 2931 2926 2932
f 2925 2926 2931
f 2933 2926 2821
f 2825 2933 2821
f 2934 2933 2825
f 2825 2826 2934
f 2934 2826 2935
f 2937 2829 2936
f 2829 2927 2936
f 2829 2824 2927
f 2937 2936 2929
f 2937 2929 2928
f 2832 2937 2928
f 2831 2832 2928
f 2831 2928 2834
f 2834 2928 2930
f 2834 2930 2835
f 2930 2938 2835
f 2930 2931 2938
f 2931 2932 2939
f 2931 2939 2938
f 2836 2935 2826
f 2836 2940 2935
f 2941 2839 2937
f 2937 2839 2829
f 2841 2941 2832
f 2832 2941 2937
f 2942 2843 2938
f 2938 2843 2835
f 2938 2939 2943
f 2938 2943 2942
f 2844 2940 2836
f 2844 2944 2940
f 2945 2847 2941
f 2941 2847 2839
f 2849 2945 2841
f 2841 2945 2941
f 2946 2851 2942
f 2942 2851 2843
f 2942 2943 2947
f 2942 2947 2946
f 2852 2944 2844
f 2852 2948 2944
f 2949 2853 2854
f 2949 2854 2950
f 2854 2951 2950
f 2854 2855 2951
f 2951 2855 2847
f 2952 2951 2847
f 2945 2952 2847
f 2951 2952 2953
f 2856 2954 2849
f 2954 2945 2849
f 2954 2952 2945
f 2857 2955 2856
f 2856 2955 2954
f 2851 2946 2857
f 2946 2955 2857
f 2946 2956 2955
f 2946 2947 2957
f 2946 2957 2956
f 2858 2948 2852
f 2858 2958 2948
f 2959 2859 2860
f 2862 2959 2860
f 2960 2864 2865
f 2853 2949 2865
f 2949 2960 2865
f 2949 2961 2960
f 2949 2950 2962
f 2949 2962 2961
f 2963 2953 2952
f 2965 2964 2963
f 2952 2965 2963
f 2954 2965 2952
f 2966 2954 2955
f 2965 2954 2966
f 2967 2955 2956
f 2966 2955 2967
f 2956 2957 2968
f 2956 2968 2967
f 2866 2958 2858
f 2866 2969 2958
f 2970 2867 2959
f 2959 2867 2859
f 2868 2971 2862
f 2971 2959 2862
f 2971 2970 2959
f 2869 2971 2868
f 2972 2871 2960
f 2960 2871 2864
f 2973 2960 2961
f 2972 2960 2973
f 2961 2962 2974
f 2961 2974 2973
f 2964 2965 2975
f 2964 2975 2976
f 2977 2965 2966
f 2975 2965 2977
f 2978 2966 2967
f 2977 2966 2978
f 2967 2968 2979
f 2967 2979 2978
f 2872 2969 2866
f 2872 2980 2969
f 2981 2873 2970
f 2970 2873 2867
f 2982 2970 2971
f 2981 2970 2982
f 2875 2982 2869
f 2869 2982 2971
f 2983 2876 2972
f 2972 2876 2871
f 2984 2972 2973
f 2983 2972 2984
f 2973 2974 2985
f 2973 2985 2984
f 2976 2975 2986
f 2976 2986 2987
f 2988 2975 2977
f 2986 2975 2988
f 2989 2977 2978
f 2988 2977 2989
f 2978 2979 2990
f 2978 2990 2989
f 2877 2980 2872
f 2877 2991 2980
f 2992 2878 2981
f 2981 2878 2873
f 2993 2981 2982
f 2992 2981 2993
f 2880 2993 2875
f 2875 2993 2982
f 2994 2881 2983
f 2983 2881 2876
f 2995 2983 2984
f 2994 2983 2995
f 2984 2985 2996
f 2997 2984 2996
f 2995 2984 2997
f 2999 2998 2997
f 2999 2997 2996
f 2998 2999 2987
f 2986 2998 2987
f 3000 2998 2986
f 3001 2986 2988
f 3000 2986 3001
f 3002 2988 2989
f 3001 2988 3002
f 2989 2990 3003
f 2989 3003 3002
f 2882 2991 2877
f 2882 3004 2991
f 3005 2883 2992
f 2992 2883 2878
f 3006 2992 2993
f 3005 2992 3006
f 2885 3006 2880
f 2880 3006 2993
f 3007 2886 2994
f 2994 2886 2881
f 3008 2994 2995
f 3007 2994 3008
f 3009 2995 2997
f 3008 2995 3009
f 2889 3009 2888
f 3009 2998 2888
f 3009 2997 2998
f 2888 2998 2890
f 2998 3010 2890
f 2998 3000 3010
f 3011 3000 3001
f 3010 3000 3011
f 3012 3001 3002
f 3011 3001 3012
f 3002 3003 3013
f 3002 3013 3012
f 2891 3004 2882
f 2891 3014 3004
f 3015 2892 3005
f 3005 2892 2883
f 3016 3005 3006
f 3015 3005 3016
f 2893 3016 2885
f 2885 3016 3006
f 3007 2894 2886
f 2894 3007 2895
f 2895 3007 3008
f 2895 3008 2896
f 2896 3008 3009
f 2896 3009 2889
f 3010 2898 2890
f 2898 3010 2899
f 3010 3017 2899
f 3010 3011 3017
f 3018 3011 3012
f 3017 3011 3018
f 3012 3013 3019
f 3020 3012 3019
f 3018 3012 3020
f 3022 3021 3020
f 3022 3020 3019
f 3022 3014 3021
f 3014 2900 3021
f 3014 2891 2900
f 3023 2901 3015
f 3015 2901 2892
f 3024 3015 3016
f 3023 3015 3024
f 2902 3024 2893
f 2893 3024 3016
f 3017 2904 2899
f 2904 3017 2906
f 2906 3017 3018
f 2906 3018 2908
f 2908 3018 3020
f 2908 3020 2910
f 2910 3020 3021
f 2910 3021 2900
f 3025 2912 3023
f 3023 2912 2901
f 3026 3023 3024
f 3025 3023 3026
f 2914 3026 2902
f 2902 3026 3024
f 3025 2915 2912
f 2915 3025 2916
f 2916 3025 3026
f 2916 3026 2914
f 3027 2917 2918
f 2920 3027 2918
f 3028 2921 3027
f 3027 2921 2917
f 2923 3028 2920
f 2920 3028 3027
f 3029 2927 3028
f 3028 2927 2921
f 2929 3029 2923
f 2923 3029 3028
f 3030 2932 2933
f 2934 3031 2933
f 2933 3031 3030
f 2935 3031 2934
f 3029 2936 2927
f 2936 3029 2929
f 3032 2939 3030
f 3030 2939 2932
f 3033 3030 3031
f 3032 3030 3033
f 2940 3033 2935
f 2935 3033 3031
f 3034 2943 3032
f 3032 2943 2939
f 3035 3032 3033
f 3034 3032 3035
f 2944 3035 2940
f 2940 3035 3033
f 3036 2947 3034
f 3034 2947 2943
f 3037 3034 3035
f 3036 3034 3037
f 2948 3037 2944
f 2944 3037 3035
f 3038 2950 2951
f 2953 3038 2951
f 3039 2957 3036
f 3036 2957 2947
f 3040 3036 3037
f 3039 3036 3040
f 2958 3040 2948
f 2948 3040 3037
f 3041 2962 3038
f 3038 2962 2950
f 2963 3042 2953
f 3042 3038 2953
f 3042 3041 3038
f 2964 3042 2963
f 3043 2968 3039
f 3039 2968 2957
f 3044 3039 3040
f 3043 3039 3044
f 2969 3044 2958
f 2958 3044 3040
f 3045 2974 3041
f 3041 2974 2962
f 3046 3041 3042
f 3045 3041 3046
f 2976 3046 2964
f 2964 3046 3042
f 3047 2979 3043
f 3043 2979 2968
f 3048 3043 3044
f 3047 3043 3048
f 2980 3048 2969
f 2969 3048 3044
f 3049 2985 3045
f 3045 2985 2974
f 3050 3045 3046
f 3049 3045 3050
f 2987 3050 2976
f 2976 3050 3046
f 3051 2990 3047
f 3047 2990 2979
f 3052 3047 3048
f 3051 3047 3052
f 2991 3052 2980
f 2980 3052 3048
f 3049 2996 2985
f 2996 3049 2999
f 2999 3049 3050
f 2999 3050 2987
f 3053 3003 3051
f 3051 3003 2990
f 3054 3051 3052
f 3053 3051 3054
f 3004 3054 2991
f 2991 3054 3052
f 3055 3013 3053
f 3053 3013 3003
f 3056 3053 3054
f 3055 3053 3056
f 3014 3056 3004
f 3004 3056 3054
f 3055 3019 3013
f 3019 3055 3022
f 3022 3055 3056
f 3022 3056 3014
f 3059 3058 3057
f 3061 3060 3057
f 3057 3060 3059
f 3061 3062 3060
f 3057 3058 3063
f 3063 3058 3064
f 3057 3065 3061
f 3057 3063 3065
f 3062 3061 3066
f 3066 3061 3065
f 3064 3067 3063
f 3063 3067 3065
f 3065 3067 3068
f 3065 3068 3066
f 3071 3070 3069
f 3073 3072 3069
f 3069 3072 3071
f 3075 3074 3073
f 3073 3074 3072
f 3077 3076 3075
f 3075 3076 3074
f 3077 3078 3076
f 3069 3070 3079
f 3079 3070 3080
f 3069 3081 3073
f 3069 3079 3081
f 3073 3082 3075
f 3073 3081 3082
f 3075 3083 3077
f 3075 3082 3083
f 3078 3077 3084
f 3084 3077 3083
f 3087 3086 3085
f 3089 3088 3085
f 3085 3088 3087
f 3088 3089 3080
f 3089 3079 3080
f 3089 3090 3079
f 3079 3091 3081
f 3079 3090 3091
f 3091 3058 3059
f 3082 3091 3059
f 3081 3091 3082
f 3082 3059 3060
f 3082 3060 3083
f 3060 3062 3083
f 3062 3084 3083
f 3062 3092 3084
f 3086 3093 3085
f 3085 3093 3089
f 3089 3093 3094
f 3096 3095 3094
f 3095 3089 3094
f 3095 3090 3089
f 3090 3097 3091
f 3090 3095 3097
f 3097 3064 3058
f 3097 3058 3091
f 3066 3092 3062
f 3066 3098 3092
f 3096 3099 3095
f 3101 3100 3099
f 3100 3095 3099
f 3100 3097 3095
f 3102 3067 3064
f 3097 3102 3064
f 3100 3102 3097
f 3103 3068 3067
f 3103 3067 3102
f 3103 3104 3068
f 3104 3066 3068
f 3104 3098 3066
f 3101 3105 3100
f 3107 3106 3105
f 3106 3100 3105
f 3106 3102 3100
f 3102 3108 3103
f 3102 3106 3108
f 3104 3103 3109
f 3109 3103 3108
f 3107 3110 3106
f 3106 3110 3108
f 3108 3110 3111
f 3108 3111 3109
f 3114 3113 3112
f 3112 3115 3114
f 3112 3113 3116
f 3116 3113 3117
f 3115 3112 3118
f 3118 3112 3116
f 3116 3117 3119
f 3119 3117 3120
f 3118 3116 3121
f 3121 3116 3119
f 3123 3122 3071
f 3071 3122 3070
f 3124 3071 3072
f 3124 3123 3071
f 3125 3072 3074
f 3125 3124 3072
f 3126 3074 3076
f 3126 3125 3074
f 3076 3078 3126
f 3126 3078 3127
f 3119 3120 3128
f 3128 3120 3129
f 3121 3119 3130
f 3130 3119 3128
f 3133 3132 3131
f 3122 3133 3131
f 3080 3122 3131
f 3070 3122 3080
f 3084 3127 3078
f 3084 3134 3127
f 3128 3129 3135
f 3135 3129 3136
f 3087 3137 3086
f 3137 3128 3086
f 3128 3135 3086
f 3128 3137 3130
f 3088 3131 3132
f 3137 3088 3132
f 3087 3088 3137
f 3131 3088 3080
f 3092 3134 3084
f 3092 3138 3134
f 3135 3136 3139
f 3139 3136 3140
f 3141 3093 3086
f 3135 3141 3086
f 3139 3141 3135
f 3142 3094 3093
f 3142 3093 3141
f 3142 3096 3094
f 3098 3138 3092
f 3098 3143 3138
f 3139 3140 3144
f 3144 3140 3145
f 3139 3146 3141
f 3139 3144 3146
f 3141 3147 3142
f 3141 3146 3147
f 3148 3099 3096
f 3142 3148 3096
f 3147 3148 3142
f 3148 3101 3099
f 3104 3143 3098
f 3104 3149 3143
f 3145 3150 3144
f 3152 3151 3150
f 3151 3144 3150
f 3151 3146 3144
f 3146 3153 3147
f 3146 3151 3153
f 3147 3154 3148
f 3147 3153 3154
f 3155 3105 3101
f 3148 3155 3101
f 3154 3155 3148
f 3155 3107 3105
f 3109 3149 3104
f 3109 3156 3149
f 3152 3157 3151
f 3159 3158 3157
f 3158 3151 3157
f 3158 3153 3151
f 3153 3160 3154
f 3153 3158 3160
f 3154 3161 3155
f 3154 3160 3161
f 3162 3110 3107
f 3155 3162 3107
f 3161 3162 3155
f 3163 3111 3110
f 3163 3110 3162
f 3163 3164 3111
f 3164 3109 3111
f 3164 3156 3109
f 3159 3165 3158
f 3158 3165 3160
f 3160 3165 3166
f 3168 3167 3166
f 3167 3160 3166
f 3167 3161 3160
f 3161 3169 3162
f 3161 3167 3169
f 3171 3163 3170
f 3163 3169 3170
f 3163 3162 3169
f 3163 3171 3164
f 3168 3172 3167
f 3167 3172 3169
f 3169 3172 3173
f 3169 3173 3170
f 3174 3113 3114
f 3115 3174 3114
f 3177 3176 3175
f 3178 3177 3174
f 3177 3117 3174
f 3117 3113 3174
f 3177 3175 3117
f 3174 3115 3178
f 3115 3179 3178
f 3115 3118 3179
f 3175 3176 3180
f 3180 3176 3181
f 3180 3120 3117
f 3180 3117 3175
f 3121 3179 3118
f 3121 3182 3179
f 3184 3183 3123
f 3123 3183 3122
f 3185 3123 3124
f 3185 3184 3123
f 3186 3124 3125
f 3186 3185 3124
f 3187 3125 3126
f 3187 3186 3125
f 3126 3127 3187
f 3187 3127 3188
f 3180 3181 3189
f 3189 3181 3190
f 3189 3129 3120
f 3189 3120 3180
f 3130 3182 3121
f 3130 3191 3182
f 3193 3192 3133
f 3133 3192 3132
f 3133 3122 3183
f 3133 3183 3193
f 3134 3188 3127
f 3134 3194 3188
f 3197 3196 3195
f 3197 3195 3190
f 3195 3189 3190
f 3195 3198 3189
f 3198 3136 3129
f 3198 3129 3189
f 3199 3191 3130
f 3199 3130 3137
f 3137 3132 3192
f 3137 3192 3199
f 3138 3194 3134
f 3138 3200 3194
f 3195 3196 3201
f 3201 3196 3202
f 3195 3203 3198
f 3195 3201 3203
f 3203 3140 3136
f 3203 3136 3198
f 3143 3200 3138
f 3143 3204 3200
f 3207 3206 3205
f 3209 3208 3205
f 3205 3208 3207
f 3208 3209 3202
f 3209 3201 3202
f 3209 3210 3201
f 3201 3211 3203
f 3201 3210 3211
f 3211 3145 3140
f 3211 3140 3203
f 3149 3204 3143
f 3149 3212 3204
f 3205 3206 3213
f 3213 3206 3214
f 3205 3215 3209
f 3205 3213 3215
f 3209 3216 3210
f 3209 3215 3216
f 3210 3217 3211
f 3210 3216 3217
f 3218 3150 3145
f 3211 3218 3145
f 3217 3218 3211
f 3218 3152 3150
f 3156 3212 3149
f 3156 3219 3212
f 3213 3214 3220
f 3220 3214 3221
f 3213 3222 3215
f 3213 3220 3222
f 3224 3216 3223
f 3216 3222 3223
f 3216 3215 3222
f 3226 3225 3224
f 3225 3216 3224
f 3225 3217 3216
f 3217 3227 3218
f 3217 3225 3227
f 3228 3157 3152
f 3218 3228 3152
f 3227 3228 3218
f 3228 3159 3157
f 3164 3219 3156
f 3164 3229 3219
f 3220 3221 3230
f 3230 3221 3231
f 3220 3232 3222
f 3220 3230 3232
f 3223 3222 3233
f 3233 3222 3232
f 3226 3234 3225
f 3236 3235 3234
f 3235 3225 3234
f 3235 3227 3225
f 3227 3237 3228
f 3227 3235 3237
f 3238 3165 3159
f 3228 3238 3159
f 3237 3238 3228
f 3239 3166 3165
f 3239 3165 3238
f 3239 3168 3166
f 3170 3240 3171
f 3240 3241 3171
f 3241 3164 3171
f 3241 3229 3164
f 3231 3242 3230
f 3230 3242 3232
f 3232 3242 3243
f 3232 3243 3233
f 3235 3236 3244
f 3244 3236 3245
f 3235 3246 3237
f 3235 3244 3246
f 3237 3247 3238
f 3237 3246 3247
f 3238 3248 3239
f 3238 3247 3248
f 3249 3172 3168
f 3239 3249 3168
f 3248 3249 3239
f 3250 3173 3172
f 3250 3172 3249
f 3250 3251 3173
f 3173 3251 3170
f 3251 3252 3170
f 3252 3240 3170
f 3240 3252 3241
f 3245 3253 3244
f 3244 3253 3246
f 3246 3253 3254
f 3246 3254 3247
f 3247 3254 3255
f 3247 3255 3248
f 3248 3255 3256
f 3258 3257 3256
f 3257 3248 3256
f 3257 3249 3248
f 3249 3259 3250
f 3249 3257 3259
f 3251 3250 3260
f 3260 3250 3259
f 3258 3261 3257
f 3257 3261 3259
f 3259 3261 3262
f 3259 3262 3260
f 3265 3264 3263
f 3267 3266 3263
f 3263 3266 3265
f 3267 3268 3266
f 3263 3264 3269
f 3269 3264 3270
f 3263 3271 3267
f 3263 3269 3271
f 3268 3267 3272
f 3272 3267 3271
f 3269 3270 3273
f 3273 3270 3274
f 3269 3275 3271
f 3269 3273 3275
f 3272 3271 3276
f 3276 3271 3275
f 3277 3176 3177
f 3178 3278 3177
f 3177 3278 3277
f 3179 3278 3178
f 3274 3279 3273
f 3273 3279 3275
f 3275 3279 3280
f 3275 3280 3276
f 3283 3282 3281
f 3284 3283 3277
f 3283 3181 3277
f 3181 3176 3277
f 3283 3281 3181
f 3284 3277 3278
f 3284 3278 3285
f 3278 3179 3285
f 3179 3286 3285
f 3179 3182 3286
f 3288 3287 3184
f 3184 3287 3183
f 3289 3184 3185
f 3289 3288 3184
f 3290 3185 3186
f 3290 3289 3185
f 3291 3186 3187
f 3291 3290 3186
f 3187 3188 3291
f 3291 3188 3292
f 3281 3282 3293
f 3293 3282 3294
f 3293 3190 3181
f 3293 3181 3281
f 3191 3286 3182
f 3191 3295 3286
f 3297 3296 3193
f 3193 3296 3192
f 3193 3183 3287
f 3193 3287 3297
f 3194 3292 3188
f 3194 3298 3292
f 3293 3294 3197
f 3294 3196 3197
f 3294 3299 3196
f 3293 3197 3190
f 3300 3295 3191
f 3300 3191 3199
f 3199 3192 3296
f 3199 3296 3300
f 3200 3298 3194
f 3200 3301 3298
f 3299 3202 3196
f 3302 3202 3299
f 3204 3301 3200
f 3204 3303 3301
f 3306 3305 3304
f 3308 3307 3304
f 3304 3307 3306
f 3308 3309 3307
f 3311 3310 3207
f 3207 3310 3206
f 3312 3207 3208
f 3312 3311 3207
f 3208 3202 3302
f 3208 3302 3312
f 3212 3303 3204
f 3212 3313 3303
f 3304 3305 3314
f 3314 3305 3315
f 3304 3316 3308
f 3304 3314 3316
f 3309 3308 3317
f 3308 3318 3317
f 3308 3316 3318
f 3310 3317 3318
f 3214 3310 3318
f 3206 3310 3214
f 3219 3313 3212
f 3219 3319 3313
f 3314 3315 3320
f 3320 3315 3321
f 3314 3322 3316
f 3314 3320 3322
f 3316 3323 3318
f 3316 3322 3323
f 3323 3221 3214
f 3323 3214 3318
f 3223 3324 3224
f 3324 3226 3224
f 3229 3319 3219
f 3229 3325 3319
f 3320 3321 3326
f 3326 3321 3327
f 3320 3328 3322
f 3320 3326 3328
f 3322 3329 3323
f 3322 3328 3329
f 3329 3231 3221
f 3329 3221 3323
f 3233 3330 3324
f 3233 3324 3223
f 3331 3234 3226
f 3324 3331 3226
f 3330 3331 3324
f 3331 3236 3234
f 3241 3325 3229
f 3241 3332 3325
f 3327 3333 3326
f 3326 3333 3328
f 3328 3333 3334
f 3328 3334 3329
f 3329 3334 3335
f 3335 3337 3336
f 3335 3336 3242
f 3329 3335 3242
f 3231 3329 3242
f 3338 3243 3242
f 3338 3242 3336
f 3330 3233 3243
f 3338 3330 3243
f 3339 3330 3338
f 3330 3340 3331
f 3330 3339 3340
f 3340 3245 3236
f 3340 3236 3331
f 3342 3341 3252
f 3342 3252 3251
f 3241 3252 3332
f 3332 3252 3341
f 3337 3343 3336
f 3336 3343 3338
f 3338 3343 3344
f 3338 3344 3339
f 3339 3344 3345
f 3339 3345 3340
f 3340 3345 3346
f 3340 3346 3245
f 3346 3253 3245
f 3346 3347 3253
f 3347 3349 3348
f 3254 3347 3348
f 3253 3347 3254
f 3350 3255 3254
f 3350 3254 3348
f 3351 3256 3255
f 3351 3255 3350
f 3351 3258 3256
f 3260 3342 3251
f 3260 3352 3342
f 3349 3353 3348
f 3348 3353 3350
f 3350 3353 3354
f 3350 3354 3351
f 3351 3354 3355
f 3351 3355 3258
f 3355 3261 3258
f 3355 3356 3261
f 3261 3357 3262
f 3356 3357 3261
f 3260 3262 3352
f 3352 3262 3357
f 3360 3359 3358
f 3362 3361 3358
f 3358 3361 3360
f 3362 3363 3361
f 3366 3365 3364
f 3366 3364 3359
f 3359 3364 3358
f 3364 3264 3358
f 3264 3265 3358
f 3358 3265 3266
f 3358 3266 3362
f 3266 3268 3362
f 3268 3363 3362
f 3268 3367 3363
f 3364 3365 3368
f 3368 3365 3369
f 3368 3270 3264
f 3368 3264 3364
f 3272 3367 3268
f 3272 3370 3367
f 3368 3369 3371
f 3371 3369 3372
f 3371 3274 3270
f 3371 3270 3368
f 3276 3370 3272
f 3276 3373 3370
f 3371 3372 3374
f 3374 3372 3375
f 3376 3279 3274
f 3371 3376 3274
f 3374 3376 3371
f 3377 3280 3279
f 3377 3279 3376
f 3377 3378 3280
f 3378 3276 3280
f 3378 3373 3276
f 3380 3379 3283
f 3283 3379 3282
f 3381 3283 3284
f 3381 3380 3283
f 3382 3284 3285
f 3382 3381 3284
f 3285 3286 3382
f 3382 3286 3383
f 3385 3384 3288
f 3288 3384 3287
f 3386 3288 3289
f 3386 3385 3288
f 3387 3289 3290
f 3387 3386 3289
f 3389 3387 3388
f 3387 3291 3388
f 3387 3290 3291
f 3292 3388 3291
f 3374 3375 3390
f 3390 3375 3391
f 3374 3392 3376
f 3374 3390 3392
f 3376 3393 3377
f 3376 3392 3393
f 3378 3377 3394
f 3394 3377 3393
f 3379 3294 3282
f 3395 3294 3379
f 3295 3383 3286
f 3295 3396 3383
f 3398 3397 3297
f 3297 3397 3296
f 3297 3287 3384
f 3297 3384 3398
f 3389 3388 3399
f 3389 3399 3400
f 3298 3399 3292
f 3292 3399 3388
f 3391 3401 3390
f 3403 3402 3401
f 3402 3390 3401
f 3402 3392 3390
f 3392 3404 3393
f 3392 3402 3404
f 3394 3393 3405
f 3405 3393 3404
f 3395 3299 3294
f 3406 3299 3395
f 3407 3396 3295
f 3407 3295 3300
f 3300 3296 3397
f 3300 3397 3407
f 3400 3399 3408
f 3400 3408 3409
f 3301 3408 3298
f 3298 3408 3399
f 3402 3403 3410
f 3410 3403 3411
f 3402 3412 3404
f 3402 3410 3412
f 3405 3404 3413
f 3413 3404 3412
f 3416 3415 3414
f 3406 3416 3414
f 3302 3406 3414
f 3299 3406 3302
f 3417 3409 3408
f 3408 3301 3417
f 3301 3418 3417
f 3301 3303 3418
f 3410 3411 3306
f 3411 3305 3306
f 3411 3419 3305
f 3410 3306 3307
f 3410 3307 3412
f 3421 3420 3309
f 3309 3420 3307
f 3420 3413 3307
f 3413 3412 3307
f 3310 3311 3421
f 3311 3420 3421
f 3311 3422 3420
f 3312 3414 3415
f 3422 3312 3415
f 3311 3312 3422
f 3414 3312 3302
f 3313 3418 3303
f 3313 3423 3418
f 3419 3315 3305
f 3424 3315 3419
f 3317 3421 3309
f 3421 3317 3310
f 3319 3423 3313
f 3319 3425 3423
f 3424 3321 3315
f 3426 3321 3424
f 3325 3425 3319
f 3325 3427 3425
f 3426 3327 3321
f 3428 3327 3426
f 3332 3427 3325
f 3332 3429 3427
f 3428 3430 3327
f 3327 3430 3333
f 3333 3431 3334
f 3430 3431 3333
f 3334 3432 3335
f 3431 3432 3334
f 3434 3433 3337
f 3335 3434 3337
f 3432 3434 3335
f 3435 3433 3434
f 3437 3436 3341
f 3437 3341 3342
f 3332 3341 3429
f 3429 3341 3436
f 3433 3343 3337
f 3435 3438 3433
f 3438 3343 3433
f 3438 3344 3343
f 3344 3439 3345
f 3438 3439 3344
f 3345 3440 3346
f 3439 3440 3345
f 3346 3441 3347
f 3440 3441 3346
f 3349 3347 3441
f 3349 3441 3442
f 3352 3437 3342
f 3352 3443 3437
f 3442 3444 3349
f 3349 3444 3353
f 3353 3445 3354
f 3444 3445 3353
f 3354 3446 3355
f 3445 3446 3354
f 3355 3447 3356
f 3446 3447 3355
f 3356 3448 3357
f 3447 3448 3356
f 3352 3357 3443
f 3443 3357 3448
f 3449 3359 3360
f 3361 3450 3360
f 3360 3450 3449
f 3363 3450 3361
f 3451 3365 3366
f 3359 3449 3366
f 3449 3451 3366
f 3449 3452 3451
f 3453 3449 3450
f 3452 3449 3453
f 3367 3453 3363
f 3363 3453 3450
f 3455 3454 3451
f 3454 3365 3451
f 3454 3369 3365
f 3455 3451 3452
f 3455 3452 3456
f 3456 3452 3453
f 3456 3453 3457
f 3453 3367 3457
f 3367 3458 3457
f 3367 3370 3458
f 3454 3372 3369
f 3459 3372 3454
f 3373 3458 3370
f 3373 3460 3458
f 3459 3375 3372
f 3461 3375 3459
f 3378 3463 3462
f 3460 3378 3462
f 3373 3378 3460
f 3463 3464 3462
f 3466 3465 3380
f 3380 3465 3379
f 3467 3380 3381
f 3467 3466 3380
f 3468 3381 3382
f 3468 3467 3381
f 3382 3383 3468
f 3468 3383 3469
f 3471 3470 3385
f 3385 3470 3384
f 3472 3385 3386
f 3472 3471 3385
f 3474 3472 3473
f 3472 3387 3473
f 3472 3386 3387
f 3389 3473 3387
f 3477 3476 3475
f 3479 3478 3475
f 3475 3478 3477
f 3481 3480 3479
f 3479 3480 3478
f 3461 3480 3481
f 3391 3461 3481
f 3375 3461 3391
f 3394 3482 3463
f 3394 3463 3378
f 3464 3463 3483
f 3483 3463 3482
f 3465 3395 3379
f 3484 3395 3465
f 3396 3469 3383
f 3396 3485 3469
f 3487 3486 3398
f 3398 3486 3397
f 3398 3384 3470
f 3398 3470 3487
f 3474 3473 3488
f 3474 3488 3489
f 3400 3488 3389
f 3389 3488 3473
f 3492 3491 3490
f 3492 3490 3476
f 3490 3475 3476
f 3490 3493 3475
f 3475 3494 3479
f 3475 3493 3494
f 3479 3495 3481
f 3479 3494 3495
f 3496 3401 3391
f 3481 3496 3391
f 3495 3496 3481
f 3496 3403 3401
f 3405 3497 3482
f 3405 3482 3394
f 3483 3482 3498
f 3498 3482 3497
f 3484 3406 3395
f 3499 3406 3484
f 3500 3485 3396
f 3500 3396 3407
f 3407 3397 3486
f 3407 3486 3500
f 3501 3489 3488
f 3488 3400 3501
f 3400 3502 3501
f 3400 3409 3502
f 3490 3491 3503
f 3503 3491 3504
f 3490 3505 3493
f 3490 3503 3505
f 3493 3506 3494
f 3493 3505 3506
f 3508 3495 3507
f 3495 3506 3507
f 3495 3494 3506
f 3510 3509 3508
f 3509 3495 3508
f 3509 3496 3495
f 3509 3411 3403
f 3509 3403 3496
f 3413 3511 3497
f 3413 3497 3405
f 3498 3497 3512
f 3497 3513 3512
f 3497 3511 3513
f 3415 3416 3513
f 3416 3512 3513
f 3416 3514 3512
f 3416 3406 3499
f 3416 3499 3514
f 3409 3417 3515
f 3516 3409 3515
f 3502 3409 3516
f 3418 3515 3417
f 3504 3517 3503
f 3503 3517 3505
f 3505 3517 3518
f 3505 3518 3506
f 3506 3518 3519
f 3506 3519 3507
f 3510 3520 3509
f 3411 3509 3520
f 3521 3411 3520
f 3419 3411 3521
f 3420 3511 3413
f 3511 3420 3422
f 3511 3422 3513
f 3513 3422 3415
f 3516 3515 3522
f 3516 3522 3523
f 3423 3522 3418
f 3418 3522 3515
f 3521 3424 3419
f 3524 3424 3521
f 3523 3522 3525
f 3523 3525 3526
f 3425 3525 3423
f 3423 3525 3522
f 3524 3426 3424
f 3527 3426 3524
f 3526 3525 3528
f 3526 3528 3529
f 3427 3528 3425
f 3425 3528 3525
f 3527 3428 3426
f 3530 3428 3527
f 3529 3528 3531
f 3529 3531 3532
f 3429 3531 3427
f 3427 3531 3528
f 3530 3533 3428
f 3428 3533 3430
f 3430 3534 3431
f 3533 3534 3430
f 3431 3535 3432
f 3534 3535 3431
f 3432 3536 3434
f 3535 3536 3432
f 3435 3434 3536
f 3435 3536 3537
f 3532 3531 3436
f 3437 3532 3436
f 3538 3532 3437
f 3436 3531 3429
f 3537 3539 3435
f 3435 3539 3438
f 3438 3540 3439
f 3539 3540 3438
f 3439 3541 3440
f 3540 3541 3439
f 3440 3542 3441
f 3541 3542 3440
f 3442 3441 3542
f 3442 3542 3543
f 3443 3538 3437
f 3443 3544 3538
f 3543 3545 3442
f 3442 3545 3444
f 3444 3546 3445
f 3545 3546 3444
f 3445 3547 3446
f 3546 3547 3445
f 3446 3548 3447
f 3547 3548 3446
f 3447 3549 3448
f 3548 3549 3447
f 3443 3448 3544
f 3544 3448 3549
f 3550 3454 3455
f 3456 3551 3455
f 3455 3551 3550
f 3457 3552 3456
f 3456 3552 3551
f 3458 3552 3457
f 3554 3553 3550
f 3553 3454 3550
f 3553 3459 3454
f 3554 3550 3551
f 3554 3551 3555
f 3557 3556 3555
f 3551 3557 3555
f 3552 3557 3551
f 3460 3557 3458
f 3458 3557 3552
f 3553 3461 3459
f 3558 3461 3553
f 3559 3556 3557
f 3559 3557 3460
f 3462 3559 3460
f 3560 3559 3462
f 3462 3464 3560
f 3560 3464 3561
f 3563 3562 3466
f 3466 3562 3465
f 3564 3466 3467
f 3564 3563 3466
f 3565 3467 3468
f 3565 3564 3467
f 3468 3469 3565
f 3565 3469 3566
f 3567 3470 3471
f 3472 3568 3471
f 3471 3568 3567
f 3474 3568 3472
f 3570 3569 3477
f 3477 3569 3476
f 3571 3477 3478
f 3571 3570 3477
f 3572 3478 3480
f 3572 3571 3478
f 3480 3461 3558
f 3480 3558 3572
f 3483 3574 3573
f 3561 3483 3573
f 3464 3483 3561
f 3574 3575 3573
f 3562 3484 3465
f 3576 3484 3562
f 3485 3566 3469
f 3485 3577 3566
f 3579 3578 3487
f 3487 3578 3486
f 3487 3470 3567
f 3580 3487 3567
f 3579 3487 3580
f 3582 3581 3580
f 3567 3582 3580
f 3568 3582 3567
f 3489 3582 3474
f 3474 3582 3568
f 3585 3584 3583
f 3491 3492 3583
f 3492 3585 3583
f 3492 3586 3585
f 3492 3476 3569
f 3492 3569 3586
f 3498 3587 3574
f 3498 3574 3483
f 3575 3574 3588
f 3574 3589 3588
f 3574 3587 3589
f 3576 3588 3589
f 3499 3576 3589
f 3484 3576 3499
f 3590 3577 3485
f 3590 3485 3500
f 3500 3486 3578
f 3500 3578 3590
f 3591 3581 3582
f 3593 3591 3592
f 3592 3591 3501
f 3591 3582 3501
f 3582 3489 3501
f 3502 3592 3501
f 3583 3584 3594
f 3594 3584 3595
f 3594 3504 3491
f 3594 3491 3583
f 3507 3596 3508
f 3596 3510 3508
f 3512 3587 3498
f 3587 3512 3514
f 3587 3514 3589
f 3589 3514 3499
f 3593 3592 3597
f 3593 3597 3598
f 3516 3597 3502
f 3502 3597 3592
f 3595 3599 3594
f 3599 3601 3600
f 3599 3600 3517
f 3594 3599 3517
f 3504 3594 3517
f 3602 3518 3517
f 3602 3517 3600
f 3603 3519 3518
f 3603 3518 3602
f 3596 3507 3519
f 3603 3596 3519
f 3604 3596 3603
f 3605 3520 3510
f 3596 3605 3510
f 3604 3605 3596
f 3605 3521 3520
f 3598 3597 3606
f 3598 3606 3607
f 3523 3606 3516
f 3516 3606 3597
f 3600 3601 3608
f 3608 3601 3609
f 3600 3610 3602
f 3600 3608 3610
f 3612 3603 3611
f 3603 3610 3611
f 3603 3602 3610
f 3603 3612 3604
f 3604 3612 3613
f 3615 3614 3613
f 3614 3604 3613
f 3614 3605 3604
f 3614 3524 3521
f 3614 3521 3605
f 3607 3606 3616
f 3607 3616 3617
f 3526 3616 3523
f 3523 3616 3606
f 3609 3618 3608
f 3608 3618 3610
f 3610 3618 3619
f 3610 3619 3611
f 3615 3620 3614
f 3524 3614 3620
f 3621 3524 3620
f 3527 3524 3621
f 3617 3616 3622
f 3617 3622 3623
f 3529 3622 3526
f 3526 3622 3616
f 3621 3530 3527
f 3624 3530 3621
f 3623 3622 3625
f 3623 3625 3626
f 3532 3625 3529
f 3529 3625 3622
f 3624 3627 3530
f 3530 3627 3533
f 3533 3628 3534
f 3627 3628 3533
f 3534 3629 3535
f 3628 3629 3534
f 3535 3630 3536
f 3629 3630 3535
f 3537 3536 3630
f 3537 3630 3631
f 3626 3625 3632
f 3626 3632 3633
f 3538 3632 3532
f 3532 3632 3625
f 3631 3634 3537
f 3537 3634 3539
f 3539 3635 3540
f 3634 3635 3539
f 3540 3636 3541
f 3635 3636 3540
f 3541 3637 3542
f 3636 3637 3541
f 3543 3542 3637
f 3543 3637 3638
f 3633 3632 3639
f 3633 3639 3640
f 3544 3639 3538
f 3538 3639 3632
f 3638 3641 3543
f 3543 3641 3545
f 3545 3642 3546
f 3641 3642 3545
f 3546 3643 3547
f 3642 3643 3546
f 3547 3644 3548
f 3643 3644 3547
f 3639 3549 3640
f 3549 3644 3640
f 3549 3548 3644
f 3549 3639 3544
f 3645 3553 3554
f 3555 3646 3554
f 3554 3646 3645
f 3556 3646 3555
f 3648 3647 3645
f 3647 3553 3645
f 3647 3558 3553
f 3648 3645 3646
f 3648 3646 3649
f 3649 3646 3556
f 3559 3649 3556
f 3650 3649 3559
f 3651 3559 3560
f 3651 3650 3559
f 3560 3561 3651
f 3651 3561 3652
f 3653 3562 3563
f 3653 3563 3654
f 3563 3655 3654
f 3563 3564 3655
f 3656 3564 3565
f 3656 3655 3564
f 3565 3566 3656
f 3656 3566 3657
f 3659 3658 3570
f 3570 3658 3569
f 3660 3570 3571
f 3660 3659 3570
f 3662 3660 3661
f 3660 3572 3661
f 3660 3571 3572
f 3663 3661 3572
f 3558 3663 3572
f 3647 3663 3558
f 3664 3652 3561
f 3664 3561 3573
f 3666 3665 3575
f 3665 3573 3575
f 3665 3664 3573
f 3667 3665 3653
f 3665 3576 3653
f 3576 3562 3653
f 3665 3666 3576
f 3667 3653 3654
f 3577 3657 3566
f 3577 3668 3657
f 3670 3669 3579
f 3579 3669 3578
f 3671 3579 3580
f 3671 3670 3579
f 3580 3581 3671
f 3671 3581 3672
f 3674 3673 3585
f 3585 3673 3584
f 3675 3585 3586
f 3675 3674 3585
f 3586 3569 3658
f 3586 3658 3675
f 3676 3662 3661
f 3676 3661 3663
f 3588 3666 3575
f 3666 3588 3576
f 3677 3668 3577
f 3677 3577 3590
f 3590 3578 3669
f 3590 3669 3677
f 3581 3591 3678
f 3679 3581 3678
f 3672 3581 3679
f 3593 3678 3591
f 3673 3595 3584
f 3680 3595 3673
f 3679 3678 3681
f 3679 3681 3682
f 3598 3681 3593
f 3593 3681 3678
f 3599 3595 3683
f 3595 3684 3683
f 3595 3680 3684
f 3683 3601 3599
f 3685 3682 3681
f 3681 3598 3685
f 3598 3686 3685
f 3598 3607 3686
f 3689 3688 3687
f 3689 3687 3684
f 3687 3683 3684
f 3687 3690 3683
f 3690 3609 3601
f 3690 3601 3683
f 3611 3691 3612
f 3692 3613 3612
f 3692 3612 3691
f 3692 3615 3613
f 3617 3686 3607
f 3617 3693 3686
f 3687 3688 3694
f 3694 3688 3695
f 3687 3696 3690
f 3687 3694 3696
f 3697 3618 3609
f 3690 3697 3609
f 3696 3697 3690
f 3698 3619 3618
f 3698 3618 3697
f 3698 3699 3619
f 3619 3699 3611
f 3699 3700 3611
f 3700 3691 3611
f 3702 3701 3700
f 3701 3691 3700
f 3701 3692 3691
f 3703 3620 3615
f 3692 3703 3615
f 3701 3703 3692
f 3703 3621 3620
f 3623 3693 3617
f 3623 3704 3693
f 3695 3705 3694
f 3694 3705 3696
f 3696 3705 3706
f 3696 3706 3697
f 3697 3706 3707
f 3697 3707 3698
f 3698 3707 3708
f 3698 3708 3699
f 3701 3702 3709
f 3709 3702 3710
f 3701 3711 3703
f 3701 3709 3711
f 3621 3712 3624
f 3621 3713 3712
f 3713 3621 3714
f 3703 3714 3621
f 3714 3703 3715
f 3712 3715 3703
f 3703 3711 3712
f 3712 3711 3624
f 3713 3715 3712
f 3717 3716 3713
f 3717 3713 3714
f 3719 3718 3716
f 3719 3716 3717
f 3721 3720 3718
f 3721 3718 3719
f 3722 3720 3721
f 3626 3704 3623
f 3626 3723 3704
f 3710 3724 3709
f 3709 3724 3711
f 3711 3724 3725
f 3715 3713 3725
f 3713 3627 3725
f 3624 3711 3725
f 3624 3725 3627
f 3627 3713 3628
f 3628 3713 3716
f 3628 3716 3629
f 3629 3716 3718
f 3629 3718 3630
f 3630 3718 3720
f 3727 3726 3631
f 3727 3631 3630
f 3722 3727 3630
f 3720 3722 3630
f 3729 3728 3726
f 3729 3726 3727
f 3730 3728 3729
f 3633 3723 3626
f 3633 3731 3723
f 3726 3634 3631
f 3634 3726 3635
f 3635 3726 3728
f 3730 3732 3728
f 3732 3635 3728
f 3732 3636 3635
f 3636 3733 3637
f 3732 3733 3636
f 3735 3734 3638
f 3637 3735 3638
f 3733 3735 3637
f 3736 3734 3735
f 3739 3738 3737
f 3738 3731 3737
f 3731 3640 3737
f 3731 3633 3640
f 3734 3641 3638
f 3736 3740 3734
f 3740 3641 3734
f 3740 3642 3641
f 3642 3741 3643
f 3740 3741 3642
f 3737 3644 3739
f 3644 3741 3739
f 3644 3643 3741
f 3644 3737 3640
f 3743 3742 3648
f 3648 3742 3647
f 3744 3648 3649
f 3744 3743 3648
f 3745 3649 3650
f 3745 3744 3649
f 3747 3745 3746
f 3745 3651 3746
f 3745 3650 3651
f 3749 3746 3748
f 3746 3651 3748
f 3652 3750 3748
f 3652 3748 3651
f 3752 3751 3750
f 3750 3751 3748
f 3754 3753 3752
f 3752 3753 3751
f 3754 3654 3753
f 3654 3655 3753
f 3756 3755 3753
f 3756 3753 3655
f 3656 3757 3655
f 3655 3757 3756
f 3657 3757 3656
f 3758 3658 3659
f 3660 3759 3659
f 3659 3759 3758
f 3662 3759 3660
f 3742 3663 3647
f 3760 3663 3742
f 3761 3747 3746
f 3652 3664 3750
f 3746 3749 3761
f 3750 3664 3665
f 3750 3665 3752
f 3752 3665 3667
f 3752 3667 3754
f 3756 3762 3755
f 3654 3754 3667
f 3762 3756 3757
f 3762 3757 3763
f 3757 3657 3763
f 3657 3764 3763
f 3657 3668 3764
f 3765 3669 3670
f 3671 3766 3670
f 3670 3766 3765
f 3672 3766 3671
f 3768 3767 3674
f 3674 3767 3673
f 3769 3674 3675
f 3769 3768 3674
f 3675 3658 3758
f 3770 3675 3758
f 3769 3675 3770
f 3770 3758 3759
f 3770 3759 3771
f 3771 3759 3662
f 3676 3771 3662
f 3772 3771 3676
f 3676 3663 3760
f 3676 3760 3772
f 3773 3764 3668
f 3773 3668 3677
f 3773 3677 3669
f 3774 3773 3669
f 3765 3774 3669
f 3773 3774 3775
f 3776 3765 3766
f 3774 3765 3776
f 3679 3776 3672
f 3672 3776 3766
f 3767 3680 3673
f 3777 3680 3767
f 3778 3775 3774
f 3778 3774 3776
f 3778 3776 3779
f 3776 3679 3779
f 3679 3780 3779
f 3679 3682 3780
f 3777 3684 3680
f 3781 3684 3777
f 3682 3685 3782
f 3783 3682 3782
f 3780 3682 3783
f 3686 3782 3685
f 3785 3784 3689
f 3689 3784 3688
f 3689 3684 3781
f 3689 3781 3785
f 3783 3782 3786
f 3783 3786 3787
f 3693 3786 3686
f 3686 3786 3782
f 3784 3695 3688
f 3788 3695 3784
f 3699 3789 3700
f 3789 3702 3700
f 3787 3786 3790
f 3787 3790 3791
f 3704 3790 3693
f 3693 3790 3786
f 3788 3792 3695
f 3695 3792 3705
f 3705 3793 3706
f 3792 3793 3705
f 3793 3795 3794
f 3707 3793 3794
f 3706 3793 3707
f 3796 3708 3707
f 3796 3707 3794
f 3789 3699 3708
f 3796 3789 3708
f 3797 3789 3796
f 3797 3710 3702
f 3797 3702 3789
f 3799 3798 3714
f 3799 3714 3715
f 3714 3800 3717
f 3798 3800 3714
f 3717 3801 3719
f 3800 3801 3717
f 3719 3802 3721
f 3801 3802 3719
f 3722 3721 3802
f 3722 3802 3803
f 3791 3790 3804
f 3791 3804 3805
f 3723 3804 3704
f 3704 3804 3790
f 3795 3806 3794
f 3794 3806 3796
f 3796 3806 3807
f 3809 3808 3807
f 3808 3796 3807
f 3808 3797 3796
f 3810 3724 3710
f 3797 3810 3710
f 3808 3810 3797
f 3724 3810 3811
f 3812 3724 3811
f 3725 3724 3812
f 3715 3725 3799
f 3799 3725 3812
f 3803 3813 3722
f 3722 3813 3727
f 3727 3814 3729
f 3813 3814 3727
f 3730 3729 3814
f 3730 3814 3815
f 3805 3804 3816
f 3805 3816 3817
f 3731 3816 3723
f 3723 3816 3804
f 3808 3809 3818
f 3818 3809 3819
f 3808 3820 3810
f 3808 3818 3820
f 3811 3810 3821
f 3821 3810 3820
f 3815 3822 3730
f 3730 3822 3732
f 3732 3823 3733
f 3822 3823 3732
f 3733 3824 3735
f 3823 3824 3733
f 3736 3735 3824
f 3736 3824 3825
f 3817 3816 3738
f 3739 3817 3738
f 3826 3817 3739
f 3738 3816 3731
f 3819 3827 3818
f 3818 3827 3820
f 3820 3827 3828
f 3820 3828 3821
f 3825 3829 3736
f 3736 3829 3740
f 3740 3830 3741
f 3829 3830 3740
f 3739 3741 3826
f 3826 3741 3830
f 3831 3742 3743
f 3744 3832 3743
f 3743 3832 3831
f 3745 3833 3744
f 3744 3833 3832
f 3747 3833 3745
f 3835 3834 3748
f 3748 3834 3749
f 3836 3748 3751
f 3836 3835 3748
f 3837 3751 3753
f 3837 3836 3751
f 3753 3755 3837
f 3837 3755 3838
f 3840 3839 3831
f 3839 3742 3831
f 3839 3760 3742
f 3840 3831 3832
f 3840 3832 3841
f 3841 3832 3833
f 3841 3833 3842
f 3842 3833 3747
f 3761 3842 3747
f 3843 3842 3761
f 3761 3749 3834
f 3761 3834 3843
f 3844 3838 3755
f 3844 3755 3762
f 3845 3762 3763
f 3845 3844 3762
f 3763 3764 3845
f 3845 3764 3846
f 3847 3767 3768
f 3769 3848 3768
f 3768 3848 3847
f 3770 3849 3769
f 3769 3849 3848
f 3771 3850 3770
f 3770 3850 3849
f 3850 3771 3851
f 3771 3852 3851
f 3771 3772 3852
f 3772 3760 3839
f 3772 3839 3852
f 3853 3846 3764
f 3853 3764 3773
f 3773 3775 3853
f 3853 3775 3854
f 3856 3855 3847
f 3855 3767 3847
f 3855 3777 3767
f 3856 3847 3848
f 3856 3848 3857
f 3857 3848 3849
f 3857 3849 3858
f 3858 3849 3850
f 3858 3850 3859
f 3859 3850 3851
f 3775 3778 3860
f 3861 3775 3860
f 3854 3775 3861
f 3779 3862 3778
f 3778 3862 3860
f 3780 3862 3779
f 3855 3781 3777
f 3863 3781 3855
f 3864 3861 3860
f 3866 3865 3864
f 3860 3866 3864
f 3862 3866 3860
f 3783 3866 3780
f 3780 3866 3862
f 3869 3868 3867
f 3784 3785 3867
f 3785 3869 3867
f 3785 3870 3869
f 3785 3781 3863
f 3785 3863 3870
f 3865 3866 3871
f 3865 3871 3872
f 3787 3871 3783
f 3783 3871 3866
f 3868 3873 3867
f 3784 3867 3873
f 3874 3784 3873
f 3788 3784 3874
f 3877 3876 3875
f 3878 3875 3876
f 3872 3871 3879
f 3872 3879 3880
f 3791 3879 3787
f 3787 3879 3871
f 3792 3788 3881
f 3788 3882 3881
f 3788 3874 3882
f 3883 3793 3792
f 3883 3792 3881
f 3883 3795 3793
f 3885 3884 3798
f 3885 3798 3799
f 3798 3886 3800
f 3884 3886 3798
f 3875 3801 3877
f 3801 3886 3877
f 3801 3800 3886
f 3878 3887 3875
f 3887 3801 3875
f 3887 3802 3801
f 3889 3888 3803
f 3802 3889 3803
f 3887 3889 3802
f 3890 3888 3889
f 3880 3879 3891
f 3880 3891 3892
f 3805 3891 3791
f 3791 3891 3879
f 3881 3882 3893
f 3893 3882 3894
f 3881 3895 3883
f 3881 3893 3895
f 3896 3806 3795
f 3883 3896 3795
f 3895 3896 3883
f 3897 3807 3806
f 3897 3806 3896
f 3897 3809 3807
f 3899 3898 3812
f 3899 3812 3811
f 3799 3812 3885
f 3885 3812 3898
f 3888 3813 3803
f 3890 3900 3888
f 3900 3813 3888
f 3900 3814 3813
f 3815 3814 3900
f 3815 3900 3901
f 3892 3891 3902
f 3892 3902 3903
f 3817 3902 3805
f 3805 3902 3891
f 3894 3904 3893
f 3893 3904 3895
f 3895 3904 3905
f 3907 3906 3905
f 3906 3895 3905
f 3906 3896 3895
f 3896 3908 3897
f 3896 3906 3908
f 3908 3819 3809
f 3908 3809 3897
f 3821 3899 3811
f 3821 3909 3899
f 3901 3910 3815
f 3815 3910 3822
f 3822 3911 3823
f 3910 3911 3822
f 3823 3912 3824
f 3911 3912 3823
f 3914 3913 3825
f 3824 3914 3825
f 3912 3914 3824
f 3913 3914 3903
f 3902 3913 3903
f 3915 3913 3902
f 3826 3915 3817
f 3817 3915 3902
f 3907 3916 3906
f 3918 3917 3916
f 3917 3906 3916
f 3917 3908 3906
f 3919 3827 3819
f 3908 3919 3819
f 3917 3919 3908
f 3920 3828 3827
f 3920 3827 3919
f 3920 3921 3828
f 3921 3821 3828
f 3921 3909 3821
f 3913 3829 3825
f 3829 3913 3830
f 3830 3913 3915
f 3830 3915 3826
f 3918 3922 3917
f 3924 3923 3922
f 3923 3917 3922
f 3923 3919 3917
f 3919 3925 3920
f 3919 3923 3925
f 3921 3920 3926
f 3926 3920 3925
f 3924 3927 3923
f 3923 3927 3925
f 3925 3927 3928
f 3925 3928 3926
f 3930 3929 3835
f 3835 3929 3834
f 3931 3835 3836
f 3931 3930 3835
f 3932 3836 3837
f 3932 3931 3836
f 3837 3838 3932
f 3932 3838 3933
f 3934 3839 3840
f 3841 3935 3840
f 3840 3935 3934
f 3935 3841 3936
f 3841 3937 3936
f 3841 3842 3937
f 3938 3842 3843
f 3938 3937 3842
f 3843 3834 3929
f 3843 3929 3938
f 3939 3933 3838
f 3939 3838 3844
f 3941 3939 3940
f 3939 3845 3940
f 3939 3844 3845
f 3846 3940 3845
f 3942 3851 3852
f 3943 3942 3852
f 3943 3852 3839
f 3944 3943 3839
f 3934 3944 3839
f 3944 3934 3935
f 3944 3935 3945
f 3945 3935 3936
f 3946 3941 3940
f 3946 3940 3846
f 3853 3946 3846
f 3947 3946 3853
f 3853 3854 3947
f 3947 3854 3948
f 3949 3855 3856
f 3857 3950 3856
f 3856 3950 3949
f 3858 3951 3857
f 3857 3951 3950
f 3951 3858 3952
f 3858 3953 3952
f 3858 3859 3953
f 3859 3851 3942
f 3954 3859 3942
f 3953 3859 3954
f 3954 3942 3943
f 3861 3948 3854
f 3861 3955 3948
f 3958 3957 3956
f 3960 3959 3956
f 3956 3959 3958
f 3961 3959 3949
f 3959 3863 3949
f 3863 3855 3949
f 3959 3960 3863
f 3961 3949 3950
f 3961 3950 3962
f 3962 3950 3951
f 3962 3951 3963
f 3963 3951 3952
f 3861 3864 3964
f 3965 3861 3964
f 3955 3861 3965
f 3865 3964 3864
f 3956 3957 3869
f 3957 3868 3869
f 3957 3966 3868
f 3956 3869 3870
f 3956 3870 3960
f 3960 3870 3863
f 3965 3964 3967
f 3965 3967 3968
f 3872 3967 3865
f 3865 3967 3964
f 3873 3868 3969
f 3868 3970 3969
f 3868 3966 3970
f 3969 3874 3873
f 3972 3971 3876
f 3972 3876 3877
f 3878 3876 3971
f 3878 3971 3973
f 3968 3967 3974
f 3968 3974 3975
f 3880 3974 3872
f 3872 3974 3967
f 3969 3970 3976
f 3976 3970 3977
f 3976 3882 3874
f 3976 3874 3969
f 3885 3978 3884
f 3979 3886 3884
f 3979 3884 3978
f 3979 3980 3886
f 3980 3877 3886
f 3980 3972 3877
f 3973 3981 3878
f 3878 3981 3887
f 3887 3982 3889
f 3981 3982 3887
f 3890 3889 3982
f 3890 3982 3983
f 3975 3974 3984
f 3975 3984 3985
f 3892 3984 3880
f 3880 3984 3974
f 3976 3977 3986
f 3986 3977 3987
f 3986 3894 3882
f 3986 3882 3976
f 3989 3988 3898
f 3989 3898 3899
f 3885 3898 3978
f 3898 3990 3978
f 3898 3988 3990
f 3978 3990 3979
f 3979 3990 3991
f 3979 3991 3980
f 3983 3992 3890
f 3890 3992 3900
f 3901 3900 3992
f 3901 3992 3993
f 3985 3984 3994
f 3985 3994 3995
f 3903 3994 3892
f 3892 3994 3984
f 3986 3987 3996
f 3996 3987 3997
f 3998 3904 3894
f 3986 3998 3894
f 3996 3998 3986
f 3999 3905 3904
f 3999 3904 3998
f 3999 3907 3905
f 3909 3989 3899
f 3909 4000 3989
f 3993 4001 3901
f 3901 4001 3910
f 3910 4002 3911
f 4001 4002 3910
f 3911 4003 3912
f 4002 4003 3911
f 3994 3914 3995
f 3914 4003 3995
f 3914 3912 4003
f 3914 3994 3903
f 3997 4004 3996
f 4006 4005 4004
f 4005 3996 4004
f 4005 3998 3996
f 3998 4007 3999
f 3998 4005 4007
f 4008 3916 3907
f 3999 4008 3907
f 4007 4008 3999
f 4008 3918 3916
f 3921 4000 3909
f 3921 4009 4000
f 4005 4006 4010
f 4010 4006 4011
f 4005 4012 4007
f 4005 4010 4012
f 4007 4013 4008
f 4007 4012 4013
f 4014 3922 3918
f 4008 4014 3918
f 4013 4014 4008
f 4014 3924 3922
f 3926 4009 3921
f 3926 4015 4009
f 4010 4011 4016
f 4016 4011 4017
f 4010 4018 4012
f 4010 4016 4018
f 4020 4013 4019
f 4013 4018 4019
f 4013 4012 4018
f 4013 4020 4014
f 4014 4020 4021
f 4014 4021 3924
f 4021 3927 3924
f 4021 4022 3927
f 3927 4023 3928
f 4022 4023 3927
f 3926 3928 4015
f 4015 3928 4023
f 4016 4017 4024
f 4024 4017 4025
f 4016 4026 4018
f 4016 4024 4026
f 4019 4018 4027
f 4027 4018 4026
f 4024 4025 4028
f 4028 4025 4029
f 4024 4030 4026
f 4024 4028 4030
f 4027 4026 4031
f 4031 4026 4030
f 4029 4032 4028
f 4028 4032 4030
f 4030 4032 4033
f 4030 4033 4031
f 4036 4035 4034
f 3929 3930 4034
f 3930 4036 4034
f 3930 4037 4036
f 4038 3930 3931
f 4038 4037 3930
f 4039 3931 3932
f 4039 4038 3931
f 3932 3933 4039
f 4039 3933 4040
f 4042 4041 3937
f 3937 4041 3936
f 3938 4034 4035
f 4042 3938 4035
f 3937 3938 4042
f 4034 3938 3929
f 4043 4040 3933
f 4043 3933 3939
f 3939 3941 4043
f 4043 3941 4044
f 4046 4045 3944
f 3944 4045 3943
f 4047 3944 3945
f 4047 4046 3944
f 3945 3936 4041
f 3945 4041 4047
f 4048 4044 3941
f 4048 3941 3946
f 4050 4048 4049
f 4048 3947 4049
f 4048 3946 3947
f 3948 4049 3947
f 4051 3952 3953
f 4051 3953 4052
f 3953 4053 4052
f 3953 3954 4053
f 3954 3943 4045
f 3954 4045 4053
f 4050 4049 4054
f 4050 4054 4055
f 3955 4054 3948
f 3948 4054 4049
f 4057 4056 3958
f 3958 4056 3957
f 4058 3958 3959
f 4058 4057 3958
f 4059 3959 3961
f 4059 4058 3959
f 4060 3961 3962
f 4060 4059 3961
f 4061 3962 3963
f 4061 4060 3962
f 3963 3952 4051
f 4062 3963 4051
f 4061 3963 4062
f 4062 4051 4052
f 4063 4055 4054
f 4054 3955 4063
f 3955 4064 4063
f 3955 3965 4064
f 4056 3966 3957
f 4065 3966 4056
f 3968 4064 3965
f 3968 4066 4064
f 4065 3970 3966
f 4067 3970 4065
f 3972 4068 3971
f 4068 3973 3971
f 3975 4066 3968
f 3975 4069 4066
f 4067 3977 3970
f 4070 3977 4067
f 4072 4071 4068
f 3972 4072 4068
f 3980 4072 3972
f 4068 4071 3973
f 4071 3981 3973
f 4071 4073 3981
f 4073 4075 4074
f 3982 4073 4074
f 3981 4073 3982
f 4074 3983 3982
f 3985 4069 3975
f 3985 4076 4069
f 4070 3987 3977
f 4077 3987 4070
f 3989 4078 3988
f 4079 3990 3988
f 4079 3988 4078
f 3990 4079 4080
f 4081 3990 4080
f 3991 3990 4081
f 3980 3991 4072
f 4072 3991 4081
f 4075 4082 4074
f 4074 4082 3983
f 4082 3992 3983
f 4082 4083 3992
f 3993 3992 4083
f 3993 4083 4084
f 4087 4086 4085
f 4086 4076 4085
f 4076 3995 4085
f 4076 3985 3995
f 4077 3997 3987
f 4088 3997 4077
f 4000 4089 4078
f 4000 4078 3989
f 4078 4090 4079
f 4078 4089 4090
f 4080 4079 4091
f 4091 4079 4090
f 4084 4092 3993
f 3993 4092 4001
f 4001 4093 4002
f 4092 4093 4001
f 4085 4003 4087
f 4003 4093 4087
f 4003 4002 4093
f 4003 4085 3995
f 4004 3997 4094
f 3997 4095 4094
f 3997 4088 4095
f 4094 4006 4004
f 4009 4096 4089
f 4009 4089 4000
f 4098 4090 4097
f 4090 4096 4097
f 4090 4089 4096
f 4090 4098 4091
f 4095 4099 4094
f 4006 4094 4099
f 4100 4006 4099
f 4011 4006 4100
f 4015 4101 4096
f 4015 4096 4009
f 4097 4096 4102
f 4102 4096 4101
f 4100 4017 4011
f 4103 4017 4100
f 4019 4104 4020
f 4105 4021 4020
f 4105 4020 4104
f 4021 4105 4106
f 4107 4021 4106
f 4022 4021 4107
f 4022 4108 4023
f 4107 4108 4022
f 4015 4023 4101
f 4023 4109 4101
f 4023 4108 4109
f 4101 4109 4102
f 4103 4025 4017
f 4110 4025 4103
f 4112 4111 4104
f 4019 4112 4104
f 4027 4112 4019
f 4104 4111 4105
f 4105 4111 4113
f 4105 4113 4106
f 4110 4029 4025
f 4114 4029 4110
f 4031 4112 4027
f 4031 4115 4112
f 4118 4117 4116
f 4120 4119 4116
f 4116 4119 4118
f 4120 4121 4032
f 4114 4120 4032
f 4029 4114 4032
f 4120 4114 4119
f 4122 4033 4032
f 4122 4032 4121
f 4122 4123 4033
f 4123 4031 4033
f 4123 4115 4031
f 4117 4124 4116
f 4116 4124 4120
f 4120 4124 4125
f 4120 4125 4121
f 4121 4125 4126
f 4121 4126 4122
f 4122 4126 4127
f 4122 4127 4123
f 4129 4128 4036
f 4036 4128 4035
f 4130 4036 4037
f 4130 4129 4036
f 4131 4037 4038
f 4131 4130 4037
f 4132 4038 4039
f 4132 4131 4038
f 4039 4040 4132
f 4132 4040 4133
f 4135 4134 4042
f 4042 4134 4041
f 4042 4035 4128
f 4042 4128 4135
f 4136 4133 4040
f 4136 4040 4043
f 4043 4044 4136
f 4136 4044 4137
f 4139 4138 4046
f 4046 4138 4045
f 4140 4046 4047
f 4140 4139 4046
f 4047 4041 4134
f 4047 4134 4140
f 4044 4048 4141
f 4142 4044 4141
f 4137 4044 4142
f 4050 4141 4048
f 4143 4052 4053
f 4144 4143 4053
f 4045 4144 4053
f 4138 4144 4045
f 4145 4142 4141
f 4141 4050 4145
f 4050 4146 4145
f 4050 4055 4146
f 4147 4056 4057
f 4147 4057 4148
f 4057 4149 4148
f 4057 4058 4149
f 4150 4058 4059
f 4150 4149 4058
f 4151 4059 4060
f 4151 4150 4059
f 4152 4060 4061
f 4152 4151 4060
f 4153 4061 4062
f 4153 4152 4061
f 4062 4052 4143
f 4154 4062 4143
f 4153 4062 4154
f 4154 4143 4144
f 4055 4063 4155
f 4156 4055 4155
f 4146 4055 4156
f 4064 4155 4063
f 4158 4157 4147
f 4157 4056 4147
f 4157 4065 4056
f 4158 4147 4148
f 4156 4155 4159
f 4156 4159 4160
f 4066 4159 4064
f 4064 4159 4155
f 4157 4067 4065
f 4161 4067 4157
f 4160 4159 4162
f 4160 4162 4163
f 4069 4162 4066
f 4066 4162 4159
f 4161 4070 4067
f 4164 4070 4161
f 4072 4165 4071
f 4071 4165 4166
f 4167 4071 4166
f 4073 4071 4167
f 4075 4073 4167
f 4075 4167 4168
f 4163 4162 4169
f 4163 4169 4170
f 4076 4169 4069
f 4069 4169 4162
f 4164 4077 4070
f 4171 4077 4164
f 4080 4172 4081
f 4172 4173 4081
f 4081 4173 4072
f 4173 4174 4072
f 4174 4165 4072
f 4165 4174 4166
f 4168 4175 4075
f 4075 4175 4082
f 4082 4176 4083
f 4175 4176 4082
f 4084 4083 4176
f 4084 4176 4177
f 4170 4169 4086
f 4087 4170 4086
f 4178 4170 4087
f 4086 4169 4076
f 4171 4088 4077
f 4179 4088 4171
f 4181 4180 4172
f 4080 4181 4172
f 4091 4181 4080
f 4172 4180 4173
f 4177 4182 4084
f 4084 4182 4092
f 4092 4183 4093
f 4182 4183 4092
f 4087 4093 4178
f 4178 4093 4183
f 4186 4185 4184
f 4188 4187 4184
f 4184 4187 4186
f 4179 4187 4188
f 4095 4179 4188
f 4088 4179 4095
f 4097 4189 4098
f 4189 4190 4098
f 4190 4091 4098
f 4190 4181 4091
f 4184 4185 4191
f 4191 4185 4192
f 4184 4193 4188
f 4184 4191 4193
f 4194 4099 4095
f 4188 4194 4095
f 4193 4194 4188
f 4194 4100 4099
f 4196 4195 4189
f 4097 4196 4189
f 4102 4196 4097
f 4189 4195 4190
f 4191 4192 4197
f 4197 4192 4198
f 4191 4199 4193
f 4191 4197 4199
f 4193 4200 4194
f 4193 4199 4200
f 4200 4103 4100
f 4200 4100 4194
f 4106 4201 4107
f 4202 4108 4107
f 4202 4107 4201
f 4108 4202 4203
f 4204 4108 4203
f 4109 4108 4204
f 4102 4109 4196
f 4196 4109 4204
f 4197 4198 4205
f 4205 4198 4206
f 4197 4207 4199
f 4197 4205 4207
f 4199 4208 4200
f 4199 4207 4208
f 4208 4110 4103
f 4208 4103 4200
f 4112 4209 4111
f 4111 4209 4210
f 4211 4111 4210
f 4113 4111 4211
f 4106 4113 4201
f 4113 4212 4201
f 4113 4211 4212
f 4201 4212 4202
f 4202 4212 4213
f 4202 4213 4203
f 4206 4214 4205
f 4216 4215 4214
f 4215 4205 4214
f 4215 4207 4205
f 4207 4217 4208
f 4207 4215 4217
f 4217 4114 4110
f 4217 4110 4208
f 4115 4218 4209
f 4115 4209 4112
f 4210 4209 4219
f 4219 4209 4218
f 4215 4216 4118
f 4216 4117 4118
f 4216 4220 4117
f 4215 4118 4119
f 4215 4119 4217
f 4217 4119 4114
f 4123 4221 4218
f 4123 4218 4115
f 4219 4218 4222
f 4222 4218 4221
f 4220 4223 4117
f 4117 4223 4124
f 4124 4224 4125
f 4223 4224 4124
f 4125 4225 4126
f 4224 4225 4125
f 4126 4226 4127
f 4225 4226 4126
f 4123 4127 4221
f 4127 4227 4221
f 4127 4226 4227
f 4221 4227 4222
f 4229 4228 4129
f 4129 4228 4128
f 4230 4129 4130
f 4230 4229 4129
f 4231 4130 4131
f 4231 4230 4130
f 4232 4131 4132
f 4232 4231 4131
f 4132 4133 4232
f 4232 4133 4233
f 4235 4234 4135
f 4135 4234 4134
f 4135 4128 4228
f 4135 4228 4235
f 4236 4233 4133
f 4236 4133 4136
f 4136 4137 4236
f 4236 4137 4237
f 4239 4238 4139
f 4139 4238 4138
f 4240 4139 4140
f 4240 4239 4139
f 4140 4134 4234
f 4140 4234 4240
f 4142 4237 4137
f 4142 4241 4237
f 4238 4144 4138
f 4242 4144 4238
f 4142 4145 4243
f 4244 4142 4243
f 4241 4142 4244
f 4146 4243 4145
f 4246 4245 4149
f 4149 4245 4148
f 4247 4149 4150
f 4247 4246 4149
f 4248 4150 4151
f 4248 4247 4150
f 4249 4151 4152
f 4249 4248 4151
f 4250 4152 4153
f 4250 4249 4152
f 4251 4153 4154
f 4251 4250 4153
f 4154 4144 4242
f 4154 4242 4251
f 4252 4244 4243
f 4243 4146 4252
f 4146 4253 4252
f 4146 4156 4253
f 4254 4157 4158
f 4255 4254 4158
f 4148 4255 4158
f 4245 4255 4148
f 4160 4253 4156
f 4160 4256 4253
f 4257 4161 4254
f 4254 4161 4157
f 4254 4255 4258
f 4254 4258 4257
f 4163 4256 4160
f 4163 4259 4256
f 4260 4164 4257
f 4257 4164 4161
f 4257 4258 4261
f 4262 4257 4261
f 4260 4257 4262
f 4263 4262 4261
f 4166 4264 4167
f 4264 4168 4167
f 4170 4259 4163
f 4170 4265 4259
f 4266 4171 4260
f 4260 4171 4164
f 4267 4260 4262
f 4266 4260 4267
f 4262 4263 4268
f 4262 4268 4267
f 4173 4269 4174
f 4264 4166 4174
f 4269 4264 4174
f 4270 4264 4269
f 4271 4175 4168
f 4264 4271 4168
f 4270 4271 4264
f 4272 4176 4175
f 4272 4175 4271
f 4177 4176 4272
f 4275 4274 4273
f 4277 4276 4275
f 4277 4275 4273
f 4277 4265 4276
f 4265 4178 4276
f 4265 4170 4178
f 4280 4279 4278
f 4282 4281 4278
f 4278 4281 4280
f 4283 4281 4266
f 4281 4179 4266
f 4179 4171 4266
f 4281 4282 4179
f 4283 4266 4267
f 4283 4267 4284
f 4284 4267 4268
f 4181 4285 4180
f 4285 4286 4180
f 4180 4286 4173
f 4286 4287 4173
f 4287 4269 4173
f 4269 4287 4270
f 4270 4287 4288
f 4270 4288 4271
f 4271 4288 4289
f 4271 4289 4272
f 4272 4289 4290
f 4274 4275 4290
f 4275 4182 4290
f 4177 4272 4290
f 4177 4290 4182
f 4182 4275 4183
f 4183 4275 4276
f 4183 4276 4178
f 4293 4292 4291
f 4293 4291 4279
f 4279 4291 4278
f 4291 4185 4278
f 4185 4186 4278
f 4278 4186 4187
f 4278 4187 4282
f 4282 4187 4179
f 4295 4294 4285
f 4181 4295 4285
f 4190 4295 4181
f 4285 4294 4286
f 4291 4292 4296
f 4296 4292 4297
f 4296 4192 4185
f 4296 4185 4291
f 4196 4298 4195
f 4298 4299 4195
f 4299 4190 4195
f 4299 4295 4190
f 4296 4297 4300
f 4300 4297 4301
f 4300 4198 4192
f 4300 4192 4296
f 4303 4302 4204
f 4303 4204 4203
f 4196 4204 4298
f 4204 4304 4298
f 4204 4302 4304
f 4298 4304 4299
f 4300 4301 4305
f 4305 4301 4306
f 4305 4206 4198
f 4305 4198 4300
f 4210 4307 4211
f 4211 4307 4308
f 4309 4211 4308
f 4212 4211 4309
f 4212 4310 4213
f 4309 4310 4212
f 4203 4213 4303
f 4303 4213 4310
f 4313 4312 4311
f 4313 4311 4306
f 4311 4305 4306
f 4311 4314 4305
f 4315 4214 4206
f 4305 4315 4206
f 4314 4315 4305
f 4315 4216 4214
f 4219 4316 4307
f 4219 4307 4210
f 4308 4307 4317
f 4317 4307 4316
f 4311 4312 4318
f 4318 4312 4319
f 4311 4320 4314
f 4311 4318 4320
f 4314 4321 4315
f 4314 4320 4321
f 4321 4220 4216
f 4321 4216 4315
f 4222 4322 4316
f 4222 4316 4219
f 4317 4316 4323
f 4323 4316 4322
f 4318 4319 4324
f 4324 4319 4325
f 4318 4326 4320
f 4318 4324 4326
f 4320 4327 4321
f 4320 4326 4327
f 4328 4223 4220
f 4321 4328 4220
f 4327 4328 4321
f 4329 4224 4223
f 4329 4223 4328
f 4330 4225 4224
f 4330 4224 4329
f 4331 4226 4225
f 4331 4225 4330
f 4332 4227 4226
f 4332 4226 4331
f 4322 4222 4227
f 4332 4322 4227
f 4333 4322 4332
f 4323 4322 4334
f 4334 4322 4333
f 4324 4325 4335
f 4335 4325 4336
f 4324 4337 4326
f 4324 4335 4337
f 4339 4327 4338
f 4327 4337 4338
f 4327 4326 4337
f 4327 4339 4328
f 4328 4339 4340
f 4328 4340 4329
f 4329 4340 4341
f 4329 4341 4330
f 4330 4341 4342
f 4330 4342 4331
f 4331 4342 4343
f 4345 4344 4343
f 4344 4331 4343
f 4344 4332 4331
f 4332 4346 4333
f 4332 4344 4346
f 4334 4333 4347
f 4347 4333 4346
f 4336 4348 4335
f 4335 4348 4337
f 4337 4348 4349
f 4337 4349 4338
f 4345 4350 4344
f 4344 4350 4346
f 4346 4350 4351
f 4346 4351 4347
f 4353 4352 4229
f 4229 4352 4228
f 4354 4229 4230
f 4354 4353 4229
f 4356 4354 4355
f 4354 4231 4355
f 4354 4230 4231
f 4232 4357 4231
f 4231 4357 4355
f 4233 4357 4232
f 4359 4358 4235
f 4235 4358 4234
f 4235 4228 4352
f 4235 4352 4359
f 4360 4356 4355
f 4360 4355 4357
f 4360 4357 4361
f 4363 4361 4362
f 4362 4361 4236
f 4361 4357 4236
f 4357 4233 4236
f 4237 4362 4236
f 4364 4238 4239
f 4364 4239 4365
f 4239 4366 4365
f 4239 4240 4366
f 4240 4234 4358
f 4240 4358 4366
f 4367 4363 4362
f 4362 4237 4367
f 4237 4368 4367
f 4237 4241 4368
f 4370 4369 4364
f 4369 4238 4364
f 4369 4242 4238
f 4370 4364 4365
f 4244 4368 4241
f 4244 4371 4368
f 4372 4245 4246
f 4247 4373 4246
f 4246 4373 4372
f 4373 4247 4374
f 4247 4375 4374
f 4247 4248 4375
f 4376 4248 4249
f 4376 4375 4248
f 4377 4249 4250
f 4377 4376 4249
f 4378 4250 4251
f 4378 4377 4250
f 4251 4242 4369
f 4251 4369 4378
f 4244 4252 4379
f 4380 4244 4379
f 4371 4244 4380
f 4253 4379 4252
f 4382 4381 4372
f 4381 4245 4372
f 4381 4255 4245
f 4382 4372 4373
f 4382 4373 4383
f 4383 4373 4374
f 4380 4379 4384
f 4380 4384 4385
f 4256 4384 4253
f 4253 4384 4379
f 4381 4258 4255
f 4386 4258 4381
f 4385 4384 4387
f 4385 4387 4388
f 4259 4387 4256
f 4256 4387 4384
f 4386 4389 4258
f 4258 4389 4261
f 4263 4261 4389
f 4263 4389 4390
f 4388 4387 4391
f 4388 4391 4392
f 4265 4391 4259
f 4259 4391 4387
f 4394 4268 4393
f 4268 4390 4393
f 4268 4263 4390
f 4395 4394 4393
f 4274 4396 4273
f 4397 4392 4391
f 4273 4397 4391
f 4277 4273 4391
f 4397 4273 4396
f 4277 4391 4265
f 4398 4279 4280
f 4281 4399 4280
f 4280 4399 4398
f 4283 4400 4281
f 4281 4400 4399
f 4284 4401 4283
f 4283 4401 4400
f 4268 4394 4284
f 4394 4401 4284
f 4394 4402 4401
f 4394 4395 4403
f 4394 4403 4402
f 4286 4404 4287
f 4405 4288 4287
f 4405 4287 4404
f 4406 4289 4288
f 4406 4288 4405
f 4289 4406 4407
f 4408 4289 4407
f 4290 4289 4408
f 4274 4290 4396
f 4290 4409 4396
f 4290 4408 4409
f 4396 4409 4397
f 4411 4410 4293
f 4293 4410 4292
f 4293 4279 4398
f 4412 4293 4398
f 4411 4293 4412
f 4412 4398 4399
f 4412 4399 4413
f 4413 4399 4400
f 4413 4400 4414
f 4414 4400 4401
f 4414 4401 4415
f 4415 4401 4402
f 4415 4402 4416
f 4416 4402 4403
f 4295 4417 4294
f 4404 4286 4294
f 4417 4404 4294
f 4418 4404 4417
f 4420 4405 4419
f 4405 4418 4419
f 4405 4404 4418
f 4405 4420 4406
f 4406 4420 4421
f 4406 4421 4407
f 4410 4297 4292
f 4422 4297 4410
f 4299 4423 4417
f 4299 4417 4295
f 4425 4418 4424
f 4418 4423 4424
f 4418 4417 4423
f 4418 4425 4419
f 4422 4301 4297
f 4426 4301 4422
f 4303 4427 4302
f 4428 4304 4302
f 4428 4302 4427
f 4428 4429 4304
f 4304 4429 4299
f 4429 4430 4299
f 4430 4423 4299
f 4423 4430 4424
f 4433 4432 4431
f 4426 4433 4431
f 4306 4426 4431
f 4301 4426 4306
f 4308 4434 4309
f 4435 4310 4309
f 4435 4309 4434
f 4435 4436 4310
f 4310 4436 4303
f 4436 4437 4303
f 4437 4427 4303
f 4427 4437 4428
f 4428 4437 4438
f 4428 4438 4429
f 4431 4432 4313
f 4432 4312 4313
f 4432 4439 4312
f 4431 4313 4306
f 4317 4440 4434
f 4317 4434 4308
f 4434 4441 4435
f 4434 4440 4441
f 4436 4435 4442
f 4442 4435 4441
f 4439 4319 4312
f 4443 4319 4439
f 4323 4444 4440
f 4323 4440 4317
f 4440 4445 4441
f 4440 4444 4445
f 4442 4441 4446
f 4446 4441 4445
f 4443 4325 4319
f 4447 4325 4443
f 4334 4448 4444
f 4334 4444 4323
f 4450 4445 4449
f 4445 4448 4449
f 4445 4444 4448
f 4445 4450 4446
f 4447 4336 4325
f 4451 4336 4447
f 4338 4452 4339
f 4453 4340 4339
f 4453 4339 4452
f 4340 4453 4454
f 4455 4340 4454
f 4341 4340 4455
f 4341 4456 4342
f 4455 4456 4341
f 4342 4457 4343
f 4456 4457 4342
f 4345 4343 4457
f 4345 4457 4458
f 4347 4459 4448
f 4347 4448 4334
f 4449 4448 4460
f 4460 4448 4459
f 4348 4336 4461
f 4336 4462 4461
f 4336 4451 4462
f 4463 4349 4348
f 4463 4348 4461
f 4463 4464 4349
f 4349 4464 4338
f 4464 4465 4338
f 4465 4452 4338
f 4452 4465 4453
f 4453 4465 4466
f 4453 4466 4454
f 4458 4467 4345
f 4345 4467 4350
f 4350 4468 4351
f 4467 4468 4350
f 4347 4351 4459
f 4351 4469 4459
f 4351 4468 4469
f 4459 4469 4460
f 4462 4470 4461
f 4461 4470 4463
f 4463 4470 4471
f 4463 4471 4464
f 4472 4352 4353
f 4354 4473 4353
f 4353 4473 4472
f 4356 4473 4354
f 4475 4474 4359
f 4359 4474 4358
f 4359 4352 4472
f 4476 4359 4472
f 4475 4359 4476
f 4476 4472 4473
f 4476 4473 4477
f 4477 4473 4356
f 4360 4477 4356
f 4478 4477 4360
f 4480 4478 4479
f 4478 4361 4479
f 4478 4360 4361
f 4363 4479 4361
f 4482 4481 4366
f 4366 4481 4365
f 4366 4358 4474
f 4366 4474 4482
f 4483 4480 4479
f 4485 4483 4484
f 4484 4483 4367
f 4483 4479 4367
f 4479 4363 4367
f 4368 4484 4367
f 4486 4369 4370
f 4487 4486 4370
f 4365 4487 4370
f 4481 4487 4365
f 4485 4484 4488
f 4485 4488 4489
f 4371 4488 4368
f 4368 4488 4484
f 4490 4374 4375
f 4376 4491 4375
f 4375 4491 4490
f 4491 4376 4492
f 4376 4493 4492
f 4376 4377 4493
f 4494 4377 4378
f 4494 4493 4377
f 4378 4369 4486
f 4495 4378 4486
f 4494 4378 4495
f 4495 4486 4487
f 4496 4489 4488
f 4488 4371 4496
f 4371 4497 4496
f 4371 4380 4497
f 4498 4381 4382
f 4383 4499 4382
f 4382 4499 4498
f 4500 4499 4383
f 4500 4383 4374
f 4501 4500 4374
f 4490 4501 4374
f 4501 4490 4491
f 4501 4491 4502
f 4502 4491 4492
f 4385 4497 4380
f 4385 4503 4497
f 4504 4386 4498
f 4498 4386 4381
f 4499 4506 4505
f 4504 4499 4505
f 4498 4499 4504
f 4506 4499 4500
f 4388 4503 4385
f 4388 4507 4503
f 4504 4389 4386
f 4509 4508 4390
f 4509 4390 4389
f 4505 4509 4389
f 4504 4505 4389
f 4510 4508 4509
f 4392 4507 4388
f 4392 4511 4507
f 4508 4393 4390
f 4513 4512 4395
f 4513 4395 4393
f 4510 4513 4393
f 4508 4510 4393
f 4514 4512 4513
f 4397 4511 4392
f 4397 4515 4511
f 4517 4516 4512
f 4516 4395 4512
f 4516 4403 4395
f 4517 4512 4514
f 4407 4518 4408
f 4408 4518 4519
f 4520 4408 4519
f 4409 4408 4520
f 4397 4409 4515
f 4515 4409 4520
f 4523 4522 4521
f 4525 4524 4521
f 4521 4524 4523
f 4525 4410 4524
f 4410 4411 4524
f 4527 4526 4524
f 4527 4524 4411
f 4412 4528 4411
f 4411 4528 4527
f 4528 4412 4529
f 4412 4530 4529
f 4412 4413 4530
f 4531 4413 4414
f 4531 4530 4413
f 4532 4414 4415
f 4532 4531 4414
f 4533 4415 4416
f 4533 4532 4415
f 4416 4403 4516
f 4416 4516 4533
f 4419 4534 4420
f 4535 4421 4420
f 4535 4420 4534
f 4535 4536 4421
f 4421 4536 4407
f 4536 4537 4407
f 4537 4518 4407
f 4518 4537 4519
f 4521 4522 4538
f 4538 4522 4539
f 4521 4540 4525
f 4521 4538 4540
f 4410 4541 4422
f 4541 4527 4422
f 4542 4422 4527
f 4422 4542 4540
f 4526 4540 4542
f 4540 4526 4541
f 4541 4525 4540
f 4410 4525 4541
f 4541 4526 4527
f 4542 4527 4528
f 4542 4528 4543
f 4543 4528 4529
f 4424 4544 4425
f 4534 4419 4425
f 4544 4534 4425
f 4545 4534 4544
f 4534 4546 4535
f 4534 4545 4546
f 4536 4535 4547
f 4547 4535 4546
f 4538 4539 4548
f 4548 4539 4549
f 4538 4550 4540
f 4538 4548 4550
f 4550 4426 4422
f 4550 4422 4540
f 4429 4551 4430
f 4544 4424 4430
f 4551 4544 4430
f 4552 4544 4551
f 4554 4545 4553
f 4545 4552 4553
f 4545 4544 4552
f 4545 4554 4546
f 4546 4554 4555
f 4546 4555 4547
f 4548 4549 4556
f 4556 4549 4557
f 4556 4432 4433
f 4550 4556 4433
f 4548 4556 4550
f 4550 4433 4426
f 4436 4558 4437
f 4559 4438 4437
f 4559 4437 4558
f 4559 4560 4438
f 4438 4560 4429
f 4560 4561 4429
f 4561 4551 4429
f 4551 4561 4552
f 4552 4561 4562
f 4552 4562 4553
f 4556 4557 4563
f 4563 4557 4564
f 4563 4439 4432
f 4563 4432 4556
f 4442 4565 4558
f 4442 4558 4436
f 4567 4559 4566
f 4559 4565 4566
f 4559 4558 4565
f 4559 4567 4560
f 4563 4564 4568
f 4568 4564 4569
f 4568 4443 4439
f 4568 4439 4563
f 4446 4570 4565
f 4446 4565 4442
f 4566 4565 4571
f 4565 4572 4571
f 4565 4570 4572
f 4572 4573 4571
f 4569 4574 4568
f 4443 4568 4574
f 4575 4443 4574
f 4447 4443 4575
f 4449 4576 4450
f 4570 4446 4450
f 4576 4570 4450
f 4577 4570 4576
f 4570 4578 4572
f 4570 4577 4578
f 4573 4572 4579
f 4579 4572 4578
f 4575 4451 4447
f 4580 4451 4575
f 4454 4581 4455
f 4582 4456 4455
f 4582 4455 4581
f 4583 4457 4456
f 4583 4456 4582
f 4583 4458 4457
f 4460 4584 4576
f 4460 4576 4449
f 4576 4585 4577
f 4576 4584 4585
f 4587 4578 4586
f 4578 4585 4586
f 4578 4577 4585
f 4578 4587 4579
f 4580 4462 4451
f 4588 4462 4580
f 4464 4589 4465
f 4465 4589 4590
f 4591 4465 4590
f 4466 4465 4591
f 4454 4466 4581
f 4466 4592 4581
f 4466 4591 4592
f 4581 4592 4582
f 4582 4592 4593
f 4582 4593 4583
f 4583 4593 4594
f 4583 4594 4458
f 4594 4467 4458
f 4594 4595 4467
f 4467 4596 4468
f 4595 4596 4467
f 4468 4597 4469
f 4596 4597 4468
f 4460 4469 4584
f 4469 4598 4584
f 4469 4597 4598
f 4584 4598 4585
f 4585 4598 4599
f 4585 4599 4586
f 4588 4600 4462
f 4462 4600 4470
f 4470 4601 4471
f 4600 4601 4470
f 4464 4471 4589
f 4471 4602 4589
f 4471 4601 4602
f 4589 4602 4590
f 4604 4603 4475
f 4475 4603 4474
f 4605 4475 4476
f 4605 4604 4475
f 4607 4605 4606
f 4605 4477 4606
f 4605 4476 4477
f 4478 4608 4477
f 4477 4608 4606
f 4480 4608 4478
f 4609 4481 4482
f 4610 4609 4482
f 4474 4610 4482
f 4603 4610 4474
f 4611 4607 4606
f 4611 4606 4608
f 4611 4608 4612
f 4614 4612 4613
f 4613 4612 4483
f 4612 4608 4483
f 4608 4480 4483
f 4485 4613 4483
f 4616 4615 4609
f 4615 4481 4609
f 4615 4487 4481
f 4616 4609 4610
f 4617 4614 4613
f 4613 4485 4617
f 4485 4618 4617
f 4485 4489 4618
f 4619 4492 4493
f 4494 4620 4493
f 4493 4620 4619
f 4620 4494 4621
f 4494 4622 4621
f 4494 4495 4622
f 4495 4487 4615
f 4495 4615 4622
f 4489 4496 4623
f 4624 4489 4623
f 4618 4489 4624
f 4497 4623 4496
f 4626 4625 4501
f 4501 4625 4500
f 4627 4501 4502
f 4627 4626 4501
f 4502 4492 4619
f 4628 4502 4619
f 4627 4502 4628
f 4628 4619 4620
f 4628 4620 4629
f 4629 4620 4621
f 4624 4623 4630
f 4624 4630 4631
f 4503 4630 4497
f 4497 4630 4623
f 4632 4505 4506
f 4633 4632 4506
f 4500 4633 4506
f 4625 4633 4500
f 4631 4630 4634
f 4631 4634 4635
f 4507 4634 4503
f 4503 4634 4630
f 4632 4509 4505
f 4510 4509 4632
f 4633 4510 4632
f 4636 4510 4633
f 4635 4634 4637
f 4635 4637 4638
f 4511 4637 4507
f 4507 4637 4634
f 4636 4639 4510
f 4510 4639 4513
f 4641 4640 4514
f 4513 4641 4514
f 4639 4641 4513
f 4642 4640 4641
f 4638 4637 4643
f 4638 4643 4644
f 4515 4643 4511
f 4511 4643 4637
f 4645 4516 4517
f 4514 4640 4517
f 4640 4645 4517
f 4640 4646 4645
f 4640 4642 4647
f 4640 4647 4646
f 4644 4643 4520
f 4519 4644 4520
f 4648 4644 4519
f 4520 4643 4515
f 4651 4650 4649
f 4522 4523 4649
f 4523 4651 4649
f 4523 4652 4651
f 4653 4523 4524
f 4653 4652 4523
f 4524 4526 4653
f 4653 4526 4654
f 4655 4529 4530
f 4655 4530 4656
f 4530 4657 4656
f 4530 4531 4657
f 4658 4531 4532
f 4658 4657 4531
f 4659 4532 4533
f 4659 4658 4532
f 4533 4516 4645
f 4660 4533 4645
f 4659 4533 4660
f 4660 4645 4646
f 4660 4646 4661
f 4661 4646 4647
f 4663 4662 4537
f 4663 4537 4536
f 4519 4537 4648
f 4648 4537 4662
f 4649 4650 4664
f 4664 4650 4665
f 4664 4539 4522
f 4664 4522 4649
f 4526 4542 4666
f 4667 4526 4666
f 4654 4526 4667
f 4543 4668 4542
f 4542 4668 4666
f 4529 4655 4543
f 4655 4668 4543
f 4655 4669 4668
f 4655 4656 4670
f 4655 4670 4669
f 4547 4663 4536
f 4547 4671 4663
f 4664 4665 4672
f 4672 4665 4673
f 4672 4549 4539
f 4672 4539 4664
f 4674 4667 4666
f 4674 4666 4668
f 4674 4668 4675
f 4675 4668 4669
f 4675 4669 4676
f 4676 4669 4670
f 4553 4677 4554
f 4554 4677 4678
f 4679 4554 4678
f 4555 4554 4679
f 4547 4555 4671
f 4671 4555 4679
f 4672 4673 4680
f 4680 4673 4681
f 4680 4557 4549
f 4680 4549 4672
f 4560 4682 4561
f 4683 4562 4561
f 4683 4561 4682
f 4683 4684 4562
f 4562 4684 4553
f 4684 4685 4553
f 4685 4677 4553
f 4677 4685 4678
f 4680 4681 4686
f 4686 4681 4687
f 4686 4564 4557
f 4686 4557 4680
f 4566 4688 4567
f 4682 4560 4567
f 4688 4682 4567
f 4689 4682 4688
f 4691 4683 4690
f 4683 4689 4690
f 4683 4682 4689
f 4683 4691 4684
f 4686 4687 4692
f 4692 4687 4693
f 4692 4569 4564
f 4692 4564 4686
f 4571 4688 4566
f 4689 4688 4694
f 4688 4573 4694
f 4573 4695 4694
f 4573 4688 4571
f 4689 4694 4690
f 4693 4696 4692
f 4696 4698 4697
f 4696 4697 4574
f 4692 4696 4574
f 4569 4692 4574
f 4697 4575 4574
f 4579 4695 4573
f 4579 4699 4695
f 4702 4701 4700
f 4704 4703 4700
f 4700 4703 4702
f 4706 4705 4704
f 4705 4697 4704
f 4698 4703 4704
f 4698 4704 4697
f 4575 4697 4705
f 4707 4575 4705
f 4580 4575 4707
f 4586 4708 4587
f 4708 4709 4587
f 4709 4579 4587
f 4709 4699 4579
f 4701 4710 4700
f 4700 4710 4704
f 4704 4710 4711
f 4704 4711 4706
f 4707 4588 4580
f 4712 4588 4707
f 4590 4713 4591
f 4714 4592 4591
f 4714 4591 4713
f 4592 4714 4715
f 4716 4592 4715
f 4593 4592 4716
f 4593 4717 4594
f 4716 4717 4593
f 4594 4718 4595
f 4717 4718 4594
f 4718 4720 4719
f 4596 4718 4719
f 4595 4718 4596
f 4721 4597 4596
f 4721 4596 4719
f 4597 4721 4722
f 4723 4597 4722
f 4598 4597 4723
f 4598 4724 4599
f 4723 4724 4598
f 4586 4599 4708
f 4599 4725 4708
f 4599 4724 4725
f 4708 4725 4709
f 4712 4726 4588
f 4588 4726 4600
f 4600 4727 4601
f 4726 4727 4600
f 4601 4728 4602
f 4727 4728 4601
f 4590 4602 4713
f 4602 4729 4713
f 4602 4728 4729
f 4713 4729 4714
f 4714 4729 4730
f 4714 4730 4715
f 4720 4731 4719
f 4719 4731 4721
f 4721 4731 4732
f 4721 4732 4722
f 4733 4603 4604
f 4605 4734 4604
f 4604 4734 4733
f 4607 4734 4605
f 4736 4735 4733
f 4735 4603 4733
f 4735 4610 4603
f 4736 4733 4734
f 4736 4734 4737
f 4737 4734 4607
f 4611 4737 4607
f 4738 4737 4611
f 4740 4738 4739
f 4738 4612 4739
f 4738 4611 4612
f 4614 4739 4612
f 4742 4741 4616
f 4616 4741 4615
f 4616 4610 4735
f 4616 4735 4742
f 4740 4739 4743
f 4740 4743 4744
f 4617 4745 4614
f 4745 4739 4614
f 4745 4743 4739
f 4618 4745 4617
f 4747 4746 4622
f 4622 4746 4621
f 4622 4615 4741
f 4622 4741 4747
f 4744 4743 4748
f 4744 4748 4749
f 4750 4743 4745
f 4748 4743 4750
f 4624 4750 4618
f 4618 4750 4745
f 4752 4751 4626
f 4626 4751 4625
f 4753 4626 4627
f 4753 4752 4626
f 4754 4627 4628
f 4754 4753 4627
f 4755 4628 4629
f 4755 4754 4628
f 4629 4621 4746
f 4629 4746 4755
f 4756 4749 4748
f 4758 4757 4756
f 4748 4758 4756
f 4750 4758 4748
f 4631 4758 4624
f 4624 4758 4750
f 4751 4633 4625
f 4759 4633 4751
f 4757 4758 4760
f 4757 4760 4761
f 4635 4760 4631
f 4631 4760 4758
f 4763 4636 4762
f 4636 4759 4762
f 4636 4633 4759
f 4764 4763 4762
f 4761 4760 4765
f 4761 4765 4766
f 4638 4765 4635
f 4635 4765 4760
f 4763 4639 4636
f 4764 4767 4763
f 4767 4639 4763
f 4767 4641 4639
f 4642 4641 4767
f 4642 4767 4768
f 4766 4765 4769
f 4766 4769 4770
f 4644 4769 4638
f 4638 4769 4765
f 4768 4647 4642
f 4771 4647 4768
f 4770 4769 4772
f 4770 4772 4773
f 4648 4772 4644
f 4644 4772 4769
f 4775 4774 4651
f 4651 4774 4650
f 4776 4651 4652
f 4776 4775 4651
f 4777 4652 4653
f 4777 4776 4652
f 4653 4654 4777
f 4777 4654 4778
f 4779 4656 4657
f 4779 4657 4780
f 4657 4781 4780
f 4657 4658 4781
f 4782 4658 4659
f 4782 4781 4658
f 4783 4659 4660
f 4783 4782 4659
f 4784 4660 4661
f 4784 4783 4660
f 4661 4647 4771
f 4661 4771 4784
f 4773 4772 4662
f 4663 4773 4662
f 4785 4773 4663
f 4662 4772 4648
f 4788 4787 4786
f 4774 4788 4786
f 4665 4774 4786
f 4650 4774 4665
f 4667 4778 4654
f 4667 4789 4778
f 4791 4790 4779
f 4790 4656 4779
f 4790 4670 4656
f 4791 4779 4780
f 4794 4793 4792
f 4793 4785 4792
f 4785 4671 4792
f 4785 4663 4671
f 4797 4796 4795
f 4797 4795 4787
f 4795 4786 4787
f 4795 4798 4786
f 4798 4673 4665
f 4798 4665 4786
f 4799 4789 4667
f 4799 4667 4674
f 4800 4674 4675
f 4800 4799 4674
f 4801 4675 4676
f 4801 4800 4675
f 4676 4670 4790
f 4676 4790 4801
f 4794 4792 4679
f 4678 4794 4679
f 4802 4794 4678
f 4679 4792 4671
f 4805 4804 4803
f 4807 4806 4803
f 4803 4806 4805
f 4806 4807 4796
f 4807 4795 4796
f 4807 4808 4795
f 4795 4809 4798
f 4795 4808 4809
f 4809 4681 4673
f 4809 4673 4798
f 4811 4810 4685
f 4811 4685 4684
f 4678 4685 4802
f 4802 4685 4810
f 4804 4812 4803
f 4803 4812 4807
f 4807 4812 4813
f 4815 4814 4813
f 4814 4807 4813
f 4814 4808 4807
f 4808 4816 4809
f 4808 4814 4816
f 4816 4687 4681
f 4816 4681 4809
f 4818 4817 4691
f 4818 4691 4690
f 4684 4691 4811
f 4811 4691 4817
f 4815 4819 4814
f 4821 4820 4819
f 4820 4814 4819
f 4820 4816 4814
f 4820 4693 4687
f 4820 4687 4816
f 4823 4822 4694
f 4823 4694 4695
f 4690 4694 4818
f 4818 4694 4822
f 4820 4821 4824
f 4824 4821 4825
f 4826 4696 4693
f 4820 4826 4693
f 4824 4826 4820
f 4826 4698 4696
f 4699 4823 4695
f 4699 4827 4823
f 4824 4825 4702
f 4825 4701 4702
f 4825 4828 4701
f 4824 4702 4703
f 4824 4703 4826
f 4698 4826 4703
f 4705 4706 4829
f 4829 4707 4705
f 4709 4827 4699
f 4709 4830 4827
f 4833 4832 4831
f 4835 4834 4831
f 4831 4834 4833
f 4835 4836 4834
f 4828 4837 4701
f 4701 4837 4710
f 4710 4838 4711
f 4837 4838 4710
f 4706 4711 4829
f 4711 4839 4829
f 4711 4838 4839
f 4707 4829 4839
f 4840 4707 4839
f 4712 4707 4840
f 4842 4841 4716
f 4842 4716 4715
f 4716 4843 4717
f 4841 4843 4716
f 4717 4844 4718
f 4843 4844 4717
f 4720 4718 4844
f 4720 4844 4845
f 4722 4846 4723
f 4847 4724 4723
f 4847 4723 4846
f 4724 4847 4848
f 4849 4724 4848
f 4725 4724 4849
f 4709 4725 4830
f 4830 4725 4849
f 4831 4832 4850
f 4850 4832 4851
f 4831 4852 4835
f 4831 4850 4852
f 4836 4835 4853
f 4853 4835 4852
f 4840 4854 4712
f 4712 4854 4726
f 4726 4855 4727
f 4854 4855 4726
f 4855 4857 4856
f 4728 4855 4856
f 4727 4855 4728
f 4858 4729 4728
f 4858 4728 4856
f 4859 4730 4729
f 4859 4729 4858
f 4859 4860 4730
f 4860 4715 4730
f 4860 4842 4715
f 4845 4861 4720
f 4720 4861 4731
f 4731 4862 4732
f 4861 4862 4731
f 4722 4732 4846
f 4732 4863 4846
f 4732 4862 4863
f 4846 4863 4847
f 4847 4863 4864
f 4847 4864 4848
f 4850 4851 4865
f 4865 4851 4866
f 4850 4867 4852
f 4850 4865 4867
f 4853 4852 4868
f 4868 4852 4867
f 4857 4869 4856
f 4856 4869 4858
f 4858 4869 4870
f 4858 4870 4859
f 4859 4870 4871
f 4859 4871 4860
f 4866 4872 4865
f 4865 4872 4867
f 4867 4872 4873
f 4867 4873 4868
f 4875 4874 4736
f 4736 4874 4735
f 4876 4736 4737
f 4876 4875 4736
f 4878 4876 4877
f 4876 4738 4877
f 4876 4737 4738
f 4740 4877 4738
f 4879 4741 4742
f 4880 4879 4742
f 4735 4880 4742
f 4874 4880 4735
f 4878 4877 4881
f 4878 4881 4882
f 4744 4881 4740
f 4740 4881 4877
f 4883 4746 4747
f 4884 4883 4747
f 4884 4747 4741
f 4885 4884 4741
f 4879 4885 4741
f 4885 4879 4880
f 4882 4881 4886
f 4882 4886 4887
f 4749 4886 4744
f 4744 4886 4881
f 4888 4751 4752
f 4753 4889 4752
f 4752 4889 4888
f 4889 4753 4890
f 4753 4891 4890
f 4753 4754 4891
f 4892 4754 4755
f 4892 4891 4754
f 4755 4746 4883
f 4893 4755 4883
f 4892 4755 4893
f 4893 4883 4884
f 4887 4886 4894
f 4887 4894 4895
f 4756 4896 4749
f 4896 4886 4749
f 4896 4894 4886
f 4757 4896 4756
f 4897 4759 4888
f 4888 4759 4751
f 4898 4888 4889
f 4897 4888 4898
f 4889 4890 4899
f 4889 4899 4898
f 4895 4894 4900
f 4895 4900 4901
f 4902 4894 4896
f 4900 4894 4902
f 4761 4902 4757
f 4757 4902 4896
f 4897 4762 4759
f 4762 4897 4764
f 4897 4903 4764
f 4897 4898 4903
f 4898 4899 4904
f 4898 4904 4903
f 4901 4900 4905
f 4901 4905 4906
f 4907 4900 4902
f 4905 4900 4907
f 4766 4907 4761
f 4761 4907 4902
f 4903 4767 4764
f 4909 4908 4768
f 4909 4768 4767
f 4904 4909 4767
f 4903 4904 4767
f 4910 4908 4909
f 4906 4905 4911
f 4906 4911 4912
f 4913 4905 4907
f 4911 4905 4913
f 4770 4913 4766
f 4766 4913 4907
f 4914 4771 4908
f 4908 4771 4768
f 4908 4910 4915
f 4908 4915 4914
f 4912 4911 4916
f 4912 4916 4917
f 4918 4911 4913
f 4916 4911 4918
f 4773 4918 4770
f 4770 4918 4913
f 4920 4919 4775
f 4775 4919 4774
f 4921 4775 4776
f 4921 4920 4775
f 4922 4776 4777
f 4922 4921 4776
f 4777 4778 4922
f 4922 4778 4923
f 4924 4780 4781
f 4924 4781 4925
f 4781 4926 4925
f 4781 4782 4926
f 4927 4782 4783
f 4927 4926 4782
f 4928 4783 4784
f 4928 4927 4783
f 4784 4771 4914
f 4929 4784 4914
f 4928 4784 4929
f 4929 4914 4915
f 4930 4917 4916
f 4932 4931 4930
f 4916 4932 4930
f 4918 4932 4916
f 4785 4932 4773
f 4773 4932 4918
f 4934 4933 4788
f 4788 4933 4787
f 4788 4774 4919
f 4788 4919 4934
f 4789 4923 4778
f 4789 4935 4923
f 4936 4790 4791
f 4937 4936 4791
f 4937 4791 4780
f 4938 4937 4780
f 4924 4938 4780
f 4938 4924 4925
f 4931 4932 4793
f 4794 4931 4793
f 4939 4931 4794
f 4793 4932 4785
f 4942 4941 4940
f 4944 4943 4940
f 4940 4943 4942
f 4946 4945 4944
f 4944 4945 4943
f 4946 4947 4945
f 4949 4948 4797
f 4797 4948 4796
f 4797 4787 4933
f 4797 4933 4949
f 4789 4799 4950
f 4951 4789 4950
f 4935 4789 4951
f 4800 4952 4799
f 4799 4952 4950
f 4801 4953 4800
f 4800 4953 4952
f 4954 4953 4801
f 4954 4801 4790
f 4955 4954 4790
f 4936 4955 4790
f 4955 4936 4937
f 4802 4939 4794
f 4802 4956 4939
f 4940 4941 4957
f 4957 4941 4958
f 4940 4959 4944
f 4940 4957 4959
f 4959 4804 4805
f 4946 4959 4805
f 4944 4959 4946
f 4960 4947 4946
f 4805 4960 4946
f 4806 4960 4805
f 4806 4796 4948
f 4806 4948 4960
f 4961 4951 4950
f 4961 4950 4952
f 4961 4952 4962
f 4962 4952 4953
f 4962 4953 4963
f 4963 4953 4954
f 4965 4964 4810
f 4965 4810 4811
f 4802 4810 4956
f 4956 4810 4964
f 4957 4958 4966
f 4966 4958 4967
f 4957 4968 4959
f 4957 4966 4968
f 4969 4812 4804
f 4959 4969 4804
f 4968 4969 4959
f 4970 4813 4812
f 4970 4812 4969
f 4970 4815 4813
f 4972 4971 4817
f 4972 4817 4818
f 4811 4817 4965
f 4965 4817 4971
f 4966 4967 4973
f 4973 4967 4974
f 4966 4975 4968
f 4966 4973 4975
f 4968 4976 4969
f 4968 4975 4976
f 4969 4977 4970
f 4969 4976 4977
f 4978 4819 4815
f 4970 4978 4815
f 4977 4978 4970
f 4978 4821 4819
f 4980 4979 4822
f 4980 4822 4823
f 4818 4822 4972
f 4972 4822 4979
f 4973 4974 4981
f 4981 4974 4982
f 4973 4983 4975
f 4973 4981 4983
f 4975 4984 4976
f 4975 4983 4984
f 4976 4985 4977
f 4976 4984 4985
f 4977 4986 4978
f 4977 4985 4986
f 4986 4825 4821
f 4986 4821 4978
f 4827 4980 4823
f 4827 4987 4980
f 4981 4982 4988
f 4988 4982 4989
f 4981 4990 4983
f 4981 4988 4990
f 4983 4991 4984
f 4983 4990 4991
f 4984 4992 4985
f 4984 4991 4992
f 4985 4993 4986
f 4985 4992 4993
f 4993 4828 4825
f 4993 4825 4986
f 4830 4987 4827
f 4830 4994 4987
f 4988 4989 4833
f 4989 4832 4833
f 4989 4995 4832
f 4988 4833 4834
f 4988 4834 4990
f 4990 4834 4836
f 4996 4990 4836
f 4991 4990 4996
f 4991 4997 4992
f 4991 4996 4997
f 4992 4998 4993
f 4992 4997 4998
f 4999 4837 4828
f 4993 4999 4828
f 4998 4999 4993
f 4837 4999 5000
f 5001 4837 5000
f 4838 4837 5001
f 4838 5002 4839
f 5001 5002 4838
f 4840 4839 5002
f 4840 5002 5003
f 4842 5004 4841
f 5005 4843 4841
f 5005 4841 5004
f 5006 4844 4843
f 5006 4843 5005
f 5006 4845 4844
f 5008 5007 4849
f 5008 4849 4848
f 4830 4849 4994
f 4994 4849 5007
f 4995 4851 4832
f 5009 4851 4995
f 4853 5010 4996
f 4853 4996 4836
f 5012 4997 5011
f 4997 5010 5011
f 4997 4996 5010
f 4997 5012 4998
f 4998 5012 5013
f 4998 5013 4999
f 4999 5013 5014
f 4999 5014 5000
f 5003 5015 4840
f 4840 5015 4854
f 4854 5016 4855
f 5015 5016 4854
f 4857 4855 5016
f 4857 5016 5017
f 5019 5018 5004
f 4842 5019 5004
f 4860 5019 4842
f 5004 5018 5005
f 5005 5018 5020
f 5005 5020 5006
f 5006 5020 5021
f 5006 5021 4845
f 5021 4861 4845
f 5021 5022 4861
f 4861 5023 4862
f 5022 5023 4861
f 4862 5024 4863
f 5023 5024 4862
f 4863 5025 4864
f 5024 5025 4863
f 4848 4864 5008
f 5008 4864 5025
f 5009 4866 4851
f 5026 4866 5009
f 5028 5027 5010
f 4853 5028 5010
f 4868 5028 4853
f 5010 5027 5011
f 5017 5029 4857
f 4857 5029 4869
f 5029 5031 5030
f 4870 5029 5030
f 4869 5029 4870
f 5032 4871 4870
f 5032 4870 5030
f 5032 5033 4871
f 5033 4860 4871
f 5033 5019 4860
f 5026 5034 4866
f 4866 5034 4872
f 4872 5035 4873
f 5034 5035 4872
f 4868 4873 5028
f 5028 4873 5035
f 5031 5036 5030
f 5030 5036 5032
f 5032 5036 5037
f 5032 5037 5033
f 5038 4874 4875
f 4876 5039 4875
f 4875 5039 5038
f 4878 5039 4876
f 5040 4880 5038
f 5038 4880 4874
f 5041 5038 5039
f 5040 5038 5041
f 4882 5041 4878
f 4878 5041 5039
f 5043 5042 4885
f 4885 5042 4884
f 4885 4880 5040
f 5044 4885 5040
f 5043 4885 5044
f 5046 5045 5044
f 5040 5046 5044
f 5041 5046 5040
f 4887 5046 4882
f 4882 5046 5041
f 5047 4890 4891
f 5047 4891 5048
f 4891 5049 5048
f 4891 4892 5049
f 5050 4892 4893
f 5050 5049 4892
f 4893 4884 5042
f 4893 5042 5050
f 5045 5046 5051
f 5045 5051 5052
f 4895 5051 4887
f 4887 5051 5046
f 5053 4899 5047
f 5047 4899 4890
f 5047 5048 5054
f 5047 5054 5053
f 5052 5051 5055
f 5052 5055 5056
f 4901 5055 4895
f 4895 5055 5051
f 5057 4904 5053
f 5053 4904 4899
f 5053 5054 5058
f 5053 5058 5057
f 5056 5055 5059
f 5056 5059 5060
f 4906 5059 4901
f 4901 5059 5055
f 5057 4909 4904
f 4910 4909 5057
f 5058 4910 5057
f 5061 4910 5058
f 5062 5060 5059
f 5059 4906 5062
f 4906 5063 5062
f 4906 4912 5063
f 5061 4915 4910
f 5064 4915 5061
f 4917 5063 4912
f 4917 5065 5063
f 5067 5066 4920
f 4920 5066 4919
f 5068 4920 4921
f 5068 5067 4920
f 5070 5068 5069
f 5068 4922 5069
f 5068 4921 4922
f 4923 5069 4922
f 5071 4925 4926
f 4927 5072 4926
f 4926 5072 5071
f 4928 5073 4927
f 4927 5073 5072
f 4929 5074 4928
f 4928 5074 5073
f 5075 5074 4929
f 4915 5075 4929
f 5064 5075 4915
f 4917 4930 5076
f 5077 4917 5076
f 5065 4917 5077
f 4931 5076 4930
f 5079 5078 4934
f 4934 5078 4933
f 4934 4919 5066
f 4934 5066 5079
f 5080 5070 5069
f 5069 4923 5080
f 4923 5081 5080
f 4923 4935 5081
f 5082 4937 4938
f 5083 5082 4938
f 5083 4938 4925
f 5084 5083 4925
f 5071 5084 4925
f 5084 5071 5072
f 5084 5072 5085
f 5085 5072 5073
f 5085 5073 5086
f 5086 5073 5074
f 5086 5074 5087
f 5087 5074 5075
f 5077 5076 5088
f 5077 5088 5089
f 4939 5088 4931
f 4931 5088 5076
f 5092 5091 5090
f 4941 4942 5090
f 4942 5092 5090
f 4942 5093 5092
f 5094 4942 4943
f 5094 5093 4942
f 5095 4943 4945
f 5095 5094 4943
f 5097 5096 4947
f 5096 4945 4947
f 5096 5095 4945
f 4948 4949 5097
f 4949 5096 5097
f 4949 5098 5096
f 4949 4933 5078
f 4949 5078 5098
f 4951 5081 4935
f 4951 5099 5081
f 5100 4954 4955
f 5101 5100 4955
f 5101 4955 4937
f 5102 5101 4937
f 5082 5102 4937
f 5102 5082 5083
f 5089 5088 5103
f 5089 5103 5104
f 4956 5103 4939
f 4939 5103 5088
f 5091 5105 5090
f 4941 5090 5105
f 5106 4941 5105
f 4958 4941 5106
f 4960 5097 4947
f 5097 4960 4948
f 5107 5099 4951
f 5107 4951 4961
f 5108 4961 4962
f 5108 5107 4961
f 5109 4962 4963
f 5109 5108 4962
f 4963 4954 5100
f 5110 4963 5100
f 5109 4963 5110
f 5110 5100 5101
f 5104 5103 4964
f 4965 5104 4964
f 5111 5104 4965
f 4964 5103 4956
f 5106 4967 4958
f 5112 4967 5106
f 5115 5114 5113
f 4971 4972 5113
f 5114 4971 5113
f 5116 4971 5114
f 4965 4971 5111
f 5111 4971 5116
f 5119 5118 5117
f 5112 5119 5117
f 4974 5112 5117
f 4967 5112 4974
f 5115 5113 4979
f 4980 5115 4979
f 5120 5115 4980
f 4979 5113 4972
f 5117 5118 5121
f 5121 5118 5122
f 5121 4982 4974
f 5121 4974 5117
f 5125 5124 5123
f 5124 5120 5123
f 5120 4987 5123
f 5120 4980 4987
f 5121 5122 5126
f 5126 5122 5127
f 5126 4989 4982
f 5126 4982 5121
f 5125 5123 5128
f 5125 5128 5129
f 4994 5128 4987
f 4987 5128 5123
f 5126 5127 5130
f 5130 5127 5131
f 5130 4995 4989
f 5130 4989 5126
f 5000 5132 5001
f 5001 5132 5133
f 5134 5001 5133
f 5002 5001 5134
f 5136 5135 5003
f 5002 5136 5003
f 5134 5136 5002
f 5137 5135 5136
f 5129 5128 5007
f 5008 5129 5007
f 5138 5129 5008
f 5007 5128 4994
f 5130 5131 5139
f 5139 5131 5140
f 5139 5009 4995
f 5139 4995 5130
f 5011 5141 5012
f 5142 5013 5012
f 5142 5012 5141
f 5143 5014 5013
f 5143 5013 5142
f 5143 5144 5014
f 5014 5144 5000
f 5144 5145 5000
f 5145 5132 5000
f 5132 5145 5133
f 5135 5015 5003
f 5137 5146 5135
f 5146 5015 5135
f 5146 5016 5015
f 5017 5016 5146
f 5017 5146 5147
f 5019 5148 5018
f 5149 5020 5018
f 5149 5018 5148
f 5020 5149 5150
f 5151 5020 5150
f 5021 5020 5151
f 5021 5152 5022
f 5151 5152 5021
f 5022 5153 5023
f 5152 5153 5022
f 5023 5154 5024
f 5153 5154 5023
f 5024 5155 5025
f 5154 5155 5024
f 5008 5025 5138
f 5138 5025 5155
f 5139 5140 5156
f 5156 5140 5157
f 5156 5026 5009
f 5156 5009 5139
f 5028 5158 5027
f 5158 5159 5027
f 5027 5159 5011
f 5159 5160 5011
f 5160 5141 5011
f 5141 5160 5142
f 5142 5160 5161
f 5142 5161 5143
f 5143 5161 5162
f 5143 5162 5144
f 5147 5163 5017
f 5017 5163 5029
f 5031 5029 5163
f 5031 5163 5164
f 5166 5165 5148
f 5019 5166 5148
f 5033 5166 5019
f 5148 5165 5149
f 5149 5165 5167
f 5149 5167 5150
f 5157 5168 5156
f 5156 5168 5026
f 5168 5034 5026
f 5168 5169 5034
f 5034 5170 5035
f 5169 5170 5034
f 5028 5035 5158
f 5035 5171 5158
f 5035 5170 5171
f 5158 5171 5159
f 5164 5172 5031
f 5031 5172 5036
f 5036 5173 5037
f 5172 5173 5036
f 5033 5037 5166
f 5166 5037 5173
f 5174 5042 5043
f 5044 5175 5043
f 5043 5175 5174
f 5045 5175 5044
f 5176 5048 5049
f 5176 5049 5177
f 5049 5178 5177
f 5049 5050 5178
f 5050 5042 5174
f 5179 5050 5174
f 5178 5050 5179
f 5181 5180 5179
f 5174 5181 5179
f 5175 5181 5174
f 5052 5181 5045
f 5045 5181 5175
f 5183 5182 5176
f 5182 5048 5176
f 5182 5054 5048
f 5183 5176 5177
f 5180 5181 5184
f 5180 5184 5185
f 5056 5184 5052
f 5052 5184 5181
f 5182 5058 5054
f 5186 5058 5182
f 5187 5185 5184
f 5184 5056 5187
f 5056 5188 5187
f 5056 5060 5188
f 5186 5061 5058
f 5189 5061 5186
f 5060 5062 5190
f 5191 5060 5190
f 5188 5060 5191
f 5063 5190 5062
f 5189 5064 5061
f 5192 5064 5189
f 5191 5190 5193
f 5191 5193 5194
f 5065 5193 5063
f 5063 5193 5190
f 5196 5195 5067
f 5067 5195 5066
f 5197 5067 5068
f 5197 5196 5067
f 5068 5070 5197
f 5197 5070 5198
f 5192 5075 5064
f 5199 5075 5192
f 5194 5193 5200
f 5194 5200 5201
f 5077 5200 5065
f 5065 5200 5193
f 5203 5202 5079
f 5079 5202 5078
f 5079 5066 5195
f 5079 5195 5203
f 5204 5198 5070
f 5204 5070 5080
f 5080 5081 5204
f 5204 5081 5205
f 5206 5083 5084
f 5085 5207 5084
f 5084 5207 5206
f 5086 5208 5085
f 5085 5208 5207
f 5208 5086 5209
f 5086 5210 5209
f 5086 5087 5210
f 5087 5075 5199
f 5087 5199 5210
f 5201 5200 5211
f 5201 5211 5212
f 5089 5211 5077
f 5077 5211 5200
f 5214 5213 5092
f 5092 5213 5091
f 5215 5092 5093
f 5215 5214 5092
f 5216 5093 5094
f 5216 5215 5093
f 5217 5094 5095
f 5217 5216 5094
f 5218 5095 5096
f 5218 5217 5095
f 5219 5096 5098
f 5219 5218 5096
f 5098 5078 5202
f 5098 5202 5219
f 5099 5221 5220
f 5205 5099 5220
f 5081 5099 5205
f 5221 5222 5220
f 5223 5101 5102
f 5224 5223 5102
f 5224 5102 5083
f 5225 5224 5083
f 5206 5225 5083
f 5225 5206 5207
f 5225 5207 5226
f 5226 5207 5208
f 5226 5208 5227
f 5227 5208 5209
f 5212 5211 5228
f 5212 5228 5229
f 5104 5228 5089
f 5089 5228 5211
f 5105 5091 5230
f 5091 5231 5230
f 5091 5213 5231
f 5230 5106 5105
f 5107 5221 5099
f 5232 5222 5221
f 5107 5232 5221
f 5108 5232 5107
f 5233 5108 5109
f 5233 5232 5108
f 5234 5109 5110
f 5234 5233 5109
f 5110 5101 5223
f 5235 5110 5223
f 5234 5110 5235
f 5235 5223 5224
f 5238 5237 5236
f 5236 5237 5229
f 5228 5236 5229
f 5239 5236 5228
f 5111 5239 5104
f 5104 5239 5228
f 5230 5231 5240
f 5240 5231 5241
f 5240 5112 5106
f 5240 5106 5230
f 5238 5236 5114
f 5115 5238 5114
f 5242 5238 5115
f 5114 5236 5116
f 5116 5236 5239
f 5116 5239 5111
f 5240 5241 5119
f 5241 5118 5119
f 5241 5243 5118
f 5240 5119 5112
f 5246 5245 5244
f 5245 5242 5244
f 5242 5120 5244
f 5242 5115 5120
f 5243 5122 5118
f 5247 5122 5243
f 5246 5244 5124
f 5125 5246 5124
f 5248 5246 5125
f 5124 5244 5120
f 5247 5127 5122
f 5249 5127 5247
f 5129 5248 5125
f 5129 5250 5248
f 5249 5131 5127
f 5251 5131 5249
f 5253 5252 5134
f 5253 5134 5133
f 5134 5254 5136
f 5252 5254 5134
f 5256 5255 5137
f 5136 5256 5137
f 5254 5256 5136
f 5257 5255 5256
f 5260 5259 5258
f 5262 5261 5258
f 5262 5258 5259
f 5262 5250 5261
f 5250 5138 5261
f 5250 5129 5138
f 5251 5140 5131
f 5263 5140 5251
f 5265 5264 5145
f 5265 5145 5144
f 5133 5145 5253
f 5253 5145 5264
f 5255 5146 5137
f 5147 5146 5255
f 5257 5147 5255
f 5266 5147 5257
f 5150 5267 5151
f 5268 5152 5151
f 5268 5151 5267
f 5152 5268 5269
f 5270 5152 5269
f 5153 5152 5270
f 5258 5154 5260
f 5154 5270 5260
f 5154 5153 5270
f 5154 5258 5155
f 5155 5258 5261
f 5155 5261 5138
f 5263 5157 5140
f 5271 5157 5263
f 5273 5272 5160
f 5273 5160 5159
f 5160 5274 5161
f 5272 5274 5160
f 5161 5275 5162
f 5274 5275 5161
f 5144 5162 5265
f 5265 5162 5275
f 5266 5276 5147
f 5147 5276 5163
f 5164 5163 5276
f 5164 5276 5277
f 5166 5278 5165
f 5279 5167 5165
f 5279 5165 5278
f 5279 5280 5167
f 5167 5280 5150
f 5280 5281 5150
f 5281 5267 5150
f 5267 5281 5268
f 5268 5281 5282
f 5268 5282 5269
f 5168 5157 5283
f 5157 5284 5283
f 5157 5271 5284
f 5285 5169 5168
f 5285 5168 5283
f 5286 5170 5169
f 5286 5169 5285
f 5170 5286 5287
f 5288 5170 5287
f 5171 5170 5288
f 5159 5171 5273
f 5273 5171 5288
f 5172 5164 5289
f 5164 5290 5289
f 5164 5277 5290
f 5291 5173 5172
f 5291 5172 5289
f 5291 5292 5173
f 5173 5292 5166
f 5292 5293 5166
f 5293 5278 5166
f 5278 5293 5279
f 5279 5293 5294
f 5279 5294 5280
f 5284 5295 5283
f 5283 5295 5285
f 5285 5295 5296
f 5285 5296 5286
f 5286 5296 5297
f 5286 5297 5287
f 5290 5298 5289
f 5289 5298 5291
f 5291 5298 5299
f 5291 5299 5292
f 5300 5177 5178
f 5179 5301 5178
f 5178 5301 5300
f 5180 5301 5179
f 5302 5182 5183
f 5177 5300 5183
f 5300 5302 5183
f 5300 5303 5302
f 5304 5300 5301
f 5303 5300 5304
f 5185 5304 5180
f 5180 5304 5301
f 5305 5186 5302
f 5302 5186 5182
f 5306 5302 5303
f 5305 5302 5306
f 5307 5303 5304
f 5306 5303 5307
f 5187 5308 5185
f 5308 5304 5185
f 5308 5307 5304
f 5188 5308 5187
f 5309 5189 5305
f 5305 5189 5186
f 5310 5305 5306
f 5309 5305 5310
f 5311 5306 5307
f 5310 5306 5311
f 5312 5307 5308
f 5311 5307 5312
f 5191 5312 5188
f 5188 5312 5308
f 5314 5313 5309
f 5313 5189 5309
f 5313 5192 5189
f 5314 5309 5310
f 5314 5310 5315
f 5317 5316 5315
f 5310 5317 5315
f 5311 5317 5310
f 5318 5311 5312
f 5317 5311 5318
f 5194 5318 5191
f 5191 5318 5312
f 5320 5319 5196
f 5196 5319 5195
f 5321 5196 5197
f 5321 5320 5196
f 5197 5198 5321
f 5321 5198 5322
f 5313 5199 5192
f 5323 5199 5313
f 5316 5317 5324
f 5316 5324 5325
f 5326 5317 5318
f 5324 5317 5326
f 5201 5326 5194
f 5194 5326 5318
f 5328 5327 5203
f 5203 5327 5202
f 5203 5195 5319
f 5203 5319 5328
f 5329 5322 5198
f 5329 5198 5204
f 5204 5205 5329
f 5329 5205 5330
f 5331 5209 5210
f 5332 5331 5210
f 5199 5332 5210
f 5323 5332 5199
f 5325 5324 5333
f 5325 5333 5334
f 5335 5324 5326
f 5333 5324 5335
f 5212 5335 5201
f 5201 5335 5326
f 5337 5336 5214
f 5214 5336 5213
f 5338 5214 5215
f 5338 5337 5214
f 5339 5215 5216
f 5339 5338 5215
f 5340 5216 5217
f 5340 5339 5216
f 5341 5217 5218
f 5341 5340 5217
f 5342 5218 5219
f 5342 5341 5218
f 5219 5202 5327
f 5219 5327 5342
f 5343 5330 5205
f 5343 5205 5220
f 5220 5222 5343
f 5343 5222 5344
f 5345 5224 5225
f 5345 5225 5346
f 5225 5347 5346
f 5225 5226 5347
f 5348 5226 5227
f 5348 5347 5226
f 5348 5227 5209
f 5349 5348 5209
f 5331 5349 5209
f 5348 5349 5350
f 5331 5332 5351
f 5331 5351 5349
f 5334 5333 5352
f 5334 5352 5353
f 5354 5333 5335
f 5352 5333 5354
f 5229 5354 5212
f 5212 5354 5335
f 5336 5231 5213
f 5355 5231 5336
f 5356 5344 5222
f 5356 5222 5232
f 5357 5232 5233
f 5357 5356 5232
f 5358 5233 5234
f 5358 5357 5233
f 5359 5234 5235
f 5359 5358 5234
f 5235 5224 5345
f 5360 5235 5345
f 5359 5235 5360
f 5360 5345 5346
f 5361 5350 5349
f 5361 5349 5351
f 5353 5352 5362
f 5353 5362 5363
f 5238 5362 5237
f 5362 5354 5237
f 5362 5352 5354
f 5237 5354 5229
f 5355 5241 5231
f 5364 5241 5355
f 5363 5362 5365
f 5363 5365 5366
f 5242 5365 5238
f 5238 5365 5362
f 5364 5243 5241
f 5367 5243 5364
f 5370 5369 5368
f 5372 5371 5368
f 5372 5368 5369
f 5371 5372 5366
f 5371 5366 5365
f 5246 5371 5365
f 5245 5246 5365
f 5245 5365 5242
f 5367 5247 5243
f 5373 5247 5367
f 5370 5368 5374
f 5370 5374 5375
f 5376 5368 5371
f 5374 5368 5376
f 5248 5376 5246
f 5246 5376 5371
f 5373 5249 5247
f 5377 5249 5373
f 5375 5374 5378
f 5375 5378 5379
f 5380 5374 5376
f 5378 5374 5380
f 5250 5380 5248
f 5248 5380 5376
f 5377 5251 5249
f 5381 5251 5377
f 5383 5382 5252
f 5383 5252 5253
f 5252 5384 5254
f 5382 5384 5252
f 5254 5385 5256
f 5384 5385 5254
f 5257 5256 5385
f 5257 5385 5386
f 5389 5388 5387
f 5387 5388 5379
f 5387 5379 5378
f 5260 5387 5378
f 5259 5260 5378
f 5259 5378 5262
f 5262 5378 5380
f 5262 5380 5250
f 5381 5263 5251
f 5390 5263 5381
f 5265 5391 5264
f 5391 5392 5264
f 5392 5253 5264
f 5392 5383 5253
f 5386 5266 5257
f 5393 5266 5386
f 5389 5387 5270
f 5269 5389 5270
f 5394 5389 5269
f 5270 5387 5260
f 5390 5271 5263
f 5395 5271 5390
f 5273 5396 5272
f 5397 5274 5272
f 5397 5272 5396
f 5398 5275 5274
f 5398 5274 5397
f 5398 5399 5275
f 5275 5399 5265
f 5399 5400 5265
f 5400 5391 5265
f 5391 5400 5392
f 5276 5266 5401
f 5266 5402 5401
f 5266 5393 5402
f 5401 5277 5276
f 5280 5403 5281
f 5281 5403 5404
f 5405 5281 5404
f 5282 5281 5405
f 5269 5282 5394
f 5394 5282 5405
f 5395 5284 5271
f 5406 5284 5395
f 5287 5407 5288
f 5407 5408 5288
f 5288 5408 5273
f 5408 5409 5273
f 5409 5396 5273
f 5396 5409 5397
f 5397 5409 5410
f 5397 5410 5398
f 5398 5410 5411
f 5398 5411 5399
f 5402 5412 5401
f 5277 5401 5412
f 5413 5277 5412
f 5290 5277 5413
f 5292 5414 5293
f 5415 5294 5293
f 5415 5293 5414
f 5415 5416 5294
f 5294 5416 5280
f 5416 5417 5280
f 5417 5403 5280
f 5403 5417 5404
f 5295 5284 5418
f 5284 5419 5418
f 5284 5406 5419
f 5420 5296 5295
f 5420 5295 5418
f 5421 5297 5296
f 5421 5296 5420
f 5421 5422 5297
f 5297 5422 5287
f 5422 5423 5287
f 5423 5407 5287
f 5407 5423 5408
f 5413 5424 5290
f 5290 5424 5298
f 5298 5425 5299
f 5424 5425 5298
f 5292 5299 5414
f 5299 5426 5414
f 5299 5425 5426
f 5414 5426 5415
f 5415 5426 5427
f 5415 5427 5416
f 5419 5428 5418
f 5418 5428 5420
f 5420 5428 5429
f 5420 5429 5421
f 5421 5429 5430
f 5421 5430 5422
f 5431 5313 5314
f 5315 5432 5314
f 5314 5432 5431
f 5316 5432 5315
f 5433 5319 5320
f 5321 5434 5320
f 5320 5434 5433
f 5322 5434 5321
f 5435 5323 5431
f 5431 5323 5313
f 5436 5431 5432
f 5435 5431 5436
f 5325 5436 5316
f 5316 5436 5432
f 5438 5437 5328
f 5328 5437 5327
f 5328 5319 5433
f 5439 5328 5433
f 5438 5328 5439
f 5439 5433 5434
f 5439 5434 5440
f 5440 5434 5322
f 5329 5440 5322
f 5441 5440 5329
f 5329 5330 5441
f 5441 5330 5442
f 5443 5332 5435
f 5435 5332 5323
f 5444 5435 5436
f 5443 5435 5444
f 5334 5444 5325
f 5325 5444 5436
f 5446 5445 5337
f 5337 5445 5336
f 5447 5337 5338
f 5447 5446 5337
f 5448 5338 5339
f 5448 5447 5338
f 5449 5339 5340
f 5449 5448 5339
f 5450 5340 5341
f 5450 5449 5340
f 5451 5341 5342
f 5451 5450 5341
f 5342 5327 5437
f 5342 5437 5451
f 5452 5442 5330
f 5452 5330 5343
f 5454 5453 5344
f 5453 5343 5344
f 5453 5452 5343
f 5454 5455 5453
f 5456 5346 5347
f 5348 5457 5347
f 5347 5457 5456
f 5350 5457 5348
f 5458 5351 5443
f 5443 5351 5332
f 5459 5443 5444
f 5458 5443 5459
f 5353 5459 5334
f 5334 5459 5444
f 5445 5355 5336
f 5460 5355 5445
f 5356 5454 5344
f 5461 5455 5454
f 5356 5461 5454
f 5357 5461 5356
f 5462 5357 5358
f 5462 5461 5357
f 5463 5358 5359
f 5463 5462 5358
f 5464 5359 5360
f 5464 5463 5359
f 5360 5346 5456
f 5465 5360 5456
f 5464 5360 5465
f 5465 5456 5457
f 5465 5457 5466
f 5468 5466 5467
f 5467 5466 5361
f 5466 5457 5361
f 5457 5350 5361
f 5351 5458 5361
f 5458 5467 5361
f 5458 5469 5467
f 5470 5458 5459
f 5469 5458 5470
f 5363 5470 5353
f 5353 5470 5459
f 5460 5364 5355
f 5471 5364 5460
f 5468 5467 5472
f 5468 5472 5473
f 5474 5467 5469
f 5472 5467 5474
f 5475 5469 5470
f 5474 5469 5475
f 5366 5475 5363
f 5363 5475 5470
f 5471 5367 5364
f 5476 5367 5471
f 5473 5472 5477
f 5473 5477 5478
f 5370 5477 5369
f 5477 5474 5369
f 5477 5472 5474
f 5369 5474 5372
f 5372 5474 5475
f 5372 5475 5366
f 5476 5373 5367
f 5479 5373 5476
f 5478 5477 5480
f 5478 5480 5481
f 5375 5480 5370
f 5370 5480 5477
f 5479 5377 5373
f 5482 5377 5479
f 5481 5480 5483
f 5481 5483 5484
f 5379 5483 5375
f 5375 5483 5480
f 5482 5381 5377
f 5485 5381 5482
f 5383 5486 5382
f 5487 5384 5382
f 5487 5382 5486
f 5488 5385 5384
f 5488 5384 5487
f 5488 5386 5385
f 5484 5483 5388
f 5389 5484 5388
f 5489 5484 5389
f 5388 5483 5379
f 5485 5390 5381
f 5490 5390 5485
f 5492 5491 5486
f 5383 5492 5486
f 5392 5492 5383
f 5486 5491 5487
f 5487 5491 5493
f 5495 5494 5493
f 5494 5487 5493
f 5494 5488 5487
f 5494 5393 5386
f 5494 5386 5488
f 5498 5497 5496
f 5500 5499 5496
f 5500 5496 5497
f 5500 5489 5499
f 5489 5394 5499
f 5489 5389 5394
f 5490 5395 5390
f 5501 5395 5490
f 5399 5502 5400
f 5502 5503 5400
f 5503 5392 5400
f 5503 5492 5392
f 5495 5504 5494
f 5393 5494 5504
f 5505 5393 5504
f 5402 5393 5505
f 5498 5496 5506
f 5498 5506 5507
f 5404 5506 5405
f 5506 5499 5405
f 5506 5496 5499
f 5405 5499 5394
f 5501 5406 5395
f 5508 5406 5501
f 5408 5509 5409
f 5409 5509 5510
f 5511 5409 5510
f 5410 5409 5511
f 5410 5512 5411
f 5511 5512 5410
f 5399 5411 5502
f 5411 5513 5502
f 5411 5512 5513
f 5502 5513 5503
f 5505 5514 5402
f 5402 5514 5412
f 5413 5412 5514
f 5413 5514 5515
f 5518 5517 5516
f 5520 5519 5516
f 5520 5516 5517
f 5519 5520 5507
f 5519 5507 5506
f 5416 5519 5506
f 5417 5416 5506
f 5417 5506 5404
f 5508 5419 5406
f 5521 5419 5508
f 5422 5522 5423
f 5522 5523 5423
f 5423 5523 5408
f 5523 5524 5408
f 5524 5509 5408
f 5509 5524 5510
f 5515 5525 5413
f 5413 5525 5424
f 5424 5526 5425
f 5525 5526 5424
f 5516 5426 5518
f 5426 5526 5518
f 5426 5425 5526
f 5426 5516 5427
f 5427 5516 5519
f 5427 5519 5416
f 5428 5419 5527
f 5419 5528 5527
f 5419 5521 5528
f 5529 5429 5428
f 5529 5428 5527
f 5530 5430 5429
f 5530 5429 5529
f 5530 5531 5430
f 5430 5531 5422
f 5531 5532 5422
f 5532 5522 5422
f 5522 5532 5523
f 5528 5533 5527
f 5527 5533 5529
f 5529 5533 5534
f 5529 5534 5530
f 5530 5534 5535
f 5530 5535 5531
f 5538 5537 5536
f 5540 5539 5536
f 5536 5539 5538
f 5437 5438 5540
f 5438 5539 5540
f 5438 5541 5539
f 5542 5438 5439
f 5542 5541 5438
f 5543 5439 5440
f 5543 5542 5439
f 5545 5543 5544
f 5543 5441 5544
f 5543 5440 5441
f 5442 5544 5441
f 5547 5546 5446
f 5446 5546 5445
f 5548 5446 5447
f 5548 5547 5446
f 5549 5447 5448
f 5549 5548 5447
f 5550 5448 5449
f 5550 5549 5448
f 5450 5536 5537
f 5550 5450 5537
f 5449 5450 5550
f 5536 5450 5451
f 5536 5451 5540
f 5540 5451 5437
f 5551 5545 5544
f 5551 5544 5442
f 5452 5551 5442
f 5552 5551 5452
f 5553 5452 5453
f 5553 5552 5452
f 5453 5455 5553
f 5553 5455 5554
f 5546 5460 5445
f 5555 5460 5546
f 5556 5554 5455
f 5556 5455 5461
f 5557 5461 5462
f 5557 5556 5461
f 5559 5557 5558
f 5557 5463 5558
f 5557 5462 5463
f 5464 5560 5463
f 5463 5560 5558
f 5465 5561 5464
f 5464 5561 5560
f 5466 5562 5465
f 5465 5562 5561
f 5468 5562 5466
f 5555 5471 5460
f 5563 5471 5555
f 5564 5559 5558
f 5564 5558 5560
f 5564 5560 5565
f 5567 5566 5565
f 5560 5567 5565
f 5561 5567 5560
f 5568 5561 5562
f 5567 5561 5568
f 5473 5568 5468
f 5468 5568 5562
f 5563 5476 5471
f 5569 5476 5563
f 5566 5567 5570
f 5566 5570 5571
f 5572 5567 5568
f 5570 5567 5572
f 5478 5572 5473
f 5473 5572 5568
f 5569 5479 5476
f 5573 5479 5569
f 5571 5570 5574
f 5571 5574 5575
f 5576 5570 5572
f 5574 5570 5576
f 5481 5576 5478
f 5478 5576 5572
f 5573 5482 5479
f 5577 5482 5573
f 5580 5579 5578
f 5578 5579 5575
f 5574 5578 5575
f 5581 5578 5574
f 5582 5574 5576
f 5581 5574 5582
f 5484 5582 5481
f 5481 5582 5576
f 5577 5485 5482
f 5583 5485 5577
f 5586 5585 5584
f 5584 5585 5580
f 5578 5584 5580
f 5587 5584 5578
f 5588 5578 5581
f 5587 5578 5588
f 5589 5581 5582
f 5588 5581 5589
f 5489 5589 5484
f 5484 5589 5582
f 5583 5490 5485
f 5590 5490 5583
f 5492 5591 5491
f 5592 5493 5491
f 5592 5491 5591
f 5592 5495 5493
f 5586 5584 5593
f 5586 5593 5594
f 5595 5584 5587
f 5593 5584 5595
f 5498 5595 5497
f 5595 5588 5497
f 5595 5587 5588
f 5497 5588 5500
f 5500 5588 5589
f 5500 5589 5489
f 5590 5501 5490
f 5596 5501 5590
f 5503 5597 5591
f 5503 5591 5492
f 5591 5598 5592
f 5591 5597 5598
f 5599 5504 5495
f 5592 5599 5495
f 5598 5599 5592
f 5599 5505 5504
f 5594 5593 5600
f 5594 5600 5601
f 5602 5593 5595
f 5600 5593 5602
f 5507 5602 5498
f 5498 5602 5595
f 5596 5508 5501
f 5603 5508 5596
f 5510 5604 5511
f 5605 5512 5511
f 5605 5511 5604
f 5606 5513 5512
f 5606 5512 5605
f 5606 5607 5513
f 5513 5607 5503
f 5607 5608 5503
f 5608 5597 5503
f 5597 5608 5598
f 5598 5608 5609
f 5598 5609 5599
f 5599 5609 5610
f 5610 5612 5611
f 5610 5611 5514
f 5599 5610 5514
f 5505 5599 5514
f 5611 5515 5514
f 5615 5614 5613
f 5613 5614 5601
f 5613 5601 5600
f 5518 5613 5600
f 5517 5518 5600
f 5517 5600 5520
f 5520 5600 5602
f 5520 5602 5507
f 5603 5521 5508
f 5616 5521 5603
f 5523 5617 5524
f 5617 5618 5524
f 5524 5618 5510
f 5618 5619 5510
f 5619 5604 5510
f 5604 5619 5605
f 5605 5619 5620
f 5605 5620 5606
f 5606 5620 5621
f 5606 5621 5607
f 5612 5622 5611
f 5611 5622 5515
f 5622 5525 5515
f 5622 5623 5525
f 5613 5526 5615
f 5526 5623 5615
f 5526 5525 5623
f 5526 5613 5518
f 5616 5528 5521
f 5624 5528 5616
f 5531 5625 5532
f 5617 5523 5532
f 5625 5617 5532
f 5626 5617 5625
f 5618 5617 5627
f 5627 5617 5626
f 5533 5528 5628
f 5528 5629 5628
f 5528 5624 5629
f 5630 5534 5533
f 5630 5533 5628
f 5534 5630 5631
f 5632 5534 5631
f 5535 5534 5632
f 5531 5535 5625
f 5535 5633 5625
f 5535 5632 5633
f 5625 5633 5626
f 5626 5633 5634
f 5626 5634 5627
f 5629 5635 5628
f 5628 5635 5630
f 5630 5635 5636
f 5630 5636 5631
f 5638 5637 5538
f 5538 5637 5537
f 5639 5538 5539
f 5639 5638 5538
f 5641 5639 5640
f 5639 5541 5640
f 5639 5539 5541
f 5542 5642 5541
f 5541 5642 5640
f 5543 5643 5542
f 5542 5643 5642
f 5545 5643 5543
f 5645 5644 5547
f 5547 5644 5546
f 5646 5547 5548
f 5646 5645 5547
f 5647 5548 5549
f 5647 5646 5548
f 5648 5549 5550
f 5648 5647 5549
f 5550 5537 5637
f 5550 5637 5648
f 5649 5641 5640
f 5649 5640 5642
f 5649 5642 5650
f 5650 5642 5643
f 5650 5643 5651
f 5651 5643 5545
f 5551 5651 5545
f 5652 5651 5551
f 5653 5551 5552
f 5653 5652 5551
f 5654 5552 5553
f 5654 5653 5552
f 5553 5554 5654
f 5654 5554 5655
f 5644 5555 5546
f 5656 5555 5644
f 5657 5655 5554
f 5657 5554 5556
f 5658 5556 5557
f 5658 5657 5556
f 5557 5559 5658
f 5658 5559 5659
f 5656 5563 5555
f 5660 5563 5656
f 5559 5564 5661
f 5662 5559 5661
f 5659 5559 5662
f 5565 5663 5564
f 5564 5663 5661
f 5566 5663 5565
f 5660 5569 5563
f 5664 5569 5660
f 5667 5666 5665
f 5665 5666 5662
f 5661 5665 5662
f 5668 5665 5661
f 5669 5661 5663
f 5668 5661 5669
f 5571 5669 5566
f 5566 5669 5663
f 5664 5573 5569
f 5670 5573 5664
f 5667 5665 5671
f 5667 5671 5672
f 5673 5665 5668
f 5671 5665 5673
f 5674 5668 5669
f 5673 5668 5674
f 5575 5674 5571
f 5571 5674 5669
f 5670 5577 5573
f 5675 5577 5670
f 5672 5671 5676
f 5672 5676 5677
f 5678 5671 5673
f 5676 5671 5678
f 5580 5678 5579
f 5678 5674 5579
f 5678 5673 5674
f 5579 5674 5575
f 5675 5583 5577
f 5679 5583 5675
f 5677 5676 5680
f 5677 5680 5681
f 5586 5680 5585
f 5680 5678 5585
f 5680 5676 5678
f 5585 5678 5580
f 5679 5590 5583
f 5682 5590 5679
f 5681 5680 5683
f 5681 5683 5684
f 5594 5683 5586
f 5586 5683 5680
f 5682 5596 5590
f 5685 5596 5682
f 5688 5687 5686
f 5686 5687 5684
f 5683 5686 5684
f 5689 5686 5683
f 5601 5689 5594
f 5594 5689 5683
f 5685 5603 5596
f 5690 5603 5685
f 5607 5691 5608
f 5692 5609 5608
f 5692 5608 5691
f 5693 5610 5609
f 5693 5609 5692
f 5693 5612 5610
f 5688 5686 5694
f 5688 5694 5695
f 5615 5694 5614
f 5694 5689 5614
f 5694 5686 5689
f 5614 5689 5601
f 5690 5616 5603
f 5696 5616 5690
f 5618 5697 5619
f 5698 5620 5619
f 5698 5619 5697
f 5620 5698 5699
f 5700 5620 5699
f 5621 5620 5700
f 5607 5621 5691
f 5621 5701 5691
f 5621 5700 5701
f 5691 5701 5692
f 5692 5701 5702
f 5692 5702 5693
f 5693 5702 5703
f 5693 5703 5612
f 5703 5622 5612
f 5703 5704 5622
f 5694 5623 5695
f 5623 5704 5695
f 5623 5622 5704
f 5623 5694 5615
f 5696 5624 5616
f 5705 5624 5696
f 5707 5706 5697
f 5618 5707 5697
f 5627 5707 5618
f 5697 5706 5698
f 5698 5706 5708
f 5698 5708 5699
f 5705 5629 5624
f 5709 5629 5705
f 5711 5710 5632
f 5711 5632 5631
f 5632 5712 5633
f 5710 5712 5632
f 5633 5713 5634
f 5712 5713 5633
f 5627 5634 5707
f 5707 5634 5713
f 5709 5714 5629
f 5629 5714 5635
f 5635 5715 5636
f 5714 5715 5635
f 5631 5636 5711
f 5711 5636 5715
f 5718 5717 5716
f 5720 5719 5716
f 5716 5719 5718
f 5722 5721 5720
f 5720 5721 5719
f 5724 5723 5722
f 5722 5723 5721
f 5637 5638 5724
f 5638 5723 5724
f 5638 5725 5723
f 5726 5638 5639
f 5726 5725 5638
f 5639 5641 5726
f 5726 5641 5727
f 5716 5717 5645
f 5717 5644 5645
f 5717 5728 5644
f 5716 5645 5646
f 5716 5646 5720
f 5720 5646 5647
f 5720 5647 5722
f 5722 5647 5648
f 5722 5648 5724
f 5724 5648 5637
f 5729 5727 5641
f 5729 5641 5649
f 5730 5649 5650
f 5730 5729 5649
f 5731 5650 5651
f 5731 5730 5650
f 5732 5651 5652
f 5732 5731 5651
f 5733 5652 5653
f 5733 5732 5652
f 5735 5733 5734
f 5733 5654 5734
f 5733 5653 5654
f 5655 5734 5654
f 5728 5656 5644
f 5736 5656 5728
f 5735 5734 5737
f 5735 5737 5738
f 5657 5739 5655
f 5739 5734 5655
f 5739 5737 5734
f 5658 5740 5657
f 5657 5740 5739
f 5659 5740 5658
f 5736 5660 5656
f 5741 5660 5736
f 5738 5737 5742
f 5738 5742 5743
f 5744 5737 5739
f 5742 5737 5744
f 5745 5739 5740
f 5744 5739 5745
f 5662 5745 5659
f 5659 5745 5740
f 5741 5664 5660
f 5746 5664 5741
f 5743 5742 5747
f 5743 5747 5748
f 5749 5742 5744
f 5747 5742 5749
f 5667 5749 5666
f 5749 5745 5666
f 5749 5744 5745
f 5666 5745 5662
f 5746 5670 5664
f 5750 5670 5746
f 5748 5747 5751
f 5748 5751 5752
f 5753 5747 5749
f 5751 5747 5753
f 5672 5753 5667
f 5667 5753 5749
f 5750 5675 5670
f 5754 5675 5750
f 5752 5751 5755
f 5752 5755 5756
f 5757 5751 5753
f 5755 5751 5757
f 5677 5757 5672
f 5672 5757 5753
f 5754 5679 5675
f 5758 5679 5754
f 5756 5755 5759
f 5756 5759 5760
f 5761 5755 5757
f 5759 5755 5761
f 5681 5761 5677
f 5677 5761 5757
f 5758 5682 5679
f 5762 5682 5758
f 5760 5759 5763
f 5760 5763 5764
f 5765 5759 5761
f 5763 5759 5765
f 5684 5765 5681
f 5681 5765 5761
f 5762 5685 5682
f 5766 5685 5762
f 5769 5768 5767
f 5767 5768 5764
f 5763 5767 5764
f 5770 5767 5763
f 5688 5770 5687
f 5770 5765 5687
f 5770 5763 5765
f 5687 5765 5684
f 5766 5690 5685
f 5771 5690 5766
f 5774 5773 5772
f 5776 5775 5772
f 5776 5772 5773
f 5775 5776 5769
f 5767 5775 5769
f 5777 5775 5767
f 5778 5767 5770
f 5777 5767 5778
f 5695 5778 5688
f 5688 5778 5770
f 5771 5696 5690
f 5779 5696 5771
f 5781 5780 5700
f 5781 5700 5699
f 5772 5701 5774
f 5701 5780 5774
f 5701 5700 5780
f 5701 5772 5702
f 5702 5772 5775
f 5702 5775 5703
f 5703 5775 5777
f 5703 5777 5704
f 5704 5777 5778
f 5704 5778 5695
f 5779 5705 5696
f 5782 5705 5779
f 5785 5784 5783
f 5786 5783 5784
f 5707 5787 5706
f 5706 5787 5788
f 5789 5706 5788
f 5708 5706 5789
f 5699 5708 5781
f 5781 5708 5789
f 5791 5709 5790
f 5709 5782 5790
f 5709 5705 5782
f 5793 5792 5791
f 5793 5791 5790
f 5710 5711 5792
f 5793 5710 5792
f 5794 5710 5793
f 5783 5712 5785
f 5712 5794 5785
f 5712 5710 5794
f 5786 5795 5783
f 5795 5712 5783
f 5795 5713 5712
f 5707 5713 5787
f 5713 5796 5787
f 5713 5795 5796
f 5787 5796 5788
f 5791 5714 5709
f 5714 5791 5715
f 5715 5791 5792
f 5715 5792 5711
f 5797 5717 5718
f 5719 5798 5718
f 5718 5798 5797
f 5721 5799 5719
f 5719 5799 5798
f 5723 5800 5721
f 5721 5800 5799
f 5800 5723 5801
f 5723 5802 5801
f 5723 5725 5802
f 5803 5725 5726
f 5803 5802 5725
f 5726 5727 5803
f 5803 5727 5804
f 5805 5728 5797
f 5797 5728 5717
f 5798 5807 5806
f 5805 5798 5806
f 5797 5798 5805
f 5807 5798 5799
f 5807 5799 5808
f 5808 5799 5800
f 5808 5800 5809
f 5809 5800 5801
f 5810 5804 5727
f 5810 5727 5729
f 5811 5729 5730
f 5811 5810 5729
f 5813 5811 5812
f 5811 5731 5812
f 5811 5730 5731
f 5732 5814 5731
f 5731 5814 5812
f 5733 5815 5732
f 5732 5815 5814
f 5735 5815 5733
f 5817 5816 5805
f 5816 5728 5805
f 5816 5736 5728
f 5817 5805 5806
f 5818 5813 5812
f 5820 5819 5818
f 5812 5820 5818
f 5814 5820 5812
f 5821 5814 5815
f 5820 5814 5821
f 5738 5821 5735
f 5735 5821 5815
f 5816 5741 5736
f 5822 5741 5816
f 5819 5820 5823
f 5819 5823 5824
f 5825 5820 5821
f 5823 5820 5825
f 5743 5825 5738
f 5738 5825 5821
f 5822 5746 5741
f 5826 5746 5822
f 5824 5823 5827
f 5824 5827 5828
f 5829 5823 5825
f 5827 5823 5829
f 5748 5829 5743
f 5743 5829 5825
f 5826 5750 5746
f 5830 5750 5826
f 5833 5832 5831
f 5835 5834 5831
f 5835 5831 5832
f 5834 5835 5828
f 5827 5834 5828
f 5836 5834 5827
f 5837 5827 5829
f 5836 5827 5837
f 5752 5837 5748
f 5748 5837 5829
f 5830 5754 5750
f 5838 5754 5830
f 5833 5831 5839
f 5833 5839 5840
f 5841 5831 5834
f 5839 5831 5841
f 5842 5834 5836
f 5841 5834 5842
f 5843 5836 5837
f 5842 5836 5843
f 5756 5843 5752
f 5752 5843 5837
f 5838 5758 5754
f 5844 5758 5838
f 5847 5846 5845
f 5849 5848 5845
f 5849 5845 5846
f 5848 5849 5840
f 5839 5848 5840
f 5850 5848 5839
f 5851 5839 5841
f 5850 5839 5851
f 5852 5841 5842
f 5851 5841 5852
f 5853 5842 5843
f 5852 5842 5853
f 5760 5853 5756
f 5756 5853 5843
f 5844 5762 5758
f 5854 5762 5844
f 5847 5845 5855
f 5847 5855 5856
f 5857 5845 5848
f 5855 5845 5857
f 5858 5848 5850
f 5857 5848 5858
f 5859 5850 5851
f 5858 5850 5859
f 5860 5851 5852
f 5859 5851 5860
f 5861 5852 5853
f 5860 5852 5861
f 5764 5861 5760
f 5760 5861 5853
f 5854 5766 5762
f 5862 5766 5854
f 5865 5864 5863
f 5863 5864 5856
f 5855 5863 5856
f 5866 5863 5855
f 5867 5855 5857
f 5866 5855 5867
f 5868 5857 5858
f 5867 5857 5868
f 5869 5858 5859
f 5868 5858 5869
f 5870 5859 5860
f 5869 5859 5870
f 5769 5870 5768
f 5870 5861 5768
f 5870 5860 5861
f 5768 5861 5764
f 5872 5771 5871
f 5771 5862 5871
f 5771 5766 5862
f 5874 5873 5872
f 5874 5872 5871
f 5876 5875 5873
f 5876 5873 5874
f 5878 5877 5875
f 5878 5875 5876
f 5877 5878 5865
f 5863 5877 5865
f 5879 5877 5863
f 5880 5863 5866
f 5879 5863 5880
f 5881 5866 5867
f 5880 5866 5881
f 5882 5867 5868
f 5881 5867 5882
f 5774 5882 5773
f 5882 5869 5773
f 5882 5868 5869
f 5773 5869 5776
f 5776 5869 5870
f 5776 5870 5769
f 5883 5779 5872
f 5872 5779 5771
f 5884 5872 5873
f 5883 5872 5884
f 5885 5873 5875
f 5884 5873 5885
f 5886 5875 5877
f 5885 5875 5886
f 5887 5877 5879
f 5886 5877 5887
f 5888 5879 5880
f 5887 5879 5888
f 5889 5880 5881
f 5888 5880 5889
f 5781 5889 5780
f 5889 5882 5780
f 5889 5881 5882
f 5780 5882 5774
f 5890 5782 5883
f 5883 5782 5779
f 5891 5883 5884
f 5890 5883 5891
f 5892 5884 5885
f 5891 5884 5892
f 5785 5892 5784
f 5892 5886 5784
f 5892 5885 5886
f 5784 5886 5786
f 5886 5893 5786
f 5886 5887 5893
f 5894 5887 5888
f 5893 5887 5894
f 5788 5894 5789
f 5894 5889 5789
f 5894 5888 5889
f 5789 5889 5781
f 5890 5790 5782
f 5790 5890 5793
f 5793 5890 5891
f 5793 5891 5794
f 5794 5891 5892
f 5794 5892 5785
f 5893 5795 5786
f 5795 5893 5796
f 5796 5893 5894
f 5796 5894 5788
f 5895 5801 5802
f 5803 5896 5802
f 5802 5896 5895
f 5804 5896 5803
f 5897 5806 5807
f 5808 5898 5807
f 5807 5898 5897
f 5809 5899 5808
f 5808 5899 5898
f 5801 5895 5809
f 5895 5899 5809
f 5895 5900 5899
f 5901 5895 5896
f 5900 5895 5901
f 5810 5902 5804
f 5902 5896 5804
f 5902 5901 5896
f 5811 5903 5810
f 5810 5903 5902
f 5813 5903 5811
f 5904 5816 5817
f 5806 5897 5817
f 5897 5904 5817
f 5897 5905 5904
f 5906 5897 5898
f 5905 5897 5906
f 5907 5898 5899
f 5906 5898 5907
f 5908 5899 5900
f 5907 5899 5908
f 5909 5900 5901
f 5908 5900 5909
f 5910 5901 5902
f 5909 5901 5910
f 5911 5902 5903
f 5910 5902 5911
f 5818 5912 5813
f 5912 5903 5813
f 5912 5911 5903
f 5819 5912 5818
f 5913 5822 5904
f 5904 5822 5816
f 5914 5904 5905
f 5913 5904 5914
f 5915 5905 5906
f 5914 5905 5915
f 5916 5906 5907
f 5915 5906 5916
f 5917 5907 5908
f 5916 5907 5917
f 5918 5908 5909
f 5917 5908 5918
f 5919 5909 5910
f 5918 5909 5919
f 5920 5910 5911
f 5919 5910 5920
f 5921 5911 5912
f 5920 5911 5921
f 5824 5921 5819
f 5819 5921 5912
f 5922 5826 5913
f 5913 5826 5822
f 5923 5913 5914
f 5922 5913 5923
f 5924 5914 5915
f 5923 5914 5924
f 5925 5915 5916
f 5924 5915 5925
f 5926 5916 5917
f 5925 5916 5926
f 5927 5917 5918
f 5926 5917 5927
f 5928 5918 5919
f 5927 5918 5928
f 5929 5919 5920
f 5928 5919 5929
f 5930 5920 5921
f 5929 5920 5930
f 5828 5930 5824
f 5824 5930 5921
f 5931 5830 5922
f 5922 5830 5826
f 5932 5922 5923
f 5931 5922 5932
f 5933 5923 5924
f 5932 5923 5933
f 5934 5924 5925
f 5933 5924 5934
f 5935 5925 5926
f 5934 5925 5935
f 5936 5926 5927
f 5935 5926 5936
f 5937 5927 5928
f 5936 5927 5937
f 5833 5937 5832
f 5937 5929 5832
f 5937 5928 5929
f 5832 5929 5835
f 5835 5929 5930
f 5835 5930 5828
f 5938 5838 5931
f 5931 5838 5830
f 5939 5931 5932
f 5938 5931 5939
f 5940 5932 5933
f 5939 5932 5940
f 5941 5933 5934
f 5940 5933 5941
f 5942 5934 5935
f 5941 5934 5942
f 5943 5935 5936
f 5942 5935 5943
f 5944 5936 5937
f 5943 5936 5944
f 5840 5944 5833
f 5833 5944 5937
f 5945 5844 5938
f 5938 5844 5838
f 5946 5938 5939
f 5945 5938 5946
f 5947 5939 5940
f 5946 5939 5947
f 5948 5940 5941
f 5947 5940 5948
f 5949 5941 5942
f 5948 5941 5949
f 5847 5949 5846
f 5949 5943 5846
f 5949 5942 5943
f 5846 5943 5849
f 5849 5943 5944
f 5849 5944 5840
f 5950 5854 5945
f 5945 5854 5844
f 5951 5945 5946
f 5950 5945 5951
f 5952 5946 5947
f 5951 5946 5952
f 5953 5947 5948
f 5952 5947 5953
f 5954 5948 5949
f 5953 5948 5954
f 5856 5954 5847
f 5847 5954 5949
f 5955 5862 5950
f 5950 5862 5854
f 5956 5950 5951
f 5955 5950 5956
f 5957 5951 5952
f 5956 5951 5957
f 5958 5952 5953
f 5957 5952 5958
f 5865 5958 5864
f 5958 5954 5864
f 5958 5953 5954
f 5864 5954 5856
f 5955 5871 5862
f 5871 5955 5874
f 5874 5955 5956
f 5874 5956 5876
f 5876 5956 5957
f 5876 5957 5878
f 5878 5957 5958
f 5878 5958 5865

