# https://github.com/mikedh/trimesh
v -24652.88922007 -65388.02026391 6314.44200889
v -24528.26207930 -65327.11700496 5850.11719850
v -24502.69490878 -65841.06641027 6018.03236218
v -24558.47313163 -65828.43680354 6417.95357602
v -24664.85253653 -64861.38822493 6232.12822355
v -24548.94992518 -64782.66552791 5847.62838479
v -24633.62006702 -65440.60814255 6680.76491439
v -24660.19240793 -64936.81506144 6671.94326666
v -24559.28610666 -65163.86785128 7002.17341284
v -24605.85326705 -64427.49696274 6118.20126606
v -24607.55126885 -64308.77318141 6564.57068237
v -24484.51586028 -63956.80732601 6188.27515025
v -24459.41833271 -64483.55600030 7132.96866896
v -24480.19778853 -63780.14249890 6573.69896452
v -24305.37697606 -63516.35404595 6333.77713652
v -24443.39347137 -63902.09677071 6906.67864626
v -24246.16562478 -63453.80979958 6774.82568571
v -23958.54931726 -67488.82089615 5614.61846585
v -23667.52074644 -67661.76211168 4869.22813150
v -23734.73044622 -68057.19735952 5292.74217521
v -23772.30411686 -68168.52952587 5796.02617312
v -24027.54946364 -67442.48235384 6376.63523160
v -23779.51118070 -68150.34882242 6591.73980443
v -23945.09905429 -67458.54805234 7119.76289963
v -23729.88024410 -67999.86679483 7250.64253408
v -24019.76088504 -66895.19060502 5324.65660225
v -23759.78879839 -66659.33427056 4700.36448221
v -24284.14761601 -66529.88832302 6132.68180528
v -24168.62239419 -66691.78861491 7007.95178216
v -23791.14637435 -67526.46739264 7627.04690584
v -23909.15049960 -66838.76945793 7746.91745421
v -23669.90840207 -67304.49238417 8024.08866545
v -24212.05932009 -66006.92143237 5413.73269359
v -23808.54595237 -65657.36854805 4671.20670298
v -24431.67997937 -65832.36713146 6925.80340061
v -24116.07182941 -65955.20930119 7630.30721654
v -23616.45702511 -66822.10808521 8280.33218637
v -23705.23449593 -66116.96503235 8260.47984175
v -23225.84593520 -66557.71121437 8696.89584613
v -24241.08553188 -64994.93292545 5329.83379635
v -23768.50968862 -64703.99288240 4688.50726166
v -24308.72722116 -65147.46425597 7467.37488161
v -23847.46810870 -65129.72602440 8136.88571780
v -23197.93929995 -65491.04292934 8763.16756794
v -24058.92756513 -64168.16784908 5222.29112634
v -23664.55985799 -63915.75332485 4764.37455982
v -24402.91980927 -64306.19828141 5736.92360374
v -24097.06048876 -64404.53196641 7744.30800751
v -23730.43322202 -64324.06736857 8195.21039742
v -23403.34091780 -64625.72195973 8539.65283869
v -23848.06300062 -63596.45886838 5176.20820726
v -23606.08632416 -63449.74015396 4922.73971861
v -24130.19228803 -63615.04731382 5752.56488117
v -23794.25450815 -63828.49967231 7913.16571364
v -24118.91342072 -63709.99482811 7345.96708119
v -23538.47868967 -63007.37662112 5334.73200089
v -23889.73960709 -63033.80959414 6322.55944677
v -23895.61649375 -63116.70233671 7030.94060655
v -22610.88207503 -71205.80527271 6186.22973926
v -22534.21463948 -71433.59878301 5561.63744858
v -22149.47718796 -72003.68320600 6068.30243606
v -22255.95295899 -71592.35737363 6702.02250951
v -22902.91469316 -70565.33329115 5549.35095334
v -22731.42645738 -70698.28928148 4806.64283067
v -22568.07070197 -71199.31437043 5036.59625907
v -22914.73072509 -70456.42786268 6493.51774708
v -22575.48466762 -70969.90149275 6882.13249502
v -22989.10315967 -69987.65417724 4813.98892245
v -22664.71282442 -70141.79838000 4233.42149755
v -22703.03860176 -70504.15874462 4503.76961522
v -23245.64994158 -69615.25548197 5494.29288304
v -23225.41232028 -69700.34040193 6258.31779791
v -22817.22020276 -70389.98492602 7085.31641610
v -23068.37558562 -69721.96036473 7121.22549765
v -22800.05420090 -70070.58912150 7490.72799672
v -22993.03007941 -69476.99204744 4397.06315002
v -23390.99560306 -68803.23139241 4985.43936633
v -23053.06483621 -68952.12604602 4225.58244261
v -23515.47184921 -68896.58664657 6004.72648180
v -23452.29653526 -68787.38117725 6988.53907564
v -22889.27323122 -69603.68469920 7727.75958324
v -23099.41298228 -68919.69347293 7820.55706142
v -22773.97966720 -69323.12120439 8122.37949730
v -22872.27383703 -67975.79332773 3653.15512793
v -22346.59177816 -67858.45477136 3147.05678195
v -22456.00861521 -68536.18504973 3359.99204264
v -22799.51834045 -68742.63664465 3768.32098645
v -23220.41214998 -68251.89750050 4237.40226200
v -23478.18052149 -68007.66115907 7825.37347794
v -22777.20812732 -68838.03284082 8380.31886131
v -22996.47970282 -68164.04853455 8415.07957575
v -22431.56853991 -68521.91237146 8838.54329198
v -22851.20819320 -67127.24179528 3503.43673549
v -22252.77372889 -66883.03989316 2964.56603268
v -23316.18438846 -67337.19319756 4122.64955552
v -23316.95012481 -67363.30645172 8416.85322461
v -22640.23127737 -67413.43342844 8975.39814207
v -22777.51443129 -66407.00119331 3377.36514537
v -23282.91487857 -66303.43507643 3965.96831787
v -22851.82072378 -65680.58255377 3516.30170899
v -22587.66354897 -66250.13053988 9181.05644038
v -23327.55680201 -65235.92834172 4085.23719804
v -22767.62202162 -64797.37281877 3630.93549538
v -22540.58257667 -65374.71882882 9215.19992455
v -23250.66163290 -64303.49629258 4217.27474280
v -22553.38125003 -63850.78773719 3795.25147733
v -23257.82685066 -63794.34640144 8380.64420334
v -22738.74163810 -64523.66750345 8956.25756782
v -23192.37246220 -63421.87197027 4535.86010588
v -22500.54728149 -62983.38978663 4196.75502518
v -23518.48250932 -63113.50860042 7668.00766942
v -22840.42256921 -62882.33441709 8242.90453931
v -22457.91153364 -63499.75314080 8807.61078090
v -22950.69698653 -62670.00590402 4770.82004018
v -23010.10566321 -62282.69542063 5309.16969821
v -22767.09308497 -62250.81722610 4903.32910824
v -23293.48139940 -62367.42305166 6071.73158884
v -23445.95427437 -62563.01986493 6921.04408243
v -22938.37568472 -62251.02344992 7581.59918795
v -22442.81629330 -62196.39747620 8133.45222068
v -22168.03863474 -62687.41734182 8621.47532928
v -22487.17258706 -61916.15948785 5116.39062732
v -22730.85161893 -61828.76611525 5840.72200520
v -22252.15078464 -61547.35729803 5599.40337426
v -22840.18998277 -61869.94766282 6749.07070452
v -22630.14193177 -61720.39157445 7374.38385057
v -22526.33978189 -61827.37291490 7756.51309971
v -22201.97854973 -61408.99439061 6307.83476625
v -22304.01127608 -61453.57625183 7083.13579117
v -21673.90519566 -72770.29509312 4753.54275377
v -21312.82656581 -72822.93265422 4257.33508342
v -21254.90442814 -73310.17204048 4570.01399846
v -21363.71474834 -73367.46108842 5095.35986533
v -21767.46025053 -72796.08484997 5259.66922613
v -21465.22689333 -73129.52515730 5754.85531822
v -21881.83663803 -72566.28239892 5689.59570447
v -21590.53002897 -72733.61875356 6315.23561219
v -21822.17083801 -72175.91040912 4443.38313454
v -21434.99901038 -72028.56892466 3963.80722517
v -22142.33154806 -72035.17496985 5113.49357053
v -21638.10154029 -72230.66825652 7012.79370191
v -22053.80095496 -71376.73727604 7421.96678241
v -21531.77342948 -71879.17560799 7679.15305271
v -22245.63848353 -71143.98458465 4339.11642893
v -21557.81616428 -71168.67965280 3650.86127680
v -22507.63613527 -70602.98752034 7497.49053646
v -21563.28510944 -71441.42268981 8087.09338611
v -22029.08205690 -70725.91717679 8101.98850219
v -21602.73199574 -70988.04814320 8439.93118690
v -22126.43493681 -70235.72509069 3688.72289562
v -21648.44084141 -69855.42491467 3193.77267661
v -21517.01162298 -70571.80375019 3346.49166205
v -22522.65166815 -69959.20840716 8021.82991658
v -21713.29649197 -70583.77648765 8587.77736631
v -22000.73677873 -70035.21673554 8577.42716675
v -21416.76241779 -70299.65270118 8968.16872509
v -22286.31982598 -69278.21595026 3444.29157165
v -21778.83868354 -68832.83546442 2986.83934379
v -22689.37446552 -69470.56110712 3918.68238482
v -22405.75230785 -69323.70205570 8537.83410526
v -21725.49909981 -69315.95828737 9121.63070027
v -21612.04791817 -67802.72495839 2647.73832005
v -21836.28651864 -68152.98466282 9401.54289651
v -21636.58263893 -66921.31960183 2539.86122734
v -21813.29064223 -66976.50072396 9608.29202339
v -22434.68842379 -66058.71932165 3101.76749688
v -21795.48055457 -66049.66638715 2695.96860222
v -21869.18356313 -65755.97757137 9592.89046823
v -22282.30628012 -65323.35976307 3124.58734907
v -21488.68448897 -64975.94568958 2762.76210923
v -22116.97419088 -64911.48778519 9383.27978963
v -22123.17455982 -64478.51409763 3245.04547165
v -21536.59912102 -64200.74273932 3024.56070282
v -21912.19348117 -64105.54937891 9283.69800482
v -21915.24470373 -63861.45491209 3347.78539432
v -21897.76842542 -63280.79939188 3657.17057756
v -21606.80065306 -63160.19768327 9090.58963661
v -22438.44804335 -62342.27837851 4581.45810088
v -21767.49106921 -62540.30277307 4094.19383716
v -21597.98900971 -62495.02682399 8783.75221190
v -21854.46335038 -62102.30961186 8398.57646151
v -21920.17629145 -61965.62910148 4670.32453228
v -21962.70101515 -61613.40410268 5168.84348261
v -21293.97368713 -61623.36197876 4943.16669659
v -22319.07065455 -61556.78357545 7564.88119524
v -22092.57183429 -61732.02531980 7942.44137687
v -21642.99779784 -61328.91769627 5697.47114409
v -21606.63951976 -61164.39617665 6343.78770858
v -21747.01389612 -61224.92392995 6889.57394580
v -21852.14058686 -61412.08476365 7507.30813672
v -20954.70591213 -73823.98817361 4717.58070189
v -20674.44944836 -73678.18494669 4234.57208229
v -20492.52747982 -74280.47541176 4528.92283808
v -20631.95379352 -74311.47001336 4966.41267660
v -20993.00288963 -73896.40906595 5144.25592883
v -20729.43474525 -74188.19397873 5417.42956118
v -20671.00680821 -72882.10862971 3847.82027641
v -21035.50223547 -73720.71895856 5648.06067796
v -20845.25710277 -73467.23765068 6564.59422902
v -21291.75478674 -72845.76676434 6796.14186514
v -20970.04159354 -72852.85690019 7250.63094630
v -20692.06786162 -71912.60749603 3499.44818975
v -20980.03363339 -72324.55714034 7839.70528760
v -21297.60494041 -71885.49184976 7991.80826997
v -21053.37704133 -71795.70830430 8305.30822238
v -21071.32142946 -71078.77739327 3313.26460682
v -20996.95613277 -70491.45446851 3088.06515589
v -20413.91487152 -71212.12296587 3151.20065731
v -21206.14838793 -71286.42402427 8580.83883080
v -21371.43761216 -70835.71494714 8749.48677907
v -20814.28870176 -70973.90535078 9063.01964586
v -20980.16055996 -69694.61712164 2850.36279217
v -20738.99274591 -70032.96880805 9589.04784887
v -20866.46250562 -68787.15075990 2540.97129897
v -21054.39444486 -68867.02443993 9792.58919624
v -20965.19729279 -67998.32634334 2333.33551386
v -20654.47141585 -67718.15162014 2153.33725402
v -20360.06500340 -68335.09573405 2221.17918648
v -21174.51682998 -67835.44404900 9948.24690570
v -21143.12646354 -67350.29099670 2300.01134707
v -20579.94132649 -67135.53995240 2087.26055044
v -21129.91815923 -67069.16507114 10054.83026252
v -21251.06173105 -66331.77824979 9967.42637944
v -20672.22140141 -66651.24533637 10336.05409513
v -21148.23704839 -66575.33366456 2297.40721611
v -20446.84993183 -66373.90161433 2076.05493906
v -21207.59747890 -65600.56723300 9923.14784942
v -20679.19338567 -65844.81529951 10226.44622303
v -21018.07019656 -65737.41416425 2353.58225635
v -20250.92851750 -65592.65842410 2137.21688954
v -20769.31828649 -65174.57742961 10058.56325955
v -21369.29850945 -64829.08475612 9701.37435243
v -20729.81979159 -65036.44687542 2417.27831679
v -20685.75029383 -64202.86107959 2747.12582767
v -21015.67225893 -63778.47974139 9547.64380088
v -21333.01790691 -63629.04283832 3205.99824582
v -21167.27783162 -62993.14054173 3544.22628732
v -20977.15982179 -63127.97150257 9310.99715692
v -20907.58905800 -62411.18604848 3935.20444515
v -21341.10833332 -62053.25387180 4371.28708307
v -20665.03047623 -61920.85235162 4420.85041523
v -21288.10421948 -62115.67962749 8588.67653298
v -20949.04815548 -62584.27845352 9001.89776955
v -20422.22196715 -61540.00012532 5011.19827065
v -20586.27522077 -61946.76593975 8495.46803674
v -21366.38270384 -61669.29566199 8058.53983932
v -20864.31868931 -61301.44251832 5534.29650531
v -21068.82750976 -61142.99915782 6167.31008459
v -21236.43335426 -61119.29170535 6703.07872157
v -21126.40542179 -61277.06682566 7341.99179120
v -20125.59050447 -74831.45912901 4743.96200717
v -19849.31595395 -74672.43810938 4213.01571196
v -19611.78942708 -75379.90517738 4514.20170874
v -19707.18832446 -75486.62103574 5053.94917320
v -20223.02432869 -74767.74101698 5447.06159420
v -19528.99298783 -75567.48444825 5937.54839836
v -20028.82044275 -74733.12456582 6194.31035281
v -19608.47012827 -75039.60806341 6568.58253584
v -19846.49000565 -73835.63501158 3833.11647660
v -20550.98423217 -74191.66474924 5966.07704943
v -19863.28784655 -74579.17703310 6717.82200218
v -20249.01096845 -74219.46260298 6542.72879885
v -19864.86052514 -74084.03643733 7239.96858676
v -19796.62780738 -72937.78973840 3535.37777844
v -20360.78889271 -73274.33848234 7498.79950957
v -20622.02431337 -72835.45234309 7702.52795952
v -20193.55512734 -72801.80994004 8149.91409653
v -19635.09806813 -72024.11997810 3242.28312127
v -20485.63963002 -72117.16062702 8502.96954813
v -20750.63072089 -71587.11887561 8721.20803475
v -20207.23392691 -71677.45251407 9056.68177677
v -20172.78308585 -70488.69003187 2865.23332361
v -19753.99175815 -71236.53836370 3020.03041819
v -19968.87922046 -71030.69232674 9657.45670651
v -20254.57030676 -69666.87717605 2619.03999816
v -19826.93672247 -70295.44103365 10217.21187444
v -20270.58316230 -69411.19421459 10246.80658442
v -19616.16882186 -69769.53880159 10690.52709226
v -19905.47650189 -69146.47333153 2363.96317671
v -20442.69228255 -68406.43434734 10411.63826629
v -19833.09098353 -69024.68368217 10799.91635351
v -20036.92061265 -67795.19195597 2034.41914634
v -19561.23797528 -68558.97269590 2113.13392466
v -20622.32055045 -67463.87616834 10387.08570364
v -19914.52804739 -68373.56505751 10900.29339010
v -20055.01360730 -67750.15513409 10822.66459308
v -19630.94266948 -67993.74979489 11192.74894202
v -19814.51608881 -67083.63959311 1938.84632565
v -20113.96075024 -66958.32388791 10742.85166571
v -19428.34260751 -67222.22686830 11284.21606158
v -19636.02821824 -66273.05584317 1933.06669143
v -19641.42345123 -66464.99506718 10979.33332148
v -20103.89027363 -66130.71466992 10607.49548657
v -19432.04782106 -65491.55650693 2028.47722313
v -20552.22385332 -64456.16415879 9962.14592957
v -19956.64816898 -65092.27081964 10408.43656174
v -20032.65783072 -64854.49247693 2298.68551349
v -19742.49658985 -64256.62254589 2502.44456981
v -20306.62674973 -63768.20528605 9815.95425551
v -19821.62257178 -64096.64930057 10120.84844033
v -20668.89465809 -63412.71467191 3141.37120525
v -19758.47706669 -63532.02998320 2930.24719127
v -19825.80569718 -63494.17208688 9858.17475087
v -20283.13203724 -63071.27946942 9465.80448969
v -20315.00190289 -62860.74702657 3462.12510053
v -20054.64777367 -62280.33170572 3954.28438912
v -19804.85603636 -61822.34506130 4550.90087362
v -20215.40846824 -62399.10910831 9012.98734145
v -19526.15038905 -61492.25739168 5326.09979437
v -20217.84013374 -61321.32303647 5531.48979526
v -19789.46242282 -61298.55686953 5915.00411193
v -20655.04676073 -61509.28494894 7890.91612256
v -19789.86468827 -61619.16008477 7984.17423316
v -20405.70969440 -61321.22509084 7452.81245147
v -19814.32571596 -62054.93389093 8701.76536298
v -20392.26842678 -61196.25289541 6055.72138636
v -20563.80962768 -61172.35497664 6779.73821328
v -18713.72203506 -77327.81718220 5386.60134759
v -18475.39823507 -77560.50082730 4937.08689377
v -18357.39660554 -77804.80441978 5301.22586088
v -18423.18086564 -77703.70077738 5616.08564720
v -18608.31920069 -77387.86059953 5825.38941674
v -18316.53652927 -77651.89491301 5964.97810649
v -18883.69830058 -76871.50984639 4901.16584443
v -18665.02159617 -76655.50343223 4379.75833716
v -18467.25040709 -77262.71453625 4573.00129155
v -19035.98855957 -76766.74146962 5400.04990949
v -18867.10098217 -76919.51471433 5835.07835913
v -18493.07518107 -77151.79014338 6317.94809489
v -19226.97860008 -76079.58177150 4659.80316363
v -18978.57325601 -75734.32800283 4156.61735661
v -19301.17918299 -76209.81917162 5250.21756144
v -19170.91383727 -76378.57532253 5744.28208950
v -18914.44373291 -76350.09048548 6376.95962297
v -18973.93673320 -74833.18798643 3825.55185698
v -19038.22742997 -75500.98015035 6977.21096439
v -19506.26672937 -74786.90040304 7018.46646802
v -19142.04995569 -74685.79028333 7574.72852842
v -18917.01996083 -73914.61633240 3570.44676398
v -19274.06776542 -74063.71697827 7948.35691038
v -18839.85343303 -72998.97428509 3351.48397861
v -19696.86037069 -73492.02485331 7999.31797422
v -19535.51948112 -73031.55214712 8564.03591471
v -18757.07577719 -72293.10310900 3175.88131502
v -19803.49178172 -72398.44291095 8842.22543633
v -19510.29808338 -71884.47973609 9474.08251551
v -19427.64214710 -70892.22199919 2857.51834766
v -19038.70524757 -71552.18536523 3011.74960661
v -19330.72502495 -71409.34419957 9954.47203559
v -19256.15336994 -70183.27405720 2590.28559729
v -18871.58408535 -70998.36081144 2812.15585208
v -19405.73215773 -70914.47666025 10218.96110276
v -18924.37167189 -70587.93798720 10913.29849684
v -19140.89273379 -69484.63039278 11294.19413095
v -18588.05945241 -70055.47871473 11601.81766616
v -19034.41300525 -69321.91945041 2248.25356910
v -19456.76314254 -68613.95697049 11275.09404297
v -18496.21142377 -69514.58398441 11954.37555703
v -18888.74973518 -68782.85224649 11780.62178561
v -18403.22031546 -68906.80046671 12217.22459630
v -19082.54431296 -67970.65484197 1940.50373401
v -18852.83076016 -68775.12044513 2059.08909292
v -19123.10276655 -67970.80740141 11641.10753887
v -18478.18139619 -68208.65233963 12180.60174482
v -18935.25113969 -67040.90085647 1847.79700239
v -18999.20419517 -67420.10682132 11687.38287931
v -18693.24380176 -67591.88749414 11948.75307097
v -18770.81289166 -66209.97811084 1870.92727920
v -19424.53117881 -65726.91687838 10891.34820381
v -18997.49782615 -66294.37824114 11307.63048747
v -18592.31350119 -66953.46051188 11786.54069270
v -18567.27336720 -65444.32354754 1997.50804085
v -19133.19821949 -65027.18953378 10785.50429408
v -18574.19773879 -65403.57912520 11171.01701053
v -19191.14082622 -64779.51088685 2217.40083841
v -18945.16146657 -64104.71363150 2512.45259097
v -18576.30272431 -64705.09693996 10878.50692215
v -19037.75840402 -64294.75451073 10490.05603782
v -18603.15839402 -63415.47522906 2912.55463550
v -19500.64032658 -63086.10847972 9698.17909416
v -19201.31522275 -63548.58973234 10058.26074334
v -19228.69102059 -62707.54674110 3488.31228197
v -19268.94850522 -62121.57338509 4099.87779835
v -18390.69765794 -62181.14911979 3968.81130238
v -18756.58944198 -62937.97368306 9735.09346256
v -19437.50192623 -62523.63714180 9236.07080879
v -18732.71730332 -61747.29743008 4735.16569560
v -18599.22611295 -61516.83519836 5549.53426887
v -19786.56378822 -61267.20006819 6565.79243066
v -18971.41108659 -61412.53418300 6257.58259798
v -19918.68656687 -61320.38001896 7212.33224547
v -19084.30085080 -61468.96083085 7284.84748007
v -18849.07796102 -61702.84513301 8068.72916036
v -19065.91692145 -61997.22892788 8645.01897123
v -18069.05251371 -78055.15901857 5014.99378050
v -17773.17013450 -78163.85767862 4732.37723489
v -17860.30726495 -78283.16289943 4927.32384329
v -17808.16688956 -78306.72056496 5077.67857722
v -18121.72029193 -77740.12577817 4619.67094499
v -18031.90300142 -77263.97643250 4254.67914070
v -17771.97990109 -77818.90832653 4407.31636932
v -17900.56375476 -78117.46747812 5602.26877030
v -17979.42886159 -77699.52091144 6420.85162275
v -18240.20816334 -76517.98754723 4050.58942690
v -18120.42846183 -77201.92832227 6855.68715296
v -18437.37822495 -76657.48348249 6897.29325204
v -18018.07023730 -76850.68860825 7340.39919556
v -18122.95703345 -75828.05011025 3817.30017412
v -18686.84756659 -76168.04015287 6943.41171622
v -18323.61653404 -76108.57200387 7516.63622750
v -18017.25586099 -74895.50550423 3593.58554635
v -18550.64066150 -75212.67083501 7896.99144002
v -18686.53393732 -74383.10734361 8375.54323972
v -18227.09898433 -74905.13372772 8560.57358525
v -17915.03873671 -73906.95297608 3402.88855834
v -19088.40477192 -73592.94661955 8553.02111691
v -18220.69271539 -74408.54447113 8946.82515265
v -18463.51529699 -73705.89597868 9190.40666309
v -18021.85255990 -74144.57500155 9427.42222587
v -17910.94895553 -72881.13203824 3202.05846992
v -19048.52134266 -72793.25771720 9245.41731581
v -18040.26112702 -73650.08848807 9784.74363332
v -18289.81743358 -72921.29413532 10014.18351650
v -17830.00393097 -73404.44143499 10260.28805548
v -18294.67848879 -72009.05777108 3041.21834035
v -18838.92941062 -71971.89899193 10062.01131353
v -17701.31985072 -72856.26056811 10811.93369213
v -18200.45891134 -72116.41009347 10691.68499585
v -17736.10797917 -72145.83532454 11226.47389399
v -18466.75745673 -71429.04861136 2897.34679018
v -18153.39049138 -70947.78593491 2693.08552406
v -17966.19286113 -71658.09269761 2895.70675930
v -19010.22794077 -71261.59154687 10363.01170445
v -18603.38760900 -71462.01769198 10669.32167229
v -18078.76516388 -71430.49625476 11286.01663579
v -18176.89000898 -69977.62458290 2353.11732572
v -18001.12785615 -70647.57889741 11844.69773750
v -18282.77271560 -70045.02711202 11933.88130942
v -17964.26430566 -69970.97933384 12248.46134095
v -18420.62491612 -69261.73308584 2137.99978871
v -18139.99050226 -68736.20882290 2001.86753964
v -17905.50748323 -69452.48715441 2147.38994001
v -17992.19230178 -69357.18517405 12445.05614379
v -17957.14750911 -68701.47551963 12565.92863480
v -17407.27633244 -69262.72799189 12832.51100871
v -18151.50361631 -67806.77112299 1867.67908116
v -17910.89450744 -68109.17766692 12574.07004743
v -17304.67373973 -68454.73382577 12909.74264204
v -18075.24532077 -66961.02325625 1824.65517328
v -17537.09089423 -67803.11188888 12707.65482829
v -18062.85158226 -67501.94370452 12312.12037561
v -17899.40875333 -66175.03905465 1888.22163195
v -17568.70794595 -66704.80787697 12179.32584034
v -18152.61731093 -66084.41873689 11639.77776948
v -17723.74830641 -65437.44586023 2032.87776171
v -17779.95354407 -65419.19001846 11469.98111445
v -18318.26426060 -64751.19676481 2215.43209502
v -17968.45063776 -64116.01344620 2519.06816507
v -18244.20968951 -64211.06045189 10733.13846057
v -17802.62724964 -64719.92213578 11120.78969872
v -17554.04997110 -63471.32863027 2886.17750036
v -17493.69039919 -63949.21676246 10778.67037412
v -18241.49489189 -63538.80514453 10299.74091984
v -18055.97312294 -62772.64616169 3352.46584714
v -17303.10490191 -62200.21956890 3821.22426384
v -17714.45431882 -62765.57518425 9771.24082622
v -18453.58771720 -62370.72210943 9206.24266341
v -17573.41909551 -61731.83099803 4548.64093110
v -17773.18646116 -61549.51081245 5374.09172460
v -17896.81699264 -61496.36808748 6226.44982096
v -18067.41972019 -61545.50999325 7120.14078411
v -18251.84427579 -61662.18282955 7831.03171751
v -18105.80198855 -61946.74583740 8565.32584646
v -17723.39144054 -78355.30575533 4914.56699479
v -17516.70206953 -77616.00336547 4177.27090304
v -17371.47750147 -78076.34575858 4418.17045414
v -17402.25768390 -78430.00711381 4944.02785581
v -17215.78075569 -78636.39240657 5585.33750417
v -17319.32478975 -78350.45702143 6463.69486461
v -17614.06479700 -77522.49333809 7250.24700513
v -17029.86355756 -78199.13738403 7491.31111982
v -17223.95648947 -77520.72236650 7961.53036555
v -16862.87775015 -77910.57311837 8253.31818113
v -17347.70909827 -76953.31459647 3889.87197623
v -17061.22871439 -77782.25312800 4089.90282848
v -17588.98798547 -76658.83861202 8151.63163520
v -17037.80687288 -77211.09893739 8632.15133305
v -17147.83882158 -75890.10540995 3613.28662004
v -17969.43637086 -75600.56395710 8408.93713430
v -17173.57761576 -76537.75133883 8951.78345559
v -17401.05989040 -75789.43184667 9141.26521074
v -17036.14804493 -76189.22239355 9464.97694224
v -16989.62812174 -74897.20029406 3448.62820379
v -17805.52724614 -74849.62162559 9212.11758504
v -17054.50162236 -75694.68499660 9796.59829236
v -17240.20214590 -74970.13928989 10006.32956677
v -16874.68030285 -75434.04603098 10290.03225516
v -16751.35727255 -73793.72599339 3267.18790625
v -17651.67687148 -74094.89210188 10007.44120285
v -16755.99547126 -74846.86275196 10858.48491621
v -17173.50662690 -74140.95322106 10679.84535494
v -16800.41402038 -74072.88801197 11246.80162743
v -17149.12551258 -72885.95767087 3117.83158351
v -16867.19990697 -72415.62526266 2975.39830141
v -16568.89433671 -73052.26634440 3106.19477146
v -17492.45597176 -73561.11887268 10616.87684677
v -17115.62061891 -73388.54736562 11226.48962475
v -17590.86792561 -72253.92630990 3012.06407205
v -17318.43773504 -71654.96371237 2812.41291937
v -17274.20247573 -72574.20318377 11503.38876260
v -17445.32658775 -71844.25063222 11724.38010056
v -16866.95636789 -72325.77984010 12066.05139845
v -17023.81770008 -70720.85452356 2510.08637254
v -17653.03414673 -71311.04554715 11811.59250798
v -17095.06189671 -71378.85920298 12296.47793551
v -17461.33807375 -69893.82506729 2256.19123787
v -17356.22854613 -69320.02552557 2107.64260261
v -16877.34390097 -69914.87382072 2264.44708986
v -17361.54878266 -70462.13721282 12499.39038986
v -17527.65614355 -69824.19115594 12639.25599126
v -16806.82505162 -70102.92338394 12993.96935731
v -17228.99806629 -68483.98768155 1975.78210091
v -16674.43404358 -69211.69278904 13207.28521644
v -17454.24361691 -67611.64077238 1866.28546602
v -16559.06183654 -68488.88198780 13237.53061669
v -17243.62562309 -66945.95577013 1884.59013974
v -17384.37851418 -67331.83107721 12593.20761211
v -16829.33730090 -67772.66496203 12966.03006385
v -17014.53371732 -66145.48746010 1984.21450817
v -16585.81409852 -66335.89584384 12300.88822440
v -17255.70485969 -65863.75218628 11846.97473624
v -16759.28554332 -67031.40132817 12659.66020563
v -17078.19054444 -65430.11178367 2102.24244027
v -17025.57491175 -65131.81520613 11528.69071960
v -17454.94598064 -64830.90912524 2246.00585515
v -16860.93539982 -64333.99531288 2547.60145637
v -16817.98734702 -64399.36479167 11192.46587711
v -16618.58760784 -63527.63503995 2926.28342265
v -16598.07922295 -63715.44598363 10839.65889288
v -17198.58677608 -63291.89037605 10384.22558462
v -17094.89814206 -62877.38235467 3257.09452163
v -16452.94464036 -62504.48020102 3555.67880508
v -17685.83156549 -62270.16865588 9178.25931012
v -16890.10071945 -62373.34870790 9447.05710695
v -17311.15622358 -62058.40644497 8848.34955124
v -16795.45970412 -62815.14089801 10034.15992139
v -16928.38275073 -61727.41935435 4280.40420511
v -16378.69988876 -61912.00938758 4040.87283701
v -16851.59759615 -61521.31045537 4663.45987410
v -16809.58944832 -61464.79522768 5241.53156726
v -16894.78150168 -61494.87382052 6126.93432775
v -17012.42739371 -61584.41145729 7073.24236309
v -17198.53062599 -61792.86521850 8125.22920610
v -16351.65634675 -61534.68438862 4499.48536351
v -16077.10369311 -79647.42299865 4511.70333158
v -15694.84510578 -79484.96197627 3842.04298140
v -15677.10898729 -80144.47420319 4050.72811015
v -15873.72242663 -80360.29788003 4697.79947423
v -16289.27330484 -79726.78395359 5319.42704404
v -15995.20434903 -80426.73343510 5575.23831825
v -16336.19372488 -79713.80798141 6236.66731388
v -16012.48569041 -80356.90833929 6509.72045984
v -16267.63143429 -79618.41137134 7143.49036400
v -15991.29497698 -80170.39166403 7279.38910903
v -16191.29551847 -79047.42711484 4251.63928782
v -15790.91327788 -78583.70841497 3710.86817221
v -16665.31292556 -79022.66348229 4971.37235115
v -16755.54257262 -79093.47113084 5919.97981333
v -16695.31804792 -78978.14170706 6897.68377222
v -16114.82594635 -79646.84961753 7803.90360492
v -16464.25703577 -78782.98788427 8058.29849686
v -16015.99322131 -79422.12627292 8540.33424144
v -16155.08822283 -78641.29785314 9153.61494169
v -15867.88665425 -79221.28550764 9272.92537670
v -16696.73619742 -78405.83223415 4296.04661988
v -16405.21211241 -77711.96073422 3802.83961682
v -16560.69577681 -77757.48883288 9087.96742635
v -15876.66690177 -78727.12544757 9811.80671122
v -16088.93641929 -77920.54134642 10066.93131701
v -15588.20539134 -78553.26485842 10637.81862122
v -15814.62995258 -77717.63433483 10872.81503633
v -15522.87350510 -77871.52879481 11339.17844135
v -16288.94287233 -76793.63893724 3576.44441689
v -16832.76391913 -76803.52000468 9372.66834637
v -16448.02634664 -76983.78213664 10026.05701959
v -16069.71462100 -77063.05092309 10780.53830248
v -15692.16230813 -77180.67192358 11453.30740918
v -16156.40169742 -75853.31001111 3458.32945885
v -16740.87942433 -76126.90541998 10059.14842971
v -16342.68264481 -76242.99720814 10740.12941117
v -15928.40866684 -76343.34656012 11444.00534436
v -15946.93069264 -74961.46049084 3365.33235765
v -16590.41476508 -75595.42861169 10678.83324067
v -16231.37563253 -75389.19781462 11381.57454807
v -15662.75510370 -74274.60616440 3283.74483681
v -16397.56810241 -74420.76214084 11601.48833078
v -16583.60571745 -73639.21710326 11743.07622451
v -16147.77271885 -73940.31254473 12117.45562506
v -16222.83957660 -72699.51692345 3001.06110097
v -15786.35974657 -73425.53638374 3149.00785313
v -16814.97695895 -72990.15286511 11797.77443752
v -16283.49728186 -73093.61830628 12306.45295240
v -16299.51025073 -71898.90609934 2803.89158281
v -15531.70439127 -72659.64602794 2972.38591964
v -16354.46356548 -72156.35723026 12604.96985933
v -15924.10343848 -71159.17529765 2607.52068861
v -16398.46688058 -71481.71433925 12820.71052998
v -16727.62639183 -70894.22239385 12796.17247316
v -15989.97931463 -71086.67762579 13242.82623477
v -16573.00699962 -69323.44786273 2156.78245711
v -16012.27933943 -70221.86285179 2392.48247662
v -15872.94607287 -70037.57291430 13526.86665185
v -16377.60518100 -68658.67791165 2076.11256638
v -15646.91282102 -69228.46254649 2258.84584733
v -15941.10889205 -69014.99194584 13537.21841132
v -16621.10804608 -67817.19262181 1977.95311061
v -15881.71040411 -68362.42884929 2127.55840881
v -15891.61866630 -68104.82842552 13394.51242521
v -16458.35314213 -66968.83221985 1999.52214573
v -16147.02169449 -67394.20523454 13038.64895952
v -16294.45270213 -66397.98232224 2072.92981357
v -16457.24292654 -65753.29450637 2150.75644081
v -15738.84100833 -66275.85918659 2228.97873677
v -15620.55864610 -66086.77538418 12389.78094050
v -16323.09278862 -65601.00328033 11937.48207521
v -15893.84974606 -66790.06345078 12770.08875549
v -16751.05406333 -65099.43656796 2263.07967275
v -15894.16891415 -65278.54234407 2412.31123672
v -16110.03974029 -64869.77397931 11587.06593677
v -15704.54562819 -64232.64119635 2783.87353048
v -15833.73729496 -64120.86445327 11246.42281720
v -15955.02922320 -63433.80825177 3057.06065579
v -16406.60200933 -63020.93750813 3201.84058498
v -15766.77246593 -62944.76575701 3364.05737746
v -15892.07085163 -63520.60657252 10869.78643918
v -16326.64296705 -63160.12304379 10478.61124823
v -15566.97438260 -62332.52900504 3846.93534197
v -16730.59503904 -62053.86752701 8899.98325602
v -16192.61017744 -62217.97908014 9314.09759055
v -15860.03898709 -62639.79688912 10018.96383264
v -15736.10961440 -61829.10124461 4214.40819609
v -16061.80740393 -61646.65095359 4304.88653529
v -16438.71558470 -61403.17943176 4896.22145728
v -15653.04942122 -61567.44810163 4591.75991856
v -16127.78159900 -61373.53584682 5270.64288322
v -15860.64191947 -61452.99878770 5976.63426120
v -15949.84422690 -61569.92546227 6975.67229583
v -16061.20675513 -61733.19792215 7925.40971581
v -16116.58900853 -61959.61247878 8744.05946906
v -15937.78852445 -61391.93813999 4924.47205301
v -14853.24254942 -85167.09613424 4481.09252027
v -14627.61049753 -85446.05566423 3887.19968840
v -14630.43352292 -85663.59736938 4281.98866882
v -14650.71752585 -85660.87886255 4633.71349275
v -14890.00176364 -84643.34132333 3903.27380117
v -14599.18529075 -84565.32213189 3059.53279934
v -14640.17495743 -85112.50542940 3461.94617325
v -15063.46023595 -84448.38970485 4640.50596172
v -14811.86893692 -85322.48125678 5004.97454708
v -15001.70852550 -84685.20119769 5268.16041840
v -14822.07443738 -85175.45617517 5493.47151720
v -14985.68778726 -83712.60247960 3629.18432520
v -14698.34680843 -83488.48538891 2854.26667064
v -15166.45144198 -83765.14723822 4449.71687146
v -15201.30519812 -83807.16864468 5287.81624608
v -14908.31798630 -84744.75530746 5934.96046662
v -15078.55136243 -83939.28951557 6230.77994068
v -14785.62145673 -84587.19630760 6691.72735559
v -14906.40157759 -83771.92115647 7291.32830268
v -14485.81397860 -84483.44673014 7752.46035916
v -14737.19388039 -83651.74531677 8010.28198393
v -14491.32379400 -83820.77227194 8438.62743351
v -15058.85140693 -82749.81921765 3458.99366067
v -14727.97908725 -82508.84423805 2736.81499645
v -15273.21726671 -82877.99617249 4281.46084622
v -15362.37757113 -82924.60525585 5176.44279913
v -15323.12755477 -82946.36711435 6132.99472091
v -15175.26037286 -82940.41292661 7125.43749406
v -14952.81280005 -82982.80647922 7976.81347047
v -14658.72473602 -83159.87749280 8603.43893359
v -15091.90490292 -81822.43909578 3320.83566303
v -14700.31472932 -81586.94790496 2669.49299623
v -15368.81442328 -81952.77238883 4122.96043395
v -15513.00362093 -82031.16382478 5030.73930255
v -15533.45195618 -82016.91327308 6019.15731344
v -15427.93168131 -81985.97949931 7055.16606237
v -15187.84759083 -81980.96742008 8125.58124363
v -14855.96179768 -82361.29183734 8747.06812025
v -15048.81553510 -81062.93158229 3168.11460678
v -14644.31552045 -80679.00633530 2686.56633413
v -15443.70716749 -80970.72997693 3921.51715118
v -15673.25034608 -81164.31625912 4853.09047104
v -15750.98831857 -81172.72449366 5822.07806508
v -15729.45138351 -80993.58055575 6950.76791111
v -15517.61380068 -81018.31472908 8008.65608376
v -15004.65610935 -81645.15220845 8975.17094550
v -15239.40200031 -80930.03996727 9029.11896511
v -14945.52333564 -81188.29986445 9502.51262829
v -15190.94839164 -80188.18425960 3359.85413307
v -14487.65373141 -79682.44695050 2723.65067261
v -15835.83876495 -80212.02993780 7931.24155041
v -15631.49385876 -80016.79244260 8937.13871857
v -15031.72970483 -80665.76189423 9787.98472435
v -15282.88679628 -80033.46099414 9849.72766044
v -14965.53494104 -80268.52587970 10304.58124711
v -15146.88250805 -79213.33074090 3280.51365562
v -14539.49561912 -78796.55462421 2922.14049904
v -15611.26369681 -79311.33568391 9838.11019664
v -15091.30287701 -79752.45727538 10548.38990532
v -15349.33075630 -79354.70672205 10404.20606905
v -15112.07602853 -79167.97570081 11042.07069191
v -15087.89379799 -78487.90577535 3255.60705935
v -15302.95444961 -77625.87548153 3377.15790003
v -15183.76488152 -78385.15084465 11562.77883090
v -15218.16484382 -77518.34969701 12067.72903661
v -14864.92967631 -78194.59731464 12236.48208921
v -15457.95110008 -76613.20604054 3394.74762775
v -15466.41569955 -76561.65050011 12112.09331711
v -14652.51701414 -77627.32979294 12872.18155165
v -14987.82403956 -76785.71834035 12751.42436812
v -14587.69973635 -76898.81916877 13279.92612124
v -15173.36791930 -75870.62596591 3346.67134139
v -15686.57057376 -75635.67678790 12104.50445623
v -15177.40977554 -75888.46310269 12743.72818362
v -14704.09600815 -76185.10230311 13305.94707161
v -14952.39455893 -75014.96796361 3316.36188863
v -15905.01189222 -74697.46738786 12123.12302260
v -15370.23459499 -74942.06501780 12719.50767381
v -14776.98619823 -75206.42687371 13361.31206855
v -14832.00228362 -74141.54022433 3244.37832876
v -15628.25750406 -73889.09855332 12698.58876327
v -15051.95300158 -74351.17906526 13190.83367276
v -14835.61962669 -73306.65652922 3113.75613330
v -15691.34635512 -72781.81051745 12955.00915796
v -15033.75913073 -73461.26897133 13368.42948824
v -15182.14477089 -71905.40482920 2799.86131262
v -14800.33084336 -72662.55636805 2978.61742084
v -15884.48195365 -71934.46802821 13061.18747301
v -15064.98503120 -72199.59264316 13615.16849360
v -15123.94463616 -70977.60784776 2598.86525060
v -15207.46818435 -70991.10689689 13770.40722220
v -14979.51277009 -70119.53965900 2464.33118452
v -15146.27348305 -70305.82924811 13911.30217683
v -15257.39326061 -69582.96279260 13880.75521132
v -14634.36759788 -70123.01450345 14207.91164324
v -14760.41910101 -69389.72810904 2404.78125375
v -15241.85778530 -68745.83617693 13810.06707339
v -14587.79211143 -69283.06496934 14183.53678432
v -15802.96468976 -67620.03359190 2118.61208861
v -15029.93659916 -68439.78991344 2297.88465715
v -15091.17715169 -68078.57576741 13685.73895670
v -14521.96922189 -68473.69630724 14040.16781168
v -15857.43688808 -66892.58346106 2124.12589895
v -15056.66519510 -67222.57740221 2295.35948591
v -14427.85075560 -67756.67752632 13777.30857625
v -15239.30455553 -67377.71695245 13297.50852156
v -14914.10654245 -66184.30211091 2430.87406003
v -14668.21227992 -65860.04415188 12477.09755376
v -15297.12906090 -65317.32868619 11999.08525441
v -14910.43768171 -66565.37502929 12888.06744241
v -14808.25849775 -65226.47361572 2640.99272286
v -15350.11094195 -64650.56060425 11629.25405359
v -14528.41205959 -64420.42586780 2935.67310294
v -14985.36956612 -64189.54623039 11473.69581845
v -15159.45904358 -63604.09986117 3146.44168891
v -14897.09373667 -62987.85508039 3550.81690927
v -15616.04860427 -63144.35614216 10629.69374020
v -15089.64544408 -63567.04029190 11079.41950712
v -14668.39930453 -62485.84167785 3973.65145223
v -14765.26328026 -62475.70702423 10097.57616934
v -15418.59919930 -62196.03780160 9421.23409667
v -14932.44383554 -62950.73859830 10619.00968425
v -14873.81040893 -61980.63561893 4446.82741713
v -15029.97518423 -61593.96517088 4930.31859134
v -14770.37218414 -61532.89148883 6002.90372811
v -15525.24573514 -61396.54310997 5403.61349917
v -14897.77276800 -61578.72865249 6902.29079836
v -14960.62779790 -61714.88556897 7880.19442122
v -15159.71312695 -61913.41318142 8746.52134427
v -15434.91634105 -61430.18938183 5014.61362079
v -14221.02891324 -86190.66140250 4258.95596467
v -13908.64901974 -86415.03475246 3283.28615926
v -13561.43512984 -87028.81646983 3697.43895414
v -13461.80978443 -87252.79996446 4823.46438000
v -13986.68592906 -86521.81718690 5501.27168453
v -13342.85700778 -87293.52493491 6054.36827843
v -13828.45139606 -86564.36243259 6459.52241961
v -13459.96260624 -86972.20446911 6783.83269005
v -14278.23957414 -85620.57905326 3149.41776810
v -13936.38771331 -85710.25522750 2391.38029744
v -13845.61136399 -86192.20124648 2678.06365593
v -14531.33671127 -85748.99127396 5291.36746533
v -14282.29295159 -85908.21916704 6219.25153861
v -13637.46293695 -86582.39973543 7111.33013772
v -13991.43246508 -85977.57696097 7140.70987175
v -13434.91120807 -86365.62313783 7806.07552215
v -13843.32914500 -85722.97108141 7860.26287650
v -13515.89815480 -85771.00808323 8331.00216414
v -14150.63205867 -85027.99334790 2395.25847408
v -13835.00173878 -84628.15525599 1747.53608226
v -13767.60958420 -85378.17918774 1909.93491497
v -14666.52933570 -85254.98414576 6077.16919877
v -14438.07188911 -85267.17847316 6912.24236333
v -14172.35808275 -85322.19850413 7610.19338527
v -13895.84110649 -85099.14394256 8351.39019360
v -14279.53110861 -84111.38912875 2280.09779327
v -13864.52748628 -83701.15463493 1641.88264991
v -14144.65535250 -84267.73045719 8688.24875012
v -14244.32784457 -83493.31856967 9124.42901712
v -13896.51501677 -84020.73858173 9270.55477067
v -14314.54679675 -83132.34380167 2173.55674400
v -13814.60672245 -82728.48425654 1586.93499947
v -14468.13486204 -82610.04296202 9346.49308583
v -13837.29676400 -83589.88484917 9636.51492878
v -13988.55774617 -82929.49436562 9862.31502336
v -13452.98887265 -83391.31995411 10172.96645145
v -14280.05803147 -82163.11384230 2125.63945712
v -13710.27171817 -81752.62495881 1615.25668498
v -14709.71056838 -81777.68188606 9504.88748177
v -14190.68127021 -81925.53132756 10272.84928667
v -13578.98903486 -82557.80358337 10628.05333544
v -14178.06493739 -81208.40352601 2137.54846201
v -13452.94998967 -80745.97267309 1673.37531049
v -14680.24035026 -80951.93802155 10232.84539435
v -13635.48538446 -81781.60212721 11174.44296979
v -14128.84998959 -80901.01129839 11208.52802765
v -13640.76185305 -81146.89790567 11728.04334941
v -14042.37569853 -80298.85615570 2212.23078772
v -13418.48733121 -79871.62640995 1932.46295281
v -14695.97924927 -79990.75034128 11054.63676012
v -13802.56017172 -80626.96018252 11965.05119903
v -14123.21107540 -79940.09541943 12051.85177433
v -13668.53720581 -80303.10795360 12453.70166107
v -13864.64391385 -79619.73409424 2276.72480318
v -13811.33083183 -78966.01516707 2495.44111965
v -14675.45105320 -79017.25350197 11922.69664665
v -13620.90087368 -79733.50517557 12976.45107894
v -14132.50327442 -79051.84357264 12739.85017905
v -13712.07116799 -78981.87548572 13388.71703268
v -14656.99413131 -78173.87765515 3075.52795426
v -14008.07987192 -78238.54448050 2815.41451591
v -14495.17433079 -78423.30868870 12647.21388926
v -14059.70880216 -78225.38637406 13360.44006909
v -14384.93939440 -77691.04737369 3069.37227884
v -14456.21204177 -76848.15913560 3207.31687818
v -14211.86199811 -77311.95514102 13599.81803505
v -14280.87673382 -76548.11167709 13749.43087592
v -13892.54140816 -76908.20559898 14093.85754056
v -14143.92404997 -75857.72633225 3258.33452773
v -14316.42239607 -75756.43566897 13823.24557660
v -13865.59858367 -76192.37564311 14243.82608783
v -13956.16535437 -74929.73987351 3280.39141647
v -14301.32750661 -75051.00580238 13889.98170883
v -13900.40489682 -75353.69990396 14270.01078108
v -13734.57521018 -73856.92259099 3224.64923330
v -14013.29961701 -74679.99738571 14178.73277153
v -14485.81507591 -74287.96434776 13753.59612211
v -14245.96742688 -73045.11749466 3076.97297858
v -14161.38684038 -72336.92154535 2948.35554870
v -13642.86983196 -73006.05140673 3114.93261848
v -14363.40219199 -73303.44941866 13965.22962242
v -14432.40948004 -71543.03945960 2765.53447661
v -13985.50989210 -72535.49778490 14368.49791472
v -14464.10730174 -71528.81091459 14167.90782962
v -13792.49851780 -71768.16808865 14619.34142494
v -14270.37078873 -70823.96321645 2654.58274051
v -14706.08693795 -70772.34915337 14119.88956215
v -14047.92186855 -70867.43947760 14526.64049820
v -14146.84395138 -70000.71582367 2561.25243155
v -13963.27542105 -69883.08313436 14570.22958063
v -14077.54117384 -69119.66030640 2500.78764341
v -13756.61303963 -68895.16701496 14494.03175506
v -14086.32832202 -68103.98031856 2466.23969686
v -13858.85124636 -68131.87811260 14174.89742641
v -14048.35685841 -67069.67191015 2499.71432355
v -13547.00697554 -67502.18944701 13948.41664788
v -14165.56611156 -67024.42297606 13423.74895958
v -13958.07450807 -66112.80179199 2615.36069153
v -14470.15757563 -65317.68863134 12186.99882674
v -13892.55599102 -65523.44088571 12488.86657969
v -13810.89895444 -66204.59993132 12973.46027845
v -13815.28454315 -65253.28890026 2807.56270789
v -13971.49034126 -65028.04792384 12176.42899685
v -14547.38285259 -64711.83530972 11853.19121495
v -13624.51633647 -64571.06773259 3047.07421004
v -14142.60201566 -63890.04644937 11535.46986461
v -13989.25257640 -63777.30572350 3345.93437581
v -14111.14725313 -62972.88245742 3792.96061789
v -14270.34506684 -63253.29642563 11080.04347513
v -14102.86143107 -62553.75486822 4118.84928631
v -14349.31679243 -62303.88867720 4256.25756719
v -13689.79632778 -62344.82237098 4600.18532623
v -13920.84991105 -62338.03700097 10183.64715589
v -14480.71693654 -62125.59070765 9535.69271639
v -14047.22394638 -62763.01427320 10695.70731690
v -14986.31164799 -61494.89632363 5329.30099913
v -14154.86899923 -61773.89977414 5392.43976781
v -13859.61697860 -61665.65694855 6298.71239795
v -14097.45191603 -61622.86988425 6811.46358185
v -13740.57333270 -61726.90096634 7789.43891507
v -13968.91396482 -61898.78400886 8913.36566666
v -12799.88076739 -87383.41522261 1772.54739603
v -12609.05692315 -87229.31428569 1244.12997966
v -12318.07723375 -87727.80985793 1457.03215742
v -12495.38991334 -87879.77439505 2160.71735164
v -12982.56001746 -87454.89693905 2418.98553228
v -12677.85278072 -87889.11278921 2782.86480974
v -12985.40439233 -87815.27335174 5491.17592181
v -12835.66379663 -87975.05571240 4844.92646584
v -12655.93314224 -88149.63953198 5354.27742317
v -12451.56695161 -88201.38066174 5939.26960033
v -12920.67235280 -87813.21379139 5992.57715029
v -12737.82323798 -87801.33181538 6509.10462918
v -12995.08884788 -86806.60842738 1490.05277334
v -12644.00611522 -86692.97080406 912.73836984
v -13178.23683581 -86972.67036743 2044.61448125
v -13081.07335727 -87534.84324585 3166.55137270
v -13465.43904203 -86859.80172393 2727.80548381
v -13030.64328894 -87717.11724195 4027.61414780
v -13019.90933213 -87368.35326504 6946.56816398
v -13250.90255310 -86930.75833358 7366.53660690
v -12643.56646266 -87287.28261387 7717.78420791
v -13075.75809984 -86858.77750219 7786.66414704
v -12838.09459191 -86746.68471562 8184.86816759
v -13048.14975526 -86181.01770945 1202.07812999
v -12676.50895250 -85874.94669588 607.54489638
v -13473.00479500 -86192.48386136 1933.58753789
v -13014.00502246 -86165.79050402 8553.64520409
v -13201.19753974 -85406.97860319 8981.95788785
v -12413.92015120 -86003.07632366 9170.94433391
v -13277.47405882 -85237.13956031 1198.45396360
v -12764.05551761 -85074.72296459 525.26167620
v -13639.89026850 -84617.34252206 9125.57231139
v -12648.60300241 -85324.13977626 9533.25078727
v -13042.39463370 -84744.60893407 9634.27207529
v -12430.86493465 -84896.51045427 9967.67304574
v -12909.97219950 -84259.77028179 645.29668706
v -12198.87916736 -83888.00560281 85.22253762
v -12443.56074251 -84662.15312703 191.99373975
v -13465.88406000 -84232.99556405 1221.84117535
v -13455.99593306 -84081.04032019 9714.01614748
v -12682.44173525 -84066.61001635 10360.49284950
v -12686.14601964 -83431.36144172 485.74977157
v -13263.09457932 -83319.14557337 1014.33172950
v -12609.55838702 -82618.34719750 600.83093503
v -13011.67327176 -83106.83996853 10811.55148908
v -13227.47975230 -82271.35909308 1116.74838616
v -12667.42196816 -81836.42614432 834.69880966
v -13203.90525730 -82545.46177981 11069.53951720
v -13414.83293318 -82252.97716155 11070.19473699
v -13162.34930878 -82155.16158408 11442.61784316
v -13071.61561619 -81399.29910921 1208.39709342
v -12340.67425640 -81121.20572872 901.46387070
v -13186.77761063 -81580.87499333 11926.48472861
v -13334.06823640 -80877.80554307 12396.06277521
v -12544.15847200 -81421.57333053 12818.41768489
v -12970.23041693 -80722.01133715 13021.65253343
v -12524.75447790 -80779.82806612 13491.10368424
v -12806.82147025 -80731.74255120 1264.53470530
v -12688.47498901 -80021.24085076 1526.96864529
v -13338.76917261 -80357.54766581 12874.91116463
v -12967.65211852 -80146.20473039 13517.27693183
v -13439.02619752 -79316.36417142 2144.51383957
v -12860.15953329 -79305.76908981 1915.79253976
v -13251.47525489 -79352.07006354 13753.75830785
v -13406.81513878 -78533.49449829 14033.84547765
v -12987.93979595 -79042.88346104 14286.96570651
v -13158.28298418 -78887.99898576 2218.90610523
v -13121.41159395 -78269.32829551 2501.85825511
v -13684.16859057 -77622.35716930 14089.00759407
v -12937.73155300 -78581.48886317 14574.51296499
v -13099.18139457 -77882.85267813 14640.81265300
v -12553.14916123 -78337.03856885 15060.86591061
v -13583.93327974 -77537.96882759 2888.59570738
v -13281.25343392 -76667.25370152 3059.85773101
v -13333.68725169 -76835.13511606 14654.25543440
v -12581.63342324 -77346.97583693 15293.66049757
v -13114.24043561 -75749.63329749 3215.81066908
v -13387.11358853 -75739.37556963 14731.05388509
v -12722.00172364 -76128.47126845 15320.65918480
v -12953.32984920 -74901.55125868 3288.76374417
v -13485.73355494 -74729.65961562 14657.53767285
v -12969.59362237 -75211.94688251 15129.47197896
v -12644.26801105 -74228.67005519 3317.65840963
v -13909.43516340 -74023.77073182 14284.50566495
v -13390.23041785 -73844.79139996 14735.57554002
v -12859.44732916 -74313.21651669 15216.99046672
v -13346.34136277 -72501.50763262 3064.24701829
v -12681.96949666 -73226.66991864 3264.85851903
v -13787.49857989 -73361.22197163 14420.51412609
v -13371.01751810 -73141.85677605 14783.27201369
v -13017.39825219 -73558.41618372 15064.18375493
v -13465.87802731 -71583.59172805 2902.06393144
v -12768.38156152 -72275.95117136 3131.94701903
v -13144.23760321 -72452.83416006 15051.10749570
v -13333.44840872 -71414.07807432 14997.96308480
v -12795.15880061 -71788.66587512 15385.12814168
v -13568.60510667 -70620.83421448 2733.87812374
v -13373.26752152 -70502.62134649 14983.43585757
v -12804.29729806 -71037.84908725 15397.53984944
v -13343.18675737 -69855.19359011 2697.25224305
v -13240.45361583 -69590.70663771 14959.11616263
v -12723.92567057 -70169.33010943 15385.83580016
v -13218.34260119 -68876.81720858 2656.24548025
v -13014.22756752 -68862.29237910 14883.54366729
v -12432.98498021 -69240.05518000 15344.10265587
v -13193.73023109 -67871.31530289 2631.45027310
v -12578.32754083 -68566.64827907 15000.63359523
v -12910.12212630 -68072.26099840 14539.58877150
v -13157.35210710 -66939.53538076 2665.95909660
v -12836.27894443 -67329.10402482 14096.74987345
v -12969.57218615 -66726.72807454 13625.33865816
v -13037.51445262 -66066.07943534 2789.63404467
v -12902.42845346 -66030.04542506 13162.98984475
v -13142.26359749 -65570.45708501 12787.19263025
v -12927.10987226 -65222.75234414 2986.45564807
v -13672.12968426 -64468.39590674 11998.86588980
v -13314.87107802 -64986.34838436 12391.71965309
v -13073.13955514 -64602.61769881 3153.88044787
v -13382.07665039 -64268.71748558 3224.80487256
v -12820.47800254 -64202.81138261 3459.65953356
v -13312.04883088 -63880.69789214 11811.02253489
v -12803.06334756 -64254.59094864 12204.26690923
v -13626.51221582 -62816.41905906 4105.41611875
v -13302.61003752 -63376.16169829 3814.81533145
v -12868.70684642 -62967.00186163 4322.08310839
v -12802.93610681 -63647.29394596 11867.27681444
v -13195.25382137 -63193.69548489 11368.66645495
v -12510.66454131 -62551.93362195 4923.02033923
v -12934.08213541 -61785.11920074 8141.68237024
v -12658.66338218 -61793.22503293 7989.16383184
v -13027.23836679 -61760.55338770 7734.61935689
v -12413.75307598 -61812.49140264 8365.16481759
v -13716.35045431 -62094.12436688 9746.07774020
v -13321.16572263 -62221.18560141 10198.41205917
v -13279.35490988 -62529.46369350 10679.45575145
v -12926.14429673 -62094.11910689 5455.91660782
v -13053.12617537 -61819.57266609 6265.13790056
v -13218.38697981 -61727.34131218 7102.95078602
v -12816.62241310 -61849.29198025 8806.83228750
v -12949.60837541 -62040.34137008 9778.48756621
v -12201.28633380 -88458.68733759 5173.70204738
v -11950.68534211 -88617.64383850 4464.55452688
v -11383.69771827 -88867.36864847 4985.38001605
v -11583.04903145 -88741.74588898 5760.50853268
v -12034.90653001 -88532.92137778 5799.78150759
v -11781.29331320 -88538.22457417 6302.64077770
v -12099.60566932 -87352.79651154 754.75222442
v -11779.58483486 -88024.13325187 1136.70037109
v -11897.39173184 -88254.60661086 1878.47790182
v -12092.69849515 -88338.09783676 2827.52422482
v -12590.98307915 -88071.89114615 3454.24669260
v -12035.99368145 -88513.19385702 3758.33181486
v -12468.54387320 -88257.62357705 4273.72594730
v -12015.70777789 -88168.99603679 6882.80584620
v -12463.37617390 -87742.80049620 7219.63593105
v -11968.12963930 -87920.31389782 7511.98655076
v -12247.20511743 -87684.79111591 7643.78956760
v -11849.08202902 -87636.47502874 8017.31516322
v -12221.46951709 -86557.40453104 362.34505568
v -12203.60236121 -87074.06452267 8400.57905024
v -12486.26755223 -86566.20213153 8686.62051214
v -11846.86865211 -86712.15571517 8958.17507368
v -12211.84208505 -85968.56659343 123.03844962
v -11810.73565671 -85707.91601856 -250.27097278
v -11856.37229190 -86337.20974289 -81.34190052
v -11520.49654722 -86214.87570166 9488.87743573
v -12325.00791747 -85342.67482835 125.23389364
v -11820.61072838 -84789.28945418 -265.60785591
v -11996.26828761 -85498.79199734 9786.58291615
v -11626.28172006 -84805.00885031 10436.00882286
v -11414.79382158 -83956.37962100 -390.51865711
v -11943.96857494 -84062.97608647 10863.89435862
v -12254.88139579 -83402.75650228 11217.01923995
v -11630.16339052 -83793.66995482 11281.32309659
v -12254.18502918 -83113.50376114 235.49722044
v -11587.78426847 -83105.23785147 -81.04751163
v -12747.58050813 -82677.23523994 11426.70226105
v -11518.00206262 -83356.85556538 11770.73831424
v -12049.74889247 -82732.80270813 12009.23579300
v -11279.93484772 -82924.55967312 12393.88037174
v -12004.27536153 -82593.12170653 239.31852505
v -11913.26188130 -81835.28706750 476.70409014
v -12658.33154414 -82120.19205580 12028.85451413
v -11587.60401302 -82470.31927100 12662.57880322
v -12105.05502833 -82142.85444761 12558.05941200
v -11542.75865876 -81935.54592224 13250.52930565
v -11764.87204666 -81159.80135505 665.82935922
v -11806.73887082 -81162.99401688 13853.89935172
v -12193.44043352 -80383.34884305 14214.44380309
v -11590.56169883 -80777.50253463 14503.36237385
v -12312.20440247 -80460.85249680 1143.74673318
v -11632.83695222 -80568.37213283 895.92558225
v -12697.63696804 -79630.89943007 14239.46495861
v -11486.45680003 -80334.94008132 14979.13972885
v -12098.45206772 -79707.57448462 14838.38316148
v -11556.02743225 -79705.78699245 15381.07322820
v -11953.71053506 -79985.21758490 1260.48170940
v -11839.79039587 -79194.63682590 1678.12834403
v -12558.64032310 -79063.06213312 14746.94011679
v -11964.53864810 -78986.05660346 15375.78858624
v -12540.94965686 -78660.23135624 2129.73640069
v -12452.41318181 -78158.43030010 2364.15297637
v -12073.19489688 -78093.08127346 15612.88270348
v -12365.65159065 -77500.78500509 2663.71437649
v -12137.60755399 -76458.86983620 3032.79940389
v -12038.00323953 -77432.22033700 15812.44536919
v -12142.93400654 -76679.30619066 15817.00670192
v -11627.76825260 -77155.38463780 16220.08852602
v -12272.29894709 -75612.69313557 3234.13139137
v -12181.91966554 -75913.51359471 15842.86209879
v -11627.34736648 -76077.44824781 16327.30277331
v -11989.10542515 -74969.25931758 3330.75108159
v -11985.32988060 -75507.36477372 16030.43334477
v -12389.64511420 -75177.07952580 15658.14000817
v -11822.30194448 -74147.13011019 3408.90074426
v -12282.49617058 -74326.94206114 15740.18434361
v -11621.28645732 -73392.94510506 3465.24707087
v -13003.48220047 -73133.30178677 15096.33516760
v -12547.53541998 -73397.48241777 15498.82710032
v -12542.40078816 -71665.52268022 3099.86459657
v -11807.77376995 -72329.38144052 3378.04881705
v -12390.02278115 -72419.22236898 15665.63952367
v -12276.41545837 -71576.10138955 15771.04652117
v -11736.68537680 -72180.91175316 16142.30131322
v -12719.68275173 -70750.73475652 2943.53120832
v -11989.02822329 -71306.19927204 3215.04869241
v -12214.16297272 -70728.19716792 15779.12602391
v -11637.21418697 -71270.85143900 16155.74576697
v -12470.60951723 -69664.83391412 2893.04838453
v -12103.57350249 -69924.16176997 15738.14238161
v -11584.18483338 -70401.22282275 16091.60466567
v -12284.95019971 -68563.43660543 2857.40077816
v -11942.67537851 -69431.42814031 15708.43153057
v -11527.74489578 -69661.85680526 15962.19004429
v -12502.46655795 -67618.60437167 2770.66430534
v -12360.21345427 -68238.27500415 14927.45752021
v -12030.61032141 -68514.12219111 15227.10514436
v -11574.53692404 -68997.11347867 15678.62376205
v -12316.00739473 -66883.14401908 2848.89508364
v -12478.85725375 -67019.73931732 14008.68370015
v -12207.11258916 -67349.62811063 14341.85821367
v -11823.78347183 -67886.38212422 14886.44152122
v -12132.91142339 -66015.10554880 3003.61211319
v -12502.66936496 -65589.82914798 13030.82812405
v -12088.65076818 -65980.46565503 13422.42802640
v -11870.42911441 -66684.12554564 13971.78694094
v -12248.13090616 -65302.23821836 3134.07362874
v -12610.83447893 -64832.38524568 3194.65022277
v -12024.23343720 -64895.52259837 3386.43316379
v -11950.15878542 -65340.78581400 13088.44515931
v -12450.26446136 -64966.18487258 12706.23790897
v -11832.12176214 -64354.39146896 3754.28642018
v -11913.21801614 -64220.24545880 12496.33875927
v -12349.36879200 -63650.66058118 3998.74282942
v -11663.19333002 -63220.47387371 4634.36469078
v -12543.37799078 -63361.19979160 11767.97540404
v -12216.10542646 -63660.72688536 12067.86742125
v -11702.25456393 -62607.61019756 5212.93297574
v -12113.49364184 -62282.05145803 5488.23379780
v -11374.06219048 -62330.15524124 5770.55110983
v -12333.03756333 -61805.25139840 8044.39333952
v -12577.00848569 -61784.08038046 7661.92559494
v -11963.65014880 -61813.03874658 8304.43016582
v -12815.36130343 -62278.56929970 10453.93066799
v -12475.37722315 -62591.65841910 10989.45828312
v -12008.58027254 -63075.52186671 11651.03636543
v -11963.58576238 -62017.46077780 6242.78242194
v -12174.72565168 -61822.48806968 7233.36985905
v -11771.29082839 -61839.23466506 8868.55545395
v -11951.36434091 -61966.54472092 9682.44570144
v -12134.67576913 -62212.97911940 10448.67267768
v -10720.30742443 -88721.72170171 676.48617424
v -10483.73914739 -88608.11034919 28.98042915
v -10146.79162434 -89110.79693565 484.43192249
v -10348.36658089 -89107.26766616 1265.38314792
v -11157.91508497 -88595.51635905 1399.63678404
v -10517.95364693 -89079.70489802 2209.19087598
v -11321.53094098 -88725.62636283 2476.57833502
v -10634.74459286 -89082.19121156 3240.99866834
v -11427.50258534 -88789.76202668 3447.91024076
v -10787.57660414 -89061.62143527 4304.38345969
v -11539.66964653 -88807.33735244 4181.26412994
v -10615.78086551 -89097.71303978 5203.81293521
v -10854.03337022 -88974.42317580 5809.48781122
v -11099.46282036 -88774.10530528 6431.79363227
v -11358.91400225 -88505.68799946 6908.52295706
v -10638.60549010 -88631.46283130 7133.50020642
v -11225.13011473 -87997.76253380 369.73694635
v -10614.30243198 -88053.99827057 -388.67110701
v -11202.86260426 -88159.34995003 7654.18673444
v -11162.48637064 -87751.90985399 8315.35077616
v -10974.28788815 -87363.71219950 -402.33105459
v -10476.75740998 -86975.12049659 -917.83821403
v -10440.57204518 -87656.91688189 -762.97125400
v -11637.32460022 -87018.38729827 44.54465367
v -11467.49856745 -87309.23919641 8633.21748811
v -10912.20695537 -86955.40390712 9158.02275288
v -11233.52775238 -86404.51705848 -523.81246146
v -10438.40996078 -86001.00962189 -1111.96727535
v -10681.48385896 -86341.33873343 9702.17640582
v -11203.06216722 -85439.03658596 -679.25711547
v -10624.48932472 -85192.58113455 -987.27916715
v -11170.62150908 -85692.04056415 9998.77882802
v -10585.57475155 -85354.45440256 10429.94033433
v -11074.30733610 -84642.01137618 -702.22490005
v -10369.98950616 -84583.81404199 -964.08384753
v -11371.29095432 -84235.88473040 11024.59697568
v -10592.36178551 -84620.48095193 11011.82351925
v -10791.98831569 -84058.49014353 -701.75798002
v -10795.46383647 -83411.22166947 -476.50499331
v -10910.05235573 -83902.29918761 11553.89534335
v -10810.14343835 -83364.45686859 12185.58991825
v -10732.82501171 -83009.91532104 12646.96442674
v -11497.34301752 -82378.64296726 105.55718461
v -10726.25491727 -82551.25140789 -159.10670156
v -10821.87243989 -82577.32096112 13070.68129077
v -10782.39113080 -82085.75989297 13664.89385879
v -11127.53372345 -81921.79755175 181.39569577
v -11074.60653558 -81213.47579291 487.59695746
v -10969.37517139 -81617.20933388 14063.38855001
v -11094.81105791 -81106.31583577 14565.38563325
v -11241.80786735 -80771.76387497 14834.24545567
v -10702.09226101 -80753.81770920 15220.59376881
v -10636.37804447 -80413.39533075 802.71082479
v -10860.41728771 -80036.20520678 15739.89268782
v -11264.63939471 -79309.97291884 15876.61774236
v -10697.16186078 -79522.68515269 16246.57466870
v -11196.88579232 -79819.02135462 1184.63737134
v -10803.00712141 -79217.74054346 1471.66647482
v -11513.43879183 -78530.82337708 15988.00611657
v -10886.26427943 -78881.17416687 16400.64817148
v -11837.80589372 -78254.98144430 2191.74594924
v -10779.47836804 -78483.69586384 1917.97381276
v -11686.85056406 -77843.24687581 16043.89097215
v -11103.18122803 -77930.81857752 16514.36583006
v -11106.70691130 -77620.25779851 2462.05656696
v -11549.89529824 -77054.77781759 2786.03470308
v -10939.92568570 -77031.77938147 2772.39449997
v -11081.38227732 -76911.75733743 16729.75979407
v -11290.41031296 -76633.02787539 2958.98373690
v -11204.47197117 -75920.09272528 3193.38003891
v -11033.91134287 -76143.89634936 16860.15727768
v -11033.94647083 -74940.60448415 3437.40909169
v -11719.52956142 -74867.32180853 16251.65380040
v -11154.90162869 -75423.71391960 16771.52901695
v -11080.25027848 -74690.15879808 16791.77425684
v -10727.53170020 -75051.90278857 17104.94958972
v -10918.62604563 -74080.04682658 3581.88786217
v -11929.08538123 -73905.66836152 16037.32832173
v -11273.06774269 -73858.63835704 16557.82657165
v -10453.65177319 -74291.53089915 17168.34990333
v -10827.01874734 -73155.94457000 3680.08376668
v -11842.23149235 -73096.93938971 16086.48474524
v -11176.46842950 -72825.05815457 16536.65858738
v -10649.20295105 -73376.97754170 16901.31977381
v -10867.86841806 -72258.93465744 3679.53722230
v -11037.90015433 -71888.06446181 16526.86909626
v -11784.73517581 -70424.99330006 3189.59905005
v -11126.31882597 -71292.77851106 3527.83290253
v -10847.29491146 -70869.30836757 16478.45340307
v -11615.88091924 -69400.70261529 3132.96362811
v -10864.66553048 -70044.31443730 3512.88623357
v -11003.54364330 -70038.98453188 16264.54343313
v -11488.55115097 -68611.94006058 3093.23013944
v -10923.51559189 -68987.70737853 3363.23637804
v -10778.39726298 -69337.10184410 16110.41989269
v -11698.60011476 -67768.57222075 2993.21057465
v -11054.28770682 -68241.97719504 3239.16302666
v -10862.32115059 -68705.13496789 15797.98678126
v -11259.74997170 -68314.65907190 15414.36476665
v -11530.83769356 -66844.31276519 3074.09186565
v -10621.63977605 -67705.19471670 15148.62581628
v -11254.26624767 -67164.91405272 14530.56060743
v -11413.50317807 -66206.96414607 3182.41297916
v -10803.82988765 -66488.24713492 14157.00611224
v -11273.14499463 -66070.14770360 13739.05375078
v -11632.60251664 -65583.10432664 3264.70070541
v -11089.26732022 -65160.19128051 3679.79353506
v -11565.29716948 -64775.20233805 12914.49073227
v -11168.82430404 -65380.32045527 13359.40257262
v -11171.66587569 -64402.26103183 4000.04843786
v -11581.62254508 -63902.16404917 4135.16910924
v -10888.59274680 -63978.89636821 4393.93770602
v -11196.60930089 -64199.82127318 12710.08498537
v -10739.01975714 -64610.97467585 13059.39433094
v -10556.65934271 -63491.74431059 4886.01915559
v -10500.28889709 -63941.26431678 12706.98964309
v -11283.83722239 -63581.98418225 12263.71002161
v -10747.86647659 -62831.50868028 5406.73268240
v -10672.38439215 -62367.22114280 6019.85985900
v -12057.26739133 -61805.11936622 7908.36033704
v -10960.24451810 -61799.18515547 8908.40773991
v -11046.21205027 -61799.69764052 8756.10059950
v -11121.11346893 -61816.17007367 8929.30760249
v -10827.77520422 -61816.34639959 9072.90023324
v -10922.47614613 -62914.12213048 11743.45370597
v -11524.80115435 -62517.36081428 11115.69315394
v -10931.38162999 -62107.01853469 6452.79011274
v -11104.33870219 -61914.42294206 7233.59407327
v -11256.18310425 -61818.10665004 8323.14378672
v -10906.14982628 -61908.23724360 9572.72247639
v -11188.62422569 -62153.06324821 10449.57663742
v -9637.94291188 -89420.38164307 315.92477562
v -9800.90993556 -89051.72964743 -196.72711759
v -9236.68209718 -89508.90544773 -45.99244190
v -9180.89393373 -89682.60963965 482.89405908
v -10119.34561558 -88483.29336373 -550.63828526
v -9595.78087142 -89499.00820611 1000.43607898
v -9677.50454464 -89423.66157820 1970.45401410
v -9741.03834488 -89351.33558496 3016.42389280
v -9844.50957849 -89286.58448160 4068.52647606
v -9927.20179088 -89227.98497708 5034.57399262
v -10057.07593572 -89125.34407437 5847.43662603
v -10304.23345549 -88930.69333737 6534.69192677
v -9742.98350538 -88748.92891216 7241.72044923
v -10205.57650607 -88066.33198297 -779.37399392
v -9764.41252783 -87761.16945515 -1119.84648499
v -9919.23813047 -88266.44370820 -869.27662945
v -10132.06638404 -88367.90142242 7827.15450350
v -10499.15283814 -87928.96491503 8352.10952856
v -10827.79241791 -87526.38897083 8713.06022234
v -10149.46710948 -87510.65254242 8899.86008858
v -9828.13139843 -86656.43597045 -1328.47139277
v -9891.18392107 -86901.45421551 9473.50001810
v -10014.53982776 -86138.16857797 -1417.94925292
v -9911.64766581 -86022.09848626 -1499.50551319
v -9758.20573436 -86181.46613624 -1487.41278620
v -10051.74793251 -86305.06046526 9903.12764462
v -10480.79949202 -85914.44263919 10069.45047551
v -9829.02691608 -85866.68763292 10265.56247757
v -10024.03106147 -85888.05271450 -1405.92015223
v -9873.09798534 -85424.73751994 -1272.26030781
v -9670.65093890 -85237.49128339 10786.55027827
v -9535.80180026 -84512.29164449 -1095.53938001
v -9599.56878313 -84628.97644066 11347.62654067
v -10189.20337623 -84207.77732479 11553.08574640
v -9655.09462060 -84164.96335983 11802.61145323
v -10140.71963833 -83866.48190457 -805.00695533
v -9943.38903430 -83117.44496822 -545.28454399
v -10064.69147013 -83747.20563259 12104.60559288
v -10210.72777102 -83229.18465613 12653.34770727
v -10434.62562897 -82926.30794458 12908.08990372
v -9905.91134980 -82864.23880736 13229.69265415
v -9662.37194357 -82360.99393905 -240.59510453
v -10143.41571233 -82342.24779037 13735.78677214
v -10338.57217708 -81909.37764313 14142.94426827
v -9601.49314547 -82031.13447384 14354.27764524
v -10328.70048137 -81758.64791598 112.54485097
v -9993.10007422 -81024.83620159 439.58616515
v -10128.46013277 -81416.69797925 14821.23247425
v -9931.07238685 -80938.13469968 15521.14369377
v -9601.67314864 -80316.12789123 803.73336957
v -10058.23411878 -80469.34409987 15925.90344622
v -10139.19124621 -79904.39052941 16370.51794261
v -10256.33302473 -79286.58758047 16703.89606513
v -9680.91787833 -79644.91632872 16844.70083229
v -10236.45140594 -79707.11584024 1147.79160065
v -9928.70696711 -79009.64870388 1549.12285888
v -10384.14768811 -78511.00998940 16932.64494592
v -9666.48933023 -79023.32710887 17216.91429937
v -9715.66472500 -78339.64412983 1949.18781604
v -10427.63250170 -77546.77739847 17162.17558961
v -9861.52530129 -78229.14799241 17415.57876834
v -10235.76466474 -77867.84429273 2251.89382333
v -10702.97145702 -76641.33499004 2949.24248049
v -10128.58933457 -77175.44940447 2681.56831206
v -10021.24985671 -76392.00260898 3103.39012480
v -10569.11224538 -76567.27701216 17201.86394527
v -9853.21698596 -77629.23172222 17580.32436015
v -9992.19071284 -76964.15075746 17568.86087723
v -9399.97408759 -77383.35696365 17829.41852727
v -10268.39800888 -75606.59588956 3388.27248767
v -10650.86352292 -75736.36343004 17186.91676223
v -10092.96383712 -76103.13649179 17553.38327345
v -9445.74084088 -76564.51271213 17857.54407782
v -10002.54827555 -74852.67734976 3658.49455676
v -10188.20213927 -75181.13754311 17471.47286583
v -9538.45822860 -75683.75851258 17806.74178109
v -10163.92753043 -73946.45169391 3808.39229474
v -10022.09793683 -74639.94863219 17508.54991601
v -9626.04600178 -74916.38957210 17708.20691354
v -10103.81705409 -73362.20216589 3914.67280029
v -10227.82068538 -72697.66474080 3915.00384531
v -9587.43506333 -73202.32013358 4122.26581401
v -10446.81292338 -72567.63206283 16879.93507946
v -9805.05095759 -73392.38132679 17242.15011547
v -9696.73301590 -74285.66785972 17530.35533188
v -10290.93005780 -71818.52774181 3892.17484019
v -9602.14003307 -72385.36694070 4169.20870399
v -10268.23149483 -71645.68035416 16820.25908229
v -9619.43196938 -72336.01764129 17103.78563457
v -10253.14163380 -70841.07328699 3859.47107524
v -9582.80580749 -71457.28398016 4177.76130972
v -10079.10926723 -70896.87657599 16762.24664044
v -9437.09886897 -71406.82231487 17002.93924579
v -10116.62101438 -70036.45881378 3856.90223973
v -9477.03463605 -70429.74743034 4179.91245739
v -9573.69616397 -70628.86693996 16830.22507753
v -10150.82340476 -70056.94853745 16522.31431035
v -10261.42149961 -69291.38577086 3714.92378260
v -9699.04256615 -69609.79258096 4018.93557112
v -10105.11970915 -69365.59909397 16304.71332094
v -10936.03563106 -67500.92637033 3283.50966162
v -10362.61753837 -68265.10542457 3584.35449622
v -10531.20998000 -68283.78884021 15626.55102974
v -10075.22615785 -68795.27543790 16023.43472247
v -10894.63873469 -66637.65693449 3350.25748414
v -10269.35985705 -67185.87074190 3634.77119258
v -9477.04911669 -67429.27880687 15193.96242978
v -10156.23286388 -66949.16037462 14672.59406791
v -9765.76278253 -68094.39503238 15635.07654588
v -11049.36412916 -65940.65655264 3406.03007178
v -10381.77796873 -66122.57346545 3720.88241612
v -9820.78859106 -66261.98655675 14252.69333259
v -10453.97304591 -65814.17273510 13807.16110612
v -10283.84835948 -65364.54901558 3975.28113485
v -10146.54181554 -65097.91041198 13464.61959377
v -10511.43001646 -64695.92358025 4149.48254462
v -9847.01269651 -64291.41149696 4701.78788774
v -9874.94221218 -64382.95606701 13104.08399903
v -9892.12867543 -63570.27596014 5120.38848025
v -10239.69523322 -63226.46180028 5223.06768617
v -9703.71664838 -63137.50710371 5594.08457328
v -9640.53068793 -63739.55754820 12683.85097400
v -10287.45236425 -63320.99300418 12259.95493109
v -10294.93991254 -62216.77440020 6474.07463236
v -9926.00533215 -62543.57802195 6154.32979183
v -9774.29167479 -62232.21359084 6731.93654428
v -10874.26468309 -61802.11002649 8831.49427273
v -9993.24956144 -62817.91087943 11772.82022997
v -10530.20663715 -62456.15404813 11175.49203196
v -10110.43815415 -62030.95218524 7151.15411523
v -10187.17630165 -61882.53973475 8105.62121825
v -10324.44316735 -61844.90546931 9049.87946053
v -9978.28115737 -61949.47904833 9852.53940262
v -10187.60104174 -62137.46522174 10485.58311489
v -9218.04793180 -89236.79519641 -491.85838942
v -8837.91065373 -89126.81889376 -800.99555874
v -8583.64125896 -89550.44463897 -353.97526837
v -8767.68238134 -89751.29694229 169.39379407
v -8637.32927724 -89861.20600844 631.53639966
v -9460.92891664 -88642.41218674 -858.42930237
v -8649.64894439 -88661.24113573 -1192.61990528
v -8995.27575548 -89766.18436590 968.96518627
v -8898.10982994 -89725.81952821 1649.12339927
v -8745.00407266 -89614.05709407 2746.22832783
v -8851.46592667 -89462.15912060 3892.38479409
v -9013.87833139 -89343.70032490 4917.27467241
v -9191.97470046 -89213.31979548 5809.95292054
v -9431.38293863 -89025.18687225 6577.36268505
v -8843.91132024 -88805.80480483 7274.32266678
v -9147.94128273 -88225.35284176 -1294.89427755
v -8988.32724715 -88072.05629347 -1459.90239193
v -8771.88486098 -88208.96939645 -1434.55196449
v -9189.16473389 -88457.99644232 7892.62352115
v -9608.19156030 -88014.46182638 8453.75432866
v -9242.95484737 -87541.34233781 9022.74030992
v -9163.27969914 -87878.71090756 -1413.07673464
v -9022.36610108 -87360.39377646 -1455.07607975
v -8892.16969940 -87052.95692476 9513.04755732
v -9767.69696807 -85931.35027277 -1475.38368550
v -9174.79465872 -86212.51709239 -1469.77445325
v -9330.84339883 -86456.81325430 9932.05232656
v -8758.70469577 -85910.72702877 10434.68192021
v -8865.14716376 -85252.99769244 -1339.29865357
v -8929.33031900 -85286.98833285 10932.56849679
v -9243.57989603 -85003.35753061 11105.81238863
v -8685.97855057 -84866.61513159 11379.30317627
v -8585.54976788 -84401.69057289 -1141.58986436
v -8998.98606359 -84329.74882448 11855.18995691
v -9322.29693804 -83929.08660151 12196.65106444
v -8603.51771433 -83963.04193150 12408.42818292
v -9259.44072086 -83722.27396541 -866.28670885
v -8968.20240710 -82980.47433798 -578.68988789
v -9220.01966560 -83436.49851467 12819.54715852
v -9100.44323776 -82951.11344886 13469.33609067
v -8628.08556168 -82277.69390616 -244.46351811
v -9338.80887409 -82537.48302141 13869.51470985
v -8600.36645442 -82248.81007805 14445.68905155
v -9307.57711157 -81642.51712633 92.77449675
v -8940.90102968 -80959.64014869 465.80164545
v -9023.07573888 -81666.82515432 15006.70842815
v -9287.48515363 -81167.45429692 15535.43591403
v -9451.71044762 -80753.02915824 15960.94428163
v -8768.33195636 -80819.46400600 16100.49175181
v -8547.94772440 -80309.55747552 878.73044521
v -9219.15069362 -80225.99248087 16542.39881386
v -9081.40999137 -79580.78517518 17160.34708853
v -9193.01901968 -79620.13394316 1222.59082719
v -8812.61784329 -78810.24343132 1727.44665330
v -9047.70376804 -79105.47587114 17497.03769443
v -9255.37136917 -78558.04947221 17632.77600865
v -8604.72431172 -78819.68726253 17710.74769301
v -9055.99817103 -78188.72135006 2056.69996420
v -9475.53318001 -77762.44571681 2318.74385414
v -8695.01448205 -77836.59326379 2339.90421100
v -9455.67438532 -77979.87286818 17721.65910259
v -8787.04018794 -78025.28287587 17896.85052566
v -9038.80135076 -77221.21556606 2735.08387550
v -9590.97560731 -76854.44638892 2895.93677756
v -8704.18114030 -77115.07781873 18045.18145311
v -9215.50309674 -76616.87439116 3082.58720451
v -9114.42586280 -75863.21369841 3515.19037860
v -8772.84852102 -76195.66651558 18047.39172530
v -9088.88279664 -75049.84821899 3879.67923630
v -9435.14919106 -74388.98713397 3967.29184187
v -8741.15336751 -74681.17924735 4144.11051497
v -8922.44509372 -75272.95291528 17928.42973263
v -9655.13490308 -73777.26918930 4021.17543728
v -8946.65765656 -73919.96272463 4264.04002529
v -9200.38751017 -74613.29774824 17754.37826377
v -8718.06933255 -74704.44749064 17835.92976224
v -8903.24995276 -74022.60759434 17598.12839354
v -8919.96218125 -73019.86866975 4407.51894123
v -8707.71982636 -72988.00466957 17343.03699645
v -8917.82958633 -72110.82920562 4458.88446553
v -8919.03375951 -72122.64241819 17193.98613239
v -8872.62600422 -71193.33420111 4475.08870915
v -8653.35355343 -71603.19676892 17139.49081670
v -8757.93005944 -70415.22763056 4500.92124601
v -9304.60294548 -70150.72002268 16732.58607991
v -8791.79139240 -70802.88764654 16964.80923320
v -9632.70986449 -68813.57717517 3993.37851078
v -8990.92015099 -69526.99643652 4353.58530491
v -8570.86865584 -70028.12414761 16743.35470563
v -9353.35668198 -69440.73732439 16433.28927025
v -9600.50843855 -67804.94873412 3980.38679074
v -8921.47857035 -68422.85421681 4348.66685990
v -9035.38334723 -68642.06466148 16053.03495901
v -9610.32611698 -66777.72619231 4034.18097652
v -8909.85041419 -67390.65163878 4374.08182306
v -8543.39646201 -67323.06255327 15252.89436688
v -8930.16005705 -66709.78927418 14751.87400256
v -8785.91761455 -67929.79393902 15639.76611546
v -9680.75235552 -65825.81828714 4161.83387080
v -8958.61858774 -66374.02903558 4461.30709483
v -9048.40804102 -66024.89491128 14263.80741861
v -9542.44831531 -65591.25636690 13886.73211167
v -9870.42372247 -65079.81261183 4297.97915102
v -9117.39595430 -65304.77702056 4635.46184082
v -9126.20238175 -64862.86191658 13520.85805788
v -8908.82284325 -64544.41891182 5012.22142450
v -9107.82049757 -64175.80633968 13062.89813197
v -9078.35475474 -63850.07131461 5336.88875675
v -8920.74673671 -63313.52705561 5849.84665613
v -8651.72294528 -63629.40669586 12607.22376143
v -9438.79205309 -63172.45018745 12191.29957686
v -9047.73758463 -62855.57165177 6256.77324634
v -9353.57818515 -62144.67581432 7208.46595790
v -9147.53651705 -62421.29030656 6784.49612398
v -8618.81885290 -62247.69508083 7467.56035111
v -9394.01439656 -62814.69293372 11797.83652322
v -9482.73151997 -62497.01745686 11261.16149599
v -9115.09886431 -62000.52598385 7982.73494002
v -9270.52092199 -61904.65696657 8913.41260616
v -9413.70377067 -61930.57853570 9620.47423290
v -9161.12134353 -62139.55379263 10408.66318812
v -8157.59337166 -89248.20486109 -889.23296639
v -7634.63360298 -89655.71449820 -434.92342178
v -8060.87461291 -89861.15418087 274.41208678
v -8171.29927291 -89948.88393836 855.12196708
v -8245.13151481 -89821.12111742 2148.83032399
v -8324.19770934 -89891.69061454 1585.05316446
v -7813.41522155 -89936.08919548 1711.37705055
v -7609.72877126 -89869.48611106 2357.27018140
v -7957.52440071 -89757.99871351 2797.62564833
v -7399.99324094 -89779.05552754 2958.82785570
v -7876.39895607 -88831.46924549 -1263.43799930
v -8529.76475367 -89889.69132807 1150.46345077
v -7658.60294309 -89612.02090303 3713.98116239
v -7999.71141976 -89423.03714763 4842.14124609
v -8243.05204541 -89259.87018126 5772.05857117
v -8514.55217232 -89061.11079813 6582.60440331
v -7937.32712663 -88781.18338724 7309.95903116
v -8835.48731658 -87927.08797454 -1496.98308344
v -8196.07852582 -88063.17348786 -1489.28650181
v -8382.87042545 -88518.76857979 7843.03377857
v -8562.41053939 -88050.85155089 8496.46186127
v -8453.82049999 -87530.69950608 9103.80906250
v -8116.74489145 -86994.32962917 -1578.15595424
v -7941.59978334 -87123.39356842 9491.90760163
v -8531.49805947 -86619.79215161 9905.17623689
v -7720.76836134 -86465.78370320 10061.09497535
v -8056.91395326 -85979.14016106 -1518.98500424
v -7762.99622316 -85879.76511697 10564.35605865
v -7885.02931233 -85104.70930336 -1368.63758773
v -8191.96844174 -85406.73901057 10957.86227052
v -7684.70821230 -84975.73134337 11447.74773748
v -7606.99559248 -84323.62407641 -1157.23473651
v -8033.42127597 -84424.95577366 12010.69242607
v -7875.52056738 -84004.34764132 12563.94165074
v -8288.84657668 -83634.62655259 -884.87612014
v -7961.06407382 -82924.02473332 -569.84458157
v -8124.72243027 -83617.20388555 12957.27878727
v -8367.72013628 -83137.80008024 13464.22176224
v -8657.32775558 -82730.55398578 13882.06305197
v -7878.61806947 -82713.00546490 14064.36621706
v -7584.74586077 -82267.80493732 -203.01097494
v -7610.70718720 -82200.12421227 14684.77184808
v -8237.28169550 -81612.31155948 135.95181853
v -7904.20942638 -80967.27668893 556.81584199
v -8088.79670488 -81761.65168533 15124.09591822
v -8434.55366657 -81282.31187975 15629.95838171
v -7961.21578443 -80867.21977101 16161.35276103
v -7614.84102267 -80401.03914712 968.83955259
v -8309.87957204 -80459.07140200 16546.59680400
v -8270.29873805 -79885.75699680 17062.36260638
v -8575.27745682 -79357.95531963 17457.48945950
v -7852.82930172 -79202.29457778 17527.17713471
v -7980.01333655 -79675.94816134 1362.00434057
v -7917.51497228 -78999.19873600 1774.33110634
v -8044.39614127 -78471.47563476 17850.10232302
v -8571.03725523 -78264.24143935 2059.85031008
v -8096.02765683 -78498.94804176 2019.57523278
v -7911.78850392 -77720.75711233 18050.88821263
v -8178.57796219 -78066.36473248 2270.71559312
v -7848.82873719 -77601.85788091 2722.90297221
v -7781.39863965 -76781.90739724 18233.71265900
v -8358.51124195 -76742.50053742 3193.44407071
v -7852.41393693 -76200.87501260 3729.19518301
v -8108.86917562 -75818.97424337 18102.56391754
v -8166.93730466 -75378.49134942 4102.04111666
v -8070.32354679 -74563.31049677 4484.43047150
v -8319.45313023 -75127.22033068 17960.97321197
v -7632.09698684 -75316.45220533 17989.95375100
v -8142.05251441 -74582.93444852 17800.04113988
v -8181.11185867 -73670.15676915 4653.34722769
v -7916.96287712 -73724.17946777 17539.37745246
v -8229.03723547 -72751.89738002 4735.24366591
v -8132.46127677 -73154.52471623 17383.19798040
v -7840.26911519 -73195.67602001 17395.03175504
v -8006.06329888 -73030.52612868 17350.21357693
v -8238.83444569 -71832.97650283 4758.33207903
v -8167.36158324 -72885.73849881 17333.57463773
v -8087.02129552 -72397.18472119 17277.45205492
v -8210.17807397 -70937.77815147 4761.24501358
v -7950.21058624 -71438.39594986 17129.49238587
v -8214.18027460 -70028.28941867 4737.46936421
v -7937.89378755 -70627.45129986 16950.46355179
v -8227.08612440 -69038.81972376 4714.26527388
v -7824.26239046 -70053.78085406 16755.43415294
v -8145.16762114 -69349.26688161 16430.24723525
v -8216.58399553 -68008.11075066 4728.94856393
v -8031.08415496 -68491.03874933 15993.60733733
v -8242.73594080 -66997.40254505 4784.51113743
v -8299.20231534 -66977.90838898 15038.97668493
v -7902.00717568 -67223.18358833 15227.86547687
v -7803.81628617 -67795.72542149 15588.98058743
v -8303.23852883 -66005.69775513 4910.69291239
v -8686.32691821 -65498.29336367 13999.12428140
v -8270.80188663 -66069.99970451 14423.97685095
v -7782.82878128 -66716.88042701 14884.08476040
v -8372.60054966 -65125.78848424 5091.24790955
v -8293.17282273 -65006.62657424 13743.85352792
v -7852.16014665 -65474.38266569 14100.18690984
v -8437.57597175 -64563.39216411 5239.24860675
v -8682.08273723 -64266.37341059 5243.19341679
v -8355.87752072 -64209.17302598 5499.96123237
v -7557.63377888 -64896.26523420 13728.06797302
v -8246.69892363 -64380.25148927 13277.53254306
v -8413.04885731 -63193.68577119 6288.11065072
v -8344.82087508 -63695.56142178 5889.66406074
v -7606.53421018 -63544.38681670 6540.68748552
v -8720.66604531 -62928.42144630 11842.43953855
v -7674.17500117 -63315.57394381 12174.78398175
v -7949.78034585 -62805.66118186 11553.12055979
v -7742.54245664 -63883.70323087 12832.88736639
v -8132.93263175 -62740.02463484 6999.30495634
v -7901.32928760 -62336.12497746 7712.83191981
v -8526.89396757 -62487.94882150 11128.17886007
v -7705.26378996 -62521.04446729 11005.64738571
v -8254.48234514 -62251.14750676 10553.28781515
v -8090.31268100 -62112.97848116 8174.88845078
v -8255.81885981 -62002.18979286 8885.16495238
v -8452.89486089 -62040.57766878 9776.66850213
v -7275.43243976 -89292.71687824 -1039.34382432
v -6638.12588622 -89687.34833011 -599.91802449
v -7021.22978273 -89891.81274299 197.57914496
v -7513.01259843 -89967.82479979 1022.69357440
v -8075.93352797 -89959.23997550 1260.77049778
v -7040.09627421 -89933.08771719 1873.36713565
v -7062.25644054 -89851.05195564 2590.97239907
v -6552.54192133 -89853.83839753 2453.50797197
v -7063.77441178 -88654.28073871 -1500.55283574
v -6575.64068766 -89715.51438244 3275.45717415
v -6620.56216720 -89561.93737959 4208.39277518
v -6969.06630354 -89442.11402293 4889.17774561
v -7253.61807919 -89267.74467114 5757.45876471
v -7558.25509036 -89051.21370504 6578.91317553
v -6975.53819037 -88715.64035013 7319.30312522
v -7185.94560490 -87693.96509225 -1676.26345206
v -7517.75677041 -88313.47418748 8079.88127676
v -7708.11373710 -87736.71674523 8852.99987605
v -6805.67470124 -87862.15172266 8597.36990719
v -7032.25461898 -86641.23732081 -1682.96923830
v -7078.49884024 -87367.25693710 9196.82614507
v -7247.41562183 -86929.36194522 9649.80790349
v -6581.62954573 -86990.49668582 9494.95022350
v -7229.57744358 -85721.70801432 -1540.78042407
v -6921.86618798 -86613.37003812 9898.57706525
v -6847.98958017 -86083.70686697 10352.29054922
v -6923.42705798 -85036.68287594 -1401.12272515
v -7248.10923638 -85487.00145261 10944.25757337
v -6718.04487984 -85015.27075073 11435.71960922
v -6622.69069741 -84273.68434977 -1162.45044362
v -7172.92621302 -84620.07612970 11898.94360597
v -7152.34767967 -84172.63137598 12459.55861940
v -7448.42937922 -83790.75601049 12905.38280636
v -6867.02351488 -83789.53780413 12964.22741851
v -7294.35924589 -83587.28724295 -875.70502486
v -6960.49446789 -82900.74806039 -528.95200630
v -7223.96661279 -83295.14316207 13478.10556469
v -6812.10828393 -82553.02112784 14305.42740447
v -6675.18258212 -82313.85463116 -167.64454655
v -6926.89541862 -82020.85140757 14885.54941484
v -7357.27291778 -81769.69365637 15168.71899130
v -6646.59654517 -81456.39916066 15373.04816659
v -7018.96713054 -81648.14949626 236.84810721
v -7025.84795589 -80930.01969030 729.43636261
v -7531.24647492 -81287.37649679 15686.29992344
v -7424.95409456 -80861.22355781 16158.08958243
v -6817.69473538 -80443.83932850 1117.79868831
v -7372.96012897 -80102.27953594 1220.63666297
v -7053.70645459 -79885.09055287 1451.53681775
v -7392.36373394 -80340.44904522 16639.06766835
v -7506.38489915 -79778.51135651 17160.70169523
v -7124.20351249 -79890.27811011 17026.45643287
v -7398.38966132 -78723.61340110 2084.32983040
v -7268.09152271 -79329.59244302 1752.64016749
v -6605.77685072 -79079.89035692 2111.39865001
v -6954.69172566 -79415.61393406 17267.24290432
v -7026.16858974 -78454.66771388 17719.13344463
v -7667.99593706 -78216.22066575 2320.76582384
v -6795.60819881 -78266.06501295 2598.10970166
v -7076.01233786 -77375.13544079 18160.17528196
v -6935.07967971 -77599.85346801 3024.07360523
v -7231.62646296 -76971.56753360 18390.28246318
v -7247.43677075 -76745.27902207 18393.27868824
v -7104.61424577 -76885.56964085 18451.45339285
v -7119.34597502 -76989.43596069 3452.48832987
v -7058.02648415 -76367.80033472 3973.26268090
v -6999.51586142 -76767.58179813 18375.91381596
v -7155.79988566 -76255.13182379 18195.79708726
v -7338.14594893 -75877.06338558 4196.08327355
v -7383.57132544 -74271.49696869 4935.71318048
v -6991.45553569 -75315.95743108 4754.59169512
v -6715.12880010 -74652.32867166 5232.08269498
v -6750.18155925 -75466.76270325 17940.85904373
v -7303.65691731 -74657.63345796 17775.59185511
v -7502.95114289 -73350.38748161 5040.93921152
v -6799.18766669 -73912.38067259 5355.83729752
v -7010.24844138 -74068.65923621 17595.95083041
v -7576.93294761 -72424.52338460 5061.79139315
v -6804.31507393 -72923.49067089 5443.47009086
v -7875.16942166 -72926.88980259 17345.40841237
v -7267.76290352 -73183.80880987 17408.63316531
v -7601.94752413 -71532.36335711 5052.73293911
v -7064.07573443 -72052.31300829 5323.52565239
v -7093.60329200 -72190.01034315 17239.69975055
v -7567.12966727 -70624.05166339 5057.99146922
v -6960.89826493 -71266.42562295 5370.57189400
v -7080.19311289 -71192.84074942 17048.48375869
v -7538.47043740 -69654.16193834 5065.94931351
v -6899.71224397 -70308.11271299 5397.49720354
v -7353.16752034 -70471.60037250 16878.73528401
v -6817.61794069 -70656.18279249 16873.73338870
v -7078.67756016 -69982.03398732 16630.37672773
v -7508.81476791 -68626.66552556 5097.72286144
v -6845.55431006 -69303.05970906 5442.79237180
v -7076.32197128 -69080.47950811 16208.50971431
v -7546.21243368 -67603.67078664 5129.25857534
v -6720.74103510 -68164.98274171 5572.31518033
v -7302.53897484 -68365.42321684 15895.01730389
v -7604.14363722 -66641.21500180 5211.30844815
v -7042.61642133 -67205.49984307 5468.84896595
v -6974.38516866 -68036.30896383 15672.63000948
v -7033.85420653 -67408.43065759 15300.44549584
v -7619.72755018 -65657.44850198 5418.86673563
v -6944.16284563 -66421.49846880 5662.99959681
v -6684.01003172 -66694.39859762 14863.10329703
v -7318.91739925 -66048.24864877 14490.33900904
v -7946.93991948 -64784.22526344 5491.02046837
v -6991.26392552 -65700.22201431 5817.45832727
v -7262.93536273 -65023.55472579 5883.78794974
v -6589.18267832 -65433.29810479 6194.93683206
v -6986.73086958 -65421.77937166 14107.83088853
v -7708.19827200 -64254.70107417 5952.18966223
v -6760.96725110 -64443.94023217 6522.47775105
v -6719.68839693 -64873.12246061 13710.14860733
v -7235.56701300 -64364.13591026 13278.53440609
v -6804.77054805 -63656.10221894 6965.48907853
v -6602.38707188 -63366.40479733 12020.37706793
v -7176.37944402 -62907.85886000 11507.22215660
v -6885.84366838 -63853.59392531 12700.17804204
v -7069.70473443 -63092.79880800 7284.73222883
v -7453.60478400 -62256.14100272 8181.37372091
v -7257.60251559 -62569.57454017 7774.85306370
v -6811.98713942 -62389.23022690 8433.15234597
v -6889.21860626 -62590.70685344 10831.35190723
v -7555.34395415 -62270.88519526 10334.60728304
v -7300.80063728 -62144.91654303 8821.24789998
v -7463.04596635 -62123.00488511 9585.96481257
v -6240.03163005 -89311.09217727 -1319.06952579
v -5739.91260800 -89700.94011478 -822.26475455
v -5878.81977545 -89885.42810363 -3.14330733
v -6352.25134780 -89945.40282249 1048.83144153
v -6247.97695218 -89898.66053541 1920.92745308
v -5482.62279710 -89862.80240106 1650.24634839
v -6266.24262318 -88842.69583207 -1666.28189920
v -5781.53776840 -88672.97964628 -1838.06297035
v -5854.86439027 -89086.85958318 -1674.45444347
v -5712.42207087 -89769.12478774 2606.51262817
v -5591.66960511 -89637.56411189 3478.35007702
v -5827.76220184 -89547.72628218 4157.55909242
v -6024.38589654 -89414.87541342 4946.44207654
v -6273.77462296 -89238.77985862 5748.27864291
v -6580.50091925 -89007.15792479 6558.48085127
v -6005.26902335 -88627.44645409 7270.23930610
v -6382.50543242 -88256.55520788 -1782.63040224
v -5672.95582919 -88048.75533680 -1941.70489077
v -6449.34604103 -88295.01654644 7949.75800817
v -5967.31684796 -87868.17246730 8411.00080733
v -6306.62934036 -87459.91035752 -1842.26386329
v -5466.12687172 -87309.60502565 -1962.37664969
v -6254.62560379 -87432.69739089 8967.77857803
v -5824.17650758 -86978.68923288 9305.33602813
v -6076.77302538 -86756.88999949 -1826.78681068
v -6232.95994996 -85886.76349620 -1652.71120556
v -6208.32376102 -86536.11079323 9829.14857663
v -5817.81895001 -86024.09387623 10211.29457182
v -5940.50099896 -84973.50678855 -1431.59385430
v -6240.50808458 -85520.13494767 10817.80033681
v -5691.72182048 -84973.07689337 11339.97242804
v -5656.87097724 -84237.30923838 -1163.42204402
v -6254.62319157 -84470.68685891 12070.19046122
v -6407.13467124 -84023.54258677 12679.05306578
v -5664.45907894 -84023.61733794 12611.80856410
v -6291.88711047 -83553.40488650 -846.07138341
v -5936.07044474 -82820.34368989 -424.61109268
v -6114.19601420 -83579.68281415 13189.10026186
v -6191.93725323 -83021.16174746 13793.69939809
v -5645.04229138 -82451.54900334 14271.89673733
v -6104.35474297 -82260.90580798 -81.27513766
v -6444.91148365 -82016.43739390 48.44399881
v -5990.41634075 -81850.61269598 222.17059241
v -6208.91342885 -81987.53671091 14805.17006122
v -5723.99338600 -81405.03036828 15143.17692969
v -6503.48436385 -80858.89537119 886.63539506
v -6277.62427360 -81263.61813482 621.46606405
v -5890.39626302 -80782.01600904 1054.98633730
v -6887.94346048 -80848.66336319 16028.04109079
v -5938.95709610 -80696.37057601 15780.28864658
v -6611.36455474 -79613.86420877 1756.80969873
v -6236.77638889 -80117.68285235 1490.72241516
v -5860.83737211 -79620.86693600 1945.80136522
v -6495.67315737 -80307.03544839 16404.23709100
v -6713.46086140 -79917.72988283 16848.97309404
v -6287.28623596 -79938.97857713 16649.90637987
v -5655.67092398 -78918.75351837 2534.87990063
v -6147.79528086 -79486.02799591 16907.18172709
v -6402.30760039 -79008.56432475 17322.94003932
v -6011.97427834 -79035.63795424 17157.21635866
v -5891.88148787 -78269.43291590 2954.18678366
v -6311.83861353 -77802.58117362 3137.02348404
v -5657.41657720 -77946.78995308 3340.03934694
v -5932.05569220 -78571.87697840 17333.32997986
v -6073.54656460 -77702.60198253 17742.76813010
v -6587.15869433 -77427.10034613 3308.28622937
v -5978.06261937 -77382.91136711 3696.79218217
v -6983.70555362 -76993.87030967 18372.91759090
v -6565.10393899 -76889.24013805 18146.50562528
v -6648.76475862 -76100.40438650 4430.08278232
v -6362.75221722 -76699.23184439 4103.90974601
v -6367.62112923 -75909.37322835 4779.75148559
v -5802.81074688 -76403.31324984 4747.00744470
v -6036.74122567 -75761.51882155 5116.71133908
v -6215.70118307 -76201.38601032 17989.52407640
v -6162.95709326 -74471.61117863 5611.47509194
v -6184.54283313 -75157.24511502 5371.32483895
v -5543.85565161 -75035.51979212 5777.63279874
v -5875.45932919 -75557.23821883 17809.63807921
v -6398.52819384 -74784.89451288 17715.06215294
v -6147.98762444 -73653.98998204 5746.57671992
v -5488.75699313 -74283.54747334 5986.59143336
v -6212.46443275 -73990.35100879 17510.66411655
v -6104.39563189 -72899.69908868 5818.79319994
v -5422.44878715 -73341.61923090 6127.44632918
v -6143.97283035 -73035.10301615 17330.45690099
v -6369.07712834 -72048.21963350 5687.17137506
v -5708.27577241 -72490.70344280 6028.09942678
v -6038.61537232 -71989.61839703 17122.08536120
v -6280.15019765 -70989.44255890 5731.26141435
v -6348.17437612 -71140.88940249 16956.31740721
v -5594.60628676 -71329.76156896 16875.53254362
v -6215.37780432 -70596.63453405 16733.18144850
v -6239.31997594 -69992.40277110 5765.22911244
v -6098.61300898 -69849.43272117 16372.65778571
v -6203.48972472 -69066.74976248 5818.80019105
v -6256.07996309 -69140.26809457 16093.44172733
v -5571.66655278 -69433.08199482 16046.06813993
v -5931.51997860 -68847.02547782 15874.12175098
v -6079.39459957 -68425.94887120 5933.03302686
v -6150.26441372 -67882.02011576 5939.40964133
v -5621.01154662 -68151.80433743 6255.12383319
v -6608.49129863 -68581.71648171 15903.49217946
v -6106.29328564 -68173.86764849 15576.34061465
v -6447.23427197 -67222.29858364 5837.85021159
v -5917.66147205 -67465.26026702 6141.24623706
v -5950.07519581 -67391.61355051 15158.24864176
v -6395.74916602 -66551.13072506 5988.03747704
v -6581.72844408 -66047.55400135 5989.75834276
v -6030.04545057 -66208.97907321 6331.12604839
v -5677.08307408 -66713.62234503 14767.91439648
v -6325.75227953 -66024.56323358 14447.01994110
v -5933.23938503 -65302.17253906 6684.62256347
v -6136.64106817 -65362.89273789 14015.39119670
v -5984.40035653 -64596.97214003 6933.34949635
v -6178.63617620 -63996.36703829 7135.61974397
v -5496.60144915 -64430.00644358 7331.16499341
v -6146.95052894 -64909.52189339 13695.64593722
v -6231.17715661 -64460.07403921 13261.29180128
v -6381.07106241 -63419.17143152 7425.79630031
v -5601.82875897 -63682.85462126 7739.69713094
v -5787.05159403 -63384.65594175 11788.93554018
v -6300.00677600 -62988.54865794 11335.07395210
v -5799.86475001 -63881.86986294 12487.53614630
v -6239.54677099 -62915.34711010 8094.52038305
v -6200.95076869 -62511.81372039 8772.15734405
v -5996.29974262 -62699.42428522 10552.33769199
v -6752.49634805 -62348.33557000 10129.17602617
v -6572.76140129 -62286.13690994 8971.75578390
v -6677.16995727 -62241.20353387 9468.81461605
v -5690.12425776 -89286.41923107 -1569.96128001
v -5292.48357706 -89047.59409733 -1737.62010691
v -5369.12772178 -89458.80186435 -1357.39790714
v -4738.25449327 -89519.66689040 -1232.33725609
v -5121.91669573 -89686.78484246 -975.51210327
v -5157.19414082 -89821.82822538 -500.84611382
v -4994.41806091 -89894.58715191 30.25706994
v -5201.09124922 -89900.30436047 750.18290047
v -4707.36748354 -89814.41196443 1386.82061539
v -5205.92768812 -88518.88650858 -1937.04378840
v -4572.96696784 -89668.60939216 -803.28581344
v -4598.84229583 -89816.87628585 -300.25624140
v -4585.37538383 -89706.90061511 2258.89611595
v -4812.07601452 -89607.04172272 3257.93374495
v -4961.91664822 -89496.47177161 4105.96267276
v -5162.44804982 -89373.35755980 4887.14613561
v -5347.65876346 -89188.15009589 5677.24901572
v -5601.60158589 -88921.29161952 6500.16605121
v -5024.81297117 -88409.53473887 7249.03148232
v -4866.76312688 -87956.92224241 -2029.50132629
v -5621.68621642 -88187.77937397 7882.70120117
v -5468.50128631 -87861.68870715 8268.87544592
v -4515.80135370 -87119.03015966 -2048.88571521
v -5389.01806968 -87416.95303828 8692.56074235
v -5321.83033128 -86952.46357622 9151.59271282
v -5328.92959620 -86496.68726090 -1875.96617838
v -5086.47753171 -85630.26440181 -1689.69069215
v -5300.95626672 -86474.30882855 9585.59844504
v -5233.39857729 -85997.86432269 10046.82158923
v -5114.45698728 -84837.59620421 -1423.90909057
v -5129.48022334 -85498.43514083 10509.13584590
v -4850.37307732 -84894.43136808 11158.68549575
v -4701.28863752 -84290.23541824 -1191.64472748
v -4996.48622601 -84376.73199192 11945.43697879
v -4966.84666422 -83917.62321383 12634.59722023
v -5268.07120071 -83564.57581927 -825.63685390
v -4768.68570401 -82884.59812535 -384.22484614
v -5302.94883792 -83653.30215984 13037.01187275
v -5188.67815383 -83100.71037703 13597.92222586
v -4798.41080174 -82535.01504725 14025.09526628
v -5493.99374160 -82316.43342167 -60.42460795
v -5380.35888854 -81953.97242786 214.33652929
v -5506.35381712 -81871.12466964 14732.86706920
v -4850.83225603 -81917.62159786 14459.46864433
v -5247.20885536 -81505.13102682 576.84843101
v -4990.26670961 -80943.26289279 1071.12035482
v -5121.50705980 -81477.10735095 14873.30388013
v -4957.44235761 -80810.78780438 15202.34497121
v -5163.83514339 -80311.68345486 1560.10511010
v -4855.66046511 -79644.06236271 2179.54929084
v -5880.92821748 -79982.24602549 16364.24620445
v -5087.77870875 -79945.12041797 15877.17108823
v -4526.29739318 -79109.52402321 2763.22473914
v -5453.66585927 -79452.00318307 16509.81689878
v -5624.47162538 -79036.83621617 16923.25956614
v -5234.42805544 -79063.01241936 16651.31980737
v -5007.52697998 -78443.46637832 3216.54464104
v -5085.67227866 -77862.77800564 3754.81355205
v -5069.20760797 -78584.71981021 16841.76079816
v -5408.49370321 -78111.26170278 17321.37675046
v -4997.27512016 -78078.47649419 17121.45924835
v -5117.05873372 -77416.86100717 4213.78601219
v -5600.64979373 -76973.03443251 4348.74124725
v -5322.51557538 -76820.85454909 4696.25693058
v -5060.48344013 -77088.08797121 4602.76003103
v -4858.93797361 -76774.77667526 5021.05452504
v -5053.52404399 -77585.73075141 17353.40887463
v -5558.66939687 -76844.76514567 17771.00050637
v -5601.37113335 -75562.43051876 5523.11382830
v -5266.23510412 -76102.10461739 5342.22744949
v -4948.58472783 -75644.74314661 5797.34846258
v -5517.09718363 -76151.94689211 17805.52758792
v -4801.86356948 -74973.04879386 6125.61035689
v -5182.15181295 -75759.97714493 17658.42456999
v -5352.08788240 -74936.06119264 17552.83098264
v -4744.33298449 -74149.61505248 6335.32809013
v -5219.35243305 -73910.30225263 17364.25495759
v -4681.68188114 -73399.37712505 6459.41255544
v -5120.94858220 -72956.02959324 17200.81069153
v -5628.07648086 -71665.91953522 6078.67688666
v -4960.18477134 -72494.31161505 6390.49529614
v -4945.86216961 -72130.60778833 16997.99373090
v -5596.33970621 -70636.76311588 6116.83511912
v -4826.52324762 -71342.86424815 6513.89200106
v -4701.68453526 -71453.51569797 16714.78011222
v -5362.17330169 -70688.35311158 16563.60340643
v -5638.16274128 -69639.48451882 6131.38916051
v -4966.87837565 -70195.90498249 6502.36292956
v -5145.46386715 -70112.37778680 16233.45816540
v -5726.85450246 -68871.06593063 6120.79836424
v -5108.21596089 -69075.23435056 6497.01720082
v -4899.07402922 -69712.89953654 15960.18594684
v -5126.08294107 -68991.84141267 15697.31044395
v -5012.83577507 -68182.37538745 6646.87014490
v -5122.48968978 -68115.95921382 15315.77362460
v -6025.61701067 -66916.66635217 6161.95864827
v -5386.25554735 -67189.07698304 6548.99868873
v -5075.64630671 -67383.56520517 14997.04818399
v -5350.30952704 -66132.88056250 6802.47483389
v -4884.31116476 -66874.33455824 14705.47469976
v -5143.55235523 -66052.82421870 14276.74494005
v -5299.12760866 -65488.33020071 7016.68675950
v -5520.39806541 -64975.02502446 7061.26992490
v -4869.71030675 -65191.93940495 7408.79302988
v -5481.71792195 -65062.56638774 13676.07431744
v -4564.65578575 -65456.79474146 13783.16029555
v -4812.72552600 -64904.93328989 13409.81225452
v -4789.88972010 -64351.67006709 7822.01314126
v -5306.71838106 -64476.13158022 13092.04940634
v -4541.21461734 -64571.65916487 12992.15498921
v -4939.61371808 -64140.69380961 12584.29735102
v -4905.82109900 -63732.52895702 8128.47870980
v -4828.50937511 -63677.60977012 11812.90679753
v -5438.72071559 -63136.39414105 11187.86949325
v -5225.90332669 -63279.00660802 8401.88683597
v -6064.63474856 -62441.21432971 9339.37007295
v -5483.81246888 -62826.83719339 9038.70902800
v -6163.80595173 -62434.31971730 9885.76153428
v -5548.10544045 -62690.69589056 9865.74981494
v -5115.61767901 -62974.29338866 10508.38219054
v -4735.78461159 -89252.18994947 -1545.59039261
v -4605.25861707 -89872.75438609 -10.79030004
v -4322.24826703 -89811.09303390 -45.51164186
v -4503.64061726 -89854.72109231 336.98023569
v -3978.88159548 -89754.55519994 660.15019348
v -4438.59134254 -89822.49089511 899.75626744
v -4396.50175827 -88709.51152982 -1880.41538779
v -3865.18061211 -89285.25784779 -1277.91138393
v -3924.83509999 -89635.34739604 -349.26452646
v -3784.50682325 -89678.59588322 1457.82138649
v -3639.85905510 -89588.18547291 2410.97699182
v -3892.30379605 -89534.13943826 3136.34268571
v -4091.93248401 -89428.15168203 3993.24564272
v -4310.96708087 -89285.78080601 4828.07219816
v -4602.80723658 -89152.09043887 5499.68651808
v -4590.87143459 -88815.88389991 6316.39018283
v -4238.17339605 -88326.46434723 6960.15437435
v -3913.81594899 -87946.43608689 -2122.68494167
v -5039.04606270 -87869.65673970 8023.39473370
v -4352.92430556 -87840.82973127 7612.68582455
v -3669.07985244 -87292.29337944 -2143.63800903
v -4601.63965937 -87329.21573778 8334.85232436
v -4879.52275043 -86897.94541837 8959.08362459
v -4310.39289146 -86769.16334214 8683.10970007
v -4582.74071925 -86316.43930819 -1919.88588257
v -3771.72806084 -86525.87370650 -2016.03247673
v -4536.34879334 -86378.62915926 9237.32554647
v -4752.11448416 -85975.90942232 9802.74926126
v -4295.44267123 -85994.32630174 9460.50906437
v -4221.10213502 -85860.32915325 -1827.16027470
v -4199.66125668 -85118.64519331 -1557.46141915
v -4150.45762713 -85479.83691638 9896.25713841
v -4408.32796204 -85063.67461574 10669.09366956
v -3908.07126964 -84890.85462767 10474.72467650
v -3732.06770267 -84396.33693483 -1225.20848065
v -4101.99189353 -84488.43417280 11259.55300220
v -4261.32123569 -84194.44064036 11918.53256274
v -4310.49683948 -83883.80914301 12438.89111464
v -4652.33594538 -83523.54078369 13037.19331073
v -3998.31024139 -83410.81391399 12909.33296731
v -4261.50171475 -83675.09072403 -850.27679961
v -3793.45336952 -83212.27425636 -517.02212759
v -4300.63213265 -83010.16326637 13443.98374151
v -4632.53104944 -82838.05466599 13755.62177991
v -4819.16560269 -82159.22654998 119.31102895
v -3832.14432030 -82535.23381558 -41.68238903
v -4340.40519756 -82624.23781753 13817.24664436
v -4243.57552298 -82165.79259451 14051.72361215
v -4223.93738228 -81817.41245435 448.65612884
v -4442.46477559 -81298.65141335 848.28360793
v -3542.56286978 -81443.34440567 874.83599924
v -4605.02273123 -81300.48922023 14732.36337262
v -4120.23217139 -81516.94414213 14337.49804857
v -4216.58300417 -80824.45086843 1293.93687895
v -4083.26510836 -80225.79922879 1846.12005373
v -3821.21557322 -79673.22108988 2437.64522243
v -4040.96977950 -80741.39645457 14692.01650317
v -4276.61201932 -80047.72073678 15253.31071328
v -3786.59930432 -79211.08635556 2936.55882553
v -4866.45233116 -79178.07460509 16286.94607121
v -4374.80023612 -79421.09310244 15738.26305463
v -4024.69454310 -78786.09144836 3325.45566116
v -4577.00239398 -77757.56133557 4194.08345068
v -4208.21056364 -78218.81443350 3895.83286192
v -4084.88583002 -77844.48009275 4416.01932785
v -4101.92005780 -78605.17620779 16085.84024368
v -4534.42766921 -78013.21230490 16829.53493085
v -3920.15791733 -77856.26661971 16463.53379458
v -4454.61544896 -77399.55436046 4663.73437359
v -3816.33501601 -77152.24646354 5286.97755736
v -4208.90932501 -77328.12306615 16964.55607311
v -4761.71405320 -76957.32477503 17422.88866439
v -4249.69956591 -76604.68668285 17226.91970446
v -4366.61595943 -76355.10638528 5632.63776323
v -4097.31011610 -75730.65471965 6127.14886694
v -4912.67099243 -76356.68321890 17582.99135054
v -4438.85055524 -75745.20166124 17351.04146668
v -3928.73853502 -74918.97719592 6501.80759004
v -4369.29840810 -74729.58699972 17253.16099501
v -4051.24590315 -73958.39872805 6652.57780195
v -4295.18680463 -73760.99656835 17146.00508586
v -4154.79416606 -73069.79063019 6713.31553176
v -4222.68919146 -72884.26694553 17017.35861243
v -4220.46583675 -72186.57651484 6760.20080321
v -4105.00383465 -72165.93774211 16825.50486678
v -4118.45662448 -71514.21760691 6869.73321644
v -4253.05245734 -70749.26732215 6865.94465731
v -3571.10450868 -71337.24958668 7155.07211041
v -3837.21346445 -71603.99593025 16501.85516405
v -4462.86659570 -70804.37968900 16339.96904061
v -4359.89064783 -69753.27357655 6893.33344625
v -3625.58783009 -70393.27223330 7238.81748830
v -4527.93616057 -70200.13210177 16064.48627001
v -4029.36826863 -70525.75598118 16020.97535335
v -4169.71998186 -69841.09206021 15736.62229932
v -4431.01316757 -68753.51390971 6948.31256018
v -3734.50146561 -69382.02972821 7296.58943252
v -4125.79133743 -68890.46439233 15313.74187729
v -4532.71680576 -67769.96769409 7005.55674764
v -3824.98032607 -68389.22673317 7361.15915743
v -4376.23551691 -67963.83320129 15053.38213904
v -4659.19052415 -66760.56953395 7102.96854330
v -3904.11175980 -67388.90019521 7464.93947913
v -4460.57769555 -67360.90386578 14837.83289539
v -3912.69025597 -67700.59729619 14799.03383618
v -4077.45524118 -66954.95226060 14506.98434844
v -4829.37835896 -65940.59526979 7187.52855216
v -3991.14895792 -66205.66696512 7676.73201370
v -4004.25028724 -66139.30939463 14074.04631046
v -4156.11212103 -65115.41442292 7898.19978794
v -3795.93924222 -65618.10645356 13709.65195981
v -4150.18493000 -65081.46170833 13380.70248614
v -4147.64542224 -64539.23858411 8133.91181721
v -4348.42368454 -64030.50395688 8308.25319125
v -3743.93014479 -64425.42870759 8533.04016875
v -3811.69883885 -64751.39993676 12920.87444879
v -4215.38437542 -64244.99227999 12438.65972214
v -4596.68343620 -63575.57275741 8524.77476109
v -3958.59177692 -63824.98048776 8914.79106674
v -4731.60302504 -63285.24343865 11023.89441518
v -3937.92123803 -63616.01496081 11021.72276949
v -4475.61663754 -63217.79924185 10530.61113384
v -3870.78738274 -64000.23417309 11840.43073608
v -4629.78130192 -63286.55910570 9032.35918241
v -4716.30944940 -63070.01823940 9830.07392934
v -3981.83428549 -89747.48599081 200.06512941
v -2874.62134233 -88732.23123146 -2152.55991177
v -2719.25708752 -89119.03952243 -1392.93493492
v -2939.84501992 -89347.66615659 -535.45330157
v -3188.89676234 -89566.99886833 519.82282552
v -2808.87137270 -89530.06743130 1470.57625292
v -2918.47588648 -89512.83390592 2211.19925060
v -3027.96603604 -89440.29169093 3046.46021746
v -3229.97097212 -89341.70446257 3866.44064276
v -3436.30361978 -89170.85925554 4708.98450975
v -3766.67439472 -88902.37416419 5645.58322050
v -3827.04984631 -88494.31275953 6458.76178414
v -3145.17035689 -88331.36295524 6182.80572153
v -3151.90349212 -87794.91681109 -2188.18844961
v -3584.87631407 -87850.63988866 7031.60801080
v -2783.40492818 -87607.05060939 6590.23244350
v -3010.83139021 -87075.01514704 -2117.85757825
v -3109.03991545 -87019.91332822 7308.21263720
v -2453.08777481 -86729.62998899 6834.05588067
v -3839.57447172 -87060.08478156 7978.92425761
v -2962.88382061 -86300.39145057 -1979.25636951
v -2814.32453659 -86383.28506904 7437.76920905
v -2815.39790393 -85857.10793419 7822.52550384
v -3245.61937617 -86347.01314407 7977.30775036
v -3844.17318237 -86118.15500277 8881.50483960
v -3503.86959749 -85773.09172380 -1826.75575687
v -3107.59635400 -85142.75004595 -1574.85187670
v -3107.01912191 -85573.55533570 8494.74237804
v -3445.46285477 -85270.40777166 9339.89557241
v -3598.00205125 -84955.23178494 9998.69383692
v -3203.36981663 -84680.16003365 9761.17675146
v -2859.93346051 -84452.59260213 -1204.15506758
v -3402.56441588 -84389.02475999 10534.60619941
v -3446.04984832 -84002.92897249 11328.97368997
v -3749.15560824 -83913.24998967 11966.13311394
v -3765.18365764 -83634.23245982 12503.65553226
v -3435.39382892 -83482.21668465 12343.55792779
v -3333.18150125 -83806.64303263 -856.84844489
v -2790.84624640 -83259.09326199 -367.39643387
v -3552.36853701 -83304.97367053 12719.44243720
v -3649.26518313 -82925.67677402 13119.86587708
v -2969.62836612 -82500.44986325 141.72601560
v -3468.55938475 -82042.59868476 380.23983467
v -2760.53456023 -82010.49621537 578.77385556
v -3871.83113819 -82490.34033360 13624.49248823
v -3636.40419049 -81847.12323118 13837.17435680
v -2594.99036295 -81444.81552578 1099.59606584
v -3477.09295241 -81104.37261045 14094.42973846
v -3027.91889202 -81487.70009290 13467.38302065
v -2894.30478880 -80664.38512082 13767.60412062
v -3077.61782027 -80754.32468017 1603.04000276
v -3363.69354732 -80169.68059150 2061.11022470
v -2900.16807407 -80295.90284377 2071.54738516
v -3324.03973352 -80375.18113688 14338.63918565
v -3668.32708178 -80037.55033312 14808.83506191
v -3168.20019833 -79709.15822996 14558.85467348
v -2960.75430224 -79940.73839215 2453.04354286
v -3193.32142425 -79461.71212297 2923.81480776
v -3650.04506928 -79337.57617059 15208.76394534
v -3001.93633709 -79102.12823656 14751.00938681
v -3395.92246719 -79066.81248712 3301.20634753
v -3267.34283539 -78687.77689250 3890.06618517
v -3780.48972018 -77672.37814584 4800.34331841
v -3498.56373710 -78116.29453761 4471.51524920
v -3162.39637457 -77783.85168344 5074.20831668
v -3140.02241903 -78461.38234325 15310.07574240
v -3460.86819006 -77969.18661781 15979.08715404
v -2862.06076992 -77562.76581280 15624.05289687
v -2964.70768964 -77354.24772850 5631.05854396
v -3448.94405476 -77308.79187817 16390.37043437
v -3741.54148084 -76861.13003191 16857.08733460
v -3699.34781591 -76262.80333264 16958.87690740
v -3275.08293676 -76632.63206950 6006.48404703
v -3290.07063234 -75784.16135938 6474.47943467
v -3622.35408173 -75442.63153324 16954.81922220
v -3174.45280206 -75240.18476451 6737.75255744
v -3313.62597769 -74551.29559336 6842.90063617
v -2627.90995661 -75176.06474176 6956.41917707
v -3544.18183754 -74486.54819077 16909.96792103
v -3417.95460116 -73668.49103496 6942.94815393
v -2658.81523302 -74330.79449735 7112.33483212
v -3519.33457469 -73533.21515555 16856.80765969
v -3531.22342409 -72751.45855275 7009.71163302
v -2752.86844445 -73367.28947566 7228.38025971
v -3538.48461365 -72732.65445038 16783.09970327
v -3679.46681559 -72000.60949342 7030.66968956
v -2914.81646543 -72257.81358321 7325.66205861
v -3548.44173789 -72196.37829555 16667.91178549
v -2776.66027184 -71151.01421040 7557.77608843
v -3750.10061911 -71044.35877105 16166.20110527
v -3212.03623212 -71559.21674704 16127.03160521
v -3332.76834326 -70732.20695570 15753.03258936
v -3269.98166812 -72027.51959971 16441.69488220
v -2990.99985410 -70017.34520394 7628.41341416
v -3251.34744987 -69837.19750413 15308.63301955
v -3123.66851359 -69012.10854781 7697.57000284
v -3309.50168524 -69113.07984215 15072.17930441
v -2806.76189759 -69527.45980743 14974.21853856
v -2834.36142353 -68889.62658557 14776.97791062
v -3212.76332235 -68061.55691721 7781.65950894
v -3597.76796863 -68401.31747276 14941.77761554
v -3087.19063148 -67857.12731674 14541.56208337
v -3226.22077852 -67191.14725269 7932.58188175
v -3090.26763722 -66767.52171013 14116.16252663
v -2884.22526889 -66543.22560769 8332.06177526
v -3428.77532327 -65603.07481375 8237.42547975
v -2733.23623019 -65833.85727152 8682.94378471
v -3386.12129747 -66052.47147456 13866.06709527
v -3713.90219643 -64927.29090162 8272.60425620
v -3112.10608673 -65056.72049116 8721.52174231
v -3322.74257419 -65744.47158548 13657.75632438
v -3383.82228561 -65323.76051903 13319.57075657
v -3248.14594969 -64369.87165191 9061.76219873
v -3278.25261545 -64934.53801821 12894.79314090
v -3336.09501869 -64534.54199995 12376.91429815
v -3333.79360732 -63942.42950877 9552.76985192
v -3978.64362628 -63487.03879861 9625.54023915
v -4061.53570240 -63375.91437611 10253.61377818
v -3400.53357089 -63747.39678698 10298.10714766
v -3260.15140474 -63860.62943729 10895.17745522
v -3125.59155839 -64137.12029767 11490.55066500
v -1848.17417738 -89527.41266883 -3078.53644013
v -1692.52734170 -89659.22453780 -3273.24825226
v -1683.76859992 -89691.17471960 -3239.46741234
v -1814.69174699 -89566.29393117 -3023.36825377
v -2077.69888996 -89291.56345572 -2687.89618679
v -1857.75094325 -89427.52951955 -2767.82549820
v -1803.73727589 -89477.12067224 -3107.17486513
v -2113.09287365 -89198.55674558 -2783.98804285
v -1928.60555908 -89170.98965787 -2826.79290543
v -2017.30214580 -89030.55881458 -2037.41778908
v -1911.90412158 -89023.49125086 -783.44941908
v -2039.86280321 -89261.11921908 254.73910791
v -2082.69063312 -89389.12387707 1200.16906969
v -2110.22608045 -89398.84745557 2051.50865470
v -2201.38787117 -89328.81906406 2883.78884663
v -2387.15093267 -89206.52175007 3749.39548277
v -2702.03741034 -89095.31916211 4465.27103682
v -2726.11982475 -88736.89010125 5287.31659107
v -2390.94225846 -88097.95215063 5890.15216337
v -2212.23239748 -88783.48654725 -2519.11402914
v -2323.80761606 -87883.47781664 -2162.29308427
v -2129.81066862 -87381.86778252 6191.97882959
v -2280.07273189 -86653.45688623 -1949.66635812
v -1922.93759821 -86709.64909834 6322.73831826
v -2491.82325587 -86050.67369787 -1901.26515968
v -2868.62514042 -85759.55157759 -1835.93319649
v -2429.83501206 -85575.00040130 -1733.84272980
v -2446.07610784 -85901.67709527 7310.22856761
v -1976.80061831 -85963.72789041 6698.57345049
v -2334.89849044 -85024.33019448 -1457.45649188
v -2123.03915380 -85387.88664739 7191.04627750
v -1863.77025989 -85344.03997218 6857.03615401
v -2463.63374834 -85047.58367837 7975.27903229
v -2887.29045284 -84760.64482902 9046.37020300
v -2166.06506331 -84491.39151543 -1106.65626954
v -2619.47969611 -83973.40388990 -865.08542404
v -2035.47979229 -83971.95387776 -685.91361731
v -1835.63270243 -84671.10072891 7207.52533378
v -2105.05205952 -84214.19404983 8001.95768666
v -1998.67295684 -83496.20664957 8335.81823471
v -2386.54024280 -83982.57628151 8849.38409660
v -2789.47748068 -83962.70343088 9915.76763264
v -2959.84701739 -83608.98642166 10996.14022980
v -3193.61694058 -83475.54753495 11837.98282573
v -1808.28679985 -83494.40923302 -230.83566342
v -2114.13263083 -83068.86047392 9074.19989807
v -1848.57899701 -82712.31571530 8588.95031722
v -2363.65864915 -83295.50588379 9653.95737344
v -2446.90308167 -82937.93416863 10590.16998293
v -2674.89170767 -82753.90944213 11726.07822930
v -3157.37463752 -82911.28572655 12552.09189579
v -1985.54928462 -82761.69542357 262.09356552
v -1972.55162962 -81972.71922436 854.75244820
v -1946.70940689 -82425.23228185 9207.79989899
v -1761.76275954 -82045.86708472 8946.57744762
v -2111.96701360 -82503.29251120 9864.14593535
v -2127.45261614 -82184.46510379 10635.23006781
v -2248.14169228 -82178.84812349 11326.78095693
v -2350.20017901 -82048.57035107 12001.40057518
v -2276.88863599 -81667.42763507 12339.11289892
v -2650.73360222 -81971.24795927 12654.20579141
v -3287.09642893 -82285.79491424 13245.48111259
v -1792.18596449 -81421.54677938 1390.41340880
v -2400.77270735 -81119.19117879 1453.18396418
v -2134.39782011 -80864.12375719 1827.53484378
v -1852.05258255 -81819.59634014 9635.59556585
v -1951.23167040 -81796.42999141 10312.34273402
v -2340.84154213 -81473.86407877 12638.60337957
v -2467.87198940 -81028.64685022 13035.57127728
v -2664.24025483 -80199.99532577 2266.81041190
v -2482.33252911 -80452.92019706 2104.17220976
v -2368.67694202 -80132.04344175 2537.96229070
v -2863.79283003 -80023.36465734 14076.19956681
v -2423.37909419 -79983.70908046 13508.08772378
v -2769.05106966 -79224.60711166 3485.22530315
v -2494.89541649 -79707.33216704 3018.88630984
v -2478.27395309 -78960.21348122 4065.40316208
v -1888.43867409 -79478.02036652 3743.83907975
v -1948.07441731 -78948.74655887 4494.70609049
v -2677.80600811 -79414.17225520 14200.85008036
v -2288.58267793 -79096.27061855 13818.94291609
v -2621.98576437 -78434.11304788 4689.83027462
v -2451.96397058 -77903.77740345 5452.31916904
v -2538.24611727 -78607.03475749 14516.75678681
v -2603.58469010 -78026.04953077 15030.29983269
v -2396.07240397 -77534.78282026 15069.11110437
v -2486.24172398 -77454.39704228 5872.94054928
v -2768.80158970 -77137.02210362 5949.72957123
v -2469.14924427 -77072.42635726 6184.26201472
v -2905.12898182 -76769.10733184 16124.63837399
v -2368.72352699 -76792.31354882 15414.09055317
v -3332.55399043 -76683.73601178 16602.91994562
v -2730.39269086 -75737.93075977 6753.69136473
v -2597.88523149 -76391.19749159 6515.57175965
v -2019.38338532 -76060.87683560 6912.22318530
v -2585.98603227 -76065.01516163 16035.67476635
v -2192.25726532 -75983.14920709 15543.68901789
v -3117.21211399 -76094.36715642 16555.07672086
v -1898.84266815 -75103.91134954 7190.36853544
v -2352.36315082 -75465.61993479 15932.18236271
v -2344.86048267 -74722.32801119 16007.05165443
v -2869.96524923 -75216.37442404 16457.00599275
v -1933.77187419 -74105.54024752 7366.50354727
v -2872.37313932 -74153.57835170 16503.38918600
v -2341.08047895 -73789.69164008 16020.43321051
v -2038.24157578 -73095.74207145 7515.49330610
v -2897.57779285 -73145.91366666 16460.93004745
v -2384.77482639 -73020.73614829 15994.20685726
v -2010.79503883 -72123.76819287 7706.23428991
v -2768.83785743 -72336.04594672 16158.08434251
v -2225.36160073 -72534.93775023 15675.84453702
v -2509.55657940 -71639.10486821 15582.11062597
v -3164.51936987 -72480.49189192 16551.44308725
v -2027.92319426 -71357.88591396 7854.90716442
v -2219.64293741 -70575.79810852 7918.32229399
v -1514.47681012 -71136.89532114 8075.35810569
v -2588.14674961 -70674.23980235 15248.56104328
v -2386.99634354 -69596.34750380 8014.45733080
v -1532.89592661 -70169.17232255 8282.89781425
v -2562.40903414 -70052.86541999 15015.48758506
v -2115.50711018 -70481.92738078 14849.78669501
v -2165.03618253 -69703.66796229 14657.70434052
v -2541.24087880 -68637.97222510 8096.31827440
v -1825.99949009 -69144.44048406 8392.86393442
v -2124.82003536 -68692.92156523 14393.09569425
v -2649.92505397 -67773.73848442 8183.60567417
v -1998.40725493 -68232.29893916 8492.37905168
v -2050.98548275 -67574.17991354 14095.81272153
v -2733.27092806 -67205.23577533 8247.38343922
v -2180.02601292 -67322.04828122 8596.81736533
v -2338.15308466 -66767.55763032 13901.34859476
v -1867.95892798 -66966.54984093 13868.12936537
v -1993.43900198 -66475.21596540 13655.93446907
v -2346.83916743 -65522.81000409 9166.23593367
v -1912.66746613 -66459.29235238 9075.48433587
v -1715.30988526 -65788.06007422 9602.24254629
v -2765.87885101 -66032.16355044 13616.55584207
v -2094.88327970 -65942.56417990 13307.80493331
v -2636.08607066 -64830.63536319 9321.57802173
v -2025.75225053 -65193.85571999 9741.66851715
v -2626.70969330 -65255.18631675 12881.09643957
v -1762.68260248 -65657.66703060 12902.57831256
v -1990.99332201 -65159.84839301 12413.67669565
v -2842.39474839 -64348.44543012 9542.83486922
v -2368.46464129 -64623.78324839 9891.04894948
v -2531.36216725 -64694.75730659 12064.48394031
v -1832.63376630 -64904.15578121 11751.84324839
v -2422.28859808 -64448.78320315 11416.07473273
v -2790.06214858 -64165.05136613 10055.25098757
v -2727.35524761 -64151.79443029 10784.08995789
v -1610.76585269 -89727.39589728 -3333.25979487
v -1607.73676000 -89720.53173070 -3275.55304167
v -1699.02476176 -89620.97656518 -3090.02427603
v -1776.08291560 -89368.75118534 -2791.80708195
v -1652.11741949 -89638.56406237 -3270.64121125
v -1889.80226054 -88805.09180497 -2418.81055458
v -1723.46719890 -89433.54755406 -3031.98596800
v -1655.94051059 -88538.95162573 -1803.32104151
v -1498.92911220 -88622.26548457 -1237.77659023
v -1191.32517127 -88648.89324352 -569.01509699
v -1014.65254293 -88875.09586277 175.20340148
v -1147.37971133 -89156.68024271 1066.52752072
v -1277.52816725 -89241.08908298 1925.75430553
v -1479.93493382 -89227.65163053 2648.43743541
v -1432.57905987 -89010.94189138 3544.03285271
v -1931.81906528 -88804.21220874 4547.85331895
v -2000.27709306 -88397.27920379 5293.37835410
v -1401.13767993 -88248.33065510 4937.58023563
v -1651.64161036 -87996.79296426 -1840.97003223
v -1298.73968245 -88100.02687394 -1352.07467928
v -969.47860788 -88195.83849054 -793.29975043
v -1744.21569275 -87837.89726692 5590.38400196
v -1131.44264841 -87540.58652417 5213.10954490
v -1669.51299230 -87120.89129737 -1743.00831823
v -1200.63501197 -87426.51658115 -1365.46927319
v -898.34842967 -87685.62357643 -970.17578616
v -1565.73514410 -87099.26849748 5820.82437290
v -1028.93987217 -86686.16254742 5463.28711221
v -2104.50068093 -85989.50626785 -1806.50470343
v -1632.00719959 -86154.28777620 -1615.44305777
v -1498.39330816 -86274.84154554 6063.88770444
v -1000.86680359 -85771.13901247 5706.26595932
v -1913.19403295 -85538.60232648 -1604.45341514
v -1509.12721601 -85510.69346438 -1422.24429518
v -1497.04265883 -85348.10105076 6408.11222137
v -1006.04653417 -84978.20352769 5947.98721830
v -1761.61454351 -85039.25439193 -1320.78756277
v -1575.54174140 -84610.89149959 -938.38744935
v -1379.33922449 -84142.11896144 -481.34100384
v -1276.35396917 -84415.13082413 6503.69001161
v -1498.48332240 -83736.85603100 7162.59258378
v -1040.49332282 -83503.86747067 6531.29702587
v -1827.48862162 -83853.91869916 7700.69614830
v -1247.99115438 -83679.53430898 -92.53420799
v -1473.29143602 -83294.75279336 65.92077219
v -872.26395049 -83333.72043611 362.23331266
v -1304.39275686 -82816.15540693 7277.99873750
v -873.95275151 -82525.81021502 6633.97991228
v -1676.15245660 -83126.64201651 7861.43636873
v -1435.52724229 -81874.83727738 1110.99895006
v -1231.77121599 -82385.81608946 819.14815720
v -718.05598581 -81737.85384024 1453.07508544
v -1147.78761292 -81845.24051829 7409.61820724
v -782.83064463 -81540.41068059 6799.31285622
v -1527.78566420 -82115.73743188 8194.35345097
v -1965.46895013 -81481.98033354 11098.05102536
v -2118.29881203 -81589.61744772 11859.90872732
v -1815.63818472 -80468.64038247 2454.00546703
v -1262.47001557 -80935.31585484 2086.87985089
v -1408.71810288 -80247.08167600 2990.13266752
v -1247.49734460 -80523.42519484 2653.26149783
v -1019.92580293 -80305.92335136 3015.62117305
v -1013.26240919 -80957.99690775 7480.69708779
v -774.21181549 -80754.00781345 7008.71201657
v -1286.69881508 -81072.10203601 8221.96261475
v -1572.01412015 -81179.81534588 9198.92055088
v -1741.32752325 -81001.40790237 10379.91866523
v -1795.35941490 -80688.18412072 11289.93256772
v -1952.55529582 -80906.24139768 11890.07717147
v -2161.55299881 -81186.68500236 12420.63892189
v -1888.71028652 -80008.99296124 3024.73273720
v -1102.90912396 -80071.02207041 3326.02596129
v -1457.44550343 -79928.02603292 3391.13371253
v -1071.95500025 -79711.35258685 3794.91966108
v -905.24242191 -80326.90416104 7467.13176237
v -880.72238492 -79784.52958501 7744.47218092
v -1067.05422595 -80165.44740484 8135.12146958
v -1286.55322176 -80158.64776572 9055.82185898
v -1474.47970802 -80076.91384553 10094.82041564
v -1629.59787054 -79995.92103499 11113.42571247
v -1811.31263069 -80061.60985704 11983.67857238
v -2087.94644057 -80408.06972380 12645.26865490
v -1713.07725992 -78569.30997821 5300.92135113
v -1134.44376930 -79240.26920512 4623.21687254
v -1257.95956410 -78442.83627058 6096.35411039
v -775.57248844 -79152.45937313 5622.27111999
v -833.71691794 -78940.17856797 6322.11096151
v -923.42509405 -79453.12616790 8241.24305398
v -817.82984697 -78902.67910160 8630.25209968
v -1042.65396220 -79390.24667863 8878.73570518
v -1184.60305941 -79089.21388401 9909.44201335
v -1408.40020123 -79075.45862210 10983.93090654
v -1626.97909335 -79109.85445212 11980.08396663
v -1958.15073646 -79286.36472294 12967.97403573
v -1928.41709616 -77755.77329757 6030.01440364
v -1005.40121311 -78386.42803875 6623.78206105
v -1364.09077981 -77747.97996628 6579.05217830
v -878.61742068 -77853.93168226 7045.02720693
v -874.20645058 -78586.66206334 9369.93575035
v -972.63652499 -78264.86260923 10119.98703053
v -894.84541796 -77736.83071329 10522.88761007
v -1141.87839007 -78108.81361260 10908.85849860
v -1391.59348781 -78121.84881478 11912.29170836
v -1668.27437340 -78174.78486584 12905.28294863
v -2039.87751576 -78226.23340829 13898.25084028
v -2288.25265726 -77943.35674763 14628.71064007
v -1922.49026342 -77007.74409619 6561.80893068
v -1282.15405884 -76957.89857628 6963.19735578
v -936.54957663 -77362.21434022 11060.94516553
v -789.07045879 -76691.45363828 11394.85010890
v -1117.06461076 -77155.80510708 11840.63156917
v -1401.64930157 -77171.00023994 12823.64437618
v -1718.70722131 -77202.12151160 13799.64396084
v -2074.18455298 -77324.57135737 14608.06590971
v -1169.81541852 -76000.27844449 7202.27393102
v -938.66094110 -76370.30743865 12045.95287656
v -693.58646366 -76008.04153944 11799.04944576
v -1142.43390283 -76331.39657393 12701.40197106
v -1417.36903015 -76112.12206499 13713.47610241
v -1870.57072223 -76261.04132875 14758.54192125
v -1018.46508096 -74912.46590258 7400.28917619
v -874.84540711 -75714.91041256 12482.16481827
v -1089.91789669 -75531.42538390 13245.11561031
v -1251.52110656 -75234.35251300 13894.25401767
v -1225.79769663 -74546.47862764 14160.91584531
v -1567.13157088 -75122.99052243 14632.38425177
v -1998.86448920 -75320.31953717 15421.95509488
v -1250.68290322 -73785.98354436 7599.45411854
v -1509.93075189 -74055.02804089 14820.49330310
v -1173.71038108 -73731.24872409 14247.21607820
v -1905.58694556 -74384.97728225 15431.79302753
v -1373.51716883 -72900.02328783 7755.07559558
v -1476.38735302 -73261.40543022 14801.83498160
v -1196.04930836 -72850.31618688 14310.09150756
v -1904.34907765 -73338.24262686 15436.31494749
v -1357.18145864 -72287.73265754 7889.04176124
v -1571.71679518 -71774.31625480 7933.46022184
v -930.21114278 -71918.33173935 8041.48409824
v -1756.86302668 -72384.70355162 15037.16742516
v -1293.49888002 -71846.45351363 14352.08953635
v -739.96823566 -70972.92213956 8283.95458321
v -1925.31345112 -71281.37587511 14919.61739959
v -1464.97600514 -70670.60867166 14357.38020005
v -807.22927218 -70182.25110231 8504.70445711
v -1112.09442293 -69512.83290523 8613.63159859
v -518.21806005 -69763.28381270 8689.73566086
v -1382.39345624 -69552.75707831 14161.00198634
v -1289.05869468 -68673.62559129 8748.98957938
v -575.38091138 -69073.62171927 8869.28310832
v -1323.11335842 -68525.92583529 14016.21011211
v -1452.13082212 -67813.57371918 8894.30410422
v -677.88594206 -68200.33902300 9088.40098218
v -1245.47816382 -67750.02735296 13880.79415242
v -1615.73683854 -67205.35139875 8988.84061152
v -905.01264920 -67187.86864754 9378.13341355
v -1587.28400163 -66780.90702937 13703.36765920
v -1460.14059290 -67197.25352120 13828.69079828
v -1400.45546224 -65525.26380872 10172.68899148
v -932.63922569 -66213.52163851 9932.17078615
v -858.31022506 -65690.74855485 10568.84964579
v -1300.70089317 -66884.24726670 13651.39762164
v -1409.85935861 -66366.36774054 13367.29714358
v -1801.09411921 -64939.38416666 10442.64784649
v -1159.16605431 -65322.77767557 10829.88721302
v -1254.20636101 -65898.16393738 12936.72291076
v -1308.16693932 -65476.62841665 12415.23726044
v -2310.60593907 -64455.46694578 10412.60244128
v -1483.28703608 -65018.79679327 11190.70506948
v -2060.79928883 -64609.13809402 10989.68033481
v -1224.16331550 -65216.52610885 11768.21521756
v -1604.71081180 -89675.50001874 -3273.56898888
v -1641.75730023 -89615.02909555 -3145.50377884
v -587.65913127 -88345.35133242 -177.07647455
v -181.59774479 -88542.98015613 392.19673167
v -95.95454561 -88860.73645398 1084.76724188
v -459.47338492 -89070.52117176 1802.06859125
v -508.87877682 -88979.04736783 2791.13670439
v -588.14440408 -88644.42095639 3729.73453719
v -103.30143466 -88697.20762084 3363.67691140
v -1163.31575541 -88594.56005635 4280.96987261
v -380.16899762 -87604.90145369 -431.23855332
v 188.07861730 -87996.54232956 152.63659177
v 167.43647401 -88289.84875905 3790.89799386
v 66.76779494 -87532.17549591 4315.35056602
v -633.98265934 -88035.90442628 4469.38443639
v -1116.49965299 -86573.63682522 -1270.00291090
v -699.92806232 -87012.32129555 -859.51428420
v -155.53451713 -86735.47632034 -385.39626885
v 431.77878052 -87126.77699987 4.24452514
v -520.74833991 -87132.63280358 4862.23548887
v 55.62984079 -86665.39889282 4588.27387578
v -1145.91647176 -85720.98675073 -1176.05262269
v -541.75546076 -86000.90457443 -652.76497823
v -39.58170394 -86182.90829304 -279.89698789
v 263.64413773 -86460.62778370 -102.94507688
v -487.91764182 -86191.47451510 5104.66453767
v 56.62910086 -85716.23816468 4759.20498467
v -1348.09308332 -85157.56187655 -1152.94383674
v -977.72227460 -84982.31030779 -702.38013076
v -52.92835259 -85735.78433512 -220.99493446
v -302.62530969 -85108.00462611 -214.91333043
v 319.16985314 -85426.81746038 82.93204490
v -482.65064671 -85114.90843639 5344.12591374
v 109.05364579 -84761.22273445 4867.10344245
v -762.17555728 -84244.92092234 -135.84075196
v 120.84613379 -84331.91346391 348.80544222
v -259.98053972 -84145.46462769 5328.65386220
v 155.05347564 -84014.95635873 4953.58015428
v -763.16515142 -84236.93764761 5892.19862560
v -39.51961953 -83407.41502545 703.92750922
v -48.08402701 -83513.18359104 5262.08528523
v 24.87742225 -82775.67242534 5422.46745754
v -489.62716045 -83262.61063659 5851.50366625
v -375.73818898 -82696.96306529 942.70606704
v 323.18596414 -82331.48244846 1313.22001811
v -405.49269821 -82146.34252685 6081.55297027
v 149.74102450 -81804.96766095 5606.33588440
v -362.26507605 -80909.75935029 2201.38287049
v 458.59941861 -81348.06852127 1842.71452966
v -770.56100156 -80516.28640317 2689.17322505
v -381.92049191 -80964.27501692 6339.12310044
v 349.09816324 -80772.68693802 5722.68724983
v 302.45988187 -80600.12446656 2378.83844787
v -119.65282842 -80273.41127207 2815.00130570
v 654.09902215 -79920.10248753 2859.25494802
v -606.42150274 -80010.75189860 3346.58951054
v -414.21478670 -79770.05603083 6238.96421783
v 214.39736460 -79700.25849881 5658.93603726
v -700.12500841 -79934.84261804 7080.78609026
v 134.48226703 -79637.01710584 3478.68410144
v -294.51033480 -79409.31661906 4261.82391247
v -313.78024878 -79302.00058340 5090.78172474
v -727.40033019 -78865.96347794 6988.97020780
v -727.05368791 -79017.05459779 7879.98090976
v -513.69520387 -78077.14173657 7693.81115058
v -444.69622388 -78068.23611118 8810.70429779
v -684.29926495 -77818.66306636 9889.86544360
v 643.48538886 -77212.63299371 5921.22646952
v 723.68279780 -77279.87761145 5725.89475573
v 658.22807133 -77417.69570244 5851.44085394
v 618.34655602 -77152.65371493 6238.98412864
v -412.36443540 -77023.16447505 7292.50822650
v 139.99380421 -77601.55120457 8081.11966206
v 199.68582837 -77419.15078651 9044.54532666
v 617.96273785 -76861.42917441 9652.74316612
v -162.62278421 -77121.22932662 9891.23394542
v -645.75493831 -77143.59030360 10625.53463503
v 744.70482407 -77094.38411302 5904.71835856
v -437.43817327 -75897.48626246 7253.31756440
v 237.81422854 -76405.74488478 10259.85213070
v 437.34983232 -75689.04413169 10683.74682608
v -278.92947067 -76151.53825473 11003.17148313
v -11.03900250 -75156.29523666 7344.78945367
v -475.38147468 -74252.21899437 7607.64905607
v 114.66319112 -74435.59169501 7568.36310823
v 52.75893666 -75054.19066053 11385.08189778
v 565.76818628 -74878.09673973 11083.54127296
v -491.58262065 -75158.32949921 12088.16105434
v -840.90659271 -74953.21617353 12994.08590100
v -1055.06011396 -74901.50409657 13599.27963698
v -705.59772403 -73366.11662811 7781.72012683
v -31.33286137 -73734.03159259 7726.76027212
v 310.38019456 -74407.14059690 11498.30083684
v 486.63226050 -73751.64930281 11761.00367279
v -98.27753596 -74114.17442901 12113.46707017
v -605.76296164 -74188.81125306 12895.62436708
v -942.38541987 -74285.44233002 13604.66577747
v -914.67475575 -72660.47691829 7901.96367407
v -239.37895557 -72749.58483273 7910.43494838
v 89.05140856 -73097.18421782 12374.03350043
v 589.32217066 -72929.38375080 12107.59534489
v -412.36347827 -73244.15413313 12940.98927212
v -839.58914384 -73452.84763067 13624.32913893
v -165.23013552 -71760.27781653 8114.94554006
v 274.45807367 -72435.80215583 12479.42380099
v 362.72340886 -71717.43267630 12737.20439441
v -211.17885409 -72208.11328657 13010.10644972
v -778.38538312 -72494.57549576 13668.06741474
v -111.18031517 -71137.99330191 8280.10647738
v -192.69285345 -71128.72816448 13257.59549225
v 313.15287874 -70870.98583867 13043.58569561
v -772.02861830 -71445.49241131 13734.40301407
v -36.24180271 -70436.70856712 8482.83962827
v 40.07195699 -69547.97606502 8794.26372235
v -92.64434214 -70219.86235369 13378.79020366
v 547.31939086 -70133.92938241 13202.96992632
v -738.07670873 -70383.40363046 13764.32038814
v 209.74829650 -68659.42600667 9074.72037539
v 81.24243705 -69544.91713675 13428.25365647
v 55.76158123 -68743.68233402 13581.04852419
v -570.38482070 -69312.77512710 13720.68749395
v 4.97393667 -67699.82414013 9408.38875088
v -659.85216108 -68230.78108991 13747.82672787
v -140.47907165 -67851.98681857 13639.88823359
v -159.88424244 -67040.32405980 9719.82687524
v -477.27616955 -66725.85274229 9811.68192637
v 80.20338797 -66363.10933032 10158.28296481
v -822.35109713 -67187.45358573 13601.96506325
v 115.72224309 -67042.33270955 13556.01339953
v -543.58517640 -65514.25130145 11250.58605072
v -310.91324416 -65831.49896583 10681.38597580
v 16.69511714 -65502.71747570 11273.46617988
v -602.86978553 -66171.66054793 13011.11048764
v 217.16532879 -66265.34754028 13293.72708990
v 177.79579099 -65681.64177214 12767.44721885
v -986.67186336 -65302.87812202 11417.49884896
v 39.53936453 -65409.12449097 11910.58047788
v -622.88202224 -65526.49872695 12078.85427800
v 576.17585711 -88434.08673593 716.44075807
v 838.77866427 -88740.66070706 1310.07866424
v 645.56733370 -88894.44250132 2134.00086837
v 451.73195348 -88701.96061598 3086.64524860
v 1216.46642748 -88747.07457900 2861.80633088
v 1267.69891187 -87749.92232701 389.65129983
v 1252.36092363 -88342.24871902 3544.57448070
v 680.88520694 -87796.48884507 3972.64034084
v 1310.35934305 -87549.39198686 4042.36881798
v 1033.50303716 -87006.15117033 203.02800538
v 651.58218840 -87093.12514852 4228.01471642
v 1266.82913140 -86632.92157862 4227.31956259
v 263.11886565 -86005.79730700 -61.57924213
v 821.93881790 -86254.64622777 151.76327247
v 597.82869808 -86220.37962216 4384.72795832
v 1030.89858600 -85812.18557021 4287.39429555
v 1051.56554533 -85172.23793470 415.04065318
v 587.45369648 -85309.18775926 4482.98698104
v 1137.22337847 -85032.28952592 4338.44311290
v 929.49987094 -84348.41630339 658.06329934
v 624.34684669 -83685.67590466 811.36948749
v 1355.00648377 -83929.67057168 889.35533077
v 641.39781997 -84291.46990770 4596.92908081
v 1267.87168193 -84141.41355229 4406.96137131
v 317.23785076 -83033.76913932 995.20611291
v 1083.86485615 -83065.19396230 1135.02504629
v 904.51964808 -83423.54798762 4621.42355592
v 1411.08869052 -83376.34869545 4500.68007813
v 375.79574527 -83416.57878427 4930.38704894
v 1232.97599145 -82119.73104044 1490.01663920
v 1124.82615113 -82844.81977761 4678.77402698
v 1151.55168762 -82227.00740377 4905.70695578
v 632.41645194 -82572.97738536 5011.05613002
v 1569.92360603 -81196.02486171 1874.46161247
v 747.62184796 -81659.51022545 5259.52404749
v 1253.38726066 -81602.46344383 5151.18365861
v 975.64320949 -80567.87741344 2275.85010804
v 1385.59491957 -79951.54628973 2622.65306413
v 982.50049407 -81105.90526016 5412.37685951
v 1201.88691713 -80472.30337045 5733.14161762
v 723.10802853 -79267.08487374 3476.30261822
v 1313.69420390 -79222.04729526 3188.23553312
v 520.11806294 -78930.90758550 4218.68420250
v 435.73472686 -78959.97684937 5307.51877505
v 1064.76087744 -79481.97770118 6001.76146636
v 1016.76627196 -78684.87746989 6347.19478760
v 1617.43683832 -79163.93269782 6687.84442051
v 1076.40903589 -78690.31317271 3820.65546799
v 949.21965081 -78335.01731041 4386.59604565
v 717.15899374 -78268.26961770 4996.95451546
v 1023.44120388 -77907.91729917 4798.34131674
v 679.52327504 -77935.56476291 6014.93458500
v 1477.62868502 -78564.93570675 7156.84574824
v 947.72426201 -78076.08591397 7003.82306896
v 1342.52967803 -78146.33701922 7657.30635168
v 869.16108387 -77762.94082181 7825.27735237
v 1523.76459318 -77912.87409830 8349.56608398
v 824.69475483 -77615.25987269 5416.23256924
v 1235.01349257 -77447.07690715 5067.11574676
v 444.42357990 -77409.90669522 7052.25420571
v 930.55643230 -77450.11515647 8802.36856994
v 1315.84861075 -77024.04062481 9497.79608753
v 950.51261513 -77175.62804156 5602.97259880
v 968.34233636 -76744.73019003 6069.07066143
v 403.57053995 -76345.85501167 6865.70713274
v 1307.29043425 -75974.22433616 6440.28313422
v 679.01495009 -76237.00942615 10169.62431512
v 1235.35326523 -76398.78973012 10024.43503331
v 790.06144572 -75352.32947871 7058.35811324
v 501.08934625 -74767.59252268 7397.84198742
v 1016.80433752 -74622.16011362 7255.84453058
v 943.77629111 -75867.56624615 10379.41831044
v 986.53955274 -75301.42679951 10734.23498660
v 548.15260050 -74145.37885298 7553.06398560
v 1110.79311467 -73844.06923811 7416.56179944
v 648.39377093 -74314.43589369 11331.59778988
v 1054.92522480 -74588.23445755 11117.16217353
v 520.20257214 -73320.66509688 7708.45548560
v 1173.26937608 -72966.45141567 7560.65952330
v 897.15684099 -74030.78497452 11424.77919045
v 1079.31681412 -73485.95458806 11761.00614731
v 515.88630833 -72373.43591344 7883.21085566
v 1257.93994110 -72028.22540471 7729.01619828
v 615.61881958 -72310.40038395 12347.92340977
v 1063.11719871 -72593.43380801 12184.08692422
v 530.68573676 -71349.97563040 8128.04002459
v 1397.25265456 -71144.61917764 7936.86611978
v 837.58405473 -71953.46648556 12462.63862822
v 960.11007886 -71215.18512535 12830.28596586
v 873.87141398 -70518.52915534 8324.59419872
v 544.07411808 -69942.08104983 8618.32331533
v 1181.24226978 -69816.98900958 8530.73228292
v 1202.78298313 -70294.76678450 13228.98418628
v 702.78333708 -69331.96804335 8829.66761042
v 1330.54933022 -69175.07271324 8775.65353081
v 447.01298144 -69353.77297798 13396.26034017
v 907.98546389 -69504.42240192 13416.47090182
v 943.66855281 -68756.88551797 9019.99708731
v 1080.08258163 -67882.61116074 9293.51493214
v 620.39990300 -68882.63909391 13539.35456607
v 555.97672413 -68055.49779500 13712.99165301
v 485.75940200 -67097.38628456 9736.57554800
v 782.66549388 -66496.55038877 9993.90453152
v 795.96763191 -67269.36092183 13862.20712840
v 787.54306251 -66488.56599118 13744.69688515
v 1243.50420064 -66925.94536814 14142.41464862
v 341.59719279 -65604.91553213 10871.72724230
v 885.93660827 -65712.59678678 10394.39557455
v 624.58125071 -65935.00289198 13355.59081796
v 1050.20885846 -65865.50313644 13692.29965120
v 1566.67196166 -66092.87071050 14243.99301037
v 847.71810651 -65042.92086271 11039.04631689
v 1263.32772731 -64829.38864272 10644.83792535
v 549.26277103 -65108.95074628 11615.38523429
v 653.86410017 -65120.49966237 12434.88661681
v 954.38811840 -65354.96372237 13225.61258400
v 1427.95843035 -65445.04200283 13806.85066535
v 1148.15448384 -64504.30043070 11109.09550537
v 1439.33911664 -64195.53591251 10901.20464091
v 1003.21287059 -64539.29582944 11543.49226104
v 1017.02434309 -64567.26518573 12144.84762879
v 1347.50927942 -64035.77486303 11392.67940078
v 1271.79815709 -64112.64689428 11884.79501555
v 1425.08287343 -88489.44129862 974.14363919
v 1619.23686038 -88820.75848586 1646.17173910
v 2040.26911377 -88886.84642395 2468.42756564
v 2093.42286325 -88920.77276296 1904.88038308
v 1706.98312938 -88693.83157960 3077.69634269
v 2359.37787473 -88630.03738776 3449.27771244
v 1992.93091521 -87849.61353605 364.29081960
v 2570.22649654 -87766.83862409 264.21536031
v 2231.29478232 -88309.54091735 657.46421381
v 2032.42047254 -88686.57034816 1185.28660469
v 2262.89071438 -88883.68323662 1570.60730440
v 2206.82997023 -87997.24833859 4128.40682081
v 1909.21198720 -87215.79754452 4310.41988175
v 2499.83816368 -87512.68110349 4591.92866073
v 1952.24887259 -87488.76194949 266.85372133
v 1636.49941020 -86858.39045627 247.16085598
v 1856.83071745 -86552.55371844 4364.33719695
v 2438.83764296 -86816.27519328 4726.32089540
v 1606.42492331 -85978.13311386 321.65069029
v 2123.45884060 -86136.25708766 4511.00021259
v 1608.30512912 -85791.43859304 4312.02433229
v 2074.11223542 -85253.81249983 503.62251083
v 1509.64116075 -84607.64582986 685.80894092
v 2156.59788248 -84283.44279858 809.65449772
v 1707.52252262 -84813.39371098 4376.42057516
v 1846.15291194 -83521.39762562 1045.88752786
v 1797.19765553 -83940.67177284 4477.86891095
v 1927.05688925 -82794.12107166 1254.94691442
v 1814.51273079 -83253.31955796 4601.44454961
v 2097.28721004 -81977.66080289 1500.56973373
v 1527.15103981 -82732.47540014 4691.22699013
v 1618.23754255 -82096.02231373 4985.45174672
v 2406.21233901 -81313.49729055 1716.51264871
v 1630.44068179 -81544.33748185 5244.48940276
v 1371.42547208 -81140.78317901 5382.77677865
v 1766.94293288 -81115.96670945 5569.84336468
v 1615.90397192 -80473.07539102 2254.66608791
v 2312.81793568 -80620.05400211 2163.56766755
v 1908.53593868 -80636.81109007 5947.27110266
v 1939.78878173 -80106.86372995 2507.41023695
v 1946.59700970 -79537.04026192 2894.23937611
v 1959.24669054 -80005.31856438 6402.03735630
v 2183.26866203 -79428.50237913 6995.17357064
v 1554.42778606 -78542.97623855 3629.75466614
v 1985.43701988 -78793.09127786 3327.72049071
v 1491.31142045 -77949.72054401 4284.71322289
v 2053.66542828 -78950.69383308 7341.64271463
v 1983.62962368 -78448.50095265 7969.53791844
v 2137.05999507 -78111.31805054 8657.64128681
v 1981.56192738 -78170.49029457 3759.31287512
v 2361.98740048 -77477.81262814 4177.87330333
v 1852.84370756 -77138.30037685 4924.79634929
v 1372.44466949 -76955.39426183 5505.38750829
v 1488.03736776 -76521.09521476 5887.52468594
v 1792.31524900 -76687.78811444 5500.26634565
v 1983.37519563 -76164.84295654 5854.57549038
v 1938.18539697 -77579.12383961 9202.89654340
v 1888.88508269 -76840.48840244 9903.89099525
v 1987.67773158 -75437.46468390 6332.84708953
v 1812.35378051 -76238.41189042 10318.31632128
v 1466.95296968 -75113.70144638 6833.00107995
v 1603.60627712 -74353.63917549 7044.08688975
v 1423.57613820 -75758.85458714 10487.55227292
v 1526.13149199 -75099.14215654 10930.28937385
v 1731.21379163 -73527.93696341 7175.63022419
v 1527.51872125 -74499.86834312 11266.07052904
v 1248.24266528 -74098.39414899 11398.14375014
v 1660.86809581 -73959.81872961 11677.60344974
v 1854.12476622 -72625.45786791 7310.00583974
v 1613.50830950 -73137.19307679 12119.23270552
v 2044.47224648 -71667.56654373 7469.63588738
v 1499.63997091 -72427.16031269 12382.79530401
v 1196.17658811 -71994.01094784 12468.26350294
v 1582.41221137 -71822.37986993 12750.47482748
v 2005.82694166 -70898.37814919 7767.16738527
v 1611.24340408 -71002.45363502 13149.46544715
v 1638.35408592 -70368.25814216 8141.75207000
v 1990.76499517 -69486.90317543 8374.70747775
v 1652.89717829 -70324.03300469 13431.21179294
v 1492.35385885 -69618.33731138 13642.80362268
v 1872.37531043 -70040.10838152 13736.54436709
v 1746.87642425 -68908.61516244 8768.78525592
v 1390.88327489 -68638.91608940 8986.90101620
v 1811.88434836 -68365.54616022 8942.47820719
v 1109.60753972 -68783.20380046 13749.95233165
v 1903.07014733 -69570.21991217 13997.72332420
v 1755.75040760 -68839.96198870 14198.43639523
v 2138.72931812 -69351.51483915 14361.01361262
v 2027.88269980 -67649.41111894 9070.68516225
v 1319.33495139 -67824.44326272 14148.89215580
v 2355.65050533 -68820.03635678 14828.28916478
v 2011.39188442 -67964.52733763 14721.76199679
v 2489.30448839 -68082.33784819 15186.22320377
v 1086.19153155 -66953.65258318 9695.75334947
v 1686.73355611 -66936.58075190 9449.07434029
v 1852.01771013 -66959.29698346 14657.75293302
v 2433.93779248 -67340.06077019 15207.70210417
v 1343.02102576 -66252.83856118 9881.43354863
v 2006.69571383 -66002.24691675 9562.38535944
v 2033.73516017 -66272.14453635 14753.40845154
v 2575.58113551 -66384.15642022 15231.03606243
v 1579.99921415 -65338.72927526 10085.56551302
v 2224.96693723 -64982.02579000 9668.67597410
v 1257.52597685 -64633.22207320 12847.30930879
v 1619.83743837 -64817.13899498 13540.15112685
v 2088.07768392 -65114.39256337 14210.20522976
v 2294.27111746 -65723.76089040 14765.24007837
v 1832.79449359 -64262.41555015 10323.30134588
v 2537.56032339 -63907.51871085 9655.60735612
v 1506.50534789 -64005.51601180 12420.16514555
v 1943.31671688 -64023.49069015 13161.09967166
v 2224.53264097 -64399.49809640 13814.32260057
v 2248.10445594 -63235.72344447 10305.54937468
v 2821.73772441 -62808.11016493 9758.03596304
v 1809.78824397 -63497.14350314 11039.91816833
v 1660.56580356 -63584.73516912 11833.72192848
v 2101.41343897 -63299.79118254 12496.18550676
v 2472.73997632 -63393.81818915 13129.29372001
v 2671.57769663 -63783.02448631 13663.34035771
v 2543.66939653 -62513.36640520 10301.11432724
v 2969.45270519 -62076.01102835 10099.58145916
v 2313.20277575 -62644.33996249 10859.61892481
v 2207.48760426 -62817.97971010 11681.28624888
v 2507.23699426 -62683.96276728 12280.03186854
v 2733.86032693 -62872.35582152 12803.29951568
v 2730.21994835 -62045.36231626 10616.26154940
v 2749.36783714 -62076.87534990 11298.01817561
v 2713.06908887 -62310.66016378 11920.58108092
v 2939.46378121 -88621.23930749 762.82419007
v 3060.76478955 -88304.83299540 428.76030260
v 3571.29246906 -88680.77611440 745.29095383
v 3251.66572879 -88845.99109095 1076.90512875
v 2464.50276439 -88965.77071761 1942.47632225
v 2743.01145161 -88953.60442838 1643.57598545
v 3205.81116428 -89026.47015751 2156.44537719
v 3098.15102237 -88934.11459173 3061.35226383
v 3212.29911310 -88787.83574345 3699.44899142
v 3314.60278030 -87908.44198547 168.99055848
v 2651.19109239 -88782.01401806 1164.17236341
v 3107.07638997 -88478.01666822 4195.77945451
v 3168.82007109 -87959.02446674 4877.77477526
v 2902.92132683 -87358.84281812 5037.96620577
v 3416.02990818 -87571.34294452 5501.67584392
v 2353.20511152 -87143.08518990 192.32697045
v 3189.43003999 -87208.72767453 81.25527352
v 2847.43577067 -86975.23777931 5119.89150461
v 3203.88422328 -87051.31234035 5530.62181026
v 2479.77084864 -86334.58223085 238.62671311
v 3536.41543611 -86337.84184536 58.49391302
v 2159.17883733 -85402.59970194 4555.06528623
v 2571.25585048 -85956.86238260 4895.94572474
v 2927.47775281 -86503.20560769 5293.94137326
v 3032.48273548 -85509.88691684 329.74707747
v 2722.17622794 -84822.26290860 591.76120389
v 3479.01237253 -84709.68201615 456.18496427
v 2232.97546192 -84504.70233702 4649.40809110
v 2659.65306811 -85066.82367184 5009.42221914
v 2886.56883251 -84269.61322810 741.15910042
v 2710.91955538 -83451.37669421 985.75441744
v 2273.39602967 -83547.93697887 4829.88062844
v 2692.01715333 -84168.84261604 5104.32469252
v 2597.52167377 -82556.32352739 1252.06897540
v 1992.12206716 -82704.65752906 4900.49305116
v 2710.13841698 -83472.58556241 5245.59964521
v 2523.95135382 -82764.88900537 5319.42570314
v 2899.90825554 -83119.73538203 5599.82579946
v 2878.21149454 -81859.07534586 1399.71048021
v 2091.36852504 -81897.24137455 5357.93360741
v 2890.99213566 -82624.51405072 5800.96967229
v 2654.81738545 -82022.22851458 5820.94455441
v 3048.25496149 -82250.57026508 6218.64471211
v 3208.86344775 -80912.79414407 1699.02935775
v 2864.01115399 -80133.32811797 3111.27563323
v 2987.99890476 -80303.55577189 3112.89305039
v 2895.75422991 -80251.39519975 2897.10922944
v 2988.54433426 -80154.48139324 3273.93932030
v 2997.54908425 -80285.00021908 3243.06782708
v 3069.74727140 -80231.62280869 3277.42874849
v 2335.50633449 -81172.91855034 5964.58976717
v 2917.53871787 -81526.67385947 6423.27906016
v 2999.65022737 -80335.53140635 2467.29646558
v 2530.44152570 -80014.51504029 2774.19960214
v 2733.07186717 -79815.17006290 3072.94684437
v 2945.62907512 -79804.50819417 3205.98962655
v 3076.97662898 -80055.43603623 3267.19014738
v 2229.90233511 -80578.62810104 6206.74953987
v 2658.85376890 -80640.86000858 6611.61225779
v 2629.17843068 -79223.52555586 3152.95628981
v 3179.16863708 -79260.64679219 3133.68194378
v 3175.64447746 -79780.14642092 3172.87194906
v 2754.47650862 -79888.52712563 7225.59960459
v 2497.76633681 -79287.82698486 7425.41109265
v 2855.10480100 -79374.17184160 7744.94457459
v 2579.09365966 -78180.54220577 3566.03982883
v 3216.33537451 -78385.95176457 3280.69573246
v 2561.54592296 -78948.66235963 7907.94256973
v 2800.31129293 -78583.71918955 8757.08960004
v 2414.13403256 -78054.28356915 9022.79553746
v 2727.28244134 -77952.75980192 9483.03841168
v 3367.80808310 -77105.83318550 3818.51165497
v 2810.43224737 -76990.02415460 4312.47763811
v 2501.45254145 -76846.22756335 4725.25852812
v 2230.10723482 -76570.74229571 5284.58887334
v 2544.94067115 -77291.55460656 9979.99090361
v 2459.84977297 -76515.37552366 10559.52574812
v 2963.77780878 -77107.08855163 10550.35317698
v 3022.59376589 -76517.26428138 4567.31934971
v 2704.31007942 -76317.98803814 5104.31732251
v 2461.01594592 -76139.46768014 5526.64073316
v 2486.19927723 -75639.01428131 5839.45429031
v 2020.65494909 -75694.39712373 10813.83224475
v 3165.45667442 -76665.33873982 11164.38403835
v 2736.21775872 -75768.35270914 11385.02247166
v 3251.55181547 -76146.28849427 11674.26682273
v 1986.10708205 -74781.58167495 6656.49534971
v 2554.98525743 -74786.06006163 6180.76152336
v 2098.26606866 -74809.52655841 11460.19695506
v 3283.88485465 -75659.67217194 12126.47243049
v 2796.01298055 -74895.33835523 12100.22884885
v 3277.67040240 -75018.05163927 12648.21340584
v 2197.53982927 -74086.35666684 6727.64238191
v 2827.22318882 -73757.98810831 6304.93253693
v 2332.89233399 -73778.75079497 12350.74089644
v 3005.25770833 -74330.67027262 12802.86477528
v 2360.79206598 -73192.26233265 6848.45669983
v 2979.26231123 -72769.02654322 6487.37217524
v 1978.85376189 -72614.67613043 12649.70586939
v 2839.79317153 -73647.50185129 13054.85799959
v 2592.64822073 -72822.40641176 13229.05794944
v 3067.20092244 -73315.22320782 13617.87873360
v 2975.46852385 -72683.16817805 13861.53971352
v 3286.56053798 -72984.28130465 14164.87655853
v 2495.08178090 -72318.24440277 6995.76472631
v 3001.27076627 -71991.08821727 6728.47383306
v 2168.82050224 -71694.63254623 13317.45002797
v 2757.50528428 -71973.03256103 13915.04645796
v 3209.63376598 -72272.94649691 14424.84155535
v 2673.23955700 -71631.42686365 7095.13306607
v 2558.99336379 -70993.37223649 7410.85093452
v 2027.60324238 -70671.03905383 13621.13774928
v 2553.05490802 -70938.45494543 14132.02962867
v 3044.60498293 -71394.90995614 14590.94093460
v 2332.67891807 -70286.54666274 7842.54929417
v 2714.22543787 -69641.41413244 7891.21525625
v 2237.50730279 -70029.71959654 14152.22319005
v 2920.38054049 -70685.50079049 14731.39720773
v 2678.94782937 -70134.16030979 14656.11864879
v 3036.45895789 -70198.77265687 15073.56678517
v 2150.56311041 -68774.82012558 8638.46387700
v 2736.80004029 -68802.34072389 8248.91907058
v 2452.81000583 -69547.65671633 14639.24195960
v 2866.71956935 -69467.11337110 15147.81121949
v 2386.33439584 -68218.58632547 8725.06340833
v 2881.11918286 -68016.49243989 8478.17200765
v 2866.33507081 -68591.95682537 15419.09478505
v 2912.00789269 -67795.22262548 15597.09136624
v 3398.55828424 -68392.84770054 15883.94222436
v 2599.00243310 -67608.76633403 8796.26128946
v 2502.27910294 -66790.03543468 9045.07853531
v 2974.07541995 -66993.91271069 15654.41802091
v 3486.60588453 -67527.09432671 15998.10371600
v 2689.97773037 -65675.14703491 9158.13291797
v 3067.84122929 -66471.42880015 15670.19544464
v 3594.44326216 -66649.19045295 15990.21837788
v 2816.23762952 -64729.81355514 9219.64316192
v 2751.28762967 -65077.05719285 14756.99124844
v 2985.59464660 -65535.59666147 15213.67802036
v 3291.21789567 -66018.92037399 15653.89568201
v 3011.77081335 -64070.35888942 9161.40280670
v 3499.53837428 -63857.60365379 8844.50171709
v 3270.85245330 -64504.83332570 8895.79871799
v 3605.98562014 -64791.89030830 15112.76677582
v 2973.73229752 -64346.66725014 14341.71789830
v 3115.35299210 -63368.19450283 9247.08047551
v 3792.01235632 -62960.37306873 8892.60388402
v 3515.96708300 -63523.16433506 13985.02122662
v 3116.16165281 -63138.10583832 13382.46282693
v 3329.52355558 -62687.33324016 9300.81775231
v 3454.25414312 -62099.09899516 9597.10577698
v 3426.01228322 -62575.16469262 12985.25494674
v 3031.26761947 -62361.55522282 12420.09101803
v 3127.22495626 -61690.92857118 10428.69060014
v 3560.09655655 -61618.45580795 10106.22760897
v 3109.16798581 -61639.06075922 10866.14761737
v 3265.45130601 -61627.66253401 11315.82786802
v 3330.35017332 -61888.42157183 11895.27596441
v 3600.70025606 -61403.95357975 10624.32224853
v 3548.33518526 -61405.45565805 11059.07624289
v 3831.99560643 -88324.78800659 331.95135569
v 4433.86119530 -88721.70944386 759.03128004
v 3992.79224004 -88990.15901561 1477.00336680
v 3160.79285605 -88956.29729546 1471.95490655
v 4210.84384369 -89131.14196426 2335.41350049
v 3981.17395830 -89084.99727823 2966.82351353
v 3847.05661637 -88950.32892909 3640.51656609
v 3726.85353462 -88752.29019844 4146.54387369
v 4448.08107954 -88867.29424542 4286.17079750
v 3997.88476834 -87779.28747758 45.73534461
v 4095.73836908 -88506.34631260 4886.98312132
v 4143.05194644 -87990.58788504 5855.02074266
v 3808.58055713 -87266.51882827 6245.01535790
v 4476.79939118 -87689.87187381 6845.12913195
v 4208.26975212 -87231.68872648 7005.40376082
v 4596.99361107 -87412.68538066 7454.46259914
v 4167.46597551 -87071.18906088 -103.28180469
v 3463.36264108 -86367.66961414 6093.19821913
v 3958.39321867 -86630.18718569 6906.77445417
v 4383.18988180 -86899.99497748 7549.14918357
v 4466.29905600 -86310.93845677 -164.92087547
v 3107.79079378 -85621.10500291 5598.08494595
v 3484.32132598 -85664.56482646 6225.94791516
v 3853.44511867 -85580.24630996 6987.22948930
v 4202.36601429 -86189.87951707 7576.56022559
v 3951.33643602 -85539.82878145 98.33593709
v 4275.65693746 -84837.10928039 159.44418185
v 3095.80803360 -84607.05054502 5620.46826771
v 3515.35984185 -84983.61719656 6324.94851267
v 3801.56713774 -84922.37471884 6892.18877129
v 3911.75892042 -85009.49301228 7147.20021076
v 4037.95291361 -84913.16550838 7484.93122127
v 4098.04434824 -85277.79474760 7626.60235756
v 4150.79610186 -85636.77430367 7675.55832573
v 4281.88648670 -85307.64086077 8012.06828983
v 3353.97463334 -83972.28946850 711.77653556
v 4138.35638858 -83905.05759377 430.37085218
v 3035.14417856 -83730.96443419 5636.76835591
v 3446.60886101 -83971.05637659 6315.59079157
v 3745.57153298 -84401.27852936 6815.75931693
v 4233.61611421 -84905.81366321 7945.42478795
v 3517.65457637 -83418.95349065 800.36520243
v 3349.22710458 -82629.33039517 1033.48705011
v 3221.31765194 -83002.60834525 6178.23495589
v 3750.21387215 -83834.83945740 6925.27486290
v 3626.40928360 -83202.70119700 6868.05176779
v 3923.10560689 -83518.60493131 7398.59485363
v 3858.07585361 -82772.40777184 7478.75642922
v 4100.65051248 -83156.71953785 7894.18825920
v 3596.18507923 -81715.14370754 1176.27955515
v 3453.88137705 -82149.15041217 6950.17873305
v 3869.74231512 -82115.08103356 7718.87137900
v 4087.23188882 -82540.11211237 8027.34920411
v 3875.01461257 -81059.38282110 1214.78653939
v 4423.60533483 -80880.97497587 904.30117251
v 4150.87360714 -81525.35068408 912.67019345
v 3092.15958338 -80263.30907699 2942.62097834
v 3074.88792259 -80293.15368471 3188.47513971
v 3222.34162574 -81074.46210949 7070.47767348
v 3696.35777527 -81370.07584128 7707.57565106
v 4032.62921011 -80260.10457937 1435.41935082
v 4702.08320932 -80085.14790488 948.64625718
v 3592.36853302 -80100.24911716 2093.10188959
v 3932.63389479 -79865.27451711 1807.91421828
v 3345.50414172 -80030.77506022 2688.72166525
v 3194.31316143 -80075.00225609 3112.92965665
v 3452.43919881 -79551.77966111 2892.56483594
v 3038.85037809 -80479.10675401 7130.02585813
v 3394.76870975 -80446.55325986 7684.06142303
v 4454.03875730 -79666.48561293 1297.98365294
v 4964.89012603 -79313.84531835 1098.76318924
v 4187.05016501 -79569.38633115 1663.00418861
v 3646.86722976 -78757.11012779 2918.15271337
v 3241.16901322 -79710.90327099 7965.70703647
v 3069.94089155 -79176.94171435 8269.30129776
v 3484.92665587 -79486.94494330 8589.67767511
v 3253.45482397 -79073.92030795 8688.01549415
v 3493.97961724 -79097.25342381 9139.81909522
v 4533.30156044 -79218.48825713 1489.67318651
v 3931.04166027 -77823.78815314 3055.20086940
v 3343.33715779 -78465.60268229 9686.92676330
v 3207.68605081 -77742.42461759 10267.45685275
v 3745.84969483 -78317.80598887 10498.48165140
v 3619.52030102 -77733.93297858 10844.26032213
v 3959.93164860 -78008.53025986 11162.64786414
v 4487.97172483 -76823.99271020 3190.10703914
v 3355.49951897 -77308.02811277 10847.52278340
v 3731.09223541 -77280.88674711 11435.11303388
v 3601.98878538 -75940.78134442 4431.42438110
v 4383.69567978 -75845.80848879 3840.68607145
v 3132.34773559 -75841.75547208 5017.45314066
v 2779.00348490 -75867.20739906 5427.98556756
v 3566.89283851 -76533.01044500 11800.35452865
v 3459.86217430 -76118.34276086 11973.47053936
v 3710.75232392 -76152.17297163 12334.51192460
v 4109.36011380 -75254.82817717 4386.49409388
v 3624.45816530 -75028.83520822 4978.65833641
v 4390.15900883 -74426.23319750 4584.23758598
v 2990.30752157 -75275.65243097 5539.67895060
v 3722.91578343 -75532.74338977 12884.38901786
v 3586.77957253 -74661.28459389 13411.95936742
v 4322.22843186 -75475.55415955 13830.72803094
v 4100.69958179 -74546.48221712 14308.83325323
v 4528.37686877 -75011.07388476 14548.45236061
v 3893.69621993 -73993.61090369 5203.54454979
v 4495.17677410 -73528.75208641 4886.24914050
v 3248.29041110 -74366.66445516 5680.86517422
v 3202.60948885 -73948.53950517 13381.23348637
v 3559.72212141 -73740.52927323 14086.88099389
v 4644.57827164 -74548.03205550 15065.53300256
v 4115.66064238 -73796.71309486 14903.34789920
v 4595.13536817 -73867.54685027 15534.68029146
v 4102.80931913 -73260.51456895 5303.65315882
v 3543.06243467 -73261.07971438 5816.69809862
v 4155.11344526 -72548.34355987 5541.15281825
v 3701.86000502 -72852.87975893 14850.55042015
v 4288.28098320 -73141.91027069 15555.21011819
v 3613.62158615 -72044.32012439 6202.01698295
v 4480.74148625 -71526.89612012 5692.88476025
v 3561.60973628 -71700.99574337 15165.56824562
v 4060.65518985 -72245.91381895 15629.44153382
v 3956.87102705 -70985.02245313 6328.88684375
v 4589.22532040 -70552.55362576 6012.02434903
v 3222.43499926 -71169.03447543 6858.76755386
v 3285.79298801 -70792.79151479 15150.83658147
v 3981.53129380 -71474.88657813 15773.88163357
v 3735.68835109 -70833.22266996 15660.57290817
v 4220.49091790 -70874.48119426 16143.75198227
v 4174.47172058 -70339.59908887 6417.54015304
v 3730.62688795 -70221.78162800 6846.87462729
v 4145.64099717 -69984.93400558 6602.30505545
v 3008.00225710 -70276.24429794 7400.99090804
v 3435.67985068 -69968.38279999 15574.91042572
v 3964.24309128 -70188.62090405 16022.69575114
v 4206.10399826 -69432.16136467 6822.82866760
v 3438.36397667 -69297.01363976 7504.53765450
v 4147.01615554 -68538.69029405 7269.94602885
v 3284.05345351 -69117.05819999 15661.78724048
v 3897.49270808 -69251.38107561 16105.90666398
v 3495.49247123 -68081.97868134 7965.81570450
v 4341.31221456 -67506.24565359 7509.28508855
v 4044.03216639 -68208.15972974 16292.82190408
v 3764.76691610 -67011.22407873 8102.77474731
v 4373.11720171 -66542.22887196 7770.36992583
v 3105.52231596 -67308.71280193 8520.94287157
v 4151.35653619 -67308.45500596 16343.08783982
v 3926.27177110 -66269.62701351 8166.23798569
v 3310.41569599 -66277.81713580 8603.05562790
v 3850.42704032 -65580.27189344 8343.66756949
v 4297.28842072 -66608.36345929 16326.20462362
v 3290.62785188 -65237.13694974 8788.86029194
v 3851.39510900 -64611.03462302 8486.40877253
v 3637.64918013 -65426.17292854 15577.85821025
v 4124.43484561 -65901.72871839 16033.64221899
v 4167.21473746 -63643.35350835 8463.87446621
v 4574.67637716 -64402.54264959 15332.01242845
v 4203.19183003 -63876.24017069 14677.52461342
v 4370.71317406 -65091.12169858 15729.95244754
v 4584.02750341 -62802.05617517 8478.57250103
v 4228.75794448 -63270.12699540 14139.93654641
v 4080.34813531 -62820.43433320 13603.20262522
v 3750.31333378 -62329.75228123 9167.91552655
v 4420.35053922 -62146.09674131 8924.98604054
v 4048.62320793 -62323.55491904 13053.17662958
v 3719.94205540 -62099.05579281 12567.75054558
v 4017.01216910 -61911.16349131 9304.05287551
v 4145.06913559 -61563.84953330 9714.32109694
v 4271.06431493 -61655.07344703 12222.49318607
v 3836.12043046 -61457.40755643 11530.55579037
v 4410.68578606 -61238.24222927 10408.18501102
v 4161.90152000 -61243.96795522 11067.54090294
v 4698.76476071 -88283.29808199 251.51989293
v 5410.75250343 -88707.44619222 711.39847176
v 5160.22357879 -89013.35339626 1399.32992678
v 5006.22349714 -89160.98184495 2195.34568928
v 4875.77507875 -89168.70448300 2971.04977173
v 4666.08388397 -89062.96014541 3660.07561796
v 5277.99434171 -88989.41970839 4343.01186230
v 4858.75332476 -87678.87230154 -89.60668115
v 5114.05141626 -88781.55140241 4985.62437063
v 5089.59450808 -88488.83328748 5814.38889670
v 5138.59605426 -88151.30268778 6770.43929283
v 5168.00859053 -87774.68456323 7669.76800440
v 4940.21892747 -87197.36491204 8131.73498492
v 5417.01541200 -87589.59713327 8352.96615164
v 5020.98387446 -87004.52103831 -285.68230196
v 4617.07189995 -86464.43437426 8167.17934725
v 5552.14293746 -87251.88155730 8819.05337259
v 5114.53795771 -86653.38472834 8759.85326045
v 5571.37780598 -86751.46449492 9226.41432878
v 5215.24782930 -86378.60123057 -374.62571218
v 4423.85537156 -85753.52337039 8145.01321550
v 4858.59345094 -85895.48473635 8756.67259677
v 5383.01458281 -86157.48420931 9323.97069997
v 4967.32374404 -85483.10629896 -227.35980417
v 4852.49997023 -84493.99413817 -5.75937620
v 3945.57147613 -84575.09064072 7253.09975819
v 4601.97193874 -84926.05717606 8612.36548006
v 5215.31429004 -85302.45808776 9435.50895565
v 4909.92255085 -83752.55569796 99.37505415
v 3926.04185453 -84083.46765977 7264.98189496
v 4204.59098435 -84083.62555967 7943.84547390
v 4676.47263303 -83776.52002297 8997.43026923
v 5077.56921070 -84332.70389907 9565.56191895
v 3970.97930134 -83037.69542871 702.23627644
v 4688.08164889 -82904.47395299 353.71449363
v 4384.60773876 -82889.71945624 8589.71779799
v 5006.07828798 -83554.93144873 9699.55130306
v 4825.78904414 -82863.94914057 9527.93805708
v 5139.57344416 -83085.61131168 10101.34803770
v 4096.31215408 -82260.11748235 788.88385848
v 4782.60410470 -81702.53815258 500.50610942
v 4154.53622489 -81799.25325338 8440.97029801
v 4589.48528856 -82029.11871272 9278.96123077
v 4892.50209493 -82167.29968495 9868.09281087
v 5086.27064482 -82550.96753529 10160.30063539
v 5103.17557534 -80697.73559324 514.49997207
v 3906.13721317 -80742.20475346 8439.41976519
v 4392.97179263 -80970.39104502 9369.48353708
v 4798.26314195 -81515.16189340 9928.68940165
v 5424.21280116 -79810.55144784 617.45722570
v 3932.39822436 -79549.63401502 2083.01017741
v 3655.42552384 -79686.87454891 2469.07589178
v 3638.38047850 -80041.58710034 8354.96800118
v 3936.26015670 -79911.12772601 9153.38433642
v 4726.52830107 -80851.98766781 10167.82368710
v 4450.71327212 -79997.91538826 10269.91159676
v 4924.36119216 -80597.31307808 10860.16241498
v 4818.89634289 -79741.09500962 11384.35884156
v 5316.59777950 -80558.71019053 11836.50078882
v 5152.90561072 -79619.68693243 12249.76822816
v 5433.00147621 -80056.98478200 12499.20200899
v 5468.81309521 -79223.15106193 851.71963131
v 4326.57071845 -78954.13669822 1969.45296738
v 3877.75068300 -79145.74373439 2492.21877583
v 3908.36158603 -79103.34176560 9965.19446661
v 4296.07755914 -78840.16533692 11044.10619388
v 4771.34123845 -78850.48483579 12041.97429339
v 5499.30701098 -79601.71265944 12895.22212924
v 5183.26164493 -78930.79939111 12774.50721154
v 5540.06659224 -79026.56713395 13251.39021172
v 4874.46152896 -78729.80827420 1550.16974513
v 5559.48356140 -78678.11910961 1181.27036455
v 4756.64793372 -78220.56470081 2044.32243883
v 4203.56417586 -78391.87833698 2515.08002916
v 4335.54816339 -77866.63760199 11969.03637315
v 4907.47960105 -78128.58306293 12782.42111932
v 5383.18008665 -78402.46211553 13330.46229169
v 5279.23785883 -78189.92887478 1669.32413993
v 5257.37005180 -77679.43496662 2061.55710831
v 4715.61727363 -77550.78333226 2556.83766765
v 5204.42107520 -77280.50730906 2361.81485521
v 4032.03523770 -76860.69049229 12259.67145481
v 4651.51974062 -77131.82948459 13012.90298414
v 5229.18475092 -77654.02135749 13491.03069151
v 5293.86142847 -76790.31234678 2663.14688099
v 5345.28814850 -75899.92322173 3203.24345330
v 4181.50541829 -76242.49717479 12991.99968987
v 5258.18113785 -76908.00977734 13920.77361961
v 4676.83760879 -76351.02374192 13609.38341821
v 5016.03400212 -76055.42097744 14245.11358733
v 4607.53930199 -74982.15800031 4137.71657283
v 5284.06384613 -74910.77391814 3759.94967515
v 4879.68058657 -75424.34999112 14613.89793260
v 4822.76916744 -75043.46863769 14891.16618301
v 5340.64418745 -75177.28703037 15302.07437571
v 4958.04661889 -74432.47377637 4168.89653749
v 5136.98229543 -73669.07535846 4398.72352538
v 5229.03626143 -74325.61865413 15919.53704127
v 4891.96267490 -73439.35767210 16183.71642721
v 5406.88513115 -73875.90725098 16514.52668770
v 5315.41480807 -73403.96339532 16732.52253357
v 5689.27897894 -73715.48262018 16910.43240607
v 4498.08804941 -72894.75109191 5123.48858317
v 5046.84357059 -72835.63434906 4779.51996868
v 4582.10581041 -72543.93864865 16177.15503769
v 5129.44191549 -72764.16214862 16724.89888834
v 5698.12806816 -73098.55791041 17178.37783859
v 4787.98564649 -72222.34428528 5181.33169602
v 5550.24377579 -71922.28285533 4821.14301560
v 4400.29500105 -71683.08607795 16185.51088153
v 4941.24747399 -71884.63769456 16683.51137481
v 5621.79987766 -72097.21718729 17230.06719128
v 5121.67507234 -71526.42354881 5225.96591169
v 5267.16105363 -70730.87965657 5463.72648780
v 4749.31237502 -71009.89215011 16593.82967873
v 5362.97509682 -71140.82758820 17043.62906186
v 4522.72964106 -69897.65843483 6350.10299006
v 5232.72764525 -69769.39593608 5907.26568334
v 5120.68802700 -70411.87445805 16874.70487294
v 4544.37561699 -70036.00542164 16489.01159736
v 4874.18209092 -69230.18841545 6402.62619376
v 4645.43759553 -68756.67028763 6790.12118971
v 5265.60012707 -68435.15500347 6472.70899410
v 4641.42216237 -68937.88398606 16588.43150777
v 4775.78213228 -68062.73026965 6981.87191717
v 5354.90243166 -67617.37229623 6728.06613280
v 4751.91837479 -67961.95004415 16640.76099732
v 4933.72087945 -67415.28112204 7102.29874255
v 4905.17218460 -66775.06921180 7316.94163005
v 4844.17328963 -67089.70835420 16618.48789506
v 4310.79099827 -65868.27951881 7968.27762192
v 4977.92849052 -65731.86790652 7522.16204159
v 4892.70321695 -66296.58444348 16487.21756607
v 4418.29356025 -65148.94352704 8018.81160499
v 4972.10972274 -64779.43229117 7718.20974255
v 5016.09746314 -65535.91236126 16249.70163478
v 4579.08244227 -64261.45060670 8073.30822564
v 5285.35705587 -63978.52999227 7694.62742672
v 4787.51997318 -63982.88903866 15089.64515980
v 5202.98792356 -64106.45925248 15368.46699693
v 5475.11689250 -64721.81324502 15925.37946430
v 4888.50871694 -63387.34307321 8089.74326482
v 5705.37069625 -62985.73553455 7744.53770159
v 4569.42885883 -62975.30583731 14013.20758298
v 4879.87752585 -63208.88363608 14377.41173742
v 5283.11853867 -63615.98011159 14948.21717948
v 5192.18430051 -62694.77816344 8152.50117530
v 5278.37623994 -62077.46286262 8483.11547017
v 4350.26176244 -61990.52588729 12790.42011659
v 4739.48585335 -62235.49572089 13274.70618587
v 5143.04072656 -62638.92847836 13903.87546374
v 4558.49055642 -61627.30495322 9321.69780249
v 5265.58579586 -61538.09837940 9073.96570047
v 5114.16141490 -61387.06421704 12274.45245778
v 4628.81104016 -61276.25387378 11691.88572625
v 5009.25919330 -61762.00883436 12799.95370089
v 5148.35263169 -61209.37831195 9803.37610638
v 5378.86388562 -60997.98182589 10559.13149926
v 5139.21433300 -61063.91918672 11224.15485202
v 5718.57383241 -88191.49900145 133.92400879
v 6336.01637727 -88692.88559677 689.83933207
v 6158.40120769 -88991.79763569 1358.75372497
v 5980.46440581 -89163.56969456 2150.45560191
v 5803.54711721 -89199.77626492 2983.06406357
v 5555.43214587 -89130.22520290 3724.75346542
v 6065.17203295 -89051.34509122 4442.78573186
v 5597.53535055 -87541.21132425 -245.56458249
v 5782.48427171 -88929.42876998 4895.79927147
v 6016.58372407 -88794.08217243 5607.60518677
v 6123.97782403 -88533.96954205 6686.11743200
v 5979.46878942 -88171.74000637 7631.19601104
v 5849.20838545 -87845.72729717 8329.58355559
v 5739.69485983 -87618.95085482 8656.79585261
v 6257.40971116 -87589.52749042 8981.29412271
v 5869.99990524 -86938.98979224 -480.41340936
v 6068.08654542 -87056.21022975 9404.10252747
v 5931.12092753 -86480.17303556 9687.91963890
v 6458.97759918 -86795.14693862 9862.03112181
v 5797.63708248 -86108.40877989 -562.00908333
v 6577.52010475 -85889.83002779 -824.78574837
v 6376.36941345 -86572.19084694 -709.71309137
v 5835.78859071 -85735.76468102 9958.04981456
v 6485.66891909 -86249.50917656 10213.14914422
v 5840.04829045 -85333.46954151 -564.22116842
v 5399.32926271 -84810.51874806 -318.48278557
v 5938.70557123 -84593.24471763 -546.37054588
v 5721.41511903 -84705.52636190 10316.85524562
v 6488.21685983 -85445.77372053 10692.13614723
v 5422.13584068 -84127.25140956 -228.32914973
v 6015.27011060 -83801.02361648 -496.98834035
v 5365.81200346 -83703.78138847 10274.16329692
v 6366.98070743 -84600.21889239 11147.90652749
v 5908.83462000 -83772.89671353 11092.53360935
v 6400.73071201 -84066.19896751 11589.24569725
v 6257.18001613 -83577.88094187 11753.29715768
v 6620.60877281 -83836.04407052 12024.51932820
v 5427.28831243 -83301.91408618 -115.92498204
v 6083.95790600 -82907.55506728 -429.74839462
v 5455.25124155 -82746.97905353 10828.79310362
v 5989.49153567 -82961.99839471 11680.27054194
v 6523.31421865 -83198.26907360 12314.52206566
v 5458.82084393 -82342.83235761 -2.14653566
v 6209.82614493 -81967.76269999 -353.60300718
v 5120.51103444 -81899.39126055 10488.39581078
v 5398.06519548 -81883.01792876 11133.75140040
v 5723.43325253 -82112.54273027 11667.43890624
v 6208.27721679 -82326.46805071 12347.40489648
v 5621.17616118 -81343.84334022 78.60384688
v 6476.55601278 -81005.80288456 -243.93482078
v 4968.35294369 -81215.86688270 10488.26931177
v 5207.75195007 -81255.95401768 11065.45432160
v 5497.07415426 -81424.37587324 11613.99010905
v 5864.66353384 -81338.14357491 12338.14532699
v 5827.52743245 -80468.20150700 184.01738189
v 6446.06231924 -80250.75901595 19.48402321
v 5690.31615216 -80473.57381714 12629.41413583
v 5598.51575909 -80049.63007014 12802.62362227
v 5853.32313761 -80082.37094769 13099.02101209
v 6075.40381924 -79858.65787684 308.31890366
v 6080.00322118 -79215.89160516 663.72810616
v 5910.10344705 -79482.99007406 13442.93980736
v 5874.26155677 -78763.11115344 13703.56475960
v 6470.95412179 -79334.92875207 13966.97658211
v 6391.99444660 -78490.74558398 1046.24503828
v 5728.90400975 -77994.96055023 13871.88253889
v 6373.44410195 -78411.47621811 14229.35116346
v 6083.82640850 -77802.24534403 1622.25580598
v 5643.64292487 -77200.17469407 2183.09218840
v 6177.02265764 -77103.83226871 2047.29604928
v 5559.08983087 -77464.20171649 13943.57717506
v 6083.97967006 -77377.58547292 14439.03602837
v 5987.15590784 -76679.77204557 2400.12920915
v 5837.43468471 -76230.56270637 2756.33315693
v 6588.05938790 -76128.59284392 2571.01939638
v 5664.43871681 -76437.28402428 14625.00105111
v 5355.67491707 -75796.78774226 14809.69150063
v 5924.18988390 -75924.88398963 15212.11252025
v 6093.42699124 -75738.44575016 2944.73647266
v 6191.23713324 -75041.10179317 3273.25170988
v 6172.05292972 -75453.10019367 15792.51813002
v 5455.22799985 -74128.47953031 4018.03417606
v 6170.39408168 -74049.07498664 3720.44544686
v 5839.15413591 -74886.22833530 16027.50617398
v 6110.88234758 -74375.36922208 16693.70361706
v 6123.15585433 -73696.02424177 17251.05935836
v 5796.15687525 -73557.87740453 4082.99515322
v 5920.83234257 -72699.28511137 4349.38143921
v 6187.04917648 -73230.38229321 17525.19887843
v 6153.18397600 -72634.60576676 17586.44491164
v 6647.88552389 -73066.92325450 17766.22437461
v 6129.47649543 -71879.59131808 4529.55301679
v 6231.45884641 -71949.86823991 17643.39921024
v 6817.43851211 -72302.79103357 17880.93109953
v 5623.11210757 -71178.20117646 5052.79106915
v 6337.82977163 -71059.10311692 4718.96575481
v 6652.44362071 -71573.37601475 17801.44449716
v 6138.50424291 -71153.00486729 17502.40649210
v 5918.25419031 -70622.13808756 5104.23462561
v 6010.26376309 -69887.05284754 5358.77528837
v 5237.41191698 -69599.57401281 16910.27402500
v 5753.48848757 -70281.55283600 17213.31500604
v 5430.46260688 -69004.02529351 6112.43842509
v 5998.89032101 -69021.23962187 5735.73465635
v 5375.48514849 -68643.09710706 16931.65696431
v 5990.70307205 -69333.36806381 17225.15915589
v 5796.31498451 -68513.93953544 6078.77352803
v 6006.69953226 -67762.65668836 6225.81669684
v 5486.00709191 -67716.14572720 16911.38116786
v 6134.33608015 -68401.08985737 17181.44657484
v 5307.84278976 -67025.97613544 6958.53528347
v 5845.75365974 -66912.51046352 6612.32130220
v 5567.22381098 -66846.47037135 16831.99992525
v 6266.07814208 -67506.05456549 17117.88707353
v 5498.21318320 -66334.11686296 7017.22398844
v 6226.89888447 -65923.46730663 6606.80806927
v 5645.97603832 -66052.61969359 16675.28902717
v 6352.99488828 -66637.88979730 17001.42911033
v 5702.54959624 -65573.13880048 7061.23280813
v 5639.35160259 -64747.53089123 7285.29331538
v 5772.43110166 -65414.73186039 16463.76986726
v 6422.74006745 -65850.53945277 16808.61642374
v 6037.94244804 -63726.83321585 7273.72906485
v 6626.00744236 -64447.48878610 16093.05813731
v 6036.56077562 -63912.90663758 15494.28003692
v 6458.97934207 -65132.36046338 16489.20197198
v 6595.08035738 -62847.90959612 7225.90745428
v 6070.33689048 -63385.02070177 15039.37325804
v 5936.19172052 -62940.98195796 14540.59015703
v 5688.66648295 -62307.27404388 8056.45467306
v 6468.26208087 -62065.10021225 7776.32017179
v 5995.07324078 -62402.05628884 14011.24836421
v 5819.02135641 -61982.03619629 13437.42905934
v 5987.30428454 -61832.48166825 8221.78545931
v 6079.62016541 -61423.00880283 8677.55055755
v 5324.91015364 -61151.92600017 11878.61954654
v 5691.62635538 -61219.72903873 12278.82273791
v 5736.31328462 -61480.33498739 12741.90799834
v 6322.75539994 -60997.06680555 9468.78573941
v 6182.45238740 -60875.03715530 10355.36214619
v 6121.03768348 -60887.50974014 11149.32531164
v 6043.26877480 -61039.69389571 11923.70235030
v 6625.30070532 -88366.59129519 256.58960112
v 7024.95343518 -88653.46515612 652.61963296
v 7112.91648040 -88917.22874122 1292.95997271
v 6953.08843267 -89114.67183665 2124.88879827
v 6758.60496343 -89187.14661950 2979.84831332
v 6568.78702826 -89138.82639446 3927.45277580
v 6710.22760198 -89053.86113894 4677.58306648
v 6768.94736403 -88800.36128601 6238.07286847
v 6848.55514728 -88933.52178340 5485.51763825
v 7450.97751071 -88907.47226457 6015.02489051
v 7283.59022879 -88808.94602610 6620.99903144
v 6939.28077318 -88683.12621710 6902.61881240
v 7554.02074917 -88691.75775249 7175.52930699
v 6550.95434506 -87736.31407391 -250.75188850
v 7535.17387549 -88317.50909328 298.63958229
v 6398.68951797 -88972.71236207 5035.11223298
v 7034.99019667 -88431.39383167 7675.67957115
v 6683.65063148 -88033.01809545 8477.86646211
v 7242.89701638 -87755.07835902 9272.85107330
v 6587.52529520 -87097.94962476 -625.32079432
v 7100.17155246 -86743.41013402 -825.46177532
v 7082.70313284 -87370.30687234 -594.92670828
v 6825.23399850 -87266.83279435 9659.20035859
v 7126.25162730 -86799.06917653 10219.88940978
v 7389.63183891 -86091.69384873 -1015.04130558
v 7254.30902188 -86148.76098494 10774.80996326
v 6417.79229785 -85088.31234445 -783.14331401
v 7207.10845295 -85210.85211112 -1029.56168551
v 7108.40752519 -85554.57245477 11125.73824691
v 6859.12223668 -85077.09984527 11291.36924158
v 7459.57261122 -85265.46246267 11621.52918475
v 6586.64569175 -84400.22379676 -809.71336460
v 7334.68404578 -84212.00734515 -1063.07237697
v 7012.67440726 -84493.44802278 11885.00387425
v 7064.81762457 -83778.64083932 12515.59721449
v 6687.58155333 -83521.62504221 -785.89820518
v 7419.17084017 -83288.36344261 -1030.79297400
v 6983.17392730 -83208.20401360 12854.53294211
v 6729.50332667 -82611.83567849 12899.96992896
v 7179.71438186 -82883.20334880 13242.90359302
v 6791.81906232 -82613.54965953 -730.38393867
v 7533.23526630 -82405.98376500 -950.94219109
v 6534.55561100 -81709.79301400 13073.95221528
v 7080.28879944 -82280.01773309 13427.80077590
v 6960.30542525 -81750.27471797 -645.10216480
v 7691.93412683 -81618.33254082 -820.07922822
v 6166.73667464 -80780.26547161 13083.45523874
v 7036.35026605 -81655.64758024 13628.76423899
v 6773.65168941 -80963.54466732 13622.69889659
v 7438.01623476 -81299.53450288 14037.30659848
v 7225.42329438 -81100.62702579 -544.39605737
v 7232.70957574 -80384.50340843 -210.26398610
v 6375.39895729 -80137.10357375 13589.45887691
v 7191.32419496 -80212.96288857 14163.40318891
v 6751.72279059 -79689.50405342 234.84424780
v 7095.39610733 -78954.19860498 654.82212824
v 7229.63488427 -79049.10759556 14541.27282984
v 7001.25419426 -78337.44411074 1059.92780471
v 6660.18451065 -78089.94370063 1270.39954257
v 7226.50807251 -77794.83485302 1444.26759133
v 6965.90905349 -78015.48569044 14763.94382629
v 6520.69177120 -76731.76811848 2209.77731100
v 6754.25426305 -77192.45513649 1880.37109972
v 7189.93334167 -76623.92010147 2181.15361466
v 6825.61231367 -77266.81538280 15014.75976082
v 7275.72976811 -76121.97279118 2448.59605252
v 6378.37347551 -76635.39868216 15070.15237126
v 6651.91797244 -76090.56257158 15628.46044977
v 6614.51526870 -75475.10700465 2912.19947679
v 7337.95805427 -75554.58305618 2712.01111232
v 6878.14097080 -75583.28726056 16174.71012003
v 6423.85574695 -75058.50660745 16344.44337812
v 6939.74443717 -75160.71537328 16580.35202067
v 6639.60783743 -74848.14142120 16677.11093327
v 7109.48827594 -74746.07466419 16976.80626564
v 6948.03786589 -75003.69883462 3045.40078051
v 6995.62500523 -74306.02716730 3320.19236285
v 6739.88260388 -74055.75414288 17337.78103223
v 6527.74148192 -73553.36706722 17577.95107618
v 7099.33079977 -73602.39877731 17725.35102520
v 6347.89953580 -73228.29529918 3961.02377591
v 7189.99880827 -73207.36086832 3642.70975362
v 7325.57738322 -72988.52992708 17952.79539500
v 6691.82937257 -72641.26316065 4021.88819147
v 6752.37598103 -71828.24761506 4259.45322786
v 7548.78464816 -72380.56362113 18059.74384927
v 7307.11269349 -70810.86792997 4335.79123485
v 6828.16360554 -70990.10323619 17779.71822775
v 7439.50172176 -71533.18462372 17991.68566863
v 6399.10429952 -70246.63827705 4987.16166199
v 7086.15700215 -69990.08168676 4725.55492988
v 7310.04369377 -70687.10356667 17855.12757335
v 6738.90258721 -70102.18929675 17576.24648189
v 6647.37456802 -69693.15745144 5070.63537029
v 6615.61580605 -69128.93639251 5315.04568695
v 6706.89789386 -69062.43528715 17414.05366952
v 6259.38641041 -68313.30369832 5860.38289317
v 6609.02106131 -68524.13227217 5560.45203402
v 6973.44330041 -68273.28053426 17364.86193596
v 6827.42794954 -67743.92684196 5702.02658117
v 6646.25417719 -66758.13146839 6106.57590419
v 7117.09649444 -67345.67906563 17259.11207802
v 6907.87198303 -65808.61639557 6145.27933203
v 7199.18693607 -66468.62696086 17108.99676036
v 6150.11110245 -65106.47465129 6849.24713728
v 6787.47350268 -64966.61035830 6405.12091969
v 7268.35977650 -65666.87140838 16878.65835352
v 6382.81744257 -64339.76488225 6854.85562387
v 6995.32381567 -64030.71465510 6455.87829462
v 7539.06939832 -64305.14948845 16199.51952991
v 7042.76597796 -63857.57222109 15745.56385646
v 7382.62812899 -64935.78371962 16556.57063016
v 6730.65613354 -63533.75892363 6824.79040610
v 7152.38549201 -63484.53742006 6494.64719941
v 6435.40978316 -63132.39547091 14920.90206922
v 6711.06926366 -63400.66339431 15251.72308420
v 7336.68370033 -62901.90747015 6617.78660529
v 7469.29174531 -62011.66668346 7123.80464127
v 6370.40587128 -62144.58916476 13869.28986151
v 6659.89855623 -62397.91976466 14231.38155541
v 7035.85464591 -62870.43692939 14813.93767163
v 6610.56287532 -61447.53223510 8246.83176060
v 7479.80913813 -61225.47567625 7916.47017581
v 6181.15006819 -61235.15987637 12521.53592152
v 6513.98552783 -61487.83654828 13043.16335752
v 6944.05262972 -61891.58039837 13720.13756271
v 7221.10444740 -60876.39602820 8779.04637395
v 7379.55151938 -60667.12959488 9587.66978149
v 7170.02366035 -60700.03287044 10254.44680309
v 7059.70308102 -60755.35292352 11059.34327898
v 6960.47247961 -60900.22318311 11842.55279022
v 6832.83895106 -61143.37596616 12527.66009684
v 7551.76988246 -88730.77692854 919.23158778
v 7842.09904307 -88883.52374182 1403.46103865
v 7924.01177916 -89018.96836538 2088.88435682
v 7719.48467982 -89120.16111063 2980.07738207
v 7418.71234508 -89133.11390210 3758.01895348
v 7536.47830852 -89022.07211132 4912.99889683
v 6888.68996156 -89008.65051558 5035.68195949
v 8390.60353437 -88925.13258556 5491.46714683
v 7990.42201396 -88929.93548368 5793.03072441
v 8006.70527377 -88877.81629799 6297.56097604
v 7773.16860290 -88825.31410291 6680.12077033
v 8149.67509468 -88717.89878567 7159.16721237
v 7450.75717413 -87772.32726079 -325.45391012
v 7768.53083965 -87328.30445352 -651.65842301
v 8365.24346620 -87902.94898747 -137.82446136
v 8515.29033326 -88365.47456223 537.58190989
v 8270.90978832 -88677.19780969 1095.62987319
v 8602.63522863 -88828.07895885 6237.75913403
v 8227.54247915 -88509.06998724 7891.88590975
v 7820.47311855 -88155.32230760 8773.66603510
v 8007.60499890 -87851.48673976 9517.38453190
v 7994.87643649 -86665.41103610 -962.49193458
v 7905.94762792 -87411.62321998 10035.31415625
v 7934.26708453 -86786.72526564 10665.90330079
v 8132.04439877 -85834.57811049 -1168.39683871
v 8176.09034960 -86308.22591668 11209.85768259
v 7603.07714296 -85807.57361691 11277.05116990
v 8102.59163659 -85712.43721274 11682.28585737
v 8107.75944157 -84893.73473435 -1256.04278225
v 7989.31651723 -85273.52011339 12004.64755352
v 8097.04419661 -83979.93788412 -1254.49517916
v 7678.48219261 -84886.27654192 12124.12459567
v 7862.62486660 -84351.16417642 12723.78815068
v 7541.98366101 -83481.93824904 13185.94747723
v 8134.28280425 -83859.26548597 13385.61033149
v 8050.61916080 -83386.78553981 13673.80749682
v 8520.03356927 -83673.63556383 13775.49209250
v 8195.35485679 -83097.68745844 -1186.74641889
v 7677.67481416 -82749.44519177 13712.02278572
v 8493.28508162 -83037.16601525 14120.29470128
v 8291.28960259 -82234.97668559 -1054.33221136
v 7447.61961278 -82012.55614262 13842.93730479
v 8114.45279757 -82038.79528150 14254.69751458
v 8395.63806450 -81493.69958633 -869.62579766
v 8183.87647708 -80905.69776506 14543.55397263
v 7894.96963014 -80935.65181455 -596.87517800
v 8264.06594624 -80304.08185210 -261.47838723
v 7990.85919908 -79824.78727594 14689.75910233
v 7709.34623059 -79638.93040411 174.30896392
v 8133.20072001 -79010.92178366 591.88600652
v 7969.32595740 -79114.71359175 14881.32523796
v 7751.48320953 -78452.80177727 15009.35894583
v 8347.92266876 -78814.74684788 15123.36525599
v 7689.79508270 -78425.36158963 991.40389014
v 8144.37071495 -78003.69271880 1297.12281355
v 7599.98178322 -77569.55335919 15309.17131735
v 8464.28884320 -78150.81217737 15407.71499448
v 7416.66328663 -77169.39051942 1837.41598358
v 8129.34917323 -77403.03074996 1686.60499970
v 7123.77205800 -76772.55685979 15475.19963470
v 8258.82703554 -77443.94710810 15667.13559439
v 7870.76881835 -76896.85824895 15797.80284916
v 8500.61846345 -77037.75922763 15968.84970581
v 7821.26418212 -76857.51533903 2006.89171529
v 8037.46036737 -76230.56484388 2316.33241707
v 7422.75280060 -76203.71502509 16009.14508094
v 8360.58752955 -76357.96274736 16308.24690047
v 8320.74077613 -75299.70498926 2667.19994935
v 7649.42921194 -75524.33362763 16607.33904789
v 8137.93186437 -74916.88229016 17182.18128212
v 7656.45270414 -74732.23049491 2988.67518523
v 7855.14329945 -73890.50594476 3229.42384241
v 7580.53442678 -74219.74979348 17502.85646108
v 7893.74886116 -73601.49248972 17860.12929002
v 8123.68958999 -73130.00911379 3366.93579613
v 8093.12373301 -72909.70757057 18065.86755201
v 7271.00759425 -72266.18615282 3901.80770639
v 8087.84353511 -72232.22722998 3600.22700251
v 8193.06590973 -72174.84319047 18130.31106938
v 7653.67965198 -71468.77172864 3978.23521175
v 8536.61841310 -71059.36903735 3714.36017287
v 8317.22050642 -71512.09259260 18102.27949232
v 7999.43930816 -70685.29389780 4053.94501335
v 8028.97673415 -69883.56512636 4288.27885728
v 7579.42532325 -70162.69132289 17800.07215557
v 8053.37041962 -70771.89564684 17974.07371163
v 7088.65975159 -69249.56535771 4999.16440374
v 7759.20932145 -69044.91066779 4705.60618709
v 8137.71474321 -70075.97634104 17849.76754506
v 7694.82257721 -69309.39251936 17628.58855744
v 7265.65763505 -68440.19522751 5194.40839745
v 8210.98837305 -67976.51738463 4785.17425334
v 7919.27666621 -68172.09547329 17464.27898536
v 7617.19733680 -67473.92900726 5287.60506343
v 7268.86379866 -66960.30591959 5648.03324931
v 7813.55295890 -66651.26392729 5353.25912997
v 8032.35885538 -67216.82766742 17324.99820792
v 7355.34534063 -66199.45798021 5750.62177751
v 7948.02493356 -65834.43267141 5388.16031283
v 8104.79355633 -66337.13617949 17152.71306188
v 7486.57224097 -65229.03877030 5818.81626363
v 8078.09487879 -65121.68493927 5382.42601031
v 8198.40262057 -65530.05795923 16906.81196381
v 7977.85071477 -64365.65777540 5588.60995125
v 8743.27100501 -63974.10493477 5134.11284423
v 8495.21312972 -64764.50377980 5134.10925517
v 7364.84555068 -64412.44357247 6066.26740789
v 7766.45644356 -63857.44144444 15904.49334984
v 8197.78391626 -64152.56019575 16183.43977821
v 8383.73882844 -64754.08621619 16555.54855167
v 8167.63665372 -63645.89624741 5599.31854811
v 7627.69281600 -63578.35775795 6074.44151672
v 8082.94352298 -63261.26702218 5790.50194109
v 8456.49773465 -63739.58025655 15864.54715431
v 7704.06357197 -63359.51651860 15429.06362004
v 8109.68846445 -62748.33740037 6050.21774014
v 7861.89201886 -62306.84169232 6533.27657192
v 8202.22941675 -62224.63081611 6300.88633026
v 8183.60200038 -62738.27741752 14897.78111606
v 7605.19578534 -62278.22950797 14327.80460260
v 8345.38242417 -61800.58655431 6578.45003055
v 8441.17593959 -61155.85069061 7242.57607325
v 8056.85324187 -61761.52367885 13795.89860271
v 7445.31926119 -61403.60482399 13166.28664559
v 7925.36222220 -60666.88212026 8389.25927911
v 8480.55829285 -60636.17963529 7988.28505346
v 8054.96545993 -60478.97604862 8807.63802390
v 8159.48497717 -60442.41487189 9387.71352061
v 8126.16843946 -60511.82012646 10183.80891170
v 8030.63457674 -60631.62827573 10990.93855989
v 7911.85420528 -60799.92634125 11795.85806540
v 7738.87738865 -61049.51906879 12534.19608931
v 8555.45233525 -60355.17893751 8583.87452901
v 8341.93251002 -88891.27546635 1709.04391872
v 8672.72752289 -88941.91611067 2212.79614198
v 8731.90125636 -89003.56146725 2962.97635390
v 8406.24715158 -89034.77056102 3993.14697874
v 8589.41492156 -88955.50201486 4924.62171591
v 9333.60421837 -88892.67742825 4643.62099795
v 8286.27664319 -88798.52637120 6731.75406100
v 8682.08665029 -87265.15782510 -684.27357746
v 9403.84659713 -87741.92392498 -197.96645973
v 9282.25987583 -88199.22305194 461.83745448
v 9170.10992437 -88537.58495966 1179.90701231
v 8957.47164226 -88786.27135795 1796.87001724
v 9249.21414906 -88817.69011783 5609.79811631
v 9399.10661652 -88706.26436713 6504.78801164
v 8973.90916313 -88645.54454414 7251.80733368
v 9187.22716366 -88456.65624059 8210.67553212
v 8905.06872034 -88268.10595251 8863.00679881
v 8642.16628638 -87990.69162863 9516.35281961
v 8401.08205984 -87765.98051440 9844.59091479
v 9003.92600706 -87664.41163676 10198.21000663
v 8964.41364030 -86496.00731607 -1059.75221757
v 8703.59372050 -87143.11622193 10705.82451090
v 8473.99781660 -86765.93463122 10980.69091736
v 9076.88597755 -86717.88727912 11299.12557130
v 9192.58918080 -85470.19728733 -1365.86746423
v 8836.99904131 -86082.56710451 11770.07387686
v 8616.20999255 -85455.61196645 12229.29983403
v 9420.77559989 -85799.51537359 12290.65933153
v 8746.28305145 -84560.87246956 -1391.87725052
v 8150.94867205 -84988.37937070 12377.25057866
v 9202.02700904 -85312.18567921 12661.79686685
v 8666.92227742 -84897.19934951 12772.80498690
v 9439.97237012 -84887.88935601 13135.55587631
v 8853.34935239 -83818.01619349 -1368.74849044
v 8794.82941779 -84268.59636959 13403.11956935
v 9226.82303725 -83675.01129350 14086.79654714
v 9072.24217774 -82921.93496359 -1236.04461385
v 9137.55925069 -83078.56887939 14460.55025990
v 8890.85074330 -82495.62175620 14565.95195371
v 9437.53182861 -82790.09250517 14709.56540185
v 8969.47480939 -81999.87092873 -1026.27616157
v 8840.47572739 -81701.36205442 14711.06857292
v 9474.07233420 -82230.97170394 14851.41021947
v 8953.10726010 -81416.42269899 -849.04775711
v 8977.45916055 -81017.40511596 14862.92123701
v 9544.87354989 -81490.84372814 14973.87141519
v 8671.38479386 -80928.59518368 -630.04564201
v 9293.85922612 -80482.84298215 -314.41664931
v 9537.92320565 -80755.91219714 15050.12997961
v 8866.83400664 -80249.47311498 14928.52235877
v 8830.98409250 -79632.02150572 195.84723966
v 8917.54421089 -78989.70753172 644.15366734
v 8579.54081451 -79427.86968092 15015.72706607
v 9019.39729884 -78921.64729400 15290.02032201
v 8555.01511055 -78491.76886889 973.37759445
v 9115.55412278 -77903.49663536 1397.71097081
v 9429.97357582 -78287.73009607 15610.65866780
v 8828.66860842 -77212.00791742 1806.33604655
v 8355.96193236 -76873.46643292 1989.74043398
v 8962.74868560 -76656.79985022 2085.03006381
v 8920.55304596 -77566.34900106 15814.75951294
v 9152.14804784 -76920.80845266 16198.16547246
v 9072.77594939 -75904.54157404 2380.74849481
v 9275.86986129 -76249.48064140 16607.45015059
v 9326.58230536 -75006.46583528 2638.43365594
v 8688.18888014 -75640.57549077 16852.48730535
v 9251.41411067 -74993.66634685 17294.37543800
v 8505.01134309 -74436.13686087 2921.97573000
v 8661.32814924 -73619.60925270 3101.75414327
v 8526.54875545 -74253.36997587 17628.39467307
v 8769.95992363 -73506.32357603 17938.70335476
v 8830.61620150 -72774.03309970 3238.08648632
v 8877.91700891 -72739.16298922 18106.55485612
v 9047.90529086 -71827.30672768 3346.74579415
v 8944.03547887 -71991.90747834 18141.17291709
v 9396.94486670 -70925.30075523 3389.44293011
v 8996.52302831 -71159.13121375 18054.60316765
v 8487.37955710 -70271.70324057 3950.17015580
v 9135.94391814 -70140.03348206 3687.79945779
v 8653.57804122 -70438.84721822 17943.21554908
v 9352.28812312 -70468.65858100 17913.89481277
v 8710.97373246 -69823.67207009 17798.53858954
v 8742.35108729 -69676.38790833 4003.51764493
v 8787.39999065 -68792.06643551 4239.07552265
v 8779.16537242 -68990.65475855 17620.38074977
v 8859.95351165 -67907.89059745 4435.71368898
v 8901.70130171 -68044.36767480 17464.34388022
v 8198.11965562 -67112.10979985 5009.40300241
v 8853.35406411 -67121.41549486 4596.91994724
v 8976.35050645 -67113.64620973 17316.72766017
v 8408.50777580 -66372.22891126 4998.27401782
v 9058.94923717 -66063.25946631 4611.33993217
v 9034.45047800 -66242.58012317 17138.44672970
v 8530.38433645 -65504.69765580 5016.72615421
v 9234.29898220 -64960.23305757 4621.64247641
v 9141.90258740 -65471.27300098 16902.71210488
v 9614.55610791 -63963.80973099 4583.71811461
v 9428.92823697 -64874.51876630 16625.35258681
v 8964.67768398 -64256.19751776 16260.70692501
v 8525.28076124 -63192.74894892 5515.18166153
v 9355.25812840 -63104.56823451 5059.71900160
v 9407.83752977 -63765.37720875 15865.84809378
v 8805.45305523 -63224.81040304 15414.07045534
v 8840.95529110 -62596.31249995 5605.14599124
v 8605.59444751 -62163.52811277 6056.00648516
v 9135.66288211 -62123.95049654 5726.61611298
v 9268.44040541 -62684.88986608 14912.25200429
v 8671.25468598 -62188.50550150 14377.41908765
v 9142.66637892 -61659.17081293 6137.33754911
v 8907.91919761 -61297.79262401 6665.49824073
v 9517.94356153 -61120.95752803 6448.64406121
v 9109.80337717 -61701.05393322 13810.42302330
v 8445.13677034 -61323.59635172 13197.98211915
v 9241.21593057 -60904.38455078 6921.73572622
v 9408.97979891 -60477.50904503 7533.23981785
v 8547.77193624 -60284.92661459 9031.76695419
v 8857.44777246 -60229.42789053 9417.82342242
v 9054.20127523 -60314.71069117 10037.74293101
v 9017.40077346 -60507.70925290 10896.00411847
v 8898.78966919 -60719.94787965 11733.38684883
v 8719.15106813 -60981.23538055 12510.01352337
v 9272.17959149 -60219.36009222 8348.08634265
v 9209.02920471 -60141.54320891 9046.13138204
v 9317.70396403 -88868.82761137 2527.95175426
v 9532.47074510 -88901.40600873 3165.70826647
v 9382.06574061 -88929.85379015 3786.73773593
v 10023.21357781 -88808.98663409 4343.05684691
v 9661.52875347 -87137.87472209 -708.25148620
v 10293.44531134 -87579.17946980 -203.48902252
v 10198.24512277 -88012.14181344 441.99654403
v 10092.50454981 -88357.35702348 1232.90814711
v 9909.33925645 -88643.92439732 2129.95548574
v 10283.74549752 -88706.51349938 5254.41496959
v 10160.27649690 -88636.69367645 6281.95456033
v 10039.73856615 -88557.85355074 7180.35117406
v 9942.59051752 -88449.15754973 8061.16909251
v 9850.30364748 -88279.91918578 8910.07902373
v 9630.63069304 -88014.00400475 9729.84857558
v 9838.47308543 -87734.95475553 10415.37189078
v 10173.31312326 -86308.24098399 -1106.47468691
v 9772.31008874 -87312.17331982 10935.69511285
v 9876.57338772 -86828.39839973 11514.25714716
v 10008.01071320 -85666.84549685 -1461.30282930
v 10307.81896411 -85415.89480608 -1560.08855710
v 10428.81035653 -85745.51253637 -1420.26667202
v 9645.13450950 -86367.32410125 11863.83476975
v 10336.35519384 -86024.88610606 12331.45290891
v 9930.30897651 -85155.13674416 -1562.02720113
v 9498.81912207 -84545.12752140 -1501.97586702
v 9902.94449739 -85422.32725620 12794.08528600
v 10309.52479415 -84943.55993494 13314.09671096
v 9528.86648109 -83744.78959993 -1416.96378612
v 9811.36628300 -84361.97682770 13711.56520933
v 10188.61698727 -83842.70917892 14254.53487163
v 10031.26156881 -83203.68367288 -1292.17430479
v 9671.88918032 -82362.01492852 -1081.20275804
v 10383.44009621 -82498.92318795 -1045.57341159
v 9744.43559234 -83275.69702510 14555.00705138
v 10040.49457550 -82767.00695514 14838.41923159
v 9492.16330934 -81654.34911672 -874.33648273
v 10088.36743703 -81909.78444021 -877.15947534
v 10213.06966934 -82068.04450083 15019.79188143
v 9280.79826050 -81114.78076905 -678.90613271
v 10008.19958642 -81201.19348393 -589.37908421
v 10325.64253480 -81163.16586371 15150.04266692
v 10247.10182675 -80468.23728760 -170.69288335
v 10027.74317450 -80452.82611749 15180.25902294
v 9537.43019062 -80201.12240178 15115.57434845
v 9746.75948593 -79903.67102297 96.35416065
v 9301.21827014 -78625.16863537 929.60843314
v 9736.54696127 -79224.62483794 555.32691618
v 10146.17985512 -78529.18659132 1066.47290991
v 9323.36516359 -79652.33918540 15166.20961779
v 10007.42048190 -79213.52137827 15410.93873671
v 10215.85289978 -77743.30509024 1548.54916706
v 10427.84556374 -78334.07291162 15734.44673358
v 9560.13617758 -77198.61546677 1817.16084780
v 9902.07304993 -76505.91413647 2126.97317144
v 9799.01257283 -77560.32641733 15983.71338850
v 10122.25490405 -76730.99399651 16422.50931544
v 9873.16016941 -75745.60447816 2389.46761217
v 9914.17150702 -76064.08235035 16789.50325644
v 9446.78785151 -75707.73937662 16951.11675398
v 10098.36403917 -75484.58725762 17078.41841137
v 10217.34324759 -75245.06281040 2498.78770185
v 10321.17600594 -74646.68756433 17417.96525926
v 9204.60727606 -74149.83477015 2867.61364846
v 10078.18244177 -74326.45781190 2697.51749822
v 9482.34290217 -74122.73245722 17701.57586946
v 9690.03104300 -73271.41788227 17950.79439763
v 9450.80471495 -73429.20481676 2959.51162828
v 10313.24285520 -73295.97688094 2809.51598417
v 9526.02194380 -72506.95854481 18093.08220395
v 9650.64627328 -72516.24183017 3049.60679075
v 10487.47645633 -72317.28630905 2876.85711093
v 9709.99897540 -71866.55322267 18069.74677414
v 9862.04756085 -71595.64925853 3113.92459805
v 10682.47530411 -71297.34975855 2936.19835523
v 9893.76243154 -71154.33223184 17980.06361510
v 10028.87180023 -70867.57880268 3165.59498789
v 9854.69866717 -70232.07127952 3356.48723840
v 10174.16749815 -70543.24234956 17825.18562938
v 9597.82064493 -69771.07419554 17730.67882152
v 9246.84404762 -69380.60012912 3845.73901080
v 9708.34696703 -69601.54441078 3573.30271738
v 9783.64246159 -68917.95545839 17542.99638960
v 9826.72668068 -68794.15277792 3724.84452245
v 9512.41699045 -67772.12721190 4101.65286664
v 9866.41873695 -67956.57924063 17386.29523340
v 9618.77367047 -66692.66557620 4207.74282687
v 9907.18827120 -67021.47739150 17236.73677156
v 9703.20694966 -65787.16591713 4238.65270629
v 9916.57720996 -66163.02774146 17065.66527541
v 9886.39028405 -65187.19355108 4170.14770413
v 10404.03871253 -65080.60272103 3889.34941855
v 10190.44272033 -65604.65898472 3962.76054048
v 9966.29547904 -65475.86167788 16866.05904085
v 9982.44288664 -64582.37881126 4198.88098107
v 10626.97496082 -64448.07973746 3869.77729104
v 10173.54416918 -65055.80841125 16647.08322271
v 10032.42145756 -64462.05351790 16290.08015006
v 10277.51172846 -63990.17600285 4173.45126046
v 10251.63518849 -63325.39899745 4460.61619059
v 10409.27154500 -63874.44673839 15823.28871882
v 9866.96080137 -63252.70558317 15398.79246143
v 9441.99978276 -62413.93124332 5357.88539618
v 10224.09018625 -62456.91350934 4954.01863808
v 10350.65838958 -62741.36003951 14885.35742145
v 9741.67759570 -62173.49393556 14370.77830869
v 9735.74529971 -61919.00361971 5569.23991263
v 9900.72538289 -61371.53571895 5968.18099898
v 9975.16296394 -61013.45108254 6289.42233913
v 10182.02828228 -61700.80382262 13761.15260911
v 9468.09899728 -61283.20093294 13168.39894399
v 10085.76866235 -60636.25621023 6717.57240511
v 10433.90814153 -60084.94779564 7405.79914459
v 9371.74515296 -60152.66098369 9611.10765573
v 9802.42738957 -60185.20423917 10007.64539377
v 10069.05985508 -60376.31152429 10718.07266617
v 9905.91971307 -60650.43181638 11620.99341447
v 9740.30843780 -60938.73497853 12436.54188470
v 10122.25952184 -60006.88217668 8124.39883117
v 9993.70149412 -59993.74465437 8838.91257664
v 9952.94162692 -60062.42385369 9501.70313214
v 9965.46353866 -88783.97504464 2926.97228005
v 10127.81226866 -88796.11585210 3637.74230059
v 10498.17223209 -87063.88116684 -631.02067823
v 10921.21725580 -87382.17071081 -206.91230973
v 11102.90062938 -87733.27665805 410.93569087
v 11035.46413842 -88111.77348114 1234.29113149
v 10947.72687610 -88385.58642785 2147.87738496
v 10814.86741420 -88588.67596882 3205.05147009
v 10900.91114876 -88629.79254161 4437.13380243
v 11206.80574083 -88549.39887269 5396.98700107
v 11045.57320934 -88522.12649731 6150.04920328
v 10925.86897213 -88453.47030258 7054.12529492
v 10803.34107973 -88370.93790654 7940.70826462
v 10715.58527895 -88238.22829293 8809.71763357
v 10580.34475328 -88044.02110139 9646.47411252
v 10398.61017742 -87817.76707243 10333.65736983
v 10223.08131976 -87629.46910466 10693.26624295
v 10732.21284114 -87451.58633465 10919.30540376
v 10742.07844437 -86703.45026451 -800.24749849
v 11208.58204352 -86889.20897133 -441.35843279
v 10517.86491177 -86982.82570520 11473.51196364
v 10284.16642103 -86575.07000293 11857.30719401
v 10967.48954647 -86503.48949437 11950.60034285
v 10643.43230610 -85410.26159527 -1490.30918542
v 10990.31136155 -85688.23396846 -1185.97767382
v 11082.12399927 -86327.81690992 -826.56899656
v 11362.39722572 -85888.20504921 12490.88537989
v 10492.35087744 -84879.34854488 -1560.59899471
v 10034.07295028 -84716.99253034 -1584.89530354
v 10940.38223024 -85120.23480480 -1420.96082050
v 10730.07963145 -85454.77674264 12900.28421605
v 11040.73943673 -85017.51752778 13326.90954836
v 10156.58218830 -84162.20260956 -1504.04586471
v 10720.35443943 -84254.24640360 -1488.92776505
v 10942.82929584 -84417.42651659 13857.70616681
v 10911.38666086 -83821.25960600 14384.48680296
v 10676.27449510 -83648.34640790 -1363.45898386
v 10670.60605247 -83040.94131369 -1191.86320938
v 11268.31174473 -83239.17050992 -1113.89484040
v 10503.20297403 -83345.79292494 14651.55671569
v 10928.05538392 -82762.51695236 14910.46342306
v 10924.47814324 -82623.00704890 -1008.03258898
v 10870.32085477 -81875.96936891 -709.93292691
v 11014.48519706 -81920.34492457 15114.86437376
v 10751.33755443 -81033.75671540 -366.40392396
v 11166.22955612 -81207.43414564 15213.96268304
v 11036.23147036 -80515.13000470 -37.51681065
v 9940.87270838 -79943.08431660 15236.95801761
v 10803.31743037 -80242.12950655 15299.76835274
v 10591.87635553 -79818.35355957 285.00560294
v 10572.11153707 -79165.97266026 702.33532579
v 11374.51103029 -79497.79629625 651.50247959
v 11127.14329700 -79160.61676718 15525.36783367
v 10979.92061797 -78844.26452303 968.85149691
v 11061.83136819 -78246.36603447 1337.56952133
v 11441.55049053 -78285.55102714 15785.38233603
v 10295.25800926 -77140.73312859 1863.60891180
v 11074.68368806 -77443.84857888 1754.61459897
v 10810.17396226 -77520.90431080 16073.53204925
v 11316.61199114 -76679.29856314 16423.75028749
v 10679.50198163 -76801.05153548 2012.99038650
v 10818.64282916 -76080.47790279 2256.40681175
v 10638.06734250 -76048.37031795 16778.68241131
v 10989.10790745 -75288.59924076 17076.19483408
v 10968.38075150 -75101.40015929 2486.32641020
v 11026.12213989 -74650.18245621 17312.00515272
v 11077.62911725 -74149.47893874 2625.83364041
v 10230.82579989 -73888.57094654 17719.08884174
v 11056.89505530 -73893.96706208 17514.88677978
v 11205.96191867 -73156.52069418 2706.09345704
v 10474.00514811 -73365.73050105 17816.42765187
v 10297.70978867 -72608.33266723 17953.46954948
v 11334.42664137 -72196.19328511 2750.97649938
v 10461.02721773 -71771.29547770 17935.12076815
v 11503.69907301 -71412.09726900 2775.76332758
v 10523.65519681 -71153.17066436 17872.93977561
v 10446.24444206 -70454.48069269 3111.38747776
v 11275.93718593 -70450.22760047 2916.47171950
v 10845.08013306 -70808.91561572 17721.28863268
v 10674.82761918 -69937.20461313 17576.64164178
v 10476.93179913 -69592.05791202 3278.49261197
v 11536.85423425 -69242.39487954 2999.70965599
v 10767.28581800 -68844.78527167 17374.21974955
v 10735.44277032 -68569.58938332 3367.64610751
v 10259.11975451 -67984.27878396 3683.28682722
v 10891.69040212 -67678.53049350 3430.43461504
v 10772.28822954 -67848.59196070 17234.64058424
v 10270.13265747 -67175.22810152 3797.87640393
v 11012.43861004 -66701.07587114 3475.33936833
v 10827.26627233 -66902.93101728 17072.81842539
v 10258.82094522 -66276.73380920 3888.57470802
v 10741.64049695 -65752.53473598 3667.41518253
v 10616.97767748 -66023.74212184 16932.48789816
v 11102.49190717 -65022.64077236 3557.90370839
v 10548.93263879 -65475.93350522 16774.32317819
v 11060.33972917 -65811.54730392 16745.80398032
v 10925.33961193 -65180.17733563 16493.41429536
v 11093.82471277 -64400.60554347 3654.59451372
v 10999.74416880 -64498.17891886 16102.02076970
v 11047.14640292 -63769.98902576 3873.24274022
v 11124.28743456 -62835.91663115 4273.39192355
v 11197.18687327 -64055.55983266 15777.24479222
v 11018.71227346 -63451.61897934 15363.26200846
v 11104.37449591 -62144.89986725 4743.27064581
v 11399.99866536 -62871.45936149 14810.56204652
v 10843.20442721 -62246.98388212 14316.19169057
v 10651.46517219 -61630.63830852 5376.22351089
v 10477.21336305 -61015.69099102 6034.18958291
v 11335.64722136 -61027.15644953 5613.61839902
v 11373.21656191 -61747.59313431 13625.13597533
v 10507.11677898 -61275.56781555 13076.72533576
v 11018.39763620 -60537.51976301 6275.30644374
v 10832.64203573 -60177.62298426 6841.84200384
v 11537.15008090 -60045.72671507 6582.86492581
v 11314.22079731 -60375.76710566 10754.48950591
v 10549.82711631 -60154.14112893 10072.40019212
v 10794.53057939 -60595.01854618 11459.54839028
v 10849.87120372 -60912.93751601 12294.21998118
v 11254.84628138 -59765.36423488 7241.36457193
v 11958.28850867 -59641.54536471 6917.91302249
v 11082.96351435 -59712.45473135 7976.91107588
v 11413.10262000 -59556.37770205 7594.78989361
v 10667.84214624 -59843.90720043 8622.50836313
v 10791.88992857 -59952.70861275 9337.51880561
v 11786.98749866 -59490.38418275 7396.36649808
v 11489.79506946 -87312.31093619 69.60516677
v 11805.23232332 -87508.22847168 582.04532667
v 11936.31631579 -87768.92122586 1248.20474100
v 11883.94389426 -88085.09486560 2111.40724523
v 11856.52328315 -88284.22724053 3086.48324529
v 11832.76438714 -88397.03797859 4135.37616982
v 11867.34985253 -88413.80219021 5148.70587065
v 11840.35720479 -88383.23199511 6037.85723602
v 11762.28132891 -88308.23445308 6918.75719748
v 11640.54859684 -88213.57066128 7858.12910321
v 11412.26805941 -88155.50022256 8620.47772492
v 11510.69410044 -87911.74865732 9537.82254481
v 11144.47042005 -87730.02679483 10340.87163188
v 11480.27140786 -87367.12230235 10902.01843306
v 11780.74276620 -86879.95474769 -67.99848466
v 11312.68133389 -86980.39609443 11428.82942647
v 11871.39218560 -86387.87731421 11905.50819314
v 11434.17968184 -85938.22880351 -828.50888044
v 11893.81736344 -86172.41385905 -329.13707990
v 12011.30362973 -85920.41111561 12361.14422850
v 11066.54058884 -84548.23964557 -1405.69159622
v 11409.15698113 -84925.95218183 -1168.94319432
v 11705.22441703 -85433.72902518 -807.70208388
v 11415.32446147 -85347.60007154 13009.90874272
v 12120.70023157 -85461.33610698 12788.35181777
v 11090.60412678 -83953.90466130 -1345.96334164
v 11585.92066664 -84056.48168076 -1110.64181669
v 11785.12489909 -84860.78477082 13437.15258622
v 11759.76607673 -84401.72224680 13879.71027326
v 11682.20673741 -83920.30524626 14282.73033699
v 11191.40782030 -83435.33896176 14642.68751334
v 11864.34563931 -83168.02824224 14724.54329808
v 11847.39517041 -83363.18531619 -919.36207125
v 11624.25322155 -82452.02086722 15001.92055605
v 11356.94208554 -82513.93273660 -864.26868671
v 11801.58471009 -82791.47616250 -814.47696932
v 11800.28062300 -81776.91035825 15119.64977656
v 11811.67247281 -82139.99751577 -540.76125699
v 11526.55817762 -81225.76756032 -240.81405694
v 11861.66916348 -80900.04007033 15219.76041063
v 11643.78297820 -80591.16388370 89.82763428
v 11361.62130161 -80114.02152939 271.76044692
v 12086.97896704 -80280.29980964 438.70045875
v 11959.66505076 -79923.78439657 15348.96416555
v 12245.76541493 -79557.85287920 861.53618210
v 12143.03389211 -78989.70313876 15544.34154334
v 11723.08159961 -78862.90701467 1092.45791565
v 12201.37828672 -78118.97321908 1579.23095477
v 12375.23700168 -78194.41890229 15765.71285861
v 11751.75363153 -77255.18731105 1880.93004468
v 11255.47924273 -76836.85410851 2012.76993481
v 11895.54303827 -76629.18351019 2123.69881696
v 11802.31634791 -77517.62472852 16052.46676521
v 12204.61677390 -76905.01708456 16248.03877162
v 11684.36532194 -75809.80282474 2342.61888485
v 11389.32066907 -75915.01683204 16760.04132946
v 12267.38537759 -76027.08988891 16536.96497204
v 11911.63084394 -75049.48044160 2494.00713459
v 11722.20922230 -75429.63162184 16884.81728342
v 11670.29522385 -74666.85699809 17126.30237091
v 12018.84131998 -74045.82918485 2611.48330640
v 12012.81613473 -73728.37952015 17217.18912218
v 12093.34562644 -73036.52901862 2667.21357590
v 10928.35390468 -73051.60588361 17747.96170485
v 11570.04725433 -72978.21079638 17511.80136590
v 12160.21603338 -72080.31613547 2690.83914321
v 11052.32550568 -72331.20657864 17765.02212005
v 11732.95507419 -72030.11400978 17492.16087262
v 12173.28596745 -71147.82561760 2724.46588670
v 11076.25471046 -71502.74858458 17739.05207163
v 11603.35418001 -70915.34108303 17455.93585400
v 12235.11454502 -70195.34692236 2768.52676050
v 11753.31897092 -69762.12781123 17242.26094170
v 12439.23040644 -69401.06137515 2781.36328436
v 11607.62140296 -68637.63885474 17139.58311185
v 11407.32361662 -68254.24317730 3151.98259328
v 12255.19503103 -68408.06398485 2894.00980173
v 11542.75555802 -67745.83263113 17040.46125984
v 11630.87256424 -67481.33797566 3153.12228524
v 12474.42650997 -67241.60202779 2911.42403881
v 11592.64549789 -67137.03095054 16927.30473774
v 12071.53952528 -67608.94064773 16843.97404164
v 12078.67145217 -66984.00815493 16701.76305514
v 11757.94004859 -66721.73652450 3156.37327970
v 11521.21042541 -65919.68006019 3298.65572300
v 11347.71033750 -66468.10380838 16846.32030998
v 11825.99966450 -66038.77617312 16518.54330680
v 11760.37541641 -65247.55208841 3257.15263719
v 12411.36525292 -65176.51478365 3069.97043138
v 12158.11256368 -65772.27699062 3075.35282141
v 11834.51109895 -65145.44109980 16161.19599870
v 11689.56565215 -64476.68381309 3414.36157810
v 12671.95312455 -64240.99626857 3158.11754981
v 11631.79774936 -64491.65819277 15916.37590698
v 12172.75778061 -64770.70268197 15862.22087248
v 11962.18185000 -64153.82287355 15571.54350398
v 11891.44842960 -63687.22299514 3529.74123644
v 11599.11581954 -63238.33302780 3812.34589245
v 11983.89427676 -63240.67704661 3640.53352362
v 12006.40019822 -63487.48968655 15124.03523796
v 12030.18713456 -62814.99035386 3874.81919789
v 11707.72570782 -62295.58107566 4357.29886048
v 12203.44431893 -63061.59196939 14755.09516396
v 12029.45232558 -62481.48286935 14274.37139961
v 11853.08064852 -61618.20609191 4850.18602657
v 12101.69053149 -60993.27209161 5310.94353698
v 11363.79795941 -61272.33625545 12951.64156282
v 12284.47222158 -61499.26627508 13064.30209056
v 11776.60084867 -61084.55565229 12512.51739336
v 12404.71495348 -62014.90755978 13694.66493254
v 11993.19131842 -60467.96638914 5890.13121058
v 12373.33541347 -59895.63538433 6365.59260519
v 11332.54946285 -60110.69603588 9965.65096540
v 12338.86087736 -60210.50308892 10099.29122699
v 11641.60029944 -59950.97723496 9452.36614876
v 12281.89581402 -60533.04058085 11028.60002101
v 11785.30768227 -60757.91052868 11742.76045179
v 12706.53654417 -59527.50452549 6775.66926056
v 11670.37730595 -59493.24780290 7778.25384689
v 11898.24824655 -59581.71815148 8248.70829720
v 11396.99528781 -59773.48975001 8782.62007056
v 12333.04156437 -59428.84883175 7195.43320380
v 12326.35508100 -59417.45728896 7694.10999798
v 12054.91445115 -87115.61822772 369.77209171
v 12367.11333976 -87303.49329615 966.08199687
v 12622.28505427 -87481.31716407 1534.52478885
v 12611.76927424 -87743.67786453 2057.89870299
v 12783.24247980 -87903.14200104 2979.38885447
v 12708.80169565 -88088.47367183 3980.19216008
v 12663.72572465 -88167.10298022 4976.12561966
v 12579.85573613 -88179.20193239 5924.79626158
v 12410.20764845 -88167.42741980 6692.05667749
v 12540.47744093 -87947.11985054 7691.45480548
v 12206.93937498 -87857.67186773 8838.99010035
v 12323.30411698 -87560.12593893 9823.54107837
v 12753.48911959 -87463.27610455 9428.85218993
v 11892.62011276 -87490.85481381 10420.85012557
v 12177.86354028 -86673.22400950 153.97122606
v 12599.68362654 -86713.35765788 677.96793848
v 13057.70210752 -86924.51163162 1500.07817295
v 12808.94890222 -87248.46831913 9980.58149291
v 13018.06923683 -86913.37649244 10345.85481190
v 12532.88978119 -87168.94919007 10488.53720288
v 12104.35247262 -86957.76511777 11140.82313349
v 12458.96046489 -86300.10044009 242.09167356
v 12840.64813090 -86130.50649092 594.76969504
v 13086.03104742 -86304.69779059 1033.65529279
v 12843.22211652 -86674.51374715 10951.06735723
v 12550.22071052 -86419.72230956 11554.89241014
v 12619.41956590 -85885.37538537 12143.89106887
v 12005.87804396 -84598.83359751 -777.85224376
v 12351.15436960 -85147.02564967 -314.69789182
v 12671.31053182 -85681.93269698 209.81995195
v 12980.43429809 -85282.91696551 12699.03834979
v 12562.74637525 -84953.45682281 13212.59220158
v 13260.19839656 -84752.43322950 13203.33465128
v 12190.63358800 -83765.94415363 -715.13923965
v 12591.85708077 -84225.79920784 -313.47443504
v 12566.30059465 -84315.79343952 13812.12080308
v 12413.32223868 -83670.73530358 14377.63569387
v 13196.55335942 -83573.06783926 14224.11535863
v 12223.80932325 -83042.95265533 -641.02174981
v 12664.42839222 -83360.72524140 -300.26745233
v 12630.46914258 -83200.66571582 14611.49868751
v 12439.09377888 -82500.26515818 14879.63723462
v 12118.56719849 -82594.00148872 -602.02526098
v 12497.60112222 -82509.80418804 -283.44378136
v 12618.20569473 -81574.07936214 15027.63115619
v 12101.71383739 -80955.97485680 100.05490645
v 12308.12526719 -81647.09862702 -90.88598110
v 12805.25899543 -81155.35378556 392.22674630
v 12775.37849702 -80631.37942504 15139.41493194
v 12939.96009506 -80251.42331778 806.74049585
v 13037.89144555 -79612.23335876 15282.86062444
v 12842.57083353 -79554.09114183 1060.97435306
v 12447.60853047 -79028.46196436 1187.77218459
v 13194.88704114 -79145.71189572 1391.84682748
v 12931.36890547 -78756.39280757 15524.08422843
v 13340.35703302 -78338.75057592 1758.59245960
v 13254.42429659 -78103.53269795 15677.60402864
v 12278.70471437 -77297.00642177 1918.00558490
v 12878.71597296 -77587.93373547 1916.80909577
v 12686.66058447 -77483.10701682 15979.26849497
v 12942.15922559 -76759.23603797 16184.79960185
v 12614.49626458 -76962.39880933 2088.44812378
v 12785.01213130 -76224.70251415 2343.21070882
v 13197.51305717 -76083.90501856 16306.90747477
v 12921.73749284 -75011.13061716 2581.68176811
v 12258.46981751 -75152.14124960 16814.14802293
v 13066.06803789 -75174.58751253 16522.17493257
v 12941.55176612 -73914.66648647 2673.38883788
v 12517.13986011 -74393.20502739 16892.54551293
v 13306.57673655 -73983.40410252 16593.02718465
v 12979.96315799 -72871.50798820 2697.93094418
v 12690.25717265 -73602.02870898 16952.97834014
v 12411.92299115 -72771.02914329 17156.79259881
v 12974.56180316 -71876.63297886 2689.31940624
v 12438.09307037 -71656.69409796 17156.31304137
v 12982.47466797 -70956.26895863 2681.09118581
v 12441.83705822 -70688.14748543 17094.14624842
v 13078.41038042 -70082.00385942 2683.83945353
v 12562.35174566 -70010.89096796 16975.82326316
v 12991.56061538 -70486.59261415 16816.04213263
v 13070.33870403 -69812.87020482 16697.91180619
v 13142.94081112 -69175.13465288 2704.97148338
v 12401.13660586 -69253.02614233 16943.14753884
v 12989.36840460 -68895.91885668 16621.64357030
v 13213.90292660 -68213.00274147 2730.32366305
v 12256.24849153 -68336.20556857 16877.91704364
v 12772.42551563 -67829.48632458 16563.07183613
v 13359.58139836 -67378.53468623 2733.51240986
v 12735.98131088 -66842.96916866 16370.46033502
v 12171.68508250 -66363.88944474 3034.55638607
v 12994.44481101 -66277.51676961 2849.10946182
v 12700.16114441 -65948.10482229 16129.28468510
v 13318.46243931 -65211.97139698 2854.73797118
v 12540.02365306 -65261.65279348 15943.80031848
v 13055.89490689 -65594.60986643 15846.97983532
v 12867.67617189 -64924.48980377 15617.52307344
v 13605.22522746 -64449.59880040 2885.30984666
v 12849.17206672 -64116.64797822 15200.41102719
v 12480.76047974 -63351.05520670 3460.23028998
v 13487.12645902 -63548.18111402 3139.51545951
v 12641.00214606 -63487.99469291 14916.59846899
v 13183.71130948 -63767.68947882 14866.78661666
v 12982.36284690 -63172.52866068 14532.06981153
v 12940.23906818 -62761.76659769 3616.77940002
v 12463.60992766 -62183.23683890 4148.41603214
v 13385.43574496 -62128.52495033 3886.88811161
v 13058.82587738 -62531.73838767 13989.16023445
v 12914.69697689 -61612.96592216 4449.69817635
v 12596.59974720 -61194.83595122 4930.42890854
v 13365.24910210 -61084.43546105 4788.68161112
v 13195.83599046 -61486.61294010 12734.82378378
v 12572.20775985 -61115.93494136 12327.24425815
v 13320.83593915 -62007.09212610 13357.08847640
v 12782.37753820 -60723.18730317 5324.20018408
v 12955.97988284 -60190.40194030 5810.61702955
v 13284.26179890 -59709.97096311 6263.73633715
v 12343.10157322 -59815.70982750 9002.12569051
v 13357.48955118 -60060.23794339 9434.43787619
v 13136.85142969 -59739.77441967 8714.35148456
v 13342.30646714 -60358.17536238 10204.78860303
v 13091.01372176 -60556.98589341 10827.95435176
v 12858.26168620 -60823.52345822 11588.74920619
v 13423.65241315 -59431.29260232 6727.30981853
v 12683.28600277 -59548.73021572 8265.32212726
v 13455.91896552 -59549.46480650 8190.28967236
v 13040.13749438 -59407.04159337 7791.55470626
v 13076.50273049 -59363.66175704 7245.23327826
v 13012.73088859 -87405.74071746 1957.27110745
v 13261.52272609 -87493.23039422 2558.38343717
v 13464.88856510 -87567.84465978 3196.95371496
v 13450.49932307 -87692.67606622 3857.99001408
v 13435.14231399 -87793.26395281 4824.50520741
v 13319.33046221 -87867.62364958 5812.06886854
v 13147.08506004 -87843.49987056 6837.92659482
v 13369.26400751 -87502.56091067 7854.29318786
v 13782.79536649 -87403.38416264 7256.41662107
v 13002.95321640 -87489.52886932 8706.65740874
v 13359.45564133 -87151.74853680 2151.39176377
v 13643.61200451 -87088.29667300 2566.41730405
v 13707.26374188 -87259.73842651 2976.60785848
v 13868.11738462 -87162.79171702 7856.40188213
v 14083.04051969 -87105.11717714 7494.75583472
v 13716.19593013 -86984.00404893 8637.40139904
v 13266.59913811 -87007.29190229 9620.31112673
v 13274.64292016 -85548.11255458 876.89756925
v 13547.65037039 -86088.84895591 1566.08269210
v 13665.59989502 -86653.36798105 2173.55250034
v 14308.98739205 -86703.04485272 7931.37146880
v 14201.66197301 -86461.43022082 8804.19364061
v 14424.16324593 -86047.89558560 9282.43783223
v 13916.11467215 -86447.91089362 9525.27182262
v 13514.04565092 -86380.44906725 10499.25969356
v 13175.36950082 -86104.98858632 11436.95605005
v 13061.63770603 -84692.20325019 299.31456979
v 13657.41474369 -84654.43640838 969.80469974
v 13912.31532805 -85183.02734507 1536.93211766
v 14343.71764720 -85769.31421205 10185.82888821
v 13913.65704391 -85678.38970766 11234.49446050
v 13466.10748379 -85520.17183487 12054.03861671
v 13706.48476460 -85016.87094815 12647.41372038
v 13887.87725254 -84614.10317596 13075.57873114
v 13061.43501411 -83784.29993525 98.95610698
v 13627.79847438 -83741.87579240 687.78310522
v 14316.25386053 -84054.40809789 1498.63224995
v 13679.96322333 -84168.89047860 13602.32110685
v 13925.59291945 -83594.57022128 13949.19987732
v 13188.76038648 -82893.95242157 224.22568216
v 13771.71300906 -82857.95433546 723.83071668
v 14153.75918744 -83197.96410498 1090.15368930
v 13104.68207899 -82911.12900396 14597.31696753
v 13839.64358935 -82900.84116257 14296.57807881
v 12905.35391294 -82027.96975128 153.29614320
v 13539.52965641 -81993.63987578 621.83892922
v 13279.38244265 -82217.42357726 14730.12878653
v 14079.31876761 -81959.84629985 14470.13494462
v 13534.51631772 -81030.65810718 832.17003795
v 13464.97574480 -81318.19660746 14851.77359668
v 14295.37049562 -81039.89578655 14590.97903697
v 13588.37526353 -80406.80039131 1041.30761257
v 13329.75486611 -79874.82401532 1120.93167462
v 13996.45564554 -80074.20145060 1372.81619670
v 13669.63636985 -80414.47294556 14963.75124711
v 14482.72881811 -80166.37593096 14733.92079681
v 14133.18754152 -79131.32432834 1739.52042702
v 13932.73389367 -79685.04420163 15058.17255239
v 13839.38642358 -78850.35865276 15308.95557169
v 13982.78010459 -78372.76763549 1935.15395938
v 13605.74141246 -77766.38700798 2033.08020915
v 14227.52240818 -78030.57145904 2138.63865010
v 14133.53731619 -77913.16601396 15532.84048129
v 13181.46969069 -77138.21038857 2141.55152330
v 13979.28586808 -77215.14782057 2336.21579345
v 13516.61019844 -77352.10007825 15881.69827403
v 13725.44600921 -76613.98047915 16047.42029416
v 14032.74569035 -76043.12870408 2644.11558276
v 13929.86466413 -75772.17983932 16132.30322101
v 13847.68019362 -74794.55337928 2762.35694589
v 13909.66822425 -74744.10606163 16230.66965596
v 13833.09245660 -73709.88689340 2801.05354814
v 14013.07403771 -73882.44922728 16221.66493982
v 13935.82388511 -72587.85224063 2785.52546937
v 13082.43629324 -73115.12005273 16800.41719218
v 13756.96726211 -72958.21277635 16398.73165652
v 13666.76386508 -71610.21067477 2706.89873352
v 13119.47530699 -72257.28773816 16804.82944158
v 13750.61197323 -71777.37603807 16403.50470880
v 13804.38505500 -70850.19196918 2683.78242241
v 13094.72280354 -71253.47438373 16801.48909844
v 13633.38285763 -70619.96867955 16429.19181868
v 13896.97270444 -69970.20000511 2660.62773043
v 13674.58700098 -69542.08935794 16311.84911644
v 14007.22579388 -69060.59697613 2653.64058763
v 13596.93670308 -68532.93480411 16240.76895963
v 14087.12773388 -68117.42366298 2649.77129369
v 13490.31130334 -67555.30720305 16152.12563428
v 14077.99482690 -67136.88432224 2663.40308318
v 13394.05744898 -66697.77404300 16028.67683467
v 14108.31106465 -66121.71248851 2678.41748731
v 13364.56852202 -66101.10457990 15882.46695058
v 13829.24734848 -66489.30263062 15741.31323393
v 13696.39514814 -65765.40656496 15561.32491213
v 14275.32665117 -65160.77820628 2690.04696057
v 13703.86361960 -64913.76346574 15204.80942366
v 14432.74426929 -64221.99205892 2769.28622124
v 13548.47306304 -64249.69000534 14971.41010385
v 14064.34316743 -64590.70139822 14881.90592280
v 13887.48777326 -63939.52135397 14617.13734777
v 14580.16436272 -63303.29254710 2965.26390272
v 13910.35494546 -63171.05093360 14141.08875873
v 13893.10121146 -62704.41822791 3385.16264584
v 14305.86795386 -62069.39182141 3678.12009524
v 13770.59862093 -62570.13234180 13760.73345223
v 14321.89000802 -62889.50415938 13783.41200174
v 14302.87772589 -62434.54444353 13386.91384757
v 13862.10255077 -61557.08115035 4217.20690194
v 14324.37986906 -60998.90877293 4627.02221254
v 14304.46370577 -61772.47483196 12641.22049999
v 13521.35525214 -61198.11714146 12114.75135795
v 13756.55082256 -60478.60688531 5276.43435502
v 13674.79945147 -59990.82915129 5790.60750141
v 14482.57119066 -59979.49485998 5619.02446746
v 14388.65106432 -60125.88127545 9301.07886187
v 13898.42832781 -59809.78028776 8719.90544380
v 14096.46034449 -60385.27710467 10003.95175374
v 13839.08024161 -60582.96111535 10610.47117508
v 13877.95224426 -60879.64543160 11317.60811059
v 13992.07635661 -59717.77344506 6022.07071249
v 14048.41678246 -59482.57615766 6414.45090150
v 14294.32824745 -59574.16694179 8102.50787865
v 13763.06975743 -59391.39839644 7625.66462030
v 14133.50530910 -59337.16248452 6992.68498880
v 13922.17755812 -87232.56931104 3572.44667919
v 14137.07059996 -87244.77177089 4542.47670890
v 14067.55300869 -87379.97115779 5716.48136306
v 13761.69947754 -87552.85789437 6513.64036635
v 14058.98968654 -86696.59904056 2954.22613161
v 14486.79546472 -86649.19777144 3860.84600356
v 14684.00066200 -86723.09336067 4602.93691088
v 14635.95971577 -86882.67172252 5306.03583739
v 14600.08791008 -86922.56570897 6070.42481933
v 14818.01933412 -86618.50822921 6547.63311546
v 14301.88448227 -87050.14336149 6859.32838918
v 14173.48282428 -85799.81041725 2311.86743460
v 14622.35968437 -85967.37879166 3207.18281475
v 14893.56908051 -86073.29024224 3838.30791475
v 14901.33691699 -86344.39617374 4309.16995808
v 14786.73809125 -86449.57589487 7233.99557361
v 14807.59309901 -86196.79737952 7884.67219868
v 15136.49045825 -85971.63294157 7485.22004079
v 14648.47781710 -86099.85239530 8567.84522211
v 14427.38784745 -84881.60427943 2043.40146195
v 14890.12278640 -85013.41300260 2742.47686689
v 15158.86164567 -85447.47378396 3579.66429039
v 15140.06743696 -85715.28338513 8191.97860593
v 15018.91826498 -85448.06605750 9280.91019856
v 14940.99168499 -85164.09096108 10305.95967085
v 14611.16767047 -85167.80564244 11092.57610243
v 14235.40857251 -85053.99580399 12018.04401748
v 14206.98228845 -84722.83073033 12685.40305685
v 14606.07352173 -84526.88921479 12464.57040019
v 14822.75966275 -84312.70334496 2173.99760908
v 15384.84606222 -84048.12321106 2619.24934348
v 15638.21584320 -84567.81179372 3360.61650478
v 14393.00001884 -84243.31560104 13085.12269907
v 14273.39422968 -83840.75753650 13595.71515298
v 14449.06239754 -83308.16081652 13796.25995608
v 14192.02481306 -82419.78935842 1057.80972289
v 14738.46433112 -82854.02258258 1535.21204097
v 15086.50827419 -83528.81144733 2033.38495606
v 14628.54884731 -82537.51985843 13986.42195404
v 14129.25678731 -81562.56195247 1071.65050511
v 14628.37346807 -81983.31902684 1374.05937793
v 14849.07717224 -81651.49565772 14136.76762092
v 14012.71057641 -80831.19427238 1145.18365561
v 14655.46689404 -81073.81878119 1478.28536828
v 15166.05604905 -80697.03381685 14220.23639849
v 14897.55034404 -80087.17295270 1790.99705583
v 15181.82945952 -79795.03627172 14521.34896645
v 14853.74907695 -79305.80711306 1964.05949917
v 14613.61668707 -79354.21105393 14916.98671049
v 14915.06837250 -78457.48987160 15057.42432946
v 14564.05041901 -78662.13226517 2046.20931499
v 14959.85938768 -78191.63566074 2372.80171167
v 14896.21879728 -77471.70513570 15384.01583555
v 15010.49673691 -77167.59452932 2696.63091073
v 14269.41835782 -77133.22354116 15752.09260714
v 14389.95783681 -76467.90994375 15878.34483659
v 14950.74345663 -76353.72537930 2865.68926564
v 14740.45721808 -75528.90603834 2923.59875325
v 15514.12412457 -76179.80232444 3086.49181781
v 14578.30195500 -75950.77992421 15864.94583765
v 14881.86612155 -76359.26159019 15673.77816345
v 15050.80922698 -75788.78601181 15597.27937437
v 14664.37344595 -74513.05692480 2974.45609374
v 15503.98206075 -75241.63092322 3185.46067088
v 14533.38545873 -75266.09395717 15900.88912176
v 15104.71906455 -74914.32369602 15548.11938888
v 14688.14007361 -73508.61941732 2968.41999455
v 15466.67598409 -74222.37307525 3197.89798837
v 14544.41173355 -74352.52649768 15893.76639919
v 15161.82169264 -73909.34403944 15450.60315020
v 14804.45246844 -72712.65358357 2930.69676125
v 15500.25750696 -73225.15370332 3135.93442357
v 14493.98517868 -73373.99473942 15911.51869798
v 15030.77841017 -72822.17131818 15483.50300613
v 14638.83195860 -71744.73991049 2809.81249084
v 15283.26603535 -72432.08289413 2987.35328591
v 14404.53215352 -72323.49882020 15949.28694812
v 14964.57198348 -71776.34067984 15485.73513855
v 14542.03431648 -70717.36404789 2715.17559567
v 14350.68209785 -71237.67381347 15953.88569809
v 14928.37693113 -70736.94064141 15474.11414671
v 14780.20693984 -69945.85435794 2690.09135615
v 14315.98926131 -70174.04743385 15926.22236491
v 14899.36910000 -69713.91456559 15453.15007031
v 14909.39554172 -68979.33458552 2653.11982308
v 14281.22862915 -69148.21539841 15876.20410647
v 14847.44889031 -68707.70726528 15427.42521997
v 14969.31035809 -67996.13124230 2624.72802050
v 14198.07663633 -68155.47734266 15826.00703382
v 14731.39213536 -67705.64702465 15397.13117363
v 15003.83996126 -67011.28036618 2601.60464314
v 14053.27600213 -67215.76380281 15770.03007581
v 14466.45419522 -66631.46565145 15363.58088577
v 15094.23534473 -66035.87072219 2578.04766841
v 14389.91372962 -65699.95656248 15141.76355539
v 15273.15533988 -65047.96310168 2562.71555329
v 14370.48431950 -65100.08016712 14941.76314542
v 14842.46101615 -65510.40092197 14810.32805285
v 14717.57817284 -64789.46546414 14594.72455347
v 15587.39283957 -63960.10133446 2586.38234526
v 14750.42902787 -63964.61142777 14202.26958707
v 15482.40523461 -62967.35254705 2898.63514549
v 14632.79932098 -63335.84900157 13934.21450535
v 15148.31135071 -63679.90589672 13869.99477786
v 15039.20440647 -63097.83599386 13562.77010157
v 14783.35754226 -62555.56993549 3239.95032772
v 15065.13543463 -62050.10550569 3513.88929479
v 15133.01948388 -62482.59439383 13040.96761908
v 14921.06480407 -61520.17097173 4009.83215553
v 15282.28007914 -60923.81524175 4515.32999385
v 14325.63319169 -61260.80847959 11893.00301859
v 15223.40039115 -61492.61730795 11857.08219693
v 14711.84814325 -61083.27856066 11397.27058796
v 15482.23016081 -62080.72983959 12501.92122156
v 14798.49553181 -60474.39997423 5044.29568872
v 15286.26815130 -60091.50939438 5351.59187698
v 15320.66511635 -60199.56581826 9219.32987374
v 14808.24761166 -59862.12408552 8638.91300534
v 14880.50763425 -60418.17168883 9818.51622997
v 14790.60254319 -60750.60887907 10630.53913010
v 14569.92756042 -59606.35721539 6065.32880493
v 15400.47897526 -59681.63418932 5843.70315622
v 15216.71350181 -59593.87328094 8003.20419064
v 14666.88547075 -59386.45450121 7515.04014627
v 15004.88411834 -59389.36437661 6479.86010155
v 15057.88165570 -59302.98241747 7032.61929312
v 15104.65817522 -86273.69813083 4993.30551944
v 15012.91099635 -86469.27921524 5882.93548527
v 15232.93183119 -85830.63876813 4280.68922913
v 15614.11366757 -85558.03895522 4900.67423190
v 15489.67814819 -85854.32687714 5715.64987530
v 15265.78594980 -86040.93781177 6668.86089816
v 15661.00839668 -85137.91112310 4145.04891054
v 16150.47755763 -84857.77486052 4844.68913470
v 15969.75338972 -85244.51078880 5528.62355034
v 15852.15421607 -85366.05450500 6387.01476643
v 15636.31804525 -85388.31085500 7465.16263498
v 15569.62894664 -85135.95503081 8498.53775268
v 15583.26183413 -84876.32650247 9214.86458978
v 15908.20761979 -84636.92309277 8827.27566076
v 15469.60855297 -84711.17079777 10021.74781073
v 15195.94632845 -84662.08614608 10941.28121090
v 14897.58332156 -84583.36027412 11805.00694095
v 16035.79624971 -83728.07176619 3050.53796581
v 16196.40846760 -84056.76973721 3526.25253524
v 16154.89657738 -84463.25192031 4037.85741081
v 15911.19776672 -84383.34709560 9501.35345190
v 15877.24694748 -84172.99497711 10164.07063647
v 16040.61133060 -83751.87732487 10607.37084875
v 15677.38485635 -84171.50870664 10780.44533969
v 15442.26369379 -84069.02229166 11612.87676167
v 15083.16837318 -83880.65672108 12598.89673695
v 14702.07729812 -83703.83076554 13326.28615200
v 15362.91376462 -82759.35662039 1988.24440369
v 15823.21803194 -83086.60609252 2482.24916789
v 15920.89951186 -83568.50690558 11322.66958848
v 15686.83000396 -83433.87354817 12142.85858428
v 15508.58133899 -83196.56136273 12764.70024146
v 15639.08058408 -82606.42640605 13046.19139475
v 15083.45422792 -83083.89428135 13346.23421985
v 15255.75578291 -81947.13938928 1793.47637257
v 15783.18723035 -82322.29134967 2189.78600279
v 15287.54741797 -82207.78192365 13616.59483948
v 15822.94318186 -81891.40910018 13226.09537928
v 15425.78318009 -80987.24781063 1905.97907250
v 15522.95359572 -81432.49599803 13724.54466983
v 15928.63146705 -81377.20193965 13367.05353358
v 15591.18485857 -80358.78088715 2062.66723519
v 15423.83660318 -79680.06892400 2125.81498976
v 16048.79814381 -80174.93472677 2366.47656502
v 15955.86642184 -80792.07614620 13580.12800274
v 15784.10493480 -80023.44664800 14055.55249536
v 15146.63368440 -78995.12547952 2185.96653442
v 15826.91089410 -79156.33579080 2481.79111823
v 15273.04621188 -79137.35391713 14692.06634428
v 15701.92555913 -79400.31429384 14354.54637908
v 15861.56443411 -78146.19728588 2771.30027447
v 15872.67672306 -78660.14565054 14470.79588633
v 15640.64360977 -77722.39766650 14903.81775575
v 15767.61177768 -77393.57249006 2929.36987288
v 15482.68291155 -76828.68433120 2955.49077881
v 16177.27011771 -77027.65709920 3177.50325218
v 14806.63868547 -76838.26661511 15620.11697746
v 15448.85158704 -76627.34208690 15249.06401487
v 16291.23088165 -76056.60340902 3372.81349787
v 15633.71587495 -75497.54321893 15181.56258616
v 16458.55436051 -74893.42960717 3513.70244892
v 15633.53459669 -74601.36644322 15147.43220579
v 16104.89609142 -73889.37579208 3371.58088406
v 15689.15327428 -73997.96184062 15048.44820326
v 15922.94959277 -74338.69131652 14893.78278731
v 16109.51115545 -73833.04735259 14663.33010329
v 16258.40560032 -73236.95546902 3340.92904484
v 15599.21516630 -73273.86208482 15044.80503048
v 16066.78668425 -72789.26663650 14577.42185736
v 15494.49629971 -71919.57925871 2950.97914453
v 15974.69966106 -72501.93981398 3141.26596630
v 15531.44148984 -72280.59577892 15021.96437619
v 16029.72479912 -71768.82173019 14532.25904782
v 15529.99679931 -71035.45295497 2851.86815682
v 15993.12936050 -71824.19774663 3024.05305803
v 15493.32730775 -71259.58647388 15003.35199194
v 16013.61983306 -70753.15038077 14511.50846711
v 15714.75600177 -69876.40294687 2759.90801321
v 15472.15352932 -70242.83029051 14990.52350152
v 16006.37555385 -69742.99186121 14506.87296931
v 15839.17190257 -68865.35931393 2691.54173759
v 15445.42980090 -69236.04108354 14981.20014811
v 15979.97977586 -68743.97151925 14513.42881741
v 15881.79231758 -67878.06923783 2627.91756940
v 15383.12953234 -68236.99584985 14970.29602642
v 15909.08102101 -67759.77471128 14516.63174230
v 15933.29935219 -66937.54961005 2567.94573096
v 15252.79445640 -67233.53315101 14945.24920226
v 15776.14120303 -66769.16256405 14490.39344984
v 16090.63908023 -66002.42797829 2503.18738451
v 15072.08804772 -66260.72485938 14875.62367683
v 15504.87977877 -65687.68997113 14430.28567028
v 16356.24289649 -64998.64061787 2409.85420422
v 15440.36319090 -64762.04964448 14176.53588815
v 16334.88107957 -64234.96361635 2357.41457785
v 16712.11250496 -63997.55221302 2286.34422955
v 16948.62228431 -64504.30063694 2268.50092551
v 15439.72678693 -64176.16134896 13955.52150650
v 15929.45179580 -64607.15768862 13848.21800423
v 15844.42625409 -63909.95052867 13596.91586644
v 16304.61765860 -63784.91330889 2401.03530463
v 16250.49756392 -63262.48581814 2603.02581785
v 15917.97567139 -63138.75561015 13158.40737291
v 15497.46420986 -62357.97945678 3214.04227858
v 16363.60819475 -62479.30898017 3006.68019687
v 15814.41291912 -62570.71234716 12830.15826880
v 16307.55730681 -62868.71256151 12822.61348597
v 16279.12527019 -62447.88935577 12495.14476942
v 15877.06156585 -61820.06895164 3580.10422645
v 15771.20666282 -61281.11888139 4090.39136302
v 16188.41981465 -60851.90228413 4459.47781497
v 15342.39528198 -61121.60012752 11179.26235200
v 16229.63376603 -61393.81213222 11229.91526598
v 15759.46817146 -60968.43831999 10689.72789301
v 16201.72662688 -61923.60257255 11980.68965094
v 15708.30542811 -60440.87705921 4930.77375585
v 16090.13621561 -59990.01047760 5359.91137194
v 16284.43537140 -60258.44879562 9103.29644490
v 15749.60195269 -59903.15503467 8542.09762628
v 15815.44305789 -60607.70068813 9929.57810762
v 16490.83106274 -59600.21936429 5836.60536174
v 16208.64363991 -59598.97426754 7870.77932105
v 15566.11650358 -59380.68618453 7413.22624976
v 15957.50198350 -59406.91400654 6272.61484576
v 15938.51355459 -59300.44433787 6832.67054728
v 16289.96098656 -84857.55217609 5432.33229374
v 16325.32842601 -84833.02327448 6010.13496058
v 16318.11361475 -84699.73888238 7019.92491895
v 16084.63343208 -84676.24921256 8079.50069113
v 16516.66169858 -83581.74715290 3425.34193346
v 16624.20231059 -83867.69418111 3927.94392864
v 16640.16938371 -84193.65535479 4604.87168537
v 16647.65868377 -84407.39360449 5440.52965512
v 16758.29079817 -84288.26543575 6371.11927656
v 16789.79947588 -84145.23715883 7088.48883817
v 16954.00387678 -83863.64310224 7390.64097865
v 16658.31994930 -84062.65485569 7831.69307721
v 16347.05299127 -84041.70713494 8903.82174170
v 16225.55762726 -83776.39595612 9932.14043678
v 16612.17324482 -82947.93749085 3081.26090186
v 17046.66084510 -83211.73154624 3733.36507169
v 17114.04280411 -83570.94879699 4460.68589832
v 17135.35999795 -83459.58768740 7790.94439753
v 17189.94486641 -83108.29968241 8404.32059892
v 16887.18785430 -83434.41529129 8601.78258598
v 16691.15565966 -83230.03943534 9605.38915499
v 16421.76834379 -83008.29130412 10831.29546098
v 16103.21618048 -82900.99035868 11896.62549274
v 15839.40468673 -82898.69905132 12517.47427136
v 15945.96163873 -81570.11748766 2205.47719891
v 16355.62826079 -82185.90528467 2596.00837839
v 17255.19259891 -82626.71020165 9101.49601443
v 16959.65013579 -82433.27423893 10275.28613007
v 16795.06220304 -82199.79508672 11103.93793580
v 16875.83588666 -81701.47058188 11573.12045035
v 16499.77425337 -82142.81080322 11861.92170050
v 16069.26600958 -82312.21914774 12587.90041717
v 15971.49500842 -80840.62616992 2219.78777048
v 16627.04966993 -81063.78892789 2668.94345201
v 16739.56278593 -81443.91258836 12120.37080870
v 16769.81893395 -80941.68823601 12492.16888615
v 16317.41496637 -81425.08298679 12813.81656733
v 16615.44180083 -79903.65872089 2759.18992717
v 16538.31866617 -80552.76423840 13078.35707908
v 16286.50533996 -80105.59910765 13600.98960261
v 16728.61940480 -79818.94751726 13266.84543952
v 16529.88213435 -78978.16791011 2884.60922410
v 16306.69013066 -79397.61065248 13884.32541994
v 16801.81908044 -79271.08140628 13467.60129068
v 16534.85835975 -78329.55575808 3031.25206962
v 16265.69383655 -77776.37629900 3042.32014549
v 16908.18324511 -77945.18689308 3316.06122490
v 16797.13765928 -78544.66677963 13759.13729658
v 16304.27843649 -77919.23875386 14410.04072912
v 16824.59737443 -77513.83027693 14085.66537029
v 16991.45800461 -76959.83524109 3525.84542803
v 16239.23177426 -77090.38023567 14637.11558274
v 16821.84235730 -76579.34340825 14215.45687680
v 17167.25454254 -75991.51364594 3714.57345431
v 16220.94338046 -76062.75305799 14727.75224287
v 16807.73770661 -75579.51593870 14223.27938418
v 17217.44631841 -75221.88085941 3795.27033929
v 17145.00923343 -74642.53206614 3772.02708797
v 17685.75833258 -74931.88059010 3971.94553801
v 16234.21349319 -74882.42845810 14671.51169930
v 16805.03042103 -74830.39632704 14167.53417680
v 16937.70340281 -73832.70233888 3626.41423899
v 17536.54754499 -74322.40639486 3896.52143556
v 16644.61858563 -74208.48013959 14226.51208064
v 16976.56936482 -74476.19102688 13956.39121202
v 17121.75569023 -73885.70849525 13709.97485174
v 16826.85236806 -72700.31459358 3404.06901531
v 16592.50790793 -73299.68308495 14141.69356817
v 17071.50305889 -72792.21704259 13609.00645853
v 16444.68238250 -72106.32900357 3172.79552380
v 16443.01401350 -71492.76440996 3066.35764293
v 16918.51086083 -71951.08701674 3270.04063108
v 16552.75640249 -72278.16294868 14068.22412110
v 17051.87566453 -71766.06844250 13550.72073590
v 16486.80593807 -70654.33850456 2953.86314141
v 16537.77349998 -71259.38402328 14029.68837185
v 17067.07890119 -70750.93312251 13527.65992585
v 16627.33489077 -69703.56011294 2851.26713522
v 16545.34999230 -70244.03876093 14019.04152517
v 17107.03215394 -69726.69993645 13531.18270006
v 16850.08142087 -68709.05207346 2753.85912288
v 16556.02461971 -69223.60060805 14028.33318945
v 17165.15682070 -68621.88062294 13539.71851068
v 16662.30133421 -67729.60932170 2634.23316510
v 16509.40280470 -68240.51833393 14069.74396019
v 16941.37840113 -67757.74375834 13730.06132294
v 16900.62755271 -66978.42188543 2559.34108867
v 16427.20858724 -67305.42551434 14089.18011705
v 16974.05014280 -66932.60508198 13665.25427332
v 17109.78070952 -66058.79266113 2442.12364974
v 16317.18233262 -66337.31717958 14043.61931563
v 16889.30324363 -65930.38354696 13595.48463957
v 17410.00359190 -65266.58535945 2309.13292131
v 16152.02540717 -65363.31799102 13943.42203563
v 16648.04384765 -64835.30828034 13490.86175506
v 17346.97186421 -63989.72368810 2227.59475689
v 17801.83710599 -64622.18445866 2196.12666905
v 16695.79398539 -63914.45817853 13156.15191689
v 16861.47077880 -63545.77169229 2364.43349352
v 17108.06998550 -62939.32035563 2596.23100651
v 16594.87685539 -63294.50776945 12932.55994303
v 17074.62893818 -63615.10277359 12836.26970246
v 16949.36488450 -63035.11853476 12570.79567043
v 17478.88066924 -62302.43067278 2957.56115344
v 16960.67670756 -62408.43432329 12102.05299839
v 16976.03954641 -61813.08505584 3438.14294492
v 16591.49781694 -61304.19793048 3963.90458528
v 17142.12448222 -60799.47374010 4408.84968864
v 17407.56487390 -61475.00027069 10808.72729905
v 16617.99960079 -61015.12788403 10414.39221557
v 17073.14950736 -61910.14031588 11538.22311023
v 16631.53299029 -60371.11042505 4893.64133055
v 17069.10982560 -59909.65889761 5349.19459941
v 17112.20142682 -60247.15296461 8883.38649368
v 16635.76144517 -59942.07347783 8449.99131180
v 17047.83864552 -60641.09351693 9594.95673366
v 17489.33571083 -59543.39056205 5823.51081347
v 16287.67145418 -59366.36579899 7300.98656433
v 16977.44896327 -59467.57677628 7462.67224590
v 16706.50557645 -59312.73330161 6990.98878375
v 16964.40826936 -59713.91131210 7981.21021294
v 16986.00760087 -59347.66467814 6447.27548226
v 17057.29613033 -83859.76459176 5104.66605019
v 17169.35306755 -83795.01044287 5888.42651317
v 17164.23128453 -83704.58447982 6880.64901581
v 17197.66270562 -82670.81540135 3415.19680527
v 17480.13278267 -82717.57571487 3779.49599756
v 17569.47041737 -82925.53239717 4332.23396964
v 17583.49558422 -83186.63109606 5272.60987784
v 17634.94310820 -83141.34569080 6390.26179880
v 17547.54728205 -83054.59476562 7330.26938650
v 17451.18722122 -82853.40286224 8143.54691296
v 17785.58895738 -82515.28355095 7788.65923793
v 17108.61256699 -82026.90926972 3129.51832421
v 17527.22797812 -82300.36383209 3567.60682028
v 17722.29570572 -82233.98217500 8498.20164566
v 17685.44506088 -81820.74325636 9268.92375392
v 17961.59369848 -81651.10794248 8781.48296406
v 17400.33219056 -81798.66725821 10061.50668264
v 17129.01548392 -81689.52756540 10948.29650214
v 17344.85119979 -81224.11926040 3178.87308389
v 17250.59568109 -80449.51211581 3109.73653664
v 17714.32534753 -80833.52719092 3484.05953592
v 17958.41179394 -81314.42919857 9306.58769694
v 18070.44957802 -80836.28148789 9689.60456370
v 17777.23410011 -81217.19686917 9927.53470593
v 17542.79188478 -80951.02685391 10873.91951484
v 17105.04601329 -81023.14978048 11785.68339764
v 17163.01948934 -79516.55239870 3159.04847813
v 17749.39798227 -80017.14892198 3554.94381916
v 17959.39685400 -80523.96411839 10409.30493689
v 17819.11938254 -80227.19683310 11128.35903697
v 17875.98513255 -79722.79161917 11558.13029788
v 17501.47589008 -80141.81243018 11849.57056732
v 17011.58609619 -80297.57125174 12571.25645889
v 16981.18129189 -78747.15670624 3180.46109854
v 17607.88234112 -78884.57718742 3570.39422625
v 17723.72019839 -79425.43745932 12104.57639611
v 17747.10463850 -78884.84284972 12458.21706855
v 17256.97970939 -79345.30724660 12841.91469645
v 17652.66033522 -77795.95598080 3731.20026945
v 17500.75490553 -78400.39508489 13058.84734171
v 17269.96116525 -77822.85097462 13572.78146594
v 17736.88451739 -77567.29907006 13084.58421779
v 17714.04105554 -76880.39058182 3856.98501352
v 17335.03332300 -77043.36264335 13675.64026287
v 17841.21159723 -76619.12352397 13131.01914564
v 17823.05420953 -76251.60360871 3960.11350032
v 17346.21542830 -76079.23329116 13716.41981052
v 17833.78248482 -75626.18012264 13167.45610335
v 17721.51205496 -75638.35990308 3964.16633124
v 18280.35445977 -75393.17006661 4195.24648512
v 17308.70591218 -74949.67153769 13675.88072493
v 17827.57126972 -74866.64007139 13118.29507172
v 17700.09800319 -73829.75008442 3896.19020603
v 18305.27723966 -74376.91914257 4160.04749288
v 17665.23245643 -74187.14957852 13192.31473930
v 18064.55701300 -74441.84788117 12787.08390023
v 18068.21591349 -73705.70433915 12674.97304572
v 17601.57984817 -73118.78407816 3737.80971108
v 18182.59985632 -73503.60051392 4006.32512246
v 17585.37631852 -73263.45945965 13140.00193131
v 18050.93700425 -72751.06267373 12595.85375321
v 17161.37406938 -71291.91616054 3209.36359100
v 17643.20350247 -72102.38301608 3530.51340768
v 17557.33339473 -72264.20613005 13073.74080369
v 18058.37602127 -71764.59430293 12552.88279414
v 17311.83864354 -70427.58153052 3083.00361903
v 18059.93961805 -71044.51959498 3398.64835198
v 17571.15499543 -71260.41537034 13038.37730865
v 18111.52332518 -70777.92089525 12536.90348109
v 17449.56925230 -69608.33749381 2958.97734302
v 17988.38356507 -70191.66487738 3173.37755216
v 17628.44032792 -70249.52485926 13029.53680531
v 18252.20454292 -69727.84217599 12505.92725645
v 17685.53078816 -68999.04036705 2877.11551006
v 18160.48088762 -69572.40038873 3059.86403752
v 17688.43575377 -69254.78008585 13059.35526932
v 18208.16382793 -68729.38874288 12666.69711926
v 17721.62573164 -68125.19354124 2727.31628523
v 18202.97703194 -68960.85949246 2921.02359792
v 17750.33077661 -68456.88803466 13080.27216601
v 17542.15938345 -67652.58594688 13274.08483877
v 17915.46768521 -67017.59587752 2548.79248000
v 17568.34618023 -66563.82167470 13216.02946707
v 18105.37945336 -66123.36952812 2393.69771430
v 17485.19587580 -65506.55678564 13136.81594001
v 18341.26744914 -65361.44365380 2246.74311846
v 17345.02198621 -64604.54951584 13036.44949440
v 18324.26226468 -63970.62775940 2157.55369853
v 18669.84387448 -64738.59741600 2131.71137951
v 17324.07564486 -64061.34199911 12889.65459799
v 17651.45798154 -64358.97836047 12789.84086109
v 17734.50251091 -63835.36447351 12514.91352765
v 17681.42596406 -63397.75382513 2321.02428998
v 18163.10777871 -62755.54515116 2567.88060933
v 17662.99009976 -62953.30344889 12111.04988682
v 18346.94517885 -62169.41257173 2961.87034988
v 17605.10328567 -62380.79644716 11745.30562584
v 17982.68648931 -61751.62609006 3372.31798763
v 17587.15542434 -61270.75133152 3888.17144849
v 18236.40606280 -60710.25386960 4396.34558855
v 17450.56767028 -61060.45539863 10163.67973137
v 18265.30607385 -61340.80688282 10241.22027387
v 17920.53601172 -60881.70205404 9706.70734297
v 18184.26103048 -61692.16333352 10737.70639391
v 18049.82683209 -62068.92861634 11204.21154185
v 17603.79582239 -60294.49157185 4878.35181263
v 18145.70912321 -59830.09938688 5344.76993198
v 18120.11567831 -60428.83443855 8930.94972279
v 17440.66429229 -59969.80826899 8334.87264880
v 18339.11629566 -59495.91599010 5830.82974847
v 17310.39886051 -59349.15678129 6989.61885125
v 17789.18419700 -59508.44256233 7368.81631617
v 17497.22475099 -59681.48518998 7815.16549617
v 17947.00543602 -59368.42646300 6209.67727907
v 18061.55026574 -59363.80699438 6757.70252619
v 17831.32252742 -82298.53799127 4065.28388453
v 18111.28284915 -82334.66501486 4910.97896027
v 18172.37848350 -82408.14600021 6021.61349539
v 17985.02542781 -82479.85707650 7060.50905211
v 17762.21548175 -81613.23569578 3659.22651088
v 18227.35956017 -81650.41348038 4378.12826287
v 18511.16510547 -81671.07864776 4983.08167291
v 18544.19810004 -81868.32997576 5551.09463039
v 18599.41548826 -81797.01664565 6174.21777283
v 18811.67773686 -81293.72440603 6513.23352307
v 18473.66373784 -81723.69137738 6955.54651252
v 18132.85643920 -81814.96208806 7976.97751347
v 18205.11105352 -80710.68470826 4061.92916857
v 18622.61855457 -81005.93628456 4791.66937697
v 18795.23915531 -81061.75584253 7134.20180898
v 18989.41306231 -80733.16319607 6843.95201384
v 18619.46571629 -80928.96933850 7932.14850959
v 18265.86439094 -80979.37036713 8923.34531686
v 18280.48360766 -79540.71864470 4080.71377630
v 18727.61508108 -80057.45982752 4687.56404741
v 18963.44874383 -80452.09550228 7503.41252594
v 18895.50473116 -80190.87976218 8187.18752330
v 18989.54956113 -79679.52774106 8619.20846352
v 18698.67998415 -80101.68902540 8928.41416743
v 18351.91958905 -80094.61292544 9920.12031158
v 18121.07081381 -79777.20522923 10926.80250086
v 18272.71026547 -78474.11786742 4079.84821410
v 18864.70043326 -78918.28080577 4666.93842714
v 18944.43447468 -79398.18287848 9158.04378288
v 19018.00807488 -78873.67285282 9599.92066161
v 18750.47462728 -79352.32114226 9788.65936357
v 18513.52176745 -79038.95455321 10777.42247844
v 18093.14183091 -79032.13025762 11723.32351483
v 18278.25407436 -77530.78157529 4106.76602995
v 18739.52770712 -78029.02645407 4438.00593940
v 18895.71682670 -78578.19833439 10313.92754493
v 18761.62386813 -78277.17810237 10998.40353341
v 18799.23482821 -77779.19608766 11336.62882275
v 18476.32002522 -78146.58031286 11664.12729358
v 18004.59658432 -78217.49493975 12430.98069153
v 18292.57565187 -76691.08988842 4152.51274989
v 18827.39118372 -77209.80347583 4481.52387073
v 18674.32242705 -77422.09290621 11762.55288275
v 18717.51194651 -76724.91708703 11896.90602356
v 18287.03990916 -77257.52417111 12394.89346185
v 18192.39325393 -76034.33628788 4137.73546163
v 18802.09623981 -76182.48668053 4448.57711889
v 18357.92856123 -76094.58939185 12502.75326124
v 18791.64734105 -76012.92679971 11895.28297520
v 18968.77825186 -75192.83739598 4495.12583907
v 18669.31354690 -75318.34245018 12088.15262607
v 19020.40059633 -75593.87830118 11534.38111992
v 19030.30140675 -74803.54492869 11524.48247595
v 18222.61610222 -75113.51443037 12671.59706159
v 19152.91306772 -74389.15145264 4492.84142857
v 18518.25797497 -74341.96524431 12213.81288720
v 19013.96002201 -73789.42819413 11544.45034871
v 18350.42337036 -72738.27334533 3911.46770143
v 18988.60235867 -73471.38293636 4273.70978121
v 18532.52661510 -73264.12199742 12104.89921448
v 19022.79629182 -72764.28618378 11533.01107073
v 18540.03364462 -71839.25888846 3758.15288807
v 19157.98870844 -72415.62995075 4095.39507171
v 18538.91254971 -72262.23663707 12060.19582783
v 19040.72601372 -71762.47080598 11548.34530276
v 18805.48485852 -71153.57796703 3641.33435331
v 19224.64428254 -71610.06995576 3896.56644040
v 18566.40296275 -71290.20799344 12056.25640919
v 19060.82743332 -70804.53488897 11605.74372358
v 18919.49857193 -70282.55918325 3371.81464315
v 19294.32136903 -71023.00972670 3718.72092188
v 18628.56737008 -70393.48042136 12069.85947338
v 19037.62908609 -70077.73379804 11713.64394633
v 18684.51808669 -69382.90423898 3071.88156449
v 18734.90724475 -68716.16641425 2898.70429227
v 19388.94886319 -69374.61538048 3126.96762867
v 18766.56993009 -69712.65153273 12023.87900908
v 18732.30197295 -68993.84407682 12158.47194006
v 18772.23639109 -67856.13505423 2701.98669526
v 18087.15391534 -67996.82537715 12838.13977595
v 18681.37044670 -67935.87387139 12326.95532397
v 18900.60503345 -66953.61912658 2520.07350179
v 18164.45313289 -67182.19408580 12797.22823926
v 18783.32303316 -66780.40375236 12300.96917557
v 19052.27046254 -66110.30722122 2348.68514674
v 18173.97481813 -66126.53954893 12744.31006406
v 18770.02609415 -65754.14645390 12277.19624411
v 19173.74466291 -65379.67124223 2192.49538312
v 18091.12959470 -64940.19343088 12626.53003181
v 18783.42779614 -65013.57358769 12181.66182825
v 19232.50021235 -64323.45432040 2071.58473677
v 19323.72882813 -64879.27295847 2091.58356283
v 18557.58213622 -64326.86664951 12163.29974416
v 19100.37021265 -64698.18738124 11891.27169111
v 19100.72887919 -64053.48240851 11708.91097567
v 18463.37968884 -63304.87920142 2273.43728180
v 19283.85488895 -63565.94919422 2166.30461869
v 18413.27246289 -63498.24363539 11944.41199819
v 19077.48177939 -63234.45804470 11413.38928326
v 18968.73203066 -62958.86406398 2387.16877282
v 19204.76889999 -62373.09571024 2764.56909963
v 18270.91891311 -62741.30431751 11625.65964987
v 18786.62579121 -62527.34501157 11182.09559338
v 18936.63569377 -61753.59256253 3298.67283696
v 18579.47457587 -61255.82997461 3813.00979733
v 19149.27949573 -60823.56408730 4204.33346425
v 19166.32347145 -61437.68702848 9992.33194372
v 18722.39606892 -60975.43386642 9570.63473110
v 19026.20961173 -61998.30317096 10616.56911404
v 18406.95708626 -60212.63370092 4887.35149779
v 19173.23413385 -60326.67928685 4697.41108809
v 18256.76036092 -59860.34242913 7965.12245424
v 19264.43814106 -60217.26635973 8347.82985567
v 19064.94258302 -59795.46698552 7709.16266993
v 19178.95760319 -60686.27867993 9036.89596377
v 18887.84220706 -59960.35524100 5115.11753938
v 19265.72677880 -59608.06771048 5565.66439287
v 18585.42488976 -59550.47856798 7298.70718123
v 19405.84246557 -59577.73024463 7238.07603970
v 18924.95167193 -59409.77218215 6836.34847562
v 18883.33733657 -59379.72253185 6271.65094406
v 18790.98715088 -81242.76690749 5438.38296314
v 18795.23113800 -81439.26668145 5941.06971067
v 18972.58621830 -80435.28028390 5379.32103810
v 19016.15189690 -80740.17860454 6147.27569411
v 19149.83715981 -79512.96830811 5305.76476060
v 19268.84094499 -79804.54351058 6061.53452577
v 19226.52855678 -79936.00348190 7003.75305560
v 19143.89382410 -79697.64232918 7991.01884733
v 19328.22804218 -78707.85039861 5284.61065523
v 19494.97048142 -78941.48453993 5910.20327950
v 19541.44807911 -79045.08461579 6752.87381356
v 19485.05400673 -78863.91668097 7824.77337106
v 19209.76219565 -78943.51475331 8846.10223897
v 19269.12255011 -77888.93177408 4968.67653266
v 19660.89618236 -78107.33070799 5708.77267835
v 19799.87864669 -78258.63861855 6492.96862190
v 19796.24316976 -78271.64885184 7320.89672722
v 19764.31907831 -78052.58238274 8035.67373691
v 19901.65055110 -77403.86977427 8417.81913150
v 19569.84863486 -77939.81743318 8859.38494591
v 19218.78581483 -78076.70539329 9849.90149142
v 18996.65883991 -77848.89667981 10766.83229542
v 19385.23840903 -76820.59366149 4901.76666768
v 19792.47626998 -76999.34756941 9162.20612559
v 20025.52476523 -76765.52645671 8714.77713331
v 19502.65872090 -77161.10246215 9827.37167575
v 19215.66083000 -77188.65173345 10614.14147157
v 18943.42547634 -77217.12567458 11311.24928178
v 19518.47107191 -75863.35417128 4875.74495653
v 19958.44642390 -76409.71770107 9215.75673851
v 19984.06997490 -75924.38831978 9478.65544765
v 19715.97121515 -76288.06317299 9862.35707098
v 19410.68396624 -76495.96465158 10489.22411806
v 19097.35687047 -76381.23139045 11250.40156918
v 19686.94802704 -74921.73334737 4839.46331145
v 19839.27400382 -75563.67360435 9966.69117308
v 19867.90152560 -74824.19354263 10165.77914658
v 19442.87262325 -75520.52749729 10738.93483730
v 19792.89444686 -73976.37619788 4698.36818168
v 19473.51612572 -74330.20999321 10883.21194953
v 19959.72897458 -73834.08747095 10259.19962616
v 19995.23703932 -72923.72039891 4493.96310548
v 19503.95165231 -73284.96820262 10939.60935354
v 20034.01003697 -72783.81197019 10355.48263414
v 19873.57797430 -71950.36861818 4156.02159367
v 19534.16741729 -72254.08559286 10989.90072860
v 20082.79225076 -71727.40673946 10473.86366884
v 19712.42212656 -71333.20597922 3912.87798126
v 19840.19813359 -70772.30365309 3705.88182572
v 20368.34875854 -71339.32740927 4022.39387895
v 19563.45167672 -71219.57202002 11065.63077513
v 20149.52196157 -70665.76961865 10578.17255255
v 20050.90343915 -70027.26752001 3420.62385332
v 19566.62122377 -70105.56688361 11210.21608575
v 20293.86000146 -69531.11967803 10639.34302793
v 19600.61310318 -68559.33567786 2896.11254978
v 20318.98234704 -69227.04249822 3144.73168621
v 19726.01056946 -69044.98864718 11224.62719455
v 20217.07355340 -68630.83919329 10854.48342503
v 19182.73180611 -69398.04889162 11675.93637307
v 19715.41485922 -67708.88950025 2683.17746690
v 19847.86886578 -68123.10755062 11258.97087216
v 20454.13702471 -67799.35316211 10795.79505598
v 19269.62411874 -68477.80988316 11731.68379594
v 19836.50860910 -66869.36313962 2495.27568033
v 20001.22096276 -67400.46572716 11227.53931484
v 19915.08894287 -66683.79668396 11370.36350826
v 19418.36068004 -67383.31333302 11729.27800897
v 20019.05808655 -65984.93404522 2301.89947422
v 19355.36873476 -66289.89713368 11840.65528651
v 19860.47498247 -65776.60635211 11432.67901940
v 19758.17364887 -65263.64873954 2140.02859064
v 19895.10434349 -64764.58296610 2066.42458996
v 20450.25632584 -65344.92570176 2169.23057925
v 19279.10338190 -65378.43381243 11862.15372657
v 19688.04947051 -64780.70203001 11469.84656933
v 20024.43996519 -64138.86963528 2059.90505060
v 19686.77184159 -63913.09073898 11286.31352391
v 20282.85938567 -63512.11432255 2167.03791668
v 19737.97226242 -63358.67459301 11085.27834776
v 20169.68153474 -63772.71481179 10964.95524564
v 20230.96385723 -63254.15759838 10763.77878496
v 19789.62268101 -62936.83836325 2393.04062111
v 20325.90286525 -62407.44699270 2753.87144538
v 19500.74637632 -62785.22523871 10941.39971064
v 20134.07136669 -62561.30901782 10490.29838029
v 19939.40459651 -61807.80543804 3229.90527244
v 19569.21547798 -61243.94130640 3762.43756596
v 20179.98189687 -60592.07855036 4346.10961069
v 20136.76083368 -61836.43895124 9995.82057259
v 19697.33214667 -61152.94438062 9474.49935813
v 19893.95350830 -60116.70386893 4826.91349532
v 19473.65713635 -59930.59565412 5080.10349484
v 20177.14214545 -59752.09702911 5187.69151604
v 20326.90663248 -60244.17274406 8219.76651464
v 19820.23042621 -59878.59995172 7743.14636666
v 20105.53791154 -60708.75127518 8841.00536036
v 20293.88971335 -59466.35139836 5636.56565478
v 20362.67540883 -59618.77901575 7220.64942424
v 19699.17902802 -59411.70948167 6695.91531835
v 19979.15533879 -59377.03127494 6108.28640017
v 19794.47652393 -77215.31042979 5491.40712984
v 20038.76001020 -77407.43525610 6270.88867401
v 20061.68258155 -77555.84995457 7117.25670629
v 19965.42344693 -77663.81031354 7763.88996874
v 19878.89084206 -76407.38120091 5299.32083140
v 20285.02687476 -76432.01817054 5977.65553653
v 20403.17535139 -76624.27280880 6985.14793957
v 20184.75155955 -76888.06755882 7952.08446749
v 20219.94276461 -75532.66977806 5393.08283677
v 20670.66629661 -75612.84481208 6006.71675936
v 20722.89039351 -75914.96895895 6590.74312818
v 20740.60132725 -75931.34566414 7206.51947352
v 20867.28732495 -75545.50399264 7560.88539366
v 20564.12905500 -75952.66374170 7890.51459259
v 20215.68755285 -76066.33863661 8787.03851192
v 20367.20486259 -74493.28630425 5155.64018988
v 20919.14441360 -74763.04592284 5770.39500251
v 20825.24760915 -75280.82061068 8022.86144524
v 20959.69854579 -74670.01263953 8278.14838938
v 20554.64276538 -75145.56833718 8711.15092048
v 20138.72916161 -75322.92183239 9462.20364803
v 20531.01595480 -73620.54246767 4949.06763234
v 20951.80929844 -74010.33225644 5373.68581318
v 20775.88194217 -74227.24068754 8888.86128532
v 21072.46003326 -74155.63457523 8448.81640238
v 20314.77509667 -74450.61479162 9530.73759774
v 20816.31793429 -72917.10675266 4801.16443973
v 21227.97508302 -73316.38401834 5207.00116416
v 21154.57335897 -73540.13676062 8677.68660495
v 21107.57568849 -72638.29577724 9156.00385820
v 20561.34428587 -73385.70773890 9551.42198620
v 20821.79883849 -72100.64300400 4445.05853976
v 21505.05515914 -72560.61670789 4923.63555391
v 20599.59408535 -72237.15541762 9833.53295082
v 21195.52377886 -71677.38022356 9384.45526531
v 20725.66935843 -70622.20278643 3754.97954311
v 21269.44437306 -71229.30430224 4131.74197332
v 20682.55587858 -71193.30584570 9987.65295665
v 21375.59548724 -70621.10329603 9517.05758612
v 21106.52953530 -69818.41220140 3446.60724824
v 20779.20653427 -70186.99098759 10104.73110065
v 21359.38144452 -69648.28716627 9759.99100422
v 20614.18011367 -68378.58980728 2895.09980416
v 21105.72920247 -69085.02900694 3156.11786973
v 20891.63637622 -69402.56729917 10162.84370781
v 20791.98243330 -68635.78147968 10386.47983033
v 20499.70152437 -67534.97092751 2663.28658275
v 21028.24193193 -67820.85816505 10352.97749471
v 20797.16127816 -66853.17308776 2519.53027927
v 20356.50732695 -67017.28894028 10982.88705107
v 20953.56012277 -66960.07437912 10545.81452895
v 21091.77717306 -66049.04152188 2359.93303561
v 20447.01789287 -66255.95486635 10983.36025294
v 21154.70911035 -65821.60242494 10535.06741602
v 20655.45504245 -64701.02483883 2089.50394709
v 21299.55384600 -65297.58649123 2232.82128111
v 20400.26471519 -65315.87825277 11027.38241019
v 20893.69882170 -64896.12907644 10701.02803334
v 20836.08858487 -64069.63352414 2097.43666825
v 20293.81491070 -64433.97804098 11019.23162919
v 20862.27384819 -64037.70420640 10629.08868627
v 21063.25314338 -63524.82245456 2209.53618295
v 20950.73319483 -63197.71846975 10396.88226218
v 20698.25813906 -62993.05158481 2398.25538056
v 21343.46912268 -62608.94959947 2744.80877093
v 20947.17126183 -62497.57143439 10125.85267423
v 20976.77953905 -61910.99648681 3194.97013104
v 20620.55577100 -61279.89464110 3714.86928868
v 21212.91160793 -60806.12780259 4114.50124166
v 21097.36398075 -62025.31569948 9804.21996921
v 20895.17121303 -61382.81850024 9347.43087322
v 20490.76192229 -60062.98894247 4803.27103837
v 21341.05763020 -60169.10763482 4629.20241288
v 20537.54403423 -59929.91667224 7757.31585393
v 20982.82844638 -60155.98644410 8036.83317212
v 21301.63744715 -60651.56833336 8569.69413108
v 20889.16468709 -59799.41307891 5016.59503461
v 20981.46721514 -59516.43311212 5391.12095033
v 21212.41717030 -59525.88927180 7013.51744674
v 20667.21011300 -59386.45190218 6581.52371443
v 21244.54282971 -59839.06099226 7569.85593239
v 21097.65706784 -59328.12679537 5965.24921835
v 21035.80764700 -75189.88599406 6439.01691141
v 20996.45709584 -75411.38172736 7062.03004931
v 21365.47620200 -74507.56500954 6324.92673743
v 21350.88926858 -74648.48558222 7017.10790192
v 21082.89901536 -74980.30033246 7636.57418416
v 21637.84970919 -73722.22827745 5866.51700756
v 21742.17358561 -74000.32612940 6642.30040751
v 21680.34741754 -74030.08694275 7224.89444714
v 21789.74695615 -73651.38297064 7563.09380185
v 21361.27138867 -74146.92324733 7874.38697288
v 21876.41296371 -72930.09503716 5397.99603431
v 21664.12817028 -73324.85939442 8083.04876910
v 21515.62470016 -72847.54691749 8588.27172810
v 21995.11681109 -72574.77880449 8141.44094959
v 21943.04548342 -71710.07271851 4587.61457748
v 22318.29285172 -72260.73305682 5165.77396668
v 21665.16595799 -72108.00522208 8765.45728120
v 22400.31972187 -71632.05406383 8235.29527002
v 21722.00798853 -70461.00505897 3828.61986041
v 22032.42080463 -71030.88677014 4194.04775957
v 21827.03511969 -71217.24236656 8954.14295214
v 22433.40336540 -70698.58333607 8645.08371817
v 21842.33778984 -69883.73334748 3571.34747393
v 21967.73884765 -70503.59121088 9081.23111767
v 21916.31840874 -69849.29433491 9308.67783080
v 21496.66123040 -68606.79392451 3035.40361883
v 21933.70201057 -69263.05813708 3334.27084621
v 21280.81484059 -68959.97430007 9959.78016001
v 21967.42506945 -68811.62706239 9527.40942829
v 21463.73878954 -67758.21036594 2791.96180636
v 22288.04569833 -68414.33629291 3081.58822072
v 21421.04449475 -68263.87074820 9998.84778641
v 21935.72897925 -67901.86702930 9736.72046079
v 21807.66444122 -66820.22238051 2595.68535883
v 21532.38931910 -67445.95061494 10077.49860367
v 22156.62163570 -67169.84574133 9749.71366270
v 22132.79099326 -65918.90631669 2473.68536966
v 21689.48446563 -66596.88497449 10125.11528989
v 22365.55512491 -66393.03114131 9778.92975025
v 21418.56031107 -64610.49681516 2173.84129611
v 21997.11206791 -65108.06946598 2335.10566846
v 21937.24811222 -65858.05548372 10087.96335910
v 21699.81027280 -64940.46882808 10267.91404678
v 21526.91522870 -64003.85776397 2203.41058787
v 21719.45035364 -63908.19281185 10215.58814709
v 21611.23314490 -63544.39573877 2306.99068684
v 21357.21824923 -63160.48152956 2402.53415170
v 22013.74207480 -63270.22952200 2581.39527485
v 21755.10067040 -63077.58838527 10049.72752301
v 22211.55234221 -62633.91704707 2952.58307012
v 21575.25336287 -62455.84749867 9891.21296436
v 22114.89939310 -62706.00007339 9797.42589922
v 21914.26979793 -62086.30438655 9547.05738208
v 21779.62797604 -62106.58177958 3163.13877490
v 21837.54144630 -61417.72811017 3680.57556855
v 22084.93223366 -60671.14811900 4218.44173012
v 22016.46917417 -61366.04047289 9062.72263598
v 22134.40797614 -60199.79807597 4561.40636066
v 21552.64635337 -60190.00867818 8035.33529861
v 22282.72832840 -60400.81615590 8207.14761638
v 21985.94082696 -59988.05858347 7742.22262917
v 22283.56447282 -60891.01026213 8672.07245709
v 21487.78653392 -59681.17012902 5083.64511463
v 22271.83618876 -59787.53993245 4925.81244372
v 22132.21996319 -59627.72896976 7178.96160293
v 21680.05358174 -59348.17612944 6548.47489427
v 21979.50096716 -59378.42332779 5498.48289816
v 22130.92893219 -59237.40068083 6065.95971107
v 22220.09718203 -73323.39417355 6463.72071245
v 22031.77057778 -73537.58542095 7057.02162634
v 22620.83347074 -72644.36573774 5916.35329574
v 22623.51162894 -72883.03460311 6470.65686069
v 22757.95217106 -72742.45511495 6670.89443965
v 22492.26589484 -72938.12275429 6935.32032581
v 22111.39195268 -73087.58151299 7554.74091656
v 22878.05893788 -71574.03464591 4914.26685028
v 22989.09612401 -71962.41132592 5379.87193616
v 22920.14641053 -72427.22991737 6873.99187760
v 23001.52388529 -72105.08512617 7209.58275531
v 22593.01205616 -72360.09573091 7502.26950148
v 22463.41601651 -70579.98455297 4059.55607388
v 22725.02150469 -71036.17601595 4442.32731568
v 23120.01182801 -71622.01666035 7487.02502349
v 23171.37495920 -70756.64327545 8006.86517413
v 22565.34167322 -69885.56016328 3737.13834571
v 23202.96332790 -70336.79795943 4194.19911619
v 22347.72736729 -70082.48567745 8932.09868346
v 22927.47643262 -69941.24277541 8558.62780577
v 23031.78179647 -68962.89056614 3426.82757805
v 22529.79411566 -69380.17829466 9016.62193318
v 23307.84119986 -68944.91726266 8633.95843706
v 22623.63939088 -67533.52634396 2870.82914084
v 23064.58505324 -68219.38070858 3139.52493743
v 22715.67849664 -68626.37499224 9101.45327606
v 22586.18935692 -67843.87658474 9363.96733681
v 22641.34007414 -66695.00169066 2679.30400437
v 22790.48781813 -66903.88686626 9450.85193228
v 23044.90627508 -66166.83841635 2683.26046320
v 22834.30542499 -66309.70226192 9546.77501628
v 22118.90639113 -64468.96656921 2353.06143901
v 22937.49180252 -65191.84978185 2615.45076794
v 22715.67006951 -65594.40966074 9724.03469452
v 22503.79830263 -64539.56646457 9915.63489720
v 22014.28754830 -63854.50064932 2376.63876326
v 22711.37437474 -64029.95597277 2645.45535272
v 22436.36933936 -63728.36573551 9915.55183147
v 22760.04161339 -63207.60243858 2892.45581057
v 22433.74841666 -63163.47558748 9823.38532938
v 22934.29195223 -63517.70320869 9672.24190098
v 22816.89356647 -62816.94606965 9523.46752537
v 22826.13246932 -62667.71282553 3139.67436366
v 22509.93581984 -62112.44782321 3349.63004961
v 23329.08620112 -62463.67869459 3446.91400991
v 22814.11349799 -61978.32901322 9194.28472939
v 23051.48380816 -61551.28109638 3834.74252135
v 22441.48798271 -61103.59697379 3954.42694817
v 22852.63143772 -61310.56152094 8858.81228663
v 22774.41117217 -60881.33801678 4140.82893526
v 22837.60884905 -60322.61651157 4524.41346815
v 23170.18712551 -60408.44003758 8098.87495057
v 22734.03561565 -59995.29752794 7684.47687805
v 22937.20574827 -60811.99391140 8507.34506449
v 23267.61306253 -59736.48221341 4986.88140333
v 23220.81097333 -59654.27848442 7164.60189384
v 22850.78441992 -59307.32819239 6538.20649038
v 22853.93426896 -59392.55205915 5317.24775137
v 23048.11424261 -59167.40619537 5840.07040855
v 22866.88041534 -72597.76606682 6456.17525252
v 23431.54480265 -71479.68045139 5224.84319740
v 23547.29822173 -71680.54295700 5814.10222197
v 23240.24530562 -72133.75683349 6431.84219965
v 23279.41958062 -71934.83931763 6941.02150840
v 23509.49723303 -71801.42675868 6683.36063284
v 23722.40982729 -70797.48213926 4840.58813361
v 23834.70740119 -71209.53937409 5326.56307079
v 23689.35251826 -71389.54971808 6947.90551193
v 23574.55216550 -71064.85634522 7453.56180743
v 23857.47681025 -70963.70649678 7232.04720598
v 23642.19262631 -69517.93157522 3880.06715107
v 23947.33364254 -70018.86058602 4355.02413263
v 23914.33341265 -70516.06731449 7491.33512700
v 23768.76948827 -69744.32761539 8017.69120279
v 23759.79352835 -68931.78284240 3598.42770145
v 24181.74991259 -68748.65135713 8104.18309244
v 23453.24391620 -67742.52866961 3064.72759018
v 23804.50313305 -68349.11671695 3362.88738175
v 23159.46261984 -68156.92214377 8952.91139668
v 23812.42872874 -68005.33197240 8593.46240432
v 23493.68679810 -66952.05285499 2896.94248544
v 24135.83174678 -67583.38516224 3188.03018241
v 23324.08376120 -67382.98297679 9048.17430343
v 24109.23266185 -67033.96126687 8675.96460609
v 23905.51575732 -66009.42366705 2889.30584639
v 23403.06284866 -66388.62075451 9230.96090046
v 24269.84612446 -66048.96662126 8833.97465454
v 23854.13611126 -65220.59912503 2880.90549970
v 23579.76659264 -64541.65254414 2880.76837409
v 24219.57635091 -64864.19221822 3048.96836722
v 23639.45177037 -65471.60869603 9297.16736321
v 23178.29563750 -64895.52240476 9601.99874012
v 23761.62103765 -64664.19202313 9329.23037024
v 23450.55380443 -63710.46684023 3015.47709338
v 24207.00075252 -64217.76999173 3190.59260998
v 23120.88708795 -64178.99191535 9647.96741993
v 23723.82092505 -63685.41035178 9290.21852837
v 23296.33061194 -63045.75087362 3165.34381692
v 24084.20919513 -63267.62165363 3432.94202743
v 23629.64880096 -62612.44485632 9098.68134311
v 24172.02502664 -62262.31202410 3887.14607158
v 23552.74286201 -61745.53085222 8842.56676539
v 23868.75693350 -61456.73333731 4121.87005566
v 23424.60813926 -61163.32144083 8629.02057479
v 23425.45812884 -60905.19069013 4267.46140413
v 23860.11074675 -60347.94685922 4730.12988296
v 23875.02068229 -60512.98167790 8023.09380987
v 23577.69517572 -60056.54090096 7648.65237592
v 23531.25839835 -60804.96354714 8361.58484282
v 24041.49293922 -59659.72340765 5154.25543587
v 24177.42420997 -59784.27295356 7164.64849425
v 23784.75847586 -59418.33477747 6744.90689854
v 23686.11448018 -59253.13200226 5451.22503452
v 23881.01932840 -59025.81785320 5855.35541198
v 24351.08711021 -59051.89653236 5759.75061990
v 23917.96858815 -59145.46853958 6271.43016802
v 24334.29761486 -58987.18957806 6045.92411691
v 23661.85899752 -71648.37311280 6432.50428982
v 24081.26955248 -70914.52587387 5254.25447849
v 24152.41342965 -71004.76741503 5653.09594014
v 24089.23862121 -71098.12984329 6339.58543733
v 24117.54840700 -70813.86960356 6963.41399613
v 24465.84101963 -70536.45255198 6613.50184561
v 24336.82334001 -69492.87051118 4202.38542310
v 24639.46701156 -69794.64047751 4800.86003744
v 24406.68156530 -70512.64952281 5319.63674495
v 24426.76958927 -70254.31012712 7088.69240205
v 24290.04737553 -69914.35024701 7513.95605453
v 24709.52018898 -69661.59555461 7197.21591036
v 24431.05539751 -68811.73317890 3824.80763137
v 24801.05303735 -69177.88653802 4299.04756449
v 24479.20970064 -69335.22934506 7642.94231314
v 24851.47844959 -69222.98951937 7325.99602094
v 24521.52856236 -68072.53891227 3490.60210995
v 24907.22074011 -68669.16742269 7531.21821571
v 24701.99848001 -67770.84580781 8065.59668114
v 24446.87993670 -66841.65319762 3116.58078186
v 24862.74872508 -67468.24041574 3411.45906681
v 25018.12256445 -66602.56710208 8203.77941947
v 24834.34252517 -66167.33857281 3174.45043569
v 24944.45985128 -65552.94188241 8525.95813219
v 24512.88000686 -65458.83894160 3082.74843766
v 24831.74601388 -64857.48365130 3308.17128680
v 24334.95804579 -65198.49727119 8977.30018667
v 24368.99152487 -64476.23501696 9024.03861431
v 24968.80486204 -64065.96740460 3571.22144945
v 24504.46070548 -63930.65707324 8925.88591252
v 24855.39788333 -64384.04881045 8737.66244586
v 25001.06559421 -63820.27581107 8580.98638602
v 25078.86350940 -63168.34208043 3907.77121673
v 24405.15314673 -63205.38585491 8852.41455259
v 25081.50581589 -62886.27309923 8356.42101062
v 25164.82106316 -62389.48247069 4308.95449543
v 24540.73978785 -61618.58400558 4346.34065386
v 25140.68339088 -61688.50317815 4690.63284388
v 24313.75482406 -62247.75578983 8655.80164073
v 24905.84861072 -61835.19078828 8183.80348091
v 24095.03688261 -61033.07742910 4425.84402854
v 24700.17125819 -60924.96991376 4836.49555965
v 24145.44195408 -61224.07668871 8351.58718788
v 24840.81499033 -61059.93698773 7933.38548248
v 24536.47270695 -60083.44532385 5162.74081591
v 24180.32765825 -60173.91424346 7642.95278204
v 24499.77901247 -60559.49242352 7831.39450301
v 24505.87846987 -59566.63133792 5376.17147946
v 24273.57070120 -59295.57325510 5448.29092023
v 24668.08998797 -59304.34630037 5676.77468857
v 24992.16857241 -59873.66143841 6861.70710420
v 24665.66170731 -59511.02015855 6578.42752114
v 24631.11370724 -60126.10086836 7408.63094599
v 24781.45871007 -59125.80430123 5946.66264482
v 24737.38371834 -59196.45507732 6343.83271213
v 24672.68507790 -59020.17352938 6058.09897586
v 24619.06670720 -70419.99979756 6013.93267730
v 24883.76034452 -69949.89815598 5514.76078188
v 25104.90554778 -69660.95594674 6096.23470279
v 24802.70667478 -69974.67688235 6647.11980219
v 25079.13357982 -68697.85197059 4165.28110442
v 25250.02918127 -68946.56731942 4657.87676393
v 25335.29323853 -69204.08009943 5441.49567061
v 25455.76567689 -69071.29386243 6161.55311064
v 25601.61509811 -68661.45540272 6514.56360425
v 25162.03118980 -69181.72446104 6829.71951033
v 25144.24879757 -68070.69791597 3850.43380411
v 25479.21411229 -68345.42154097 4365.45080648
v 25468.00717544 -68387.13183185 7043.62031291
v 25279.50189500 -67979.90482866 7522.62017400
v 25717.88742996 -67703.71763249 7171.68149495
v 25192.53418534 -66810.56176229 3395.91421901
v 25424.91130712 -67351.56574238 3703.21584259
v 25432.39588128 -67329.00669142 7661.12548320
v 25830.93507101 -67226.20467477 7310.63851792
v 25441.05644601 -66242.52101545 3454.98783833
v 25837.76289780 -66641.13772264 7518.59882478
v 25609.59770964 -65782.13490096 7976.12842956
v 25234.64855155 -65592.58443975 3378.27419556
v 25655.49377855 -64915.79091715 3749.60216374
v 24818.47135070 -64884.15844635 8734.82795999
v 25401.11840592 -64713.78003908 8289.09262819
v 25782.05774924 -63958.37463997 4014.43132138
v 25558.98848724 -63719.40195244 8141.56314329
v 25715.77385921 -63300.38086664 4167.19529706
v 25488.03267400 -62938.16545209 4189.46260120
v 25871.11963959 -62885.45374114 4502.89827077
v 25660.10027954 -63056.29711572 7961.24940526
v 25968.69725367 -63518.62417401 7740.89357094
v 26005.10054795 -62845.90761714 7527.89249237
v 25479.80785622 -61343.59043916 5255.43043523
v 25692.06764105 -62165.27521291 4844.79002460
v 26052.05578692 -62020.83170211 5398.21911600
v 25516.85130212 -62297.10531796 7868.08934104
v 25889.30356993 -61835.20874618 7269.65538220
v 25079.54140060 -60438.62278757 5470.72527258
v 25905.90423056 -61455.17117971 5763.70533691
v 25541.71501232 -60734.93995331 5903.17933506
v 25930.73929020 -61200.61477922 6274.08237333
v 25351.05289482 -61358.86191941 7684.90124621
v 25588.67632364 -60808.14493060 7213.80509354
v 24864.99715524 -59749.72306185 5628.56402744
v 25143.67712391 -59907.13544548 6174.46760560
v 25452.94501490 -60167.00131117 6500.59607225
v 25124.42774021 -60437.61059165 7399.85980194
v 25453.62374886 -60177.87523512 7067.42560818
v 25036.82316368 -59455.31133816 6073.87930989
v 25170.66894003 -59661.29754649 6411.78933133
v 25319.40045111 -59657.43578542 6506.05319276
v 25117.93497696 -59611.83333800 6612.15185742
v 25273.06655148 -59841.65667115 6914.20351238
v 25001.81861044 -59237.29331921 6249.90802978
v 25198.36367327 -59484.83645952 6585.65505072
v 25795.66690688 -68268.64530898 5050.30047573
v 25772.09452679 -68513.54024093 5926.20353169
v 25808.33753970 -67597.09743759 4279.23768904
v 26267.67921033 -67385.88793167 4997.16705526
v 26198.70197236 -67657.17257242 5851.11424194
v 25874.44877232 -68039.89065764 6560.27345140
v 25811.38289718 -66723.88727199 3832.76747628
v 26276.03748092 -66844.32392299 4448.36708246
v 26554.98305538 -66771.03390933 4980.31040850
v 26568.63654260 -66970.41432919 5541.74777137
v 26507.40034335 -67017.48586894 6138.81654497
v 26556.90430443 -66639.52321538 6506.06582902
v 26165.73542050 -67181.01824868 6777.38880179
v 25849.23819056 -65865.87953962 3762.62950966
v 26238.22141505 -66228.11288091 4160.83550612
v 26564.35977833 -66187.44453011 4701.03736323
v 26369.68876774 -66353.38670344 7010.89961671
v 26127.34751343 -65923.56281422 7483.23911321
v 26482.60231298 -65591.71189587 7091.93984516
v 26349.16381544 -65410.98867146 4311.60003739
v 26219.23596372 -64596.12038104 4198.25361436
v 26073.48610341 -65179.92498150 7653.63103604
v 26479.87281831 -64727.37017641 7152.45772177
v 26341.45116743 -64086.45740685 4387.82706045
v 26026.01421063 -64265.91860206 7726.28106219
v 26384.93614797 -63683.25430687 7179.53091222
v 26161.42396202 -63534.36268324 4401.01157584
v 26350.79731848 -63200.29483921 4777.87596328
v 26352.51605592 -62702.64673921 6940.68657329
v 26223.71181213 -62657.36843819 5042.89480594
v 26425.87897991 -62516.96039499 5538.56972136
v 26248.53372031 -61936.60085112 6600.63215466
v 26548.82288328 -62602.48297865 6466.73182005
v 26493.49217752 -62312.85421059 6278.40490296
v 26297.29533498 -62016.36154231 5986.51380446
v 25833.33760195 -61002.47848001 6809.72489855
v 25569.93924057 -60226.08407591 6842.65013466
v 25423.10468337 -59816.60889608 6806.91291264
v 26748.23584210 -66294.37785173 5366.16547310
v 26724.71952866 -66482.56465427 6000.68760677
v 26787.25694384 -65409.27300334 5168.47143176
v 26848.83565148 -65754.81066441 5918.75332675
v 26695.11467976 -66033.23643862 6528.94198335
v 26646.08676086 -64552.68176071 4754.84980900
v 26896.61461860 -64596.20487103 5386.75968019
v 26908.73990582 -64922.31114988 5907.45766708
v 26770.19266512 -65243.86041668 6541.70560666
v 26564.02111988 -63751.30335321 4786.48371197
v 26822.25889415 -63941.92947791 5297.37700788
v 26899.45781656 -64107.67801690 5888.12990398
v 26764.16055546 -64346.74092836 6534.24465793
v 26619.42690753 -63178.10169492 5300.19432220
v 26812.80075425 -63464.53622648 5776.16328924
v 26698.49786202 -63373.27475931 6414.40530382
v 26626.38049309 -62765.81141191 5976.57033246
f 3 2 1
f 1 4 3
f 1 2 5
f 5 2 6
f 4 1 7
f 1 8 7
f 1 5 8
f 8 9 7
f 6 10 5
f 12 11 10
f 11 5 10
f 11 8 5
f 9 8 13
f 13 8 11
f 11 12 14
f 14 12 15
f 13 11 16
f 16 11 14
f 15 17 14
f 14 17 16
f 20 19 18
f 22 21 18
f 18 21 20
f 24 23 22
f 22 23 21
f 24 25 23
f 18 19 26
f 26 19 27
f 18 28 22
f 18 26 28
f 22 29 24
f 22 28 29
f 25 24 30
f 24 31 30
f 24 29 31
f 31 32 30
f 26 27 33
f 33 27 34
f 33 2 3
f 28 33 3
f 26 33 28
f 28 3 4
f 35 28 4
f 29 28 35
f 29 36 31
f 29 35 36
f 32 31 37
f 31 38 37
f 31 36 38
f 38 39 37
f 33 34 40
f 40 34 41
f 40 6 2
f 40 2 33
f 7 35 4
f 35 7 9
f 42 35 9
f 36 35 42
f 36 43 38
f 36 42 43
f 39 38 44
f 44 38 43
f 40 41 45
f 45 41 46
f 47 10 6
f 40 47 6
f 45 47 40
f 47 12 10
f 13 48 42
f 13 42 9
f 50 43 49
f 43 48 49
f 43 42 48
f 43 50 44
f 45 46 51
f 51 46 52
f 45 53 47
f 45 51 53
f 53 15 12
f 53 12 47
f 55 54 48
f 13 55 48
f 16 55 13
f 48 54 49
f 52 56 51
f 51 56 53
f 53 56 57
f 53 57 15
f 57 17 15
f 57 58 17
f 16 17 55
f 55 17 58
f 61 60 59
f 59 62 61
f 65 64 63
f 65 63 60
f 63 59 60
f 63 66 59
f 62 59 67
f 67 59 66
f 70 69 68
f 70 68 64
f 68 63 64
f 68 71 63
f 63 72 66
f 63 71 72
f 67 66 73
f 66 74 73
f 66 72 74
f 74 75 73
f 69 76 68
f 78 77 76
f 77 68 76
f 77 71 68
f 71 79 72
f 71 77 79
f 72 80 74
f 72 79 80
f 75 74 81
f 74 82 81
f 74 80 82
f 82 83 81
f 86 85 84
f 88 87 84
f 84 87 86
f 87 88 78
f 78 88 77
f 88 19 77
f 19 20 77
f 77 20 21
f 77 21 79
f 79 21 23
f 79 23 80
f 80 23 25
f 89 80 25
f 82 80 89
f 83 82 90
f 82 91 90
f 82 89 91
f 91 92 90
f 84 85 93
f 93 85 94
f 84 95 88
f 84 93 95
f 95 27 19
f 95 19 88
f 30 89 25
f 89 30 32
f 96 89 32
f 91 89 96
f 92 91 97
f 97 91 96
f 94 98 93
f 100 99 98
f 99 93 98
f 99 95 93
f 99 34 27
f 99 27 95
f 37 96 32
f 37 39 96
f 39 97 96
f 39 101 97
f 99 100 102
f 102 100 103
f 102 41 34
f 102 34 99
f 44 101 39
f 44 104 101
f 102 103 105
f 105 103 106
f 105 46 41
f 105 41 102
f 49 107 50
f 107 108 50
f 108 44 50
f 108 104 44
f 105 106 109
f 109 106 110
f 109 52 46
f 109 46 105
f 55 111 54
f 107 49 54
f 111 107 54
f 112 107 111
f 108 107 113
f 113 107 112
f 110 114 109
f 114 116 115
f 114 115 56
f 109 114 56
f 52 109 56
f 117 57 56
f 117 56 115
f 118 58 57
f 118 57 117
f 111 55 58
f 118 111 58
f 119 111 118
f 121 112 120
f 112 119 120
f 112 111 119
f 112 121 113
f 116 122 115
f 124 123 122
f 123 115 122
f 123 117 115
f 117 125 118
f 117 123 125
f 127 119 126
f 119 125 126
f 119 118 125
f 119 127 120
f 124 128 123
f 123 128 125
f 125 128 129
f 125 129 126
f 132 131 130
f 134 133 130
f 130 133 132
f 136 135 134
f 134 135 133
f 136 137 135
f 130 131 138
f 138 131 139
f 130 140 134
f 130 138 140
f 140 60 61
f 136 140 61
f 134 140 136
f 142 141 62
f 62 141 61
f 141 137 61
f 137 136 61
f 142 143 141
f 138 139 144
f 144 139 145
f 144 64 65
f 140 144 65
f 138 144 140
f 140 65 60
f 67 146 142
f 67 142 62
f 143 142 147
f 142 148 147
f 142 146 148
f 148 149 147
f 152 151 150
f 152 150 145
f 145 150 144
f 150 69 144
f 69 70 144
f 144 70 64
f 73 146 67
f 146 73 75
f 153 146 75
f 148 146 153
f 149 148 154
f 148 155 154
f 148 153 155
f 155 156 154
f 150 151 157
f 157 151 158
f 159 76 69
f 150 159 69
f 157 159 150
f 159 78 76
f 81 153 75
f 153 81 83
f 160 153 83
f 155 153 160
f 156 155 161
f 161 155 160
f 157 158 86
f 158 85 86
f 158 162 85
f 157 86 87
f 157 87 159
f 159 87 78
f 90 160 83
f 90 92 160
f 92 161 160
f 92 163 161
f 162 94 85
f 164 94 162
f 97 163 92
f 97 165 163
f 98 94 166
f 94 167 166
f 94 164 167
f 166 100 98
f 101 165 97
f 101 168 165
f 166 167 169
f 169 167 170
f 169 103 100
f 169 100 166
f 104 168 101
f 104 171 168
f 169 170 172
f 172 170 173
f 172 106 103
f 172 103 169
f 108 171 104
f 108 174 171
f 173 175 172
f 106 172 175
f 176 106 175
f 110 106 176
f 113 174 108
f 113 177 174
f 114 110 178
f 110 179 178
f 110 176 179
f 178 116 114
f 181 180 121
f 181 121 120
f 113 121 177
f 177 121 180
f 179 182 178
f 182 184 183
f 182 183 122
f 178 182 122
f 116 178 122
f 183 124 122
f 126 185 127
f 185 186 127
f 186 120 127
f 186 181 120
f 184 187 183
f 183 187 124
f 187 128 124
f 187 188 128
f 128 189 129
f 188 189 128
f 126 129 185
f 129 190 185
f 129 189 190
f 185 190 186
f 193 192 191
f 195 194 191
f 191 194 193
f 195 196 194
f 191 192 132
f 192 131 132
f 192 197 131
f 191 132 133
f 191 133 195
f 198 196 195
f 133 198 195
f 135 198 133
f 200 199 137
f 199 135 137
f 199 198 135
f 200 201 199
f 197 139 131
f 202 139 197
f 141 200 137
f 204 203 143
f 143 203 141
f 203 201 141
f 201 200 141
f 204 205 203
f 208 207 206
f 202 208 206
f 145 202 206
f 139 202 145
f 147 204 143
f 210 209 149
f 149 209 147
f 209 205 147
f 205 204 147
f 210 211 209
f 206 207 152
f 207 151 152
f 207 212 151
f 206 152 145
f 154 210 149
f 154 156 210
f 156 211 210
f 156 213 211
f 212 158 151
f 214 158 212
f 161 213 156
f 161 215 213
f 218 217 216
f 214 218 216
f 162 214 216
f 158 214 162
f 163 215 161
f 163 219 215
f 216 217 220
f 220 217 221
f 220 164 162
f 220 162 216
f 165 223 222
f 219 165 222
f 163 165 219
f 223 224 222
f 220 221 225
f 225 221 226
f 225 167 164
f 225 164 220
f 168 227 223
f 168 223 165
f 224 223 228
f 228 223 227
f 225 226 229
f 229 226 230
f 229 170 167
f 229 167 225
f 232 231 227
f 168 232 227
f 171 232 168
f 227 231 228
f 230 233 229
f 170 229 233
f 234 170 233
f 173 170 234
f 174 232 171
f 174 235 232
f 234 236 173
f 173 236 175
f 176 175 236
f 176 236 237
f 177 235 174
f 177 238 235
f 240 179 239
f 179 237 239
f 179 176 237
f 241 240 239
f 181 242 180
f 242 243 180
f 243 177 180
f 243 238 177
f 240 182 179
f 184 182 240
f 241 184 240
f 244 184 241
f 246 245 242
f 181 246 242
f 186 246 181
f 242 245 243
f 244 247 184
f 184 247 187
f 187 248 188
f 247 248 187
f 188 249 189
f 248 249 188
f 189 250 190
f 249 250 189
f 186 190 246
f 246 190 250
f 253 252 251
f 255 254 251
f 251 254 253
f 257 256 255
f 255 256 254
f 257 258 256
f 251 252 193
f 252 192 193
f 252 259 192
f 251 193 194
f 251 194 255
f 255 194 196
f 260 255 196
f 257 255 260
f 258 257 261
f 257 262 261
f 257 260 262
f 262 263 261
f 259 197 192
f 264 197 259
f 198 260 196
f 260 198 199
f 260 199 262
f 266 265 201
f 201 265 199
f 265 263 199
f 263 262 199
f 266 267 265
f 264 202 197
f 268 202 264
f 203 266 201
f 270 269 205
f 205 269 203
f 269 267 203
f 267 266 203
f 270 271 269
f 273 272 208
f 208 272 207
f 208 202 268
f 208 268 273
f 209 270 205
f 209 211 270
f 211 271 270
f 211 274 271
f 272 212 207
f 275 212 272
f 213 277 276
f 274 213 276
f 211 213 274
f 277 278 276
f 275 214 212
f 279 214 275
f 215 280 277
f 215 277 213
f 278 277 281
f 281 277 280
f 283 282 218
f 218 282 217
f 218 214 279
f 218 279 283
f 219 284 280
f 219 280 215
f 281 280 285
f 280 286 285
f 280 284 286
f 286 287 285
f 282 221 217
f 288 221 282
f 222 284 219
f 284 222 224
f 289 284 224
f 286 284 289
f 287 286 290
f 290 286 289
f 288 226 221
f 291 226 288
f 293 292 289
f 224 293 289
f 228 293 224
f 289 292 290
f 291 230 226
f 294 230 291
f 232 295 231
f 295 296 231
f 296 228 231
f 296 293 228
f 294 297 230
f 230 297 233
f 234 233 297
f 234 297 298
f 235 299 295
f 235 295 232
f 296 295 300
f 300 295 299
f 236 234 301
f 234 302 301
f 234 298 302
f 301 237 236
f 304 303 299
f 235 304 299
f 238 304 235
f 299 303 300
f 302 305 301
f 301 305 237
f 305 239 237
f 305 306 239
f 241 239 306
f 241 306 307
f 243 304 238
f 243 308 304
f 310 244 309
f 244 307 309
f 244 241 307
f 311 310 309
f 314 313 312
f 245 246 312
f 313 245 312
f 315 245 313
f 243 245 308
f 308 245 315
f 310 247 244
f 311 316 310
f 316 247 310
f 316 248 247
f 248 317 249
f 316 317 248
f 312 250 314
f 250 317 314
f 250 249 317
f 250 312 246
f 320 319 318
f 322 321 318
f 318 321 320
f 322 323 321
f 326 325 324
f 326 324 319
f 324 318 319
f 324 327 318
f 318 328 322
f 318 327 328
f 323 322 329
f 329 322 328
f 324 325 330
f 330 325 331
f 324 332 327
f 324 330 332
f 327 333 328
f 327 332 333
f 329 328 334
f 334 328 333
f 330 331 253
f 331 252 253
f 331 335 252
f 330 253 254
f 330 254 332
f 332 254 256
f 332 256 333
f 337 336 258
f 258 336 256
f 336 334 256
f 334 333 256
f 337 338 336
f 335 259 252
f 339 259 335
f 261 337 258
f 261 263 337
f 263 338 337
f 263 340 338
f 339 264 259
f 341 264 339
f 342 340 263
f 342 263 265
f 265 267 342
f 342 267 343
f 341 268 264
f 344 268 341
f 345 343 267
f 345 267 269
f 269 271 345
f 345 271 346
f 347 272 273
f 348 347 273
f 268 348 273
f 344 348 268
f 274 346 271
f 274 349 346
f 351 350 347
f 350 272 347
f 350 275 272
f 351 347 348
f 352 349 274
f 352 274 276
f 354 353 278
f 353 276 278
f 353 352 276
f 354 355 353
f 350 279 275
f 356 279 350
f 281 357 354
f 281 354 278
f 355 354 358
f 354 359 358
f 354 357 359
f 359 360 358
f 362 361 283
f 283 361 282
f 283 279 356
f 283 356 362
f 285 357 281
f 357 285 287
f 363 357 287
f 359 357 363
f 360 359 364
f 364 359 363
f 361 288 282
f 365 288 361
f 290 366 363
f 290 363 287
f 364 363 367
f 367 363 366
f 365 291 288
f 368 291 365
f 293 369 292
f 369 370 292
f 292 370 290
f 370 371 290
f 371 366 290
f 366 371 367
f 368 294 291
f 372 294 368
f 296 373 369
f 296 369 293
f 370 369 374
f 374 369 373
f 372 375 294
f 294 375 297
f 298 297 375
f 298 375 376
f 378 377 373
f 296 378 373
f 300 378 296
f 373 377 374
f 376 302 298
f 379 302 376
f 304 380 303
f 380 381 303
f 381 300 303
f 381 378 300
f 379 382 302
f 302 382 305
f 382 384 383
f 306 382 383
f 305 382 306
f 383 307 306
f 386 385 380
f 304 386 380
f 308 386 304
f 380 385 381
f 384 387 383
f 383 387 307
f 387 309 307
f 387 388 309
f 390 389 311
f 309 390 311
f 388 390 309
f 392 391 389
f 392 389 390
f 313 314 391
f 392 313 391
f 393 313 392
f 313 394 315
f 393 394 313
f 308 315 386
f 386 315 394
f 389 316 311
f 316 389 317
f 317 389 391
f 317 391 314
f 397 396 395
f 395 398 397
f 401 400 399
f 401 399 396
f 396 399 395
f 399 319 395
f 319 320 395
f 402 398 395
f 320 402 395
f 321 402 320
f 321 323 402
f 402 323 403
f 399 400 326
f 400 325 326
f 400 404 325
f 399 326 319
f 329 406 405
f 403 329 405
f 323 329 403
f 406 407 405
f 404 331 325
f 408 331 404
f 334 409 406
f 334 406 329
f 407 406 410
f 410 406 409
f 408 335 331
f 411 335 408
f 336 409 334
f 413 412 338
f 338 412 336
f 412 410 336
f 410 409 336
f 413 414 412
f 411 339 335
f 415 339 411
f 340 416 413
f 340 413 338
f 414 413 417
f 413 418 417
f 413 416 418
f 418 419 417
f 415 341 339
f 420 341 415
f 342 416 340
f 416 342 343
f 421 416 343
f 418 416 421
f 419 418 422
f 418 423 422
f 418 421 423
f 423 424 422
f 420 344 341
f 425 344 420
f 345 421 343
f 421 345 346
f 426 421 346
f 423 421 426
f 424 423 427
f 423 428 427
f 423 426 428
f 428 429 427
f 432 431 430
f 425 432 430
f 348 425 430
f 344 425 348
f 349 433 426
f 349 426 346
f 426 434 428
f 426 433 434
f 429 428 435
f 435 428 434
f 430 431 351
f 431 350 351
f 431 436 350
f 430 351 348
f 352 433 349
f 433 352 353
f 433 353 434
f 438 437 355
f 355 437 353
f 437 435 353
f 435 434 353
f 438 439 437
f 442 441 440
f 436 442 440
f 356 436 440
f 350 436 356
f 358 438 355
f 444 443 360
f 360 443 358
f 443 439 358
f 439 438 358
f 444 445 443
f 440 441 362
f 441 361 362
f 441 446 361
f 440 362 356
f 364 447 444
f 364 444 360
f 445 444 448
f 448 444 447
f 446 365 361
f 449 365 446
f 451 450 447
f 364 451 447
f 367 451 364
f 447 450 448
f 449 368 365
f 452 368 449
f 454 453 371
f 454 371 370
f 367 371 451
f 451 371 453
f 452 372 368
f 455 372 452
f 374 454 370
f 374 456 454
f 455 457 372
f 372 457 375
f 376 375 457
f 376 457 458
f 378 459 377
f 459 460 377
f 460 374 377
f 460 456 374
f 458 379 376
f 461 379 458
f 463 462 459
f 378 463 459
f 381 463 378
f 459 462 460
f 461 464 379
f 379 464 382
f 384 382 464
f 384 464 465
f 467 466 385
f 467 385 386
f 381 385 463
f 463 385 466
f 465 468 384
f 384 468 387
f 387 469 388
f 468 469 387
f 388 470 390
f 469 470 388
f 390 471 392
f 470 471 390
f 392 472 393
f 471 472 392
f 393 473 394
f 472 473 393
f 386 394 467
f 467 394 473
f 474 396 397
f 398 474 397
f 475 400 401
f 476 475 401
f 476 401 396
f 477 476 396
f 474 477 396
f 477 474 398
f 402 477 398
f 478 477 402
f 480 479 403
f 479 402 403
f 479 478 402
f 482 481 480
f 480 481 479
f 482 483 481
f 485 484 475
f 484 400 475
f 484 404 400
f 485 475 476
f 405 480 403
f 480 405 407
f 486 480 407
f 482 480 486
f 483 482 487
f 487 482 486
f 484 408 404
f 488 408 484
f 410 489 486
f 410 486 407
f 487 486 490
f 486 491 490
f 486 489 491
f 491 492 490
f 488 411 408
f 493 411 488
f 412 489 410
f 489 412 414
f 494 489 414
f 491 489 494
f 492 491 495
f 491 496 495
f 491 494 496
f 496 497 495
f 493 415 411
f 498 415 493
f 417 494 414
f 494 417 419
f 499 494 419
f 496 494 499
f 497 496 500
f 496 501 500
f 496 499 501
f 501 502 500
f 505 504 503
f 498 505 503
f 420 498 503
f 415 498 420
f 422 499 419
f 499 422 424
f 506 499 424
f 501 499 506
f 502 501 507
f 507 501 506
f 503 504 508
f 508 504 509
f 508 425 420
f 508 420 503
f 427 506 424
f 511 510 429
f 429 510 427
f 510 507 427
f 507 506 427
f 511 512 510
f 508 509 432
f 509 431 432
f 509 513 431
f 508 432 425
f 435 514 511
f 435 511 429
f 512 511 515
f 515 511 514
f 518 517 516
f 513 518 516
f 436 513 516
f 431 513 436
f 437 514 435
f 520 519 439
f 439 519 437
f 519 515 437
f 515 514 437
f 520 521 519
f 516 517 442
f 517 441 442
f 517 522 441
f 516 442 436
f 443 520 439
f 443 445 520
f 445 521 520
f 445 523 521
f 522 446 441
f 524 446 522
f 448 523 445
f 448 525 523
f 524 449 446
f 526 449 524
f 451 527 450
f 527 528 450
f 528 448 450
f 528 525 448
f 526 452 449
f 529 452 526
f 531 530 453
f 531 453 454
f 451 453 527
f 453 532 527
f 453 530 532
f 527 532 528
f 529 455 452
f 533 455 529
f 456 531 454
f 456 534 531
f 533 535 455
f 455 535 457
f 458 457 535
f 458 535 536
f 460 534 456
f 460 537 534
f 536 461 458
f 538 461 536
f 540 539 462
f 540 462 463
f 460 462 537
f 537 462 539
f 538 541 461
f 461 541 464
f 465 464 541
f 465 541 542
f 545 544 543
f 466 467 543
f 544 466 543
f 546 466 544
f 463 466 540
f 540 466 546
f 468 465 547
f 465 548 547
f 465 542 548
f 468 547 549
f 550 468 549
f 469 468 550
f 469 551 470
f 550 551 469
f 470 552 471
f 551 552 470
f 471 553 472
f 552 553 471
f 543 473 545
f 473 553 545
f 473 472 553
f 473 543 467
f 548 554 547
f 547 554 549
f 557 556 555
f 559 558 555
f 555 558 557
f 561 560 559
f 559 560 558
f 563 562 561
f 561 562 560
f 563 564 562
f 555 556 565
f 565 556 566
f 555 567 559
f 555 565 567
f 559 568 561
f 559 567 568
f 561 569 563
f 561 568 569
f 564 563 570
f 563 571 570
f 563 569 571
f 573 572 571
f 571 572 570
f 573 574 572
f 565 566 575
f 575 566 576
f 575 476 477
f 567 575 477
f 565 575 567
f 567 477 478
f 567 478 568
f 568 478 479
f 568 479 569
f 569 479 481
f 569 481 571
f 571 481 483
f 577 571 483
f 573 571 577
f 574 573 578
f 573 579 578
f 573 577 579
f 581 580 579
f 579 580 578
f 581 582 580
f 575 576 485
f 576 484 485
f 576 583 484
f 575 485 476
f 487 584 577
f 487 577 483
f 577 585 579
f 577 584 585
f 579 586 581
f 579 585 586
f 582 581 587
f 587 581 586
f 583 488 484
f 588 488 583
f 490 584 487
f 584 490 492
f 589 584 492
f 585 584 589
f 585 590 586
f 585 589 590
f 587 586 591
f 591 586 590
f 588 493 488
f 592 493 588
f 495 589 492
f 589 495 497
f 593 589 497
f 590 589 593
f 591 590 594
f 594 590 593
f 592 498 493
f 595 498 592
f 500 593 497
f 597 596 502
f 502 596 500
f 596 594 500
f 594 593 500
f 597 598 596
f 599 504 505
f 600 599 505
f 498 600 505
f 595 600 498
f 507 601 597
f 507 597 502
f 598 597 602
f 602 597 601
f 604 603 599
f 603 504 599
f 603 509 504
f 604 599 600
f 510 601 507
f 510 512 601
f 512 602 601
f 512 605 602
f 603 513 509
f 606 513 603
f 515 608 607
f 605 515 607
f 512 515 605
f 608 609 607
f 610 517 518
f 611 610 518
f 513 611 518
f 606 611 513
f 519 608 515
f 519 521 608
f 521 609 608
f 521 612 609
f 613 522 610
f 610 522 517
f 610 611 614
f 610 614 613
f 523 612 521
f 523 615 612
f 617 616 613
f 616 522 613
f 616 524 522
f 617 613 614
f 525 615 523
f 525 618 615
f 616 526 524
f 619 526 616
f 528 618 525
f 528 620 618
f 622 529 621
f 529 619 621
f 529 526 619
f 623 622 621
f 625 624 530
f 625 530 531
f 530 626 532
f 624 626 530
f 528 532 620
f 620 532 626
f 627 533 622
f 622 533 529
f 622 623 628
f 622 628 627
f 534 625 531
f 534 629 625
f 627 535 533
f 536 535 627
f 628 536 627
f 630 536 628
f 537 629 534
f 537 631 629
f 633 538 632
f 538 630 632
f 538 536 630
f 634 633 632
f 636 635 539
f 636 539 540
f 537 539 631
f 631 539 635
f 633 541 538
f 542 541 633
f 634 542 633
f 637 542 634
f 545 638 544
f 544 638 639
f 640 544 639
f 546 544 640
f 540 546 636
f 636 546 640
f 642 548 641
f 548 637 641
f 548 542 637
f 643 550 549
f 644 642 641
f 550 643 645
f 646 550 645
f 551 550 646
f 551 647 552
f 646 647 551
f 552 648 553
f 647 648 552
f 545 553 638
f 553 649 638
f 553 648 649
f 638 649 639
f 642 554 548
f 642 644 554
f 644 650 554
f 643 549 554
f 643 554 650
f 643 650 645
f 653 652 651
f 651 654 653
f 657 656 655
f 657 655 652
f 655 651 652
f 655 658 651
f 654 651 659
f 651 660 659
f 651 658 660
f 660 661 659
f 655 656 662
f 662 656 663
f 655 664 658
f 655 662 664
f 658 665 660
f 658 664 665
f 661 660 666
f 660 667 666
f 660 665 667
f 669 668 667
f 667 668 666
f 671 670 669
f 669 670 668
f 671 672 670
f 662 663 673
f 673 663 674
f 662 675 664
f 662 673 675
f 664 676 665
f 664 675 676
f 665 677 667
f 665 676 677
f 667 678 669
f 667 677 678
f 669 679 671
f 669 678 679
f 672 671 680
f 680 671 679
f 673 674 681
f 681 674 682
f 673 683 675
f 673 681 683
f 675 684 676
f 675 683 684
f 676 685 677
f 676 684 685
f 677 686 678
f 677 685 686
f 678 687 679
f 678 686 687
f 680 679 688
f 688 679 687
f 681 682 689
f 689 682 690
f 681 691 683
f 681 689 691
f 683 692 684
f 683 691 692
f 684 693 685
f 684 692 693
f 685 694 686
f 685 693 694
f 686 695 687
f 686 694 695
f 688 687 696
f 687 697 696
f 687 695 697
f 697 698 696
f 689 690 699
f 699 690 700
f 699 556 557
f 691 699 557
f 689 699 691
f 691 557 558
f 691 558 692
f 692 558 560
f 692 560 693
f 693 560 562
f 693 562 694
f 694 562 564
f 701 694 564
f 695 694 701
f 695 702 697
f 695 701 702
f 698 697 703
f 697 704 703
f 697 702 704
f 704 705 703
f 699 700 706
f 706 700 707
f 706 566 556
f 706 556 699
f 570 701 564
f 701 570 572
f 701 572 702
f 702 572 574
f 708 702 574
f 704 702 708
f 705 704 709
f 704 710 709
f 704 708 710
f 710 711 709
f 707 712 706
f 566 706 712
f 713 566 712
f 576 566 713
f 578 708 574
f 708 578 580
f 708 580 710
f 715 714 582
f 582 714 580
f 714 711 580
f 711 710 580
f 715 716 714
f 713 583 576
f 717 583 713
f 587 718 715
f 587 715 582
f 716 715 719
f 715 720 719
f 715 718 720
f 720 721 719
f 717 588 583
f 722 588 717
f 591 723 718
f 591 718 587
f 718 724 720
f 718 723 724
f 721 720 725
f 725 720 724
f 722 592 588
f 726 592 722
f 594 727 723
f 594 723 591
f 723 728 724
f 723 727 728
f 725 724 729
f 729 724 728
f 726 595 592
f 730 595 726
f 596 727 594
f 727 596 598
f 731 727 598
f 728 727 731
f 729 728 732
f 732 728 731
f 730 600 595
f 733 600 730
f 602 734 731
f 602 731 598
f 732 731 735
f 735 731 734
f 737 736 604
f 604 736 603
f 604 600 733
f 604 733 737
f 605 738 734
f 605 734 602
f 735 734 739
f 739 734 738
f 736 606 603
f 740 606 736
f 607 738 605
f 607 609 738
f 609 739 738
f 609 741 739
f 740 611 606
f 742 611 740
f 612 744 743
f 741 612 743
f 609 612 741
f 744 745 743
f 742 614 611
f 746 614 742
f 615 747 744
f 615 744 612
f 745 744 748
f 748 744 747
f 749 616 617
f 750 749 617
f 614 750 617
f 746 750 614
f 618 751 747
f 618 747 615
f 748 747 752
f 752 747 751
f 753 619 749
f 749 619 616
f 749 750 754
f 749 754 753
f 756 755 751
f 618 756 751
f 620 756 618
f 751 755 752
f 753 621 619
f 623 621 753
f 754 623 753
f 757 623 754
f 759 758 624
f 759 624 625
f 624 760 626
f 758 760 624
f 620 626 756
f 756 626 760
f 757 628 623
f 761 628 757
f 629 759 625
f 629 762 759
f 761 630 628
f 763 630 761
f 631 762 629
f 631 764 762
f 763 765 630
f 630 765 632
f 634 632 765
f 634 765 766
f 636 767 635
f 767 768 635
f 768 631 635
f 768 764 631
f 766 637 634
f 769 637 766
f 771 770 640
f 771 640 639
f 636 640 767
f 640 772 767
f 640 770 772
f 767 772 768
f 769 773 637
f 637 773 641
f 644 641 773
f 644 773 774
f 776 775 646
f 776 646 645
f 646 777 647
f 775 777 646
f 647 778 648
f 777 778 647
f 648 779 649
f 778 779 648
f 639 649 771
f 771 649 779
f 774 780 644
f 644 780 650
f 645 650 776
f 776 650 780
f 783 782 781
f 785 784 781
f 781 784 783
f 787 786 785
f 785 786 784
f 787 788 786
f 791 790 789
f 791 789 782
f 782 789 781
f 789 652 781
f 652 653 781
f 781 653 654
f 792 781 654
f 785 781 792
f 785 793 787
f 785 792 793
f 788 787 794
f 787 795 794
f 787 793 795
f 797 796 795
f 795 796 794
f 797 798 796
f 801 800 799
f 801 799 790
f 790 799 789
f 799 656 789
f 656 657 789
f 789 657 652
f 659 792 654
f 792 659 661
f 802 792 661
f 793 792 802
f 793 803 795
f 793 802 803
f 795 804 797
f 795 803 804
f 798 797 805
f 805 797 804
f 799 800 806
f 806 800 807
f 806 663 656
f 806 656 799
f 666 802 661
f 802 666 668
f 802 668 803
f 803 668 670
f 803 670 804
f 809 808 672
f 672 808 670
f 808 805 670
f 805 804 670
f 809 810 808
f 806 807 811
f 811 807 812
f 811 674 663
f 811 663 806
f 680 813 809
f 680 809 672
f 810 809 814
f 809 815 814
f 809 813 815
f 815 816 814
f 811 812 817
f 817 812 818
f 817 682 674
f 817 674 811
f 688 819 813
f 688 813 680
f 813 820 815
f 813 819 820
f 816 815 821
f 821 815 820
f 817 818 822
f 822 818 823
f 822 690 682
f 822 682 817
f 696 819 688
f 819 696 698
f 824 819 698
f 820 819 824
f 821 820 825
f 820 826 825
f 820 824 826
f 826 827 825
f 822 823 828
f 828 823 829
f 828 700 690
f 828 690 822
f 703 824 698
f 824 703 705
f 830 824 705
f 826 824 830
f 827 826 831
f 826 832 831
f 826 830 832
f 832 833 831
f 829 834 828
f 700 828 834
f 835 700 834
f 707 700 835
f 709 830 705
f 830 709 711
f 836 830 711
f 832 830 836
f 833 832 837
f 832 838 837
f 832 836 838
f 838 839 837
f 712 707 840
f 707 841 840
f 707 835 841
f 840 713 712
f 714 836 711
f 836 714 716
f 842 836 716
f 838 836 842
f 839 838 843
f 843 838 842
f 841 844 840
f 713 840 844
f 845 713 844
f 717 713 845
f 719 842 716
f 847 846 721
f 721 846 719
f 846 843 719
f 843 842 719
f 847 848 846
f 845 722 717
f 849 722 845
f 725 850 847
f 725 847 721
f 848 847 851
f 851 847 850
f 849 726 722
f 852 726 849
f 729 853 850
f 729 850 725
f 851 850 854
f 854 850 853
f 852 730 726
f 855 730 852
f 857 856 853
f 729 857 853
f 732 857 729
f 853 856 854
f 860 859 858
f 855 860 858
f 733 855 858
f 730 855 733
f 735 857 732
f 735 861 857
f 858 859 737
f 859 736 737
f 859 862 736
f 858 737 733
f 739 864 863
f 861 739 863
f 735 739 861
f 864 865 863
f 862 740 736
f 866 740 862
f 741 867 864
f 741 864 739
f 865 864 868
f 868 864 867
f 866 742 740
f 869 742 866
f 743 867 741
f 743 745 867
f 745 868 867
f 745 870 868
f 869 746 742
f 871 746 869
f 748 870 745
f 748 872 870
f 871 750 746
f 873 750 871
f 752 872 748
f 752 874 872
f 873 754 750
f 875 754 873
f 877 876 755
f 877 755 756
f 752 755 874
f 874 755 876
f 875 757 754
f 878 757 875
f 759 879 758
f 758 879 880
f 881 758 880
f 760 758 881
f 756 760 877
f 877 760 881
f 878 761 757
f 882 761 878
f 884 883 879
f 759 884 879
f 762 884 759
f 879 883 880
f 882 763 761
f 885 763 882
f 764 884 762
f 764 886 884
f 885 887 763
f 763 887 765
f 766 765 887
f 766 887 888
f 768 886 764
f 768 889 886
f 891 769 890
f 769 888 890
f 769 766 888
f 892 891 890
f 894 893 770
f 894 770 771
f 770 895 772
f 893 895 770
f 768 772 889
f 889 772 895
f 891 773 769
f 897 896 774
f 897 774 773
f 892 897 773
f 891 892 773
f 775 776 896
f 897 775 896
f 898 775 897
f 775 899 777
f 898 899 775
f 777 900 778
f 899 900 777
f 778 901 779
f 900 901 778
f 771 779 894
f 894 779 901
f 896 780 774
f 780 896 776
f 904 903 902
f 906 905 902
f 902 905 904
f 906 907 905
f 910 909 908
f 912 911 908
f 908 911 910
f 912 913 911
f 902 903 914
f 914 903 915
f 902 916 906
f 902 914 916
f 907 906 917
f 906 918 917
f 906 916 918
f 782 783 918
f 783 917 918
f 783 919 917
f 784 908 909
f 919 784 909
f 783 784 919
f 908 784 786
f 908 786 912
f 921 920 788
f 788 920 786
f 920 913 786
f 913 912 786
f 923 922 921
f 921 922 920
f 923 924 922
f 914 915 925
f 925 915 926
f 914 927 916
f 914 925 927
f 927 790 791
f 918 927 791
f 916 927 918
f 918 791 782
f 794 921 788
f 921 794 796
f 921 796 923
f 929 928 798
f 798 928 796
f 928 924 796
f 924 923 796
f 929 930 928
f 925 926 931
f 931 926 932
f 931 800 801
f 927 931 801
f 925 931 927
f 927 801 790
f 805 933 929
f 805 929 798
f 930 929 934
f 929 935 934
f 929 933 935
f 935 936 934
f 939 938 937
f 939 937 932
f 937 931 932
f 937 940 931
f 940 807 800
f 940 800 931
f 808 933 805
f 933 808 810
f 941 933 810
f 935 933 941
f 936 935 942
f 942 935 941
f 938 943 937
f 945 944 943
f 944 937 943
f 944 940 937
f 944 812 807
f 944 807 940
f 814 941 810
f 814 816 941
f 816 942 941
f 816 946 942
f 944 945 947
f 947 945 948
f 947 818 812
f 947 812 944
f 821 950 949
f 946 821 949
f 816 821 946
f 950 951 949
f 947 948 952
f 952 948 953
f 952 823 818
f 952 818 947
f 825 950 821
f 955 954 827
f 827 954 825
f 954 951 825
f 951 950 825
f 957 956 955
f 955 956 954
f 957 958 956
f 953 959 952
f 823 952 959
f 960 823 959
f 829 823 960
f 831 955 827
f 955 831 833
f 961 955 833
f 957 955 961
f 958 957 962
f 962 957 961
f 834 829 963
f 829 964 963
f 829 960 964
f 963 835 834
f 837 961 833
f 966 965 839
f 839 965 837
f 965 962 837
f 962 961 837
f 966 967 965
f 964 968 963
f 835 963 968
f 969 835 968
f 841 835 969
f 843 970 966
f 843 966 839
f 967 966 971
f 966 972 971
f 966 970 972
f 972 973 971
f 969 974 841
f 841 974 844
f 845 844 974
f 845 974 975
f 846 970 843
f 970 846 848
f 976 970 848
f 972 970 976
f 973 972 977
f 977 972 976
f 975 849 845
f 978 849 975
f 851 979 976
f 851 976 848
f 977 976 980
f 980 976 979
f 978 852 849
f 981 852 978
f 854 982 979
f 854 979 851
f 980 979 983
f 983 979 982
f 981 855 852
f 984 855 981
f 857 985 856
f 982 854 856
f 985 982 856
f 986 982 985
f 983 982 987
f 987 982 986
f 988 859 860
f 989 988 860
f 855 989 860
f 984 989 855
f 861 990 985
f 861 985 857
f 992 986 991
f 986 990 991
f 986 985 990
f 986 992 987
f 994 993 988
f 993 859 988
f 993 862 859
f 994 988 989
f 863 990 861
f 996 995 865
f 865 995 863
f 995 991 863
f 991 990 863
f 996 997 995
f 993 866 862
f 998 866 993
f 868 999 996
f 868 996 865
f 997 996 1000
f 1000 996 999
f 998 869 866
f 1001 869 998
f 870 1002 999
f 870 999 868
f 1000 999 1003
f 1003 999 1002
f 1001 871 869
f 1004 871 1001
f 872 1005 1002
f 872 1002 870
f 1003 1002 1006
f 1006 1002 1005
f 1004 873 871
f 1007 873 1004
f 1009 1008 1005
f 872 1009 1005
f 874 1009 872
f 1005 1008 1006
f 1007 875 873
f 1010 875 1007
f 1012 1011 876
f 1012 876 877
f 874 876 1009
f 1009 876 1011
f 1010 878 875
f 1013 878 1010
f 1015 1014 881
f 1015 881 880
f 877 881 1012
f 1012 881 1014
f 1013 882 878
f 1016 882 1013
f 884 1017 883
f 1017 1018 883
f 1018 880 883
f 1018 1015 880
f 1020 885 1019
f 885 1016 1019
f 885 882 1016
f 1021 1020 1019
f 886 1022 1017
f 886 1017 884
f 1018 1017 1023
f 1023 1017 1022
f 1020 887 885
f 1025 1024 888
f 1025 888 887
f 1021 1025 887
f 1020 1021 887
f 1026 1024 1025
f 1028 1027 1022
f 886 1028 1022
f 889 1028 886
f 1022 1027 1023
f 1024 890 888
f 892 890 1024
f 1026 892 1024
f 1029 892 1026
f 1032 1031 1030
f 1033 1030 1031
f 894 1034 893
f 893 1034 1035
f 1036 893 1035
f 895 893 1036
f 889 895 1028
f 1028 895 1036
f 1029 1037 892
f 892 1037 897
f 897 1038 898
f 1037 1038 897
f 898 1039 899
f 1038 1039 898
f 1030 900 1032
f 900 1039 1032
f 900 899 1039
f 1033 1040 1030
f 1040 900 1030
f 1040 901 900
f 894 901 1034
f 901 1041 1034
f 901 1040 1041
f 1034 1041 1035
f 1044 1043 1042
f 1046 1045 1042
f 1042 1045 1044
f 1046 1047 1045
f 1049 1048 904
f 904 1048 903
f 1050 904 905
f 1050 1049 904
f 1052 1051 907
f 1051 905 907
f 1051 1050 905
f 1054 1053 1052
f 1052 1053 1051
f 1053 1054 1043
f 1043 1054 1042
f 1054 909 1042
f 909 910 1042
f 1042 910 911
f 1042 911 1046
f 1056 1055 913
f 913 1055 911
f 1055 1047 911
f 1047 1046 911
f 1058 1057 1056
f 1056 1057 1055
f 1058 1059 1057
f 1048 915 903
f 1060 915 1048
f 917 1052 907
f 1052 917 919
f 1052 919 1054
f 1054 919 909
f 920 1056 913
f 1056 920 922
f 1056 922 1058
f 1062 1061 924
f 924 1061 922
f 1061 1059 922
f 1059 1058 922
f 1062 1063 1061
f 1066 1065 1064
f 1060 1066 1064
f 926 1060 1064
f 915 1060 926
f 928 1062 924
f 928 930 1062
f 930 1063 1062
f 930 1067 1063
f 1064 1065 1068
f 1068 1065 1069
f 1068 932 926
f 1068 926 1064
f 1070 1067 930
f 1070 930 934
f 934 936 1070
f 1070 936 1071
f 1068 1069 939
f 1069 938 939
f 1069 1072 938
f 1068 939 932
f 942 1074 1073
f 1071 942 1073
f 936 942 1071
f 1074 1075 1073
f 943 938 1076
f 938 1077 1076
f 938 1072 1077
f 1076 945 943
f 946 1078 1074
f 946 1074 942
f 1075 1074 1079
f 1074 1080 1079
f 1074 1078 1080
f 1080 1081 1079
f 1077 1082 1076
f 945 1076 1082
f 1083 945 1082
f 948 945 1083
f 949 1078 946
f 1078 949 951
f 1084 1078 951
f 1080 1078 1084
f 1081 1080 1085
f 1080 1086 1085
f 1080 1084 1086
f 1086 1087 1085
f 1083 953 948
f 1088 953 1083
f 954 1084 951
f 1084 954 956
f 1084 956 1086
f 1090 1089 958
f 958 1089 956
f 1089 1087 956
f 1087 1086 956
f 1090 1091 1089
f 959 953 1092
f 953 1093 1092
f 953 1088 1093
f 1092 960 959
f 962 1094 1090
f 962 1090 958
f 1091 1090 1095
f 1090 1096 1095
f 1090 1094 1096
f 1096 1097 1095
f 1093 1098 1092
f 960 1092 1098
f 1099 960 1098
f 964 960 1099
f 965 1094 962
f 1094 965 967
f 1100 1094 967
f 1096 1094 1100
f 1097 1096 1101
f 1101 1096 1100
f 1099 1102 964
f 964 1102 968
f 969 968 1102
f 969 1102 1103
f 971 1100 967
f 971 973 1100
f 973 1101 1100
f 973 1104 1101
f 1103 1105 969
f 969 1105 974
f 975 974 1105
f 975 1105 1106
f 977 1108 1107
f 1104 977 1107
f 973 977 1104
f 1108 1109 1107
f 1106 978 975
f 1110 978 1106
f 980 1111 1108
f 980 1108 977
f 1109 1108 1112
f 1112 1108 1111
f 1110 981 978
f 1113 981 1110
f 1115 1114 1111
f 980 1115 1111
f 983 1115 980
f 1111 1114 1112
f 1113 984 981
f 1116 984 1113
f 987 1115 983
f 987 1117 1115
f 1116 989 984
f 1118 989 1116
f 991 1119 992
f 1119 1120 992
f 1120 987 992
f 1120 1117 987
f 1121 993 994
f 1122 1121 994
f 989 1122 994
f 1118 1122 989
f 995 1119 991
f 1124 1123 997
f 997 1123 995
f 1123 1120 995
f 1120 1119 995
f 1124 1125 1123
f 1127 1126 1121
f 1126 993 1121
f 1126 998 993
f 1127 1121 1122
f 1000 1128 1124
f 1000 1124 997
f 1125 1124 1129
f 1129 1124 1128
f 1126 1001 998
f 1130 1001 1126
f 1003 1131 1128
f 1003 1128 1000
f 1129 1128 1132
f 1132 1128 1131
f 1130 1004 1001
f 1133 1004 1130
f 1006 1134 1131
f 1006 1131 1003
f 1132 1131 1135
f 1135 1131 1134
f 1133 1007 1004
f 1136 1007 1133
f 1009 1137 1008
f 1137 1138 1008
f 1008 1138 1006
f 1138 1139 1006
f 1139 1134 1006
f 1134 1139 1135
f 1136 1010 1007
f 1140 1010 1136
f 1012 1141 1011
f 1141 1142 1011
f 1011 1142 1009
f 1142 1143 1009
f 1143 1137 1009
f 1137 1143 1138
f 1140 1013 1010
f 1144 1013 1140
f 1015 1145 1014
f 1145 1146 1014
f 1014 1146 1012
f 1146 1147 1012
f 1147 1141 1012
f 1141 1147 1142
f 1149 1016 1148
f 1016 1144 1148
f 1016 1013 1144
f 1150 1149 1148
f 1152 1151 1145
f 1015 1152 1145
f 1018 1152 1015
f 1145 1151 1146
f 1149 1019 1016
f 1021 1019 1149
f 1150 1021 1149
f 1153 1021 1150
f 1023 1152 1018
f 1023 1154 1152
f 1153 1155 1021
f 1021 1155 1025
f 1026 1025 1155
f 1026 1155 1156
f 1028 1157 1027
f 1157 1158 1027
f 1158 1023 1027
f 1158 1154 1023
f 1160 1029 1159
f 1029 1156 1159
f 1029 1026 1156
f 1161 1160 1159
f 1163 1162 1031
f 1163 1031 1032
f 1033 1031 1162
f 1033 1162 1164
f 1035 1165 1036
f 1165 1166 1036
f 1036 1166 1028
f 1166 1167 1028
f 1167 1157 1028
f 1157 1167 1158
f 1160 1037 1029
f 1161 1168 1160
f 1168 1037 1160
f 1168 1038 1037
f 1038 1169 1039
f 1168 1169 1038
f 1032 1039 1163
f 1163 1039 1169
f 1164 1170 1033
f 1033 1170 1040
f 1040 1171 1041
f 1170 1171 1040
f 1035 1041 1165
f 1041 1172 1165
f 1041 1171 1172
f 1165 1172 1166
f 1175 1174 1173
f 1177 1176 1173
f 1173 1176 1175
f 1179 1178 1177
f 1177 1178 1176
f 1181 1180 1179
f 1179 1180 1178
f 1183 1182 1181
f 1181 1182 1180
f 1043 1044 1183
f 1044 1182 1183
f 1044 1184 1182
f 1185 1044 1045
f 1185 1184 1044
f 1187 1186 1047
f 1186 1045 1047
f 1186 1185 1045
f 1187 1188 1186
f 1173 1174 1189
f 1189 1174 1190
f 1189 1048 1049
f 1177 1189 1049
f 1173 1189 1177
f 1177 1049 1050
f 1177 1050 1179
f 1179 1050 1051
f 1179 1051 1181
f 1181 1051 1053
f 1181 1053 1183
f 1183 1053 1043
f 1055 1187 1047
f 1191 1188 1187
f 1055 1191 1187
f 1057 1191 1055
f 1057 1059 1191
f 1191 1059 1192
f 1195 1194 1193
f 1195 1193 1190
f 1193 1189 1190
f 1193 1196 1189
f 1196 1060 1048
f 1196 1048 1189
f 1197 1192 1059
f 1197 1059 1061
f 1061 1063 1197
f 1197 1063 1198
f 1193 1194 1199
f 1199 1194 1200
f 1199 1065 1066
f 1196 1199 1066
f 1193 1199 1196
f 1196 1066 1060
f 1067 1198 1063
f 1067 1201 1198
f 1199 1200 1202
f 1202 1200 1203
f 1202 1069 1065
f 1202 1065 1199
f 1204 1201 1067
f 1204 1067 1070
f 1070 1071 1204
f 1204 1071 1205
f 1202 1203 1206
f 1206 1203 1207
f 1206 1072 1069
f 1206 1069 1202
f 1071 1073 1208
f 1209 1071 1208
f 1205 1071 1209
f 1075 1208 1073
f 1207 1210 1206
f 1072 1206 1210
f 1211 1072 1210
f 1077 1072 1211
f 1212 1209 1208
f 1212 1208 1075
f 1079 1212 1075
f 1213 1212 1079
f 1079 1081 1213
f 1213 1081 1214
f 1082 1077 1215
f 1077 1216 1215
f 1077 1211 1216
f 1215 1083 1082
f 1217 1214 1081
f 1217 1081 1085
f 1085 1087 1217
f 1217 1087 1218
f 1216 1219 1215
f 1083 1215 1219
f 1220 1083 1219
f 1088 1083 1220
f 1221 1218 1087
f 1221 1087 1089
f 1223 1222 1091
f 1222 1089 1091
f 1222 1221 1089
f 1223 1224 1222
f 1220 1093 1088
f 1225 1093 1220
f 1095 1223 1091
f 1227 1226 1097
f 1097 1226 1095
f 1226 1224 1095
f 1224 1223 1095
f 1227 1228 1226
f 1225 1229 1093
f 1093 1229 1098
f 1099 1098 1229
f 1099 1229 1230
f 1101 1231 1227
f 1101 1227 1097
f 1228 1227 1232
f 1232 1227 1231
f 1102 1099 1233
f 1099 1234 1233
f 1099 1230 1234
f 1233 1103 1102
f 1104 1235 1231
f 1104 1231 1101
f 1232 1231 1236
f 1236 1231 1235
f 1234 1237 1233
f 1237 1239 1238
f 1237 1238 1105
f 1233 1237 1105
f 1103 1233 1105
f 1238 1106 1105
f 1107 1235 1104
f 1107 1109 1235
f 1109 1236 1235
f 1109 1240 1236
f 1239 1241 1238
f 1106 1238 1241
f 1242 1106 1241
f 1110 1106 1242
f 1112 1240 1109
f 1112 1243 1240
f 1242 1113 1110
f 1244 1113 1242
f 1115 1245 1114
f 1243 1112 1246
f 1112 1245 1246
f 1245 1247 1246
f 1112 1114 1245
f 1247 1248 1246
f 1244 1116 1113
f 1249 1116 1244
f 1117 1250 1245
f 1117 1245 1115
f 1245 1251 1247
f 1245 1250 1251
f 1248 1247 1252
f 1252 1247 1251
f 1249 1118 1116
f 1253 1118 1249
f 1120 1254 1250
f 1120 1250 1117
f 1256 1251 1255
f 1251 1254 1255
f 1251 1250 1254
f 1251 1256 1252
f 1253 1122 1118
f 1257 1122 1253
f 1123 1254 1120
f 1123 1125 1254
f 1125 1255 1254
f 1125 1258 1255
f 1259 1126 1127
f 1260 1259 1127
f 1122 1260 1127
f 1257 1260 1122
f 1129 1258 1125
f 1129 1261 1258
f 1262 1130 1259
f 1259 1130 1126
f 1259 1260 1263
f 1259 1263 1262
f 1132 1261 1129
f 1132 1264 1261
f 1265 1133 1262
f 1262 1133 1130
f 1262 1263 1266
f 1262 1266 1265
f 1135 1264 1132
f 1135 1267 1264
f 1269 1268 1265
f 1268 1133 1265
f 1268 1136 1133
f 1269 1265 1266
f 1271 1270 1139
f 1271 1139 1138
f 1135 1139 1267
f 1267 1139 1270
f 1268 1140 1136
f 1272 1140 1268
f 1274 1273 1143
f 1274 1143 1142
f 1138 1143 1271
f 1271 1143 1273
f 1272 1144 1140
f 1275 1144 1272
f 1277 1276 1147
f 1277 1147 1146
f 1142 1147 1274
f 1274 1147 1276
f 1275 1278 1144
f 1144 1278 1148
f 1150 1148 1278
f 1150 1278 1279
f 1152 1280 1151
f 1280 1281 1151
f 1281 1146 1151
f 1281 1277 1146
f 1283 1153 1282
f 1153 1279 1282
f 1153 1150 1279
f 1284 1283 1282
f 1154 1285 1280
f 1154 1280 1152
f 1281 1280 1286
f 1286 1280 1285
f 1283 1155 1153
f 1156 1155 1283
f 1284 1156 1283
f 1287 1156 1284
f 1289 1288 1285
f 1154 1289 1285
f 1158 1289 1154
f 1285 1288 1286
f 1287 1290 1156
f 1156 1290 1159
f 1161 1159 1290
f 1161 1290 1291
f 1163 1292 1162
f 1164 1162 1292
f 1295 1294 1293
f 1296 1295 1293
f 1298 1297 1167
f 1298 1167 1166
f 1158 1167 1289
f 1289 1167 1297
f 1291 1299 1161
f 1161 1299 1168
f 1168 1300 1169
f 1299 1300 1168
f 1163 1169 1292
f 1169 1301 1292
f 1169 1300 1301
f 1294 1295 1301
f 1295 1170 1301
f 1164 1292 1301
f 1164 1301 1170
f 1296 1302 1295
f 1302 1170 1295
f 1302 1171 1170
f 1171 1303 1172
f 1302 1303 1171
f 1166 1172 1298
f 1298 1172 1303
f 1306 1305 1304
f 1304 1307 1306
f 1304 1305 1175
f 1305 1174 1175
f 1305 1308 1174
f 1309 1307 1304
f 1175 1309 1304
f 1176 1309 1175
f 1310 1176 1178
f 1310 1309 1176
f 1311 1178 1180
f 1311 1310 1178
f 1312 1180 1182
f 1312 1311 1180
f 1313 1182 1184
f 1313 1312 1182
f 1314 1184 1185
f 1314 1313 1184
f 1315 1185 1186
f 1315 1314 1185
f 1186 1188 1315
f 1315 1188 1316
f 1319 1318 1317
f 1308 1319 1317
f 1190 1308 1317
f 1174 1308 1190
f 1320 1316 1188
f 1320 1188 1191
f 1322 1321 1192
f 1321 1191 1192
f 1321 1320 1191
f 1322 1323 1321
f 1317 1318 1195
f 1318 1194 1195
f 1318 1324 1194
f 1317 1195 1190
f 1197 1322 1192
f 1197 1198 1322
f 1198 1323 1322
f 1198 1325 1323
f 1328 1327 1326
f 1324 1328 1326
f 1200 1324 1326
f 1194 1324 1200
f 1201 1330 1329
f 1325 1201 1329
f 1198 1201 1325
f 1330 1331 1329
f 1327 1332 1326
f 1200 1326 1332
f 1333 1200 1332
f 1203 1200 1333
f 1204 1330 1201
f 1204 1205 1330
f 1205 1331 1330
f 1205 1334 1331
f 1333 1207 1203
f 1335 1207 1333
f 1209 1337 1336
f 1334 1209 1336
f 1205 1209 1334
f 1337 1338 1336
f 1335 1339 1207
f 1207 1339 1210
f 1211 1210 1339
f 1211 1339 1340
f 1212 1337 1209
f 1341 1338 1337
f 1212 1341 1337
f 1213 1341 1212
f 1343 1342 1214
f 1342 1213 1214
f 1342 1341 1213
f 1343 1344 1342
f 1340 1216 1211
f 1345 1216 1340
f 1217 1343 1214
f 1347 1346 1218
f 1218 1346 1217
f 1346 1344 1217
f 1344 1343 1217
f 1347 1348 1346
f 1345 1349 1216
f 1216 1349 1219
f 1220 1219 1349
f 1220 1349 1350
f 1221 1347 1218
f 1351 1348 1347
f 1221 1351 1347
f 1222 1351 1221
f 1222 1224 1351
f 1351 1224 1352
f 1350 1225 1220
f 1353 1225 1350
f 1354 1352 1224
f 1354 1224 1226
f 1356 1355 1228
f 1355 1226 1228
f 1355 1354 1226
f 1356 1357 1355
f 1353 1358 1225
f 1225 1358 1229
f 1230 1229 1358
f 1230 1358 1359
f 1232 1360 1356
f 1232 1356 1228
f 1357 1356 1361
f 1361 1356 1360
f 1359 1234 1230
f 1362 1234 1359
f 1236 1363 1360
f 1236 1360 1232
f 1361 1360 1364
f 1364 1360 1363
f 1362 1365 1234
f 1234 1365 1237
f 1367 1366 1239
f 1237 1367 1239
f 1365 1367 1237
f 1368 1366 1367
f 1240 1369 1363
f 1240 1363 1236
f 1364 1363 1370
f 1363 1371 1370
f 1363 1369 1371
f 1371 1372 1370
f 1366 1241 1239
f 1242 1241 1366
f 1368 1242 1366
f 1373 1242 1368
f 1243 1374 1369
f 1243 1369 1240
f 1369 1375 1371
f 1369 1374 1375
f 1372 1371 1376
f 1376 1371 1375
f 1373 1244 1242
f 1377 1244 1373
f 1246 1374 1243
f 1374 1246 1248
f 1378 1374 1248
f 1375 1374 1378
f 1376 1375 1379
f 1379 1375 1378
f 1377 1249 1244
f 1380 1249 1377
f 1252 1381 1378
f 1252 1378 1248
f 1379 1378 1382
f 1382 1378 1381
f 1384 1253 1383
f 1253 1380 1383
f 1253 1249 1380
f 1385 1384 1383
f 1255 1386 1256
f 1386 1387 1256
f 1256 1387 1252
f 1387 1388 1252
f 1388 1381 1252
f 1381 1388 1382
f 1389 1257 1384
f 1384 1257 1253
f 1384 1385 1390
f 1384 1390 1389
f 1258 1391 1386
f 1258 1386 1255
f 1387 1386 1392
f 1392 1386 1391
f 1393 1260 1389
f 1389 1260 1257
f 1389 1390 1394
f 1389 1394 1393
f 1261 1395 1391
f 1261 1391 1258
f 1392 1391 1396
f 1396 1391 1395
f 1397 1263 1393
f 1393 1263 1260
f 1393 1394 1398
f 1393 1398 1397
f 1400 1399 1395
f 1261 1400 1395
f 1264 1400 1261
f 1395 1399 1396
f 1402 1401 1397
f 1401 1263 1397
f 1401 1266 1263
f 1402 1397 1398
f 1267 1400 1264
f 1267 1403 1400
f 1404 1268 1269
f 1405 1404 1269
f 1266 1405 1269
f 1401 1405 1266
f 1271 1406 1270
f 1406 1407 1270
f 1407 1267 1270
f 1407 1403 1267
f 1408 1272 1404
f 1404 1272 1268
f 1404 1405 1409
f 1404 1409 1408
f 1411 1410 1273
f 1411 1273 1274
f 1271 1273 1406
f 1273 1412 1406
f 1273 1410 1412
f 1406 1412 1407
f 1413 1275 1408
f 1408 1275 1272
f 1408 1409 1414
f 1408 1414 1413
f 1416 1415 1276
f 1416 1276 1277
f 1274 1276 1411
f 1411 1276 1415
f 1413 1278 1275
f 1279 1278 1413
f 1414 1279 1413
f 1417 1279 1414
f 1281 1416 1277
f 1281 1418 1416
f 1417 1419 1279
f 1279 1419 1282
f 1284 1282 1419
f 1284 1419 1420
f 1286 1418 1281
f 1286 1421 1418
f 1423 1287 1422
f 1287 1420 1422
f 1287 1284 1420
f 1424 1423 1422
f 1426 1425 1288
f 1426 1288 1289
f 1286 1288 1421
f 1421 1288 1425
f 1423 1290 1287
f 1428 1427 1291
f 1428 1291 1290
f 1424 1428 1290
f 1423 1424 1290
f 1429 1427 1428
f 1294 1430 1293
f 1430 1296 1293
f 1432 1431 1297
f 1432 1297 1298
f 1289 1297 1426
f 1426 1297 1431
f 1427 1299 1291
f 1429 1433 1427
f 1433 1299 1427
f 1433 1300 1299
f 1300 1434 1301
f 1433 1434 1300
f 1294 1301 1430
f 1301 1435 1430
f 1301 1434 1435
f 1430 1435 1296
f 1435 1302 1296
f 1435 1436 1302
f 1302 1437 1303
f 1436 1437 1302
f 1298 1303 1432
f 1432 1303 1437
f 1440 1439 1438
f 1305 1306 1438
f 1306 1440 1438
f 1306 1441 1440
f 1306 1307 1441
f 1441 1307 1442
f 1438 1439 1443
f 1443 1439 1444
f 1443 1308 1305
f 1443 1305 1438
f 1445 1442 1307
f 1445 1307 1309
f 1446 1309 1310
f 1446 1445 1309
f 1447 1310 1311
f 1447 1446 1310
f 1448 1311 1312
f 1448 1447 1311
f 1449 1312 1313
f 1449 1448 1312
f 1450 1313 1314
f 1450 1449 1313
f 1451 1314 1315
f 1451 1450 1314
f 1315 1316 1451
f 1451 1316 1452
f 1455 1454 1453
f 1455 1453 1444
f 1444 1453 1443
f 1453 1318 1443
f 1318 1319 1443
f 1443 1319 1308
f 1456 1452 1316
f 1456 1316 1320
f 1457 1320 1321
f 1457 1456 1320
f 1321 1323 1457
f 1457 1323 1458
f 1454 1459 1453
f 1318 1453 1459
f 1460 1318 1459
f 1324 1318 1460
f 1325 1458 1323
f 1325 1461 1458
f 1462 1327 1328
f 1463 1462 1328
f 1324 1463 1328
f 1460 1463 1324
f 1464 1461 1325
f 1464 1325 1329
f 1329 1331 1464
f 1464 1331 1465
f 1462 1332 1327
f 1333 1332 1462
f 1463 1333 1462
f 1466 1333 1463
f 1334 1468 1467
f 1465 1334 1467
f 1331 1334 1465
f 1468 1469 1467
f 1466 1335 1333
f 1470 1335 1466
f 1336 1468 1334
f 1472 1471 1338
f 1338 1471 1336
f 1471 1469 1336
f 1469 1468 1336
f 1472 1473 1471
f 1470 1474 1335
f 1335 1474 1339
f 1340 1339 1474
f 1340 1474 1475
f 1341 1472 1338
f 1476 1473 1472
f 1341 1476 1472
f 1342 1476 1341
f 1342 1344 1476
f 1476 1344 1477
f 1475 1345 1340
f 1478 1345 1475
f 1479 1477 1344
f 1479 1344 1346
f 1346 1348 1479
f 1479 1348 1480
f 1478 1481 1345
f 1345 1481 1349
f 1350 1349 1481
f 1350 1481 1482
f 1483 1480 1348
f 1483 1348 1351
f 1485 1484 1352
f 1484 1351 1352
f 1484 1483 1351
f 1485 1486 1484
f 1482 1353 1350
f 1487 1353 1482
f 1354 1485 1352
f 1488 1486 1485
f 1354 1488 1485
f 1355 1488 1354
f 1355 1357 1488
f 1488 1357 1489
f 1487 1490 1353
f 1353 1490 1358
f 1359 1358 1490
f 1359 1490 1491
f 1361 1493 1492
f 1489 1361 1492
f 1357 1361 1489
f 1493 1494 1492
f 1496 1362 1495
f 1362 1491 1495
f 1362 1359 1491
f 1497 1496 1495
f 1364 1498 1493
f 1364 1493 1361
f 1494 1493 1499
f 1499 1493 1498
f 1496 1365 1362
f 1367 1365 1496
f 1500 1367 1496
f 1497 1500 1496
f 1501 1367 1500
f 1501 1368 1367
f 1370 1498 1364
f 1370 1372 1498
f 1372 1499 1498
f 1372 1502 1499
f 1500 1503 1501
f 1368 1501 1503
f 1504 1368 1503
f 1373 1368 1504
f 1376 1502 1372
f 1376 1505 1502
f 1507 1377 1506
f 1377 1504 1506
f 1377 1373 1504
f 1508 1507 1506
f 1379 1505 1376
f 1379 1509 1505
f 1510 1380 1507
f 1507 1380 1377
f 1507 1508 1511
f 1507 1511 1510
f 1514 1513 1512
f 1513 1509 1512
f 1509 1382 1512
f 1509 1379 1382
f 1510 1383 1380
f 1385 1383 1510
f 1511 1385 1510
f 1515 1385 1511
f 1514 1512 1388
f 1387 1514 1388
f 1516 1514 1387
f 1388 1512 1382
f 1515 1390 1385
f 1517 1390 1515
f 1392 1516 1387
f 1392 1518 1516
f 1517 1394 1390
f 1519 1394 1517
f 1396 1518 1392
f 1396 1520 1518
f 1519 1398 1394
f 1521 1398 1519
f 1400 1522 1399
f 1522 1523 1399
f 1523 1396 1399
f 1523 1520 1396
f 1524 1401 1402
f 1525 1524 1402
f 1398 1525 1402
f 1521 1525 1398
f 1527 1526 1522
f 1400 1527 1522
f 1403 1527 1400
f 1522 1526 1523
f 1528 1405 1524
f 1524 1405 1401
f 1524 1525 1529
f 1524 1529 1528
f 1407 1527 1403
f 1407 1530 1527
f 1531 1409 1528
f 1528 1409 1405
f 1528 1529 1532
f 1528 1532 1531
f 1534 1533 1410
f 1534 1410 1411
f 1410 1535 1412
f 1533 1535 1410
f 1407 1412 1530
f 1530 1412 1535
f 1536 1414 1531
f 1531 1414 1409
f 1531 1532 1537
f 1531 1537 1536
f 1539 1538 1415
f 1539 1415 1416
f 1411 1415 1534
f 1534 1415 1538
f 1540 1417 1536
f 1536 1417 1414
f 1536 1537 1541
f 1536 1541 1540
f 1418 1539 1416
f 1418 1542 1539
f 1540 1419 1417
f 1420 1419 1540
f 1541 1420 1540
f 1543 1420 1541
f 1421 1542 1418
f 1421 1544 1542
f 1543 1545 1420
f 1420 1545 1422
f 1424 1422 1545
f 1424 1545 1546
f 1548 1547 1425
f 1548 1425 1426
f 1421 1425 1544
f 1544 1425 1547
f 1546 1549 1424
f 1424 1549 1428
f 1551 1550 1429
f 1428 1551 1429
f 1549 1551 1428
f 1552 1550 1551
f 1554 1553 1431
f 1554 1431 1432
f 1426 1431 1548
f 1548 1431 1553
f 1550 1433 1429
f 1552 1555 1550
f 1555 1433 1550
f 1555 1434 1433
f 1434 1556 1435
f 1555 1556 1434
f 1435 1557 1436
f 1556 1557 1435
f 1436 1558 1437
f 1557 1558 1436
f 1432 1437 1554
f 1554 1437 1558
f 1560 1559 1440
f 1440 1559 1439
f 1561 1440 1441
f 1561 1560 1440
f 1441 1442 1561
f 1561 1442 1562
f 1565 1564 1563
f 1567 1566 1563
f 1563 1566 1565
f 1567 1568 1566
f 1559 1444 1439
f 1569 1444 1559
f 1570 1562 1442
f 1570 1442 1445
f 1446 1563 1564
f 1570 1446 1564
f 1445 1446 1570
f 1563 1446 1447
f 1563 1447 1567
f 1571 1568 1567
f 1447 1571 1567
f 1448 1571 1447
f 1572 1448 1449
f 1572 1571 1448
f 1573 1449 1450
f 1573 1572 1449
f 1574 1450 1451
f 1574 1573 1450
f 1451 1452 1574
f 1574 1452 1575
f 1576 1454 1455
f 1577 1576 1455
f 1444 1577 1455
f 1569 1577 1444
f 1578 1575 1452
f 1578 1452 1456
f 1579 1456 1457
f 1579 1578 1456
f 1457 1458 1579
f 1579 1458 1580
f 1576 1459 1454
f 1460 1459 1576
f 1577 1460 1576
f 1581 1460 1577
f 1461 1583 1582
f 1580 1461 1582
f 1458 1461 1580
f 1583 1584 1582
f 1581 1463 1460
f 1585 1463 1581
f 1464 1583 1461
f 1464 1465 1583
f 1465 1584 1583
f 1465 1586 1584
f 1585 1466 1463
f 1587 1466 1585
f 1588 1586 1465
f 1588 1465 1467
f 1467 1469 1588
f 1588 1469 1589
f 1587 1470 1466
f 1590 1470 1587
f 1591 1589 1469
f 1591 1469 1471
f 1471 1473 1591
f 1591 1473 1592
f 1590 1593 1470
f 1470 1593 1474
f 1475 1474 1593
f 1475 1593 1594
f 1595 1592 1473
f 1595 1473 1476
f 1597 1596 1477
f 1596 1476 1477
f 1596 1595 1476
f 1597 1598 1596
f 1594 1478 1475
f 1599 1478 1594
f 1479 1597 1477
f 1479 1480 1597
f 1480 1598 1597
f 1480 1600 1598
f 1599 1601 1478
f 1478 1601 1481
f 1482 1481 1601
f 1482 1601 1602
f 1603 1600 1480
f 1603 1480 1483
f 1604 1483 1484
f 1604 1603 1483
f 1484 1486 1604
f 1604 1486 1605
f 1602 1487 1482
f 1606 1487 1602
f 1607 1605 1486
f 1607 1486 1488
f 1609 1608 1489
f 1608 1488 1489
f 1608 1607 1488
f 1609 1610 1608
f 1606 1611 1487
f 1487 1611 1490
f 1491 1490 1611
f 1491 1611 1612
f 1492 1609 1489
f 1492 1494 1609
f 1494 1610 1609
f 1494 1613 1610
f 1495 1491 1614
f 1491 1615 1614
f 1491 1612 1615
f 1614 1497 1495
f 1499 1613 1494
f 1499 1616 1613
f 1615 1617 1614
f 1497 1614 1617
f 1618 1497 1617
f 1500 1497 1618
f 1502 1616 1499
f 1502 1619 1616
f 1618 1620 1500
f 1500 1620 1503
f 1504 1503 1620
f 1504 1620 1621
f 1505 1619 1502
f 1505 1622 1619
f 1621 1623 1504
f 1504 1623 1506
f 1508 1506 1623
f 1508 1623 1624
f 1627 1626 1625
f 1626 1622 1625
f 1622 1509 1625
f 1622 1505 1509
f 1624 1511 1508
f 1628 1511 1624
f 1627 1625 1513
f 1514 1627 1513
f 1629 1627 1514
f 1513 1625 1509
f 1628 1515 1511
f 1630 1515 1628
f 1633 1632 1631
f 1632 1629 1631
f 1629 1516 1631
f 1629 1514 1516
f 1630 1517 1515
f 1634 1517 1630
f 1635 1633 1631
f 1631 1516 1635
f 1516 1636 1635
f 1516 1518 1636
f 1634 1519 1517
f 1637 1519 1634
f 1520 1636 1518
f 1520 1638 1636
f 1637 1521 1519
f 1639 1521 1637
f 1523 1638 1520
f 1523 1640 1638
f 1639 1525 1521
f 1641 1525 1639
f 1643 1642 1526
f 1643 1526 1527
f 1523 1526 1640
f 1640 1526 1642
f 1641 1529 1525
f 1644 1529 1641
f 1530 1643 1527
f 1530 1645 1643
f 1644 1532 1529
f 1646 1532 1644
f 1534 1647 1533
f 1533 1647 1648
f 1649 1533 1648
f 1535 1533 1649
f 1530 1535 1645
f 1645 1535 1649
f 1646 1537 1532
f 1650 1537 1646
f 1539 1651 1538
f 1651 1652 1538
f 1538 1652 1534
f 1652 1653 1534
f 1653 1647 1534
f 1647 1653 1648
f 1650 1541 1537
f 1654 1541 1650
f 1542 1655 1651
f 1542 1651 1539
f 1652 1651 1656
f 1656 1651 1655
f 1658 1543 1657
f 1543 1654 1657
f 1543 1541 1654
f 1659 1658 1657
f 1661 1660 1655
f 1542 1661 1655
f 1544 1661 1542
f 1655 1660 1656
f 1658 1545 1543
f 1663 1662 1546
f 1663 1546 1545
f 1659 1663 1545
f 1658 1659 1545
f 1664 1662 1663
f 1667 1666 1665
f 1547 1548 1665
f 1666 1547 1665
f 1668 1547 1666
f 1544 1547 1661
f 1661 1547 1668
f 1662 1549 1546
f 1664 1669 1662
f 1669 1549 1662
f 1669 1551 1549
f 1552 1551 1669
f 1552 1669 1670
f 1673 1672 1671
f 1671 1672 1667
f 1671 1667 1665
f 1554 1671 1665
f 1553 1554 1665
f 1553 1665 1548
f 1670 1674 1552
f 1552 1674 1555
f 1555 1675 1556
f 1674 1675 1555
f 1556 1676 1557
f 1675 1676 1556
f 1671 1558 1673
f 1558 1676 1673
f 1558 1557 1676
f 1558 1671 1554
f 1678 1677 1560
f 1560 1677 1559
f 1679 1560 1561
f 1679 1678 1560
f 1681 1680 1562
f 1680 1561 1562
f 1680 1679 1561
f 1564 1565 1681
f 1565 1680 1681
f 1565 1682 1680
f 1684 1682 1683
f 1682 1566 1683
f 1682 1565 1566
f 1568 1683 1566
f 1677 1569 1559
f 1685 1569 1677
f 1570 1681 1562
f 1681 1570 1564
f 1686 1684 1683
f 1686 1683 1568
f 1571 1686 1568
f 1687 1686 1571
f 1688 1571 1572
f 1688 1687 1571
f 1689 1572 1573
f 1689 1688 1572
f 1690 1573 1574
f 1690 1689 1573
f 1574 1575 1690
f 1690 1575 1691
f 1685 1577 1569
f 1692 1577 1685
f 1693 1691 1575
f 1693 1575 1578
f 1695 1693 1694
f 1693 1579 1694
f 1693 1578 1579
f 1580 1694 1579
f 1692 1581 1577
f 1696 1581 1692
f 1697 1695 1694
f 1699 1697 1698
f 1698 1697 1582
f 1697 1694 1582
f 1694 1580 1582
f 1584 1698 1582
f 1696 1585 1581
f 1700 1585 1696
f 1701 1699 1698
f 1698 1584 1701
f 1584 1702 1701
f 1584 1586 1702
f 1700 1587 1585
f 1703 1587 1700
f 1704 1702 1586
f 1704 1586 1588
f 1588 1589 1704
f 1704 1589 1705
f 1703 1590 1587
f 1706 1590 1703
f 1707 1705 1589
f 1707 1589 1591
f 1709 1708 1592
f 1708 1591 1592
f 1708 1707 1591
f 1709 1710 1708
f 1706 1711 1590
f 1590 1711 1593
f 1594 1593 1711
f 1594 1711 1712
f 1595 1709 1592
f 1713 1710 1709
f 1595 1713 1709
f 1596 1713 1595
f 1596 1598 1713
f 1713 1598 1714
f 1712 1599 1594
f 1715 1599 1712
f 1600 1717 1716
f 1714 1600 1716
f 1598 1600 1714
f 1717 1718 1716
f 1715 1719 1599
f 1599 1719 1601
f 1602 1601 1719
f 1602 1719 1720
f 1603 1717 1600
f 1721 1718 1717
f 1603 1721 1717
f 1604 1721 1603
f 1604 1605 1721
f 1721 1605 1722
f 1724 1606 1723
f 1606 1720 1723
f 1606 1602 1720
f 1725 1724 1723
f 1726 1722 1605
f 1726 1605 1607
f 1728 1726 1727
f 1726 1608 1727
f 1726 1607 1608
f 1610 1727 1608
f 1724 1611 1606
f 1730 1729 1612
f 1730 1612 1611
f 1725 1730 1611
f 1724 1725 1611
f 1731 1729 1730
f 1732 1728 1727
f 1727 1610 1732
f 1610 1733 1732
f 1610 1613 1733
f 1734 1615 1729
f 1729 1615 1612
f 1729 1731 1735
f 1729 1735 1734
f 1616 1733 1613
f 1616 1736 1733
f 1734 1617 1615
f 1618 1617 1734
f 1735 1618 1734
f 1737 1618 1735
f 1619 1739 1738
f 1736 1619 1738
f 1616 1619 1736
f 1739 1740 1738
f 1737 1741 1618
f 1618 1741 1620
f 1621 1620 1741
f 1621 1741 1742
f 1744 1743 1739
f 1619 1744 1739
f 1622 1744 1619
f 1739 1743 1740
f 1742 1745 1621
f 1621 1745 1623
f 1747 1746 1624
f 1623 1747 1624
f 1745 1747 1623
f 1748 1746 1747
f 1750 1749 1626
f 1750 1626 1627
f 1622 1626 1744
f 1744 1626 1749
f 1751 1628 1746
f 1746 1628 1624
f 1746 1748 1752
f 1746 1752 1751
f 1629 1750 1627
f 1629 1753 1750
f 1754 1630 1751
f 1751 1630 1628
f 1751 1752 1755
f 1751 1755 1754
f 1633 1756 1632
f 1756 1757 1632
f 1757 1629 1632
f 1757 1753 1629
f 1758 1634 1754
f 1754 1634 1630
f 1754 1755 1759
f 1754 1759 1758
f 1635 1756 1633
f 1635 1636 1756
f 1636 1757 1756
f 1636 1760 1757
f 1761 1637 1758
f 1758 1637 1634
f 1758 1759 1762
f 1758 1762 1761
f 1638 1760 1636
f 1638 1763 1760
f 1764 1639 1761
f 1761 1639 1637
f 1761 1762 1765
f 1761 1765 1764
f 1768 1767 1766
f 1767 1763 1766
f 1763 1640 1766
f 1763 1638 1640
f 1769 1641 1764
f 1764 1641 1639
f 1764 1765 1770
f 1764 1770 1769
f 1768 1766 1642
f 1643 1768 1642
f 1771 1768 1643
f 1642 1766 1640
f 1772 1644 1769
f 1769 1644 1641
f 1769 1770 1773
f 1769 1773 1772
f 1645 1771 1643
f 1645 1774 1771
f 1775 1646 1772
f 1772 1646 1644
f 1772 1773 1776
f 1772 1776 1775
f 1778 1777 1649
f 1778 1649 1648
f 1645 1649 1774
f 1774 1649 1777
f 1779 1650 1775
f 1775 1650 1646
f 1775 1776 1780
f 1775 1780 1779
f 1782 1781 1653
f 1782 1653 1652
f 1648 1653 1778
f 1778 1653 1781
f 1783 1654 1779
f 1779 1654 1650
f 1779 1780 1784
f 1785 1779 1784
f 1783 1779 1785
f 1786 1785 1784
f 1656 1782 1652
f 1656 1787 1782
f 1783 1657 1654
f 1657 1783 1659
f 1783 1788 1659
f 1783 1785 1788
f 1785 1786 1789
f 1785 1789 1788
f 1791 1790 1660
f 1791 1660 1661
f 1656 1660 1787
f 1787 1660 1790
f 1788 1663 1659
f 1664 1663 1788
f 1789 1664 1788
f 1792 1664 1789
f 1794 1793 1666
f 1794 1666 1667
f 1666 1795 1668
f 1793 1795 1666
f 1661 1668 1791
f 1791 1668 1795
f 1792 1796 1664
f 1664 1796 1669
f 1798 1797 1670
f 1669 1798 1670
f 1796 1798 1669
f 1799 1797 1798
f 1801 1800 1672
f 1801 1672 1673
f 1667 1672 1794
f 1794 1672 1800
f 1797 1674 1670
f 1799 1802 1797
f 1802 1674 1797
f 1802 1675 1674
f 1675 1803 1676
f 1802 1803 1675
f 1673 1676 1801
f 1801 1676 1803
f 1805 1804 1678
f 1678 1804 1677
f 1806 1678 1679
f 1806 1805 1678
f 1807 1679 1680
f 1807 1806 1679
f 1809 1807 1808
f 1807 1682 1808
f 1807 1680 1682
f 1684 1808 1682
f 1812 1811 1810
f 1804 1812 1810
f 1685 1804 1810
f 1677 1804 1685
f 1813 1809 1808
f 1813 1808 1684
f 1686 1813 1684
f 1814 1813 1686
f 1815 1686 1687
f 1815 1814 1686
f 1816 1687 1688
f 1816 1815 1687
f 1817 1688 1689
f 1817 1816 1688
f 1818 1689 1690
f 1818 1817 1689
f 1690 1691 1818
f 1818 1691 1819
f 1810 1811 1820
f 1820 1811 1821
f 1820 1692 1685
f 1820 1685 1810
f 1822 1819 1691
f 1822 1691 1693
f 1693 1695 1822
f 1822 1695 1823
f 1820 1821 1824
f 1824 1821 1825
f 1824 1696 1692
f 1824 1692 1820
f 1826 1823 1695
f 1826 1695 1697
f 1697 1699 1826
f 1826 1699 1827
f 1825 1828 1824
f 1696 1824 1828
f 1829 1696 1828
f 1700 1696 1829
f 1830 1827 1699
f 1830 1699 1701
f 1701 1702 1830
f 1830 1702 1831
f 1829 1703 1700
f 1832 1703 1829
f 1833 1831 1702
f 1833 1702 1704
f 1704 1705 1833
f 1833 1705 1834
f 1832 1706 1703
f 1835 1706 1832
f 1836 1834 1705
f 1836 1705 1707
f 1838 1836 1837
f 1836 1708 1837
f 1836 1707 1708
f 1710 1837 1708
f 1835 1839 1706
f 1706 1839 1711
f 1712 1711 1839
f 1712 1839 1840
f 1841 1838 1837
f 1841 1837 1710
f 1713 1841 1710
f 1842 1841 1713
f 1713 1714 1842
f 1842 1714 1843
f 1845 1715 1844
f 1715 1840 1844
f 1715 1712 1840
f 1846 1845 1844
f 1847 1843 1714
f 1847 1714 1716
f 1716 1718 1847
f 1847 1718 1848
f 1845 1719 1715
f 1850 1849 1720
f 1850 1720 1719
f 1846 1850 1719
f 1845 1846 1719
f 1851 1849 1850
f 1718 1721 1852
f 1853 1718 1852
f 1848 1718 1853
f 1722 1852 1721
f 1849 1723 1720
f 1855 1854 1725
f 1855 1725 1723
f 1851 1855 1723
f 1849 1851 1723
f 1856 1854 1855
f 1857 1853 1852
f 1859 1857 1858
f 1858 1857 1726
f 1857 1852 1726
f 1852 1722 1726
f 1728 1858 1726
f 1854 1730 1725
f 1731 1730 1854
f 1856 1731 1854
f 1860 1731 1856
f 1861 1859 1858
f 1863 1861 1862
f 1862 1861 1732
f 1861 1858 1732
f 1858 1728 1732
f 1733 1862 1732
f 1865 1735 1864
f 1735 1860 1864
f 1735 1731 1860
f 1866 1865 1864
f 1867 1863 1862
f 1862 1733 1867
f 1733 1868 1867
f 1733 1736 1868
f 1869 1737 1865
f 1865 1737 1735
f 1865 1866 1870
f 1865 1870 1869
f 1736 1738 1871
f 1872 1736 1871
f 1868 1736 1872
f 1740 1871 1738
f 1869 1741 1737
f 1874 1873 1742
f 1874 1742 1741
f 1870 1874 1741
f 1869 1870 1741
f 1876 1875 1873
f 1876 1873 1874
f 1877 1875 1876
f 1872 1871 1743
f 1744 1872 1743
f 1878 1872 1744
f 1743 1871 1740
f 1873 1745 1742
f 1745 1873 1747
f 1747 1873 1875
f 1880 1879 1748
f 1880 1748 1747
f 1877 1880 1747
f 1875 1877 1747
f 1881 1879 1880
f 1883 1882 1749
f 1883 1749 1750
f 1744 1749 1878
f 1878 1749 1882
f 1884 1752 1879
f 1879 1752 1748
f 1879 1881 1885
f 1879 1885 1884
f 1753 1883 1750
f 1753 1886 1883
f 1887 1755 1884
f 1884 1755 1752
f 1884 1885 1888
f 1884 1888 1887
f 1757 1886 1753
f 1757 1889 1886
f 1891 1890 1887
f 1890 1755 1887
f 1890 1759 1755
f 1891 1887 1888
f 1760 1889 1757
f 1760 1892 1889
f 1890 1762 1759
f 1893 1762 1890
f 1896 1895 1894
f 1895 1892 1894
f 1892 1763 1894
f 1892 1760 1763
f 1893 1765 1762
f 1897 1765 1893
f 1896 1894 1767
f 1768 1896 1767
f 1898 1896 1768
f 1767 1894 1763
f 1897 1770 1765
f 1899 1770 1897
f 1902 1901 1900
f 1901 1898 1900
f 1898 1771 1900
f 1898 1768 1771
f 1904 1773 1903
f 1773 1899 1903
f 1773 1770 1899
f 1905 1904 1903
f 1902 1900 1906
f 1902 1906 1907
f 1774 1906 1771
f 1771 1906 1900
f 1909 1908 1904
f 1908 1773 1904
f 1908 1776 1773
f 1909 1904 1905
f 1907 1906 1777
f 1778 1907 1777
f 1910 1907 1778
f 1777 1906 1774
f 1912 1780 1911
f 1780 1908 1911
f 1780 1776 1908
f 1913 1912 1911
f 1915 1914 1781
f 1915 1781 1782
f 1778 1781 1910
f 1910 1781 1914
f 1912 1784 1780
f 1786 1784 1912
f 1913 1786 1912
f 1916 1786 1913
f 1787 1915 1782
f 1787 1917 1915
f 1919 1789 1918
f 1789 1916 1918
f 1789 1786 1916
f 1920 1919 1918
f 1922 1921 1790
f 1922 1790 1791
f 1787 1790 1917
f 1917 1790 1921
f 1923 1792 1919
f 1919 1792 1789
f 1919 1920 1924
f 1919 1924 1923
f 1926 1925 1793
f 1926 1793 1794
f 1793 1927 1795
f 1925 1927 1793
f 1791 1795 1922
f 1922 1795 1927
f 1923 1796 1792
f 1924 1928 1923
f 1928 1796 1923
f 1928 1798 1796
f 1799 1798 1928
f 1799 1928 1929
f 1931 1930 1800
f 1931 1800 1801
f 1794 1800 1926
f 1926 1800 1930
f 1929 1932 1799
f 1799 1932 1802
f 1802 1933 1803
f 1932 1933 1802
f 1801 1803 1931
f 1931 1803 1933
f 1936 1935 1934
f 1934 1804 1936
f 1804 1805 1936
f 1938 1937 1936
f 1938 1936 1805
f 1806 1939 1805
f 1805 1939 1938
f 1939 1806 1940
f 1806 1941 1940
f 1806 1807 1941
f 1807 1809 1941
f 1941 1809 1942
f 1934 1935 1812
f 1935 1811 1812
f 1935 1943 1811
f 1938 1944 1937
f 1804 1934 1812
f 1944 1938 1939
f 1944 1939 1945
f 1945 1939 1940
f 1946 1942 1809
f 1946 1809 1813
f 1947 1813 1814
f 1947 1946 1813
f 1948 1814 1815
f 1948 1947 1814
f 1949 1815 1816
f 1949 1948 1815
f 1950 1816 1817
f 1950 1949 1816
f 1951 1817 1818
f 1951 1950 1817
f 1818 1819 1951
f 1951 1819 1952
f 1943 1821 1811
f 1953 1821 1943
f 1954 1952 1819
f 1954 1819 1822
f 1822 1823 1954
f 1954 1823 1955
f 1953 1825 1821
f 1956 1825 1953
f 1957 1955 1823
f 1957 1823 1826
f 1826 1827 1957
f 1957 1827 1958
f 1956 1959 1825
f 1825 1959 1828
f 1829 1828 1959
f 1829 1959 1960
f 1961 1958 1827
f 1961 1827 1830
f 1830 1831 1961
f 1961 1831 1962
f 1960 1832 1829
f 1963 1832 1960
f 1964 1962 1831
f 1964 1831 1833
f 1833 1834 1964
f 1964 1834 1965
f 1963 1835 1832
f 1966 1835 1963
f 1967 1965 1834
f 1967 1834 1836
f 1836 1838 1967
f 1967 1838 1968
f 1966 1969 1835
f 1835 1969 1839
f 1840 1839 1969
f 1840 1969 1970
f 1971 1968 1838
f 1971 1838 1841
f 1972 1841 1842
f 1972 1971 1841
f 1842 1843 1972
f 1972 1843 1973
f 1970 1974 1840
f 1840 1974 1844
f 1846 1844 1974
f 1846 1974 1975
f 1843 1847 1976
f 1977 1843 1976
f 1973 1843 1977
f 1848 1976 1847
f 1975 1978 1846
f 1846 1978 1850
f 1851 1850 1978
f 1851 1978 1979
f 1980 1977 1976
f 1976 1848 1980
f 1848 1981 1980
f 1848 1853 1981
f 1979 1982 1851
f 1851 1982 1855
f 1856 1855 1982
f 1856 1982 1983
f 1853 1857 1984
f 1985 1853 1984
f 1981 1853 1985
f 1859 1984 1857
f 1983 1860 1856
f 1986 1860 1983
f 1987 1985 1984
f 1989 1987 1988
f 1988 1987 1861
f 1987 1984 1861
f 1984 1859 1861
f 1863 1988 1861
f 1986 1990 1860
f 1860 1990 1864
f 1866 1864 1990
f 1866 1990 1991
f 1992 1989 1988
f 1994 1992 1993
f 1993 1992 1867
f 1992 1988 1867
f 1988 1863 1867
f 1868 1993 1867
f 1996 1870 1995
f 1870 1991 1995
f 1870 1866 1991
f 1998 1997 1996
f 1998 1996 1995
f 1999 1997 1998
f 2000 1994 1993
f 1993 1868 2000
f 1868 2001 2000
f 1868 1872 2001
f 1996 1874 1870
f 1874 1996 1876
f 1876 1996 1997
f 2003 2002 1877
f 2003 1877 1876
f 1999 2003 1876
f 1997 1999 1876
f 2004 2002 2003
f 1878 2001 1872
f 1878 2005 2001
f 2002 1880 1877
f 1881 1880 2002
f 2004 1881 2002
f 2006 1881 2004
f 2008 2007 1882
f 2008 1882 1883
f 1878 1882 2005
f 2005 1882 2007
f 2006 1885 1881
f 2009 1885 2006
f 1886 2008 1883
f 1886 2010 2008
f 2009 1888 1885
f 2011 1888 2009
f 1889 2010 1886
f 1889 2012 2010
f 2013 1890 1891
f 2014 2013 1891
f 1888 2014 1891
f 2011 2014 1888
f 1892 2012 1889
f 1892 2015 2012
f 2016 1893 2013
f 2013 1893 1890
f 2013 2014 2017
f 2013 2017 2016
f 2019 2018 1895
f 2019 1895 1896
f 1892 1895 2015
f 2015 1895 2018
f 2020 1897 2016
f 2016 1897 1893
f 2016 2017 2021
f 2016 2021 2020
f 1898 2019 1896
f 1898 2022 2019
f 2023 1899 2020
f 2020 1899 1897
f 2020 2021 2024
f 2020 2024 2023
f 2026 2025 1901
f 2026 1901 1902
f 1898 1901 2022
f 2022 1901 2025
f 2023 1903 1899
f 1905 1903 2023
f 2024 1905 2023
f 2027 1905 2024
f 1907 2026 1902
f 1907 2028 2026
f 2029 1908 1909
f 2030 2029 1909
f 1905 2030 1909
f 2027 2030 1905
f 1910 2028 1907
f 1910 2031 2028
f 2029 1911 1908
f 1913 1911 2029
f 2030 1913 2029
f 2032 1913 2030
f 2034 2033 1914
f 2034 1914 1915
f 1910 1914 2031
f 2031 1914 2033
f 2036 1916 2035
f 1916 2032 2035
f 1916 1913 2032
f 2037 2036 2035
f 2040 2039 2038
f 2039 2034 2038
f 2034 1917 2038
f 2034 1915 1917
f 2036 1918 1916
f 1920 1918 2036
f 2037 1920 2036
f 2041 1920 2037
f 2044 2043 2042
f 2042 2043 2040
f 2042 2040 2038
f 1922 2042 2038
f 1921 1922 2038
f 1921 2038 1917
f 2041 1924 1920
f 2045 1924 2041
f 2047 2046 1925
f 2047 1925 1926
f 2042 1927 2044
f 1927 2046 2044
f 1927 1925 2046
f 1927 2042 1922
f 2045 2048 1924
f 1924 2048 1928
f 2050 2049 1929
f 1928 2050 1929
f 2048 2050 1928
f 2052 2051 2049
f 2052 2049 2050
f 1930 1931 2051
f 2052 1930 2051
f 2053 1930 2052
f 1926 1930 2047
f 2047 1930 2053
f 2049 1932 1929
f 1932 2049 1933
f 1933 2049 2051
f 1933 2051 1931
f 2054 1935 1936
f 1937 2054 1936
f 2057 2056 2055
f 2055 1940 2057
f 1940 1941 2057
f 2059 2058 2057
f 2059 2057 1941
f 1942 2059 1941
f 2061 2060 2054
f 2060 1935 2054
f 2060 1943 1935
f 2061 2054 1937
f 1944 2061 1937
f 2062 2061 1944
f 1945 2055 2056
f 2062 1945 2056
f 1944 1945 2062
f 2059 2063 2058
f 1940 2055 1945
f 2063 2059 1942
f 1946 2063 1942
f 2064 2063 1946
f 2065 1946 1947
f 2065 2064 1946
f 2066 1947 1948
f 2066 2065 1947
f 2067 1948 1949
f 2067 2066 1948
f 2068 1949 1950
f 2068 2067 1949
f 2069 1950 1951
f 2069 2068 1950
f 1951 1952 2069
f 2069 1952 2070
f 2060 1953 1943
f 2071 1953 2060
f 1952 1954 2072
f 2073 1952 2072
f 2070 1952 2073
f 1955 2072 1954
f 2071 1956 1953
f 2074 1956 2071
f 2075 2073 2072
f 2077 2075 2076
f 2076 2075 1957
f 2075 2072 1957
f 2072 1955 1957
f 1958 2076 1957
f 1959 1956 2078
f 1956 2079 2078
f 1956 2074 2079
f 2078 1960 1959
f 2080 2077 2076
f 2082 2080 2081
f 2081 2080 1961
f 2080 2076 1961
f 2076 1958 1961
f 1962 2081 1961
f 2079 2083 2078
f 1960 2078 2083
f 2084 1960 2083
f 1963 1960 2084
f 2085 2082 2081
f 2087 2085 2086
f 2086 2085 1964
f 2085 2081 1964
f 2081 1962 1964
f 1965 2086 1964
f 2084 1966 1963
f 2088 1966 2084
f 2089 2087 2086
f 2089 2086 1965
f 1967 2089 1965
f 2090 2089 1967
f 2092 2091 1968
f 2091 1967 1968
f 2091 2090 1967
f 2092 2093 2091
f 2088 2094 1966
f 1966 2094 1969
f 1970 1969 2094
f 1970 2094 2095
f 1971 2092 1968
f 1971 1972 2092
f 1972 2096 2092
f 2096 2093 2092
f 1972 2097 2096
f 1973 2097 1972
f 1974 1970 2098
f 1970 2099 2098
f 1970 2095 2099
f 2098 1975 1974
f 2100 2096 2097
f 2097 1973 2100
f 1973 2101 2100
f 1973 1977 2101
f 2099 2102 2098
f 2102 2104 2103
f 2102 2103 1978
f 2098 2102 1978
f 1975 2098 1978
f 2103 1979 1978
f 1977 1980 2105
f 2106 1977 2105
f 2101 1977 2106
f 1981 2105 1980
f 2104 2107 2103
f 2103 2107 1979
f 2107 1982 1979
f 2107 2108 1982
f 1983 1982 2108
f 1983 2108 2109
f 2110 2106 2105
f 2105 1981 2110
f 1981 2111 2110
f 1981 1985 2111
f 2109 1986 1983
f 2112 1986 2109
f 1985 1987 2113
f 2114 1985 2113
f 2111 1985 2114
f 1989 2113 1987
f 2112 2115 1986
f 1986 2115 1990
f 2117 2116 1991
f 1990 2117 1991
f 2115 2117 1990
f 2118 2116 2117
f 2119 2114 2113
f 2121 2119 2120
f 2120 2119 1992
f 2119 2113 1992
f 2113 1989 1992
f 1994 2120 1992
f 2116 1995 1991
f 2118 2122 2116
f 2122 1995 2116
f 2122 1998 1995
f 1999 1998 2122
f 1999 2122 2123
f 2124 2121 2120
f 2126 2124 2125
f 2125 2124 2000
f 2124 2120 2000
f 2120 1994 2000
f 2001 2125 2000
f 2123 2127 1999
f 1999 2127 2003
f 2004 2003 2127
f 2004 2127 2128
f 2126 2125 2129
f 2126 2129 2130
f 2005 2129 2001
f 2001 2129 2125
f 2128 2006 2004
f 2131 2006 2128
f 2130 2129 2007
f 2008 2130 2007
f 2132 2130 2008
f 2007 2129 2005
f 2131 2009 2006
f 2133 2009 2131
f 2010 2132 2008
f 2010 2134 2132
f 2133 2011 2009
f 2135 2011 2133
f 2012 2134 2010
f 2012 2136 2134
f 2135 2014 2011
f 2137 2014 2135
f 2015 2136 2012
f 2015 2138 2136
f 2140 2017 2139
f 2017 2137 2139
f 2017 2014 2137
f 2141 2140 2139
f 2143 2142 2018
f 2143 2018 2019
f 2015 2018 2138
f 2138 2018 2142
f 2144 2021 2140
f 2140 2021 2017
f 2140 2141 2145
f 2140 2145 2144
f 2148 2147 2146
f 2147 2143 2146
f 2143 2022 2146
f 2143 2019 2022
f 2149 2024 2144
f 2144 2024 2021
f 2144 2145 2150
f 2144 2150 2149
f 2148 2146 2025
f 2026 2148 2025
f 2151 2148 2026
f 2025 2146 2022
f 2152 2027 2149
f 2149 2027 2024
f 2149 2150 2153
f 2149 2153 2152
f 2028 2151 2026
f 2028 2154 2151
f 2155 2030 2152
f 2152 2030 2027
f 2152 2153 2156
f 2152 2156 2155
f 2159 2158 2157
f 2158 2154 2157
f 2154 2031 2157
f 2154 2028 2031
f 2160 2032 2155
f 2155 2032 2030
f 2155 2156 2161
f 2155 2161 2160
f 2159 2157 2033
f 2034 2159 2033
f 2162 2159 2034
f 2033 2157 2031
f 2160 2035 2032
f 2037 2035 2160
f 2161 2037 2160
f 2163 2037 2161
f 2165 2164 2039
f 2165 2039 2040
f 2034 2039 2162
f 2162 2039 2164
f 2167 2041 2166
f 2041 2163 2166
f 2041 2037 2163
f 2168 2167 2166
f 2170 2169 2043
f 2170 2043 2044
f 2040 2043 2165
f 2165 2043 2169
f 2171 2045 2167
f 2167 2045 2041
f 2167 2168 2172
f 2167 2172 2171
f 2175 2174 2173
f 2046 2047 2173
f 2174 2046 2173
f 2176 2046 2174
f 2044 2046 2170
f 2170 2046 2176
f 2171 2048 2045
f 2172 2177 2171
f 2177 2048 2171
f 2177 2050 2048
f 2050 2178 2052
f 2177 2178 2050
f 2173 2053 2175
f 2053 2178 2175
f 2053 2052 2178
f 2053 2173 2047
f 2179 2056 2057
f 2058 2179 2057
f 2181 2180 2061
f 2061 2180 2060
f 2182 2061 2062
f 2182 2181 2061
f 2062 2056 2179
f 2183 2062 2179
f 2182 2062 2183
f 2183 2179 2058
f 2063 2183 2058
f 2184 2183 2063
f 2185 2063 2064
f 2185 2184 2063
f 2186 2064 2065
f 2186 2185 2064
f 2187 2065 2066
f 2187 2186 2065
f 2188 2066 2067
f 2188 2187 2066
f 2189 2067 2068
f 2189 2188 2067
f 2191 2189 2190
f 2189 2069 2190
f 2189 2068 2069
f 2070 2190 2069
f 2180 2071 2060
f 2192 2071 2180
f 2191 2190 2193
f 2191 2193 2194
f 2073 2193 2070
f 2070 2193 2190
f 2192 2074 2071
f 2195 2074 2192
f 2194 2193 2196
f 2194 2196 2197
f 2075 2198 2073
f 2198 2193 2073
f 2198 2196 2193
f 2077 2198 2075
f 2195 2079 2074
f 2199 2079 2195
f 2200 2197 2196
f 2202 2201 2200
f 2196 2202 2200
f 2198 2202 2196
f 2080 2203 2077
f 2203 2198 2077
f 2203 2202 2198
f 2082 2203 2080
f 2199 2204 2079
f 2079 2204 2083
f 2084 2083 2204
f 2084 2204 2205
f 2206 2201 2202
f 2206 2202 2203
f 2206 2203 2207
f 2209 2207 2208
f 2208 2207 2085
f 2207 2203 2085
f 2203 2082 2085
f 2087 2208 2085
f 2205 2088 2084
f 2210 2088 2205
f 2211 2209 2208
f 2211 2208 2087
f 2089 2211 2087
f 2212 2211 2089
f 2213 2089 2090
f 2213 2212 2089
f 2215 2213 2214
f 2213 2091 2214
f 2213 2090 2091
f 2093 2214 2091
f 2210 2216 2088
f 2088 2216 2094
f 2095 2094 2216
f 2095 2216 2217
f 2218 2215 2214
f 2214 2093 2218
f 2093 2219 2218
f 2093 2096 2219
f 2221 2099 2220
f 2099 2217 2220
f 2099 2095 2217
f 2222 2221 2220
f 2223 2219 2096
f 2223 2096 2100
f 2100 2101 2223
f 2223 2101 2224
f 2221 2102 2099
f 2104 2102 2221
f 2222 2104 2221
f 2225 2104 2222
f 2228 2227 2226
f 2227 2224 2226
f 2224 2106 2226
f 2224 2101 2106
f 2225 2229 2104
f 2104 2229 2107
f 2229 2231 2230
f 2108 2229 2230
f 2107 2229 2108
f 2230 2109 2108
f 2232 2228 2226
f 2234 2232 2233
f 2233 2232 2110
f 2232 2226 2110
f 2226 2106 2110
f 2111 2233 2110
f 2231 2235 2230
f 2109 2230 2235
f 2236 2109 2235
f 2112 2109 2236
f 2234 2233 2237
f 2234 2237 2238
f 2114 2237 2111
f 2111 2237 2233
f 2236 2239 2112
f 2112 2239 2115
f 2115 2240 2117
f 2239 2240 2115
f 2242 2241 2118
f 2117 2242 2118
f 2240 2242 2117
f 2243 2241 2242
f 2244 2238 2237
f 2246 2244 2245
f 2245 2244 2119
f 2244 2237 2119
f 2237 2114 2119
f 2121 2245 2119
f 2241 2122 2118
f 2123 2122 2241
f 2243 2123 2241
f 2247 2123 2243
f 2248 2246 2245
f 2248 2245 2121
f 2124 2248 2121
f 2249 2248 2124
f 2124 2126 2249
f 2249 2126 2250
f 2247 2251 2123
f 2123 2251 2127
f 2128 2127 2251
f 2128 2251 2252
f 2130 2250 2126
f 2130 2253 2250
f 2255 2131 2254
f 2131 2252 2254
f 2131 2128 2252
f 2256 2255 2254
f 2132 2253 2130
f 2132 2257 2253
f 2258 2133 2255
f 2255 2133 2131
f 2255 2256 2259
f 2255 2259 2258
f 2134 2257 2132
f 2134 2260 2257
f 2261 2135 2258
f 2258 2135 2133
f 2258 2259 2262
f 2258 2262 2261
f 2136 2260 2134
f 2136 2263 2260
f 2264 2137 2261
f 2261 2137 2135
f 2261 2262 2265
f 2261 2265 2264
f 2138 2263 2136
f 2138 2266 2263
f 2264 2139 2137
f 2141 2139 2264
f 2265 2141 2264
f 2267 2141 2265
f 2270 2269 2268
f 2142 2143 2268
f 2269 2142 2268
f 2271 2142 2269
f 2138 2142 2266
f 2266 2142 2271
f 2267 2145 2141
f 2272 2145 2267
f 2270 2268 2147
f 2148 2270 2147
f 2273 2270 2148
f 2147 2268 2143
f 2272 2150 2145
f 2274 2150 2272
f 2277 2276 2275
f 2276 2273 2275
f 2273 2151 2275
f 2273 2148 2151
f 2274 2153 2150
f 2278 2153 2274
f 2277 2275 2279
f 2277 2279 2280
f 2154 2279 2151
f 2151 2279 2275
f 2278 2156 2153
f 2281 2156 2278
f 2280 2279 2158
f 2159 2280 2158
f 2282 2280 2159
f 2158 2279 2154
f 2284 2161 2283
f 2161 2281 2283
f 2161 2156 2281
f 2285 2284 2283
f 2162 2282 2159
f 2162 2286 2282
f 2287 2163 2284
f 2284 2163 2161
f 2284 2285 2288
f 2284 2288 2287
f 2290 2289 2164
f 2290 2164 2165
f 2162 2164 2286
f 2286 2164 2289
f 2287 2166 2163
f 2168 2166 2287
f 2288 2168 2287
f 2291 2168 2288
f 2293 2292 2169
f 2293 2169 2170
f 2165 2169 2290
f 2290 2169 2292
f 2295 2172 2294
f 2172 2291 2294
f 2172 2168 2291
f 2297 2296 2295
f 2297 2295 2294
f 2174 2175 2296
f 2297 2174 2296
f 2298 2174 2297
f 2174 2299 2176
f 2298 2299 2174
f 2170 2176 2293
f 2293 2176 2299
f 2295 2177 2172
f 2177 2295 2178
f 2178 2295 2296
f 2178 2296 2175
f 2302 2301 2300
f 2304 2303 2300
f 2300 2303 2302
f 2304 2305 2303
f 2301 2306 2300
f 2308 2307 2306
f 2307 2300 2306
f 2307 2304 2300
f 2181 2309 2180
f 2309 2304 2180
f 2304 2307 2180
f 2304 2309 2305
f 2310 2181 2182
f 2310 2309 2181
f 2311 2182 2183
f 2311 2310 2182
f 2312 2183 2184
f 2312 2311 2183
f 2313 2184 2185
f 2313 2312 2184
f 2314 2185 2186
f 2314 2313 2185
f 2315 2186 2187
f 2315 2314 2186
f 2316 2187 2188
f 2316 2315 2187
f 2317 2188 2189
f 2317 2316 2188
f 2189 2191 2317
f 2317 2191 2318
f 2308 2319 2307
f 2180 2307 2319
f 2320 2180 2319
f 2192 2180 2320
f 2194 2318 2191
f 2194 2321 2318
f 2320 2195 2192
f 2322 2195 2320
f 2197 2321 2194
f 2197 2323 2321
f 2325 2199 2324
f 2199 2322 2324
f 2199 2195 2322
f 2326 2325 2324
f 2197 2200 2327
f 2328 2197 2327
f 2323 2197 2328
f 2201 2327 2200
f 2325 2204 2199
f 2205 2204 2325
f 2326 2205 2325
f 2329 2205 2326
f 2328 2327 2330
f 2328 2330 2331
f 2206 2332 2201
f 2332 2327 2201
f 2332 2330 2327
f 2207 2333 2206
f 2206 2333 2332
f 2209 2333 2207
f 2335 2210 2334
f 2210 2329 2334
f 2210 2205 2329
f 2336 2335 2334
f 2337 2331 2330
f 2337 2330 2332
f 2337 2332 2338
f 2340 2339 2338
f 2332 2340 2338
f 2333 2340 2332
f 2211 2341 2209
f 2341 2333 2209
f 2341 2340 2333
f 2212 2342 2211
f 2211 2342 2341
f 2213 2343 2212
f 2212 2343 2342
f 2215 2343 2213
f 2335 2216 2210
f 2217 2216 2335
f 2336 2217 2335
f 2344 2217 2336
f 2339 2340 2345
f 2339 2345 2346
f 2347 2340 2341
f 2345 2340 2347
f 2348 2341 2342
f 2347 2341 2348
f 2349 2342 2343
f 2348 2342 2349
f 2218 2350 2215
f 2350 2343 2215
f 2350 2349 2343
f 2219 2350 2218
f 2344 2351 2217
f 2217 2351 2220
f 2222 2220 2351
f 2222 2351 2352
f 2346 2345 2353
f 2346 2353 2354
f 2355 2345 2347
f 2353 2345 2355
f 2348 2357 2356
f 2355 2348 2356
f 2347 2348 2355
f 2357 2348 2349
f 2357 2349 2358
f 2360 2359 2358
f 2349 2360 2358
f 2350 2360 2349
f 2223 2361 2219
f 2361 2350 2219
f 2361 2360 2350
f 2224 2361 2223
f 2363 2225 2362
f 2225 2352 2362
f 2225 2222 2352
f 2364 2363 2362
f 2365 2354 2353
f 2365 2353 2355
f 2365 2355 2366
f 2366 2355 2356
f 2367 2359 2360
f 2228 2368 2227
f 2368 2360 2227
f 2360 2361 2227
f 2368 2367 2360
f 2227 2361 2224
f 2363 2229 2225
f 2370 2369 2231
f 2370 2231 2229
f 2364 2370 2229
f 2363 2364 2229
f 2371 2369 2370
f 2228 2232 2372
f 2373 2228 2372
f 2368 2228 2373
f 2234 2372 2232
f 2369 2235 2231
f 2375 2374 2236
f 2375 2236 2235
f 2371 2375 2235
f 2369 2371 2235
f 2377 2376 2374
f 2377 2374 2375
f 2378 2376 2377
f 2373 2372 2379
f 2373 2379 2380
f 2238 2379 2234
f 2234 2379 2372
f 2374 2239 2236
f 2239 2374 2240
f 2240 2374 2376
f 2378 2381 2376
f 2381 2240 2376
f 2381 2242 2240
f 2243 2242 2381
f 2243 2381 2382
f 2383 2380 2379
f 2383 2379 2238
f 2244 2383 2238
f 2384 2383 2244
f 2244 2246 2384
f 2384 2246 2385
f 2387 2247 2386
f 2247 2382 2386
f 2247 2243 2382
f 2388 2387 2386
f 2246 2248 2389
f 2390 2246 2389
f 2385 2246 2390
f 2249 2391 2248
f 2248 2391 2389
f 2250 2391 2249
f 2387 2251 2247
f 2393 2392 2252
f 2393 2252 2251
f 2388 2393 2251
f 2387 2388 2251
f 2394 2392 2393
f 2390 2389 2395
f 2390 2395 2396
f 2397 2389 2391
f 2395 2389 2397
f 2253 2397 2250
f 2250 2397 2391
f 2392 2254 2252
f 2256 2254 2392
f 2394 2256 2392
f 2398 2256 2394
f 2399 2396 2395
f 2401 2400 2399
f 2395 2401 2399
f 2397 2401 2395
f 2257 2401 2253
f 2253 2401 2397
f 2398 2259 2256
f 2402 2259 2398
f 2400 2401 2403
f 2400 2403 2404
f 2260 2403 2257
f 2257 2403 2401
f 2402 2262 2259
f 2405 2262 2402
f 2404 2403 2406
f 2404 2406 2407
f 2263 2406 2260
f 2260 2406 2403
f 2405 2265 2262
f 2408 2265 2405
f 2411 2410 2409
f 2409 2410 2407
f 2406 2409 2407
f 2412 2409 2406
f 2266 2412 2263
f 2263 2412 2406
f 2414 2267 2413
f 2267 2408 2413
f 2267 2265 2408
f 2415 2414 2413
f 2411 2409 2269
f 2270 2411 2269
f 2416 2411 2270
f 2269 2409 2271
f 2271 2409 2412
f 2271 2412 2266
f 2417 2272 2414
f 2414 2272 2267
f 2414 2415 2418
f 2414 2418 2417
f 2421 2420 2419
f 2420 2416 2419
f 2416 2273 2419
f 2416 2270 2273
f 2422 2274 2417
f 2417 2274 2272
f 2417 2418 2423
f 2417 2423 2422
f 2421 2419 2276
f 2277 2421 2276
f 2424 2421 2277
f 2276 2419 2273
f 2425 2278 2422
f 2422 2278 2274
f 2422 2423 2426
f 2422 2426 2425
f 2280 2424 2277
f 2280 2427 2424
f 2428 2281 2425
f 2425 2281 2278
f 2425 2426 2429
f 2425 2429 2428
f 2432 2431 2430
f 2431 2427 2430
f 2427 2282 2430
f 2427 2280 2282
f 2428 2283 2281
f 2434 2433 2285
f 2434 2285 2283
f 2429 2434 2283
f 2428 2429 2283
f 2435 2433 2434
f 2432 2430 2436
f 2432 2436 2437
f 2286 2436 2282
f 2282 2436 2430
f 2438 2288 2433
f 2433 2288 2285
f 2433 2435 2439
f 2433 2439 2438
f 2442 2441 2440
f 2440 2441 2437
f 2440 2437 2436
f 2290 2440 2436
f 2289 2290 2436
f 2289 2436 2286
f 2443 2291 2438
f 2438 2291 2288
f 2438 2439 2444
f 2438 2444 2443
f 2447 2446 2445
f 2445 2446 2442
f 2445 2442 2440
f 2293 2445 2440
f 2292 2293 2440
f 2292 2440 2290
f 2443 2294 2291
f 2444 2448 2443
f 2448 2294 2443
f 2448 2297 2294
f 2297 2449 2298
f 2448 2449 2297
f 2445 2299 2447
f 2299 2449 2447
f 2299 2298 2449
f 2299 2445 2293
f 2451 2450 2302
f 2302 2450 2301
f 2452 2302 2303
f 2452 2451 2302
f 2303 2305 2452
f 2452 2305 2453
f 2450 2454 2301
f 2301 2454 2306
f 2456 2455 2308
f 2306 2456 2308
f 2454 2456 2306
f 2457 2455 2309
f 2455 2453 2309
f 2453 2305 2309
f 2453 2455 2456
f 2310 2458 2309
f 2309 2458 2457
f 2458 2310 2459
f 2310 2460 2459
f 2310 2311 2460
f 2461 2311 2312
f 2461 2460 2311
f 2462 2312 2313
f 2462 2461 2312
f 2463 2313 2314
f 2463 2462 2313
f 2464 2314 2315
f 2464 2463 2314
f 2465 2315 2316
f 2465 2464 2315
f 2467 2465 2466
f 2465 2317 2466
f 2465 2316 2317
f 2318 2466 2317
f 2455 2319 2308
f 2319 2455 2320
f 2455 2468 2320
f 2455 2457 2468
f 2469 2457 2458
f 2468 2457 2469
f 2458 2459 2470
f 2458 2470 2469
f 2467 2466 2471
f 2467 2471 2472
f 2321 2471 2318
f 2318 2471 2466
f 2474 2473 2468
f 2473 2320 2468
f 2473 2322 2320
f 2474 2468 2469
f 2474 2469 2475
f 2475 2469 2470
f 2472 2471 2476
f 2472 2476 2477
f 2323 2476 2321
f 2321 2476 2471
f 2324 2322 2478
f 2322 2479 2478
f 2322 2473 2479
f 2478 2326 2324
f 2477 2476 2480
f 2477 2480 2481
f 2328 2480 2323
f 2323 2480 2476
f 2478 2479 2482
f 2482 2479 2483
f 2482 2329 2326
f 2482 2326 2478
f 2481 2480 2484
f 2481 2484 2485
f 2331 2484 2328
f 2328 2484 2480
f 2483 2486 2482
f 2482 2486 2329
f 2486 2334 2329
f 2486 2487 2334
f 2336 2334 2487
f 2336 2487 2488
f 2489 2485 2484
f 2491 2489 2490
f 2490 2489 2337
f 2489 2484 2337
f 2484 2331 2337
f 2338 2492 2337
f 2337 2492 2490
f 2339 2492 2338
f 2494 2344 2493
f 2344 2488 2493
f 2344 2336 2488
f 2495 2494 2493
f 2491 2490 2496
f 2491 2496 2497
f 2498 2490 2492
f 2496 2490 2498
f 2346 2498 2339
f 2339 2498 2492
f 2494 2351 2344
f 2500 2499 2352
f 2500 2352 2351
f 2495 2500 2351
f 2494 2495 2351
f 2501 2499 2500
f 2497 2496 2502
f 2497 2502 2503
f 2504 2496 2498
f 2502 2496 2504
f 2354 2504 2346
f 2346 2504 2498
f 2505 2356 2357
f 2358 2506 2357
f 2357 2506 2505
f 2359 2506 2358
f 2499 2362 2352
f 2508 2507 2364
f 2508 2364 2362
f 2501 2508 2362
f 2499 2501 2362
f 2510 2509 2507
f 2510 2507 2508
f 2511 2509 2510
f 2503 2502 2512
f 2503 2512 2513
f 2514 2502 2504
f 2512 2502 2514
f 2365 2515 2354
f 2515 2504 2354
f 2515 2514 2504
f 2366 2516 2365
f 2365 2516 2515
f 2356 2505 2366
f 2505 2516 2366
f 2505 2517 2516
f 2518 2505 2506
f 2517 2505 2518
f 2367 2519 2359
f 2519 2506 2359
f 2519 2518 2506
f 2368 2519 2367
f 2507 2370 2364
f 2370 2507 2371
f 2507 2520 2371
f 2507 2509 2520
f 2509 2511 2521
f 2522 2509 2521
f 2520 2509 2522
f 2523 2522 2521
f 2524 2513 2512
f 2526 2525 2524
f 2512 2526 2524
f 2514 2526 2512
f 2527 2514 2515
f 2526 2514 2527
f 2528 2515 2516
f 2527 2515 2528
f 2529 2516 2517
f 2528 2516 2529
f 2530 2517 2518
f 2529 2517 2530
f 2531 2518 2519
f 2530 2518 2531
f 2373 2531 2368
f 2368 2531 2519
f 2520 2375 2371
f 2375 2520 2377
f 2377 2520 2522
f 2533 2532 2378
f 2533 2378 2377
f 2523 2533 2377
f 2522 2523 2377
f 2535 2534 2532
f 2535 2532 2533
f 2536 2534 2535
f 2537 2525 2526
f 2539 2538 2537
f 2526 2539 2537
f 2527 2539 2526
f 2540 2527 2528
f 2539 2527 2540
f 2541 2528 2529
f 2540 2528 2541
f 2542 2529 2530
f 2541 2529 2542
f 2543 2530 2531
f 2542 2530 2543
f 2380 2543 2373
f 2373 2543 2531
f 2532 2381 2378
f 2381 2532 2382
f 2532 2544 2382
f 2532 2534 2544
f 2534 2536 2545
f 2546 2534 2545
f 2544 2534 2546
f 2547 2546 2545
f 2548 2538 2539
f 2548 2539 2540
f 2548 2540 2549
f 2551 2550 2549
f 2540 2551 2549
f 2541 2551 2540
f 2552 2541 2542
f 2551 2541 2552
f 2553 2542 2543
f 2552 2542 2553
f 2383 2554 2380
f 2554 2543 2380
f 2554 2553 2543
f 2384 2555 2383
f 2383 2555 2554
f 2385 2555 2384
f 2544 2386 2382
f 2386 2544 2388
f 2544 2556 2388
f 2544 2546 2556
f 2546 2547 2557
f 2546 2557 2556
f 2558 2550 2551
f 2560 2559 2558
f 2551 2560 2558
f 2552 2560 2551
f 2561 2552 2553
f 2560 2552 2561
f 2562 2553 2554
f 2561 2553 2562
f 2563 2554 2555
f 2562 2554 2563
f 2390 2563 2385
f 2385 2563 2555
f 2556 2393 2388
f 2394 2393 2556
f 2557 2394 2556
f 2564 2394 2557
f 2559 2560 2565
f 2559 2565 2566
f 2567 2560 2561
f 2565 2560 2567
f 2568 2561 2562
f 2567 2561 2568
f 2569 2562 2563
f 2568 2562 2569
f 2396 2569 2390
f 2390 2569 2563
f 2564 2398 2394
f 2570 2398 2564
f 2571 2566 2565
f 2571 2565 2567
f 2571 2567 2572
f 2572 2567 2568
f 2572 2568 2573
f 2575 2574 2573
f 2568 2575 2573
f 2569 2575 2568
f 2399 2576 2396
f 2576 2569 2396
f 2576 2575 2569
f 2400 2576 2399
f 2570 2402 2398
f 2577 2402 2570
f 2574 2575 2578
f 2574 2578 2579
f 2580 2575 2576
f 2578 2575 2580
f 2404 2580 2400
f 2400 2580 2576
f 2577 2405 2402
f 2581 2405 2577
f 2579 2578 2582
f 2579 2582 2583
f 2584 2578 2580
f 2582 2578 2584
f 2407 2584 2404
f 2404 2584 2580
f 2586 2408 2585
f 2408 2581 2585
f 2408 2405 2581
f 2587 2586 2585
f 2583 2582 2588
f 2583 2588 2589
f 2411 2588 2410
f 2588 2584 2410
f 2588 2582 2584
f 2410 2584 2407
f 2586 2413 2408
f 2415 2413 2586
f 2587 2415 2586
f 2590 2415 2587
f 2589 2588 2591
f 2589 2591 2592
f 2416 2591 2411
f 2411 2591 2588
f 2594 2418 2593
f 2418 2590 2593
f 2418 2415 2590
f 2595 2594 2593
f 2592 2591 2420
f 2421 2592 2420
f 2596 2592 2421
f 2420 2591 2416
f 2597 2423 2594
f 2594 2423 2418
f 2594 2595 2598
f 2594 2598 2597
f 2424 2596 2421
f 2424 2599 2596
f 2600 2426 2597
f 2597 2426 2423
f 2597 2598 2601
f 2597 2601 2600
f 2427 2599 2424
f 2427 2602 2599
f 2603 2429 2600
f 2600 2429 2426
f 2600 2601 2604
f 2600 2604 2603
f 2432 2605 2431
f 2605 2606 2431
f 2606 2427 2431
f 2606 2602 2427
f 2603 2434 2429
f 2608 2607 2435
f 2608 2435 2434
f 2604 2608 2434
f 2603 2604 2434
f 2609 2607 2608
f 2611 2610 2605
f 2432 2611 2605
f 2437 2611 2432
f 2605 2610 2606
f 2612 2439 2607
f 2607 2439 2435
f 2607 2609 2613
f 2607 2613 2612
f 2615 2614 2441
f 2615 2441 2442
f 2437 2441 2611
f 2611 2441 2614
f 2616 2444 2612
f 2612 2444 2439
f 2612 2613 2617
f 2618 2612 2617
f 2616 2612 2618
f 2446 2447 2618
f 2617 2446 2618
f 2619 2446 2617
f 2442 2446 2615
f 2615 2446 2619
f 2616 2448 2444
f 2448 2616 2449
f 2449 2616 2618
f 2449 2618 2447
f 2620 2450 2451
f 2452 2621 2451
f 2451 2621 2620
f 2453 2621 2452
f 2620 2454 2450
f 2454 2620 2456
f 2456 2620 2621
f 2456 2621 2453
f 2622 2459 2460
f 2622 2460 2623
f 2460 2624 2623
f 2460 2461 2624
f 2625 2461 2462
f 2625 2624 2461
f 2626 2462 2463
f 2626 2625 2462
f 2628 2626 2627
f 2626 2464 2627
f 2626 2463 2464
f 2465 2629 2464
f 2464 2629 2627
f 2467 2629 2465
f 2630 2470 2622
f 2622 2470 2459
f 2622 2623 2631
f 2622 2631 2630
f 2632 2628 2627
f 2634 2633 2632
f 2627 2634 2632
f 2629 2634 2627
f 2472 2634 2467
f 2467 2634 2629
f 2635 2473 2474
f 2475 2636 2474
f 2474 2636 2635
f 2470 2630 2475
f 2630 2636 2475
f 2630 2637 2636
f 2630 2631 2638
f 2630 2638 2637
f 2633 2634 2639
f 2633 2639 2640
f 2477 2639 2472
f 2472 2639 2634
f 2641 2479 2635
f 2635 2479 2473
f 2642 2635 2636
f 2641 2635 2642
f 2637 2644 2643
f 2642 2637 2643
f 2636 2637 2642
f 2644 2637 2638
f 2640 2639 2645
f 2640 2645 2646
f 2481 2645 2477
f 2477 2645 2639
f 2647 2483 2641
f 2641 2483 2479
f 2648 2641 2642
f 2647 2641 2648
f 2642 2643 2649
f 2650 2642 2649
f 2648 2642 2650
f 2651 2650 2649
f 2646 2645 2652
f 2646 2652 2653
f 2485 2652 2481
f 2481 2652 2645
f 2647 2486 2483
f 2486 2647 2487
f 2487 2647 2648
f 2487 2648 2488
f 2648 2654 2488
f 2648 2650 2654
f 2650 2651 2655
f 2650 2655 2654
f 2653 2652 2656
f 2653 2656 2657
f 2489 2658 2485
f 2658 2652 2485
f 2658 2656 2652
f 2491 2658 2489
f 2654 2493 2488
f 2495 2493 2654
f 2655 2495 2654
f 2659 2495 2655
f 2660 2657 2656
f 2662 2661 2660
f 2656 2662 2660
f 2658 2662 2656
f 2497 2662 2491
f 2491 2662 2658
f 2659 2663 2495
f 2495 2663 2500
f 2501 2500 2663
f 2501 2663 2664
f 2661 2662 2665
f 2661 2665 2666
f 2503 2665 2497
f 2497 2665 2662
f 2508 2501 2667
f 2501 2668 2667
f 2501 2664 2668
f 2669 2510 2508
f 2669 2508 2667
f 2669 2511 2510
f 2666 2665 2670
f 2666 2670 2671
f 2513 2670 2503
f 2503 2670 2665
f 2668 2672 2667
f 2674 2673 2672
f 2673 2667 2672
f 2673 2669 2667
f 2675 2521 2511
f 2669 2675 2511
f 2673 2675 2669
f 2675 2523 2521
f 2671 2670 2676
f 2671 2676 2677
f 2524 2678 2513
f 2678 2670 2513
f 2678 2676 2670
f 2525 2678 2524
f 2674 2679 2673
f 2673 2679 2675
f 2675 2679 2680
f 2675 2680 2523
f 2680 2533 2523
f 2680 2681 2533
f 2676 2535 2677
f 2535 2681 2677
f 2535 2533 2681
f 2535 2676 2536
f 2676 2682 2536
f 2676 2678 2682
f 2537 2683 2525
f 2683 2678 2525
f 2683 2682 2678
f 2538 2683 2537
f 2682 2545 2536
f 2545 2682 2547
f 2682 2684 2547
f 2682 2683 2684
f 2548 2685 2538
f 2685 2683 2538
f 2685 2684 2683
f 2549 2686 2548
f 2548 2686 2685
f 2550 2686 2549
f 2689 2688 2687
f 2687 2690 2689
f 2692 2691 2684
f 2691 2547 2684
f 2691 2557 2547
f 2692 2684 2685
f 2692 2685 2693
f 2695 2694 2693
f 2685 2695 2693
f 2686 2695 2685
f 2558 2696 2550
f 2696 2686 2550
f 2696 2695 2686
f 2559 2696 2558
f 2688 2697 2687
f 2687 2697 2690
f 2691 2564 2557
f 2698 2564 2691
f 2699 2694 2695
f 2701 2700 2699
f 2695 2701 2699
f 2696 2701 2695
f 2566 2701 2559
f 2559 2701 2696
f 2703 2570 2702
f 2570 2698 2702
f 2570 2564 2698
f 2704 2703 2702
f 2700 2701 2705
f 2700 2705 2706
f 2571 2707 2566
f 2707 2701 2566
f 2707 2705 2701
f 2572 2708 2571
f 2571 2708 2707
f 2573 2709 2572
f 2572 2709 2708
f 2574 2709 2573
f 2710 2577 2703
f 2703 2577 2570
f 2703 2704 2711
f 2703 2711 2710
f 2712 2706 2705
f 2714 2713 2712
f 2705 2714 2712
f 2707 2714 2705
f 2715 2707 2708
f 2714 2707 2715
f 2716 2708 2709
f 2715 2708 2716
f 2579 2716 2574
f 2574 2716 2709
f 2717 2581 2710
f 2710 2581 2577
f 2710 2711 2718
f 2710 2718 2717
f 2713 2714 2719
f 2713 2719 2720
f 2721 2714 2715
f 2719 2714 2721
f 2722 2715 2716
f 2721 2715 2722
f 2583 2722 2579
f 2579 2722 2716
f 2717 2585 2581
f 2587 2585 2717
f 2718 2587 2717
f 2723 2587 2718
f 2724 2720 2719
f 2726 2725 2724
f 2719 2726 2724
f 2721 2726 2719
f 2727 2721 2722
f 2726 2721 2727
f 2589 2727 2583
f 2583 2727 2722
f 2723 2590 2587
f 2728 2590 2723
f 2725 2726 2729
f 2725 2729 2730
f 2731 2726 2727
f 2729 2726 2731
f 2592 2731 2589
f 2589 2731 2727
f 2728 2732 2590
f 2590 2732 2593
f 2595 2593 2732
f 2595 2732 2733
f 2730 2729 2734
f 2730 2734 2735
f 2736 2729 2731
f 2734 2729 2736
f 2596 2736 2592
f 2592 2736 2731
f 2733 2598 2595
f 2737 2598 2733
f 2738 2735 2734
f 2740 2739 2738
f 2734 2740 2738
f 2736 2740 2734
f 2599 2740 2596
f 2596 2740 2736
f 2737 2601 2598
f 2741 2601 2737
f 2739 2740 2742
f 2739 2742 2743
f 2602 2742 2599
f 2599 2742 2740
f 2745 2604 2744
f 2604 2741 2744
f 2604 2601 2741
f 2746 2745 2744
f 2743 2742 2747
f 2743 2747 2748
f 2606 2747 2602
f 2602 2747 2742
f 2745 2608 2604
f 2750 2749 2609
f 2750 2609 2608
f 2746 2750 2608
f 2745 2746 2608
f 2751 2749 2750
f 2754 2753 2752
f 2752 2753 2748
f 2752 2748 2747
f 2611 2752 2747
f 2610 2611 2747
f 2610 2747 2606
f 2755 2613 2749
f 2749 2613 2609
f 2749 2751 2756
f 2757 2749 2756
f 2755 2749 2757
f 2757 2756 2754
f 2757 2754 2752
f 2615 2757 2752
f 2614 2615 2752
f 2614 2752 2611
f 2755 2617 2613
f 2617 2755 2619
f 2619 2755 2757
f 2619 2757 2615
f 2759 2758 2624
f 2624 2758 2623
f 2760 2624 2625
f 2760 2759 2624
f 2762 2760 2761
f 2760 2626 2761
f 2760 2625 2626
f 2628 2761 2626
f 2758 2631 2623
f 2763 2631 2758
f 2764 2762 2761
f 2766 2764 2765
f 2765 2764 2632
f 2764 2761 2632
f 2761 2628 2632
f 2633 2765 2632
f 2763 2638 2631
f 2767 2638 2763
f 2766 2765 2768
f 2766 2768 2769
f 2640 2768 2633
f 2633 2768 2765
f 2770 2643 2644
f 2771 2770 2644
f 2638 2771 2644
f 2767 2771 2638
f 2769 2768 2772
f 2769 2772 2773
f 2646 2772 2640
f 2640 2772 2768
f 2770 2649 2643
f 2651 2649 2770
f 2771 2651 2770
f 2774 2651 2771
f 2773 2772 2775
f 2773 2775 2776
f 2653 2775 2646
f 2646 2775 2772
f 2778 2655 2777
f 2655 2774 2777
f 2655 2651 2774
f 2779 2778 2777
f 2776 2775 2780
f 2776 2780 2781
f 2657 2780 2653
f 2653 2780 2775
f 2782 2659 2778
f 2778 2659 2655
f 2778 2779 2783
f 2778 2783 2782
f 2781 2780 2784
f 2781 2784 2785
f 2660 2786 2657
f 2786 2780 2657
f 2786 2784 2780
f 2661 2786 2660
f 2782 2663 2659
f 2664 2663 2782
f 2783 2664 2782
f 2787 2664 2783
f 2788 2785 2784
f 2790 2789 2788
f 2784 2790 2788
f 2786 2790 2784
f 2666 2790 2661
f 2661 2790 2786
f 2787 2668 2664
f 2791 2668 2787
f 2789 2790 2792
f 2789 2792 2793
f 2671 2792 2666
f 2666 2792 2790
f 2791 2794 2668
f 2668 2794 2672
f 2674 2672 2794
f 2674 2794 2795
f 2796 2793 2792
f 2792 2671 2796
f 2671 2797 2796
f 2671 2677 2797
f 2679 2674 2798
f 2674 2799 2798
f 2674 2795 2799
f 2800 2680 2679
f 2800 2679 2798
f 2801 2681 2680
f 2801 2680 2800
f 2797 2677 2802
f 2677 2801 2802
f 2801 2803 2802
f 2677 2681 2801
f 2803 2804 2802
f 2799 2805 2798
f 2798 2805 2800
f 2800 2805 2806
f 2808 2807 2806
f 2807 2800 2806
f 2807 2801 2800
f 2801 2809 2803
f 2801 2807 2809
f 2804 2803 2810
f 2803 2811 2810
f 2803 2809 2811
f 2813 2812 2811
f 2811 2812 2810
f 2813 2814 2812
f 2807 2808 2815
f 2815 2808 2816
f 2815 2688 2689
f 2809 2815 2689
f 2807 2815 2809
f 2809 2689 2690
f 2817 2809 2690
f 2811 2809 2817
f 2817 2691 2692
f 2813 2817 2692
f 2811 2817 2813
f 2818 2814 2813
f 2692 2818 2813
f 2693 2818 2692
f 2693 2694 2818
f 2818 2694 2819
f 2816 2820 2815
f 2815 2820 2688
f 2820 2697 2688
f 2820 2821 2697
f 2697 2821 2690
f 2821 2822 2690
f 2822 2817 2690
f 2822 2821 2823
f 2822 2698 2691
f 2822 2691 2817
f 2694 2699 2824
f 2825 2694 2824
f 2819 2694 2825
f 2700 2824 2699
f 2823 2826 2822
f 2826 2828 2827
f 2826 2827 2702
f 2822 2826 2702
f 2698 2822 2702
f 2827 2704 2702
f 2829 2825 2824
f 2824 2700 2829
f 2700 2830 2829
f 2700 2706 2830
f 2827 2828 2831
f 2831 2828 2832
f 2831 2711 2704
f 2831 2704 2827
f 2706 2712 2833
f 2834 2706 2833
f 2830 2706 2834
f 2713 2833 2712
f 2831 2832 2835
f 2835 2832 2836
f 2835 2718 2711
f 2835 2711 2831
f 2837 2834 2833
f 2833 2713 2837
f 2713 2838 2837
f 2713 2720 2838
f 2835 2836 2839
f 2839 2836 2840
f 2839 2723 2718
f 2839 2718 2835
f 2720 2724 2841
f 2842 2720 2841
f 2838 2720 2842
f 2725 2841 2724
f 2839 2840 2843
f 2843 2840 2844
f 2843 2728 2723
f 2843 2723 2839
f 2845 2842 2841
f 2841 2725 2845
f 2725 2846 2845
f 2725 2730 2846
f 2844 2847 2843
f 2847 2849 2848
f 2847 2848 2732
f 2843 2847 2732
f 2728 2843 2732
f 2848 2733 2732
f 2735 2846 2730
f 2735 2850 2846
f 2848 2849 2851
f 2851 2849 2852
f 2851 2737 2733
f 2851 2733 2848
f 2735 2738 2853
f 2854 2735 2853
f 2850 2735 2854
f 2739 2853 2738
f 2852 2855 2851
f 2737 2851 2855
f 2856 2737 2855
f 2741 2737 2856
f 2857 2854 2853
f 2853 2739 2857
f 2739 2858 2857
f 2739 2743 2858
f 2856 2859 2741
f 2741 2859 2744
f 2746 2744 2859
f 2746 2859 2860
f 2748 2862 2861
f 2858 2748 2861
f 2743 2748 2858
f 2862 2863 2861
f 2750 2746 2864
f 2746 2865 2864
f 2746 2860 2865
f 2864 2751 2750
f 2754 2866 2753
f 2862 2748 2753
f 2866 2862 2753
f 2867 2862 2866
f 2863 2862 2868
f 2868 2862 2867
f 2864 2865 2869
f 2869 2865 2870
f 2871 2756 2751
f 2864 2871 2751
f 2869 2871 2864
f 2871 2872 2756
f 2756 2872 2754
f 2872 2873 2754
f 2873 2866 2754
f 2866 2873 2867
f 2867 2873 2874
f 2867 2874 2868
f 2869 2870 2875
f 2875 2870 2876
f 2869 2877 2871
f 2869 2875 2877
f 2872 2871 2878
f 2878 2871 2877
f 2876 2879 2875
f 2875 2879 2877
f 2877 2879 2880
f 2877 2880 2878
f 2881 2758 2759
f 2760 2882 2759
f 2759 2882 2881
f 2884 2882 2883
f 2882 2760 2883
f 2762 2885 2883
f 2762 2883 2760
f 2885 2886 2883
f 2889 2888 2887
f 2890 2889 2881
f 2889 2763 2881
f 2763 2758 2881
f 2889 2887 2763
f 2890 2881 2882
f 2890 2882 2891
f 2762 2764 2885
f 2882 2884 2891
f 2893 2892 2766
f 2766 2892 2764
f 2892 2886 2764
f 2886 2885 2764
f 2893 2894 2892
f 2888 2895 2887
f 2763 2887 2895
f 2896 2763 2895
f 2767 2763 2896
f 2769 2897 2893
f 2769 2893 2766
f 2894 2893 2898
f 2898 2893 2897
f 2896 2771 2767
f 2899 2771 2896
f 2901 2900 2897
f 2769 2901 2897
f 2773 2901 2769
f 2897 2900 2898
f 2903 2774 2902
f 2774 2899 2902
f 2774 2771 2899
f 2904 2903 2902
f 2776 2901 2773
f 2776 2905 2901
f 2903 2777 2774
f 2779 2777 2903
f 2904 2779 2903
f 2906 2779 2904
f 2781 2905 2776
f 2781 2907 2905
f 2906 2783 2779
f 2908 2783 2906
f 2785 2907 2781
f 2785 2909 2907
f 2908 2787 2783
f 2910 2787 2908
f 2911 2909 2785
f 2911 2785 2788
f 2788 2789 2911
f 2911 2789 2912
f 2910 2791 2787
f 2913 2791 2910
f 2793 2915 2914
f 2912 2793 2914
f 2789 2793 2912
f 2915 2916 2914
f 2794 2791 2917
f 2791 2918 2917
f 2791 2913 2918
f 2917 2795 2794
f 2796 2915 2793
f 2796 2797 2915
f 2797 2916 2915
f 2797 2919 2916
f 2918 2920 2917
f 2795 2917 2920
f 2921 2795 2920
f 2799 2795 2921
f 2922 2919 2797
f 2922 2797 2802
f 2802 2804 2922
f 2922 2804 2923
f 2805 2799 2924
f 2799 2925 2924
f 2799 2921 2925
f 2926 2806 2805
f 2926 2805 2924
f 2926 2808 2806
f 2927 2923 2804
f 2927 2804 2810
f 2928 2810 2812
f 2928 2927 2810
f 2812 2814 2928
f 2928 2814 2929
f 2925 2930 2924
f 2924 2930 2926
f 2926 2930 2931
f 2816 2808 2926
f 2932 2816 2926
f 2931 2932 2926
f 2816 2932 2933
f 2935 2934 2933
f 2935 2933 2932
f 2936 2934 2935
f 2937 2929 2814
f 2937 2814 2818
f 2818 2819 2937
f 2937 2819 2938
f 2933 2820 2816
f 2820 2933 2821
f 2821 2933 2934
f 2823 2821 2934
f 2936 2823 2934
f 2939 2823 2936
f 2825 2938 2819
f 2825 2940 2938
f 2939 2941 2823
f 2823 2941 2826
f 2828 2826 2941
f 2828 2941 2942
f 2943 2940 2825
f 2943 2825 2829
f 2829 2830 2943
f 2943 2830 2944
f 2942 2832 2828
f 2945 2832 2942
f 2834 2947 2946
f 2944 2834 2946
f 2830 2834 2944
f 2947 2948 2946
f 2945 2836 2832
f 2949 2836 2945
f 2837 2947 2834
f 2837 2838 2947
f 2838 2948 2947
f 2838 2950 2948
f 2949 2840 2836
f 2951 2840 2949
f 2842 2953 2952
f 2950 2842 2952
f 2838 2842 2950
f 2953 2954 2952
f 2951 2844 2840
f 2955 2844 2951
f 2845 2953 2842
f 2845 2846 2953
f 2846 2954 2953
f 2846 2956 2954
f 2955 2957 2844
f 2844 2957 2847
f 2849 2847 2957
f 2849 2957 2958
f 2850 2960 2959
f 2956 2850 2959
f 2846 2850 2956
f 2960 2961 2959
f 2963 2852 2962
f 2852 2958 2962
f 2852 2849 2958
f 2964 2963 2962
f 2854 2965 2960
f 2854 2960 2850
f 2961 2960 2966
f 2960 2967 2966
f 2960 2965 2967
f 2967 2968 2966
f 2963 2855 2852
f 2856 2855 2963
f 2964 2856 2963
f 2969 2856 2964
f 2857 2965 2854
f 2965 2857 2858
f 2970 2965 2858
f 2967 2965 2970
f 2968 2967 2971
f 2967 2972 2971
f 2967 2970 2972
f 2972 2973 2971
f 2859 2856 2974
f 2856 2975 2974
f 2856 2969 2975
f 2974 2860 2859
f 2861 2970 2858
f 2970 2861 2863
f 2976 2970 2863
f 2972 2970 2976
f 2973 2972 2977
f 2977 2972 2976
f 2974 2975 2978
f 2978 2975 2979
f 2978 2865 2860
f 2978 2860 2974
f 2868 2980 2976
f 2868 2976 2863
f 2977 2976 2981
f 2981 2976 2980
f 2978 2979 2982
f 2982 2979 2983
f 2982 2870 2865
f 2982 2865 2978
f 2872 2984 2873
f 2985 2874 2873
f 2985 2873 2984
f 2985 2986 2874
f 2874 2986 2868
f 2986 2987 2868
f 2987 2980 2868
f 2980 2987 2981
f 2982 2983 2988
f 2988 2983 2989
f 2988 2876 2870
f 2988 2870 2982
f 2878 2990 2984
f 2878 2984 2872
f 2984 2991 2985
f 2984 2990 2991
f 2986 2985 2992
f 2992 2985 2991
f 2988 2989 2993
f 2993 2989 2994
f 2995 2879 2876
f 2988 2995 2876
f 2993 2995 2988
f 2996 2880 2879
f 2996 2879 2995
f 2990 2878 2880
f 2996 2990 2880
f 2997 2990 2996
f 2999 2991 2998
f 2991 2997 2998
f 2991 2990 2997
f 2991 2999 2992
f 2993 2994 3000
f 3000 2994 3001
f 2993 3002 2995
f 2993 3000 3002
f 2995 3003 2996
f 2995 3002 3003
f 3005 2997 3004
f 2997 3003 3004
f 2997 2996 3003
f 2997 3005 2998
f 3001 3006 3000
f 3000 3006 3002
f 3002 3006 3007
f 3002 3007 3003
f 3003 3007 3008
f 3003 3008 3004
f 3011 3010 3009
f 3009 3012 3011
f 3015 3014 3013
f 2884 2883 3013
f 2883 3015 3013
f 2883 3016 3015
f 2883 2886 3016
f 3016 2886 3017
f 3009 3010 2889
f 3010 2888 2889
f 3010 3018 2888
f 3019 3012 3009
f 2889 3019 3009
f 2890 3019 2889
f 2891 3013 3014
f 3019 2891 3014
f 2890 2891 3019
f 3013 2891 2884
f 3020 3017 2886
f 3020 2886 2892
f 3022 3021 2894
f 3021 2892 2894
f 3021 3020 2892
f 3022 3023 3021
f 2895 2888 3024
f 2888 3025 3024
f 2888 3018 3025
f 3024 2896 2895
f 2898 3026 3022
f 2898 3022 2894
f 3023 3022 3027
f 3027 3022 3026
f 3024 3025 3028
f 3028 3025 3029
f 3028 2899 2896
f 3028 2896 3024
f 2901 3030 2900
f 3030 3031 2900
f 2900 3031 2898
f 3031 3032 2898
f 3032 3026 2898
f 3026 3032 3027
f 3029 3033 3028
f 3033 3035 3034
f 3033 3034 2902
f 3028 3033 2902
f 2899 3028 2902
f 3034 2904 2902
f 2905 3036 3030
f 2905 3030 2901
f 3031 3030 3037
f 3037 3030 3036
f 3035 3038 3034
f 2904 3034 3038
f 3039 2904 3038
f 2906 2904 3039
f 2907 3040 3036
f 2907 3036 2905
f 3037 3036 3041
f 3041 3036 3040
f 3039 2908 2906
f 3042 2908 3039
f 2909 3043 3040
f 2909 3040 2907
f 3041 3040 3044
f 3040 3045 3044
f 3040 3043 3045
f 3045 3046 3044
f 3042 2910 2908
f 3047 2910 3042
f 2911 3043 2909
f 3043 2911 2912
f 3048 3043 2912
f 3045 3043 3048
f 3046 3045 3049
f 3045 3050 3049
f 3045 3048 3050
f 3050 3051 3049
f 3047 2913 2910
f 3052 2913 3047
f 3055 3054 3053
f 3057 3056 3053
f 3057 3053 3054
f 2912 2914 3048
f 3056 3057 3058
f 3048 2914 2916
f 3059 3048 2916
f 3050 3048 3059
f 3051 3050 3060
f 3060 3050 3059
f 3062 2918 3061
f 2918 3052 3061
f 2918 2913 3052
f 3062 3061 3055
f 3053 3062 3055
f 3063 3062 3053
f 3064 3053 3056
f 3063 3053 3064
f 3056 3058 3065
f 3056 3065 3064
f 2919 3066 3059
f 2919 3059 2916
f 3060 3059 3067
f 3067 3059 3066
f 3062 2920 2918
f 2920 3062 2921
f 3062 3068 2921
f 3062 3063 3068
f 3064 3070 3069
f 3068 3064 3069
f 3063 3064 3068
f 3070 3064 3065
f 2922 3066 2919
f 3072 3071 2923
f 2923 3071 2922
f 3071 3067 2922
f 3067 3066 2922
f 3072 3073 3071
f 3074 2925 3068
f 3068 2925 2921
f 3068 3069 3075
f 3068 3075 3074
f 2927 3072 2923
f 3076 3073 3072
f 2927 3076 3072
f 2928 3076 2927
f 3078 3077 2929
f 3077 2928 2929
f 3077 3076 2928
f 3078 3079 3077
f 3074 2930 2925
f 2931 2930 3074
f 3080 2931 3074
f 3075 3080 3074
f 3081 2931 3080
f 3082 2932 2931
f 3082 2931 3081
f 3083 2935 2932
f 3083 2932 3082
f 3083 2936 2935
f 2937 3078 2929
f 3085 3084 2938
f 2938 3084 2937
f 3084 3079 2937
f 3079 3078 2937
f 3085 3086 3084
f 3080 3087 3081
f 3081 3087 3082
f 3082 3087 3088
f 3082 3088 3083
f 3083 3088 3089
f 2936 3083 3089
f 3090 2936 3089
f 2939 2936 3090
f 2940 3091 3085
f 2940 3085 2938
f 3086 3085 3092
f 3085 3093 3092
f 3085 3091 3093
f 3093 3094 3092
f 2941 2939 3095
f 2939 3096 3095
f 2939 3090 3096
f 3095 2942 2941
f 2943 3091 2940
f 3091 2943 2944
f 3097 3091 2944
f 3093 3091 3097
f 3094 3093 3098
f 3093 3099 3098
f 3093 3097 3099
f 3099 3100 3098
f 3095 3096 3101
f 3101 3096 3102
f 3101 2945 2942
f 3101 2942 3095
f 2946 3097 2944
f 3097 2946 2948
f 3103 3097 2948
f 3099 3097 3103
f 3100 3099 3104
f 3104 3099 3103
f 3101 3102 3105
f 3105 3102 3106
f 3105 2949 2945
f 3105 2945 3101
f 2950 3107 3103
f 2950 3103 2948
f 3104 3103 3108
f 3103 3109 3108
f 3103 3107 3109
f 3111 3110 3109
f 3109 3110 3108
f 3111 3112 3110
f 3105 3106 3113
f 3113 3106 3114
f 3113 2951 2949
f 3113 2949 3105
f 2952 3107 2950
f 3107 2952 2954
f 3115 3107 2954
f 3109 3107 3115
f 3109 3116 3111
f 3109 3115 3116
f 3112 3111 3117
f 3117 3111 3116
f 3114 3118 3113
f 2951 3113 3118
f 3119 2951 3118
f 2955 2951 3119
f 2956 3120 3115
f 2956 3115 2954
f 3115 3121 3116
f 3115 3120 3121
f 3117 3116 3122
f 3122 3116 3121
f 3119 3123 2955
f 2955 3123 2957
f 2958 2957 3123
f 2958 3123 3124
f 2959 3120 2956
f 3120 2959 2961
f 3125 3120 2961
f 3121 3120 3125
f 3122 3121 3126
f 3121 3127 3126
f 3121 3125 3127
f 3127 3128 3126
f 2962 2958 3129
f 2958 3130 3129
f 2958 3124 3130
f 3129 2964 2962
f 2966 3125 2961
f 3125 2966 2968
f 3131 3125 2968
f 3127 3125 3131
f 3128 3127 3132
f 3132 3127 3131
f 3129 3130 3133
f 3133 3130 3134
f 3133 2969 2964
f 3133 2964 3129
f 2971 3131 2968
f 3136 3135 2973
f 2973 3135 2971
f 3135 3132 2971
f 3132 3131 2971
f 3136 3137 3135
f 3134 3138 3133
f 2969 3133 3138
f 3139 2969 3138
f 2975 2969 3139
f 2977 3140 3136
f 2977 3136 2973
f 3137 3136 3141
f 3141 3136 3140
f 3139 2979 2975
f 3142 2979 3139
f 2981 3143 3140
f 2981 3140 2977
f 3141 3140 3144
f 3144 3140 3143
f 3142 2983 2979
f 3145 2983 3142
f 2986 3146 2987
f 3146 3147 2987
f 2987 3147 2981
f 3147 3148 2981
f 3148 3143 2981
f 3143 3148 3144
f 3151 3150 3149
f 3145 3151 3149
f 2989 3145 3149
f 2983 3145 2989
f 3153 3152 3146
f 2986 3153 3146
f 2992 3153 2986
f 3146 3152 3147
f 3149 3150 3154
f 3154 3150 3155
f 3154 2994 2989
f 3154 2989 3149
f 3157 3156 2999
f 3157 2999 2998
f 2992 2999 3153
f 3153 2999 3156
f 3155 3158 3154
f 2994 3154 3158
f 3159 2994 3158
f 3001 2994 3159
f 3161 3160 3005
f 3161 3005 3004
f 2998 3005 3157
f 3157 3005 3160
f 3006 3001 3162
f 3001 3163 3162
f 3001 3159 3163
f 3164 3007 3006
f 3164 3006 3162
f 3007 3164 3165
f 3166 3007 3165
f 3008 3007 3166
f 3004 3008 3161
f 3161 3008 3166
f 3163 3167 3162
f 3162 3167 3164
f 3164 3167 3168
f 3164 3168 3165
f 3170 3169 3011
f 3011 3169 3010
f 3172 3171 3012
f 3171 3011 3012
f 3171 3170 3011
f 3014 3015 3172
f 3015 3171 3172
f 3015 3173 3171
f 3174 3015 3016
f 3174 3173 3015
f 3176 3175 3017
f 3175 3016 3017
f 3175 3174 3016
f 3176 3177 3175
f 3169 3018 3010
f 3178 3018 3169
f 3019 3172 3012
f 3172 3019 3014
f 3020 3176 3017
f 3179 3177 3176
f 3020 3179 3176
f 3021 3179 3020
f 3181 3180 3023
f 3180 3021 3023
f 3180 3179 3021
f 3183 3182 3181
f 3181 3182 3180
f 3183 3184 3182
f 3178 3025 3018
f 3185 3025 3178
f 3027 3186 3181
f 3027 3181 3023
f 3181 3187 3183
f 3181 3186 3187
f 3184 3183 3188
f 3188 3183 3187
f 3185 3029 3025
f 3189 3029 3185
f 3031 3190 3032
f 3186 3027 3032
f 3190 3186 3032
f 3191 3186 3190
f 3186 3192 3187
f 3186 3191 3192
f 3188 3187 3193
f 3193 3187 3192
f 3189 3194 3029
f 3029 3194 3033
f 3035 3033 3194
f 3035 3194 3195
f 3037 3196 3190
f 3037 3190 3031
f 3190 3197 3191
f 3190 3196 3197
f 3199 3192 3198
f 3192 3197 3198
f 3192 3191 3197
f 3199 3200 3192
f 3200 3201 3192
f 3202 3193 3192
f 3202 3192 3201
f 3201 3203 3202
f 3038 3035 3204
f 3035 3205 3204
f 3035 3195 3205
f 3204 3039 3038
f 3041 3206 3196
f 3041 3196 3037
f 3196 3207 3197
f 3196 3206 3207
f 3198 3197 3208
f 3208 3197 3207
f 3200 3209 3201
f 3201 3209 3203
f 3205 3210 3204
f 3039 3204 3210
f 3211 3039 3210
f 3042 3039 3211
f 3044 3206 3041
f 3206 3044 3046
f 3212 3206 3046
f 3207 3206 3212
f 3208 3207 3213
f 3207 3214 3213
f 3207 3212 3214
f 3216 3215 3214
f 3214 3215 3213
f 3216 3217 3215
f 3211 3047 3042
f 3218 3047 3211
f 3049 3212 3046
f 3212 3049 3051
f 3219 3212 3051
f 3214 3212 3219
f 3221 3216 3220
f 3216 3219 3220
f 3216 3214 3219
f 3216 3221 3217
f 3224 3223 3222
f 3218 3224 3222
f 3052 3218 3222
f 3047 3218 3052
f 3055 3225 3054
f 3226 3057 3054
f 3226 3054 3225
f 3226 3058 3057
f 3060 3227 3219
f 3060 3219 3051
f 3220 3219 3228
f 3228 3219 3227
f 3222 3223 3229
f 3229 3223 3230
f 3222 3229 3052
f 3229 3231 3052
f 3231 3061 3052
f 3229 3232 3231
f 3055 3061 3225
f 3061 3233 3225
f 3061 3231 3233
f 3235 3234 3233
f 3234 3225 3233
f 3234 3226 3225
f 3234 3065 3058
f 3234 3058 3226
f 3067 3236 3227
f 3067 3227 3060
f 3228 3227 3237
f 3237 3227 3236
f 3229 3230 3238
f 3238 3230 3239
f 3232 3229 3240
f 3240 3229 3238
f 3234 3235 3070
f 3235 3069 3070
f 3235 3241 3069
f 3234 3070 3065
f 3071 3236 3067
f 3243 3242 3073
f 3073 3242 3071
f 3242 3237 3071
f 3237 3236 3071
f 3245 3244 3243
f 3243 3244 3242
f 3245 3246 3244
f 3239 3247 3238
f 3238 3247 3240
f 3241 3075 3069
f 3248 3075 3241
f 3076 3243 3073
f 3243 3076 3077
f 3243 3077 3245
f 3250 3249 3079
f 3079 3249 3077
f 3249 3246 3077
f 3246 3245 3077
f 3252 3251 3250
f 3250 3251 3249
f 3252 3253 3251
f 3248 3080 3075
f 3254 3080 3248
f 3084 3250 3079
f 3250 3084 3086
f 3255 3250 3086
f 3252 3250 3255
f 3253 3252 3256
f 3256 3252 3255
f 3087 3080 3257
f 3080 3258 3257
f 3080 3254 3258
f 3259 3088 3087
f 3259 3087 3257
f 3260 3089 3088
f 3260 3088 3259
f 3260 3090 3089
f 3092 3255 3086
f 3262 3261 3094
f 3094 3261 3092
f 3261 3256 3092
f 3256 3255 3092
f 3262 3263 3261
f 3258 3264 3257
f 3266 3265 3264
f 3265 3257 3264
f 3265 3259 3257
f 3259 3267 3260
f 3259 3265 3267
f 3267 3096 3090
f 3267 3090 3260
f 3098 3262 3094
f 3269 3268 3100
f 3100 3268 3098
f 3268 3263 3098
f 3263 3262 3098
f 3271 3270 3269
f 3269 3270 3268
f 3271 3272 3270
f 3265 3266 3273
f 3273 3266 3274
f 3265 3275 3267
f 3265 3273 3275
f 3275 3102 3096
f 3275 3096 3267
f 3104 3276 3269
f 3104 3269 3100
f 3269 3277 3271
f 3269 3276 3277
f 3272 3271 3278
f 3271 3279 3278
f 3271 3277 3279
f 3279 3280 3278
f 3274 3281 3273
f 3283 3282 3281
f 3282 3273 3281
f 3282 3275 3273
f 3282 3106 3102
f 3282 3102 3275
f 3108 3276 3104
f 3276 3108 3110
f 3276 3110 3277
f 3277 3110 3112
f 3284 3277 3112
f 3279 3277 3284
f 3280 3279 3285
f 3285 3279 3284
f 3282 3283 3286
f 3286 3283 3287
f 3286 3114 3106
f 3286 3106 3282
f 3117 3288 3284
f 3117 3284 3112
f 3285 3284 3289
f 3289 3284 3288
f 3286 3287 3290
f 3290 3287 3291
f 3292 3118 3114
f 3286 3292 3114
f 3290 3292 3286
f 3292 3119 3118
f 3122 3293 3288
f 3122 3288 3117
f 3289 3288 3294
f 3288 3295 3294
f 3288 3293 3295
f 3295 3296 3294
f 3291 3297 3290
f 3299 3298 3297
f 3298 3290 3297
f 3298 3292 3290
f 3300 3123 3119
f 3292 3300 3119
f 3298 3300 3292
f 3300 3124 3123
f 3126 3293 3122
f 3293 3126 3128
f 3301 3293 3128
f 3295 3293 3301
f 3296 3295 3302
f 3302 3295 3301
f 3299 3303 3298
f 3305 3304 3303
f 3304 3298 3303
f 3304 3300 3298
f 3304 3130 3124
f 3304 3124 3300
f 3132 3306 3301
f 3132 3301 3128
f 3302 3301 3307
f 3307 3301 3306
f 3304 3305 3308
f 3308 3305 3309
f 3308 3134 3130
f 3308 3130 3304
f 3135 3306 3132
f 3135 3137 3306
f 3137 3307 3306
f 3137 3310 3307
f 3308 3309 3311
f 3311 3309 3312
f 3313 3138 3134
f 3308 3313 3134
f 3311 3313 3308
f 3313 3139 3138
f 3141 3310 3137
f 3141 3314 3310
f 3312 3315 3311
f 3317 3316 3315
f 3316 3311 3315
f 3316 3313 3311
f 3316 3142 3139
f 3316 3139 3313
f 3144 3314 3141
f 3144 3318 3314
f 3316 3317 3319
f 3319 3317 3320
f 3319 3145 3142
f 3319 3142 3316
f 3147 3321 3148
f 3321 3322 3148
f 3322 3144 3148
f 3322 3318 3144
f 3319 3320 3151
f 3320 3150 3151
f 3320 3323 3150
f 3319 3151 3145
f 3325 3324 3152
f 3325 3152 3153
f 3147 3152 3321
f 3152 3326 3321
f 3152 3324 3326
f 3321 3326 3322
f 3323 3155 3150
f 3327 3155 3323
f 3329 3328 3156
f 3329 3156 3157
f 3153 3156 3325
f 3325 3156 3328
f 3158 3155 3330
f 3155 3331 3330
f 3155 3327 3331
f 3330 3159 3158
f 3333 3332 3160
f 3333 3160 3161
f 3157 3160 3329
f 3329 3160 3332
f 3331 3334 3330
f 3159 3330 3334
f 3335 3159 3334
f 3163 3159 3335
f 3337 3336 3166
f 3337 3166 3165
f 3161 3166 3333
f 3333 3166 3336
f 3335 3338 3163
f 3163 3338 3167
f 3167 3339 3168
f 3338 3339 3167
f 3165 3168 3337
f 3337 3168 3339
f 3341 3340 3170
f 3170 3340 3169
f 3342 3170 3171
f 3342 3341 3170
f 3343 3171 3173
f 3343 3342 3171
f 3344 3173 3174
f 3344 3343 3173
f 3345 3174 3175
f 3345 3344 3174
f 3175 3177 3345
f 3345 3177 3346
f 3340 3178 3169
f 3347 3178 3340
f 3348 3346 3177
f 3348 3177 3179
f 3349 3179 3180
f 3349 3348 3179
f 3350 3180 3182
f 3350 3349 3180
f 3352 3351 3184
f 3351 3182 3184
f 3351 3350 3182
f 3352 3353 3351
f 3347 3185 3178
f 3354 3185 3347
f 3188 3355 3352
f 3188 3352 3184
f 3353 3352 3356
f 3352 3357 3356
f 3352 3355 3357
f 3357 3358 3356
f 3354 3189 3185
f 3359 3189 3354
f 3193 3360 3355
f 3193 3355 3188
f 3355 3361 3357
f 3355 3360 3361
f 3358 3357 3362
f 3362 3357 3361
f 3359 3363 3189
f 3189 3363 3194
f 3195 3194 3363
f 3195 3363 3364
f 3198 3365 3199
f 3202 3360 3193
f 3200 3199 3365
f 3360 3202 3203
f 3366 3360 3203
f 3361 3360 3366
f 3362 3361 3367
f 3367 3361 3366
f 3364 3205 3195
f 3368 3205 3364
f 3208 3369 3365
f 3208 3365 3198
f 3370 3209 3200
f 3365 3370 3200
f 3369 3370 3365
f 3366 3203 3209
f 3370 3366 3209
f 3371 3366 3370
f 3367 3366 3372
f 3372 3366 3371
f 3210 3205 3373
f 3205 3374 3373
f 3205 3368 3374
f 3373 3211 3210
f 3213 3369 3208
f 3369 3213 3215
f 3369 3215 3370
f 3370 3215 3217
f 3375 3370 3217
f 3371 3370 3375
f 3372 3371 3376
f 3371 3377 3376
f 3371 3375 3377
f 3377 3378 3376
f 3373 3374 3379
f 3379 3374 3380
f 3379 3218 3211
f 3379 3211 3373
f 3220 3381 3221
f 3375 3217 3221
f 3381 3375 3221
f 3382 3375 3381
f 3384 3377 3383
f 3377 3382 3383
f 3377 3375 3382
f 3377 3384 3378
f 3379 3380 3224
f 3380 3223 3224
f 3380 3385 3223
f 3379 3224 3218
f 3228 3386 3381
f 3228 3381 3220
f 3381 3387 3382
f 3381 3386 3387
f 3383 3382 3388
f 3388 3382 3387
f 3385 3230 3223
f 3389 3230 3385
f 3232 3390 3231
f 3391 3233 3231
f 3391 3231 3390
f 3391 3235 3233
f 3237 3392 3386
f 3237 3386 3228
f 3386 3393 3387
f 3386 3392 3393
f 3388 3387 3394
f 3387 3395 3394
f 3387 3393 3395
f 3397 3396 3395
f 3395 3396 3394
f 3399 3398 3397
f 3397 3398 3396
f 3399 3400 3398
f 3389 3239 3230
f 3401 3239 3389
f 3240 3402 3390
f 3240 3390 3232
f 3390 3403 3391
f 3390 3402 3403
f 3403 3241 3235
f 3403 3235 3391
f 3242 3392 3237
f 3392 3242 3244
f 3392 3244 3393
f 3393 3244 3246
f 3404 3393 3246
f 3395 3393 3404
f 3395 3405 3397
f 3395 3404 3405
f 3397 3406 3399
f 3397 3405 3406
f 3400 3399 3407
f 3399 3408 3407
f 3399 3406 3408
f 3408 3409 3407
f 3247 3239 3410
f 3239 3411 3410
f 3239 3401 3411
f 3402 3240 3247
f 3410 3402 3247
f 3412 3402 3410
f 3402 3413 3403
f 3402 3412 3413
f 3413 3248 3241
f 3413 3241 3403
f 3249 3404 3246
f 3404 3249 3251
f 3404 3251 3405
f 3405 3251 3253
f 3414 3405 3253
f 3406 3405 3414
f 3406 3415 3408
f 3406 3414 3415
f 3409 3408 3416
f 3416 3408 3415
f 3411 3417 3410
f 3410 3417 3412
f 3412 3417 3418
f 3420 3419 3418
f 3419 3412 3418
f 3419 3413 3412
f 3419 3254 3248
f 3419 3248 3413
f 3256 3421 3414
f 3256 3414 3253
f 3414 3422 3415
f 3414 3421 3422
f 3416 3415 3423
f 3423 3415 3422
f 3420 3424 3419
f 3254 3419 3424
f 3425 3254 3424
f 3258 3254 3425
f 3261 3421 3256
f 3421 3261 3263
f 3426 3421 3263
f 3422 3421 3426
f 3423 3422 3427
f 3422 3428 3427
f 3422 3426 3428
f 3428 3429 3427
f 3264 3258 3430
f 3258 3431 3430
f 3258 3425 3431
f 3430 3266 3264
f 3268 3426 3263
f 3426 3268 3270
f 3426 3270 3428
f 3433 3432 3272
f 3272 3432 3270
f 3432 3429 3270
f 3429 3428 3270
f 3433 3434 3432
f 3431 3435 3430
f 3266 3430 3435
f 3436 3266 3435
f 3274 3266 3436
f 3278 3433 3272
f 3438 3437 3280
f 3280 3437 3278
f 3437 3434 3278
f 3434 3433 3278
f 3440 3439 3438
f 3438 3439 3437
f 3440 3441 3439
f 3281 3274 3442
f 3274 3443 3442
f 3274 3436 3443
f 3442 3283 3281
f 3285 3444 3438
f 3285 3438 3280
f 3438 3445 3440
f 3438 3444 3445
f 3441 3440 3446
f 3446 3440 3445
f 3442 3443 3447
f 3447 3443 3448
f 3447 3287 3283
f 3447 3283 3442
f 3289 3449 3444
f 3289 3444 3285
f 3444 3450 3445
f 3444 3449 3450
f 3446 3445 3451
f 3451 3445 3450
f 3448 3452 3447
f 3287 3447 3452
f 3453 3287 3452
f 3291 3287 3453
f 3294 3449 3289
f 3449 3294 3296
f 3454 3449 3296
f 3450 3449 3454
f 3451 3450 3455
f 3455 3450 3454
f 3297 3291 3456
f 3291 3457 3456
f 3291 3453 3457
f 3456 3299 3297
f 3459 3458 3454
f 3296 3459 3454
f 3302 3459 3296
f 3454 3458 3455
f 3457 3460 3456
f 3460 3462 3461
f 3460 3461 3303
f 3456 3460 3303
f 3299 3456 3303
f 3461 3305 3303
f 3307 3459 3302
f 3307 3463 3459
f 3461 3462 3464
f 3464 3462 3465
f 3464 3309 3305
f 3464 3305 3461
f 3310 3463 3307
f 3310 3466 3463
f 3465 3467 3464
f 3309 3464 3467
f 3468 3309 3467
f 3312 3309 3468
f 3314 3466 3310
f 3314 3469 3466
f 3315 3312 3470
f 3312 3471 3470
f 3312 3468 3471
f 3470 3317 3315
f 3318 3469 3314
f 3318 3472 3469
f 3470 3471 3473
f 3473 3471 3474
f 3473 3320 3317
f 3473 3317 3470
f 3322 3472 3318
f 3322 3475 3472
f 3473 3474 3476
f 3476 3474 3477
f 3476 3323 3320
f 3476 3320 3473
f 3325 3478 3324
f 3324 3478 3479
f 3480 3324 3479
f 3326 3324 3480
f 3322 3326 3475
f 3475 3326 3480
f 3476 3477 3481
f 3481 3477 3482
f 3481 3327 3323
f 3481 3323 3476
f 3329 3483 3328
f 3483 3484 3328
f 3328 3484 3325
f 3484 3485 3325
f 3485 3478 3325
f 3478 3485 3479
f 3482 3486 3481
f 3327 3481 3486
f 3487 3327 3486
f 3331 3327 3487
f 3333 3488 3332
f 3488 3489 3332
f 3332 3489 3329
f 3489 3490 3329
f 3490 3483 3329
f 3483 3490 3484
f 3334 3331 3491
f 3331 3492 3491
f 3331 3487 3492
f 3491 3335 3334
f 3494 3493 3336
f 3494 3336 3337
f 3333 3336 3488
f 3336 3495 3488
f 3336 3493 3495
f 3488 3495 3489
f 3492 3496 3491
f 3491 3496 3335
f 3496 3338 3335
f 3496 3497 3338
f 3338 3498 3339
f 3497 3498 3338
f 3337 3339 3494
f 3494 3339 3498
f 3500 3499 3341
f 3341 3499 3340
f 3501 3341 3342
f 3501 3500 3341
f 3502 3342 3343
f 3502 3501 3342
f 3503 3343 3344
f 3503 3502 3343
f 3504 3344 3345
f 3504 3503 3344
f 3345 3346 3504
f 3504 3346 3505
f 3499 3347 3340
f 3506 3347 3499
f 3507 3505 3346
f 3507 3346 3348
f 3508 3348 3349
f 3508 3507 3348
f 3509 3349 3350
f 3509 3508 3349
f 3510 3350 3351
f 3510 3509 3350
f 3512 3511 3353
f 3511 3351 3353
f 3511 3510 3351
f 3512 3513 3511
f 3506 3354 3347
f 3514 3354 3506
f 3356 3512 3353
f 3516 3515 3358
f 3358 3515 3356
f 3515 3513 3356
f 3513 3512 3356
f 3516 3517 3515
f 3520 3519 3518
f 3514 3520 3518
f 3359 3514 3518
f 3354 3514 3359
f 3362 3521 3516
f 3362 3516 3358
f 3517 3516 3522
f 3522 3516 3521
f 3519 3523 3518
f 3523 3525 3524
f 3523 3524 3363
f 3518 3523 3363
f 3359 3518 3363
f 3524 3364 3363
f 3367 3526 3521
f 3367 3521 3362
f 3522 3521 3527
f 3527 3521 3526
f 3524 3525 3528
f 3528 3525 3529
f 3528 3368 3364
f 3528 3364 3524
f 3372 3530 3526
f 3372 3526 3367
f 3527 3526 3531
f 3526 3532 3531
f 3526 3530 3532
f 3534 3533 3532
f 3532 3533 3531
f 3534 3535 3533
f 3528 3529 3536
f 3536 3529 3537
f 3536 3374 3368
f 3536 3368 3528
f 3376 3530 3372
f 3530 3376 3378
f 3538 3530 3378
f 3532 3530 3538
f 3532 3539 3534
f 3532 3538 3539
f 3535 3534 3540
f 3540 3534 3539
f 3536 3537 3541
f 3541 3537 3542
f 3541 3380 3374
f 3541 3374 3536
f 3383 3543 3384
f 3538 3378 3384
f 3543 3538 3384
f 3544 3538 3543
f 3538 3545 3539
f 3538 3544 3545
f 3540 3539 3546
f 3546 3539 3545
f 3541 3542 3547
f 3547 3542 3548
f 3547 3385 3380
f 3547 3380 3541
f 3388 3549 3543
f 3388 3543 3383
f 3543 3550 3544
f 3543 3549 3550
f 3544 3551 3545
f 3544 3550 3551
f 3546 3545 3552
f 3552 3545 3551
f 3547 3548 3553
f 3553 3548 3554
f 3553 3389 3385
f 3553 3385 3547
f 3394 3549 3388
f 3549 3394 3396
f 3549 3396 3550
f 3550 3396 3398
f 3550 3398 3551
f 3556 3555 3400
f 3400 3555 3398
f 3555 3552 3398
f 3552 3551 3398
f 3556 3557 3555
f 3554 3558 3553
f 3389 3553 3558
f 3559 3389 3558
f 3401 3389 3559
f 3407 3556 3400
f 3561 3560 3409
f 3409 3560 3407
f 3560 3557 3407
f 3557 3556 3407
f 3561 3562 3560
f 3559 3411 3401
f 3563 3411 3559
f 3416 3564 3561
f 3416 3561 3409
f 3562 3561 3565
f 3565 3561 3564
f 3563 3566 3411
f 3411 3566 3417
f 3566 3568 3567
f 3418 3566 3567
f 3417 3566 3418
f 3567 3420 3418
f 3423 3569 3564
f 3423 3564 3416
f 3565 3564 3570
f 3570 3564 3569
f 3568 3571 3567
f 3571 3573 3572
f 3571 3572 3424
f 3567 3571 3424
f 3420 3567 3424
f 3572 3425 3424
f 3427 3569 3423
f 3575 3574 3429
f 3429 3574 3427
f 3574 3570 3427
f 3570 3569 3427
f 3575 3576 3574
f 3573 3577 3572
f 3425 3572 3577
f 3578 3425 3577
f 3431 3425 3578
f 3432 3575 3429
f 3432 3434 3575
f 3434 3576 3575
f 3434 3579 3576
f 3435 3431 3580
f 3431 3581 3580
f 3431 3578 3581
f 3580 3436 3435
f 3582 3579 3434
f 3582 3434 3437
f 3583 3437 3439
f 3583 3582 3437
f 3439 3441 3583
f 3583 3441 3584
f 3581 3585 3580
f 3436 3580 3585
f 3586 3436 3585
f 3443 3436 3586
f 3446 3588 3587
f 3584 3446 3587
f 3441 3446 3584
f 3588 3589 3587
f 3586 3448 3443
f 3590 3448 3586
f 3451 3591 3588
f 3451 3588 3446
f 3589 3588 3592
f 3592 3588 3591
f 3452 3448 3593
f 3448 3594 3593
f 3448 3590 3594
f 3593 3453 3452
f 3596 3595 3591
f 3451 3596 3591
f 3455 3596 3451
f 3591 3595 3592
f 3594 3597 3593
f 3453 3593 3597
f 3598 3453 3597
f 3457 3453 3598
f 3459 3599 3458
f 3599 3600 3458
f 3600 3455 3458
f 3600 3596 3455
f 3460 3457 3601
f 3457 3602 3601
f 3457 3598 3602
f 3601 3462 3460
f 3463 3603 3599
f 3463 3599 3459
f 3600 3599 3604
f 3604 3599 3603
f 3602 3605 3601
f 3462 3601 3605
f 3606 3462 3605
f 3465 3462 3606
f 3466 3607 3603
f 3466 3603 3463
f 3604 3603 3608
f 3608 3603 3607
f 3467 3465 3609
f 3465 3610 3609
f 3465 3606 3610
f 3609 3468 3467
f 3469 3611 3607
f 3469 3607 3466
f 3608 3607 3612
f 3612 3607 3611
f 3609 3610 3613
f 3613 3610 3614
f 3613 3471 3468
f 3613 3468 3609
f 3472 3615 3611
f 3472 3611 3469
f 3612 3611 3616
f 3616 3611 3615
f 3614 3617 3613
f 3471 3613 3617
f 3618 3471 3617
f 3474 3471 3618
f 3475 3619 3615
f 3475 3615 3472
f 3616 3615 3620
f 3620 3615 3619
f 3618 3477 3474
f 3621 3477 3618
f 3623 3622 3480
f 3623 3480 3479
f 3475 3480 3619
f 3480 3624 3619
f 3480 3622 3624
f 3619 3624 3620
f 3621 3482 3477
f 3625 3482 3621
f 3627 3626 3485
f 3627 3485 3484
f 3479 3485 3623
f 3623 3485 3626
f 3486 3482 3628
f 3482 3629 3628
f 3482 3625 3629
f 3628 3487 3486
f 3631 3630 3490
f 3631 3490 3489
f 3484 3490 3627
f 3627 3490 3630
f 3629 3632 3628
f 3487 3628 3632
f 3633 3487 3632
f 3492 3487 3633
f 3494 3634 3493
f 3493 3634 3635
f 3636 3493 3635
f 3495 3493 3636
f 3489 3495 3631
f 3631 3495 3636
f 3633 3637 3492
f 3492 3637 3496
f 3496 3638 3497
f 3637 3638 3496
f 3497 3639 3498
f 3638 3639 3497
f 3494 3498 3634
f 3498 3640 3634
f 3498 3639 3640
f 3634 3640 3635
f 3641 3499 3500
f 3641 3500 3642
f 3500 3643 3642
f 3500 3501 3643
f 3644 3501 3502
f 3644 3643 3501
f 3645 3502 3503
f 3645 3644 3502
f 3646 3503 3504
f 3646 3645 3503
f 3504 3505 3646
f 3646 3505 3647
f 3650 3649 3648
f 3652 3651 3648
f 3648 3651 3650
f 3652 3653 3651
f 3655 3654 3641
f 3654 3499 3641
f 3654 3506 3499
f 3655 3641 3642
f 3656 3647 3505
f 3656 3505 3507
f 3508 3648 3649
f 3656 3508 3649
f 3507 3508 3656
f 3648 3508 3509
f 3648 3509 3652
f 3657 3653 3652
f 3509 3657 3652
f 3510 3657 3509
f 3658 3510 3511
f 3658 3657 3510
f 3511 3513 3658
f 3658 3513 3659
f 3662 3661 3660
f 3654 3662 3660
f 3514 3654 3660
f 3506 3654 3514
f 3663 3659 3513
f 3663 3513 3515
f 3515 3517 3663
f 3663 3517 3664
f 3660 3661 3520
f 3661 3519 3520
f 3661 3665 3519
f 3660 3520 3514
f 3522 3664 3517
f 3522 3666 3664
f 3523 3519 3667
f 3519 3668 3667
f 3519 3665 3668
f 3667 3525 3523
f 3527 3670 3669
f 3666 3527 3669
f 3522 3527 3666
f 3670 3671 3669
f 3667 3668 3672
f 3672 3668 3673
f 3672 3529 3525
f 3672 3525 3667
f 3531 3670 3527
f 3674 3671 3670
f 3531 3674 3670
f 3533 3674 3531
f 3533 3535 3674
f 3674 3535 3675
f 3672 3673 3676
f 3676 3673 3677
f 3676 3537 3529
f 3676 3529 3672
f 3540 3679 3678
f 3675 3540 3678
f 3535 3540 3675
f 3679 3680 3678
f 3676 3677 3681
f 3681 3677 3682
f 3681 3542 3537
f 3681 3537 3676
f 3546 3683 3679
f 3546 3679 3540
f 3680 3679 3684
f 3684 3679 3683
f 3681 3682 3685
f 3685 3682 3686
f 3685 3548 3542
f 3685 3542 3681
f 3552 3687 3683
f 3552 3683 3546
f 3684 3683 3688
f 3683 3689 3688
f 3683 3687 3689
f 3689 3690 3688
f 3686 3691 3685
f 3548 3685 3691
f 3692 3548 3691
f 3554 3548 3692
f 3555 3687 3552
f 3687 3555 3557
f 3693 3687 3557
f 3689 3687 3693
f 3690 3689 3694
f 3694 3689 3693
f 3692 3695 3554
f 3554 3695 3558
f 3559 3558 3695
f 3559 3695 3696
f 3560 3693 3557
f 3560 3562 3693
f 3562 3694 3693
f 3562 3697 3694
f 3699 3563 3698
f 3563 3696 3698
f 3563 3559 3696
f 3700 3699 3698
f 3565 3697 3562
f 3565 3701 3697
f 3699 3566 3563
f 3703 3702 3568
f 3703 3568 3566
f 3700 3703 3566
f 3699 3700 3566
f 3704 3702 3703
f 3570 3701 3565
f 3570 3705 3701
f 3702 3571 3568
f 3573 3571 3702
f 3704 3573 3702
f 3706 3573 3704
f 3707 3705 3570
f 3707 3570 3574
f 3574 3576 3707
f 3707 3576 3708
f 3577 3573 3709
f 3573 3710 3709
f 3573 3706 3710
f 3709 3578 3577
f 3579 3712 3711
f 3708 3579 3711
f 3576 3579 3708
f 3714 3713 3712
f 3712 3713 3711
f 3714 3715 3713
f 3710 3716 3709
f 3578 3709 3716
f 3717 3578 3716
f 3581 3578 3717
f 3582 3712 3579
f 3712 3582 3583
f 3712 3583 3714
f 3719 3718 3584
f 3584 3718 3583
f 3718 3715 3583
f 3715 3714 3583
f 3719 3720 3718
f 3585 3581 3721
f 3581 3722 3721
f 3581 3717 3722
f 3721 3586 3585
f 3587 3719 3584
f 3587 3589 3719
f 3589 3720 3719
f 3589 3723 3720
f 3722 3724 3721
f 3586 3721 3724
f 3725 3586 3724
f 3590 3586 3725
f 3592 3723 3589
f 3592 3726 3723
f 3725 3594 3590
f 3727 3594 3725
f 3596 3728 3595
f 3728 3729 3595
f 3729 3592 3595
f 3729 3726 3592
f 3597 3594 3730
f 3594 3731 3730
f 3594 3727 3731
f 3730 3598 3597
f 3733 3732 3728
f 3596 3733 3728
f 3600 3733 3596
f 3728 3732 3729
f 3731 3734 3730
f 3598 3730 3734
f 3735 3598 3734
f 3602 3598 3735
f 3604 3733 3600
f 3604 3736 3733
f 3605 3602 3737
f 3602 3738 3737
f 3602 3735 3738
f 3737 3606 3605
f 3608 3736 3604
f 3608 3739 3736
f 3738 3740 3737
f 3606 3737 3740
f 3741 3606 3740
f 3610 3606 3741
f 3612 3739 3608
f 3612 3742 3739
f 3741 3614 3610
f 3743 3614 3741
f 3616 3742 3612
f 3616 3744 3742
f 3617 3614 3745
f 3614 3746 3745
f 3614 3743 3746
f 3745 3618 3617
f 3620 3744 3616
f 3620 3747 3744
f 3745 3746 3748
f 3748 3746 3749
f 3748 3621 3618
f 3748 3618 3745
f 3751 3750 3622
f 3751 3622 3623
f 3622 3752 3624
f 3750 3752 3622
f 3620 3624 3747
f 3747 3624 3752
f 3748 3749 3753
f 3753 3749 3754
f 3753 3625 3621
f 3753 3621 3748
f 3627 3755 3626
f 3755 3756 3626
f 3756 3623 3626
f 3756 3751 3623
f 3754 3757 3753
f 3625 3753 3757
f 3758 3625 3757
f 3629 3625 3758
f 3631 3759 3630
f 3759 3760 3630
f 3630 3760 3627
f 3760 3761 3627
f 3761 3755 3627
f 3755 3761 3756
f 3632 3629 3762
f 3629 3763 3762
f 3629 3758 3763
f 3762 3633 3632
f 3635 3764 3636
f 3764 3765 3636
f 3636 3765 3631
f 3765 3766 3631
f 3766 3759 3631
f 3759 3766 3760
f 3763 3767 3762
f 3762 3767 3633
f 3767 3637 3633
f 3767 3768 3637
f 3637 3769 3638
f 3768 3769 3637
f 3638 3770 3639
f 3769 3770 3638
f 3639 3771 3640
f 3770 3771 3639
f 3635 3640 3764
f 3640 3772 3764
f 3640 3771 3772
f 3764 3772 3765
f 3773 3642 3643
f 3773 3643 3774
f 3643 3775 3774
f 3643 3644 3775
f 3776 3644 3645
f 3776 3775 3644
f 3777 3645 3646
f 3777 3776 3645
f 3779 3778 3647
f 3778 3646 3647
f 3778 3777 3646
f 3779 3649 3778
f 3649 3650 3778
f 3781 3780 3778
f 3781 3778 3650
f 3781 3650 3782
f 3650 3783 3782
f 3650 3651 3783
f 3651 3653 3783
f 3783 3653 3784
f 3787 3786 3785
f 3654 3655 3785
f 3655 3787 3785
f 3655 3788 3787
f 3655 3642 3773
f 3789 3655 3773
f 3788 3655 3789
f 3789 3773 3774
f 3656 3779 3647
f 3781 3790 3780
f 3649 3779 3656
f 3790 3781 3782
f 3791 3784 3653
f 3791 3653 3657
f 3792 3657 3658
f 3792 3791 3657
f 3658 3659 3792
f 3792 3659 3793
f 3785 3786 3662
f 3786 3661 3662
f 3786 3794 3661
f 3785 3662 3654
f 3795 3793 3659
f 3795 3659 3663
f 3663 3664 3795
f 3795 3664 3796
f 3794 3665 3661
f 3797 3665 3794
f 3666 3799 3798
f 3796 3666 3798
f 3664 3666 3796
f 3799 3800 3798
f 3797 3668 3665
f 3801 3668 3797
f 3669 3799 3666
f 3669 3671 3799
f 3671 3800 3799
f 3671 3802 3800
f 3801 3673 3668
f 3803 3673 3801
f 3804 3802 3671
f 3804 3671 3674
f 3806 3805 3675
f 3805 3674 3675
f 3805 3804 3674
f 3808 3807 3806
f 3806 3807 3805
f 3808 3809 3807
f 3803 3677 3673
f 3810 3677 3803
f 3678 3806 3675
f 3806 3678 3680
f 3811 3806 3680
f 3808 3806 3811
f 3809 3808 3812
f 3812 3808 3811
f 3810 3682 3677
f 3813 3682 3810
f 3684 3814 3811
f 3684 3811 3680
f 3812 3811 3815
f 3815 3811 3814
f 3813 3686 3682
f 3816 3686 3813
f 3688 3814 3684
f 3688 3690 3814
f 3690 3815 3814
f 3690 3817 3815
f 3816 3818 3686
f 3686 3818 3691
f 3692 3691 3818
f 3692 3818 3819
f 3694 3817 3690
f 3694 3820 3817
f 3819 3821 3692
f 3692 3821 3695
f 3696 3695 3821
f 3696 3821 3822
f 3697 3824 3823
f 3820 3697 3823
f 3694 3697 3820
f 3824 3825 3823
f 3822 3826 3696
f 3696 3826 3698
f 3700 3698 3826
f 3700 3826 3827
f 3701 3828 3824
f 3701 3824 3697
f 3825 3824 3829
f 3829 3824 3828
f 3703 3700 3830
f 3700 3831 3830
f 3700 3827 3831
f 3830 3704 3703
f 3705 3832 3828
f 3705 3828 3701
f 3829 3828 3833
f 3828 3834 3833
f 3828 3832 3834
f 3834 3835 3833
f 3831 3836 3830
f 3704 3830 3836
f 3837 3704 3836
f 3706 3704 3837
f 3707 3832 3705
f 3832 3707 3708
f 3838 3832 3708
f 3834 3832 3838
f 3835 3834 3839
f 3839 3834 3838
f 3837 3710 3706
f 3840 3710 3837
f 3711 3838 3708
f 3841 3839 3838
f 3711 3841 3838
f 3713 3841 3711
f 3713 3715 3841
f 3841 3715 3842
f 3840 3843 3710
f 3710 3843 3716
f 3717 3716 3843
f 3717 3843 3844
f 3845 3842 3715
f 3845 3715 3718
f 3718 3720 3845
f 3845 3720 3846
f 3844 3722 3717
f 3847 3722 3844
f 3723 3846 3720
f 3723 3848 3846
f 3724 3722 3849
f 3722 3850 3849
f 3722 3847 3850
f 3849 3725 3724
f 3726 3848 3723
f 3726 3851 3848
f 3849 3850 3852
f 3852 3850 3853
f 3852 3727 3725
f 3852 3725 3849
f 3729 3851 3726
f 3729 3854 3851
f 3853 3855 3852
f 3727 3852 3855
f 3856 3727 3855
f 3731 3727 3856
f 3733 3857 3732
f 3857 3858 3732
f 3858 3729 3732
f 3858 3854 3729
f 3734 3731 3859
f 3731 3860 3859
f 3731 3856 3860
f 3859 3735 3734
f 3862 3861 3857
f 3733 3862 3857
f 3736 3862 3733
f 3857 3861 3858
f 3859 3860 3863
f 3863 3860 3864
f 3863 3738 3735
f 3863 3735 3859
f 3739 3862 3736
f 3739 3865 3862
f 3864 3866 3863
f 3866 3868 3867
f 3866 3867 3740
f 3863 3866 3740
f 3738 3863 3740
f 3867 3741 3740
f 3742 3865 3739
f 3742 3869 3865
f 3867 3868 3870
f 3870 3868 3871
f 3870 3743 3741
f 3870 3741 3867
f 3744 3869 3742
f 3744 3872 3869
f 3870 3871 3873
f 3873 3871 3874
f 3873 3746 3743
f 3873 3743 3870
f 3747 3872 3744
f 3747 3875 3872
f 3878 3877 3876
f 3878 3876 3874
f 3876 3873 3874
f 3876 3879 3873
f 3879 3749 3746
f 3879 3746 3873
f 3751 3880 3750
f 3750 3880 3881
f 3882 3750 3881
f 3752 3750 3882
f 3747 3752 3875
f 3875 3752 3882
f 3877 3883 3876
f 3885 3884 3883
f 3884 3876 3883
f 3884 3879 3876
f 3884 3754 3749
f 3884 3749 3879
f 3887 3886 3880
f 3751 3887 3880
f 3756 3887 3751
f 3880 3886 3881
f 3885 3888 3884
f 3888 3890 3889
f 3888 3889 3757
f 3884 3888 3757
f 3754 3884 3757
f 3889 3758 3757
f 3892 3891 3761
f 3892 3761 3760
f 3756 3761 3887
f 3887 3761 3891
f 3890 3893 3889
f 3758 3889 3893
f 3894 3758 3893
f 3763 3758 3894
f 3896 3895 3766
f 3896 3766 3765
f 3760 3766 3892
f 3892 3766 3895
f 3767 3763 3897
f 3763 3898 3897
f 3763 3894 3898
f 3767 3897 3899
f 3900 3767 3899
f 3768 3767 3900
f 3768 3901 3769
f 3900 3901 3768
f 3769 3902 3770
f 3901 3902 3769
f 3770 3903 3771
f 3902 3903 3770
f 3771 3904 3772
f 3903 3904 3771
f 3765 3772 3896
f 3896 3772 3904
f 3898 3905 3897
f 3897 3905 3899
f 3906 3774 3775
f 3906 3775 3907
f 3775 3908 3907
f 3775 3776 3908
f 3909 3776 3777
f 3909 3908 3776
f 3911 3909 3910
f 3909 3778 3910
f 3909 3777 3778
f 3780 3910 3778
f 3912 3782 3783
f 3784 3912 3783
f 3914 3913 3787
f 3787 3913 3786
f 3915 3787 3788
f 3915 3914 3787
f 3916 3788 3789
f 3916 3915 3788
f 3789 3774 3906
f 3917 3789 3906
f 3916 3789 3917
f 3917 3906 3907
f 3918 3911 3910
f 3918 3910 3780
f 3790 3918 3780
f 3919 3918 3790
f 3790 3782 3912
f 3920 3790 3912
f 3919 3790 3920
f 3920 3912 3784
f 3791 3920 3784
f 3921 3920 3791
f 3922 3791 3792
f 3922 3921 3791
f 3924 3923 3793
f 3923 3792 3793
f 3923 3922 3792
f 3924 3925 3923
f 3913 3794 3786
f 3926 3794 3913
f 3795 3924 3793
f 3928 3927 3796
f 3796 3927 3795
f 3927 3925 3795
f 3925 3924 3795
f 3928 3929 3927
f 3926 3797 3794
f 3930 3797 3926
f 3798 3928 3796
f 3932 3931 3800
f 3800 3931 3798
f 3931 3929 3798
f 3929 3928 3798
f 3932 3933 3931
f 3930 3801 3797
f 3934 3801 3930
f 3802 3935 3932
f 3802 3932 3800
f 3933 3932 3936
f 3932 3937 3936
f 3932 3935 3937
f 3937 3938 3936
f 3934 3803 3801
f 3939 3803 3934
f 3804 3935 3802
f 3935 3804 3805
f 3935 3805 3937
f 3940 3938 3937
f 3805 3940 3937
f 3807 3940 3805
f 3807 3809 3940
f 3940 3809 3941
f 3939 3810 3803
f 3942 3810 3939
f 3812 3944 3943
f 3941 3812 3943
f 3809 3812 3941
f 3944 3945 3943
f 3942 3813 3810
f 3946 3813 3942
f 3815 3947 3944
f 3815 3944 3812
f 3945 3944 3948
f 3948 3944 3947
f 3946 3816 3813
f 3949 3816 3946
f 3817 3950 3947
f 3817 3947 3815
f 3948 3947 3951
f 3951 3947 3950
f 3949 3952 3816
f 3816 3952 3818
f 3819 3818 3952
f 3819 3952 3953
f 3955 3954 3950
f 3817 3955 3950
f 3820 3955 3817
f 3950 3954 3951
f 3953 3956 3819
f 3819 3956 3821
f 3822 3821 3956
f 3822 3956 3957
f 3958 3955 3820
f 3958 3820 3823
f 3823 3825 3958
f 3958 3825 3959
f 3957 3960 3822
f 3822 3960 3826
f 3827 3826 3960
f 3827 3960 3961
f 3829 3959 3825
f 3829 3962 3959
f 3964 3831 3963
f 3831 3961 3963
f 3831 3827 3961
f 3965 3964 3963
f 3966 3962 3829
f 3966 3829 3833
f 3833 3835 3966
f 3966 3835 3967
f 3964 3836 3831
f 3837 3836 3964
f 3965 3837 3964
f 3968 3837 3965
f 3839 3967 3835
f 3839 3969 3967
f 3968 3840 3837
f 3970 3840 3968
f 3971 3969 3839
f 3971 3839 3841
f 3841 3842 3971
f 3971 3842 3972
f 3970 3973 3840
f 3840 3973 3843
f 3844 3843 3973
f 3844 3973 3974
f 3975 3972 3842
f 3975 3842 3845
f 3845 3846 3975
f 3975 3846 3976
f 3974 3847 3844
f 3977 3847 3974
f 3848 3976 3846
f 3848 3978 3976
f 3977 3850 3847
f 3979 3850 3977
f 3851 3978 3848
f 3851 3980 3978
f 3979 3853 3850
f 3981 3853 3979
f 3854 3980 3851
f 3854 3982 3980
f 3855 3853 3983
f 3853 3984 3983
f 3853 3981 3984
f 3983 3856 3855
f 3987 3986 3985
f 3986 3982 3985
f 3982 3858 3985
f 3982 3854 3858
f 3984 3988 3983
f 3856 3983 3988
f 3989 3856 3988
f 3860 3856 3989
f 3987 3985 3861
f 3862 3987 3861
f 3990 3987 3862
f 3861 3985 3858
f 3989 3864 3860
f 3991 3864 3989
f 3865 3990 3862
f 3865 3992 3990
f 3866 3864 3993
f 3864 3994 3993
f 3864 3991 3994
f 3993 3868 3866
f 3869 3992 3865
f 3869 3995 3992
f 3993 3994 3996
f 3996 3994 3997
f 3996 3871 3868
f 3996 3868 3993
f 3872 3995 3869
f 3872 3998 3995
f 3996 3997 3999
f 3999 3997 4000
f 3999 3874 3871
f 3999 3871 3996
f 3875 3998 3872
f 3875 4001 3998
f 3999 4000 3878
f 4000 3877 3878
f 4000 4002 3877
f 3999 3878 3874
f 4004 4003 3882
f 4004 3882 3881
f 3875 3882 4001
f 4001 3882 4003
f 3883 3877 4005
f 3877 4006 4005
f 3877 4002 4006
f 4005 3885 3883
f 4008 4007 3886
f 4008 3886 3887
f 3881 3886 4004
f 4004 3886 4007
f 4006 4009 4005
f 4009 4011 4010
f 4009 4010 3888
f 4005 4009 3888
f 3885 4005 3888
f 4010 3890 3888
f 4013 4012 3891
f 4013 3891 3892
f 3887 3891 4008
f 4008 3891 4012
f 4011 4014 4010
f 4014 4016 4015
f 4014 4015 3893
f 4010 4014 3893
f 3890 4010 3893
f 4015 3894 3893
f 4018 4017 3895
f 4018 3895 3896
f 3892 3895 4013
f 4013 3895 4017
f 4016 4019 4015
f 3894 4015 4019
f 4020 3894 4019
f 3898 3894 4020
f 3899 4021 3900
f 3900 4021 4022
f 4023 3900 4022
f 3901 3900 4023
f 3901 4024 3902
f 4023 4024 3901
f 3902 4025 3903
f 4024 4025 3902
f 3903 4026 3904
f 4025 4026 3903
f 3896 3904 4018
f 4018 3904 4026
f 4020 4027 3898
f 3898 4027 3905
f 3899 3905 4021
f 3905 4028 4021
f 3905 4027 4028
f 4021 4028 4022
f 4030 4029 3908
f 3908 4029 3907
f 4031 3908 3909
f 4031 4030 3908
f 3909 3911 4031
f 4031 3911 4032
f 4034 4033 3914
f 3914 4033 3913
f 4035 3914 3915
f 4035 4034 3914
f 4036 3915 3916
f 4036 4035 3915
f 4037 3916 3917
f 4037 4036 3916
f 3917 3907 4029
f 3917 4029 4037
f 4038 4032 3911
f 4038 3911 3918
f 4039 3918 3919
f 4039 4038 3918
f 4040 3919 3920
f 4040 4039 3919
f 4041 3920 3921
f 4041 4040 3920
f 4042 3921 3922
f 4042 4041 3921
f 4043 3922 3923
f 4043 4042 3922
f 3923 3925 4043
f 4043 3925 4044
f 4033 3926 3913
f 4045 3926 4033
f 4046 4044 3925
f 4046 3925 3927
f 3927 3929 4046
f 4046 3929 4047
f 4050 4049 4048
f 4045 4050 4048
f 3930 4045 4048
f 3926 4045 3930
f 4051 4047 3929
f 4051 3929 3931
f 3931 3933 4051
f 4051 3933 4052
f 4049 4053 4048
f 3930 4048 4053
f 4054 3930 4053
f 3934 3930 4054
f 4055 4052 3933
f 4055 3933 3936
f 3936 3938 4055
f 4055 3938 4056
f 4054 3939 3934
f 4057 3939 4054
f 4058 4056 3938
f 4058 3938 3940
f 3940 3941 4058
f 4058 3941 4059
f 4061 3942 4060
f 3942 4057 4060
f 3942 3939 4057
f 4062 4061 4060
f 4063 4059 3941
f 4063 3941 3943
f 3943 3945 4063
f 4063 3945 4064
f 4065 3946 4061
f 4061 3946 3942
f 4061 4062 4066
f 4061 4066 4065
f 3948 4064 3945
f 3948 4067 4064
f 4068 3949 4065
f 4065 3949 3946
f 4065 4066 4069
f 4065 4069 4068
f 3951 4067 3948
f 3951 4070 4067
f 4068 3952 3949
f 3953 3952 4068
f 4069 3953 4068
f 4071 3953 4069
f 4073 4072 3954
f 4073 3954 3955
f 3951 3954 4070
f 4070 3954 4072
f 4071 4074 3953
f 3953 4074 3956
f 4076 4075 3957
f 3956 4076 3957
f 4074 4076 3956
f 4077 4075 4076
f 4078 4073 3955
f 4078 3955 3958
f 3958 3959 4078
f 4078 3959 4079
f 4075 3960 3957
f 3961 3960 4075
f 4077 3961 4075
f 4080 3961 4077
f 3962 4079 3959
f 3962 4081 4079
f 4080 4082 3961
f 3961 4082 3963
f 3965 3963 4082
f 3965 4082 4083
f 4084 4081 3962
f 4084 3962 3966
f 3966 3967 4084
f 4084 3967 4085
f 4083 3968 3965
f 4086 3968 4083
f 3969 4088 4087
f 4085 3969 4087
f 3967 3969 4085
f 4088 4089 4087
f 4086 3970 3968
f 4090 3970 4086
f 3971 4088 3969
f 3971 3972 4088
f 3972 4089 4088
f 3972 4091 4089
f 3973 3970 4092
f 3970 4093 4092
f 3970 4090 4093
f 4092 3974 3973
f 4094 4091 3972
f 4094 3972 3975
f 3975 3976 4094
f 4094 3976 4095
f 4092 4093 4096
f 4096 4093 4097
f 4096 3977 3974
f 4096 3974 4092
f 3978 4095 3976
f 3978 4098 4095
f 4096 4097 4099
f 4099 4097 4100
f 4099 3979 3977
f 4099 3977 4096
f 3980 4098 3978
f 3980 4101 4098
f 4099 4100 4102
f 4102 4100 4103
f 4102 3981 3979
f 4102 3979 4099
f 3982 4101 3980
f 3982 4104 4101
f 4103 4105 4102
f 3981 4102 4105
f 4106 3981 4105
f 3984 3981 4106
f 4108 4107 3986
f 4108 3986 3987
f 3982 3986 4104
f 4104 3986 4107
f 3988 3984 4109
f 3984 4110 4109
f 3984 4106 4110
f 4109 3989 3988
f 3990 4108 3987
f 3990 4111 4108
f 4110 4112 4109
f 3989 4109 4112
f 4113 3989 4112
f 3991 3989 4113
f 3992 4111 3990
f 3992 4114 4111
f 4113 3994 3991
f 4115 3994 4113
f 3995 4114 3992
f 3995 4116 4114
f 4115 3997 3994
f 4117 3997 4115
f 3998 4116 3995
f 3998 4118 4116
f 4121 4120 4119
f 4117 4121 4119
f 4000 4117 4119
f 3997 4117 4000
f 4001 4118 3998
f 4001 4122 4118
f 4119 4120 4123
f 4123 4120 4124
f 4123 4002 4000
f 4123 4000 4119
f 4126 4125 4003
f 4126 4003 4004
f 4001 4003 4122
f 4122 4003 4125
f 4124 4127 4123
f 4002 4123 4127
f 4128 4002 4127
f 4006 4002 4128
f 4130 4129 4007
f 4130 4007 4008
f 4004 4007 4126
f 4126 4007 4129
f 4009 4006 4131
f 4006 4132 4131
f 4006 4128 4132
f 4131 4011 4009
f 4134 4133 4012
f 4134 4012 4013
f 4008 4012 4130
f 4130 4012 4133
f 4132 4135 4131
f 4131 4135 4011
f 4135 4014 4011
f 4135 4136 4014
f 4016 4014 4136
f 4016 4136 4137
f 4139 4138 4017
f 4139 4017 4018
f 4013 4017 4134
f 4134 4017 4138
f 4137 4140 4016
f 4016 4140 4019
f 4020 4019 4140
f 4020 4140 4141
f 4022 4142 4023
f 4023 4142 4143
f 4144 4023 4143
f 4024 4023 4144
f 4024 4145 4025
f 4144 4145 4024
f 4025 4146 4026
f 4145 4146 4025
f 4018 4026 4139
f 4139 4026 4146
f 4141 4147 4020
f 4020 4147 4027
f 4027 4148 4028
f 4147 4148 4027
f 4022 4028 4142
f 4028 4149 4142
f 4028 4148 4149
f 4142 4149 4143
f 4150 4029 4030
f 4031 4151 4030
f 4030 4151 4150
f 4032 4151 4031
f 4152 4033 4034
f 4152 4034 4153
f 4034 4154 4153
f 4034 4035 4154
f 4155 4035 4036
f 4155 4154 4035
f 4156 4036 4037
f 4156 4155 4036
f 4037 4029 4150
f 4157 4037 4150
f 4156 4037 4157
f 4157 4150 4151
f 4157 4151 4158
f 4158 4151 4032
f 4038 4158 4032
f 4159 4158 4038
f 4160 4038 4039
f 4160 4159 4038
f 4161 4039 4040
f 4161 4160 4039
f 4162 4040 4041
f 4162 4161 4040
f 4163 4041 4042
f 4163 4162 4041
f 4164 4042 4043
f 4164 4163 4042
f 4166 4165 4044
f 4165 4043 4044
f 4165 4164 4043
f 4166 4167 4165
f 4168 4045 4152
f 4152 4045 4033
f 4152 4153 4169
f 4152 4169 4168
f 4046 4166 4044
f 4171 4170 4047
f 4047 4170 4046
f 4170 4167 4046
f 4167 4166 4046
f 4171 4172 4170
f 4173 4049 4050
f 4174 4173 4050
f 4174 4050 4045
f 4175 4174 4045
f 4168 4175 4045
f 4175 4168 4169
f 4051 4171 4047
f 4051 4052 4171
f 4052 4172 4171
f 4052 4176 4172
f 4178 4053 4177
f 4053 4049 4177
f 4177 4049 4173
f 4179 4177 4173
f 4173 4174 4179
f 4053 4178 4054
f 4180 4176 4052
f 4180 4052 4055
f 4055 4056 4180
f 4180 4056 4181
f 4178 4177 4182
f 4182 4177 4183
f 4182 4057 4054
f 4182 4054 4178
f 4184 4181 4056
f 4184 4056 4058
f 4058 4059 4184
f 4184 4059 4185
f 4183 4186 4182
f 4186 4188 4187
f 4186 4187 4060
f 4182 4186 4060
f 4057 4182 4060
f 4187 4062 4060
f 4189 4185 4059
f 4189 4059 4063
f 4063 4064 4189
f 4189 4064 4190
f 4188 4191 4187
f 4062 4187 4191
f 4192 4062 4191
f 4066 4062 4192
f 4067 4190 4064
f 4067 4193 4190
f 4192 4069 4066
f 4194 4069 4192
f 4070 4193 4067
f 4070 4195 4193
f 4194 4071 4069
f 4196 4071 4194
f 4073 4197 4072
f 4197 4198 4072
f 4198 4070 4072
f 4198 4195 4070
f 4196 4199 4071
f 4071 4199 4074
f 4199 4201 4200
f 4076 4199 4200
f 4074 4199 4076
f 4200 4077 4076
f 4078 4197 4073
f 4078 4079 4197
f 4079 4198 4197
f 4079 4202 4198
f 4201 4203 4200
f 4077 4200 4203
f 4204 4077 4203
f 4080 4077 4204
f 4081 4202 4079
f 4081 4205 4202
f 4082 4080 4206
f 4080 4207 4206
f 4080 4204 4207
f 4206 4083 4082
f 4208 4205 4081
f 4208 4081 4084
f 4084 4085 4208
f 4208 4085 4209
f 4207 4210 4206
f 4083 4206 4210
f 4211 4083 4210
f 4086 4083 4211
f 4212 4209 4085
f 4212 4085 4087
f 4087 4089 4212
f 4212 4089 4213
f 4211 4090 4086
f 4214 4090 4211
f 4091 4213 4089
f 4091 4215 4213
f 4214 4093 4090
f 4216 4093 4214
f 4091 4094 4217
f 4218 4091 4217
f 4215 4091 4218
f 4095 4217 4094
f 4216 4097 4093
f 4219 4097 4216
f 4220 4218 4217
f 4217 4095 4220
f 4095 4221 4220
f 4095 4098 4221
f 4219 4100 4097
f 4222 4100 4219
f 4101 4221 4098
f 4101 4223 4221
f 4222 4103 4100
f 4224 4103 4222
f 4104 4223 4101
f 4104 4225 4223
f 4105 4103 4226
f 4103 4227 4226
f 4103 4224 4227
f 4226 4106 4105
f 4229 4228 4107
f 4229 4107 4108
f 4104 4107 4225
f 4225 4107 4228
f 4226 4227 4230
f 4230 4227 4231
f 4230 4110 4106
f 4230 4106 4226
f 4111 4229 4108
f 4111 4232 4229
f 4231 4233 4230
f 4233 4235 4234
f 4233 4234 4112
f 4230 4233 4112
f 4110 4230 4112
f 4234 4113 4112
f 4114 4232 4111
f 4114 4236 4232
f 4234 4235 4237
f 4237 4235 4238
f 4237 4115 4113
f 4237 4113 4234
f 4116 4236 4114
f 4116 4239 4236
f 4237 4238 4240
f 4240 4238 4241
f 4240 4117 4115
f 4240 4115 4237
f 4118 4239 4116
f 4118 4242 4239
f 4240 4241 4121
f 4241 4120 4121
f 4241 4243 4120
f 4240 4121 4117
f 4246 4245 4244
f 4245 4242 4244
f 4242 4122 4244
f 4242 4118 4122
f 4243 4124 4120
f 4247 4124 4243
f 4246 4244 4125
f 4126 4246 4125
f 4248 4246 4126
f 4125 4244 4122
f 4247 4249 4124
f 4124 4249 4127
f 4128 4127 4249
f 4128 4249 4250
f 4252 4251 4129
f 4252 4129 4130
f 4126 4129 4248
f 4248 4129 4251
f 4250 4132 4128
f 4253 4132 4250
f 4255 4254 4133
f 4255 4133 4134
f 4130 4133 4252
f 4252 4133 4254
f 4253 4256 4132
f 4132 4256 4135
f 4256 4258 4257
f 4136 4256 4257
f 4135 4256 4136
f 4257 4137 4136
f 4260 4259 4138
f 4260 4138 4139
f 4134 4138 4255
f 4255 4138 4259
f 4258 4261 4257
f 4261 4263 4262
f 4261 4262 4140
f 4257 4261 4140
f 4137 4257 4140
f 4262 4141 4140
f 4265 4264 4144
f 4265 4144 4143
f 4144 4266 4145
f 4264 4266 4144
f 4145 4267 4146
f 4266 4267 4145
f 4139 4146 4260
f 4260 4146 4267
f 4262 4263 4268
f 4268 4263 4269
f 4262 4268 4141
f 4268 4270 4141
f 4270 4147 4141
f 4268 4271 4270
f 4147 4272 4148
f 4270 4272 4147
f 4148 4273 4149
f 4272 4273 4148
f 4143 4149 4265
f 4265 4149 4273
f 4269 4274 4268
f 4268 4274 4271
f 4276 4275 4154
f 4154 4275 4153
f 4277 4154 4155
f 4277 4276 4154
f 4278 4155 4156
f 4278 4277 4155
f 4279 4156 4157
f 4279 4278 4156
f 4280 4157 4158
f 4280 4279 4157
f 4281 4158 4159
f 4281 4280 4158
f 4282 4159 4160
f 4282 4281 4159
f 4283 4160 4161
f 4283 4282 4160
f 4284 4161 4162
f 4284 4283 4161
f 4285 4162 4163
f 4285 4284 4162
f 4286 4163 4164
f 4286 4285 4163
f 4287 4164 4165
f 4287 4286 4164
f 4165 4167 4287
f 4287 4167 4288
f 4275 4169 4153
f 4289 4169 4275
f 4290 4288 4167
f 4290 4167 4170
f 4170 4172 4290
f 4290 4172 4291
f 4292 4174 4175
f 4293 4292 4175
f 4169 4293 4175
f 4289 4293 4169
f 4176 4291 4172
f 4176 4294 4291
f 4295 4177 4179
f 4296 4295 4179
f 4296 4179 4174
f 4297 4296 4174
f 4292 4297 4174
f 4297 4292 4293
f 4176 4180 4298
f 4299 4176 4298
f 4294 4176 4299
f 4181 4298 4180
f 4300 4183 4295
f 4295 4183 4177
f 4295 4296 4301
f 4295 4301 4300
f 4302 4299 4298
f 4302 4298 4181
f 4184 4302 4181
f 4303 4302 4184
f 4305 4304 4185
f 4304 4184 4185
f 4304 4303 4184
f 4305 4306 4304
f 4300 4186 4183
f 4188 4186 4300
f 4301 4188 4300
f 4307 4188 4301
f 4189 4305 4185
f 4189 4190 4305
f 4190 4306 4305
f 4190 4308 4306
f 4191 4188 4309
f 4188 4310 4309
f 4188 4307 4310
f 4309 4192 4191
f 4193 4308 4190
f 4193 4311 4308
f 4310 4312 4309
f 4192 4309 4312
f 4313 4192 4312
f 4194 4192 4313
f 4195 4311 4193
f 4195 4314 4311
f 4316 4196 4315
f 4196 4313 4315
f 4196 4194 4313
f 4317 4316 4315
f 4198 4314 4195
f 4198 4318 4314
f 4316 4199 4196
f 4201 4199 4316
f 4317 4201 4316
f 4319 4201 4317
f 4202 4318 4198
f 4202 4320 4318
f 4319 4321 4201
f 4201 4321 4203
f 4204 4203 4321
f 4204 4321 4322
f 4205 4320 4202
f 4205 4323 4320
f 4325 4207 4324
f 4207 4322 4324
f 4207 4204 4322
f 4326 4325 4324
f 4327 4323 4205
f 4327 4205 4208
f 4208 4209 4327
f 4327 4209 4328
f 4325 4210 4207
f 4211 4210 4325
f 4326 4211 4325
f 4329 4211 4326
f 4209 4212 4330
f 4331 4209 4330
f 4328 4209 4331
f 4213 4330 4212
f 4329 4214 4211
f 4332 4214 4329
f 4333 4331 4330
f 4330 4213 4333
f 4213 4334 4333
f 4213 4215 4334
f 4332 4216 4214
f 4335 4216 4332
f 4218 4334 4215
f 4218 4336 4334
f 4335 4219 4216
f 4337 4219 4335
f 4218 4220 4338
f 4339 4218 4338
f 4336 4218 4339
f 4221 4338 4220
f 4337 4222 4219
f 4340 4222 4337
f 4339 4338 4341
f 4339 4341 4342
f 4223 4341 4221
f 4221 4341 4338
f 4340 4224 4222
f 4343 4224 4340
f 4342 4341 4344
f 4342 4344 4345
f 4225 4344 4223
f 4223 4344 4341
f 4343 4227 4224
f 4346 4227 4343
f 4345 4344 4228
f 4229 4345 4228
f 4347 4345 4229
f 4228 4344 4225
f 4346 4231 4227
f 4348 4231 4346
f 4232 4347 4229
f 4232 4349 4347
f 4233 4231 4350
f 4231 4351 4350
f 4231 4348 4351
f 4350 4235 4233
f 4236 4349 4232
f 4236 4352 4349
f 4350 4351 4353
f 4353 4351 4354
f 4353 4238 4235
f 4353 4235 4350
f 4357 4356 4355
f 4356 4352 4355
f 4352 4239 4355
f 4352 4236 4239
f 4354 4358 4353
f 4238 4353 4358
f 4359 4238 4358
f 4241 4238 4359
f 4357 4355 4360
f 4357 4360 4361
f 4242 4360 4239
f 4239 4360 4355
f 4364 4363 4362
f 4359 4364 4362
f 4243 4359 4362
f 4241 4359 4243
f 4361 4360 4245
f 4246 4361 4245
f 4365 4361 4246
f 4245 4360 4242
f 4362 4363 4366
f 4366 4363 4367
f 4366 4247 4243
f 4366 4243 4362
f 4370 4369 4368
f 4369 4365 4368
f 4365 4248 4368
f 4365 4246 4248
f 4367 4371 4366
f 4371 4373 4372
f 4371 4372 4249
f 4366 4371 4249
f 4247 4366 4249
f 4372 4250 4249
f 4370 4368 4251
f 4252 4370 4251
f 4374 4370 4252
f 4251 4368 4248
f 4373 4375 4372
f 4250 4372 4375
f 4376 4250 4375
f 4253 4250 4376
f 4378 4377 4254
f 4378 4254 4255
f 4252 4254 4374
f 4374 4254 4377
f 4376 4379 4253
f 4253 4379 4256
f 4258 4256 4379
f 4258 4379 4380
f 4383 4382 4381
f 4259 4260 4381
f 4382 4259 4381
f 4384 4259 4382
f 4255 4259 4378
f 4378 4259 4384
f 4380 4385 4258
f 4258 4385 4261
f 4263 4261 4385
f 4263 4385 4386
f 4389 4388 4387
f 4264 4265 4387
f 4388 4264 4387
f 4390 4264 4388
f 4264 4391 4266
f 4390 4391 4264
f 4381 4267 4383
f 4267 4391 4383
f 4267 4266 4391
f 4267 4381 4260
f 4386 4269 4263
f 4392 4269 4386
f 4271 4393 4270
f 4270 4393 4394
f 4395 4270 4394
f 4272 4270 4395
f 4387 4273 4389
f 4273 4395 4389
f 4273 4272 4395
f 4273 4387 4265
f 4392 4396 4269
f 4269 4396 4274
f 4271 4274 4393
f 4274 4397 4393
f 4274 4396 4397
f 4393 4397 4394
f 4398 4275 4276
f 4277 4399 4276
f 4276 4399 4398
f 4399 4277 4400
f 4277 4401 4400
f 4277 4278 4401
f 4402 4278 4279
f 4402 4401 4278
f 4403 4279 4280
f 4403 4402 4279
f 4404 4280 4281
f 4404 4403 4280
f 4405 4281 4282
f 4405 4404 4281
f 4406 4282 4283
f 4406 4405 4282
f 4407 4283 4284
f 4407 4406 4283
f 4408 4284 4285
f 4408 4407 4284
f 4410 4408 4409
f 4408 4286 4409
f 4408 4285 4286
f 4287 4411 4286
f 4286 4411 4409
f 4288 4411 4287
f 4412 4289 4398
f 4398 4289 4275
f 4413 4398 4399
f 4412 4398 4413
f 4399 4400 4414
f 4399 4414 4413
f 4415 4410 4409
f 4417 4416 4415
f 4409 4417 4415
f 4411 4417 4409
f 4290 4418 4288
f 4418 4411 4288
f 4418 4417 4411
f 4291 4418 4290
f 4419 4293 4412
f 4412 4293 4289
f 4413 4421 4420
f 4419 4413 4420
f 4412 4413 4419
f 4421 4413 4414
f 4422 4416 4417
f 4422 4417 4418
f 4422 4418 4423
f 4418 4291 4423
f 4291 4424 4423
f 4291 4294 4424
f 4425 4296 4297
f 4426 4425 4297
f 4426 4297 4293
f 4427 4426 4293
f 4419 4427 4293
f 4427 4419 4420
f 4299 4429 4428
f 4424 4299 4428
f 4294 4299 4424
f 4429 4430 4428
f 4431 4301 4425
f 4425 4301 4296
f 4425 4426 4432
f 4425 4432 4431
f 4302 4429 4299
f 4433 4430 4429
f 4302 4433 4429
f 4303 4433 4302
f 4435 4433 4434
f 4433 4304 4434
f 4433 4303 4304
f 4306 4434 4304
f 4436 4307 4431
f 4431 4307 4301
f 4431 4432 4437
f 4431 4437 4436
f 4438 4435 4434
f 4434 4306 4438
f 4306 4439 4438
f 4306 4308 4439
f 4440 4310 4436
f 4436 4310 4307
f 4436 4437 4441
f 4436 4441 4440
f 4311 4439 4308
f 4311 4442 4439
f 4440 4312 4310
f 4444 4443 4313
f 4444 4313 4312
f 4441 4444 4312
f 4440 4441 4312
f 4445 4443 4444
f 4314 4442 4311
f 4314 4446 4442
f 4443 4315 4313
f 4317 4315 4443
f 4445 4317 4443
f 4447 4317 4445
f 4318 4446 4314
f 4318 4448 4446
f 4450 4319 4449
f 4319 4447 4449
f 4319 4317 4447
f 4451 4450 4449
f 4320 4448 4318
f 4320 4452 4448
f 4450 4321 4319
f 4322 4321 4450
f 4451 4322 4450
f 4453 4322 4451
f 4323 4452 4320
f 4323 4454 4452
f 4324 4322 4455
f 4322 4456 4455
f 4322 4453 4456
f 4455 4326 4324
f 4457 4454 4323
f 4457 4323 4327
f 4327 4328 4457
f 4457 4328 4458
f 4456 4459 4455
f 4326 4455 4459
f 4460 4326 4459
f 4329 4326 4460
f 4331 4458 4328
f 4331 4461 4458
f 4460 4332 4329
f 4462 4332 4460
f 4331 4333 4463
f 4464 4331 4463
f 4461 4331 4464
f 4334 4463 4333
f 4462 4335 4332
f 4465 4335 4462
f 4464 4463 4466
f 4464 4466 4467
f 4336 4466 4334
f 4334 4466 4463
f 4465 4337 4335
f 4468 4337 4465
f 4469 4467 4466
f 4466 4336 4469
f 4336 4470 4469
f 4336 4339 4470
f 4468 4340 4337
f 4471 4340 4468
f 4342 4470 4339
f 4342 4472 4470
f 4471 4343 4340
f 4473 4343 4471
f 4345 4472 4342
f 4345 4474 4472
f 4473 4346 4343
f 4475 4346 4473
f 4478 4477 4476
f 4477 4474 4476
f 4474 4347 4476
f 4474 4345 4347
f 4475 4348 4346
f 4479 4348 4475
f 4478 4476 4480
f 4478 4480 4481
f 4349 4480 4347
f 4347 4480 4476
f 4479 4351 4348
f 4482 4351 4479
f 4481 4480 4483
f 4481 4483 4484
f 4352 4483 4349
f 4349 4483 4480
f 4482 4354 4351
f 4485 4354 4482
f 4484 4483 4356
f 4357 4484 4356
f 4486 4484 4357
f 4356 4483 4352
f 4358 4354 4487
f 4354 4488 4487
f 4354 4485 4488
f 4487 4359 4358
f 4361 4486 4357
f 4361 4489 4486
f 4487 4488 4364
f 4488 4363 4364
f 4488 4490 4363
f 4487 4364 4359
f 4493 4492 4491
f 4492 4489 4491
f 4489 4365 4491
f 4489 4361 4365
f 4490 4367 4363
f 4494 4367 4490
f 4493 4491 4369
f 4370 4493 4369
f 4495 4493 4370
f 4369 4491 4365
f 4371 4367 4496
f 4367 4497 4496
f 4367 4494 4497
f 4496 4373 4371
f 4500 4499 4498
f 4499 4495 4498
f 4495 4374 4498
f 4495 4370 4374
f 4497 4501 4496
f 4501 4503 4502
f 4501 4502 4375
f 4496 4501 4375
f 4373 4496 4375
f 4502 4376 4375
f 4500 4498 4377
f 4378 4500 4377
f 4504 4500 4378
f 4377 4498 4374
f 4503 4505 4502
f 4505 4507 4506
f 4505 4506 4379
f 4502 4505 4379
f 4376 4502 4379
f 4506 4380 4379
f 4509 4508 4382
f 4509 4382 4383
f 4382 4510 4384
f 4508 4510 4382
f 4378 4384 4504
f 4504 4384 4510
f 4507 4511 4506
f 4506 4511 4380
f 4511 4385 4380
f 4511 4512 4385
f 4386 4385 4512
f 4386 4512 4513
f 4516 4515 4514
f 4388 4389 4514
f 4515 4388 4514
f 4517 4388 4515
f 4388 4518 4390
f 4517 4518 4388
f 4390 4519 4391
f 4518 4519 4390
f 4383 4391 4509
f 4509 4391 4519
f 4513 4392 4386
f 4520 4392 4513
f 4523 4522 4521
f 4521 4522 4516
f 4521 4516 4514
f 4394 4521 4514
f 4395 4394 4514
f 4395 4514 4389
f 4520 4524 4392
f 4392 4524 4396
f 4521 4397 4523
f 4397 4524 4523
f 4397 4396 4524
f 4397 4521 4394
f 4525 4400 4401
f 4402 4526 4401
f 4401 4526 4525
f 4526 4402 4527
f 4402 4528 4527
f 4402 4403 4528
f 4529 4403 4404
f 4529 4528 4403
f 4530 4404 4405
f 4530 4529 4404
f 4531 4405 4406
f 4531 4530 4405
f 4533 4531 4532
f 4531 4407 4532
f 4531 4406 4407
f 4408 4534 4407
f 4407 4534 4532
f 4410 4534 4408
f 4535 4414 4525
f 4525 4414 4400
f 4526 4537 4536
f 4535 4526 4536
f 4525 4526 4535
f 4537 4526 4527
f 4533 4532 4538
f 4533 4538 4539
f 4540 4532 4534
f 4538 4532 4540
f 4415 4541 4410
f 4541 4534 4410
f 4541 4540 4534
f 4416 4541 4415
f 4542 4420 4421
f 4543 4542 4421
f 4543 4421 4414
f 4544 4543 4414
f 4535 4544 4414
f 4544 4535 4536
f 4545 4539 4538
f 4545 4538 4540
f 4545 4540 4546
f 4548 4547 4546
f 4540 4548 4546
f 4541 4548 4540
f 4422 4549 4416
f 4549 4541 4416
f 4549 4548 4541
f 4423 4550 4422
f 4422 4550 4549
f 4424 4550 4423
f 4551 4426 4427
f 4420 4542 4427
f 4542 4551 4427
f 4542 4552 4551
f 4542 4543 4553
f 4542 4553 4552
f 4554 4547 4548
f 4554 4548 4549
f 4554 4549 4555
f 4555 4549 4550
f 4555 4550 4556
f 4556 4550 4424
f 4428 4556 4424
f 4557 4556 4428
f 4428 4430 4557
f 4557 4430 4558
f 4559 4432 4551
f 4551 4432 4426
f 4560 4551 4552
f 4559 4551 4560
f 4552 4553 4561
f 4552 4561 4560
f 4562 4558 4430
f 4562 4430 4433
f 4433 4435 4562
f 4562 4435 4563
f 4564 4437 4559
f 4559 4437 4432
f 4560 4566 4565
f 4564 4560 4565
f 4559 4560 4564
f 4566 4560 4561
f 4435 4438 4567
f 4568 4435 4567
f 4563 4435 4568
f 4439 4567 4438
f 4569 4441 4564
f 4564 4441 4437
f 4564 4565 4570
f 4564 4570 4569
f 4568 4567 4571
f 4568 4571 4572
f 4442 4571 4439
f 4439 4571 4567
f 4569 4444 4441
f 4445 4444 4569
f 4570 4445 4569
f 4573 4445 4570
f 4572 4571 4574
f 4572 4574 4575
f 4446 4574 4442
f 4442 4574 4571
f 4577 4447 4576
f 4447 4573 4576
f 4447 4445 4573
f 4578 4577 4576
f 4575 4574 4579
f 4575 4579 4580
f 4448 4579 4446
f 4446 4579 4574
f 4577 4449 4447
f 4451 4449 4577
f 4578 4451 4577
f 4581 4451 4578
f 4582 4580 4579
f 4579 4448 4582
f 4448 4583 4582
f 4448 4452 4583
f 4585 4453 4584
f 4453 4581 4584
f 4453 4451 4581
f 4586 4585 4584
f 4454 4583 4452
f 4454 4587 4583
f 4588 4456 4585
f 4585 4456 4453
f 4585 4586 4589
f 4585 4589 4588
f 4590 4587 4454
f 4590 4454 4457
f 4457 4458 4590
f 4590 4458 4591
f 4588 4459 4456
f 4460 4459 4588
f 4589 4460 4588
f 4592 4460 4589
f 4461 4591 4458
f 4461 4593 4591
f 4592 4462 4460
f 4594 4462 4592
f 4464 4593 4461
f 4464 4595 4593
f 4594 4465 4462
f 4596 4465 4594
f 4467 4595 4464
f 4467 4597 4595
f 4596 4468 4465
f 4598 4468 4596
f 4467 4469 4599
f 4600 4467 4599
f 4597 4467 4600
f 4470 4599 4469
f 4598 4471 4468
f 4601 4471 4598
f 4600 4599 4602
f 4600 4602 4603
f 4472 4602 4470
f 4470 4602 4599
f 4601 4473 4471
f 4604 4473 4601
f 4603 4602 4605
f 4603 4605 4606
f 4474 4605 4472
f 4472 4605 4602
f 4604 4475 4473
f 4607 4475 4604
f 4606 4605 4477
f 4478 4606 4477
f 4608 4606 4478
f 4477 4605 4474
f 4607 4479 4475
f 4609 4479 4607
f 4481 4608 4478
f 4481 4610 4608
f 4609 4482 4479
f 4611 4482 4609
f 4484 4610 4481
f 4484 4612 4610
f 4611 4485 4482
f 4613 4485 4611
f 4486 4612 4484
f 4486 4614 4612
f 4613 4488 4485
f 4615 4488 4613
f 4618 4617 4616
f 4617 4614 4616
f 4614 4489 4616
f 4614 4486 4489
f 4615 4490 4488
f 4619 4490 4615
f 4618 4616 4492
f 4493 4618 4492
f 4620 4618 4493
f 4492 4616 4489
f 4619 4494 4490
f 4621 4494 4619
f 4624 4623 4622
f 4623 4620 4622
f 4620 4495 4622
f 4620 4493 4495
f 4621 4497 4494
f 4625 4497 4621
f 4624 4622 4499
f 4500 4624 4499
f 4626 4624 4500
f 4499 4622 4495
f 4625 4627 4497
f 4497 4627 4501
f 4503 4501 4627
f 4503 4627 4628
f 4631 4630 4629
f 4630 4626 4629
f 4626 4504 4629
f 4626 4500 4504
f 4628 4632 4503
f 4503 4632 4505
f 4507 4505 4632
f 4507 4632 4633
f 4635 4634 4508
f 4635 4508 4509
f 4629 4510 4631
f 4510 4634 4631
f 4510 4508 4634
f 4510 4629 4504
f 4633 4636 4507
f 4507 4636 4511
f 4636 4638 4637
f 4512 4636 4637
f 4511 4636 4512
f 4637 4513 4512
f 4640 4639 4515
f 4640 4515 4516
f 4515 4641 4517
f 4639 4641 4515
f 4517 4642 4518
f 4641 4642 4517
f 4518 4643 4519
f 4642 4643 4518
f 4509 4519 4635
f 4635 4519 4643
f 4638 4644 4637
f 4513 4637 4644
f 4645 4513 4644
f 4520 4513 4645
f 4647 4646 4522
f 4647 4522 4523
f 4516 4522 4640
f 4640 4522 4646
f 4645 4648 4520
f 4520 4648 4524
f 4523 4524 4647
f 4647 4524 4648
f 4649 4527 4528
f 4529 4650 4528
f 4528 4650 4649
f 4530 4651 4529
f 4529 4651 4650
f 4531 4652 4530
f 4530 4652 4651
f 4533 4652 4531
f 4653 4536 4537
f 4527 4649 4537
f 4649 4653 4537
f 4649 4654 4653
f 4650 4656 4655
f 4654 4650 4655
f 4649 4650 4654
f 4656 4650 4651
f 4656 4651 4657
f 4659 4658 4657
f 4651 4659 4657
f 4652 4659 4651
f 4539 4659 4533
f 4533 4659 4652
f 4660 4543 4544
f 4536 4653 4544
f 4653 4660 4544
f 4653 4661 4660
f 4654 4663 4662
f 4661 4654 4662
f 4653 4654 4661
f 4663 4654 4655
f 4664 4658 4659
f 4666 4664 4665
f 4665 4664 4545
f 4664 4659 4545
f 4659 4539 4545
f 4546 4667 4545
f 4545 4667 4665
f 4547 4667 4546
f 4668 4553 4660
f 4660 4553 4543
f 4669 4660 4661
f 4668 4660 4669
f 4661 4662 4670
f 4661 4670 4669
f 4671 4666 4665
f 4671 4665 4667
f 4671 4667 4672
f 4672 4667 4547
f 4554 4672 4547
f 4673 4672 4554
f 4674 4554 4555
f 4674 4673 4554
f 4675 4555 4556
f 4675 4674 4555
f 4677 4675 4676
f 4675 4557 4676
f 4675 4556 4557
f 4558 4676 4557
f 4678 4561 4668
f 4668 4561 4553
f 4669 4680 4679
f 4678 4669 4679
f 4668 4669 4678
f 4680 4669 4670
f 4681 4677 4676
f 4681 4676 4558
f 4562 4681 4558
f 4682 4681 4562
f 4562 4563 4682
f 4682 4563 4683
f 4684 4565 4566
f 4685 4684 4566
f 4685 4566 4561
f 4686 4685 4561
f 4678 4686 4561
f 4686 4678 4679
f 4568 4683 4563
f 4568 4687 4683
f 4688 4570 4684
f 4684 4570 4565
f 4684 4685 4689
f 4684 4689 4688
f 4572 4687 4568
f 4572 4690 4687
f 4691 4573 4688
f 4688 4573 4570
f 4688 4689 4692
f 4688 4692 4691
f 4575 4690 4572
f 4575 4693 4690
f 4691 4576 4573
f 4578 4576 4691
f 4692 4578 4691
f 4694 4578 4692
f 4580 4693 4575
f 4580 4695 4693
f 4694 4581 4578
f 4696 4581 4694
f 4697 4695 4580
f 4697 4580 4582
f 4582 4583 4697
f 4697 4583 4698
f 4696 4699 4581
f 4581 4699 4584
f 4586 4584 4699
f 4586 4699 4700
f 4587 4698 4583
f 4587 4701 4698
f 4700 4589 4586
f 4702 4589 4700
f 4703 4701 4587
f 4703 4587 4590
f 4590 4591 4703
f 4703 4591 4704
f 4706 4592 4705
f 4592 4702 4705
f 4592 4589 4702
f 4707 4706 4705
f 4710 4709 4708
f 4709 4704 4708
f 4704 4593 4708
f 4704 4591 4593
f 4711 4594 4706
f 4706 4594 4592
f 4706 4707 4712
f 4706 4712 4711
f 4710 4708 4713
f 4710 4713 4714
f 4595 4713 4593
f 4593 4713 4708
f 4715 4596 4711
f 4711 4596 4594
f 4711 4712 4716
f 4711 4716 4715
f 4714 4713 4717
f 4714 4717 4718
f 4597 4717 4595
f 4595 4717 4713
f 4719 4598 4715
f 4715 4598 4596
f 4715 4716 4720
f 4715 4720 4719
f 4718 4717 4721
f 4718 4721 4722
f 4600 4721 4597
f 4597 4721 4717
f 4724 4723 4719
f 4723 4598 4719
f 4723 4601 4598
f 4724 4719 4720
f 4722 4721 4725
f 4722 4725 4726
f 4603 4725 4600
f 4600 4725 4721
f 4723 4604 4601
f 4727 4604 4723
f 4726 4725 4728
f 4726 4728 4729
f 4606 4728 4603
f 4603 4728 4725
f 4727 4607 4604
f 4730 4607 4727
f 4729 4728 4731
f 4729 4731 4732
f 4608 4731 4606
f 4606 4731 4728
f 4730 4609 4607
f 4733 4609 4730
f 4732 4731 4734
f 4732 4734 4735
f 4610 4734 4608
f 4608 4734 4731
f 4733 4611 4609
f 4736 4611 4733
f 4735 4734 4737
f 4735 4737 4738
f 4612 4737 4610
f 4610 4737 4734
f 4736 4613 4611
f 4739 4613 4736
f 4738 4737 4740
f 4738 4740 4741
f 4614 4740 4612
f 4612 4740 4737
f 4739 4615 4613
f 4742 4615 4739
f 4741 4740 4617
f 4618 4741 4617
f 4743 4741 4618
f 4617 4740 4614
f 4742 4619 4615
f 4744 4619 4742
f 4747 4746 4745
f 4746 4743 4745
f 4743 4620 4745
f 4743 4618 4620
f 4744 4621 4619
f 4748 4621 4744
f 4747 4745 4623
f 4624 4747 4623
f 4749 4747 4624
f 4623 4745 4620
f 4748 4625 4621
f 4750 4625 4748
f 4753 4752 4751
f 4752 4749 4751
f 4749 4626 4751
f 4749 4624 4626
f 4750 4754 4625
f 4625 4754 4627
f 4628 4627 4754
f 4628 4754 4755
f 4753 4751 4630
f 4631 4753 4630
f 4756 4753 4631
f 4630 4751 4626
f 4755 4757 4628
f 4628 4757 4632
f 4633 4632 4757
f 4633 4757 4758
f 4761 4760 4759
f 4634 4635 4759
f 4760 4634 4759
f 4762 4634 4760
f 4631 4634 4756
f 4756 4634 4762
f 4758 4763 4633
f 4633 4763 4636
f 4638 4636 4763
f 4638 4763 4764
f 4766 4765 4639
f 4766 4639 4640
f 4639 4767 4641
f 4765 4767 4639
f 4641 4768 4642
f 4767 4768 4641
f 4759 4643 4761
f 4643 4768 4761
f 4643 4642 4768
f 4643 4759 4635
f 4644 4638 4769
f 4638 4770 4769
f 4638 4764 4770
f 4769 4645 4644
f 4772 4771 4646
f 4772 4646 4647
f 4640 4646 4766
f 4766 4646 4771
f 4770 4773 4769
f 4769 4773 4645
f 4773 4648 4645
f 4773 4774 4648
f 4647 4648 4772
f 4772 4648 4774
f 4775 4655 4656
f 4657 4776 4656
f 4656 4776 4775
f 4658 4776 4657
f 4777 4662 4663
f 4655 4775 4663
f 4775 4777 4663
f 4775 4778 4777
f 4779 4775 4776
f 4778 4775 4779
f 4664 4780 4658
f 4780 4776 4658
f 4780 4779 4776
f 4666 4780 4664
f 4781 4670 4777
f 4777 4670 4662
f 4778 4783 4782
f 4781 4778 4782
f 4777 4778 4781
f 4783 4778 4779
f 4783 4779 4784
f 4784 4779 4780
f 4784 4780 4785
f 4785 4780 4666
f 4671 4785 4666
f 4786 4785 4671
f 4788 4786 4787
f 4786 4672 4787
f 4786 4671 4672
f 4673 4789 4672
f 4672 4789 4787
f 4674 4790 4673
f 4673 4790 4789
f 4675 4791 4674
f 4674 4791 4790
f 4677 4791 4675
f 4793 4792 4680
f 4680 4792 4679
f 4680 4670 4781
f 4794 4680 4781
f 4793 4680 4794
f 4794 4781 4782
f 4795 4788 4787
f 4795 4787 4789
f 4795 4789 4796
f 4798 4797 4796
f 4789 4798 4796
f 4790 4798 4789
f 4799 4790 4791
f 4798 4790 4799
f 4681 4800 4677
f 4800 4791 4677
f 4800 4799 4791
f 4682 4801 4681
f 4681 4801 4800
f 4683 4801 4682
f 4802 4685 4686
f 4803 4802 4686
f 4679 4803 4686
f 4792 4803 4679
f 4804 4797 4798
f 4804 4798 4799
f 4804 4799 4805
f 4805 4799 4800
f 4805 4800 4806
f 4808 4807 4806
f 4800 4808 4806
f 4801 4808 4800
f 4687 4808 4683
f 4683 4808 4801
f 4810 4809 4802
f 4809 4685 4802
f 4809 4689 4685
f 4810 4802 4803
f 4807 4808 4811
f 4807 4811 4812
f 4690 4811 4687
f 4687 4811 4808
f 4809 4692 4689
f 4813 4692 4809
f 4812 4811 4814
f 4812 4814 4815
f 4693 4814 4690
f 4690 4814 4811
f 4817 4694 4816
f 4694 4813 4816
f 4694 4692 4813
f 4818 4817 4816
f 4819 4815 4814
f 4814 4693 4819
f 4693 4820 4819
f 4693 4695 4820
f 4821 4696 4817
f 4817 4696 4694
f 4817 4818 4822
f 4817 4822 4821
f 4695 4697 4823
f 4824 4695 4823
f 4820 4695 4824
f 4698 4823 4697
f 4821 4699 4696
f 4700 4699 4821
f 4822 4700 4821
f 4825 4700 4822
f 4826 4824 4823
f 4823 4698 4826
f 4698 4827 4826
f 4698 4701 4827
f 4829 4702 4828
f 4702 4825 4828
f 4702 4700 4825
f 4830 4829 4828
f 4701 4703 4831
f 4832 4701 4831
f 4827 4701 4832
f 4704 4831 4703
f 4829 4705 4702
f 4707 4705 4829
f 4830 4707 4829
f 4833 4707 4830
f 4832 4831 4709
f 4710 4832 4709
f 4834 4832 4710
f 4709 4831 4704
f 4833 4712 4707
f 4835 4712 4833
f 4714 4834 4710
f 4714 4836 4834
f 4835 4716 4712
f 4837 4716 4835
f 4840 4839 4838
f 4839 4836 4838
f 4836 4718 4838
f 4836 4714 4718
f 4837 4720 4716
f 4841 4720 4837
f 4840 4838 4842
f 4840 4842 4843
f 4722 4842 4718
f 4718 4842 4838
f 4844 4723 4724
f 4845 4844 4724
f 4720 4845 4724
f 4841 4845 4720
f 4843 4842 4846
f 4843 4846 4847
f 4726 4846 4722
f 4722 4846 4842
f 4849 4848 4844
f 4848 4723 4844
f 4848 4727 4723
f 4849 4844 4845
f 4847 4846 4850
f 4847 4850 4851
f 4729 4850 4726
f 4726 4850 4846
f 4848 4730 4727
f 4852 4730 4848
f 4851 4850 4853
f 4851 4853 4854
f 4732 4853 4729
f 4729 4853 4850
f 4852 4733 4730
f 4855 4733 4852
f 4854 4853 4856
f 4854 4856 4857
f 4735 4856 4732
f 4732 4856 4853
f 4855 4736 4733
f 4858 4736 4855
f 4857 4856 4859
f 4857 4859 4860
f 4738 4859 4735
f 4735 4859 4856
f 4858 4739 4736
f 4861 4739 4858
f 4860 4859 4862
f 4860 4862 4863
f 4741 4862 4738
f 4738 4862 4859
f 4861 4742 4739
f 4864 4742 4861
f 4863 4862 4865
f 4863 4865 4866
f 4743 4865 4741
f 4741 4865 4862
f 4864 4744 4742
f 4867 4744 4864
f 4866 4865 4746
f 4747 4866 4746
f 4868 4866 4747
f 4746 4865 4743
f 4871 4870 4869
f 4867 4871 4869
f 4748 4867 4869
f 4744 4867 4748
f 4874 4873 4872
f 4873 4868 4872
f 4868 4749 4872
f 4868 4747 4749
f 4870 4875 4869
f 4748 4869 4875
f 4876 4748 4875
f 4750 4748 4876
f 4874 4872 4752
f 4753 4874 4752
f 4877 4874 4753
f 4752 4872 4749
f 4754 4750 4878
f 4750 4879 4878
f 4750 4876 4879
f 4878 4755 4754
f 4882 4881 4880
f 4881 4877 4880
f 4877 4756 4880
f 4877 4753 4756
f 4879 4883 4878
f 4878 4883 4755
f 4883 4757 4755
f 4883 4884 4757
f 4758 4757 4884
f 4758 4884 4885
f 4888 4887 4886
f 4760 4761 4886
f 4887 4760 4886
f 4889 4760 4887
f 4880 4762 4882
f 4762 4889 4882
f 4762 4760 4889
f 4762 4880 4756
f 4885 4890 4758
f 4758 4890 4763
f 4764 4763 4890
f 4764 4890 4891
f 4893 4892 4765
f 4893 4765 4766
f 4765 4894 4767
f 4892 4894 4765
f 4886 4768 4888
f 4768 4894 4888
f 4768 4767 4894
f 4768 4886 4761
f 4891 4770 4764
f 4895 4770 4891
f 4897 4896 4771
f 4897 4771 4772
f 4766 4771 4893
f 4893 4771 4896
f 4895 4898 4770
f 4770 4898 4773
f 4773 4899 4774
f 4898 4899 4773
f 4772 4774 4897
f 4897 4774 4899
f 4900 4782 4783
f 4784 4901 4783
f 4783 4901 4900
f 4785 4902 4784
f 4784 4902 4901
f 4786 4903 4785
f 4785 4903 4902
f 4788 4903 4786
f 4904 4792 4793
f 4794 4905 4793
f 4793 4905 4904
f 4906 4905 4794
f 4906 4794 4782
f 4907 4906 4782
f 4900 4907 4782
f 4907 4900 4901
f 4907 4901 4908
f 4908 4901 4902
f 4908 4902 4909
f 4911 4910 4909
f 4902 4911 4909
f 4903 4911 4902
f 4795 4912 4788
f 4912 4903 4788
f 4912 4911 4903
f 4796 4913 4795
f 4795 4913 4912
f 4797 4913 4796
f 4915 4914 4904
f 4914 4792 4904
f 4914 4803 4792
f 4915 4904 4905
f 4915 4905 4916
f 4916 4905 4906
f 4917 4910 4911
f 4919 4918 4917
f 4911 4919 4917
f 4912 4919 4911
f 4920 4912 4913
f 4919 4912 4920
f 4804 4921 4797
f 4921 4913 4797
f 4921 4920 4913
f 4805 4922 4804
f 4804 4922 4921
f 4806 4923 4805
f 4805 4923 4922
f 4807 4923 4806
f 4924 4809 4810
f 4925 4924 4810
f 4803 4925 4810
f 4914 4925 4803
f 4926 4918 4919
f 4926 4919 4920
f 4926 4920 4927
f 4927 4920 4921
f 4927 4921 4928
f 4930 4929 4928
f 4921 4930 4928
f 4922 4930 4921
f 4931 4922 4923
f 4930 4922 4931
f 4812 4931 4807
f 4807 4931 4923
f 4932 4813 4924
f 4924 4813 4809
f 4924 4925 4933
f 4924 4933 4932
f 4934 4929 4930
f 4936 4935 4934
f 4930 4936 4934
f 4931 4936 4930
f 4815 4936 4812
f 4812 4936 4931
f 4932 4816 4813
f 4818 4816 4932
f 4933 4818 4932
f 4937 4818 4933
f 4938 4935 4936
f 4940 4938 4939
f 4939 4938 4819
f 4938 4936 4819
f 4936 4815 4819
f 4820 4939 4819
f 4937 4822 4818
f 4941 4822 4937
f 4940 4939 4942
f 4940 4942 4943
f 4824 4942 4820
f 4820 4942 4939
f 4945 4825 4944
f 4825 4941 4944
f 4825 4822 4941
f 4946 4945 4944
f 4947 4943 4942
f 4949 4947 4948
f 4948 4947 4826
f 4947 4942 4826
f 4942 4824 4826
f 4827 4948 4826
f 4945 4828 4825
f 4830 4828 4945
f 4946 4830 4945
f 4950 4830 4946
f 4949 4948 4951
f 4949 4951 4952
f 4832 4951 4827
f 4827 4951 4948
f 4950 4833 4830
f 4953 4833 4950
f 4952 4951 4954
f 4952 4954 4955
f 4834 4954 4832
f 4832 4954 4951
f 4957 4835 4956
f 4835 4953 4956
f 4835 4833 4953
f 4958 4957 4956
f 4955 4954 4959
f 4955 4959 4960
f 4836 4959 4834
f 4834 4959 4954
f 4962 4961 4957
f 4961 4835 4957
f 4961 4837 4835
f 4962 4957 4958
f 4965 4964 4963
f 4963 4964 4960
f 4963 4960 4959
f 4840 4963 4959
f 4839 4840 4959
f 4839 4959 4836
f 4961 4841 4837
f 4966 4841 4961
f 4965 4963 4967
f 4965 4967 4968
f 4843 4967 4840
f 4840 4967 4963
f 4971 4970 4969
f 4966 4971 4969
f 4845 4966 4969
f 4841 4966 4845
f 4968 4967 4972
f 4968 4972 4973
f 4847 4972 4843
f 4843 4972 4967
f 4969 4970 4849
f 4970 4848 4849
f 4970 4974 4848
f 4969 4849 4845
f 4973 4972 4975
f 4973 4975 4976
f 4851 4975 4847
f 4847 4975 4972
f 4974 4852 4848
f 4977 4852 4974
f 4976 4975 4978
f 4976 4978 4979
f 4854 4978 4851
f 4851 4978 4975
f 4977 4855 4852
f 4980 4855 4977
f 4979 4978 4981
f 4979 4981 4982
f 4857 4981 4854
f 4854 4981 4978
f 4980 4858 4855
f 4983 4858 4980
f 4982 4981 4984
f 4982 4984 4985
f 4860 4984 4857
f 4857 4984 4981
f 4983 4861 4858
f 4986 4861 4983
f 4985 4984 4987
f 4985 4987 4988
f 4863 4987 4860
f 4860 4987 4984
f 4986 4864 4861
f 4989 4864 4986
f 4988 4987 4990
f 4988 4990 4991
f 4866 4990 4863
f 4863 4990 4987
f 4989 4867 4864
f 4992 4867 4989
f 4991 4990 4993
f 4991 4993 4994
f 4868 4993 4866
f 4866 4993 4990
f 4996 4995 4871
f 4871 4995 4870
f 4871 4867 4992
f 4871 4992 4996
f 4994 4993 4873
f 4874 4994 4873
f 4997 4994 4874
f 4873 4993 4868
f 4995 4998 4870
f 4870 4998 4875
f 4876 4875 4998
f 4876 4998 4999
f 5002 5001 5000
f 5001 4997 5000
f 4997 4877 5000
f 4997 4874 4877
f 4999 4879 4876
f 5003 4879 4999
f 5002 5000 4881
f 4882 5002 4881
f 5004 5002 4882
f 4881 5000 4877
f 5003 5005 4879
f 4879 5005 4883
f 4883 5006 4884
f 5005 5006 4883
f 4885 4884 5006
f 4885 5006 5007
f 5009 5008 4887
f 5009 4887 4888
f 4887 5010 4889
f 5008 5010 4887
f 4882 4889 5004
f 5004 4889 5010
f 5007 5011 4885
f 4885 5011 4890
f 4891 4890 5011
f 4891 5011 5012
f 5014 5013 4892
f 5014 4892 4893
f 4892 5015 4894
f 5013 5015 4892
f 4888 4894 5009
f 5009 4894 5015
f 5012 4895 4891
f 5016 4895 5012
f 5019 5018 5017
f 4896 4897 5017
f 5018 4896 5017
f 5020 4896 5018
f 4893 4896 5014
f 5014 4896 5020
f 5016 5021 4895
f 4895 5021 4898
f 5017 4899 5019
f 4899 5021 5019
f 4899 4898 5021
f 4899 5017 4897
f 5022 4906 4907
f 4908 5023 4907
f 4907 5023 5022
f 4909 5024 4908
f 4908 5024 5023
f 4910 5024 4909
f 5025 4914 4915
f 5025 4915 5026
f 4915 5027 5026
f 4915 4916 5027
f 4916 4906 5022
f 5028 4916 5022
f 5027 4916 5028
f 5028 5022 5023
f 5028 5023 5029
f 5029 5023 5024
f 5029 5024 5030
f 5032 5030 5031
f 5031 5030 4917
f 5030 5024 4917
f 5024 4910 4917
f 4918 5031 4917
f 5034 5033 5025
f 5033 4914 5025
f 5033 4925 4914
f 5034 5025 5026
f 5035 5032 5031
f 5037 5035 5036
f 5036 5035 4926
f 5035 5031 4926
f 5031 4918 4926
f 4927 5038 4926
f 4926 5038 5036
f 4928 5039 4927
f 4927 5039 5038
f 4929 5039 4928
f 5041 4933 5040
f 4933 5033 5040
f 4933 4925 5033
f 5042 5041 5040
f 5043 5037 5036
f 5045 5044 5043
f 5036 5045 5043
f 5038 5045 5036
f 5046 5038 5039
f 5045 5038 5046
f 4934 5047 4929
f 5047 5039 4929
f 5047 5046 5039
f 4935 5047 4934
f 5048 4937 5041
f 5041 4937 4933
f 5041 5042 5049
f 5041 5049 5048
f 5050 5044 5045
f 5050 5045 5046
f 5050 5046 5051
f 5053 5052 5051
f 5046 5053 5051
f 5047 5053 5046
f 4938 5054 4935
f 5054 5047 4935
f 5054 5053 5047
f 4940 5054 4938
f 5055 4941 5048
f 5048 4941 4937
f 5048 5049 5056
f 5048 5056 5055
f 5057 5052 5053
f 5059 5058 5057
f 5053 5059 5057
f 5054 5059 5053
f 4943 5059 4940
f 4940 5059 5054
f 5055 4944 4941
f 4946 4944 5055
f 5056 4946 5055
f 5060 4946 5056
f 5061 5058 5059
f 5063 5061 5062
f 5062 5061 4947
f 5061 5059 4947
f 5059 4943 4947
f 4949 5062 4947
f 5060 4950 4946
f 5064 4950 5060
f 5063 5062 5065
f 5063 5065 5066
f 4952 5065 4949
f 4949 5065 5062
f 5064 4953 4950
f 5067 4953 5064
f 5066 5065 5068
f 5066 5068 5069
f 4955 5068 4952
f 4952 5068 5065
f 5067 5070 4953
f 4953 5070 4956
f 4958 4956 5070
f 4958 5070 5071
f 5069 5068 5072
f 5069 5072 5073
f 4960 5072 4955
f 4955 5072 5068
f 5074 4961 4962
f 5075 5074 4962
f 4958 5075 4962
f 5071 5075 4958
f 5078 5077 5076
f 5076 5077 5073
f 5076 5073 5072
f 4965 5076 5072
f 4964 4965 5072
f 4964 5072 4960
f 5080 5079 5074
f 5079 4961 5074
f 5079 4966 4961
f 5080 5074 5075
f 5078 5076 5081
f 5078 5081 5082
f 4968 5081 4965
f 4965 5081 5076
f 5083 4970 4971
f 5084 5083 4971
f 4966 5084 4971
f 5079 5084 4966
f 5082 5081 5085
f 5082 5085 5086
f 4973 5085 4968
f 4968 5085 5081
f 5087 4974 5083
f 5083 4974 4970
f 5083 5084 5088
f 5083 5088 5087
f 5086 5085 5089
f 5086 5089 5090
f 4976 5089 4973
f 4973 5089 5085
f 5091 4977 5087
f 5087 4977 4974
f 5087 5088 5092
f 5087 5092 5091
f 5090 5089 5093
f 5090 5093 5094
f 4979 5093 4976
f 4976 5093 5089
f 5095 4980 5091
f 5091 4980 4977
f 5091 5092 5096
f 5091 5096 5095
f 5094 5093 5097
f 5094 5097 5098
f 4982 5097 4979
f 4979 5097 5093
f 5100 5099 5095
f 5099 4980 5095
f 5099 4983 4980
f 5100 5095 5096
f 5101 5098 5097
f 5097 4982 5101
f 4982 5102 5101
f 4982 4985 5102
f 5099 4986 4983
f 5103 4986 5099
f 4988 5102 4985
f 4988 5104 5102
f 5103 4989 4986
f 5105 4989 5103
f 4991 5104 4988
f 4991 5106 5104
f 5105 4992 4989
f 5107 4992 5105
f 4994 5106 4991
f 4994 5108 5106
f 5110 5109 4996
f 4996 5109 4995
f 4996 4992 5107
f 4996 5107 5110
f 5113 5112 5111
f 5112 5108 5111
f 5108 4997 5111
f 5108 4994 4997
f 5109 5114 4995
f 4995 5114 4998
f 4999 4998 5114
f 4999 5114 5115
f 5113 5111 5001
f 5002 5113 5001
f 5116 5113 5002
f 5001 5111 4997
f 5115 5003 4999
f 5117 5003 5115
f 5004 5116 5002
f 5004 5118 5116
f 5117 5119 5003
f 5003 5119 5005
f 5005 5120 5006
f 5119 5120 5005
f 5007 5006 5120
f 5007 5120 5121
f 5124 5123 5122
f 5008 5009 5122
f 5123 5008 5122
f 5125 5008 5123
f 5008 5126 5010
f 5125 5126 5008
f 5004 5010 5118
f 5118 5010 5126
f 5121 5127 5007
f 5007 5127 5011
f 5012 5011 5127
f 5012 5127 5128
f 5130 5129 5013
f 5130 5013 5014
f 5122 5015 5124
f 5015 5129 5124
f 5015 5013 5129
f 5015 5122 5009
f 5128 5016 5012
f 5131 5016 5128
f 5019 5132 5018
f 5018 5132 5133
f 5134 5018 5133
f 5020 5018 5134
f 5014 5020 5130
f 5130 5020 5134
f 5131 5135 5016
f 5016 5135 5021
f 5019 5021 5132
f 5021 5136 5132
f 5021 5135 5136
f 5132 5136 5133
f 5137 5026 5027
f 5028 5138 5027
f 5027 5138 5137
f 5029 5139 5028
f 5028 5139 5138
f 5030 5140 5029
f 5029 5140 5139
f 5032 5140 5030
f 5141 5033 5034
f 5026 5137 5034
f 5137 5141 5034
f 5137 5142 5141
f 5138 5144 5143
f 5142 5138 5143
f 5137 5138 5142
f 5144 5138 5139
f 5144 5139 5145
f 5147 5146 5145
f 5139 5147 5145
f 5140 5147 5139
f 5035 5148 5032
f 5148 5140 5032
f 5148 5147 5140
f 5037 5148 5035
f 5141 5040 5033
f 5040 5141 5042
f 5141 5149 5042
f 5141 5142 5149
f 5142 5143 5150
f 5142 5150 5149
f 5146 5147 5151
f 5146 5151 5152
f 5153 5147 5148
f 5151 5147 5153
f 5043 5154 5037
f 5154 5148 5037
f 5154 5153 5148
f 5044 5154 5043
f 5155 5049 5149
f 5149 5049 5042
f 5149 5150 5156
f 5149 5156 5155
f 5157 5152 5151
f 5157 5151 5153
f 5157 5153 5158
f 5160 5159 5158
f 5153 5160 5158
f 5154 5160 5153
f 5050 5161 5044
f 5161 5154 5044
f 5161 5160 5154
f 5051 5162 5050
f 5050 5162 5161
f 5052 5162 5051
f 5163 5056 5155
f 5155 5056 5049
f 5155 5156 5164
f 5155 5164 5163
f 5165 5159 5160
f 5167 5166 5165
f 5160 5167 5165
f 5161 5167 5160
f 5168 5161 5162
f 5167 5161 5168
f 5057 5169 5052
f 5169 5162 5052
f 5169 5168 5162
f 5058 5169 5057
f 5170 5060 5163
f 5163 5060 5056
f 5163 5164 5171
f 5163 5171 5170
f 5172 5166 5167
f 5172 5167 5168
f 5172 5168 5173
f 5175 5174 5173
f 5168 5175 5173
f 5169 5175 5168
f 5061 5176 5058
f 5176 5169 5058
f 5176 5175 5169
f 5063 5176 5061
f 5177 5064 5170
f 5170 5064 5060
f 5170 5171 5178
f 5170 5178 5177
f 5179 5174 5175
f 5181 5180 5179
f 5175 5181 5179
f 5176 5181 5175
f 5066 5181 5063
f 5063 5181 5176
f 5182 5067 5177
f 5177 5067 5064
f 5177 5178 5183
f 5177 5183 5182
f 5180 5181 5184
f 5180 5184 5185
f 5069 5184 5066
f 5066 5184 5181
f 5182 5070 5067
f 5071 5070 5182
f 5183 5071 5182
f 5186 5071 5183
f 5189 5188 5187
f 5187 5188 5185
f 5184 5187 5185
f 5190 5187 5184
f 5073 5190 5069
f 5069 5190 5184
f 5186 5075 5071
f 5191 5075 5186
f 5189 5187 5192
f 5189 5192 5193
f 5078 5192 5077
f 5192 5190 5077
f 5192 5187 5190
f 5077 5190 5073
f 5194 5079 5080
f 5195 5194 5080
f 5075 5195 5080
f 5191 5195 5075
f 5193 5192 5196
f 5193 5196 5197
f 5082 5196 5078
f 5078 5196 5192
f 5198 5084 5194
f 5194 5084 5079
f 5194 5195 5199
f 5194 5199 5198
f 5197 5196 5200
f 5197 5200 5201
f 5086 5200 5082
f 5082 5200 5196
f 5202 5088 5198
f 5198 5088 5084
f 5198 5199 5203
f 5198 5203 5202
f 5201 5200 5204
f 5201 5204 5205
f 5090 5204 5086
f 5086 5204 5200
f 5207 5206 5202
f 5206 5088 5202
f 5206 5092 5088
f 5207 5202 5203
f 5205 5204 5208
f 5205 5208 5209
f 5094 5208 5090
f 5090 5208 5204
f 5212 5211 5210
f 5206 5212 5210
f 5096 5206 5210
f 5092 5206 5096
f 5213 5209 5208
f 5208 5094 5213
f 5094 5214 5213
f 5094 5098 5214
f 5210 5211 5100
f 5211 5099 5100
f 5211 5215 5099
f 5210 5100 5096
f 5098 5101 5216
f 5217 5098 5216
f 5214 5098 5217
f 5102 5216 5101
f 5215 5103 5099
f 5218 5103 5215
f 5217 5216 5219
f 5217 5219 5220
f 5104 5219 5102
f 5102 5219 5216
f 5218 5105 5103
f 5221 5105 5218
f 5220 5219 5222
f 5220 5222 5223
f 5106 5222 5104
f 5104 5222 5219
f 5221 5107 5105
f 5224 5107 5221
f 5223 5222 5225
f 5223 5225 5226
f 5108 5225 5106
f 5106 5225 5222
f 5228 5227 5110
f 5110 5227 5109
f 5110 5107 5224
f 5110 5224 5228
f 5231 5230 5229
f 5229 5230 5226
f 5229 5226 5225
f 5113 5229 5225
f 5112 5113 5225
f 5112 5225 5108
f 5114 5109 5232
f 5109 5233 5232
f 5109 5227 5233
f 5232 5115 5114
f 5231 5229 5234
f 5231 5234 5235
f 5116 5234 5113
f 5113 5234 5229
f 5233 5236 5232
f 5115 5232 5236
f 5237 5115 5236
f 5117 5115 5237
f 5235 5234 5238
f 5235 5238 5239
f 5118 5238 5116
f 5116 5238 5234
f 5237 5240 5117
f 5117 5240 5119
f 5119 5241 5120
f 5240 5241 5119
f 5121 5120 5241
f 5121 5241 5242
f 5244 5243 5123
f 5244 5123 5124
f 5123 5245 5125
f 5243 5245 5123
f 5238 5126 5239
f 5126 5245 5239
f 5126 5125 5245
f 5126 5238 5118
f 5127 5121 5246
f 5121 5247 5246
f 5121 5242 5247
f 5246 5128 5127
f 5250 5249 5248
f 5129 5130 5248
f 5249 5129 5248
f 5251 5129 5249
f 5124 5129 5244
f 5244 5129 5251
f 5247 5252 5246
f 5128 5246 5252
f 5253 5128 5252
f 5131 5128 5253
f 5256 5255 5254
f 5254 5255 5250
f 5254 5250 5248
f 5133 5254 5248
f 5134 5133 5248
f 5134 5248 5130
f 5253 5257 5131
f 5131 5257 5135
f 5254 5136 5256
f 5136 5257 5256
f 5136 5135 5257
f 5136 5254 5133
f 5258 5143 5144
f 5145 5259 5144
f 5144 5259 5258
f 5146 5259 5145
f 5260 5150 5258
f 5258 5150 5143
f 5261 5258 5259
f 5260 5258 5261
f 5152 5261 5146
f 5146 5261 5259
f 5262 5156 5260
f 5260 5156 5150
f 5263 5260 5261
f 5262 5260 5263
f 5157 5264 5152
f 5264 5261 5152
f 5264 5263 5261
f 5158 5265 5157
f 5157 5265 5264
f 5159 5265 5158
f 5266 5164 5262
f 5262 5164 5156
f 5267 5262 5263
f 5266 5262 5267
f 5268 5263 5264
f 5267 5263 5268
f 5269 5264 5265
f 5268 5264 5269
f 5165 5270 5159
f 5270 5265 5159
f 5270 5269 5265
f 5166 5270 5165
f 5272 5271 5266
f 5271 5164 5266
f 5271 5171 5164
f 5272 5266 5267
f 5272 5267 5273
f 5273 5267 5268
f 5273 5268 5274
f 5274 5268 5269
f 5274 5269 5275
f 5277 5276 5275
f 5269 5277 5275
f 5270 5277 5269
f 5172 5278 5166
f 5278 5270 5166
f 5278 5277 5270
f 5173 5279 5172
f 5172 5279 5278
f 5174 5279 5173
f 5271 5178 5171
f 5280 5178 5271
f 5276 5277 5281
f 5276 5281 5282
f 5283 5277 5278
f 5281 5277 5283
f 5284 5278 5279
f 5283 5278 5284
f 5179 5285 5174
f 5285 5279 5174
f 5285 5284 5279
f 5180 5285 5179
f 5280 5183 5178
f 5286 5183 5280
f 5287 5282 5281
f 5289 5288 5287
f 5281 5289 5287
f 5283 5289 5281
f 5290 5283 5284
f 5289 5283 5290
f 5291 5284 5285
f 5290 5284 5291
f 5185 5291 5180
f 5180 5291 5285
f 5286 5186 5183
f 5292 5186 5286
f 5293 5288 5289
f 5295 5294 5293
f 5289 5295 5293
f 5290 5295 5289
f 5189 5295 5188
f 5295 5291 5188
f 5295 5290 5291
f 5188 5291 5185
f 5292 5191 5186
f 5296 5191 5292
f 5294 5295 5297
f 5294 5297 5298
f 5193 5297 5189
f 5189 5297 5295
f 5296 5195 5191
f 5299 5195 5296
f 5298 5297 5300
f 5298 5300 5301
f 5197 5300 5193
f 5193 5300 5297
f 5299 5199 5195
f 5302 5199 5299
f 5301 5300 5303
f 5301 5303 5304
f 5201 5303 5197
f 5197 5303 5300
f 5307 5306 5305
f 5302 5307 5305
f 5203 5302 5305
f 5199 5302 5203
f 5304 5303 5308
f 5304 5308 5309
f 5205 5308 5201
f 5201 5308 5303
f 5305 5306 5207
f 5306 5206 5207
f 5306 5310 5206
f 5305 5207 5203
f 5309 5308 5311
f 5309 5311 5312
f 5209 5311 5205
f 5205 5311 5308
f 5314 5313 5212
f 5212 5313 5211
f 5212 5206 5310
f 5212 5310 5314
f 5312 5311 5315
f 5312 5315 5316
f 5213 5317 5209
f 5317 5311 5209
f 5317 5315 5311
f 5214 5317 5213
f 5313 5215 5211
f 5318 5215 5313
f 5316 5315 5319
f 5316 5319 5320
f 5321 5315 5317
f 5319 5315 5321
f 5217 5321 5214
f 5214 5321 5317
f 5318 5218 5215
f 5322 5218 5318
f 5323 5320 5319
f 5325 5324 5323
f 5319 5325 5323
f 5321 5325 5319
f 5220 5325 5217
f 5217 5325 5321
f 5322 5221 5218
f 5326 5221 5322
f 5324 5325 5327
f 5324 5327 5328
f 5223 5327 5220
f 5220 5327 5325
f 5331 5330 5329
f 5326 5331 5329
f 5224 5326 5329
f 5221 5326 5224
f 5328 5327 5332
f 5328 5332 5333
f 5226 5332 5223
f 5223 5332 5327
f 5329 5330 5228
f 5330 5227 5228
f 5330 5334 5227
f 5329 5228 5224
f 5333 5332 5230
f 5231 5333 5230
f 5335 5333 5231
f 5230 5332 5226
f 5334 5233 5227
f 5336 5233 5334
f 5339 5338 5337
f 5338 5335 5337
f 5335 5235 5337
f 5335 5231 5235
f 5336 5340 5233
f 5233 5340 5236
f 5237 5236 5340
f 5237 5340 5341
f 5339 5337 5342
f 5339 5342 5343
f 5239 5342 5235
f 5235 5342 5337
f 5341 5344 5237
f 5237 5344 5240
f 5240 5345 5241
f 5344 5345 5240
f 5242 5241 5345
f 5242 5345 5346
f 5348 5347 5243
f 5348 5243 5244
f 5342 5245 5343
f 5245 5347 5343
f 5245 5243 5347
f 5245 5342 5239
f 5350 5247 5349
f 5247 5346 5349
f 5247 5242 5346
f 5351 5350 5349
f 5353 5352 5249
f 5353 5249 5250
f 5249 5354 5251
f 5352 5354 5249
f 5244 5251 5348
f 5348 5251 5354
f 5350 5252 5247
f 5253 5252 5350
f 5351 5253 5350
f 5355 5253 5351
f 5357 5356 5255
f 5357 5255 5256
f 5250 5255 5353
f 5353 5255 5356
f 5355 5358 5253
f 5253 5358 5257
f 5256 5257 5357
f 5357 5257 5358
f 5359 5271 5272
f 5273 5360 5272
f 5272 5360 5359
f 5274 5361 5273
f 5273 5361 5360
f 5275 5362 5274
f 5274 5362 5361
f 5276 5362 5275
f 5363 5280 5359
f 5359 5280 5271
f 5364 5359 5360
f 5363 5359 5364
f 5365 5360 5361
f 5364 5360 5365
f 5366 5361 5362
f 5365 5361 5366
f 5282 5366 5276
f 5276 5366 5362
f 5367 5286 5363
f 5363 5286 5280
f 5364 5369 5368
f 5367 5364 5368
f 5363 5364 5367
f 5369 5364 5365
f 5369 5365 5370
f 5372 5371 5370
f 5365 5372 5370
f 5366 5372 5365
f 5287 5373 5282
f 5373 5366 5282
f 5373 5372 5366
f 5288 5373 5287
f 5374 5292 5367
f 5367 5292 5286
f 5367 5368 5375
f 5367 5375 5374
f 5376 5371 5372
f 5378 5377 5376
f 5372 5378 5376
f 5373 5378 5372
f 5293 5379 5288
f 5379 5373 5288
f 5379 5378 5373
f 5294 5379 5293
f 5380 5296 5374
f 5374 5296 5292
f 5374 5375 5381
f 5374 5381 5380
f 5377 5378 5382
f 5377 5382 5383
f 5384 5378 5379
f 5382 5378 5384
f 5298 5384 5294
f 5294 5384 5379
f 5385 5299 5380
f 5380 5299 5296
f 5380 5381 5386
f 5380 5386 5385
f 5387 5383 5382
f 5389 5388 5387
f 5382 5389 5387
f 5384 5389 5382
f 5301 5389 5298
f 5298 5389 5384
f 5391 5390 5385
f 5390 5299 5385
f 5390 5302 5299
f 5391 5385 5386
f 5388 5389 5392
f 5388 5392 5393
f 5304 5392 5301
f 5301 5392 5389
f 5395 5394 5307
f 5307 5394 5306
f 5307 5302 5390
f 5307 5390 5395
f 5393 5392 5396
f 5393 5396 5397
f 5309 5396 5304
f 5304 5396 5392
f 5394 5310 5306
f 5398 5310 5394
f 5397 5396 5399
f 5397 5399 5400
f 5312 5399 5309
f 5309 5399 5396
f 5402 5401 5314
f 5314 5401 5313
f 5314 5310 5398
f 5314 5398 5402
f 5403 5400 5399
f 5399 5312 5403
f 5312 5404 5403
f 5312 5316 5404
f 5401 5318 5313
f 5405 5318 5401
f 5320 5404 5316
f 5320 5406 5404
f 5405 5322 5318
f 5407 5322 5405
f 5320 5323 5408
f 5409 5320 5408
f 5406 5320 5409
f 5324 5408 5323
f 5407 5326 5322
f 5410 5326 5407
f 5409 5408 5411
f 5409 5411 5412
f 5328 5411 5324
f 5324 5411 5408
f 5414 5413 5331
f 5331 5413 5330
f 5331 5326 5410
f 5331 5410 5414
f 5412 5411 5415
f 5412 5415 5416
f 5333 5415 5328
f 5328 5415 5411
f 5413 5334 5330
f 5417 5334 5413
f 5416 5415 5418
f 5416 5418 5419
f 5335 5418 5333
f 5333 5418 5415
f 5417 5336 5334
f 5420 5336 5417
f 5419 5418 5338
f 5339 5419 5338
f 5421 5419 5339
f 5338 5418 5335
f 5420 5422 5336
f 5336 5422 5340
f 5341 5340 5422
f 5341 5422 5423
f 5343 5421 5339
f 5343 5424 5421
f 5423 5425 5341
f 5341 5425 5344
f 5344 5426 5345
f 5425 5426 5344
f 5346 5345 5426
f 5346 5426 5427
f 5429 5428 5347
f 5429 5347 5348
f 5343 5347 5424
f 5424 5347 5428
f 5349 5346 5430
f 5346 5431 5430
f 5346 5427 5431
f 5430 5351 5349
f 5353 5432 5352
f 5352 5432 5433
f 5434 5352 5433
f 5354 5352 5434
f 5348 5354 5429
f 5429 5354 5434
f 5431 5435 5430
f 5351 5430 5435
f 5436 5351 5435
f 5355 5351 5436
f 5438 5437 5356
f 5438 5356 5357
f 5353 5356 5432
f 5356 5439 5432
f 5356 5437 5439
f 5432 5439 5433
f 5436 5440 5355
f 5355 5440 5358
f 5357 5358 5438
f 5438 5358 5440
f 5441 5368 5369
f 5370 5442 5369
f 5369 5442 5441
f 5371 5442 5370
f 5443 5375 5441
f 5441 5375 5368
f 5444 5441 5442
f 5443 5441 5444
f 5376 5445 5371
f 5445 5442 5371
f 5445 5444 5442
f 5377 5445 5376
f 5447 5446 5443
f 5446 5375 5443
f 5446 5381 5375
f 5447 5443 5444
f 5447 5444 5448
f 5450 5449 5448
f 5444 5450 5448
f 5445 5450 5444
f 5383 5450 5377
f 5377 5450 5445
f 5446 5386 5381
f 5451 5386 5446
f 5452 5449 5450
f 5454 5452 5453
f 5453 5452 5387
f 5452 5450 5387
f 5450 5383 5387
f 5388 5453 5387
f 5456 5455 5391
f 5391 5455 5390
f 5391 5386 5451
f 5391 5451 5456
f 5454 5453 5457
f 5454 5457 5458
f 5393 5457 5388
f 5388 5457 5453
f 5460 5459 5395
f 5395 5459 5394
f 5395 5390 5455
f 5395 5455 5460
f 5458 5457 5461
f 5458 5461 5462
f 5397 5461 5393
f 5393 5461 5457
f 5459 5398 5394
f 5463 5398 5459
f 5464 5462 5461
f 5461 5397 5464
f 5397 5465 5464
f 5397 5400 5465
f 5466 5401 5402
f 5467 5466 5402
f 5398 5467 5402
f 5463 5467 5398
f 5400 5403 5468
f 5469 5400 5468
f 5465 5400 5469
f 5404 5468 5403
f 5471 5470 5466
f 5470 5401 5466
f 5470 5405 5401
f 5471 5466 5467
f 5469 5468 5472
f 5469 5472 5473
f 5406 5472 5404
f 5404 5472 5468
f 5470 5407 5405
f 5474 5407 5470
f 5473 5472 5475
f 5473 5475 5476
f 5409 5475 5406
f 5406 5475 5472
f 5474 5410 5407
f 5477 5410 5474
f 5476 5475 5478
f 5476 5478 5479
f 5412 5478 5409
f 5409 5478 5475
f 5481 5480 5414
f 5414 5480 5413
f 5414 5410 5477
f 5414 5477 5481
f 5482 5479 5478
f 5478 5412 5482
f 5412 5483 5482
f 5412 5416 5483
f 5480 5417 5413
f 5484 5417 5480
f 5419 5483 5416
f 5419 5485 5483
f 5487 5420 5486
f 5420 5484 5486
f 5420 5417 5484
f 5488 5487 5486
f 5421 5485 5419
f 5421 5489 5485
f 5487 5422 5420
f 5423 5422 5487
f 5488 5423 5487
f 5490 5423 5488
f 5493 5492 5491
f 5492 5489 5491
f 5489 5424 5491
f 5489 5421 5424
f 5490 5494 5423
f 5423 5494 5425
f 5425 5495 5426
f 5494 5495 5425
f 5427 5426 5495
f 5427 5495 5496
f 5493 5491 5428
f 5429 5493 5428
f 5497 5493 5429
f 5428 5491 5424
f 5496 5431 5427
f 5498 5431 5496
f 5501 5500 5499
f 5434 5433 5499
f 5500 5434 5499
f 5502 5434 5500
f 5429 5434 5497
f 5497 5434 5502
f 5435 5431 5503
f 5431 5504 5503
f 5431 5498 5504
f 5503 5436 5435
f 5506 5505 5437
f 5506 5437 5438
f 5499 5439 5501
f 5439 5505 5501
f 5439 5437 5505
f 5439 5499 5433
f 5504 5507 5503
f 5503 5507 5436
f 5507 5440 5436
f 5507 5508 5440
f 5438 5440 5506
f 5506 5440 5508
f 5509 5446 5447
f 5448 5510 5447
f 5447 5510 5509
f 5449 5510 5448
f 5512 5511 5509
f 5511 5446 5509
f 5511 5451 5446
f 5514 5513 5512
f 5509 5514 5512
f 5510 5514 5509
f 5452 5515 5449
f 5515 5510 5449
f 5515 5514 5510
f 5454 5515 5452
f 5517 5516 5456
f 5456 5516 5455
f 5456 5451 5511
f 5456 5511 5517
f 5518 5513 5514
f 5520 5519 5518
f 5514 5520 5518
f 5515 5520 5514
f 5458 5520 5454
f 5454 5520 5515
f 5521 5459 5460
f 5522 5521 5460
f 5455 5522 5460
f 5516 5522 5455
f 5523 5519 5520
f 5520 5458 5523
f 5458 5524 5523
f 5458 5462 5524
f 5526 5525 5521
f 5525 5459 5521
f 5525 5463 5459
f 5526 5521 5522
f 5462 5464 5527
f 5528 5462 5527
f 5524 5462 5528
f 5465 5527 5464
f 5525 5467 5463
f 5529 5467 5525
f 5528 5527 5530
f 5528 5530 5531
f 5469 5530 5465
f 5465 5530 5527
f 5533 5532 5471
f 5471 5532 5470
f 5471 5467 5529
f 5471 5529 5533
f 5534 5531 5530
f 5530 5469 5534
f 5469 5535 5534
f 5469 5473 5535
f 5532 5474 5470
f 5536 5474 5532
f 5476 5535 5473
f 5476 5537 5535
f 5536 5477 5474
f 5538 5477 5536
f 5479 5537 5476
f 5479 5539 5537
f 5540 5480 5481
f 5541 5540 5481
f 5477 5541 5481
f 5538 5541 5477
f 5542 5539 5479
f 5542 5479 5482
f 5482 5483 5542
f 5542 5483 5543
f 5544 5484 5540
f 5540 5484 5480
f 5540 5541 5545
f 5540 5545 5544
f 5485 5543 5483
f 5485 5546 5543
f 5544 5486 5484
f 5488 5486 5544
f 5545 5488 5544
f 5547 5488 5545
f 5550 5549 5548
f 5549 5546 5548
f 5546 5489 5548
f 5546 5485 5489
f 5552 5490 5551
f 5490 5547 5551
f 5490 5488 5547
f 5553 5552 5551
f 5550 5548 5492
f 5493 5550 5492
f 5554 5550 5493
f 5492 5548 5489
f 5552 5494 5490
f 5495 5494 5552
f 5555 5495 5552
f 5553 5555 5552
f 5556 5495 5555
f 5556 5496 5495
f 5497 5554 5493
f 5497 5557 5554
f 5555 5558 5556
f 5496 5556 5558
f 5559 5496 5558
f 5498 5496 5559
f 5561 5560 5500
f 5561 5500 5501
f 5500 5562 5502
f 5560 5562 5500
f 5497 5502 5557
f 5557 5502 5562
f 5559 5504 5498
f 5563 5504 5559
f 5565 5564 5505
f 5565 5505 5506
f 5501 5505 5561
f 5561 5505 5564
f 5563 5566 5504
f 5504 5566 5507
f 5507 5567 5508
f 5566 5567 5507
f 5506 5508 5565
f 5565 5508 5567
f 5568 5511 5512
f 5513 5568 5512
f 5569 5516 5517
f 5570 5569 5517
f 5570 5517 5511
f 5571 5570 5511
f 5568 5571 5511
f 5573 5571 5572
f 5572 5571 5518
f 5571 5568 5518
f 5568 5513 5518
f 5519 5572 5518
f 5575 5574 5569
f 5574 5516 5569
f 5574 5522 5516
f 5575 5569 5570
f 5576 5573 5572
f 5578 5576 5577
f 5577 5576 5523
f 5576 5572 5523
f 5572 5519 5523
f 5524 5577 5523
f 5580 5579 5526
f 5526 5579 5525
f 5526 5522 5574
f 5526 5574 5580
f 5581 5578 5577
f 5577 5524 5581
f 5524 5582 5581
f 5524 5528 5582
f 5579 5529 5525
f 5583 5529 5579
f 5531 5582 5528
f 5531 5584 5582
f 5585 5532 5533
f 5586 5585 5533
f 5529 5586 5533
f 5583 5586 5529
f 5531 5534 5587
f 5588 5531 5587
f 5584 5531 5588
f 5535 5587 5534
f 5590 5589 5585
f 5589 5532 5585
f 5589 5536 5532
f 5590 5585 5586
f 5588 5587 5591
f 5588 5591 5592
f 5537 5591 5535
f 5535 5591 5587
f 5589 5538 5536
f 5593 5538 5589
f 5592 5591 5594
f 5592 5594 5595
f 5539 5594 5537
f 5537 5594 5591
f 5597 5541 5596
f 5541 5593 5596
f 5541 5538 5593
f 5598 5597 5596
f 5599 5595 5594
f 5601 5599 5600
f 5600 5599 5542
f 5599 5594 5542
f 5594 5539 5542
f 5543 5600 5542
f 5602 5545 5597
f 5597 5545 5541
f 5597 5598 5603
f 5597 5603 5602
f 5601 5600 5604
f 5601 5604 5605
f 5546 5604 5543
f 5543 5604 5600
f 5606 5547 5602
f 5602 5547 5545
f 5602 5603 5607
f 5602 5607 5606
f 5605 5604 5549
f 5550 5605 5549
f 5608 5605 5550
f 5549 5604 5546
f 5606 5551 5547
f 5553 5551 5606
f 5607 5553 5606
f 5609 5553 5607
f 5554 5608 5550
f 5554 5610 5608
f 5609 5555 5553
f 5611 5555 5609
f 5557 5610 5554
f 5557 5612 5610
f 5611 5613 5555
f 5555 5613 5558
f 5559 5558 5613
f 5559 5613 5614
f 5616 5615 5560
f 5616 5560 5561
f 5560 5617 5562
f 5615 5617 5560
f 5557 5562 5612
f 5612 5562 5617
f 5614 5563 5559
f 5618 5563 5614
f 5620 5619 5564
f 5620 5564 5565
f 5561 5564 5616
f 5616 5564 5619
f 5618 5621 5563
f 5563 5621 5566
f 5621 5623 5622
f 5567 5621 5622
f 5566 5621 5567
f 5622 5624 5567
f 5624 5565 5567
f 5624 5620 5565
f 5623 5625 5622
f 5622 5625 5624
f 5626 5570 5571
f 5573 5626 5571
f 5627 5574 5575
f 5628 5627 5575
f 5628 5575 5570
f 5629 5628 5570
f 5626 5629 5570
f 5631 5629 5630
f 5630 5629 5576
f 5629 5626 5576
f 5626 5573 5576
f 5578 5630 5576
f 5632 5579 5580
f 5633 5632 5580
f 5633 5580 5574
f 5634 5633 5574
f 5627 5634 5574
f 5634 5627 5628
f 5635 5631 5630
f 5637 5635 5636
f 5636 5635 5581
f 5635 5630 5581
f 5630 5578 5581
f 5582 5636 5581
f 5639 5638 5632
f 5638 5579 5632
f 5638 5583 5579
f 5639 5632 5633
f 5637 5636 5640
f 5637 5640 5641
f 5584 5640 5582
f 5582 5640 5636
f 5638 5586 5583
f 5642 5586 5638
f 5643 5641 5640
f 5640 5584 5643
f 5584 5644 5643
f 5584 5588 5644
f 5646 5645 5590
f 5590 5645 5589
f 5590 5586 5642
f 5590 5642 5646
f 5592 5644 5588
f 5592 5647 5644
f 5645 5593 5589
f 5648 5593 5645
f 5595 5647 5592
f 5595 5649 5647
f 5648 5650 5593
f 5593 5650 5596
f 5598 5596 5650
f 5598 5650 5651
f 5652 5649 5595
f 5652 5595 5599
f 5599 5601 5652
f 5652 5601 5653
f 5651 5603 5598
f 5654 5603 5651
f 5657 5656 5655
f 5656 5653 5655
f 5653 5605 5655
f 5653 5601 5605
f 5654 5607 5603
f 5658 5607 5654
f 5657 5655 5659
f 5657 5659 5660
f 5608 5659 5605
f 5605 5659 5655
f 5662 5609 5661
f 5609 5658 5661
f 5609 5607 5658
f 5663 5662 5661
f 5660 5659 5664
f 5660 5664 5665
f 5610 5664 5608
f 5608 5664 5659
f 5666 5611 5662
f 5662 5611 5609
f 5662 5663 5667
f 5662 5667 5666
f 5665 5664 5668
f 5665 5668 5669
f 5612 5668 5610
f 5610 5668 5664
f 5666 5613 5611
f 5614 5613 5666
f 5667 5614 5666
f 5670 5614 5667
f 5616 5671 5615
f 5672 5669 5668
f 5615 5672 5668
f 5617 5615 5668
f 5672 5615 5671
f 5617 5668 5612
f 5674 5618 5673
f 5618 5670 5673
f 5618 5614 5670
f 5675 5674 5673
f 5677 5676 5619
f 5677 5619 5620
f 5616 5619 5671
f 5619 5678 5671
f 5619 5676 5678
f 5671 5678 5672
f 5674 5621 5618
f 5623 5621 5674
f 5675 5623 5674
f 5679 5623 5675
f 5624 5677 5620
f 5624 5680 5677
f 5679 5681 5623
f 5623 5681 5625
f 5624 5625 5680
f 5680 5625 5681
f 5682 5628 5629
f 5631 5682 5629
f 5683 5633 5634
f 5628 5682 5634
f 5682 5683 5634
f 5682 5684 5683
f 5635 5685 5631
f 5685 5682 5631
f 5685 5684 5682
f 5637 5685 5635
f 5686 5638 5639
f 5687 5686 5639
f 5687 5639 5633
f 5688 5687 5633
f 5683 5688 5633
f 5688 5683 5684
f 5688 5684 5689
f 5691 5690 5689
f 5684 5691 5689
f 5685 5691 5684
f 5641 5691 5637
f 5637 5691 5685
f 5693 5692 5686
f 5692 5638 5686
f 5692 5642 5638
f 5693 5686 5687
f 5694 5690 5691
f 5696 5694 5695
f 5695 5694 5643
f 5694 5691 5643
f 5691 5641 5643
f 5644 5695 5643
f 5698 5697 5646
f 5646 5697 5645
f 5646 5642 5692
f 5646 5692 5698
f 5696 5695 5699
f 5696 5699 5700
f 5647 5699 5644
f 5644 5699 5695
f 5697 5648 5645
f 5701 5648 5697
f 5702 5700 5699
f 5699 5647 5702
f 5647 5703 5702
f 5647 5649 5703
f 5701 5704 5648
f 5648 5704 5650
f 5651 5650 5704
f 5651 5704 5705
f 5649 5652 5706
f 5707 5649 5706
f 5703 5649 5707
f 5653 5706 5652
f 5705 5654 5651
f 5708 5654 5705
f 5707 5706 5656
f 5657 5707 5656
f 5709 5707 5657
f 5656 5706 5653
f 5711 5658 5710
f 5658 5708 5710
f 5658 5654 5708
f 5712 5711 5710
f 5715 5714 5713
f 5714 5709 5713
f 5709 5660 5713
f 5709 5657 5660
f 5711 5661 5658
f 5717 5716 5663
f 5717 5663 5661
f 5712 5717 5661
f 5711 5712 5661
f 5718 5716 5717
f 5715 5713 5719
f 5715 5719 5720
f 5665 5719 5660
f 5660 5719 5713
f 5721 5667 5716
f 5716 5667 5663
f 5716 5718 5722
f 5723 5716 5722
f 5721 5716 5723
f 5724 5723 5722
f 5720 5719 5725
f 5720 5725 5726
f 5669 5725 5665
f 5665 5725 5719
f 5727 5670 5721
f 5721 5670 5667
f 5728 5721 5723
f 5727 5721 5728
f 5723 5724 5729
f 5723 5729 5728
f 5726 5725 5730
f 5726 5730 5731
f 5672 5730 5669
f 5669 5730 5725
f 5727 5673 5670
f 5673 5727 5675
f 5727 5732 5675
f 5727 5728 5732
f 5734 5733 5729
f 5733 5735 5729
f 5676 5729 5735
f 5729 5676 5728
f 5677 5728 5676
f 5728 5677 5733
f 5733 5732 5728
f 5734 5732 5733
f 5733 5677 5735
f 5736 5731 5730
f 5676 5736 5730
f 5678 5676 5730
f 5736 5676 5735
f 5678 5730 5672
f 5737 5679 5732
f 5732 5679 5675
f 5680 5735 5677
f 5735 5680 5738
f 5737 5738 5680
f 5738 5737 5734
f 5732 5734 5737
f 5735 5738 5736
f 5737 5681 5679
f 5681 5737 5680
f 5739 5687 5688
f 5689 5740 5688
f 5688 5740 5739
f 5690 5740 5689
f 5741 5692 5693
f 5687 5739 5693
f 5739 5741 5693
f 5739 5742 5741
f 5743 5739 5740
f 5742 5739 5743
f 5694 5744 5690
f 5744 5740 5690
f 5744 5743 5740
f 5696 5744 5694
f 5745 5697 5698
f 5692 5741 5698
f 5741 5745 5698
f 5741 5746 5745
f 5742 5748 5747
f 5746 5742 5747
f 5741 5742 5746
f 5748 5742 5743
f 5748 5743 5749
f 5751 5750 5749
f 5743 5751 5749
f 5744 5751 5743
f 5700 5751 5696
f 5696 5751 5744
f 5752 5701 5745
f 5745 5701 5697
f 5753 5745 5746
f 5752 5745 5753
f 5746 5747 5754
f 5746 5754 5753
f 5755 5750 5751
f 5757 5755 5756
f 5756 5755 5702
f 5755 5751 5702
f 5751 5700 5702
f 5703 5756 5702
f 5752 5704 5701
f 5752 5753 5758
f 5705 5752 5758
f 5759 5705 5758
f 5752 5705 5704
f 5758 5753 5754
f 5757 5756 5760
f 5757 5760 5761
f 5707 5760 5703
f 5703 5760 5756
f 5759 5708 5705
f 5762 5708 5759
f 5761 5760 5763
f 5761 5763 5764
f 5709 5763 5707
f 5707 5763 5760
f 5762 5765 5708
f 5708 5765 5710
f 5712 5710 5765
f 5712 5765 5766
f 5764 5763 5714
f 5715 5764 5714
f 5767 5764 5715
f 5714 5763 5709
f 5766 5768 5712
f 5712 5768 5717
f 5718 5717 5768
f 5718 5768 5769
f 5772 5771 5770
f 5771 5767 5770
f 5767 5720 5770
f 5767 5715 5720
f 5769 5773 5718
f 5718 5773 5722
f 5770 5774 5724
f 5773 5770 5724
f 5722 5773 5724
f 5772 5770 5773
f 5726 5774 5720
f 5720 5774 5770
f 5775 5729 5774
f 5774 5729 5724
f 5731 5775 5726
f 5726 5775 5774
f 5776 5734 5775
f 5775 5734 5729
f 5736 5776 5731
f 5731 5776 5775
f 5776 5738 5734
f 5738 5776 5736
f 5777 5747 5748
f 5749 5778 5748
f 5748 5778 5777
f 5750 5778 5749
f 5779 5754 5777
f 5777 5754 5747
f 5780 5777 5778
f 5779 5777 5780
f 5755 5781 5750
f 5781 5778 5750
f 5781 5780 5778
f 5757 5781 5755
f 5782 5759 5758
f 5754 5779 5758
f 5779 5782 5758
f 5779 5783 5782
f 5784 5779 5780
f 5783 5779 5784
f 5785 5780 5781
f 5784 5780 5785
f 5761 5785 5757
f 5757 5785 5781
f 5786 5762 5782
f 5782 5762 5759
f 5787 5782 5783
f 5786 5782 5787
f 5788 5783 5784
f 5787 5783 5788
f 5789 5784 5785
f 5788 5784 5789
f 5764 5789 5761
f 5761 5789 5785
f 5786 5765 5762
f 5765 5786 5766
f 5786 5790 5766
f 5786 5787 5790
f 5791 5787 5788
f 5790 5787 5791
f 5792 5788 5789
f 5791 5788 5792
f 5767 5792 5764
f 5764 5792 5789
f 5790 5768 5766
f 5768 5790 5769
f 5790 5793 5769
f 5790 5791 5793
f 5772 5793 5771
f 5793 5792 5771
f 5793 5791 5792
f 5771 5792 5767
f 5793 5773 5769
f 5773 5793 5772

