# https://github.com/mikedh/trimesh
v -4710.87950000 -669.89485000 -1669.01500000
v -4708.97850000 -562.90485000 -1630.90500000
v -4709.82750000 -642.50485000 -1689.57500000
v -4712.44850000 -780.92485000 -1717.60500000
v -4711.77550000 -779.13485000 -1750.70500000
v -4715.15150000 -819.98485000 -1748.45500000
v -4712.37650000 -865.07485000 -1750.36500000
v -4714.27950000 -902.47485000 -1787.94500000
v -4712.20050000 -995.29485000 -1796.98500000
v -4704.46450000 -1045.56485000 -1864.23500000
v -4711.96250000 -1052.55485000 -1809.50500000
v -4705.90150000 -1111.78485000 -1827.32500000
v -4706.12650000 -905.51485000 -1824.71500000
v -4704.53350000 -1140.60485000 -1863.67500000
v -4696.85950000 -428.07485000 -1551.66500000
v -4695.30150000 -485.11485000 -1559.45500000
v -4672.57450000 -447.95485000 -1526.61500000
v -4684.44450000 -356.38485000 -1540.97500000
v -4694.79050000 -387.49485000 -1568.65500000
v -4687.69450000 -354.83485000 -1576.82500000
v -4691.88450000 -549.86485000 -1579.54500000
v -4672.81450000 -527.30485000 -1556.26500000
v -4701.01950000 -461.77485000 -1598.81500000
v -4698.54450000 -513.59485000 -1585.73500000
v -4694.01150000 -416.16485000 -1602.63500000
v -4698.91350000 -597.57485000 -1616.56500000
v -4694.31250000 -676.04485000 -1639.11500000
v -4679.85450000 -635.18485000 -1607.78500000
v -4693.31650000 -534.42485000 -1678.02500000
v -4697.90950000 -755.75485000 -1679.63500000
v -4662.22450000 -771.06485000 -1652.57500000
v -4702.70050000 -835.90485000 -1718.90500000
v -4681.32450000 -854.14485000 -1701.40500000
v -4699.87650000 -685.34485000 -1748.04500000
v -4698.13850000 -942.17485000 -1751.32500000
v -4662.36450000 -645.79485000 -1826.56500000
v -4689.14550000 -1061.12485000 -1774.52500000
v -4669.24450000 -966.38485000 -1730.28500000
v -4703.65750000 -1052.10485000 -1798.05500000
v -4675.03450000 -798.49485000 -1863.67500000
v -4694.38950000 -1123.53485000 -1805.77500000
v -4693.35650000 -1196.77485000 -1828.86500000
v -4690.35950000 -1282.26485000 -1852.29500000
v -4674.25450000 -1262.99485000 -1827.95500000
v -4676.40450000 -1347.01485000 -1856.21500000
v -4697.40050000 -1230.37485000 -1867.41500000
v -4689.81350000 -1205.65485000 -1924.68500000
v -4687.55450000 -1370.86485000 -1887.86500000
v -4679.46450000 -951.74485000 -1907.20500000
v -4689.15650000 -1342.99485000 -1921.89500000
v -4685.18450000 -1450.84485000 -1928.80500000
v -4679.22450000 -1493.37485000 -1913.62500000
v -4656.22450000 -1103.70485000 -2001.53500000
v -4672.08450000 -1358.32485000 -1991.28500000
v -4661.03450000 -387.68485000 -1512.19500000
v -4650.61450000 -316.80485000 -1522.14500000
v -4646.93450000 -418.35485000 -1502.75500000
v -4668.77450000 -306.55485000 -1550.25500000
v -4674.43450000 -316.06485000 -1577.79500000
v -4661.51450000 -278.16485000 -1571.47500000
v -4664.40450000 -607.36485000 -1584.45500000
v -4654.69450000 -264.73485000 -1607.19500000
v -4672.71450000 -379.50485000 -1635.98500000
v -4668.02450000 -702.03485000 -1628.52500000
v -4648.20450000 -484.20485000 -1766.12500000
v -4658.06450000 -1085.57485000 -1758.87500000
v -4675.97450000 -1157.12485000 -1798.32500000
v -4650.03450000 -1342.23485000 -1833.39500000
v -4658.39450000 -1436.97485000 -1863.87500000
v -4674.90450000 -1433.74485000 -1883.81500000
v -4664.01450000 -1510.14485000 -1893.84500000
v -4668.93450000 -1569.36485000 -1922.68500000
v -4652.38450000 -1604.11485000 -1910.13500000
v -4657.98450000 -1651.71485000 -1944.36500000
v -4672.99450000 -1491.19485000 -1986.11500000
v -4670.71450000 -1571.01485000 -1955.66500000
v -4650.07450000 -1283.33485000 -2041.43500000
v -4655.92450000 -1665.61485000 -1994.70500000
v -4652.54450000 -1492.77485000 -2054.59500000
v -4659.01450000 -1599.75485000 -2015.68500000
v -4653.04450000 -1569.72485000 -2048.02500000
v -4609.58450000 -346.72485000 -1487.19500000
v -4612.36450000 -458.30485000 -1499.91500000
v -4627.61450000 -515.34485000 -1530.62500000
v -4620.21450000 -258.27485000 -1532.02500000
v -4643.67450000 -267.09485000 -1551.75500000
v -4592.77450000 -636.01485000 -1562.94500000
v -4638.47450000 -233.83485000 -1581.67500000
v -4631.33450000 -714.91485000 -1613.38500000
v -4633.53450000 -207.14485000 -1613.11500000
v -4641.31450000 -233.36485000 -1627.61500000
v -4628.53450000 -286.12485000 -1694.78500000
v -4637.98450000 -904.99485000 -1689.48500000
v -4634.92450000 -1010.56485000 -1723.35500000
v -4607.01450000 -1113.86485000 -1742.62500000
v -4637.78450000 -1229.41485000 -1795.01500000
v -4596.35450000 -588.69485000 -1954.31500000
v -4632.07450000 -1434.96485000 -1846.55500000
v -4625.78450000 -731.18485000 -1958.13500000
v -4629.26450000 -1541.84485000 -1876.26500000
v -4637.10450000 -1671.21485000 -1923.90500000
v -4631.66450000 -1705.80485000 -1947.61500000
v -4642.31450000 -1697.27485000 -1974.65500000
v -4625.84450000 -897.32485000 -2020.81500000
v -4616.54450000 -1728.68485000 -1997.00500000
v -4627.95450000 -1702.73485000 -2042.69500000
v -4633.27450000 -1431.70485000 -2099.46500000
v -4638.50450000 -1640.61485000 -2065.48500000
v -4607.69450000 -1267.15485000 -2147.31500000
v -4618.05450000 -1557.45485000 -2132.85500000
v -4566.08450000 -282.93485000 -1494.96500000
v -4601.93450000 -400.59485000 -1482.30500000
v -4585.81450000 -186.64485000 -1561.30500000
v -4602.08450000 -156.63485000 -1602.43500000
v -4608.17450000 -148.11485000 -1640.63500000
v -4626.40450000 -209.23485000 -1645.95500000
v -4614.79450000 -192.04485000 -1666.45500000
v -4591.90450000 -862.40485000 -1651.33500000
v -4592.21450000 -400.23485000 -1850.09500000
v -4592.04450000 -1373.93485000 -1816.02500000
v -4611.55450000 -1649.44485000 -1899.42500000
v -4600.67450000 -1700.70485000 -1922.72500000
v -4585.90450000 -1728.36485000 -1956.18500000
v -4601.61450000 -1031.11485000 -2122.30500000
v -4594.70450000 -1715.07485000 -2122.43500000
v -4597.36450000 -1726.29485000 -2071.83500000
v -4563.99450000 -876.99485000 -2174.70500000
v -4610.78450000 -1682.97485000 -2113.25500000
v -4593.42450000 -1633.08485000 -2174.37500000
v -4570.93450000 -371.03485000 -1461.87500000
v -4565.31450000 -110.36485000 -1590.07500000
v -4571.08450000 -85.20485000 -1612.45500000
v -4587.92450000 -105.64485000 -1628.85500000
v -4582.62450000 -84.44485000 -1655.68500000
v -4591.90450000 -154.49485000 -1695.45500000
v -4585.84450000 -993.44485000 -1695.36500000
v -4577.65450000 -227.87485000 -1781.29500000
v -4551.77450000 -1262.17485000 -1768.94500000
v -4543.09450000 -1531.98485000 -1839.24500000
v -4563.25450000 -1689.26485000 -1896.24500000
v -4572.14450000 -1742.65485000 -1994.94500000
v -4572.74450000 -1739.57485000 -2058.12500000
v -4578.92450000 -747.78485000 -2078.91500000
v -4559.15450000 -1728.99485000 -2150.88500000
v -4576.76450000 -1683.13485000 -2188.15500000
v -4584.81450000 -1427.74485000 -2213.13500000
v -4538.68450000 -1531.88485000 -2301.73500000
v -4550.88450000 -345.96485000 -1459.19500000
v -4543.30450000 -403.24485000 -1450.17500000
v -4527.91450000 -460.18485000 -1465.03500000
v -4529.22450000 -559.41485000 -1507.36500000
v -4543.05450000 -208.15485000 -1525.55500000
v -4541.67450000 -792.82485000 -1603.52500000
v -4563.51450000 -56.18485000 -1631.26500000
v -4557.56450000 -24.45485000 -1653.96500000
v -4570.19450000 -69.68485000 -1681.99500000
v -4557.42450000 -74.35485000 -1727.29500000
v -4526.50450000 -1131.79485000 -1718.67500000
v -4554.64450000 -296.48485000 -1880.48500000
v -4543.90450000 -1636.86485000 -1870.53500000
v -4542.18450000 -450.27485000 -2006.07500000
v -4535.09450000 -635.98485000 -2133.64500000
v -4554.45450000 -998.00485000 -2235.62500000
v -4560.05450000 -1705.98485000 -2197.95500000
v -4571.63450000 -1139.84485000 -2220.24500000
v -4556.10450000 -1267.95485000 -2271.16500000
v -4551.18450000 -1627.87485000 -2259.96500000
v -4514.73450000 -71.71485000 -1575.82500000
v -4461.67450000 -121.26485000 -1532.86500000
v -4526.04450000 -15.16485000 -1609.80500000
v -4539.47450000 4.00515000 -1636.39500000
v -4541.41450000 16.85515000 -1650.73500000
v -4540.34450000 25.41515000 -1667.53500000
v -4532.35450000 33.20515000 -1706.21500000
v -4551.30450000 -21.52485000 -1686.50500000
v -4539.03450000 -155.69485000 -1830.98500000
v -4506.30450000 -1695.99485000 -1882.58500000
v -4529.25450000 -1719.22485000 -1915.76500000
v -4502.17450000 -1738.87485000 -1945.34500000
v -4519.72450000 -1744.08485000 -2028.42500000
v -4533.12450000 -1740.14485000 -2119.71500000
v -4516.69450000 -928.61485000 -2305.95500000
v -4521.07450000 -1102.20485000 -2328.62500000
v -4529.72450000 -1670.09485000 -2281.75500000
v -4520.61450000 -1711.85485000 -2253.35500000
v -4534.55450000 -1381.69485000 -2320.27500000
v -4518.75450000 -379.24485000 -1437.88500000
v -4481.35450000 -426.77485000 -1429.61500000
v -4477.36450000 -316.00485000 -1443.97500000
v -4447.70450000 -211.50485000 -1485.55500000
v -4479.37450000 -711.56485000 -1549.01500000
v -4510.57450000 62.75515000 -1635.96500000
v -4526.75450000 50.52515000 -1656.10500000
v -4503.07450000 -967.61485000 -1656.59500000
v -4506.65450000 98.59515000 -1657.12500000
v -4512.72450000 90.68515000 -1686.43500000
v -4485.00450000 119.08515000 -1761.38500000
v -4515.42450000 -28.84485000 -1799.43500000
v -4431.85450000 -1303.70485000 -1746.05500000
v -4449.54450000 -1636.37485000 -1839.64500000
v -4496.68450000 -99.53485000 -1896.52500000
v -4500.70450000 -235.77485000 -1974.11500000
v -4462.97450000 -1731.95485000 -1909.14500000
v -4503.67450000 -542.04485000 -2155.87500000
v -4505.77450000 -784.45485000 -2277.26500000
v -4514.11450000 -1732.55485000 -2193.44500000
v -4486.49450000 -1694.11485000 -2332.87500000
v -4490.27450000 -1712.33485000 -2304.22500000
v -4490.21450000 -1599.89485000 -2376.68500000
v -4502.40450000 -1267.75485000 -2382.77500000
v -4475.69450000 -1403.91485000 -2428.97500000
v -4463.13450000 -520.66485000 -1465.59500000
v -4392.81450000 28.49515000 -1558.14500000
v -4456.72450000 58.04515000 -1596.45500000
v -4435.50450000 -867.36485000 -1597.45500000
v -4486.47450000 131.61515000 -1651.37500000
v -4488.38450000 152.14515000 -1681.34500000
v -4435.36450000 -1115.80485000 -1688.21500000
v -4493.03450000 133.87515000 -1707.90500000
v -4433.23450000 -1193.39485000 -1713.26500000
v -4461.76450000 15.19515000 -1900.41500000
v -4422.93450000 -1478.00485000 -1792.40500000
v -4439.00450000 -1578.85485000 -1821.95500000
v -4441.36450000 -1684.71485000 -1858.09500000
v -4462.99450000 -101.03485000 -1980.46500000
v -4470.89450000 -408.66485000 -2159.72500000
v -4465.36450000 -1739.25485000 -2108.89500000
v -4465.37450000 -619.43485000 -2292.60500000
v -4484.69450000 -1722.01485000 -2278.20500000
v -4463.96450000 -867.08485000 -2408.01500000
v -4458.57450000 -1652.05485000 -2406.10500000
v -4466.74450000 -985.19485000 -2427.93500000
v -4458.83450000 -1146.01485000 -2464.23500000
v -4456.62450000 -384.96485000 -1415.21500000
v -4454.43450000 -475.51485000 -1441.56500000
v -4469.33450000 123.54515000 -1632.35500000
v -4460.91450000 201.24515000 -1671.13500000
v -4470.76450000 197.95515000 -1705.74500000
v -4481.11450000 160.85515000 -1719.24500000
v -4471.37450000 178.41515000 -1739.07500000
v -4449.47450000 216.15515000 -1771.83500000
v -4415.99450000 186.46515000 -1877.02500000
v -4430.33450000 -1717.87485000 -1882.30500000
v -4428.74450000 -190.19485000 -2133.52500000
v -4435.41450000 -1740.77485000 -1985.96500000
v -4454.76450000 -1730.87485000 -2239.00500000
v -4432.38450000 -781.91485000 -2444.09500000
v -4460.13450000 -1710.13485000 -2341.78500000
v -4437.39450000 -1688.52485000 -2400.10500000
v -4416.07450000 -1593.79485000 -2504.30500000
v -4440.60450000 -1299.59485000 -2499.26500000
v -4434.81450000 -1506.11485000 -2490.28500000
v -4411.97450000 -360.89485000 -1402.47500000
v -4394.21450000 -305.32485000 -1421.62500000
v -4430.92450000 -461.22485000 -1424.80500000
v -4397.42450000 -256.70485000 -1447.11500000
v -4397.45450000 -616.46485000 -1485.96500000
v -4408.67450000 -806.27485000 -1564.13500000
v -4425.60450000 227.59515000 -1646.43500000
v -4415.26450000 305.47515000 -1674.33500000
v -4432.82450000 294.56515000 -1699.78500000
v -4451.38450000 245.10515000 -1705.93500000
v -4436.18450000 289.20515000 -1728.13500000
v -4453.18450000 232.02515000 -1734.57500000
v -4439.32450000 268.24515000 -1747.33500000
v -4335.56450000 -1432.50485000 -1761.04500000
v -4434.48450000 -1721.07485000 -2324.14500000
v -4374.01450000 -639.29485000 -2507.52500000
v -4413.04450000 -1668.23485000 -2456.13500000
v -4437.95450000 -1020.56485000 -2494.93500000
v -4396.54450000 -1049.12485000 -2577.49500000
v -4417.88450000 -1392.33485000 -2535.05500000
v -4391.20450000 -393.10485000 -1392.22500000
v -4384.99450000 -432.93485000 -1406.02500000
v -4348.57450000 -765.14485000 -1533.75500000
v -4326.74450000 -39.76485000 -1512.25500000
v -4359.34450000 218.70515000 -1602.57500000
v -4412.48450000 351.40515000 -1700.23500000
v -4414.87450000 351.03515000 -1725.90500000
v -4426.11450000 284.39515000 -1766.53500000
v -4373.51450000 -1682.43485000 -1835.40500000
v -4396.09450000 -1735.79485000 -1908.97500000
v -4404.51450000 -3.23485000 -2058.92500000
v -4377.13450000 -1738.82485000 -2046.01500000
v -4345.63450000 -1733.21485000 -2130.36500000
v -4403.84450000 -356.46485000 -2301.27500000
v -4419.30450000 -513.60485000 -2343.30500000
v -4377.55450000 -1725.19485000 -2268.22500000
v -4413.27450000 -1705.16485000 -2391.96500000
v -4423.53450000 -926.19485000 -2502.10500000
v -4400.97450000 -1638.42485000 -2499.73500000
v -4411.67450000 -1192.17485000 -2554.29500000
v -4308.91450000 -411.48485000 -1379.94500000
v -4299.86450000 -329.21485000 -1394.61500000
v -4377.30450000 -500.70485000 -1431.87500000
v -4323.39450000 -138.31485000 -1476.72500000
v -4339.30450000 -1053.26485000 -1644.65500000
v -4382.75450000 396.78515000 -1674.87500000
v -4372.32450000 333.17515000 -1646.87500000
v -4397.08450000 387.58515000 -1692.62500000
v -4398.04450000 397.24515000 -1715.57500000
v -4384.41450000 434.94515000 -1702.23500000
v -4342.70450000 -1241.15485000 -1707.04500000
v -4394.89450000 339.68515000 -1792.51500000
v -4371.79450000 -1622.04485000 -1817.67500000
v -4355.23450000 247.73515000 -1971.08500000
v -4357.68450000 -1710.38485000 -1851.44500000
v -4374.21450000 116.51515000 -2039.70500000
v -4371.72450000 -91.07485000 -2215.03500000
v -4363.09450000 -214.23485000 -2319.39500000
v -4380.70450000 -1711.10485000 -2373.28500000
v -4367.08450000 -459.82485000 -2444.86500000
v -4393.17450000 -1683.40485000 -2454.65500000
v -4355.73450000 -1524.59485000 -2618.09500000
v -4354.21450000 -1181.44485000 -2657.92500000
v -4381.61450000 -1298.64485000 -2603.95500000
v -4367.34450000 -1601.22485000 -2571.23500000
v -4340.17450000 -376.85485000 -1387.80500000
v -4349.76450000 -226.16485000 -1448.45500000
v -4297.61450000 -892.33485000 -1573.86500000
v -4367.16450000 469.60515000 -1688.19500000
v -4372.34450000 485.93515000 -1709.02500000
v -4361.18450000 522.92515000 -1703.33500000
v -4366.74450000 510.93515000 -1724.23500000
v -4378.42450000 444.94515000 -1740.16500000
v -4361.78450000 513.45515000 -1750.80500000
v -4336.97450000 433.27515000 -1855.96500000
v -4339.00450000 63.70515000 -2168.24500000
v -4344.12450000 -332.97485000 -2435.39500000
v -4367.39450000 -1688.46485000 -2457.19500000
v -4372.27450000 -1651.95485000 -2524.18500000
v -4370.82450000 -1628.61485000 -2548.85500000
v -4337.68450000 -524.09485000 -2542.37500000
v -4349.89450000 -866.28485000 -2625.93500000
v -4369.62450000 -1410.36485000 -2613.09500000
v -4277.18450000 -470.98485000 -1396.84500000
v -4339.72450000 -276.18485000 -1424.37500000
v -4278.10450000 -585.16485000 -1441.11500000
v -4271.88450000 -708.65485000 -1490.85500000
v -4238.30450000 87.98515000 -1517.08500000
v -4265.04450000 205.51515000 -1555.25500000
v -4344.46450000 454.52515000 -1660.76500000
v -4350.06450000 525.14515000 -1684.67500000
v -4347.15450000 567.12515000 -1698.22500000
v -4336.73450000 622.29515000 -1705.29500000
v -4352.39450000 560.50515000 -1719.01500000
v -4342.84450000 586.52515000 -1743.90500000
v -4310.69450000 564.53515000 -1828.29500000
v -4346.62450000 -1727.95485000 -1870.86500000
v -4302.74450000 358.90515000 -1989.12500000
v -4278.14450000 -1739.92485000 -1957.77500000
v -4318.09450000 -105.19485000 -2352.74500000
v -4273.85450000 -1721.68485000 -2184.93500000
v -4309.31450000 -1705.31485000 -2332.88500000
v -4303.88450000 -447.19485000 -2580.28500000
v -4355.66450000 -1666.30485000 -2515.62500000
v -4339.85450000 -1619.80485000 -2593.99500000
v -4325.68450000 -575.77485000 -2586.37500000
v -4298.43450000 -630.93485000 -2659.68500000
v -4334.95450000 -1043.99485000 -2683.34500000
v -4325.27450000 -1304.29485000 -2696.02500000
v -4258.29450000 -1133.85485000 -2807.69500000
v -4205.69450000 -40.94485000 -1475.12500000
v -4305.77450000 391.68515000 -1623.35500000
v -4325.60450000 591.06515000 -1677.66500000
v -4231.70450000 -1209.24485000 -1678.68500000
v -4322.37450000 663.34515000 -1688.79500000
v -4321.59450000 697.37515000 -1704.92500000
v -4311.66450000 745.36515000 -1706.13500000
v -4315.63450000 714.37515000 -1737.39500000
v -4327.81450000 652.20515000 -1732.15500000
v -4288.45450000 -1389.91485000 -1740.11500000
v -4315.17450000 650.07515000 -1774.19500000
v -4230.57450000 -1526.28485000 -1766.13500000
v -4267.61450000 -1610.74485000 -1793.93500000
v -4280.05450000 668.08515000 -1835.42500000
v -4273.43450000 -1686.86485000 -1823.58500000
v -4261.77450000 -1735.81485000 -2029.37500000
v -4290.17450000 239.92515000 -2122.75500000
v -4307.62450000 -252.15485000 -2470.81500000
v -4317.85450000 -1683.08485000 -2465.18500000
v -4319.40450000 -1661.17485000 -2540.28500000
v -4318.80450000 -1636.33485000 -2588.59500000
v -4296.99450000 -1568.54485000 -2674.09500000
v -4299.45450000 -1607.65485000 -2641.37500000
v -4314.10450000 -1415.81485000 -2698.32500000
v -4273.83450000 -383.60485000 -1378.79500000
v -4221.77450000 -824.60485000 -1530.37500000
v -4242.93450000 557.28515000 -1625.09500000
v -4307.34450000 725.10515000 -1688.00500000
v -4282.97450000 667.41515000 -1660.60500000
v -4294.59450000 807.67515000 -1689.66500000
v -4302.86450000 782.78515000 -1702.53500000
v -4294.70450000 829.63515000 -1711.59500000
v -4299.55450000 790.56515000 -1731.05500000
v -4292.28450000 834.56515000 -1730.25500000
v -4285.14450000 842.92515000 -1748.18500000
v -4266.91450000 798.11515000 -1795.64500000
v -4254.83450000 -1724.42485000 -1849.68500000
v -4275.85450000 528.14515000 -1914.61500000
v -4274.56450000 453.45515000 -1971.68500000
v -4256.85450000 126.53515000 -2299.61500000
v -4206.95450000 -1694.87485000 -2256.38500000
v -4274.99450000 -11.24485000 -2375.79500000
v -4240.28450000 -1669.08485000 -2436.84500000
v -4286.01450000 -1656.86485000 -2553.72500000
v -4257.71450000 -787.33485000 -2783.02500000
v -4254.24450000 -1449.43485000 -2771.62500000
v -4263.37450000 -946.40485000 -2790.91500000
v -4271.61450000 -225.24485000 -1430.31500000
v -4218.51450000 389.40515000 -1579.88500000
v -4230.11450000 714.28515000 -1637.77500000
v -4270.03450000 806.56515000 -1673.81500000
v -4262.28450000 913.01515000 -1689.59500000
v -4280.56450000 857.18515000 -1700.41500000
v -4259.82450000 956.40515000 -1717.71500000
v -4270.78450000 903.38515000 -1707.31500000
v -4278.63450000 879.35515000 -1725.77500000
v -4265.11450000 924.75515000 -1743.08500000
v -4201.93450000 -1337.14485000 -1713.83500000
v -4272.24450000 890.80515000 -1746.97500000
v -4256.99450000 919.75515000 -1765.37500000
v -4221.67450000 -1737.99485000 -1889.17500000
v -4223.70450000 753.12515000 -1886.46500000
v -4232.91450000 652.16515000 -1920.99500000
v -4244.55450000 404.43515000 -2075.24500000
v -4261.50450000 -131.32485000 -2496.21500000
v -4275.69450000 -1663.38485000 -2513.41500000
v -4256.34450000 -281.47485000 -2598.45500000
v -4269.89450000 -1624.50485000 -2627.92500000
v -4289.71450000 -1616.01485000 -2636.76500000
v -4268.31450000 -1594.63485000 -2672.02500000
v -4243.39450000 -1509.39485000 -2766.22500000
v -4237.83450000 -1541.37485000 -2751.99500000
v -4234.50450000 -420.84485000 -1377.45500000
v -4209.80450000 -360.50485000 -1382.27500000
v -4210.33450000 -531.02485000 -1407.40500000
v -4219.20450000 -668.24485000 -1460.49500000
v -4217.36450000 -139.71485000 -1448.01500000
v -4209.43450000 -998.93485000 -1600.57500000
v -4214.69450000 -1121.06485000 -1648.34500000
v -4243.73450000 972.57515000 -1696.22500000
v -4216.90450000 967.76515000 -1670.02500000
v -4242.00450000 884.72515000 -1669.95500000
v -4231.31450000 1028.99515000 -1712.91500000
v -4246.25450000 980.32515000 -1740.58500000
v -4232.01450000 1017.49515000 -1760.24500000
v -4219.43450000 969.91515000 -1804.97500000
v -4152.67450000 -1736.05485000 -1982.43500000
v -4212.11450000 562.91515000 -2015.95500000
v -4221.55450000 301.53515000 -2215.49500000
v -4191.53450000 29.92515000 -2516.07500000
v -4251.20450000 -1642.51485000 -2565.12500000
v -4246.72450000 -451.36485000 -2696.21500000
v -4243.90450000 -1564.58485000 -2721.06500000
v -4183.46450000 -1444.50485000 -2860.01500000
v -4225.53450000 -589.88485000 -2786.69500000
v -4226.29450000 -1295.85485000 -2836.76500000
v -4202.49450000 -973.24485000 -2894.06500000
v -4210.88450000 -858.65485000 -2870.36500000
v -4175.00450000 -696.73485000 -2900.76500000
v -4223.09450000 -283.48485000 -1403.24500000
v -4213.39450000 -607.92485000 -1435.94500000
v -4199.10450000 -743.88485000 -1493.41500000
v -4180.51450000 293.04515000 -1542.40500000
v -4221.75450000 -908.33485000 -1565.21500000
v -4152.37450000 713.68515000 -1605.64500000
v -4192.59450000 860.04515000 -1643.37500000
v -4219.41450000 1021.70515000 -1689.93500000
v -4219.42450000 1080.78515000 -1723.91500000
v -4207.01450000 1092.40515000 -1706.83500000
v -4228.02450000 1043.79515000 -1736.55500000
v -4211.46450000 1099.70515000 -1749.91500000
v -4207.49450000 1069.41515000 -1782.92500000
v -4180.42450000 -1671.63485000 -1798.62500000
v -4167.00450000 923.02515000 -1905.72500000
v -4134.14450000 -1735.85485000 -1854.90500000
v -4147.82450000 -1740.93485000 -1929.61500000
v -4169.13450000 483.69515000 -2160.09500000
v -4212.32450000 -1726.92485000 -2074.60500000
v -4191.68450000 201.31515000 -2365.03500000
v -4194.66450000 -131.13485000 -2630.11500000
v -4215.51450000 -1606.20485000 -2652.43500000
v -4188.77450000 -270.04485000 -2723.23500000
v -4220.79450000 -1579.24485000 -2707.05500000
v -4197.70450000 -1538.57485000 -2775.79500000
v -4199.18450000 -1503.39485000 -2808.99500000
v -4181.92450000 -1170.51485000 -2916.81500000
v -4180.56450000 -204.44485000 -1421.11500000
v -4187.97450000 -643.65485000 -1446.38500000
v -4142.77450000 71.13515000 -1483.91500000
v -4133.68450000 583.53515000 -1581.48500000
v -4181.34450000 1082.24515000 -1676.67500000
v -4124.88450000 1035.72515000 -1637.57500000
v -4160.76450000 -1191.69485000 -1667.89500000
v -4178.21450000 1167.22515000 -1697.10500000
v -4183.64450000 1188.55515000 -1716.49500000
v -4200.97450000 1132.62515000 -1728.80500000
v -4182.83450000 1197.17515000 -1749.08500000
v -4193.41450000 1130.92515000 -1775.52500000
v -4143.96450000 -1703.43485000 -1810.50500000
v -4160.94450000 1153.65515000 -1825.64500000
v -4175.05450000 -1716.52485000 -1833.16500000
v -4173.48450000 777.73515000 -1955.84500000
v -4150.52450000 -1705.70485000 -2128.32500000
v -4143.30450000 -1664.85485000 -2299.42500000
v -4173.92450000 -1613.29485000 -2568.45500000
v -4175.93450000 -411.82485000 -2811.17500000
v -4147.17450000 -1469.19485000 -2880.00500000
v -4147.83450000 -521.01485000 -2898.92500000
v -4163.37450000 -1046.63485000 -2947.96500000
v -4178.23450000 -417.92485000 -1380.61500000
v -4210.19450000 -465.74485000 -1390.80500000
v -4179.28450000 -579.68485000 -1423.88500000
v -4178.13450000 -687.76485000 -1467.33500000
v -4140.77450000 1134.82515000 -1660.84500000
v -4115.53450000 -1294.00485000 -1696.11500000
v -4171.00450000 1237.50515000 -1725.27500000
v -4154.49450000 1263.94515000 -1702.47500000
v -4141.23450000 -1469.10485000 -1740.18500000
v -4159.09450000 1278.02515000 -1737.35500000
v -4160.99450000 1245.35515000 -1774.64500000
v -4174.82450000 1181.84515000 -1779.96500000
v -4146.38450000 -1632.69485000 -1781.32500000
v -4154.66450000 711.52515000 -2020.31500000
v -4163.06450000 327.46515000 -2308.51500000
v -4136.59450000 -1628.39485000 -2433.87500000
v -4128.75450000 227.96515000 -2462.91500000
v -4143.01450000 -146.90485000 -2741.67500000
v -4179.98450000 -1575.11485000 -2710.45500000
v -4116.58450000 -255.06485000 -2844.54500000
v -4161.23450000 -1503.92485000 -2835.66500000
v -4138.67450000 -1346.01485000 -2936.88500000
v -4101.70450000 -1094.20485000 -3029.50500000
v -4108.92450000 -1204.54485000 -2999.37500000
v -4118.42450000 -844.27485000 -3006.01500000
v -4159.10450000 -347.41485000 -1388.04500000
v -4167.47450000 -276.30485000 -1401.68500000
v -4171.47450000 -488.66485000 -1401.26500000
v -4115.39450000 -202.82485000 -1417.30500000
v -4133.20450000 -115.48485000 -1439.75500000
v -4160.02450000 -630.59485000 -1449.16500000
v -4158.58450000 -723.46485000 -1489.01500000
v -4102.00450000 237.43515000 -1505.20500000
v -4161.05450000 -793.40485000 -1522.64500000
v -4160.55450000 -859.40485000 -1543.02500000
v -4179.26450000 -920.93485000 -1567.44500000
v -4081.39450000 867.19515000 -1598.91500000
v -4137.02450000 -1108.00485000 -1644.02500000
v -4148.05450000 1187.81515000 -1676.95500000
v -4131.63450000 1320.25515000 -1685.78500000
v -4122.49450000 1294.88515000 -1675.27500000
v -4145.30450000 1329.25515000 -1719.95500000
v -4129.00450000 1359.27515000 -1697.68500000
v -4145.48450000 1318.82515000 -1751.46500000
v -4077.92450000 -1570.10485000 -1760.96500000
v -4133.60450000 1319.04515000 -1789.99500000
v -4116.04450000 -1678.68485000 -1794.09500000
v -4090.20450000 -1739.22485000 -1894.37500000
v -4090.27450000 1155.25515000 -1931.59500000
v -4147.45450000 612.99515000 -2098.73500000
v -4115.41450000 419.34515000 -2311.96500000
v -4058.06450000 -1564.98485000 -2538.15500000
v -4085.37450000 54.15515000 -2696.08500000
v -4140.43450000 -59.17485000 -2681.87500000
v -4143.56450000 -1572.45485000 -2678.69500000
v -4158.07450000 -1543.23485000 -2771.18500000
v -4149.04450000 -1517.28485000 -2822.17500000
v -4105.67450000 -1411.31485000 -2950.52500000
v -4103.85450000 -1445.78485000 -2933.21500000
v -4092.35450000 -580.02485000 -3009.98500000
v -4112.85450000 -702.81485000 -2999.97500000
v -4130.39450000 -298.67485000 -1399.62500000
v -4135.91450000 -377.31485000 -1399.23500000
v -4155.27450000 -551.63485000 -1424.19500000
v -4157.93450000 -678.94485000 -1471.05500000
v -4134.24450000 -866.76485000 -1555.85500000
v -4137.20450000 -926.91485000 -1575.46500000
v -4145.94450000 -998.29485000 -1601.88500000
v -4103.14450000 1202.61515000 -1651.00500000
v -4107.03450000 1431.25515000 -1691.15500000
v -4117.52450000 1356.32515000 -1683.45500000
v -4112.09450000 1458.63515000 -1712.64500000
v -4125.52450000 1395.02515000 -1727.12500000
v -4096.79450000 -1407.16485000 -1722.87500000
v -4117.62450000 1436.33515000 -1735.01500000
v -4113.54450000 1411.86515000 -1769.34500000
v -4129.40450000 1360.81515000 -1759.33500000
v -4077.31450000 1350.28515000 -1866.84500000
v -4072.26450000 1003.56515000 -2009.37500000
v -4092.23450000 727.81515000 -2110.31500000
v -4088.89450000 -1720.31485000 -2026.76500000
v -4088.34450000 595.98515000 -2206.48500000
v -4077.08450000 -1630.38485000 -2318.56500000
v -4071.07450000 -1545.60485000 -2658.37500000
v -4132.65450000 -1551.21485000 -2735.84500000
v -4116.93450000 -1513.67485000 -2828.60500000
v -4086.70450000 -406.37485000 -2959.07500000
v -4098.66450000 -1461.98485000 -2919.17500000
v -4114.64450000 -1488.39485000 -2870.02500000
v -4070.13450000 -689.26485000 -3064.34500000
v -4112.67450000 -309.53485000 -1405.89500000
v -4135.21450000 -476.53485000 -1418.97500000
v -4134.66450000 -569.47485000 -1449.38500000
v -4103.65450000 -8.08485000 -1458.39500000
v -4143.47450000 -663.29485000 -1477.49500000
v -4134.10450000 -728.06485000 -1516.04500000
v -4118.11450000 -828.04485000 -1563.22500000
v -4086.60450000 434.18515000 -1536.63500000
v -4123.53450000 -978.22485000 -1598.59500000
v -3984.76450000 1041.11515000 -1578.50500000
v -4113.96450000 -1024.67485000 -1620.21500000
v -4045.06450000 1353.36515000 -1641.89500000
v -4100.93450000 -1215.49485000 -1679.69500000
v -4089.59450000 1519.70515000 -1703.45500000
v -4102.97450000 1473.91515000 -1738.30500000
v -4088.02450000 1526.79515000 -1735.12500000
v -4058.22450000 -1475.66485000 -1738.58500000
v -4082.38450000 1481.77515000 -1786.40500000
v -4064.04450000 -1696.05485000 -1802.14500000
v -4093.24450000 -1716.59485000 -1827.07500000
v -4113.86450000 837.78515000 -2019.31500000
v -4095.74450000 -1679.07485000 -2174.75500000
v -4064.82450000 345.40515000 -2466.22500000
v -4052.38450000 203.82515000 -2619.58500000
v -4073.16450000 -1525.48485000 -2751.94500000
v -4076.10450000 -114.91485000 -2830.99500000
v -4093.82450000 -1517.15485000 -2803.42500000
v -4043.49450000 -239.05485000 -2958.46500000
v -4066.82450000 -1420.02485000 -2977.98500000
v -4052.54450000 -1113.75485000 -3083.64500000
v -4079.45450000 -981.19485000 -3062.88500000
v -4105.44450000 -393.44485000 -1427.24500000
v -4070.27450000 -192.72485000 -1427.32500000
v -4083.09450000 -144.09485000 -1432.41500000
v -4096.09450000 -257.70485000 -1416.22500000
v -4098.27450000 -316.02485000 -1418.13500000
v -4115.31450000 -499.11485000 -1450.77500000
v -4067.08450000 -67.62485000 -1444.19500000
v -4052.06450000 132.75515000 -1474.90500000
v -4112.69450000 -613.00485000 -1506.90500000
v -4034.40450000 236.23515000 -1488.50500000
v -4094.39450000 -734.01485000 -1595.75500000
v -4107.84450000 -955.62485000 -1604.21500000
v -4020.82450000 670.91515000 -1547.10500000
v -4068.15450000 1482.20515000 -1670.50500000
v -4008.83450000 1459.46515000 -1633.17500000
v -4087.34450000 -1100.86485000 -1659.15500000
v -4078.57450000 -1165.28485000 -1678.80500000
v -4075.91450000 1574.07515000 -1702.05500000
v -4058.89450000 1577.84515000 -1683.39500000
v -4046.36450000 -1302.77485000 -1704.34500000
v -4076.88450000 1569.69515000 -1716.10500000
v -4054.32450000 1628.71515000 -1710.38500000
v -4067.98450000 1567.49515000 -1750.68500000
v -4040.01450000 1562.53515000 -1818.30500000
v -4034.27450000 1490.11515000 -1866.01500000
v -4026.48450000 1152.19515000 -2018.70500000
v -4037.70450000 -1696.94485000 -2068.12500000
v -4025.44450000 740.04515000 -2201.63500000
v -4034.14450000 520.15515000 -2359.57500000
v -4049.71450000 -1646.10485000 -2222.98500000
v -4035.64450000 -1585.74485000 -2401.87500000
v -4071.07450000 -1487.83485000 -2868.23500000
v -4061.35450000 -1438.98485000 -2961.61500000
v -4056.88450000 -1459.75485000 -2925.97500000
v -4041.06450000 -1341.73485000 -3035.99500000
v -4046.77450000 -1391.65485000 -3008.16500000
v -4044.53450000 -1267.14485000 -3055.26500000
v -4079.90450000 -337.97485000 -1443.48500000
v -4089.98450000 -466.04485000 -1487.47500000
v -4018.97450000 323.87515000 -1498.15500000
v -4079.51450000 -550.38485000 -1557.64500000
v -4075.47450000 -626.30485000 -1606.62500000
v -4073.93450000 -858.18485000 -1641.60500000
v -4075.96450000 -944.37485000 -1642.57500000
v -4083.15450000 -1051.38485000 -1650.44500000
v -4016.17450000 1189.11515000 -1607.88500000
v -4004.81450000 1533.53515000 -1638.83500000
v -4011.59450000 1643.91515000 -1649.95500000
v -4061.14450000 -1145.01485000 -1685.25500000
v -4051.40450000 -1235.09485000 -1698.18500000
v -4031.00450000 1665.25515000 -1675.25500000
v -4030.03450000 1698.02515000 -1692.11500000
v -4031.76450000 1695.23515000 -1715.34500000
v -4031.49450000 1644.55515000 -1766.39500000
v -4064.09450000 -1650.12485000 -1784.30500000
v -4037.65450000 -1726.87485000 -1862.16500000
v -4055.85450000 -1731.63485000 -1947.18500000
v -3998.62450000 1279.44515000 -2011.29500000
v -4000.73450000 1071.06515000 -2081.89500000
v -4039.99450000 888.60515000 -2103.93500000
v -4030.83450000 642.12515000 -2265.30500000
v -4028.50450000 400.60515000 -2477.69500000
v -4028.28450000 324.01515000 -2549.53500000
v -3988.66450000 91.48515000 -2838.20500000
v -4020.29450000 -27.77485000 -2871.70500000
v -4002.07450000 -111.40485000 -2960.26500000
v -4003.73450000 -352.06485000 -3078.61500000
v -4030.97450000 -486.70485000 -3080.50500000
v -4008.00450000 -607.89485000 -3144.94500000
v -4018.08450000 -1159.96485000 -3108.94500000
v -4021.90450000 -764.10485000 -3136.76500000
v -4029.12450000 -1050.65485000 -3118.62500000
v -4012.34450000 -909.96485000 -3146.43500000
v -4071.89450000 -255.67485000 -1432.61500000
v -4032.82450000 32.07515000 -1456.86500000
v -4029.03450000 -54.57485000 -1449.46500000
v -4043.89450000 -121.86485000 -1444.78500000
v -4048.47450000 -199.73485000 -1445.64500000
v -3993.75450000 116.04515000 -1466.93500000
v -4060.75450000 -278.93485000 -1452.84500000
v -4051.89450000 -359.43485000 -1521.34500000
v -4059.51450000 -466.02485000 -1565.12500000
v -3943.55450000 905.12515000 -1544.78500000
v -4051.43450000 -544.17485000 -1630.35500000
v -4043.47450000 -620.97485000 -1687.01500000
v -4058.27450000 -1029.71485000 -1677.30500000
v -4009.69450000 1738.12515000 -1665.56500000
v -4004.37450000 1713.64515000 -1652.59500000
v -4056.68450000 -687.74485000 -1672.48500000
v -4037.73450000 -820.70485000 -1714.02500000
v -4048.06450000 -1110.51485000 -1694.81500000
v -4014.39450000 1741.33515000 -1693.04500000
v -4023.74450000 -1402.70485000 -1727.25500000
v -4013.31450000 1726.77515000 -1732.38500000
v -3997.99450000 1711.46515000 -1784.89500000
v -3966.81450000 1666.55515000 -1874.94500000
v -3987.27450000 1560.94515000 -1905.02500000
v -4008.02450000 -1604.68485000 -2283.76500000
v -3990.01450000 250.21515000 -2691.46500000
v -4033.35450000 -1480.31485000 -2861.25500000
v -4040.98450000 -1467.64485000 -2904.18500000
v -4027.11450000 -1433.10485000 -2977.42500000
v -4024.64450000 -1407.58485000 -3006.72500000
v -3991.90450000 218.15515000 -1480.52500000
v -4026.29450000 -242.62485000 -1510.80500000
v -3983.82450000 487.93515000 -1508.81500000
v -4004.38450000 -290.54485000 -1605.56500000
v -4013.64450000 -415.23485000 -1657.39500000
v -3906.62450000 1486.15515000 -1588.06500000
v -3932.53450000 1294.99515000 -1583.59500000
v -3962.95450000 1618.31515000 -1620.34500000
v -3997.81450000 1783.33515000 -1673.03500000
v -3984.22450000 1797.61515000 -1654.77500000
v -3981.76450000 1824.31515000 -1672.82500000
v -3992.93450000 1756.63515000 -1651.17500000
v -3991.28450000 1796.06515000 -1699.98500000
v -4041.82450000 -952.72485000 -1701.09500000
v -4008.38450000 -1052.40485000 -1750.89500000
v -4031.45450000 -1197.96485000 -1707.53500000
v -4008.74450000 -1296.38485000 -1718.73500000
v -4007.33450000 -1346.93485000 -1723.47500000
v -4018.50450000 -686.41485000 -1751.74500000
v -3987.55450000 1769.36515000 -1750.40500000
v -4011.60450000 -1605.35485000 -1771.39500000
v -4002.27450000 -1656.24485000 -1793.98500000
v -4020.49450000 -1699.10485000 -1824.61500000
v -4019.81450000 -1729.69485000 -1901.21500000
v -3989.76450000 1448.74515000 -1954.47500000
v -3996.91450000 -1711.13485000 -1982.92500000
v -3984.10450000 1175.35515000 -2069.01500000
v -3949.49450000 1037.70515000 -2170.64500000
v -4018.74450000 -1668.95485000 -2126.47500000
v -3968.41450000 894.17515000 -2209.20500000
v -3972.26450000 809.58515000 -2246.85500000
v -3952.26450000 735.14515000 -2340.70500000
v -3969.99450000 588.05515000 -2422.60500000
v -3965.81450000 -1559.18485000 -2351.60500000
v -3978.76450000 440.93515000 -2538.70500000
v -3987.57450000 -1504.98485000 -2646.78500000
v -4012.71450000 -1444.31485000 -2945.66500000
v -3991.18450000 -1411.01485000 -3001.54500000
v -4006.56450000 -1371.84485000 -3041.81500000
v -3990.21450000 -1295.59485000 -3090.70500000
v -3990.77450000 -1338.64485000 -3066.89500000
v -3993.40450000 -1237.80485000 -3108.14500000
v -3937.17450000 -466.18485000 -3216.56500000
v -3961.22450000 -710.21485000 -3218.43500000
v -3971.54450000 -995.03485000 -3187.94500000
v -4010.35450000 -73.58485000 -1458.39500000
v -4009.07450000 -10.23485000 -1457.78500000
v -4021.83450000 -150.31485000 -1471.55500000
v -3995.45450000 38.27515000 -1462.75500000
v -3988.99450000 -11.96485000 -1467.10500000
v -3951.06450000 356.10515000 -1487.74500000
v -3993.03450000 -146.20485000 -1519.02500000
v -3978.02450000 -192.84485000 -1602.42500000
v -3947.41450000 1852.43515000 -1635.67500000
v -3972.19450000 1731.03515000 -1636.27500000
v -3959.23450000 1861.86515000 -1661.29500000
v -3964.13450000 1857.96515000 -1695.12500000
v -3972.43450000 1809.68515000 -1740.23500000
v -4015.05450000 -552.20485000 -1720.29500000
v -4007.99450000 -1159.27485000 -1732.08500000
v -3985.57450000 -1247.58485000 -1740.87500000
v -4000.84450000 -1519.77485000 -1754.43500000
v -4003.96450000 -919.82485000 -1772.38500000
v -3980.15450000 -801.58485000 -1823.03500000
v -3942.22450000 1812.37515000 -1803.13500000
v -3970.54450000 -1677.20485000 -1820.14500000
v -3972.42450000 -1700.65485000 -1853.94500000
v -3967.45450000 -1711.96485000 -1893.56500000
v -3965.40450000 -1640.51485000 -2138.71500000
v -3956.02450000 -1520.30485000 -2473.63500000
v -4015.20450000 -1493.37485000 -2770.99500000
v -3921.26450000 224.28515000 -2855.20500000
v -3953.45450000 -14.57485000 -2983.98500000
v -3949.77450000 -180.45485000 -3085.57500000
v -3980.69450000 -1377.79485000 -3040.49500000
v -3974.57450000 -1348.42485000 -3065.94500000
v -3937.67450000 -327.03485000 -3171.77500000
v -3967.62450000 -1260.47485000 -3117.03500000
v -3969.54450000 -1093.87485000 -3169.54500000
v -3964.96450000 -1193.52485000 -3138.29500000
v -3953.91450000 -797.43485000 -3225.32500000
v -3959.15450000 152.01515000 -1476.82500000
v -3967.89450000 67.12515000 -1475.25500000
v -3992.68450000 -78.46485000 -1483.06500000
v -3917.45450000 515.27515000 -1492.19500000
v -3965.36450000 0.02515000 -1487.96500000
v -3919.37450000 643.29515000 -1504.49500000
v -3964.15450000 -51.43485000 -1514.75500000
v -3961.71450000 -110.65485000 -1573.58500000
v -3870.88450000 1058.10515000 -1534.63500000
v -3918.82450000 1166.35515000 -1565.08500000
v -3902.29450000 1821.36515000 -1608.94500000
v -3888.09450000 1662.13515000 -1592.29500000
v -3934.45450000 1906.16515000 -1651.25500000
v -3935.23450000 1916.59515000 -1678.12500000
v -3953.66450000 -278.72485000 -1727.33500000
v -3931.26450000 1911.17515000 -1718.45500000
v -3939.34450000 1870.83515000 -1745.75500000
v -3976.15450000 -463.72485000 -1772.71500000
v -3961.44450000 -1371.24485000 -1751.08500000
v -3967.65450000 -1455.99485000 -1752.48500000
v -3966.67450000 -1139.81485000 -1789.68500000
v -3964.56450000 -1584.52485000 -1779.42500000
v -3957.51450000 -602.30485000 -1853.38500000
v -3973.78450000 -698.74485000 -1833.99500000
v -3942.90450000 -724.59485000 -1891.86500000
v -3990.36450000 -1716.61485000 -1930.65500000
v -3935.03450000 1558.09515000 -1986.71500000
v -3902.70450000 1425.59515000 -2089.34500000
v -3929.64450000 1222.34515000 -2128.48500000
v -3973.30450000 -1682.29485000 -2042.58500000
v -3895.66450000 1008.44515000 -2267.40500000
v -3929.98450000 881.44515000 -2282.16500000
v -3944.74450000 -1587.15485000 -2234.71500000
v -3903.51450000 612.35515000 -2540.05500000
v -3930.47450000 462.74515000 -2619.10500000
v -3928.47450000 377.29515000 -2702.65500000
v -3951.39450000 -1454.83485000 -2781.93500000
v -3983.21450000 -1451.05485000 -2877.33500000
v -3918.13450000 104.83515000 -2959.97500000
v -3965.20450000 -1416.94485000 -2962.06500000
v -3961.95450000 -1283.16485000 -3108.61500000
v -3961.25450000 -1310.33485000 -3090.57500000
v -3883.00450000 -241.20485000 -3221.25500000
v -3941.16450000 -1090.80485000 -3195.53500000
v -3940.52450000 -1134.60485000 -3175.35500000
v -3925.08450000 -609.39485000 -3259.95500000
v -3931.94450000 -905.61485000 -3239.73500000
v -3936.47450000 -1027.92485000 -3211.27500000
v -3940.51450000 261.05515000 -1484.64500000
v -3934.50450000 318.91515000 -1485.17500000
v -3936.79450000 76.08515000 -1498.63500000
v -3892.97450000 812.60515000 -1514.04500000
v -3914.70450000 1925.87515000 -1634.92500000
v -3915.35450000 1881.86515000 -1624.07500000
v -3915.11450000 1952.01515000 -1665.68500000
v -3921.25450000 1942.85515000 -1683.23500000
v -3939.33450000 -134.15485000 -1655.21500000
v -3908.79450000 1957.51515000 -1699.74500000
v -3891.22450000 1935.52515000 -1777.09500000
v -3945.45450000 -1506.52485000 -1769.48500000
v -3946.37450000 -1632.16485000 -1808.73500000
v -3935.12450000 -506.42485000 -1874.31500000
v -3950.95450000 -959.82485000 -1853.71500000
v -3946.12450000 -818.95485000 -1881.01500000
v -3892.77450000 1792.57515000 -1912.36500000
v -3891.53450000 1688.50515000 -1982.57500000
v -3928.33450000 -1657.73485000 -2045.37500000
v -3919.07450000 -1615.03485000 -2121.34500000
v -3923.23450000 -1545.04485000 -2301.34500000
v -3917.74450000 -1457.73485000 -2648.35500000
v -3868.27450000 363.17515000 -2839.30500000
v -3935.26450000 -1418.68485000 -2890.64500000
v -3942.55450000 -1365.93485000 -3030.47500000
v -3959.08450000 -1343.15485000 -3064.22500000
v -3948.54450000 -1251.92485000 -3120.89500000
v -3934.20450000 -1184.67485000 -3152.52500000
v -3864.45450000 -327.28485000 -3279.79500000
v -3923.84450000 -1084.04485000 -3200.75500000
v -3874.61450000 -520.13485000 -3317.89500000
v -3846.99450000 -428.64485000 -3333.97500000
v -3908.56450000 -698.72485000 -3285.74500000
v -3911.54450000 -975.11485000 -3242.87500000
v -3903.92450000 -1021.25485000 -3227.33500000
v -3901.54450000 -785.28485000 -3287.24500000
v -3939.06450000 125.61515000 -1490.30500000
v -3876.18450000 631.58515000 -1491.32500000
v -3918.17450000 426.45515000 -1486.57500000
v -3917.14450000 354.28515000 -1487.72500000
v -3903.67450000 284.64515000 -1495.61500000
v -3924.92450000 199.27515000 -1494.61500000
v -3942.12450000 17.65515000 -1515.67500000
v -3870.39450000 930.36515000 -1519.52500000
v -3932.50450000 -34.31485000 -1583.04500000
v -3888.71450000 1921.42515000 -1615.90500000
v -3898.47450000 1975.01515000 -1647.72500000
v -3883.70450000 1974.10515000 -1628.68500000
v -3908.22450000 -59.77485000 -1675.25500000
v -3890.78450000 1992.40515000 -1669.98500000
v -3945.84450000 -1449.91485000 -1762.42500000
v -3942.44450000 -1261.76485000 -1788.26500000
v -3919.06450000 -1564.61485000 -1802.70500000
v -3909.19450000 -398.83485000 -1879.57500000
v -3933.87450000 -1153.54485000 -1829.22500000
v -3935.36450000 -1666.84485000 -1843.69500000
v -3877.91450000 1880.54515000 -1862.81500000
v -3922.68450000 -1679.30485000 -1885.76500000
v -3914.85450000 -832.23485000 -1940.68500000
v -3943.49450000 -1683.60485000 -1963.62500000
v -3846.48450000 1601.31515000 -2091.72500000
v -3862.18450000 1172.22515000 -2245.01500000
v -3864.91450000 917.00515000 -2375.01500000
v -3861.72450000 807.44515000 -2460.10500000
v -3876.10450000 502.75515000 -2698.20500000
v -3863.67450000 189.14515000 -2994.05500000
v -3928.98450000 -1387.41485000 -2968.69500000
v -3895.55450000 -1.88485000 -3069.53500000
v -3933.07450000 -1297.27485000 -3086.37500000
v -3913.34450000 -1203.11485000 -3139.00500000
v -3840.23450000 -95.82485000 -3210.62500000
v -3914.57450000 -1132.91485000 -3176.64500000
v -3894.60450000 -976.35485000 -3247.52500000
v -3888.07450000 -919.00485000 -3265.89500000
v -3891.70450000 -850.53485000 -3284.91500000
v -3864.99450000 737.84515000 -1497.39500000
v -3884.22450000 492.52515000 -1489.88500000
v -3879.71450000 401.03515000 -1495.51500000
v -3908.43450000 155.99515000 -1516.64500000
v -3893.67450000 247.25515000 -1509.92500000
v -3909.89450000 69.96515000 -1555.88500000
v -3899.55450000 5.26515000 -1637.61500000
v -3871.70450000 1592.72515000 -1580.56500000
v -3844.68450000 1986.86515000 -1606.76500000
v -3852.33450000 2016.97515000 -1620.27500000
v -3865.59450000 2018.37515000 -1640.96500000
v -3862.44450000 2033.27515000 -1666.36500000
v -3866.07450000 2012.31515000 -1714.94500000
v -3830.63450000 2070.02515000 -1683.33500000
v -3903.80450000 -130.47485000 -1746.26500000
v -3913.14450000 -1373.59485000 -1794.69500000
v -3921.72450000 -1464.72485000 -1786.35500000
v -3910.93450000 -1251.74485000 -1836.86500000
v -3870.48450000 -227.80485000 -1869.03500000
v -3917.48450000 -1628.28485000 -1832.82500000
v -3912.61450000 -1100.93485000 -1883.71500000
v -3908.29450000 -1646.53485000 -1859.25500000
v -3883.80450000 -537.60485000 -1985.29500000
v -3908.97450000 -985.02485000 -1927.59500000
v -3902.97450000 -704.98485000 -1970.88500000
v -3853.40450000 1782.44515000 -1984.22500000
v -3788.44450000 1493.84515000 -2215.20500000
v -3825.41450000 1324.20515000 -2231.72500000
v -3909.93450000 -1570.14485000 -2203.39500000
v -3892.63450000 -1497.94485000 -2372.21500000
v -3880.78450000 -1453.41485000 -2523.87500000
v -3899.88450000 -1413.22485000 -2790.72500000
v -3859.47450000 -1401.65485000 -2681.39500000
v -3793.02450000 534.03515000 -2841.98500000
v -3890.63450000 -1372.92485000 -2909.26500000
v -3899.59450000 -1338.02485000 -3003.97500000
v -3912.74450000 -1309.12485000 -3060.25500000
v -3903.84450000 -1248.34485000 -3101.97500000
v -3891.29450000 -1124.54485000 -3175.66500000
v -3893.56450000 -1065.49485000 -3205.60500000
v -3865.04450000 -854.80485000 -3299.57500000
v -3857.68450000 -604.68485000 -3344.73500000
v -3868.76450000 -705.47485000 -3328.21500000
v -3868.69450000 -787.23485000 -3313.06500000
v -3845.66450000 628.72515000 -1490.80500000
v -3854.64450000 536.69515000 -1492.13500000
v -3866.75450000 474.45515000 -1493.71500000
v -3837.74450000 898.48515000 -1505.29500000
v -3872.65450000 344.48515000 -1508.42500000
v -3870.06450000 269.76515000 -1531.64500000
v -3873.13450000 180.02515000 -1566.40500000
v -3822.05450000 1273.81515000 -1539.18500000
v -3802.50450000 1827.31515000 -1573.86500000
v -3793.62450000 1654.99515000 -1558.89500000
v -3872.68450000 83.67515000 -1639.68500000
v -3802.60450000 2053.56515000 -1604.83500000
v -3830.66450000 2051.55515000 -1624.85500000
v -3838.35450000 1916.37515000 -1595.42500000
v -3831.34450000 2063.76515000 -1647.78500000
v -3870.15450000 -11.62485000 -1725.67500000
v -3808.45450000 2068.21515000 -1762.51500000
v -3826.61450000 2012.44515000 -1814.44500000
v -3886.75450000 -1462.99485000 -1825.70500000
v -3893.47450000 -1530.18485000 -1827.24500000
v -3889.90450000 -1355.05485000 -1844.83500000
v -3892.28450000 -1598.70485000 -1857.89500000
v -3843.41450000 1946.66515000 -1861.00500000
v -3891.69450000 -1221.25485000 -1888.91500000
v -3894.56450000 -1640.87485000 -1890.82500000
v -3856.01450000 -342.66485000 -1957.17500000
v -3835.02450000 1884.22515000 -1933.12500000
v -3857.82450000 -424.64485000 -1995.15500000
v -3890.44450000 -1093.54485000 -1940.90500000
v -3894.57450000 -1645.44485000 -1938.83500000
v -3888.91450000 -827.89485000 -2003.89500000
v -3888.42450000 -972.85485000 -1984.42500000
v -3899.32450000 -1620.32485000 -2038.23500000
v -3832.54450000 1728.33515000 -2044.30500000
v -3888.32450000 -1565.64485000 -2144.96500000
v -3889.12450000 -1528.17485000 -2249.38500000
v -3769.39450000 1256.93515000 -2336.12500000
v -3780.57450000 1124.59515000 -2385.26500000
v -3822.50450000 919.15515000 -2445.30500000
v -3827.26450000 775.12515000 -2553.29500000
v -3818.14450000 666.62515000 -2669.41500000
v -3809.45450000 362.35515000 -2955.58500000
v -3875.80450000 -1331.72485000 -2962.37500000
v -3886.21450000 -1258.48485000 -3070.59500000
v -3868.95450000 -1138.96485000 -3143.15500000
v -3829.41450000 78.49515000 -3126.16500000
v -3865.18450000 -1045.20485000 -3204.31500000
v -3804.49450000 -217.03485000 -3319.69500000
v -3878.99450000 -984.48485000 -3240.75500000
v -3856.06450000 -899.76485000 -3279.32500000
v -3851.39450000 -846.21485000 -3306.35500000
v -3843.38450000 -795.95485000 -3323.26500000
v -3836.24450000 -511.14485000 -3362.65500000
v -3843.92450000 -716.27485000 -3345.02500000
v -3848.60450000 -667.47485000 -3349.88500000
v -3824.18450000 837.15515000 -1498.86500000
v -3832.79450000 724.65515000 -1494.85500000
v -3852.60450000 475.71515000 -1501.85500000
v -3833.40450000 978.25515000 -1514.03500000
v -3833.51450000 179.81515000 -1653.30500000
v -3838.73450000 79.53515000 -1721.46500000
v -3853.67450000 -92.68485000 -1820.39500000
v -3870.07450000 -1437.57485000 -1875.13500000
v -3872.22450000 -1526.47485000 -1879.93500000
v -3874.94450000 -1328.76485000 -1910.31500000
v -3815.95450000 -264.41485000 -1993.24500000
v -3878.42450000 -1215.19485000 -1936.79500000
v -3871.55450000 -1281.63485000 -1957.34500000
v -3864.29450000 -1405.63485000 -1930.46500000
v -3873.83450000 -1588.94485000 -1919.44500000
v -3870.09450000 -1205.09485000 -2000.78500000
v -3862.94450000 -1332.41485000 -1993.21500000
v -3875.58450000 -1590.01485000 -1990.56500000
v -3879.62450000 -1107.35485000 -1978.88500000
v -3857.97450000 -1463.27485000 -1961.25500000
v -3794.72450000 1815.66515000 -2041.89500000
v -3825.50450000 -370.16485000 -2034.41500000
v -3864.72450000 -1154.81485000 -2059.17500000
v -3865.45450000 -684.18485000 -2069.74500000
v -3875.50450000 -807.91485000 -2055.38500000
v -3877.71450000 -915.65485000 -2035.65500000
v -3874.35450000 -1045.93485000 -2026.67500000
v -3867.42450000 -1544.14485000 -2085.24500000
v -3866.73450000 -981.64485000 -2088.59500000
v -3854.89450000 -1258.45485000 -2103.37500000
v -3853.45450000 -859.67485000 -2143.41500000
v -3857.92450000 -1119.46485000 -2124.78500000
v -3845.97450000 -1039.71485000 -2190.64500000
v -3870.84450000 -1515.42485000 -2196.05500000
v -3862.85450000 -1474.65485000 -2291.56500000
v -3781.22450000 1008.80515000 -2454.38500000
v -3849.01450000 -1437.64485000 -2427.50500000
v -3790.53450000 901.47515000 -2517.60500000
v -3824.72450000 -1387.35485000 -2577.23500000
v -3850.42450000 -1361.43485000 -2801.36500000
v -3847.42450000 -1321.81485000 -2894.50500000
v -3847.28450000 -1246.58485000 -2999.40500000
v -3797.92450000 248.31515000 -3064.71500000
v -3844.44450000 -1155.24485000 -3091.60500000
v -3790.92450000 147.46515000 -3145.21500000
v -3756.32450000 68.38515000 -3239.89500000
v -3848.41450000 -961.86485000 -3241.20500000
v -3801.26450000 -335.07485000 -3366.69500000
v -3831.51450000 -836.23485000 -3304.84500000
v -3817.46450000 -725.07485000 -3348.09500000
v -3823.35450000 -648.49485000 -3367.84500000
v -3808.99450000 -540.96485000 -3390.82500000
v -3794.87450000 -430.12485000 -3394.69500000
v -3804.52450000 934.98515000 -1505.27500000
v -3812.44450000 688.57515000 -1500.27500000
v -3832.86450000 580.24515000 -1500.82500000
v -3796.98450000 1059.32515000 -1519.15500000
v -3826.64450000 516.85515000 -1515.16500000
v -3806.04450000 604.77515000 -1519.49500000
v -3844.80450000 401.31515000 -1526.16500000
v -3819.10450000 318.02515000 -1604.71500000
v -3776.80450000 1988.11515000 -1583.31500000
v -3799.80450000 2083.98515000 -1622.96500000
v -3793.51450000 2106.04515000 -1655.23500000
v -3778.65450000 2113.03515000 -1717.80500000
v -3817.14450000 12.71515000 -1813.14500000
v -3783.16450000 2055.53515000 -1843.78500000
v -3791.19450000 1984.48515000 -1910.36500000
v -3794.18450000 -107.47485000 -1931.23500000
v -3863.06450000 -1531.30485000 -1931.23500000
v -3862.55450000 -1529.69485000 -2002.51500000
v -3754.96450000 1900.79515000 -2033.54500000
v -3852.21450000 -1381.82485000 -2068.19500000
v -3852.69450000 -1462.63485000 -2073.47500000
v -3857.73450000 -1499.59485000 -2091.64500000
v -3824.49450000 -495.40485000 -2105.90500000
v -3844.45450000 -613.99485000 -2109.88500000
v -3756.25450000 1711.89515000 -2149.30500000
v -3831.65450000 -757.44485000 -2196.73500000
v -3845.38450000 -1334.82485000 -2170.76500000
v -3847.24450000 -1414.03485000 -2173.08500000
v -3858.00450000 -1479.13485000 -2170.23500000
v -3846.01450000 -1210.76485000 -2187.13500000
v -3760.44450000 1594.40515000 -2203.90500000
v -3823.85450000 -970.16485000 -2278.06500000
v -3840.69450000 -1388.98485000 -2243.02500000
v -3845.95450000 -1429.30485000 -2255.42500000
v -3828.21450000 -1176.10485000 -2290.40500000
v -3831.07450000 -1310.87485000 -2288.11500000
v -3830.81450000 -1387.16485000 -2340.32500000
v -3844.33450000 -1430.40485000 -2342.81500000
v -3834.29450000 -1411.18485000 -2408.99500000
v -3709.43450000 1112.33515000 -2501.28500000
v -3826.88450000 -1400.85485000 -2477.67500000
v -3743.27450000 830.25515000 -2672.32500000
v -3821.67450000 -1356.32485000 -2701.25500000
v -3804.67450000 -1241.24485000 -2900.22500000
v -3791.39450000 -1069.16485000 -3076.86500000
v -3806.42450000 -1014.39485000 -3156.40500000
v -3830.15450000 -981.10485000 -3213.78500000
v -3822.48450000 -886.55485000 -3267.73500000
v -3814.95450000 -781.19485000 -3323.46500000
v -3794.41450000 -639.19485000 -3380.09500000
v -3805.02450000 -676.58485000 -3363.89500000
v -3794.55450000 -590.12485000 -3391.48500000
v -3771.76450000 -466.12485000 -3419.43500000
v -3787.49450000 871.56515000 -1501.27500000
v -3799.17450000 784.80515000 -1502.62500000
v -3750.07450000 1276.35515000 -1522.32500000
v -3772.13450000 1175.75515000 -1524.61500000
v -3806.68450000 484.93515000 -1558.57500000
v -3750.56450000 1502.75515000 -1534.12500000
v -3751.28450000 2123.59515000 -1603.31500000
v -3742.23450000 2090.91515000 -1587.23500000
v -3770.36450000 2122.29515000 -1627.99500000
v -3801.77450000 238.08515000 -1683.87500000
v -3758.44450000 2143.58515000 -1644.18500000
v -3753.97450000 2146.05515000 -1672.71500000
v -3792.37450000 149.70515000 -1760.88500000
v -3758.74450000 2100.80515000 -1801.87500000
v -3711.33450000 1996.35515000 -2016.98500000
v -3798.25450000 -683.44485000 -2265.19500000
v -3796.62450000 -845.02485000 -2329.95500000
v -3705.82450000 1525.51515000 -2303.26500000
v -3818.08450000 -1349.59485000 -2393.13500000
v -3798.80450000 -1156.59485000 -2410.58500000
v -3811.30450000 -1272.92485000 -2389.50500000
v -3819.80450000 -1379.76485000 -2437.72500000
v -3805.15450000 -1332.68485000 -2458.50500000
v -3806.80450000 -1359.65485000 -2512.07500000
v -3738.69450000 692.66515000 -2808.73500000
v -3802.06450000 -1294.47485000 -2790.10500000
v -3769.25450000 -1123.93485000 -2964.63500000
v -3716.77450000 292.74515000 -3163.06500000
v -3742.84450000 -86.10485000 -3338.85500000
v -3798.07450000 -806.91485000 -3299.00500000
v -3787.05450000 -733.74485000 -3332.14500000
v -3786.60450000 -672.65485000 -3361.24500000
v -3734.74450000 -211.73485000 -3404.97500000
v -3772.45450000 -575.98485000 -3399.41500000
v -3750.23450000 -331.01485000 -3420.41500000
v -3778.12450000 -535.52485000 -3407.35500000
v -3742.35450000 1377.41515000 -1524.52500000
v -3757.10450000 1103.47515000 -1524.36500000
v -3749.56450000 1018.46515000 -1525.01500000
v -3773.05450000 945.38515000 -1513.52500000
v -3784.92450000 727.50515000 -1516.78500000
v -3768.65450000 845.22515000 -1515.45500000
v -3767.78450000 667.68515000 -1555.40500000
v -3705.17450000 1793.19515000 -1540.97500000
v -3748.50450000 508.11515000 -1649.39500000
v -3742.43450000 2151.91515000 -1624.28500000
v -3766.56450000 293.42515000 -1721.59500000
v -3714.00450000 2169.44515000 -1739.05500000
v -3732.61450000 2064.13515000 -1908.12500000
v -3762.10450000 49.48515000 -1882.41500000
v -3764.36450000 -223.20485000 -2061.83500000
v -3770.01450000 -397.26485000 -2173.00500000
v -3722.91450000 1815.59515000 -2129.23500000
v -3760.47450000 -567.56485000 -2298.56500000
v -3706.70450000 1394.68515000 -2359.33500000
v -3778.95450000 -1002.85485000 -2434.45500000
v -3750.27450000 -848.05485000 -2457.12500000
v -3785.24450000 -1250.64485000 -2489.68500000
v -3760.50450000 -1150.20485000 -2543.17500000
v -3781.03450000 -1298.82485000 -2552.12500000
v -3791.75450000 -1333.34485000 -2589.00500000
v -3793.61450000 -1321.58485000 -2669.92500000
v -3758.83450000 -1187.79485000 -2846.67500000
v -3744.45450000 436.54515000 -3012.26500000
v -3783.18450000 -866.25485000 -3239.15500000
v -3691.88450000 174.16515000 -3269.55500000
v -3760.87450000 -599.57485000 -3384.56500000
v -3753.90450000 -400.39485000 -3426.48500000
v -3754.45450000 -478.62485000 -3425.05500000
v -3757.26450000 -525.02485000 -3413.42500000
v -3737.50450000 -419.54485000 -3434.90500000
v -3736.29450000 1182.03515000 -1529.20500000
v -3764.35450000 776.13515000 -1529.55500000
v -3688.22450000 2081.23515000 -1565.81500000
v -3691.29450000 2183.62515000 -1584.51500000
v -3711.31450000 2182.90515000 -1608.41500000
v -3718.94450000 2186.59515000 -1650.59500000
v -3716.21450000 413.17515000 -1746.55500000
v -3747.09450000 183.83515000 -1820.94500000
v -3690.39450000 2135.03515000 -1858.94500000
v -3703.46450000 -17.56485000 -2027.61500000
v -3723.64450000 -310.27485000 -2211.86500000
v -3676.16450000 1619.19515000 -2292.45500000
v -3751.15450000 -675.91485000 -2375.32500000
v -3699.69450000 1265.73515000 -2428.26500000
v -3751.01450000 -1017.56485000 -2521.15500000
v -3771.30450000 -1243.27485000 -2549.64500000
v -3705.41450000 1015.10515000 -2581.23500000
v -3757.41450000 -1227.81485000 -2599.68500000
v -3769.34450000 -1275.09485000 -2634.03500000
v -3648.66450000 954.97515000 -2739.70500000
v -3759.80450000 -1237.25485000 -2732.18500000
v -3698.44450000 615.04515000 -2954.82500000
v -3706.86450000 -943.90485000 -3029.60500000
v -3748.77450000 -902.39485000 -3151.35500000
v -3641.80450000 282.38515000 -3274.35500000
v -3758.83450000 -735.46485000 -3305.07500000
v -3745.47450000 -626.84485000 -3358.12500000
v -3750.38450000 -541.71485000 -3406.01500000
v -3723.91450000 -469.54485000 -3419.42500000
v -3705.48450000 -252.10485000 -3447.38500000
v -3722.93450000 -342.40485000 -3440.29500000
v -3721.39450000 -426.66485000 -3432.59500000
v -3696.87450000 1465.09515000 -1519.01500000
v -3704.96450000 1370.68515000 -1520.29500000
v -3704.89450000 1278.32515000 -1529.73500000
v -3743.10450000 949.93515000 -1531.20500000
v -3735.90450000 849.81515000 -1558.10500000
v -3662.28450000 1686.83515000 -1522.86500000
v -3699.83450000 1203.26515000 -1540.77500000
v -3722.74450000 1100.48515000 -1540.18500000
v -3731.13450000 1021.67515000 -1539.17500000
v -3697.99450000 1936.75515000 -1553.46500000
v -3688.80450000 2220.93515000 -1599.40500000
v -3722.84450000 717.02515000 -1617.44500000
v -3688.93450000 2237.00515000 -1616.87500000
v -3705.59450000 636.56515000 -1672.03500000
v -3687.09450000 2244.13515000 -1649.71500000
v -3699.88450000 2207.84515000 -1683.43500000
v -3683.99450000 2228.72515000 -1696.67500000
v -3690.10450000 311.38515000 -1842.29500000
v -3674.50450000 169.81515000 -1952.62500000
v -3655.15450000 2115.64515000 -1951.25500000
v -3681.29450000 2062.15515000 -1988.64500000
v -3667.67450000 2039.75515000 -2034.27500000
v -3666.54450000 1907.39515000 -2135.17500000
v -3699.58450000 -190.39485000 -2166.55500000
v -3712.10450000 -493.83485000 -2368.02500000
v -3681.42450000 1202.42515000 -2487.61500000
v -3625.50450000 1166.85515000 -2596.97500000
v -3717.89450000 -991.20485000 -2599.53500000
v -3735.53450000 -1136.05485000 -2621.08500000
v -3740.40450000 -1192.97485000 -2675.31500000
v -3736.19450000 -1187.86485000 -2733.79500000
v -3719.95450000 -1134.68485000 -2797.12500000
v -3649.58450000 810.47515000 -2874.26500000
v -3707.48450000 -1050.90485000 -2898.66500000
v -3655.34450000 525.40515000 -3100.80500000
v -3629.64450000 418.45515000 -3211.24500000
v -3729.73450000 -763.12485000 -3240.13500000
v -3711.97450000 -629.87485000 -3317.54500000
v -3665.57450000 103.59515000 -3340.43500000
v -3722.66450000 -520.44485000 -3395.98500000
v -3671.52450000 -75.66485000 -3421.15500000
v -3691.13450000 -178.05485000 -3439.04500000
v -3701.61450000 -348.77485000 -3446.95500000
v -3692.78450000 -275.07485000 -3456.75500000
v -3656.33450000 1385.52515000 -1528.01500000
v -3648.79450000 1290.92515000 -1554.81500000
v -3617.91450000 2210.53515000 -1556.90500000
v -3684.35450000 1146.61515000 -1561.82500000
v -3705.62450000 1008.64515000 -1569.36500000
v -3670.91450000 2266.45515000 -1599.36500000
v -3667.94450000 2286.56515000 -1621.97500000
v -3659.28450000 2286.68515000 -1670.89500000
v -3663.55450000 603.44515000 -1746.17500000
v -3660.53450000 2186.58515000 -1818.16500000
v -3648.80450000 470.76515000 -1824.43500000
v -3605.00450000 319.64515000 -1974.59500000
v -3642.07450000 2007.49515000 -2090.36500000
v -3669.54450000 -287.55485000 -2309.09500000
v -3634.05450000 1748.98515000 -2267.23500000
v -3671.91450000 -383.22485000 -2376.99500000
v -3717.20450000 -659.86485000 -2447.19500000
v -3704.21450000 -812.38485000 -2552.07500000
v -3708.52450000 -1078.41485000 -2684.02500000
v -3713.63450000 -1123.42485000 -2738.81500000
v -3686.91450000 -1060.00485000 -2796.13500000
v -3692.20450000 -1055.81485000 -2839.31500000
v -3700.83450000 -534.22485000 -3367.25500000
v -3674.05450000 -357.43485000 -3438.81500000
v -3672.14450000 -429.81485000 -3399.07500000
v -3656.79450000 -169.22485000 -3465.08500000
v -3668.29450000 -260.10485000 -3464.07500000
v -3654.54450000 1583.38515000 -1517.12500000
v -3642.26450000 1492.26515000 -1519.49500000
v -3608.10450000 1882.22515000 -1523.61500000
v -3666.32450000 1069.09515000 -1603.61500000
v -3649.85450000 2318.31515000 -1602.37500000
v -3643.50450000 2292.83515000 -1585.22500000
v -3633.24450000 2345.27515000 -1596.36500000
v -3699.84450000 865.65515000 -1610.59500000
v -3637.78450000 2339.09515000 -1620.76500000
v -3668.15450000 921.94515000 -1640.91500000
v -3681.95450000 754.70515000 -1669.20500000
v -3631.13450000 2345.56515000 -1655.85500000
v -3625.92450000 2306.48515000 -1725.67500000
v -3651.76450000 2237.38515000 -1759.56500000
v -3622.17450000 2175.11515000 -1902.73500000
v -3627.01450000 2072.24515000 -2041.56500000
v -3619.49450000 -3.07485000 -2170.10500000
v -3613.75450000 -143.13485000 -2300.35500000
v -3636.78450000 1496.53515000 -2400.40500000
v -3641.67450000 -529.88485000 -2537.46500000
v -3663.66450000 -689.69485000 -2578.85500000
v -3658.66450000 -814.97485000 -2654.81500000
v -3624.40450000 1063.51515000 -2682.26500000
v -3684.57450000 -971.64485000 -2678.55500000
v -3678.57450000 -1009.37485000 -2724.46500000
v -3689.09450000 -1052.89485000 -2745.42500000
v -3663.00450000 -929.36485000 -2943.43500000
v -3679.11450000 -776.60485000 -3135.59500000
v -3667.09450000 -632.71485000 -3240.78500000
v -3666.91450000 -515.08485000 -3334.33500000
v -3605.87450000 95.17515000 -3416.21500000
v -3667.62450000 -297.91485000 -3457.26500000
v -3647.61450000 -251.18485000 -3468.71500000
v -3641.94450000 -212.20485000 -3472.86500000
v -3616.79450000 1465.07515000 -1527.47500000
v -3589.36450000 1455.18515000 -1543.66500000
v -3607.90450000 2298.06515000 -1564.42500000
v -3570.68450000 2262.35515000 -1546.83500000
v -3605.25450000 2059.52515000 -1538.50500000
v -3599.59450000 2360.10515000 -1576.19500000
v -3632.68450000 1169.54515000 -1612.49500000
v -3602.79450000 2385.73515000 -1596.12500000
v -3596.45450000 2401.70515000 -1634.55500000
v -3600.11450000 2365.36515000 -1705.40500000
v -3629.11450000 807.12515000 -1724.48500000
v -3585.39450000 2334.09515000 -1780.23500000
v -3584.05450000 2278.65515000 -1839.09500000
v -3621.84450000 2219.97515000 -1841.39500000
v -3592.20450000 437.17515000 -1926.72500000
v -3566.45450000 2146.03515000 -2018.10500000
v -3571.43450000 1972.70515000 -2191.84500000
v -3608.57450000 1601.88515000 -2378.78500000
v -3618.68450000 1340.50515000 -2502.59500000
v -3653.05450000 -906.24485000 -2726.73500000
v -3583.74450000 1035.73515000 -2777.82500000
v -3662.43450000 -980.72485000 -2780.35500000
v -3570.73450000 947.84515000 -2891.91500000
v -3668.99450000 -989.83485000 -2854.91500000
v -3560.08450000 840.56515000 -3022.42500000
v -3616.37450000 694.52515000 -3039.42500000
v -3635.08450000 -806.73485000 -3013.76500000
v -3594.13450000 633.77515000 -3127.50500000
v -3561.29450000 581.82515000 -3213.30500000
v -3616.47450000 -641.18485000 -3136.99500000
v -3577.29450000 431.75515000 -3277.03500000
v -3610.43450000 -504.06485000 -3248.85500000
v -3634.44450000 -265.87485000 -3458.47500000
v -3599.87450000 -3.81485000 -3464.14500000
v -3602.15450000 -80.61485000 -3484.43500000
v -3617.79450000 -159.23485000 -3478.92500000
v -3598.81450000 1670.19515000 -1511.00500000
v -3603.50450000 1595.69515000 -1515.52500000
v -3574.28450000 2413.79515000 -1580.25500000
v -3589.18450000 1304.87515000 -1604.96500000
v -3603.15450000 1003.42515000 -1698.16500000
v -3540.65450000 2432.00515000 -1729.69500000
v -3553.99450000 705.51515000 -1852.52500000
v -3584.86450000 571.71515000 -1870.32500000
v -3585.35450000 2219.81515000 -1902.76500000
v -3567.29450000 2194.22515000 -1958.71500000
v -3578.41450000 190.53515000 -2100.78500000
v -3552.93450000 2088.20515000 -2104.60500000
v -3588.16450000 2037.51515000 -2118.29500000
v -3569.82450000 -17.26485000 -2278.83500000
v -3591.25450000 1869.27515000 -2239.68500000
v -3540.41450000 1796.11515000 -2337.55500000
v -3597.44450000 -263.39485000 -2436.36500000
v -3558.41450000 1498.48515000 -2491.95500000
v -3577.95450000 -384.36485000 -2571.14500000
v -3613.69450000 -643.86485000 -2664.05500000
v -3634.10450000 -883.12485000 -2775.32500000
v -3630.38450000 -892.90485000 -2833.22500000
v -3632.65450000 -871.24485000 -2912.82500000
v -3561.39450000 288.19515000 -3371.96500000
v -3614.66450000 -393.23485000 -3352.87500000
v -3613.45450000 -294.12485000 -3423.58500000
v -3621.96450000 -212.59485000 -3470.06500000
v -3589.59450000 -107.39485000 -3486.51500000
v -3551.14450000 1751.24515000 -1508.29500000
v -3565.42450000 1570.36515000 -1526.57500000
v -3528.44450000 2191.23515000 -1529.09500000
v -3533.09450000 2439.63515000 -1566.44500000
v -3517.55450000 2352.77515000 -1547.03500000
v -3572.24450000 1410.33515000 -1573.87500000
v -3576.83450000 2422.70515000 -1599.49500000
v -3564.47450000 2443.80515000 -1608.74500000
v -3568.57450000 1245.98515000 -1659.38500000
v -3567.43450000 1167.67515000 -1689.31500000
v -3517.34450000 2480.83515000 -1672.96500000
v -3538.41450000 2394.76515000 -1792.51500000
v -3537.81450000 2349.53515000 -1847.27500000
v -3556.44450000 86.22515000 -2218.20500000
v -3531.98450000 2041.87515000 -2170.03500000
v -3523.59450000 1897.86515000 -2286.40500000
v -3532.68450000 1637.85515000 -2441.40500000
v -3548.10450000 1137.82515000 -2743.20500000
v -3618.86450000 -782.00485000 -2743.23500000
v -3615.74450000 -834.64485000 -2805.46500000
v -3606.67450000 -823.09485000 -2841.50500000
v -3593.10450000 -777.28485000 -2897.67500000
v -3602.14450000 -770.15485000 -2962.19500000
v -3537.92450000 728.75515000 -3151.85500000
v -3539.71450000 170.60515000 -3451.45500000
v -3591.80450000 -201.83485000 -3459.26500000
v -3588.41450000 -146.47485000 -3476.23500000
v -3569.34450000 -8.69485000 -3488.06500000
v -3563.53450000 -42.29485000 -3491.45500000
v -3506.01450000 1911.90515000 -1501.98500000
v -3566.22450000 1652.21515000 -1515.62500000
v -3530.08450000 2022.92515000 -1516.06500000
v -3545.56450000 2455.53515000 -1588.80500000
v -3526.41450000 2483.81515000 -1619.83500000
v -3523.80450000 1351.39515000 -1663.89500000
v -3527.39450000 1111.70515000 -1751.08500000
v -3515.81450000 969.27515000 -1806.26500000
v -3528.08450000 854.49515000 -1831.36500000
v -3498.05450000 2315.76515000 -1940.20500000
v -3542.62450000 2238.30515000 -1945.70500000
v -3532.13450000 2199.08515000 -2000.37500000
v -3514.07450000 422.78515000 -2053.49500000
v -3525.76450000 1379.65515000 -2599.17500000
v -3545.10450000 1263.07515000 -2650.70500000
v -3565.81450000 -520.48485000 -2695.29500000
v -3588.89450000 -665.53485000 -2745.80500000
v -3586.57450000 -726.46485000 -2820.04500000
v -3521.04450000 1051.17515000 -2873.56500000
v -3574.42450000 -702.38485000 -2968.52500000
v -3574.90450000 -656.86485000 -3030.19500000
v -3480.63450000 533.71515000 -3350.08500000
v -3561.74450000 -375.05485000 -3282.11500000
v -3558.46450000 -268.12485000 -3371.45500000
v -3505.09450000 286.33515000 -3436.55500000
v -3542.56450000 75.14515000 -3483.42500000
v -3518.82450000 56.58515000 -3497.70500000
v -3556.79450000 -77.05485000 -3484.74500000
v -3534.31450000 1557.59515000 -1544.04500000
v -3494.54450000 1569.12515000 -1566.43500000
v -3508.56450000 1451.41515000 -1623.75500000
v -3511.31450000 2499.10515000 -1600.47500000
v -3476.30450000 2536.19515000 -1630.46500000
v -3506.94450000 1260.27515000 -1723.58500000
v -3388.05450000 2581.17515000 -1763.40500000
v -3518.30450000 646.41515000 -1923.81500000
v -3509.55450000 576.59515000 -1970.92500000
v -3491.92450000 2127.71515000 -2120.31500000
v -3510.11450000 2077.18515000 -2155.47500000
v -3509.18450000 2007.35515000 -2221.04500000
v -3472.32450000 1964.89515000 -2283.25500000
v -3536.06450000 -124.97485000 -2438.97500000
v -3459.13450000 1744.89515000 -2446.75500000
v -3474.17450000 1491.34515000 -2590.66500000
v -3492.21450000 1228.76515000 -2749.38500000
v -3553.18450000 -598.23485000 -2792.67500000
v -3552.02450000 -633.14485000 -2838.98500000
v -3546.06450000 -637.55485000 -2883.97500000
v -3536.16450000 -614.29485000 -2959.44500000
v -3513.56450000 952.69515000 -2991.65500000
v -3550.20450000 -625.44485000 -2999.76500000
v -3531.58450000 -452.85485000 -3152.96500000
v -3504.61450000 846.03515000 -3114.33500000
v -3552.67450000 -117.73485000 -3468.72500000
v -3556.85450000 -183.82485000 -3432.99500000
v -3500.84450000 174.06515000 -3485.81500000
v -3497.79450000 135.60515000 -3496.40500000
v -3526.20450000 -10.31485000 -3490.69500000
v -3484.28450000 1846.21515000 -1496.63500000
v -3509.46450000 1694.57515000 -1517.24500000
v -3469.76450000 1798.46515000 -1503.94500000
v -3490.36450000 1649.56515000 -1535.59500000
v -3499.27450000 2502.53515000 -1582.20500000
v -3463.31450000 2521.27515000 -1565.98500000
v -3450.06450000 2491.36515000 -1550.49500000
v -3491.51450000 2519.41515000 -1600.68500000
v -3432.01450000 2496.70515000 -1825.97500000
v -3473.43450000 2407.18515000 -1881.37500000
v -3485.16450000 2240.26515000 -2021.18500000
v -3501.41450000 2182.05515000 -2055.05500000
v -3505.68450000 182.48515000 -2233.00500000
v -3449.23450000 2061.67515000 -2217.11500000
v -3496.67450000 58.39515000 -2349.94500000
v -3449.27450000 1622.41515000 -2533.70500000
v -3536.94450000 -274.52485000 -2567.22500000
v -3509.24450000 -371.19485000 -2703.07500000
v -3519.68450000 -579.63485000 -2926.91500000
v -3521.19450000 -537.26485000 -3035.50500000
v -3488.43450000 786.76515000 -3192.58500000
v -3470.62450000 728.15515000 -3254.29500000
v -3492.24450000 -229.23485000 -3296.40500000
v -3464.52450000 406.96515000 -3424.89500000
v -3510.22450000 -147.55485000 -3398.11500000
v -3453.08450000 310.04515000 -3475.40500000
v -3527.37450000 -55.26485000 -3477.21500000
v -3462.86450000 163.23515000 -3504.37500000
v -3444.08450000 1944.54515000 -1491.33500000
v -3417.18450000 2075.29515000 -1494.64500000
v -3395.39450000 2305.32515000 -1510.49500000
v -3472.35450000 2537.60515000 -1596.06500000
v -3398.10450000 2606.99515000 -1682.36500000
v -3442.34450000 1188.24515000 -1815.95500000
v -3454.02450000 1014.81515000 -1858.21500000
v -3459.14450000 899.37515000 -1893.87500000
v -3428.39450000 619.39515000 -2059.37500000
v -3464.45450000 1865.99515000 -2358.89500000
v -3465.62450000 1338.24515000 -2698.79500000
v -3521.47450000 -488.21485000 -2775.05500000
v -3472.14450000 1170.92515000 -2826.49500000
v -3514.68450000 -535.14485000 -2844.04500000
v -3502.35450000 -534.59485000 -2903.64500000
v -3450.82450000 1075.21515000 -2960.45500000
v -3492.21450000 -517.40485000 -2951.61500000
v -3475.41450000 -467.22485000 -3004.89500000
v -3455.45450000 943.90515000 -3097.70500000
v -3470.17450000 832.75515000 -3177.68500000
v -3413.70450000 673.82515000 -3361.04500000
v -3424.81450000 518.60515000 -3420.44500000
v -3513.77450000 -81.64485000 -3449.16500000
v -3494.62450000 45.91515000 -3492.77500000
v -3493.04450000 -1.67485000 -3471.46500000
v -3457.41450000 223.68515000 -3496.53500000
v -3469.10450000 105.20515000 -3497.87500000
v -3429.72450000 1897.78515000 -1493.23500000
v -3432.70450000 1774.60515000 -1518.77500000
v -3392.99450000 2478.23515000 -1530.53500000
v -3457.84450000 2546.58515000 -1583.10500000
v -3438.66450000 1581.48515000 -1621.47500000
v -3431.03450000 2583.42515000 -1607.44500000
v -3447.92450000 1499.96515000 -1673.95500000
v -3402.92450000 2613.76515000 -1641.01500000
v -3461.35450000 1407.32515000 -1710.46500000
v -3264.98450000 2598.46515000 -1931.66500000
v -3446.76450000 762.83515000 -1962.02500000
v -3405.03450000 2405.05515000 -1975.89500000
v -3416.00450000 2308.20515000 -2050.26500000
v -3429.57450000 2198.98515000 -2117.53500000
v -3455.68450000 312.27515000 -2220.66500000
v -3444.10450000 181.74515000 -2340.35500000
v -3444.12450000 -39.23485000 -2530.72500000
v -3471.63450000 -202.53485000 -2627.56500000
v -3438.04450000 1264.81515000 -2788.05500000
v -3475.70450000 -413.05485000 -2816.18500000
v -3470.46450000 -454.25485000 -2885.33500000
v -3467.41450000 -463.11485000 -2933.27500000
v -3416.09450000 1049.16515000 -3041.45500000
v -3454.06450000 -386.59485000 -3065.66500000
v -3417.39450000 878.58515000 -3211.12500000
v -3438.26450000 -268.54485000 -3160.81500000
v -3407.57450000 317.76515000 -3502.06500000
v -3401.74450000 1981.22515000 -1489.05500000
v -3392.56450000 1879.91515000 -1502.45500000
v -3397.65450000 1757.60515000 -1544.52500000
v -3405.57450000 2594.58515000 -1574.39500000
v -3406.08450000 2571.27515000 -1556.41500000
v -3391.92450000 1711.05515000 -1577.44500000
v -3429.41450000 1333.34515000 -1780.45500000
v -3412.86450000 494.69515000 -2162.11500000
v -3416.02450000 2138.55515000 -2177.21500000
v -3383.63450000 2011.84515000 -2308.12500000
v -3399.23450000 103.58515000 -2479.36500000
v -3410.98450000 1930.53515000 -2354.07500000
v -3401.06450000 1708.25515000 -2521.31500000
v -3394.85450000 1840.74515000 -2430.06500000
v -3413.84450000 1433.04515000 -2690.24500000
v -3426.22450000 -268.62485000 -2776.79500000
v -3427.19450000 -380.59485000 -2931.90500000
v -3443.53450000 -413.04485000 -2972.13500000
v -3375.53450000 1131.72515000 -3006.12500000
v -3360.58450000 1046.77515000 -3112.17500000
v -3449.72450000 -9.44485000 -3415.21500000
v -3397.99450000 -90.35485000 -3256.68500000
v -3388.72450000 589.96515000 -3426.04500000
v -3462.69450000 64.29515000 -3476.58500000
v -3421.74450000 246.40515000 -3504.45500000
v -3424.68450000 199.86515000 -3503.20500000
v -3440.46450000 158.23515000 -3500.31500000
v -3438.42450000 128.29515000 -3489.21500000
v -3337.13450000 2457.28515000 -1513.29500000
v -3375.70450000 2565.42515000 -1541.33500000
v -3346.39450000 2632.99515000 -1551.83500000
v -3393.79450000 2622.38515000 -1596.38500000
v -3372.89450000 2647.82515000 -1614.77500000
v -3375.64450000 1575.85515000 -1700.65500000
v -3393.02450000 1448.49515000 -1761.78500000
v -3381.66450000 1276.59515000 -1843.23500000
v -3382.31450000 1092.96515000 -1902.01500000
v -3376.44450000 957.49515000 -1957.83500000
v -3332.83450000 2470.49515000 -2000.10500000
v -3340.81450000 2417.06515000 -2044.80500000
v -3359.27450000 2276.85515000 -2135.96500000
v -3401.46450000 2167.79515000 -2166.36500000
v -3372.68450000 2116.66515000 -2229.92500000
v -3357.74450000 2074.40515000 -2273.65500000
v -3396.22450000 1561.37515000 -2620.76500000
v -3383.87450000 -125.69485000 -2716.24500000
v -3400.24450000 1347.33515000 -2765.20500000
v -3390.71450000 1236.00515000 -2875.23500000
v -3427.51450000 -347.10485000 -2866.17500000
v -3414.14450000 -348.02485000 -3010.82500000
v -3353.49450000 952.98515000 -3219.92500000
v -3352.35450000 873.32515000 -3298.39500000
v -3375.74450000 781.36515000 -3335.74500000
v -3345.67450000 123.59515000 -3359.51500000
v -3426.62450000 110.37515000 -3468.76500000
v -3392.05450000 475.19515000 -3467.68500000
v -3389.46450000 392.27515000 -3495.43500000
v -3419.61450000 167.16515000 -3489.55500000
v -3370.81450000 1956.73515000 -1490.51500000
v -3354.90450000 2654.70515000 -1580.38500000
v -3339.16450000 1387.80515000 -1835.44500000
v -3364.77450000 1197.13515000 -1881.45500000
v -3364.91450000 743.43515000 -2073.58500000
v -3333.73450000 2367.14515000 -2094.52500000
v -3350.29450000 624.98515000 -2168.99500000
v -3368.65450000 2186.87515000 -2185.05500000
v -3360.53450000 440.77515000 -2280.12500000
v -3311.35450000 328.93515000 -2441.32500000
v -3337.05450000 1960.29515000 -2374.43500000
v -3349.44450000 1781.11515000 -2502.95500000
v -3354.94450000 1687.43515000 -2565.51500000
v -3362.25450000 -1.36485000 -2636.83500000
v -3370.21450000 1452.55515000 -2716.18500000
v -3379.07450000 -201.54485000 -2800.25500000
v -3381.40450000 -249.03485000 -2851.79500000
v -3383.82450000 -289.97485000 -2914.32500000
v -3395.51450000 -322.72485000 -2963.37500000
v -3382.36450000 -263.50485000 -3050.30500000
v -3355.00450000 -135.68485000 -3132.90500000
v -3350.02450000 700.99515000 -3413.01500000
v -3386.03450000 174.89515000 -3457.62500000
v -3367.57450000 384.66515000 -3507.88500000
v -3375.39450000 319.95515000 -3507.06500000
v -3392.64450000 244.04515000 -3494.60500000
v -3299.96450000 2199.59515000 -1481.44500000
v -3360.58450000 2023.95515000 -1485.92500000
v -3325.53450000 1961.95515000 -1497.80500000
v -3323.50450000 1913.66515000 -1516.95500000
v -3324.90450000 1740.31515000 -1632.80500000
v -3314.13450000 2711.28515000 -1602.12500000
v -3318.54450000 2701.44515000 -1648.09500000
v -3307.18450000 1568.00515000 -1771.10500000
v -3255.92450000 2675.88515000 -1835.44500000
v -3245.03450000 2548.99515000 -2016.76500000
v -3260.70450000 2366.45515000 -2164.28500000
v -3345.09450000 542.22515000 -2231.77500000
v -3276.04450000 2252.69515000 -2222.82500000
v -3324.74450000 1877.81515000 -2441.63500000
v -3344.69450000 1611.62515000 -2624.36500000
v -3343.30450000 1533.32515000 -2678.85500000
v -3315.84450000 1464.58515000 -2743.06500000
v -3343.96450000 1359.99515000 -2807.13500000
v -3327.51450000 1293.09515000 -2887.13500000
v -3326.88450000 1228.06515000 -2959.26500000
v -3316.00450000 1168.32515000 -3038.11500000
v -3328.43450000 767.75515000 -3399.12500000
v -3302.59450000 618.49515000 -3487.86500000
v -3337.29450000 469.48515000 -3504.90500000
v -3361.48450000 307.31515000 -3501.23500000
v -3264.10450000 2392.32515000 -1490.71500000
v -3329.72450000 2081.39515000 -1483.43500000
v -3286.20450000 2591.07515000 -1520.21500000
v -3314.25450000 2689.03515000 -1556.84500000
v -3312.66450000 2703.09515000 -1571.50500000
v -3274.54450000 1902.55515000 -1557.74500000
v -3293.74450000 1718.24515000 -1689.89500000
v -3290.86450000 2706.98515000 -1715.25500000
v -3301.66450000 1250.70515000 -1914.13500000
v -3321.78450000 1140.41515000 -1937.95500000
v -3323.06450000 1053.89515000 -1969.90500000
v -3288.03450000 1009.91515000 -2022.16500000
v -3300.70450000 883.28515000 -2073.84500000
v -3302.44450000 2143.87515000 -2268.15500000
v -3301.46450000 2058.97515000 -2322.16500000
v -3263.00450000 1956.75515000 -2400.14500000
v -3306.54450000 1736.63515000 -2553.60500000
v -3302.18450000 136.26515000 -2617.16500000
v -3309.28450000 1668.23515000 -2600.22500000
v -3276.38450000 1601.77515000 -2659.84500000
v -3291.99450000 1529.43515000 -2705.86500000
v -3230.29450000 1378.34515000 -2865.69500000
v -3325.45450000 -176.41485000 -2898.83500000
v -3349.84450000 -236.92485000 -2949.98500000
v -3373.22450000 -273.59485000 -2994.19500000
v -3294.59450000 1041.61515000 -3194.19500000
v -3288.40450000 963.86515000 -3278.21500000
v -3295.70450000 30.04515000 -3181.27500000
v -3287.95450000 846.30515000 -3377.56500000
v -3287.99450000 744.17515000 -3442.50500000
v -3332.47450000 244.38515000 -3441.76500000
v -3343.02450000 344.31515000 -3504.04500000
v -3343.33450000 296.70515000 -3482.59500000
v -3332.54450000 407.24515000 -3509.87500000
v -3308.53450000 476.29515000 -3518.42500000
v -3320.03450000 2020.59515000 -1487.94500000
v -3285.31450000 2698.38515000 -1543.15500000
v -3291.02450000 2721.10515000 -1559.36500000
v -3285.42450000 2737.86515000 -1573.66500000
v -3269.34450000 2761.76515000 -1584.38500000
v -3259.88450000 2774.48515000 -1608.51500000
v -3247.10450000 2726.82515000 -1768.57500000
v -3256.80450000 1541.09515000 -1825.04500000
v -3254.80450000 1426.00515000 -1878.68500000
v -3227.66450000 2477.17515000 -2102.55500000
v -3281.92450000 740.06515000 -2189.21500000
v -3285.97450000 563.31515000 -2307.15500000
v -3261.86450000 2013.00515000 -2363.70500000
v -3253.99450000 1828.28515000 -2497.49500000
v -3252.19450000 1443.86515000 -2792.31500000
v -3350.77450000 -162.82485000 -2819.70500000
v -3253.00450000 1288.47515000 -2960.39500000
v -3322.52450000 -187.60485000 -2950.91500000
v -3259.93450000 1233.52515000 -3026.38500000
v -3340.62450000 -213.44485000 -2988.73500000
v -3316.68450000 -142.30485000 -3037.57500000
v -3297.23450000 -62.02485000 -3092.66500000
v -3264.21450000 1150.59515000 -3111.74500000
v -3299.68450000 247.05515000 -3395.31500000
v -3278.45450000 194.95515000 -3308.70500000
v -3309.24450000 391.37515000 -3500.54500000
v -3288.22450000 535.15515000 -3517.88500000
v -3265.33450000 2115.72515000 -1481.28500000
v -3241.75450000 2068.45515000 -1493.23500000
v -3233.43450000 1827.18515000 -1674.22500000
v -3197.11450000 2832.29515000 -1660.80500000
v -3257.37450000 1721.55515000 -1723.37500000
v -3259.14450000 1342.28515000 -1908.96500000
v -3217.90450000 2221.16515000 -2288.06500000
v -3258.82450000 1904.67515000 -2436.95500000
v -3228.01450000 292.06515000 -2606.11500000
v -3250.92450000 1707.30515000 -2591.16500000
v -3297.06450000 -24.52485000 -2782.62500000
v -3226.13450000 1539.48515000 -2727.37500000
v -3298.79450000 -135.76485000 -2957.73500000
v -3263.29450000 -45.62485000 -3035.03500000
v -3284.07450000 353.29515000 -3458.62500000
v -3225.44450000 731.72515000 -3497.16500000
v -3244.91450000 605.46515000 -3526.12500000
v -3283.92450000 479.52515000 -3516.45500000
v -3220.64450000 2276.48515000 -1472.39500000
v -3251.88450000 2765.51515000 -1554.54500000
v -3242.57450000 2792.64515000 -1577.58500000
v -3261.74450000 1137.32515000 -1989.76500000
v -3125.69450000 2676.96515000 -2008.36500000
v -3246.57450000 2137.71515000 -2311.52500000
v -3210.62450000 2095.99515000 -2344.53500000
v -3196.32450000 1643.01515000 -2657.96500000
v -3280.87450000 -82.61485000 -2896.04500000
v -3164.40450000 1340.24515000 -2952.30500000
v -3240.99450000 1262.17515000 -3008.85500000
v -3270.05450000 -77.14485000 -2991.28500000
v -3230.13450000 169.29515000 -3191.09500000
v -3214.08450000 1087.24515000 -3227.33500000
v -3221.15450000 971.95515000 -3332.18500000
v -3263.79450000 300.66515000 -3386.59500000
v -3219.28450000 816.16515000 -3454.04500000
v -3258.29450000 458.14515000 -3500.15500000
v -3252.45450000 554.65515000 -3525.24500000
v -3220.74450000 2207.07515000 -1473.77500000
v -3161.91450000 2207.52515000 -1475.70500000
v -3235.56450000 2737.56515000 -1529.11500000
v -3189.90450000 2716.97515000 -1508.55500000
v -3190.91450000 2070.60515000 -1513.31500000
v -3186.64450000 2832.79515000 -1533.71500000
v -3217.22450000 2815.95515000 -1560.22500000
v -3208.02450000 2833.07515000 -1590.60500000
v -3234.88450000 1884.29515000 -1620.78500000
v -3191.09450000 2805.86515000 -1734.28500000
v -3185.31450000 1717.50515000 -1785.46500000
v -3194.38450000 1483.07515000 -1889.50500000
v -3203.94450000 1275.50515000 -1973.76500000
v -3214.65450000 1064.27515000 -2065.44500000
v -3215.38450000 852.12515000 -2199.27500000
v -3135.07450000 2465.41515000 -2195.01500000
v -3191.09450000 2016.18515000 -2382.12500000
v -3212.02450000 1925.92515000 -2433.30500000
v -3140.75450000 1747.98515000 -2588.54500000
v -3216.47450000 176.15515000 -2731.60500000
v -3223.90450000 70.45515000 -2822.24500000
v -3166.82450000 1494.50515000 -2791.61500000
v -3240.28450000 3.36515000 -2874.02500000
v -3255.05450000 -48.34485000 -2938.09500000
v -3130.87450000 1304.42515000 -3019.18500000
v -3182.08450000 1247.33515000 -3069.64500000
v -3211.41450000 1205.12515000 -3102.76500000
v -3269.23450000 -12.47485000 -3085.27500000
v -3205.80450000 330.98515000 -3319.44500000
v -3195.46450000 914.06515000 -3402.29500000
v -3231.72450000 456.37515000 -3479.18500000
v -3216.99450000 672.38515000 -3520.93500000
v -3222.28450000 554.21515000 -3520.50500000
v -3217.91450000 599.50515000 -3528.87500000
v -3167.59450000 2385.82515000 -1471.02500000
v -3139.36450000 2573.14515000 -1480.24500000
v -3162.30450000 2808.80515000 -1514.78500000
v -3190.26450000 2848.31515000 -1558.79500000
v -3176.67450000 2870.34515000 -1571.14500000
v -3175.37450000 1983.39515000 -1604.59500000
v -3147.85450000 2903.67515000 -1601.79500000
v -3175.69450000 1924.18515000 -1661.34500000
v -3112.88450000 1596.72515000 -1880.16500000
v -3193.02450000 1384.17515000 -1933.00500000
v -3091.85450000 2828.98515000 -1863.25500000
v -3149.35450000 2597.71515000 -2065.72500000
v -3192.16450000 2326.66515000 -2243.76500000
v -3191.14450000 731.82515000 -2319.52500000
v -3182.04450000 2196.53515000 -2320.48500000
v -3182.37450000 567.47515000 -2457.80500000
v -3140.21450000 1868.34515000 -2493.30500000
v -3176.52450000 429.03515000 -2575.57500000
v -3100.15450000 1385.99515000 -2937.77500000
v -3207.46450000 40.45515000 -2930.07500000
v -3235.85450000 -7.88485000 -2986.45500000
v -3225.19450000 69.72515000 -3069.46500000
v -3210.54450000 1160.43515000 -3153.08500000
v -3150.90450000 1046.89515000 -3322.08500000
v -3223.13450000 410.32515000 -3427.71500000
v -3204.10450000 529.54515000 -3500.56500000
v -3205.00450000 638.59515000 -3529.65500000
v -3159.96450000 2880.36515000 -1546.81500000
v -3134.77450000 2088.09515000 -1545.44500000
v -3150.55450000 2819.82515000 -1787.59500000
v -3025.58450000 2814.22515000 -1959.22500000
v -3176.33450000 1183.57515000 -2036.97500000
v -3082.24450000 2610.88515000 -2113.90500000
v -3161.75450000 1003.92515000 -2154.16500000
v -3151.87450000 2290.74515000 -2293.93500000
v -3143.48450000 2167.32515000 -2342.89500000
v -3167.44450000 327.62515000 -2679.53500000
v -3139.31450000 1575.72515000 -2733.05500000
v -3177.64450000 160.07515000 -2820.61500000
v -3192.38450000 96.80515000 -2870.91500000
v -3108.82450000 1453.93515000 -2858.35500000
v -3199.40450000 71.00515000 -2987.82500000
v -3161.66450000 1173.25515000 -3181.17500000
v -3175.92450000 976.80515000 -3365.88500000
v -3130.92450000 981.96515000 -3391.99500000
v -3131.41450000 895.20515000 -3458.26500000
v -3196.95450000 494.88515000 -3468.74500000
v -3168.04450000 808.52515000 -3491.01500000
v -3162.44450000 750.85515000 -3519.37500000
v -3153.70450000 620.13515000 -3514.12500000
v -3169.17450000 687.80515000 -3528.41500000
v -3181.79450000 633.44515000 -3525.17500000
v -3161.90450000 2292.26515000 -1468.63500000
v -3081.47450000 2453.50515000 -1457.06500000
v -3110.18450000 2886.41515000 -1507.64500000
v -3147.07450000 2903.56515000 -1565.65500000
v -3122.06450000 2929.61515000 -1544.96500000
v -3115.70450000 2944.70515000 -1573.21500000
v -3155.04450000 1871.28515000 -1721.18500000
v -3084.19450000 2933.79515000 -1717.03500000
v -3074.43450000 1474.95515000 -1955.23500000
v -3127.39450000 1355.14515000 -1985.08500000
v -3096.77450000 1280.24515000 -2044.87500000
v -3125.69450000 1152.89515000 -2095.17500000
v -3137.44450000 895.44515000 -2263.11500000
v -3119.05450000 2395.07515000 -2253.84500000
v -3112.32450000 2253.06515000 -2325.53500000
v -3130.36450000 697.28515000 -2429.48500000
v -3131.49450000 2109.60515000 -2364.97500000
v -3141.81450000 1968.79515000 -2423.05500000
v -3163.10450000 130.95515000 -2917.87500000
v -3173.49450000 113.56515000 -2963.01500000
v -3158.09450000 171.49515000 -3023.72500000
v -3182.97450000 195.81515000 -3117.15500000
v -3076.61450000 1263.89515000 -3107.66500000
v -3114.89450000 1119.06515000 -3274.86500000
v -3168.19450000 283.73515000 -3191.61500000
v -3122.65450000 418.26515000 -3261.95500000
v -3154.09450000 505.43515000 -3418.43500000
v -3166.11450000 557.22515000 -3480.64500000
v -3123.10450000 740.15515000 -3528.02500000
v -3089.30450000 2373.27515000 -1457.88500000
v -3137.84450000 2176.00515000 -1491.01500000
v -3121.96450000 2909.75515000 -1526.10500000
v -3097.57450000 2781.99515000 -1489.32500000
v -3072.98450000 2108.39515000 -1600.45500000
v -3105.69450000 2954.91515000 -1601.75500000
v -3095.19450000 2011.48515000 -1674.07500000
v -3091.94450000 2960.05515000 -1635.42500000
v -3065.51450000 1750.53515000 -1842.70500000
v -3103.86450000 816.77515000 -2366.72500000
v -3051.93450000 2227.16515000 -2356.20500000
v -3079.13450000 2064.04515000 -2404.41500000
v -3109.61450000 646.52515000 -2499.54500000
v -3078.19450000 1941.21515000 -2462.30500000
v -3136.89450000 288.54515000 -2771.02500000
v -3137.60450000 212.75515000 -2859.69500000
v -3098.56450000 1340.81515000 -2991.24500000
v -3133.42450000 195.40515000 -2968.13500000
v -3095.60450000 1207.78515000 -3177.66500000
v -3081.88450000 1159.26515000 -3249.97500000
v -3101.50450000 840.04515000 -3504.36500000
v -3098.98450000 787.44515000 -3521.61500000
v -2985.21450000 2531.36515000 -1442.22500000
v -3088.20450000 2308.97515000 -1466.38500000
v -3058.67450000 2961.47515000 -1498.54500000
v -3087.18450000 2957.49515000 -1522.83500000
v -3077.74450000 2984.13515000 -1541.43500000
v -3068.81450000 2998.84515000 -1583.26500000
v -3084.02450000 1856.91515000 -1786.32500000
v -3072.01450000 1043.52515000 -2221.39500000
v -3024.36450000 2517.07515000 -2232.53500000
v -3050.85450000 2390.24515000 -2288.26500000
v -3076.08450000 1993.74515000 -2436.71500000
v -3087.89450000 574.97515000 -2589.33500000
v -3062.37450000 1797.18515000 -2569.20500000
v -3103.71450000 431.78515000 -2690.90500000
v -3085.14450000 1636.94515000 -2699.25500000
v -3049.03450000 1529.87515000 -2810.92500000
v -3113.29450000 234.75515000 -2916.82500000
v -3131.12450000 295.56515000 -3125.32500000
v -3086.31450000 554.97515000 -3364.96500000
v -3049.53450000 1009.21515000 -3415.47500000
v -3111.03450000 632.84515000 -3482.96500000
v -3027.98450000 944.26515000 -3471.69500000
v -3126.92450000 698.06515000 -3523.43500000
v -3049.63450000 2352.38515000 -1460.04500000
v -3053.92450000 2901.02515000 -1486.60500000
v -2989.32450000 2679.69515000 -1452.05500000
v -3059.31450000 2271.22515000 -1481.24500000
v -3047.04450000 3003.45515000 -1510.66500000
v -3063.79450000 2211.44515000 -1508.39500000
v -3022.07450000 3050.84515000 -1533.98500000
v -3021.93450000 2953.50515000 -1790.65500000
v -3009.78450000 1411.01515000 -2024.47500000
v -3035.63450000 2739.32515000 -2032.73500000
v -3077.29450000 1134.87515000 -2149.54500000
v -2984.63450000 2668.94515000 -2139.30500000
v -3060.86450000 953.00515000 -2305.40500000
v -3028.31450000 2166.99515000 -2388.04500000
v -3034.19450000 1866.53515000 -2527.38500000
v -3087.89450000 330.95515000 -2824.05500000
v -3070.27450000 324.93515000 -2882.52500000
v -3076.77450000 299.24515000 -2923.02500000
v -3086.94450000 282.52515000 -2958.12500000
v -3095.69450000 298.82515000 -3036.36500000
v -3004.11450000 1232.44515000 -3182.55500000
v -3075.37450000 1061.53515000 -3354.35500000
v -3074.57450000 633.02515000 -3440.29500000
v -3081.57450000 712.44515000 -3509.46500000
v -3054.60450000 839.61515000 -3516.40500000
v -3060.80450000 783.77515000 -3516.70500000
v -3029.51450000 2439.00515000 -1448.40500000
v -3017.15450000 2392.24515000 -1452.60500000
v -3042.26450000 3021.47515000 -1523.10500000
v -3024.32450000 2207.73515000 -1544.34500000
v -2995.01450000 3082.01515000 -1582.45500000
v -3019.33450000 3046.15515000 -1620.58500000
v -3002.47450000 2133.51515000 -1660.03500000
v -3022.92450000 3026.86515000 -1662.68500000
v -3035.32450000 1987.65515000 -1750.58500000
v -2958.80450000 3069.04515000 -1708.54500000
v -3006.31450000 1857.10515000 -1835.08500000
v -2954.20450000 1697.41515000 -1919.16500000
v -3023.08450000 2331.50515000 -2326.21500000
v -2974.55450000 2018.66515000 -2474.47500000
v -3068.77450000 719.81515000 -2493.03500000
v -3018.22450000 1930.60515000 -2496.39500000
v -3021.23450000 1702.68515000 -2660.84500000
v -3070.00450000 404.95515000 -2775.50500000
v -2994.78450000 1614.78515000 -2747.66500000
v -3028.91450000 431.52515000 -2827.49500000
v -3042.46450000 1430.99515000 -2918.80500000
v -3046.86450000 1352.38515000 -3007.53500000
v -3069.12450000 409.75515000 -3140.45500000
v -3007.73450000 1176.29515000 -3257.52500000
v -3027.88450000 1119.57515000 -3319.69500000
v -3034.32450000 626.05515000 -3367.13500000
v -3036.66450000 716.71515000 -3474.68500000
v -3033.68450000 885.18515000 -3503.90500000
v -2958.90450000 2822.13515000 -1453.03500000
v -2996.49450000 2361.06515000 -1461.96500000
v -2996.25450000 3040.26515000 -1485.14500000
v -3020.35450000 3037.99515000 -1510.96500000
v -2949.82450000 2947.99515000 -1458.02500000
v -2935.09450000 2980.25515000 -1867.08500000
v -3052.39450000 1222.56515000 -2112.91500000
v -2965.51450000 1329.85515000 -2106.35500000
v -2964.26450000 2492.06515000 -2273.45500000
v -2930.75450000 2421.79515000 -2323.18500000
v -3030.40450000 868.11515000 -2411.06500000
v -3005.93450000 550.07515000 -2732.95500000
v -3046.86450000 354.39515000 -2941.75500000
v -3057.83450000 345.67515000 -2994.66500000
v -3039.60450000 399.69515000 -3048.07500000
v -3000.08450000 1299.83515000 -3096.15500000
v -3030.85450000 544.26515000 -3248.73500000
v -3003.51450000 883.07515000 -3510.43500000
v -3026.40450000 769.85515000 -3498.52500000
v -2992.51450000 3065.61515000 -1500.13500000
v -2970.74450000 3107.84515000 -1544.99500000
v -2972.04450000 2215.12515000 -1597.10500000
v -2963.44450000 3097.82515000 -1634.91500000
v -3005.30450000 2074.35515000 -1712.99500000
v -2971.21450000 1951.29515000 -1815.95500000
v -2932.67450000 1827.06515000 -1885.93500000
v -2971.61450000 1603.86515000 -1949.17500000
v -2929.55450000 1545.54515000 -1999.88500000
v -3000.21450000 1184.02515000 -2183.66500000
v -2989.66450000 1082.72515000 -2272.72500000
v -2962.45450000 995.81515000 -2373.07500000
v -2958.85450000 2320.45515000 -2356.86500000
v -2906.69450000 2284.58515000 -2396.39500000
v -2922.35450000 2169.10515000 -2438.32500000
v -2980.15450000 1919.28515000 -2519.74500000
v -2950.52450000 1854.79515000 -2569.98500000
v -3020.45450000 666.28515000 -2603.31500000
v -2982.69450000 1783.52515000 -2607.69500000
v -3008.44450000 431.01515000 -2890.09500000
v -3026.28450000 396.88515000 -2987.69500000
v -2999.25450000 497.91515000 -3108.52500000
v -2973.41450000 683.74515000 -3337.32500000
v -3011.89450000 1068.56515000 -3379.95500000
v -3020.99450000 679.28515000 -3411.88500000
v -2974.17450000 1025.40515000 -3431.02500000
v -2980.16450000 929.48515000 -3492.93500000
v -2999.20450000 856.83515000 -3510.54500000
v -2975.23450000 2442.21515000 -1443.78500000
v -2980.15450000 2403.14515000 -1450.85500000
v -2916.35450000 3088.09515000 -1448.96500000
v -2947.83450000 3099.69515000 -1477.00500000
v -2939.22450000 3031.72515000 -1457.44500000
v -2879.73450000 2721.24515000 -1427.35500000
v -2970.41450000 3098.45515000 -1512.68500000
v -2987.30450000 2270.80515000 -1516.32500000
v -2915.42450000 2096.02515000 -1769.54500000
v -2910.64450000 2033.01515000 -1811.26500000
v -2918.16450000 1919.18515000 -1861.47500000
v -2934.87450000 2851.34515000 -2013.32500000
v -2981.99450000 2745.90515000 -2072.72500000
v -2985.63450000 782.63515000 -2538.81500000
v -2942.02450000 1651.00515000 -2730.75500000
v -2996.66450000 440.08515000 -2945.73500000
v -2974.54450000 1449.18515000 -2927.12500000
v -2985.27450000 471.99515000 -3011.35500000
v -2960.32450000 1367.63515000 -3027.73500000
v -2919.65450000 1314.78515000 -3107.10500000
v -2912.97450000 1228.72515000 -3212.88500000
v -2959.77450000 1199.82515000 -3237.79500000
v -2975.53450000 1139.76515000 -3313.96500000
v -2962.91450000 977.14515000 -3468.80500000
v -2985.46450000 788.25515000 -3479.04500000
v -2950.37450000 912.83515000 -3495.54500000
v -2995.48450000 820.71515000 -3500.72500000
v -2882.85450000 2629.09515000 -1424.10500000
v -2950.53450000 2421.38515000 -1447.68500000
v -2946.51450000 2340.62515000 -1487.37500000
v -2935.78450000 3131.22515000 -1494.50500000
v -2929.72450000 3146.90515000 -1525.17500000
v -2910.26450000 3164.23515000 -1574.94500000
v -2893.35450000 2174.77515000 -1722.14500000
v -2909.59450000 3075.22515000 -1776.38500000
v -2883.88450000 1484.70515000 -2062.23500000
v -2926.65450000 1179.58515000 -2252.43500000
v -2874.30450000 2744.20515000 -2147.31500000
v -2899.56450000 2606.76515000 -2231.99500000
v -2864.21450000 2391.41515000 -2366.65500000
v -2954.93450000 888.97515000 -2476.79500000
v -2917.85450000 1941.29515000 -2539.10500000
v -2905.72450000 1562.97515000 -2830.84500000
v -2949.08450000 550.88515000 -2834.36500000
v -2951.45450000 516.88515000 -2901.09500000
v -2948.39450000 548.36515000 -3061.20500000
v -2925.91450000 1162.81515000 -3292.50500000
v -2955.63450000 1097.69515000 -3360.54500000
v -2982.03450000 743.10515000 -3428.39500000
v -2959.30450000 870.61515000 -3497.09500000
v -2919.46450000 2475.44515000 -1438.15500000
v -2899.65450000 3134.60515000 -1452.22500000
v -2905.94450000 3151.34515000 -1472.11500000
v -2883.87450000 3008.68515000 -1435.50500000
v -2873.81450000 2858.72515000 -1431.44500000
v -2847.39450000 2793.46515000 -1422.04500000
v -2906.69450000 3163.76515000 -1497.05500000
v -2910.14450000 2428.97515000 -1451.91500000
v -2943.81450000 2291.50515000 -1535.54500000
v -2854.41450000 2273.10515000 -1656.81500000
v -2890.86450000 2830.16515000 -2062.52500000
v -2894.64450000 1128.69515000 -2322.64500000
v -2848.64450000 2555.82515000 -2283.88500000
v -2863.44450000 1067.10515000 -2408.49500000
v -2887.59450000 947.15515000 -2497.29500000
v -2906.32450000 837.31515000 -2581.53500000
v -2939.72450000 721.40515000 -2654.24500000
v -2910.44450000 1786.60515000 -2633.25500000
v -2933.52450000 1713.89515000 -2681.09500000
v -2944.68450000 521.38515000 -2954.62500000
v -2934.53450000 545.49515000 -3000.97500000
v -2943.92450000 620.97515000 -3176.95500000
v -2918.48450000 799.47515000 -3401.02500000
v -2898.41450000 1049.04515000 -3415.46500000
v -2949.39450000 806.82515000 -3453.74500000
v -2921.23450000 1000.30515000 -3455.83500000
v -2942.75450000 848.74515000 -3478.45500000
v -2941.30450000 956.91515000 -3478.18500000
v -2869.00450000 2556.13515000 -1424.16500000
v -2879.75450000 3186.62515000 -1482.65500000
v -2871.81450000 3201.00515000 -1512.46500000
v -2855.83450000 2338.63515000 -1568.66500000
v -2873.82450000 3177.15515000 -1643.37500000
v -2825.21450000 3184.85515000 -1714.56500000
v -2866.78450000 1995.24515000 -1857.57500000
v -2838.78450000 1912.74515000 -1902.53500000
v -2894.14450000 1288.97515000 -2190.78500000
v -2789.65450000 2747.96515000 -2182.50500000
v -2845.67450000 2066.82515000 -2521.83500000
v -2882.16450000 1876.50515000 -2593.26500000
v -2886.01450000 1735.67515000 -2683.55500000
v -2879.26450000 1679.28515000 -2736.31500000
v -2867.21450000 712.86515000 -2760.20500000
v -2876.56450000 652.60515000 -2827.24500000
v -2886.81450000 615.77515000 -2874.02500000
v -2904.10450000 580.15515000 -2919.09500000
v -2873.46450000 1435.57515000 -2977.29500000
v -2834.99450000 1288.47515000 -3156.61500000
v -2895.00450000 755.87515000 -3288.90500000
v -2860.51450000 1112.56515000 -3348.52500000
v -2913.96450000 846.92515000 -3447.86500000
v -2918.68450000 904.48515000 -3481.42500000
v -2860.59450000 3182.49515000 -1448.59500000
v -2855.57450000 3147.60515000 -1426.79500000
v -2788.45450000 3041.31515000 -1397.04500000
v -2804.47450000 2864.24515000 -1409.68500000
v -2839.39450000 2404.79515000 -1499.91500000
v -2828.95450000 2463.06515000 -1456.18500000
v -2831.64450000 3240.11515000 -1541.75500000
v -2800.43450000 3258.22515000 -1581.56500000
v -2839.57450000 3141.29515000 -1772.34500000
v -2852.24450000 3098.66515000 -1814.28500000
v -2828.74450000 1811.16515000 -1942.44500000
v -2871.15450000 2943.33515000 -1967.73500000
v -2831.22450000 1431.90515000 -2134.20500000
v -2833.33450000 1255.24515000 -2268.28500000
v -2776.73450000 2674.23515000 -2236.93500000
v -2803.57450000 2192.68515000 -2491.05500000
v -2823.12450000 2005.74515000 -2564.68500000
v -2893.46450000 595.34515000 -2962.22500000
v -2885.80450000 634.50515000 -3045.34500000
v -2862.69450000 1036.01515000 -3422.11500000
v -2878.32450000 1011.87515000 -3440.74500000
v -2900.46450000 958.61515000 -3465.16500000
v -2897.07450000 889.39515000 -3459.57500000
v -2825.11450000 2520.93515000 -1431.59500000
v -2808.19450000 3204.19515000 -1409.07500000
v -2814.29450000 3226.55515000 -1430.84500000
v -2834.02450000 3222.88515000 -1464.69500000
v -2749.83450000 2396.46515000 -1612.10500000
v -2767.10450000 2221.83515000 -1777.35500000
v -2867.30450000 1677.81515000 -1974.85500000
v -2799.43450000 2496.12515000 -2340.22500000
v -2811.01450000 1048.73515000 -2479.88500000
v -2778.09450000 2308.15515000 -2451.87500000
v -2821.99450000 1907.83515000 -2614.23500000
v -2832.60450000 1790.79515000 -2682.20500000
v -2840.59450000 853.49515000 -2641.57500000
v -2831.62450000 1632.99515000 -2797.61500000
v -2841.58450000 667.18515000 -2911.13500000
v -2819.12450000 1521.46515000 -2897.74500000
v -2836.03450000 677.64515000 -2971.27500000
v -2843.65450000 1365.16515000 -3065.34500000
v -2853.62450000 729.20515000 -3144.43500000
v -2820.47450000 1207.38515000 -3245.21500000
v -2855.06450000 864.58515000 -3369.44500000
v -2840.40450000 1065.42515000 -3388.48500000
v -2889.29450000 862.08515000 -3424.57500000
v -2854.38450000 992.39515000 -3435.10500000
v -2885.43450000 922.53515000 -3458.66500000
v -2773.13450000 3167.06515000 -1383.34500000
v -2792.52450000 2621.36515000 -1409.84500000
v -2785.41450000 3275.25515000 -1479.81500000
v -2759.84450000 3299.57515000 -1527.50500000
v -2742.08450000 2305.87515000 -1723.31500000
v -2794.89450000 2114.67515000 -1829.00500000
v -2820.24450000 3073.20515000 -1876.06500000
v -2796.67450000 1354.85515000 -2218.64500000
v -2838.50450000 952.64515000 -2544.46500000
v -2804.68450000 1707.08515000 -2755.77500000
v -2768.20450000 906.30515000 -2677.58500000
v -2809.40450000 1587.78515000 -2841.42500000
v -2819.00450000 723.48515000 -2837.25500000
v -2830.78450000 694.99515000 -3012.80500000
v -2817.63450000 728.86515000 -3047.22500000
v -2818.73450000 830.88515000 -3232.64500000
v -2804.05450000 1099.61515000 -3351.74500000
v -2826.72450000 1035.32515000 -3400.89500000
v -2843.36450000 961.56515000 -3425.47500000
v -2867.11450000 906.67515000 -3426.12500000
v -2785.00450000 2712.37515000 -1404.95500000
v -2784.74450000 2582.59515000 -1416.62500000
v -2794.26450000 3252.98515000 -1438.11500000
v -2744.79450000 2451.71515000 -1534.44500000
v -2765.33450000 3179.24515000 -1795.17500000
v -2758.32450000 2031.60515000 -1890.92500000
v -2751.86450000 3054.50515000 -1951.70500000
v -2807.91450000 1638.91515000 -2028.51500000
v -2773.86450000 2937.16515000 -2040.64500000
v -2786.20450000 1573.62515000 -2080.19500000
v -2738.29450000 2615.20515000 -2293.70500000
v -2784.35450000 1183.23515000 -2379.64500000
v -2758.72450000 2417.01515000 -2404.89500000
v -2776.38450000 1909.75515000 -2651.15500000
v -2765.99450000 1783.74515000 -2728.42500000
v -2778.57450000 1658.77515000 -2799.04500000
v -2776.16450000 761.27515000 -2880.15500000
v -2789.14450000 1468.71515000 -2948.35500000
v -2811.22450000 1410.37515000 -3015.25500000
v -2783.74450000 1350.99515000 -3083.55500000
v -2779.20450000 1285.42515000 -3157.41500000
v -2791.64450000 1140.82515000 -3310.83500000
v -2832.64450000 926.84515000 -3391.10500000
v -2816.65450000 1006.64515000 -3401.82500000
v -2764.81450000 3262.81515000 -1402.50500000
v -2740.88450000 3236.92515000 -1369.80500000
v -2695.81450000 3099.16515000 -1352.30500000
v -2753.39450000 3292.11515000 -1429.19500000
v -2663.52450000 2872.01515000 -1361.39500000
v -2715.48450000 2525.04515000 -1461.58500000
v -2753.97450000 3277.66515000 -1628.99500000
v -2721.20450000 2371.27515000 -1672.52500000
v -2719.88450000 3151.25515000 -1870.24500000
v -2729.10450000 2855.97515000 -2124.64500000
v -2766.97450000 1040.25515000 -2540.03500000
v -2729.23450000 2165.36515000 -2550.43500000
v -2757.75450000 2017.83515000 -2607.16500000
v -2746.43450000 1874.25515000 -2691.52500000
v -2770.47450000 833.91515000 -2763.56500000
v -2754.07450000 1606.70515000 -2834.82500000
v -2777.49450000 1553.47515000 -2872.36500000
v -2790.37450000 737.35515000 -2929.73500000
v -2773.65450000 1514.66515000 -2903.45500000
v -2780.85450000 759.56515000 -2981.61500000
v -2802.62450000 917.16515000 -3322.91500000
v -2798.25450000 1072.39515000 -3365.76500000
v -2812.13450000 958.23515000 -3381.51500000
v -2802.73450000 994.11515000 -3386.66500000
v -2682.82450000 3186.17515000 -1337.73500000
v -2732.23450000 3274.13515000 -1373.72500000
v -2718.25450000 3297.11515000 -1372.56500000
v -2657.73450000 2996.90515000 -1349.07500000
v -2708.39450000 3319.97515000 -1386.93500000
v -2708.51450000 2660.42515000 -1392.90500000
v -2730.23450000 2619.34515000 -1405.00500000
v -2736.48450000 2582.62515000 -1415.74500000
v -2756.57450000 2535.53515000 -1438.14500000
v -2688.51450000 3351.16515000 -1412.30500000
v -2696.12450000 3351.90515000 -1473.78500000
v -2711.83450000 3271.24515000 -1703.28500000
v -2730.63450000 1937.65515000 -1944.24500000
v -2769.07450000 1438.07515000 -2179.04500000
v -2765.83450000 1305.55515000 -2287.52500000
v -2674.92450000 2726.53515000 -2242.73500000
v -2725.58450000 1987.36515000 -2647.83500000
v -2743.07450000 1738.44515000 -2760.96500000
v -2753.22450000 1499.19515000 -2912.87500000
v -2765.38450000 1405.98515000 -3014.52500000
v -2767.26450000 832.77515000 -3094.22500000
v -2733.30450000 1351.11515000 -3068.74500000
v -2756.03450000 930.47515000 -3233.32500000
v -2739.94450000 1248.20515000 -3190.20500000
v -2762.30450000 1185.99515000 -3259.47500000
v -2740.64450000 1148.92515000 -3285.29500000
v -2769.34450000 1105.49515000 -3327.72500000
v -2781.56450000 983.87515000 -3348.56500000
v -2773.06450000 1044.49515000 -3350.37500000
v -2661.67450000 3259.93515000 -1319.43500000
v -2701.42450000 2773.62515000 -1379.84500000
v -2695.59450000 3344.69515000 -1538.52500000
v -2683.07450000 3216.37515000 -1822.38500000
v -2742.95450000 1807.06515000 -1992.81500000
v -2672.59450000 3061.93515000 -1992.77500000
v -2710.27450000 1574.65515000 -2142.37500000
v -2693.65450000 2783.88515000 -2191.75500000
v -2683.26450000 2567.99515000 -2350.64500000
v -2659.73450000 2349.53515000 -2501.45500000
v -2707.49450000 1958.37515000 -2673.29500000
v -2724.05450000 1819.48515000 -2726.43500000
v -2731.07450000 848.98515000 -2823.60500000
v -2730.99450000 1666.14515000 -2796.73500000
v -2736.52450000 819.33515000 -2908.15500000
v -2751.68450000 1548.44515000 -2873.74500000
v -2732.08450000 1453.23515000 -2941.91500000
v -2721.84450000 1383.46515000 -3014.55500000
v -2746.68450000 1307.40515000 -3123.56500000
v -2755.68450000 980.59515000 -3302.15500000
v -2755.26450000 1014.18515000 -3326.16500000
v -2688.17450000 3294.92515000 -1343.47500000
v -2674.75450000 3329.74515000 -1347.66500000
v -2681.62450000 2707.80515000 -1380.02500000
v -2642.14450000 2505.61515000 -1574.05500000
v -2624.18450000 3371.48515000 -1603.05500000
v -2662.86450000 3261.46515000 -1774.22500000
v -2638.80450000 2254.70515000 -1832.13500000
v -2669.96450000 3130.83515000 -1926.68500000
v -2700.61450000 1720.78515000 -2065.86500000
v -2644.72450000 2990.45515000 -2055.38500000
v -2736.06450000 1419.57515000 -2226.66500000
v -2713.15450000 1345.12515000 -2310.97500000
v -2703.38450000 2394.66515000 -2448.38500000
v -2676.83450000 2125.79515000 -2610.00500000
v -2727.57450000 1011.37515000 -2619.93500000
v -2683.45450000 2035.81515000 -2649.76500000
v -2702.08450000 1901.74515000 -2698.32500000
v -2699.30450000 1780.51515000 -2743.07500000
v -2700.36450000 1706.40515000 -2770.12500000
v -2717.89450000 1616.86515000 -2818.89500000
v -2727.45450000 1572.50515000 -2847.02500000
v -2725.27450000 1523.41515000 -2879.14500000
v -2729.28450000 842.64515000 -2981.77500000
v -2689.54450000 987.04515000 -3135.85500000
v -2717.11450000 1196.79515000 -3231.30500000
v -2720.98450000 1007.97515000 -3254.33500000
v -2694.25450000 1163.08515000 -3241.42500000
v -2732.05450000 1029.98515000 -3300.05500000
v -2729.73450000 1110.82515000 -3294.22500000
v -2721.68450000 1067.43515000 -3295.99500000
v -2744.98450000 1038.99515000 -3317.10500000
v -2658.36450000 3326.45515000 -1326.30500000
v -2569.63450000 3011.00515000 -1314.79500000
v -2649.01450000 3366.75515000 -1350.77500000
v -2682.10450000 2625.07515000 -1401.55500000
v -2686.61450000 2586.15515000 -1422.23500000
v -2617.72450000 3415.81515000 -1407.90500000
v -2666.53450000 2523.85515000 -1509.16500000
v -2628.27450000 2466.09515000 -1648.48500000
v -2606.46450000 2357.94515000 -1775.15500000
v -2660.12450000 2158.25515000 -1877.24500000
v -2628.62450000 3217.38515000 -1853.84500000
v -2676.54450000 2065.18515000 -1915.37500000
v -2655.50450000 1947.30515000 -1982.92500000
v -2663.50450000 1506.36515000 -2239.44500000
v -2592.72450000 2936.58515000 -2114.58500000
v -2698.53450000 1213.76515000 -2452.31500000
v -2637.05450000 2505.36515000 -2417.77500000
v -2706.39450000 1073.65515000 -2585.62500000
v -2639.57450000 2126.55515000 -2630.58500000
v -2670.12450000 1985.77515000 -2672.96500000
v -2656.90450000 2053.25515000 -2651.38500000
v -2708.45450000 971.25515000 -2700.98500000
v -2671.70450000 1916.30515000 -2696.80500000
v -2685.92450000 1851.48515000 -2716.13500000
v -2701.61450000 1643.67515000 -2798.41500000
v -2697.26450000 1571.53515000 -2830.41500000
v -2693.06450000 1476.34515000 -2885.73500000
v -2691.43450000 889.84515000 -2867.57500000
v -2697.58450000 1432.47515000 -2929.30500000
v -2691.38450000 1376.99515000 -2988.00500000
v -2699.28450000 912.18515000 -3027.51500000
v -2691.09450000 1323.74515000 -3068.76500000
v -2709.78450000 1286.74515000 -3131.14500000
v -2701.60450000 1236.70515000 -3183.43500000
v -2685.75450000 1208.74515000 -3199.16500000
v -2715.34450000 1044.87515000 -3277.01500000
v -2626.89450000 3328.73515000 -1300.57500000
v -2554.42450000 3307.81515000 -1246.68500000
v -2599.93450000 3224.30515000 -1285.37500000
v -2633.14450000 3358.21515000 -1319.18500000
v -2572.00450000 3122.65515000 -1292.17500000
v -2553.81450000 2901.95515000 -1321.50500000
v -2624.15450000 2674.17515000 -1376.34500000
v -2614.00450000 3416.46515000 -1465.74500000
v -2600.02450000 2562.81515000 -1523.87500000
v -2578.43450000 3381.50515000 -1651.64500000
v -2613.54450000 3332.22515000 -1700.65500000
v -2616.99450000 2422.00515000 -1707.53500000
v -2621.54450000 2058.31515000 -1950.55500000
v -2606.06450000 1681.22515000 -2177.22500000
v -2569.23450000 2852.19515000 -2190.50500000
v -2606.42450000 2712.92515000 -2285.52500000
v -2593.33450000 2244.98515000 -2603.81500000
v -2640.55450000 1949.27515000 -2679.83500000
v -2657.47450000 1883.85515000 -2701.70500000
v -2656.34450000 1822.02515000 -2714.94500000
v -2648.91450000 1731.53515000 -2732.89500000
v -2667.83450000 957.70515000 -2802.82500000
v -2667.86450000 1633.21515000 -2780.83500000
v -2653.66450000 1437.50515000 -2863.66500000
v -2648.77450000 1377.17515000 -2909.00500000
v -2682.37450000 911.86515000 -2935.52500000
v -2670.63450000 1322.13515000 -3035.98500000
v -2659.56450000 1288.51515000 -3071.80500000
v -2670.77450000 1248.40515000 -3137.67500000
v -2692.65450000 1058.51515000 -3231.23500000
v -2693.47450000 1108.72515000 -3249.43500000
v -2608.01450000 3393.17515000 -1313.49500000
v -2605.43450000 2749.73515000 -1355.60500000
v -2594.04450000 3419.08515000 -1332.14500000
v -2618.01450000 2637.46515000 -1395.22500000
v -2621.44450000 2604.62515000 -1423.38500000
v -2610.59450000 2580.26515000 -1471.98500000
v -2593.43450000 3420.08515000 -1512.22500000
v -2588.07450000 2156.32515000 -1918.43500000
v -2588.09450000 3173.30515000 -1924.49500000
v -2630.83450000 1889.41515000 -2029.23500000
v -2629.59450000 1730.75515000 -2121.79500000
v -2614.41450000 1593.53515000 -2231.16500000
v -2656.86450000 1375.00515000 -2355.08500000
v -2578.88450000 2644.86515000 -2352.74500000
v -2644.01450000 1227.96515000 -2519.21500000
v -2680.64450000 1102.61515000 -2597.36500000
v -2617.65450000 2282.57515000 -2568.15500000
v -2591.86450000 2203.53515000 -2618.48500000
v -2612.50450000 2136.55515000 -2633.59500000
v -2634.50450000 2066.47515000 -2649.84500000
v -2630.49450000 2020.95515000 -2658.99500000
v -2655.20450000 1088.54515000 -2660.87500000
v -2637.67450000 1521.66515000 -2802.70500000
v -2655.50450000 955.86515000 -2870.47500000
v -2644.48450000 1303.34515000 -3005.96500000
v -2652.61450000 990.91515000 -3007.37500000
v -2669.19450000 1194.76515000 -3189.90500000
v -2659.10450000 1070.74515000 -3166.98500000
v -2667.85450000 1101.67515000 -3207.10500000
v -2661.56450000 1151.39515000 -3197.21500000
v -2558.18450000 3372.17515000 -1250.51500000
v -2591.69450000 3379.72515000 -1284.72500000
v -2537.36450000 3478.82515000 -1391.28500000
v -2523.10450000 3481.41515000 -1441.65500000
v -2513.48450000 3391.70515000 -1685.79500000
v -2562.42450000 3313.99515000 -1768.23500000
v -2562.83450000 3108.94515000 -1990.10500000
v -2586.08450000 1861.98515000 -2081.81500000
v -2614.23450000 1505.32515000 -2304.21500000
v -2545.05450000 2519.10515000 -2472.41500000
v -2586.09450000 2168.30515000 -2626.41500000
v -2600.38450000 2105.88515000 -2637.72500000
v -2614.09450000 2059.98515000 -2646.96500000
v -2619.43450000 1913.92515000 -2677.79500000
v -2594.82450000 1846.08515000 -2674.47500000
v -2628.97450000 1076.92515000 -2730.38500000
v -2625.97450000 1635.30515000 -2747.94500000
v -2621.93450000 1032.54515000 -2826.82500000
v -2617.14450000 1402.23515000 -2837.41500000
v -2633.93450000 1003.81515000 -2913.85500000
v -2605.59450000 1321.23515000 -2882.05500000
v -2637.07450000 1249.48515000 -3074.24500000
v -2632.22450000 1077.28515000 -3085.38500000
v -2647.13450000 1114.63515000 -3162.20500000
v -2642.00450000 1199.69515000 -3137.45500000
v -2632.37450000 1153.24515000 -3141.64500000
v -2529.56450000 3425.68515000 -1238.71500000
v -2569.14450000 3416.11515000 -1282.17500000
v -2545.20450000 2819.79515000 -1328.48500000
v -2543.48450000 2703.47515000 -1354.96500000
v -2534.51450000 3474.67515000 -1329.22500000
v -2584.09450000 2667.21515000 -1378.20500000
v -2562.27450000 2656.11515000 -1387.58500000
v -2555.10450000 2633.14515000 -1420.74500000
v -2546.46450000 2602.76515000 -1518.86500000
v -2503.32450000 3477.57515000 -1500.01500000
v -2516.83450000 2597.01515000 -1575.81500000
v -2499.84450000 3438.75515000 -1601.95500000
v -2544.54450000 2547.78515000 -1623.85500000
v -2517.51450000 2352.60515000 -1836.47500000
v -2533.20450000 2252.19515000 -1895.18500000
v -2568.49450000 2035.76515000 -1996.55500000
v -2526.92450000 3055.89515000 -2042.18500000
v -2578.22450000 1629.16515000 -2256.06500000
v -2613.40450000 1378.27515000 -2422.57500000
v -2616.94450000 1203.11515000 -2605.23500000
v -2550.73450000 2420.18515000 -2536.52500000
v -2545.71450000 2296.09515000 -2601.87500000
v -2592.93450000 2035.07515000 -2644.66500000
v -2566.44450000 1968.67515000 -2639.46500000
v -2607.06450000 1123.06515000 -2731.44500000
v -2589.15450000 1701.96515000 -2695.52500000
v -2598.68450000 1581.47515000 -2740.07500000
v -2586.76450000 1486.09515000 -2759.34500000
v -2617.42450000 1293.59515000 -2944.75500000
v -2617.98450000 1053.74515000 -2976.12500000
v -2617.94450000 1256.16515000 -3007.41500000
v -2618.19450000 1224.64515000 -3051.08500000
v -2629.84450000 1124.25515000 -3123.71500000
v -2612.47450000 1136.23515000 -3076.54500000
v -2607.73450000 1183.95515000 -3043.96500000
v -2538.86450000 3437.79515000 -1256.11500000
v -2516.98450000 3214.85515000 -1233.42500000
v -2486.89450000 3135.24515000 -1241.68500000
v -2546.91450000 3440.86515000 -1273.87500000
v -2520.91450000 3469.65515000 -1274.19500000
v -2485.44450000 3008.30515000 -1281.33500000
v -2521.85450000 2522.95515000 -1677.84500000
v -2489.73450000 2491.80515000 -1734.04500000
v -2524.30450000 2025.71515000 -2036.15500000
v -2493.31450000 3031.92515000 -2072.85500000
v -2543.05450000 1860.70515000 -2124.59500000
v -2512.67450000 2833.32515000 -2234.79500000
v -2582.34450000 1509.16515000 -2356.01500000
v -2584.63450000 1371.37515000 -2495.28500000
v -2508.85450000 2645.49515000 -2396.89500000
v -2586.91450000 1242.28515000 -2639.35500000
v -2546.53450000 2351.16515000 -2576.85500000
v -2542.19450000 2246.73515000 -2610.90500000
v -2548.16450000 2150.72515000 -2618.24500000
v -2552.97450000 1814.22515000 -2645.34500000
v -2588.42450000 1142.04515000 -2783.62500000
v -2584.18450000 1352.74515000 -2819.03500000
v -2603.65450000 1079.49515000 -2896.69500000
v -2600.51450000 1262.76515000 -2941.65500000
v -2599.42450000 1113.87515000 -2979.92500000
v -2584.57450000 1222.02515000 -2922.11500000
v -2595.40450000 1163.57515000 -2989.52500000
v -2511.23450000 3460.66515000 -1243.65500000
v -2465.72450000 3395.76515000 -1186.20500000
v -2527.01450000 2761.77515000 -1334.65500000
v -2511.62450000 2668.91515000 -1383.90500000
v -2522.30450000 2632.24515000 -1473.61500000
v -2513.04450000 3282.66515000 -1836.05500000
v -2492.47450000 3203.57515000 -1924.34500000
v -2496.51450000 2179.11515000 -1966.44500000
v -2501.10450000 1995.98515000 -2076.16500000
v -2493.09450000 2987.80515000 -2109.60500000
v -2460.76450000 2798.26515000 -2296.94500000
v -2537.03450000 1644.15515000 -2321.52500000
v -2555.95450000 1501.07515000 -2429.62500000
v -2566.74450000 1355.48515000 -2569.09500000
v -2436.67450000 2642.88515000 -2456.77500000
v -2465.58450000 2549.69515000 -2509.99500000
v -2572.36450000 1244.12515000 -2704.88500000
v -2494.41450000 2384.70515000 -2583.17500000
v -2556.07450000 1353.43515000 -2632.86500000
v -2510.23450000 2321.08515000 -2597.83500000
v -2517.54450000 2073.36515000 -2606.13500000
v -2530.90450000 1926.53515000 -2618.14500000
v -2539.02450000 1745.70515000 -2633.07500000
v -2566.07450000 1624.31515000 -2690.30500000
v -2564.75450000 1257.03515000 -2759.71500000
v -2552.65450000 1365.93515000 -2684.81500000
v -2553.34450000 1549.15515000 -2687.66500000
v -2567.46450000 1444.19515000 -2743.36500000
v -2573.98450000 1187.24515000 -2811.61500000
v -2564.97450000 1372.79515000 -2760.13500000
v -2566.01450000 1291.73515000 -2796.67500000
v -2580.21450000 1299.95515000 -2847.81500000
v -2579.74450000 1195.14515000 -2878.39500000
v -2589.14450000 1143.63515000 -2869.74500000
v -2469.22450000 3475.62515000 -1207.10500000
v -2463.47450000 3281.56515000 -1186.04500000
v -2454.11450000 3168.18515000 -1207.29500000
v -2469.38450000 3506.53515000 -1235.61500000
v -2479.08450000 3512.93515000 -1275.64500000
v -2455.46450000 3060.53515000 -1252.15500000
v -2488.09450000 2846.83515000 -1309.24500000
v -2498.76450000 2697.00515000 -1361.05500000
v -2463.09450000 3533.49515000 -1305.52500000
v -2449.05450000 3543.52515000 -1353.14500000
v -2476.84450000 2644.29515000 -1527.11500000
v -2441.74450000 3447.21515000 -1638.77500000
v -2473.99450000 3366.06515000 -1744.62500000
v -2499.20450000 2107.92515000 -2008.05500000
v -2475.77450000 3139.73515000 -1987.04500000
v -2514.90450000 1806.59515000 -2206.27500000
v -2531.84450000 1584.54515000 -2410.80500000
v -2510.34450000 1678.00515000 -2359.22500000
v -2541.81450000 1483.80515000 -2512.86500000
v -2540.53450000 1454.62515000 -2594.51500000
v -2524.95450000 1552.19515000 -2520.40500000
v -2474.59450000 2470.23515000 -2551.79500000
v -2486.31450000 2317.12515000 -2595.66500000
v -2484.29450000 2260.91515000 -2595.40500000
v -2474.71450000 2199.79515000 -2590.78500000
v -2541.10450000 1468.00515000 -2647.70500000
v -2512.71450000 1856.58515000 -2597.60500000
v -2526.16450000 1676.00515000 -2616.82500000
v -2534.32450000 1567.42515000 -2631.09500000
v -2551.80450000 1463.37515000 -2695.67500000
v -2555.46450000 1392.32515000 -2716.96500000
v -2372.60450000 3083.10515000 -1203.37500000
v -2445.53450000 2913.81515000 -1287.60500000
v -2493.51450000 2796.81515000 -1320.04500000
v -2476.02450000 2756.35515000 -1334.63500000
v -2492.75450000 2664.62515000 -1420.90500000
v -2445.15450000 3537.69515000 -1406.50500000
v -2425.67450000 3512.58515000 -1513.27500000
v -2430.35450000 2455.40515000 -1803.10500000
v -2406.25450000 3291.74515000 -1853.31500000
v -2431.13450000 3094.97515000 -2038.99500000
v -2437.88450000 2132.66515000 -2045.36500000
v -2458.36450000 1998.91515000 -2123.06500000
v -2419.50450000 2967.69515000 -2160.71500000
v -2490.76450000 1772.66515000 -2290.17500000
v -2515.74450000 1616.31515000 -2440.47500000
v -2498.26450000 1665.20515000 -2473.60500000
v -2523.00450000 1576.54515000 -2567.23500000
v -2499.99450000 1683.62515000 -2526.10500000
v -2514.07450000 1652.41515000 -2574.41500000
v -2499.91450000 1798.05515000 -2573.76500000
v -2470.16450000 2366.39515000 -2586.03500000
v -2473.49450000 1946.80515000 -2561.67500000
v -2415.15450000 3500.80515000 -1158.98500000
v -2417.25450000 3539.45515000 -1191.36500000
v -2422.00450000 3215.59515000 -1167.70500000
v -2394.30450000 3154.73515000 -1177.75500000
v -2391.93450000 2981.49515000 -1249.28500000
v -2420.79450000 2759.63515000 -1342.98500000
v -2386.66450000 3588.49515000 -1259.34500000
v -2442.69450000 2718.75515000 -1375.96500000
v -2445.59450000 2683.04515000 -1460.43500000
v -2381.85450000 2686.16515000 -1567.55500000
v -2431.67450000 2609.56515000 -1642.59500000
v -2405.69450000 3441.58515000 -1668.34500000
v -2445.60450000 1952.08515000 -2182.83500000
v -2457.88450000 1883.63515000 -2233.07500000
v -2479.38450000 1751.47515000 -2367.12500000
v -2379.74450000 2752.88515000 -2399.45500000
v -2479.40450000 1745.54515000 -2481.80500000
v -2453.84450000 1809.98515000 -2409.05500000
v -2491.38450000 1747.82515000 -2537.32500000
v -2403.45450000 2589.21515000 -2523.80500000
v -2469.31450000 1886.77515000 -2539.24500000
v -2447.88450000 2458.39515000 -2566.93500000
v -2451.39450000 2412.48515000 -2575.56500000
v -2459.60450000 2051.79515000 -2567.14500000
v -2397.44450000 2338.69515000 -2561.73500000
v -2426.54450000 2193.80515000 -2564.54500000
v -2338.72450000 3423.66515000 -1091.39500000
v -2359.72450000 3284.81515000 -1110.53500000
v -2432.11450000 3545.93515000 -1243.59500000
v -2383.96450000 3026.33515000 -1230.47500000
v -2446.69450000 2828.83515000 -1309.76500000
v -2425.74450000 2711.53515000 -1413.57500000
v -2408.48450000 3551.12515000 -1431.05500000
v -2395.13450000 3495.88515000 -1574.06500000
v -2418.44450000 2572.72515000 -1701.24500000
v -2379.16450000 3383.08515000 -1750.74500000
v -2394.35450000 2384.27515000 -1883.94500000
v -2411.59450000 3206.14515000 -1938.71500000
v -2427.56450000 2289.35515000 -1937.82500000
v -2363.40450000 2911.59515000 -2253.16500000
v -2440.94450000 1881.73515000 -2276.93500000
v -2422.84450000 1888.05515000 -2354.04500000
v -2428.66450000 1884.13515000 -2326.39500000
v -2457.59450000 1823.98515000 -2472.38500000
v -2391.95450000 2644.49515000 -2490.01500000
v -2469.17450000 1834.23515000 -2518.19500000
v -2432.79450000 2070.85515000 -2546.92500000
v -2417.85450000 2060.47515000 -2528.20500000
v -2437.24450000 1965.95515000 -2516.71500000
v -2407.02450000 2532.11515000 -2547.70500000
v -2418.86450000 2465.44515000 -2562.81500000
v -2428.49450000 2400.62515000 -2571.45500000
v -2358.85450000 3516.04515000 -1113.94500000
v -2378.76450000 3544.59515000 -1143.54500000
v -2355.55450000 3213.18515000 -1119.89500000
v -2371.85450000 3570.52515000 -1157.15500000
v -2378.30450000 3576.99515000 -1191.12500000
v -2390.62450000 2862.01515000 -1292.32500000
v -2392.13450000 2818.85515000 -1313.90500000
v -2381.54450000 3585.54515000 -1337.66500000
v -2368.20450000 3550.63515000 -1475.93500000
v -2381.12450000 2714.00515000 -1493.72500000
v -2324.61450000 3297.34515000 -1864.11500000
v -2398.49450000 2061.87515000 -2151.50500000
v -2400.51450000 2005.24515000 -2210.39500000
v -2408.06450000 1922.03515000 -2376.17500000
v -2427.63450000 1888.16515000 -2428.51500000
v -2435.87450000 1912.83515000 -2482.43500000
v -2355.91450000 2621.95515000 -2524.52500000
v -2412.97450000 2128.45515000 -2542.99500000
v -2351.38450000 3178.22515000 -1133.94500000
v -2308.06450000 3124.93515000 -1142.91500000
v -2368.48450000 2936.41515000 -1255.58500000
v -2337.40450000 2909.62515000 -1260.63500000
v -2352.47450000 2817.15515000 -1323.20500000
v -2354.36450000 2789.28515000 -1353.67500000
v -2379.52450000 2752.51515000 -1392.23500000
v -2365.77450000 2743.25515000 -1438.52500000
v -2304.03450000 2641.21515000 -1702.84500000
v -2344.51450000 2561.13515000 -1758.70500000
v -2403.41450000 2240.50515000 -1996.35500000
v -2326.12450000 2983.14515000 -2200.37500000
v -2398.58450000 1969.52515000 -2269.22500000
v -2383.89450000 1981.58515000 -2315.25500000
v -2387.13450000 1996.76515000 -2424.99500000
v -2395.89450000 2026.38515000 -2475.80500000
v -2340.74450000 2673.30515000 -2499.78500000
v -2367.90450000 2227.99515000 -2529.28500000
v -2375.02450000 2515.68515000 -2549.14500000
v -2338.89450000 3549.44515000 -1105.36500000
v -2340.55450000 3570.68515000 -1121.67500000
v -2324.64450000 3192.84515000 -1104.07500000
v -2342.47450000 3586.76515000 -1145.63500000
v -2323.04450000 3606.36515000 -1172.87500000
v -2328.53450000 3616.66515000 -1251.88500000
v -2337.81450000 2871.27515000 -1283.05500000
v -2349.33450000 3587.86515000 -1389.81500000
v -2296.91450000 2501.34515000 -1844.58500000
v -2291.48450000 3366.91515000 -1791.67500000
v -2350.34450000 2319.54515000 -1975.08500000
v -2300.75450000 3233.84515000 -1940.34500000
v -2388.98450000 2118.82515000 -2111.27500000
v -2353.88450000 2126.56515000 -2156.32500000
v -2342.83450000 2845.23515000 -2335.57500000
v -2359.83450000 2031.86515000 -2353.41500000
v -2339.26450000 2716.28515000 -2462.81500000
v -2375.78450000 2043.11515000 -2445.98500000
v -2354.54450000 2185.22515000 -2502.75500000
v -2365.28450000 2115.69515000 -2480.33500000
v -2350.36450000 2582.81515000 -2535.64500000
v -2362.19450000 2464.59515000 -2548.16500000
v -2328.37450000 2336.85515000 -2521.48500000
v -2301.33450000 3562.51515000 -1083.61500000
v -2289.78450000 3501.20515000 -1062.54500000
v -2307.38450000 3220.07515000 -1082.93500000
v -2265.40450000 3246.98515000 -1042.90500000
v -2327.96450000 3003.77515000 -1216.25500000
v -2323.60450000 2954.77515000 -1235.72500000
v -2327.97450000 3611.82515000 -1315.95500000
v -2325.41450000 2855.69515000 -1295.15500000
v -2322.55450000 2785.52515000 -1405.06500000
v -2311.58450000 3576.91515000 -1446.90500000
v -2322.53450000 3536.47515000 -1534.17500000
v -2341.91450000 3493.21515000 -1608.45500000
v -2284.63450000 2697.38515000 -1638.26500000
v -2242.31450000 2762.26515000 -1570.86500000
v -2311.89450000 3459.05515000 -1667.41500000
v -2324.37450000 3126.52515000 -2046.37500000
v -2327.01450000 2242.78515000 -2070.51500000
v -2349.62450000 2082.64515000 -2229.50500000
v -2252.44450000 2975.63515000 -2258.17500000
v -2340.84450000 2085.06515000 -2387.94500000
v -2353.99450000 2091.31515000 -2438.71500000
v -2307.06450000 2682.03515000 -2508.63500000
v -2305.79450000 2641.12515000 -2518.92500000
v -2318.39450000 2280.03515000 -2499.64500000
v -2303.28450000 2476.63515000 -2523.25500000
v -2236.13450000 3209.34515000 -1033.31500000
v -2308.26450000 3586.33515000 -1116.48500000
v -2272.60450000 3171.38515000 -1086.61500000
v -2241.09450000 3062.11515000 -1151.30500000
v -2279.04450000 3019.51515000 -1191.17500000
v -2278.24450000 3624.05515000 -1182.36500000
v -2251.55450000 2922.16515000 -1241.40500000
v -2287.45450000 3626.51515000 -1255.93500000
v -2272.78450000 2863.22515000 -1307.57500000
v -2292.27450000 3607.86515000 -1344.80500000
v -2261.56450000 2790.01515000 -1482.37500000
v -2275.73450000 3423.61515000 -1722.84500000
v -2274.12450000 2426.55515000 -1932.29500000
v -2243.84450000 2383.35515000 -2003.86500000
v -2261.91450000 3087.58515000 -2121.74500000
v -2295.81450000 2209.08515000 -2157.24500000
v -2339.20450000 2080.90515000 -2285.61500000
v -2304.66450000 2146.17515000 -2313.90500000
v -2274.00450000 2836.32515000 -2392.55500000
v -2324.00450000 2182.31515000 -2456.07500000
v -2265.12450000 2705.35515000 -2503.07500000
v -2283.53450000 2341.63515000 -2488.10500000
v -2327.63450000 2550.18515000 -2531.73500000
v -2232.89450000 3312.92515000 -1013.66500000
v -2220.05450000 3409.90515000 -1003.97500000
v -2258.73450000 3573.77515000 -1072.13500000
v -2243.34450000 3528.23515000 -1039.53500000
v -2270.64450000 3600.07515000 -1122.66500000
v -2233.28450000 3118.93515000 -1104.11500000
v -2291.65450000 2938.31515000 -1235.52500000
v -2226.65450000 2848.04515000 -1390.20500000
v -2269.05450000 3589.34515000 -1406.95500000
v -2261.43450000 3552.47515000 -1501.20500000
v -2194.21450000 2805.77515000 -1537.68500000
v -2267.10450000 3508.18515000 -1594.40500000
v -2232.21450000 3341.14515000 -1838.62500000
v -2185.30450000 3229.74515000 -1996.63500000
v -2297.07450000 2170.25515000 -2233.96500000
v -2305.89450000 2169.53515000 -2394.81500000
v -2253.78450000 2759.09515000 -2472.24500000
v -2305.11450000 2248.05515000 -2471.06500000
v -2252.99450000 2675.14515000 -2505.10500000
v -2249.65450000 2455.54515000 -2491.50500000
v -2209.46450000 3544.33515000 -1031.29500000
v -2233.21450000 3591.79515000 -1090.86500000
v -2279.26450000 2969.91515000 -1217.26500000
v -2246.93450000 3628.47515000 -1204.42500000
v -2253.53450000 3622.87515000 -1274.18500000
v -2214.24450000 2910.28515000 -1262.84500000
v -2253.14450000 3604.12515000 -1345.30500000
v -2147.22450000 2774.76515000 -1631.25500000
v -2229.47450000 3467.55515000 -1670.22500000
v -2165.81450000 2707.59515000 -1708.40500000
v -2246.28450000 2237.68515000 -2293.34500000
v -2252.96450000 2232.34515000 -2249.50500000
v -2269.42450000 2213.91515000 -2348.94500000
v -2281.77450000 2247.63515000 -2432.54500000
v -2266.29450000 2241.98515000 -2391.05500000
v -2251.16450000 2392.85515000 -2475.15500000
v -2216.40450000 2717.32515000 -2492.49500000
v -2263.81450000 2596.05515000 -2507.91500000
v -2200.51450000 3475.31515000 -998.33500000
v -2202.09450000 3245.20515000 -998.95500000
v -2130.15450000 3349.05515000 -935.17500000
v -2208.91450000 3568.15515000 -1059.64500000
v -2197.85450000 3180.54515000 -1025.00500000
v -2183.91450000 3140.38515000 -1056.10500000
v -2231.75450000 3607.95515000 -1144.84500000
v -2225.32450000 2996.39515000 -1186.82500000
v -2227.19450000 3621.76515000 -1240.94500000
v -2189.25450000 2889.72515000 -1330.20500000
v -2232.54450000 3576.38515000 -1420.69500000
v -2207.15450000 3523.80515000 -1564.27500000
v -2178.04450000 3499.47515000 -1618.17500000
v -2213.32450000 3414.55515000 -1749.99500000
v -2216.27450000 2606.65515000 -1790.84500000
v -2183.46450000 3306.70515000 -1900.68500000
v -2244.53450000 2294.67515000 -2125.39500000
v -2196.91450000 2372.77515000 -2075.98500000
v -2240.60450000 2265.65515000 -2191.97500000
v -2123.61450000 3130.49515000 -2159.91500000
v -2145.02450000 3047.89515000 -2251.40500000
v -2228.88450000 2284.10515000 -2349.26500000
v -2173.54450000 2964.67515000 -2326.44500000
v -2237.72450000 2308.50515000 -2406.25500000
v -2269.38450000 2315.22515000 -2457.70500000
v -2185.13450000 2881.15515000 -2406.34500000
v -2212.85450000 2749.00515000 -2483.15500000
v -2175.98450000 3508.94515000 -998.04500000
v -2171.91450000 3545.78515000 -1028.95500000
v -2168.84450000 3085.52515000 -1099.74500000
v -2209.76450000 3609.31515000 -1195.76500000
v -2219.37450000 3598.47515000 -1317.10500000
v -2171.63450000 2919.49515000 -1266.15500000
v -2188.08450000 3569.78515000 -1373.40500000
v -2184.06450000 3554.71515000 -1433.39500000
v -2182.90450000 3542.95515000 -1488.12500000
v -2144.99450000 2810.42515000 -1575.78500000
v -2162.52450000 2554.03515000 -1881.87500000
v -2179.76450000 2474.30515000 -1959.09500000
v -2195.09450000 2311.30515000 -2229.22500000
v -2200.44450000 2306.51515000 -2289.17500000
v -2208.49450000 2399.78515000 -2431.89500000
v -2197.78450000 2484.92515000 -2461.69500000
v -2163.69450000 2800.24515000 -2465.47500000
v -2201.43450000 2660.42515000 -2486.66500000
v -2208.41450000 2562.46515000 -2482.82500000
v -2122.55450000 3422.68515000 -934.82500000
v -2114.66450000 3266.39515000 -932.75500000
v -2157.38450000 3527.52515000 -1006.59500000
v -2153.43450000 3212.65515000 -977.86500000
v -2130.96450000 3164.71515000 -1000.46500000
v -2198.38450000 3583.54515000 -1094.59500000
v -2180.98450000 3585.46515000 -1142.90500000
v -2174.06450000 3033.98515000 -1144.05500000
v -2158.98450000 2994.32515000 -1171.66500000
v -2144.73450000 2960.80515000 -1209.46500000
v -2193.01450000 3595.00515000 -1251.88500000
v -2152.13450000 3545.39515000 -1431.44500000
v -2127.77450000 3464.41515000 -1701.75500000
v -2116.03450000 2480.97515000 -2017.92500000
v -2116.92450000 3200.13515000 -2072.75500000
v -2154.02450000 2377.97515000 -2149.23500000
v -2171.76450000 2351.56515000 -2312.86500000
v -2185.33450000 2371.79515000 -2374.55500000
v -2159.48450000 2850.48515000 -2441.03500000
v -2143.14450000 2748.12515000 -2464.28500000
v -2124.18450000 3475.36515000 -953.70500000
v -2125.96450000 3529.48515000 -1003.83500000
v -2161.42450000 3555.63515000 -1050.33500000
v -2155.02450000 3564.62515000 -1088.94500000
v -2059.91450000 3105.78515000 -1025.57500000
v -2118.41450000 3554.76515000 -1131.57500000
v -2159.50450000 3576.21515000 -1217.65500000
v -2163.47450000 3571.87515000 -1298.37500000
v -2150.26450000 3553.63515000 -1376.61500000
v -2092.44450000 2928.01515000 -1365.30500000
v -2073.25450000 2900.55515000 -1474.45500000
v -2116.26450000 2844.99515000 -1537.78500000
v -2102.22450000 3517.45515000 -1543.55500000
v -2090.46450000 3495.89515000 -1640.55500000
v -2096.09450000 3327.30515000 -1917.04500000
v -2161.03450000 2443.82515000 -2406.32500000
v -2083.82450000 2998.38515000 -2347.14500000
v -2100.96450000 2930.03515000 -2403.46500000
v -2148.99450000 2503.71515000 -2429.24500000
v -2129.68450000 2669.16515000 -2456.00500000
v -2030.05450000 3392.76515000 -861.46500000
v -2096.44450000 3222.15515000 -933.78500000
v -2119.55450000 3504.28515000 -972.57500000
v -2119.32450000 2933.28515000 -1289.14500000
v -2130.73450000 3387.52515000 -1816.64500000
v -2116.07450000 2403.48515000 -2198.15500000
v -2147.18450000 2369.22515000 -2255.03500000
v -2053.85450000 3097.21515000 -2248.84500000
v -2124.99450000 2423.31515000 -2328.62500000
v -2119.71450000 2407.64515000 -2277.67500000
v -2135.10450000 2446.26515000 -2373.67500000
v -2116.02450000 2502.01515000 -2395.44500000
v -2099.25450000 2900.67515000 -2425.72500000
v -2096.11450000 2861.62515000 -2438.23500000
v -2107.39450000 2822.02515000 -2449.53500000
v -2113.01450000 2802.73515000 -2451.89500000
v -2136.35450000 2577.97515000 -2444.32500000
v -2055.07450000 3483.44515000 -916.18500000
v -2059.44450000 3450.64515000 -897.94500000
v -2075.91450000 3189.78515000 -943.90500000
v -2060.47450000 3508.90515000 -954.25500000
v -2038.51450000 3155.17515000 -954.54500000
v -2083.23450000 3535.07515000 -1026.67500000
v -2110.29450000 3045.51515000 -1112.00500000
v -2086.89450000 3007.89515000 -1148.84500000
v -2076.09450000 2991.20515000 -1173.76500000
v -2097.88450000 3548.12515000 -1281.62500000
v -2078.91450000 2970.33515000 -1218.95500000
v -2063.09450000 2960.11515000 -1292.69500000
v -2111.45450000 3537.86515000 -1421.72500000
v -2082.11450000 2683.30515000 -1789.57500000
v -2090.09450000 2550.55515000 -1947.47500000
v -2001.16450000 3312.61515000 -1996.88500000
v -2066.40450000 2485.82515000 -2086.84500000
v -2017.84450000 3232.32515000 -2097.52500000
v -2056.18450000 3425.53515000 -886.52500000
v -2039.23450000 3333.47515000 -870.29500000
v -2043.65450000 3536.59515000 -1069.78500000
v -2047.50450000 3539.73515000 -1157.96500000
v -2077.44450000 2775.96515000 -1677.22500000
v -2000.33450000 3484.76515000 -1724.76500000
v -2043.13450000 3440.20515000 -1781.16500000
v -2018.69450000 3393.71515000 -1868.19500000
v -2026.24450000 2571.35515000 -1983.18500000
v -1994.66450000 3197.12515000 -2160.02500000
v -2073.05450000 2453.30515000 -2233.38500000
v -2068.68450000 2485.04515000 -2309.98500000
v -2082.81450000 2456.59515000 -2284.31500000
v -2090.62450000 2491.03515000 -2351.90500000
v -2047.84450000 2942.59515000 -2408.36500000
v -2062.78450000 2907.78515000 -2421.82500000
v -2095.20450000 2564.02515000 -2409.87500000
v -2060.71450000 2823.98515000 -2431.96500000
v -2075.37450000 2738.14515000 -2435.00500000
v -1973.91450000 3291.50515000 -830.52500000
v -2029.41450000 3225.54515000 -893.33500000
v -1963.91450000 3508.91515000 -910.27500000
v -2008.76450000 3051.95515000 -1069.43500000
v -2009.95450000 2990.19515000 -1257.33500000
v -2030.40450000 3524.94515000 -1399.23500000
v -1990.48450000 3503.34515000 -1648.11500000
v -2074.24450000 2830.86515000 -1601.31500000
v -2085.63450000 2599.42515000 -1889.73500000
v -2042.74450000 2487.07515000 -2163.12500000
v -2066.94450000 2546.67515000 -2370.17500000
v -2018.50450000 2906.34515000 -2411.96500000
v -2056.80450000 2663.55515000 -2411.50500000
v -2004.43450000 3434.36515000 -850.75500000
v -1996.76450000 3463.93515000 -860.38500000
v -1994.63450000 3182.80515000 -901.72500000
v -1981.45450000 3487.78515000 -875.55500000
v -2005.56450000 3018.77515000 -1123.93500000
v -1996.21450000 3528.72515000 -1222.13500000
v -1993.32450000 2893.78515000 -1575.96500000
v -1943.44450000 3511.96515000 -1492.11500000
v -1972.13450000 2690.43515000 -1867.71500000
v -1987.13450000 2577.13515000 -2027.68500000
v -2024.90450000 2518.98515000 -2264.19500000
v -2032.83450000 2545.08515000 -2320.09500000
v -1987.16450000 3015.64515000 -2368.52500000
v -2050.02450000 2598.62515000 -2382.72500000
v -2030.04450000 2930.39515000 -2411.03500000
v -1956.13450000 3211.70515000 -853.92500000
v -1964.63450000 3520.75515000 -1007.24500000
v -1986.76450000 3527.93515000 -1106.15500000
v -1979.73450000 3011.14515000 -1168.68500000
v -1983.16450000 2995.15515000 -1336.10500000
v -1936.99450000 2994.97515000 -1437.40500000
v -1931.34450000 3448.12515000 -1839.86500000
v -2004.92450000 2526.04515000 -2209.21500000
v -1936.02450000 3122.56515000 -2284.94500000
v -2024.96450000 2592.04515000 -2352.60500000
v -2001.33450000 2654.50515000 -2363.62500000
v -1992.18450000 2962.51515000 -2394.42500000
v -2002.93450000 2781.36515000 -2401.23500000
v -1938.95450000 3449.94515000 -807.31500000
v -1952.68450000 3422.86515000 -808.82500000
v -1974.40450000 3243.86515000 -848.58500000
v -1959.35450000 3140.26515000 -929.20500000
v -1876.09450000 3100.64515000 -939.13500000
v -1955.60450000 3015.18515000 -1276.68500000
v -1937.64450000 2596.43515000 -2087.08500000
v -1910.19450000 3197.50515000 -2209.46500000
v -1979.92450000 2579.12515000 -2271.15500000
v -1974.17450000 2625.89515000 -2310.80500000
v -1937.34450000 3012.08515000 -2373.84500000
v -1968.80450000 2743.32515000 -2371.91500000
v -1921.04450000 3382.28515000 -785.43500000
v -1876.62450000 3284.96515000 -767.98500000
v -1911.80450000 3242.81515000 -810.52500000
v -1929.97450000 3473.21515000 -820.18500000
v -1921.71450000 3176.10515000 -866.74500000
v -1901.94450000 3510.70515000 -920.29500000
v -1906.03450000 3058.91515000 -1024.14500000
v -1907.37450000 3042.24515000 -1072.58500000
v -1901.18450000 3036.39515000 -1171.28500000
v -1960.08450000 3520.11515000 -1275.33500000
v -1883.93450000 3512.87515000 -1264.68500000
v -1992.48450000 2804.47515000 -1701.12500000
v -1882.61450000 3507.88515000 -1610.71500000
v -1868.45450000 3505.24515000 -1707.41500000
v -1887.46450000 3497.64515000 -1750.72500000
v -1905.09450000 3398.98515000 -1936.19500000
v -1931.59450000 2651.77515000 -1967.23500000
v -1860.08450000 3285.89515000 -2122.20500000
v -1944.37450000 2583.37515000 -2154.44500000
v -1947.31450000 2590.14515000 -2212.13500000
v -1911.65450000 2741.23515000 -2323.25500000
v -1937.27450000 2981.66515000 -2380.63500000
v -1952.27450000 2952.17515000 -2387.39500000
v -1953.72450000 2896.02515000 -2387.61500000
v -1934.56450000 2840.65515000 -2372.03500000
v -1877.84450000 3440.45515000 -764.65500000
v -1844.62450000 3336.19515000 -737.76500000
v -1875.97450000 3487.09515000 -804.15500000
v -1848.65450000 3502.52515000 -837.91500000
v -1902.24450000 3517.23515000 -1115.31500000
v -1894.23450000 3045.65515000 -1243.72500000
v -1896.40450000 3049.40515000 -1297.42500000
v -1902.36450000 2961.75515000 -1556.05500000
v -1917.45450000 2884.70515000 -1654.15500000
v -1826.86450000 3478.73515000 -1856.53500000
v -1897.24450000 2820.69515000 -1757.82500000
v -1928.93450000 2633.73515000 -2251.68500000
v -1854.33450000 3124.80515000 -2316.07500000
v -1893.25450000 3062.40515000 -2352.05500000
v -1881.05450000 3464.70515000 -782.27500000
v -1864.64450000 3254.82515000 -774.03500000
v -1859.44450000 3197.34515000 -813.01500000
v -1831.66450000 3235.92515000 -768.12500000
v -1882.36450000 3513.50515000 -985.95500000
v -1887.71450000 3042.26515000 -1099.08500000
v -1874.86450000 3055.63515000 -1369.46500000
v -1874.60450000 2672.52515000 -2008.65500000
v -1868.80450000 2653.39515000 -2106.33500000
v -1857.15450000 3190.58515000 -2247.72500000
v -1907.19450000 2692.04515000 -2283.17500000
v -1875.83450000 2748.43515000 -2293.13500000
v -1879.23450000 2850.73515000 -2340.00500000
v -1875.55450000 3041.17515000 -2358.06500000
v -1904.90450000 2987.42515000 -2369.32500000
v -1774.37450000 3398.11515000 -685.02500000
v -1838.64450000 3147.56515000 -857.19500000
v -1775.84450000 3120.80515000 -859.51500000
v -1794.60450000 3071.77515000 -963.30500000
v -1805.78450000 3063.49515000 -1012.87500000
v -1825.57450000 3059.38515000 -1069.43500000
v -1849.93450000 3073.86515000 -1238.26500000
v -1809.90450000 3504.72515000 -1356.22500000
v -1828.28450000 3508.10515000 -1547.31500000
v -1783.86450000 3495.91515000 -1835.54500000
v -1860.36450000 2776.36515000 -1848.70500000
v -1803.48450000 3392.59515000 -2015.87500000
v -1866.46450000 2661.36515000 -2159.35500000
v -1890.41450000 2654.88515000 -2211.61500000
v -1873.84450000 2696.70515000 -2243.43500000
v -1827.26450000 3181.94515000 -2268.44500000
v -1858.85450000 2944.30515000 -2347.78500000
v -1819.10450000 3426.46515000 -722.11500000
v -1803.66450000 3264.74515000 -735.68500000
v -1772.10450000 3508.60515000 -865.60500000
v -1833.14450000 3072.98515000 -1172.40500000
v -1827.27450000 3095.53515000 -1281.18500000
v -1864.90450000 3043.51515000 -1436.65500000
v -1846.49450000 3035.03515000 -1493.85500000
v -1797.82450000 3502.21515000 -1784.65500000
v -1832.16450000 3438.27515000 -1925.51500000
v -1860.81450000 2727.11515000 -1926.86500000
v -1850.10450000 2751.65515000 -2267.30500000
v -1827.67450000 2800.67515000 -2280.43500000
v -1821.36450000 3109.05515000 -2330.54500000
v -1841.86450000 3075.53515000 -2343.98500000
v -1811.10450000 3045.48515000 -2335.24500000
v -1793.79450000 3463.51515000 -726.81500000
v -1754.30450000 3491.88515000 -747.78500000
v -1693.87450000 3508.82515000 -906.40500000
v -1787.57450000 3086.50515000 -924.27500000
v -1752.72450000 3505.08515000 -1063.69500000
v -1782.30450000 3076.35515000 -1068.19500000
v -1780.26450000 3501.71515000 -1184.20500000
v -1777.39450000 3505.33515000 -1696.43500000
v -1834.02450000 2931.52515000 -1674.38500000
v -1810.47450000 2862.45515000 -1785.26500000
v -1826.37450000 2698.09515000 -2049.37500000
v -1738.81450000 3365.02515000 -2093.15500000
v -1839.17450000 2709.65515000 -2202.74500000
v -1825.10450000 2748.98515000 -2233.98500000
v -1790.67450000 2880.80515000 -2290.60500000
v -1789.65450000 2942.28515000 -2311.30500000
v -1782.42450000 3301.08515000 -709.61500000
v -1760.36450000 3237.50515000 -730.03500000
v -1758.08450000 3203.95515000 -757.06500000
v -1760.12450000 3168.77515000 -793.59500000
v -1694.34450000 3502.81515000 -762.21500000
v -1730.74450000 3110.70515000 -855.77500000
v -1799.49450000 3105.44515000 -1195.85500000
v -1816.15450000 3102.72515000 -1355.71500000
v -1823.33450000 3079.99515000 -1428.88500000
v -1775.85450000 2819.65515000 -1878.49500000
v -1784.14450000 2731.08515000 -2096.54500000
v -1807.50450000 3232.93515000 -2217.73500000
v -1764.41450000 3134.94515000 -2316.69500000
v -1778.85450000 3101.09515000 -2322.87500000
v -1745.44450000 3443.25515000 -678.02500000
v -1739.69450000 3353.64515000 -669.76500000
v -1772.77450000 3505.37515000 -1557.11500000
v -1818.33450000 3011.07515000 -1578.98500000
v -1759.34450000 2950.96515000 -1732.20500000
v -1780.16450000 2765.08515000 -1970.20500000
v -1785.20450000 2744.29515000 -2158.05500000
v -1785.89450000 2768.75515000 -2201.21500000
v -1793.91450000 2793.52515000 -2238.73500000
v -1744.50450000 3215.80515000 -2259.35500000
v -1778.62450000 3148.27515000 -2305.52500000
v -1717.16450000 3466.13515000 -674.88500000
v -1724.39450000 3265.02515000 -697.59500000
v -1724.88450000 3139.22515000 -813.32500000
v -1753.70450000 3074.80515000 -995.10500000
v -1766.10450000 3104.63515000 -1115.73500000
v -1780.09450000 3139.82515000 -1242.83500000
v -1742.28450000 3488.95515000 -1203.70500000
v -1752.50450000 3494.37515000 -1341.88500000
v -1792.80450000 3128.79515000 -1315.60500000
v -1727.41450000 3498.56515000 -1513.43500000
v -1772.33450000 3145.26515000 -1379.25500000
v -1772.04450000 3097.29515000 -1502.08500000
v -1734.23450000 3057.08515000 -1629.80500000
v -1726.12450000 2921.77515000 -1805.04500000
v -1724.04450000 3498.86515000 -1842.11500000
v -1735.57450000 2778.63515000 -2031.36500000
v -1702.36450000 3330.67515000 -2151.99500000
v -1745.05450000 2864.01515000 -2242.32500000
v -1736.93450000 3031.56515000 -2301.19500000
v -1693.27450000 3432.12515000 -638.09500000
v -1653.90450000 3400.89515000 -612.20500000
v -1700.04450000 3315.90515000 -660.84500000
v -1665.24450000 3478.06515000 -661.55500000
v -1585.88450000 3505.01515000 -739.61500000
v -1672.46450000 3101.89515000 -855.78500000
v -1712.70450000 3085.04515000 -929.00500000
v -1703.67450000 3489.03515000 -1088.92500000
v -1750.73450000 3153.13515000 -1173.47500000
v -1753.32450000 3181.15515000 -1244.26500000
v -1725.50450000 3480.18515000 -1275.44500000
v -1768.47450000 3161.58515000 -1294.84500000
v -1740.59450000 3210.43515000 -1298.94500000
v -1711.92450000 3485.90515000 -1403.72500000
v -1720.85450000 3197.60515000 -1430.57500000
v -1711.63450000 3500.87515000 -1672.44500000
v -1715.10450000 3486.52515000 -1909.23500000
v -1714.28450000 2840.34515000 -1923.82500000
v -1737.88450000 3454.23515000 -1960.85500000
v -1703.34450000 2802.03515000 -2064.80500000
v -1710.48450000 2804.96515000 -2115.39500000
v -1737.32450000 2799.83515000 -2167.19500000
v -1734.72450000 2831.17515000 -2202.41500000
v -1720.23450000 2979.85515000 -2278.38500000
v -1710.61450000 3174.18515000 -2286.04500000
v -1721.59450000 3132.61515000 -2300.78500000
v -1738.95450000 3092.13515000 -2307.40500000
v -1664.37450000 3454.98515000 -634.61500000
v -1673.52450000 3355.36515000 -631.53500000
v -1660.51450000 3223.05515000 -701.66500000
v -1622.58450000 3495.04515000 -687.19500000
v -1671.98450000 3170.37515000 -756.51500000
v -1622.34450000 3502.61515000 -908.93500000
v -1714.41450000 3099.53515000 -1023.94500000
v -1673.31450000 3094.88515000 -943.15500000
v -1697.92450000 3132.73515000 -1062.13500000
v -1706.08450000 3193.43515000 -1139.59500000
v -1725.82450000 3217.56515000 -1218.38500000
v -1698.81450000 3464.19515000 -1175.94500000
v -1697.57450000 3466.09515000 -1327.37500000
v -1730.55450000 3219.16515000 -1353.97500000
v -1717.31450000 3254.26515000 -1316.38500000
v -1696.66450000 3272.30515000 -1356.53500000
v -1654.27450000 3480.91515000 -1543.33500000
v -1662.68450000 3191.32515000 -1546.02500000
v -1677.02450000 3028.69515000 -1740.42500000
v -1701.86450000 2888.34515000 -1873.53500000
v -1673.69450000 2954.64515000 -2229.26500000
v -1683.15450000 3226.54515000 -2259.98500000
v -1635.89450000 3116.77515000 -957.23500000
v -1671.32450000 3466.06515000 -1102.81500000
v -1695.84450000 3256.82515000 -1184.31500000
v -1702.16450000 3279.35515000 -1265.70500000
v -1697.27450000 3456.28515000 -1244.77500000
v -1677.97450000 3470.12515000 -1419.14500000
v -1656.35450000 3281.45515000 -1438.63500000
v -1648.94450000 3487.97515000 -1924.48500000
v -1678.26450000 2850.58515000 -1972.23500000
v -1687.68450000 3411.04515000 -2058.13500000
v -1678.70450000 2861.98515000 -2158.53500000
v -1644.12450000 3293.69515000 -2208.26500000
v -1693.48450000 2887.61515000 -2202.79500000
v -1667.51450000 3211.99515000 -2268.16500000
v -1671.39450000 3136.28515000 -2274.96500000
v -1610.31450000 3438.33515000 -592.98500000
v -1615.90450000 3363.64515000 -598.08500000
v -1642.23450000 3325.06515000 -627.83500000
v -1645.86450000 3285.31515000 -652.87500000
v -1626.95450000 3134.03515000 -784.60500000
v -1570.77450000 3490.48515000 -913.27500000
v -1669.42450000 3170.19515000 -1068.53500000
v -1614.28450000 3151.05515000 -986.99500000
v -1592.14450000 3468.07515000 -991.74500000
v -1640.45450000 3438.54515000 -1099.15500000
v -1663.65450000 3232.57515000 -1111.00500000
v -1673.56450000 3434.13515000 -1186.88500000
v -1670.33450000 3291.93515000 -1159.79500000
v -1682.92450000 3304.67515000 -1205.52500000
v -1680.98450000 3439.05515000 -1287.43500000
v -1679.13450000 3341.70515000 -1233.20500000
v -1680.63450000 3330.43515000 -1304.82500000
v -1666.53450000 3452.01515000 -1383.37500000
v -1635.02450000 3459.35515000 -1476.59500000
v -1667.73450000 3324.66515000 -1365.56500000
v -1654.81450000 3492.24515000 -1700.48500000
v -1617.92450000 3155.14515000 -1666.19500000
v -1686.30450000 3496.13515000 -1793.30500000
v -1644.67450000 2991.54515000 -1826.56500000
v -1655.94450000 2912.85515000 -1908.09500000
v -1648.36450000 3459.66515000 -1996.97500000
v -1670.66450000 2840.08515000 -2025.47500000
v -1648.79450000 3248.40515000 -2244.74500000
v -1646.23450000 3075.26515000 -2248.24500000
v -1655.77450000 3196.61515000 -2265.38500000
v -1568.85450000 3461.21515000 -585.32500000
v -1594.77450000 3322.95515000 -608.73500000
v -1629.88450000 3198.66515000 -1046.82500000
v -1646.36450000 3298.82515000 -1123.27500000
v -1613.17450000 3249.04515000 -1060.80500000
v -1628.77450000 3407.05515000 -1109.56500000
v -1665.51450000 3331.27515000 -1173.54500000
v -1662.79450000 3383.66515000 -1185.18500000
v -1642.16450000 3352.46515000 -1132.56500000
v -1674.04450000 3412.05515000 -1243.83500000
v -1672.49450000 3378.95515000 -1265.86500000
v -1671.12450000 3409.04515000 -1296.73500000
v -1654.98450000 3422.78515000 -1367.07500000
v -1662.64450000 3375.59515000 -1339.36500000
v -1633.43450000 3439.16515000 -1434.96500000
v -1596.72450000 3477.52515000 -1718.15500000
v -1646.29450000 2862.04515000 -2061.08500000
v -1649.56450000 2869.12515000 -2107.42500000
v -1630.86450000 3400.64515000 -2102.09500000
v -1652.85450000 2915.46515000 -2178.25500000
v -1622.26450000 3269.60515000 -2228.63500000
v -1630.52450000 3235.66515000 -2245.76500000
v -1555.57450000 3423.89515000 -559.03500000
v -1568.40450000 3389.79515000 -569.42500000
v -1566.03450000 3354.10515000 -580.71500000
v -1545.21450000 3255.73515000 -639.94500000
v -1573.94450000 3181.49515000 -714.17500000
v -1591.93450000 3110.88515000 -836.19500000
v -1581.90450000 3441.27515000 -1018.23500000
v -1546.35450000 3402.24515000 -1012.00500000
v -1611.11450000 3365.44515000 -1089.67500000
v -1604.03450000 3308.78515000 -1074.57500000
v -1636.61450000 3377.74515000 -1129.29500000
v -1636.66450000 3394.75515000 -1400.27500000
v -1615.38450000 3420.20515000 -1445.61500000
v -1643.30450000 3349.31515000 -1403.60500000
v -1619.96450000 3372.65515000 -1432.57500000
v -1611.42450000 3337.48515000 -1460.70500000
v -1602.89450000 3290.59515000 -1515.64500000
v -1598.81450000 3461.78515000 -1578.17500000
v -1610.17450000 3094.68515000 -1755.94500000
v -1620.66450000 3483.49515000 -1846.70500000
v -1615.70450000 2927.29515000 -1953.12500000
v -1621.21450000 3428.61515000 -2063.79500000
v -1626.07450000 2913.93515000 -2134.48500000
v -1612.40450000 3365.43515000 -2141.60500000
v -1591.04450000 3340.23515000 -2169.16500000
v -1597.82450000 3299.21515000 -2202.15500000
v -1550.36450000 3482.18515000 -608.24500000
v -1571.50450000 3124.20515000 -786.85500000
v -1514.66450000 3499.11515000 -786.02500000
v -1566.43450000 3118.15515000 -862.06500000
v -1529.04450000 3138.48515000 -873.74500000
v -1572.06450000 3200.57515000 -989.08500000
v -1523.33450000 3167.01515000 -910.92500000
v -1592.45450000 3394.79515000 -1471.70500000
v -1568.33450000 3416.35515000 -1523.63500000
v -1578.46450000 3366.60515000 -1494.30500000
v -1599.57450000 3438.96515000 -1507.45500000
v -1592.12450000 3244.13515000 -1587.68500000
v -1562.74450000 3458.62515000 -1664.03500000
v -1596.77450000 2995.61515000 -1897.45500000
v -1599.52450000 3470.71515000 -1959.53500000
v -1620.17450000 2901.05515000 -2010.83500000
v -1581.74450000 3444.49515000 -2037.40500000
v -1606.34450000 2908.40515000 -2045.56500000
v -1603.77450000 2920.57515000 -2081.88500000
v -1588.11450000 3409.55515000 -2090.08500000
v -1613.49450000 2969.90515000 -2169.84500000
v -1562.16450000 3330.59515000 -2168.19500000
v -1601.16450000 3047.13515000 -2199.64500000
v -1603.52450000 3261.86515000 -2225.24500000
v -1608.20450000 3222.32515000 -2236.34500000
v -1592.65450000 3171.49515000 -2226.20500000
v -1535.72450000 3442.02515000 -555.08500000
v -1542.11450000 3322.47515000 -590.80500000
v -1497.23450000 3444.84515000 -924.59500000
v -1541.90450000 3267.14515000 -999.29500000
v -1570.14450000 3373.89515000 -1044.40500000
v -1551.67450000 3329.84515000 -1024.15500000
v -1573.33450000 3335.22515000 -1517.78500000
v -1556.29450000 3435.74515000 -1598.65500000
v -1558.75450000 3172.24515000 -1739.26500000
v -1579.41450000 3075.56515000 -1827.30500000
v -1557.32450000 3462.54515000 -1875.11500000
v -1559.89450000 3452.63515000 -1988.56500000
v -1573.62450000 2959.70515000 -2035.63500000
v -1544.84450000 3415.36515000 -2072.46500000
v -1575.99450000 2984.10515000 -2120.48500000
v -1573.90450000 3033.81515000 -2160.79500000
v -1561.94450000 3371.67515000 -2123.46500000
v -1576.82450000 3278.64515000 -2201.01500000
v -1583.74450000 3115.10515000 -2207.88500000
v -1519.07450000 3361.23515000 -562.14500000
v -1500.86450000 3494.38515000 -631.21500000
v -1495.69450000 3151.38515000 -728.01500000
v -1434.90450000 3463.11515000 -837.87500000
v -1508.19450000 3224.58515000 -948.58500000
v -1501.98450000 3198.11515000 -922.47500000
v -1490.91450000 3350.74515000 -969.84500000
v -1546.82450000 3385.13515000 -1548.98500000
v -1550.43450000 3352.41515000 -1546.36500000
v -1552.23450000 3307.76515000 -1582.68500000
v -1529.24450000 3440.11515000 -1702.79500000
v -1551.49450000 3456.31515000 -1743.62500000
v -1555.02450000 3241.69515000 -1658.43500000
v -1548.95450000 3063.07515000 -1900.75500000
v -1580.82450000 2980.10515000 -1963.63500000
v -1542.79450000 3434.39515000 -2032.02500000
v -1564.21450000 2980.22515000 -2075.51500000
v -1548.37450000 3097.90515000 -2161.77500000
v -1544.22450000 3306.37515000 -2167.99500000
v -1547.17450000 3239.89515000 -2183.56500000
v -1488.12450000 3451.39515000 -536.95500000
v -1495.80450000 3428.65515000 -534.38500000
v -1510.87450000 3399.26515000 -545.37500000
v -1464.72450000 3320.25515000 -576.20500000
v -1494.24450000 3469.26515000 -559.80500000
v -1439.16450000 3202.79515000 -664.45500000
v -1513.01450000 3132.15515000 -767.59500000
v -1492.68450000 3132.58515000 -784.79500000
v -1464.40450000 3411.48515000 -924.46500000
v -1538.26450000 3409.28515000 -1588.04500000
v -1520.40450000 3438.60515000 -1831.53500000
v -1539.31450000 3142.85515000 -1814.85500000
v -1520.56450000 3440.40515000 -1918.03500000
v -1533.88450000 3053.72515000 -1973.83500000
v -1522.50450000 3431.85515000 -1976.28500000
v -1542.19450000 3018.80515000 -2039.90500000
v -1538.86450000 3035.51515000 -2084.12500000
v -1550.08450000 3048.34515000 -2127.28500000
v -1537.97450000 3340.56515000 -2139.10500000
v -1547.70450000 3161.67515000 -2178.23500000
v -1458.47450000 3416.46515000 -521.50500000
v -1459.02450000 3385.68515000 -536.62500000
v -1444.05450000 3478.04515000 -560.29500000
v -1423.48450000 3258.82515000 -616.46500000
v -1475.84450000 3140.22515000 -803.84500000
v -1463.01450000 3161.58515000 -842.09500000
v -1421.36450000 3442.92515000 -855.02500000
v -1457.87450000 3187.89515000 -869.61500000
v -1477.15450000 3299.75515000 -952.46500000
v -1478.81450000 3255.79515000 -938.72500000
v -1511.99450000 3387.30515000 -1632.07500000
v -1519.60450000 3346.03515000 -1621.97500000
v -1517.38450000 3411.22515000 -1664.53500000
v -1523.15450000 3291.50515000 -1661.53500000
v -1520.79450000 3222.23515000 -1752.89500000
v -1518.27450000 3146.52515000 -1865.54500000
v -1511.25450000 3089.43515000 -2037.39500000
v -1515.15450000 3405.59515000 -2043.26500000
v -1518.02450000 3103.29515000 -2099.86500000
v -1525.96450000 3368.55515000 -2097.65500000
v -1519.39450000 3306.98515000 -2133.85500000
v -1515.05450000 3158.62515000 -2133.06500000
v -1520.28450000 3205.47515000 -2153.06500000
v -1511.08450000 3252.27515000 -2139.56500000
v -1439.09450000 3440.26515000 -516.28500000
v -1427.98450000 3457.24515000 -526.59500000
v -1419.95450000 3480.62515000 -775.84500000
v -1460.68450000 3225.20515000 -903.66500000
v -1487.01450000 3379.00515000 -1731.78500000
v -1487.42450000 3342.48515000 -1725.58500000
v -1498.62450000 3291.35515000 -1733.66500000
v -1495.62450000 3404.89515000 -1801.39500000
v -1490.47450000 3222.75515000 -1844.07500000
v -1496.33450000 3411.18515000 -1915.30500000
v -1494.06450000 3157.24515000 -1951.98500000
v -1490.76450000 3385.78515000 -2003.60500000
v -1483.79450000 3164.18515000 -2028.04500000
v -1499.03450000 3131.66515000 -2063.13500000
v -1499.88450000 3346.50515000 -2072.19500000
v -1493.82450000 3168.12515000 -2079.58500000
v -1489.47450000 3287.93515000 -2091.79500000
v -1493.86450000 3225.82515000 -2099.12500000
v -1396.75450000 3417.63515000 -510.03500000
v -1392.65450000 3368.89515000 -534.25500000
v -1381.71450000 3483.44515000 -567.75500000
v -1420.04450000 3491.05515000 -642.68500000
v -1431.46450000 3153.00515000 -730.42500000
v -1412.81450000 3161.49515000 -781.76500000
v -1398.51450000 3424.15515000 -853.87500000
v -1399.56450000 3367.85515000 -886.62500000
v -1475.00450000 3289.46515000 -1821.54500000
v -1469.83450000 3338.36515000 -1815.45500000
v -1474.26450000 3368.61515000 -1823.37500000
v -1476.72450000 3380.20515000 -1879.15500000
v -1470.86450000 3245.15515000 -1911.92500000
v -1471.75450000 3363.64515000 -1946.96500000
v -1472.42450000 3217.43515000 -1982.67500000
v -1474.04450000 3328.16515000 -2015.15500000
v -1475.94450000 3223.09515000 -2036.15500000
v -1476.88450000 3272.04515000 -2044.59500000
v -1362.95450000 3443.63515000 -504.96500000
v -1348.61450000 3298.58515000 -579.96500000
v -1342.40450000 3232.31515000 -628.80500000
v -1370.29450000 3181.78515000 -682.33500000
v -1410.39450000 3156.90515000 -748.44500000
v -1363.56450000 3464.66515000 -761.63500000
v -1402.85450000 3218.67515000 -844.08500000
v -1402.14450000 3186.51515000 -809.51500000
v -1416.64450000 3269.73515000 -886.80500000
v -1415.71450000 3323.98515000 -900.79500000
v -1466.38450000 3349.50515000 -1887.53500000
v -1464.10450000 3310.00515000 -1895.68500000
v -1465.42450000 3330.03515000 -1944.16500000
v -1471.64450000 3275.11515000 -1975.88500000
v -1342.93450000 3402.70515000 -508.26500000
v -1354.04450000 3206.17515000 -654.22500000
v -1356.83450000 3174.90515000 -703.26500000
v -1369.95450000 3437.06515000 -813.04500000
v -1370.07450000 3397.38515000 -847.60500000
v -1360.16450000 3339.01515000 -856.19500000
v -1315.48450000 3359.41515000 -536.48500000
v -1362.19450000 3460.88515000 -524.08500000
v -1336.40450000 3479.12515000 -567.25500000
v -1365.53450000 3480.39515000 -680.74500000
v -1336.11450000 3213.69515000 -778.76500000
v -1353.16450000 3305.14515000 -844.08500000
v -1336.26450000 3258.77515000 -811.56500000
v -1312.64450000 3426.64515000 -500.72500000
v -1315.73450000 3473.12515000 -594.78500000
v -1325.68450000 3184.22515000 -710.92500000
v -1325.66450000 3461.86515000 -710.90500000
v -1334.47450000 3194.08515000 -749.64500000
v -1326.01450000 3440.09515000 -756.52500000
v -1319.82450000 3408.77515000 -787.53500000
v -1298.11450000 3299.75515000 -796.43500000
v -1313.07450000 3445.81515000 -505.50500000
v -1288.01450000 3397.09515000 -515.61500000
v -1259.60450000 3317.54515000 -572.22500000
v -1285.70450000 3215.86515000 -734.49500000
v -1282.35450000 3245.57515000 -755.71500000
v -1304.51450000 3458.61515000 -539.21500000
v -1264.08450000 3366.42515000 -539.31500000
v -1265.89450000 3261.07515000 -612.57500000
v -1304.75450000 3216.79515000 -647.53500000
v -1303.40450000 3198.87515000 -676.44500000
v -1286.04450000 3458.12515000 -638.67500000
v -1322.03450000 3381.75515000 -809.29500000
v -1280.93450000 3280.82515000 -773.78500000
v -1308.65450000 3341.04515000 -804.99500000
v -1278.18450000 3433.66515000 -510.65500000
v -1269.98450000 3422.01515000 -511.10500000
v -1269.55450000 3434.80515000 -682.24500000
v -1253.86450000 3216.05515000 -672.14500000
v -1273.85450000 3214.07515000 -705.77500000
v -1270.57450000 3309.58515000 -770.20500000
v -1246.75450000 3423.43515000 -521.06500000
v -1241.41450000 3394.79515000 -538.57500000
v -1262.78450000 3449.98515000 -583.03500000
v -1235.05450000 3351.54515000 -561.90500000
v -1246.65450000 3432.54515000 -630.38500000
v -1234.72450000 3291.68515000 -597.18500000
v -1255.95450000 3232.22515000 -647.42500000
v -1262.31450000 3404.10515000 -719.76500000
v -1247.73450000 3241.89515000 -711.80500000
v -1275.99450000 3373.58515000 -759.61500000
v -1252.31450000 3432.44515000 -544.86500000
v -1228.61450000 3314.59515000 -585.01500000
v -1231.77450000 3238.86515000 -677.39500000
v -1250.27450000 3327.71515000 -745.05500000
v -1249.67450000 3279.51515000 -734.60500000
v -1227.37450000 3409.55515000 -553.36500000
v -1211.58450000 3384.39515000 -571.28500000
v -1214.24450000 3338.82515000 -588.02500000
v -1226.89450000 3415.07515000 -595.34500000
v -1228.56450000 3283.16515000 -614.59500000
v -1225.94450000 3256.11515000 -651.48500000
v -1228.40450000 3399.09515000 -654.87500000
v -1235.20450000 3357.34515000 -705.56500000
v -1220.88450000 3268.73515000 -689.89500000
v -1221.65450000 3311.33515000 -697.39500000
v -1210.17450000 3391.73515000 -586.61500000
v -1201.73450000 3359.55515000 -605.23500000
v -1210.21450000 3381.17515000 -615.14500000
v -1206.98450000 3305.98515000 -630.53500000
v -1213.51450000 3344.11515000 -651.27500000
v -1215.93450000 3271.86515000 -662.22500000
v -1216.57450000 3298.34515000 -666.14500000
v 1210.13550000 3368.99515000 -619.65500000
v 1215.59550000 3366.87515000 -584.70500000
v 1220.84550000 3402.67515000 -579.39500000
v 1212.77550000 3311.73515000 -624.30500000
v 1225.49550000 3331.60515000 -587.12500000
v 1209.37550000 3323.64515000 -651.18500000
v 1220.12550000 3262.41515000 -641.97500000
v 1218.12550000 3282.82515000 -659.33500000
v 1220.87550000 3368.06515000 -664.51500000
v 1223.45550000 3315.16515000 -685.93500000
v 1229.52550000 3404.31515000 -551.25500000
v 1245.21550000 3429.13515000 -529.36500000
v 1233.61550000 3422.81515000 -567.33500000
v 1230.65550000 3376.03515000 -558.03500000
v 1249.58550000 3413.09515000 -526.60500000
v 1253.36550000 3348.63515000 -559.02500000
v 1231.85550000 3410.41515000 -618.52500000
v 1235.32550000 3281.02515000 -615.00500000
v 1245.91550000 3239.91515000 -641.17500000
v 1242.14550000 3242.69515000 -666.28500000
v 1241.69550000 3410.14515000 -668.81500000
v 1246.71550000 3392.66515000 -702.00500000
v 1240.52550000 3347.79515000 -712.00500000
v 1244.81550000 3267.65515000 -703.09500000
v 1266.94550000 3232.08515000 -705.98500000
v 1254.47550000 3308.91515000 -732.35500000
v 1255.28550000 3433.32515000 -514.56500000
v 1262.72550000 3445.88515000 -522.34500000
v 1259.38550000 3445.30515000 -583.75500000
v 1244.67550000 3313.75515000 -586.74500000
v 1254.17550000 3299.30515000 -589.75500000
v 1268.10550000 3259.76515000 -615.06500000
v 1268.51550000 3440.05515000 -656.05500000
v 1279.27550000 3424.42515000 -711.53500000
v 1269.81550000 3217.80515000 -660.97500000
v 1269.96550000 3401.52515000 -728.83500000
v 1276.93550000 3376.95515000 -750.52500000
v 1275.85550000 3340.90515000 -758.30500000
v 1284.58550000 3280.60515000 -760.75500000
v 1317.95550000 3242.07515000 -772.02500000
v 1277.14550000 3438.52515000 -508.16500000
v 1290.93550000 3456.48515000 -513.35500000
v 1292.02550000 3392.73515000 -522.25500000
v 1306.12550000 3468.91515000 -566.07500000
v 1296.74550000 3312.30515000 -572.84500000
v 1315.74550000 3473.82515000 -626.55500000
v 1302.04550000 3462.79515000 -652.71500000
v 1290.99550000 3218.34515000 -647.13500000
v 1282.69550000 3212.66515000 -687.19500000
v 1338.33550000 3203.58515000 -752.75500000
v 1303.14550000 3409.11515000 -759.27500000
v 1306.55550000 3312.53515000 -790.66500000
v 1323.07550000 3349.70515000 -806.41500000
v 1333.77550000 3452.58515000 -501.80500000
v 1339.70550000 3430.88515000 -503.14500000
v 1340.40550000 3462.98515000 -514.10500000
v 1334.54550000 3470.86515000 -540.02500000
v 1343.04550000 3243.78515000 -621.04500000
v 1313.18550000 3197.58515000 -675.99500000
v 1326.73550000 3459.22515000 -709.71500000
v 1340.25550000 3187.07515000 -712.20500000
v 1338.22550000 3438.55515000 -763.30500000
v 1336.79550000 3389.03515000 -805.86500000
v 1354.19550000 3275.69515000 -825.83500000
v 1356.10550000 3402.09515000 -510.19500000
v 1363.24550000 3352.14515000 -542.82500000
v 1382.66550000 3296.12515000 -582.90500000
v 1356.18550000 3196.64515000 -664.47500000
v 1344.95550000 3477.39515000 -675.15500000
v 1354.69550000 3420.40515000 -801.21500000
v 1380.26550000 3314.20515000 -858.59500000
v 1372.40550000 3443.50515000 -502.48500000
v 1385.30550000 3474.27515000 -538.05500000
v 1380.70550000 3485.11515000 -582.00500000
v 1388.50550000 3171.26515000 -702.56500000
v 1387.50550000 3174.47515000 -761.63500000
v 1395.43550000 3166.57515000 -739.53500000
v 1416.16550000 3200.07515000 -834.89500000
v 1436.15550000 3227.77515000 -875.21500000
v 1405.69550000 3454.19515000 -517.11500000
v 1413.55550000 3376.33515000 -527.93500000
v 1376.35550000 3486.58515000 -648.46500000
v 1428.33550000 3216.56515000 -646.55500000
v 1389.56550000 3481.14515000 -721.36500000
v 1385.29550000 3464.69515000 -765.29500000
v 1457.77550000 3165.37515000 -831.84500000
v 1397.94550000 3407.10515000 -852.94500000
v 1404.35550000 3361.02515000 -874.94500000
v 1445.06550000 3272.35515000 -905.71500000
v 1415.55550000 3419.27515000 -516.52500000
v 1450.08550000 3324.03515000 -567.85500000
v 1440.84550000 3488.24515000 -578.18500000
v 1429.16550000 3270.95515000 -606.26500000
v 1424.55550000 3179.81515000 -683.43500000
v 1444.84550000 3151.97515000 -780.55500000
v 1407.11550000 3444.74515000 -819.84500000
v 1448.89550000 3388.07515000 -908.22500000
v 1446.46550000 3495.85515000 -638.00500000
v 1458.34550000 3494.96515000 -716.99500000
v 1443.91550000 3150.56515000 -743.63500000
v 1482.49550000 3481.44515000 -812.40500000
v 1466.24550000 3427.70515000 -894.31500000
v 1462.06550000 3318.68515000 -931.02500000
v 1446.93550000 3475.55515000 -550.59500000
v 1457.60550000 3157.55515000 -715.36500000
v 1496.06550000 3133.78515000 -785.41500000
v 1489.15550000 3458.09515000 -873.66500000
v 1553.56550000 3178.07515000 -945.70500000
v 1538.36550000 3234.31515000 -972.31500000
v 1492.20550000 3356.61515000 -956.88500000
v 1482.86550000 3439.20515000 -530.87500000
v 1503.17550000 3408.94515000 -536.60500000
v 1473.82550000 3374.01515000 -543.78500000
v 1489.64550000 3461.85515000 -547.34500000
v 1500.59550000 3497.36515000 -627.26500000
v 1486.61550000 3188.50515000 -683.16500000
v 1491.36550000 3140.35515000 -755.03500000
v 1524.58550000 3133.37515000 -838.39500000
v 1485.86550000 3344.40515000 -1724.08500000
v 1485.85550000 3367.69515000 -1731.97500000
v 1477.06550000 3330.35515000 -1809.57500000
v 1488.07550000 3289.56515000 -1780.86500000
v 1486.41550000 3386.74515000 -1800.49500000
v 1478.66550000 3251.45515000 -1882.90500000
v 1476.67550000 3348.00515000 -1915.67500000
v 1489.39550000 3399.96515000 -1894.94500000
v 1494.33550000 3411.06515000 -1824.23500000
v 1495.37550000 3183.43515000 -1904.10500000
v 1474.39550000 3274.65515000 -1954.93500000
v 1476.90550000 3317.45515000 -2007.89500000
v 1490.64550000 3177.71515000 -1981.04500000
v 1489.45550000 3376.31515000 -1984.06500000
v 1475.91550000 3272.86515000 -2022.37500000
v 1482.00550000 3228.60515000 -2032.85500000
v 1494.18550000 3344.09515000 -2054.70500000
v 1503.76550000 3140.91515000 -2059.30500000
v 1490.91550000 3270.73515000 -2074.56500000
v 1499.50550000 3193.05515000 -2083.93500000
v 1512.08550000 3483.38515000 -590.13500000
v 1513.88550000 3254.82515000 -632.52500000
v 1533.84550000 3127.72515000 -782.43500000
v 1546.74550000 3499.31515000 -778.54500000
v 1516.29550000 3449.54515000 -916.57500000
v 1513.29550000 3430.05515000 -935.25500000
v 1527.43550000 3398.83515000 -970.48500000
v 1535.08550000 3283.32515000 -990.48500000
v 1502.59550000 3369.78515000 -1671.16500000
v 1518.01550000 3390.45515000 -1629.20500000
v 1506.41550000 3398.74515000 -1705.16500000
v 1521.84550000 3370.85515000 -1616.41500000
v 1512.30550000 3337.76515000 -1660.08500000
v 1516.63550000 3259.28515000 -1731.50500000
v 1502.68550000 3414.61515000 -1780.88500000
v 1508.40550000 3197.22515000 -1840.04500000
v 1538.62550000 3140.88515000 -1836.19500000
v 1512.27550000 3431.40515000 -1850.67500000
v 1531.44550000 3098.46515000 -1915.25500000
v 1515.20550000 3425.01515000 -1963.58500000
v 1522.45550000 3087.85515000 -1980.79500000
v 1510.02550000 3392.36515000 -2033.97500000
v 1520.07550000 3088.66515000 -2032.10500000
v 1515.01550000 3357.28515000 -2088.16500000
v 1515.91550000 3311.16515000 -2114.18500000
v 1527.14550000 3117.08515000 -2118.24500000
v 1517.48550000 3200.91515000 -2129.71500000
v 1521.17550000 3259.18515000 -2135.80500000
v 1535.00550000 3448.70515000 -551.91500000
v 1536.20550000 3374.79515000 -557.49500000
v 1564.69550000 3464.87515000 -582.76500000
v 1524.26550000 3330.69515000 -581.34500000
v 1546.72550000 3500.43515000 -705.80500000
v 1543.76550000 3143.34515000 -752.49500000
v 1555.35550000 3471.81515000 -913.19500000
v 1546.21550000 3325.16515000 -1010.10500000
v 1571.99550000 3366.57515000 -1033.77500000
v 1537.91550000 3391.25515000 -1586.44500000
v 1530.90550000 3414.05515000 -1638.65500000
v 1548.80550000 3361.66515000 -1567.91500000
v 1549.30550000 3305.36515000 -1608.11500000
v 1542.01550000 3258.28515000 -1675.52500000
v 1523.47550000 3427.42515000 -1733.17500000
v 1557.79550000 3196.80515000 -1726.08500000
v 1553.15550000 3455.69515000 -1752.62500000
v 1552.81550000 3459.20515000 -1899.47500000
v 1529.79550000 3423.10515000 -2028.20500000
v 1551.70550000 3013.30515000 -2038.30500000
v 1533.53550000 3391.56515000 -2077.38500000
v 1540.28550000 3055.78515000 -2078.35500000
v 1543.48550000 3347.75515000 -2127.66500000
v 1544.25550000 3286.60515000 -2160.04500000
v 1557.40550000 3139.60515000 -2177.86500000
v 1548.02550000 3225.64515000 -2172.40500000
v 1555.80550000 3428.65515000 -557.11500000
v 1585.33550000 3494.86515000 -658.88500000
v 1586.44550000 3190.21515000 -709.45500000
v 1565.50550000 3119.40515000 -825.38500000
v 1587.84550000 3497.41515000 -850.55500000
v 1563.22550000 3485.89515000 -879.91500000
v 1574.33550000 3137.45515000 -910.29500000
v 1567.17550000 3440.80515000 -972.53500000
v 1576.73550000 3413.28515000 -1010.97500000
v 1595.50550000 3399.02515000 -1047.28500000
v 1603.77550000 3301.45515000 -1064.25500000
v 1564.43550000 3401.76515000 -1540.51500000
v 1557.56550000 3421.68515000 -1576.12500000
v 1558.43550000 3439.46515000 -1638.83500000
v 1593.19550000 3247.18515000 -1603.32500000
v 1604.63550000 3286.10515000 -1536.34500000
v 1616.57550000 3186.70515000 -1647.23500000
v 1640.10550000 3095.03515000 -1723.55500000
v 1597.13550000 3056.20515000 -1828.48500000
v 1576.82550000 3471.41515000 -1812.49500000
v 1583.70550000 3021.28515000 -1898.19500000
v 1562.93550000 3013.68515000 -1975.17500000
v 1545.93550000 3443.67515000 -1990.62500000
v 1560.70550000 3429.71515000 -2050.69500000
v 1566.13550000 3394.69515000 -2102.82500000
v 1557.52550000 3035.26515000 -2119.09500000
v 1563.45550000 3066.04515000 -2152.16500000
v 1574.48550000 3259.71515000 -2197.54500000
v 1584.55550000 3195.76515000 -2213.26500000
v 1579.05550000 3399.00515000 -569.45500000
v 1598.91550000 3354.55515000 -593.41500000
v 1605.17550000 3480.26515000 -627.86500000
v 1599.92550000 3305.88515000 -620.14500000
v 1680.06550000 3145.91515000 -787.30500000
v 1584.32550000 3120.96515000 -804.52500000
v 1603.56550000 3114.83515000 -879.10500000
v 1614.40550000 3488.70515000 -923.10500000
v 1595.92550000 3430.38515000 -1017.21500000
v 1615.74550000 3258.09515000 -1060.54500000
v 1592.01550000 3415.21515000 -1499.21500000
v 1575.45550000 3421.36515000 -1539.03500000
v 1595.33550000 3379.06515000 -1487.97500000
v 1611.61550000 3326.81515000 -1489.88500000
v 1596.31550000 3437.57515000 -1532.18500000
v 1620.94550000 3464.96515000 -1583.02500000
v 1615.58550000 3484.08515000 -1845.13500000
v 1614.11550000 2939.07515000 -1959.00500000
v 1600.07550000 3467.53515000 -1962.29500000
v 1596.35550000 2943.55515000 -2024.00500000
v 1611.40550000 3449.62515000 -2034.18500000
v 1590.03550000 2962.90515000 -2088.19500000
v 1596.63550000 3414.73515000 -2087.95500000
v 1591.53550000 2998.40515000 -2145.48500000
v 1579.94550000 3359.43515000 -2147.32500000
v 1576.75550000 3314.79515000 -2171.55500000
v 1597.71550000 3051.78515000 -2189.11500000
v 1611.02550000 3240.33515000 -2228.58500000
v 1611.00550000 3119.65515000 -2226.34500000
v 1608.56550000 3446.57515000 -589.22500000
v 1669.95550000 3504.13515000 -832.30500000
v 1638.32550000 3471.47515000 -1008.54500000
v 1637.25550000 3203.63515000 -1050.96500000
v 1607.05550000 3421.63515000 -1040.29500000
v 1610.91550000 3345.32515000 -1080.36500000
v 1633.69550000 3325.54515000 -1104.75500000
v 1628.30550000 3411.12515000 -1436.74500000
v 1612.94550000 3426.35515000 -1479.92500000
v 1620.77550000 3360.46515000 -1450.77500000
v 1621.04550000 3478.14515000 -1715.57500000
v 1612.02550000 3002.95515000 -1866.28500000
v 1642.88550000 2881.57515000 -2002.50500000
v 1594.47550000 3381.96515000 -2128.37500000
v 1619.88550000 3341.85515000 -2170.96500000
v 1627.91550000 2926.33515000 -2135.06500000
v 1599.38550000 3328.36515000 -2176.17500000
v 1619.38550000 3288.63515000 -2203.72500000
v 1637.02550000 3177.02515000 -2252.34500000
v 1652.45550000 3420.48515000 -606.02500000
v 1655.37550000 3465.86515000 -632.58500000
v 1642.07550000 3331.78515000 -620.29500000
v 1651.60550000 3499.56515000 -731.66500000
v 1714.49550000 3198.52515000 -742.48500000
v 1648.15550000 3119.24515000 -818.65500000
v 1653.66550000 3498.11515000 -914.21500000
v 1635.97550000 3108.12515000 -856.63500000
v 1644.77550000 3104.05515000 -898.39500000
v 1664.46550000 3108.98515000 -950.28500000
v 1630.04550000 3440.78515000 -1051.63500000
v 1631.83550000 3380.37515000 -1108.79500000
v 1646.55550000 3309.21515000 -1119.34500000
v 1635.85550000 3377.08515000 -1418.13500000
v 1640.69550000 3346.81515000 -1423.30500000
v 1653.90550000 3459.19515000 -1469.25500000
v 1645.20550000 3438.14515000 -1438.82500000
v 1671.23550000 3249.45515000 -1471.81500000
v 1683.12550000 3125.70515000 -1624.33500000
v 1677.83550000 3173.74515000 -1566.17500000
v 1670.31550000 3493.66515000 -1714.46500000
v 1644.27550000 2979.96515000 -1851.34500000
v 1659.02550000 2896.68515000 -1940.04500000
v 1642.94550000 3489.33515000 -1895.08500000
v 1651.14550000 3476.34515000 -1970.98500000
v 1639.83550000 2882.72515000 -2055.93500000
v 1678.87550000 3394.80515000 -2088.06500000
v 1651.25550000 2882.09515000 -2110.92500000
v 1629.52550000 3373.66515000 -2130.47500000
v 1679.46550000 2876.55515000 -2164.19500000
v 1648.37550000 2953.69515000 -2186.31500000
v 1668.30550000 3019.09515000 -2240.73500000
v 1642.79550000 3249.05515000 -2238.53500000
v 1649.23550000 3216.21515000 -2253.13500000
v 1649.77550000 3385.62515000 -607.96500000
v 1677.16550000 3304.38515000 -649.47500000
v 1684.05550000 3486.60515000 -690.22500000
v 1648.83550000 3252.47515000 -677.38500000
v 1659.60550000 3132.53515000 -998.81500000
v 1664.64550000 3157.44515000 -1039.54500000
v 1675.26550000 3434.53515000 -1152.69500000
v 1677.45550000 3460.62515000 -1101.75500000
v 1635.38550000 3413.32515000 -1094.32500000
v 1661.05550000 3400.94515000 -1160.66500000
v 1640.30550000 3346.35515000 -1124.00500000
v 1659.00550000 3394.39515000 -1367.77500000
v 1661.59550000 3423.90515000 -1377.67500000
v 1667.95550000 3347.85515000 -1365.43500000
v 1672.43550000 3441.97515000 -1379.59500000
v 1657.84550000 3315.18515000 -1418.67500000
v 1688.74550000 3487.97515000 -1578.89500000
v 1696.70550000 3005.67515000 -1749.94500000
v 1713.36550000 3491.90515000 -1871.84500000
v 1700.09550000 2833.00515000 -1978.04500000
v 1673.56550000 3454.92515000 -2005.03500000
v 1702.98550000 2817.79515000 -2035.18500000
v 1714.55550000 2809.99515000 -2102.54500000
v 1687.43550000 3285.37515000 -2209.21500000
v 1702.03550000 3237.81515000 -2246.31500000
v 1718.91550000 2907.44515000 -2231.19500000
v 1698.88550000 3205.46515000 -2268.20500000
v 1687.48550000 3178.54515000 -2277.47500000
v 1674.82550000 3099.26515000 -2269.20500000
v 1718.98550000 3128.52515000 -2295.49500000
v 1711.24550000 3448.30515000 -649.05500000
v 1691.75550000 3345.49515000 -641.20500000
v 1683.60550000 3102.02515000 -865.54500000
v 1689.91550000 3492.40515000 -1007.04500000
v 1722.14550000 3104.87515000 -1030.55500000
v 1676.26550000 3258.21515000 -1133.40500000
v 1678.86550000 3401.10515000 -1231.43500000
v 1664.06550000 3349.93515000 -1167.81500000
v 1685.39550000 3348.56515000 -1246.58500000
v 1678.44550000 3373.12515000 -1301.27500000
v 1678.34550000 3412.67515000 -1303.16500000
v 1686.50550000 3440.78515000 -1322.60500000
v 1683.03550000 3454.43515000 -1379.84500000
v 1725.87550000 3046.84515000 -1665.17500000
v 1693.44550000 3495.64515000 -1783.32500000
v 1715.97550000 2945.87515000 -1793.70500000
v 1742.70550000 2868.16515000 -1867.76500000
v 1745.73550000 3411.26515000 -2028.82500000
v 1713.30550000 2829.87515000 -2149.35500000
v 1694.98550000 3328.02515000 -2158.67500000
v 1702.43550000 2885.52515000 -2197.44500000
v 1724.99550000 3272.66515000 -690.53500000
v 1740.28550000 3239.54515000 -720.89500000
v 1742.59550000 3498.59515000 -767.98500000
v 1725.25550000 3108.45515000 -863.47500000
v 1693.78550000 3095.41515000 -919.91500000
v 1712.19550000 3501.28515000 -960.76500000
v 1710.08550000 3481.32515000 -1114.31500000
v 1728.02550000 3125.78515000 -1080.27500000
v 1716.35550000 3170.10515000 -1120.37500000
v 1704.60550000 3461.15515000 -1182.99500000
v 1690.76550000 3435.41515000 -1244.05500000
v 1704.06550000 3275.19515000 -1201.76500000
v 1706.87550000 3460.57515000 -1294.41500000
v 1724.82550000 3259.19515000 -1272.27500000
v 1691.34550000 3326.82515000 -1305.49500000
v 1705.70550000 3265.16515000 -1366.50500000
v 1701.98550000 3475.79515000 -1420.46500000
v 1745.17550000 3090.57515000 -1577.02500000
v 1753.97550000 3481.85515000 -1893.67500000
v 1780.60550000 3449.71515000 -1941.02500000
v 1786.98550000 2737.12515000 -2085.67500000
v 1788.14550000 2756.35515000 -2170.57500000
v 1745.44550000 2936.88515000 -2269.66500000
v 1742.27550000 2999.28515000 -2287.52500000
v 1750.48550000 3160.57515000 -2297.26500000
v 1735.43550000 3145.21515000 -2298.70500000
v 1778.51550000 3025.58515000 -2313.96500000
v 1740.01550000 3422.60515000 -656.73500000
v 1729.43550000 3471.35515000 -682.16500000
v 1721.99550000 3387.03515000 -649.24500000
v 1737.87550000 3092.87515000 -912.21500000
v 1750.70550000 3087.01515000 -1007.21500000
v 1774.85550000 3082.33515000 -961.90500000
v 1730.63550000 3493.17515000 -1088.65500000
v 1726.41550000 3207.08515000 -1176.48500000
v 1751.75550000 3199.38515000 -1245.25500000
v 1727.70550000 3478.91515000 -1255.46500000
v 1742.11550000 3191.27515000 -1401.15500000
v 1753.39550000 3140.33515000 -1475.12500000
v 1743.67550000 3494.83515000 -1466.88500000
v 1752.50550000 3499.49515000 -1595.15500000
v 1768.67550000 2961.02515000 -1715.33500000
v 1783.98550000 2780.53515000 -1947.57500000
v 1768.16550000 2815.90515000 -2211.65500000
v 1800.91550000 3329.38515000 -706.48500000
v 1741.25550000 3303.31515000 -683.94500000
v 1811.07550000 3220.20515000 -764.73500000
v 1832.99550000 3123.93515000 -884.69500000
v 1819.77550000 3507.97515000 -973.73500000
v 1754.53550000 3499.41515000 -1062.95500000
v 1749.59550000 3210.60515000 -1282.46500000
v 1754.51550000 3197.83515000 -1314.35500000
v 1759.50550000 3492.72515000 -1315.43500000
v 1760.14550000 2916.99515000 -1779.98500000
v 1793.76550000 2746.42515000 -2013.03500000
v 1799.35550000 2732.28515000 -2137.13500000
v 1857.94550000 3314.96515000 -2092.52500000
v 1782.31550000 3304.82515000 -2148.56500000
v 1799.04550000 3242.49515000 -2216.42500000
v 1787.08550000 3207.53515000 -2258.27500000
v 1826.24550000 2822.07515000 -2282.00500000
v 1826.83550000 2884.48515000 -2310.34500000
v 1791.44550000 3112.25515000 -2320.46500000
v 1835.53550000 3024.50515000 -2340.23500000
v 1788.54550000 3464.49515000 -704.92500000
v 1791.34550000 3483.08515000 -740.35500000
v 1856.33550000 3175.49515000 -830.93500000
v 1810.08550000 3504.04515000 -853.07500000
v 1825.57550000 3086.72515000 -948.80500000
v 1827.61550000 3065.30515000 -1026.50500000
v 1795.48550000 3089.11515000 -1115.05500000
v 1748.57550000 3491.40515000 -1168.00500000
v 1769.69550000 3125.59515000 -1149.65500000
v 1765.68550000 3156.15515000 -1198.88500000
v 1792.41550000 3135.29515000 -1363.31500000
v 1792.75550000 3500.55515000 -1397.81500000
v 1807.57550000 3066.41515000 -1509.31500000
v 1801.11550000 3015.01515000 -1604.32500000
v 1834.82550000 3501.71515000 -1669.36500000
v 1805.55550000 2883.16515000 -1774.03500000
v 1874.55550000 2749.45515000 -1889.67500000
v 1884.38550000 2698.64515000 -1961.71500000
v 1891.13550000 3387.40515000 -1962.92500000
v 1796.36550000 3164.84515000 -2292.56500000
v 1825.47550000 2934.40515000 -2323.29500000
v 1825.63550000 3389.12515000 -713.21500000
v 1794.51550000 3435.75515000 -697.43500000
v 1801.50550000 3267.97515000 -733.01500000
v 1823.70550000 3073.21515000 -987.18500000
v 1823.37550000 3068.26515000 -1077.66500000
v 1861.96550000 3057.54515000 -1138.02500000
v 1822.50550000 3503.65515000 -1207.66500000
v 1817.26550000 3105.46515000 -1219.68500000
v 1785.62550000 3149.95515000 -1271.47500000
v 1815.58550000 3095.35515000 -1425.54500000
v 1887.42550000 3496.80515000 -1746.05500000
v 1828.45550000 2830.29515000 -1824.00500000
v 1865.71550000 3476.12515000 -1831.92500000
v 1870.95550000 3445.66515000 -1884.67500000
v 1842.82550000 2687.94515000 -2133.63500000
v 1868.23550000 2705.23515000 -2235.28500000
v 1814.62550000 3125.88515000 -2318.06500000
v 1839.48550000 3449.89515000 -728.80500000
v 1832.91550000 3496.61515000 -809.03500000
v 1826.02550000 3107.96515000 -1303.32500000
v 1863.73550000 3075.15515000 -1360.90500000
v 1849.59550000 3023.84515000 -1520.32500000
v 1860.16550000 2920.07515000 -1670.68500000
v 1860.14550000 2676.44515000 -2065.27500000
v 1860.91550000 2671.03515000 -2108.48500000
v 1867.56550000 2740.85515000 -2270.01500000
v 1868.69550000 3076.70515000 -2345.09500000
v 1893.10550000 3017.71515000 -2361.60500000
v 1869.18550000 3467.89515000 -765.00500000
v 1910.18550000 3263.75515000 -792.59500000
v 1927.16550000 3089.94515000 -980.39500000
v 1886.23550000 3047.05515000 -1100.81500000
v 1890.21550000 3513.74515000 -1092.36500000
v 1855.97550000 3069.56515000 -1189.78500000
v 1887.20550000 3035.55515000 -1438.07500000
v 1888.74550000 2976.13515000 -1556.80500000
v 1893.15550000 3507.84515000 -1447.49500000
v 1891.01550000 2667.70515000 -2017.58500000
v 1908.03550000 3203.48515000 -2211.00500000
v 1875.72550000 2670.66515000 -2188.65500000
v 1876.71550000 2927.83515000 -2351.41500000
v 1855.21550000 3423.21515000 -734.65500000
v 1940.81550000 3330.72515000 -794.79500000
v 1931.31550000 3395.49515000 -784.93500000
v 1854.38550000 3239.19515000 -775.04500000
v 1888.91550000 3219.18515000 -807.60500000
v 1892.84550000 3503.38515000 -872.28500000
v 1865.93550000 3506.78515000 -911.38500000
v 1896.58550000 3070.27515000 -1000.85500000
v 1913.43550000 3509.34515000 -937.10500000
v 1878.57550000 3061.19515000 -1025.70500000
v 1945.05550000 3518.56515000 -1012.76500000
v 1879.56550000 3053.06515000 -1059.50500000
v 1924.35550000 3517.17515000 -1219.22500000
v 1892.02550000 3056.74515000 -1265.68500000
v 1916.25550000 2995.55515000 -1486.06500000
v 1929.47550000 2783.20515000 -1793.13500000
v 1905.38550000 2633.24515000 -2161.84500000
v 1939.03550000 2599.87515000 -2133.84500000
v 1895.59550000 3132.66515000 -2296.07500000
v 1956.56550000 2645.01515000 -2301.80500000
v 1876.00550000 3100.02515000 -2329.64500000
v 1923.85550000 2763.82515000 -2342.79500000
v 1907.71550000 2839.02515000 -2353.14500000
v 1916.04550000 3439.88515000 -782.59500000
v 1936.58550000 3459.91515000 -806.55500000
v 1906.56550000 3488.55515000 -832.70500000
v 1952.02550000 3201.13515000 -852.95500000
v 1960.64550000 3178.12515000 -877.75500000
v 1960.25550000 3142.17515000 -925.07500000
v 1913.20550000 3039.93515000 -1187.98500000
v 1962.22550000 3011.31515000 -1321.59500000
v 1950.00550000 3506.58515000 -1599.02500000
v 1966.52550000 2909.25515000 -1583.79500000
v 1940.08550000 3439.88515000 -1846.64500000
v 1968.74550000 2646.50515000 -1942.50500000
v 1968.68550000 2586.46515000 -2069.48500000
v 1975.58550000 3217.14515000 -2150.50500000
v 1959.27550000 2608.03515000 -2260.62500000
v 1954.99550000 2593.78515000 -2219.34500000
v 1948.01550000 2695.87515000 -2330.14500000
v 1926.71550000 3045.16515000 -2361.14500000
v 1932.16550000 3015.71515000 -2371.54500000
v 1939.76550000 2930.42515000 -2381.48500000
v 1926.36550000 3041.72515000 -1088.02500000
v 1935.80550000 3029.43515000 -1246.59500000
v 1984.33550000 2976.51515000 -1421.59500000
v 1982.95550000 2944.99515000 -1501.58500000
v 1977.46550000 2838.18515000 -1678.52500000
v 1987.07550000 3481.29515000 -1738.11500000
v 2009.02550000 3378.04515000 -1897.28500000
v 1969.23550000 2613.04515000 -2001.61500000
v 2044.67550000 3253.98515000 -2052.20500000
v 1976.73550000 3471.02515000 -847.95500000
v 1941.85550000 3229.45515000 -828.81500000
v 1951.55550000 3053.87515000 -1057.26500000
v 1967.88550000 3523.08515000 -1096.66500000
v 1945.63550000 3028.12515000 -1150.42500000
v 1967.12550000 3014.36515000 -1221.60500000
v 2002.15550000 3004.57515000 -1186.64500000
v 2015.84550000 3525.37515000 -1338.44500000
v 2061.62550000 2621.21515000 -1890.44500000
v 1973.70550000 2569.35515000 -2197.87500000
v 1991.09550000 3091.34515000 -2299.02500000
v 1942.24550000 3051.49515000 -2353.69500000
v 1990.38550000 2808.56515000 -2395.45500000
v 1996.91550000 2729.59515000 -2385.87500000
v 1971.80550000 2959.07515000 -2391.59500000
v 1986.53550000 3449.16515000 -838.24500000
v 2022.00550000 3275.85515000 -857.57500000
v 2057.55550000 3314.65515000 -875.51500000
v 1993.25550000 3492.29515000 -892.85500000
v 1960.16550000 3503.80515000 -908.91500000
v 1982.71550000 3024.49515000 -1130.15500000
v 2034.07550000 3531.61515000 -1165.05500000
v 2045.25550000 2739.31515000 -1758.81500000
v 2038.11550000 2692.16515000 -1822.40500000
v 2054.37550000 2496.80515000 -2110.57500000
v 2029.89550000 2512.40515000 -2152.37500000
v 2032.87550000 2508.85515000 -2212.74500000
v 2054.37550000 2534.17515000 -2330.85500000
v 2045.63550000 2578.56515000 -2359.41500000
v 1994.84550000 2984.35515000 -2387.93500000
v 2009.07550000 3422.03515000 -845.57500000
v 2031.98550000 3369.01515000 -858.41500000
v 2000.29550000 3228.39515000 -863.96500000
v 2008.87550000 3517.59515000 -974.46500000
v 2018.08550000 3085.94515000 -1030.26500000
v 2055.31550000 3520.42515000 -1503.87500000
v 2101.46550000 2865.34515000 -1531.30500000
v 2082.39550000 2827.72515000 -1613.16500000
v 2123.11550000 2763.15515000 -1676.92500000
v 2069.20550000 2514.74515000 -2039.68500000
v 2046.32550000 2626.52515000 -2386.39500000
v 2013.36550000 3023.64515000 -2355.73500000
v 2058.25550000 2849.15515000 -2427.39500000
v 2038.62550000 3486.67515000 -909.91500000
v 2004.39550000 3187.28515000 -896.79500000
v 2052.78550000 3505.56515000 -945.22500000
v 2031.25550000 3526.52515000 -1048.21500000
v 2025.30550000 3035.62515000 -1105.63500000
v 2054.46550000 2997.46515000 -1174.68500000
v 2082.18550000 2942.85515000 -1336.11500000
v 2092.75550000 2907.16515000 -1438.49500000
v 2113.52550000 3539.17515000 -1408.21500000
v 2068.73550000 3428.29515000 -1790.33500000
v 2044.45550000 2576.57515000 -1969.17500000
v 2071.01550000 3111.22515000 -2222.30500000
v 2032.61550000 2522.61515000 -2263.72500000
v 2022.77550000 2928.53515000 -2407.19500000
v 2089.90550000 2650.97515000 -2426.69500000
v 2051.76550000 3459.48515000 -893.86500000
v 2063.83550000 3206.73515000 -914.89500000
v 2077.88550000 3048.41515000 -1096.58500000
v 2038.31550000 2983.60515000 -1244.76500000
v 2079.08550000 3538.56515000 -1272.74500000
v 2037.92550000 3502.55515000 -1637.44500000
v 2125.11550000 2662.04515000 -1801.27500000
v 2087.55550000 3342.44515000 -1903.15500000
v 2097.07550000 2437.62515000 -2220.21500000
v 2101.16550000 2506.65515000 -2372.54500000
v 2061.38550000 2953.79515000 -2399.58500000
v 2060.97550000 2912.66515000 -2416.90500000
v 2084.62550000 2737.33515000 -2435.69500000
v 2088.21550000 3409.01515000 -904.20500000
v 2089.35550000 3238.05515000 -915.76500000
v 2078.96550000 3150.40515000 -982.21500000
v 2095.28550000 3520.85515000 -996.21500000
v 2096.51550000 3008.87515000 -1148.72500000
v 2112.96550000 3552.41515000 -1175.97500000
v 2097.00550000 2967.32515000 -1221.03500000
v 2184.86550000 2762.70515000 -1634.04500000
v 2083.68550000 3477.12515000 -1696.43500000
v 2147.38550000 3368.97515000 -1839.55500000
v 2130.60550000 2431.77515000 -2102.79500000
v 2141.82550000 2392.77515000 -2176.74500000
v 2126.50550000 2410.22515000 -2277.83500000
v 2067.25550000 3030.29515000 -2323.88500000
v 2131.78550000 2841.71515000 -2450.31500000
v 2138.91550000 3359.13515000 -934.34500000
v 2094.38550000 3488.46515000 -940.87500000
v 2109.92550000 3541.72515000 -1076.38500000
v 2118.34550000 3079.76515000 -1076.99500000
v 2114.93550000 2977.62515000 -1192.08500000
v 2127.27550000 3554.42515000 -1276.05500000
v 2109.21550000 2949.07515000 -1266.57500000
v 2158.03550000 3269.12515000 -1965.60500000
v 2149.98550000 2497.68515000 -1969.22500000
v 2124.52550000 2436.59515000 -2330.09500000
v 2125.51550000 2464.15515000 -2366.28500000
v 2111.69550000 2947.63515000 -2387.15500000
v 2159.69550000 2462.95515000 -2410.85500000
v 2141.72550000 2543.85515000 -2431.60500000
v 2117.80550000 2895.40515000 -2424.64500000
v 2146.07550000 2673.18515000 -2460.16500000
v 2123.20550000 3283.04515000 -927.85500000
v 2112.60550000 3202.71515000 -953.27500000
v 2099.20550000 3503.56515000 -962.98500000
v 2156.25550000 3565.48515000 -1099.94500000
v 2139.45550000 3028.06515000 -1134.31500000
v 2169.43550000 3584.07515000 -1153.51500000
v 2179.17550000 2966.70515000 -1197.76500000
v 2157.61550000 3578.94515000 -1198.57500000
v 2167.75550000 3583.21515000 -1242.70500000
v 2144.57550000 3553.32515000 -1350.85500000
v 2159.62550000 2917.03515000 -1299.57500000
v 2128.67550000 3515.80515000 -1578.55500000
v 2224.68550000 2770.13515000 -1587.83500000
v 2140.99550000 3494.95515000 -1641.08500000
v 2169.32550000 2699.85515000 -1728.14500000
v 2170.93550000 3322.40515000 -1891.50500000
v 2201.15550000 2406.83515000 -2033.43500000
v 2197.24550000 3111.06515000 -2140.19500000
v 2174.79550000 2348.06515000 -2264.70500000
v 2167.53550000 2989.03515000 -2304.79500000
v 2148.34550000 2733.85515000 -2464.41500000
v 2179.60550000 2608.51515000 -2468.69500000
v 2175.69550000 2553.86515000 -2457.83500000
v 2119.65550000 3458.15515000 -938.39500000
v 2154.41550000 3432.75515000 -951.40500000
v 2147.22550000 3501.48515000 -978.54500000
v 2167.72550000 3179.25515000 -1006.27500000
v 2169.50550000 3536.93515000 -1024.35500000
v 2173.71550000 3126.28515000 -1057.60500000
v 2175.43550000 3560.06515000 -1063.06500000
v 2157.26550000 2941.65515000 -1245.62500000
v 2198.09550000 3585.33515000 -1329.17500000
v 2218.52550000 2860.05515000 -1380.46500000
v 2166.04550000 3535.18515000 -1512.20500000
v 2184.69550000 2842.73515000 -1477.75500000
v 2159.89550000 3451.91515000 -1715.44500000
v 2196.58550000 3396.61515000 -1786.35500000
v 2218.77550000 2350.19515000 -2092.56500000
v 2199.73550000 2345.50515000 -2136.06500000
v 2249.50550000 3025.30515000 -2208.02500000
v 2167.85550000 2362.45515000 -2296.51500000
v 2182.25550000 2386.90515000 -2378.10500000
v 2170.01550000 2873.58515000 -2429.93500000
v 2190.82550000 2759.03515000 -2478.16500000
v 2174.25550000 3470.71515000 -973.93500000
v 2173.34550000 3229.36515000 -979.31500000
v 2205.87550000 3583.88515000 -1083.80500000
v 2200.07550000 3594.53515000 -1119.07500000
v 2218.12550000 3075.92515000 -1127.12500000
v 2211.77550000 3005.93515000 -1172.56500000
v 2198.73550000 3607.10515000 -1202.42500000
v 2200.02550000 3563.15515000 -1420.77500000
v 2225.41550000 2799.03515000 -1530.14500000
v 2201.35550000 3521.66515000 -1576.77500000
v 2248.05550000 2709.54515000 -1660.36500000
v 2262.01550000 2635.70515000 -1743.03500000
v 2220.11550000 2572.07515000 -1834.03500000
v 2249.50550000 3176.66515000 -2032.99500000
v 2215.02550000 2294.39515000 -2240.85500000
v 2194.42550000 2335.20515000 -2328.01500000
v 2231.53550000 2884.93515000 -2377.24500000
v 2171.66550000 2836.62515000 -2453.47500000
v 2178.96550000 2807.15515000 -2465.39500000
v 2218.74550000 2646.06515000 -2488.83500000
v 2203.34550000 3495.60515000 -996.85500000
v 2195.09550000 3518.56515000 -1006.71500000
v 2232.74550000 3172.97515000 -1051.73500000
v 2218.95550000 3615.57515000 -1165.29500000
v 2219.00550000 2917.27515000 -1257.22500000
v 2221.02550000 3613.86515000 -1262.47500000
v 2223.45550000 2891.14515000 -1301.22500000
v 2230.18550000 3588.74515000 -1376.05500000
v 2232.46550000 3334.33515000 -1854.54500000
v 2236.67550000 3264.23515000 -1937.10500000
v 2232.93550000 2480.92515000 -1914.58500000
v 2285.23550000 2250.14515000 -2129.25500000
v 2243.09550000 2268.56515000 -2195.40500000
v 2243.73550000 2291.53515000 -2390.62500000
v 2252.71550000 2313.20515000 -2427.89500000
v 2231.85550000 2456.25515000 -2472.24500000
v 2224.69550000 2776.32515000 -2477.54500000
v 2237.51550000 3445.24515000 -1011.08500000
v 2220.56550000 3302.56515000 -999.59500000
v 2207.97550000 3202.12515000 -1016.67500000
v 2229.47550000 3543.29515000 -1032.21500000
v 2225.12550000 3569.48515000 -1060.68500000
v 2246.67550000 3139.51515000 -1088.43500000
v 2241.67550000 3615.94515000 -1135.69500000
v 2256.50550000 2953.99515000 -1216.01500000
v 2239.64550000 3628.71515000 -1215.78500000
v 2265.03550000 2914.21515000 -1251.75500000
v 2246.65550000 3607.69515000 -1332.34500000
v 2288.56550000 2786.20515000 -1469.54500000
v 2239.81550000 3553.94515000 -1495.80500000
v 2240.27550000 3489.87515000 -1639.29500000
v 2297.41550000 3415.31515000 -1739.47500000
v 2254.99550000 2405.99515000 -1975.92500000
v 2300.99550000 2295.77515000 -2050.75500000
v 2297.48550000 2267.99515000 -2087.63500000
v 2253.72550000 2236.92515000 -2307.35500000
v 2322.43550000 2905.67515000 -2288.79500000
v 2224.95550000 2820.62515000 -2445.29500000
v 2256.33550000 2528.16515000 -2498.44500000
v 2225.98550000 3509.83515000 -1017.32500000
v 2242.81550000 3226.05515000 -1032.63500000
v 2244.32550000 3595.79515000 -1094.02500000
v 2250.04550000 3629.93515000 -1179.41500000
v 2269.58550000 3046.72515000 -1171.79500000
v 2298.17550000 3002.79515000 -1204.27500000
v 2263.79550000 3627.73515000 -1269.32500000
v 2269.59550000 2886.14515000 -1284.63500000
v 2307.41550000 2844.50515000 -1322.00500000
v 2337.77550000 2546.32515000 -1787.83500000
v 2313.53550000 2328.15515000 -2003.11500000
v 2305.33550000 2184.08515000 -2192.93500000
v 2267.21550000 2217.49515000 -2258.53500000
v 2278.76550000 2215.10515000 -2371.77500000
v 2299.25550000 2303.53515000 -2481.19500000
v 2270.86550000 2711.79515000 -2500.69500000
v 2327.36550000 2407.62515000 -2524.72500000
v 2301.94550000 2635.57515000 -2518.17500000
v 2264.21550000 3530.22515000 -1044.24500000
v 2259.76550000 3560.36515000 -1057.34500000
v 2286.29550000 3585.65515000 -1093.68500000
v 2277.58550000 3611.75515000 -1129.18500000
v 2289.29550000 3173.67515000 -1088.27500000
v 2265.19550000 3634.40515000 -1178.66500000
v 2269.94550000 3634.07515000 -1212.30500000
v 2289.81550000 3614.38515000 -1340.24500000
v 2264.47550000 3585.66515000 -1406.96500000
v 2313.24550000 2798.73515000 -1395.51500000
v 2298.79550000 2752.03515000 -1542.78500000
v 2262.04550000 3533.14515000 -1554.74500000
v 2315.77550000 3515.30515000 -1582.82500000
v 2447.69550000 2536.53515000 -1726.16500000
v 2310.77550000 3339.05515000 -1830.49500000
v 2365.23550000 2442.75515000 -1862.61500000
v 2292.08550000 3215.56515000 -1972.10500000
v 2308.19550000 2155.86515000 -2246.77500000
v 2325.92550000 2117.84515000 -2357.45500000
v 2301.91550000 2205.82515000 -2421.67500000
v 2273.49550000 2763.83515000 -2470.86500000
v 2306.96550000 2707.08515000 -2495.49500000
v 2313.93550000 2354.90515000 -2507.18500000
v 2319.88550000 2537.12515000 -2528.51500000
v 2295.72550000 3364.47515000 -1052.21500000
v 2326.21550000 3432.85515000 -1073.90500000
v 2296.50550000 3556.98515000 -1076.30500000
v 2285.80550000 3205.25515000 -1070.33500000
v 2311.69550000 3148.01515000 -1126.35500000
v 2297.25550000 3625.83515000 -1184.84500000
v 2313.31550000 3103.12515000 -1158.79500000
v 2326.38550000 2949.06515000 -1235.60500000
v 2327.96550000 2907.89515000 -1257.65500000
v 2306.50550000 3623.80515000 -1271.60500000
v 2321.54550000 2809.90515000 -1361.22500000
v 2305.36550000 3554.47515000 -1496.74500000
v 2311.43550000 3257.55515000 -1919.25500000
v 2362.72550000 2340.16515000 -1948.58500000
v 2336.53550000 3050.24515000 -2128.29500000
v 2312.23550000 2138.81515000 -2299.88500000
v 2342.75550000 2825.06515000 -2362.40500000
v 2317.43550000 2215.91515000 -2457.49500000
v 2298.88550000 2794.88515000 -2422.17500000
v 2365.47550000 2270.52515000 -2528.49500000
v 2342.17550000 2641.77515000 -2518.57500000
v 2356.12550000 2443.13515000 -2542.16500000
v 2326.19550000 3507.91515000 -1083.01500000
v 2330.81550000 3266.94515000 -1088.24500000
v 2318.63550000 3607.25515000 -1148.51500000
v 2357.52550000 3064.73515000 -1199.94500000
v 2381.30550000 2991.70515000 -1239.00500000
v 2339.75550000 2864.53515000 -1288.39500000
v 2319.24550000 3613.73515000 -1336.33500000
v 2384.19550000 2757.55515000 -1375.39500000
v 2326.05550000 3590.95515000 -1396.44500000
v 2339.74550000 2701.69515000 -1595.42500000
v 2344.86550000 3453.24515000 -1674.31500000
v 2374.94550000 2633.97515000 -1662.55500000
v 2344.41550000 3179.58515000 -1991.93500000
v 2379.78550000 2198.91515000 -2063.90500000
v 2352.03550000 2127.19515000 -2173.74500000
v 2365.80550000 2040.58515000 -2295.00500000
v 2345.70550000 2098.81515000 -2409.49500000
v 2349.95550000 2718.45515000 -2459.08500000
v 2380.26550000 2315.84515000 -2543.60500000
v 2344.44550000 3554.16515000 -1111.81500000
v 2380.84550000 3374.63515000 -1116.41500000
v 2341.95550000 3204.23515000 -1114.70500000
v 2345.11550000 3580.77515000 -1135.91500000
v 2337.86550000 3613.90515000 -1184.26500000
v 2363.42550000 3605.96515000 -1236.61500000
v 2402.02550000 2795.59515000 -1319.45500000
v 2355.84550000 3601.94515000 -1324.95500000
v 2374.28550000 2741.01515000 -1441.19500000
v 2383.88550000 2707.15515000 -1524.41500000
v 2365.39550000 3518.95515000 -1553.27500000
v 2416.53550000 3385.22515000 -1754.13500000
v 2361.42550000 3283.25515000 -1882.71500000
v 2394.31550000 3235.46515000 -1926.70500000
v 2385.88550000 2134.37515000 -2115.20500000
v 2408.20550000 2057.43515000 -2154.43500000
v 2355.73550000 2087.38515000 -2226.28500000
v 2360.61550000 2045.84515000 -2344.52500000
v 2384.12550000 2000.76515000 -2392.50500000
v 2368.23550000 2098.60515000 -2461.70500000
v 2401.20550000 2633.01515000 -2495.49500000
v 2408.96550000 2153.03515000 -2535.33500000
v 2361.57550000 2168.28515000 -2491.24500000
v 2362.37550000 3591.95515000 -1178.73500000
v 2388.89550000 3135.29515000 -1180.63500000
v 2418.43550000 3050.90515000 -1235.83500000
v 2391.50550000 2900.46515000 -1270.39500000
v 2372.35550000 2873.72515000 -1279.71500000
v 2387.35550000 2775.41515000 -1345.43500000
v 2387.68550000 3571.44515000 -1404.62500000
v 2376.19550000 3542.82515000 -1484.40500000
v 2400.67550000 3466.16515000 -1630.84500000
v 2406.23550000 3306.47515000 -1848.76500000
v 2448.84550000 2463.07515000 -1794.99500000
v 2390.57550000 3100.23515000 -2053.04500000
v 2418.37550000 1988.16515000 -2208.08500000
v 2437.13550000 2910.21515000 -2211.99500000
v 2401.77550000 1983.12515000 -2264.50500000
v 2402.95550000 2740.18515000 -2400.17500000
v 2405.75550000 1975.41515000 -2444.74500000
v 2407.04550000 2544.82515000 -2545.49500000
v 2389.89550000 2504.81515000 -2551.92500000
v 2411.07550000 2424.86515000 -2564.58500000
v 2439.45550000 2309.98515000 -2573.16500000
v 2414.62550000 3504.30515000 -1152.69500000
v 2398.66550000 3447.57515000 -1131.88500000
v 2427.06550000 3231.31515000 -1163.88500000
v 2403.59550000 3549.12515000 -1177.86500000
v 2390.78550000 3181.70515000 -1159.38500000
v 2399.60550000 3587.21515000 -1301.81500000
v 2406.61550000 2837.36515000 -1296.62500000
v 2408.32550000 3573.15515000 -1353.07500000
v 2450.49550000 2679.81515000 -1467.75500000
v 2437.77550000 3411.75515000 -1704.28500000
v 2453.61550000 2332.53515000 -1897.21500000
v 2437.81550000 3164.07515000 -1986.23500000
v 2392.51550000 2249.14515000 -2004.71500000
v 2460.94550000 2011.36515000 -2121.35500000
v 2433.57550000 1890.47515000 -2324.57500000
v 2411.20550000 1933.51515000 -2363.10500000
v 2419.90550000 1978.05515000 -2482.74500000
v 2415.81550000 2048.21515000 -2506.79500000
v 2397.44550000 2592.09515000 -2524.93500000
v 2457.28550000 2191.20515000 -2573.00500000
v 2450.13550000 3317.66515000 -1170.20500000
v 2424.79550000 3559.05515000 -1234.66500000
v 2449.32550000 2943.62515000 -1277.64500000
v 2434.79550000 2727.37515000 -1363.70500000
v 2437.20550000 2708.88515000 -1404.68500000
v 2438.26550000 3525.77515000 -1472.50500000
v 2468.32550000 2620.20515000 -1593.75500000
v 2512.80550000 2627.37515000 -1508.66500000
v 2444.51550000 3483.63515000 -1563.04500000
v 2504.99550000 2376.22515000 -1832.78500000
v 2508.49550000 2210.39515000 -1943.18500000
v 2475.73550000 2053.98515000 -2073.78500000
v 2457.05550000 1956.10515000 -2171.75500000
v 2438.35550000 1875.74515000 -2425.27500000
v 2454.75550000 2655.54515000 -2437.48500000
v 2443.02550000 1944.69515000 -2506.02500000
v 2454.11550000 1967.36515000 -2529.29500000
v 2469.86550000 2423.12515000 -2575.37500000
v 2457.69550000 2393.94515000 -2578.85500000
v 2451.47550000 3389.00515000 -1168.20500000
v 2481.08550000 3503.97515000 -1237.49500000
v 2447.40550000 3102.18515000 -1229.66500000
v 2430.80550000 3563.44515000 -1284.67500000
v 2463.63550000 3036.53515000 -1260.47500000
v 2465.66550000 2837.43515000 -1301.13500000
v 2447.44550000 2737.58515000 -1345.58500000
v 2454.57550000 2776.68515000 -1322.51500000
v 2465.46550000 3538.94515000 -1347.96500000
v 2452.08550000 3536.07515000 -1408.94500000
v 2495.33550000 2557.51515000 -1660.82500000
v 2452.12550000 3227.02515000 -1925.34500000
v 2506.02550000 2089.14515000 -2019.18500000
v 2515.24550000 3071.85515000 -2041.88500000
v 2525.91550000 1935.85515000 -2099.99500000
v 2492.68550000 2984.33515000 -2118.66500000
v 2495.84550000 1816.57515000 -2240.64500000
v 2461.61550000 1850.68515000 -2286.45500000
v 2450.40550000 2788.27515000 -2320.52500000
v 2487.91550000 1750.22515000 -2364.90500000
v 2467.50550000 1790.77515000 -2409.98500000
v 2491.14550000 2686.42515000 -2384.64500000
v 2463.87550000 1841.94515000 -2491.89500000
v 2468.63550000 1897.51515000 -2528.09500000
v 2465.40550000 2541.31515000 -2518.44500000
v 2475.97550000 2474.67515000 -2554.77500000
v 2463.49550000 2013.88515000 -2549.88500000
v 2468.45550000 2457.99515000 -2564.44500000
v 2499.55550000 2304.21515000 -2594.56500000
v 2479.82550000 3428.42515000 -1192.11500000
v 2479.40550000 3177.07515000 -1219.43500000
v 2565.24550000 3012.74515000 -1306.43500000
v 2503.85550000 2898.66515000 -1301.14500000
v 2482.46550000 2697.17515000 -1374.97500000
v 2511.41550000 3489.36515000 -1467.29500000
v 2493.09550000 2667.87515000 -1430.62500000
v 2501.88550000 2648.92515000 -1466.69500000
v 2500.58550000 3476.38515000 -1520.36500000
v 2504.65550000 3406.89515000 -1669.79500000
v 2506.22550000 3353.54515000 -1758.65500000
v 2490.60550000 3301.35515000 -1834.05500000
v 2484.30550000 3248.97515000 -1895.50500000
v 2469.48550000 1794.65515000 -2454.65500000
v 2541.23550000 2550.39515000 -2460.24500000
v 2494.24550000 1896.22515000 -2566.29500000
v 2499.87550000 1798.76515000 -2555.31500000
v 2508.20550000 2060.37515000 -2591.33500000
v 2529.37550000 2168.55515000 -2609.29500000
v 2443.63550000 3508.29515000 -1190.93500000
v 2491.84550000 3462.83515000 -1215.98500000
v 2512.12550000 3497.34515000 -1308.25500000
v 2495.81550000 2723.60515000 -1346.86500000
v 2542.14550000 3427.14515000 -1593.40500000
v 2555.14550000 2285.84515000 -1866.75500000
v 2538.48550000 3156.29515000 -1966.29500000
v 2527.25550000 1849.26515000 -2162.43500000
v 2511.52550000 1708.98515000 -2337.90500000
v 2504.40550000 1674.46515000 -2442.38500000
v 2498.38550000 1694.01515000 -2489.76500000
v 2508.00550000 1691.92515000 -2545.33500000
v 2522.09550000 1674.56515000 -2585.38500000
v 2525.01550000 1937.80515000 -2601.28500000
v 2520.51550000 2393.00515000 -2573.27500000
v 2517.28550000 1811.25515000 -2587.36500000
v 2513.47550000 2326.28515000 -2594.39500000
v 2543.07550000 2100.56515000 -2614.71500000
v 2541.84550000 3341.09515000 -1232.34500000
v 2518.12550000 3260.06515000 -1224.49500000
v 2578.48550000 3422.50515000 -1289.20500000
v 2543.78550000 3460.97515000 -1290.07500000
v 2563.43550000 2859.74515000 -1326.52500000
v 2515.41550000 2770.50515000 -1331.56500000
v 2568.70550000 2699.55515000 -1360.40500000
v 2555.30550000 2675.27515000 -1377.22500000
v 2548.48550000 2651.11515000 -1412.49500000
v 2510.54550000 3500.57515000 -1412.34500000
v 2547.74550000 2628.88515000 -1454.42500000
v 2577.72550000 2528.00515000 -1621.05500000
v 2612.79550000 2459.20515000 -1679.31500000
v 2578.47550000 2407.83515000 -1755.64500000
v 2542.57550000 3227.00515000 -1897.24500000
v 2561.86550000 1686.27515000 -2248.41500000
v 2538.35550000 1663.49515000 -2317.38500000
v 2573.05550000 2674.70515000 -2341.16500000
v 2522.52550000 1624.41515000 -2425.02500000
v 2573.58550000 2596.58515000 -2402.44500000
v 2551.20550000 1476.91515000 -2506.78500000
v 2534.17550000 1534.51515000 -2524.81500000
v 2558.73550000 2486.88515000 -2493.24500000
v 2527.23550000 1572.50515000 -2557.17500000
v 2532.80550000 2446.88515000 -2534.40500000
v 2540.80550000 1532.22515000 -2619.25500000
v 2544.30550000 1794.82515000 -2625.49500000
v 2528.91550000 1727.50515000 -2603.94500000
v 2544.56550000 1596.37515000 -2642.04500000
v 2568.29550000 2280.19515000 -2597.93500000
v 2528.32550000 3105.79515000 -1268.80500000
v 2557.24550000 3467.49515000 -1393.56500000
v 2585.84550000 2623.49515000 -1431.09500000
v 2571.37550000 3433.73515000 -1537.10500000
v 2615.85550000 2547.79515000 -1536.86500000
v 2663.55550000 2157.39515000 -1885.39500000
v 2585.56550000 2041.90515000 -1984.83500000
v 2546.61550000 1960.08515000 -2062.70500000
v 2591.94550000 2987.35515000 -2084.83500000
v 2612.37550000 1685.62515000 -2176.97500000
v 2557.73550000 2879.28515000 -2179.28500000
v 2582.41550000 2778.11515000 -2253.05500000
v 2551.22550000 1529.97515000 -2430.60500000
v 2575.95550000 1336.12515000 -2579.89500000
v 2563.06550000 1340.05515000 -2654.00500000
v 2549.06550000 1446.55515000 -2628.22500000
v 2571.31550000 1875.72515000 -2644.62500000
v 2553.92550000 1659.71515000 -2654.50500000
v 2551.85550000 2185.70515000 -2616.71500000
v 2577.16550000 1961.55515000 -2640.28500000
v 2556.06550000 1424.87515000 -2676.91500000
v 2559.92550000 1447.90515000 -2699.73500000
v 2565.99550000 1523.40515000 -2700.19500000
v 2580.47550000 3384.68515000 -1268.96500000
v 2621.84550000 3255.76515000 -1287.30500000
v 2577.35550000 3179.01515000 -1275.44500000
v 2591.94550000 3117.52515000 -1296.78500000
v 2600.26550000 2736.85515000 -1355.82500000
v 2588.30550000 3439.37515000 -1469.74500000
v 2589.31550000 2592.54515000 -1481.83500000
v 2615.40550000 3348.78515000 -1685.90500000
v 2589.27550000 3251.68515000 -1846.54500000
v 2648.28550000 2054.22515000 -1944.11500000
v 2633.90550000 1889.26515000 -2028.10500000
v 2642.31550000 3078.89515000 -2000.30500000
v 2615.26550000 3035.50515000 -2040.25500000
v 2613.03550000 1807.59515000 -2096.46500000
v 2620.60550000 1531.37515000 -2285.51500000
v 2578.64550000 1514.30515000 -2376.06500000
v 2575.98550000 1430.40515000 -2469.07500000
v 2619.44550000 2391.36515000 -2509.66500000
v 2590.20550000 2357.66515000 -2547.88500000
v 2584.02550000 1191.45515000 -2752.17500000
v 2576.70550000 2203.70515000 -2617.32500000
v 2576.51550000 2030.70515000 -2634.39500000
v 2604.76550000 1785.26515000 -2684.91500000
v 2577.73550000 1696.64515000 -2678.30500000
v 2564.39550000 1337.75515000 -2737.03500000
v 2583.55550000 1576.50515000 -2715.11500000
v 2581.87550000 1408.42515000 -2765.34500000
v 2574.69550000 1223.15515000 -2807.42500000
v 2588.94550000 1479.14515000 -2752.33500000
v 2575.91550000 1321.22515000 -2809.10500000
v 2576.04550000 1248.32515000 -2849.41500000
v 2593.22550000 1128.37515000 -2874.68500000
v 2594.48550000 1314.41515000 -2862.89500000
v 2589.85550000 1241.72515000 -2918.44500000
v 2593.13550000 1185.09515000 -2938.40500000
v 2596.43550000 3423.19515000 -1330.99500000
v 2648.54550000 2810.76515000 -1359.96500000
v 2620.98550000 2651.21515000 -1388.17500000
v 2647.91550000 3394.38515000 -1401.34500000
v 2624.10550000 2615.65515000 -1420.21500000
v 2600.74550000 2604.95515000 -1449.74500000
v 2682.06550000 2463.74515000 -1600.55500000
v 2598.42550000 3311.23515000 -1757.61500000
v 2721.56550000 2064.77515000 -1905.91500000
v 2626.67550000 3154.26515000 -1933.12500000
v 2618.24550000 2912.55515000 -2133.21500000
v 2612.47550000 1432.90515000 -2380.19500000
v 2605.40550000 1306.49515000 -2532.51500000
v 2635.24550000 2440.36515000 -2469.20500000
v 2621.00550000 2278.94515000 -2567.32500000
v 2577.63550000 2089.86515000 -2633.11500000
v 2607.99550000 2089.10515000 -2643.26500000
v 2606.63550000 1160.41515000 -2707.24500000
v 2625.38550000 1891.46515000 -2680.22500000
v 2614.63550000 1651.34515000 -2728.21500000
v 2618.47550000 1527.47515000 -2771.53500000
v 2616.72550000 1423.75515000 -2817.42500000
v 2612.64550000 1084.03515000 -2821.89500000
v 2626.26550000 1343.71515000 -2896.18500000
v 2617.30550000 1272.59515000 -2969.79500000
v 2630.54550000 1030.91515000 -2927.70500000
v 2614.10550000 1109.52515000 -2994.83500000
v 2612.19550000 1209.26515000 -3026.58500000
v 2616.36550000 1157.93515000 -3046.14500000
v 2684.83550000 3350.22515000 -1371.88500000
v 2692.16550000 2947.09515000 -1361.86500000
v 2653.52550000 2662.35515000 -1384.46500000
v 2645.32550000 3401.36515000 -1452.61500000
v 2641.58550000 3366.06515000 -1613.17500000
v 2698.73550000 2253.36515000 -1803.33500000
v 2671.61550000 2812.66515000 -2189.95500000
v 2640.81550000 1413.79515000 -2348.07500000
v 2641.09550000 1310.96515000 -2450.78500000
v 2642.76550000 1187.69515000 -2580.80500000
v 2636.88550000 1125.93515000 -2666.12500000
v 2673.05550000 2163.08515000 -2592.76500000
v 2641.35550000 2132.99515000 -2626.07500000
v 2612.93550000 2001.09515000 -2656.48500000
v 2661.92550000 1812.02515000 -2717.09500000
v 2644.33550000 1715.58515000 -2734.49500000
v 2657.01550000 1630.15515000 -2771.92500000
v 2649.23550000 1025.64515000 -2773.57500000
v 2662.33550000 966.12515000 -2862.12500000
v 2634.68550000 1320.07515000 -2942.71500000
v 2648.31550000 1307.94515000 -2999.84500000
v 2638.07550000 1055.55515000 -3038.42500000
v 2642.78550000 1236.58515000 -3087.95500000
v 2633.78550000 1114.12515000 -3091.46500000
v 2635.93550000 1166.92515000 -3104.89500000
v 2655.32550000 3302.18515000 -1308.41500000
v 2660.87550000 3348.67515000 -1329.09500000
v 2655.33550000 3332.66515000 -1315.64500000
v 2651.17550000 3125.15515000 -1321.56500000
v 2713.24550000 2791.62515000 -1381.20500000
v 2655.58550000 2566.06515000 -1465.91500000
v 2656.62550000 3379.84515000 -1545.62500000
v 2673.52550000 3377.47515000 -1502.31500000
v 2770.87550000 2288.69515000 -1724.03500000
v 2678.75550000 3278.18515000 -1748.94500000
v 2676.91550000 3232.73515000 -1812.93500000
v 2672.32550000 3180.14515000 -1879.76500000
v 2694.62550000 1904.00515000 -1980.52500000
v 2693.54550000 3061.95515000 -1989.32500000
v 2672.51550000 2936.86515000 -2097.97500000
v 2683.83550000 1636.39515000 -2133.92500000
v 2677.76550000 1528.80515000 -2214.75500000
v 2666.53550000 1442.50515000 -2292.58500000
v 2706.00550000 2621.77515000 -2308.60500000
v 2693.91550000 1299.58515000 -2384.36500000
v 2668.60550000 2569.69515000 -2364.62500000
v 2684.37550000 2469.24515000 -2419.79500000
v 2678.35550000 1186.74515000 -2521.86500000
v 2661.76550000 2302.84515000 -2527.93500000
v 2675.52550000 1086.28515000 -2634.08500000
v 2641.11550000 2078.47515000 -2647.17500000
v 2673.45550000 1021.25515000 -2715.45500000
v 2649.31550000 1939.79515000 -2683.04500000
v 2664.39550000 1881.00515000 -2701.19500000
v 2673.70550000 1728.63515000 -2748.66500000
v 2659.86550000 1522.84515000 -2817.08500000
v 2662.35550000 1439.58515000 -2869.38500000
v 2660.80550000 1370.31515000 -2935.94500000
v 2689.81550000 908.96515000 -2925.81500000
v 2678.21550000 970.16515000 -3031.80500000
v 2670.29550000 1294.98515000 -3068.67500000
v 2664.58550000 1053.94515000 -3128.37500000
v 2662.95550000 1254.62515000 -3113.44500000
v 2664.85550000 1113.50515000 -3177.80500000
v 2664.19550000 1228.39515000 -3143.94500000
v 2666.60550000 1180.86515000 -3169.80500000
v 2685.92550000 2715.91515000 -1380.62500000
v 2686.60550000 2611.99515000 -1408.15500000
v 2721.97550000 2505.27515000 -1487.49500000
v 2742.18550000 2377.16515000 -1655.05500000
v 2717.29550000 3286.62515000 -1689.78500000
v 2822.12550000 2191.92515000 -1772.36500000
v 2762.71550000 1897.57515000 -1947.27500000
v 2776.87550000 1635.47515000 -2058.29500000
v 2722.78550000 2710.01515000 -2243.16500000
v 2726.47550000 1045.71515000 -2597.02500000
v 2648.68550000 2001.06515000 -2667.34500000
v 2705.57550000 927.50515000 -2770.19500000
v 2697.80550000 1686.14515000 -2776.32500000
v 2707.31550000 897.07515000 -2827.34500000
v 2696.65550000 1611.40515000 -2807.12500000
v 2691.62550000 1435.13515000 -2917.34500000
v 2693.76550000 1374.03515000 -2989.51500000
v 2679.30550000 1258.04515000 -3131.62500000
v 2713.92550000 971.42515000 -3158.22500000
v 2687.55550000 1215.71515000 -3180.93500000
v 2705.50550000 1053.05515000 -3236.09500000
v 2688.32550000 1132.79515000 -3230.25500000
v 2690.87550000 1099.95515000 -3230.41500000
v 2699.47550000 1172.01515000 -3225.57500000
v 2709.45550000 3207.62515000 -1339.91500000
v 2719.38550000 2556.43515000 -1434.63500000
v 2756.57550000 2503.82515000 -1461.31500000
v 2746.62550000 2452.85515000 -1540.67500000
v 2719.43550000 3319.93515000 -1607.25500000
v 2798.49550000 1963.85515000 -1907.79500000
v 2723.63550000 3093.66515000 -1938.94500000
v 2717.47550000 2978.51515000 -2045.54500000
v 2712.92550000 2846.01515000 -2151.09500000
v 2729.25550000 1407.27515000 -2252.49500000
v 2741.33550000 1137.63515000 -2484.29500000
v 2791.04550000 1155.89515000 -2408.45500000
v 2721.20550000 2201.18515000 -2540.89500000
v 2713.76550000 2032.60515000 -2632.22500000
v 2719.35550000 964.86515000 -2699.20500000
v 2671.90550000 2056.29515000 -2645.70500000
v 2685.89550000 1991.24515000 -2665.84500000
v 2684.90550000 1916.25515000 -2693.51500000
v 2698.40550000 1833.05515000 -2721.56500000
v 2700.26550000 1758.35515000 -2747.85500000
v 2708.65550000 1527.14515000 -2861.37500000
v 2713.30550000 872.45515000 -2878.61500000
v 2736.62550000 843.56515000 -2985.24500000
v 2742.84550000 879.80515000 -3085.85500000
v 2709.09550000 1326.42515000 -3075.14500000
v 2709.58550000 1262.10515000 -3154.65500000
v 2717.06550000 1207.52515000 -3214.38500000
v 2717.40550000 1132.36515000 -3269.60500000
v 2710.75550000 1099.28515000 -3263.44500000
v 2708.58550000 3295.32515000 -1347.29500000
v 2735.01550000 3293.80515000 -1375.32500000
v 2777.96550000 2848.38515000 -1399.09500000
v 2752.01550000 2610.98515000 -1404.34500000
v 2753.92550000 3312.54515000 -1504.64500000
v 2721.39550000 3332.47515000 -1549.75500000
v 2810.66550000 2366.75515000 -1593.98500000
v 2789.51550000 2049.33515000 -1877.62500000
v 2756.98550000 1771.93515000 -2001.62500000
v 2740.89550000 1526.25515000 -2155.54500000
v 2799.77550000 2601.52515000 -2280.57500000
v 2784.50550000 1255.55515000 -2327.98500000
v 2737.66550000 2305.74515000 -2478.08500000
v 2717.19550000 1906.50515000 -2692.20500000
v 2730.66550000 1834.80515000 -2717.41500000
v 2760.52550000 859.90515000 -2757.28500000
v 2793.07550000 784.29515000 -2812.69500000
v 2737.39550000 1704.24515000 -2777.58500000
v 2724.99550000 1654.22515000 -2798.83500000
v 2728.05550000 1606.27515000 -2824.45500000
v 2776.34550000 782.11515000 -2871.40500000
v 2749.23550000 1579.30515000 -2847.01500000
v 2724.47550000 1465.86515000 -2925.04500000
v 2759.64550000 801.59515000 -2924.61500000
v 2741.07550000 1408.41515000 -2999.77500000
v 2737.13550000 1355.74515000 -3065.19500000
v 2743.89550000 1310.01515000 -3119.94500000
v 2777.74550000 904.83515000 -3227.19500000
v 2741.45550000 1246.64515000 -3188.56500000
v 2753.44550000 981.86515000 -3274.62500000
v 2731.64550000 1165.19515000 -3259.59500000
v 2738.71550000 1031.20515000 -3291.22500000
v 2736.07550000 1105.88515000 -3297.51500000
v 2740.80550000 1066.02515000 -3302.14500000
v 2751.46550000 3234.45515000 -1364.62500000
v 2777.10550000 2714.39515000 -1400.09500000
v 2771.86550000 2547.78515000 -1423.01500000
v 2774.77550000 3287.43515000 -1448.90500000
v 2786.43550000 3252.91515000 -1661.07500000
v 2742.91550000 3218.56515000 -1775.84500000
v 2854.06550000 2073.45515000 -1828.49500000
v 2755.22550000 3139.34515000 -1864.17500000
v 2843.27550000 1777.12515000 -1950.26500000
v 2761.15550000 3010.10515000 -1995.48500000
v 2793.32550000 2846.79515000 -2115.29500000
v 2808.93550000 2731.35515000 -2194.80500000
v 2784.48550000 1436.28515000 -2176.80500000
v 2879.54550000 1121.52515000 -2354.82500000
v 2781.55550000 2485.35515000 -2358.39500000
v 2831.99550000 2358.75515000 -2400.73500000
v 2780.56550000 991.18515000 -2581.97500000
v 2790.41550000 2040.49515000 -2572.88500000
v 2791.96550000 885.00515000 -2684.53500000
v 2748.10550000 1915.07515000 -2666.20500000
v 2759.06550000 1844.98515000 -2696.94500000
v 2736.62550000 1765.85515000 -2744.59500000
v 2760.21550000 1627.08515000 -2818.18500000
v 2752.65550000 1524.09515000 -2887.85500000
v 2757.25550000 1474.14515000 -2937.27500000
v 2812.31550000 753.57515000 -3048.87500000
v 2759.72550000 1366.25515000 -3060.52500000
v 2763.83550000 1192.18515000 -3252.56500000
v 2754.00550000 1129.10515000 -3297.45500000
v 2772.63550000 1011.57515000 -3335.12500000
v 2758.04550000 1086.09515000 -3321.58500000
v 2785.47550000 1048.89515000 -3354.36500000
v 2798.78550000 3163.25515000 -1386.07500000
v 2760.48550000 3082.13515000 -1374.73500000
v 2837.66550000 2467.94515000 -1449.35500000
v 2811.74550000 2442.95515000 -1489.05500000
v 2809.64550000 3250.43515000 -1602.74500000
v 2799.74550000 3033.90515000 -1945.28500000
v 2891.14550000 1856.41515000 -1899.73500000
v 2806.07550000 1496.01515000 -2119.28500000
v 2828.61550000 1309.71515000 -2242.68500000
v 2833.77550000 1000.24515000 -2514.89500000
v 2770.33550000 1708.34515000 -2768.31500000
v 2777.95550000 1659.75515000 -2795.88500000
v 2786.91550000 1503.66515000 -2916.30500000
v 2777.51550000 1454.32515000 -2964.39500000
v 2819.86550000 718.73515000 -2978.97500000
v 2786.04550000 1401.02515000 -3026.24500000
v 2820.03550000 804.57515000 -3161.82500000
v 2796.32550000 1334.87515000 -3101.88500000
v 2798.71550000 1253.60515000 -3192.19500000
v 2804.66550000 920.09515000 -3317.20500000
v 2798.24550000 963.13515000 -3349.27500000
v 2786.76550000 1090.87515000 -3340.09500000
v 2814.54550000 1006.38515000 -3390.33500000
v 2787.72550000 3238.45515000 -1393.80500000
v 2824.32550000 2976.18515000 -1407.70500000
v 2846.88550000 2786.33515000 -1419.08500000
v 2918.95550000 2650.86515000 -1429.85500000
v 2801.92550000 3247.96515000 -1422.08500000
v 2868.24550000 2363.46515000 -1535.30500000
v 2866.20550000 2271.81515000 -1653.50500000
v 2808.01550000 3198.43515000 -1732.25500000
v 2845.01550000 2623.97515000 -2249.79500000
v 2827.14550000 2526.94515000 -2313.51500000
v 2843.87550000 889.32515000 -2615.32500000
v 2797.28550000 1928.77515000 -2624.12500000
v 2804.80550000 1833.78515000 -2673.31500000
v 2781.59550000 1771.31515000 -2724.04500000
v 2849.96550000 751.27515000 -2758.64500000
v 2782.57550000 1559.49515000 -2864.79500000
v 2832.09550000 696.94515000 -2923.23500000
v 2814.93550000 1451.75515000 -2971.36500000
v 2816.22550000 1187.95515000 -3268.40500000
v 2810.52550000 1133.81515000 -3315.76500000
v 2803.15550000 986.64515000 -3370.80500000
v 2824.44550000 1089.33515000 -3358.15500000
v 2814.09550000 1063.71515000 -3370.26500000
v 2826.78550000 1034.32515000 -3393.65500000
v 2845.07550000 3163.20515000 -1414.43500000
v 2851.78550000 2512.56515000 -1427.13500000
v 2878.48550000 3192.15515000 -1477.91500000
v 2915.31550000 2122.55515000 -1759.66500000
v 2807.42550000 3150.16515000 -1802.79500000
v 2841.55550000 3067.91515000 -1872.47500000
v 2857.38550000 1684.35515000 -1983.08500000
v 2905.66550000 1434.10515000 -2086.77500000
v 2953.57550000 1467.48515000 -2035.85500000
v 2828.38550000 2927.87515000 -2023.90500000
v 2872.64550000 1358.83515000 -2168.10500000
v 2894.26550000 1182.13515000 -2289.52500000
v 2830.83550000 2135.63515000 -2503.62500000
v 2812.99550000 1687.21515000 -2762.05500000
v 2820.51550000 1611.72515000 -2814.52500000
v 2857.34550000 673.85515000 -2871.55500000
v 2853.39550000 1515.29515000 -2894.53500000
v 2904.77550000 605.55515000 -3020.77500000
v 2830.04550000 1381.39515000 -3048.97500000
v 2895.83550000 683.02515000 -3142.36500000
v 2878.71550000 784.09515000 -3270.06500000
v 2858.50550000 1165.27515000 -3293.13500000
v 2854.14550000 893.77515000 -3378.73500000
v 2836.31550000 957.52515000 -3402.88500000
v 2852.80550000 1059.43515000 -3393.26500000
v 2841.65550000 1012.11515000 -3415.36500000
v 2849.86550000 3079.81515000 -1413.49500000
v 2894.47550000 2877.26515000 -1431.73500000
v 2862.27550000 2581.38515000 -1419.52500000
v 2880.86550000 2410.08515000 -1472.79500000
v 2859.95550000 3214.27515000 -1507.51500000
v 2919.63550000 2281.10515000 -1585.25500000
v 2875.35550000 3168.67515000 -1683.43500000
v 2858.39550000 2129.47515000 -1790.42500000
v 2916.68550000 1908.51515000 -1870.52500000
v 2907.31550000 1965.90515000 -1850.75500000
v 2965.85550000 1554.45515000 -1986.54500000
v 2929.49550000 1245.13515000 -2207.77500000
v 2916.50550000 1014.88515000 -2414.70500000
v 2890.05550000 2216.09515000 -2436.42500000
v 2871.67550000 1928.06515000 -2575.53500000
v 2881.52550000 786.47515000 -2677.52500000
v 2910.16550000 621.17515000 -2829.63500000
v 2882.47550000 624.46515000 -2962.81500000
v 2876.52550000 1296.32515000 -3139.98500000
v 2854.99550000 1215.41515000 -3234.89500000
v 2864.25550000 916.08515000 -3422.75500000
v 2860.96550000 980.74515000 -3434.60500000
v 2881.01550000 927.44515000 -3447.04500000
v 2845.00550000 3195.14515000 -1426.95500000
v 2906.91550000 3168.94515000 -1568.08500000
v 2910.86550000 3155.72515000 -1629.23500000
v 2942.12550000 2150.23515000 -1707.26500000
v 2878.84550000 3094.81515000 -1795.71500000
v 2866.94550000 2970.86515000 -1954.43500000
v 2901.68550000 2790.34515000 -2100.74500000
v 2875.58550000 2738.65515000 -2160.74500000
v 2896.05550000 2543.04515000 -2279.25500000
v 2942.17550000 856.12515000 -2534.76500000
v 2919.38550000 2002.27515000 -2513.65500000
v 2866.73550000 1842.35515000 -2628.88500000
v 2857.75550000 1747.97515000 -2697.34500000
v 2960.60550000 626.96515000 -2736.87500000
v 2867.94550000 1665.19515000 -2753.12500000
v 2925.77550000 1605.85515000 -2784.88500000
v 2903.12550000 595.07515000 -2921.83500000
v 2886.17550000 1407.96515000 -3006.12500000
v 2886.99550000 1111.29515000 -3349.47500000
v 2905.92550000 869.79515000 -3441.56500000
v 2939.17550000 779.67515000 -3384.00500000
v 2859.24550000 1018.97515000 -3421.59500000
v 2895.23550000 994.97515000 -3453.87500000
v 2909.40550000 943.24515000 -3471.12500000
v 2935.42550000 2479.66515000 -1433.72500000
v 2936.56550000 3056.34515000 -1448.81500000
v 2931.34550000 2960.71515000 -1442.19500000
v 2997.63550000 2781.11515000 -1456.85500000
v 2885.04550000 3169.09515000 -1455.16500000
v 2938.17550000 2378.87515000 -1468.57500000
v 2915.66550000 2361.98515000 -1496.79500000
v 2951.09550000 2939.46515000 -1905.51500000
v 2981.30550000 1660.18515000 -1929.68500000
v 2902.23550000 2677.87515000 -2194.70500000
v 2919.27550000 2614.95515000 -2227.35500000
v 2918.62550000 2421.53515000 -2331.43500000
v 2954.69550000 1088.42515000 -2311.89500000
v 2939.35550000 2289.05515000 -2380.74500000
v 2966.87550000 2086.87515000 -2450.64500000
v 2923.72550000 572.95515000 -2888.42500000
v 2898.78550000 1047.19515000 -3415.61500000
v 2924.40550000 1017.69515000 -3447.67500000
v 2939.61550000 973.68515000 -3473.23500000
v 2927.54550000 888.20515000 -3475.35500000
v 2993.33550000 2515.27515000 -1442.17500000
v 2891.62550000 3135.12515000 -1441.66500000
v 2939.07550000 2426.57515000 -1448.52500000
v 2937.68550000 3125.83515000 -1485.88500000
v 2967.39550000 2289.24515000 -1528.44500000
v 3008.34550000 2151.97515000 -1633.43500000
v 2939.18550000 3075.95515000 -1746.00500000
v 2958.27550000 2842.93515000 -2002.20500000
v 2963.87550000 2666.20515000 -2164.01500000
v 2939.63550000 1862.26515000 -2576.35500000
v 2965.12550000 725.95515000 -2633.30500000
v 2941.97550000 1785.82515000 -2629.03500000
v 2921.12550000 1705.20515000 -2701.45500000
v 2986.17550000 1474.65515000 -2897.93500000
v 2939.73550000 540.17515000 -2967.35500000
v 2954.27550000 518.04515000 -2925.92500000
v 2993.62550000 1336.91515000 -3052.10500000
v 2960.71550000 622.33515000 -3197.89500000
v 2918.81550000 1194.15515000 -3254.53500000
v 2974.25550000 1259.35515000 -3155.77500000
v 3012.24550000 637.46515000 -3321.61500000
v 2946.13550000 1097.93515000 -3370.58500000
v 2986.88550000 769.33515000 -3450.37500000
v 2952.26550000 894.64515000 -3495.07500000
v 3016.30550000 2293.58515000 -1489.09500000
v 2989.56550000 3062.97515000 -1671.42500000
v 2940.66550000 2054.72515000 -1787.54500000
v 3017.27550000 1930.20515000 -1802.45500000
v 3018.53550000 2952.86515000 -1806.21500000
v 2972.87550000 1766.22515000 -1891.92500000
v 3060.12550000 1433.35515000 -1993.16500000
v 2982.20550000 1281.11515000 -2137.77500000
v 2995.94550000 924.43515000 -2411.28500000
v 2944.77550000 1915.36515000 -2542.86500000
v 3048.59550000 727.65515000 -2524.26500000
v 3009.38550000 660.30515000 -2637.15500000
v 2984.74550000 480.60515000 -2889.12500000
v 2972.01550000 549.13515000 -3102.99500000
v 2963.86550000 1056.80515000 -3408.66500000
v 2960.53550000 1008.50515000 -3450.86500000
v 2987.03550000 803.30515000 -3479.61500000
v 2965.33550000 917.93515000 -3495.52500000
v 3109.54550000 2589.34515000 -1470.08500000
v 3049.55550000 2389.44515000 -1453.21500000
v 2954.92550000 3085.38515000 -1471.89500000
v 2972.97550000 2877.07515000 -1453.53500000
v 2992.28550000 3068.78515000 -1499.58500000
v 2954.87550000 3115.79515000 -1516.24500000
v 3007.50550000 3064.74515000 -1607.99500000
v 3025.31550000 2829.87515000 -1952.11500000
v 3027.35550000 2695.40515000 -2090.40500000
v 3009.87550000 1149.33515000 -2211.34500000
v 2978.72550000 2487.46515000 -2275.34500000
v 3061.62550000 870.21515000 -2383.60500000
v 2986.96550000 513.84515000 -2826.77500000
v 3025.86550000 1598.74515000 -2758.35500000
v 3005.70550000 434.38515000 -2948.77500000
v 2985.59550000 482.04515000 -3011.96500000
v 3023.58550000 1206.12515000 -3217.43500000
v 2977.79550000 1144.46515000 -3310.67500000
v 2989.15550000 1102.54515000 -3359.07500000
v 3001.14550000 960.98515000 -3476.49500000
v 2993.60550000 927.79515000 -3494.62500000
v 3009.53550000 825.70515000 -3505.64500000
v 2999.66550000 869.75515000 -3508.37500000
v 3020.54550000 2993.81515000 -1481.16500000
v 3023.85550000 2340.23515000 -1465.78500000
v 3062.56550000 2202.98515000 -1522.79500000
v 3012.52550000 2208.02515000 -1565.30500000
v 3022.61550000 2997.58515000 -1730.56500000
v 2991.18550000 1839.61515000 -1854.25500000
v 3041.05550000 1346.76515000 -2052.25500000
v 3031.57550000 1002.30515000 -2305.14500000
v 3038.59550000 2284.18515000 -2344.62500000
v 3021.37550000 2160.25515000 -2394.62500000
v 3028.40550000 1988.10515000 -2461.77500000
v 2998.01550000 1921.41515000 -2514.00500000
v 2981.16550000 1885.37515000 -2543.32500000
v 3038.45550000 1853.40515000 -2541.56500000
v 3005.39550000 1713.24515000 -2666.75500000
v 3044.53550000 450.94515000 -2791.20500000
v 3063.88550000 662.13515000 -3437.97500000
v 3021.29550000 999.56515000 -3439.33500000
v 3064.85550000 748.73515000 -3509.37500000
v 3022.15550000 876.90515000 -3511.03500000
v 3130.01550000 2429.07515000 -1464.18500000
v 3029.25550000 2909.36515000 -1473.59500000
v 3039.64550000 3003.28515000 -1498.57500000
v 3058.01550000 3014.59515000 -1567.52500000
v 3063.40550000 3008.31515000 -1596.71500000
v 3115.89550000 2096.81515000 -1569.97500000
v 3048.80550000 2055.50515000 -1695.62500000
v 3112.80550000 2030.07515000 -1644.17500000
v 3037.02550000 2000.62515000 -1744.80500000
v 3079.74550000 2823.87515000 -1893.96500000
v 3117.74550000 1529.23515000 -1917.80500000
v 3125.39550000 2535.94515000 -2153.83500000
v 3068.72550000 1223.91515000 -2109.28500000
v 3026.56550000 2386.05515000 -2307.60500000
v 3064.15550000 2041.25515000 -2420.07500000
v 3062.59550000 583.21515000 -2636.06500000
v 3031.74550000 419.90515000 -2858.67500000
v 3048.93550000 366.08515000 -2904.40500000
v 3051.63550000 362.51515000 -2988.29500000
v 3042.37550000 421.70515000 -3070.60500000
v 3091.55550000 1264.95515000 -3104.92500000
v 3044.90550000 510.40515000 -3208.02500000
v 3056.12550000 1165.55515000 -3264.44500000
v 3037.26550000 1050.39515000 -3388.20500000
v 3108.55550000 558.00515000 -3390.59500000
v 3067.96550000 711.80515000 -3486.82500000
v 3107.59550000 2240.81515000 -1475.50500000
v 3095.04550000 2909.39515000 -1752.18500000
v 3064.15550000 1700.05515000 -1872.02500000
v 3109.57550000 1133.55515000 -2131.92500000
v 3056.87550000 2494.47515000 -2228.91500000
v 3063.55550000 2410.71515000 -2279.18500000
v 3111.47550000 1769.04515000 -2587.25500000
v 3113.88550000 407.06515000 -2714.81500000
v 3088.49550000 1539.66515000 -2791.74500000
v 3126.28550000 1419.85515000 -2887.20500000
v 3070.99550000 1375.57515000 -2967.75500000
v 3065.63550000 330.17515000 -2945.43500000
v 3095.80550000 1322.82515000 -3019.61500000
v 3116.00550000 366.06515000 -3162.40500000
v 3080.78550000 535.31515000 -3313.76500000
v 3043.60550000 1109.41515000 -3327.07500000
v 3078.52550000 920.52515000 -3475.23500000
v 3044.45550000 896.91515000 -3499.29500000
v 3063.21550000 810.20515000 -3520.67500000
v 3115.19550000 728.12515000 -3524.47500000
v 3140.71550000 2251.71515000 -1465.44500000
v 3100.30550000 2911.09515000 -1502.06500000
v 3123.33550000 2855.82515000 -1498.74500000
v 3041.47550000 3019.76515000 -1522.90500000
v 3141.87550000 2164.44515000 -1495.03500000
v 3094.89550000 2966.68515000 -1620.55500000
v 3121.64550000 2908.78515000 -1695.38500000
v 3092.99550000 2730.05515000 -1989.63500000
v 3113.63550000 1049.60515000 -2184.21500000
v 3103.53550000 2320.25515000 -2306.48500000
v 3152.71550000 2190.85515000 -2339.12500000
v 3123.98550000 2151.50515000 -2361.62500000
v 3062.65550000 1933.10515000 -2477.28500000
v 3105.93550000 321.59515000 -2812.40500000
v 3080.11550000 334.40515000 -2860.29500000
v 3109.54550000 251.17515000 -2964.02500000
v 3106.94550000 294.86515000 -3041.39500000
v 3092.01550000 820.45515000 -3518.11500000
v 3141.84550000 2753.45515000 -1492.83500000
v 3160.48550000 2272.03515000 -1462.13500000
v 3209.63550000 2280.78515000 -1468.52500000
v 3101.47550000 2945.19515000 -1520.99500000
v 3162.69550000 2105.26515000 -1518.61500000
v 3098.66550000 2963.16515000 -1540.57500000
v 3106.66550000 1979.28515000 -1699.82500000
v 3170.67550000 1868.59515000 -1719.17500000
v 3103.57550000 1773.82515000 -1819.09500000
v 3181.79550000 2783.29515000 -1809.09500000
v 3137.23550000 1256.87515000 -2035.73500000
v 3174.88550000 2576.36515000 -2072.03500000
v 3152.62550000 918.38515000 -2233.81500000
v 3136.17550000 2355.45515000 -2269.82500000
v 3149.59550000 2062.30515000 -2384.56500000
v 3168.66550000 759.36515000 -2337.51500000
v 3088.76550000 1976.08515000 -2440.48500000
v 3143.79550000 618.58515000 -2485.77500000
v 3142.17550000 495.23515000 -2591.44500000
v 3120.70550000 1659.06515000 -2677.02500000
v 3100.68550000 271.53515000 -2911.51500000
v 3130.91550000 233.63515000 -2865.42500000
v 3132.91550000 457.02515000 -3311.40500000
v 3109.26550000 1209.05515000 -3178.99500000
v 3111.82550000 1167.77515000 -3233.71500000
v 3132.79550000 1099.24515000 -3285.53500000
v 3118.09550000 1025.95515000 -3364.31500000
v 3101.98550000 963.28515000 -3426.66500000
v 3128.89550000 833.80515000 -3501.14500000
v 3181.36550000 1980.23515000 -1608.54500000
v 3162.43550000 2840.87515000 -1743.33500000
v 3134.37550000 1829.02515000 -1769.78500000
v 3157.56550000 1348.39515000 -1976.31500000
v 3166.35550000 1168.62515000 -2061.22500000
v 3199.21550000 1065.72515000 -2087.95500000
v 3115.68550000 1929.79515000 -2458.80500000
v 3186.01550000 1856.37515000 -2500.71500000
v 3150.43550000 266.24515000 -2784.71500000
v 3187.54550000 336.40515000 -2652.27500000
v 3170.21550000 1474.96515000 -2810.69500000
v 3141.06550000 1350.28515000 -2957.82500000
v 3180.45550000 221.09515000 -3124.04500000
v 3143.21550000 1239.32515000 -3120.74500000
v 3192.16550000 1133.71515000 -3206.47500000
v 3171.90550000 524.18515000 -3452.57500000
v 3163.91550000 476.44515000 -3390.22500000
v 3148.51550000 610.59515000 -3492.31500000
v 3153.16550000 651.21515000 -3516.84500000
v 3159.32550000 720.74515000 -3528.37500000
v 3162.08550000 764.13515000 -3517.93500000
v 3151.62550000 2901.46515000 -1538.52500000
v 3251.56550000 1990.90515000 -1526.83500000
v 3135.73550000 2926.97515000 -1557.51500000
v 3225.89550000 1964.20515000 -1570.68500000
v 3197.52550000 1699.41515000 -1795.30500000
v 3174.89550000 1626.16515000 -1844.67500000
v 3197.18550000 2687.73515000 -1922.88500000
v 3243.23550000 2577.03515000 -2001.12500000
v 3187.26550000 2391.52515000 -2209.58500000
v 3170.58550000 2136.77515000 -2352.79500000
v 3134.77550000 1995.86515000 -2415.36500000
v 3165.85550000 1557.14515000 -2743.80500000
v 3161.22550000 150.45515000 -2928.44500000
v 3161.10550000 175.03515000 -3009.90500000
v 3178.26550000 1305.93515000 -2993.84500000
v 3188.62550000 317.62515000 -3253.82500000
v 3172.32550000 1189.91515000 -3162.98500000
v 3185.42550000 940.77515000 -3394.34500000
v 3235.33550000 2112.44515000 -1480.89500000
v 3173.19550000 2857.73515000 -1526.32500000
v 3179.29550000 2805.48515000 -1513.34500000
v 3181.07550000 2877.06515000 -1590.01500000
v 3187.52550000 1918.00515000 -1658.24500000
v 3234.08550000 1506.33515000 -1864.96500000
v 3198.12550000 980.05515000 -2140.14500000
v 3173.71550000 2244.66515000 -2305.50500000
v 3268.55550000 537.13515000 -2361.10500000
v 3212.47550000 1994.54515000 -2399.41500000
v 3209.43550000 1934.55515000 -2440.15500000
v 3225.85550000 425.97515000 -2513.88500000
v 3237.66550000 1735.21515000 -2583.45500000
v 3245.79550000 1582.44515000 -2695.80500000
v 3220.63550000 153.92515000 -2758.63500000
v 3187.91550000 135.35515000 -2854.99500000
v 3211.95550000 49.68515000 -2979.98500000
v 3197.82550000 1263.00515000 -3047.43500000
v 3170.24550000 1229.33515000 -3115.44500000
v 3241.53550000 1049.47515000 -3251.52500000
v 3205.73550000 992.97515000 -3332.53500000
v 3189.34550000 858.68515000 -3450.89500000
v 3206.50550000 762.01515000 -3498.29500000
v 3259.96550000 2155.81515000 -1473.49500000
v 3255.04550000 2577.31515000 -1503.28500000
v 3221.34550000 2818.78515000 -1544.54500000
v 3196.45550000 2856.61515000 -1560.34500000
v 3221.96550000 1416.81515000 -1908.29500000
v 3235.03550000 1219.05515000 -1981.56500000
v 3248.83550000 1119.49515000 -2014.92500000
v 3223.01550000 2490.55515000 -2110.31500000
v 3279.03550000 860.26515000 -2119.71500000
v 3233.85550000 2250.49515000 -2260.16500000
v 3202.24550000 2099.64515000 -2356.37500000
v 3237.38550000 230.85515000 -2655.43500000
v 3233.06550000 1405.91515000 -2843.16500000
v 3217.90550000 38.78515000 -2919.78500000
v 3211.37550000 1353.40515000 -2911.95500000
v 3252.65550000 -40.78485000 -2950.97500000
v 3201.84550000 118.98515000 -3052.68500000
v 3252.95550000 79.34515000 -3130.04500000
v 3240.43550000 1177.44515000 -3119.01500000
v 3237.91550000 347.89515000 -3378.25500000
v 3229.33550000 501.03515000 -3498.29500000
v 3211.06550000 557.71515000 -3513.02500000
v 3222.69550000 683.15515000 -3519.51500000
v 3185.61550000 651.22515000 -3527.30500000
v 3279.80550000 2379.91515000 -1488.96500000
v 3250.54550000 2045.01515000 -1500.35500000
v 3286.56550000 1845.20515000 -1602.40500000
v 3251.64550000 2787.10515000 -1645.45500000
v 3234.73550000 2768.71515000 -1733.08500000
v 3290.20550000 1757.66515000 -1670.72500000
v 3259.46550000 1690.34515000 -1751.62500000
v 3320.80550000 2545.95515000 -1946.24500000
v 3281.58550000 1337.60515000 -1903.46500000
v 3298.41550000 939.68515000 -2052.83500000
v 3245.31550000 785.08515000 -2214.06500000
v 3261.41550000 2407.88515000 -2138.72500000
v 3240.87550000 2150.87515000 -2310.29500000
v 3267.22550000 2009.95515000 -2381.59500000
v 3242.78550000 1488.76515000 -2770.10500000
v 3253.62550000 1.62515000 -2860.46500000
v 3264.25550000 1297.40515000 -2944.67500000
v 3250.24550000 10.34515000 -3047.66500000
v 3221.86550000 1227.82515000 -3076.85500000
v 3252.01550000 190.89515000 -3242.71500000
v 3241.08550000 556.83515000 -3524.06500000
v 3265.89550000 2676.07515000 -1520.32500000
v 3323.13550000 1858.71515000 -1553.24500000
v 3250.04550000 2794.24515000 -1560.04500000
v 3242.89550000 2807.03515000 -1579.34500000
v 3275.32550000 1565.58515000 -1809.55500000
v 3280.96550000 659.19515000 -2253.55500000
v 3256.75550000 1890.55515000 -2462.46500000
v 3289.32550000 1833.03515000 -2496.44500000
v 3272.01550000 262.37515000 -2571.80500000
v 3285.15550000 135.29515000 -2660.39500000
v 3304.09550000 1638.23515000 -2635.35500000
v 3286.67550000 42.80515000 -2748.77500000
v 3266.26550000 -56.40485000 -2915.25500000
v 3270.03550000 -63.51485000 -2990.62500000
v 3314.31550000 -76.45485000 -3098.96500000
v 3280.73550000 1094.88515000 -3164.73500000
v 3249.53550000 893.87515000 -3383.16500000
v 3252.92550000 418.42515000 -3462.51500000
v 3270.69550000 482.56515000 -3515.43500000
v 3235.15550000 609.35515000 -3525.17500000
v 3330.82550000 2191.53515000 -1484.99500000
v 3251.29550000 2751.71515000 -1533.57500000
v 3298.53550000 1440.46515000 -1850.03500000
v 3309.51550000 1030.21515000 -1998.67500000
v 3303.83550000 2450.29515000 -2061.49500000
v 3303.86550000 2280.63515000 -2184.32500000
v 3345.42550000 300.91515000 -2421.05500000
v 3276.27550000 1927.25515000 -2431.99500000
v 3350.75550000 138.23515000 -2546.62500000
v 3299.25550000 1500.01515000 -2737.07500000
v 3285.84550000 1358.41515000 -2863.54500000
v 3299.32550000 -126.57485000 -2942.20500000
v 3260.14550000 1253.74515000 -3008.41500000
v 3311.68550000 -125.32485000 -3032.09500000
v 3291.94550000 1200.85515000 -3035.78500000
v 3343.91550000 109.95515000 -3338.11500000
v 3344.02550000 217.41515000 -3430.28500000
v 3276.08550000 806.78515000 -3426.10500000
v 3300.67550000 328.17515000 -3452.28500000
v 3254.63550000 762.93515000 -3466.56500000
v 3272.29550000 682.82515000 -3491.39500000
v 3308.23550000 384.44515000 -3493.76500000
v 3373.45550000 2456.39515000 -1517.05500000
v 3378.57550000 1936.60515000 -1490.66500000
v 3337.68550000 1932.59515000 -1505.32500000
v 3295.54550000 2728.53515000 -1553.94500000
v 3376.13550000 1841.91515000 -1523.29500000
v 3261.77550000 2785.99515000 -1596.89500000
v 3339.56550000 1561.16515000 -1763.06500000
v 3349.52550000 2579.92515000 -1854.39500000
v 3327.60550000 1250.67515000 -1902.37500000
v 3316.75550000 1146.50515000 -1947.29500000
v 3369.61550000 540.11515000 -2207.94500000
v 3325.51550000 2171.72515000 -2234.74500000
v 3314.12550000 2118.30515000 -2280.23500000
v 3390.51550000 401.83515000 -2272.08500000
v 3295.75550000 2075.45515000 -2322.29500000
v 3313.04550000 1752.15515000 -2548.50500000
v 3312.14550000 1692.73515000 -2591.78500000
v 3343.71550000 3.97515000 -2682.99500000
v 3322.77550000 1551.52515000 -2688.31500000
v 3294.52550000 1427.88515000 -2795.98500000
v 3331.85550000 -104.93485000 -2815.09500000
v 3298.16550000 -97.42485000 -2887.20500000
v 3329.51550000 -179.98485000 -2984.59500000
v 3343.71550000 -8.70485000 -3222.48500000
v 3284.70550000 946.84515000 -3308.82500000
v 3287.84550000 588.57515000 -3510.48500000
v 3302.87550000 496.84515000 -3519.06500000
v 3284.16550000 490.40515000 -3519.82500000
v 3355.39550000 2016.97515000 -1484.06500000
v 3374.87550000 2547.97515000 -1531.99500000
v 3345.21550000 2644.69515000 -1547.87500000
v 3284.37550000 2756.08515000 -1574.80500000
v 3333.80550000 2697.32515000 -1576.24500000
v 3379.34550000 1599.54515000 -1689.59500000
v 3325.39550000 2660.81515000 -1756.03500000
v 3357.16550000 2472.04515000 -1982.74500000
v 3381.08550000 796.78515000 -2033.65500000
v 3347.65550000 691.53515000 -2138.61500000
v 3341.63550000 1918.61515000 -2415.49500000
v 3349.30550000 -197.98485000 -2894.16500000
v 3353.80550000 -223.82485000 -2943.72500000
v 3367.28550000 -244.13485000 -3006.10500000
v 3309.78550000 1135.39515000 -3088.37500000
v 3328.78550000 1002.43515000 -3210.97500000
v 3341.68550000 824.56515000 -3352.17500000
v 3323.86550000 721.05515000 -3430.65500000
v 3353.34550000 566.71515000 -3471.56500000
v 3317.62550000 429.63515000 -3512.15500000
v 3356.14550000 349.70515000 -3506.32500000
v 3464.45550000 2323.19515000 -1523.12500000
v 3416.69550000 1747.80515000 -1541.31500000
v 3319.82550000 2717.40515000 -1603.95500000
v 3398.59550000 1734.40515000 -1564.98500000
v 3391.80550000 1681.22515000 -1611.44500000
v 3328.67550000 2688.02515000 -1688.28500000
v 3357.24550000 1340.96515000 -1847.10500000
v 3398.75550000 1046.16515000 -1909.85500000
v 3406.70550000 907.49515000 -1952.23500000
v 3372.30550000 1999.61515000 -2332.14500000
v 3330.34550000 1860.91515000 -2461.61500000
v 3343.91550000 1655.94515000 -2605.01500000
v 3355.72550000 1594.87515000 -2638.59500000
v 3343.97550000 1372.84515000 -2809.56500000
v 3366.04550000 -201.77485000 -2851.08500000
v 3387.21550000 -206.39485000 -2812.48500000
v 3324.27550000 1315.71515000 -2877.07500000
v 3338.97550000 1238.47515000 -2935.72500000
v 3389.18550000 -292.68485000 -2964.34500000
v 3396.22550000 1108.49515000 -3007.55500000
v 3400.99550000 -280.41485000 -3049.37500000
v 3409.91550000 -184.46485000 -3173.52500000
v 3345.76550000 1072.25515000 -3113.55500000
v 3346.02550000 906.48515000 -3283.90500000
v 3404.39550000 -28.91485000 -3317.13500000
v 3359.97550000 261.69515000 -3477.56500000
v 3356.13550000 471.54515000 -3498.96500000
v 3419.43550000 2043.98515000 -1492.26500000
v 3355.40550000 2664.64515000 -1570.23500000
v 3363.45550000 2667.01515000 -1637.43500000
v 3398.22550000 1502.56515000 -1741.49500000
v 3363.26550000 1453.38515000 -1794.27500000
v 3397.09550000 1207.91515000 -1858.79500000
v 3432.93550000 2450.52515000 -1906.48500000
v 3367.05550000 2331.40515000 -2091.69500000
v 3453.58550000 537.42515000 -2084.74500000
v 3375.19550000 2099.65515000 -2249.00500000
v 3435.82550000 123.74515000 -2415.24500000
v 3354.24550000 1785.33515000 -2504.68500000
v 3349.93550000 1709.12515000 -2561.83500000
v 3363.21550000 1529.41515000 -2679.29500000
v 3404.14550000 -142.19485000 -2715.63500000
v 3347.74550000 1472.63515000 -2728.18500000
v 3407.71550000 -286.97485000 -2860.44500000
v 3401.02550000 -305.50485000 -2917.68500000
v 3420.12550000 134.98515000 -3470.01500000
v 3402.88550000 88.72515000 -3415.08500000
v 3394.79550000 614.72515000 -3415.44500000
v 3370.46550000 293.47515000 -3498.56500000
v 3368.15550000 381.02515000 -3507.64500000
v 3454.37550000 2176.73515000 -1509.56500000
v 3456.92550000 1729.45515000 -1524.21500000
v 3385.34550000 2643.09515000 -1596.27500000
v 3422.44550000 2592.30515000 -1680.96500000
v 3443.91550000 659.73515000 -2027.65500000
v 3473.38550000 744.71515000 -1947.53500000
v 3479.22550000 358.47515000 -2160.04500000
v 3397.38550000 2224.41515000 -2136.02500000
v 3391.06550000 2160.45515000 -2187.54500000
v 3485.19550000 207.03515000 -2258.44500000
v 3406.96550000 1892.72515000 -2392.79500000
v 3368.17550000 1848.27515000 -2450.01500000
v 3422.45550000 -22.34485000 -2570.20500000
v 3406.50550000 1716.17515000 -2516.78500000
v 3385.25550000 1641.05515000 -2583.95500000
v 3404.61550000 1391.85515000 -2738.95500000
v 3447.63550000 -287.12485000 -2773.93500000
v 3401.12550000 1283.41515000 -2824.41500000
v 3449.75550000 -296.74485000 -3134.41500000
v 3397.21550000 920.69515000 -3213.90500000
v 3455.88550000 -130.34485000 -3311.21500000
v 3396.65550000 851.79515000 -3273.85500000
v 3428.84550000 -3.59485000 -3378.95500000
v 3415.94550000 198.34515000 -3494.30500000
v 3409.64550000 259.41515000 -3504.03500000
v 3497.18550000 1864.30515000 -1497.96500000
v 3439.59550000 1812.49515000 -1506.88500000
v 3411.18550000 2602.76515000 -1574.61500000
v 3453.83550000 1484.01515000 -1682.87500000
v 3479.41550000 1528.98515000 -1616.17500000
v 3437.18550000 1419.49515000 -1743.21500000
v 3416.34550000 1338.90515000 -1795.44500000
v 3425.93550000 2557.55515000 -1750.85500000
v 3494.15550000 1085.58515000 -1802.26500000
v 3480.65550000 967.77515000 -1851.84500000
v 3403.07550000 2390.28515000 -2004.27500000
v 3465.47550000 2047.79515000 -2226.07500000
v 3448.76550000 1956.84515000 -2312.18500000
v 3422.61550000 1801.75515000 -2442.76500000
v 3413.40550000 1531.90515000 -2631.77500000
v 3446.45550000 -403.91485000 -2942.87500000
v 3431.41550000 -367.17485000 -2989.23500000
v 3399.83550000 1002.81515000 -3121.38500000
v 3436.06550000 775.68515000 -3283.25500000
v 3400.04550000 704.96515000 -3362.68500000
v 3431.90550000 488.34515000 -3434.26500000
v 3415.82550000 407.41515000 -3479.76500000
v 3405.49550000 363.84515000 -3498.39500000
v 3460.62550000 1842.01515000 -1498.28500000
v 3493.71550000 2425.01515000 -1544.76500000
v 3461.31550000 2523.56515000 -1561.29500000
v 3476.98550000 1221.49515000 -1778.36500000
v 3533.42550000 834.84515000 -1839.70500000
v 3449.49550000 2286.29515000 -2034.16500000
v 3457.53550000 2137.19515000 -2150.86500000
v 3446.19550000 1641.20515000 -2530.49500000
v 3478.68550000 -181.87485000 -2615.52500000
v 3467.08550000 1294.80515000 -2738.67500000
v 3459.88550000 -386.22485000 -2848.18500000
v 3451.22550000 -397.73485000 -2896.71500000
v 3450.30550000 1178.29515000 -2857.77500000
v 3461.55550000 1239.19515000 -2788.36500000
v 3484.44550000 -480.82485000 -2967.93500000
v 3491.78550000 -477.68485000 -3016.69500000
v 3486.69550000 -373.10485000 -3125.38500000
v 3485.34550000 -265.75485000 -3231.62500000
v 3445.21550000 929.30515000 -3142.46500000
v 3465.94550000 838.06515000 -3194.28500000
v 3437.40550000 593.10515000 -3379.96500000
v 3465.93550000 11.07515000 -3444.49500000
v 3500.21550000 10.82515000 -3480.84500000
v 3473.25550000 93.37515000 -3492.35500000
v 3450.40550000 293.67515000 -3492.42500000
v 3436.62550000 265.48515000 -3502.48500000
v 3464.55550000 176.07515000 -3504.82500000
v 3456.28550000 162.28515000 -3500.37500000
v 3545.82550000 2316.44515000 -1542.28500000
v 3448.00550000 2577.55515000 -1593.72500000
v 3443.51550000 2584.21515000 -1620.70500000
v 3536.36550000 1391.86515000 -1634.04500000
v 3507.40550000 1358.17515000 -1689.28500000
v 3480.49550000 1307.52515000 -1740.82500000
v 3536.28550000 1142.66515000 -1741.23500000
v 3488.20550000 2477.37515000 -1772.69500000
v 3539.99550000 571.54515000 -1943.79500000
v 3492.41550000 2201.03515000 -2054.28500000
v 3505.45550000 1968.93515000 -2259.70500000
v 3518.16550000 5.57515000 -2372.11500000
v 3477.74550000 -43.68485000 -2490.60500000
v 3504.37550000 1865.22515000 -2330.73500000
v 3483.23550000 1730.98515000 -2437.33500000
v 3497.61550000 1420.04515000 -2617.62500000
v 3512.23550000 -348.08485000 -2698.18500000
v 3506.85550000 -458.03485000 -2806.97500000
v 3503.16550000 -501.96485000 -2877.45500000
v 3497.34550000 -507.20485000 -2928.61500000
v 3486.72550000 1083.68515000 -2905.01500000
v 3468.01550000 993.87515000 -3032.86500000
v 3524.74550000 -134.08485000 -3417.33500000
v 3482.13550000 211.25515000 -3494.51500000
v 3537.09550000 2244.89515000 -1534.38500000
v 3571.68550000 1961.87515000 -1520.08500000
v 3525.89550000 1677.64515000 -1515.95500000
v 3496.64550000 1602.57515000 -1555.92500000
v 3485.84550000 2532.20515000 -1585.01500000
v 3491.57550000 2512.06515000 -1698.12500000
v 3585.63550000 355.79515000 -1995.17500000
v 3510.92550000 1593.37515000 -2497.51500000
v 3548.47550000 -504.41485000 -2746.54500000
v 3535.27550000 1198.81515000 -2718.63500000
v 3487.23550000 903.57515000 -3100.87500000
v 3554.38550000 -393.85485000 -3233.22500000
v 3480.52550000 626.46515000 -3309.31500000
v 3497.47550000 464.01515000 -3372.49500000
v 3509.85550000 281.44515000 -3440.92500000
v 3543.97550000 -97.49485000 -3464.85500000
v 3490.09550000 155.26515000 -3501.39500000
v 3507.21550000 79.84515000 -3499.23500000
v 3503.86550000 1774.24515000 -1505.11500000
v 3492.85550000 2533.81515000 -1602.42500000
v 3512.38550000 2508.69515000 -1638.60500000
v 3556.81550000 1227.99515000 -1684.85500000
v 3586.26550000 708.62515000 -1823.98500000
v 3531.68550000 2391.48515000 -1822.81500000
v 3487.79550000 2347.50515000 -1929.58500000
v 3533.94550000 2258.27515000 -1951.32500000
v 3544.15550000 2138.39515000 -2067.51500000
v 3616.32550000 115.34515000 -2102.70500000
v 3518.95550000 -135.79485000 -2498.54500000
v 3557.85550000 -266.15485000 -2534.96500000
v 3556.60550000 -598.80485000 -2810.41500000
v 3555.36550000 -634.88485000 -2869.54500000
v 3536.68550000 -597.40485000 -2915.58500000
v 3527.79550000 -574.61485000 -2962.90500000
v 3533.71550000 -499.32485000 -3091.00500000
v 3570.86550000 -659.33485000 -2999.99500000
v 3532.12550000 774.50515000 -3147.09500000
v 3543.62550000 683.47515000 -3184.22500000
v 3565.64550000 460.63515000 -3292.48500000
v 3541.18550000 -254.42485000 -3338.29500000
v 3523.49550000 147.61515000 -3482.65500000
v 3519.12550000 19.71515000 -3493.05500000
v 3552.95550000 -61.38485000 -3486.11500000
v 3580.41550000 1688.05515000 -1509.60500000
v 3596.82550000 1580.92515000 -1513.84500000
v 3592.94550000 1520.98515000 -1526.44500000
v 3531.68550000 2478.28515000 -1578.61500000
v 3558.21550000 2425.69515000 -1569.55500000
v 3573.62550000 1407.41515000 -1581.07500000
v 3556.75550000 1308.88515000 -1651.10500000
v 3596.04550000 1076.75515000 -1691.17500000
v 3581.95550000 2170.74515000 -1987.96500000
v 3549.76550000 2087.92515000 -2117.35500000
v 3565.70550000 18.14515000 -2273.28500000
v 3555.50550000 2015.32515000 -2178.28500000
v 3572.98550000 -107.42485000 -2365.85500000
v 3561.17550000 1932.37515000 -2235.22500000
v 3565.34550000 1486.30515000 -2500.32500000
v 3564.88550000 -440.88485000 -2659.52500000
v 3572.43550000 -552.96485000 -2725.04500000
v 3548.50550000 1294.77515000 -2631.72500000
v 3547.73550000 1075.47515000 -2813.09500000
v 3526.67550000 1001.09515000 -2928.57500000
v 3567.69550000 -678.14485000 -2931.83500000
v 3522.83550000 931.11515000 -3009.75500000
v 3592.84550000 -569.94485000 -3141.80500000
v 3550.80550000 833.32515000 -3053.01500000
v 3627.85550000 -508.56485000 -3266.46500000
v 3567.59550000 554.10515000 -3232.10500000
v 3583.76550000 92.40515000 -3452.04500000
v 3542.83550000 68.34515000 -3491.72500000
v 3572.14550000 -48.36485000 -3491.98500000
v 3610.88550000 2227.06515000 -1551.71500000
v 3590.87550000 2117.63515000 -1537.49500000
v 3598.62550000 1443.05515000 -1545.80500000
v 3535.53550000 2483.62515000 -1599.30500000
v 3552.37550000 2448.52515000 -1685.71500000
v 3565.96550000 947.75515000 -1764.58500000
v 3600.83550000 842.91515000 -1758.63500000
v 3563.00550000 2306.84515000 -1856.73500000
v 3623.60550000 610.54515000 -1813.88500000
v 3646.16550000 459.84515000 -1845.94500000
v 3588.93550000 2215.36515000 -1918.61500000
v 3592.69550000 1728.16515000 -2332.10500000
v 3634.22550000 -418.38485000 -2495.29500000
v 3597.99550000 1358.39515000 -2527.85500000
v 3614.26550000 -601.63485000 -2661.89500000
v 3586.53550000 -648.10485000 -2764.71500000
v 3583.04550000 -702.73485000 -2832.72500000
v 3598.46550000 -776.29485000 -2871.01500000
v 3601.65550000 -778.05485000 -2922.44500000
v 3629.79550000 -430.42485000 -3333.06500000
v 3597.26550000 293.78515000 -3339.51500000
v 3599.37550000 -345.95485000 -3352.52500000
v 3604.37550000 -286.71485000 -3406.49500000
v 3606.20550000 -222.33485000 -3453.05500000
v 3584.80550000 38.79515000 -3472.75500000
v 3588.23550000 -143.57485000 -3476.88500000
v 3574.40550000 -8.82485000 -3489.54500000
v 3639.34550000 1746.16515000 -1520.94500000
v 3646.16550000 1540.54515000 -1512.61500000
v 3607.52550000 2309.38515000 -1563.29500000
v 3580.93550000 2424.48515000 -1587.30500000
v 3604.74550000 1277.28515000 -1610.12500000
v 3593.23550000 2415.32515000 -1621.16500000
v 3565.06550000 2405.67515000 -1735.83500000
v 3617.60550000 2315.59515000 -1743.10500000
v 3585.01550000 2246.99515000 -1883.89500000
v 3674.38550000 195.05515000 -1951.68500000
v 3600.74550000 2114.26515000 -2037.32500000
v 3645.28550000 1944.92515000 -2143.93500000
v 3602.15550000 1858.96515000 -2241.38500000
v 3617.61550000 -64.62485000 -2242.46500000
v 3626.82550000 -219.12485000 -2351.49500000
v 3621.98550000 1585.77515000 -2381.38500000
v 3647.65550000 1055.90515000 -2661.12500000
v 3623.97550000 -766.62485000 -2739.27500000
v 3608.82550000 -777.68485000 -2800.89500000
v 3584.97550000 931.31515000 -2892.04500000
v 3633.49550000 -887.37485000 -2823.31500000
v 3663.28550000 -784.90485000 -3078.60500000
v 3627.60550000 692.06515000 -3037.67500000
v 3666.87550000 -635.61485000 -3225.89500000
v 3648.76550000 97.99515000 -3376.48500000
v 3602.34550000 -22.58485000 -3478.30500000
v 3602.53550000 -136.71485000 -3485.53500000
v 3639.73550000 1491.60515000 -1517.20500000
v 3653.66550000 1406.18515000 -1528.62500000
v 3616.94550000 2361.66515000 -1580.78500000
v 3624.70550000 1163.49515000 -1629.44500000
v 3622.45550000 2214.89515000 -1861.05500000
v 3622.50550000 2252.46515000 -1811.89500000
v 3645.21550000 2172.75515000 -1893.95500000
v 3693.38550000 309.57515000 -1851.43500000
v 3635.97550000 2050.52515000 -2062.27500000
v 3681.94550000 1445.22515000 -2379.40500000
v 3686.12550000 -617.04485000 -2513.86500000
v 3634.89550000 1212.10515000 -2565.79500000
v 3656.48550000 -728.94485000 -2641.57500000
v 3641.77550000 -879.77485000 -2771.95500000
v 3666.19550000 -873.41485000 -2698.66500000
v 3620.65550000 991.97515000 -2765.42500000
v 3633.16550000 -880.64485000 -2875.52500000
v 3636.54550000 -847.03485000 -2943.32500000
v 3655.70550000 813.34515000 -2871.37500000
v 3671.01550000 534.15515000 -3085.00500000
v 3621.60550000 521.27515000 -3173.63500000
v 3655.15550000 375.68515000 -3219.81500000
v 3633.15550000 327.24515000 -3277.79500000
v 3637.72550000 -28.34485000 -3448.37500000
v 3625.10550000 -91.24485000 -3476.91500000
v 3624.95550000 -142.71485000 -3483.65500000
v 3628.46550000 -213.16485000 -3473.28500000
v 3663.66550000 2008.72515000 -1545.76500000
v 3691.55550000 2108.26515000 -1564.69500000
v 3658.38550000 1306.81515000 -1551.83500000
v 3620.22550000 2377.71515000 -1599.84500000
v 3665.54550000 1179.39515000 -1579.54500000
v 3665.35550000 1047.53515000 -1612.47500000
v 3630.11550000 945.21515000 -1688.84500000
v 3609.38550000 2374.81515000 -1672.54500000
v 3653.44550000 760.30515000 -1718.25500000
v 3726.56550000 388.11515000 -1751.77500000
v 3667.04550000 2114.76515000 -1948.67500000
v 3710.58550000 1996.40515000 -2029.88500000
v 3694.56550000 -302.60485000 -2280.73500000
v 3710.93550000 -410.16485000 -2328.03500000
v 3665.44550000 -947.25485000 -2749.50500000
v 3673.10550000 -995.33485000 -2775.84500000
v 3665.33550000 -978.22485000 -2823.37500000
v 3680.10550000 -1000.60485000 -2864.23500000
v 3706.92550000 -973.15485000 -2972.42500000
v 3718.63550000 -803.12485000 -3176.41500000
v 3676.81550000 -533.29485000 -3328.34500000
v 3660.59550000 -425.10485000 -3381.28500000
v 3671.75550000 -370.47485000 -3428.39500000
v 3656.15550000 -289.29485000 -3456.50500000
v 3658.82550000 -220.34485000 -3474.20500000
v 3682.43550000 -296.38485000 -3461.02500000
v 3679.60550000 1574.16515000 -1519.53500000
v 3703.61550000 1855.68515000 -1544.15500000
v 3652.89550000 2292.21515000 -1582.93500000
v 3674.30550000 2195.69515000 -1571.94500000
v 3634.41550000 2364.32515000 -1606.96500000
v 3642.06550000 2345.69515000 -1621.33500000
v 3675.09550000 905.01515000 -1637.55500000
v 3662.99550000 2244.18515000 -1740.46500000
v 3686.76550000 560.31515000 -1741.42500000
v 3686.66550000 2189.41515000 -1790.18500000
v 3725.95550000 57.36515000 -1961.25500000
v 3673.60550000 -132.66485000 -2187.66500000
v 3709.06550000 1675.29515000 -2237.13500000
v 3710.03550000 -498.57485000 -2388.75500000
v 3686.67550000 1291.55515000 -2447.27500000
v 3702.37550000 -813.37485000 -2580.96500000
v 3706.79550000 1093.06515000 -2534.78500000
v 3720.16550000 -1020.33485000 -2635.87500000
v 3690.48550000 -1007.35485000 -2719.08500000
v 3665.58550000 928.09515000 -2743.39500000
v 3753.86550000 -964.49485000 -3088.23500000
v 3734.81550000 -720.30485000 -3274.29500000
v 3711.14550000 -542.20485000 -3372.25500000
v 3746.34550000 -84.55485000 -3346.83500000
v 3661.67550000 -181.37485000 -3471.52500000
v 3703.86550000 1420.34515000 -1519.85500000
v 3702.93550000 1327.33515000 -1528.05500000
v 3666.01550000 2243.24515000 -1579.70500000
v 3710.99550000 1165.92515000 -1540.98500000
v 3710.90550000 1059.31515000 -1552.17500000
v 3647.77550000 2323.64515000 -1599.83500000
v 3700.32550000 825.47515000 -1621.37500000
v 3713.56550000 932.80515000 -1569.67500000
v 3648.43550000 2312.97515000 -1662.22500000
v 3709.02550000 693.60515000 -1652.93500000
v 3672.51550000 2261.59515000 -1680.61500000
v 3707.73550000 2135.69515000 -1855.77500000
v 3729.37550000 -85.49485000 -2051.82500000
v 3691.19550000 1816.42515000 -2174.69500000
v 3750.96550000 -372.66485000 -2213.29500000
v 3726.52550000 1574.83515000 -2267.32500000
v 3734.22550000 1000.68515000 -2554.93500000
v 3725.32550000 938.93515000 -2621.85500000
v 3714.07550000 -1079.40485000 -2691.91500000
v 3714.41550000 -1105.78485000 -2721.98500000
v 3707.88550000 -1093.96485000 -2779.97500000
v 3723.29550000 -1123.22485000 -2814.34500000
v 3744.97550000 -1116.38485000 -2888.59500000
v 3719.95550000 700.25515000 -2853.40500000
v 3693.08550000 403.39515000 -3143.74500000
v 3677.92550000 221.05515000 -3275.61500000
v 3716.99550000 -502.28485000 -3399.72500000
v 3702.01550000 -373.39485000 -3444.29500000
v 3758.84550000 1479.54515000 -1532.62500000
v 3724.97550000 1214.19515000 -1529.35500000
v 3739.07550000 1126.25515000 -1526.58500000
v 3742.95550000 1054.35515000 -1525.12500000
v 3745.39550000 950.52515000 -1526.86500000
v 3750.38550000 870.73515000 -1529.24500000
v 3761.45550000 1956.42515000 -1569.29500000
v 3682.50550000 2243.59515000 -1598.36500000
v 3697.64550000 2199.82515000 -1589.14500000
v 3743.21550000 736.64515000 -1582.78500000
v 3666.99550000 2283.67515000 -1633.18500000
v 3751.84550000 533.83515000 -1643.44500000
v 3694.53550000 2216.59515000 -1708.54500000
v 3748.50550000 2160.81515000 -1702.48500000
v 3767.96550000 2113.94515000 -1779.47500000
v 3743.50550000 162.08515000 -1859.84500000
v 3723.98550000 2052.98515000 -1950.05500000
v 3740.33550000 -246.06485000 -2142.51500000
v 3717.24550000 1914.96515000 -2083.24500000
v 3775.23550000 -488.53485000 -2233.50500000
v 3803.27550000 1472.89515000 -2217.53500000
v 3788.60550000 1305.06515000 -2304.03500000
v 3745.03550000 -593.98485000 -2367.13500000
v 3744.71550000 -735.47485000 -2442.89500000
v 3761.11550000 1159.81515000 -2411.23500000
v 3763.18550000 -886.69485000 -2464.93500000
v 3738.02550000 -1155.67485000 -2659.76500000
v 3742.24550000 -1190.95485000 -2706.82500000
v 3770.16550000 779.42515000 -2679.39500000
v 3761.86550000 -903.49485000 -3166.91500000
v 3736.00550000 -630.17485000 -3343.64500000
v 3748.72550000 -595.20485000 -3378.69500000
v 3727.84550000 -463.28485000 -3423.65500000
v 3697.40550000 -170.31485000 -3436.55500000
v 3696.67550000 -241.98485000 -3456.50500000
v 3712.75550000 -308.88485000 -3453.15500000
v 3719.35550000 -364.10485000 -3446.98500000
v 3779.41550000 1401.33515000 -1533.65500000
v 3746.44550000 1232.43515000 -1521.56500000
v 3775.47550000 1625.11515000 -1548.33500000
v 3728.32550000 2179.33515000 -1613.66500000
v 3756.05550000 2123.77515000 -1599.84500000
v 3706.04550000 2215.26515000 -1652.87500000
v 3785.29550000 370.20515000 -1653.98500000
v 3768.16550000 270.64515000 -1741.08500000
v 3735.96550000 2091.51515000 -1875.20500000
v 3788.94550000 53.70515000 -1857.73500000
v 3810.57550000 -89.78485000 -1916.56500000
v 3771.65550000 2002.24515000 -1942.06500000
v 3782.02550000 -210.86485000 -2039.90500000
v 3769.31550000 1845.33515000 -2067.08500000
v 3768.26550000 -1054.72485000 -2517.42500000
v 3751.31550000 -1122.59485000 -2591.94500000
v 3761.64550000 -1209.68485000 -2593.29500000
v 3761.59550000 -1239.58485000 -2640.84500000
v 3743.92550000 -1187.40485000 -2760.24500000
v 3781.55550000 -1235.02485000 -2819.16500000
v 3810.17550000 -1222.42485000 -2928.56500000
v 3771.61550000 526.29515000 -2903.87500000
v 3760.01550000 375.98515000 -3050.21500000
v 3764.52550000 -855.08485000 -3212.83500000
v 3768.28550000 73.76515000 -3236.46500000
v 3783.64550000 -746.92485000 -3319.27500000
v 3793.35550000 -225.44485000 -3348.91500000
v 3750.48550000 -301.67485000 -3421.13500000
v 3739.87550000 -431.13485000 -3434.33500000
v 3809.15550000 1242.55515000 -1532.07500000
v 3753.08550000 1105.08515000 -1519.52500000
v 3772.30550000 976.91515000 -1510.70500000
v 3772.45550000 861.86515000 -1512.19500000
v 3780.59550000 740.04515000 -1526.10500000
v 3787.68550000 601.27515000 -1555.84500000
v 3772.03550000 2135.34515000 -1626.81500000
v 3751.44550000 2161.70515000 -1649.48500000
v 3775.05550000 1922.17515000 -2002.65500000
v 3790.20550000 1736.52515000 -2103.61500000
v 3809.90550000 1610.71515000 -2143.31500000
v 3791.38550000 -679.34485000 -2296.51500000
v 3778.01550000 -783.60485000 -2380.34500000
v 3790.19550000 1020.08515000 -2448.77500000
v 3779.39550000 -1185.28485000 -2520.32500000
v 3783.40550000 -1272.83485000 -2544.59500000
v 3805.88550000 -1252.70485000 -2446.50500000
v 3771.78550000 -1259.55485000 -2595.07500000
v 3780.74550000 -1291.32485000 -2607.86500000
v 3771.91550000 -1258.05485000 -2696.01500000
v 3780.29550000 637.06515000 -2790.06500000
v 3788.78550000 -1119.08485000 -2999.29500000
v 3740.24550000 259.03515000 -3163.74500000
v 3814.94550000 -993.17485000 -3175.84500000
v 3796.07550000 -842.89485000 -3265.11500000
v 3809.76550000 -816.52485000 -3300.21500000
v 3774.05550000 -673.86485000 -3354.13500000
v 3762.54550000 -561.15485000 -3400.40500000
v 3787.73550000 -658.21485000 -3370.03500000
v 3757.64550000 -493.93485000 -3420.64500000
v 3762.05550000 -406.57485000 -3427.31500000
v 3771.06550000 -479.85485000 -3420.56500000
v 3803.32550000 950.27515000 -1503.37500000
v 3793.35550000 868.41515000 -1502.32500000
v 3801.65550000 776.83515000 -1503.71500000
v 3781.36550000 1098.57515000 -1517.51500000
v 3815.09550000 674.03515000 -1505.10500000
v 3812.43550000 613.47515000 -1518.71500000
v 3842.35550000 1403.09515000 -1554.02500000
v 3821.65550000 1768.08515000 -1572.52500000
v 3792.47550000 2023.32515000 -1589.72500000
v 3808.52550000 440.45515000 -1580.11500000
v 3792.92550000 2120.87515000 -1659.08500000
v 3827.11550000 281.22515000 -1621.49500000
v 3822.03550000 141.46515000 -1722.70500000
v 3814.80550000 2095.66515000 -1694.21500000
v 3834.57550000 -245.47485000 -1968.14500000
v 3797.95550000 -337.71485000 -2090.81500000
v 3827.32550000 -586.96485000 -2158.65500000
v 3808.62550000 -834.21485000 -2317.16500000
v 3849.38550000 1370.40515000 -2198.81500000
v 3808.16550000 -1019.82485000 -2373.64500000
v 3800.08550000 -1138.48485000 -2433.21500000
v 3815.13550000 -1341.97485000 -2448.86500000
v 3799.83550000 -1302.34485000 -2499.17500000
v 3798.62550000 -1321.32485000 -2538.11500000
v 3819.40550000 -1371.87485000 -2501.78500000
v 3802.92550000 -1331.65485000 -2612.39500000
v 3801.28550000 -1301.21485000 -2732.77500000
v 3840.11550000 -1366.54485000 -2696.54500000
v 3839.35550000 -1324.00485000 -2832.72500000
v 3833.35550000 -1135.05485000 -3083.33500000
v 3825.08550000 -157.68485000 -3280.16500000
v 3811.78550000 -742.74485000 -3339.14500000
v 3816.99550000 -800.43485000 -3313.80500000
v 3806.71550000 -634.62485000 -3382.31500000
v 3799.69550000 -394.83485000 -3395.77500000
v 3786.94550000 -547.31485000 -3403.84500000
v 3827.94550000 820.71515000 -1499.47500000
v 3837.41550000 704.35515000 -1497.28500000
v 3847.14550000 612.54515000 -1494.62500000
v 3813.42550000 1060.16515000 -1515.29500000
v 3840.91550000 558.10515000 -1503.11500000
v 3828.05550000 500.47515000 -1530.39500000
v 3847.89550000 2008.39515000 -1611.14500000
v 3865.35550000 163.30515000 -1606.00500000
v 3850.31550000 -9.32485000 -1788.73500000
v 3800.69550000 2033.93515000 -1846.53500000
v 3833.52550000 1932.20515000 -1906.59500000
v 3865.84550000 -375.32485000 -1976.98500000
v 3826.39550000 -459.37485000 -2099.24500000
v 3828.47550000 -716.17485000 -2210.37500000
v 3828.82550000 -945.78485000 -2286.71500000
v 3837.33550000 -1017.06485000 -2274.15500000
v 3830.80550000 -1199.27485000 -2314.48500000
v 3826.52550000 -1312.73485000 -2363.62500000
v 3832.99550000 -1392.26485000 -2414.74500000
v 3844.89550000 -1410.74485000 -2322.92500000
v 3833.44550000 -1369.74485000 -2360.93500000
v 3847.54550000 -1423.23485000 -2438.45500000
v 3793.29550000 914.31515000 -2519.82500000
v 3841.50550000 -1398.06485000 -2539.49500000
v 3838.04550000 607.07515000 -2694.30500000
v 3848.29550000 -1293.92485000 -2929.07500000
v 3845.29550000 -1233.03485000 -3003.09500000
v 3829.21550000 339.83515000 -2951.33500000
v 3822.86550000 213.46515000 -3064.45500000
v 3798.96550000 140.74515000 -3152.06500000
v 3845.98550000 -950.35485000 -3244.34500000
v 3860.21550000 -1034.39485000 -3202.20500000
v 3836.38550000 -858.93485000 -3289.97500000
v 3819.02550000 -699.39485000 -3357.71500000
v 3822.27550000 -323.40485000 -3345.11500000
v 3819.33550000 -598.17485000 -3385.12500000
v 3830.06550000 -647.57485000 -3372.28500000
v 3826.67550000 -480.48485000 -3381.36500000
v 3802.38550000 -516.19485000 -3398.00500000
v 3836.89550000 939.97515000 -1508.60500000
v 3901.07550000 1056.36515000 -1544.87500000
v 3851.24550000 356.25515000 -1544.25500000
v 3868.44550000 419.49515000 -1507.29500000
v 3854.37550000 1644.96515000 -1574.60500000
v 3873.72550000 1873.11515000 -1600.55500000
v 3824.94550000 2071.25515000 -1630.72500000
v 3866.43550000 105.83515000 -1644.64500000
v 3865.83550000 48.34515000 -1701.65500000
v 3851.80550000 2033.40515000 -1738.52500000
v 3870.64550000 -103.84485000 -1821.29500000
v 3880.47550000 -223.82485000 -1870.96500000
v 3858.84550000 -546.85485000 -2058.30500000
v 3840.52550000 1810.06515000 -1988.90500000
v 3853.55550000 -693.63485000 -2123.92500000
v 3840.67550000 -870.48485000 -2216.95500000
v 3852.65550000 -1046.44485000 -2193.89500000
v 3845.28550000 -1360.19485000 -2278.63500000
v 3850.58550000 -1236.67485000 -2226.87500000
v 3857.12550000 -1330.17485000 -2198.61500000
v 3855.06550000 -1411.78485000 -2255.17500000
v 3853.14550000 -1431.68485000 -2340.28500000
v 3867.59550000 -1474.09485000 -2226.32500000
v 3845.56550000 1181.07515000 -2278.73500000
v 3869.76550000 1044.36515000 -2304.16500000
v 3884.49550000 -1456.06485000 -2486.19500000
v 3865.76550000 -1410.31485000 -2622.79500000
v 3853.47550000 803.05515000 -2492.70500000
v 3884.27550000 -1405.16485000 -2739.28500000
v 3842.56550000 713.91515000 -2587.43500000
v 3893.67550000 -1384.34485000 -2854.88500000
v 3871.72550000 249.89515000 -2944.90500000
v 3871.82550000 -1157.55485000 -3129.08500000
v 3872.79550000 -1095.00485000 -3174.76500000
v 3850.64550000 51.95515000 -3130.28500000
v 3833.14550000 -75.23485000 -3225.78500000
v 3863.14550000 -917.52485000 -3273.43500000
v 3841.27550000 -807.05485000 -3316.94500000
v 3843.36550000 -755.01485000 -3335.55500000
v 3837.77550000 -695.68485000 -3354.90500000
v 3880.94550000 810.32515000 -1510.00500000
v 3890.51550000 639.93515000 -1496.34500000
v 3867.90550000 597.50515000 -1492.11500000
v 3868.88550000 518.58515000 -1495.20500000
v 3894.42550000 413.22515000 -1492.29500000
v 3910.17550000 904.87515000 -1532.32500000
v 3950.73550000 1233.49515000 -1582.61500000
v 3889.88550000 289.63515000 -1512.80500000
v 3884.51550000 216.59515000 -1545.21500000
v 3905.09550000 1687.75515000 -1597.39500000
v 3886.47550000 1989.24515000 -1631.25500000
v 3870.48550000 2030.00515000 -1645.64500000
v 3835.61550000 2071.48515000 -1658.93500000
v 3901.97550000 11.42515000 -1644.10500000
v 3895.54550000 -41.27485000 -1715.50500000
v 3890.71550000 -1473.05485000 -1829.57500000
v 3875.63550000 -1492.67485000 -1874.34500000
v 3884.74550000 -1562.37485000 -1862.85500000
v 3880.25550000 -1384.22485000 -1872.19500000
v 3878.67550000 -1441.43485000 -1874.10500000
v 3848.78550000 1973.97515000 -1839.24500000
v 3873.49550000 -1546.16485000 -1930.03500000
v 3886.66550000 -1617.01485000 -1909.71500000
v 3882.78550000 -1195.45485000 -1947.51500000
v 3874.96550000 -1302.06485000 -1934.90500000
v 3891.24550000 -1267.96485000 -1891.33500000
v 3872.84550000 -1428.87485000 -1951.99500000
v 3876.79550000 -1592.86485000 -1951.65500000
v 3869.20550000 -1280.23485000 -2035.77500000
v 3876.25550000 -1576.20485000 -2013.72500000
v 3885.63550000 -1618.92485000 -1974.62500000
v 3905.10550000 -534.88485000 -1954.17500000
v 3874.31550000 -1197.62485000 -2003.82500000
v 3872.58550000 -1507.97485000 -2045.30500000
v 3881.57550000 -1067.43485000 -2017.86500000
v 3865.77550000 -1385.06485000 -2125.37500000
v 3871.16550000 -1134.38485000 -2066.65500000
v 3891.16550000 -1599.30485000 -2057.28500000
v 3885.46550000 -698.09485000 -2028.62500000
v 3878.94550000 -1534.60485000 -2122.25500000
v 3865.56550000 -861.19485000 -2113.36500000
v 3886.53550000 -854.05485000 -2032.74500000
v 3880.07550000 -951.21485000 -2050.48500000
v 3869.11550000 -1033.92485000 -2100.77500000
v 3871.52550000 -1476.64485000 -2130.16500000
v 3862.29550000 -1206.85485000 -2135.18500000
v 3881.72550000 -1517.63485000 -2217.37500000
v 3874.95550000 -1475.31485000 -2331.30500000
v 3874.46550000 912.37515000 -2373.06500000
v 3901.10550000 -1499.95485000 -2363.11500000
v 3901.61550000 -1437.10485000 -2655.48500000
v 3879.21550000 -1344.50485000 -2921.24500000
v 3887.33550000 -1317.37485000 -2991.60500000
v 3912.45550000 128.12515000 -2963.68500000
v 3887.23550000 -1247.83485000 -3069.31500000
v 3880.11550000 -1074.08485000 -3196.06500000
v 3881.58550000 -1033.80485000 -3219.47500000
v 3876.13550000 -974.40485000 -3248.52500000
v 3866.17550000 -873.41485000 -3291.98500000
v 3873.84550000 -829.39485000 -3304.01500000
v 3881.37550000 -259.38485000 -3240.11500000
v 3871.25550000 -758.47485000 -3322.68500000
v 3879.81550000 -428.54485000 -3300.28500000
v 3854.21550000 -596.01485000 -3354.45500000
v 3849.78550000 -672.38485000 -3351.04500000
v 3946.67550000 661.85515000 -1517.95500000
v 3909.53550000 463.16515000 -1490.47500000
v 3912.56550000 309.25515000 -1492.88500000
v 3921.46550000 205.46515000 -1498.48500000
v 3893.46550000 1542.79515000 -1584.21500000
v 3902.08550000 96.66515000 -1571.20500000
v 3867.40550000 2030.96515000 -1676.88500000
v 3903.17550000 -139.26485000 -1774.36500000
v 3858.78550000 1989.45515000 -1797.23500000
v 3924.09550000 -1394.76485000 -1786.26500000
v 3903.38550000 -1333.31485000 -1842.02500000
v 3929.08550000 -1491.79485000 -1785.19500000
v 3906.98550000 -1563.73485000 -1825.57500000
v 3900.69550000 -1612.42485000 -1862.91500000
v 3923.39550000 -1633.45485000 -1836.88500000
v 3898.58550000 1912.81515000 -1809.36500000
v 3915.74550000 -1178.40485000 -1870.10500000
v 3908.72550000 -1651.85485000 -1887.90500000
v 3934.44550000 -1676.82485000 -1867.21500000
v 3898.01550000 -1173.64485000 -1914.49500000
v 3904.44550000 -1074.44485000 -1936.71500000
v 3921.87550000 1793.16515000 -1872.13500000
v 3916.99550000 -386.93485000 -1881.84500000
v 3904.43550000 -1657.00485000 -1935.62500000
v 3926.82550000 -1680.27485000 -1902.69500000
v 3933.15550000 -1688.22485000 -1940.92500000
v 3903.70550000 -828.17485000 -1981.92500000
v 3913.73550000 -707.31485000 -1956.20500000
v 3897.26550000 -946.36485000 -1991.05500000
v 3912.43550000 -1648.75485000 -2000.80500000
v 3918.49550000 1719.05515000 -1932.94500000
v 3894.30550000 1647.03515000 -2007.12500000
v 3918.31550000 -1619.49485000 -2084.93500000
v 3938.81550000 -1652.33485000 -2055.77500000
v 3901.94550000 -1565.21485000 -2160.11500000
v 3879.16550000 1530.40515000 -2088.33500000
v 3902.84550000 1394.84515000 -2113.29500000
v 3903.13550000 -1525.40485000 -2274.68500000
v 3898.33550000 1255.73515000 -2172.20500000
v 3929.35550000 920.21515000 -2268.64500000
v 3934.12550000 -1507.26485000 -2439.09500000
v 3901.20550000 362.78515000 -2782.62500000
v 3924.14550000 -1432.93485000 -2763.29500000
v 3915.51550000 -1369.78485000 -2961.79500000
v 3906.41550000 -1233.64485000 -3113.17500000
v 3931.05550000 -1297.08485000 -3087.58500000
v 3907.29550000 -1176.20485000 -3150.36500000
v 3896.62550000 -1101.12485000 -3187.77500000
v 3901.14550000 -1016.45485000 -3233.62500000
v 3893.59550000 -954.17485000 -3258.43500000
v 3894.57550000 -897.61485000 -3276.43500000
v 3876.46550000 -532.83485000 -3324.69500000
v 3924.59550000 354.02515000 -1487.91500000
v 3925.30550000 127.33515000 -1510.88500000
v 3942.36550000 47.28515000 -1514.35500000
v 3992.48550000 942.66515000 -1568.36500000
v 3939.34550000 -19.89485000 -1575.46500000
v 3901.04550000 1927.05515000 -1621.18500000
v 3913.43550000 1963.97515000 -1658.95500000
v 3944.09550000 -127.38485000 -1657.54500000
v 3919.46550000 1949.27515000 -1701.55500000
v 3897.59550000 1952.52515000 -1755.98500000
v 3935.82550000 -310.88485000 -1807.08500000
v 3931.98550000 -1578.57485000 -1802.52500000
v 3958.60550000 -1546.97485000 -1773.69500000
v 3937.63550000 -1273.68485000 -1800.69500000
v 3958.41550000 -1626.38485000 -1801.96500000
v 3954.81550000 -1153.27485000 -1814.48500000
v 3940.33550000 -506.25485000 -1883.95500000
v 3936.24550000 -617.05485000 -1909.30500000
v 3926.29550000 -871.76485000 -1928.93500000
v 3946.59550000 -708.79485000 -1898.84500000
v 3930.97550000 -1021.26485000 -1891.78500000
v 3958.23550000 -1680.76485000 -2010.29500000
v 3956.42550000 -1596.51485000 -2199.06500000
v 3935.19550000 -1560.13485000 -2253.20500000
v 3931.80550000 1086.93515000 -2187.60500000
v 3943.76550000 -1538.56485000 -2341.97500000
v 3919.76550000 775.92515000 -2380.52500000
v 3908.95550000 626.72515000 -2527.46500000
v 3953.01550000 -1486.13485000 -2595.51500000
v 3962.07550000 -1426.51485000 -2900.11500000
v 3929.43550000 -1340.90485000 -3030.78500000
v 3933.70550000 -2.25485000 -3024.26500000
v 3922.31550000 -115.65485000 -3107.81500000
v 3940.47550000 -1258.51485000 -3117.82500000
v 3922.21550000 -1143.22485000 -3176.07500000
v 3917.31550000 -1088.43485000 -3199.29500000
v 3927.42550000 -1039.45485000 -3218.72500000
v 3931.53550000 -384.95485000 -3216.20500000
v 3915.97550000 -951.38485000 -3251.03500000
v 3895.65550000 -725.03485000 -3305.14500000
v 3915.58550000 -863.46485000 -3266.75500000
v 3924.16550000 -538.08485000 -3265.38500000
v 3913.72550000 -634.21485000 -3284.57500000
v 3977.84550000 410.60515000 -1495.81500000
v 3964.59550000 309.61515000 -1483.87500000
v 3944.45550000 273.80515000 -1483.25500000
v 3949.36550000 191.26515000 -1479.53500000
v 3957.52550000 98.48515000 -1479.23500000
v 3950.84550000 69.57515000 -1492.98500000
v 3967.08550000 20.08515000 -1487.53500000
v 3974.60550000 801.96515000 -1545.05500000
v 3970.00550000 -34.12485000 -1509.21500000
v 3976.60550000 -107.19485000 -1551.51500000
v 3986.86550000 1401.26515000 -1612.88500000
v 3950.85550000 1829.32515000 -1629.20500000
v 3953.90550000 1729.15515000 -1622.24500000
v 3995.91550000 1564.70515000 -1628.78500000
v 3931.89550000 1906.25515000 -1641.86500000
v 3952.83550000 -254.51485000 -1731.56500000
v 3962.30550000 -1302.14485000 -1762.19500000
v 3954.44550000 -1396.21485000 -1760.82500000
v 3971.08550000 -1449.25485000 -1752.41500000
v 3946.49550000 1876.70515000 -1745.66500000
v 3956.24550000 -1257.57485000 -1780.05500000
v 3977.08550000 -1203.34485000 -1770.34500000
v 3958.35550000 -1676.87485000 -1839.72500000
v 3962.85550000 -460.27485000 -1821.23500000
v 3952.33550000 -1069.00485000 -1843.81500000
v 3967.78550000 -1704.57485000 -1888.23500000
v 3957.35550000 1815.75515000 -1788.79500000
v 3971.23550000 -788.13485000 -1857.34500000
v 3963.79550000 -950.39485000 -1851.10500000
v 3996.72550000 -888.54485000 -1805.32500000
v 3975.27550000 -626.44485000 -1838.53500000
v 3973.68550000 -1706.48485000 -1946.04500000
v 3972.80550000 -1659.84485000 -2078.22500000
v 3990.67550000 -1639.98485000 -2142.72500000
v 3967.02550000 936.51515000 -2198.05500000
v 3995.05550000 -1581.31485000 -2313.39500000
v 3978.31550000 -1473.33485000 -2738.51500000
v 3974.70550000 144.97515000 -2833.54500000
v 3951.31550000 -1390.57485000 -2984.10500000
v 3959.66550000 -1347.69485000 -3061.49500000
v 3956.86550000 -1311.88485000 -3089.47500000
v 3940.32550000 -1194.65485000 -3150.71500000
v 3938.72550000 -1148.56485000 -3172.91500000
v 3945.75550000 -1119.87485000 -3182.42500000
v 3951.20550000 -995.87485000 -3213.93500000
v 3947.70550000 -754.77485000 -3242.24500000
v 3979.54550000 102.69515000 -1468.57500000
v 3978.58550000 184.49515000 -1473.81500000
v 3973.73550000 540.83515000 -1512.18500000
v 3993.87550000 -40.66485000 -1473.70500000
v 3989.94550000 -194.64485000 -1588.58500000
v 3964.91550000 1867.78515000 -1663.49500000
v 3956.44550000 1888.09515000 -1682.22500000
v 3982.16550000 -259.63485000 -1658.42500000
v 4000.25550000 -404.17485000 -1701.56500000
v 3994.60550000 -1339.16485000 -1736.47500000
v 4007.86550000 -1232.58485000 -1733.76500000
v 3989.36550000 -1517.11485000 -1753.80500000
v 3996.60550000 -1048.95485000 -1777.67500000
v 4002.06550000 -1610.94485000 -1776.59500000
v 3992.02550000 -1674.12485000 -1813.53500000
v 3996.56550000 -1702.02485000 -1841.57500000
v 3985.80550000 1323.72515000 -2027.15500000
v 3990.55550000 1009.26515000 -2130.89500000
v 4049.36550000 -1625.76485000 -2266.98500000
v 3960.68550000 819.62515000 -2276.76500000
v 3969.45550000 673.62515000 -2366.13500000
v 3973.30550000 574.20515000 -2441.62500000
v 4010.39550000 -1549.38485000 -2471.31500000
v 3977.23550000 438.26515000 -2559.83500000
v 3981.95550000 -1409.07485000 -2991.46500000
v 3997.59550000 11.77515000 -2903.01500000
v 3964.38550000 -1375.65485000 -3023.12500000
v 3978.32550000 -1298.76485000 -3100.23500000
v 3969.95550000 -1238.99485000 -3125.69500000
v 3950.69550000 -239.63485000 -3127.06500000
v 3961.78550000 -1174.39485000 -3153.75500000
v 3963.89550000 -1098.09485000 -3177.93500000
v 3982.45550000 -483.76485000 -3168.95500000
v 3986.91550000 -626.58485000 -3185.26500000
v 3995.38550000 15.88515000 -1465.46500000
v 4017.15550000 -71.87485000 -1457.01500000
v 4005.42550000 -110.62485000 -1485.52500000
v 4029.12550000 259.21515000 -1487.44500000
v 4042.43550000 638.34515000 -1549.14500000
v 4006.12550000 -180.59485000 -1532.21500000
v 3969.77550000 1832.78515000 -1648.60500000
v 3998.30550000 1694.79515000 -1640.80500000
v 3966.91550000 1860.26515000 -1709.40500000
v 4013.42550000 -1447.55485000 -1738.69500000
v 4037.00550000 -1080.60485000 -1715.74500000
v 4015.19550000 -1142.78485000 -1738.17500000
v 3999.65550000 -546.50485000 -1770.54500000
v 4010.22550000 -767.52485000 -1787.44500000
v 3996.00550000 1722.60515000 -1799.18500000
v 3988.34550000 1611.21515000 -1886.13500000
v 4013.93550000 -1726.45485000 -1913.01500000
v 3953.73550000 1486.48515000 -2000.47500000
v 4023.83550000 -1706.01485000 -2000.75500000
v 4033.97550000 -1676.37485000 -2097.70500000
v 4011.94550000 1132.19515000 -2060.98500000
v 4020.99550000 -1514.66485000 -2663.73500000
v 4021.83550000 -1484.19485000 -2800.97500000
v 4031.38550000 -1464.76485000 -2891.76500000
v 4006.97550000 -1432.62485000 -2952.23500000
v 3978.65550000 -86.48485000 -2999.19500000
v 3989.56550000 -1375.80485000 -3038.93500000
v 4013.47550000 -214.28485000 -3014.68500000
v 3976.38550000 -1333.66485000 -3073.76500000
v 3990.73550000 -1263.21485000 -3110.33500000
v 3984.18550000 -345.93485000 -3116.98500000
v 4009.09550000 -1062.78485000 -3147.72500000
v 3981.16550000 -904.91485000 -3193.93500000
v 4031.99550000 -32.90485000 -1450.15500000
v 4041.22550000 -110.19485000 -1444.90500000
v 4008.20550000 80.82515000 -1464.38500000
v 4021.44550000 160.66515000 -1472.65500000
v 4044.06550000 -171.60485000 -1448.73500000
v 4027.78550000 -202.58485000 -1497.92500000
v 4064.70550000 434.45515000 -1525.94500000
v 4023.21550000 -277.50485000 -1557.70500000
v 4092.32550000 860.05515000 -1595.89500000
v 4056.91550000 1075.72515000 -1609.15500000
v 3996.98550000 1759.04515000 -1650.97500000
v 4049.16550000 1423.27515000 -1641.75500000
v 4055.99550000 -429.00485000 -1564.07500000
v 3992.34550000 1797.09515000 -1662.97500000
v 3999.26550000 1791.11515000 -1691.76500000
v 4056.15550000 -554.32485000 -1638.50500000
v 4028.77550000 -560.73485000 -1712.36500000
v 4040.16550000 -1255.32485000 -1708.25500000
v 4038.02550000 -1353.88485000 -1719.48500000
v 4110.09550000 -1379.29485000 -1719.20500000
v 3984.21550000 1795.39515000 -1744.84500000
v 4021.67550000 -1538.35485000 -1754.34500000
v 4020.67550000 -646.00485000 -1753.81500000
v 4052.48550000 -981.45485000 -1691.21500000
v 4040.96550000 -863.80485000 -1721.26500000
v 4030.95550000 -1675.81485000 -1797.16500000
v 4065.34550000 -1662.24485000 -1785.02500000
v 4040.21550000 -1706.53485000 -1823.10500000
v 4028.89550000 -1720.17485000 -1861.78500000
v 4123.87550000 -1736.87485000 -1885.77500000
v 4083.76550000 -1728.39485000 -1952.83500000
v 4016.06550000 230.71515000 -2682.99500000
v 4037.12550000 -101.08485000 -2913.86500000
v 4011.19550000 -1413.51485000 -2993.04500000
v 4009.53550000 -1344.22485000 -3061.74500000
v 4004.35550000 -1290.76485000 -3090.44500000
v 4011.33550000 -1219.01485000 -3104.71500000
v 4064.31550000 -962.82485000 -3096.07500000
v 4015.13550000 -774.97485000 -3156.66500000
v 4067.62550000 18.29515000 -1457.41500000
v 4066.34550000 -157.58485000 -1432.58500000
v 4082.89550000 -236.65485000 -1422.69500000
v 4069.26550000 -259.78485000 -1440.78500000
v 4048.92550000 -247.45485000 -1477.95500000
v 4097.95550000 255.23515000 -1504.16500000
v 4067.72550000 -336.53485000 -1485.24500000
v 4026.98550000 1682.29515000 -1659.01500000
v 4019.51550000 1729.03515000 -1672.82500000
v 4043.84550000 1596.02515000 -1659.21500000
v 4054.81550000 -644.62485000 -1682.76500000
v 4048.16550000 -1146.58485000 -1700.78500000
v 4066.05550000 -1287.75485000 -1701.72500000
v 4068.64550000 -1231.46485000 -1693.16500000
v 4076.82550000 -1330.09485000 -1709.45500000
v 4047.44550000 -732.90485000 -1710.79500000
v 4072.23550000 -1041.89485000 -1663.52500000
v 4079.27550000 -1491.13485000 -1744.08500000
v 4095.86550000 -1571.68485000 -1764.54500000
v 4052.24550000 1412.37515000 -1894.47500000
v 4138.67550000 -1715.89485000 -2058.48500000
v 4084.25550000 -1697.04485000 -2080.92500000
v 4068.25550000 1222.41515000 -1951.57500000
v 4035.93550000 1000.87515000 -2073.04500000
v 4048.36550000 916.73515000 -2089.75500000
v 4036.68550000 806.43515000 -2165.12500000
v 4098.39550000 -1663.01485000 -2218.36500000
v 4050.21550000 655.53515000 -2245.76500000
v 4046.39550000 479.84515000 -2399.67500000
v 4081.96550000 -1603.21485000 -2417.68500000
v 4053.68550000 322.80515000 -2531.24500000
v 4035.10550000 87.58515000 -2777.29500000
v 4071.70550000 -1505.01485000 -2810.66500000
v 4060.01550000 -1452.66485000 -2934.68500000
v 4035.11550000 -1397.62485000 -3007.48500000
v 4050.65550000 -335.20485000 -3010.16500000
v 4049.27550000 -1336.62485000 -3040.24500000
v 4041.57550000 -1369.33485000 -3027.80500000
v 4079.44550000 -584.05485000 -3046.15500000
v 4048.68550000 -686.56485000 -3108.71500000
v 4071.72550000 -1086.82485000 -3074.64500000
v 4102.60550000 -216.97485000 -1416.76500000
v 4066.63550000 -86.43485000 -1442.02500000
v 4092.30550000 -313.18485000 -1430.29500000
v 4105.29550000 123.10515000 -1483.55500000
v 4095.37550000 -477.07485000 -1487.34500000
v 4090.22550000 -577.25485000 -1554.70500000
v 4085.31550000 -660.24485000 -1607.73500000
v 4074.98550000 1293.50515000 -1643.89500000
v 4076.68550000 -720.99485000 -1645.85500000
v 4093.09550000 -938.92485000 -1619.62500000
v 4084.45550000 -866.79485000 -1636.11500000
v 4105.70550000 -1072.87485000 -1643.91500000
v 4083.21550000 -1115.02485000 -1669.86500000
v 4044.94550000 1681.22515000 -1704.75500000
v 4073.10550000 -794.80485000 -1656.32500000
v 4074.54550000 -1182.80485000 -1685.28500000
v 4024.33550000 1706.36515000 -1743.52500000
v 4109.70550000 -1702.83485000 -1811.26500000
v 4036.89550000 1625.77515000 -1794.24500000
v 4132.06550000 -1722.72485000 -1845.35500000
v 4054.17550000 1534.63515000 -1825.00500000
v 4201.60550000 -1737.46485000 -1923.44500000
v 4107.01550000 992.67515000 -1979.64500000
v 4105.75550000 -1576.05485000 -2585.85500000
v 4086.88550000 -1535.70485000 -2714.22500000
v 4098.63550000 -1503.42485000 -2838.32500000
v 4090.06550000 -181.14485000 -2873.30500000
v 4084.99550000 -1437.66485000 -2951.61500000
v 4075.62550000 -1401.19485000 -2984.89500000
v 4076.11550000 -1181.92485000 -3054.74500000
v 4103.41550000 -1312.08485000 -2996.68500000
v 4085.32550000 -424.64485000 -2985.61500000
v 4077.65550000 -804.29485000 -3077.38500000
v 4132.35550000 -286.71485000 -1400.72500000
v 4116.67550000 -310.98485000 -1406.47500000
v 4127.64550000 -375.27485000 -1403.88500000
v 4152.30550000 -122.49485000 -1436.74500000
v 4112.35550000 -171.20485000 -1424.46500000
v 4108.31550000 -411.22485000 -1439.06500000
v 4174.18550000 297.77515000 -1537.99500000
v 4166.07550000 482.39515000 -1572.84500000
v 4170.05550000 695.26515000 -1604.32500000
v 4109.57550000 -671.92485000 -1544.05500000
v 4103.01550000 -757.70485000 -1585.66500000
v 4108.07550000 -1003.78485000 -1619.46500000
v 4119.04550000 -930.99485000 -1586.10500000
v 4102.11550000 -1151.33485000 -1666.75500000
v 4054.44550000 1627.17515000 -1682.51500000
v 4077.25550000 1545.11515000 -1677.65500000
v 4070.68550000 1466.01515000 -1661.46500000
v 4088.26550000 -1228.76485000 -1686.87500000
v 4109.28550000 -1282.04485000 -1696.64500000
v 4055.02550000 1633.21515000 -1742.37500000
v 4151.13550000 -1634.46485000 -1783.01500000
v 4156.03550000 -1677.92485000 -1799.84500000
v 4080.27550000 1116.28515000 -1973.64500000
v 4133.03550000 -1692.32485000 -2152.27500000
v 4107.13550000 695.28515000 -2123.98500000
v 4145.72550000 -1646.47485000 -2365.43500000
v 4105.27550000 506.17515000 -2273.26500000
v 4114.44550000 278.83515000 -2462.57500000
v 4083.84550000 203.77515000 -2587.51500000
v 4084.69550000 89.07515000 -2688.80500000
v 4132.24550000 -1543.82485000 -2753.50500000
v 4094.05550000 -57.75485000 -2783.15500000
v 4127.04550000 -1480.22485000 -2886.78500000
v 4098.90550000 -293.56485000 -2911.64500000
v 4098.79550000 -696.46485000 -3036.41500000
v 4150.65550000 -356.14485000 -1388.90500000
v 4168.84550000 -260.70485000 -1402.03500000
v 4168.19550000 -206.36485000 -1416.64500000
v 4138.20550000 -460.09485000 -1410.32500000
v 4123.54550000 -502.16485000 -1446.28500000
v 4193.75550000 -15.95485000 -1476.66500000
v 4123.52550000 -594.51485000 -1485.72500000
v 4147.94550000 -547.63485000 -1433.35500000
v 4127.03550000 -698.63485000 -1519.84500000
v 4141.75550000 -662.87485000 -1483.88500000
v 4135.61550000 -794.95485000 -1539.14500000
v 4113.03550000 -860.68485000 -1585.17500000
v 4130.30550000 -878.55485000 -1565.36500000
v 4138.15550000 -941.55485000 -1578.88500000
v 4127.16550000 -982.49485000 -1600.10500000
v 4129.09550000 -1017.93485000 -1612.14500000
v 4133.83550000 -1060.95485000 -1629.40500000
v 4128.43550000 -1126.46485000 -1653.02500000
v 4085.99550000 1549.05515000 -1692.81500000
v 4104.11550000 1470.44515000 -1688.99500000
v 4133.08550000 -1194.71485000 -1673.22500000
v 4077.65550000 1578.89515000 -1717.77500000
v 4074.25550000 1554.54515000 -1767.97500000
v 4170.17550000 -1460.99485000 -1742.80500000
v 4095.73550000 1458.11515000 -1796.35500000
v 4123.50550000 1260.96515000 -1853.66500000
v 4131.26550000 1124.63515000 -1896.36500000
v 4188.85550000 -1731.21485000 -1975.13500000
v 4118.61550000 861.32515000 -2012.85500000
v 4091.57550000 807.03515000 -2082.15500000
v 4125.11550000 578.47515000 -2177.96500000
v 4129.17550000 387.62515000 -2335.33500000
v 4175.10550000 -1625.86485000 -2513.31500000
v 4164.07550000 -1579.68485000 -2676.64500000
v 4165.44550000 -1545.83485000 -2775.67500000
v 4130.70550000 -1504.64485000 -2843.79500000
v 4121.32550000 -1447.25485000 -2923.00500000
v 4112.12550000 -1397.27485000 -2957.49500000
v 4109.16550000 -1131.99485000 -3027.26500000
v 4136.44550000 -1074.41485000 -3000.10500000
v 4127.09550000 -1244.67485000 -2987.50500000
v 4155.41550000 -943.88485000 -2975.93500000
v 4162.86550000 -433.98485000 -1389.14500000
v 4154.13550000 -490.19485000 -1408.43500000
v 4238.90550000 -121.35485000 -1454.90500000
v 4150.61550000 -624.64485000 -1463.20500000
v 4164.61550000 -676.01485000 -1472.68500000
v 4152.82550000 -725.33485000 -1500.28500000
v 4165.05550000 -792.49485000 -1517.47500000
v 4154.71550000 -869.89485000 -1550.38500000
v 4157.80550000 -1012.62485000 -1606.47500000
v 4133.00550000 1154.26515000 -1653.98500000
v 4173.13550000 997.26515000 -1647.37500000
v 4118.07550000 1371.42515000 -1683.09500000
v 4113.95550000 1472.49515000 -1711.06500000
v 4128.21550000 1408.57515000 -1703.03500000
v 4190.75550000 -1253.33485000 -1689.61500000
v 4107.66550000 1478.60515000 -1744.90500000
v 4236.37550000 -1547.26485000 -1773.75500000
v 4115.97550000 1367.68515000 -1811.76500000
v 4249.19550000 -1732.63485000 -1861.46500000
v 4227.35550000 -1710.89485000 -2181.56500000
v 4149.35550000 130.40515000 -2532.71500000
v 4148.61550000 10.23515000 -2633.84500000
v 4154.43550000 -787.80485000 -2965.31500000
v 4178.77550000 -333.21485000 -1386.16500000
v 4193.56550000 -380.74485000 -1379.97500000
v 4175.77550000 -525.55485000 -1409.15500000
v 4178.83550000 -609.88485000 -1444.21500000
v 4175.64550000 -721.17485000 -1486.84500000
v 4171.14550000 -748.02485000 -1500.04500000
v 4172.94550000 -847.42485000 -1534.89500000
v 4213.49550000 -879.76485000 -1551.96500000
v 4179.82550000 -939.50485000 -1577.72500000
v 4192.21550000 834.94515000 -1631.45500000
v 4180.49550000 -1114.46485000 -1645.61500000
v 4144.78550000 1242.95515000 -1679.40500000
v 4140.85550000 1388.69515000 -1716.56500000
v 4132.97550000 1414.28515000 -1728.71500000
v 4212.88550000 -1357.76485000 -1721.26500000
v 4129.92550000 1392.98515000 -1761.10500000
v 4255.97550000 -1641.88485000 -1802.22500000
v 4210.55550000 -1718.45485000 -1832.90500000
v 4180.36550000 725.18515000 -1986.05500000
v 4256.95550000 -1730.37485000 -2031.45500000
v 4175.61550000 438.82515000 -2202.24500000
v 4188.57550000 -1607.86485000 -2609.89500000
v 4191.04550000 -108.34485000 -2643.04500000
v 4163.27550000 -228.49485000 -2765.68500000
v 4162.14550000 -370.35485000 -2834.45500000
v 4168.94550000 -1486.94485000 -2857.09500000
v 4152.92550000 -1445.96485000 -2899.11500000
v 4160.59550000 -1405.51485000 -2909.34500000
v 4183.30550000 -1328.66485000 -2903.64500000
v 4173.60550000 -516.74485000 -2870.26500000
v 4154.09550000 -666.74485000 -2945.64500000
v 4245.88550000 -410.02485000 -1376.63500000
v 4231.28550000 -472.00485000 -1392.01500000
v 4210.31550000 -523.19485000 -1405.21500000
v 4203.14550000 -557.86485000 -1419.00500000
v 4319.83550000 -103.97485000 -1483.80500000
v 4194.24550000 -679.62485000 -1468.83500000
v 4196.83550000 142.59515000 -1513.81500000
v 4193.46550000 -750.07485000 -1497.32500000
v 4191.58550000 -810.75485000 -1522.26500000
v 4231.72550000 346.56515000 -1572.73500000
v 4187.95550000 1110.38515000 -1679.96500000
v 4150.57550000 1315.05515000 -1706.92500000
v 4179.25550000 1205.05515000 -1703.26500000
v 4149.95550000 1343.46515000 -1733.45500000
v 4153.68550000 1283.26515000 -1778.87500000
v 4198.02550000 -1691.75485000 -1813.86500000
v 4176.19550000 1170.92515000 -1804.29500000
v 4324.83550000 -1739.16485000 -1899.34500000
v 4307.01550000 -1736.84485000 -1970.83500000
v 4197.92550000 857.05515000 -1901.81500000
v 4197.45550000 570.76515000 -2055.37500000
v 4252.14550000 -1723.02485000 -2119.60500000
v 4220.12550000 -1688.31485000 -2293.46500000
v 4185.21550000 254.03515000 -2349.36500000
v 4206.85550000 17.74515000 -2515.13500000
v 4190.60550000 -1577.11485000 -2715.07500000
v 4221.02550000 -1579.48485000 -2722.95500000
v 4182.10550000 -1528.42485000 -2800.89500000
v 4215.05550000 -666.19485000 -2847.95500000
v 4215.27550000 -770.66485000 -2870.03500000
v 4214.18550000 -899.59485000 -2888.32500000
v 4181.94550000 -1187.35485000 -2926.68500000
v 4211.51550000 -1089.53485000 -2896.27500000
v 4243.53550000 -341.84485000 -1386.49500000
v 4246.34550000 -248.81485000 -1413.36500000
v 4263.41550000 -180.46485000 -1440.60500000
v 4274.03550000 -582.90485000 -1442.42500000
v 4258.57550000 -792.42485000 -1523.26500000
v 4242.57550000 571.74515000 -1618.26500000
v 4301.44550000 378.86515000 -1610.81500000
v 4242.29550000 -1011.68485000 -1611.30500000
v 4255.57550000 855.36515000 -1665.38500000
v 4210.00550000 1119.60515000 -1709.38500000
v 4196.04550000 1179.40515000 -1718.93500000
v 4174.88550000 1242.47515000 -1732.00500000
v 4187.05550000 1192.70515000 -1765.69500000
v 4208.12550000 1138.93515000 -1738.53500000
v 4192.69550000 1163.67515000 -1778.10500000
v 4287.37550000 -1692.67485000 -1826.39500000
v 4199.43550000 1018.04515000 -1833.20500000
v 4254.52550000 -1666.81485000 -2460.15500000
v 4204.55550000 116.01515000 -2435.16500000
v 4225.58550000 -1604.94485000 -2661.69500000
v 4221.83550000 -387.62485000 -2733.51500000
v 4213.52550000 -1521.89485000 -2796.23500000
v 4193.38550000 -1472.55485000 -2845.32500000
v 4250.04550000 -1457.24485000 -2790.46500000
v 4229.88550000 -1017.61485000 -2871.45500000
v 4318.83550000 -430.03485000 -1386.49500000
v 4241.64550000 -523.91485000 -1411.35500000
v 4303.29550000 -693.11485000 -1493.94500000
v 4245.05550000 700.80515000 -1637.94500000
v 4303.06550000 -1159.14485000 -1674.40500000
v 4227.87550000 993.10515000 -1678.85500000
v 4223.64550000 1056.10515000 -1697.81500000
v 4199.91550000 1122.81515000 -1779.42500000
v 4266.50550000 767.20515000 -1835.47500000
v 4261.00550000 631.29515000 -1906.55500000
v 4290.50550000 482.79515000 -1938.39500000
v 4333.23550000 -1731.13485000 -2111.27500000
v 4266.33550000 377.72515000 -2069.72500000
v 4236.32550000 271.26515000 -2230.01500000
v 4308.41550000 -1713.69485000 -2286.30500000
v 4237.26550000 -1634.77485000 -2571.34500000
v 4243.26550000 -230.94485000 -2613.69500000
v 4241.39550000 -1567.70485000 -2734.34500000
v 4239.46550000 -1515.00485000 -2778.52500000
v 4263.85550000 -883.11485000 -2808.90500000
v 4267.45550000 -1212.85485000 -2809.05500000
v 4244.05550000 -1294.06485000 -2831.92500000
v 4263.83550000 -1372.89485000 -2793.44500000
v 4338.43550000 -317.68485000 -1401.78500000
v 4321.83550000 -171.56485000 -1458.04500000
v 4336.63550000 44.77515000 -1538.11500000
v 4336.63550000 -768.88485000 -1529.59500000
v 4267.43550000 237.85515000 -1562.21500000
v 4349.63550000 -892.65485000 -1583.43500000
v 4236.73550000 1045.49515000 -1713.72500000
v 4247.08550000 1002.30515000 -1704.35500000
v 4324.13550000 -1279.61485000 -1717.00500000
v 4235.51550000 1052.51515000 -1732.38500000
v 4327.63550000 -1407.55485000 -1753.77500000
v 4226.31550000 1043.41515000 -1768.84500000
v 4240.07550000 975.50515000 -1786.20500000
v 4249.74550000 908.47515000 -1800.21500000
v 4251.27550000 107.16515000 -2346.09500000
v 4259.00550000 -69.44485000 -2470.73500000
v 4263.27550000 -1606.71485000 -2669.96500000
v 4280.08550000 -581.28485000 -2696.78500000
v 4254.97550000 -1555.86485000 -2738.33500000
v 4277.19550000 -770.49485000 -2761.24500000
v 4274.82550000 -1115.03485000 -2805.23500000
v 4315.83550000 -495.15485000 -1413.33500000
v 4352.23550000 203.43515000 -1588.59500000
v 4299.41550000 558.07515000 -1643.04500000
v 4387.73550000 -1045.20485000 -1651.60500000
v 4296.42550000 680.28515000 -1661.32500000
v 4263.12550000 937.41515000 -1694.81500000
v 4289.90550000 850.98515000 -1693.91500000
v 4269.53550000 949.83515000 -1713.63500000
v 4255.95550000 988.48515000 -1723.62500000
v 4249.46550000 979.88515000 -1756.40500000
v 4314.63550000 -1715.57485000 -1848.46500000
v 4328.73550000 -1734.08485000 -2037.51500000
v 4323.83550000 376.55515000 -1947.52500000
v 4278.21550000 218.18515000 -2190.04500000
v 4320.83550000 -1722.81485000 -2221.13500000
v 4332.73550000 -1696.47485000 -2407.48500000
v 4292.22550000 -1657.73485000 -2545.39500000
v 4306.20550000 -1673.74485000 -2486.28500000
v 4267.69550000 -1629.61485000 -2610.52500000
v 4292.49550000 -1597.80485000 -2667.80500000
v 4278.00550000 -1548.09485000 -2719.34500000
v 4291.92550000 -1428.93485000 -2746.88500000
v 4318.63550000 -1475.56485000 -2699.87500000
v 4277.03550000 -991.27485000 -2797.61500000
v 4326.93550000 -376.64485000 -1387.63500000
v 4336.23550000 -240.55485000 -1433.22500000
v 4402.73550000 -599.11485000 -1479.16500000
v 4305.32550000 752.02515000 -1683.00500000
v 4288.35550000 881.08515000 -1711.28500000
v 4274.15550000 910.83515000 -1740.06500000
v 4421.73550000 -1310.65485000 -1745.21500000
v 4283.31550000 836.77515000 -1771.05500000
v 4403.23550000 -1529.73485000 -1801.48500000
v 4361.43550000 -1643.65485000 -1823.41500000
v 4344.13550000 -1726.70485000 -1870.04500000
v 4327.83550000 557.56515000 -1827.11500000
v 4330.03550000 128.58515000 -2152.74500000
v 4319.83550000 -3.94485000 -2286.95500000
v 4306.63550000 -154.36485000 -2428.10500000
v 4302.95550000 -356.43485000 -2549.51500000
v 4314.83550000 -1639.46485000 -2585.93500000
v 4345.03550000 -484.63485000 -2523.48500000
v 4303.20550000 -1531.87485000 -2699.81500000
v 4309.61550000 -1355.91485000 -2731.02500000
v 4446.83550000 -103.07485000 -1528.50500000
v 4332.13550000 625.09515000 -1679.25500000
v 4331.83550000 565.67515000 -1665.99500000
v 4315.33550000 764.29515000 -1698.34500000
v 4307.57550000 803.99515000 -1706.52500000
v 4307.24550000 789.13515000 -1736.25500000
v 4294.96550000 769.58515000 -1779.66500000
v 4305.62550000 692.64515000 -1795.79500000
v 4387.53550000 -1682.32485000 -1842.51500000
v 4350.03550000 443.93515000 -1848.61500000
v 4347.53550000 324.99515000 -1941.78500000
v 4326.63550000 238.33515000 -2060.83500000
v 4337.43550000 -1672.98485000 -2498.66500000
v 4359.63550000 -771.86485000 -2612.54500000
v 4376.33550000 -606.98485000 -2510.22500000
v 4325.03550000 -1586.34485000 -2645.80500000
v 4322.03550000 -1226.37485000 -2727.60500000
v 4324.83550000 -927.26485000 -2708.35500000
v 4324.53550000 -1095.02485000 -2723.59500000
v 4405.13550000 -358.98485000 -1399.72500000
v 4393.03550000 -511.52485000 -1436.10500000
v 4460.83550000 -221.05485000 -1478.39500000
v 4378.63550000 265.88515000 -1619.43500000
v 4369.93550000 364.22515000 -1646.93500000
v 4341.53550000 474.33515000 -1656.04500000
v 4333.63550000 669.23515000 -1695.68500000
v 4350.33550000 537.97515000 -1677.28500000
v 4425.83550000 -1117.37485000 -1685.73500000
v 4330.73550000 700.47515000 -1713.82500000
v 4427.33550000 -1202.76485000 -1714.90500000
v 4329.13550000 682.21515000 -1745.22500000
v 4336.83550000 615.64515000 -1769.62500000
v 4423.03550000 -1712.48485000 -1868.76500000
v 4407.23550000 -1742.44485000 -1961.60500000
v 4381.63550000 -1719.58485000 -2307.25500000
v 4364.03550000 -117.81485000 -2268.89500000
v 4348.13550000 -259.43485000 -2397.06500000
v 4363.03550000 -366.27485000 -2421.20500000
v 4374.73550000 -1662.04485000 -2515.08500000
v 4335.63550000 -1622.76485000 -2596.18500000
v 4438.63550000 -728.90485000 -2432.47500000
v 4355.73550000 -1551.64485000 -2622.83500000
v 4393.53550000 -395.58485000 -1394.19500000
v 4402.13550000 -446.79485000 -1410.67500000
v 4420.13550000 -305.05485000 -1426.31500000
v 4412.03550000 -736.93485000 -1537.45500000
v 4465.53550000 -22.83485000 -1566.67500000
v 4356.93550000 561.19515000 -1693.59500000
v 4357.43550000 583.82515000 -1711.27500000
v 4354.03550000 587.48515000 -1739.35500000
v 4349.93550000 537.59515000 -1787.92500000
v 4446.33550000 -1393.04485000 -1775.00500000
v 4466.83550000 -1613.70485000 -1838.84500000
v 4422.93550000 -1731.81485000 -1893.69500000
v 4393.53550000 -1738.49485000 -2078.70500000
v 4386.93550000 197.60515000 -1960.49500000
v 4374.23550000 22.73515000 -2134.26500000
v 4401.53550000 -1731.37485000 -2197.55500000
v 4420.03550000 -1710.16485000 -2364.65500000
v 4403.43550000 -462.72485000 -2377.53500000
v 4380.43550000 -1686.51485000 -2443.62500000
v 4393.83550000 -1606.79485000 -2549.70500000
v 4365.63550000 -1615.25485000 -2570.31500000
v 4418.13550000 -1561.56485000 -2529.07500000
v 4385.43550000 -1438.56485000 -2600.81500000
v 4362.33550000 -1213.24485000 -2662.13500000
v 4362.43550000 -1307.30485000 -2651.40500000
v 4392.23550000 -1068.03485000 -2600.06500000
v 4481.53550000 -886.55485000 -1615.01500000
v 4436.93550000 107.72515000 -1599.49500000
v 4423.83550000 261.01515000 -1646.53500000
v 4440.03550000 -972.77485000 -1637.00500000
v 4380.43550000 430.78515000 -1678.51500000
v 4382.93550000 475.05515000 -1708.31500000
v 4377.13550000 504.39515000 -1728.28500000
v 4376.63550000 471.25515000 -1765.16500000
v 4479.03550000 -1742.54485000 -1940.79500000
v 4393.73550000 345.97515000 -1819.45500000
v 4407.23550000 -102.44485000 -2148.36500000
v 4399.33550000 -268.18485000 -2271.93500000
v 4426.43550000 -1683.62485000 -2425.97500000
v 4406.03550000 -1644.87485000 -2498.51500000
v 4445.63550000 -864.65485000 -2464.65500000
v 4394.73550000 -923.76485000 -2575.51500000
v 4437.13550000 -380.64485000 -1402.77500000
v 4479.43550000 -404.69485000 -1423.55500000
v 4443.73550000 -473.85485000 -1433.20500000
v 4542.93550000 -580.94485000 -1516.23500000
v 4425.03550000 316.43515000 -1681.62500000
v 4455.93550000 232.87515000 -1665.20500000
v 4409.83550000 378.61515000 -1701.09500000
v 4403.23550000 397.32515000 -1736.35500000
v 4467.73550000 -1673.50485000 -1858.22500000
v 4518.93550000 -1722.86485000 -1905.63500000
v 4514.03550000 -1692.18485000 -1879.67500000
v 4483.43550000 -1745.81485000 -2036.23500000
v 4484.63550000 -1742.90485000 -2132.12500000
v 4452.53550000 -221.59485000 -2109.23500000
v 4470.53550000 -1727.55485000 -2250.88500000
v 4450.23550000 -608.49485000 -2344.39500000
v 4426.73550000 -1621.33485000 -2490.80500000
v 4445.53550000 -1001.67485000 -2491.94500000
v 4442.13550000 -1118.65485000 -2508.63500000
v 4427.33550000 -1240.15485000 -2536.86500000
v 4460.03550000 -1403.45485000 -2476.35500000
v 4435.33550000 -1489.10485000 -2511.63500000
v 4478.03550000 -450.03485000 -1438.06500000
v 4548.33550000 -115.08485000 -1568.49500000
v 4472.43550000 130.47515000 -1627.12500000
v 4455.03550000 253.61515000 -1681.95500000
v 4507.03550000 -1058.29485000 -1687.38500000
v 4445.93550000 285.19515000 -1705.77500000
v 4432.83550000 302.54515000 -1750.84500000
v 4437.33550000 205.15515000 -1831.62500000
v 4448.33550000 4.46515000 -1961.86500000
v 4459.83550000 -447.93485000 -2228.77500000
v 4472.93550000 -1701.23485000 -2336.76500000
v 4438.83550000 -1650.06485000 -2450.81500000
v 4464.13550000 -1624.35485000 -2431.43500000
v 4478.33550000 -1540.52485000 -2428.29500000
v 4511.63550000 -303.39485000 -1454.62500000
v 4493.33550000 -354.04485000 -1433.71500000
v 4471.33550000 -506.11485000 -1460.10500000
v 4542.63550000 -186.25485000 -1528.04500000
v 4546.93550000 -753.37485000 -1586.52500000
v 4482.03550000 154.27515000 -1648.25500000
v 4475.63550000 192.52515000 -1740.79500000
v 4484.03550000 189.45515000 -1704.53500000
v 4528.13550000 -1420.54485000 -1804.76500000
v 4481.43550000 94.34515000 -1814.43500000
v 4497.83550000 -194.40485000 -1977.65500000
v 4486.93550000 -353.80485000 -2103.70500000
v 4472.03550000 -1669.71485000 -2383.55500000
v 4485.73550000 -714.15485000 -2318.37500000
v 4517.13550000 -829.16485000 -2290.09500000
v 4482.43550000 -1113.48485000 -2429.24500000
v 4567.83550000 -329.78485000 -1464.51500000
v 4512.03550000 -22.08485000 -1589.82500000
v 4487.23550000 174.13515000 -1680.62500000
v 4513.33550000 -1275.96485000 -1759.27500000
v 4559.43550000 -1521.94485000 -1840.56500000
v 4519.03550000 -35.92485000 -1821.17500000
v 4513.63550000 -499.52485000 -2128.69500000
v 4546.33550000 -1747.04485000 -2109.16500000
v 4513.43550000 -1739.95485000 -2167.44500000
v 4509.23550000 -638.56485000 -2216.88500000
v 4517.33550000 -1682.10485000 -2310.65500000
v 4511.63550000 -1713.22485000 -2264.66500000
v 4500.43550000 -968.59485000 -2367.95500000
v 4491.03550000 -1653.18485000 -2371.11500000
v 4497.93550000 -1629.47485000 -2370.18500000
v 4510.53550000 -1250.61485000 -2380.02500000
v 4590.03550000 -357.35485000 -1466.75500000
v 4558.63550000 -383.85485000 -1454.67500000
v 4549.13550000 -450.68485000 -1468.95500000
v 4580.33550000 -293.92485000 -1486.81500000
v 4606.63550000 -657.23485000 -1569.90500000
v 4527.93550000 20.76515000 -1624.23500000
v 4515.43550000 89.40515000 -1654.23500000
v 4531.43550000 66.34515000 -1668.71500000
v 4513.53550000 107.24515000 -1705.79500000
v 4507.03550000 74.96515000 -1761.55500000
v 4552.33550000 -1635.53485000 -1868.74500000
v 4563.13550000 -1745.76485000 -2022.39500000
v 4520.93550000 -1745.24485000 -2075.64500000
v 4539.83550000 -365.82485000 -1979.78500000
v 4537.43550000 -1731.67485000 -2183.46500000
v 4556.03550000 -951.89485000 -2242.89500000
v 4542.23550000 -1083.88485000 -2294.86500000
v 4522.63550000 -1439.86485000 -2355.23500000
v 4578.23550000 -249.75485000 -1510.97500000
v 4560.83550000 -75.83485000 -1599.99500000
v 4570.93550000 -884.95485000 -1645.27500000
v 4551.93550000 9.32515000 -1652.09500000
v 4543.53550000 -0.68485000 -1731.41500000
v 4559.43550000 -214.99485000 -1840.81500000
v 4570.63550000 -1686.03485000 -1894.55500000
v 4574.53550000 -348.18485000 -1882.46500000
v 4578.43550000 -1732.60485000 -1952.87500000
v 4569.43550000 -587.31485000 -2040.56500000
v 4582.63550000 -758.57485000 -2099.57500000
v 4543.23550000 -1712.57485000 -2226.49500000
v 4542.73550000 -1599.82485000 -2295.87500000
v 4559.33550000 -1685.83485000 -2228.79500000
v 4556.73550000 -1197.91485000 -2279.56500000
v 4616.43550000 -764.35485000 -1617.86500000
v 4556.53550000 7.23515000 -1665.69500000
v 4577.53550000 -44.59485000 -1662.66500000
v 4555.03550000 1.20515000 -1687.75500000
v 4569.93550000 -48.89485000 -1702.97500000
v 4566.93550000 -91.44485000 -1742.80500000
v 4604.23550000 -471.36485000 -1887.91500000
v 4577.53550000 -1736.94485000 -2101.82500000
v 4571.33550000 -1716.44485000 -2168.58500000
v 4598.33550000 -1584.92485000 -2199.38500000
v 4584.53550000 -1651.12485000 -2204.53500000
v 4570.63550000 -1325.10485000 -2256.71500000
v 4569.13550000 -1484.45485000 -2257.73500000
v 4643.83550000 -563.16485000 -1548.35500000
v 4599.93550000 -206.96485000 -1547.32500000
v 4610.53550000 -171.46485000 -1582.49500000
v 4596.73550000 -118.47485000 -1612.61500000
v 4583.83550000 -75.73485000 -1641.10500000
v 4633.13550000 -872.09485000 -1666.42500000
v 4583.63550000 -81.12485000 -1688.82500000
v 4612.73550000 -984.51485000 -1699.15500000
v 4613.53550000 -1168.15485000 -1759.55500000
v 4607.53550000 -1356.02485000 -1814.62500000
v 4601.13550000 -184.61485000 -1720.50500000
v 4610.33550000 -318.53485000 -1783.83500000
v 4618.73550000 -1571.01485000 -1872.75500000
v 4623.13550000 -1647.29485000 -1897.53500000
v 4598.13550000 -1701.58485000 -1919.73500000
v 4612.73550000 -1734.86485000 -1992.95500000
v 4631.83550000 -618.87485000 -1910.31500000
v 4623.13550000 -710.34485000 -1979.91500000
v 4614.33550000 -1729.51485000 -2036.55500000
v 4602.43550000 -911.55485000 -2115.60500000
v 4593.43550000 -1028.41485000 -2168.34500000
v 4613.73550000 -1178.65485000 -2144.51500000
v 4591.93550000 -1689.36485000 -2167.92500000
v 4614.23550000 -1463.94485000 -2168.21500000
v 4635.43550000 -343.35485000 -1492.41500000
v 4625.23550000 -397.83485000 -1487.69500000
v 4626.43550000 -484.61485000 -1513.78500000
v 4596.33550000 -113.59485000 -1668.86500000
v 4621.03550000 -174.55485000 -1644.21500000
v 4644.73550000 -288.51485000 -1681.27500000
v 4630.63550000 -1714.56485000 -1954.52500000
v 4612.73550000 -1706.69485000 -2098.49500000
v 4642.63550000 -1046.85485000 -2052.39500000
v 4621.63550000 -1662.27485000 -2124.29500000
v 4638.33550000 -1345.83485000 -2106.41500000
v 4641.43550000 -1579.06485000 -2100.75500000
v 4623.73550000 -281.27485000 -1519.30500000
v 4654.33550000 -671.19485000 -1598.25500000
v 4648.23550000 -256.12485000 -1554.97500000
v 4643.33550000 -223.53485000 -1577.30500000
v 4633.23550000 -201.20485000 -1599.14500000
v 4660.43550000 -785.02485000 -1648.25500000
v 4662.83550000 -899.84485000 -1694.16500000
v 4664.53550000 -447.20485000 -1730.70500000
v 4655.33550000 -1239.45485000 -1801.36500000
v 4641.53550000 -1465.60485000 -1859.08500000
v 4660.13550000 -582.00485000 -1820.65500000
v 4654.83550000 -1559.58485000 -1889.72500000
v 4637.33550000 -1683.82485000 -1925.66500000
v 4653.03550000 -1630.90485000 -1911.44500000
v 4636.73550000 -1720.25485000 -1989.01500000
v 4643.93550000 -817.09485000 -1980.41500000
v 4664.43550000 -928.29485000 -1969.37500000
v 4644.83550000 -1704.39485000 -2023.00500000
v 4636.03550000 -1690.00485000 -2070.13500000
v 4674.73550000 -1140.15485000 -1990.84500000
v 4672.83550000 -1248.20485000 -2007.93500000
v 4660.53550000 -1454.82485000 -2054.69500000
v 4671.83550000 -384.74485000 -1510.47500000
v 4670.93550000 -340.93485000 -1529.61500000
v 4675.13550000 -438.37485000 -1525.44500000
v 4679.33550000 -512.57485000 -1552.26500000
v 4662.03550000 -261.63485000 -1579.05500000
v 4656.43550000 -260.63485000 -1615.30500000
v 4689.83550000 -675.47485000 -1623.42500000
v 4657.93550000 -1035.61485000 -1738.95500000
v 4663.13550000 -1152.82485000 -1779.63500000
v 4688.63550000 -1199.24485000 -1813.34500000
v 4672.93550000 -1328.28485000 -1843.70500000
v 4665.33550000 -699.21485000 -1871.25500000
v 4661.93550000 -1650.64485000 -1934.59500000
v 4649.13550000 -1694.54485000 -1973.54500000
v 4655.73550000 -1651.15485000 -2039.82500000
v 4678.83550000 -1339.82485000 -1999.60500000
v 4681.63550000 -320.66485000 -1561.70500000
v 4676.93550000 -596.79485000 -1583.55500000
v 4681.03550000 -314.64485000 -1587.59500000
v 4680.03550000 -366.95485000 -1635.72500000
v 4693.43550000 -808.28485000 -1682.85500000
v 4690.03550000 -964.01485000 -1737.79500000
v 4696.23550000 -634.33485000 -1754.85500000
v 4688.23550000 -1083.94485000 -1778.65500000
v 4678.63550000 -1464.23485000 -1887.13500000
v 4667.93550000 -1576.02485000 -1910.57500000
v 4691.03550000 -823.33485000 -1857.86500000
v 4679.83550000 -1568.43485000 -1927.14500000
v 4665.93550000 -1646.75485000 -1975.85500000
v 4683.83550000 -1569.31485000 -1949.57500000
v 4695.73550000 -999.48485000 -1900.07500000
v 4678.73550000 -1578.23485000 -1975.37500000
v 4688.43550000 -1417.13485000 -1975.72500000
v 4671.53550000 -1517.09485000 -2009.04500000
v 4692.83550000 -409.76485000 -1539.24500000
v 4695.13550000 -380.62485000 -1554.65500000
v 4699.43550000 -484.55485000 -1563.27500000
v 4696.03550000 -580.89485000 -1594.84500000
v 4695.33550000 -387.50485000 -1589.18500000
v 4700.03550000 -489.32485000 -1647.74500000
v 4705.43550000 -677.90485000 -1644.83500000
v 4711.83550000 -774.69485000 -1694.28500000
v 4709.43550000 -882.64485000 -1733.44500000
v 4707.73550000 -999.28485000 -1773.80500000
v 4706.13550000 -1117.39485000 -1811.18500000
v 4715.43550000 -1166.58485000 -1850.14500000
v 4700.63550000 -1238.32485000 -1844.71500000
v 4696.73550000 -1334.04485000 -1875.67500000
v 4706.43550000 -1252.95485000 -1867.53500000
v 4697.13550000 -1295.01485000 -1920.55500000
v 4683.43550000 -1468.84485000 -1939.21500000
v 4696.93550000 -1148.88485000 -1915.64500000
v 4699.73550000 -448.60485000 -1580.27500000
v 4705.73550000 -566.27485000 -1621.67500000
v 4710.03550000 -628.05485000 -1688.70500000
v 4713.33550000 -703.73485000 -1687.81500000
v 4712.03550000 -770.03485000 -1755.54500000
v 4713.73550000 -811.00485000 -1727.07500000
v 4716.23550000 -902.99485000 -1771.70500000
v 4708.43550000 -891.52485000 -1817.67500000
v 4713.73550000 -971.41485000 -1823.71500000
v 4713.23550000 -1033.57485000 -1809.81500000
v 4707.03550000 -1064.43485000 -1858.25500000
f 1 2 3
f 4 1 5
f 5 1 3
f 6 4 5
f 7 4 6
f 8 6 5
f 7 6 8
f 9 7 8
f 10 9 8
f 11 9 12
f 12 9 10
f 10 8 13
f 14 12 10
f 15 16 17
f 15 18 19
f 19 18 20
f 16 21 22
f 15 19 23
f 16 15 24
f 24 15 23
f 20 25 19
f 21 16 24
f 26 21 24
f 26 27 28
f 23 19 25
f 29 23 25
f 2 24 23
f 26 24 2
f 2 1 26
f 27 26 1
f 2 23 29
f 30 27 1
f 27 30 31
f 2 29 3
f 30 32 33
f 3 29 34
f 1 4 30
f 4 32 30
f 34 5 3
f 4 7 32
f 35 33 32
f 35 32 7
f 34 29 36
f 37 38 35
f 7 9 35
f 9 39 35
f 37 35 39
f 40 34 36
f 34 40 5
f 9 11 39
f 41 37 39
f 5 13 8
f 40 13 5
f 12 39 11
f 41 39 12
f 42 41 12
f 42 43 44
f 44 43 45
f 46 12 14
f 42 12 46
f 43 42 46
f 10 47 14
f 48 43 46
f 49 13 40
f 49 10 13
f 46 14 47
f 50 46 47
f 48 46 50
f 48 51 52
f 51 48 50
f 10 49 53
f 47 10 53
f 50 47 54
f 18 55 56
f 55 17 57
f 18 56 58
f 15 55 18
f 17 55 15
f 59 58 60
f 18 59 20
f 58 59 18
f 17 16 22
f 22 21 61
f 21 28 61
f 59 60 62
f 20 63 25
f 20 59 63
f 59 62 63
f 21 26 28
f 28 27 64
f 63 29 25
f 64 27 31
f 29 63 65
f 31 30 33
f 38 33 35
f 38 37 66
f 29 65 36
f 37 67 66
f 37 41 67
f 41 42 67
f 44 67 42
f 44 45 68
f 69 68 45
f 43 48 45
f 70 69 45
f 70 45 48
f 70 48 52
f 71 70 52
f 72 71 52
f 71 72 73
f 74 73 72
f 50 75 51
f 52 51 76
f 76 51 75
f 72 52 76
f 74 72 76
f 77 47 53
f 54 47 77
f 75 50 54
f 74 76 78
f 79 75 54
f 80 76 75
f 78 76 80
f 80 75 81
f 82 56 55
f 57 17 83
f 17 84 83
f 56 85 86
f 56 86 58
f 17 22 84
f 58 86 60
f 22 87 84
f 22 61 87
f 86 88 60
f 61 28 89
f 60 88 62
f 62 88 90
f 28 64 89
f 62 90 91
f 64 31 89
f 92 62 91
f 62 92 63
f 93 31 33
f 33 38 93
f 38 94 93
f 92 65 63
f 94 38 66
f 66 95 94
f 66 67 96
f 67 44 96
f 44 68 96
f 36 65 97
f 68 69 98
f 99 36 97
f 71 69 70
f 100 69 71
f 100 71 73
f 36 99 40
f 74 101 73
f 102 101 74
f 74 103 102
f 40 104 49
f 105 102 103
f 53 49 104
f 74 78 103
f 106 103 78
f 106 105 103
f 54 77 107
f 79 81 75
f 78 80 108
f 106 78 108
f 109 77 53
f 107 77 109
f 79 54 107
f 110 81 79
f 108 80 81
f 56 82 111
f 57 112 55
f 55 112 82
f 86 85 113
f 86 113 88
f 88 113 114
f 61 89 87
f 90 114 115
f 114 90 88
f 116 90 115
f 90 116 91
f 116 115 117
f 89 31 118
f 31 93 118
f 92 116 117
f 91 116 92
f 96 95 66
f 65 92 119
f 68 120 96
f 68 98 120
f 69 100 98
f 119 97 65
f 73 121 100
f 101 121 73
f 101 102 122
f 123 102 105
f 104 40 99
f 53 104 124
f 125 126 106
f 124 104 127
f 106 108 128
f 106 128 125
f 79 107 110
f 109 53 124
f 108 81 110
f 128 108 129
f 110 129 108
f 112 130 82
f 83 112 57
f 56 111 85
f 114 131 132
f 113 131 114
f 132 133 114
f 114 133 115
f 115 133 134
f 134 135 115
f 115 135 117
f 94 136 93
f 92 117 135
f 94 95 136
f 135 137 92
f 96 138 95
f 92 137 119
f 98 100 139
f 121 122 140
f 121 101 122
f 123 122 102
f 123 105 141
f 105 106 126
f 105 126 142
f 105 142 141
f 99 143 104
f 127 104 143
f 125 144 126
f 129 145 128
f 128 145 125
f 107 146 110
f 110 147 129
f 146 107 109
f 147 110 146
f 148 82 130
f 112 149 130
f 111 82 148
f 83 150 112
f 84 151 83
f 85 111 152
f 113 85 152
f 87 151 84
f 89 153 87
f 132 154 133
f 133 154 134
f 134 154 155
f 118 93 136
f 156 134 155
f 134 156 135
f 135 156 157
f 158 136 95
f 95 138 158
f 138 96 120
f 98 139 120
f 137 159 119
f 100 160 139
f 121 160 100
f 121 140 160
f 161 119 159
f 97 119 161
f 97 161 162
f 99 97 143
f 143 97 162
f 144 142 126
f 127 163 124
f 125 164 144
f 145 164 125
f 124 163 165
f 165 109 124
f 166 109 165
f 166 146 109
f 145 129 167
f 129 147 167
f 112 150 149
f 150 83 151
f 131 113 168
f 168 113 169
f 169 113 152
f 132 131 170
f 171 154 170
f 132 170 154
f 89 118 153
f 172 173 155
f 171 172 155
f 171 155 154
f 174 175 173
f 155 173 175
f 155 175 156
f 174 157 175
f 156 175 157
f 135 157 137
f 157 176 137
f 159 137 176
f 140 177 160
f 123 178 122
f 178 123 179
f 123 141 179
f 179 141 180
f 141 142 180
f 144 181 142
f 163 127 182
f 183 163 182
f 165 163 183
f 167 184 145
f 185 164 184
f 184 164 145
f 146 166 186
f 147 146 186
f 148 130 187
f 149 187 130
f 149 188 187
f 149 150 188
f 148 189 111
f 190 152 111
f 87 191 151
f 170 131 168
f 87 153 191
f 171 192 193
f 171 193 172
f 118 194 153
f 192 195 193
f 172 193 173
f 118 136 194
f 196 193 195
f 173 193 196
f 136 158 194
f 197 174 196
f 173 196 174
f 198 174 197
f 174 198 157
f 158 138 199
f 157 198 176
f 200 139 160
f 122 178 140
f 201 202 176
f 159 176 202
f 178 179 203
f 161 159 202
f 180 142 181
f 161 204 162
f 205 143 162
f 127 143 205
f 181 144 206
f 164 185 144
f 185 184 207
f 182 127 205
f 208 185 207
f 183 166 165
f 147 209 167
f 184 167 209
f 166 183 210
f 147 186 211
f 186 166 210
f 148 187 189
f 111 189 190
f 150 151 212
f 213 168 169
f 214 170 168
f 153 215 191
f 171 170 192
f 195 216 217
f 192 216 195
f 195 217 196
f 194 158 218
f 196 217 219
f 196 219 197
f 199 220 158
f 221 198 197
f 139 222 120
f 198 221 201
f 198 201 176
f 223 222 139
f 139 200 223
f 160 224 200
f 224 160 177
f 140 178 177
f 201 225 202
f 226 161 202
f 180 181 227
f 226 204 161
f 227 181 206
f 162 204 228
f 205 162 228
f 144 185 206
f 185 208 229
f 185 229 206
f 182 205 230
f 209 231 184
f 183 182 232
f 207 184 231
f 210 183 233
f 211 186 210
f 189 187 234
f 187 188 234
f 188 150 235
f 235 150 212
f 152 190 169
f 213 214 168
f 236 192 170
f 236 170 214
f 192 236 216
f 153 194 215
f 216 237 217
f 237 238 217
f 217 238 239
f 217 239 219
f 158 220 218
f 240 239 238
f 219 239 197
f 239 240 197
f 120 222 138
f 138 222 199
f 197 240 241
f 197 242 221
f 243 177 178
f 243 178 203
f 201 221 225
f 202 225 244
f 245 180 227
f 244 226 202
f 227 206 246
f 228 204 226
f 247 205 228
f 208 207 248
f 229 208 248
f 230 205 247
f 248 207 249
f 232 182 230
f 232 233 183
f 250 231 209
f 251 210 233
f 211 210 251
f 147 211 252
f 252 209 147
f 234 253 189
f 189 253 254
f 188 235 255
f 256 190 189
f 151 257 212
f 151 191 257
f 191 215 258
f 237 259 260
f 236 259 237
f 216 236 237
f 260 261 237
f 262 261 263
f 237 261 262
f 237 262 238
f 264 262 263
f 238 264 240
f 262 264 238
f 263 265 264
f 265 241 264
f 240 264 241
f 199 222 266
f 197 241 242
f 179 180 245
f 206 229 246
f 246 229 267
f 248 267 229
f 207 231 249
f 228 268 247
f 269 249 231
f 252 250 209
f 270 233 232
f 271 233 270
f 211 251 272
f 252 211 272
f 273 253 234
f 274 273 234
f 234 188 274
f 188 255 274
f 256 189 254
f 257 191 275
f 276 213 169
f 277 236 214
f 261 260 278
f 261 278 279
f 261 279 263
f 279 280 263
f 263 280 265
f 265 280 241
f 280 242 241
f 200 224 281
f 203 179 282
f 282 179 245
f 221 242 283
f 221 283 225
f 245 227 284
f 244 225 283
f 285 284 227
f 227 246 285
f 286 226 244
f 287 226 286
f 285 246 288
f 246 267 288
f 228 226 287
f 287 268 228
f 267 248 289
f 232 230 290
f 232 290 270
f 231 250 291
f 291 269 231
f 230 247 290
f 233 292 251
f 271 292 233
f 274 293 273
f 253 294 254
f 235 295 255
f 295 235 212
f 169 190 296
f 191 258 275
f 297 215 194
f 236 277 259
f 298 260 299
f 259 299 260
f 194 218 297
f 260 300 278
f 260 298 300
f 301 278 300
f 302 301 300
f 303 218 220
f 279 278 301
f 279 301 304
f 279 304 280
f 200 305 223
f 200 281 305
f 304 306 242
f 304 242 280
f 224 307 281
f 177 243 224
f 224 243 307
f 203 282 243
f 242 308 283
f 309 244 283
f 310 244 309
f 244 310 286
f 288 267 311
f 287 286 312
f 267 289 311
f 287 312 268
f 248 249 289
f 249 313 289
f 249 269 313
f 252 314 250
f 271 315 292
f 292 316 251
f 251 316 272
f 317 250 314
f 291 250 317
f 271 270 290
f 294 253 318
f 253 273 318
f 295 212 257
f 296 190 319
f 256 319 190
f 169 296 276
f 214 213 277
f 258 215 320
f 215 297 320
f 299 259 277
f 298 321 302
f 218 303 297
f 322 323 324
f 321 323 322
f 302 321 322
f 298 302 300
f 322 324 325
f 302 322 325
f 302 325 301
f 220 199 303
f 301 325 304
f 325 324 326
f 327 325 326
f 325 327 304
f 223 305 222
f 327 306 304
f 308 242 306
f 283 328 309
f 329 286 310
f 312 286 329
f 289 330 311
f 289 313 330
f 313 269 331
f 291 332 331
f 269 291 331
f 268 312 333
f 291 317 332
f 334 247 268
f 290 247 334
f 334 271 290
f 316 335 272
f 335 252 272
f 315 316 292
f 335 314 252
f 273 293 318
f 274 336 293
f 256 254 337
f 294 337 254
f 255 295 274
f 256 337 319
f 295 257 338
f 257 275 339
f 213 276 340
f 258 320 275
f 341 277 213
f 298 299 342
f 342 343 321
f 298 342 321
f 343 344 323
f 321 343 323
f 344 345 346
f 346 345 347
f 323 344 346
f 324 323 346
f 326 346 347
f 324 346 326
f 347 348 326
f 327 326 348
f 349 307 243
f 349 243 282
f 306 327 350
f 282 245 351
f 351 245 284
f 308 328 283
f 328 352 309
f 285 288 353
f 352 310 309
f 288 311 354
f 312 329 355
f 333 312 355
f 313 356 330
f 331 356 313
f 332 317 357
f 357 331 332
f 358 268 333
f 359 334 268
f 315 271 360
f 316 315 361
f 315 360 362
f 335 316 361
f 296 363 276
f 213 340 341
f 342 299 364
f 277 364 299
f 343 365 344
f 342 365 343
f 297 303 366
f 367 368 345
f 365 367 345
f 344 365 345
f 368 369 370
f 371 368 370
f 345 368 371
f 345 371 347
f 303 199 372
f 266 372 199
f 371 370 373
f 347 371 373
f 373 348 347
f 266 222 374
f 222 305 375
f 376 348 373
f 377 305 281
f 284 378 351
f 379 306 350
f 379 328 306
f 308 306 328
f 284 285 378
f 353 288 354
f 380 310 352
f 311 381 354
f 310 380 329
f 311 330 381
f 355 329 380
f 330 382 381
f 356 382 330
f 355 358 333
f 356 383 382
f 356 331 383
f 357 383 331
f 358 359 268
f 314 384 317
f 317 384 357
f 383 357 385
f 386 314 335
f 385 357 384
f 362 361 315
f 361 386 335
f 360 271 334
f 387 294 318
f 274 295 336
f 338 257 339
f 320 388 275
f 342 364 389
f 390 365 391
f 391 365 389
f 389 365 342
f 392 393 390
f 367 390 368
f 365 390 367
f 393 392 394
f 390 393 369
f 368 390 369
f 395 394 396
f 393 394 395
f 369 395 370
f 393 395 369
f 395 396 397
f 398 395 397
f 370 398 373
f 370 395 398
f 222 375 374
f 373 398 376
f 281 307 377
f 307 349 399
f 348 400 327
f 400 401 327
f 350 327 401
f 328 379 402
f 353 354 403
f 404 328 402
f 352 328 404
f 354 381 405
f 381 382 406
f 359 407 334
f 314 408 384
f 386 408 314
f 334 409 360
f 362 360 409
f 318 293 387
f 337 294 410
f 295 338 336
f 337 410 319
f 275 388 339
f 277 411 364
f 389 412 391
f 413 414 415
f 413 415 392
f 390 413 392
f 391 413 390
f 416 417 414
f 415 414 417
f 392 415 394
f 417 416 418
f 418 416 419
f 415 417 418
f 394 418 396
f 415 418 394
f 303 372 420
f 421 418 419
f 396 418 397
f 418 421 397
f 374 372 266
f 419 422 421
f 422 398 397
f 422 397 421
f 399 349 423
f 376 398 424
f 376 425 348
f 425 400 348
f 349 282 423
f 282 351 423
f 401 426 350
f 350 426 379
f 352 404 427
f 381 428 405
f 380 352 427
f 381 406 428
f 429 380 427
f 355 380 429
f 383 430 382
f 382 430 406
f 359 358 355
f 431 383 385
f 432 385 384
f 432 431 385
f 433 434 384
f 433 384 408
f 407 409 334
f 293 435 387
f 293 336 435
f 436 294 387
f 336 338 437
f 410 296 319
f 339 438 338
f 296 439 363
f 276 363 340
f 341 411 277
f 297 440 320
f 297 441 440
f 412 413 391
f 442 414 443
f 414 444 443
f 413 444 414
f 416 442 445
f 414 442 416
f 303 420 366
f 445 446 416
f 416 446 419
f 419 446 422
f 422 446 447
f 447 448 422
f 305 377 375
f 448 398 422
f 307 399 377
f 424 425 376
f 351 378 449
f 400 450 401
f 426 451 379
f 379 451 402
f 403 354 405
f 402 452 404
f 452 427 404
f 428 406 453
f 430 453 406
f 431 430 383
f 454 355 429
f 454 359 355
f 432 384 455
f 384 434 455
f 408 456 433
f 407 359 457
f 361 458 386
f 459 362 409
f 361 362 458
f 408 386 458
f 460 407 461
f 409 407 460
f 462 410 294
f 462 294 436
f 338 438 463
f 410 439 296
f 464 438 339
f 464 339 388
f 341 465 411
f 388 320 466
f 364 411 389
f 467 412 389
f 413 468 444
f 444 468 443
f 412 468 413
f 297 366 441
f 469 442 443
f 470 445 471
f 469 471 445
f 469 445 442
f 472 470 473
f 445 470 472
f 445 472 446
f 473 474 447
f 473 447 472
f 446 472 447
f 375 377 475
f 476 424 398
f 477 399 423
f 478 351 449
f 425 450 400
f 450 479 426
f 450 426 401
f 378 285 480
f 451 481 402
f 402 481 452
f 452 482 427
f 405 428 453
f 427 482 429
f 430 483 453
f 484 429 482
f 484 454 429
f 431 432 430
f 432 485 430
f 432 455 485
f 359 454 457
f 434 486 455
f 487 433 456
f 487 434 433
f 486 434 487
f 457 461 407
f 362 488 458
f 387 435 436
f 489 410 462
f 338 463 437
f 410 489 439
f 438 490 463
f 363 491 340
f 340 465 341
f 320 440 466
f 389 492 467
f 389 411 492
f 469 443 493
f 493 443 494
f 366 495 441
f 496 471 493
f 471 469 493
f 497 471 496
f 498 497 499
f 471 497 498
f 470 498 473
f 470 471 498
f 473 498 499
f 473 499 500
f 474 473 500
f 447 474 448
f 501 475 377
f 500 502 474
f 474 502 448
f 377 503 501
f 399 503 377
f 399 477 503
f 448 476 398
f 424 504 425
f 480 285 353
f 479 451 426
f 353 403 505
f 405 506 403
f 453 507 405
f 453 483 507
f 430 485 483
f 454 484 508
f 455 486 485
f 457 454 508
f 487 456 509
f 461 457 510
f 460 459 409
f 511 362 459
f 511 488 362
f 435 512 436
f 336 513 435
f 435 513 512
f 336 437 513
f 463 490 514
f 438 515 490
f 438 464 515
f 468 412 467
f 493 494 516
f 443 468 494
f 366 517 495
f 518 497 519
f 496 519 497
f 366 420 517
f 372 520 420
f 499 518 521
f 497 518 499
f 374 520 372
f 521 522 499
f 523 499 522
f 499 523 500
f 375 524 374
f 375 475 524
f 522 502 523
f 500 523 502
f 502 476 448
f 423 351 478
f 476 504 424
f 504 525 425
f 425 525 450
f 449 378 480
f 480 353 505
f 479 526 451
f 451 526 481
f 527 405 507
f 528 452 481
f 482 529 484
f 485 530 483
f 484 529 531
f 508 484 531
f 486 487 532
f 508 510 457
f 458 533 408
f 533 456 408
f 534 488 511
f 458 488 535
f 460 461 536
f 436 512 537
f 538 462 436
f 437 539 513
f 540 489 538
f 462 538 489
f 437 514 539
f 463 514 437
f 541 439 489
f 490 542 514
f 490 515 542
f 464 543 515
f 465 340 544
f 388 545 464
f 464 545 543
f 546 545 388
f 466 547 388
f 388 547 546
f 440 547 466
f 468 548 494
f 441 549 440
f 550 493 516
f 441 495 549
f 551 519 552
f 519 550 552
f 493 550 496
f 553 519 554
f 496 550 519
f 555 521 553
f 519 553 521
f 518 519 521
f 374 556 520
f 374 524 556
f 521 555 522
f 522 555 557
f 475 501 558
f 557 502 522
f 477 423 559
f 423 478 559
f 502 560 476
f 450 525 561
f 450 561 479
f 562 526 479
f 405 527 506
f 526 528 481
f 507 563 527
f 564 452 528
f 452 565 482
f 507 483 566
f 483 530 566
f 485 567 530
f 485 486 567
f 486 568 567
f 532 568 486
f 487 509 532
f 456 569 509
f 570 509 569
f 571 461 510
f 535 533 458
f 456 533 569
f 536 459 460
f 535 488 534
f 536 461 572
f 538 537 573
f 537 538 436
f 512 574 537
f 539 574 512
f 513 539 512
f 514 575 539
f 489 540 541
f 514 542 575
f 439 541 363
f 515 576 542
f 544 340 491
f 515 543 576
f 546 577 545
f 578 546 547
f 547 579 578
f 440 579 547
f 467 548 468
f 440 549 579
f 552 550 580
f 550 516 580
f 581 554 582
f 582 554 551
f 581 583 584
f 554 581 584
f 554 584 553
f 519 551 554
f 420 585 517
f 583 586 584
f 553 584 555
f 586 587 584
f 588 584 587
f 584 588 555
f 524 475 558
f 557 588 587
f 555 588 557
f 502 557 589
f 560 502 589
f 560 590 476
f 525 591 561
f 480 505 592
f 561 593 479
f 593 562 479
f 526 562 528
f 594 506 527
f 595 507 566
f 564 565 452
f 530 596 566
f 565 529 482
f 530 567 596
f 568 597 567
f 531 598 508
f 508 598 510
f 509 570 599
f 599 600 509
f 600 532 509
f 600 568 532
f 571 572 461
f 601 536 572
f 536 511 459
f 537 574 573
f 573 574 602
f 539 603 574
f 538 573 540
f 539 575 603
f 575 604 603
f 575 542 604
f 363 605 491
f 541 605 363
f 606 604 542
f 576 606 542
f 606 576 543
f 607 606 543
f 543 545 607
f 545 608 607
f 577 608 545
f 546 578 577
f 492 411 609
f 609 411 465
f 579 610 578
f 611 494 548
f 579 612 610
f 580 516 494
f 549 612 579
f 613 582 552
f 495 614 549
f 552 582 551
f 495 517 614
f 581 615 583
f 583 615 616
f 616 615 617
f 586 583 616
f 420 520 585
f 586 616 587
f 556 618 520
f 617 619 616
f 616 619 587
f 501 620 558
f 621 501 503
f 587 619 589
f 557 587 589
f 503 477 621
f 476 622 504
f 476 590 622
f 449 480 592
f 504 622 525
f 622 591 525
f 561 591 593
f 403 506 623
f 562 624 528
f 624 625 528
f 563 507 595
f 528 625 564
f 596 626 566
f 627 529 565
f 567 628 596
f 529 627 531
f 567 597 628
f 597 568 600
f 531 629 598
f 630 570 569
f 510 598 571
f 534 631 535
f 511 632 534
f 511 536 632
f 633 574 603
f 540 634 635
f 540 636 634
f 573 636 540
f 602 636 573
f 637 636 602
f 574 637 602
f 633 637 574
f 603 638 633
f 639 541 635
f 635 541 540
f 638 603 604
f 605 640 491
f 638 604 641
f 642 544 640
f 491 640 544
f 604 606 641
f 606 607 641
f 465 544 609
f 641 607 643
f 608 643 607
f 577 578 644
f 548 467 645
f 644 608 577
f 578 610 644
f 646 613 647
f 580 613 552
f 612 549 648
f 549 649 648
f 614 649 549
f 650 615 651
f 646 651 615
f 613 646 581
f 582 613 581
f 517 652 614
f 653 650 654
f 615 650 653
f 581 646 615
f 655 653 654
f 615 653 617
f 617 653 655
f 655 656 619
f 655 619 617
f 620 501 621
f 657 619 656
f 619 657 589
f 658 590 560
f 592 505 659
f 505 623 659
f 505 403 623
f 593 591 660
f 661 562 593
f 506 662 623
f 506 594 662
f 594 527 663
f 563 663 527
f 566 626 595
f 596 628 626
f 565 564 627
f 664 597 600
f 531 627 629
f 599 665 666
f 570 665 599
f 666 600 599
f 665 570 630
f 533 667 569
f 630 569 668
f 571 601 572
f 535 669 533
f 670 637 633
f 605 541 639
f 671 670 633
f 671 633 638
f 641 671 638
f 544 642 672
f 673 671 641
f 643 674 641
f 674 673 641
f 643 608 675
f 608 644 676
f 608 676 675
f 610 612 644
f 612 677 644
f 678 580 494
f 677 612 648
f 651 646 679
f 680 651 679
f 647 679 646
f 649 681 648
f 614 682 649
f 614 652 682
f 683 684 654
f 651 683 654
f 650 651 654
f 654 684 685
f 520 618 585
f 654 685 686
f 655 654 686
f 655 686 656
f 524 558 687
f 687 558 620
f 477 688 621
f 559 478 689
f 589 690 560
f 689 478 449
f 590 658 691
f 622 590 692
f 622 692 591
f 692 660 591
f 693 593 660
f 693 661 593
f 562 661 624
f 661 694 624
f 625 624 695
f 696 564 625
f 564 697 627
f 628 597 664
f 627 697 698
f 627 698 629
f 664 600 666
f 629 699 598
f 569 667 668
f 700 571 598
f 571 701 601
f 631 702 535
f 702 669 535
f 667 533 669
f 601 703 536
f 632 704 534
f 632 536 705
f 631 534 704
f 705 536 703
f 634 636 706
f 706 636 637
f 707 605 639
f 707 639 708
f 635 709 639
f 639 709 708
f 634 709 635
f 710 709 634
f 706 710 634
f 637 670 706
f 640 707 711
f 605 707 640
f 670 712 706
f 713 712 670
f 713 670 671
f 544 672 609
f 492 645 467
f 492 609 645
f 713 671 714
f 673 714 671
f 548 715 611
f 548 645 715
f 673 716 714
f 494 611 678
f 674 716 673
f 580 678 613
f 674 717 716
f 644 677 718
f 676 644 718
f 719 683 720
f 720 683 680
f 721 717 674
f 643 721 674
f 675 722 643
f 722 721 643
f 677 648 723
f 718 677 723
f 648 681 723
f 724 684 719
f 683 719 684
f 651 680 683
f 585 725 517
f 517 725 652
f 684 724 685
f 685 724 726
f 685 726 686
f 556 524 687
f 726 727 686
f 686 727 728
f 728 656 686
f 657 656 729
f 477 559 688
f 449 592 689
f 560 690 658
f 590 691 692
f 594 730 662
f 663 730 594
f 624 694 695
f 695 731 625
f 625 731 696
f 628 732 626
f 696 697 564
f 628 664 732
f 664 666 733
f 666 665 734
f 665 735 734
f 630 735 665
f 735 630 668
f 700 598 699
f 701 571 700
f 701 703 601
f 704 702 631
f 705 704 632
f 710 706 712
f 736 640 711
f 710 712 737
f 736 642 640
f 713 737 712
f 609 738 645
f 672 738 609
f 713 739 737
f 740 739 713
f 714 740 713
f 741 613 742
f 613 678 742
f 680 679 743
f 613 741 647
f 714 716 740
f 744 745 746
f 744 719 745
f 747 745 719
f 747 719 720
f 748 744 746
f 724 719 744
f 675 676 749
f 722 675 749
f 676 718 749
f 718 723 750
f 744 748 724
f 751 723 681
f 649 751 681
f 682 751 649
f 682 752 751
f 652 752 682
f 652 753 752
f 725 753 652
f 724 748 726
f 717 721 754
f 722 754 721
f 585 618 725
f 748 755 726
f 756 556 687
f 726 755 727
f 687 620 757
f 620 758 757
f 620 621 758
f 758 621 688
f 656 728 729
f 759 688 559
f 657 729 760
f 559 689 759
f 657 760 589
f 589 760 690
f 689 592 761
f 690 762 658
f 761 592 659
f 658 762 691
f 763 692 691
f 659 623 764
f 662 764 623
f 765 692 763
f 765 660 692
f 660 765 766
f 660 766 767
f 767 693 660
f 693 767 661
f 767 768 661
f 769 730 663
f 768 770 661
f 661 770 694
f 770 695 694
f 770 731 695
f 595 771 563
f 664 733 732
f 666 772 733
f 666 734 772
f 734 735 773
f 774 668 667
f 735 668 774
f 669 775 667
f 775 776 667
f 774 667 776
f 702 777 669
f 669 777 775
f 778 700 699
f 701 700 778
f 779 703 701
f 704 705 780
f 708 709 781
f 782 708 781
f 781 709 783
f 709 710 783
f 707 784 711
f 707 782 784
f 708 782 707
f 781 785 782
f 783 710 737
f 672 736 786
f 642 736 672
f 783 737 787
f 737 788 787
f 737 739 788
f 789 745 790
f 745 747 790
f 720 790 747
f 680 790 720
f 680 743 790
f 741 743 679
f 647 741 679
f 745 791 746
f 746 791 792
f 746 792 748
f 748 792 793
f 740 716 794
f 716 717 794
f 723 751 795
f 793 755 748
f 750 749 718
f 795 750 723
f 796 795 751
f 752 796 751
f 618 797 725
f 754 794 717
f 798 799 722
f 749 798 722
f 556 797 618
f 556 756 797
f 793 800 755
f 799 754 722
f 687 757 756
f 800 727 755
f 801 757 758
f 758 802 801
f 802 758 688
f 727 800 728
f 688 759 803
f 730 804 662
f 805 769 663
f 663 563 805
f 563 771 805
f 595 806 771
f 595 626 806
f 731 807 696
f 626 732 806
f 733 772 732
f 696 808 697
f 698 697 808
f 772 734 773
f 698 809 629
f 810 735 774
f 810 773 735
f 699 629 809
f 811 774 776
f 810 774 811
f 812 699 809
f 812 778 699
f 775 777 813
f 704 814 702
f 815 702 814
f 777 702 815
f 813 777 815
f 779 816 703
f 703 816 705
f 711 817 736
f 784 818 711
f 711 818 817
f 782 785 784
f 784 785 818
f 785 781 819
f 781 783 819
f 820 738 786
f 738 672 786
f 819 821 785
f 819 783 787
f 822 645 738
f 787 823 819
f 823 787 824
f 611 715 825
f 824 787 788
f 742 678 826
f 611 826 678
f 827 790 828
f 828 790 743
f 791 829 830
f 789 829 791
f 745 789 791
f 788 739 831
f 791 830 792
f 792 830 832
f 831 739 740
f 832 833 792
f 793 792 833
f 740 834 831
f 740 794 834
f 835 752 753
f 753 725 835
f 725 797 836
f 750 795 837
f 796 837 795
f 756 838 797
f 793 833 800
f 794 839 834
f 839 794 754
f 750 798 749
f 756 757 838
f 754 840 839
f 754 799 840
f 799 841 840
f 688 803 802
f 759 842 803
f 759 689 842
f 842 689 761
f 728 843 729
f 760 729 843
f 690 760 844
f 690 845 762
f 761 659 846
f 764 846 659
f 762 845 691
f 662 804 764
f 763 691 845
f 763 847 765
f 848 765 847
f 765 848 766
f 769 849 730
f 770 768 850
f 851 852 770
f 770 852 731
f 806 853 771
f 731 852 807
f 854 806 732
f 732 772 854
f 807 855 696
f 696 855 808
f 854 772 856
f 773 856 772
f 808 809 698
f 857 858 775
f 858 776 775
f 811 776 858
f 809 859 812
f 857 775 813
f 860 861 814
f 814 861 815
f 778 862 701
f 862 779 701
f 705 863 780
f 816 863 705
f 780 814 704
f 814 780 864
f 860 814 864
f 818 785 821
f 822 738 820
f 736 865 786
f 786 865 866
f 817 865 736
f 821 867 818
f 821 819 823
f 645 868 715
f 645 822 868
f 611 825 826
f 829 789 869
f 870 869 789
f 827 870 789
f 790 827 789
f 869 871 829
f 829 871 830
f 830 871 872
f 873 788 831
f 830 872 874
f 830 874 832
f 796 752 835
f 725 836 835
f 874 875 832
f 797 876 836
f 797 838 876
f 833 832 875
f 757 877 838
f 833 875 800
f 834 839 878
f 879 750 837
f 877 757 801
f 799 798 879
f 879 798 750
f 841 799 880
f 840 841 839
f 879 880 799
f 800 881 728
f 881 882 728
f 728 882 843
f 843 844 760
f 845 690 844
f 804 883 846
f 804 846 764
f 804 849 884
f 730 849 804
f 766 848 767
f 850 768 767
f 769 805 885
f 851 770 850
f 853 886 771
f 887 807 852
f 854 853 806
f 854 888 853
f 856 888 854
f 773 889 856
f 810 889 773
f 810 890 889
f 810 811 890
f 811 858 890
f 857 813 891
f 857 891 858
f 813 815 891
f 815 892 891
f 892 815 861
f 812 893 778
f 894 861 860
f 893 812 859
f 895 862 778
f 863 864 780
f 894 860 864
f 896 778 893
f 779 897 816
f 864 863 898
f 899 864 898
f 897 779 862
f 816 897 900
f 817 818 901
f 902 822 820
f 786 903 820
f 786 904 903
f 866 904 786
f 865 904 866
f 865 905 904
f 865 906 905
f 817 906 865
f 901 906 817
f 867 901 818
f 867 821 907
f 907 821 823
f 825 715 908
f 715 868 908
f 823 909 907
f 823 824 909
f 828 743 741
f 869 870 910
f 910 870 827
f 788 873 824
f 911 869 912
f 824 873 909
f 873 913 909
f 869 911 871
f 871 911 914
f 914 874 871
f 871 874 872
f 835 836 915
f 796 916 837
f 796 835 916
f 876 915 836
f 838 917 876
f 834 918 831
f 919 837 916
f 877 801 920
f 875 921 800
f 918 834 878
f 879 837 919
f 801 802 920
f 800 921 881
f 802 922 920
f 802 803 922
f 879 923 880
f 924 922 803
f 842 924 803
f 761 924 842
f 761 846 924
f 882 925 843
f 844 843 925
f 804 884 883
f 845 926 763
f 847 763 926
f 847 927 848
f 767 848 927
f 767 927 928
f 767 928 850
f 886 805 771
f 850 929 851
f 852 851 929
f 929 887 852
f 887 930 807
f 931 888 856
f 930 855 807
f 889 931 856
f 808 855 932
f 808 932 809
f 933 889 890
f 890 858 933
f 934 933 891
f 933 858 891
f 934 891 892
f 859 809 935
f 861 936 892
f 892 936 934
f 936 861 894
f 864 899 894
f 896 895 778
f 898 937 899
f 900 863 816
f 898 863 938
f 937 898 938
f 863 900 939
f 940 822 902
f 820 941 902
f 903 941 820
f 903 904 941
f 904 905 942
f 906 901 943
f 943 901 867
f 940 868 822
f 906 944 905
f 943 944 906
f 867 945 943
f 907 945 867
f 907 909 945
f 909 946 945
f 828 741 947
f 912 948 949
f 948 912 910
f 912 869 910
f 912 949 950
f 912 950 911
f 909 913 946
f 911 950 914
f 950 951 914
f 952 951 953
f 914 951 952
f 914 952 874
f 874 952 875
f 913 873 954
f 873 831 954
f 916 835 955
f 835 915 956
f 955 835 956
f 957 916 955
f 876 956 915
f 876 917 956
f 917 838 877
f 954 831 958
f 958 831 918
f 919 916 957
f 959 917 877
f 959 877 920
f 957 960 919
f 920 961 959
f 879 919 960
f 922 961 920
f 918 878 962
f 960 963 879
f 839 962 878
f 839 964 962
f 839 841 964
f 964 841 923
f 841 880 923
f 879 963 923
f 881 965 882
f 924 846 883
f 925 966 844
f 845 844 967
f 884 849 968
f 885 968 849
f 849 769 885
f 969 885 805
f 970 969 805
f 886 970 805
f 971 972 886
f 886 853 971
f 973 887 929
f 971 853 888
f 888 931 974
f 974 931 975
f 931 889 975
f 975 889 976
f 976 889 933
f 933 977 976
f 977 933 934
f 932 935 809
f 936 978 934
f 979 936 894
f 979 978 936
f 894 899 979
f 939 938 863
f 938 939 980
f 981 862 895
f 862 981 897
f 900 897 982
f 939 900 983
f 980 939 983
f 982 897 981
f 941 984 902
f 941 985 984
f 941 986 985
f 904 942 941
f 941 942 986
f 908 868 987
f 905 988 942
f 944 988 905
f 943 989 944
f 943 945 990
f 742 991 741
f 742 826 991
f 943 990 989
f 828 992 827
f 828 947 993
f 990 945 994
f 949 995 996
f 995 949 948
f 910 997 948
f 827 997 910
f 994 945 946
f 950 996 998
f 949 996 950
f 951 950 998
f 946 913 999
f 953 1000 952
f 1000 1001 952
f 913 954 999
f 952 1001 875
f 955 956 1002
f 1002 956 1003
f 1003 956 917
f 957 955 1004
f 1005 917 959
f 1001 1006 875
f 1004 1007 957
f 1002 1004 955
f 1005 1003 917
f 960 957 1007
f 959 961 1005
f 921 875 1006
f 1008 1005 961
f 958 918 1009
f 961 922 1008
f 921 1010 881
f 881 1010 965
f 918 1011 1009
f 963 960 1012
f 1007 1012 960
f 922 924 1013
f 1008 922 1013
f 918 962 1011
f 964 923 1014
f 1015 1014 923
f 963 1015 923
f 1012 1015 963
f 924 883 1016
f 1013 924 1016
f 882 965 1017
f 883 884 1016
f 1018 1016 884
f 1018 884 968
f 966 967 844
f 967 926 845
f 968 1019 1018
f 967 1020 926
f 968 885 1019
f 1019 885 969
f 847 926 1021
f 1021 927 847
f 1022 928 927
f 1023 850 928
f 929 850 1024
f 886 972 970
f 1024 973 929
f 974 971 888
f 887 1025 930
f 974 975 1026
f 1027 975 976
f 932 855 930
f 1027 976 977
f 977 1028 1027
f 977 934 1028
f 1029 935 932
f 934 978 1028
f 979 1030 978
f 935 1031 859
f 1032 979 899
f 1032 1030 979
f 899 937 1032
f 1033 1032 938
f 1032 937 938
f 893 859 1031
f 938 980 1033
f 980 1034 1033
f 982 983 900
f 980 983 1035
f 1034 980 1035
f 896 1036 895
f 1036 981 895
f 983 982 1037
f 1035 983 1037
f 982 981 1038
f 868 940 1039
f 1039 940 1040
f 902 1040 940
f 902 984 1040
f 1041 986 942
f 825 908 1042
f 908 987 1042
f 988 1041 942
f 988 944 989
f 826 825 991
f 827 992 997
f 993 992 828
f 994 1043 990
f 998 953 951
f 946 999 994
f 999 1044 994
f 999 954 1045
f 1004 1002 1046
f 1003 1047 1002
f 1047 1046 1002
f 958 1045 954
f 1004 1048 1007
f 1046 1048 1004
f 1005 1047 1003
f 958 1009 1049
f 1007 1048 1050
f 1050 1048 1051
f 1046 1052 1048
f 1047 1005 1053
f 1008 1053 1005
f 1006 1010 921
f 1008 1013 1053
f 1012 1007 1050
f 1051 1054 1050
f 1048 1055 1051
f 1052 1055 1048
f 1013 1056 1053
f 1015 1012 1057
f 1012 1050 1057
f 1054 1057 1050
f 1055 1054 1051
f 1055 1052 1058
f 1013 1016 1056
f 1059 965 1010
f 1011 1060 1009
f 1055 1061 1054
f 964 1062 962
f 1062 964 1063
f 964 1014 1063
f 1063 1014 1064
f 1014 1015 1064
f 1065 1064 1015
f 1057 1065 1015
f 1054 1065 1057
f 1017 965 1059
f 1054 1061 1065
f 1056 1016 1066
f 1064 1067 1063
f 1065 1067 1064
f 1055 1068 1061
f 1016 1018 1066
f 882 1017 925
f 1067 1069 1063
f 1061 1067 1065
f 1069 1062 1063
f 1070 1071 1067
f 1061 1070 1067
f 1068 1070 1061
f 1018 1072 1066
f 1018 1019 1072
f 1073 1072 1019
f 1019 969 1073
f 926 1020 1021
f 927 1021 1074
f 969 1075 1073
f 1074 1022 927
f 1075 969 970
f 1076 928 1022
f 1077 1075 970
f 850 1023 1024
f 1078 971 974
f 974 1026 1079
f 974 1079 1078
f 1026 975 1080
f 1079 1026 1080
f 1025 1081 930
f 1080 975 1027
f 1080 1027 1082
f 930 1029 932
f 930 1081 1029
f 1081 1083 1029
f 1027 1028 1082
f 1084 1029 1083
f 1030 1028 978
f 935 1029 1084
f 1032 1085 1030
f 1033 1085 1032
f 1031 1086 893
f 1086 896 893
f 1034 1035 1087
f 1038 1037 982
f 1037 1088 1035
f 1037 1038 1089
f 1088 1037 1089
f 1090 1036 1091
f 981 1036 1090
f 1089 981 1090
f 1038 981 1089
f 1092 987 1039
f 987 868 1039
f 984 1093 1040
f 984 1094 1093
f 985 1094 984
f 1094 985 1041
f 985 986 1041
f 991 825 1095
f 1042 1095 825
f 1096 1097 1094
f 1041 1096 1094
f 1098 1096 1041
f 1041 988 1098
f 988 989 1098
f 741 993 947
f 989 1099 1098
f 989 990 1099
f 997 1100 948
f 992 1100 997
f 990 1043 1099
f 996 995 1101
f 996 1101 998
f 1043 994 1044
f 998 1102 953
f 1101 1102 998
f 953 1103 1000
f 1102 1103 953
f 999 1045 1104
f 1105 1001 1000
f 1001 1105 1106
f 1001 1106 1006
f 1107 1045 958
f 1058 1046 1047
f 1052 1046 1058
f 1047 1053 1108
f 1047 1108 1058
f 1006 1106 1010
f 1053 1109 1108
f 1053 1056 1109
f 1106 1110 1010
f 1108 1109 1058
f 1058 1111 1055
f 1109 1112 1058
f 1058 1112 1111
f 1066 1113 1109
f 1109 1056 1066
f 1114 1060 1011
f 962 1114 1011
f 1115 962 1062
f 1068 1055 1111
f 1109 1113 1112
f 1114 962 1115
f 1116 1017 1059
f 1117 1115 1062
f 1111 1118 1068
f 1112 1119 1111
f 1113 1120 1112
f 1062 1069 1117
f 1111 1119 1118
f 1116 925 1017
f 1069 1067 1071
f 1068 1121 1070
f 1118 1121 1068
f 1112 1120 1119
f 1113 1066 1120
f 1122 925 1116
f 1071 1070 1121
f 1066 1072 1120
f 966 925 1122
f 1069 1123 1117
f 1071 1123 1069
f 1119 1124 1118
f 1125 1124 1119
f 1120 1125 1119
f 1121 1126 1071
f 1118 1127 1121
f 1124 1127 1118
f 1072 1073 1120
f 1127 1126 1121
f 1127 1124 1128
f 1125 1128 1124
f 1073 1125 1120
f 1128 1125 1129
f 1073 1075 1129
f 1125 1073 1129
f 1075 1130 1129
f 1021 1131 1074
f 1075 1132 1130
f 1074 1076 1022
f 1075 1077 1132
f 1076 1023 928
f 1133 1023 1076
f 970 972 1077
f 1078 1134 972
f 971 1078 972
f 1079 1080 1135
f 1082 1136 1080
f 1136 1082 1137
f 1082 1028 1137
f 1028 1138 1137
f 1028 1030 1138
f 1085 1139 1138
f 1138 1030 1085
f 1085 1033 1139
f 1087 1033 1034
f 1087 1139 1033
f 1035 1088 1140
f 1087 1035 1140
f 1086 1091 896
f 1091 1036 896
f 1141 1142 1089
f 1088 1089 1142
f 1143 1089 1090
f 1089 1143 1141
f 1090 1091 1144
f 1039 1145 1092
f 1040 1146 1039
f 1039 1146 1145
f 1040 1093 1146
f 1147 991 1148
f 991 1095 1148
f 1042 1092 1095
f 987 1092 1042
f 1097 1093 1094
f 1149 1096 1098
f 741 991 1150
f 1149 1097 1096
f 1098 1099 1149
f 1151 995 1152
f 1152 995 1100
f 948 1100 995
f 1151 1153 1101
f 1151 1101 995
f 1099 1043 1154
f 1101 1153 1102
f 1153 1155 1102
f 1102 1156 1103
f 1154 1043 1157
f 1044 1157 1043
f 1158 1000 1103
f 1157 1044 1104
f 999 1104 1044
f 1105 1000 1158
f 1104 1045 1107
f 958 1049 1107
f 1110 1106 1159
f 1110 1059 1010
f 1049 1009 1060
f 1160 1114 1115
f 1117 1160 1115
f 1117 1161 1160
f 966 1122 1162
f 1123 1161 1117
f 1123 1071 1126
f 1127 1128 1163
f 1126 1164 1123
f 1165 1164 1126
f 1127 1165 1126
f 1163 1165 1127
f 1129 1130 1128
f 1128 1166 1163
f 1130 1166 1128
f 1130 1132 1166
f 1163 1166 1167
f 1166 1168 1167
f 1166 1132 1168
f 1132 1077 1168
f 1077 972 1134
f 1023 1133 1024
f 1133 1169 1024
f 1134 1078 1170
f 1169 973 1024
f 1078 1079 1170
f 1079 1135 1170
f 1025 887 973
f 1080 1171 1135
f 1080 1136 1171
f 1081 1172 1083
f 1084 1083 1172
f 935 1084 1173
f 1174 1139 1087
f 1140 1175 1174
f 1174 1087 1140
f 1176 1175 1088
f 1175 1140 1088
f 1031 1177 1086
f 1142 1141 1176
f 1088 1142 1176
f 1178 1141 1143
f 1091 1086 1179
f 1090 1144 1180
f 1143 1090 1180
f 1178 1143 1180
f 1181 991 1147
f 1095 1182 1148
f 1095 1183 1182
f 1092 1184 1095
f 1095 1184 1183
f 1145 1184 1092
f 1185 1186 1146
f 1093 1185 1146
f 1093 1097 1185
f 741 1150 993
f 1185 1097 1187
f 1097 1149 1187
f 993 1188 992
f 1099 1189 1149
f 1153 1190 1155
f 1099 1191 1189
f 1154 1191 1099
f 1155 1156 1102
f 1103 1156 1192
f 1191 1154 1157
f 1105 1158 1193
f 1194 1104 1107
f 1193 1106 1105
f 1159 1106 1193
f 1195 1107 1049
f 1049 1060 1196
f 1196 1060 1114
f 1197 1059 1110
f 1059 1197 1116
f 1160 1198 1114
f 967 966 1199
f 1200 1201 1161
f 1123 1200 1161
f 1164 1200 1123
f 1164 1165 1202
f 1165 1163 1167
f 1203 1200 1164
f 1167 1202 1165
f 1202 1203 1164
f 1204 1202 1167
f 1204 1167 1168
f 1205 1204 1168
f 1077 1205 1168
f 1077 1134 1206
f 1205 1077 1206
f 1206 1134 1170
f 1170 1135 1207
f 1025 973 1208
f 1208 1081 1025
f 1208 1172 1081
f 1138 1209 1137
f 1084 1172 1210
f 1138 1139 1209
f 1139 1174 1209
f 1173 1031 935
f 1173 1177 1031
f 1211 1176 1141
f 1141 1178 1211
f 1086 1177 1179
f 1179 1212 1091
f 1212 1144 1091
f 1144 1213 1180
f 1213 1214 1180
f 1178 1180 1214
f 1144 1212 1215
f 1213 1144 1215
f 1184 1145 1186
f 1145 1146 1186
f 1148 1216 1147
f 1182 1216 1148
f 1185 1217 1186
f 1181 1150 991
f 1187 1217 1185
f 1152 1218 1219
f 1218 1152 1100
f 1151 1220 1190
f 1151 1190 1153
f 1149 1189 1187
f 1221 1190 1220
f 1155 1221 1156
f 1190 1221 1155
f 1191 1222 1189
f 1221 1192 1156
f 1157 1223 1191
f 1192 1158 1103
f 1223 1157 1194
f 1157 1104 1194
f 1158 1224 1193
f 1195 1225 1107
f 1195 1049 1196
f 1195 1196 1226
f 1227 1122 1116
f 1227 1162 1122
f 1162 1199 966
f 1198 1160 1228
f 1199 1020 967
f 1160 1161 1201
f 1228 1160 1201
f 1021 1020 1229
f 1230 1201 1200
f 1203 1230 1200
f 1202 1231 1203
f 1204 1231 1202
f 1074 1232 1076
f 1076 1232 1133
f 1204 1233 1231
f 1204 1234 1233
f 1205 1234 1204
f 1232 1235 1133
f 1234 1205 1206
f 1234 1206 1236
f 1206 1170 1236
f 1170 1207 1236
f 1169 1237 973
f 1207 1135 1171
f 1208 973 1237
f 1171 1136 1238
f 1136 1239 1238
f 1239 1136 1137
f 1172 1240 1210
f 1137 1209 1239
f 1209 1174 1241
f 1241 1175 1242
f 1241 1174 1175
f 1175 1176 1242
f 1211 1242 1176
f 1178 1243 1211
f 1244 1214 1213
f 1244 1243 1214
f 1243 1178 1214
f 1179 1177 1245
f 1212 1179 1246
f 1212 1246 1215
f 1213 1215 1247
f 1213 1247 1244
f 1181 1248 1150
f 1181 1249 1248
f 1147 1249 1181
f 1147 1250 1249
f 1216 1250 1147
f 1183 1184 1251
f 1251 1184 1186
f 1252 1186 1217
f 993 1150 1253
f 1254 1250 1216
f 1255 1254 1216
f 1182 1255 1216
f 1183 1255 1182
f 1256 1255 1183
f 1251 1256 1183
f 1252 1251 1186
f 1252 1217 1187
f 992 1257 1100
f 992 1188 1257
f 1220 1151 1219
f 1258 1220 1219
f 1151 1152 1219
f 1187 1259 1252
f 1259 1187 1189
f 1220 1260 1221
f 1189 1261 1259
f 1221 1260 1262
f 1262 1263 1221
f 1221 1263 1192
f 1264 1192 1263
f 1222 1191 1265
f 1191 1223 1265
f 1158 1192 1224
f 1266 1223 1194
f 1193 1224 1267
f 1193 1267 1268
f 1193 1268 1159
f 1194 1107 1225
f 1269 1159 1268
f 1159 1270 1110
f 1110 1270 1197
f 1195 1226 1271
f 1114 1198 1196
f 1196 1198 1272
f 1199 1229 1020
f 1021 1229 1273
f 1273 1131 1021
f 1273 1274 1131
f 1131 1232 1074
f 1274 1232 1131
f 1203 1275 1230
f 1231 1233 1203
f 1233 1276 1203
f 1276 1233 1277
f 1234 1277 1233
f 1236 1278 1277
f 1234 1236 1277
f 1279 1278 1236
f 1235 1280 1133
f 1133 1280 1169
f 1207 1279 1236
f 1280 1237 1169
f 1207 1171 1281
f 1171 1238 1281
f 1172 1208 1282
f 1282 1283 1172
f 1240 1172 1283
f 1239 1209 1284
f 1209 1241 1284
f 1284 1241 1285
f 1286 1084 1210
f 1241 1242 1285
f 1084 1286 1173
f 1211 1287 1242
f 1211 1243 1287
f 1177 1173 1288
f 1289 1177 1288
f 1287 1243 1244
f 1177 1289 1245
f 1245 1246 1179
f 1290 1215 1246
f 1215 1290 1247
f 1246 1245 1291
f 1250 1292 1249
f 993 1253 1188
f 1250 1254 1293
f 1294 1219 1218
f 1100 1257 1218
f 1255 1295 1254
f 1296 1295 1255
f 1256 1296 1255
f 1256 1251 1296
f 1252 1296 1251
f 1260 1297 1298
f 1258 1297 1260
f 1220 1258 1260
f 1260 1298 1262
f 1298 1299 1262
f 1299 1264 1262
f 1262 1264 1263
f 1261 1189 1300
f 1300 1189 1222
f 1192 1301 1224
f 1222 1265 1302
f 1223 1266 1265
f 1266 1303 1265
f 1269 1304 1159
f 1225 1195 1271
f 1270 1159 1304
f 1271 1226 1305
f 1306 1197 1270
f 1306 1116 1197
f 1227 1116 1306
f 1196 1307 1226
f 1307 1196 1272
f 1198 1308 1272
f 1308 1198 1228
f 1201 1308 1228
f 1309 1308 1201
f 1275 1309 1201
f 1201 1230 1275
f 1275 1203 1276
f 1275 1276 1310
f 1277 1310 1276
f 1310 1277 1311
f 1277 1278 1311
f 1312 1311 1279
f 1311 1278 1279
f 1279 1313 1312
f 1279 1281 1313
f 1207 1281 1279
f 1208 1237 1282
f 1242 1314 1285
f 1242 1287 1314
f 1288 1173 1286
f 1315 1316 1244
f 1316 1287 1244
f 1315 1247 1290
f 1244 1247 1315
f 1245 1289 1317
f 1245 1317 1291
f 1291 1317 1318
f 1246 1291 1290
f 1291 1318 1290
f 1150 1319 1253
f 1248 1319 1150
f 1248 1320 1319
f 1249 1320 1248
f 1249 1292 1320
f 1188 1321 1257
f 1188 1253 1321
f 1292 1250 1293
f 1295 1293 1254
f 1295 1296 1322
f 1323 1324 1325
f 1323 1297 1324
f 1219 1324 1297
f 1258 1219 1297
f 1296 1252 1326
f 1323 1325 1327
f 1297 1323 1298
f 1296 1328 1322
f 1326 1328 1296
f 1252 1259 1326
f 1298 1323 1327
f 1329 1326 1259
f 1327 1330 1299
f 1327 1299 1298
f 1329 1259 1261
f 1299 1330 1331
f 1264 1299 1332
f 1329 1261 1300
f 1332 1299 1331
f 1300 1222 1302
f 1264 1332 1192
f 1192 1332 1301
f 1333 1224 1301
f 1224 1333 1267
f 1194 1225 1266
f 1268 1267 1334
f 1269 1268 1334
f 1269 1334 1304
f 1335 1225 1271
f 1271 1336 1335
f 1271 1305 1336
f 1226 1307 1305
f 1162 1337 1199
f 1272 1338 1307
f 1272 1308 1338
f 1309 1339 1308
f 1309 1340 1339
f 1341 1232 1274
f 1275 1340 1309
f 1232 1341 1235
f 1342 1340 1275
f 1310 1342 1275
f 1342 1310 1343
f 1310 1344 1343
f 1310 1311 1344
f 1344 1311 1312
f 1281 1238 1345
f 1238 1239 1346
f 1347 1346 1284
f 1239 1284 1346
f 1284 1285 1347
f 1210 1240 1286
f 1285 1348 1347
f 1285 1314 1348
f 1288 1286 1349
f 1287 1316 1314
f 1290 1350 1315
f 1289 1288 1317
f 1318 1351 1350
f 1290 1318 1350
f 1318 1317 1352
f 1351 1318 1352
f 1292 1353 1320
f 1354 1353 1292
f 1292 1293 1354
f 1324 1219 1294
f 1324 1294 1355
f 1355 1294 1356
f 1257 1357 1218
f 1324 1358 1325
f 1359 1295 1322
f 1325 1358 1360
f 1327 1325 1360
f 1328 1326 1329
f 1330 1327 1361
f 1362 1330 1361
f 1328 1329 1363
f 1331 1330 1362
f 1331 1362 1364
f 1331 1364 1365
f 1365 1332 1331
f 1332 1365 1366
f 1332 1366 1301
f 1302 1265 1367
f 1301 1366 1333
f 1267 1368 1334
f 1304 1369 1270
f 1306 1370 1227
f 1227 1370 1337
f 1227 1337 1162
f 1229 1199 1371
f 1371 1273 1229
f 1338 1308 1339
f 1342 1372 1340
f 1343 1372 1342
f 1341 1373 1235
f 1343 1374 1372
f 1344 1374 1343
f 1373 1375 1235
f 1344 1312 1374
f 1235 1375 1280
f 1376 1374 1312
f 1313 1376 1312
f 1375 1377 1280
f 1313 1281 1376
f 1281 1345 1376
f 1377 1378 1280
f 1280 1378 1237
f 1345 1238 1379
f 1237 1378 1282
f 1379 1238 1346
f 1378 1380 1282
f 1282 1381 1283
f 1346 1347 1382
f 1381 1383 1283
f 1383 1240 1283
f 1348 1384 1347
f 1314 1316 1348
f 1315 1350 1385
f 1386 1317 1288
f 1385 1350 1351
f 1317 1386 1387
f 1388 1317 1387
f 1317 1388 1352
f 1319 1389 1253
f 1319 1390 1389
f 1319 1320 1390
f 1257 1321 1357
f 1358 1324 1355
f 1218 1357 1294
f 1358 1391 1360
f 1359 1392 1293
f 1359 1293 1295
f 1360 1361 1327
f 1359 1322 1393
f 1322 1328 1393
f 1361 1394 1362
f 1328 1363 1393
f 1329 1300 1363
f 1300 1395 1363
f 1396 1300 1302
f 1365 1397 1366
f 1366 1397 1333
f 1265 1303 1367
f 1368 1333 1398
f 1368 1267 1333
f 1266 1225 1399
f 1266 1399 1303
f 1399 1225 1335
f 1334 1400 1401
f 1334 1401 1304
f 1304 1401 1369
f 1335 1336 1402
f 1270 1369 1403
f 1403 1306 1270
f 1306 1403 1404
f 1336 1305 1405
f 1305 1307 1405
f 1406 1337 1370
f 1337 1371 1199
f 1307 1338 1407
f 1339 1408 1338
f 1339 1340 1408
f 1374 1409 1372
f 1374 1410 1409
f 1374 1376 1410
f 1376 1411 1410
f 1376 1345 1411
f 1345 1379 1411
f 1346 1382 1379
f 1282 1380 1381
f 1347 1384 1382
f 1240 1412 1286
f 1412 1349 1286
f 1348 1316 1413
f 1316 1414 1413
f 1316 1315 1414
f 1315 1385 1414
f 1386 1288 1349
f 1415 1385 1351
f 1387 1416 1388
f 1352 1388 1415
f 1415 1351 1352
f 1253 1417 1321
f 1253 1389 1417
f 1320 1418 1390
f 1353 1418 1320
f 1356 1294 1419
f 1419 1294 1357
f 1353 1354 1418
f 1391 1358 1420
f 1420 1358 1421
f 1355 1421 1358
f 1355 1356 1421
f 1293 1422 1354
f 1391 1423 1360
f 1392 1422 1293
f 1423 1361 1360
f 1361 1423 1424
f 1425 1392 1359
f 1359 1393 1426
f 1427 1361 1424
f 1426 1425 1359
f 1394 1361 1427
f 1362 1394 1428
f 1362 1428 1364
f 1364 1428 1429
f 1364 1429 1365
f 1396 1395 1300
f 1396 1302 1367
f 1333 1397 1398
f 1335 1430 1399
f 1401 1400 1431
f 1430 1335 1402
f 1403 1369 1432
f 1306 1404 1433
f 1370 1306 1433
f 1405 1307 1407
f 1371 1337 1406
f 1371 1274 1273
f 1341 1274 1434
f 1340 1435 1408
f 1340 1372 1435
f 1435 1372 1409
f 1409 1436 1435
f 1409 1410 1436
f 1410 1437 1436
f 1437 1410 1438
f 1410 1411 1438
f 1439 1438 1411
f 1411 1379 1439
f 1378 1440 1380
f 1240 1383 1412
f 1348 1413 1384
f 1412 1441 1349
f 1414 1385 1442
f 1386 1349 1441
f 1443 1442 1415
f 1385 1415 1442
f 1386 1444 1387
f 1387 1444 1445
f 1387 1445 1416
f 1388 1416 1443
f 1443 1415 1388
f 1417 1446 1321
f 1390 1418 1447
f 1321 1448 1357
f 1391 1420 1449
f 1391 1449 1423
f 1449 1450 1424
f 1449 1424 1423
f 1450 1427 1424
f 1425 1451 1392
f 1426 1393 1452
f 1452 1393 1453
f 1454 1393 1363
f 1455 1365 1429
f 1456 1397 1365
f 1456 1398 1397
f 1398 1457 1368
f 1303 1458 1367
f 1400 1334 1368
f 1369 1401 1431
f 1406 1370 1433
f 1406 1459 1371
f 1371 1460 1274
f 1338 1461 1407
f 1461 1338 1408
f 1274 1460 1434
f 1435 1462 1408
f 1341 1434 1373
f 1462 1435 1463
f 1436 1463 1435
f 1373 1464 1375
f 1436 1437 1463
f 1437 1438 1463
f 1465 1438 1439
f 1439 1466 1465
f 1439 1379 1466
f 1440 1378 1377
f 1379 1382 1466
f 1381 1467 1383
f 1384 1413 1468
f 1468 1413 1469
f 1413 1414 1469
f 1441 1412 1470
f 1441 1471 1386
f 1386 1471 1444
f 1444 1471 1472
f 1444 1472 1445
f 1416 1445 1473
f 1473 1443 1416
f 1389 1447 1417
f 1390 1447 1389
f 1356 1419 1421
f 1354 1474 1418
f 1354 1475 1474
f 1422 1475 1354
f 1392 1476 1422
f 1450 1449 1477
f 1476 1392 1451
f 1478 1450 1477
f 1427 1450 1478
f 1426 1479 1425
f 1394 1427 1480
f 1454 1453 1393
f 1454 1363 1395
f 1396 1481 1395
f 1455 1456 1365
f 1367 1482 1396
f 1367 1458 1482
f 1398 1456 1457
f 1400 1368 1483
f 1400 1483 1484
f 1400 1484 1431
f 1369 1431 1485
f 1369 1485 1486
f 1432 1369 1486
f 1403 1432 1404
f 1402 1336 1487
f 1404 1488 1433
f 1336 1405 1487
f 1406 1433 1489
f 1460 1490 1434
f 1461 1408 1462
f 1462 1463 1491
f 1373 1434 1464
f 1491 1463 1492
f 1463 1493 1492
f 1463 1438 1493
f 1438 1494 1493
f 1495 1375 1464
f 1438 1465 1494
f 1375 1495 1377
f 1494 1465 1496
f 1465 1466 1496
f 1382 1497 1466
f 1498 1440 1377
f 1382 1384 1497
f 1440 1381 1380
f 1412 1383 1467
f 1442 1499 1500
f 1500 1414 1442
f 1469 1414 1500
f 1441 1501 1471
f 1442 1443 1499
f 1471 1501 1502
f 1471 1502 1472
f 1472 1503 1445
f 1445 1503 1473
f 1443 1473 1499
f 1417 1504 1446
f 1321 1446 1448
f 1417 1505 1506
f 1447 1505 1417
f 1418 1505 1447
f 1448 1419 1357
f 1505 1418 1507
f 1418 1474 1507
f 1508 1449 1420
f 1508 1420 1509
f 1509 1420 1510
f 1421 1510 1420
f 1508 1511 1477
f 1508 1477 1449
f 1476 1475 1422
f 1511 1478 1477
f 1425 1479 1451
f 1452 1479 1426
f 1394 1480 1512
f 1394 1512 1428
f 1428 1512 1513
f 1428 1513 1429
f 1513 1455 1429
f 1455 1514 1456
f 1456 1514 1457
f 1457 1515 1368
f 1303 1399 1458
f 1516 1399 1430
f 1431 1484 1517
f 1485 1431 1517
f 1430 1402 1518
f 1518 1402 1487
f 1433 1488 1519
f 1487 1405 1520
f 1459 1406 1489
f 1407 1520 1405
f 1459 1460 1371
f 1407 1521 1520
f 1407 1461 1521
f 1461 1462 1491
f 1494 1522 1493
f 1496 1523 1494
f 1496 1466 1523
f 1377 1495 1498
f 1497 1523 1466
f 1440 1498 1524
f 1384 1468 1497
f 1440 1525 1381
f 1524 1525 1440
f 1525 1467 1381
f 1468 1469 1526
f 1412 1467 1527
f 1527 1470 1412
f 1469 1500 1528
f 1501 1441 1529
f 1473 1503 1530
f 1499 1473 1530
f 1472 1502 1531
f 1446 1504 1532
f 1417 1506 1504
f 1533 1448 1446
f 1534 1421 1419
f 1475 1507 1474
f 1508 1535 1511
f 1535 1478 1511
f 1536 1427 1478
f 1427 1536 1480
f 1452 1537 1479
f 1453 1538 1452
f 1454 1539 1453
f 1481 1396 1482
f 1458 1540 1482
f 1457 1514 1515
f 1368 1515 1483
f 1430 1518 1516
f 1432 1486 1541
f 1404 1432 1541
f 1519 1489 1433
f 1459 1542 1460
f 1490 1460 1542
f 1521 1461 1543
f 1461 1491 1543
f 1434 1490 1544
f 1491 1545 1543
f 1491 1492 1545
f 1434 1544 1464
f 1492 1493 1545
f 1493 1546 1545
f 1546 1493 1522
f 1544 1547 1464
f 1522 1494 1548
f 1495 1464 1547
f 1494 1549 1548
f 1494 1523 1549
f 1495 1550 1498
f 1550 1551 1498
f 1498 1551 1524
f 1497 1468 1526
f 1525 1552 1467
f 1469 1528 1526
f 1467 1553 1527
f 1528 1500 1554
f 1529 1441 1470
f 1554 1499 1530
f 1500 1499 1554
f 1555 1503 1472
f 1555 1556 1503
f 1556 1530 1503
f 1554 1530 1556
f 1502 1557 1531
f 1472 1531 1558
f 1472 1558 1555
f 1533 1446 1532
f 1504 1559 1532
f 1504 1506 1559
f 1448 1533 1419
f 1505 1560 1506
f 1421 1561 1510
f 1421 1534 1561
f 1507 1560 1505
f 1562 1508 1509
f 1508 1562 1535
f 1475 1476 1563
f 1562 1564 1535
f 1476 1565 1563
f 1566 1478 1564
f 1564 1478 1535
f 1565 1476 1567
f 1476 1451 1567
f 1479 1567 1451
f 1538 1537 1452
f 1538 1453 1539
f 1513 1512 1568
f 1569 1539 1454
f 1454 1395 1569
f 1395 1481 1569
f 1513 1570 1455
f 1571 1455 1570
f 1455 1571 1514
f 1572 1515 1514
f 1483 1515 1572
f 1399 1573 1458
f 1483 1517 1484
f 1486 1485 1517
f 1516 1518 1574
f 1404 1541 1488
f 1487 1575 1518
f 1487 1520 1576
f 1542 1459 1489
f 1520 1521 1576
f 1544 1490 1577
f 1545 1578 1543
f 1578 1545 1579
f 1546 1579 1545
f 1546 1580 1579
f 1580 1546 1548
f 1546 1522 1548
f 1495 1547 1550
f 1547 1581 1550
f 1523 1582 1549
f 1523 1497 1582
f 1550 1583 1551
f 1526 1584 1497
f 1551 1525 1524
f 1470 1527 1529
f 1557 1529 1585
f 1529 1557 1501
f 1501 1557 1502
f 1533 1532 1586
f 1533 1534 1419
f 1506 1560 1587
f 1507 1588 1560
f 1562 1509 1589
f 1590 1509 1510
f 1475 1588 1507
f 1562 1589 1564
f 1591 1475 1563
f 1566 1536 1478
f 1479 1537 1592
f 1513 1568 1570
f 1569 1481 1482
f 1593 1540 1458
f 1514 1571 1572
f 1483 1572 1594
f 1483 1594 1517
f 1573 1399 1516
f 1486 1517 1595
f 1574 1518 1596
f 1486 1595 1597
f 1597 1541 1486
f 1575 1596 1518
f 1598 1488 1599
f 1488 1541 1599
f 1488 1598 1519
f 1487 1576 1575
f 1542 1489 1600
f 1521 1601 1576
f 1542 1577 1490
f 1601 1521 1578
f 1543 1578 1521
f 1602 1580 1603
f 1580 1548 1603
f 1547 1604 1581
f 1548 1549 1603
f 1581 1605 1550
f 1497 1584 1582
f 1550 1605 1583
f 1551 1583 1525
f 1526 1606 1607
f 1552 1608 1467
f 1526 1528 1606
f 1553 1467 1608
f 1606 1528 1554
f 1554 1556 1606
f 1606 1556 1609
f 1556 1555 1609
f 1610 1557 1585
f 1557 1610 1531
f 1531 1610 1611
f 1531 1611 1612
f 1613 1558 1612
f 1612 1558 1531
f 1609 1558 1613
f 1555 1558 1609
f 1532 1559 1586
f 1506 1587 1559
f 1614 1561 1534
f 1510 1615 1590
f 1615 1510 1561
f 1616 1589 1590
f 1589 1509 1590
f 1475 1591 1588
f 1589 1617 1564
f 1564 1618 1566
f 1617 1618 1564
f 1563 1565 1619
f 1565 1567 1619
f 1567 1479 1592
f 1620 1567 1592
f 1537 1621 1592
f 1622 1537 1538
f 1623 1622 1538
f 1539 1623 1538
f 1568 1624 1570
f 1569 1482 1540
f 1570 1624 1625
f 1570 1625 1571
f 1458 1573 1593
f 1572 1571 1626
f 1594 1572 1627
f 1594 1628 1517
f 1517 1628 1629
f 1516 1574 1573
f 1541 1597 1599
f 1519 1598 1630
f 1575 1576 1631
f 1630 1489 1519
f 1600 1489 1630
f 1576 1601 1631
f 1542 1600 1632
f 1577 1542 1632
f 1577 1632 1633
f 1577 1633 1544
f 1634 1601 1578
f 1544 1633 1547
f 1634 1578 1579
f 1634 1579 1602
f 1580 1602 1579
f 1633 1604 1547
f 1549 1635 1603
f 1604 1605 1581
f 1549 1582 1635
f 1605 1636 1583
f 1583 1636 1637
f 1584 1526 1607
f 1583 1637 1638
f 1583 1638 1525
f 1638 1552 1525
f 1607 1606 1639
f 1609 1640 1606
f 1527 1553 1641
f 1529 1642 1585
f 1643 1613 1612
f 1609 1613 1640
f 1559 1644 1586
f 1559 1587 1644
f 1589 1616 1645
f 1615 1616 1590
f 1645 1617 1589
f 1618 1617 1645
f 1620 1619 1567
f 1592 1646 1620
f 1537 1647 1621
f 1537 1622 1647
f 1539 1569 1623
f 1648 1569 1540
f 1571 1625 1649
f 1540 1593 1650
f 1626 1571 1649
f 1572 1626 1651
f 1651 1627 1572
f 1573 1652 1593
f 1594 1627 1651
f 1594 1651 1628
f 1629 1595 1517
f 1574 1653 1573
f 1574 1596 1653
f 1597 1595 1654
f 1598 1599 1655
f 1598 1655 1656
f 1656 1630 1598
f 1657 1575 1631
f 1600 1630 1658
f 1601 1659 1631
f 1600 1658 1632
f 1660 1601 1634
f 1602 1661 1634
f 1662 1602 1603
f 1635 1662 1603
f 1635 1582 1663
f 1582 1584 1663
f 1584 1607 1664
f 1552 1638 1665
f 1665 1608 1552
f 1606 1640 1666
f 1641 1529 1527
f 1529 1641 1642
f 1640 1613 1643
f 1642 1667 1585
f 1585 1667 1668
f 1610 1585 1668
f 1610 1668 1669
f 1669 1611 1610
f 1643 1611 1669
f 1612 1611 1643
f 1534 1533 1670
f 1586 1671 1533
f 1586 1644 1671
f 1587 1672 1644
f 1587 1673 1672
f 1587 1560 1673
f 1563 1674 1591
f 1645 1675 1618
f 1563 1619 1674
f 1566 1618 1676
f 1566 1676 1536
f 1677 1619 1620
f 1646 1592 1621
f 1512 1678 1568
f 1679 1625 1624
f 1540 1650 1648
f 1649 1680 1626
f 1593 1681 1650
f 1651 1626 1682
f 1652 1573 1653
f 1599 1597 1654
f 1599 1654 1683
f 1599 1683 1655
f 1656 1684 1630
f 1630 1684 1685
f 1658 1630 1685
f 1658 1685 1686
f 1658 1687 1632
f 1659 1601 1660
f 1633 1687 1688
f 1633 1632 1687
f 1661 1660 1634
f 1661 1602 1662
f 1633 1689 1604
f 1605 1604 1690
f 1663 1584 1664
f 1665 1638 1691
f 1639 1606 1666
f 1608 1641 1553
f 1641 1608 1692
f 1640 1643 1666
f 1667 1642 1693
f 1694 1669 1668
f 1534 1670 1695
f 1533 1671 1696
f 1534 1695 1614
f 1616 1615 1697
f 1616 1698 1645
f 1698 1699 1645
f 1591 1700 1588
f 1699 1675 1645
f 1675 1676 1618
f 1619 1701 1674
f 1702 1536 1676
f 1646 1677 1620
f 1512 1480 1678
f 1621 1703 1646
f 1647 1703 1621
f 1622 1704 1647
f 1623 1705 1622
f 1623 1706 1705
f 1623 1569 1707
f 1624 1568 1679
f 1707 1569 1648
f 1593 1652 1681
f 1628 1651 1708
f 1629 1628 1708
f 1595 1629 1709
f 1595 1709 1654
f 1654 1710 1683
f 1655 1711 1656
f 1657 1712 1596
f 1575 1657 1596
f 1656 1711 1713
f 1656 1713 1684
f 1684 1714 1685
f 1685 1715 1686
f 1687 1658 1686
f 1688 1687 1716
f 1661 1717 1660
f 1633 1688 1689
f 1717 1661 1718
f 1662 1718 1661
f 1719 1718 1662
f 1662 1635 1719
f 1635 1663 1719
f 1605 1720 1636
f 1636 1720 1721
f 1664 1607 1722
f 1636 1721 1637
f 1637 1721 1723
f 1637 1723 1638
f 1638 1723 1691
f 1665 1691 1724
f 1666 1725 1639
f 1608 1665 1692
f 1641 1692 1693
f 1641 1693 1642
f 1694 1726 1727
f 1694 1727 1669
f 1666 1669 1727
f 1643 1669 1666
f 1667 1693 1728
f 1693 1729 1728
f 1668 1667 1728
f 1668 1728 1726
f 1726 1694 1668
f 1671 1730 1696
f 1644 1730 1671
f 1644 1672 1730
f 1697 1561 1614
f 1698 1616 1731
f 1731 1616 1697
f 1561 1697 1615
f 1588 1673 1560
f 1699 1732 1733
f 1698 1732 1699
f 1699 1733 1675
f 1591 1674 1700
f 1675 1733 1734
f 1735 1675 1734
f 1676 1675 1735
f 1536 1702 1480
f 1480 1702 1736
f 1646 1737 1677
f 1646 1738 1737
f 1480 1736 1678
f 1703 1647 1704
f 1622 1705 1704
f 1707 1706 1623
f 1679 1739 1625
f 1739 1649 1625
f 1648 1650 1740
f 1682 1626 1680
f 1708 1651 1682
f 1629 1708 1709
f 1741 1652 1653
f 1654 1709 1742
f 1654 1742 1710
f 1596 1712 1653
f 1655 1683 1743
f 1711 1655 1743
f 1714 1684 1713
f 1715 1685 1714
f 1686 1744 1687
f 1631 1659 1745
f 1687 1744 1716
f 1659 1660 1745
f 1745 1660 1717
f 1688 1716 1746
f 1688 1746 1689
f 1747 1717 1718
f 1689 1746 1748
f 1719 1749 1718
f 1719 1663 1749
f 1690 1604 1689
f 1663 1750 1749
f 1664 1751 1750
f 1663 1664 1750
f 1605 1690 1752
f 1605 1752 1720
f 1751 1664 1722
f 1722 1607 1639
f 1639 1753 1754
f 1691 1723 1724
f 1753 1639 1725
f 1692 1665 1724
f 1725 1666 1727
f 1755 1727 1726
f 1693 1756 1729
f 1670 1696 1757
f 1696 1670 1533
f 1696 1730 1757
f 1758 1730 1672
f 1614 1695 1697
f 1672 1673 1758
f 1732 1698 1731
f 1588 1700 1673
f 1674 1701 1759
f 1735 1760 1676
f 1760 1702 1676
f 1761 1701 1619
f 1619 1677 1761
f 1646 1762 1738
f 1703 1762 1646
f 1648 1740 1707
f 1680 1649 1739
f 1650 1681 1741
f 1708 1682 1763
f 1681 1652 1741
f 1683 1710 1764
f 1764 1743 1683
f 1712 1765 1653
f 1713 1711 1766
f 1712 1657 1767
f 1657 1631 1767
f 1715 1714 1768
f 1631 1745 1767
f 1767 1745 1717
f 1747 1749 1769
f 1747 1718 1749
f 1689 1748 1690
f 1750 1751 1770
f 1754 1722 1639
f 1727 1771 1725
f 1692 1724 1772
f 1727 1755 1771
f 1692 1773 1756
f 1693 1692 1756
f 1728 1729 1774
f 1728 1774 1755
f 1726 1728 1755
f 1729 1756 1774
f 1775 1695 1670
f 1732 1731 1776
f 1732 1776 1733
f 1777 1734 1776
f 1776 1734 1733
f 1735 1734 1777
f 1704 1705 1778
f 1568 1779 1679
f 1706 1778 1705
f 1650 1741 1740
f 1708 1763 1780
f 1709 1708 1780
f 1709 1780 1781
f 1709 1781 1742
f 1711 1743 1766
f 1713 1766 1714
f 1782 1768 1714
f 1686 1715 1768
f 1768 1744 1686
f 1767 1717 1783
f 1746 1716 1784
f 1769 1783 1717
f 1747 1769 1717
f 1748 1746 1785
f 1769 1750 1786
f 1750 1770 1786
f 1769 1749 1750
f 1690 1748 1752
f 1787 1722 1754
f 1721 1720 1788
f 1721 1788 1789
f 1721 1789 1723
f 1754 1753 1790
f 1790 1753 1771
f 1791 1724 1723
f 1753 1725 1771
f 1724 1791 1772
f 1771 1755 1792
f 1792 1755 1774
f 1774 1756 1793
f 1670 1794 1775
f 1757 1794 1670
f 1757 1758 1795
f 1730 1758 1757
f 1796 1697 1797
f 1673 1798 1758
f 1776 1799 1800
f 1796 1799 1776
f 1796 1776 1731
f 1697 1796 1731
f 1673 1700 1798
f 1776 1800 1777
f 1801 1777 1800
f 1674 1802 1700
f 1735 1777 1801
f 1759 1802 1674
f 1759 1701 1761
f 1702 1803 1736
f 1677 1804 1761
f 1677 1737 1804
f 1738 1805 1737
f 1703 1806 1762
f 1704 1778 1703
f 1706 1807 1778
f 1707 1740 1808
f 1680 1739 1809
f 1810 1710 1742
f 1710 1810 1811
f 1710 1811 1764
f 1811 1743 1764
f 1766 1743 1812
f 1813 1765 1712
f 1714 1766 1782
f 1712 1767 1813
f 1813 1767 1814
f 1744 1815 1716
f 1816 1767 1783
f 1817 1816 1783
f 1818 1746 1784
f 1783 1769 1817
f 1769 1786 1817
f 1746 1818 1819
f 1819 1785 1746
f 1748 1785 1819
f 1748 1819 1820
f 1748 1820 1752
f 1770 1751 1821
f 1821 1751 1722
f 1754 1790 1822
f 1723 1789 1823
f 1723 1823 1791
f 1771 1792 1824
f 1692 1772 1825
f 1825 1773 1692
f 1774 1826 1792
f 1756 1773 1793
f 1773 1827 1793
f 1826 1774 1793
f 1695 1828 1829
f 1775 1828 1695
f 1830 1796 1797
f 1697 1829 1797
f 1695 1829 1697
f 1800 1799 1831
f 1796 1830 1799
f 1832 1801 1831
f 1831 1801 1800
f 1700 1802 1833
f 1834 1801 1832
f 1834 1760 1801
f 1801 1760 1735
f 1802 1759 1835
f 1702 1760 1803
f 1737 1836 1804
f 1737 1805 1836
f 1762 1837 1738
f 1678 1838 1568
f 1806 1837 1762
f 1778 1806 1703
f 1679 1779 1839
f 1706 1707 1807
f 1679 1839 1739
f 1682 1680 1840
f 1763 1682 1840
f 1740 1741 1841
f 1842 1780 1763
f 1780 1842 1781
f 1742 1781 1810
f 1653 1843 1741
f 1844 1743 1811
f 1653 1845 1843
f 1845 1653 1765
f 1768 1815 1744
f 1814 1767 1816
f 1846 1784 1716
f 1817 1847 1816
f 1848 1817 1786
f 1786 1770 1848
f 1770 1849 1848
f 1770 1821 1849
f 1752 1820 1850
f 1752 1850 1788
f 1752 1788 1720
f 1789 1788 1851
f 1822 1790 1852
f 1790 1771 1852
f 1771 1824 1852
f 1853 1792 1826
f 1824 1792 1853
f 1773 1825 1854
f 1773 1854 1827
f 1793 1827 1826
f 1799 1855 1831
f 1798 1700 1856
f 1700 1833 1856
f 1855 1832 1831
f 1736 1803 1857
f 1736 1857 1678
f 1738 1837 1805
f 1568 1838 1858
f 1568 1858 1779
f 1806 1778 1859
f 1778 1807 1859
f 1739 1839 1860
f 1807 1707 1861
f 1707 1808 1861
f 1739 1860 1809
f 1680 1809 1840
f 1841 1808 1740
f 1763 1840 1862
f 1763 1862 1842
f 1842 1863 1781
f 1841 1741 1843
f 1812 1743 1844
f 1765 1864 1845
f 1765 1813 1864
f 1768 1782 1865
f 1813 1814 1866
f 1866 1814 1867
f 1716 1815 1868
f 1867 1816 1847
f 1867 1814 1816
f 1716 1868 1846
f 1848 1869 1847
f 1847 1817 1848
f 1848 1849 1869
f 1850 1820 1870
f 1870 1820 1819
f 1787 1849 1722
f 1849 1821 1722
f 1787 1754 1822
f 1851 1871 1789
f 1789 1871 1823
f 1823 1871 1872
f 1823 1872 1873
f 1791 1823 1873
f 1852 1824 1874
f 1791 1873 1875
f 1772 1791 1875
f 1824 1853 1874
f 1772 1875 1876
f 1772 1876 1825
f 1877 1853 1826
f 1825 1876 1878
f 1825 1878 1854
f 1827 1854 1879
f 1879 1826 1827
f 1775 1880 1828
f 1794 1880 1775
f 1794 1795 1880
f 1757 1795 1794
f 1881 1829 1828
f 1799 1830 1882
f 1883 1855 1884
f 1855 1883 1832
f 1834 1883 1885
f 1883 1834 1832
f 1802 1835 1833
f 1759 1886 1835
f 1803 1760 1887
f 1759 1761 1886
f 1804 1886 1761
f 1678 1857 1838
f 1837 1888 1805
f 1806 1889 1837
f 1859 1890 1806
f 1807 1891 1859
f 1892 1808 1841
f 1840 1893 1862
f 1842 1894 1863
f 1843 1895 1841
f 1781 1896 1810
f 1811 1810 1897
f 1811 1897 1844
f 1768 1865 1815
f 1867 1847 1898
f 1847 1899 1898
f 1847 1869 1899
f 1869 1849 1900
f 1900 1849 1901
f 1902 1819 1818
f 1849 1787 1901
f 1850 1870 1788
f 1788 1870 1903
f 1822 1904 1787
f 1851 1788 1903
f 1905 1904 1822
f 1906 1822 1852
f 1852 1874 1906
f 1853 1907 1874
f 1907 1853 1877
f 1878 1876 1908
f 1854 1878 1879
f 1826 1879 1877
f 1828 1909 1881
f 1828 1880 1909
f 1758 1910 1795
f 1911 1799 1882
f 1882 1830 1912
f 1798 1910 1758
f 1911 1884 1855
f 1799 1911 1855
f 1885 1883 1884
f 1913 1856 1833
f 1834 1885 1914
f 1833 1835 1915
f 1760 1834 1916
f 1916 1887 1760
f 1803 1887 1857
f 1836 1917 1804
f 1805 1888 1836
f 1837 1889 1888
f 1806 1890 1889
f 1891 1807 1861
f 1861 1808 1892
f 1840 1809 1893
f 1841 1918 1892
f 1842 1862 1894
f 1863 1896 1781
f 1896 1863 1919
f 1810 1896 1920
f 1897 1810 1920
f 1921 1895 1843
f 1897 1922 1844
f 1812 1782 1766
f 1864 1813 1923
f 1923 1813 1866
f 1866 1867 1924
f 1898 1924 1867
f 1818 1784 1925
f 1899 1900 1926
f 1899 1869 1900
f 1927 1819 1902
f 1901 1787 1904
f 1927 1870 1819
f 1903 1870 1928
f 1905 1822 1906
f 1906 1874 1907
f 1875 1873 1929
f 1875 1929 1876
f 1876 1930 1908
f 1829 1881 1931
f 1880 1932 1909
f 1880 1795 1932
f 1797 1829 1912
f 1911 1933 1934
f 1933 1911 1882
f 1912 1830 1797
f 1884 1934 1935
f 1911 1934 1884
f 1885 1935 1936
f 1935 1885 1884
f 1936 1914 1885
f 1833 1915 1913
f 1916 1834 1914
f 1937 1886 1804
f 1917 1937 1804
f 1892 1938 1861
f 1809 1939 1893
f 1893 1940 1862
f 1862 1940 1894
f 1863 1894 1919
f 1941 1897 1920
f 1922 1897 1941
f 1942 1843 1845
f 1812 1844 1943
f 1864 1944 1845
f 1782 1812 1945
f 1865 1782 1945
f 1865 1946 1815
f 1923 1866 1924
f 1947 1924 1898
f 1926 1947 1898
f 1898 1899 1926
f 1784 1846 1925
f 1948 1900 1901
f 1901 1904 1948
f 1870 1927 1928
f 1905 1906 1949
f 1871 1851 1872
f 1873 1872 1950
f 1906 1907 1951
f 1873 1952 1929
f 1929 1930 1876
f 1953 1877 1879
f 1907 1877 1951
f 1878 1908 1953
f 1953 1879 1878
f 1909 1932 1954
f 1955 1882 1912
f 1829 1956 1912
f 1795 1910 1957
f 1934 1933 1958
f 1958 1935 1934
f 1798 1856 1959
f 1936 1935 1960
f 1936 1916 1914
f 1915 1835 1886
f 1887 1961 1857
f 1857 1961 1838
f 1889 1890 1962
f 1779 1963 1839
f 1891 1890 1859
f 1839 1963 1860
f 1891 1861 1964
f 1964 1861 1938
f 1860 1965 1809
f 1809 1965 1939
f 1892 1966 1938
f 1918 1966 1892
f 1893 1939 1940
f 1896 1919 1967
f 1920 1896 1967
f 1895 1918 1841
f 1922 1968 1844
f 1844 1968 1943
f 1921 1843 1942
f 1944 1942 1845
f 1944 1864 1923
f 1945 1946 1865
f 1815 1946 1868
f 1969 1923 1924
f 1924 1970 1969
f 1971 1970 1947
f 1924 1947 1970
f 1947 1926 1972
f 1926 1973 1972
f 1926 1900 1973
f 1900 1948 1973
f 1974 1927 1902
f 1904 1905 1948
f 1851 1903 1975
f 1872 1851 1975
f 1906 1976 1949
f 1873 1950 1952
f 1976 1906 1951
f 1877 1977 1951
f 1930 1929 1978
f 1877 1953 1977
f 1908 1930 1979
f 1979 1953 1908
f 1909 1980 1881
f 1909 1981 1980
f 1909 1954 1981
f 1957 1932 1795
f 1933 1882 1955
f 1798 1959 1910
f 1958 1982 1935
f 1856 1983 1959
f 1982 1960 1935
f 1936 1960 1984
f 1985 1936 1984
f 1936 1985 1916
f 1986 1913 1915
f 1887 1916 1987
f 1886 1988 1915
f 1886 1937 1988
f 1989 1961 1887
f 1937 1917 1990
f 1836 1991 1917
f 1962 1888 1889
f 1894 1940 1992
f 1894 1992 1919
f 1922 1941 1993
f 1895 1994 1918
f 1922 1993 1995
f 1921 1994 1895
f 1968 1922 1995
f 1996 1945 1812
f 1944 1923 1997
f 1945 1998 1946
f 1997 1969 1999
f 1997 1923 1969
f 1846 1868 2000
f 1971 1947 1972
f 1902 1818 2001
f 1973 1948 2002
f 2002 1948 1905
f 1927 1974 2003
f 1928 1927 2003
f 1903 1928 2004
f 1903 2004 1975
f 2005 1949 1976
f 2006 1976 1951
f 1929 1952 2007
f 1951 1977 2006
f 1929 2007 1978
f 1979 1977 1953
f 1930 1978 1979
f 2008 1912 1956
f 1829 1931 1956
f 1980 1931 1881
f 1932 2009 1954
f 1954 2009 1981
f 1932 1957 2009
f 1958 2010 2011
f 2010 1958 1933
f 1933 1955 2012
f 1912 2008 1955
f 1910 1959 1957
f 1958 2011 1982
f 1960 1982 2011
f 1913 1983 1856
f 1989 1887 1987
f 2013 1838 1961
f 1838 2013 1858
f 1890 2014 2015
f 1890 2015 1962
f 1891 2014 1890
f 1891 1964 2014
f 1940 1939 2016
f 1940 2017 1992
f 1918 2018 1966
f 1918 1994 2018
f 1920 1993 1941
f 1942 1994 1921
f 1812 1943 1996
f 1942 1944 2019
f 1945 1996 1998
f 1999 1969 1970
f 1868 1946 2000
f 2001 1846 2000
f 1971 1972 2020
f 1925 1846 2001
f 1972 1973 2021
f 1973 2022 2021
f 2001 1818 1925
f 2001 2023 1902
f 1902 2023 1974
f 2002 1905 2024
f 1949 2024 1905
f 1928 2003 2004
f 2024 1949 2005
f 1872 1975 1950
f 1978 2007 2025
f 2006 1977 2026
f 2012 1955 2008
f 2011 2010 2027
f 2010 1933 2012
f 2027 1960 2011
f 1960 2028 1984
f 1913 2029 1983
f 1985 1984 2030
f 2029 1913 1986
f 1916 1985 1987
f 1915 2031 1986
f 1988 2031 1915
f 1937 2032 1988
f 1990 2032 1937
f 1917 2033 1990
f 2034 1836 1888
f 1888 1962 2035
f 1779 1858 1963
f 1964 2036 2014
f 1938 2036 1964
f 1938 1966 2037
f 1966 2038 2037
f 2017 1940 2016
f 1919 1992 2039
f 1967 1919 2040
f 1967 2040 2041
f 1920 1967 2041
f 1993 1920 2041
f 1968 1995 2042
f 1968 2042 2043
f 1994 1942 2044
f 1968 2043 2045
f 1968 2045 1943
f 2045 1996 1943
f 2019 2044 1942
f 1944 1997 2019
f 1999 1970 2046
f 2020 2046 1970
f 1970 1971 2020
f 2021 2047 2020
f 2020 1972 2021
f 2021 2022 2047
f 2022 1973 2002
f 2022 2002 2048
f 2024 2005 2049
f 1975 2004 2050
f 2049 2005 2051
f 1975 2050 1950
f 2052 1950 2050
f 1976 2051 2005
f 1976 2006 2051
f 2007 2053 2025
f 1978 2025 2054
f 2054 1979 1978
f 1977 1979 2026
f 1981 2055 1980
f 2055 1981 2056
f 2010 2057 2058
f 2057 2010 2059
f 2059 2010 2012
f 1956 2060 2008
f 1981 2009 2056
f 2058 2061 2027
f 2010 2058 2027
f 1959 1983 2062
f 2027 2061 1960
f 2061 2028 1960
f 1985 2030 1987
f 1988 2063 2031
f 1988 2064 2063
f 1988 2032 2064
f 1990 2065 2032
f 1917 1991 2033
f 1858 2066 1963
f 1963 2067 1860
f 2067 1965 1860
f 2037 2036 1938
f 1992 2017 2039
f 1919 2039 2040
f 1994 2068 2018
f 1995 1993 2042
f 2044 2068 1994
f 1996 2069 1998
f 1997 1999 2019
f 2070 2046 2020
f 2071 2001 2000
f 2047 2070 2020
f 2072 2070 2047
f 2073 2001 2071
f 2022 2072 2047
f 2074 1974 2023
f 2074 2075 1974
f 2024 2048 2002
f 2076 1974 2075
f 1974 2076 2003
f 2004 2003 2077
f 1950 2052 1952
f 1952 2078 2053
f 2007 1952 2053
f 2026 2079 2006
f 2025 2080 2054
f 1979 2054 2081
f 2081 2026 1979
f 2060 1956 2082
f 1931 2082 1956
f 1980 2055 1931
f 2056 2009 2083
f 1957 2084 2009
f 2062 2084 1959
f 1959 2084 1957
f 2058 2085 2061
f 2061 2086 2028
f 2085 2086 2061
f 1984 2087 2030
f 2028 2087 1984
f 1989 1987 2030
f 1986 2031 2088
f 1961 1989 2089
f 1961 2089 2013
f 1990 2033 2065
f 1888 2035 2034
f 2015 2090 1962
f 2066 2067 1963
f 2037 2091 2036
f 1939 2092 2093
f 1939 2093 2016
f 1966 2018 2038
f 2039 2094 2040
f 2095 2038 2018
f 2018 2068 2095
f 2096 2042 1993
f 1998 2097 1946
f 2098 1999 2046
f 2000 1946 2071
f 2070 2099 2046
f 2100 2072 2048
f 2022 2048 2072
f 2073 2023 2001
f 2074 2023 2073
f 2101 2003 2076
f 2003 2101 2077
f 2102 2004 2077
f 2050 2004 2102
f 2049 2051 2103
f 2102 2052 2050
f 1952 2052 2078
f 2103 2006 2079
f 2103 2051 2006
f 2026 2081 2079
f 2025 2053 2080
f 2054 2080 2104
f 2054 2104 2081
f 1931 2055 2105
f 2056 2083 2055
f 2058 2106 2107
f 2058 2057 2106
f 2012 2108 2059
f 2008 2109 2012
f 2060 2110 2008
f 2085 2107 2111
f 2107 2085 2058
f 2009 2084 2112
f 2086 2085 2111
f 1983 2029 2113
f 1983 2113 2062
f 2086 2087 2028
f 2029 1986 2114
f 1986 2088 2114
f 2063 2088 2031
f 1836 2034 1991
f 2035 1962 2090
f 2067 2115 1965
f 2014 2036 2015
f 1965 2115 2092
f 1939 1965 2092
f 2037 2116 2091
f 2038 2116 2037
f 2016 2117 2017
f 2038 2118 2116
f 2095 2119 2038
f 2068 2120 2095
f 2042 2096 2043
f 2068 2044 2121
f 2045 2043 2122
f 2123 2045 2122
f 2045 2123 1996
f 2121 2044 2019
f 2123 2069 1996
f 2069 2097 1998
f 2019 1999 2098
f 2097 2071 1946
f 2099 2098 2046
f 2099 2070 2124
f 2125 2124 2072
f 2124 2070 2072
f 2072 2100 2125
f 2048 2024 2126
f 2024 2049 2126
f 2077 2101 2102
f 2103 2127 2049
f 2052 2102 2128
f 2103 2129 2127
f 2130 2078 2052
f 2103 2079 2129
f 2129 2079 2131
f 2053 2078 2132
f 2080 2053 2132
f 2104 2131 2081
f 2131 2079 2081
f 2133 2082 1931
f 2133 1931 2105
f 2055 2083 2105
f 2110 2109 2008
f 2009 2112 2083
f 2107 2134 2111
f 2062 2113 2084
f 2111 2135 2086
f 2086 2135 2087
f 2029 2136 2113
f 2114 2136 2029
f 2030 2087 2137
f 2030 2137 1989
f 1989 2137 2138
f 1989 2138 2089
f 2139 2064 2032
f 2139 2032 2065
f 2033 2140 2065
f 2036 2141 2015
f 2036 2091 2141
f 2092 2142 2093
f 2016 2093 2117
f 1993 2143 2096
f 2043 2096 2144
f 2121 2120 2068
f 2122 2043 2144
f 2123 2145 2146
f 2069 2123 2146
f 2121 2019 2147
f 2148 2098 2149
f 2098 2099 2149
f 2124 2150 2099
f 2151 2073 2071
f 2100 2048 2126
f 2075 2074 2152
f 2075 2101 2076
f 2049 2127 2153
f 2128 2102 2154
f 2129 2155 2127
f 2052 2128 2130
f 2130 2132 2078
f 2129 2131 2155
f 2080 2156 2104
f 2156 2131 2104
f 2107 2106 2157
f 2057 2158 2106
f 2057 2159 2158
f 2059 2108 2057
f 2057 2108 2159
f 2012 2160 2108
f 2109 2160 2012
f 2107 2157 2134
f 2084 2161 2162
f 2084 2162 2112
f 2135 2111 2134
f 2113 2161 2084
f 2135 2163 2087
f 2087 2164 2137
f 2089 2138 2165
f 2089 2165 2166
f 2013 2089 2166
f 1991 2167 2033
f 1858 2168 2066
f 2067 2066 2115
f 2015 2169 2090
f 2015 2141 2169
f 2091 2170 2141
f 2093 2142 2171
f 2017 2094 2039
f 2118 2038 2119
f 2041 2172 1993
f 2120 2119 2095
f 1993 2172 2143
f 2096 2143 2173
f 2123 2122 2145
f 2019 2098 2147
f 2146 2097 2069
f 2147 2098 2148
f 2149 2099 2150
f 2071 2097 2151
f 2124 2125 2174
f 2150 2124 2174
f 2174 2125 2175
f 2151 2074 2073
f 2100 2175 2125
f 2100 2126 2175
f 2126 2049 2153
f 2102 2101 2154
f 2128 2176 2177
f 2128 2177 2130
f 2132 2130 2178
f 2130 2177 2178
f 2131 2156 2179
f 2080 2132 2178
f 2080 2178 2156
f 2155 2131 2179
f 2180 2133 2105
f 2157 2181 2182
f 2158 2181 2157
f 2158 2157 2106
f 2105 2112 2180
f 2083 2112 2105
f 2183 2157 2182
f 2157 2183 2134
f 2183 2135 2134
f 2163 2164 2087
f 2114 2184 2136
f 2063 2185 2088
f 2168 1858 2013
f 1991 2186 2167
f 2034 2186 1991
f 2066 2168 2115
f 2093 2171 2117
f 2017 2187 2094
f 2118 2119 2188
f 2041 2040 2189
f 2144 2173 2190
f 2144 2096 2173
f 2144 2190 2191
f 2122 2144 2191
f 2121 2192 2120
f 2122 2191 2145
f 2121 2147 2192
f 2097 2146 2193
f 2150 2194 2149
f 2151 2097 2195
f 2175 2196 2174
f 2074 2151 2197
f 2152 2074 2197
f 2126 2153 2198
f 2075 2152 2199
f 2199 2101 2075
f 2153 2127 2200
f 2201 2128 2154
f 2127 2202 2200
f 2128 2201 2176
f 2127 2155 2202
f 2202 2155 2179
f 2177 2203 2178
f 2178 2204 2156
f 2156 2204 2179
f 2158 2159 2205
f 2108 2160 2159
f 2133 2206 2082
f 2110 2160 2109
f 2112 2162 2180
f 2207 2135 2183
f 2163 2135 2207
f 2113 2136 2161
f 2164 2163 2208
f 2114 2088 2209
f 2088 2185 2209
f 2063 2064 2210
f 2064 2139 2210
f 2065 2140 2139
f 2166 2211 2013
f 2033 2167 2140
f 2013 2211 2168
f 2034 2035 2186
f 2141 2212 2169
f 2091 2116 2170
f 2189 2172 2041
f 2119 2120 2213
f 2120 2192 2213
f 2146 2191 2214
f 2146 2145 2191
f 2215 2192 2147
f 2193 2216 2097
f 2217 2148 2149
f 2097 2216 2195
f 2149 2194 2217
f 2194 2150 2174
f 2196 2194 2174
f 2196 2175 2218
f 2175 2219 2218
f 2175 2198 2219
f 2198 2175 2126
f 2220 2198 2153
f 2153 2200 2220
f 2101 2199 2154
f 2154 2221 2201
f 2176 2201 2222
f 2176 2222 2177
f 2177 2222 2203
f 2203 2223 2178
f 2204 2223 2224
f 2224 2202 2179
f 2204 2178 2223
f 2179 2204 2224
f 2181 2158 2205
f 2082 2225 2060
f 2082 2206 2225
f 2133 2226 2206
f 2133 2180 2226
f 2182 2227 2183
f 2183 2227 2207
f 2208 2163 2207
f 2136 2228 2161
f 2136 2184 2228
f 2229 2166 2165
f 2063 2210 2185
f 2166 2229 2211
f 2140 2230 2139
f 2168 2211 2231
f 2035 2232 2186
f 2232 2035 2090
f 2168 2233 2115
f 2234 2232 2090
f 2115 2233 2092
f 2141 2170 2212
f 2117 2171 2235
f 2116 2236 2170
f 2017 2117 2187
f 2116 2118 2236
f 2118 2188 2236
f 2094 2237 2040
f 2213 2188 2119
f 2190 2238 2191
f 2214 2191 2239
f 2146 2214 2193
f 2240 2216 2193
f 2194 2241 2217
f 2151 2195 2242
f 2242 2243 2151
f 2243 2197 2151
f 2152 2197 2244
f 2245 2199 2152
f 2246 2154 2199
f 2154 2246 2221
f 2247 2200 2224
f 2200 2202 2224
f 2222 2248 2203
f 2247 2224 2223
f 2223 2203 2248
f 2182 2181 2249
f 2181 2205 2250
f 2159 2251 2205
f 2227 2249 2252
f 2182 2249 2227
f 2160 2253 2159
f 2110 2225 2160
f 2060 2225 2110
f 2207 2227 2252
f 2162 2161 2254
f 2164 2255 2137
f 2184 2114 2256
f 2211 2229 2257
f 2211 2257 2231
f 2168 2231 2233
f 2090 2169 2234
f 2092 2233 2258
f 2237 2094 2187
f 2040 2237 2189
f 2188 2213 2259
f 2173 2143 2260
f 2190 2173 2261
f 2213 2192 2259
f 2238 2190 2261
f 2238 2262 2191
f 2191 2262 2239
f 2147 2263 2215
f 2214 2240 2193
f 2263 2147 2217
f 2147 2148 2217
f 2216 2264 2265
f 2195 2216 2265
f 2196 2266 2194
f 2195 2267 2242
f 2268 2196 2218
f 2218 2219 2268
f 2197 2243 2244
f 2152 2244 2245
f 2220 2200 2269
f 2270 2201 2221
f 2269 2247 2271
f 2269 2200 2247
f 2201 2270 2222
f 2223 2248 2272
f 2271 2223 2272
f 2247 2223 2271
f 2250 2205 2273
f 2273 2205 2251
f 2249 2274 2275
f 2250 2274 2249
f 2250 2249 2181
f 2159 2276 2251
f 2275 2277 2249
f 2206 2278 2225
f 2206 2279 2278
f 2206 2226 2279
f 2180 2280 2226
f 2280 2180 2281
f 2282 2252 2277
f 2249 2277 2252
f 2162 2281 2180
f 2207 2252 2282
f 2208 2207 2283
f 2137 2255 2138
f 2255 2284 2138
f 2138 2229 2165
f 2139 2230 2210
f 2285 2230 2140
f 2167 2285 2140
f 2092 2258 2142
f 2212 2286 2169
f 2170 2287 2212
f 2171 2288 2235
f 2187 2117 2235
f 2170 2236 2287
f 2260 2143 2172
f 2261 2173 2260
f 2192 2215 2259
f 2238 2261 2289
f 2238 2289 2262
f 2214 2239 2290
f 2290 2240 2214
f 2216 2240 2264
f 2195 2265 2267
f 2241 2194 2266
f 2267 2291 2242
f 2266 2196 2268
f 2243 2242 2292
f 2292 2244 2243
f 2293 2268 2219
f 2292 2294 2244
f 2219 2198 2293
f 2293 2198 2220
f 2220 2295 2293
f 2296 2199 2245
f 2296 2297 2199
f 2220 2269 2295
f 2246 2199 2297
f 2298 2246 2297
f 2246 2299 2221
f 2299 2270 2221
f 2269 2271 2300
f 2222 2301 2248
f 2270 2301 2222
f 2248 2301 2272
f 2301 2300 2272
f 2300 2271 2272
f 2250 2273 2302
f 2159 2253 2276
f 2160 2225 2303
f 2226 2280 2279
f 2161 2228 2254
f 2282 2283 2207
f 2164 2304 2255
f 2208 2304 2164
f 2256 2114 2209
f 2229 2138 2284
f 2229 2305 2257
f 2186 2306 2167
f 2186 2232 2306
f 2233 2231 2307
f 2169 2308 2234
f 2169 2286 2308
f 2142 2258 2309
f 2142 2309 2171
f 2237 2187 2310
f 2188 2259 2236
f 2172 2189 2311
f 2312 2262 2289
f 2239 2262 2313
f 2239 2313 2290
f 2263 2217 2314
f 2290 2315 2240
f 2240 2315 2264
f 2241 2314 2217
f 2316 2314 2241
f 2265 2264 2317
f 2317 2267 2265
f 2266 2316 2241
f 2291 2267 2317
f 2242 2291 2318
f 2318 2292 2242
f 2292 2318 2319
f 2319 2294 2292
f 2244 2294 2320
f 2320 2245 2244
f 2295 2269 2321
f 2246 2298 2299
f 2321 2300 2322
f 2269 2300 2321
f 2300 2301 2322
f 2323 2250 2302
f 2323 2324 2275
f 2323 2275 2274
f 2250 2323 2274
f 2277 2275 2324
f 2225 2278 2325
f 2162 2254 2281
f 2304 2208 2283
f 2228 2184 2326
f 2327 2255 2304
f 2229 2328 2305
f 2185 2210 2329
f 2257 2330 2231
f 2167 2306 2285
f 2232 2331 2306
f 2258 2233 2332
f 2286 2333 2308
f 2286 2212 2333
f 2212 2287 2333
f 2236 2334 2287
f 2187 2235 2310
f 2189 2237 2335
f 2189 2335 2311
f 2311 2260 2172
f 2260 2336 2261
f 2336 2289 2261
f 2215 2337 2259
f 2338 2289 2336
f 2289 2338 2312
f 2312 2339 2262
f 2262 2339 2313
f 2290 2313 2340
f 2290 2340 2341
f 2341 2315 2290
f 2264 2315 2342
f 2342 2343 2264
f 2317 2264 2343
f 2343 2344 2317
f 2317 2344 2291
f 2291 2344 2318
f 2266 2268 2316
f 2316 2268 2345
f 2345 2268 2293
f 2293 2295 2346
f 2296 2245 2320
f 2347 2297 2296
f 2295 2321 2348
f 2295 2348 2346
f 2347 2298 2297
f 2349 2298 2347
f 2348 2321 2350
f 2298 2349 2351
f 2321 2322 2350
f 2298 2351 2299
f 2299 2351 2301
f 2351 2352 2301
f 2352 2353 2301
f 2350 2322 2353
f 2299 2301 2270
f 2322 2301 2353
f 2354 2324 2323
f 2355 2251 2276
f 2253 2160 2303
f 2277 2324 2356
f 2225 2325 2303
f 2357 2278 2279
f 2282 2277 2356
f 2279 2280 2357
f 2281 2254 2358
f 2281 2358 2280
f 2282 2359 2283
f 2228 2360 2254
f 2228 2326 2360
f 2361 2326 2184
f 2184 2256 2361
f 2284 2255 2327
f 2328 2229 2284
f 2185 2362 2209
f 2185 2329 2362
f 2210 2363 2329
f 2210 2230 2363
f 2364 2330 2257
f 2230 2365 2363
f 2230 2285 2365
f 2306 2366 2285
f 2231 2330 2307
f 2233 2307 2332
f 2234 2331 2232
f 2308 2331 2234
f 2333 2367 2308
f 2258 2368 2309
f 2171 2309 2288
f 2287 2334 2333
f 2236 2369 2334
f 2237 2310 2370
f 2259 2371 2369
f 2259 2369 2236
f 2337 2371 2259
f 2338 2336 2372
f 2373 2338 2374
f 2338 2373 2312
f 2375 2337 2215
f 2312 2373 2339
f 2339 2373 2376
f 2215 2263 2375
f 2339 2376 2377
f 2313 2339 2377
f 2313 2377 2340
f 2341 2378 2315
f 2342 2315 2378
f 2342 2379 2343
f 2343 2379 2344
f 2379 2380 2344
f 2381 2314 2316
f 2344 2380 2318
f 2318 2380 2382
f 2318 2383 2319
f 2318 2382 2383
f 2345 2293 2384
f 2383 2385 2319
f 2319 2385 2294
f 2294 2385 2386
f 2320 2294 2386
f 2320 2386 2296
f 2386 2387 2296
f 2296 2387 2347
f 2387 2388 2347
f 2348 2350 2389
f 2389 2350 2352
f 2350 2353 2352
f 2390 2302 2391
f 2302 2273 2392
f 2391 2302 2392
f 2324 2393 2356
f 2354 2393 2324
f 2390 2354 2323
f 2302 2390 2323
f 2251 2355 2394
f 2355 2276 2395
f 2278 2396 2325
f 2278 2357 2396
f 2280 2358 2357
f 2397 2283 2359
f 2397 2304 2283
f 2398 2360 2326
f 2399 2400 2327
f 2400 2284 2327
f 2256 2209 2401
f 2328 2284 2400
f 2209 2362 2401
f 2257 2305 2364
f 2285 2366 2402
f 2308 2367 2403
f 2309 2404 2288
f 2405 2288 2404
f 2235 2288 2405
f 2334 2367 2333
f 2237 2370 2335
f 2336 2406 2372
f 2371 2337 2375
f 2374 2338 2372
f 2373 2407 2376
f 2377 2376 2408
f 2377 2409 2340
f 2340 2409 2410
f 2375 2263 2314
f 2375 2314 2411
f 2341 2340 2410
f 2341 2410 2412
f 2411 2314 2381
f 2341 2412 2378
f 2378 2412 2379
f 2379 2342 2378
f 2380 2413 2414
f 2415 2381 2316
f 2382 2380 2414
f 2345 2415 2316
f 2383 2382 2414
f 2415 2345 2384
f 2385 2383 2416
f 2416 2417 2385
f 2384 2293 2346
f 2385 2418 2386
f 2386 2418 2387
f 2346 2348 2419
f 2347 2388 2349
f 2351 2349 2420
f 2351 2420 2352
f 2419 2352 2420
f 2389 2352 2419
f 2348 2389 2419
f 2390 2393 2354
f 2273 2251 2394
f 2273 2394 2392
f 2356 2393 2421
f 2303 2422 2253
f 2325 2422 2303
f 2325 2396 2422
f 2356 2423 2282
f 2423 2359 2282
f 2357 2358 2424
f 2254 2425 2358
f 2360 2426 2254
f 2427 2304 2397
f 2327 2304 2427
f 2256 2401 2361
f 2328 2364 2305
f 2365 2428 2363
f 2365 2402 2428
f 2285 2402 2365
f 2330 2364 2429
f 2330 2429 2307
f 2366 2306 2430
f 2331 2430 2306
f 2331 2308 2431
f 2308 2403 2431
f 2367 2432 2403
f 2433 2367 2334
f 2235 2405 2310
f 2310 2405 2434
f 2334 2369 2433
f 2369 2435 2433
f 2311 2335 2370
f 2435 2369 2436
f 2369 2371 2436
f 2336 2260 2437
f 2336 2437 2406
f 2406 2438 2372
f 2372 2438 2439
f 2375 2436 2371
f 2372 2439 2440
f 2440 2374 2372
f 2373 2374 2440
f 2373 2440 2441
f 2407 2373 2441
f 2436 2375 2442
f 2376 2407 2408
f 2377 2408 2409
f 2442 2375 2411
f 2412 2443 2379
f 2379 2443 2380
f 2381 2444 2411
f 2413 2380 2443
f 2381 2415 2444
f 2445 2383 2414
f 2415 2384 2446
f 2416 2383 2445
f 2384 2346 2446
f 2385 2417 2418
f 2387 2418 2388
f 2418 2447 2388
f 2448 2419 2449
f 2346 2419 2448
f 2349 2388 2447
f 2349 2447 2450
f 2450 2420 2349
f 2449 2420 2450
f 2419 2420 2449
f 2390 2391 2451
f 2452 2421 2393
f 2390 2452 2393
f 2421 2423 2356
f 2276 2253 2395
f 2396 2357 2424
f 2453 2397 2359
f 2358 2425 2424
f 2254 2426 2425
f 2427 2397 2454
f 2426 2360 2398
f 2455 2400 2399
f 2456 2400 2455
f 2456 2328 2400
f 2457 2307 2429
f 2332 2307 2457
f 2430 2331 2458
f 2331 2431 2458
f 2258 2332 2368
f 2404 2309 2368
f 2367 2459 2432
f 2367 2433 2459
f 2310 2434 2370
f 2370 2460 2311
f 2435 2436 2442
f 2260 2311 2437
f 2439 2461 2462
f 2440 2439 2462
f 2440 2462 2463
f 2440 2463 2441
f 2408 2407 2464
f 2408 2464 2409
f 2464 2465 2409
f 2409 2465 2410
f 2442 2411 2466
f 2410 2467 2412
f 2412 2467 2443
f 2466 2411 2468
f 2413 2443 2469
f 2411 2444 2468
f 2444 2470 2468
f 2413 2469 2414
f 2469 2471 2414
f 2444 2415 2470
f 2415 2446 2470
f 2417 2416 2445
f 2417 2445 2472
f 2446 2346 2473
f 2417 2472 2418
f 2473 2448 2474
f 2473 2346 2448
f 2475 2418 2472
f 2475 2447 2418
f 2475 2476 2450
f 2450 2476 2474
f 2448 2449 2474
f 2450 2447 2475
f 2449 2450 2474
f 2452 2477 2478
f 2452 2390 2451
f 2477 2452 2451
f 2423 2421 2478
f 2452 2478 2421
f 2253 2479 2395
f 2422 2479 2253
f 2396 2480 2422
f 2359 2423 2481
f 2482 2396 2424
f 2483 2482 2424
f 2424 2425 2483
f 2425 2426 2484
f 2453 2454 2397
f 2398 2485 2426
f 2327 2427 2486
f 2326 2487 2398
f 2399 2327 2488
f 2326 2361 2489
f 2329 2490 2362
f 2364 2328 2456
f 2329 2363 2491
f 2428 2491 2363
f 2366 2492 2402
f 2430 2492 2366
f 2332 2493 2368
f 2432 2459 2494
f 2495 2459 2433
f 2433 2435 2495
f 2495 2435 2496
f 2311 2460 2497
f 2435 2442 2496
f 2406 2498 2438
f 2439 2438 2461
f 2463 2462 2499
f 2499 2441 2463
f 2407 2441 2499
f 2464 2407 2499
f 2499 2500 2464
f 2442 2466 2496
f 2466 2501 2496
f 2502 2410 2465
f 2467 2410 2502
f 2467 2503 2443
f 2443 2504 2469
f 2501 2466 2468
f 2414 2471 2505
f 2445 2414 2505
f 2470 2446 2506
f 2507 2445 2505
f 2506 2446 2473
f 2445 2507 2472
f 2508 2472 2507
f 2473 2509 2510
f 2475 2472 2508
f 2511 2475 2508
f 2510 2476 2511
f 2509 2476 2510
f 2474 2509 2473
f 2476 2475 2511
f 2474 2476 2509
f 2477 2512 2478
f 2392 2513 2391
f 2392 2394 2513
f 2513 2394 2514
f 2512 2515 2478
f 2516 2423 2515
f 2515 2423 2478
f 2355 2517 2394
f 2423 2516 2481
f 2396 2482 2480
f 2481 2453 2359
f 2483 2425 2484
f 2327 2486 2488
f 2487 2326 2489
f 2361 2518 2489
f 2401 2518 2361
f 2362 2519 2401
f 2329 2491 2490
f 2458 2520 2430
f 2332 2457 2493
f 2368 2493 2521
f 2522 2431 2403
f 2403 2432 2494
f 2405 2404 2523
f 2494 2459 2524
f 2459 2495 2524
f 2524 2495 2525
f 2434 2526 2370
f 2370 2526 2460
f 2525 2496 2527
f 2525 2495 2496
f 2311 2497 2437
f 2437 2528 2406
f 2406 2528 2498
f 2438 2498 2529
f 2461 2438 2529
f 2461 2529 2530
f 2461 2530 2462
f 2462 2530 2499
f 2500 2465 2464
f 2465 2531 2502
f 2496 2501 2527
f 2503 2467 2502
f 2501 2532 2527
f 2443 2503 2504
f 2469 2504 2533
f 2501 2468 2532
f 2533 2471 2469
f 2532 2468 2534
f 2535 2471 2533
f 2535 2505 2471
f 2468 2470 2534
f 2534 2506 2536
f 2534 2470 2506
f 2535 2507 2505
f 2535 2508 2507
f 2537 2511 2535
f 2511 2508 2535
f 2537 2538 2511
f 2473 2536 2506
f 2536 2510 2538
f 2538 2510 2511
f 2473 2510 2536
f 2512 2477 2539
f 2391 2540 2451
f 2516 2515 2539
f 2512 2539 2515
f 2422 2541 2479
f 2422 2480 2541
f 2484 2542 2483
f 2426 2543 2484
f 2485 2543 2426
f 2486 2427 2454
f 2487 2485 2398
f 2455 2399 2488
f 2401 2519 2518
f 2544 2364 2456
f 2544 2429 2364
f 2545 2429 2544
f 2428 2402 2546
f 2429 2545 2457
f 2547 2520 2458
f 2522 2458 2431
f 2368 2548 2404
f 2405 2549 2434
f 2405 2523 2549
f 2494 2524 2550
f 2525 2551 2524
f 2525 2552 2551
f 2460 2526 2553
f 2525 2527 2552
f 2497 2460 2554
f 2437 2497 2528
f 2527 2555 2552
f 2528 2556 2498
f 2555 2557 2552
f 2498 2558 2529
f 2500 2499 2559
f 2465 2500 2560
f 2561 2502 2531
f 2562 2502 2561
f 2503 2502 2562
f 2563 2564 2557
f 2555 2563 2557
f 2565 2504 2562
f 2504 2503 2562
f 2566 2504 2565
f 2567 2563 2555
f 2527 2532 2555
f 2533 2504 2566
f 2533 2566 2568
f 2569 2570 2568
f 2555 2532 2567
f 2570 2533 2568
f 2567 2571 2563
f 2571 2569 2563
f 2532 2572 2567
f 2535 2533 2570
f 2532 2534 2572
f 2569 2537 2570
f 2537 2535 2570
f 2571 2537 2569
f 2572 2571 2567
f 2534 2536 2572
f 2571 2538 2537
f 2572 2536 2571
f 2536 2538 2571
f 2573 2539 2477
f 2477 2451 2540
f 2513 2574 2391
f 2513 2514 2575
f 2516 2539 2576
f 2577 2516 2576
f 2517 2578 2394
f 2516 2577 2481
f 2395 2479 2579
f 2480 2483 2580
f 2482 2483 2480
f 2481 2581 2453
f 2542 2580 2483
f 2453 2582 2454
f 2583 2543 2485
f 2487 2583 2485
f 2584 2455 2488
f 2455 2585 2456
f 2585 2544 2456
f 2428 2546 2491
f 2492 2586 2546
f 2492 2546 2402
f 2493 2457 2587
f 2430 2520 2492
f 2521 2548 2368
f 2403 2588 2522
f 2588 2403 2494
f 2589 2590 2550
f 2434 2549 2526
f 2524 2551 2550
f 2550 2551 2589
f 2551 2591 2589
f 2552 2591 2551
f 2591 2592 2593
f 2497 2594 2528
f 2557 2592 2591
f 2498 2556 2558
f 2552 2557 2591
f 2529 2558 2595
f 2529 2595 2596
f 2530 2529 2596
f 2530 2596 2597
f 2499 2530 2559
f 2530 2597 2559
f 2500 2559 2560
f 2564 2598 2592
f 2557 2564 2592
f 2531 2465 2560
f 2599 2531 2560
f 2561 2531 2599
f 2562 2561 2600
f 2565 2600 2601
f 2602 2565 2601
f 2598 2602 2601
f 2564 2603 2598
f 2562 2600 2565
f 2603 2602 2598
f 2566 2565 2602
f 2568 2566 2602
f 2568 2602 2603
f 2564 2569 2603
f 2569 2568 2603
f 2564 2563 2569
f 2540 2573 2477
f 2574 2540 2391
f 2573 2576 2539
f 2514 2578 2604
f 2394 2578 2514
f 2605 2517 2355
f 2355 2395 2605
f 2479 2606 2579
f 2541 2606 2479
f 2577 2581 2481
f 2541 2480 2607
f 2607 2480 2580
f 2581 2582 2453
f 2608 2542 2484
f 2484 2543 2608
f 2609 2454 2582
f 2486 2610 2488
f 2362 2611 2519
f 2362 2490 2611
f 2544 2612 2545
f 2587 2457 2545
f 2520 2586 2492
f 2613 2521 2493
f 2520 2547 2614
f 2547 2458 2522
f 2615 2547 2522
f 2522 2588 2615
f 2523 2404 2616
f 2588 2550 2617
f 2588 2494 2550
f 2550 2590 2617
f 2589 2618 2590
f 2591 2618 2589
f 2591 2593 2618
f 2593 2619 2618
f 2619 2620 2621
f 2593 2620 2619
f 2497 2554 2594
f 2620 2622 2621
f 2593 2592 2620
f 2528 2594 2556
f 2561 2599 2623
f 2623 2600 2561
f 2592 2598 2620
f 2558 2556 2624
f 2558 2624 2595
f 2620 2601 2622
f 2598 2601 2620
f 2599 2560 2625
f 2601 2600 2622
f 2573 2626 2627
f 2626 2573 2540
f 2513 2575 2628
f 2628 2575 2629
f 2573 2627 2576
f 2575 2514 2604
f 2578 2517 2630
f 2517 2605 2630
f 2579 2605 2395
f 2541 2607 2606
f 2580 2631 2607
f 2582 2581 2632
f 2580 2633 2631
f 2580 2542 2633
f 2633 2542 2608
f 2634 2608 2543
f 2609 2486 2454
f 2543 2583 2634
f 2635 2583 2487
f 2487 2489 2636
f 2637 2585 2455
f 2520 2614 2586
f 2493 2587 2613
f 2548 2521 2613
f 2588 2638 2615
f 2404 2548 2616
f 2638 2588 2639
f 2639 2588 2617
f 2523 2616 2549
f 2617 2590 2640
f 2590 2618 2640
f 2526 2641 2553
f 2618 2619 2640
f 2642 2643 2619
f 2554 2460 2553
f 2619 2621 2642
f 2621 2644 2642
f 2621 2622 2644
f 2554 2645 2594
f 2646 2623 2599
f 2644 2600 2623
f 2622 2600 2644
f 2556 2647 2648
f 2556 2594 2647
f 2559 2649 2560
f 2646 2599 2625
f 2556 2648 2624
f 2597 2650 2651
f 2597 2651 2559
f 2625 2560 2649
f 2626 2540 2652
f 2652 2540 2653
f 2574 2513 2628
f 2574 2653 2540
f 2576 2627 2654
f 2575 2604 2629
f 2576 2654 2577
f 2581 2577 2654
f 2604 2578 2655
f 2579 2656 2605
f 2579 2606 2656
f 2607 2656 2606
f 2608 2657 2633
f 2608 2634 2657
f 2609 2658 2486
f 2658 2610 2486
f 2610 2659 2488
f 2636 2635 2487
f 2636 2489 2518
f 2637 2455 2584
f 2519 2660 2518
f 2544 2585 2661
f 2612 2544 2661
f 2490 2662 2611
f 2663 2545 2612
f 2491 2546 2664
f 2545 2663 2587
f 2616 2665 2549
f 2639 2617 2666
f 2666 2617 2640
f 2526 2549 2641
f 2667 2668 2643
f 2668 2640 2643
f 2640 2619 2643
f 2642 2669 2643
f 2553 2670 2554
f 2644 2671 2669
f 2642 2644 2669
f 2554 2670 2645
f 2671 2623 2646
f 2644 2623 2671
f 2672 2673 2649
f 2649 2673 2625
f 2625 2674 2646
f 2673 2674 2625
f 2594 2675 2647
f 2647 2675 2676
f 2647 2676 2648
f 2651 2649 2559
f 2595 2624 2677
f 2595 2677 2596
f 2626 2678 2679
f 2678 2626 2652
f 2653 2628 2680
f 2628 2653 2574
f 2679 2681 2627
f 2626 2679 2627
f 2682 2627 2681
f 2654 2627 2682
f 2632 2581 2654
f 2656 2683 2605
f 2607 2684 2656
f 2607 2631 2684
f 2582 2685 2609
f 2658 2609 2685
f 2686 2610 2658
f 2634 2583 2687
f 2584 2488 2659
f 2637 2584 2659
f 2660 2636 2518
f 2491 2662 2490
f 2612 2688 2663
f 2586 2614 2546
f 2547 2615 2614
f 2689 2615 2638
f 2638 2639 2690
f 2690 2639 2666
f 2666 2640 2668
f 2643 2691 2667
f 2692 2691 2643
f 2669 2693 2692
f 2643 2669 2692
f 2669 2671 2693
f 2693 2646 2674
f 2671 2646 2693
f 2645 2694 2675
f 2594 2645 2675
f 2648 2676 2677
f 2648 2677 2624
f 2677 2650 2596
f 2596 2650 2597
f 2695 2649 2651
f 2672 2649 2695
f 2696 2680 2628
f 2628 2629 2696
f 2629 2697 2696
f 2604 2697 2629
f 2632 2654 2682
f 2630 2655 2578
f 2605 2698 2630
f 2698 2605 2699
f 2605 2683 2699
f 2685 2582 2632
f 2656 2684 2683
f 2631 2700 2684
f 2631 2701 2700
f 2631 2633 2701
f 2702 2701 2633
f 2702 2633 2657
f 2703 2702 2657
f 2657 2634 2703
f 2703 2634 2687
f 2659 2610 2686
f 2635 2687 2583
f 2660 2704 2636
f 2661 2585 2637
f 2660 2519 2705
f 2519 2611 2705
f 2491 2664 2662
f 2546 2614 2706
f 2546 2706 2664
f 2587 2663 2613
f 2548 2613 2616
f 2707 2665 2616
f 2690 2689 2638
f 2690 2666 2708
f 2708 2668 2709
f 2708 2666 2668
f 2668 2667 2709
f 2709 2667 2691
f 2692 2710 2691
f 2692 2693 2710
f 2711 2710 2693
f 2711 2693 2674
f 2674 2673 2711
f 2670 2712 2645
f 2651 2713 2695
f 2672 2695 2673
f 2676 2675 2714
f 2676 2714 2677
f 2715 2679 2678
f 2715 2716 2679
f 2717 2680 2696
f 2716 2718 2681
f 2679 2716 2681
f 2719 2682 2718
f 2718 2682 2681
f 2682 2719 2632
f 2685 2632 2720
f 2683 2684 2721
f 2658 2685 2722
f 2722 2686 2658
f 2660 2705 2704
f 2611 2723 2705
f 2724 2612 2661
f 2664 2706 2725
f 2664 2725 2662
f 2663 2726 2613
f 2614 2615 2727
f 2728 2689 2690
f 2549 2665 2729
f 2691 2730 2709
f 2549 2729 2641
f 2691 2710 2730
f 2641 2731 2553
f 2553 2731 2670
f 2710 2711 2732
f 2712 2694 2645
f 2713 2733 2695
f 2733 2673 2695
f 2734 2673 2733
f 2711 2673 2734
f 2675 2694 2735
f 2675 2735 2714
f 2736 2650 2677
f 2650 2737 2651
f 2737 2713 2651
f 2677 2714 2736
f 2715 2738 2716
f 2715 2678 2739
f 2738 2715 2739
f 2739 2678 2652
f 2740 2741 2653
f 2680 2740 2653
f 2740 2680 2717
f 2655 2742 2604
f 2632 2719 2720
f 2655 2630 2742
f 2698 2743 2630
f 2630 2743 2742
f 2683 2721 2699
f 2720 2744 2685
f 2684 2745 2721
f 2745 2684 2700
f 2722 2685 2744
f 2701 2702 2746
f 2747 2686 2722
f 2747 2748 2686
f 2659 2686 2748
f 2748 2749 2659
f 2635 2750 2751
f 2636 2750 2635
f 2749 2637 2659
f 2752 2637 2749
f 2636 2704 2750
f 2637 2752 2661
f 2724 2688 2612
f 2611 2662 2723
f 2663 2688 2726
f 2613 2726 2753
f 2706 2614 2754
f 2614 2727 2754
f 2616 2613 2753
f 2689 2728 2727
f 2689 2727 2615
f 2728 2690 2755
f 2665 2707 2756
f 2690 2708 2755
f 2755 2708 2709
f 2710 2757 2730
f 2710 2732 2758
f 2670 2731 2712
f 2711 2734 2758
f 2732 2711 2758
f 2712 2759 2694
f 2694 2759 2760
f 2737 2761 2713
f 2713 2761 2733
f 2694 2760 2735
f 2650 2736 2762
f 2650 2762 2737
f 2763 2741 2740
f 2738 2764 2716
f 2765 2717 2696
f 2718 2764 2719
f 2716 2764 2718
f 2765 2696 2697
f 2697 2604 2766
f 2604 2767 2766
f 2768 2720 2719
f 2604 2742 2767
f 2698 2699 2743
f 2769 2699 2721
f 2770 2744 2720
f 2700 2771 2745
f 2772 2722 2744
f 2722 2772 2747
f 2746 2702 2703
f 2773 2703 2687
f 2687 2635 2773
f 2773 2635 2751
f 2774 2661 2752
f 2661 2774 2724
f 2725 2775 2662
f 2725 2754 2776
f 2706 2754 2725
f 2753 2777 2616
f 2778 2728 2755
f 2707 2616 2777
f 2755 2709 2779
f 2756 2729 2665
f 2779 2709 2730
f 2730 2780 2779
f 2730 2757 2780
f 2729 2781 2641
f 2710 2758 2757
f 2782 2758 2734
f 2734 2733 2782
f 2759 2783 2760
f 2761 2737 2784
f 2735 2760 2785
f 2714 2735 2785
f 2714 2785 2736
f 2652 2786 2787
f 2788 2738 2789
f 2738 2739 2789
f 2787 2739 2652
f 2653 2786 2652
f 2740 2717 2765
f 2738 2788 2764
f 2719 2790 2768
f 2719 2764 2790
f 2765 2697 2791
f 2720 2768 2770
f 2792 2743 2699
f 2699 2769 2792
f 2721 2745 2769
f 2770 2772 2744
f 2701 2771 2700
f 2701 2793 2771
f 2701 2746 2793
f 2747 2772 2794
f 2746 2703 2773
f 2794 2795 2747
f 2795 2748 2747
f 2796 2773 2751
f 2748 2797 2749
f 2752 2749 2797
f 2688 2798 2726
f 2726 2799 2753
f 2728 2778 2754
f 2728 2754 2727
f 2756 2707 2777
f 2778 2755 2800
f 2800 2755 2779
f 2757 2758 2801
f 2641 2781 2731
f 2758 2782 2801
f 2759 2802 2783
f 2759 2712 2802
f 2733 2761 2803
f 2782 2733 2803
f 2760 2783 2804
f 2785 2762 2736
f 2762 2805 2737
f 2653 2741 2786
f 2806 2788 2789
f 2740 2765 2763
f 2788 2807 2790
f 2764 2788 2790
f 2697 2766 2791
f 2767 2742 2808
f 2742 2743 2808
f 2743 2792 2808
f 2768 2809 2770
f 2809 2810 2770
f 2769 2771 2811
f 2745 2771 2769
f 2770 2810 2772
f 2810 2812 2772
f 2748 2795 2797
f 2750 2813 2751
f 2797 2814 2752
f 2814 2774 2752
f 2750 2704 2815
f 2662 2775 2723
f 2777 2753 2799
f 2816 2817 2780
f 2800 2780 2817
f 2800 2779 2780
f 2818 2816 2780
f 2729 2756 2781
f 2780 2757 2801
f 2818 2780 2801
f 2801 2819 2820
f 2801 2782 2819
f 2819 2782 2803
f 2731 2781 2802
f 2712 2731 2802
f 2805 2821 2737
f 2821 2784 2737
f 2783 2822 2804
f 2760 2804 2823
f 2785 2760 2823
f 2785 2823 2762
f 2789 2739 2824
f 2739 2787 2824
f 2741 2763 2825
f 2786 2741 2825
f 2786 2826 2787
f 2788 2827 2807
f 2827 2788 2806
f 2763 2765 2828
f 2829 2828 2765
f 2765 2791 2829
f 2830 2790 2807
f 2790 2830 2768
f 2830 2809 2768
f 2767 2831 2766
f 2767 2808 2831
f 2769 2808 2792
f 2809 2832 2810
f 2793 2833 2771
f 2812 2794 2772
f 2812 2834 2794
f 2746 2773 2793
f 2794 2834 2795
f 2795 2835 2797
f 2797 2835 2836
f 2797 2836 2814
f 2750 2815 2813
f 2724 2774 2837
f 2723 2838 2705
f 2688 2724 2798
f 2726 2798 2839
f 2839 2799 2726
f 2725 2776 2775
f 2754 2840 2841
f 2754 2841 2776
f 2754 2778 2840
f 2800 2842 2778
f 2817 2842 2800
f 2756 2843 2844
f 2820 2845 2818
f 2818 2801 2820
f 2781 2756 2846
f 2847 2820 2819
f 2847 2819 2848
f 2781 2849 2802
f 2784 2821 2848
f 2848 2803 2761
f 2819 2803 2848
f 2783 2802 2850
f 2783 2850 2822
f 2761 2784 2848
f 2806 2789 2851
f 2851 2789 2824
f 2806 2852 2827
f 2791 2766 2853
f 2809 2830 2854
f 2832 2809 2854
f 2831 2808 2769
f 2832 2855 2810
f 2810 2855 2812
f 2771 2856 2811
f 2771 2833 2856
f 2855 2834 2812
f 2857 2858 2834
f 2834 2859 2795
f 2834 2858 2859
f 2859 2835 2795
f 2860 2796 2751
f 2813 2860 2751
f 2705 2838 2704
f 2724 2837 2798
f 2723 2775 2861
f 2775 2862 2861
f 2776 2862 2775
f 2778 2842 2840
f 2777 2843 2756
f 2816 2863 2817
f 2845 2864 2816
f 2818 2845 2816
f 2781 2846 2849
f 2848 2821 2865
f 2805 2866 2821
f 2802 2867 2850
f 2822 2868 2804
f 2804 2868 2823
f 2805 2762 2869
f 2826 2870 2787
f 2871 2786 2825
f 2806 2872 2852
f 2872 2806 2851
f 2825 2763 2873
f 2763 2828 2873
f 2828 2829 2874
f 2807 2827 2875
f 2829 2791 2853
f 2807 2875 2830
f 2830 2875 2876
f 2854 2830 2876
f 2766 2831 2877
f 2878 2831 2769
f 2879 2878 2769
f 2879 2769 2811
f 2832 2880 2855
f 2855 2857 2834
f 2859 2858 2881
f 2836 2882 2814
f 2837 2774 2814
f 2837 2814 2882
f 2776 2883 2862
f 2777 2799 2884
f 2863 2885 2842
f 2842 2817 2863
f 2863 2816 2864
f 2756 2844 2846
f 2864 2845 2886
f 2845 2847 2887
f 2845 2820 2847
f 2887 2847 2865
f 2865 2847 2848
f 2821 2866 2865
f 2849 2888 2802
f 2802 2888 2867
f 2869 2866 2805
f 2822 2850 2889
f 2822 2889 2868
f 2762 2823 2869
f 2823 2868 2869
f 2851 2824 2890
f 2890 2824 2870
f 2787 2870 2824
f 2873 2871 2825
f 2828 2874 2873
f 2852 2891 2892
f 2891 2852 2872
f 2892 2827 2852
f 2827 2892 2875
f 2892 2893 2875
f 2894 2829 2853
f 2875 2893 2876
f 2895 2876 2893
f 2853 2766 2877
f 2878 2877 2831
f 2876 2896 2854
f 2832 2854 2880
f 2880 2897 2855
f 2855 2897 2857
f 2898 2857 2897
f 2833 2793 2899
f 2899 2793 2900
f 2857 2898 2858
f 2793 2773 2900
f 2796 2901 2773
f 2859 2902 2835
f 2836 2903 2882
f 2799 2839 2904
f 2776 2841 2883
f 2884 2843 2777
f 2842 2885 2840
f 2886 2845 2887
f 2905 2887 2865
f 2906 2907 2849
f 2849 2846 2906
f 2865 2908 2905
f 2849 2907 2888
f 2865 2866 2908
f 2909 2869 2868
f 2850 2867 2889
f 2786 2871 2826
f 2826 2910 2870
f 2871 2873 2911
f 2872 2912 2891
f 2874 2829 2894
f 2896 2876 2895
f 2879 2811 2856
f 2854 2896 2880
f 2896 2897 2880
f 2913 2856 2833
f 2899 2913 2833
f 2881 2858 2898
f 2901 2796 2860
f 2902 2836 2835
f 2902 2903 2836
f 2815 2704 2838
f 2914 2798 2837
f 2839 2798 2914
f 2723 2861 2838
f 2841 2840 2885
f 2863 2915 2885
f 2863 2864 2916
f 2916 2864 2886
f 2844 2917 2846
f 2918 2919 2886
f 2887 2920 2918
f 2918 2886 2887
f 2887 2905 2920
f 2905 2908 2921
f 2888 2922 2923
f 2888 2907 2922
f 2888 2923 2867
f 2867 2923 2924
f 2889 2867 2925
f 2867 2924 2925
f 2889 2909 2868
f 2869 2909 2926
f 2927 2890 2928
f 2928 2890 2870
f 2872 2851 2912
f 2927 2912 2890
f 2912 2851 2890
f 2911 2873 2929
f 2873 2874 2929
f 2912 2930 2891
f 2874 2894 2931
f 2891 2932 2892
f 2892 2932 2893
f 2853 2933 2894
f 2893 2932 2895
f 2933 2853 2877
f 2933 2877 2878
f 2934 2933 2878
f 2934 2878 2879
f 2935 2934 2879
f 2936 2896 2895
f 2937 2879 2856
f 2913 2937 2856
f 2896 2936 2897
f 2899 2938 2913
f 2898 2939 2881
f 2881 2939 2859
f 2859 2939 2902
f 2815 2838 2940
f 2882 2914 2837
f 2904 2839 2914
f 2862 2941 2861
f 2862 2883 2941
f 2884 2799 2942
f 2841 2943 2883
f 2944 2843 2884
f 2841 2885 2943
f 2915 2863 2916
f 2844 2843 2917
f 2916 2886 2919
f 2905 2921 2920
f 2869 2926 2866
f 2926 2908 2866
f 2928 2870 2945
f 2910 2945 2870
f 2946 2826 2871
f 2931 2929 2874
f 2932 2947 2895
f 2935 2879 2937
f 2895 2948 2936
f 2937 2913 2938
f 2936 2898 2897
f 2939 2898 2936
f 2901 2900 2773
f 2949 2813 2815
f 2882 2903 2950
f 2951 2882 2950
f 2951 2914 2882
f 2838 2861 2940
f 2952 2904 2914
f 2883 2953 2941
f 2799 2904 2942
f 2843 2944 2954
f 2843 2954 2917
f 2915 2916 2955
f 2955 2916 2919
f 2918 2956 2957
f 2919 2918 2957
f 2846 2917 2906
f 2918 2958 2956
f 2918 2920 2958
f 2920 2921 2958
f 2959 2922 2907
f 2960 2922 2959
f 2921 2908 2961
f 2922 2960 2923
f 2924 2962 2925
f 2962 2889 2925
f 2889 2963 2909
f 2908 2926 2961
f 2826 2946 2910
f 2946 2871 2964
f 2965 2964 2871
f 2871 2911 2965
f 2911 2929 2965
f 2912 2927 2930
f 2930 2966 2932
f 2891 2930 2932
f 2933 2967 2894
f 2947 2948 2895
f 2933 2934 2967
f 2938 2968 2937
f 2969 2902 2939
f 2902 2970 2903
f 2813 2971 2860
f 2971 2813 2949
f 2815 2940 2949
f 2940 2861 2972
f 2861 2941 2972
f 2884 2942 2944
f 2885 2915 2973
f 2885 2973 2943
f 2955 2919 2957
f 2958 2921 2974
f 2921 2961 2974
f 2923 2960 2975
f 2924 2923 2962
f 2889 2962 2963
f 2976 2926 2909
f 2926 2976 2961
f 2977 2945 2910
f 2927 2928 2978
f 2977 2928 2945
f 2979 2965 2929
f 2980 2930 2927
f 2967 2934 2981
f 2981 2934 2935
f 2981 2935 2937
f 2948 2982 2936
f 2936 2969 2939
f 2983 2900 2901
f 2969 2984 2902
f 2901 2860 2971
f 2902 2984 2970
f 2903 2970 2950
f 2914 2951 2952
f 2941 2985 2972
f 2942 2904 2952
f 2883 2986 2953
f 2943 2986 2883
f 2955 2973 2915
f 2987 2955 2957
f 2956 2988 2987
f 2987 2957 2956
f 2958 2988 2956
f 2958 2974 2988
f 2907 2989 2959
f 2961 2976 2990
f 2990 2974 2961
f 2960 2959 2991
f 2923 2975 2962
f 2927 2978 2980
f 2977 2978 2928
f 2992 2965 2979
f 2929 2931 2979
f 2932 2966 2993
f 2932 2993 2947
f 2993 2994 2947
f 2947 2994 2948
f 2994 2982 2948
f 2981 2937 2995
f 2968 2995 2937
f 2968 2938 2996
f 2982 2969 2936
f 2899 2996 2938
f 2997 2899 2900
f 2983 2901 2971
f 2950 2998 2951
f 2998 2952 2951
f 2941 2953 2985
f 2987 2999 2955
f 2906 2917 3000
f 2906 3000 2989
f 2906 2989 2907
f 2988 2974 3001
f 3001 2990 3002
f 3001 2974 2990
f 3003 2959 2989
f 2959 3003 2991
f 2960 2991 2975
f 2991 3003 2975
f 2909 2963 2976
f 2963 3004 2976
f 2978 2977 3005
f 2910 3006 2977
f 2964 2965 3007
f 3007 2965 2992
f 2930 2980 2966
f 2931 3008 2979
f 2931 2894 3008
f 2894 2967 3009
f 2968 2996 3010
f 2943 3011 2986
f 2973 3011 2943
f 2973 2955 2999
f 3012 2917 2954
f 2917 3012 3000
f 2987 2988 3013
f 3001 3014 2988
f 3002 3014 3001
f 2989 3015 3003
f 3004 3016 2976
f 3002 2976 3016
f 2990 2976 3002
f 2963 2962 3004
f 3005 2977 3006
f 2946 3017 2910
f 2910 3017 3006
f 2946 2964 3017
f 3018 2964 3019
f 2978 3020 2980
f 3005 3020 2978
f 2964 3007 3019
f 3019 3007 2992
f 2992 2979 3021
f 3022 2993 2966
f 3023 3009 2967
f 2967 2981 3023
f 3024 2981 2995
f 3025 2995 2968
f 2968 3010 3025
f 2982 3026 2969
f 2899 2997 2996
f 3027 2984 2969
f 2971 3028 2983
f 2984 3029 2970
f 3029 3030 2970
f 2949 3028 2971
f 2970 3031 2950
f 2949 2940 3028
f 2985 3028 2940
f 2940 2972 2985
f 3032 2952 2998
f 2985 2953 3033
f 2953 2986 3033
f 3034 2954 2944
f 2999 3035 2973
f 2987 3013 3036
f 2999 2987 3036
f 2988 3014 3013
f 3014 3002 3037
f 3003 3015 3038
f 3003 3039 2975
f 2975 3040 2962
f 3039 3040 2975
f 3040 3004 2962
f 3004 3041 3016
f 3005 3006 3042
f 3042 3006 3017
f 3017 2964 3043
f 2964 3018 3043
f 2980 3020 3044
f 2980 3044 2966
f 3044 3045 2966
f 3021 2979 3008
f 3045 3022 2966
f 2894 3009 3008
f 3023 2981 3024
f 3046 3026 2982
f 3010 3047 3025
f 2996 3048 3010
f 3026 3027 2969
f 3049 2997 2900
f 2900 2983 3049
f 3050 2983 3028
f 2970 3030 3031
f 2950 3031 3051
f 3052 3028 2985
f 2952 3032 2942
f 3034 2944 2942
f 3035 3011 2973
f 2954 3034 3012
f 3035 2999 3036
f 3053 3036 3013
f 3000 3054 2989
f 2989 3055 3015
f 3002 3016 3037
f 3003 3038 3039
f 3020 3005 3056
f 3018 3019 3057
f 3019 3058 3059
f 3019 2992 3058
f 2993 3022 3060
f 2993 3046 2994
f 3024 2995 3061
f 3046 2982 2994
f 2995 3025 3061
f 3026 3046 3027
f 3047 3010 3048
f 2997 3062 2996
f 3051 2998 2950
f 3011 3063 2986
f 3035 3064 3011
f 3065 3000 3012
f 3053 3013 3014
f 3066 3037 3067
f 3066 3014 3037
f 2989 3054 3055
f 3016 3068 3037
f 3015 3055 3069
f 3070 3015 3069
f 3040 3041 3004
f 3068 3016 3041
f 3038 3015 3070
f 3038 3070 3039
f 3043 3071 3017
f 3056 3005 3042
f 3044 3020 3056
f 3057 3019 3059
f 3058 2992 3021
f 3072 3008 3009
f 3072 3009 3073
f 3046 2993 3060
f 3023 3024 3074
f 3074 3024 3075
f 3061 3075 3024
f 3025 3076 3061
f 3047 3048 3077
f 3048 2996 3062
f 3078 2984 3027
f 2984 3079 3029
f 3049 2983 3050
f 3050 3028 3052
f 3031 3080 3051
f 2985 3081 3052
f 3082 3034 2942
f 3036 3083 3035
f 3053 3084 3036
f 3053 3085 3084
f 3066 3085 3053
f 3053 3014 3066
f 3000 3086 3054
f 3070 3040 3039
f 3040 3087 3041
f 3042 3017 3088
f 3088 3017 3071
f 3018 3057 3089
f 3008 3072 3021
f 3022 3090 3060
f 3025 3047 3091
f 3077 3091 3047
f 3092 3077 3048
f 3062 3092 3048
f 3093 3062 2997
f 3078 3079 2984
f 2997 3094 3093
f 3049 3094 2997
f 3030 3095 3031
f 3031 3095 3080
f 3096 3032 2998
f 2985 3097 3081
f 2985 3033 3097
f 3063 3033 2986
f 3032 3082 2942
f 3064 3035 3083
f 3083 3036 3084
f 3066 3098 3085
f 3000 3065 3086
f 3098 3066 3067
f 3067 3037 3099
f 3054 3100 3055
f 3055 3101 3069
f 3069 3102 3070
f 3040 3070 3087
f 3056 3042 3103
f 3089 3057 3059
f 3044 3104 3045
f 3021 3072 3058
f 3045 3090 3022
f 3090 3105 3060
f 3009 3023 3106
f 3060 3105 3046
f 3075 3061 3076
f 3046 3107 3027
f 3108 3025 3091
f 3107 3109 3027
f 3109 3078 3027
f 3079 3110 3029
f 3052 3111 3050
f 3052 3112 3111
f 3029 3110 3030
f 3030 3110 3095
f 3052 3081 3112
f 2998 3051 3096
f 3033 3063 3097
f 3011 3113 3063
f 3064 3113 3011
f 3034 3082 3114
f 3085 3115 3084
f 3085 3098 3116
f 3098 3067 3099
f 3117 3099 3037
f 3117 3037 3068
f 3055 3100 3101
f 3041 3087 3068
f 3087 3118 3068
f 3069 3101 3102
f 3043 3018 3119
f 3119 3018 3089
f 3103 3042 3088
f 3044 3056 3103
f 3089 3059 3120
f 3059 3058 3121
f 3122 3121 3058
f 3058 3072 3122
f 3045 3123 3090
f 3106 3124 3009
f 3124 3073 3009
f 3105 3107 3046
f 3076 3025 3108
f 3125 3091 3077
f 3092 3125 3077
f 3062 3126 3092
f 3127 3126 3062
f 3127 3062 3093
f 3094 3127 3093
f 3050 3111 3049
f 3128 3081 3097
f 3096 3082 3032
f 3113 3064 3129
f 3064 3083 3129
f 3012 3034 3130
f 3083 3084 3115
f 3130 3065 3012
f 3115 3085 3116
f 3118 3117 3068
f 3100 3131 3132
f 3101 3100 3132
f 3101 3132 3102
f 3102 3087 3070
f 3088 3133 3103
f 3088 3071 3133
f 3043 3134 3071
f 3119 3134 3043
f 3104 3044 3103
f 3059 3121 3120
f 3106 3023 3074
f 3078 3135 3079
f 3049 3136 3094
f 3079 3135 3110
f 3049 3111 3136
f 3112 3137 3111
f 3128 3112 3081
f 3097 3063 3138
f 3129 3083 3139
f 3083 3115 3139
f 3115 3140 3139
f 3116 3141 3140
f 3140 3115 3116
f 3065 3130 3086
f 3141 3098 3099
f 3116 3098 3141
f 3086 3142 3054
f 3100 3054 3143
f 3100 3143 3131
f 3103 3133 3144
f 3119 3089 3145
f 3089 3120 3145
f 3072 3146 3122
f 3146 3072 3073
f 3075 3076 3147
f 3147 3076 3108
f 3148 3091 3125
f 3108 3091 3148
f 3125 3092 3149
f 3109 3150 3078
f 3150 3151 3078
f 3149 3092 3152
f 3092 3126 3152
f 3151 3153 3078
f 3152 3126 3154
f 3078 3153 3135
f 3127 3154 3126
f 3155 3154 3127
f 3127 3094 3155
f 3094 3136 3155
f 3111 3156 3136
f 3111 3137 3156
f 3112 3157 3137
f 3095 3158 3080
f 3112 3128 3157
f 3113 3138 3063
f 3159 3138 3113
f 3129 3159 3113
f 3130 3034 3160
f 3086 3130 3142
f 3141 3099 3161
f 3054 3142 3143
f 3099 3117 3161
f 3118 3087 3162
f 3071 3163 3133
f 3134 3164 3071
f 3134 3119 3165
f 3166 3104 3103
f 3104 3123 3045
f 3167 3105 3090
f 3168 3106 3074
f 3074 3075 3169
f 3169 3075 3147
f 3107 3170 3109
f 3170 3150 3109
f 3148 3125 3171
f 3171 3149 3172
f 3171 3125 3149
f 3151 3150 3173
f 3149 3174 3172
f 3149 3152 3174
f 3175 3172 3174
f 3151 3176 3153
f 3173 3176 3151
f 3152 3154 3174
f 3155 3177 3154
f 3136 3156 3155
f 3135 3178 3110
f 3095 3110 3158
f 3179 3080 3158
f 3179 3051 3080
f 3128 3138 3180
f 3128 3097 3138
f 3096 3051 3181
f 3181 3051 3179
f 3096 3181 3082
f 3159 3129 3182
f 3183 3129 3139
f 3184 3183 3139
f 3034 3114 3160
f 3140 3185 3184
f 3184 3139 3140
f 3141 3161 3185
f 3140 3141 3185
f 3162 3186 3118
f 3186 3117 3118
f 3143 3187 3131
f 3132 3131 3188
f 3102 3132 3189
f 3132 3188 3189
f 3087 3102 3162
f 3102 3189 3162
f 3190 3133 3163
f 3163 3071 3164
f 3164 3134 3191
f 3133 3190 3144
f 3191 3134 3165
f 3103 3144 3166
f 3165 3119 3145
f 3120 3121 3192
f 3104 3193 3123
f 3121 3122 3194
f 3146 3073 3124
f 3124 3106 3168
f 3105 3195 3107
f 3196 3197 3108
f 3197 3147 3108
f 3108 3148 3196
f 3148 3198 3196
f 3198 3171 3199
f 3198 3148 3171
f 3171 3172 3200
f 3150 3201 3173
f 3175 3200 3172
f 3174 3154 3175
f 3176 3173 3202
f 3175 3203 3204
f 3203 3205 3204
f 3175 3154 3203
f 3154 3177 3203
f 3176 3206 3153
f 3155 3207 3177
f 3153 3178 3135
f 3156 3137 3208
f 3137 3157 3208
f 3157 3128 3209
f 3128 3180 3209
f 3186 3210 3117
f 3210 3161 3117
f 3142 3211 3187
f 3143 3142 3187
f 3131 3187 3188
f 3144 3190 3166
f 3120 3192 3145
f 3192 3121 3194
f 3122 3146 3194
f 3169 3168 3074
f 3147 3197 3169
f 3198 3212 3196
f 3170 3213 3150
f 3213 3201 3150
f 3171 3200 3199
f 3199 3200 3214
f 3200 3215 3214
f 3201 3216 3173
f 3216 3202 3173
f 3204 3215 3175
f 3200 3175 3215
f 3205 3203 3177
f 3176 3202 3217
f 3206 3176 3217
f 3177 3207 3218
f 3158 3219 3179
f 3180 3138 3220
f 3220 3138 3159
f 3181 3221 3082
f 3114 3082 3221
f 3182 3129 3183
f 3114 3221 3160
f 3184 3222 3183
f 3185 3222 3184
f 3160 3142 3130
f 3223 3142 3160
f 3224 3185 3161
f 3142 3223 3211
f 3187 3211 3225
f 3187 3226 3188
f 3226 3189 3188
f 3190 3163 3227
f 3163 3164 3227
f 3191 3228 3164
f 3228 3191 3229
f 3191 3165 3229
f 3165 3145 3230
f 3145 3192 3230
f 3104 3166 3193
f 3146 3124 3231
f 3195 3232 3107
f 3232 3170 3107
f 3198 3233 3234
f 3198 3199 3233
f 3235 3213 3170
f 3201 3213 3236
f 3233 3199 3237
f 3201 3238 3216
f 3237 3214 3239
f 3199 3214 3237
f 3239 3214 3240
f 3241 3216 3238
f 3242 3240 3215
f 3214 3215 3240
f 3216 3241 3202
f 3243 3242 3215
f 3241 3244 3202
f 3215 3205 3243
f 3215 3204 3205
f 3217 3202 3244
f 3244 3245 3217
f 3246 3205 3218
f 3205 3177 3218
f 3155 3156 3207
f 3153 3247 3178
f 3208 3248 3156
f 3247 3249 3178
f 3178 3249 3110
f 3157 3250 3208
f 3110 3249 3158
f 3157 3209 3250
f 3249 3219 3158
f 3209 3180 3251
f 3180 3220 3251
f 3179 3252 3181
f 3220 3159 3253
f 3181 3252 3221
f 3253 3159 3182
f 3222 3185 3224
f 3161 3210 3224
f 3211 3254 3225
f 3162 3255 3186
f 3255 3210 3186
f 3225 3256 3187
f 3187 3256 3226
f 3190 3227 3257
f 3229 3230 3258
f 3229 3165 3230
f 3123 3167 3090
f 3124 3168 3231
f 3196 3212 3197
f 3198 3234 3212
f 3232 3235 3170
f 3234 3233 3259
f 3233 3237 3259
f 3237 3260 3261
f 3236 3238 3201
f 3236 3262 3238
f 3263 3260 3239
f 3237 3239 3260
f 3264 3238 3262
f 3264 3265 3263
f 3239 3240 3263
f 3264 3266 3238
f 3267 3266 3264
f 3263 3242 3264
f 3242 3267 3264
f 3240 3242 3263
f 3238 3266 3241
f 3266 3268 3241
f 3267 3268 3266
f 3243 3267 3242
f 3268 3269 3241
f 3267 3270 3268
f 3270 3269 3268
f 3243 3270 3267
f 3244 3241 3269
f 3270 3243 3246
f 3243 3205 3246
f 3244 3271 3245
f 3269 3271 3244
f 3153 3206 3247
f 3247 3206 3272
f 3207 3156 3248
f 3209 3251 3250
f 3179 3219 3252
f 3253 3182 3273
f 3274 3273 3183
f 3273 3182 3183
f 3221 3275 3160
f 3274 3183 3222
f 3222 3224 3276
f 3223 3277 3254
f 3211 3223 3254
f 3225 3254 3278
f 3225 3278 3256
f 3226 3255 3162
f 3162 3189 3226
f 3164 3279 3227
f 3228 3280 3164
f 3164 3280 3279
f 3228 3281 3280
f 3281 3228 3258
f 3228 3229 3258
f 3190 3257 3166
f 3192 3282 3230
f 3283 3282 3192
f 3192 3194 3283
f 3193 3167 3123
f 3146 3231 3194
f 3168 3169 3284
f 3284 3169 3197
f 3213 3285 3236
f 3235 3285 3213
f 3285 3286 3236
f 3236 3286 3262
f 3259 3237 3261
f 3265 3287 3288
f 3265 3288 3260
f 3289 3262 3287
f 3287 3265 3289
f 3262 3289 3264
f 3265 3264 3289
f 3260 3263 3265
f 3270 3290 3269
f 3269 3290 3291
f 3292 3290 3270
f 3270 3246 3292
f 3292 3293 3290
f 3269 3291 3271
f 3246 3218 3292
f 3294 3292 3218
f 3217 3245 3206
f 3207 3295 3218
f 3245 3296 3206
f 3208 3250 3297
f 3247 3298 3249
f 3249 3298 3219
f 3251 3220 3299
f 3221 3252 3300
f 3221 3300 3275
f 3274 3222 3301
f 3160 3275 3302
f 3301 3222 3276
f 3302 3223 3160
f 3303 3223 3302
f 3223 3304 3277
f 3224 3210 3276
f 3254 3277 3278
f 3166 3305 3193
f 3258 3230 3282
f 3283 3194 3231
f 3231 3168 3306
f 3105 3307 3195
f 3284 3197 3308
f 3308 3197 3212
f 3234 3309 3212
f 3234 3310 3311
f 3234 3259 3310
f 3259 3261 3310
f 3261 3260 3288
f 3290 3312 3291
f 3312 3290 3293
f 3292 3294 3293
f 3313 3291 3312
f 3294 3314 3293
f 3271 3315 3245
f 3315 3271 3291
f 3218 3295 3294
f 3245 3315 3296
f 3207 3316 3295
f 3206 3296 3272
f 3296 3317 3272
f 3248 3316 3207
f 3248 3208 3297
f 3298 3247 3272
f 3250 3251 3318
f 3299 3318 3251
f 3298 3319 3219
f 3299 3220 3320
f 3219 3319 3252
f 3220 3253 3320
f 3253 3273 3320
f 3252 3319 3321
f 3300 3252 3321
f 3273 3322 3320
f 3323 3322 3273
f 3323 3273 3274
f 3275 3300 3324
f 3302 3275 3324
f 3274 3301 3323
f 3325 3301 3276
f 3303 3326 3304
f 3223 3303 3304
f 3210 3327 3325
f 3325 3276 3210
f 3277 3304 3328
f 3277 3328 3278
f 3278 3329 3256
f 3328 3329 3278
f 3256 3329 3226
f 3329 3330 3226
f 3330 3255 3226
f 3210 3255 3327
f 3227 3331 3257
f 3279 3331 3227
f 3257 3305 3166
f 3258 3282 3332
f 3284 3306 3168
f 3212 3309 3308
f 3309 3234 3311
f 3285 3235 3333
f 3288 3334 3261
f 3310 3261 3334
f 3286 3335 3262
f 3287 3262 3335
f 3336 3287 3335
f 3288 3287 3336
f 3312 3293 3314
f 3314 3294 3337
f 3294 3295 3337
f 3291 3313 3315
f 3317 3296 3338
f 3248 3297 3339
f 3297 3250 3340
f 3272 3341 3298
f 3318 3340 3250
f 3298 3341 3319
f 3341 3342 3319
f 3343 3320 3322
f 3323 3343 3322
f 3321 3324 3300
f 3344 3324 3321
f 3323 3301 3345
f 3346 3345 3325
f 3301 3325 3345
f 3302 3347 3303
f 3346 3325 3327
f 3304 3326 3348
f 3304 3348 3328
f 3348 3329 3328
f 3255 3349 3327
f 3255 3330 3349
f 3280 3281 3350
f 3281 3332 3350
f 3281 3258 3332
f 3193 3305 3351
f 3351 3167 3193
f 3283 3231 3352
f 3167 3307 3105
f 3353 3235 3232
f 3353 3333 3235
f 3310 3354 3355
f 3311 3310 3355
f 3334 3354 3310
f 3286 3356 3335
f 3334 3288 3336
f 3312 3314 3357
f 3313 3312 3357
f 3314 3358 3357
f 3337 3358 3314
f 3359 3358 3337
f 3359 3337 3295
f 3338 3315 3313
f 3295 3316 3359
f 3296 3315 3338
f 3338 3360 3317
f 3361 3317 3360
f 3248 3362 3316
f 3248 3339 3362
f 3317 3361 3272
f 3340 3339 3297
f 3272 3361 3341
f 3340 3318 3363
f 3363 3318 3364
f 3299 3320 3364
f 3318 3299 3364
f 3364 3320 3343
f 3342 3321 3319
f 3342 3365 3321
f 3365 3344 3321
f 3343 3323 3366
f 3323 3345 3366
f 3347 3324 3344
f 3302 3324 3347
f 3303 3347 3326
f 3346 3327 3367
f 3326 3368 3348
f 3349 3367 3327
f 3348 3369 3329
f 3329 3369 3330
f 3331 3370 3257
f 3279 3371 3331
f 3331 3371 3370
f 3280 3372 3279
f 3279 3372 3371
f 3280 3350 3372
f 3373 3350 3332
f 3305 3257 3374
f 3332 3282 3373
f 3282 3283 3375
f 3352 3231 3306
f 3376 3352 3306
f 3306 3284 3376
f 3376 3284 3377
f 3284 3308 3377
f 3333 3378 3285
f 3285 3378 3286
f 3336 3335 3356
f 3313 3379 3338
f 3379 3313 3357
f 3362 3359 3316
f 3360 3380 3361
f 3339 3340 3381
f 3341 3361 3380
f 3363 3381 3340
f 3382 3341 3380
f 3363 3364 3383
f 3384 3341 3382
f 3341 3384 3342
f 3385 3383 3343
f 3364 3343 3383
f 3384 3365 3342
f 3343 3366 3385
f 3385 3366 3386
f 3386 3345 3387
f 3366 3345 3386
f 3345 3346 3387
f 3347 3388 3326
f 3326 3388 3368
f 3346 3367 3387
f 3369 3348 3368
f 3367 3349 3389
f 3389 3330 3369
f 3349 3330 3389
f 3374 3257 3370
f 3390 3371 3372
f 3350 3373 3391
f 3305 3392 3351
f 3392 3305 3374
f 3282 3393 3373
f 3375 3283 3352
f 3307 3232 3195
f 3377 3308 3394
f 3309 3394 3308
f 3311 3395 3309
f 3353 3396 3333
f 3311 3355 3397
f 3398 3399 3334
f 3399 3354 3334
f 3336 3356 3398
f 3334 3336 3398
f 3379 3357 3400
f 3358 3401 3357
f 3401 3400 3357
f 3401 3358 3359
f 3379 3402 3338
f 3402 3379 3400
f 3359 3403 3401
f 3359 3362 3403
f 3338 3402 3360
f 3403 3362 3404
f 3362 3339 3404
f 3339 3381 3404
f 3404 3381 3405
f 3381 3363 3405
f 3405 3363 3383
f 3406 3383 3385
f 3384 3407 3365
f 3386 3408 3406
f 3385 3386 3406
f 3365 3407 3344
f 3344 3407 3409
f 3344 3409 3347
f 3387 3408 3386
f 3347 3409 3388
f 3409 3410 3388
f 3410 3368 3388
f 3411 3389 3412
f 3408 3367 3411
f 3367 3389 3411
f 3387 3367 3408
f 3369 3368 3410
f 3413 3369 3410
f 3412 3369 3413
f 3389 3369 3412
f 3370 3371 3414
f 3371 3390 3414
f 3415 3374 3370
f 3390 3372 3391
f 3372 3350 3391
f 3374 3415 3392
f 3393 3282 3375
f 3416 3353 3232
f 3395 3311 3397
f 3397 3355 3417
f 3355 3354 3417
f 3418 3400 3419
f 3401 3419 3400
f 3400 3418 3402
f 3401 3403 3420
f 3420 3419 3401
f 3403 3404 3420
f 3402 3421 3360
f 3418 3421 3402
f 3360 3421 3380
f 3404 3422 3420
f 3404 3405 3422
f 3421 3423 3380
f 3424 3422 3405
f 3380 3423 3382
f 3405 3383 3424
f 3423 3425 3384
f 3382 3423 3384
f 3426 3424 3406
f 3383 3406 3424
f 3384 3425 3407
f 3406 3427 3426
f 3428 3407 3425
f 3428 3409 3407
f 3406 3408 3427
f 3427 3408 3429
f 3410 3409 3428
f 3428 3430 3410
f 3429 3411 3431
f 3408 3411 3429
f 3413 3410 3430
f 3431 3413 3430
f 3412 3413 3431
f 3411 3412 3431
f 3370 3414 3415
f 3432 3390 3391
f 3391 3373 3433
f 3351 3392 3434
f 3351 3435 3167
f 3167 3435 3307
f 3352 3376 3436
f 3377 3436 3376
f 3416 3232 3307
f 3394 3309 3437
f 3309 3395 3437
f 3333 3438 3378
f 3417 3354 3399
f 3439 3286 3378
f 3439 3356 3286
f 3420 3440 3419
f 3419 3441 3418
f 3440 3441 3419
f 3418 3442 3421
f 3441 3442 3418
f 3442 3443 3421
f 3422 3440 3420
f 3440 3422 3444
f 3424 3444 3422
f 3443 3445 3423
f 3421 3443 3423
f 3424 3446 3444
f 3446 3424 3426
f 3423 3445 3425
f 3447 3425 3445
f 3426 3448 3446
f 3447 3428 3425
f 3426 3429 3448
f 3427 3429 3426
f 3449 3430 3447
f 3448 3431 3449
f 3429 3431 3448
f 3447 3430 3428
f 3431 3430 3449
f 3450 3414 3432
f 3450 3415 3414
f 3414 3390 3432
f 3433 3432 3391
f 3373 3451 3433
f 3434 3435 3351
f 3373 3393 3451
f 3375 3452 3393
f 3352 3453 3375
f 3453 3352 3436
f 3436 3377 3454
f 3377 3394 3454
f 3454 3394 3437
f 3416 3455 3353
f 3397 3456 3457
f 3395 3397 3457
f 3396 3438 3333
f 3397 3417 3456
f 3458 3417 3399
f 3399 3398 3458
f 3439 3459 3356
f 3398 3356 3459
f 3441 3460 3442
f 3441 3461 3460
f 3441 3440 3461
f 3442 3460 3443
f 3440 3444 3461
f 3461 3462 3460
f 3460 3462 3445
f 3443 3460 3445
f 3461 3463 3462
f 3444 3463 3461
f 3444 3446 3463
f 3447 3445 3462
f 3463 3447 3462
f 3446 3448 3463
f 3448 3449 3463
f 3449 3447 3463
f 3432 3433 3464
f 3375 3465 3452
f 3453 3465 3375
f 3466 3453 3436
f 3466 3436 3454
f 3437 3395 3457
f 3353 3467 3396
f 3456 3417 3458
f 3438 3468 3378
f 3468 3439 3378
f 3439 3469 3459
f 3458 3398 3459
f 3433 3470 3464
f 3415 3471 3392
f 3471 3434 3392
f 3433 3451 3470
f 3434 3472 3435
f 3452 3451 3393
f 3435 3473 3307
f 3473 3416 3307
f 3457 3456 3474
f 3396 3467 3438
f 3469 3475 3459
f 3459 3475 3458
f 3475 3476 3458
f 3476 3456 3458
f 3415 3450 3471
f 3432 3477 3450
f 3432 3464 3477
f 3472 3478 3435
f 3435 3478 3473
f 3466 3454 3479
f 3416 3480 3455
f 3454 3437 3479
f 3479 3437 3481
f 3457 3481 3437
f 3353 3482 3467
f 3353 3455 3482
f 3438 3483 3468
f 3474 3456 3476
f 3475 3484 3476
f 3450 3485 3471
f 3450 3477 3485
f 3486 3477 3464
f 3464 3470 3486
f 3487 3470 3451
f 3473 3480 3416
f 3480 3482 3455
f 3481 3474 3488
f 3481 3457 3474
f 3474 3476 3489
f 3467 3483 3438
f 3490 3471 3485
f 3470 3491 3486
f 3471 3490 3434
f 3491 3470 3487
f 3434 3490 3472
f 3490 3478 3472
f 3492 3451 3452
f 3493 3452 3465
f 3465 3453 3493
f 3493 3453 3494
f 3495 3480 3473
f 3494 3453 3466
f 3479 3494 3466
f 3467 3482 3483
f 3468 3483 3496
f 3476 3484 3497
f 3468 3496 3439
f 3469 3439 3498
f 3439 3496 3498
f 3469 3498 3475
f 3477 3499 3485
f 3477 3500 3499
f 3500 3477 3486
f 3499 3490 3485
f 3487 3451 3492
f 3478 3495 3473
f 3452 3493 3492
f 3495 3501 3480
f 3479 3502 3494
f 3479 3503 3502
f 3501 3482 3480
f 3479 3481 3503
f 3503 3481 3488
f 3488 3474 3489
f 3497 3489 3476
f 3498 3504 3484
f 3484 3475 3498
f 3500 3505 3499
f 3486 3506 3500
f 3478 3490 3507
f 3486 3491 3506
f 3491 3487 3508
f 3495 3478 3507
f 3509 3495 3507
f 3487 3492 3510
f 3493 3494 3511
f 3509 3501 3495
f 3501 3512 3482
f 3513 3503 3488
f 3512 3483 3482
f 3514 3483 3512
f 3488 3489 3513
f 3514 3496 3483
f 3496 3514 3498
f 3497 3484 3504
f 3499 3515 3490
f 3499 3505 3515
f 3500 3506 3505
f 3515 3507 3490
f 3491 3508 3506
f 3508 3487 3516
f 3487 3510 3516
f 3492 3493 3511
f 3502 3511 3494
f 3503 3517 3502
f 3503 3513 3517
f 3498 3514 3518
f 3519 3504 3518
f 3497 3504 3519
f 3489 3497 3519
f 3513 3489 3519
f 3504 3498 3518
f 3520 3505 3506
f 3515 3505 3520
f 3506 3521 3520
f 3506 3508 3522
f 3521 3506 3522
f 3515 3523 3507
f 3520 3523 3515
f 3508 3516 3522
f 3507 3523 3509
f 3524 3510 3492
f 3511 3525 3524
f 3492 3511 3524
f 3526 3509 3523
f 3501 3509 3526
f 3511 3502 3525
f 3525 3502 3517
f 3526 3512 3501
f 3527 3512 3526
f 3517 3513 3528
f 3514 3512 3527
f 3518 3514 3527
f 3527 3529 3518
f 3528 3519 3529
f 3528 3513 3519
f 3529 3519 3518
f 3521 3530 3520
f 3520 3530 3523
f 3522 3531 3521
f 3531 3530 3521
f 3523 3530 3532
f 3531 3532 3530
f 3516 3524 3522
f 3516 3510 3524
f 3522 3533 3531
f 3522 3524 3533
f 3525 3533 3524
f 3523 3532 3526
f 3534 3532 3531
f 3534 3526 3532
f 3533 3535 3536
f 3533 3525 3535
f 3525 3517 3535
f 3536 3535 3528
f 3535 3517 3528
f 3527 3526 3534
f 3536 3529 3534
f 3529 3527 3534
f 3528 3529 3536
f 3531 3533 3534
f 3533 3536 3534
f 3537 3538 3539
f 3540 3538 3537
f 3538 3540 3541
f 3540 3537 3542
f 3543 3540 3544
f 3544 3540 3542
f 3542 3537 3545
f 3546 3542 3545
f 3544 3542 3546
f 3547 3548 3549
f 3547 3550 3551
f 3551 3550 3552
f 3550 3547 3538
f 3547 3549 3539
f 3538 3547 3539
f 3552 3550 3541
f 3541 3550 3538
f 3539 3549 3553
f 3539 3553 3537
f 3541 3540 3554
f 3543 3554 3540
f 3543 3555 3554
f 3555 3543 3556
f 3537 3553 3545
f 3553 3557 3545
f 3543 3544 3556
f 3557 3558 3545
f 3545 3559 3546
f 3546 3560 3544
f 3544 3560 3556
f 3560 3561 3556
f 3558 3559 3545
f 3562 3546 3559
f 3562 3560 3546
f 3563 3564 3548
f 3551 3563 3548
f 3565 3548 3564
f 3551 3548 3547
f 3549 3548 3565
f 3552 3566 3567
f 3549 3565 3553
f 3552 3541 3566
f 3541 3554 3566
f 3554 3555 3568
f 3569 3553 3565
f 3557 3569 3570
f 3557 3553 3569
f 3555 3556 3571
f 3557 3570 3558
f 3570 3572 3558
f 3573 3558 3572
f 3559 3558 3573
f 3573 3574 3559
f 3559 3574 3562
f 3575 3576 3560
f 3561 3560 3576
f 3575 3560 3562
f 3564 3577 3578
f 3564 3563 3577
f 3563 3551 3577
f 3577 3551 3579
f 3564 3580 3565
f 3578 3580 3564
f 3552 3579 3551
f 3552 3581 3579
f 3567 3581 3552
f 3580 3582 3565
f 3566 3554 3567
f 3567 3554 3568
f 3582 3583 3565
f 3584 3568 3555
f 3583 3569 3565
f 3584 3555 3571
f 3571 3556 3585
f 3556 3561 3585
f 3561 3586 3585
f 3572 3570 3587
f 3586 3561 3576
f 3587 3573 3572
f 3574 3588 3562
f 3588 3575 3562
f 3574 3573 3589
f 3588 3574 3589
f 3577 3590 3578
f 3577 3591 3590
f 3577 3579 3591
f 3578 3592 3593
f 3578 3593 3580
f 3567 3568 3581
f 3584 3594 3568
f 3584 3571 3595
f 3596 3569 3583
f 3596 3570 3569
f 3571 3585 3595
f 3586 3597 3585
f 3587 3570 3598
f 3573 3587 3599
f 3599 3589 3573
f 3575 3588 3600
f 3579 3601 3591
f 3590 3592 3578
f 3579 3602 3601
f 3581 3602 3579
f 3581 3594 3603
f 3568 3594 3581
f 3604 3594 3584
f 3582 3605 3583
f 3584 3595 3604
f 3596 3583 3605
f 3595 3585 3597
f 3598 3570 3596
f 3587 3598 3606
f 3587 3606 3599
f 3576 3575 3600
f 3600 3588 3607
f 3590 3591 3608
f 3593 3592 3609
f 3581 3603 3602
f 3593 3610 3580
f 3604 3595 3611
f 3595 3597 3611
f 3597 3612 3613
f 3597 3613 3611
f 3597 3586 3612
f 3586 3576 3614
f 3576 3600 3615
f 3576 3615 3614
f 3588 3589 3607
f 3590 3608 3616
f 3616 3592 3590
f 3601 3602 3617
f 3610 3593 3609
f 3618 3580 3610
f 3619 3594 3604
f 3582 3580 3618
f 3605 3582 3618
f 3620 3605 3618
f 3620 3596 3605
f 3621 3596 3620
f 3596 3621 3598
f 3586 3614 3622
f 3612 3586 3622
f 3599 3606 3623
f 3624 3589 3599
f 3624 3607 3589
f 3600 3607 3625
f 3591 3626 3608
f 3601 3626 3591
f 3592 3616 3609
f 3601 3617 3626
f 3602 3603 3627
f 3628 3610 3609
f 3603 3594 3629
f 3630 3619 3604
f 3604 3611 3630
f 3613 3612 3631
f 3598 3632 3606
f 3598 3621 3632
f 3631 3612 3622
f 3623 3606 3632
f 3623 3624 3599
f 3624 3623 3633
f 3602 3627 3617
f 3628 3634 3610
f 3610 3634 3618
f 3594 3619 3629
f 3618 3635 3620
f 3611 3613 3636
f 3637 3621 3620
f 3613 3631 3636
f 3632 3621 3637
f 3623 3632 3638
f 3633 3623 3638
f 3624 3639 3607
f 3625 3607 3639
f 3615 3600 3625
f 3616 3640 3609
f 3626 3616 3608
f 3640 3628 3609
f 3603 3629 3627
f 3618 3634 3635
f 3641 3630 3611
f 3611 3636 3641
f 3637 3620 3635
f 3636 3631 3642
f 3637 3643 3632
f 3632 3643 3638
f 3615 3644 3614
f 3645 3615 3625
f 3646 3624 3633
f 3626 3647 3616
f 3626 3648 3647
f 3617 3649 3626
f 3626 3649 3648
f 3650 3640 3616
f 3627 3649 3617
f 3628 3651 3634
f 3652 3619 3630
f 3630 3641 3652
f 3641 3636 3653
f 3653 3636 3642
f 3622 3654 3631
f 3614 3644 3622
f 3615 3645 3644
f 3646 3639 3624
f 3655 3656 3657
f 3658 3655 3657
f 3657 3656 3659
f 3658 3657 3660
f 3657 3659 3661
f 3662 3659 3663
f 3664 3658 3660
f 3657 3661 3665
f 3660 3657 3665
f 3661 3659 3662
f 3665 3661 3666
f 3664 3660 3667
f 3667 3660 3665
f 3668 3661 3662
f 3666 3661 3668
f 3665 3666 3669
f 3670 3665 3669
f 3667 3665 3670
f 3666 3668 3671
f 3672 3667 3670
f 3669 3666 3673
f 3670 3669 3673
f 3672 3670 3674
f 3673 3666 3671
f 3673 3674 3670
f 3616 3647 3650
f 3650 3675 3640
f 3628 3675 3651
f 3675 3628 3640
f 3629 3619 3676
f 3619 3652 3676
f 3653 3642 3677
f 3635 3678 3637
f 3642 3631 3654
f 3638 3643 3679
f 3679 3680 3638
f 3681 3638 3680
f 3638 3681 3633
f 3681 3646 3633
f 3639 3682 3625
f 3683 3684 3685
f 3686 3684 3683
f 3687 3686 3683
f 3683 3685 3656
f 3687 3683 3655
f 3688 3687 3658
f 3658 3687 3655
f 3655 3683 3656
f 3685 3689 3659
f 3656 3685 3659
f 3659 3689 3663
f 3690 3688 3658
f 3688 3690 3691
f 3663 3689 3692
f 3664 3690 3658
f 3662 3663 3692
f 3690 3664 3693
f 3694 3662 3692
f 3693 3664 3695
f 3695 3664 3667
f 3662 3694 3668
f 3694 3696 3668
f 3668 3696 3671
f 3695 3667 3697
f 3697 3667 3672
f 3696 3698 3671
f 3671 3698 3699
f 3671 3699 3673
f 3700 3672 3674
f 3673 3701 3674
f 3702 3673 3699
f 3702 3701 3673
f 3700 3674 3701
f 3650 3647 3703
f 3649 3704 3648
f 3650 3705 3675
f 3649 3706 3704
f 3706 3649 3627
f 3629 3676 3627
f 3651 3707 3634
f 3634 3707 3635
f 3708 3652 3641
f 3641 3653 3708
f 3709 3643 3637
f 3643 3709 3679
f 3646 3710 3639
f 3710 3682 3639
f 3625 3682 3645
f 3711 3646 3681
f 3710 3646 3711
f 3712 3713 3684
f 3712 3684 3686
f 3714 3686 3687
f 3715 3714 3687
f 3688 3715 3687
f 3716 3715 3688
f 3685 3713 3717
f 3684 3713 3685
f 3689 3685 3717
f 3718 3716 3688
f 3717 3692 3689
f 3688 3691 3718
f 3719 3692 3717
f 3720 3692 3719
f 3693 3691 3690
f 3692 3720 3694
f 3694 3721 3696
f 3722 3695 3697
f 3696 3721 3723
f 3696 3723 3698
f 3672 3724 3697
f 3724 3672 3700
f 3698 3723 3725
f 3698 3725 3699
f 3699 3725 3726
f 3726 3702 3699
f 3701 3727 3700
f 3702 3728 3701
f 3728 3702 3726
f 3727 3701 3728
f 3650 3703 3705
f 3647 3729 3703
f 3647 3648 3729
f 3627 3676 3706
f 3675 3730 3651
f 3651 3730 3707
f 3652 3731 3676
f 3731 3652 3708
f 3707 3678 3635
f 3677 3642 3732
f 3678 3733 3637
f 3642 3654 3732
f 3734 3637 3733
f 3637 3734 3709
f 3654 3622 3735
f 3644 3735 3622
f 3680 3679 3736
f 3680 3736 3681
f 3681 3736 3737
f 3681 3737 3738
f 3738 3711 3681
f 3710 3739 3682
f 3740 3741 3712
f 3714 3740 3712
f 3714 3712 3686
f 3713 3741 3742
f 3712 3741 3713
f 3715 3743 3744
f 3716 3743 3715
f 3717 3713 3742
f 3719 3717 3742
f 3716 3718 3743
f 3718 3745 3743
f 3745 3718 3746
f 3747 3718 3691
f 3720 3719 3748
f 3691 3693 3749
f 3750 3749 3693
f 3751 3694 3720
f 3750 3693 3695
f 3721 3694 3751
f 3695 3722 3750
f 3752 3721 3751
f 3721 3752 3723
f 3722 3697 3724
f 3723 3752 3753
f 3724 3700 3754
f 3725 3723 3753
f 3700 3755 3754
f 3727 3755 3700
f 3728 3726 3756
f 3757 3728 3756
f 3758 3648 3704
f 3704 3759 3758
f 3705 3760 3675
f 3676 3761 3706
f 3731 3708 3762
f 3653 3677 3708
f 3708 3677 3763
f 3677 3732 3763
f 3732 3654 3764
f 3765 3709 3734
f 3735 3764 3654
f 3679 3709 3736
f 3736 3766 3737
f 3645 3682 3767
f 3740 3768 3769
f 3768 3740 3770
f 3770 3714 3771
f 3714 3770 3740
f 3740 3769 3741
f 3771 3714 3715
f 3715 3744 3771
f 3741 3769 3772
f 3742 3741 3772
f 3773 3742 3772
f 3773 3719 3742
f 3747 3746 3718
f 3691 3749 3747
f 3748 3774 3720
f 3750 3775 3749
f 3751 3720 3776
f 3776 3720 3774
f 3775 3750 3777
f 3776 3752 3751
f 3750 3722 3777
f 3778 3752 3776
f 3779 3777 3722
f 3753 3752 3780
f 3722 3724 3779
f 3724 3754 3779
f 3754 3781 3779
f 3725 3753 3782
f 3781 3754 3755
f 3725 3782 3783
f 3726 3725 3783
f 3727 3784 3755
f 3781 3755 3784
f 3726 3783 3756
f 3728 3757 3727
f 3757 3756 3785
f 3786 3727 3757
f 3648 3758 3729
f 3703 3787 3705
f 3729 3787 3703
f 3704 3706 3759
f 3759 3706 3761
f 3760 3730 3675
f 3707 3788 3678
f 3736 3709 3789
f 3645 3767 3790
f 3737 3766 3791
f 3737 3791 3738
f 3682 3739 3767
f 3710 3792 3739
f 3711 3792 3710
f 3739 3792 3793
f 3794 3795 3768
f 3770 3794 3768
f 3772 3768 3795
f 3796 3770 3771
f 3768 3772 3769
f 3719 3773 3797
f 3719 3797 3748
f 3797 3774 3748
f 3747 3749 3798
f 3777 3799 3775
f 3752 3778 3780
f 3780 3800 3753
f 3800 3782 3753
f 3801 3782 3800
f 3781 3802 3779
f 3782 3801 3803
f 3783 3782 3803
f 3783 3803 3804
f 3804 3756 3783
f 3727 3786 3784
f 3805 3757 3785
f 3786 3757 3805
f 3806 3787 3729
f 3729 3758 3806
f 3705 3787 3807
f 3759 3761 3808
f 3705 3807 3760
f 3730 3809 3707
f 3810 3731 3762
f 3762 3708 3811
f 3811 3708 3763
f 3678 3788 3733
f 3788 3812 3733
f 3813 3763 3732
f 3732 3764 3813
f 3813 3764 3814
f 3765 3734 3733
f 3735 3815 3764
f 3709 3765 3789
f 3736 3789 3816
f 3766 3736 3816
f 3644 3645 3790
f 3766 3816 3791
f 3738 3817 3711
f 3817 3792 3711
f 3739 3793 3818
f 3739 3818 3767
f 3819 3796 3820
f 3770 3819 3794
f 3796 3819 3770
f 3771 3820 3796
f 3821 3772 3822
f 3822 3772 3795
f 3823 3771 3744
f 3773 3772 3821
f 3744 3743 3823
f 3745 3824 3825
f 3745 3825 3743
f 3824 3745 3746
f 3826 3774 3797
f 3747 3827 3746
f 3747 3798 3827
f 3798 3749 3827
f 3827 3749 3775
f 3827 3775 3828
f 3774 3829 3776
f 3830 3778 3776
f 3799 3777 3831
f 3832 3780 3778
f 3831 3779 3833
f 3777 3779 3831
f 3834 3800 3780
f 3779 3802 3833
f 3834 3801 3800
f 3833 3802 3835
f 3781 3836 3802
f 3835 3802 3836
f 3781 3784 3836
f 3784 3837 3836
f 3785 3804 3838
f 3785 3756 3804
f 3786 3837 3784
f 3785 3838 3839
f 3785 3839 3805
f 3758 3759 3840
f 3808 3761 3841
f 3760 3842 3730
f 3676 3843 3761
f 3730 3842 3809
f 3843 3676 3731
f 3707 3809 3788
f 3811 3763 3813
f 3733 3812 3765
f 3764 3815 3814
f 3735 3644 3844
f 3844 3815 3735
f 3644 3790 3845
f 3844 3644 3845
f 3846 3816 3847
f 3816 3848 3791
f 3816 3846 3848
f 3791 3848 3738
f 3848 3846 3849
f 3738 3848 3817
f 3792 3850 3793
f 3848 3849 3817
f 3792 3817 3850
f 3794 3851 3852
f 3794 3819 3851
f 3819 3820 3853
f 3851 3819 3853
f 3854 3822 3852
f 3794 3822 3795
f 3794 3852 3822
f 3820 3771 3855
f 3771 3823 3855
f 3823 3743 3825
f 3856 3797 3773
f 3857 3746 3827
f 3858 3776 3829
f 3830 3776 3858
f 3799 3828 3775
f 3799 3859 3828
f 3860 3778 3830
f 3831 3861 3799
f 3860 3832 3778
f 3862 3861 3831
f 3833 3862 3831
f 3832 3834 3780
f 3801 3804 3803
f 3863 3804 3801
f 3838 3804 3864
f 3865 3836 3837
f 3839 3866 3867
f 3805 3839 3867
f 3868 3805 3869
f 3786 3805 3868
f 3837 3786 3868
f 3807 3787 3870
f 3806 3870 3787
f 3759 3871 3840
f 3759 3808 3871
f 3761 3843 3841
f 3843 3731 3810
f 3872 3811 3813
f 3873 3765 3812
f 3765 3873 3789
f 3844 3874 3815
f 3816 3789 3847
f 3767 3818 3875
f 3767 3875 3790
f 3850 3818 3793
f 3846 3876 3849
f 3817 3849 3877
f 3850 3817 3877
f 3818 3850 3877
f 3877 3849 3876
f 3878 3877 3876
f 3878 3876 3879
f 3879 3876 3880
f 3851 3880 3852
f 3879 3880 3851
f 3853 3879 3851
f 3854 3881 3882
f 3855 3853 3820
f 3854 3882 3822
f 3822 3882 3821
f 3826 3797 3856
f 3824 3746 3883
f 3746 3857 3883
f 3826 3884 3774
f 3774 3884 3829
f 3885 3827 3886
f 3884 3858 3829
f 3799 3861 3859
f 3887 3832 3860
f 3833 3835 3888
f 3834 3832 3889
f 3801 3834 3889
f 3890 3835 3836
f 3889 3863 3801
f 3836 3865 3890
f 3863 3864 3804
f 3838 3866 3839
f 3867 3869 3805
f 3758 3840 3806
f 3808 3841 3871
f 3807 3842 3760
f 3843 3891 3841
f 3843 3810 3892
f 3809 3893 3788
f 3894 3762 3811
f 3811 3872 3894
f 3813 3814 3895
f 3788 3896 3812
f 3814 3815 3895
f 3812 3896 3873
f 3847 3789 3897
f 3897 3789 3873
f 3844 3845 3898
f 3874 3844 3898
f 3899 3790 3875
f 3845 3790 3899
f 3846 3847 3900
f 3901 3846 3900
f 3846 3901 3876
f 3877 3875 3818
f 3877 3902 3875
f 3903 3901 3900
f 3877 3878 3902
f 3878 3904 3902
f 3881 3901 3903
f 3876 3901 3880
f 3905 3904 3878
f 3901 3881 3880
f 3878 3879 3905
f 3882 3881 3903
f 3880 3881 3852
f 3853 3905 3879
f 3853 3906 3905
f 3852 3881 3854
f 3906 3853 3855
f 3823 3906 3855
f 3882 3907 3821
f 3821 3907 3773
f 3907 3856 3773
f 3824 3883 3908
f 3827 3885 3857
f 3827 3828 3886
f 3828 3859 3886
f 3858 3909 3830
f 3887 3860 3910
f 3862 3911 3861
f 3862 3833 3888
f 3912 3862 3888
f 3864 3866 3838
f 3913 3865 3837
f 3868 3914 3837
f 3914 3913 3837
f 3867 3866 3915
f 3869 3867 3916
f 3867 3915 3916
f 3868 3869 3917
f 3806 3918 3870
f 3919 3807 3870
f 3920 3918 3806
f 3840 3920 3806
f 3871 3920 3840
f 3807 3919 3842
f 3843 3892 3891
f 3842 3893 3809
f 3921 3872 3895
f 3872 3813 3895
f 3895 3815 3922
f 3922 3923 3895
f 3815 3874 3922
f 3873 3924 3897
f 3900 3847 3897
f 3875 3925 3899
f 3902 3925 3875
f 3925 3902 3926
f 3903 3900 3927
f 3926 3902 3904
f 3907 3903 3927
f 3906 3904 3905
f 3882 3903 3907
f 3928 3906 3823
f 3929 3823 3825
f 3825 3908 3929
f 3908 3825 3824
f 3930 3931 3856
f 3856 3931 3826
f 3857 3932 3883
f 3857 3885 3932
f 3886 3859 3933
f 3909 3860 3830
f 3909 3910 3860
f 3835 3890 3934
f 3888 3835 3934
f 3868 3917 3914
f 3871 3935 3920
f 3841 3936 3871
f 3891 3936 3841
f 3810 3937 3892
f 3762 3894 3938
f 3894 3872 3921
f 3788 3939 3896
f 3921 3895 3923
f 3896 3940 3873
f 3873 3940 3924
f 3845 3899 3898
f 3897 3927 3900
f 3926 3904 3941
f 3942 3904 3906
f 3942 3941 3904
f 3928 3942 3906
f 3907 3943 3930
f 3929 3928 3823
f 3907 3930 3856
f 3931 3884 3826
f 3885 3944 3932
f 3944 3885 3886
f 3933 3859 3945
f 3859 3861 3945
f 3911 3862 3946
f 3947 3832 3887
f 3912 3946 3862
f 3889 3832 3948
f 3863 3889 3949
f 3863 3949 3950
f 3864 3863 3950
f 3951 3865 3913
f 3913 3914 3952
f 3869 3916 3953
f 3917 3869 3954
f 3869 3953 3954
f 3919 3870 3955
f 3842 3956 3893
f 3810 3957 3937
f 3957 3810 3762
f 3893 3958 3788
f 3959 3894 3921
f 3923 3922 3960
f 3896 3939 3940
f 3922 3874 3961
f 3898 3961 3874
f 3962 3897 3924
f 3962 3924 3940
f 3898 3899 3963
f 3897 3962 3927
f 3899 3925 3964
f 3899 3964 3963
f 3925 3926 3964
f 3943 3927 3962
f 3942 3926 3941
f 3927 3943 3907
f 3929 3965 3928
f 3943 3966 3930
f 3966 3931 3930
f 3967 3929 3908
f 3883 3932 3968
f 3931 3969 3884
f 3944 3886 3970
f 3969 3858 3884
f 3971 3886 3933
f 3972 3933 3945
f 3887 3910 3973
f 3945 3861 3911
f 3973 3947 3887
f 3832 3947 3948
f 3948 3949 3889
f 3934 3912 3888
f 3890 3865 3934
f 3865 3951 3934
f 3864 3974 3866
f 3864 3950 3974
f 3952 3951 3913
f 3866 3974 3915
f 3916 3915 3953
f 3975 3914 3917
f 3918 3920 3976
f 3871 3936 3935
f 3955 3870 3977
f 3918 3977 3870
f 3935 3976 3920
f 3919 3955 3956
f 3919 3956 3842
f 3891 3978 3936
f 3891 3892 3978
f 3762 3938 3957
f 3938 3894 3959
f 3921 3923 3959
f 3959 3923 3979
f 3922 3980 3960
f 3922 3961 3980
f 3981 3980 3961
f 3939 3982 3940
f 3940 3982 3962
f 3898 3963 3961
f 3982 3943 3962
f 3983 3963 3964
f 3964 3926 3984
f 3984 3942 3965
f 3926 3942 3984
f 3942 3928 3965
f 3929 3967 3985
f 3929 3985 3965
f 3908 3968 3967
f 3908 3883 3968
f 3932 3944 3970
f 3969 3986 3858
f 3970 3886 3987
f 3986 3909 3858
f 3987 3886 3971
f 3909 3988 3910
f 3988 3989 3910
f 3933 3972 3971
f 3911 3946 3990
f 3912 3934 3991
f 3974 3992 3915
f 3915 3992 3953
f 3952 3914 3975
f 3977 3993 3955
f 3936 3978 3935
f 3892 3937 3978
f 3956 3994 3893
f 3893 3994 3958
f 3788 3958 3939
f 3923 3960 3979
f 3983 3961 3963
f 3964 3984 3983
f 3982 3966 3943
f 3983 3984 3995
f 3984 3965 3995
f 3985 3996 3965
f 3967 3968 3997
f 3968 3932 3998
f 3932 3970 3998
f 3945 3911 3999
f 4000 3999 3911
f 3990 4000 3911
f 3934 3951 4001
f 4002 3953 3992
f 3954 3953 4003
f 3953 4002 4003
f 3977 3918 3976
f 3955 4004 3956
f 3993 4004 3955
f 3978 4005 3935
f 4006 3938 3959
f 3960 3980 4007
f 3939 4008 3982
f 3981 4007 3980
f 3983 4009 3961
f 3995 3965 3996
f 3996 3985 4010
f 4010 3985 3967
f 4011 3997 3968
f 4012 3969 3931
f 3968 3998 4011
f 3986 3988 3909
f 3910 3989 3973
f 4013 3972 3945
f 4013 3945 3999
f 3947 4014 3948
f 3912 4015 3946
f 4015 3912 3991
f 3917 3954 4016
f 3975 3917 4016
f 4017 3993 3977
f 3976 4017 3977
f 4018 4019 3976
f 3935 4018 3976
f 3935 4005 4018
f 3937 4020 3978
f 3937 4021 4020
f 4021 3937 3957
f 3994 4022 3958
f 3958 4023 3939
f 4024 4006 3959
f 4023 4025 3939
f 3959 3979 4026
f 4025 4027 3939
f 4026 3979 3960
f 4026 3960 4028
f 3939 4027 4008
f 3960 4007 4028
f 4008 4029 3982
f 3981 3961 4009
f 3983 3995 4030
f 4030 4009 3983
f 3995 3996 4030
f 3982 4012 3966
f 3966 4012 3931
f 3967 3997 4010
f 3997 4011 4031
f 4032 3970 3987
f 4032 3987 3971
f 4000 3990 4033
f 4033 4034 4000
f 3990 3946 4015
f 3990 4015 4033
f 4014 3949 3948
f 4035 3950 3949
f 3934 4001 3991
f 3991 4001 4036
f 3974 4037 3992
f 4038 3951 3952
f 3992 4037 4002
f 4039 3952 3975
f 4040 4004 3993
f 4040 3993 4017
f 3976 4019 4017
f 4040 4041 4004
f 3978 4020 4005
f 3956 4042 3994
f 3956 4004 4042
f 3994 4042 4022
f 3957 4043 4021
f 4043 3957 4044
f 4045 3957 3938
f 3958 4022 4023
f 4024 3959 4026
f 4007 3981 4046
f 3981 4009 4046
f 4030 4046 4009
f 3982 4029 4012
f 4047 4030 3996
f 4010 4047 3996
f 4010 3997 4031
f 4012 4048 3969
f 4049 4011 3998
f 3998 3970 4032
f 4050 3989 3988
f 4051 3971 3972
f 3973 3989 4050
f 3999 4052 4013
f 3999 4000 4034
f 4053 4014 3947
f 3991 4054 4015
f 4054 4055 4015
f 3949 4014 4035
f 3974 3950 4035
f 4001 3951 4056
f 3974 4035 4037
f 3951 4038 4056
f 4038 3952 4039
f 4002 4057 4058
f 4003 4002 4058
f 3954 4003 4059
f 4016 3954 4059
f 3957 4045 4044
f 4045 3938 4006
f 4022 4025 4023
f 4026 4028 4060
f 4028 4007 4060
f 4046 4030 4061
f 4010 4031 4062
f 4063 4031 4011
f 4063 4011 4049
f 3998 4032 4064
f 3969 4048 3986
f 4065 4050 3988
f 4050 4066 3973
f 3972 4013 4067
f 3947 3973 4068
f 4052 3999 4034
f 4033 4015 4055
f 4001 4056 4036
f 4037 4057 4002
f 4039 3975 4016
f 4040 4017 4019
f 4041 4069 4004
f 4004 4069 4042
f 4020 4021 4005
f 4021 4070 4005
f 4071 4024 4026
f 4026 4060 4071
f 4027 4072 4008
f 4029 4008 4072
f 4060 4007 4073
f 4007 4046 4073
f 4046 4074 4073
f 4073 4074 4075
f 4061 4074 4046
f 4029 4076 4012
f 4047 4061 4030
f 4047 4010 4062
f 4049 3998 4064
f 4065 3988 3986
f 4077 4032 3971
f 4068 3973 4066
f 4013 4052 4067
f 4068 4053 3947
f 4034 4033 4078
f 4033 4055 4078
f 4079 4035 4014
f 3991 4036 4054
f 4080 4057 4037
f 4039 4016 4081
f 4082 4039 4081
f 4083 4003 4058
f 4041 4040 4084
f 4085 4086 4018
f 4005 4085 4018
f 4042 4069 4087
f 4084 4069 4041
f 4043 4070 4021
f 4022 4088 4025
f 4071 4006 4024
f 4060 4073 4089
f 4072 4090 4029
f 4062 4031 4063
f 4091 4064 4032
f 4092 4091 4032
f 4032 4077 4092
f 4077 3971 4051
f 4051 3972 4067
f 4093 4052 4094
f 4094 4034 4095
f 4052 4034 4094
f 4034 4078 4095
f 4054 4036 4096
f 4036 4056 4097
f 4037 4035 4080
f 4058 4057 4098
f 4057 4080 4098
f 4038 4039 4082
f 4059 4003 4083
f 4016 4059 4081
f 4099 4084 4040
f 4019 4099 4040
f 4018 4100 4019
f 4086 4100 4018
f 4005 4101 4085
f 4070 4101 4005
f 4087 4088 4042
f 4042 4088 4022
f 4088 4102 4025
f 4103 4006 4071
f 4071 4060 4089
f 4089 4073 4075
f 4029 4090 4076
f 4047 4074 4061
f 4104 4012 4076
f 4105 4063 4049
f 4049 4064 4106
f 4064 4091 4107
f 4067 4052 4108
f 4038 4109 4056
f 4056 4109 4097
f 4110 4098 4080
f 4038 4082 4109
f 4058 4098 4083
f 4083 4111 4059
f 4081 4059 4111
f 4099 4019 4100
f 4087 4069 4112
f 4043 4101 4070
f 4043 4113 4101
f 4044 4113 4043
f 4044 4045 4113
f 4088 4114 4102
f 4025 4102 4027
f 4102 4115 4027
f 4027 4115 4072
f 4103 4071 4116
f 4116 4071 4089
f 4089 4075 4117
f 4118 4047 4062
f 4062 4119 4118
f 4104 4076 4120
f 4062 4063 4119
f 4012 4104 4048
f 4049 4106 4105
f 4064 4107 4106
f 4121 4050 4065
f 4121 4066 4050
f 4122 4051 4067
f 4052 4093 4108
f 4123 4014 4053
f 4014 4123 4079
f 4124 4078 4055
f 4054 4124 4055
f 4110 4080 4035
f 4036 4097 4096
f 4125 4083 4098
f 4081 4126 4082
f 4127 4112 4069
f 4127 4069 4084
f 4099 4127 4084
f 4113 4128 4101
f 4088 4087 4114
f 4103 4045 4006
f 4115 4090 4072
f 4129 4103 4116
f 4117 4116 4089
f 4130 4117 4075
f 4075 4074 4130
f 4090 4131 4076
f 4074 4047 4130
f 4047 4118 4130
f 4119 4063 4105
f 4048 4132 3986
f 3986 4132 4065
f 4092 4077 4133
f 4134 4066 4121
f 4134 4068 4066
f 4122 4067 4108
f 4094 4095 4135
f 4124 4095 4078
f 4096 4124 4054
f 4079 4110 4035
f 4096 4097 4136
f 4137 4098 4110
f 4098 4137 4138
f 4125 4098 4138
f 4083 4125 4111
f 4126 4081 4139
f 4099 4140 4127
f 4101 4141 4085
f 4101 4128 4141
f 4087 4112 4114
f 4045 4142 4113
f 4102 4143 4115
f 4144 4129 4116
f 4145 4131 4090
f 4146 4117 4130
f 4076 4131 4120
f 4132 4048 4104
f 4107 4147 4106
f 4148 4065 4132
f 4121 4149 4134
f 4108 4093 4150
f 4151 4150 4093
f 4068 4123 4053
f 4093 4094 4151
f 4151 4094 4135
f 4135 4095 4152
f 4095 4124 4152
f 4153 4079 4123
f 4079 4153 4110
f 4111 4125 4138
f 4111 4139 4081
f 4109 4082 4126
f 4111 4138 4154
f 4086 4155 4100
f 4114 4112 4156
f 4102 4114 4143
f 4115 4157 4090
f 4103 4129 4158
f 4145 4090 4157
f 4144 4116 4117
f 4159 4144 4117
f 4145 4160 4131
f 4159 4117 4146
f 4161 4146 4130
f 4130 4118 4161
f 4065 4148 4121
f 4091 4092 4133
f 4077 4051 4122
f 4162 4068 4134
f 4122 4108 4163
f 4124 4096 4164
f 4152 4124 4164
f 4165 4096 4136
f 4166 4110 4153
f 4110 4166 4137
f 4097 4109 4167
f 4097 4167 4136
f 4168 4109 4126
f 4138 4169 4154
f 4126 4139 4170
f 4099 4100 4140
f 4086 4171 4155
f 4085 4171 4086
f 4141 4171 4085
f 4128 4172 4141
f 4142 4128 4113
f 4114 4173 4143
f 4173 4114 4156
f 4142 4045 4103
f 4143 4157 4115
f 4158 4142 4103
f 4157 4174 4145
f 4175 4158 4129
f 4174 4176 4145
f 4129 4144 4175
f 4177 4144 4159
f 4176 4178 4145
f 4178 4179 4145
f 4145 4179 4160
f 4160 4180 4131
f 4118 4181 4161
f 4180 4120 4131
f 4182 4132 4104
f 4183 4106 4147
f 4132 4184 4148
f 4185 4107 4091
f 4149 4186 4134
f 4077 4122 4163
f 4186 4162 4134
f 4187 4163 4108
f 4108 4150 4187
f 4188 4123 4068
f 4151 4135 4189
f 4152 4189 4135
f 4190 4153 4123
f 4096 4165 4164
f 4137 4166 4169
f 4138 4137 4169
f 4109 4168 4167
f 4191 4170 4139
f 4192 4126 4170
f 4193 4126 4192
f 4168 4126 4193
f 4139 4111 4191
f 4140 4100 4155
f 4127 4156 4112
f 4127 4194 4156
f 4140 4194 4127
f 4155 4195 4140
f 4128 4142 4172
f 4156 4196 4173
f 4194 4196 4156
f 4142 4197 4172
f 4157 4143 4198
f 4142 4158 4199
f 4157 4200 4174
f 4144 4177 4175
f 4159 4146 4201
f 4201 4146 4161
f 4179 4202 4160
f 4160 4202 4180
f 4203 4181 4118
f 4118 4119 4203
f 4120 4204 4104
f 4119 4105 4205
f 4204 4182 4104
f 4183 4105 4106
f 4132 4182 4184
f 4148 4206 4121
f 4207 4121 4206
f 4121 4207 4149
f 4091 4133 4185
f 4208 4187 4150
f 4151 4209 4150
f 4123 4188 4210
f 4189 4152 4211
f 4212 4164 4165
f 4166 4153 4190
f 4136 4167 4165
f 4169 4166 4213
f 4111 4154 4214
f 4111 4214 4191
f 4215 4196 4194
f 4140 4195 4194
f 4141 4216 4171
f 4172 4216 4141
f 4173 4196 4143
f 4197 4142 4199
f 4157 4198 4200
f 4174 4217 4218
f 4174 4200 4217
f 4158 4219 4199
f 4158 4175 4219
f 4176 4174 4218
f 4220 4175 4177
f 4176 4221 4178
f 4179 4178 4221
f 4161 4181 4201
f 4202 4222 4180
f 4120 4180 4222
f 4205 4203 4119
f 4204 4120 4222
f 4205 4105 4223
f 4182 4224 4184
f 4206 4148 4184
f 4107 4185 4225
f 4133 4226 4185
f 4133 4077 4227
f 4228 4068 4162
f 4150 4209 4208
f 4189 4229 4151
f 4211 4152 4230
f 4152 4164 4230
f 4164 4212 4230
f 4166 4190 4231
f 4166 4231 4213
f 4169 4232 4154
f 4154 4232 4233
f 4214 4154 4233
f 4170 4191 4234
f 4194 4195 4215
f 4196 4198 4143
f 4215 4235 4196
f 4172 4197 4216
f 4196 4236 4198
f 4197 4199 4237
f 4220 4219 4175
f 4176 4218 4238
f 4221 4176 4238
f 4177 4159 4201
f 4239 4177 4201
f 4221 4240 4179
f 4241 4201 4181
f 4240 4202 4179
f 4241 4181 4203
f 4202 4242 4222
f 4105 4183 4223
f 4182 4204 4224
f 4225 4147 4107
f 4133 4227 4226
f 4207 4243 4149
f 4149 4243 4186
f 4186 4244 4162
f 4163 4245 4077
f 4188 4068 4228
f 4208 4209 4246
f 4247 4246 4209
f 4209 4151 4247
f 4229 4247 4151
f 4210 4190 4123
f 4230 4212 4248
f 4165 4167 4212
f 4249 4212 4167
f 4169 4213 4232
f 4168 4250 4167
f 4214 4233 4251
f 4192 4170 4234
f 4234 4191 4214
f 4215 4195 4252
f 4252 4235 4215
f 4171 4253 4155
f 4216 4253 4171
f 4197 4254 4216
f 4255 4198 4236
f 4235 4236 4196
f 4198 4255 4256
f 4198 4256 4200
f 4197 4237 4254
f 4256 4217 4200
f 4199 4257 4237
f 4218 4217 4258
f 4199 4219 4257
f 4218 4258 4238
f 4259 4220 4177
f 4221 4238 4260
f 4261 4177 4239
f 4240 4221 4260
f 4201 4241 4239
f 4262 4202 4240
f 4242 4202 4262
f 4263 4205 4223
f 4204 4264 4224
f 4224 4265 4184
f 4265 4206 4184
f 4206 4266 4207
f 4186 4243 4244
f 4077 4245 4227
f 4245 4163 4267
f 4163 4187 4267
f 4162 4244 4228
f 4187 4208 4268
f 4208 4246 4269
f 4270 4229 4189
f 4210 4271 4190
f 4189 4211 4230
f 4190 4271 4231
f 4249 4248 4212
f 4213 4272 4232
f 4233 4232 4251
f 4232 4272 4251
f 4192 4273 4193
f 4168 4193 4250
f 4195 4155 4252
f 4236 4274 4255
f 4235 4274 4236
f 4252 4274 4235
f 4275 4253 4216
f 4254 4275 4216
f 4217 4256 4276
f 4217 4276 4258
f 4238 4258 4277
f 4220 4278 4219
f 4278 4220 4279
f 4238 4277 4260
f 4259 4279 4220
f 4259 4177 4261
f 4260 4280 4240
f 4239 4241 4281
f 4282 4241 4203
f 4205 4263 4203
f 4222 4264 4204
f 4183 4147 4225
f 4206 4265 4266
f 4227 4283 4226
f 4284 4267 4187
f 4187 4268 4284
f 4208 4269 4268
f 4246 4247 4285
f 4286 4247 4229
f 4270 4286 4229
f 4189 4230 4270
f 4270 4230 4287
f 4248 4287 4230
f 4213 4231 4272
f 4167 4288 4249
f 4250 4288 4167
f 4193 4273 4250
f 4214 4251 4289
f 4192 4234 4273
f 4290 4250 4273
f 4234 4214 4291
f 4253 4252 4155
f 4255 4292 4293
f 4256 4255 4293
f 4274 4292 4255
f 4254 4237 4275
f 4256 4293 4294
f 4276 4256 4294
f 4276 4294 4295
f 4257 4296 4237
f 4258 4276 4295
f 4258 4297 4277
f 4277 4298 4260
f 4280 4260 4298
f 4261 4239 4281
f 4240 4280 4262
f 4280 4299 4262
f 4281 4241 4282
f 4300 4242 4262
f 4242 4300 4222
f 4301 4203 4263
f 4263 4223 4302
f 4303 4224 4264
f 4302 4223 4183
f 4303 4265 4224
f 4304 4265 4303
f 4226 4225 4185
f 4226 4283 4305
f 4207 4266 4306
f 4283 4227 4307
f 4307 4227 4245
f 4244 4308 4228
f 4247 4286 4309
f 4310 4270 4287
f 4287 4248 4311
f 4248 4249 4311
f 4251 4272 4312
f 4251 4312 4313
f 4251 4313 4289
f 4314 4250 4290
f 4288 4250 4314
f 4214 4289 4291
f 4273 4234 4315
f 4252 4292 4274
f 4316 4317 4252
f 4253 4316 4252
f 4292 4318 4293
f 4237 4319 4275
f 4296 4319 4237
f 4257 4320 4296
f 4295 4321 4258
f 4257 4219 4320
f 4258 4321 4297
f 4219 4322 4320
f 4278 4322 4219
f 4297 4321 4298
f 4277 4297 4298
f 4259 4323 4279
f 4259 4324 4323
f 4261 4324 4259
f 4298 4325 4280
f 4326 4282 4203
f 4203 4301 4326
f 4262 4299 4300
f 4264 4222 4300
f 4264 4300 4327
f 4264 4327 4303
f 4306 4243 4207
f 4328 4244 4243
f 4244 4328 4308
f 4267 4329 4245
f 4228 4330 4188
f 4188 4330 4210
f 4309 4285 4247
f 4331 4309 4286
f 4331 4270 4310
f 4286 4270 4331
f 4271 4332 4231
f 4249 4333 4311
f 4231 4334 4272
f 4272 4334 4312
f 4249 4288 4333
f 4335 4288 4314
f 4289 4313 4336
f 4289 4336 4291
f 4234 4291 4315
f 4337 4273 4315
f 4290 4273 4337
f 4338 4318 4292
f 4252 4338 4292
f 4317 4338 4252
f 4253 4339 4316
f 4275 4339 4253
f 4293 4318 4294
f 4295 4340 4321
f 4294 4340 4295
f 4278 4279 4341
f 4279 4342 4341
f 4279 4323 4342
f 4321 4325 4298
f 4261 4343 4324
f 4343 4261 4281
f 4325 4299 4280
f 4325 4344 4299
f 4345 4326 4301
f 4344 4346 4299
f 4300 4299 4346
f 4327 4300 4346
f 4327 4304 4303
f 4302 4183 4347
f 4347 4183 4225
f 4304 4348 4265
f 4348 4266 4265
f 4225 4226 4349
f 4306 4328 4243
f 4307 4245 4329
f 4308 4328 4350
f 4246 4351 4269
f 4246 4285 4352
f 4353 4309 4331
f 4354 4310 4287
f 4354 4287 4311
f 4312 4334 4355
f 4312 4355 4313
f 4356 4314 4290
f 4335 4314 4356
f 4339 4275 4319
f 4294 4318 4357
f 4316 4358 4317
f 4339 4358 4316
f 4359 4339 4319
f 4360 4294 4357
f 4296 4359 4319
f 4320 4359 4296
f 4340 4294 4360
f 4340 4361 4321
f 4341 4322 4278
f 4362 4321 4361
f 4325 4321 4362
f 4343 4281 4282
f 4363 4343 4282
f 4325 4364 4344
f 4365 4345 4301
f 4263 4365 4301
f 4366 4365 4263
f 4302 4366 4263
f 4327 4367 4304
f 4347 4225 4349
f 4348 4368 4266
f 4306 4369 4328
f 4350 4328 4370
f 4228 4308 4350
f 4269 4351 4268
f 4246 4352 4371
f 4246 4371 4351
f 4372 4371 4352
f 4285 4373 4352
f 4285 4309 4373
f 4353 4373 4309
f 4374 4353 4331
f 4374 4331 4310
f 4231 4332 4334
f 4310 4354 4375
f 4311 4376 4354
f 4333 4376 4311
f 4313 4355 4377
f 4335 4378 4288
f 4288 4378 4379
f 4288 4379 4333
f 4313 4377 4336
f 4338 4357 4318
f 4340 4360 4380
f 4320 4322 4381
f 4380 4361 4340
f 4322 4341 4381
f 4341 4342 4382
f 4323 4324 4383
f 4362 4364 4325
f 4343 4384 4324
f 4282 4326 4385
f 4282 4385 4363
f 4326 4345 4385
f 4364 4346 4344
f 4364 4386 4346
f 4386 4387 4346
f 4346 4387 4327
f 4327 4387 4367
f 4366 4302 4347
f 4367 4388 4304
f 4388 4348 4304
f 4389 4266 4368
f 4389 4306 4266
f 4307 4390 4283
f 4267 4284 4329
f 4391 4228 4350
f 4228 4391 4330
f 4372 4352 4392
f 4330 4393 4210
f 4210 4393 4271
f 4352 4373 4392
f 4392 4373 4394
f 4374 4310 4375
f 4334 4332 4395
f 4395 4355 4334
f 4354 4376 4396
f 4333 4379 4376
f 4291 4336 4397
f 4315 4291 4398
f 4291 4397 4398
f 4315 4398 4399
f 4290 4337 4400
f 4356 4290 4400
f 4338 4401 4357
f 4317 4402 4338
f 4358 4402 4317
f 4359 4403 4339
f 4360 4357 4404
f 4401 4404 4357
f 4359 4405 4403
f 4320 4405 4359
f 4320 4381 4405
f 4362 4361 4380
f 4323 4383 4342
f 4364 4362 4406
f 4324 4384 4383
f 4407 4384 4343
f 4343 4363 4407
f 4364 4408 4386
f 4365 4366 4409
f 4410 4348 4388
f 4226 4305 4349
f 4348 4410 4368
f 4305 4283 4390
f 4389 4369 4306
f 4329 4411 4307
f 4328 4369 4370
f 4350 4370 4412
f 4284 4268 4413
f 4414 4371 4372
f 4353 4394 4373
f 4415 4394 4353
f 4415 4353 4416
f 4416 4353 4374
f 4416 4374 4375
f 4375 4354 4396
f 4396 4376 4417
f 4379 4418 4376
f 4376 4418 4417
f 4377 4419 4336
f 4379 4378 4418
f 4336 4419 4397
f 4315 4399 4337
f 4335 4356 4420
f 4400 4337 4399
f 4401 4338 4402
f 4358 4339 4421
f 4403 4421 4339
f 4360 4404 4380
f 4380 4422 4362
f 4342 4383 4423
f 4384 4407 4383
f 4406 4408 4364
f 4345 4424 4385
f 4345 4365 4425
f 4345 4425 4424
f 4425 4365 4409
f 4386 4426 4387
f 4427 4428 4366
f 4347 4427 4366
f 4367 4429 4388
f 4427 4347 4349
f 4307 4430 4390
f 4329 4413 4431
f 4329 4284 4413
f 4268 4351 4413
f 4350 4412 4391
f 4351 4371 4432
f 4392 4433 4372
f 4416 4375 4434
f 4355 4395 4435
f 4375 4396 4434
f 4418 4436 4417
f 4436 4418 4437
f 4335 4420 4378
f 4398 4397 4438
f 4399 4398 4439
f 4398 4438 4439
f 4420 4356 4400
f 4358 4440 4402
f 4421 4440 4358
f 4404 4422 4380
f 4441 4422 4404
f 4341 4442 4381
f 4341 4382 4442
f 4422 4443 4362
f 4342 4423 4444
f 4362 4443 4406
f 4383 4445 4423
f 4407 4445 4383
f 4363 4446 4447
f 4363 4385 4446
f 4406 4448 4408
f 4446 4385 4424
f 4408 4449 4386
f 4449 4426 4386
f 4366 4428 4409
f 4387 4429 4367
f 4349 4450 4427
f 4349 4305 4450
f 4307 4411 4430
f 4389 4370 4369
f 4451 4370 4389
f 4329 4431 4411
f 4351 4452 4413
f 4391 4412 4453
f 4432 4414 4454
f 4432 4371 4414
f 4330 4391 4455
f 4456 4433 4392
f 4457 4456 4392
f 4392 4394 4457
f 4457 4394 4415
f 4271 4458 4332
f 4459 4457 4415
f 4459 4415 4460
f 4460 4415 4416
f 4395 4458 4461
f 4395 4332 4458
f 4460 4416 4434
f 4396 4462 4434
f 4417 4462 4396
f 4355 4435 4377
f 4462 4417 4436
f 4436 4437 4463
f 4419 4464 4397
f 4464 4465 4397
f 4418 4378 4466
f 4437 4418 4466
f 4397 4465 4467
f 4397 4467 4438
f 4468 4399 4439
f 4402 4469 4401
f 4440 4469 4402
f 4405 4470 4403
f 4381 4470 4405
f 4381 4442 4470
f 4342 4444 4382
f 4423 4471 4444
f 4445 4472 4423
f 4407 4363 4447
f 4448 4406 4443
f 4424 4473 4446
f 4448 4449 4408
f 4424 4425 4473
f 4426 4449 4474
f 4425 4409 4475
f 4409 4476 4475
f 4476 4409 4428
f 4387 4426 4429
f 4426 4477 4429
f 4388 4478 4410
f 4410 4479 4368
f 4480 4389 4368
f 4389 4481 4451
f 4451 4412 4370
f 4452 4351 4432
f 4391 4453 4455
f 4433 4414 4372
f 4330 4455 4393
f 4395 4461 4435
f 4482 4460 4434
f 4482 4434 4462
f 4435 4483 4377
f 4462 4436 4463
f 4419 4377 4464
f 4463 4437 4484
f 4484 4437 4466
f 4485 4463 4484
f 4378 4420 4486
f 4466 4378 4486
f 4400 4399 4468
f 4487 4420 4400
f 4404 4401 4488
f 4401 4489 4488
f 4469 4489 4401
f 4404 4488 4441
f 4382 4444 4442
f 4490 4422 4441
f 4443 4422 4490
f 4423 4472 4471
f 4407 4447 4445
f 4443 4490 4448
f 4447 4446 4491
f 4473 4491 4446
f 4473 4425 4475
f 4474 4477 4426
f 4478 4429 4492
f 4429 4478 4388
f 4479 4480 4368
f 4389 4480 4481
f 4430 4411 4493
f 4431 4493 4411
f 4412 4494 4453
f 4454 4414 4495
f 4414 4433 4495
f 4495 4433 4456
f 4496 4456 4457
f 4271 4393 4458
f 4496 4457 4459
f 4497 4459 4460
f 4497 4460 4498
f 4498 4460 4482
f 4498 4482 4462
f 4377 4483 4464
f 4498 4462 4499
f 4463 4485 4462
f 4499 4462 4485
f 4500 4499 4485
f 4466 4501 4484
f 4467 4502 4438
f 4503 4485 4484
f 4468 4439 4504
f 4439 4438 4504
f 4420 4487 4505
f 4486 4420 4505
f 4506 4469 4440
f 4506 4440 4421
f 4507 4506 4421
f 4441 4489 4508
f 4441 4488 4489
f 4490 4441 4509
f 4472 4510 4471
f 4445 4510 4472
f 4447 4511 4445
f 4445 4511 4510
f 4447 4491 4511
f 4491 4512 4511
f 4491 4473 4513
f 4513 4473 4514
f 4515 4449 4448
f 4514 4473 4475
f 4474 4449 4515
f 4514 4475 4516
f 4475 4476 4516
f 4476 4428 4516
f 4477 4492 4429
f 4517 4450 4518
f 4478 4479 4410
f 4519 4305 4390
f 4520 4481 4480
f 4494 4451 4481
f 4413 4452 4431
f 4412 4451 4494
f 4521 4495 4456
f 4522 4521 4456
f 4522 4456 4496
f 4458 4523 4461
f 4496 4459 4524
f 4497 4524 4459
f 4435 4461 4525
f 4526 4524 4527
f 4527 4524 4497
f 4527 4497 4498
f 4464 4483 4528
f 4529 4498 4499
f 4529 4527 4498
f 4465 4464 4530
f 4531 4499 4500
f 4529 4499 4531
f 4467 4465 4502
f 4466 4486 4501
f 4501 4532 4484
f 4484 4532 4503
f 4503 4533 4485
f 4500 4485 4533
f 4531 4500 4534
f 4534 4500 4533
f 4438 4502 4535
f 4504 4438 4535
f 4421 4403 4507
f 4403 4470 4507
f 4442 4536 4470
f 4442 4444 4536
f 4444 4471 4536
f 4490 4537 4448
f 4491 4513 4512
f 4448 4537 4515
f 4538 4514 4516
f 4474 4539 4477
f 4540 4427 4517
f 4427 4450 4517
f 4450 4305 4518
f 4305 4519 4518
f 4430 4519 4390
f 4493 4431 4541
f 4520 4494 4481
f 4452 4542 4431
f 4432 4543 4452
f 4432 4454 4543
f 4453 4544 4455
f 4521 4545 4495
f 4546 4393 4455
f 4458 4393 4547
f 4548 4522 4496
f 4496 4524 4548
f 4526 4548 4524
f 4435 4525 4483
f 4526 4549 4548
f 4550 4526 4527
f 4464 4528 4530
f 4530 4502 4465
f 4527 4529 4551
f 4551 4550 4527
f 4501 4552 4532
f 4503 4532 4533
f 4532 4553 4533
f 4551 4529 4531
f 4487 4400 4554
f 4400 4468 4554
f 4501 4486 4555
f 4534 4533 4553
f 4551 4531 4556
f 4557 4534 4558
f 4531 4534 4557
f 4556 4531 4557
f 4558 4534 4553
f 4489 4559 4508
f 4469 4559 4489
f 4506 4559 4469
f 4506 4507 4560
f 4508 4509 4441
f 4470 4561 4507
f 4470 4536 4561
f 4471 4562 4536
f 4511 4563 4510
f 4512 4563 4511
f 4564 4515 4537
f 4515 4564 4474
f 4564 4539 4474
f 4516 4428 4565
f 4477 4539 4492
f 4540 4428 4427
f 4492 4566 4478
f 4479 4567 4480
f 4567 4520 4480
f 4431 4568 4541
f 4542 4568 4431
f 4542 4452 4569
f 4494 4570 4571
f 4543 4569 4452
f 4453 4494 4571
f 4453 4571 4544
f 4495 4572 4454
f 4545 4572 4495
f 4573 4545 4521
f 4574 4573 4521
f 4574 4521 4522
f 4548 4574 4522
f 4575 4574 4548
f 4575 4548 4549
f 4530 4528 4576
f 4549 4526 4550
f 4502 4530 4577
f 4578 4549 4550
f 4535 4579 4504
f 4468 4504 4579
f 4468 4579 4554
f 4486 4505 4580
f 4486 4580 4555
f 4501 4555 4552
f 4552 4581 4532
f 4532 4582 4553
f 4550 4551 4583
f 4583 4551 4556
f 4582 4532 4581
f 4584 4553 4582
f 4553 4584 4558
f 4557 4558 4585
f 4583 4556 4557
f 4578 4550 4586
f 4584 4587 4558
f 4558 4587 4585
f 4588 4557 4585
f 4583 4557 4588
f 4586 4550 4583
f 4586 4583 4589
f 4583 4588 4589
f 4578 4586 4590
f 4588 4591 4592
f 4588 4592 4589
f 4590 4586 4593
f 4593 4586 4589
f 4593 4589 4592
f 4509 4594 4490
f 4563 4595 4510
f 4513 4596 4512
f 4537 4490 4597
f 4598 4513 4514
f 4599 4538 4516
f 4599 4516 4565
f 4428 4540 4565
f 4517 4518 4600
f 4601 4479 4478
f 4479 4601 4567
f 4541 4568 4602
f 4603 4494 4520
f 4494 4603 4570
f 4454 4572 4543
f 4455 4544 4604
f 4455 4604 4546
f 4393 4546 4547
f 4605 4573 4574
f 4458 4547 4523
f 4461 4523 4525
f 4606 4605 4574
f 4574 4575 4606
f 4528 4483 4607
f 4530 4576 4577
f 4549 4606 4575
f 4577 4608 4502
f 4502 4608 4535
f 4487 4609 4505
f 4554 4609 4487
f 4609 4554 4610
f 4580 4505 4609
f 4606 4549 4611
f 4611 4549 4578
f 4552 4555 4612
f 4582 4581 4613
f 4584 4582 4613
f 4584 4614 4587
f 4614 4584 4613
f 4585 4587 4615
f 4585 4591 4588
f 4615 4591 4585
f 4611 4578 4616
f 4616 4578 4590
f 4617 4618 4591
f 4591 4618 4592
f 4619 4616 4590
f 4590 4593 4620
f 4620 4619 4590
f 4592 4618 4621
f 4593 4592 4621
f 4593 4621 4622
f 4620 4593 4622
f 4560 4507 4561
f 4509 4508 4594
f 4594 4508 4623
f 4536 4562 4561
f 4510 4624 4471
f 4594 4597 4490
f 4512 4625 4563
f 4596 4625 4512
f 4596 4513 4598
f 4598 4514 4538
f 4626 4537 4597
f 4564 4537 4626
f 4492 4539 4627
f 4627 4566 4492
f 4566 4601 4478
f 4430 4628 4519
f 4430 4493 4628
f 4493 4541 4628
f 4567 4603 4520
f 4543 4572 4569
f 4604 4629 4546
f 4573 4605 4630
f 4631 4630 4605
f 4606 4631 4605
f 4632 4631 4606
f 4633 4632 4606
f 4608 4634 4535
f 4535 4634 4635
f 4535 4635 4579
f 4610 4554 4579
f 4636 4580 4609
f 4555 4580 4636
f 4555 4636 4612
f 4612 4581 4552
f 4611 4633 4606
f 4581 4612 4637
f 4638 4581 4637
f 4613 4581 4638
f 4614 4613 4639
f 4640 4633 4611
f 4614 4615 4587
f 4640 4611 4616
f 4591 4615 4617
f 4640 4616 4641
f 4641 4616 4619
f 4617 4642 4618
f 4642 4643 4618
f 4620 4644 4619
f 4643 4645 4618
f 4644 4620 4646
f 4621 4618 4645
f 4622 4646 4620
f 4621 4647 4622
f 4647 4621 4645
f 4647 4646 4622
f 4559 4506 4648
f 4559 4649 4508
f 4559 4650 4649
f 4559 4648 4650
f 4560 4648 4506
f 4508 4649 4623
f 4471 4651 4562
f 4471 4624 4651
f 4624 4510 4595
f 4595 4652 4624
f 4598 4538 4599
f 4599 4565 4653
f 4565 4540 4653
f 4654 4564 4655
f 4539 4564 4654
f 4539 4654 4627
f 4600 4540 4517
f 4519 4656 4518
f 4601 4566 4657
f 4519 4628 4656
f 4601 4658 4567
f 4659 4603 4567
f 4542 4660 4568
f 4661 4570 4603
f 4569 4660 4542
f 4662 4604 4544
f 4572 4545 4663
f 4545 4573 4664
f 4547 4546 4629
f 4573 4630 4665
f 4523 4547 4666
f 4631 4667 4630
f 4523 4668 4525
f 4525 4669 4483
f 4525 4668 4669
f 4667 4631 4670
f 4669 4607 4483
f 4670 4631 4632
f 4577 4576 4671
f 4608 4577 4671
f 4672 4632 4633
f 4579 4635 4673
f 4579 4673 4610
f 4609 4610 4636
f 4674 4672 4633
f 4612 4636 4675
f 4612 4676 4637
f 4639 4638 4677
f 4613 4638 4639
f 4640 4674 4633
f 4639 4678 4614
f 4614 4678 4615
f 4678 4679 4615
f 4615 4679 4617
f 4617 4679 4680
f 4617 4680 4642
f 4619 4681 4641
f 4681 4619 4682
f 4644 4682 4619
f 4643 4683 4645
f 4682 4644 4684
f 4646 4684 4644
f 4645 4683 4685
f 4646 4686 4684
f 4685 4687 4645
f 4647 4645 4688
f 4645 4687 4688
f 4647 4686 4646
f 4686 4647 4688
f 4561 4651 4560
f 4561 4562 4651
f 4563 4689 4595
f 4625 4689 4563
f 4596 4690 4625
f 4598 4690 4596
f 4598 4599 4653
f 4564 4626 4655
f 4691 4653 4540
f 4692 4600 4518
f 4627 4693 4566
f 4656 4628 4694
f 4601 4657 4658
f 4567 4658 4659
f 4695 4568 4660
f 4569 4572 4696
f 4572 4663 4696
f 4544 4571 4662
f 4664 4663 4545
f 4573 4665 4664
f 4547 4629 4697
f 4666 4547 4697
f 4667 4665 4630
f 4523 4666 4668
f 4528 4607 4576
f 4672 4670 4632
f 4698 4670 4672
f 4636 4610 4699
f 4610 4673 4699
f 4636 4699 4675
f 4612 4675 4676
f 4700 4674 4640
f 4677 4638 4637
f 4639 4677 4701
f 4702 4700 4640
f 4678 4639 4703
f 4640 4641 4702
f 4679 4704 4680
f 4680 4704 4705
f 4705 4643 4680
f 4680 4643 4642
f 4643 4705 4683
f 4685 4683 4706
f 4684 4707 4682
f 4687 4706 4708
f 4687 4685 4706
f 4687 4708 4688
f 4686 4709 4684
f 4707 4684 4709
f 4688 4710 4686
f 4709 4686 4711
f 4688 4708 4712
f 4710 4688 4712
f 4710 4711 4686
f 4560 4713 4648
f 4560 4651 4713
f 4652 4595 4689
f 4598 4714 4690
f 4714 4598 4653
f 4715 4714 4653
f 4540 4600 4716
f 4654 4717 4627
f 4566 4693 4657
f 4568 4695 4718
f 4568 4718 4602
f 4719 4603 4659
f 4603 4719 4661
f 4570 4661 4720
f 4571 4570 4720
f 4604 4721 4629
f 4665 4667 4722
f 4723 4724 4667
f 4670 4723 4667
f 4608 4725 4634
f 4608 4671 4725
f 4635 4634 4726
f 4727 4698 4672
f 4635 4726 4728
f 4635 4728 4673
f 4674 4727 4672
f 4699 4673 4729
f 4673 4728 4729
f 4699 4729 4730
f 4675 4699 4730
f 4676 4675 4730
f 4676 4730 4731
f 4637 4676 4731
f 4700 4727 4674
f 4637 4731 4732
f 4637 4732 4677
f 4639 4701 4703
f 4678 4703 4733
f 4702 4641 4734
f 4679 4678 4733
f 4641 4681 4734
f 4679 4733 4704
f 4682 4735 4681
f 4682 4736 4735
f 4705 4737 4683
f 4683 4737 4706
f 4707 4736 4682
f 4706 4738 4708
f 4708 4738 4739
f 4712 4708 4739
f 4710 4712 4740
f 4710 4741 4711
f 4741 4710 4740
f 4709 4711 4741
f 4650 4742 4649
f 4648 4742 4650
f 4623 4649 4743
f 4742 4743 4649
f 4652 4744 4624
f 4745 4689 4625
f 4594 4623 4597
f 4690 4745 4625
f 4655 4626 4746
f 4715 4653 4691
f 4747 4655 4746
f 4691 4540 4716
f 4654 4655 4747
f 4716 4600 4748
f 4747 4717 4654
f 4717 4693 4627
f 4518 4656 4692
f 4541 4602 4749
f 4602 4718 4749
f 4569 4750 4660
f 4571 4720 4662
f 4604 4662 4721
f 4663 4664 4751
f 4664 4722 4751
f 4664 4665 4722
f 4697 4752 4666
f 4722 4667 4753
f 4753 4667 4724
f 4607 4669 4754
f 4607 4754 4576
f 4670 4698 4723
f 4728 4726 4729
f 4730 4729 4755
f 4755 4756 4730
f 4730 4756 4731
f 4677 4732 4701
f 4727 4700 4757
f 4758 4757 4700
f 4701 4759 4760
f 4703 4701 4760
f 4758 4700 4702
f 4703 4760 4761
f 4703 4761 4733
f 4762 4758 4702
f 4761 4763 4733
f 4734 4762 4702
f 4704 4733 4764
f 4734 4681 4765
f 4735 4765 4681
f 4704 4764 4705
f 4737 4766 4767
f 4705 4766 4737
f 4705 4764 4766
f 4737 4738 4706
f 4768 4738 4737
f 4769 4736 4707
f 4738 4768 4770
f 4738 4770 4739
f 4709 4771 4707
f 4712 4739 4772
f 4712 4772 4740
f 4773 4771 4709
f 4740 4774 4741
f 4741 4775 4709
f 4775 4773 4709
f 4774 4775 4741
f 4776 4648 4713
f 4776 4742 4648
f 4689 4777 4652
f 4690 4778 4745
f 4779 4597 4623
f 4690 4714 4778
f 4597 4746 4626
f 4746 4597 4779
f 4600 4692 4748
f 4693 4717 4780
f 4657 4781 4658
f 4541 4782 4628
f 4658 4783 4659
f 4783 4719 4659
f 4695 4660 4784
f 4660 4750 4784
f 4750 4569 4696
f 4720 4661 4785
f 4786 4662 4720
f 4721 4662 4786
f 4629 4721 4787
f 4722 4788 4751
f 4629 4787 4697
f 4753 4724 4789
f 4666 4790 4668
f 4668 4790 4669
f 4791 4754 4669
f 4723 4698 4792
f 4671 4576 4754
f 4725 4793 4634
f 4792 4698 4794
f 4794 4698 4727
f 4726 4634 4793
f 4729 4726 4795
f 4755 4796 4756
f 4757 4794 4727
f 4732 4731 4797
f 4731 4756 4797
f 4701 4732 4759
f 4732 4797 4759
f 4760 4798 4761
f 4733 4799 4764
f 4733 4763 4799
f 4765 4762 4734
f 4764 4799 4800
f 4766 4764 4800
f 4736 4801 4735
f 4768 4767 4802
f 4767 4768 4737
f 4707 4771 4769
f 4772 4739 4803
f 4772 4803 4804
f 4740 4772 4804
f 4804 4774 4740
f 4775 4805 4773
f 4805 4771 4773
f 4806 4774 4804
f 4774 4806 4775
f 4807 4775 4806
f 4805 4775 4807
f 4713 4808 4776
f 4651 4809 4713
f 4713 4809 4808
f 4624 4809 4651
f 4744 4652 4777
f 4689 4745 4777
f 4715 4810 4714
f 4691 4716 4811
f 4691 4811 4715
f 4717 4747 4812
f 4693 4781 4657
f 4781 4783 4658
f 4782 4541 4749
f 4719 4783 4813
f 4695 4784 4814
f 4719 4785 4661
f 4751 4696 4663
f 4815 4696 4751
f 4786 4787 4721
f 4788 4722 4816
f 4722 4753 4816
f 4724 4723 4817
f 4754 4725 4671
f 4755 4729 4795
f 4795 4796 4755
f 4797 4818 4759
f 4819 4759 4818
f 4760 4759 4798
f 4759 4819 4798
f 4798 4763 4761
f 4799 4820 4800
f 4766 4800 4821
f 4822 4735 4801
f 4765 4735 4822
f 4766 4802 4767
f 4823 4802 4766
f 4736 4824 4801
f 4736 4769 4824
f 4768 4825 4826
f 4770 4768 4826
f 4770 4803 4739
f 4771 4827 4769
f 4828 4827 4771
f 4805 4828 4771
f 4806 4804 4829
f 4807 4806 4829
f 4830 4805 4807
f 4742 4831 4743
f 4742 4776 4831
f 4624 4832 4809
f 4832 4624 4744
f 4777 4833 4744
f 4777 4834 4833
f 4779 4623 4835
f 4715 4811 4810
f 4747 4746 4812
f 4748 4836 4716
f 4692 4656 4837
f 4781 4693 4838
f 4695 4814 4718
f 4719 4813 4785
f 4751 4788 4815
f 4697 4839 4752
f 4666 4752 4840
f 4666 4840 4790
f 4723 4792 4817
f 4792 4794 4841
f 4842 4795 4726
f 4842 4843 4795
f 4795 4843 4796
f 4756 4796 4844
f 4794 4757 4845
f 4756 4844 4797
f 4844 4818 4797
f 4757 4758 4845
f 4763 4798 4846
f 4799 4763 4846
f 4846 4820 4799
f 4762 4765 4847
f 4820 4821 4800
f 4848 4821 4820
f 4822 4847 4765
f 4766 4821 4823
f 4825 4802 4823
f 4768 4802 4825
f 4770 4826 4803
f 4849 4803 4826
f 4803 4849 4850
f 4804 4803 4850
f 4828 4805 4851
f 4829 4852 4853
f 4829 4853 4807
f 4830 4851 4805
f 4807 4853 4854
f 4830 4807 4854
f 4855 4831 4776
f 4855 4776 4808
f 4856 4745 4778
f 4835 4623 4743
f 4714 4810 4778
f 4778 4810 4856
f 4835 4857 4779
f 4812 4780 4717
f 4780 4838 4693
f 4656 4694 4858
f 4781 4859 4783
f 4859 4860 4783
f 4783 4860 4813
f 4784 4750 4861
f 4750 4696 4861
f 4696 4862 4863
f 4720 4785 4864
f 4862 4696 4815
f 4720 4864 4786
f 4788 4816 4865
f 4787 4839 4697
f 4816 4753 4866
f 4753 4789 4866
f 4725 4754 4867
f 4725 4867 4793
f 4792 4841 4817
f 4793 4842 4726
f 4843 4844 4796
f 4844 4868 4818
f 4818 4868 4819
f 4819 4868 4869
f 4798 4819 4869
f 4846 4798 4869
f 4758 4762 4870
f 4871 4820 4846
f 4847 4870 4762
f 4848 4823 4821
f 4822 4801 4872
f 4823 4873 4825
f 4874 4801 4824
f 4769 4827 4875
f 4769 4875 4824
f 4876 4850 4849
f 4852 4829 4850
f 4829 4804 4850
f 4828 4877 4827
f 4828 4851 4878
f 4878 4877 4828
f 4853 4879 4854
f 4880 4830 4854
f 4830 4878 4851
f 4831 4835 4743
f 4809 4881 4808
f 4809 4832 4881
f 4744 4882 4832
f 4833 4882 4744
f 4777 4883 4834
f 4745 4883 4777
f 4810 4811 4884
f 4857 4885 4779
f 4885 4746 4779
f 4811 4716 4836
f 4836 4748 4886
f 4692 4837 4748
f 4812 4887 4780
f 4780 4887 4838
f 4859 4781 4838
f 4694 4628 4888
f 4628 4782 4888
f 4718 4889 4890
f 4718 4814 4889
f 4861 4696 4891
f 4815 4865 4862
f 4815 4788 4865
f 4816 4866 4892
f 4669 4790 4791
f 4724 4893 4789
f 4724 4817 4893
f 4754 4894 4867
f 4793 4895 4842
f 4794 4845 4896
f 4870 4897 4758
f 4869 4871 4846
f 4871 4848 4820
f 4847 4822 4898
f 4898 4822 4872
f 4848 4873 4823
f 4874 4872 4801
f 4826 4825 4899
f 4899 4900 4826
f 4849 4826 4900
f 4877 4875 4827
f 4879 4853 4852
f 4878 4901 4877
f 4902 4830 4880
f 4902 4878 4830
f 4903 4878 4902
f 4901 4878 4903
f 4855 4904 4831
f 4808 4881 4855
f 4745 4856 4883
f 4831 4904 4835
f 4885 4905 4746
f 4746 4905 4812
f 4748 4837 4886
f 4812 4906 4887
f 4656 4858 4907
f 4694 4888 4858
f 4859 4838 4908
f 4718 4890 4749
f 4813 4860 4909
f 4813 4864 4785
f 4891 4696 4863
f 4786 4910 4911
f 4786 4864 4910
f 4786 4911 4787
f 4816 4892 4865
f 4839 4912 4752
f 4791 4894 4754
f 4841 4913 4817
f 4895 4793 4914
f 4793 4867 4914
f 4895 4915 4842
f 4841 4896 4913
f 4843 4842 4915
f 4915 4916 4843
f 4841 4794 4896
f 4844 4843 4916
f 4916 4868 4844
f 4845 4917 4896
f 4869 4868 4918
f 4845 4758 4897
f 4869 4919 4871
f 4870 4847 4920
f 4920 4847 4898
f 4848 4871 4921
f 4921 4873 4848
f 4873 4899 4825
f 4874 4824 4875
f 4876 4849 4900
f 4922 4850 4876
f 4852 4850 4922
f 4852 4922 4879
f 4877 4901 4923
f 4923 4924 4877
f 4854 4879 4925
f 4854 4925 4880
f 4880 4925 4902
f 4902 4925 4926
f 4923 4901 4903
f 4927 4903 4902
f 4856 4928 4883
f 4881 4929 4855
f 4832 4882 4930
f 4833 4931 4882
f 4834 4931 4833
f 4835 4932 4857
f 4904 4932 4835
f 4884 4933 4810
f 4934 4811 4836
f 4905 4906 4812
f 4837 4656 4907
f 4908 4838 4887
f 4860 4935 4909
f 4784 4861 4936
f 4813 4909 4864
f 4911 4937 4787
f 4839 4787 4938
f 4839 4938 4912
f 4752 4912 4840
f 4790 4840 4939
f 4789 4940 4866
f 4791 4790 4939
f 4791 4939 4941
f 4789 4893 4940
f 4894 4942 4867
f 4918 4868 4916
f 4845 4897 4917
f 4869 4918 4919
f 4920 4943 4870
f 4877 4924 4875
f 4944 4879 4922
f 4925 4879 4944
f 4926 4944 4945
f 4926 4925 4944
f 4902 4926 4927
f 4926 4946 4927
f 4923 4903 4947
f 4883 4928 4948
f 4904 4855 4949
f 4949 4855 4929
f 4832 4930 4881
f 4810 4950 4856
f 4932 4904 4949
f 4857 4932 4951
f 4884 4934 4933
f 4811 4934 4884
f 4934 4836 4952
f 4952 4836 4886
f 4886 4837 4953
f 4908 4887 4954
f 4749 4890 4782
f 4860 4908 4935
f 4860 4859 4908
f 4909 4955 4864
f 4955 4910 4864
f 4956 4911 4910
f 4787 4937 4938
f 4817 4913 4893
f 4895 4957 4915
f 4958 4913 4896
f 4957 4959 4915
f 4915 4959 4916
f 4959 4960 4916
f 4916 4960 4918
f 4917 4958 4896
f 4919 4918 4960
f 4943 4897 4870
f 4961 4871 4919
f 4921 4871 4961
f 4962 4963 4920
f 4920 4898 4962
f 4872 4962 4898
f 4921 4964 4899
f 4873 4921 4899
f 4874 4875 4965
f 4899 4966 4900
f 4967 4966 4899
f 4900 4966 4876
f 4924 4968 4875
f 4876 4966 4922
f 4969 4944 4922
f 4924 4923 4970
f 4946 4926 4945
f 4903 4927 4947
f 4947 4927 4971
f 4834 4883 4948
f 4881 4930 4929
f 4856 4950 4928
f 4950 4810 4933
f 4934 4952 4972
f 4887 4906 4973
f 4888 4974 4858
f 4888 4782 4974
f 4782 4890 4975
f 4908 4976 4935
f 4784 4977 4814
f 4784 4936 4977
f 4861 4891 4936
f 4935 4955 4909
f 4891 4863 4978
f 4865 4979 4862
f 4911 4956 4937
f 4912 4939 4840
f 4913 4980 4893
f 4867 4942 4914
f 4914 4981 4895
f 4895 4981 4957
f 4913 4958 4982
f 4958 4917 4983
f 4897 4943 4984
f 4943 4920 4963
f 4874 4985 4872
f 4964 4967 4899
f 4875 4968 4965
f 4986 4944 4969
f 4944 4986 4945
f 4945 4987 4946
f 4947 4988 4923
f 4923 4988 4970
f 4927 4946 4989
f 4971 4927 4989
f 4834 4990 4931
f 4950 4991 4928
f 4949 4992 4932
f 4949 4929 4992
f 4882 4993 4930
f 4931 4993 4882
f 4932 4992 4951
f 4994 4951 4992
f 4857 4995 4885
f 4995 4905 4885
f 4905 4996 4906
f 4887 4973 4954
f 4837 4907 4953
f 4954 4976 4908
f 4782 4975 4974
f 4935 4997 4955
f 4910 4998 4956
f 4865 4892 4979
f 4892 4999 4979
f 4912 4938 5000
f 4892 4866 4999
f 4912 5000 4939
f 4913 4982 5001
f 4958 4983 4982
f 4897 5002 4917
f 4984 5002 4897
f 5003 4961 4919
f 4943 4963 4984
f 4984 4963 5004
f 4961 4964 4921
f 5004 4963 4962
f 5005 5004 4962
f 4872 5005 4962
f 5005 4872 4985
f 4874 4965 4985
f 5006 4966 4967
f 4922 4966 5007
f 4922 5007 4969
f 4986 4969 5008
f 4986 4987 4945
f 4987 5009 4946
f 4946 5009 5010
f 4989 4946 5010
f 5011 4947 4971
f 5011 4988 4947
f 4971 4989 5012
f 5011 4971 5012
f 4834 4948 4990
f 4928 4991 4948
f 4929 5013 4992
f 4950 4933 5014
f 4933 4934 4972
f 5015 4972 4952
f 4951 4995 4857
f 4953 5016 4886
f 4906 4996 4973
f 4954 4973 5017
f 4954 5017 4976
f 4890 5018 4975
f 4890 4889 5018
f 4863 5019 4978
f 4863 4862 5019
f 4862 4979 5019
f 4910 4955 4998
f 4937 4956 4938
f 4866 4940 4999
f 4940 4893 5020
f 4941 4939 5021
f 4893 4980 5020
f 4791 4941 4894
f 4941 5022 4894
f 4894 5022 4942
f 4914 4942 5023
f 4980 4913 5001
f 4981 5024 5025
f 4981 5025 4957
f 5026 4957 5025
f 5026 4959 4957
f 4959 5027 4960
f 4960 5027 4919
f 5002 5028 4917
f 5007 4966 5006
f 4969 5007 5008
f 4924 4970 5029
f 4987 4986 5030
f 4988 5011 5031
f 4989 5010 5032
f 4989 5032 5012
f 4948 4991 5033
f 4930 5034 4929
f 4929 5034 5013
f 4930 4993 5034
f 4993 4931 5034
f 4950 5014 4991
f 4992 5035 4994
f 4933 4972 5014
f 4995 4951 4994
f 4952 5016 5015
f 4952 4886 5016
f 4995 5036 4905
f 4996 4905 5036
f 5037 4996 5036
f 5016 4953 5038
f 4953 5039 5040
f 4953 4907 5039
f 5041 4907 4858
f 4858 4974 5041
f 4889 4814 5018
f 4977 5018 4814
f 4976 5042 4935
f 5042 4997 4935
f 4891 5043 4936
f 5044 4956 4998
f 4979 4999 5045
f 4999 4940 5020
f 4939 5000 5046
f 5046 5021 4939
f 5022 5047 4942
f 5047 5023 4942
f 4914 5023 5024
f 4914 5024 4981
f 5026 5027 4959
f 4983 4917 5048
f 4919 5027 5003
f 4917 5028 5048
f 4984 5049 5002
f 5050 5049 4984
f 4984 5004 5050
f 5051 5004 5005
f 5052 5051 5005
f 4985 5052 5005
f 4964 5053 4967
f 5054 5052 4985
f 4985 4965 5054
f 4965 4968 5054
f 5006 5055 5007
f 5056 4986 5008
f 5029 5057 4968
f 5029 4968 4924
f 4986 5056 5030
f 5030 5009 4987
f 4970 4988 5058
f 5029 4970 5058
f 4988 5031 5058
f 5013 5035 4992
f 4972 5059 5014
f 5041 5039 4907
f 5041 4974 4975
f 4976 5017 5060
f 4977 5061 5018
f 4977 4936 5061
f 5045 4999 5062
f 4956 5044 5063
f 4956 5063 4938
f 4938 5063 5000
f 5000 5064 5046
f 4941 5021 5022
f 5024 5026 5025
f 5026 5065 5027
f 4983 5048 4982
f 5028 5066 5048
f 5049 5028 5002
f 5003 5067 4961
f 5068 5069 4961
f 5050 5004 5070
f 5070 5004 5051
f 5069 4964 4961
f 5071 4964 5069
f 5052 5054 5072
f 5053 5006 4967
f 4968 5073 5054
f 5007 5055 5074
f 5008 5007 5074
f 5008 5074 5056
f 5073 4968 5057
f 5075 5009 5030
f 5010 5009 5076
f 5009 5075 5076
f 5032 5010 5076
f 5012 5032 5077
f 5077 5011 5012
f 5011 5077 5078
f 5014 5079 4991
f 5014 5059 5079
f 5034 5080 5013
f 5034 5081 5080
f 4994 5035 5082
f 5015 5083 4972
f 5082 5036 4995
f 4994 5082 4995
f 5037 5084 4996
f 4953 5040 5038
f 4996 5084 4973
f 4973 5085 5017
f 4936 5043 5061
f 4891 4978 5043
f 4955 4997 5086
f 4955 5086 4998
f 5019 4979 5045
f 5062 4999 5087
f 4999 5020 5087
f 5000 5063 5064
f 5020 4980 5001
f 5021 5046 5088
f 5021 5088 5089
f 5021 5090 5022
f 5024 5023 5091
f 5026 5024 5091
f 5092 5066 5028
f 5093 5092 5028
f 5093 5028 5049
f 5068 4961 5067
f 5049 5050 5093
f 5051 5094 5070
f 5095 5051 5052
f 5052 5072 5095
f 4964 5071 5053
f 5077 5032 5096
f 5032 5076 5096
f 5031 5011 5078
f 4990 5097 4931
f 4991 5098 5099
f 4991 5079 5098
f 5035 5013 5080
f 4972 5083 5059
f 5035 5100 5082
f 5080 5100 5035
f 5083 5015 5101
f 5015 5016 5038
f 5082 5102 5036
f 5085 4973 5084
f 5017 5085 5060
f 5039 5041 5103
f 5103 5041 5104
f 5105 4975 5018
f 5060 5106 4976
f 5105 5018 5061
f 4976 5106 5042
f 5019 5045 5107
f 4998 5108 5044
f 5087 5020 5109
f 5063 5110 5064
f 5020 5001 5109
f 5046 5064 5088
f 5021 5089 5090
f 5090 5111 5022
f 5047 5022 5111
f 5001 4982 5112
f 5047 5113 5023
f 5023 5113 5091
f 5048 5114 4982
f 5115 5048 5066
f 5116 5003 5027
f 5093 5050 5117
f 5117 5118 5093
f 5070 5117 5050
f 5094 5117 5070
f 5094 5051 5095
f 5054 5119 5072
f 5120 5055 5006
f 5121 5055 5120
f 5121 5122 5055
f 5074 5055 5122
f 5122 5123 5074
f 5074 5123 5056
f 5056 5124 5030
f 5075 5030 5124
f 5075 5125 5076
f 5076 5125 5096
f 4991 5099 5033
f 5034 5097 5081
f 4931 5097 5034
f 5082 5100 5102
f 5015 5038 5101
f 5126 5038 5040
f 5085 5127 5060
f 5041 5128 5104
f 5041 4975 5128
f 5105 5128 4975
f 5042 5086 4997
f 5019 5129 4978
f 4998 5086 5108
f 5062 5130 5045
f 5062 5131 5130
f 5062 5087 5131
f 5109 5001 5112
f 5114 5112 4982
f 5091 5132 5026
f 5026 5133 5065
f 5065 5116 5027
f 5003 5116 5067
f 5134 5135 5066
f 5092 5134 5066
f 5136 5068 5067
f 5118 5134 5092
f 5118 5092 5093
f 5069 5137 5071
f 5072 5138 5095
f 5006 5053 5120
f 5053 5139 5120
f 5140 5122 5121
f 5073 5119 5054
f 5056 5123 5124
f 5029 5141 5057
f 5141 5142 5057
f 5029 5058 5143
f 5031 5078 5144
f 5058 5031 5144
f 5077 5096 5145
f 5096 5146 5145
f 4948 5033 4990
f 5147 5102 5100
f 5101 5038 5148
f 5147 5149 5102
f 5036 5102 5149
f 5038 5126 5150
f 5036 5084 5037
f 5040 5039 5103
f 5128 5105 5151
f 5060 5127 5106
f 5061 5152 5105
f 5061 5043 5152
f 5042 5153 5086
f 4978 5129 5043
f 5129 5019 5107
f 5154 5108 5086
f 5130 5107 5045
f 5063 5155 5110
f 5064 5110 5088
f 5089 5156 5090
f 5047 5111 5157
f 5157 5113 5047
f 5113 5132 5091
f 5026 5132 5133
f 5114 5048 5115
f 5066 5135 5115
f 5158 5067 5116
f 5117 5159 5118
f 5068 5137 5069
f 5159 5117 5094
f 5160 5159 5094
f 5160 5094 5095
f 5138 5160 5095
f 5071 5161 5053
f 5162 5138 5072
f 5163 5121 5120
f 5119 5162 5072
f 5121 5163 5140
f 5073 5057 5119
f 5164 5124 5123
f 5142 5119 5057
f 5029 5143 5141
f 5096 5125 5146
f 5143 5058 5144
f 5078 5077 5145
f 5059 5165 5079
f 5165 5059 5083
f 5080 5166 5100
f 5081 5167 5080
f 5100 5166 5147
f 5149 5168 5036
f 5036 5168 5084
f 5169 5126 5040
f 5103 5169 5040
f 5169 5103 5104
f 5043 5170 5152
f 5086 5153 5154
f 5087 5171 5131
f 5087 5109 5171
f 5044 5155 5063
f 5088 5110 5172
f 5112 5114 5173
f 5111 5174 5157
f 5157 5175 5132
f 5157 5132 5113
f 5115 5176 5114
f 5133 5177 5065
f 5116 5065 5177
f 5116 5178 5158
f 5179 5135 5134
f 5067 5158 5136
f 5180 5134 5118
f 5180 5118 5159
f 5159 5160 5181
f 5161 5182 5053
f 5183 5120 5139
f 5120 5183 5163
f 5184 5122 5140
f 5122 5185 5123
f 5124 5186 5075
f 5075 5186 5125
f 5125 5187 5146
f 5079 5188 5098
f 4990 5189 5097
f 5166 5080 5167
f 5166 5190 5147
f 5038 5150 5148
f 5147 5191 5149
f 5168 5149 5191
f 5105 5152 5151
f 5106 5153 5042
f 5043 5192 5170
f 5043 5129 5192
f 5129 5107 5193
f 5107 5130 5193
f 5130 5131 5194
f 5195 5044 5108
f 5171 5109 5196
f 5155 5197 5110
f 5197 5172 5110
f 5088 5172 5089
f 5090 5156 5198
f 5090 5198 5111
f 5157 5174 5175
f 5173 5114 5176
f 5179 5199 5135
f 5180 5179 5134
f 5068 5136 5200
f 5201 5180 5159
f 5137 5068 5202
f 5201 5159 5181
f 5181 5203 5201
f 5161 5071 5137
f 5138 5204 5160
f 5181 5160 5204
f 5182 5139 5053
f 5205 5204 5138
f 5163 5206 5140
f 5184 5185 5122
f 5119 5207 5162
f 5123 5185 5164
f 5124 5164 5186
f 5125 5186 5187
f 5141 5143 5208
f 5209 5143 5144
f 5208 5143 5209
f 5146 5210 5145
f 5144 5078 5211
f 5078 5145 5211
f 5188 5099 5098
f 5033 5212 4990
f 4990 5212 5189
f 5083 5213 5165
f 5097 5167 5081
f 5083 5101 5213
f 5190 5191 5147
f 5169 5214 5126
f 5085 5084 5215
f 5215 5216 5085
f 5127 5085 5216
f 5104 5217 5169
f 5104 5128 5218
f 5216 5106 5127
f 5128 5151 5218
f 5153 5219 5154
f 5129 5193 5220
f 5193 5130 5194
f 5131 5171 5221
f 5196 5221 5171
f 5222 5196 5109
f 5044 5223 5155
f 5109 5112 5222
f 5089 5172 5224
f 5089 5224 5198
f 5089 5198 5156
f 5174 5111 5225
f 5175 5133 5132
f 5115 5135 5176
f 5116 5177 5178
f 5136 5158 5226
f 5136 5226 5200
f 5227 5179 5180
f 5227 5180 5201
f 5200 5202 5068
f 5202 5161 5137
f 5202 5228 5161
f 5181 5204 5229
f 5205 5229 5204
f 5182 5183 5139
f 5182 5230 5183
f 5183 5230 5163
f 5231 5205 5138
f 5138 5162 5231
f 5119 5142 5207
f 5142 5141 5207
f 5187 5210 5146
f 5209 5144 5232
f 5232 5144 5211
f 5165 5188 5079
f 5033 5099 5212
f 5189 5233 5097
f 5097 5233 5167
f 5148 5213 5101
f 5148 5150 5234
f 5191 5190 5235
f 5168 5191 5236
f 5150 5126 5214
f 5168 5215 5084
f 5217 5104 5218
f 5151 5152 5237
f 5192 5129 5220
f 5044 5195 5223
f 5112 5173 5238
f 5112 5238 5222
f 5111 5198 5225
f 5175 5239 5133
f 5133 5240 5177
f 5135 5241 5176
f 5199 5241 5135
f 5199 5242 5241
f 5178 5177 5243
f 5179 5242 5199
f 5242 5179 5244
f 5179 5227 5244
f 5201 5245 5227
f 5201 5203 5245
f 5246 5203 5181
f 5228 5182 5161
f 5246 5181 5229
f 5205 5247 5229
f 5163 5230 5206
f 5140 5206 5248
f 5184 5140 5248
f 5207 5231 5162
f 5249 5186 5164
f 5207 5141 5250
f 5250 5141 5208
f 5208 5209 5251
f 5210 5252 5145
f 5211 5145 5252
f 5251 5209 5232
f 5188 5253 5099
f 5253 5212 5099
f 5190 5166 5254
f 5254 5166 5167
f 5233 5254 5167
f 5235 5236 5191
f 5150 5214 5234
f 5169 5217 5214
f 5151 5237 5218
f 5152 5170 5237
f 5192 5220 5255
f 5194 5131 5256
f 5131 5221 5256
f 5154 5257 5108
f 5108 5257 5195
f 5223 5258 5155
f 5155 5258 5197
f 5224 5172 5197
f 5259 5173 5176
f 5174 5225 5260
f 5260 5175 5174
f 5175 5260 5239
f 5241 5259 5176
f 5133 5239 5240
f 5241 5242 5261
f 5226 5158 5178
f 5178 5262 5226
f 5200 5263 5202
f 5203 5264 5245
f 5228 5265 5182
f 5266 5246 5229
f 5265 5230 5182
f 5247 5266 5229
f 5230 5267 5206
f 5207 5268 5231
f 5185 5249 5164
f 5269 5268 5207
f 5249 5270 5186
f 5271 5269 5207
f 5270 5272 5186
f 5207 5250 5271
f 5186 5272 5187
f 5272 5273 5187
f 5187 5273 5210
f 5274 5208 5251
f 5212 5275 5189
f 5213 5276 5165
f 5213 5148 5277
f 5254 5278 5190
f 5234 5279 5148
f 5190 5278 5235
f 5236 5280 5168
f 5168 5280 5215
f 5218 5237 5281
f 5106 5282 5153
f 5170 5192 5255
f 5220 5193 5283
f 5194 5256 5284
f 5173 5285 5238
f 5224 5197 5286
f 5224 5286 5287
f 5173 5259 5288
f 5224 5289 5198
f 5198 5289 5225
f 5177 5240 5290
f 5290 5291 5177
f 5177 5291 5243
f 5292 5242 5244
f 5293 5178 5243
f 5294 5200 5226
f 5295 5244 5227
f 5200 5294 5263
f 5296 5295 5227
f 5202 5263 5228
f 5227 5245 5296
f 5264 5296 5245
f 5264 5203 5246
f 5297 5264 5246
f 5297 5246 5266
f 5267 5230 5265
f 5247 5205 5298
f 5205 5231 5298
f 5184 5299 5185
f 5185 5299 5249
f 5250 5208 5274
f 5271 5250 5274
f 5273 5300 5210
f 5300 5252 5210
f 5232 5211 5252
f 5232 5252 5301
f 5302 5251 5232
f 5302 5232 5301
f 5188 5165 5303
f 5165 5276 5303
f 5233 5189 5304
f 5189 5275 5304
f 5148 5279 5277
f 5278 5254 5305
f 5305 5254 5233
f 5235 5278 5306
f 5307 5306 5278
f 5306 5280 5236
f 5235 5306 5236
f 5218 5308 5217
f 5216 5309 5106
f 5170 5255 5237
f 5153 5282 5219
f 5283 5193 5284
f 5193 5194 5284
f 5219 5310 5154
f 5154 5310 5257
f 5196 5311 5221
f 5196 5312 5311
f 5222 5312 5196
f 5195 5257 5223
f 5238 5312 5222
f 5197 5258 5286
f 5285 5173 5288
f 5289 5224 5287
f 5225 5313 5260
f 5241 5261 5259
f 5292 5261 5242
f 5293 5262 5178
f 5244 5295 5292
f 5262 5294 5226
f 5314 5295 5296
f 5314 5296 5264
f 5297 5315 5264
f 5316 5297 5266
f 5317 5206 5267
f 5206 5317 5248
f 5248 5318 5184
f 5184 5318 5299
f 5231 5268 5298
f 5319 5270 5249
f 5270 5320 5272
f 5272 5320 5273
f 5273 5321 5300
f 5322 5251 5302
f 5274 5251 5322
f 5323 5274 5322
f 5301 5252 5300
f 5213 5277 5276
f 5212 5324 5275
f 5304 5305 5233
f 5325 5279 5234
f 5280 5306 5326
f 5234 5214 5327
f 5328 5214 5217
f 5215 5329 5216
f 5281 5308 5218
f 5216 5329 5309
f 5106 5309 5282
f 5255 5220 5330
f 5284 5256 5331
f 5256 5221 5332
f 5238 5285 5312
f 5225 5289 5333
f 5333 5313 5225
f 5239 5260 5240
f 5260 5334 5240
f 5291 5335 5243
f 5243 5336 5293
f 5337 5263 5294
f 5338 5339 5295
f 5340 5263 5337
f 5314 5338 5295
f 5340 5228 5263
f 5228 5341 5265
f 5228 5340 5341
f 5315 5314 5264
f 5265 5341 5267
f 5297 5342 5315
f 5341 5343 5267
f 5342 5297 5316
f 5317 5267 5343
f 5316 5266 5344
f 5266 5247 5344
f 5345 5344 5247
f 5317 5346 5248
f 5318 5347 5299
f 5268 5348 5298
f 5299 5319 5249
f 5299 5347 5319
f 5349 5269 5271
f 5321 5273 5320
f 5271 5274 5349
f 5321 5350 5300
f 5301 5300 5350
f 5302 5301 5322
f 5188 5351 5253
f 5188 5303 5351
f 5278 5305 5352
f 5234 5327 5325
f 5306 5307 5326
f 5214 5328 5327
f 5215 5280 5326
f 5215 5326 5353
f 5217 5308 5328
f 5281 5354 5308
f 5281 5355 5354
f 5281 5237 5355
f 5237 5255 5355
f 5355 5255 5330
f 5283 5330 5220
f 5283 5284 5356
f 5284 5331 5356
f 5282 5357 5219
f 5257 5358 5223
f 5358 5258 5223
f 5285 5359 5312
f 5286 5360 5287
f 5287 5360 5289
f 5260 5313 5334
f 5261 5361 5259
f 5362 5240 5334
f 5240 5362 5290
f 5290 5362 5363
f 5290 5363 5291
f 5335 5291 5363
f 5335 5336 5243
f 5293 5336 5364
f 5295 5365 5292
f 5293 5364 5366
f 5293 5366 5262
f 5262 5366 5294
f 5337 5294 5366
f 5295 5339 5365
f 5367 5339 5338
f 5314 5367 5338
f 5368 5314 5315
f 5247 5298 5345
f 5248 5346 5318
f 5319 5320 5270
f 5349 5369 5269
f 5370 5269 5369
f 5320 5371 5321
f 5349 5274 5372
f 5322 5301 5373
f 5301 5350 5373
f 5322 5373 5323
f 5372 5274 5323
f 5253 5374 5212
f 5279 5325 5375
f 5352 5307 5278
f 5376 5307 5352
f 5326 5307 5376
f 5353 5326 5376
f 5215 5353 5329
f 5329 5377 5309
f 5356 5330 5283
f 5331 5256 5332
f 5311 5332 5221
f 5311 5378 5379
f 5378 5311 5312
f 5359 5378 5312
f 5359 5285 5380
f 5258 5381 5286
f 5286 5382 5360
f 5289 5360 5333
f 5259 5383 5288
f 5333 5384 5313
f 5313 5384 5385
f 5313 5385 5334
f 5334 5385 5362
f 5261 5292 5386
f 5362 5387 5363
f 5388 5335 5363
f 5335 5388 5336
f 5386 5292 5365
f 5366 5389 5337
f 5390 5365 5339
f 5389 5391 5337
f 5337 5391 5340
f 5367 5314 5368
f 5368 5315 5342
f 5317 5343 5346
f 5345 5392 5344
f 5318 5393 5347
f 5348 5394 5298
f 5347 5395 5319
f 5348 5268 5396
f 5268 5370 5396
f 5269 5370 5268
f 5369 5349 5397
f 5397 5349 5372
f 5372 5323 5398
f 5303 5399 5351
f 5277 5400 5276
f 5305 5401 5352
f 5376 5352 5401
f 5402 5403 5308
f 5329 5353 5377
f 5402 5308 5354
f 5354 5355 5404
f 5330 5405 5355
f 5330 5356 5405
f 5309 5406 5282
f 5356 5331 5407
f 5408 5407 5331
f 5331 5332 5408
f 5219 5357 5310
f 5257 5310 5409
f 5257 5409 5358
f 5358 5381 5258
f 5382 5286 5381
f 5288 5380 5285
f 5360 5410 5333
f 5259 5361 5383
f 5411 5384 5333
f 5385 5412 5362
f 5362 5412 5387
f 5363 5387 5388
f 5336 5388 5413
f 5336 5413 5364
f 5364 5413 5366
f 5390 5339 5367
f 5340 5391 5341
f 5414 5368 5342
f 5414 5342 5415
f 5342 5316 5415
f 5316 5344 5415
f 5343 5416 5346
f 5346 5416 5318
f 5318 5416 5393
f 5394 5345 5298
f 5393 5395 5347
f 5396 5394 5348
f 5417 5418 5319
f 5319 5418 5320
f 5320 5418 5371
f 5419 5321 5371
f 5420 5350 5321
f 5421 5350 5420
f 5373 5350 5421
f 5323 5373 5398
f 5397 5372 5398
f 5276 5399 5303
f 5400 5422 5276
f 5276 5422 5399
f 5275 5324 5423
f 5212 5374 5324
f 5277 5279 5400
f 5279 5375 5400
f 5275 5423 5304
f 5401 5305 5424
f 5403 5328 5308
f 5404 5402 5354
f 5377 5406 5309
f 5405 5404 5355
f 5405 5356 5425
f 5407 5425 5356
f 5426 5408 5332
f 5332 5311 5379
f 5409 5427 5358
f 5382 5428 5360
f 5333 5410 5411
f 5384 5412 5385
f 5361 5261 5386
f 5387 5429 5388
f 5388 5429 5413
f 5365 5430 5386
f 5413 5389 5366
f 5390 5430 5365
f 5389 5431 5391
f 5390 5367 5432
f 5367 5433 5432
f 5391 5434 5341
f 5391 5435 5434
f 5367 5368 5433
f 5433 5368 5414
f 5415 5436 5414
f 5437 5415 5344
f 5438 5437 5344
f 5344 5392 5438
f 5345 5439 5392
f 5393 5416 5440
f 5440 5441 5393
f 5345 5394 5439
f 5395 5393 5441
f 5395 5417 5319
f 5442 5371 5418
f 5370 5443 5396
f 5443 5370 5369
f 5420 5321 5419
f 5443 5369 5444
f 5445 5369 5397
f 5444 5369 5445
f 5421 5446 5447
f 5421 5447 5373
f 5398 5373 5447
f 5398 5447 5448
f 5397 5398 5449
f 5449 5398 5448
f 5374 5253 5351
f 5450 5423 5324
f 5304 5424 5305
f 5451 5452 5376
f 5401 5451 5376
f 5376 5452 5353
f 5377 5353 5452
f 5453 5403 5402
f 5453 5402 5454
f 5404 5454 5402
f 5454 5404 5455
f 5455 5404 5405
f 5456 5425 5407
f 5406 5457 5282
f 5379 5426 5332
f 5357 5409 5310
f 5378 5359 5458
f 5358 5427 5381
f 5381 5427 5459
f 5381 5428 5382
f 5383 5380 5288
f 5411 5410 5460
f 5361 5461 5383
f 5361 5462 5461
f 5384 5463 5412
f 5361 5386 5462
f 5387 5464 5429
f 5412 5464 5387
f 5386 5430 5462
f 5413 5465 5389
f 5430 5390 5466
f 5389 5465 5431
f 5432 5467 5390
f 5467 5466 5390
f 5431 5435 5391
f 5468 5467 5432
f 5433 5468 5432
f 5341 5434 5343
f 5469 5433 5414
f 5436 5469 5414
f 5470 5471 5343
f 5436 5415 5437
f 5471 5416 5343
f 5392 5439 5438
f 5441 5417 5395
f 5371 5442 5419
f 5443 5472 5396
f 5420 5446 5421
f 5446 5473 5447
f 5397 5449 5445
f 5374 5474 5324
f 5475 5374 5351
f 5400 5375 5476
f 5375 5325 5477
f 5424 5478 5401
f 5423 5424 5304
f 5325 5327 5477
f 5327 5328 5477
f 5478 5451 5401
f 5406 5377 5479
f 5406 5479 5457
f 5405 5425 5455
f 5357 5282 5457
f 5378 5458 5379
f 5458 5359 5480
f 5359 5380 5480
f 5381 5459 5428
f 5384 5411 5463
f 5411 5460 5463
f 5412 5463 5464
f 5429 5481 5413
f 5481 5465 5413
f 5482 5466 5467
f 5483 5434 5435
f 5343 5434 5470
f 5469 5468 5433
f 5440 5416 5471
f 5484 5440 5471
f 5439 5485 5438
f 5440 5484 5441
f 5418 5417 5486
f 5486 5442 5418
f 5442 5487 5419
f 5472 5394 5396
f 5419 5488 5420
f 5472 5443 5489
f 5420 5488 5446
f 5443 5444 5489
f 5446 5488 5473
f 5447 5473 5490
f 5447 5490 5448
f 5449 5448 5491
f 5448 5490 5491
f 5445 5449 5491
f 5351 5399 5475
f 5400 5492 5422
f 5450 5324 5474
f 5476 5492 5400
f 5375 5477 5476
f 5403 5477 5328
f 5478 5493 5451
f 5451 5493 5452
f 5494 5452 5493
f 5377 5452 5494
f 5495 5455 5425
f 5425 5456 5495
f 5426 5379 5496
f 5457 5497 5357
f 5357 5498 5409
f 5357 5497 5498
f 5427 5409 5498
f 5427 5499 5459
f 5459 5500 5428
f 5501 5480 5380
f 5501 5380 5383
f 5360 5428 5410
f 5502 5461 5462
f 5430 5502 5462
f 5503 5430 5466
f 5435 5431 5483
f 5504 5482 5467
f 5468 5505 5467
f 5505 5504 5467
f 5468 5506 5505
f 5468 5469 5506
f 5469 5436 5507
f 5507 5506 5469
f 5436 5437 5507
f 5437 5438 5508
f 5508 5509 5437
f 5485 5508 5438
f 5441 5510 5511
f 5417 5441 5511
f 5486 5417 5511
f 5486 5512 5487
f 5394 5513 5439
f 5487 5442 5486
f 5472 5513 5394
f 5419 5487 5488
f 5473 5514 5490
f 5444 5445 5515
f 5516 5444 5515
f 5489 5444 5516
f 5515 5445 5491
f 5422 5492 5399
f 5476 5517 5492
f 5476 5518 5517
f 5477 5519 5476
f 5424 5520 5478
f 5520 5424 5521
f 5423 5521 5424
f 5403 5453 5522
f 5523 5453 5454
f 5494 5479 5377
f 5495 5523 5454
f 5455 5495 5454
f 5495 5456 5524
f 5379 5458 5496
f 5499 5427 5498
f 5499 5525 5459
f 5525 5500 5459
f 5500 5526 5428
f 5428 5526 5410
f 5461 5527 5383
f 5410 5528 5460
f 5527 5461 5529
f 5460 5530 5463
f 5502 5529 5461
f 5464 5481 5429
f 5529 5502 5503
f 5430 5503 5502
f 5531 5465 5481
f 5532 5503 5466
f 5482 5532 5466
f 5533 5532 5482
f 5431 5534 5483
f 5483 5535 5434
f 5535 5470 5434
f 5470 5536 5471
f 5507 5437 5509
f 5537 5507 5509
f 5484 5471 5538
f 5508 5539 5509
f 5484 5538 5540
f 5508 5485 5539
f 5541 5539 5485
f 5441 5484 5540
f 5510 5441 5540
f 5486 5511 5542
f 5513 5485 5439
f 5488 5543 5514
f 5488 5514 5473
f 5514 5544 5490
f 5544 5491 5490
f 5545 5515 5491
f 5474 5546 5450
f 5374 5547 5474
f 5477 5548 5519
f 5520 5549 5478
f 5522 5477 5403
f 5549 5494 5493
f 5478 5549 5493
f 5550 5479 5494
f 5479 5550 5457
f 5456 5407 5524
f 5408 5551 5407
f 5426 5551 5408
f 5426 5496 5552
f 5553 5498 5497
f 5554 5458 5555
f 5553 5499 5498
f 5556 5525 5499
f 5383 5527 5501
f 5410 5526 5528
f 5528 5530 5460
f 5463 5557 5464
f 5464 5557 5481
f 5503 5532 5558
f 5531 5559 5465
f 5465 5559 5534
f 5465 5534 5431
f 5560 5532 5533
f 5561 5560 5533
f 5561 5533 5482
f 5561 5482 5504
f 5562 5561 5504
f 5562 5504 5505
f 5563 5562 5505
f 5563 5505 5537
f 5537 5505 5506
f 5536 5538 5471
f 5506 5507 5537
f 5509 5564 5537
f 5512 5486 5542
f 5565 5541 5485
f 5512 5566 5487
f 5485 5513 5567
f 5488 5487 5566
f 5568 5513 5472
f 5472 5489 5569
f 5568 5472 5569
f 5543 5570 5514
f 5489 5571 5569
f 5514 5570 5544
f 5515 5545 5516
f 5572 5491 5544
f 5545 5491 5572
f 5399 5573 5475
f 5492 5517 5399
f 5518 5574 5517
f 5519 5518 5476
f 5474 5547 5546
f 5423 5575 5521
f 5450 5575 5423
f 5522 5548 5477
f 5520 5521 5576
f 5453 5523 5577
f 5578 5494 5549
f 5577 5523 5495
f 5579 5457 5550
f 5551 5524 5407
f 5457 5579 5497
f 5580 5497 5579
f 5497 5580 5553
f 5554 5496 5458
f 5499 5553 5581
f 5480 5555 5458
f 5501 5582 5480
f 5500 5583 5526
f 5528 5584 5530
f 5530 5585 5463
f 5585 5557 5463
f 5529 5586 5527
f 5587 5586 5529
f 5588 5481 5557
f 5587 5529 5503
f 5531 5481 5588
f 5558 5587 5503
f 5589 5535 5483
f 5590 5560 5561
f 5591 5561 5562
f 5470 5535 5536
f 5592 5536 5535
f 5591 5562 5563
f 5563 5593 5591
f 5592 5538 5536
f 5564 5563 5537
f 5540 5538 5592
f 5539 5594 5509
f 5510 5540 5595
f 5541 5596 5539
f 5511 5510 5595
f 5567 5565 5485
f 5513 5568 5567
f 5543 5488 5597
f 5570 5598 5544
f 5572 5544 5598
f 5516 5545 5599
f 5489 5516 5571
f 5516 5599 5571
f 5517 5573 5399
f 5519 5600 5518
f 5475 5547 5374
f 5548 5601 5519
f 5602 5521 5575
f 5602 5576 5521
f 5522 5453 5577
f 5576 5578 5549
f 5520 5576 5549
f 5603 5577 5495
f 5495 5524 5603
f 5494 5578 5550
f 5426 5552 5551
f 5604 5581 5605
f 5604 5556 5581
f 5604 5606 5556
f 5499 5581 5556
f 5607 5555 5480
f 5556 5606 5525
f 5480 5582 5607
f 5525 5583 5500
f 5608 5526 5583
f 5526 5608 5528
f 5584 5585 5530
f 5588 5609 5531
f 5560 5558 5532
f 5558 5560 5610
f 5483 5611 5589
f 5534 5611 5483
f 5560 5590 5612
f 5613 5614 5590
f 5589 5615 5535
f 5591 5590 5561
f 5591 5613 5590
f 5593 5613 5591
f 5592 5535 5615
f 5616 5593 5563
f 5564 5616 5563
f 5616 5564 5617
f 5509 5617 5564
f 5592 5618 5540
f 5617 5509 5594
f 5595 5540 5618
f 5539 5596 5594
f 5595 5619 5511
f 5511 5620 5542
f 5542 5620 5621
f 5542 5621 5512
f 5512 5622 5566
f 5621 5622 5512
f 5488 5566 5597
f 5570 5543 5623
f 5545 5572 5624
f 5572 5598 5624
f 5599 5545 5625
f 5545 5624 5625
f 5626 5571 5599
f 5600 5574 5518
f 5601 5600 5519
f 5547 5475 5627
f 5450 5546 5575
f 5547 5628 5546
f 5522 5629 5548
f 5602 5630 5576
f 5629 5522 5577
f 5576 5630 5578
f 5577 5603 5631
f 5632 5603 5524
f 5524 5633 5632
f 5578 5634 5550
f 5551 5633 5524
f 5634 5579 5550
f 5633 5551 5552
f 5580 5579 5634
f 5635 5552 5496
f 5554 5635 5496
f 5605 5553 5580
f 5581 5553 5605
f 5607 5636 5555
f 5525 5637 5583
f 5528 5608 5584
f 5608 5638 5584
f 5586 5501 5527
f 5587 5558 5639
f 5558 5640 5639
f 5559 5531 5609
f 5534 5559 5611
f 5610 5560 5612
f 5614 5612 5590
f 5641 5614 5613
f 5641 5613 5642
f 5642 5613 5593
f 5643 5642 5593
f 5593 5616 5643
f 5644 5643 5616
f 5616 5617 5644
f 5645 5617 5594
f 5620 5511 5619
f 5646 5594 5596
f 5565 5647 5541
f 5648 5565 5567
f 5567 5568 5648
f 5568 5569 5649
f 5648 5568 5649
f 5598 5570 5623
f 5569 5571 5626
f 5626 5650 5569
f 5626 5599 5651
f 5599 5625 5651
f 5652 5626 5651
f 5517 5653 5573
f 5574 5653 5517
f 5654 5475 5573
f 5548 5629 5601
f 5655 5602 5575
f 5546 5656 5575
f 5628 5656 5546
f 5627 5628 5547
f 5631 5629 5577
f 5578 5630 5657
f 5632 5631 5603
f 5657 5658 5578
f 5633 5659 5632
f 5634 5578 5658
f 5635 5659 5633
f 5635 5633 5552
f 5660 5605 5580
f 5555 5661 5554
f 5605 5662 5604
f 5605 5660 5662
f 5606 5604 5662
f 5606 5637 5525
f 5582 5501 5663
f 5637 5608 5583
f 5586 5664 5501
f 5587 5664 5586
f 5639 5664 5587
f 5557 5665 5588
f 5558 5666 5640
f 5667 5559 5609
f 5610 5666 5558
f 5611 5559 5667
f 5668 5610 5612
f 5611 5669 5589
f 5614 5668 5612
f 5670 5668 5614
f 5614 5671 5670
f 5671 5614 5641
f 5671 5641 5642
f 5672 5592 5615
f 5672 5618 5592
f 5644 5617 5645
f 5594 5673 5645
f 5594 5646 5673
f 5647 5596 5541
f 5596 5647 5674
f 5675 5647 5648
f 5648 5647 5565
f 5623 5543 5597
f 5623 5597 5676
f 5649 5569 5650
f 5650 5626 5652
f 5651 5625 5677
f 5625 5624 5677
f 5574 5678 5653
f 5600 5678 5574
f 5475 5654 5627
f 5601 5629 5679
f 5575 5656 5680
f 5655 5575 5680
f 5631 5681 5629
f 5631 5632 5682
f 5630 5602 5683
f 5655 5683 5602
f 5658 5657 5683
f 5657 5630 5683
f 5684 5685 5659
f 5686 5634 5658
f 5635 5684 5659
f 5687 5684 5635
f 5686 5580 5634
f 5688 5580 5686
f 5661 5687 5635
f 5660 5580 5688
f 5554 5661 5635
f 5636 5661 5555
f 5662 5689 5606
f 5501 5690 5663
f 5690 5501 5664
f 5584 5691 5585
f 5557 5585 5691
f 5692 5639 5640
f 5588 5693 5609
f 5694 5589 5669
f 5589 5694 5695
f 5589 5695 5672
f 5696 5670 5671
f 5615 5589 5672
f 5697 5696 5671
f 5671 5642 5697
f 5697 5642 5698
f 5698 5643 5644
f 5642 5643 5698
f 5698 5644 5699
f 5700 5699 5644
f 5645 5700 5644
f 5595 5618 5701
f 5619 5702 5620
f 5702 5621 5620
f 5703 5566 5622
f 5597 5566 5703
f 5675 5648 5704
f 5648 5649 5704
f 5649 5650 5705
f 5624 5598 5623
f 5705 5650 5652
f 5678 5706 5653
f 5601 5678 5600
f 5679 5678 5601
f 5679 5629 5707
f 5681 5707 5629
f 5707 5681 5708
f 5681 5682 5709
f 5708 5681 5709
f 5682 5685 5710
f 5709 5682 5710
f 5710 5685 5711
f 5627 5712 5628
f 5682 5681 5631
f 5685 5682 5632
f 5683 5655 5713
f 5655 5680 5713
f 5656 5714 5680
f 5659 5685 5632
f 5684 5715 5685
f 5658 5683 5716
f 5713 5716 5683
f 5716 5686 5658
f 5716 5688 5686
f 5687 5661 5717
f 5717 5661 5636
f 5660 5688 5718
f 5718 5662 5660
f 5718 5719 5662
f 5689 5662 5720
f 5606 5689 5637
f 5663 5721 5582
f 5637 5722 5608
f 5722 5638 5608
f 5723 5690 5664
f 5584 5638 5724
f 5584 5724 5691
f 5723 5664 5639
f 5723 5639 5692
f 5557 5691 5665
f 5665 5693 5588
f 5640 5725 5692
f 5666 5725 5640
f 5726 5727 5609
f 5666 5610 5728
f 5729 5728 5610
f 5730 5611 5667
f 5668 5729 5610
f 5670 5731 5668
f 5732 5670 5696
f 5697 5732 5696
f 5698 5733 5697
f 5734 5618 5672
f 5646 5735 5673
f 5674 5646 5596
f 5674 5647 5736
f 5647 5675 5736
f 5675 5704 5737
f 5704 5649 5738
f 5738 5649 5705
f 5623 5739 5624
f 5624 5739 5677
f 5740 5741 5651
f 5652 5651 5741
f 5705 5652 5742
f 5652 5741 5742
f 5651 5677 5740
f 5678 5743 5706
f 5679 5744 5678
f 5679 5707 5744
f 5653 5745 5573
f 5573 5745 5654
f 5711 5685 5715
f 5714 5713 5680
f 5713 5714 5746
f 5628 5747 5656
f 5747 5714 5656
f 5687 5715 5684
f 5717 5715 5687
f 5713 5748 5716
f 5748 5713 5746
f 5748 5688 5716
f 5718 5688 5748
f 5748 5719 5718
f 5717 5636 5749
f 5636 5750 5749
f 5607 5750 5636
f 5720 5662 5719
f 5721 5607 5582
f 5637 5689 5751
f 5751 5722 5637
f 5663 5752 5721
f 5752 5663 5753
f 5690 5753 5663
f 5722 5754 5638
f 5723 5755 5690
f 5724 5756 5691
f 5693 5726 5609
f 5728 5725 5666
f 5667 5609 5727
f 5611 5730 5669
f 5731 5729 5668
f 5757 5731 5670
f 5670 5758 5757
f 5732 5758 5670
f 5759 5758 5732
f 5760 5759 5732
f 5760 5732 5733
f 5697 5733 5732
f 5733 5698 5761
f 5761 5699 5762
f 5698 5699 5761
f 5734 5701 5618
f 5700 5762 5699
f 5762 5700 5763
f 5701 5764 5595
f 5619 5595 5764
f 5765 5619 5764
f 5702 5619 5765
f 5646 5766 5735
f 5621 5703 5622
f 5767 5597 5703
f 5736 5768 5674
f 5597 5767 5676
f 5675 5737 5736
f 5623 5676 5739
f 5676 5769 5739
f 5739 5770 5740
f 5705 5742 5771
f 5738 5705 5771
f 5740 5677 5739
f 5678 5772 5743
f 5744 5772 5678
f 5708 5773 5707
f 5707 5773 5744
f 5708 5709 5773
f 5709 5774 5773
f 5710 5774 5709
f 5711 5775 5710
f 5710 5775 5774
f 5706 5745 5653
f 5776 5711 5715
f 5654 5712 5627
f 5777 5776 5715
f 5747 5746 5714
f 5747 5778 5746
f 5717 5777 5715
f 5748 5746 5779
f 5748 5779 5719
f 5750 5607 5721
f 5720 5751 5689
f 5755 5753 5690
f 5638 5780 5724
f 5691 5781 5665
f 5693 5665 5782
f 5782 5726 5693
f 5783 5725 5728
f 5783 5728 5729
f 5730 5667 5727
f 5731 5784 5729
f 5669 5730 5785
f 5786 5787 5788
f 5694 5669 5785
f 5787 5786 5759
f 5758 5786 5757
f 5787 5759 5789
f 5787 5789 5790
f 5759 5786 5758
f 5790 5789 5760
f 5760 5789 5759
f 5672 5695 5734
f 5760 5733 5791
f 5790 5760 5791
f 5791 5733 5761
f 5762 5791 5761
f 5701 5734 5792
f 5763 5700 5793
f 5645 5793 5700
f 5673 5793 5645
f 5765 5794 5702
f 5795 5673 5735
f 5794 5621 5702
f 5766 5795 5735
f 5703 5621 5794
f 5646 5674 5766
f 5796 5674 5768
f 5796 5768 5797
f 5768 5736 5798
f 5736 5737 5798
f 5704 5799 5737
f 5799 5800 5737
f 5799 5704 5738
f 5799 5738 5801
f 5770 5739 5769
f 5740 5770 5741
f 5741 5802 5742
f 5770 5802 5741
f 5771 5742 5802
f 5771 5802 5803
f 5801 5738 5771
f 5801 5771 5803
f 5804 5774 5805
f 5774 5775 5805
f 5805 5775 5806
f 5744 5807 5772
f 5773 5807 5744
f 5774 5807 5773
f 5774 5804 5807
f 5776 5775 5711
f 5806 5775 5776
f 5776 5808 5806
f 5776 5809 5808
f 5706 5810 5745
f 5706 5743 5810
f 5776 5777 5809
f 5654 5811 5712
f 5745 5811 5654
f 5812 5747 5628
f 5712 5812 5628
f 5813 5777 5717
f 5746 5778 5779
f 5778 5814 5779
f 5717 5749 5813
f 5815 5749 5750
f 5816 5815 5750
f 5719 5817 5720
f 5750 5721 5816
f 5721 5752 5816
f 5818 5753 5755
f 5754 5780 5638
f 5780 5756 5724
f 5691 5756 5781
f 5692 5819 5723
f 5725 5819 5692
f 5781 5782 5665
f 5783 5820 5725
f 5821 5783 5784
f 5727 5726 5822
f 5783 5729 5784
f 5731 5821 5784
f 5823 5821 5731
f 5731 5757 5823
f 5824 5823 5757
f 5825 5788 5826
f 5786 5824 5757
f 5788 5824 5786
f 5825 5827 5828
f 5826 5788 5787
f 5825 5826 5827
f 5787 5827 5826
f 5787 5790 5827
f 5827 5790 5829
f 5829 5828 5827
f 5829 5791 5830
f 5790 5791 5829
f 5830 5831 5829
f 5791 5762 5830
f 5832 5830 5762
f 5792 5764 5701
f 5673 5833 5793
f 5795 5833 5673
f 5703 5794 5767
f 5766 5796 5795
f 5674 5796 5766
f 5676 5834 5769
f 5768 5798 5835
f 5836 5768 5835
f 5797 5768 5836
f 5798 5737 5800
f 5835 5798 5800
f 5800 5799 5837
f 5770 5838 5802
f 5801 5803 5839
f 5799 5801 5839
f 5805 5840 5804
f 5806 5840 5805
f 5806 5808 5841
f 5806 5841 5840
f 5841 5808 5842
f 5807 5843 5772
f 5807 5804 5843
f 5809 5844 5808
f 5809 5845 5844
f 5743 5772 5810
f 5845 5809 5777
f 5813 5845 5777
f 5812 5846 5747
f 5815 5813 5749
f 5779 5814 5719
f 5816 5847 5815
f 5848 5816 5752
f 5751 5849 5722
f 5722 5849 5754
f 5754 5850 5780
f 5851 5818 5819
f 5818 5755 5819
f 5723 5819 5755
f 5725 5852 5819
f 5820 5852 5725
f 5783 5853 5820
f 5853 5783 5821
f 5854 5821 5823
f 5855 5854 5823
f 5856 5855 5823
f 5856 5788 5857
f 5824 5856 5823
f 5788 5856 5824
f 5858 5859 5860
f 5857 5788 5825
f 5860 5857 5825
f 5858 5860 5825
f 5858 5825 5828
f 5861 5858 5828
f 5862 5694 5785
f 5861 5828 5863
f 5695 5694 5862
f 5829 5863 5828
f 5695 5862 5734
f 5831 5863 5829
f 5792 5734 5864
f 5832 5762 5865
f 5763 5865 5762
f 5866 5763 5793
f 5765 5764 5867
f 5868 5765 5867
f 5794 5765 5868
f 5869 5794 5868
f 5795 5796 5870
f 5871 5795 5870
f 5796 5797 5872
f 5872 5797 5836
f 5835 5800 5873
f 5800 5837 5873
f 5770 5769 5874
f 5837 5839 5875
f 5799 5839 5837
f 5837 5875 5876
f 5838 5770 5874
f 5802 5877 5878
f 5838 5877 5802
f 5803 5878 5839
f 5878 5803 5802
f 5879 5804 5840
f 5772 5843 5880
f 5843 5879 5880
f 5804 5879 5843
f 5844 5842 5808
f 5845 5881 5882
f 5881 5845 5813
f 5745 5883 5811
f 5884 5812 5712
f 5811 5884 5712
f 5813 5815 5881
f 5747 5885 5778
f 5885 5747 5846
f 5886 5847 5816
f 5814 5817 5719
f 5816 5887 5886
f 5817 5888 5720
f 5887 5816 5848
f 5720 5849 5751
f 5753 5848 5752
f 5753 5889 5848
f 5753 5890 5889
f 5818 5890 5753
f 5849 5850 5754
f 5851 5852 5891
f 5756 5780 5892
f 5851 5819 5852
f 5820 5891 5852
f 5781 5756 5892
f 5853 5893 5820
f 5894 5893 5853
f 5895 5894 5855
f 5855 5894 5854
f 5896 5897 5856
f 5898 5897 5896
f 5821 5894 5853
f 5854 5894 5821
f 5856 5895 5855
f 5897 5895 5856
f 5899 5898 5896
f 5896 5856 5857
f 5899 5896 5859
f 5900 5899 5859
f 5900 5901 5899
f 5860 5896 5857
f 5859 5896 5860
f 5727 5902 5730
f 5903 5730 5902
f 5900 5859 5858
f 5785 5730 5903
f 5861 5900 5858
f 5863 5904 5861
f 5905 5904 5863
f 5734 5862 5906
f 5863 5831 5905
f 5907 5905 5831
f 5864 5734 5908
f 5830 5832 5831
f 5832 5909 5831
f 5764 5792 5864
f 5763 5866 5865
f 5868 5867 5910
f 5833 5866 5793
f 5795 5911 5833
f 5795 5871 5912
f 5912 5911 5795
f 5794 5869 5767
f 5913 5914 5767
f 5767 5914 5676
f 5834 5676 5914
f 5796 5872 5870
f 5870 5872 5915
f 5836 5835 5916
f 5872 5836 5916
f 5835 5873 5917
f 5837 5876 5918
f 5837 5918 5873
f 5878 5875 5839
f 5919 5879 5840
f 5840 5920 5919
f 5841 5920 5840
f 5841 5921 5920
f 5842 5921 5841
f 5844 5922 5842
f 5842 5922 5921
f 5844 5882 5922
f 5922 5882 5923
f 5879 5924 5880
f 5919 5924 5879
f 5882 5844 5845
f 5880 5925 5772
f 5926 5882 5881
f 5927 5926 5881
f 5927 5881 5815
f 5847 5927 5815
f 5883 5928 5811
f 5929 5885 5846
f 5884 5846 5812
f 5929 5930 5885
f 5885 5931 5814
f 5778 5885 5814
f 5930 5931 5885
f 5932 5886 5887
f 5931 5817 5814
f 5933 5932 5887
f 5887 5848 5933
f 5720 5888 5849
f 5934 5935 5936
f 5934 5937 5938
f 5935 5934 5938
f 5850 5849 5939
f 5936 5935 5940
f 5941 5936 5940
f 5942 5943 5944
f 5937 5944 5943
f 5938 5937 5945
f 5945 5937 5943
f 5935 5938 5945
f 5940 5935 5945
f 5941 5940 5946
f 5851 5890 5818
f 5945 5943 5947
f 5946 5940 5948
f 5941 5946 5949
f 5892 5780 5850
f 5851 5891 5950
f 5943 5942 5951
f 5947 5943 5951
f 5940 5945 5952
f 5948 5940 5952
f 5946 5948 5949
f 5942 5953 5951
f 5952 5945 5954
f 5955 5951 5953
f 5947 5951 5955
f 5949 5948 5956
f 5957 5891 5893
f 5956 5948 5958
f 5893 5891 5820
f 5959 5957 5893
f 5960 5957 5959
f 5961 5960 5959
f 5953 5961 5962
f 5955 5953 5962
f 5963 5952 5954
f 5962 5961 5959
f 5954 5945 5947
f 5948 5952 5958
f 5947 5955 5964
f 5954 5947 5964
f 5898 5954 5964
f 5894 5959 5893
f 5895 5962 5959
f 5955 5962 5964
f 5898 5964 5897
f 5952 5963 5958
f 5895 5959 5894
f 5964 5962 5895
f 5954 5898 5899
f 5963 5954 5901
f 5901 5954 5899
f 5958 5963 5901
f 5964 5895 5897
f 5958 5901 5965
f 5965 5901 5966
f 5901 5900 5966
f 5785 5903 5967
f 5900 5861 5966
f 5904 5966 5861
f 5968 5966 5904
f 5785 5967 5862
f 5862 5967 5906
f 5734 5906 5908
f 5907 5969 5905
f 5831 5909 5907
f 5909 5832 5970
f 5832 5865 5970
f 5866 5971 5865
f 5971 5970 5865
f 5868 5910 5972
f 5866 5833 5973
f 5973 5833 5911
f 5869 5868 5913
f 5912 5871 5974
f 5869 5913 5767
f 5871 5870 5975
f 5871 5975 5974
f 5975 5870 5976
f 5870 5915 5976
f 5872 5977 5915
f 5916 5917 5978
f 5835 5917 5916
f 5916 5978 5977
f 5977 5872 5916
f 5874 5769 5979
f 5918 5980 5917
f 5838 5874 5981
f 5877 5838 5981
f 5877 5982 5878
f 5982 5983 5875
f 5876 5983 5918
f 5918 5917 5873
f 5875 5878 5982
f 5876 5875 5983
f 5919 5920 5984
f 5922 5985 5921
f 5922 5923 5985
f 5882 5986 5923
f 5926 5986 5882
f 5926 5927 5987
f 5883 5745 5988
f 5988 5745 5810
f 5772 5925 5810
f 5989 5927 5847
f 5811 5928 5884
f 5886 5989 5847
f 5932 5989 5886
f 5990 5888 5817
f 5931 5990 5817
f 5991 5933 5848
f 5888 5992 5849
f 5889 5991 5848
f 5939 5849 5992
f 5890 5991 5889
f 5934 5993 5994
f 5993 5934 5995
f 5934 5996 5995
f 5937 5934 5994
f 5996 5934 5936
f 5997 5996 5936
f 5996 5997 5998
f 5992 5999 5939
f 6000 5944 5994
f 5937 5994 5944
f 5998 5997 6001
f 5998 6001 6002
f 6000 6003 5944
f 5936 5941 5997
f 6001 5997 5941
f 5850 5939 5999
f 6003 6000 6004
f 5944 6003 5942
f 5850 5999 6005
f 5851 5950 6006
f 6001 5941 6007
f 6007 6008 6001
f 5892 5850 6005
f 5942 6003 6004
f 5941 5949 6007
f 6009 6008 6007
f 5957 6010 6011
f 5953 6004 6012
f 5942 6004 5953
f 6013 6007 5949
f 6013 6009 6007
f 6012 6010 5960
f 5892 6014 6015
f 5950 5891 5957
f 6011 5950 5957
f 5960 6010 5957
f 5953 6012 5961
f 5956 6013 5949
f 5781 5892 6015
f 6012 5960 5961
f 6016 6017 6013
f 6016 6013 5956
f 5782 5781 6015
f 6018 6016 5956
f 5782 6019 5726
f 6019 6020 5726
f 5956 5958 6018
f 5822 5726 6020
f 6018 5965 6021
f 5958 5965 6018
f 5727 5822 6022
f 6021 5966 5968
f 5965 5966 6021
f 5967 5903 6023
f 5904 6024 5968
f 5904 5905 5969
f 6025 5764 5864
f 5909 6026 5907
f 6025 5867 5764
f 6027 5909 5970
f 6027 5970 5971
f 5971 5866 5973
f 5868 5972 5913
f 5973 5911 6028
f 6029 5973 6028
f 5911 5912 6030
f 5911 6030 6028
f 5912 5974 6031
f 5912 6031 6030
f 6032 5975 5976
f 5976 5915 6033
f 5769 5834 5979
f 5915 5977 6033
f 5977 6034 6033
f 5874 5979 5981
f 5917 5980 5978
f 5981 6035 5877
f 5983 5980 5918
f 6035 5982 5877
f 5921 5985 5920
f 5923 6036 5985
f 5986 6036 5923
f 5987 5986 5926
f 5927 6037 5987
f 6037 5989 6038
f 5924 6039 5880
f 5989 6037 5927
f 6040 6038 5989
f 5883 5988 5928
f 6040 5989 5932
f 5884 6041 5846
f 5931 5930 5990
f 5990 5930 6042
f 6043 6040 5932
f 6043 5932 5933
f 5888 5990 6044
f 6043 5933 5991
f 5992 5888 6045
f 5890 6046 5991
f 5995 6047 6048
f 5994 5993 6049
f 6047 5995 5996
f 5996 5998 6047
f 6047 5998 6050
f 6006 6046 5890
f 6051 6000 6049
f 5994 6049 6000
f 6006 5890 5851
f 6006 5950 6052
f 6053 6052 5950
f 6011 6054 6055
f 6004 6056 6054
f 6000 6056 6004
f 6014 5892 6005
f 6011 6053 5950
f 6054 6011 6010
f 6012 6054 6010
f 6004 6054 6012
f 6013 6017 6057
f 6013 6057 6009
f 6019 5782 6015
f 6016 6018 6058
f 6018 6059 6058
f 6022 5822 6020
f 6018 6021 6059
f 5902 5727 6022
f 5902 6022 6060
f 6021 6061 6059
f 6021 5968 6061
f 6024 6061 5968
f 6062 6063 5906
f 6063 5908 5906
f 6064 6024 5904
f 5969 6064 5904
f 5864 5908 6063
f 6026 6064 5969
f 5969 5907 6026
f 6025 5910 5867
f 6065 6026 5909
f 6027 6065 5909
f 5971 5973 6066
f 6067 5913 5972
f 5973 6029 6066
f 5913 6067 6068
f 6029 6028 6069
f 5914 5913 6068
f 6069 6028 6030
f 6070 6030 6031
f 5914 6068 5979
f 6031 5975 6071
f 5974 5975 6031
f 6070 6031 6071
f 5834 5914 5979
f 5975 6032 6071
f 6032 6033 6072
f 5976 6033 6032
f 5979 6073 5981
f 6034 6074 6033
f 6075 6076 5980
f 5980 6076 5978
f 5978 6034 5977
f 6076 6034 5978
f 6035 5981 6077
f 5982 6035 6078
f 6075 5983 5982
f 5980 5983 6075
f 6079 5920 5985
f 5985 6080 6079
f 6036 6080 5985
f 5986 6081 6036
f 5986 6082 6081
f 5987 6082 5986
f 6037 6083 5987
f 5987 6083 6082
f 6037 6084 6083
f 6084 6038 6085
f 6038 6084 6037
f 5924 6086 6039
f 5919 6086 5924
f 5984 6086 5919
f 6087 6038 6040
f 6088 6087 6040
f 5810 6089 5988
f 5925 6089 5810
f 5846 6041 5929
f 5884 6090 6041
f 5884 6091 6090
f 5928 6091 5884
f 6092 5928 5988
f 6043 6088 6040
f 5929 6042 5930
f 5929 6041 6093
f 6042 6044 5990
f 6045 5888 6044
f 6094 6043 5991
f 6095 5993 6096
f 6096 5995 6097
f 5995 6048 6097
f 5999 5992 6045
f 6045 6098 5999
f 6046 6094 5991
f 6095 6099 6049
f 5993 6095 6049
f 5995 6096 5993
f 6047 6050 6048
f 6049 6100 6051
f 6099 6100 6049
f 5998 6101 6050
f 6006 6102 6046
f 6051 6103 6000
f 5998 6002 6101
f 6101 6002 6104
f 6105 6005 5999
f 6052 6102 6006
f 6106 6107 6108
f 6107 6054 6056
f 6103 6107 6056
f 6000 6103 6056
f 6055 6109 6053
f 6107 6106 6054
f 6002 6001 6008
f 6002 6008 6104
f 6055 6053 6011
f 6054 6106 6055
f 6009 6057 6110
f 6017 6111 6057
f 6016 6058 6112
f 6016 6112 6017
f 5903 5902 6060
f 6113 6023 5903
f 6114 6059 6061
f 6062 5906 5967
f 5864 6063 6025
f 6115 6064 6026
f 5910 6025 5972
f 5972 6025 6116
f 6027 6117 6065
f 6027 5971 6066
f 6027 6066 6117
f 6066 6029 6118
f 6119 6029 6069
f 6120 6069 6030
f 6120 6030 6070
f 6120 6070 6121
f 6070 6071 6121
f 6071 6122 6121
f 6032 6072 6071
f 6074 6072 6033
f 6074 6123 6072
f 6035 6077 6078
f 6078 6124 6075
f 6076 6074 6034
f 6075 5982 6078
f 6082 6083 6125
f 6126 6082 6125
f 6079 6127 5920
f 6081 6080 6036
f 6082 6126 6081
f 6085 6083 6084
f 6085 6087 6128
f 6127 5984 5920
f 6087 6085 6038
f 6129 6088 6043
f 6093 6042 5929
f 6090 6093 6041
f 6130 6042 6093
f 6130 6131 6042
f 6131 6044 6042
f 6132 6129 6043
f 6132 6043 6094
f 6098 6045 6044
f 6094 6133 6132
f 6095 6096 6134
f 6134 6096 6097
f 6133 6094 6046
f 6135 6100 6095
f 6097 6048 6136
f 6137 6051 6100
f 6099 6095 6100
f 6050 6138 6048
f 6138 6050 6139
f 6105 5999 6098
f 6133 6046 6102
f 6050 6101 6139
f 6107 6103 6137
f 6051 6137 6103
f 6101 6104 6140
f 6109 6102 6052
f 6053 6109 6052
f 6106 6109 6055
f 6104 6009 6110
f 6008 6009 6104
f 6017 6112 6111
f 6020 6141 6022
f 6060 6142 6113
f 6112 6058 6143
f 6113 5903 6060
f 6058 6059 6114
f 6144 5967 6023
f 6062 5967 6144
f 6145 6063 6062
f 6063 6145 6146
f 6024 6147 6061
f 6024 6064 6147
f 6148 6063 6146
f 6025 6063 6148
f 6065 6115 6026
f 6065 6117 6149
f 6150 6067 5972
f 6117 6151 6149
f 6117 6066 6151
f 6118 6151 6066
f 6029 6119 6118
f 6119 6069 6152
f 6069 6153 6152
f 6153 6069 6120
f 6154 5979 6068
f 6122 6155 6121
f 6121 6155 6120
f 6072 6156 6122
f 6073 6157 5981
f 6072 6122 6071
f 6077 6158 6078
f 6075 6124 6076
f 6157 6077 5981
f 6123 6074 6076
f 6085 6159 6083
f 6083 6159 6125
f 6085 6128 6159
f 6159 6128 6160
f 6160 6128 6161
f 6080 6162 6079
f 6081 6126 6080
f 6161 6128 6087
f 6163 5984 6127
f 6088 6161 6087
f 6164 6161 6088
f 6163 6086 5984
f 6129 6164 6088
f 5988 6089 6092
f 6165 6093 6090
f 6166 6090 6091
f 6092 6091 5928
f 6165 6130 6093
f 6131 6167 6044
f 6044 6167 6098
f 6135 6095 6134
f 6097 6168 6134
f 6097 6136 6168
f 6169 6137 6170
f 6048 6138 6136
f 6170 6137 6100
f 6135 6170 6100
f 6171 6133 6102
f 6109 6171 6102
f 6172 6109 6106
f 6108 6172 6106
f 6107 6137 6108
f 6101 6140 6139
f 6005 6105 6173
f 6174 6005 6173
f 6005 6174 6014
f 6014 6174 6015
f 6104 6110 6175
f 6015 6176 6019
f 6110 6057 6177
f 6020 6019 6176
f 6141 6020 6176
f 6178 6177 6057
f 6057 6111 6178
f 6141 6179 6022
f 6179 6060 6022
f 6179 6142 6060
f 6114 6143 6058
f 6144 6145 6062
f 6061 6147 6114
f 6115 6180 6064
f 6115 6065 6181
f 6181 6065 6182
f 6150 5972 6116
f 6065 6149 6183
f 6182 6065 6183
f 6067 6150 6184
f 6151 6185 6149
f 6068 6067 6184
f 6186 6154 6068
f 6118 6119 6187
f 6185 6151 6118
f 6187 6185 6118
f 6187 6119 6152
f 6152 6153 6188
f 5979 6154 6189
f 6155 6153 6120
f 6073 5979 6189
f 6156 6155 6122
f 6123 6156 6072
f 6190 6123 6191
f 6077 6157 6158
f 6124 6078 6158
f 6191 6076 6124
f 6123 6076 6191
f 6192 6160 6193
f 6126 6194 6195
f 6125 6194 6126
f 6159 6194 6125
f 6194 6159 6192
f 6160 6192 6159
f 6161 6196 6160
f 6161 6197 6196
f 6080 6195 6162
f 6126 6195 6080
f 6197 6161 6164
f 6127 6198 6163
f 6079 6198 6127
f 6199 6197 6164
f 6199 6164 6129
f 6086 6200 6039
f 5880 6201 5925
f 5880 6039 6201
f 6132 6199 6129
f 6165 6090 6202
f 6202 6090 6166
f 6091 6092 6166
f 6089 6203 6092
f 6204 6199 6133
f 6205 6130 6165
f 6206 6131 6130
f 6206 6130 6205
f 6133 6199 6132
f 6206 6167 6131
f 6207 6133 6208
f 6135 6134 6209
f 6209 6134 6210
f 6134 6168 6210
f 6210 6168 6211
f 6167 6212 6098
f 6136 6213 6168
f 6133 6171 6208
f 6214 6208 6171
f 6169 6215 6137
f 6136 6138 6213
f 6105 6098 6212
f 6214 6171 6109
f 6215 6216 6137
f 6139 6217 6138
f 6138 6217 6218
f 6172 6214 6109
f 6108 6216 6172
f 6137 6216 6108
f 6219 6217 6139
f 6140 6219 6139
f 6220 6219 6140
f 6220 6104 6175
f 6220 6140 6104
f 6220 6175 6221
f 6176 6015 6174
f 6110 6177 6175
f 6175 6177 6222
f 6111 6112 6178
f 6144 6023 6113
f 6064 6180 6147
f 6025 6148 6223
f 6116 6025 6223
f 6184 6224 6186
f 6149 6225 6183
f 6149 6185 6225
f 6068 6184 6186
f 6226 6185 6187
f 6154 6186 6189
f 6227 6226 6152
f 6226 6187 6152
f 6155 6228 6153
f 6153 6228 6188
f 6227 6152 6188
f 6189 6157 6073
f 6190 6228 6156
f 6228 6155 6156
f 6191 6229 6190
f 6156 6123 6190
f 6124 6158 6230
f 6191 6124 6230
f 6192 6231 6194
f 6160 6196 6193
f 6193 6196 6232
f 6232 6196 6233
f 6233 6196 6234
f 6194 6231 6195
f 6197 6235 6196
f 6079 6162 6236
f 6236 6198 6079
f 6197 6199 6235
f 6237 6235 6199
f 6086 6163 6200
f 6204 6237 6199
f 6202 6166 6238
f 6165 6202 6205
f 6239 6205 6202
f 6238 6239 6202
f 6240 6238 6166
f 6092 6240 6166
f 6207 6204 6133
f 6239 6206 6205
f 6241 6207 6208
f 6242 6135 6209
f 6209 6243 6244
f 6210 6243 6209
f 6210 6245 6243
f 6210 6211 6245
f 6212 6167 6206
f 6241 6208 6214
f 6246 6241 6214
f 6247 6215 6169
f 6242 6169 6170
f 6135 6242 6170
f 6168 6248 6211
f 6168 6213 6248
f 6246 6214 6172
f 6216 6246 6172
f 6138 6249 6213
f 6218 6249 6138
f 6105 6212 6173
f 6221 6175 6222
f 6176 6250 6141
f 6222 6177 6251
f 6177 6178 6252
f 6179 6141 6253
f 6142 6179 6254
f 6254 6255 6142
f 6255 6113 6142
f 6113 6255 6256
f 6178 6112 6257
f 6144 6113 6256
f 6144 6256 6258
f 6257 6112 6143
f 6145 6144 6258
f 6259 6145 6258
f 6146 6145 6259
f 6143 6114 6260
f 6114 6147 6260
f 6146 6259 6148
f 6148 6259 6261
f 6223 6148 6261
f 6181 6180 6115
f 6262 6116 6223
f 6181 6182 6263
f 6150 6224 6184
f 6182 6183 6264
f 6225 6265 6264
f 6225 6264 6183
f 6225 6185 6265
f 6189 6186 6266
f 6227 6267 6226
f 6267 6268 6226
f 6268 6265 6226
f 6185 6226 6265
f 6227 6188 6228
f 6269 6270 6158
f 6158 6270 6230
f 6229 6271 6190
f 6269 6158 6157
f 6233 6272 6232
f 6192 6273 6231
f 6193 6273 6192
f 6193 6232 6273
f 6234 6237 6274
f 6235 6234 6196
f 6235 6237 6234
f 6195 6275 6162
f 6276 6237 6204
f 6201 6039 6200
f 6277 6204 6207
f 6278 6277 6207
f 6089 6279 6203
f 5925 6279 6089
f 6241 6278 6207
f 6280 6278 6241
f 6281 6282 6215
f 6215 6282 6216
f 6283 6247 6284
f 6206 6239 6285
f 6286 6280 6246
f 6282 6286 6216
f 6247 6281 6215
f 6242 6284 6247
f 6242 6247 6169
f 6241 6246 6280
f 6216 6286 6246
f 6209 6287 6242
f 6244 6287 6209
f 6288 6206 6285
f 6206 6288 6212
f 6213 6249 6248
f 6212 6288 6173
f 6289 6218 6217
f 6290 6173 6288
f 6219 6289 6217
f 6219 6220 6291
f 6290 6174 6173
f 6292 6174 6290
f 6250 6174 6292
f 6250 6176 6174
f 6221 6222 6293
f 6141 6250 6253
f 6177 6252 6251
f 6179 6294 6254
f 6180 6295 6147
f 6147 6295 6260
f 6180 6181 6296
f 6296 6181 6263
f 6116 6262 6150
f 6182 6297 6263
f 6297 6182 6264
f 6298 6186 6224
f 6299 6264 6265
f 6268 6300 6265
f 6300 6299 6265
f 6301 6302 6228
f 6228 6267 6227
f 6303 6189 6266
f 6157 6189 6303
f 6269 6157 6303
f 6270 6304 6230
f 6301 6190 6271
f 6301 6228 6190
f 6229 6191 6230
f 6233 6305 6272
f 6305 6233 6306
f 6233 6274 6306
f 6306 6274 6307
f 6273 6308 6231
f 6309 6232 6272
f 6309 6273 6232
f 6274 6233 6234
f 6275 6195 6231
f 6274 6237 6310
f 6162 6275 6236
f 6276 6310 6237
f 6236 6311 6198
f 6198 6312 6163
f 6163 6312 6313
f 6277 6276 6204
f 6314 6277 6278
f 6201 6279 5925
f 6282 6315 6286
f 6316 6317 6281
f 6281 6247 6316
f 6283 6316 6247
f 6283 6284 6318
f 6238 6240 6319
f 6239 6238 6319
f 6320 6240 6321
f 6321 6240 6092
f 6203 6321 6092
f 6315 6278 6280
f 6286 6315 6280
f 6284 6287 6318
f 6285 6239 6319
f 6320 6319 6240
f 6287 6284 6242
f 6287 6322 6318
f 6244 6322 6287
f 6243 6322 6244
f 6243 6323 6322
f 6243 6245 6323
f 6324 6288 6285
f 6249 6218 6325
f 6290 6288 6324
f 6326 6218 6289
f 6219 6291 6289
f 6291 6220 6221
f 6327 6179 6253
f 6294 6179 6327
f 6252 6178 6328
f 6258 6256 6329
f 6178 6257 6328
f 6143 6330 6257
f 6259 6258 6331
f 6143 6260 6330
f 6261 6259 6332
f 6333 6261 6332
f 6261 6333 6223
f 6334 6223 6333
f 6295 6180 6296
f 6262 6223 6334
f 6296 6263 6335
f 6150 6262 6336
f 6336 6224 6150
f 6298 6224 6336
f 6264 6299 6337
f 6266 6186 6338
f 6267 6300 6268
f 6267 6228 6302
f 6230 6304 6229
f 6304 6270 6339
f 6306 6340 6305
f 6272 6341 6309
f 6309 6341 6342
f 6272 6305 6341
f 6307 6310 6343
f 6310 6344 6343
f 6309 6308 6273
f 6310 6307 6274
f 6231 6345 6275
f 6308 6345 6231
f 6346 6347 6344
f 6310 6276 6344
f 6276 6346 6344
f 6346 6276 6277
f 6348 6349 6346
f 6311 6312 6198
f 6314 6346 6277
f 6348 6346 6314
f 6348 6315 6350
f 6315 6348 6314
f 6351 6350 6315
f 6351 6317 6352
f 6352 6317 6353
f 6351 6315 6282
f 6317 6351 6281
f 6317 6354 6353
f 6315 6314 6278
f 6281 6351 6282
f 6316 6354 6317
f 6354 6316 6355
f 6316 6356 6355
f 6316 6283 6356
f 6318 6357 6283
f 6283 6357 6356
f 6319 6320 6358
f 6321 6359 6320
f 6318 6322 6360
f 6322 6323 6360
f 6285 6319 6361
f 6358 6361 6319
f 6324 6285 6361
f 6361 6362 6324
f 6248 6249 6363
f 6326 6325 6218
f 6324 6362 6290
f 6364 6292 6362
f 6292 6290 6362
f 6250 6292 6364
f 6253 6250 6365
f 6366 6327 6253
f 6367 6293 6222
f 6222 6251 6367
f 6255 6254 6294
f 6368 6255 6294
f 6369 6255 6368
f 6256 6255 6369
f 6252 6328 6251
f 6329 6256 6369
f 6370 6258 6329
f 6258 6370 6331
f 6259 6371 6332
f 6260 6295 6372
f 6295 6296 6373
f 6336 6262 6334
f 6263 6297 6335
f 6335 6297 6374
f 6297 6264 6375
f 6375 6264 6337
f 6298 6338 6186
f 6376 6337 6299
f 6376 6299 6300
f 6377 6376 6300
f 6303 6266 6338
f 6267 6377 6300
f 6302 6377 6267
f 6269 6339 6270
f 6229 6378 6271
f 6379 6378 6229
f 6378 6301 6271
f 6302 6301 6380
f 6229 6304 6381
f 6307 6340 6306
f 6340 6307 6382
f 6307 6343 6382
f 6382 6343 6383
f 6383 6343 6347
f 6308 6309 6342
f 6347 6343 6344
f 6384 6345 6308
f 6347 6346 6385
f 6349 6385 6346
f 6385 6349 6386
f 6349 6387 6386
f 6349 6348 6387
f 6348 6350 6387
f 6387 6350 6388
f 6350 6352 6389
f 6388 6350 6389
f 6352 6350 6351
f 6352 6353 6389
f 6200 6163 6313
f 6354 6355 6390
f 6355 6356 6390
f 6279 6201 6391
f 6200 6392 6201
f 6321 6203 6279
f 6318 6360 6357
f 6358 6320 6359
f 6321 6393 6359
f 6279 6393 6321
f 6358 6394 6361
f 6359 6394 6358
f 6395 6394 6359
f 6245 6211 6323
f 6323 6211 6396
f 6397 6361 6394
f 6211 6248 6363
f 6325 6398 6249
f 6361 6397 6362
f 6364 6362 6397
f 6250 6364 6399
f 6400 6291 6221
f 6399 6365 6250
f 6365 6366 6253
f 6251 6328 6401
f 6259 6331 6371
f 6334 6333 6402
f 6403 6334 6402
f 6373 6296 6335
f 6334 6403 6336
f 6297 6375 6374
f 6378 6380 6301
f 6404 6381 6304
f 6304 6339 6404
f 6229 6381 6379
f 6305 6405 6341
f 6340 6405 6305
f 6382 6406 6340
f 6383 6407 6382
f 6347 6407 6383
f 6407 6347 6408
f 6347 6385 6408
f 6408 6385 6386
f 6386 6387 6409
f 6387 6410 6409
f 6387 6388 6410
f 6388 6389 6411
f 6412 6411 6389
f 6353 6413 6389
f 6389 6413 6412
f 6354 6390 6353
f 6353 6390 6413
f 6414 6392 6200
f 6313 6414 6200
f 6356 6415 6390
f 6357 6415 6356
f 6360 6415 6357
f 6393 6395 6359
f 6279 6416 6393
f 6360 6396 6415
f 6323 6396 6360
f 6394 6395 6417
f 6417 6418 6394
f 6418 6397 6394
f 6211 6363 6419
f 6418 6420 6397
f 6364 6397 6420
f 6325 6421 6398
f 6399 6364 6420
f 6289 6291 6422
f 6291 6400 6422
f 6369 6368 6423
f 6367 6251 6424
f 6369 6423 6329
f 6331 6370 6425
f 6402 6333 6332
f 6295 6373 6426
f 6336 6403 6427
f 6428 6298 6336
f 6338 6298 6428
f 6303 6338 6429
f 6430 6337 6376
f 6431 6430 6376
f 6376 6377 6431
f 6302 6432 6377
f 6433 6432 6302
f 6434 6269 6303
f 6433 6302 6380
f 6339 6269 6435
f 6404 6339 6435
f 6382 6436 6406
f 6382 6437 6436
f 6405 6340 6406
f 6382 6407 6437
f 6407 6438 6437
f 6407 6439 6438
f 6408 6439 6407
f 6384 6440 6345
f 6386 6441 6408
f 6409 6441 6386
f 6345 6442 6275
f 6409 6443 6441
f 6409 6410 6443
f 6275 6442 6236
f 6410 6388 6443
f 6388 6444 6443
f 6411 6444 6388
f 6411 6412 6444
f 6311 6445 6312
f 6391 6201 6392
f 6391 6416 6279
f 6446 6416 6391
f 6395 6393 6447
f 6417 6395 6447
f 6416 6447 6393
f 6448 6447 6416
f 6211 6419 6396
f 6447 6449 6417
f 6449 6418 6417
f 6449 6420 6418
f 6450 6420 6449
f 6249 6398 6363
f 6326 6421 6325
f 6450 6399 6420
f 6326 6451 6421
f 6289 6451 6326
f 6452 6365 6450
f 6365 6399 6450
f 6289 6422 6451
f 6400 6221 6453
f 6365 6452 6366
f 6221 6293 6453
f 6453 6293 6454
f 6294 6327 6366
f 6368 6294 6455
f 6454 6293 6367
f 6456 6329 6423
f 6370 6329 6456
f 6401 6457 6251
f 6251 6457 6424
f 6425 6370 6456
f 6328 6257 6458
f 6331 6425 6371
f 6330 6458 6257
f 6332 6371 6459
f 6260 6372 6330
f 6402 6332 6459
f 6295 6426 6372
f 6403 6402 6460
f 6427 6403 6460
f 6373 6335 6461
f 6461 6335 6374
f 6461 6374 6462
f 6338 6428 6429
f 6374 6375 6463
f 6337 6430 6463
f 6463 6375 6337
f 6434 6303 6429
f 6434 6464 6435
f 6431 6377 6432
f 6435 6269 6434
f 6404 6435 6465
f 6465 6466 6404
f 6379 6467 6378
f 6468 6467 6379
f 6467 6380 6378
f 6433 6380 6467
f 6381 6404 6466
f 6406 6469 6405
f 6406 6436 6469
f 6470 6308 6342
f 6341 6470 6342
f 6308 6471 6384
f 6470 6471 6308
f 6408 6472 6439
f 6408 6441 6472
f 6311 6236 6442
f 6443 6444 6473
f 6313 6312 6474
f 6445 6475 6312
f 6475 6474 6312
f 6390 6476 6413
f 6476 6390 6415
f 6446 6391 6392
f 6414 6477 6392
f 6416 6446 6448
f 6478 6479 6448
f 6446 6478 6448
f 6449 6447 6480
f 6448 6480 6447
f 6480 6448 6479
f 6480 6450 6449
f 6481 6450 6480
f 6481 6480 6482
f 6452 6450 6481
f 6483 6452 6481
f 6451 6422 6484
f 6485 6366 6452
f 6294 6366 6485
f 6455 6294 6485
f 6423 6368 6455
f 6328 6458 6401
f 6371 6425 6459
f 6486 6458 6330
f 6330 6372 6486
f 6487 6402 6459
f 6487 6460 6402
f 6426 6373 6488
f 6373 6461 6488
f 6428 6336 6427
f 6488 6461 6462
f 6374 6463 6462
f 6489 6429 6428
f 6430 6490 6463
f 6430 6491 6490
f 6433 6492 6432
f 6492 6491 6432
f 6491 6431 6432
f 6430 6431 6491
f 6464 6465 6435
f 6381 6493 6468
f 6468 6379 6381
f 6437 6494 6436
f 6341 6469 6470
f 6405 6469 6341
f 6438 6495 6437
f 6439 6495 6438
f 6439 6472 6495
f 6441 6496 6472
f 6443 6496 6441
f 6443 6473 6496
f 6444 6412 6473
f 6413 6476 6412
f 6313 6497 6414
f 6313 6474 6497
f 6415 6498 6476
f 6446 6392 6499
f 6415 6396 6498
f 6478 6446 6500
f 6499 6500 6446
f 6479 6482 6480
f 6478 6482 6479
f 6501 6481 6482
f 6501 6483 6481
f 6452 6483 6501
f 6451 6484 6421
f 6485 6452 6501
f 6502 6423 6455
f 6456 6423 6503
f 6456 6503 6504
f 6424 6457 6505
f 6425 6456 6506
f 6507 6459 6425
f 6401 6458 6508
f 6509 6486 6372
f 6372 6426 6509
f 6426 6488 6509
f 6428 6427 6510
f 6428 6510 6489
f 6511 6462 6463
f 6489 6434 6429
f 6512 6490 6491
f 6465 6513 6466
f 6467 6468 6514
f 6514 6515 6467
f 6492 6433 6516
f 6433 6467 6515
f 6493 6381 6466
f 6517 6470 6469
f 6384 6471 6518
f 6440 6384 6518
f 6519 6442 6345
f 6496 6473 6520
f 6442 6521 6311
f 6473 6412 6522
f 6311 6521 6445
f 6412 6476 6522
f 6521 6475 6445
f 6392 6477 6499
f 6497 6477 6414
f 6478 6500 6523
f 6524 6523 6500
f 6499 6524 6500
f 6396 6419 6525
f 6523 6526 6478
f 6526 6482 6478
f 6363 6527 6419
f 6526 6528 6482
f 6528 6501 6482
f 6363 6398 6527
f 6485 6501 6528
f 6529 6485 6528
f 6529 6530 6485
f 6530 6455 6485
f 6530 6502 6455
f 6503 6423 6502
f 6367 6424 6454
f 6506 6456 6504
f 6507 6425 6506
f 6459 6507 6531
f 6487 6459 6531
f 6487 6531 6460
f 6532 6460 6531
f 6427 6460 6532
f 6510 6427 6532
f 6488 6462 6533
f 6462 6511 6533
f 6489 6534 6434
f 6511 6490 6535
f 6511 6463 6490
f 6490 6512 6535
f 6512 6491 6492
f 6536 6465 6464
f 6468 6537 6514
f 6433 6515 6516
f 6437 6538 6494
f 6495 6538 6437
f 6345 6440 6519
f 6539 6475 6521
f 6474 6475 6540
f 6476 6498 6541
f 6497 6542 6477
f 6499 6543 6524
f 6477 6543 6499
f 6544 6543 6477
f 6525 6498 6396
f 6545 6524 6543
f 6524 6546 6523
f 6546 6526 6523
f 6546 6524 6545
f 6546 6547 6526
f 6526 6547 6528
f 6528 6547 6529
f 6422 6548 6484
f 6422 6400 6548
f 6454 6424 6549
f 6506 6504 6550
f 6424 6505 6549
f 6551 6507 6506
f 6505 6457 6552
f 6457 6401 6552
f 6531 6507 6551
f 6508 6458 6553
f 6486 6554 6555
f 6486 6509 6554
f 6509 6556 6554
f 6509 6488 6556
f 6556 6488 6533
f 6511 6557 6533
f 6557 6511 6535
f 6558 6557 6535
f 6492 6558 6512
f 6535 6512 6558
f 6536 6464 6534
f 6559 6560 6492
f 6464 6434 6534
f 6466 6513 6561
f 6492 6516 6559
f 6513 6465 6536
f 6493 6466 6561
f 6537 6493 6561
f 6468 6493 6537
f 6562 6469 6436
f 6436 6494 6562
f 6471 6470 6563
f 6495 6472 6538
f 6496 6564 6472
f 6519 6521 6442
f 6473 6522 6520
f 6476 6541 6522
f 6497 6474 6540
f 6477 6542 6565
f 6540 6542 6497
f 6565 6544 6477
f 6545 6543 6566
f 6566 6543 6544
f 6546 6545 6567
f 6566 6567 6545
f 6419 6527 6525
f 6525 6527 6568
f 6547 6546 6567
f 6569 6530 6567
f 6530 6547 6567
f 6398 6421 6570
f 6530 6529 6547
f 6484 6571 6421
f 6502 6530 6569
f 6400 6572 6548
f 6572 6400 6453
f 6573 6504 6503
f 6401 6508 6552
f 6574 6531 6551
f 6458 6486 6553
f 6575 6576 6532
f 6510 6532 6576
f 6489 6510 6577
f 6556 6578 6554
f 6577 6579 6534
f 6534 6489 6577
f 6557 6578 6533
f 6533 6578 6556
f 6580 6492 6560
f 6558 6492 6580
f 6515 6581 6516
f 6581 6559 6516
f 6469 6562 6517
f 6440 6582 6519
f 6583 6542 6584
f 6584 6542 6540
f 6544 6565 6585
f 6583 6565 6542
f 6566 6544 6586
f 6544 6585 6586
f 6586 6587 6566
f 6587 6567 6566
f 6569 6567 6587
f 6588 6569 6587
f 6502 6588 6589
f 6421 6571 6570
f 6569 6588 6502
f 6502 6589 6503
f 6484 6590 6571
f 6484 6548 6590
f 6591 6504 6573
f 6550 6504 6591
f 6592 6506 6550
f 6593 6506 6592
f 6506 6593 6551
f 6574 6551 6593
f 6575 6531 6574
f 6532 6531 6575
f 6486 6555 6553
f 6576 6577 6510
f 6555 6554 6594
f 6554 6578 6594
f 6595 6534 6596
f 6597 6557 6558
f 6597 6558 6580
f 6536 6534 6595
f 6537 6598 6514
f 6513 6536 6599
f 6600 6561 6599
f 6581 6514 6598
f 6561 6513 6599
f 6537 6561 6600
f 6515 6514 6581
f 6562 6601 6517
f 6517 6563 6470
f 6538 6472 6602
f 6563 6518 6471
f 6472 6564 6602
f 6518 6603 6440
f 6604 6475 6539
f 6604 6605 6475
f 6606 6584 6540
f 6475 6606 6540
f 6605 6606 6475
f 6585 6565 6607
f 6565 6583 6607
f 6608 6583 6584
f 6498 6609 6541
f 6586 6585 6610
f 6607 6610 6585
f 6498 6611 6609
f 6498 6525 6611
f 6610 6587 6586
f 6612 6587 6610
f 6589 6588 6587
f 6612 6589 6587
f 6613 6589 6612
f 6398 6570 6527
f 6573 6589 6613
f 6503 6589 6573
f 6548 6614 6590
f 6614 6548 6572
f 6453 6454 6615
f 6592 6550 6591
f 6552 6508 6616
f 6576 6575 6617
f 6508 6553 6616
f 6553 6555 6594
f 6618 6577 6576
f 6619 6577 6618
f 6579 6577 6619
f 6594 6578 6620
f 6621 6557 6597
f 6621 6578 6557
f 6596 6622 6595
f 6596 6534 6579
f 6580 6560 6623
f 6597 6580 6623
f 6560 6559 6581
f 6598 6537 6600
f 6562 6624 6601
f 6494 6624 6562
f 6538 6625 6494
f 6517 6626 6563
f 6518 6563 6603
f 6627 6564 6496
f 6628 6519 6582
f 6496 6520 6627
f 6519 6539 6521
f 6608 6584 6606
f 6607 6583 6629
f 6583 6608 6629
f 6610 6607 6630
f 6629 6630 6607
f 6630 6631 6610
f 6631 6612 6610
f 6613 6612 6631
f 6632 6613 6631
f 6527 6570 6633
f 6573 6613 6632
f 6591 6573 6632
f 6571 6590 6634
f 6635 6614 6572
f 6635 6572 6453
f 6549 6636 6454
f 6636 6615 6454
f 6593 6592 6637
f 6593 6637 6574
f 6549 6505 6636
f 6575 6574 6638
f 6617 6575 6638
f 6505 6552 6639
f 6552 6616 6639
f 6618 6576 6617
f 6616 6553 6640
f 6619 6641 6579
f 6553 6594 6642
f 6594 6620 6642
f 6621 6620 6578
f 6623 6643 6644
f 6645 6643 6623
f 6621 6597 6644
f 6645 6623 6646
f 6597 6623 6644
f 6598 6647 6648
f 6648 6646 6581
f 6646 6560 6581
f 6623 6560 6646
f 6599 6536 6595
f 6581 6598 6648
f 6600 6599 6649
f 6647 6600 6649
f 6598 6600 6647
f 6517 6601 6626
f 6494 6625 6624
f 6625 6538 6602
f 6603 6582 6440
f 6520 6522 6627
f 6522 6650 6627
f 6519 6651 6539
f 6539 6651 6604
f 6652 6605 6604
f 6541 6653 6522
f 6606 6605 6654
f 6652 6654 6605
f 6629 6608 6654
f 6608 6606 6654
f 6630 6629 6655
f 6654 6655 6629
f 6655 6656 6630
f 6656 6631 6630
f 6525 6568 6611
f 6657 6631 6656
f 6527 6633 6568
f 6631 6657 6632
f 6632 6657 6591
f 6658 6635 6453
f 6592 6659 6637
f 6453 6615 6658
f 6638 6574 6637
f 6636 6505 6639
f 6660 6617 6638
f 6661 6617 6660
f 6618 6617 6661
f 6661 6619 6618
f 6641 6619 6661
f 6553 6642 6640
f 6642 6620 6662
f 6579 6641 6596
f 6620 6644 6663
f 6620 6621 6644
f 6664 6595 6622
f 6665 6595 6664
f 6599 6595 6665
f 6649 6599 6665
f 6624 6666 6601
f 6624 6667 6666
f 6625 6667 6624
f 6563 6626 6603
f 6625 6602 6668
f 6564 6627 6669
f 6628 6651 6519
f 6522 6653 6650
f 6654 6652 6670
f 6652 6671 6670
f 6655 6654 6672
f 6672 6654 6670
f 6672 6673 6655
f 6655 6673 6656
f 6657 6656 6673
f 6659 6657 6673
f 6657 6659 6591
f 6590 6674 6634
f 6590 6614 6674
f 6614 6675 6676
f 6675 6614 6635
f 6591 6659 6592
f 6615 6636 6677
f 6636 6639 6678
f 6679 6661 6660
f 6616 6640 6680
f 6640 6642 6662
f 6622 6596 6681
f 6663 6662 6620
f 6682 6643 6645
f 6682 6663 6643
f 6665 6683 6649
f 6649 6683 6684
f 6648 6685 6646
f 6646 6686 6687
f 6644 6643 6663
f 6684 6685 6649
f 6645 6646 6687
f 6647 6649 6685
f 6648 6647 6685
f 6625 6688 6667
f 6625 6668 6688
f 6689 6628 6582
f 6651 6652 6604
f 6690 6652 6651
f 6670 6671 6691
f 6541 6692 6653
f 6541 6609 6692
f 6672 6670 6693
f 6693 6670 6691
f 6693 6673 6672
f 6694 6673 6693
f 6673 6694 6659
f 6695 6659 6694
f 6571 6634 6570
f 6637 6659 6695
f 6696 6637 6695
f 6638 6637 6696
f 6696 6660 6638
f 6660 6696 6679
f 6661 6697 6641
f 6678 6639 6680
f 6639 6616 6680
f 6640 6662 6698
f 6681 6596 6641
f 6662 6663 6699
f 6699 6663 6682
f 6700 6645 6701
f 6682 6645 6700
f 6683 6665 6664
f 6686 6646 6685
f 6645 6687 6701
f 6702 6626 6703
f 6703 6626 6601
f 6601 6666 6703
f 6702 6603 6626
f 6602 6704 6668
f 6602 6564 6704
f 6705 6582 6603
f 6627 6706 6669
f 6707 6652 6690
f 6652 6707 6671
f 6609 6611 6692
f 6708 6694 6693
f 6708 6693 6709
f 6708 6695 6694
f 6570 6710 6633
f 6711 6695 6708
f 6696 6695 6711
f 6674 6614 6676
f 6696 6712 6679
f 6677 6636 6678
f 6697 6679 6713
f 6697 6661 6679
f 6641 6697 6681
f 6640 6698 6680
f 6714 6698 6662
f 6622 6681 6715
f 6716 6622 6715
f 6714 6662 6699
f 6664 6622 6716
f 6714 6699 6700
f 6684 6717 6685
f 6699 6682 6700
f 6667 6703 6666
f 6703 6718 6702
f 6668 6704 6688
f 6564 6669 6704
f 6689 6582 6705
f 6719 6651 6628
f 6650 6706 6627
f 6691 6671 6720
f 6707 6720 6671
f 6720 6709 6693
f 6691 6720 6693
f 6633 6721 6568
f 6633 6710 6721
f 6634 6722 6570
f 6723 6696 6711
f 6675 6635 6658
f 6615 6677 6658
f 6713 6679 6712
f 6724 6697 6713
f 6725 6678 6726
f 6724 6727 6697
f 6726 6678 6680
f 6727 6681 6697
f 6715 6681 6727
f 6698 6728 6729
f 6714 6728 6698
f 6730 6664 6716
f 6731 6700 6732
f 6731 6714 6700
f 6730 6683 6664
f 6717 6683 6730
f 6684 6683 6717
f 6700 6701 6732
f 6685 6717 6733
f 6686 6685 6733
f 6701 6687 6686
f 6734 6718 6703
f 6735 6734 6703
f 6667 6735 6703
f 6736 6735 6667
f 6667 6688 6736
f 6718 6737 6702
f 6702 6737 6603
f 6706 6738 6669
f 6689 6719 6628
f 6651 6739 6690
f 6719 6739 6651
f 6690 6739 6707
f 6707 6740 6720
f 6739 6740 6707
f 6720 6740 6741
f 6653 6692 6650
f 6720 6742 6709
f 6741 6742 6720
f 6742 6708 6709
f 6743 6708 6742
f 6568 6721 6611
f 6743 6711 6708
f 6570 6722 6710
f 6723 6711 6743
f 6634 6744 6722
f 6634 6674 6744
f 6712 6696 6723
f 6658 6677 6745
f 6745 6677 6746
f 6713 6712 6747
f 6677 6678 6746
f 6746 6678 6725
f 6747 6724 6713
f 6726 6680 6748
f 6680 6729 6748
f 6716 6715 6727
f 6698 6729 6680
f 6730 6716 6749
f 6728 6714 6731
f 6717 6730 6750
f 6733 6751 6686
f 6701 6686 6751
f 6704 6736 6688
f 6704 6669 6736
f 6705 6603 6752
f 6737 6752 6603
f 6753 6719 6689
f 6753 6739 6719
f 6650 6754 6706
f 6740 6739 6755
f 6740 6755 6741
f 6756 6743 6742
f 6611 6721 6692
f 6743 6756 6723
f 6674 6676 6744
f 6712 6723 6757
f 6676 6758 6744
f 6747 6712 6757
f 6759 6747 6757
f 6676 6675 6758
f 6760 6675 6658
f 6658 6745 6760
f 6761 6724 6747
f 6724 6761 6727
f 6725 6726 6748
f 6716 6727 6762
f 6729 6763 6748
f 6728 6764 6765
f 6763 6729 6728
f 6730 6749 6750
f 6750 6766 6733
f 6764 6701 6751
f 6731 6732 6728
f 6728 6732 6764
f 6733 6717 6750
f 6732 6701 6764
f 6706 6767 6738
f 6754 6767 6706
f 6768 6755 6769
f 6741 6755 6768
f 6741 6768 6770
f 6770 6768 6769
f 6650 6692 6754
f 6741 6770 6742
f 6742 6770 6756
f 6771 6756 6770
f 6772 6756 6771
f 6772 6723 6756
f 6773 6747 6759
f 6773 6761 6747
f 6746 6725 6745
f 6745 6725 6774
f 6762 6727 6761
f 6725 6748 6774
f 6748 6775 6774
f 6748 6763 6775
f 6764 6776 6777
f 6765 6764 6777
f 6763 6728 6765
f 6751 6733 6778
f 6779 6751 6778
f 6764 6751 6779
f 6778 6733 6766
f 6738 6780 6669
f 6781 6689 6705
f 6689 6782 6753
f 6689 6781 6782
f 6753 6782 6783
f 6755 6739 6784
f 6739 6753 6783
f 6739 6783 6784
f 6754 6785 6767
f 6784 6769 6755
f 6786 6770 6769
f 6692 6787 6754
f 6786 6771 6770
f 6692 6788 6787
f 6772 6771 6786
f 6692 6721 6788
f 6721 6789 6788
f 6757 6723 6772
f 6790 6757 6772
f 6791 6757 6790
f 6710 6789 6721
f 6710 6722 6789
f 6759 6757 6791
f 6744 6792 6722
f 6744 6793 6792
f 6744 6758 6793
f 6773 6759 6791
f 6794 6758 6675
f 6760 6794 6675
f 6760 6745 6795
f 6761 6773 6796
f 6796 6797 6761
f 6745 6774 6798
f 6797 6762 6761
f 6799 6716 6762
f 6716 6799 6749
f 6799 6800 6749
f 6800 6801 6750
f 6775 6763 6765
f 6802 6775 6765
f 6802 6765 6777
f 6750 6749 6800
f 6778 6766 6801
f 6778 6803 6779
f 6779 6803 6776
f 6766 6750 6801
f 6764 6779 6776
f 6734 6804 6718
f 6804 6734 6805
f 6805 6734 6735
f 6804 6737 6718
f 6669 6806 6736
f 6752 6781 6705
f 6669 6780 6806
f 6769 6784 6807
f 6808 6784 6783
f 6807 6784 6808
f 6786 6769 6807
f 6790 6786 6807
f 6754 6787 6785
f 6772 6786 6790
f 6791 6790 6809
f 6758 6794 6793
f 6810 6794 6760
f 6795 6745 6798
f 6798 6774 6811
f 6775 6811 6774
f 6812 6800 6799
f 6812 6801 6800
f 6811 6802 6813
f 6811 6775 6802
f 6801 6814 6778
f 6776 6803 6815
f 6813 6802 6777
f 6803 6778 6814
f 6777 6776 6813
f 6736 6805 6735
f 6736 6806 6805
f 6816 6752 6737
f 6804 6816 6737
f 6816 6781 6752
f 6738 6817 6780
f 6781 6818 6782
f 6782 6818 6819
f 6783 6782 6820
f 6820 6782 6819
f 6738 6767 6817
f 6820 6808 6783
f 6767 6821 6817
f 6767 6785 6821
f 6808 6790 6807
f 6809 6790 6808
f 6787 6822 6785
f 6823 6791 6809
f 6789 6824 6788
f 6773 6791 6823
f 6722 6825 6789
f 6722 6792 6825
f 6796 6773 6826
f 6792 6793 6827
f 6793 6828 6829
f 6794 6828 6793
f 6760 6795 6810
f 6830 6810 6795
f 6831 6762 6797
f 6798 6830 6795
f 6799 6762 6831
f 6832 6799 6831
f 6798 6833 6830
f 6812 6799 6832
f 6811 6834 6833
f 6811 6833 6798
f 6835 6836 6801
f 6835 6801 6812
f 6836 6814 6801
f 6834 6811 6813
f 6837 6803 6814
f 6815 6803 6837
f 6776 6815 6813
f 6838 6804 6805
f 6839 6816 6804
f 6838 6839 6804
f 6806 6840 6805
f 6816 6818 6781
f 6806 6780 6841
f 6818 6842 6819
f 6820 6819 6842
f 6843 6808 6820
f 6817 6821 6844
f 6843 6809 6808
f 6785 6822 6821
f 6787 6845 6822
f 6788 6845 6787
f 6788 6846 6845
f 6788 6824 6846
f 6773 6823 6826
f 6824 6847 6846
f 6789 6848 6824
f 6789 6825 6848
f 6849 6796 6826
f 6792 6827 6825
f 6829 6827 6793
f 6796 6849 6797
f 6828 6850 6829
f 6828 6794 6810
f 6850 6828 6810
f 6831 6797 6849
f 6850 6810 6851
f 6810 6830 6851
f 6851 6830 6833
f 6852 6833 6834
f 6853 6814 6836
f 6837 6814 6853
f 6852 6813 6815
f 6834 6813 6852
f 6805 6840 6838
f 6806 6841 6840
f 6816 6839 6818
f 6842 6818 6854
f 6839 6854 6818
f 6780 6855 6841
f 6855 6780 6817
f 6854 6856 6842
f 6842 6843 6820
f 6856 6843 6842
f 6817 6844 6855
f 6857 6843 6856
f 6857 6809 6843
f 6821 6858 6844
f 6823 6809 6857
f 6822 6858 6821
f 6859 6858 6822
f 6845 6859 6822
f 6860 6826 6823
f 6861 6859 6845
f 6846 6861 6845
f 6849 6826 6860
f 6847 6861 6846
f 6824 6848 6847
f 6825 6862 6848
f 6825 6827 6862
f 6862 6827 6863
f 6827 6829 6863
f 6864 6831 6849
f 6829 6850 6863
f 6863 6850 6865
f 6864 6832 6831
f 6850 6866 6865
f 6866 6867 6865
f 6850 6851 6866
f 6812 6832 6868
f 6866 6869 6867
f 6851 6833 6866
f 6835 6812 6868
f 6837 6853 6870
f 6871 6837 6870
f 6866 6852 6869
f 6833 6852 6866
f 6869 6852 6871
f 6815 6837 6871
f 6852 6815 6871
f 6839 6838 6872
f 6872 6838 6840
f 6854 6839 6873
f 6872 6873 6839
f 6840 6841 6874
f 6872 6840 6874
f 6841 6855 6875
f 6873 6876 6854
f 6876 6856 6854
f 6875 6874 6841
f 6876 6857 6856
f 6875 6855 6844
f 6877 6857 6876
f 6844 6878 6875
f 6844 6858 6878
f 6877 6823 6857
f 6860 6823 6877
f 6858 6879 6878
f 6858 6880 6879
f 6858 6859 6880
f 6880 6859 6881
f 6859 6861 6881
f 6864 6849 6860
f 6881 6861 6882
f 6882 6861 6847
f 6883 6882 6884
f 6882 6847 6884
f 6847 6848 6884
f 6885 6884 6848
f 6885 6848 6862
f 6885 6886 6884
f 6868 6832 6864
f 6887 6886 6885
f 6888 6887 6885
f 6862 6888 6885
f 6862 6865 6888
f 6862 6863 6865
f 6888 6870 6887
f 6887 6836 6889
f 6867 6888 6865
f 6835 6868 6889
f 6836 6835 6889
f 6853 6836 6887
f 6870 6853 6887
f 6888 6871 6870
f 6869 6871 6888
f 6867 6869 6888
f 6873 6872 6890
f 6876 6873 6890
f 6872 6874 6890
f 6874 6891 6890
f 6874 6875 6891
f 6877 6876 6890
f 6891 6877 6890
f 6892 6877 6891
f 6875 6878 6891
f 6893 6892 6891
f 6878 6893 6891
f 6878 6879 6893
f 6877 6892 6860
f 6894 6892 6893
f 6879 6895 6893
f 6895 6894 6893
f 6879 6880 6895
f 6894 6860 6892
f 6880 6896 6895
f 6896 6894 6895
f 6880 6881 6896
f 6864 6860 6894
f 6897 6864 6894
f 6896 6897 6894
f 6898 6897 6896
f 6899 6898 6896
f 6881 6899 6896
f 6881 6882 6899
f 6900 6898 6899
f 6882 6883 6899
f 6899 6883 6900
f 6898 6868 6897
f 6868 6864 6897
f 6900 6868 6898
f 6883 6884 6886
f 6883 6889 6900
f 6886 6887 6883
f 6887 6889 6883
f 6889 6868 6900

