# https://github.com/mikedh/trimesh
v 48030.00135374 17920.61973260 -12755.26906226
v 47864.93288999 18323.69457664 -13004.19638632
v 47979.57320483 17817.67608565 -12910.46856453
v 47794.82250430 17672.30621682 -12755.84336548
v 47768.80003809 18068.98592995 -12745.41915154
v 47799.03768503 21523.66581368 -14367.45107083
v 47735.02188502 21442.47001779 -14682.08629374
v 47763.68342958 20837.78307382 -14257.10093276
v 47441.07664929 21257.53232471 -13958.70282587
v 47508.67057254 22425.66740418 -14730.02904555
v 47361.65686952 17394.14196676 -13445.36120967
v 47120.26314443 17731.32114939 -13899.20286514
v 46638.87824176 17258.81379494 -13830.17466495
v 47092.86011014 17170.29722825 -13284.73308857
v 47656.81027086 17465.74405974 -13046.89396897
v 47155.89160629 17351.75247431 -12952.93845780
v 47685.72745089 18054.05398968 -13416.98641248
v 47177.47477273 18733.48917186 -14269.12497459
v 47239.47172938 17849.74219862 -12758.95014957
v 47594.25453856 19542.23302194 -13705.89407325
v 47376.35354153 20361.63617871 -14757.26897051
v 47134.23636019 18806.82138057 -12984.31623206
v 47093.18808525 20157.26468717 -13408.81800563
v 47362.82234345 21952.04981506 -15440.92405501
v 46636.37070232 21199.17325874 -13549.89207139
v 47324.75501214 23512.85901698 -15794.76691634
v 46939.35735455 23372.28278842 -16587.12917329
v 47222.13682026 22785.28641097 -16051.10922380
v 47149.50884556 24051.74716682 -15045.57213086
v 46530.77470564 22919.11264516 -14069.11476741
v 46900.55807398 24567.18888606 -16743.44395963
v 46265.30205446 24909.83251527 -17560.92305584
v 46479.90494594 23980.38887539 -17257.83349103
v 47070.93173026 25026.55616435 -15972.95248203
v 46891.21933033 25300.60036423 -15284.06429168
v 46546.62959669 24718.93008110 -14639.87571705
v 46424.90295835 26194.53172370 -17077.94376135
v 46717.53099101 26086.01082272 -15895.94006148
v 46202.74310279 17907.85367788 -14654.45335579
v 45461.11670212 17229.93905607 -14408.73640077
v 46132.38081904 17141.94343570 -13508.91818708
v 46380.76979505 17524.25978388 -12982.32819843
v 46406.24701386 19338.40110712 -15281.06350636
v 46535.17193260 18105.24794179 -12841.48484821
v 46666.33975690 20837.87195388 -15786.36571751
v 46053.61940081 18708.13028453 -12979.08614034
v 46006.81651178 19954.67911428 -13210.07995117
v 46729.39752559 22130.54537345 -16351.38242978
v 45827.69496106 21680.93367093 -16937.77558758
v 46216.02311590 21194.70093381 -16399.01617666
v 45505.67687908 21578.85861489 -13469.99816981
v 46216.42891465 22937.72973425 -17161.99442438
v 45485.91179192 23833.58657699 -17990.62740735
v 45321.32603737 22414.25145837 -17626.59222062
v 45086.12547413 22981.11533936 -13633.46000945
v 45402.65235728 25686.28438468 -18448.88840128
v 46125.63570591 26229.42905850 -15046.76790788
v 45264.51514404 24734.38215812 -14053.64760592
v 45540.47809933 27580.99821606 -18339.60081627
v 44556.62127394 28093.63398215 -19423.13865032
v 44867.32078389 26833.84409531 -19184.01110340
v 46038.07032110 27864.56433857 -17194.71360985
v 46249.82392407 27280.08123294 -16159.63591390
v 45570.43405659 27946.97894619 -15339.50787518
v 44602.93331652 26976.66660029 -14329.69077677
v 45011.11775571 28998.15995856 -18758.37303274
v 43950.84551885 29800.40006029 -19513.30997059
v 45514.24247383 29021.18888542 -17752.59647294
v 45689.40836468 28859.72053139 -16450.96646111
v 45201.29317300 29170.67036972 -15535.05537387
v 44710.95892574 28625.70551443 -14843.54718640
v 44770.21677856 30190.75469612 -18318.82017057
v 45117.08311668 30152.01764620 -17108.96951477
v 45081.97167091 29934.28996324 -16099.77779443
v 45028.83115937 17610.88795934 -15179.64099321
v 44128.99816663 17924.47768584 -15858.77690278
v 44114.83711776 17373.48906768 -15185.20941680
v 44519.50848517 17219.15355851 -14201.32715684
v 45350.80900329 17401.37535149 -13415.02966258
v 44147.19640450 17874.88916869 -13733.51098103
v 45192.77075284 18514.14108676 -15715.41119111
v 43863.34067307 18927.82067786 -16715.06959678
v 45558.01437073 17992.40358290 -13099.76823071
v 44811.87075465 18946.16812981 -13298.75747022
v 45417.11686484 20172.65900256 -16470.70029900
v 44165.00585827 20107.02609067 -17299.85949859
v 44335.76712213 20379.46498715 -13403.12150929
v 44766.07305550 21227.26617216 -17475.43473863
v 44066.27366740 22335.79250895 -18387.52933866
v 43673.65434111 20800.49596295 -17964.25805613
v 44000.75123560 21934.94700765 -13442.10386221
v 44094.15519925 24363.84744773 -19133.40730735
v 43736.91766518 23555.99817819 -13544.73379378
v 44408.44053925 25849.45745914 -19390.76025081
v 43908.27423508 26849.50137756 -19910.89949579
v 43416.65056462 25497.22618547 -19964.38113703
v 43461.55642056 25332.54561320 -13674.35472001
v 43351.32671252 28311.19667358 -20296.86509530
v 43017.14233038 26842.77039318 -13751.84311429
v 42738.60258068 29820.54156699 -20493.54060547
v 44256.92577835 29984.20423392 -15222.00121916
v 43291.87278586 28566.95366185 -14201.92526667
v 43805.37611614 31327.46728560 -18782.73776744
v 42506.79935911 31465.13480294 -19896.96659520
v 44311.08323035 31317.32240430 -17569.79159006
v 44422.43402623 30964.66929928 -16336.53921361
v 43446.66986738 31431.57788636 -15496.74588447
v 42727.67792228 30403.84807249 -14539.51584018
v 43022.68440876 32254.80525237 -18933.75563618
v 43389.09757793 32325.70975906 -17996.55040967
v 42549.51543268 32891.82366968 -18416.98499101
v 43450.24934677 32218.53868868 -16653.27435120
v 42805.29207041 32389.62357979 -15690.07949830
v 42218.52292546 31801.53120513 -14903.22347686
v 42311.91251704 33123.17391907 -17296.85985316
v 42469.65751550 32938.20713360 -16227.72425583
v 42495.37142682 18022.57886513 -16367.26685543
v 43157.08269998 17371.54743641 -15063.12871538
v 43398.13283864 17417.89015028 -14389.62594000
v 42574.01167189 17569.70105424 -14818.39975167
v 42598.82425917 18840.01698440 -17349.06750771
v 42037.58919418 19422.55680300 -18091.49326910
v 41597.09819870 18733.36673176 -17673.77269605
v 42851.45407997 17915.56140168 -14319.14926276
v 42773.48787995 19190.86630563 -13925.67710157
v 43091.46259121 19733.76823109 -17731.97918170
v 42269.56277536 20859.02599870 -18784.66031176
v 42864.66350001 20858.59858628 -13580.91845648
v 42693.10558866 22989.01260013 -19514.76293571
v 42338.29354264 22254.35375986 -13530.42817914
v 42890.74726427 24402.39127808 -19952.45402799
v 42014.84363095 23948.93520786 -13461.05222015
v 42394.46485227 26499.26959322 -20805.79700878
v 42590.78542199 25119.37497274 -20370.66217049
v 41757.14984439 25647.55977490 -13455.72505119
v 42007.39238783 28703.22503012 -21199.48747596
v 41605.02814560 27362.75051706 -13577.62292155
v 41354.55054655 30628.10783681 -21179.94753964
v 41418.90284745 29132.24348912 -13818.06214815
v 41209.97444845 31822.92487238 -20614.92939314
v 41065.23897668 30799.28539046 -14140.80851831
v 42150.10498412 32668.83156505 -19165.70886694
v 40842.00700890 32753.68332704 -19827.63643231
v 40787.15237645 32154.14075576 -14606.86866406
v 41789.83671592 32777.83679834 -15417.84546539
v 41185.48513350 33386.07214342 -18345.99915524
v 40881.34101655 33638.91785106 -17062.04881106
v 41352.52331440 33360.15472035 -16185.83739179
v 42106.30723025 17719.35703278 -15470.06390509
v 40715.49947901 19519.11902123 -18768.47411970
v 40252.69899240 18547.53122117 -17654.50827991
v 40907.53146588 18186.06116596 -16163.50509606
v 39245.99784241 18588.13148262 -16901.57278948
v 41660.97842450 18252.13998663 -14966.85247581
v 40743.92201226 20657.90569279 -19611.53114402
v 40065.37432112 21225.38006323 -20409.52204637
v 39559.52936337 20138.24310236 -20014.49333890
v 39958.67259281 18818.39321136 -15654.66608600
v 40878.17146752 19292.59388066 -14655.91758385
v 40998.67474488 20747.31960446 -14015.42291809
v 41216.66950206 22028.97185580 -20040.85659924
v 40011.75912795 22656.58690143 -21210.29159436
v 40500.27960604 22607.23013192 -13656.56628529
v 41609.46068181 24190.63903818 -20693.10263235
v 40314.30900182 24281.63086755 -21715.72604402
v 40258.22603940 24274.83546978 -13442.58254005
v 40746.67743635 25816.89167633 -21886.49933961
v 39587.98356529 25711.53566424 -22875.80983008
v 39981.62456963 24929.93482671 -22259.91851944
v 40011.28133515 25949.45685768 -13377.44700936
v 39930.65161035 27516.85626080 -22879.61758591
v 38544.03547563 28193.47051249 -24018.68332661
v 38941.53916109 26714.87098003 -23706.75122129
v 41185.55225407 27575.67361449 -21842.41908344
v 39810.25306100 27698.58202675 -13425.84273700
v 39459.83466523 29068.85894326 -23224.25240707
v 38441.30432346 29796.45010806 -23721.44872560
v 40564.64081571 29266.77356311 -22244.83092075
v 39556.68190644 29445.07081961 -13597.25474457
v 39397.64219973 30272.02744555 -22915.79573449
v 40080.78027146 30810.64055725 -22087.01878563
v 39733.23199466 32150.85587438 -21264.57719611
v 39155.22228256 31165.28960087 -13934.22089735
v 39065.37783721 33334.52734790 -20139.95494464
v 39518.41013079 32467.79327807 -14502.46822986
v 40435.58162640 33066.16355459 -15218.55319030
v 39313.11998383 33751.06841558 -18860.66532981
v 39454.26535274 33909.50764330 -17397.33547416
v 39584.94730105 33625.94873753 -15995.87640284
v 38694.20271207 19101.76432957 -19421.49250408
v 38308.59717575 18624.08289250 -18196.77957913
v 38192.03882212 18752.75323158 -17357.84177139
v 38902.32182479 21064.35151330 -21174.53625123
v 38365.61072669 19890.45346244 -20666.88971569
v 38080.72372116 19312.16103570 -16433.67471851
v 39310.52037239 19946.91837497 -15008.21936546
v 38703.41628481 21556.05458512 -14299.95298445
v 38857.93000438 22242.85303105 -21935.16227793
v 37955.35352758 22330.55333242 -22782.68314391
v 38252.16477319 21451.65416120 -21978.81478181
v 38939.47649869 23121.88231077 -13715.99565891
v 39182.38295968 23897.12334196 -22522.12605534
v 38127.07484405 23786.23060908 -23482.45459299
v 38455.32075167 24494.92945288 -13520.90642405
v 37539.42786702 25353.11516761 -24676.48204167
v 36677.35212587 25665.80534460 -25241.71676525
v 36826.19066887 24633.66570981 -24953.59932297
v 37499.24670006 24266.24065042 -24299.58621001
v 38449.67205352 25241.21180534 -23800.38362337
v 38158.69271502 26174.08426034 -13365.94866804
v 37795.05381558 26648.06778893 -24622.27470325
v 36421.34279181 26953.08362797 -25361.80663011
v 37925.84046670 27887.40631857 -13341.92722609
v 37320.64550369 27936.28106260 -24859.83215668
v 37274.36459465 29191.27620024 -24515.48245091
v 37653.27340446 29536.28290388 -13451.26610627
v 38403.04154528 30855.66168642 -23293.69907788
v 37054.35115419 30736.74425421 -23877.11782575
v 38958.35845281 31436.96876575 -22534.30237866
v 37277.30141749 30801.20560915 -13640.53912559
v 37783.42998557 31635.29925086 -23060.88892926
v 37912.65071323 32444.46361668 -22204.81459272
v 37785.61477767 33365.65643270 -21017.53945801
v 39066.83901604 33073.71008740 -14936.01697295
v 37803.39998812 32178.87321907 -14204.17719233
v 37241.86781531 34176.77165187 -19430.17119802
v 37564.69747812 34250.29439439 -17732.49232906
v 37686.59468955 33962.57525246 -16279.06546244
v 37672.16997383 33290.87680959 -15079.15327711
v 36489.53518227 18974.86417670 -21351.10389243
v 35798.70853796 18997.40667756 -22437.47804311
v 35504.14634209 18111.43539767 -21617.66208310
v 36331.57479207 18528.17851653 -19881.22016127
v 37434.98043954 19275.26036189 -20681.06464196
v 36144.75179293 19239.91929652 -18439.56153128
v 37253.20342656 18920.66367822 -17927.26670211
v 37306.28514783 20352.13584969 -22000.63968958
v 35988.39588149 20082.00193381 -23141.63944969
v 36572.23746036 19649.88562819 -17254.53156873
v 36846.81662317 20094.80521495 -16238.07226254
v 35950.63790484 20449.32194202 -16657.05603495
v 37627.77966734 20487.20810592 -15353.02401657
v 36510.14843639 21585.51680582 -23609.28985808
v 35128.11172241 21553.46502713 -24633.87820237
v 35316.73975009 20436.65613523 -23942.59117083
v 33639.65823368 21508.91501322 -19468.52134656
v 34385.69168354 21628.57083178 -19045.26687100
v 34198.90386746 20870.90293368 -19305.54917124
v 34535.91612471 21978.25026174 -18703.50536888
v 34625.63291438 21265.08288615 -18596.93721507
v 36257.80596164 20966.67373370 -15685.83898915
v 34448.41822114 22069.14218951 -18301.86315645
v 36969.41830232 21544.25719442 -14819.17593117
v 37064.27235669 22962.59718821 -14105.00452804
v 36306.61261319 23225.13479905 -24655.78191766
v 35676.13910987 24359.39832041 -25414.67577104
v 34732.01565100 22805.52892696 -25362.06570931
v 37326.17286210 23066.28172484 -23812.67358170
v 34185.67980973 22192.02643559 -18964.26911585
v 34312.36338441 22382.44425491 -18554.30888233
v 36552.97281968 24737.12608784 -13640.27022270
v 35228.95452562 25641.68149975 -25746.47898137
v 36295.62038874 26356.68109043 -13381.96439106
v 34854.74177500 27077.87799507 -25757.09278760
v 36018.15765481 27974.38084331 -13303.52142060
v 36078.42877784 28301.19570903 -25236.96189005
v 35676.25495805 29690.95887566 -24793.91186636
v 35806.55843812 29572.92824029 -13367.37398079
v 35038.46903747 31115.00492593 -24135.78745433
v 35781.87370619 31097.81733235 -13652.89801613
v 36244.31031716 32277.47561275 -23042.71593390
v 36564.37102590 33290.54334152 -21917.62747419
v 34782.79039871 33642.32104952 -22193.30866250
v 35813.13129606 32489.95470117 -14246.21489267
v 35776.56648806 34253.44790305 -20792.15026458
v 35138.38223864 34886.24071796 -19280.90870951
v 35577.20435433 34692.04542682 -17929.75707340
v 35716.63115882 34310.05429792 -16460.03830475
v 35763.06244142 33587.68274826 -15187.43202582
v 33438.39759488 15403.65048634 -22005.24893495
v 32997.26014507 15221.81997894 -22589.93560867
v 32835.24275960 14788.69287954 -22207.51550761
v 33029.21789379 14786.10440948 -21728.09223360
v 33368.22025114 15340.82631139 -21487.07593213
v 33069.43148144 14814.74175260 -21455.93004965
v 33599.89722478 16148.50128309 -22613.55754403
v 33324.55503775 16710.18508864 -23394.01054577
v 32668.35315612 15640.64025435 -23245.35457515
v 34260.72690765 16799.72899152 -21490.85880153
v 33031.44855176 15930.27365723 -21160.48386678
v 32843.64865608 14981.06553948 -21370.49915635
v 34462.62819476 17636.98728938 -22760.84420201
v 33523.47051338 17963.88857030 -23927.76932535
v 33833.75407684 18001.48025411 -20312.53984783
v 35252.64840492 19143.23064867 -19179.15723093
v 34869.51461012 19132.57213205 -23514.43241088
v 33906.11423910 19793.43732510 -24570.62682075
v 34485.20261544 19900.88806202 -19239.85858333
v 33237.90997918 19860.16728126 -19921.90367448
v 35303.56065995 20340.69063350 -17909.93440159
v 33719.59256033 21297.02948910 -25317.05224116
v 32521.12480946 20915.92403488 -19908.77939355
v 34301.52721336 21866.72790337 -17581.58911242
v 34955.26399430 21507.51774109 -16358.12629459
v 35580.74632003 22147.19234330 -15043.97127393
v 34757.38258263 23643.13660802 -14307.42317024
v 33799.36231806 23840.59643317 -25921.99010456
v 33402.45790684 22285.76952548 -25767.66337241
v 33533.49554312 22384.81458036 -19148.22518540
v 32479.77276406 22094.87081209 -19496.46719647
v 33801.48357520 22661.09761582 -18672.96991114
v 33926.31363142 22535.23834648 -18123.68619246
v 34918.50948681 25126.05575715 -13668.14979126
v 33440.66304690 25571.35917301 -26093.52382711
v 32925.09606583 22806.36604957 -18860.60001197
v 33233.35298506 22896.65208678 -18277.43544943
v 34379.62684575 26408.30475092 -13434.62771249
v 33089.28467590 27108.37123740 -25958.44618328
v 34075.28213487 28026.79032968 -13275.19495851
v 34410.05283957 28483.05117804 -25479.51167299
v 33771.62606051 29841.92474772 -24968.13970147
v 33945.33710675 29702.57087376 -13316.72038187
v 32988.00839907 31217.81841589 -24270.70482682
v 33882.71377444 31324.00610877 -13610.47723697
v 34126.47389795 32454.52985721 -23383.50397286
v 33186.35529614 33448.26028826 -22740.49338697
v 33761.06871377 32789.89487698 -14217.43803277
v 34231.89910012 34628.52133872 -21174.85513407
v 32940.61487930 34445.41986226 -21766.53532658
v 34267.24378680 35067.47974663 -20150.40466760
v 33915.69424970 35329.35366103 -19183.41267238
v 33757.56381956 35197.79329158 -18107.22569312
v 33748.07323351 34736.47988346 -16636.29828809
v 33671.86351459 33968.38960209 -15241.65137236
v 33135.25276310 35158.26245641 -20649.43448794
v 33140.95190091 35463.59827894 -19612.35331912
v 32027.16531203 14672.98634602 -22820.20568057
v 32241.95752101 14477.38076939 -22013.71593609
v 32657.14365186 14638.95077498 -21548.07004621
v 31670.44819012 14769.79681031 -21536.52964105
v 32086.89065918 16468.69559882 -24139.81681720
v 31588.21827374 15149.11283225 -23665.65936266
v 31797.53965609 16277.44793916 -20913.28931672
v 32256.53573732 18213.15358261 -24836.99435947
v 31820.21931258 18022.80259403 -20487.77046935
v 32297.79455914 19892.02926563 -25453.12634816
v 31522.10688504 19640.71189284 -20232.04374132
v 32614.07415536 21253.34918090 -25772.43720083
v 31914.70125236 22031.02882115 -26119.45503602
v 31588.36974171 20601.92412891 -25935.69689484
v 31253.86334284 21065.63219455 -19925.17888500
v 33634.49451632 22383.98053263 -16524.96798663
v 33929.14227276 22675.25539371 -15451.91265771
v 31768.28631328 23853.17070280 -26303.94241826
v 31076.37926064 22211.59272254 -19505.10604714
v 32978.57658996 22775.29343228 -17435.65768471
v 32169.79908995 23072.55891462 -16053.82672402
v 32884.21660223 23550.21388317 -14853.29443510
v 32896.40845317 24780.74167053 -13980.46439096
v 31529.71037937 25591.93060713 -26264.84358130
v 31797.98170905 22830.14005921 -19020.33086102
v 32231.27527103 23047.54543976 -18263.32670388
v 32298.51117722 26408.45360810 -13431.38501095
v 31372.03557062 27138.11427470 -26013.76183587
v 32082.70423959 28108.54761349 -13188.03929939
v 32606.77517760 28470.72243378 -25599.68269373
v 31587.00191087 29698.98168859 -25071.72045414
v 32008.76905693 29866.65958469 -13202.15555606
v 30926.10663804 31309.24067206 -24201.15900597
v 31872.73514018 31573.01570053 -13466.82920706
v 32175.40284242 32543.14457404 -23440.43105870
v 31649.25071394 33723.70359324 -22494.22565534
v 31390.37557135 33235.92587192 -14017.88095061
v 31369.92846949 34629.77772446 -21615.11120557
v 33115.41175862 35501.99623674 -18765.36406322
v 32498.62170734 35444.21715112 -18114.45464178
v 32121.81405744 35130.92066730 -17032.13342374
v 31443.30787610 34546.34163983 -15349.51133835
v 31953.37614197 35133.02319875 -20939.43787843
v 32100.07880315 35460.70302348 -19951.31719126
v 32200.01219754 35549.67408790 -18911.52513479
v 30770.41984080 13995.92663647 -22507.99559559
v 29684.64651438 13557.00033004 -23229.99968497
v 29253.66103516 13346.49653693 -22687.33666437
v 29561.90151030 13867.10292108 -21920.90056496
v 30620.61863827 14267.31888103 -23479.06473155
v 30308.00360039 15155.58620234 -24432.92070358
v 29111.39866041 13780.12044596 -24070.31063731
v 29996.88128503 14993.01687096 -21195.77101124
v 30691.21708627 16827.13106574 -25063.97245832
v 30178.52759421 16462.79152996 -20757.14042335
v 30922.62280543 18403.38857980 -25541.20676558
v 30081.08930525 18074.17815749 -20443.99660995
v 30961.12404062 19560.72838150 -25870.56735835
v 30081.28547354 20157.54496281 -26219.13484585
v 29910.13330962 18689.15390501 -25977.82286306
v 29889.08250824 19705.21796907 -20114.30366420
v 29925.16692230 22008.16374001 -26449.03469075
v 29726.57915880 21268.94266362 -19599.47816779
v 29743.69942567 23864.49044059 -26476.54562613
v 30178.26690638 22364.87490817 -19235.01705864
v 31316.16798587 23084.76522177 -17379.42833988
v 29794.22733142 23163.72611426 -16227.60238118
v 31039.16398276 23824.27337811 -14854.00562214
v 30443.62568841 24933.35501903 -13854.90144918
v 29514.36258140 25799.73991294 -26258.48723642
v 30851.61499654 22802.92254950 -19086.27325571
v 31029.71567940 23045.51878245 -18445.85889965
v 30151.44230338 26475.05689942 -13257.40775715
v 30135.42530355 27390.04579721 -25926.26221282
v 31146.38706521 28271.55535208 -25679.02025000
v 29875.90323215 28528.43886385 -25523.83037115
v 30122.30520770 28281.12462961 -12998.86070050
v 29524.40067018 30027.35147066 -24879.60887456
v 30149.83631744 30111.52458007 -12990.91205386
v 29142.64203443 31449.82534197 -24110.39592260
v 29970.90590942 31810.71377269 -13172.62600886
v 29888.97905403 32761.28875856 -23091.35733790
v 30115.70038453 34094.16423052 -21798.97947299
v 29461.78195520 33114.48306125 -13354.94424003
v 30439.75190819 34756.23890092 -21180.51974985
v 31036.69728772 35076.38010623 -20993.63537832
v 30374.56672020 35042.39411385 -20585.23607284
v 29927.31361544 34959.34115202 -16329.41958012
v 31284.08978667 35356.73781119 -17938.20564128
v 29672.12881916 34828.20422973 -14789.17736863
v 28727.00120734 34913.63918890 -14744.36956595
v 29406.23302968 34283.93600504 -13849.00339137
v 31087.94494682 35310.13210004 -20264.57452045
v 31091.72901763 35410.46357487 -19167.72816487
v 28751.31388981 34867.55582362 -13962.53654125
v 28510.62466379 13108.04502129 -23359.08468659
v 27598.65959824 12998.27281431 -22475.58854356
v 27912.91481260 14012.99230637 -21283.41455774
v 28804.42792078 14478.80491680 -24868.72975110
v 27668.38956757 14605.93024310 -25390.50453289
v 27785.47064713 13631.52272432 -24715.38022985
v 27924.26539255 13105.20035960 -24045.52354732
v 28737.55271061 15307.65207536 -20838.75441262
v 29110.29446878 15671.63592228 -25314.54638803
v 27774.37444562 16054.71099606 -25891.50997912
v 28565.22740327 16572.53160845 -20474.26035501
v 29425.26400591 17261.04925021 -25741.09850316
v 28201.26710325 18076.85037497 -26247.08799474
v 28441.86440303 18193.17666984 -20133.14690258
v 28035.78553413 20066.07409025 -26538.86403422
v 28239.85630410 19804.74044893 -19694.14813067
v 27882.32700385 21972.54104035 -26633.40266916
v 28354.64793684 21032.00862155 -19207.87449082
v 29096.08420935 22103.86077004 -18691.98890045
v 27399.35345726 21320.03646000 -18368.09484069
v 27672.08287643 23840.07785174 -26536.77086820
v 30183.43255342 22773.05643828 -18744.16127370
v 28155.38136498 22458.76100043 -17227.33737700
v 29887.62242776 22868.14813624 -17830.64048310
v 27948.09240490 22997.88191491 -15837.60855694
v 28458.68207295 23687.87078089 -14549.06463748
v 28172.14926779 24828.50163212 -13498.38422093
v 27324.83710138 25529.82398508 -26280.43450490
v 28031.54168458 26669.42953640 -12970.68564795
v 28646.39460844 27137.89412826 -25926.28781724
v 28065.56421851 28597.52301105 -25445.67727558
v 28440.24995987 28685.96133754 -12733.35415454
v 27351.90529103 30562.17570587 -24715.55457973
v 28531.30774423 30481.24246481 -12735.74529669
v 28093.71804411 31848.67685169 -23909.55371728
v 28834.33669645 32201.22932851 -23607.37342790
v 28047.33464420 32769.63129886 -23123.76846240
v 28412.10261600 32152.97401876 -12890.85777230
v 29329.42454096 34569.44083904 -20492.71024911
v 27928.32917707 33843.40245844 -21434.05464169
v 28812.88695776 34677.72396707 -18904.09600850
v 27616.09524026 34213.09439449 -19422.54696081
v 27541.05415442 34286.13010418 -18059.26672919
v 28105.80676477 33747.75313049 -13233.39349967
v 30078.88883360 35089.17928896 -19650.08141211
v 28472.50647005 34639.69658488 -17308.99191105
v 29926.22426799 35091.04189012 -18225.83723322
v 27734.38536330 34483.01144284 -15480.74813696
v 27942.35572917 34736.75928804 -14241.34530776
v 27981.01579104 34391.27989953 -13268.08014690
v 28331.83092948 34664.18272768 -13443.57935943
v 27484.83855009 34318.61043735 -13135.01649740
v 28253.26343044 34915.38427907 -13914.48281675
v 28013.53159427 34789.18567224 -13443.48183270
v 26775.91847133 12933.30065214 -24264.21454052
v 26386.13148999 13596.50437420 -25113.51225482
v 25204.48547855 12826.45840416 -24446.52843054
v 25955.26136995 12555.66883037 -23272.88910732
v 27366.09686809 12779.31334205 -23521.50035804
v 26066.69875552 12608.59965418 -22336.95939351
v 26040.96775224 13058.26321594 -21481.96909132
v 26361.93762195 13844.89516250 -20780.18042387
v 25244.29093708 13526.46835557 -20631.41800798
v 26178.06467125 14739.89777195 -25805.34371240
v 25554.70088824 14299.58299960 -20253.22354259
v 27048.76221243 15080.95361298 -20456.68041196
v 26148.99907950 16318.05435344 -26278.69573013
v 26979.48818545 16790.39486819 -19966.57499237
v 26123.34287017 18154.86756816 -26575.87697720
v 27005.22721831 18397.03047830 -19614.95179203
v 26001.06993322 20057.74200051 -26722.62564568
v 26978.42668097 19530.88192535 -19298.46325706
v 27449.53781133 20395.68291053 -19147.85353412
v 26451.51512410 20171.98451026 -18672.11375212
v 25834.85166862 21970.67510900 -26711.19435078
v 26099.97704091 20911.70447337 -17914.53869211
v 27198.85526540 23685.35175848 -13639.75696797
v 26837.09107531 23426.20626549 -13984.24908829
v 26725.24739169 23400.42331671 -13540.11127649
v 26709.69031063 23500.13833094 -13441.26385913
v 25620.92940476 23868.22618354 -26547.94969803
v 26456.76167914 21840.69578861 -17163.58585079
v 26853.58540737 22572.63770487 -16231.36556771
v 26787.80508841 23102.88581102 -15051.45360071
v 26757.29798850 23939.75996808 -13496.01449627
v 26599.43051660 25049.81438416 -13322.52910204
v 25551.76633849 25562.96219525 -26273.81664181
v 26191.20738006 26294.63579335 -12889.03696770
v 26860.99339334 27635.18437259 -12613.28129361
v 25777.29770520 27124.23020353 -12614.72292814
v 26857.86104582 26990.82843427 -25934.03835424
v 26014.32544895 28407.45416707 -25582.52215709
v 27118.93334623 29258.49685830 -12513.33698834
v 25896.94752647 28267.82007289 -12501.39421388
v 25440.71083644 30038.93178636 -25218.67747602
v 27218.96726265 30964.79734996 -12573.61548543
v 26013.32710120 29831.01004397 -12507.50216606
v 26876.64008820 32326.87926327 -23805.73225960
v 25362.29630564 31907.70750428 -24607.33071248
v 27280.25339415 32614.07673938 -12785.07418425
v 26188.99140247 31500.90031449 -12645.58315605
v 25685.94653126 33250.63924461 -23677.63477487
v 24352.72236596 33928.24000579 -24133.45452135
v 26412.21048426 33683.38039345 -22610.72885746
v 25653.71943359 34509.34817142 -20852.78287203
v 26193.10058962 34148.87378341 -19617.61619276
v 26931.65700384 34105.11196831 -16747.09618965
v 25885.00042978 33780.16363528 -17704.88417208
v 26548.03393139 33970.07074746 -15801.55323728
v 25401.06445090 33382.99626055 -15995.64897006
v 26128.83510250 33789.74526093 -14971.94059985
v 27406.50827906 33922.97665805 -13104.81151529
v 26560.22713558 33120.18894547 -12912.78869020
v 25105.27991692 34393.14700225 -23064.43637993
v 25248.13569518 34720.51816734 -22035.84261308
v 27789.09183400 34588.90101067 -13476.41697720
v 27207.86186713 34214.71208121 -13818.94649872
v 27414.61093798 34386.13847885 -13269.83962548
v 26773.22232849 33969.90895007 -13264.66858440
v 27474.35796173 34538.28370760 -13224.37929246
v 24740.90883683 13611.78099676 -25386.47528139
v 23412.39366901 12812.91881937 -24628.76036121
v 24003.89772844 12417.19007778 -23471.85280630
v 24634.89004776 12522.04342025 -22162.84271338
v 24408.91375268 13044.39127438 -20968.01322255
v 23207.01496054 12727.20228238 -21298.01062824
v 24462.13540768 14853.39417365 -26065.17912739
v 25301.94410357 15585.91658278 -19663.96637233
v 23461.13588306 13173.91159378 -20613.12126904
v 23825.89620472 14104.71770778 -19965.07303537
v 24304.82893327 16432.48079622 -26492.06883034
v 25657.55044195 17358.72185609 -19252.25334688
v 23830.74003028 15475.83961992 -19126.95903551
v 24284.41648563 16636.23193676 -18819.12102565
v 23174.24017464 16185.11149385 -18567.95527688
v 24163.88069762 18204.13299896 -26718.38642392
v 25926.48239786 18899.95936999 -18918.79664599
v 24581.07491789 18167.17751969 -18426.13934339
v 23192.83783492 17389.19165728 -18109.73850498
v 23996.66246055 20078.90795776 -26791.92545743
v 25069.98003368 19879.61616270 -17938.23953673
v 23444.31488249 19006.51495745 -17540.45586362
v 23789.31520517 22038.13464340 -26732.64132823
v 25302.56564520 21181.25787564 -17151.50769160
v 23868.91512626 20762.60857232 -16744.33067071
v 26489.81776134 23488.12015904 -13599.07626791
v 23483.16422556 24294.61347221 -26533.38198647
v 25193.66411403 22381.82165383 -15866.73068067
v 25825.15993084 23753.11959491 -14117.99005860
v 23476.88478077 23838.74947057 -14756.06511596
v 24496.25423851 25969.31834986 -26230.46451942
v 25484.36440340 26806.98214168 -26008.26415096
v 24475.89780609 27212.44509644 -26002.14783175
v 25001.34210684 25365.42451808 -13469.88562190
v 25233.83318480 26461.09818861 -12864.46743785
v 25014.70523306 27396.20479629 -12720.33605490
v 24305.83876062 28781.69601684 -25730.83214824
v 24949.27889371 28774.76178646 -12725.48652960
v 23989.55291146 30593.53018755 -25425.08314767
v 25046.82260934 30415.65719926 -12841.55394526
v 23442.82658005 32654.03144174 -25120.58876961
v 24394.92577737 32794.04548469 -16271.95147358
v 23377.32495331 31736.44766409 -15504.75412270
v 23808.57404214 32452.00239953 -16078.07975498
v 23714.56982558 32249.60589094 -15485.80222534
v 25343.06563978 31970.73140460 -13040.87904020
v 23309.34173772 34170.54565831 -24707.28415850
v 25181.81967415 34496.07364219 -19589.63261459
v 24816.63025478 34185.66848303 -18448.97394614
v 24130.18285825 33247.97998174 -16829.09961082
v 25758.40687485 33464.93788820 -13935.16087694
v 24201.39678012 32937.93824611 -14983.79231593
v 25771.26632409 33056.59582432 -13270.94383673
v 24684.39886051 32431.78182765 -13792.53072722
v 24125.91290176 35222.94867292 -23335.06741367
v 22921.24089490 35752.07906624 -24153.45026689
v 24407.33852879 35469.54247069 -22360.33668143
v 24413.06654686 35522.87082666 -21110.19216499
v 24008.26842123 35237.34877775 -19321.35195833
v 23444.97094646 34336.44145137 -17500.72606012
v 23474.71758617 36425.78583173 -22740.13394463
v 23718.33204995 36405.06288164 -21645.61678727
v 22938.08173962 13701.67916663 -25543.54176075
v 21606.62344551 12916.96695720 -24731.84353372
v 22135.59468448 12427.50086553 -23635.17617591
v 22746.15313430 12392.73272494 -22418.95548731
v 21619.43171097 12741.51328288 -21425.47227002
v 22671.45407610 15002.91507759 -26184.99559625
v 22392.02702771 13301.04225108 -20496.65120320
v 21668.63917698 14253.30718882 -19610.30484514
v 22484.87258975 16542.00747980 -26559.88013311
v 22565.89554481 15245.28148941 -18948.02998010
v 21987.07118662 16461.76661611 -18205.36079262
v 22240.99506156 18251.79086213 -26739.86080258
v 21695.53540655 18115.38572177 -17427.67978856
v 22020.84027978 20103.09869329 -26801.51902848
v 22322.68662810 19816.46661458 -16754.76109438
v 21769.24397171 21981.19729115 -26763.75408647
v 22571.15027373 21034.03366549 -16203.45226506
v 23355.96049421 22003.63565962 -15818.61158948
v 21840.97247686 22035.09053679 -15647.81766039
v 21350.33525590 23480.61077257 -26702.64290883
v 21485.97414158 23621.65608114 -15125.45781072
v 23460.98637591 26050.39903396 -26299.22867667
v 21764.77714067 25455.98639246 -26521.94209749
v 23612.10955817 26114.49733000 -13771.81250780
v 21896.69540578 25695.58983655 -14603.54146047
v 24526.33778413 26531.33415879 -13107.64122328
v 23033.86944384 27354.31757183 -26163.47590075
v 21347.21169663 27485.36368174 -26392.83929048
v 23011.74813212 27875.63478835 -13944.76553024
v 21670.14167117 28150.11994392 -14675.29612053
v 24119.76819554 27632.40391580 -13171.59407375
v 22723.27898158 29126.41932075 -25983.18690291
v 21053.13374182 29435.96877482 -26284.42316149
v 23068.35953834 30454.80410342 -14519.48333293
v 21981.76465743 30448.45955909 -15070.48782823
v 24002.29521600 29357.41567993 -13356.72552272
v 22375.39302578 31011.00270244 -25810.04931629
v 20679.55344295 31494.71172991 -26188.04153401
v 23289.99963135 32096.70924795 -15705.42677653
v 21590.04757488 31406.04882206 -15070.74929313
v 22786.82899318 31412.96487912 -15026.93742542
v 23145.11217179 31828.44373281 -14562.66241008
v 24163.86347134 31089.87748548 -13575.70050744
v 22024.44390293 32575.38470212 -25690.07048857
v 22215.23967386 34215.42042061 -25249.32443948
v 23210.32214938 33196.98069294 -16053.18313108
v 21713.83188668 32946.56917527 -15475.57289579
v 21546.84764521 35946.93664614 -25091.76138808
v 23223.36457901 36765.04500406 -20281.93195016
v 22737.73715241 36509.37162169 -18885.67098944
v 22492.11088334 35657.98124571 -17825.75697931
v 21992.53134704 34529.19085465 -16584.34845647
v 22445.37620046 37765.48666769 -23097.31557655
v 21289.20428932 38009.23861018 -24446.66696434
v 22830.35831352 37733.30555478 -21578.30915432
v 22455.53399620 38139.20484733 -20236.28329602
v 22207.44178472 37749.64598960 -19137.66219999
v 21680.98836341 39194.98998335 -23238.08064944
v 20901.37727431 40198.99848058 -23733.67937897
v 22052.11780047 39208.35591331 -22091.07128895
v 22072.11682609 39211.36824051 -20746.22362003
v 21759.59990427 39143.12819466 -19445.28230357
v 21357.17415964 40532.41714068 -22494.74214381
v 21529.10079047 40549.19869439 -21135.41828902
v 21481.16627823 40299.64526271 -19944.67166460
v 20981.62175958 13936.90675205 -25580.62362083
v 20181.99422528 13066.18816029 -24754.57089918
v 20254.20494203 12592.17527146 -23731.29956738
v 20974.55279427 12458.63207113 -22556.58344458
v 19915.73140602 12876.44817074 -21564.45530112
v 21164.74728805 15293.00934582 -26221.26596299
v 20627.08521560 13461.66106852 -20489.87337117
v 19766.19581230 14510.84415710 -19535.35440979
v 20666.08711149 16601.41177014 -26474.85268524
v 20919.43991410 15418.76696423 -18726.32294091
v 20382.83867802 16742.10168071 -17951.72882620
v 20345.24656067 18325.43860560 -26689.25759136
v 19711.27334954 18198.09064745 -17240.18740718
v 20849.69209267 19498.86974168 -16658.73258621
v 19436.33811168 19683.50481406 -16603.53707300
v 20111.80769240 20132.41587165 -26783.70267078
v 21580.63731331 20616.98804257 -16220.93072853
v 20411.50565683 20876.83024131 -16107.18034597
v 19898.55571528 21917.63359285 -26790.74813670
v 20231.35758725 22475.90772075 -15629.12119218
v 19822.30546146 23758.40786274 -26736.38797611
v 20201.50685365 24257.39325774 -15241.57465908
v 19759.67672766 25719.32434187 -26656.23351346
v 20155.64630640 26251.95676202 -15081.08243017
v 19573.41274789 27691.34264659 -26588.93613285
v 20133.42932596 28325.87345005 -15141.85741414
v 19348.93252388 29594.64850480 -26535.45112285
v 20084.43290980 30108.18077784 -15250.28061986
v 19021.39647167 31144.11778660 -26506.91339951
v 19963.47094901 31664.86078251 -15395.17336634
v 21076.99936859 33286.92516069 -25884.57232167
v 19463.37875229 33077.73291069 -26284.67854745
v 19684.10242276 33078.50217754 -15635.88074385
v 20674.57769865 34801.05677866 -25760.48409098
v 19079.70528610 35243.41197472 -26151.48143639
v 21711.30112257 37143.38551083 -17953.73032983
v 21051.34618552 36181.86632194 -16905.85811475
v 20084.76330882 34774.56508817 -16056.49479188
v 20265.27528272 36677.89366449 -25537.76515834
v 18671.86300986 37397.19511214 -25989.96704593
v 21225.63640562 38749.35267473 -18189.72757069
v 20495.45698944 37966.32329818 -17108.98539373
v 19546.68492533 36912.55381884 -16378.84772461
v 19927.44898256 38285.84372643 -25346.00565931
v 20046.38432235 39792.03481099 -24795.55320376
v 20859.37257242 40579.05086538 -18603.92121873
v 20129.61844157 39810.92338801 -17304.68933215
v 19209.46818174 38867.82776203 -16527.64962243
v 20633.65362973 41791.91716298 -22917.83596214
v 19985.80595767 41519.59812971 -24069.57835066
v 20923.95158038 41934.95888886 -21544.62928226
v 20883.87700057 41842.10475813 -19901.59933990
v 20316.79385608 42296.06136520 -18483.20855991
v 19797.98439086 41691.22788973 -17455.23233110
v 18926.71581289 40833.50662545 -16631.66306486
v 19991.52597415 42815.40018791 -23288.35447728
v 20230.01985214 43385.01540915 -22045.81139199
v 19563.61483020 44043.79304220 -23023.12232663
v 20472.80104491 43183.91128350 -20652.06711051
v 20082.11597737 43741.17336265 -19168.14222510
v 19560.57693138 43420.80837357 -17710.00914296
v 18583.58441220 42980.22685887 -16723.80747161
v 19660.82563439 44739.44040024 -22053.89944346
v 19277.82298324 45026.45964107 -22671.84680103
v 19844.95620552 44744.56869855 -20667.01746766
v 19579.49097332 45347.77479197 -19180.93411287
v 19307.12806284 45020.07252604 -18025.61911488
v 18773.48504618 44540.28031623 -17095.26745779
v 18999.28387866 46180.16421183 -21767.21876823
v 19297.79980770 46252.84293189 -19929.17697544
v 19379.73413416 13663.77252333 -25100.83692560
v 18966.37751486 13067.03343091 -24228.58251488
v 18859.28875629 12738.34982225 -23336.45902518
v 19409.40632141 12622.12554639 -22599.62188005
v 18562.62282700 13020.06190801 -21853.95689086
v 19334.91088381 14999.26617559 -25807.65965556
v 17756.46326151 14040.98545260 -24697.53423465
v 17743.14231251 13258.42465166 -23416.82546729
v 18592.89245321 13713.93333929 -20717.96992844
v 17760.70950597 15027.57225970 -19503.26318223
v 18799.04346422 16772.52545676 -26319.49045954
v 19225.46878565 15719.59095261 -18635.19811741
v 18799.18590814 16916.97928106 -17959.87969703
v 18544.15630128 18476.52843596 -26602.65030050
v 18160.68595404 18009.86807932 -17555.18931107
v 17499.58652372 17093.55783208 -18178.25024936
v 16609.81270533 18273.23064622 -18017.19097690
v 18668.73491370 18881.29571114 -17015.88567207
v 18309.77633045 20210.45724823 -26721.16965799
v 17667.43833404 19090.96084797 -17239.19933747
v 18375.91603558 19780.78280072 -16746.37718440
v 18684.47554115 21287.47784999 -16276.02060088
v 18150.99086755 22031.05817439 -26755.78092576
v 19021.97722068 23100.02499739 -15747.93905468
v 18048.22454735 23935.94274774 -26740.43058429
v 18738.61406650 24700.46427823 -15620.01870170
v 17952.73132405 25897.13753391 -26711.14228320
v 18621.37429612 26643.40349497 -15548.82247641
v 17837.98243390 27847.02093980 -26682.30914519
v 18571.21313339 28549.16608469 -15565.50274047
v 17716.81819000 29720.51256550 -26650.88261456
v 18513.20526202 30343.04279958 -15642.43953834
v 17703.53174884 31603.60011570 -26582.24661296
v 18428.98402276 32066.48017902 -15769.97105632
v 17660.88732102 33590.43081417 -26490.01882488
v 18418.19387419 33833.38849367 -15956.67944966
v 17435.81170893 35560.05928593 -26406.74971811
v 18347.20090186 35754.92602050 -16145.61915347
v 17102.27052631 37177.08713419 -26335.63097801
v 18133.24411424 37754.18276874 -16262.14467056
v 19036.24534256 39223.04763773 -25543.27321329
v 17498.19379310 39187.98458414 -26004.42405309
v 17918.98564877 39735.75569726 -16319.16207887
v 18745.69716111 41128.27988998 -25123.83990634
v 17034.50899819 41523.94441408 -25771.32099971
v 17662.34515692 41696.86962221 -16353.67800704
v 18006.97506052 43212.98708766 -24935.50381484
v 16502.04168430 43731.43343563 -25576.41009741
v 19210.79263596 43001.21092447 -24098.16785599
v 17317.91396876 43395.20742721 -16353.51524926
v 17613.97147680 44660.75739150 -24774.37998612
v 18587.91960891 44888.36557494 -23706.16761634
v 17769.78131237 45579.29798926 -24311.30971190
v 18907.39545659 46748.82278793 -18430.39371461
v 18402.70692354 46064.28476481 -17184.09994549
v 17627.79462854 45013.47310253 -16513.85880715
v 17721.57042021 46946.57912751 -23564.90394860
v 18248.23022322 48442.56005455 -21662.45222197
v 17474.32553749 49109.81427494 -22950.77540015
v 18700.76904268 48019.63542388 -19801.96201097
v 18391.42719744 48440.55870797 -18227.56642327
v 18023.17561599 47820.14924922 -17275.17644405
v 17317.14483776 47012.93156249 -16549.11277242
v 17837.83929554 50287.11236451 -21625.90740443
v 17052.50609759 50926.07152991 -22794.56684409
v 18218.36448566 49966.55611600 -20222.65134409
v 18150.86084041 49861.20588960 -18685.74998270
v 17680.05508810 49567.74824464 -17415.31986987
v 16951.55757994 48859.79817653 -16607.77701059
v 17520.15545677 51823.12548613 -21514.98867721
v 16949.76107182 52384.86102748 -22277.28821149
v 17900.51225908 51343.32823480 -20557.26719756
v 17804.49187851 51675.73099143 -19175.14786706
v 17450.08895496 51270.98511920 -17738.72308426
v 16561.55357052 50908.15704206 -16694.89659442
v 17171.81403852 53009.40562172 -21432.40329182
v 16395.10619848 53711.54594012 -22144.87311034
v 17515.19732367 52809.78821790 -20306.68178975
v 17373.12541219 53270.72450845 -19068.83920885
v 17162.95187360 52908.43995118 -18023.49362444
v 16702.48788685 52421.89078618 -17094.11868014
v 16877.08068480 54100.67261035 -20789.03731022
v 17064.03775067 54129.71430058 -19654.77820740
v 18241.48102939 12912.57885900 -22619.56926893
v 17101.38146251 15617.65441728 -25594.98812793
v 16211.80443348 14655.20798840 -24702.76559757
v 16092.76468145 14038.98795518 -23538.71568223
v 16990.48425620 13628.22665619 -21946.52436289
v 16936.18768300 14265.14881161 -20543.87982765
v 16163.58517226 15047.51954342 -19942.90900551
v 17260.60128162 17210.07785896 -26220.66978752
v 17857.54493381 16162.61746819 -18596.79653437
v 16118.79947144 16448.52087279 -19024.77192306
v 16862.71769204 18623.64815202 -26423.01784171
v 14710.49036368 18067.83153914 -18809.53817899
v 16646.37067826 20338.23959560 -26572.39211490
v 16721.19105553 19650.30799550 -17476.47048577
v 15460.59167153 19899.61145523 -18133.28568849
v 17501.01697081 20310.75537372 -16900.74219520
v 16452.53851619 22151.34325691 -26613.33605939
v 16456.57134298 20881.04222801 -17275.51063483
v 17278.96975522 21507.39072592 -16694.12063069
v 17557.85259942 23087.85703345 -16325.67257954
v 16333.80342854 24086.08664601 -26624.73832947
v 17305.25852904 25203.39182613 -16199.97711114
v 16256.21299617 26057.36306688 -26623.80618333
v 17265.65517717 27122.43196899 -16110.39461393
v 16195.24054679 28016.17134423 -26613.50501987
v 17221.96509024 28957.95142969 -16145.50540724
v 16157.70981859 29962.82892640 -26589.43553619
v 17187.84696753 30789.68675386 -16232.82825870
v 16127.64903045 31926.58535953 -26550.78708386
v 17154.95314170 32639.60922689 -16350.79098419
v 16049.75965469 33894.42890967 -26506.05206566
v 17106.69552944 34551.24465096 -16465.48910111
v 15923.20409488 35801.46219524 -26453.23768769
v 17006.27146835 36531.09923287 -16535.30092130
v 15876.72958759 37733.43084442 -26348.51278612
v 16861.97061878 38536.74543517 -16545.42216790
v 15767.12668583 39795.82360413 -26215.39270387
v 16668.88382099 40529.85282313 -16532.07598900
v 15452.29109092 41826.04899505 -26120.02931675
v 16398.87217210 42507.95223120 -16511.71370349
v 15028.44193769 43442.45840053 -26073.57106511
v 16166.36380129 44621.86633334 -16444.10614337
v 16910.91340126 45641.13852648 -24878.27862208
v 15189.69018797 45555.10573074 -25699.57749167
v 16505.75177498 46244.42244194 -16311.68026642
v 16373.90868017 47162.22258519 -24775.76148087
v 16897.75298662 48329.61998804 -24016.34975965
v 16016.32781092 48713.38776776 -24662.84485664
v 16094.14363852 47873.29738946 -16306.77272481
v 16647.93299567 49653.76337991 -23827.89959577
v 15859.12389622 49966.55193457 -24437.57444271
v 15697.14624270 49753.73915435 -16305.14005947
v 16256.01702760 50814.70127597 -23808.79333938
v 16083.34715143 52280.79790252 -23322.76411906
v 15378.36833755 51336.01035848 -16267.02043018
v 15436.35618567 53802.90524269 -23194.24506971
v 16681.34497490 54566.11643396 -18415.58071274
v 16269.21795296 53922.63961517 -17201.11623798
v 15606.77231193 52836.06938609 -16476.27671813
v 16150.09633929 55002.31808172 -21301.59661668
v 15374.50137431 55059.32995709 -22383.46043768
v 16242.07100474 55632.68911597 -19782.42876385
v 16049.72828861 56079.89746375 -18299.29184769
v 15778.30740575 55622.54934250 -17355.56899542
v 15117.77122481 54841.22728275 -16595.97181896
v 15337.74175651 56254.88248287 -21221.17466849
v 15265.05507385 57348.82599880 -19942.19767631
v 15595.54688586 57188.36313676 -18703.42059269
v 15018.36196830 58300.99447652 -18953.23214730
v 15365.88529299 57112.84975320 -17590.47127058
v 14583.80614967 56855.08647501 -16738.77825317
v 14940.03359080 58378.32643687 -17954.42351836
v 14593.44505052 58198.21744919 -17132.59511080
v 15518.20748083 15460.04286430 -25065.78125893
v 15046.94493931 14786.41742809 -24244.22998809
v 14681.55693002 14500.23363458 -23351.11262485
v 14886.95045704 14379.61751179 -22195.79614967
v 15559.57917630 14514.30793274 -20900.61408479
v 14821.60727058 15550.76752469 -20062.48919940
v 15467.02159933 17040.48041060 -25698.62994045
v 14300.60060003 15815.14712448 -24644.44966727
v 14136.23896498 15029.83499054 -23791.74199342
v 13867.99870248 16993.81045646 -19562.73679047
v 15528.06001836 18911.94917446 -26193.37365756
v 13518.59809140 17677.59376951 -19215.15285373
v 13755.47815568 18197.00107803 -18963.60228881
v 13385.89131251 17851.91129715 -19019.86523920
v 15120.26764625 20409.59376847 -26234.81945822
v 13460.54945095 18213.85193256 -19020.72073202
v 13861.04990640 19206.17618500 -19167.87981777
v 14902.89543429 22309.96761769 -26284.17489177
v 15562.19684756 21893.03617097 -17722.20230860
v 14503.60695559 21457.53362690 -18741.49446308
v 16484.15228521 22230.87470739 -16994.97164986
v 14800.97135171 24292.45298087 -26322.17299133
v 14900.11180684 23010.08548556 -18219.79074766
v 14785.58932491 24342.51603980 -18308.06135678
v 15916.59680059 23971.02936379 -17254.52599500
v 14752.88097491 26280.76544328 -26338.72381328
v 15119.11877441 26225.67042506 -17981.47810878
v 14280.28631297 25129.80335585 -19028.90513296
v 14208.45099534 26400.32314567 -19292.31333958
v 16260.11528267 25996.29403285 -16808.74210637
v 14729.17211531 28261.99749164 -26338.80182543
v 14536.81762817 28182.97209419 -19000.68710012
v 13819.23758575 27205.82726503 -20145.13156369
v 13815.20517172 28834.41861347 -20476.97601991
v 15374.54338482 28270.37640588 -17714.90481832
v 16145.40576676 27643.71078127 -16877.04041373
v 14714.17870772 30242.88147758 -26328.70416207
v 14434.55271431 30501.91533214 -19499.10261720
v 13764.41806255 30351.65375531 -20834.69220484
v 15257.99671484 29921.31065138 -18035.22110580
v 16141.29715177 29465.52990310 -16943.79919237
v 14687.44232104 32224.91659499 -26313.39234622
v 13920.22370542 32027.63594152 -20620.06328355
v 13406.89025225 31010.15936635 -21653.07857415
v 13263.76602449 32455.96180444 -21965.03179256
v 14603.43517536 32425.11264065 -19288.78331046
v 15238.39062378 31855.45434379 -18206.74792992
v 16111.57208271 31313.49616671 -17088.90358446
v 14635.47618649 34195.46484487 -26292.17123864
v 13652.55764786 33569.65139928 -21086.52705694
v 13087.67234140 34457.58443418 -22112.02103336
v 14300.92273595 34022.67140732 -19777.96980374
v 15157.35863776 33762.10873175 -18344.58991765
v 16070.35185537 33228.23370865 -17210.07702625
v 14570.45452976 36165.88884869 -26254.53772225
v 13697.46395655 35011.83988118 -20764.87554744
v 14170.10136609 35615.96943179 -19760.39773719
v 14201.09119157 36999.40060928 -19395.69232445
v 14913.60080123 35836.95184760 -18535.97929833
v 15974.54206845 35204.21719081 -17301.66597040
v 14470.25964302 38178.60981470 -26201.81680402
v 14878.43739222 38015.11366619 -18225.69972558
v 14019.26719799 38736.83142975 -19262.33614923
v 15858.43716175 37246.46204489 -17283.22069817
v 14272.82389598 40228.16311298 -26166.49892470
v 14679.47506976 39977.08145841 -18105.98749376
v 13693.44921522 40619.16776024 -19227.89395594
v 15717.04061303 39277.69611681 -17191.61225895
v 14064.05849823 42147.26199566 -26189.87778472
v 14360.12962151 41905.70564537 -18046.19883255
v 13261.18816498 42669.65299808 -19157.54740461
v 15474.12398507 41278.12256200 -17136.46297441
v 13902.16821160 43895.28055310 -26156.11372239
v 14017.17884441 43470.61862994 -17982.50044682
v 13275.44712511 44585.57389221 -18480.62232661
v 15070.18725962 43389.83935897 -17094.07610870
v 13584.62304843 45392.85298534 -26074.33854015
v 14169.38579845 44785.83419944 -17448.67161600
v 14975.04080885 45085.61127389 -16794.42413147
v 15243.17123942 46572.13803190 -16499.76091344
v 15269.06228379 47662.43094280 -25321.10447696
v 13823.27975806 47369.79139739 -25816.92756949
v 14769.05995297 48633.27638726 -16475.36201114
v 14825.01204571 49409.82925216 -25159.27124072
v 13233.38563966 49569.06096719 -25699.43931369
v 14324.66420374 50714.35434163 -16407.20609516
v 14043.38936075 51245.24394403 -25134.02527187
v 12599.24055864 51499.26313757 -25608.66642353
v 15330.72520757 51142.00658371 -24420.88447939
v 14597.72106223 52275.15194127 -16252.70398578
v 13433.72021216 52629.94391007 -25092.66744829
v 14601.27387433 52914.41810090 -24267.71227143
v 13128.95478780 54113.93896154 -24637.56244539
v 14271.63725027 53811.13172608 -16328.84116667
v 14320.92317230 54776.41523169 -23544.02360163
v 12906.10420200 55904.41352280 -23779.08639059
v 13844.45979661 55672.46940178 -16409.69953781
v 14096.17958063 56496.74703774 -22537.69241533
v 14362.27485517 57749.63120019 -21139.78030805
v 14434.90067632 58783.18522148 -19840.02631087
v 13371.48842629 59350.31643820 -20920.75828432
v 13378.54151708 57306.43956484 -16477.33548576
v 13727.66736476 60194.67065630 -19570.26680880
v 12795.09488906 60916.24692945 -20213.98137197
v 14309.34852095 59632.54113201 -18515.03442051
v 14083.00744538 59513.15347180 -17366.04265922
v 13516.99106280 58801.76962086 -16693.43242937
v 13260.70248763 61278.44019632 -19337.03897113
v 13620.45164014 61047.03920880 -18625.31580245
v 13101.95251644 61919.02370161 -18811.82422229
v 13590.02540700 60890.17858821 -17716.38976316
v 12980.09197574 60754.38562088 -16943.24714273
v 13075.59156174 62016.75370811 -18088.23634560
v 12875.77434427 61883.34448420 -17396.37168236
v 13855.21641371 14950.13874689 -22855.68167393
v 13727.87727184 15006.35159427 -21871.98689568
v 14192.16037017 15019.67936061 -21032.72363179
v 13622.09720643 15967.28695851 -20311.30529317
v 13983.83269492 16972.20158318 -25102.75594681
v 13436.05031364 16502.30085020 -24408.58404399
v 13470.35880449 15744.14208558 -23627.61159305
v 13232.65802156 16859.80043575 -19746.86102938
v 14162.11174823 18535.29155491 -25540.76259943
v 13327.87762947 17498.28768617 -24710.93241498
v 12804.85753742 18812.28941385 -20893.33416809
v 12588.92933543 18177.38579072 -21665.82228367
v 12512.35436177 19422.80089195 -22198.77129698
v 13267.07492226 18147.56188115 -19714.97052074
v 12978.74386067 17503.95130416 -20299.74052966
v 13244.12552479 17305.30697663 -19520.84363347
v 13204.58172688 17439.08376138 -19275.85149103
v 13150.73630742 17637.93164534 -19530.06619948
v 13219.14120402 17768.77272725 -19139.07138553
v 13792.99824751 20592.64488540 -25615.80412073
v 12807.74505513 20359.49984136 -21277.45227902
v 12499.09362073 21109.65841979 -22593.94774609
v 13185.22972570 19551.14069712 -20215.46807087
v 13278.96979517 18041.45884103 -19280.67551605
v 13644.24532862 22633.92425216 -25728.45106080
v 12832.00415537 22137.16938484 -21544.63671809
v 12505.94269169 22953.74390943 -22825.72533872
v 13455.99839656 21329.35261410 -20112.30525493
v 13586.10396568 24642.54691534 -25792.88404565
v 12855.90654529 23981.73998687 -21732.61233095
v 12537.01193047 24796.89968496 -22955.39890771
v 13290.22668271 23224.39285128 -20622.18535403
v 14051.98320741 23401.15713411 -19320.27131896
v 13569.85785895 26635.79475310 -25818.94989261
v 12877.27532383 25597.69082105 -21936.14780931
v 12642.64307449 26651.98611770 -22949.37998894
v 13521.32800358 25284.93697900 -20440.29226282
v 13571.44380804 28626.95878749 -25826.37846721
v 13193.57348175 27368.19874475 -21534.24575033
v 12779.92069191 28646.01248078 -22918.25424509
v 13572.18863445 30621.80981567 -25829.39588506
v 13273.41256450 29487.21983041 -21750.58381333
v 12896.20509086 30875.13876366 -22862.87538230
v 13555.19105261 32613.86469351 -25832.21156116
v 12765.71987076 33002.09875656 -23163.53462331
v 13511.95835595 34600.14980686 -25824.94385670
v 12615.33188425 34677.26597426 -23341.98573917
v 13426.47798390 36602.12901766 -25798.19327315
v 13237.92924870 36262.87248995 -21360.26309442
v 12622.82886847 36471.66763639 -22800.88322556
v 13760.88555887 36274.38701184 -20342.65903035
v 13249.51215666 38657.04671638 -25768.68949225
v 12855.78287173 37942.66334245 -21600.78433792
v 12284.71497136 38598.34255575 -22779.72527765
v 13531.89174623 37566.83326821 -20398.31678272
v 12899.90642157 40874.80103545 -25789.32302475
v 12459.14746402 39623.04737264 -21722.39814169
v 12058.32096117 39818.72469541 -22639.13454589
v 13192.89603445 39266.21610138 -20454.34629703
v 13033.40103389 42710.47758177 -26072.53610912
v 11901.92493047 41080.74493273 -22214.24958494
v 12003.62977859 42257.08247765 -21236.78009324
v 12685.18856931 41169.30164749 -20599.77210402
v 12684.44480156 44183.14376921 -26049.65676686
v 12415.95165206 42764.91200303 -20315.52934889
v 12432.76736397 44192.33135089 -19736.34962584
v 12474.44983847 45990.54583926 -26007.77329340
v 13480.07514121 46146.69367156 -17766.46950726
v 12391.15077167 46253.81409234 -19061.83807888
v 14337.14227716 46010.31845687 -17018.45326361
v 12238.45840047 47923.33545360 -25931.20961026
v 12910.18112202 47796.50884022 -17911.92053641
v 11947.22323291 48384.14692239 -18897.71930628
v 13985.64985767 47426.58866353 -17034.46643454
v 11842.44516697 49777.99807610 -25858.34937681
v 12475.99397179 49189.16576492 -17943.59784786
v 11858.97351907 49895.17758704 -18485.67952027
v 13400.78733274 49334.08177521 -17083.35098728
v 11432.57780993 51178.68633969 -25779.16143905
v 12467.69101179 50476.39322537 -17582.68871245
v 13178.20550268 50980.45156118 -16868.62876188
v 13414.36607837 52494.75518293 -16581.63185021
v 12571.52306251 53032.58944603 -25324.46680114
v 11535.27515339 52671.10527328 -25556.11240389
v 13009.99079723 54494.47606114 -16633.30633558
v 12016.47368657 53874.40155717 -25170.88993783
v 11758.12666786 55147.19321499 -24603.72327824
v 12592.90966642 56432.53751020 -16690.16318341
v 12723.27982946 57295.40656424 -23070.61638214
v 11196.95411936 57210.46480165 -23715.04613762
v 13228.03848537 58128.15565802 -22128.37000572
v 12230.66976746 58494.80208844 -16714.75808253
v 12033.73582476 58492.66043234 -22747.25167818
v 12507.90130575 59216.76202721 -21940.67209784
v 12086.84270677 60343.14962995 -21331.96773232
v 12394.35588341 60008.60053184 -16642.39883735
v 12539.58509297 62087.68067445 -19492.89560677
v 11313.92098333 62022.30803421 -20460.17511580
v 11846.46295538 61327.29255543 -16799.86294395
v 11729.02391602 63149.37599771 -19418.78089898
v 10917.25928591 63391.12833276 -19853.65064562
v 12459.27224341 62784.41390292 -18666.99476481
v 12183.61091917 62970.34541059 -17783.83671649
v 12143.81103382 62218.48196497 -17091.08432898
v 11105.14650101 63980.54383621 -19330.82589197
v 10351.35793750 64126.24061734 -19644.31945422
v 11518.96539123 63851.48913765 -18624.19046234
v 11200.61540088 63885.07638410 -17935.67801263
v 11511.04694626 63157.51915830 -17392.86181522
v 10663.71356263 64512.80550195 -19026.94428477
v 10792.20603583 64466.35541051 -18466.00890282
v 13129.99848027 15865.09393385 -22237.14522275
v 13377.12759295 15539.50610803 -21182.41587850
v 12918.29701212 17046.23411783 -23534.04324045
v 12713.49270189 17148.66701912 -21904.99309035
v 13019.64694017 16508.02937943 -20704.28572779
v 12993.73570788 18952.91435900 -24479.75873591
v 12553.22344148 18382.48773459 -22946.74934275
v 13063.91730082 17351.82356268 -19623.08079101
v 12874.56948114 21167.84585108 -24796.97893886
v 12504.94350623 20095.53851558 -23556.21659550
v 12816.33966469 23192.83428691 -24959.89297332
v 12470.59291558 22010.19165133 -23864.32581058
v 12804.86740446 25177.30610184 -25032.04009536
v 12466.95638317 23942.76003055 -24014.19041478
v 12823.76047555 27158.22741155 -25057.78653786
v 12502.07371776 25874.77485658 -24070.71173442
v 12854.09649858 29156.93481896 -25069.02937530
v 12570.56447219 27842.37167565 -24080.54655188
v 12867.06657891 31169.73025805 -25089.22112703
v 12638.12095920 29883.35609713 -24087.16231424
v 12840.78424783 33166.36605633 -25116.02548694
v 12637.02554730 31940.74734436 -24152.89403055
v 12773.22885878 35143.09853338 -25106.52633749
v 12560.78417533 33896.68103490 -24232.94201267
v 12636.81333594 37147.23733717 -25045.73968441
v 12466.33412510 35805.52352369 -24145.99512315
v 12364.99456030 39193.71873180 -24975.35026409
v 12267.28273226 37835.64566814 -23975.25587220
v 11971.06048606 40894.96858042 -25004.86752805
v 11837.72789202 40123.37765265 -23735.14035041
v 11968.62702151 42645.73912804 -25544.33659704
v 11365.34465601 41994.32287941 -24513.94183568
v 11265.22688702 42053.27597840 -23340.61582628
v 11404.90912560 42804.27764104 -22143.77466016
v 10812.77627663 43672.71593467 -23139.93599292
v 11581.70311986 44685.95443479 -25676.15560460
v 11049.18062271 44487.32846951 -21930.56842751
v 10389.07480490 45501.72366572 -23034.31884523
v 11779.87499663 43609.34473649 -20976.61066864
v 11314.34193939 46537.91859550 -25736.62939064
v 10701.76276011 46364.45817648 -21680.24538620
v 9869.12834985 47555.66455663 -22851.18280938
v 11575.19703988 45347.21879456 -20593.08071938
v 11014.91223370 48323.34634158 -25715.45067503
v 10366.31579912 48291.41404680 -21375.78420409
v 9629.95517610 49249.11231346 -22251.47925670
v 11289.70467503 47378.10674086 -20243.40877604
v 10717.95980053 50058.53822896 -25659.28497862
v 10051.03406224 49739.39755300 -21256.87764331
v 9979.34907056 51154.50546414 -20863.50827242
v 10937.50932815 49810.93818217 -19873.34366889
v 10602.93129355 51691.82539351 -25575.58299958
v 10599.02255993 52249.48565554 -19589.42348577
v 9655.63057221 53143.46428864 -20764.94412584
v 11653.37511688 51590.73376387 -18295.09555989
v 12537.00182753 51771.45939996 -17232.17995142
v 10580.13259114 52958.70823997 -25409.76057344
v 10308.52844098 54227.56288615 -19459.80026904
v 9632.07309698 54867.96631361 -20310.68658705
v 11216.38276304 53673.76793150 -18344.99950460
v 12236.13487834 53214.54682377 -17306.39317847
v 11020.76222283 54019.52400965 -25163.05199712
v 10251.94517276 55322.03075507 -24499.58537483
v 10004.51496552 55911.78158507 -19445.91643893
v 9295.59119395 56334.79915714 -20423.15044839
v 10821.86784877 55580.91752503 -18391.56791057
v 11838.56175827 55133.02967743 -17363.40310409
v 9651.76251032 57067.52457562 -23922.94194135
v 9671.56000839 57260.88768361 -19558.29431597
v 9044.37570908 58281.86313339 -20302.61871566
v 10323.32180271 57217.89875941 -18609.15920084
v 11316.92010774 57248.59050196 -17464.94110962
v 10791.63117241 59201.84004990 -22867.63180218
v 9527.70729258 58734.40885473 -23369.71416580
v 11632.96152652 59634.32237499 -22231.39542946
v 9755.79190699 58545.15182937 -19056.49916018
v 10441.27865076 58671.41980419 -18016.45010970
v 11118.09024515 59001.96374290 -17235.57281228
v 11328.28688491 60314.35582494 -16934.74204560
v 9758.07952086 60054.68714618 -22673.77520309
v 10644.91247451 60689.44394220 -21860.95556491
v 9319.15496720 61124.84332778 -21973.65839904
v 10994.36061413 61649.50491919 -17066.49387820
v 10495.18795970 61240.60208226 -17484.96130550
v 10285.40239801 62491.66750339 -17747.62911041
v 9627.26884699 61963.54734194 -20914.17144757
v 9826.01846719 62974.49433545 -20206.05808572
v 11229.69928396 62500.03905939 -17143.77546608
v 10695.14951101 63493.77293380 -17686.69301916
v 9581.77666759 64139.62229240 -19889.13173155
v 10351.32756813 64326.31434724 -18240.85444918
v 9900.57650243 64677.26924319 -19362.23913313
v 10124.48035343 64745.21193293 -18786.18430163
v 11027.65961481 43661.27020568 -24930.22246988
v 10867.56516558 43100.77018190 -24072.28597018
v 10683.27958139 45490.02300583 -25101.90608834
v 10498.63374582 44611.97879296 -24151.30791602
v 10477.63000712 47111.41596618 -25288.04123316
v 9969.31889162 46847.66342587 -24285.27066222
v 9992.77662476 48690.77944081 -25114.36842265
v 9428.45588454 48417.25525854 -24431.70721742
v 9406.37396056 48112.49975341 -23825.05107933
v 9252.41390301 49110.84772611 -23294.51989997
v 9850.29230415 50680.86423617 -25195.69090831
v 9313.18292661 49748.28539646 -24590.39224424
v 9556.96821314 50473.93009056 -21808.77946765
v 9123.41496639 50764.07312338 -22743.18217033
v 9867.18651276 52415.98740529 -25121.50158296
v 9252.65674835 51550.82380317 -24507.87097001
v 9308.39642165 51781.72774496 -21781.49001428
v 8912.19983117 52345.07321894 -22510.41065423
v 10141.27268710 53739.25333871 -25025.68604700
v 9336.42152566 53748.97575729 -24368.06546476
v 9039.32431656 53143.10298473 -21832.29067662
v 8991.28588475 54833.20081421 -21419.89892196
v 9033.35802489 55932.80295580 -23920.65820640
v 8597.93415072 56938.70992006 -21440.57128781
v 8577.70044028 57837.31962724 -23537.99122508
v 8278.62307658 58743.23778111 -21463.65624002
v 8431.91787031 59129.34281030 -23287.39666543
v 9344.75355354 59979.98746627 -19512.46663601
v 8730.49350755 60139.78577630 -20621.47752638
v 9893.36779911 59762.22062982 -18521.29684344
v 10447.35874633 60097.86431522 -17695.07072999
v 8713.18222476 60118.55612393 -22770.83944635
v 8589.20161694 61167.70826395 -21996.25994073
v 9264.86620783 61605.38339935 -20054.32132606
v 8850.39337694 61801.84296970 -20659.89337353
v 9737.77640518 61372.15646120 -18618.02272191
v 8957.13694468 62231.17187586 -21099.75829128
v 9207.44724069 62575.11980022 -20542.24835918
v 9233.36240811 62553.55565199 -19757.50241225
v 9196.22030616 63330.59052127 -20348.37461259
v 9551.77232693 62805.71069365 -18672.67772888
v 9779.96804927 63738.04520340 -18396.69801769
v 9145.25256684 64079.31511169 -19945.08879740
v 9721.28416237 64518.30868155 -18689.48302283
v 9368.13154638 64582.25784612 -19609.15978245
v 9498.61766593 64699.55895857 -19178.80917244
v 9147.02087550 49078.10627229 -24042.88941691
v 9028.44601899 50390.87969236 -23826.82243157
v 8881.95400882 52448.10160648 -23469.38078304
v 8668.41520574 54734.22775119 -23395.01324774
v 8716.64003456 53845.10120330 -22551.61771756
v 8322.65927748 56690.94727611 -23216.14237353
v 8442.84038451 55780.28285121 -22452.20812899
v 7956.20941970 58038.04330483 -23110.81641480
v 8021.07061526 57738.09965583 -22427.86588019
v 7909.30184682 58905.60806723 -23188.16344546
v 7683.89554865 58860.25696667 -22765.84376220
v 7809.88653252 59068.99027954 -22188.11878576
v 8131.74481586 60234.63340393 -21626.98489991
v 8014.70352889 59683.20959979 -22992.30896002
v 8459.77487731 61575.97096147 -21367.31119663
v 8041.76834178 60352.04051107 -22364.77824820
v 8936.94319792 63172.86503353 -20140.31823833
v 9234.15143250 63402.22063125 -19183.93596036
v 9128.95323732 64315.15540153 -19604.97370976
v 9265.52833228 64138.35653235 -19159.72698658
v 7701.87850541 59548.12103281 -22831.85510121
v 7705.27127824 59656.10179268 -22418.80511682
v -9230.07691417 26586.98731445 -25285.65532717
v -9733.75365717 26464.16252303 -25736.49951085
v -9678.77559906 25505.43091958 -25507.29943920
v -9367.77131400 25864.38790924 -25024.04985774
v -9074.73501665 27992.04578023 -25143.12628869
v -9711.30516510 28087.82267507 -25821.18935114
v -9083.64809878 27053.28183033 -24724.91729439
v -9038.37649611 29789.60154646 -25204.43153233
v -9681.85783016 29938.53894354 -25866.96484904
v -8952.70117219 28249.44254271 -24442.40243580
v -8909.45306149 29528.12662045 -24447.98846129
v -9198.82504280 28900.69444757 -23732.47231745
v -9005.71322642 31669.60260795 -25221.45828277
v -9654.79912354 31875.97797728 -25881.57404431
v -8879.37611308 31293.06504353 -24429.71986732
v -9203.81236468 30642.58772381 -23590.50852833
v -8984.67275205 33621.25032194 -25222.63057331
v -9638.05122998 33851.82666894 -25880.41517910
v -8856.81234187 33212.14924817 -24418.34606808
v -9200.79627820 32559.29485172 -23535.32375089
v -8976.25945694 35602.98366446 -25210.22945603
v -9635.43034993 35837.08125327 -25865.41190219
v -8843.35335060 35187.10408812 -24404.20542149
v -9189.39744717 34543.87013317 -23515.68001220
v -8980.80724503 37588.59440267 -25174.06037875
v -9651.95477912 37809.03583558 -25825.98453007
v -8838.66810477 37177.71013151 -24367.55612446
v -9179.94414942 36541.22668657 -23482.07898386
v -9003.14339837 39558.64411963 -25096.72918202
v -9697.67957891 39735.65556542 -25744.66650306
v -8841.28540274 39170.25161963 -24285.28735216
v -9171.27987590 38539.51930462 -23401.42782573
v -9052.85916419 41481.25808182 -24968.66188963
v -9782.84580350 41558.37500843 -25610.90787428
v -8852.73285180 41169.87338716 -24130.90244000
v -9154.03282810 40542.41760533 -23246.36526887
v -9152.48594154 43293.32211280 -24804.91322678
v -9910.70506056 43158.24711904 -25443.77111666
v -8867.32031217 43163.23058394 -23926.92112430
v -9134.33390122 42654.94150929 -22932.85086981
v -9355.86259239 44560.35311967 -24773.12896083
v -8935.67970964 45452.14443766 -23597.95600150
v -9438.82394273 46071.69163141 -24391.02856292
v -9000.26937933 44489.04478112 -22793.58755567
v -8901.48429201 47769.77720995 -23333.37205045
v -9558.03202950 47922.63179950 -24076.52826921
v -9132.11312331 46108.14195923 -22039.05056746
v -8844.82240996 47650.30616478 -22316.81982452
v -9178.15629948 47670.41381876 -21366.79802156
v -8876.07303413 49742.19003550 -23095.52050952
v -9590.85395528 49891.63449021 -23794.07334444
v -8711.94981638 49456.45546940 -22193.55093269
v -9027.33484356 49069.22548293 -21248.13887953
v -8848.01237193 51753.55713038 -22830.88728645
v -9597.92876356 51867.11856891 -23568.30474437
v -8629.21283643 51363.65786386 -21925.58670278
v -8887.75314651 50773.68189492 -21031.90539194
v -8822.07491016 53764.28391801 -22642.24866534
v -9619.84747035 53782.89329886 -23381.89941180
v -8565.35493299 53594.20901739 -21415.49363711
v -8792.61487045 52484.96856272 -20676.90738098
v -8866.48096290 55622.56664185 -22529.41676241
v -9716.56228381 55536.39684226 -23183.11218862
v -8451.15250471 55634.84379627 -21450.40991701
v -8925.22249743 54071.84177785 -19792.88608818
v -8525.00788119 55630.10115985 -20163.95516554
v -8921.85838327 55660.62821544 -19047.35576556
v -9083.61233674 57195.02258627 -22392.06533171
v -9906.07354368 56968.77206456 -22933.33854591
v -8535.68503870 57419.87497010 -21339.25756908
v -8382.84148305 57342.91742652 -20122.67868131
v -8677.78083128 57053.58462905 -18986.43904076
v -9482.91601760 58162.65460435 -22283.52398757
v -8956.91980659 58964.40671463 -21237.20443573
v -9743.45445501 59182.36250952 -21687.55131984
v -8496.83375894 59216.93507741 -19753.34834842
v -8497.65657823 58585.84612563 -18842.27050920
v -9448.92160414 60106.26334790 -20785.11126388
v -8982.75737569 60693.99525166 -19714.56664429
v -9763.36883783 61030.40410309 -19957.97594329
v -8508.28369656 59797.09391734 -18464.83970138
v -8702.58697712 60892.14402953 -18383.83201848
v -8822.23353280 60328.56999742 -17626.36648358
v -8986.64341625 61252.16833443 -17383.03534861
v -9471.35519425 60555.92134131 -16920.76347867
v -9441.12525444 61725.31255796 -19130.09636418
v -9074.28107810 61884.55043864 -18465.32026539
v -9629.93846999 62376.53590244 -18364.11047749
v -9071.35792085 61962.92248431 -17589.73031574
v -9493.53230454 61679.03503790 -16944.48525756
v -9416.89226878 62526.90176942 -17710.73518355
v -9520.71221792 62363.79184672 -17158.97686316
v -10730.12180343 17270.10340292 -23642.37244616
v -11135.31713841 16504.51406465 -24147.39503951
v -11016.98580759 16300.25834455 -23569.64721632
v -10982.70111042 16609.69123179 -23033.27969328
v -10777.88297898 18143.61837804 -24388.61306107
v -11449.70321693 18248.03575073 -25319.88825419
v -11432.29315838 16931.43292932 -24919.04179700
v -10516.57211176 18487.84725244 -23510.90152162
v -10730.07091571 17884.37133690 -22746.98496840
v -10671.28371654 19973.27876341 -24758.23920234
v -11383.51091636 20088.73014651 -25630.13377577
v -10417.23197816 19818.48992345 -23744.54241303
v -10545.38839126 19493.70382763 -22691.12648444
v -10469.66675920 21961.65548870 -24973.47732739
v -11174.11688534 22144.04785280 -25825.67680311
v -10272.44863321 21651.25180556 -23926.58583082
v -10421.63434220 21253.87493663 -22779.92020031
v -10019.19073551 24214.76091526 -25148.47172716
v -10780.19542686 24396.79282508 -25991.65351556
v -10008.58037518 23708.76368357 -24060.24651688
v -10284.44660610 23186.49991906 -22878.74994284
v -10849.75628237 26208.11157968 -26238.32453544
v -9535.35502305 25905.41567966 -24181.91355156
v -10070.37430762 25270.21925273 -22965.83612916
v -10840.14106639 28075.18262549 -26314.24320838
v -9193.26554225 27562.45526393 -24047.44865262
v -9759.61715244 27514.67652447 -23067.61191047
v -10807.56592372 30017.83884618 -26334.04400458
v -9811.55850579 29620.78758204 -22740.65140659
v -10773.21500916 31996.46073435 -26332.88478518
v -9876.90078440 31621.88328720 -22587.04667460
v -10753.30010594 33984.27891705 -26322.58000406
v -9875.75673619 33678.78972572 -22567.81418185
v -10754.77050166 35964.17550483 -26298.43497712
v -9864.60159872 35703.55169042 -22548.55125228
v -10783.68704967 37914.19072449 -26242.69340374
v -9851.31092606 37708.45217399 -22481.80563143
v -10847.91133341 39799.12185021 -26130.95264419
v -9828.67920281 39710.16895117 -22339.23647117
v -10929.83845024 41569.88643376 -25949.90826323
v -9741.50563352 41623.35234195 -22169.25352011
v -10949.35633658 43122.92840424 -25715.58123369
v -9649.59513890 43037.45542449 -21974.77826717
v -9378.81387579 44107.73323577 -22078.10780368
v -9917.04621405 43890.13651421 -21390.99736246
v -10106.46862418 44552.31895155 -25205.70675083
v -10649.77053331 45897.49635824 -24909.33068469
v -9230.07274169 45038.34229810 -22050.22102660
v -9727.17765448 45204.10265322 -21281.30137656
v -10758.61756276 47944.99846841 -24457.21532074
v -9703.03137158 46825.42729587 -20834.51062115
v -9659.88928913 48406.09966553 -20426.20495448
v -10462.19538355 47368.45290662 -19742.36421865
v -10796.69172960 49921.42904989 -24141.40848894
v -9536.31235855 50085.68973410 -20128.74913446
v -10406.57195421 49117.59194318 -19326.39575644
v -10817.86261872 51876.23101111 -23870.95770866
v -9318.76758918 51780.00725455 -19908.17625266
v -10313.64337468 51026.41922843 -18864.92758518
v -10801.71136349 53771.77321335 -23612.69788631
v -9106.92496534 52906.48603748 -19827.37046372
v -9714.21196655 53016.45336629 -18903.44441267
v -10863.53796200 55547.05822825 -23287.30965292
v -9521.53639513 54754.24212346 -18450.58715461
v -9422.26565892 56484.70056908 -17920.93688619
v -10256.97118269 55133.63293040 -17411.40619874
v -10283.37960148 56397.91019537 -17006.21781100
v -11198.25040593 55283.05924478 -16669.31975678
v -10610.65814319 56915.07172650 -23034.77584191
v -8976.12486554 58181.58560348 -17930.54787938
v -9831.13218665 57817.89216878 -17081.85821017
v -10962.63134875 57036.42475508 -16519.31324522
v -10381.76544406 58051.96187032 -22459.04506640
v -10416.38696634 59161.74284593 -21768.22508703
v -8705.22984829 59347.94930142 -17945.52474793
v -9286.33582078 59320.05164594 -17232.63939933
v -10434.14150620 59075.71314651 -16582.99108125
v -10391.10781404 60038.85735812 -20875.82282364
v -10548.04394245 60983.08358055 -19862.16805900
v -10331.53898177 60836.01478980 -16592.47938607
v -10302.00186798 61785.78798892 -18990.77344749
v -10193.05904243 62462.31117871 -18137.19844788
v -10130.22218102 62006.06424887 -16825.34260593
v -9866.15619429 62701.09065632 -17764.75243823
v -9940.70689053 62595.66627340 -17254.67328613
v -12450.87664328 13489.22370912 -21585.40187253
v -12785.93634612 12904.55379780 -22694.63267315
v -12935.66015453 12371.88597683 -21857.84728361
v -13221.54427625 12135.41674580 -21152.60812691
v -12998.75167181 13016.80930674 -20517.66747282
v -13896.57273471 11995.67108398 -20205.60770801
v -11738.04416235 15069.90650725 -23156.58450507
v -12402.19476233 14443.45645666 -24373.02474452
v -12720.33408892 13532.34867982 -23777.82377779
v -11897.37587296 15139.31078922 -21398.39826567
v -12524.75652005 14363.30069716 -20362.67387690
v -13590.61957197 13472.12039228 -19492.10911864
v -11886.06413662 15630.68252850 -24642.36760955
v -12512.81192800 16326.19417887 -25515.74019323
v -12755.33513830 14816.91857176 -25088.51751066
v -11323.66934197 16820.73332403 -21771.67810849
v -12098.12860063 16231.00379560 -20121.08353127
v -12921.78060469 15120.60453750 -19275.51083732
v -12616.00042130 18175.67474889 -26008.90462589
v -10987.91496044 18879.60038885 -21566.72381656
v -11659.76803144 18229.78173313 -20283.34292474
v -12750.61219787 16369.63773801 -18960.89350300
v -12476.01034003 17704.45867886 -19049.03702408
v -13440.98315065 16987.84808963 -18187.26811093
v -12589.08647378 20114.48900663 -26263.57144430
v -10825.62755636 20765.87712176 -21574.25352972
v -11447.93076491 20210.75366239 -20310.26745363
v -12270.09452701 19569.51839064 -19074.18984774
v -13309.63997416 18745.82649031 -18034.46880632
v -12472.34176952 22150.53745983 -26408.54582390
v -10719.15024438 22626.08968340 -21675.51647403
v -11319.69650472 22161.32611052 -20430.52698223
v -12151.94638205 21631.86503110 -19136.86341898
v -13170.07331892 20761.38161959 -17992.73897389
v -12396.88720647 24163.58050296 -26517.23529093
v -10660.41383513 24555.14201372 -21723.84494718
v -11175.07746061 23800.87215197 -20692.21327284
v -11995.87462285 23871.84661286 -19391.61092818
v -13191.10770914 23067.49036387 -17963.26986399
v -12390.80391491 26124.06842293 -26579.13613204
v -10570.19182828 26643.91283543 -21792.70291367
v -11419.28350226 25735.39753389 -20374.22174026
v -12261.89638861 25681.30667199 -19115.10836726
v -12847.19075757 24880.03154015 -18357.95402631
v -12350.20490638 28112.14313875 -26580.46425226
v -10413.79015450 28485.27422431 -21954.89290698
v -11305.56384513 28211.68209331 -20686.08473986
v -12197.73075106 27306.53024695 -19380.80379158
v -12273.05443248 30117.82649435 -26560.14865260
v -10770.69971488 30338.49119034 -21463.84997203
v -11697.10416795 29974.16585775 -20262.14386454
v -12170.97761888 28964.45330368 -19571.97300014
v -12207.92127899 32114.76618133 -26538.10078358
v -10742.81674006 32659.95219629 -21525.22969380
v -11663.56820514 31714.28940778 -20368.71795543
v -12180.44579498 34098.00794834 -26512.87293020
v -10723.43840847 34748.62480622 -21543.92593083
v -11631.05431288 33795.93624565 -20430.88654325
v -12184.81709654 36062.35507145 -26468.93992324
v -10701.63947052 36768.24740138 -21511.49509236
v -11591.26938318 35838.17772796 -20444.82090651
v -12224.27760969 37985.18736039 -26378.90797404
v -10679.32844246 38762.44444816 -21397.64911126
v -11544.89855806 37814.48647761 -20401.50005891
v -12307.25343011 39851.77347059 -26209.97842539
v -10670.69776063 40863.68630344 -21134.78112428
v -11498.61584783 39683.96721445 -20283.83960697
v -12358.05898993 41724.27353942 -25950.76890454
v -10289.86993918 42696.27346765 -21229.55471126
v -11496.05932311 41123.84971172 -20083.99503191
v -11140.77500162 42418.00948941 -20252.60880557
v -11875.65433280 42027.57447596 -19420.27363114
v -11847.81686248 43273.78138633 -25705.17465603
v -11050.95589355 44266.59457119 -25461.61042161
v -12080.42239128 44355.48131399 -25345.37666224
v -10654.72772252 44234.28982244 -20385.55228974
v -11742.30616171 43592.69182152 -19236.40353651
v -12247.37525073 45984.60499729 -24852.35204596
v -10371.56707025 45917.67078138 -20253.25232668
v -11375.87495401 45814.91575862 -19132.81453970
v -12340.01243818 47930.05482773 -24407.91888024
v -11347.83945417 47942.00872647 -18631.21327712
v -12339.43137738 49901.64672399 -24044.41490329
v -11233.46782183 49652.21123777 -18286.76477791
v -12413.64062762 51880.73315634 -23624.11646247
v -11252.42104318 50881.06700880 -17890.36819771
v -10903.86079461 52348.38598483 -17760.26265541
v -11912.22985268 51179.23816874 -17205.44327614
v -11841.03627198 52462.56688379 -16919.86496370
v -12845.94326733 51381.07294395 -16590.33709533
v -11991.63673723 53842.99544861 -23378.75391001
v -10267.78021160 53849.23009426 -17861.38627825
v -11127.81233047 53792.28084801 -17082.02867846
v -12436.88629295 53490.55144267 -16460.72188091
v -12225.70265816 55083.87606581 -22848.67872523
v -11345.78572334 56467.13506539 -22906.37836419
v -12168.57722096 56318.98502404 -22369.14206380
v -12288.56124047 55625.72915474 -16317.99161961
v -10913.20474190 57277.67166706 -22806.45685235
v -11491.37763845 57480.16629186 -22259.63355024
v -11912.44700660 57684.29826839 -16348.12214163
v -10772.00104528 59399.58142129 -21455.96231104
v -11043.72476830 58694.19021822 -21803.28934149
v -11312.91265114 59360.48147234 -21004.17150064
v -11497.79086325 59609.51693737 -16468.65656377
v -10921.51787506 61190.95998031 -19394.88989295
v -11490.09681835 60232.10048138 -19805.31695551
v -11307.41212528 61249.10985787 -18775.95524839
v -11147.80179163 61215.82937579 -16754.61324292
v -10432.52783658 62498.06667312 -17541.32648290
v -10883.73309568 62006.80621805 -18075.18316937
v -10568.89561102 62218.81830291 -17033.81463406
v -11157.39607683 61854.47246788 -17315.24743011
v -13807.30014292 11375.95940462 -22030.01845980
v -14890.77421899 10729.16861210 -22931.07821924
v -14931.78444095 10196.63943429 -21975.10585601
v -14765.57952096 10301.23442007 -21190.82901879
v -14043.24705032 11173.26161683 -20918.47085129
v -15115.35774903 10654.08064311 -20255.18283340
v -14369.61148937 12344.40382637 -24603.42802751
v -14470.52209097 13041.03773871 -25215.42310920
v -15388.90953883 12099.44597608 -24986.02289865
v -15149.33611923 11349.29949392 -24072.63314865
v -13782.89159596 12151.52073610 -23598.31399735
v -15148.83960268 12054.62598755 -19241.39583018
v -13417.21489662 13475.67351431 -24709.57583892
v -13992.55648529 14470.92570839 -25610.22201268
v -14599.42020925 13454.18483840 -18677.59310466
v -13902.96747551 14601.96218363 -18575.70764674
v -14941.54921621 14213.41933948 -18118.55233434
v -14081.06020584 16288.21117509 -26155.62206434
v -13410.93011677 15754.52149200 -18490.27801476
v -14591.16216504 15639.39176421 -17802.12986948
v -14173.92736326 18150.57344848 -26480.92725726
v -14728.44654812 17581.54858300 -17226.51728590
v -14199.31299720 20097.08380036 -26646.38348172
v -14367.72370652 19681.95912989 -17122.11394662
v -14196.34950106 22096.18889341 -26719.84707882
v -14276.80025832 21644.66407678 -17052.97467813
v -14213.26676890 24121.13695056 -26729.26077256
v -14405.71347761 23307.40975036 -16938.37944224
v -14210.35576358 26189.20763540 -26678.01267502
v -13059.46131144 26527.09801952 -18266.42693554
v -14011.20777841 25110.04301528 -17308.41821501
v -14061.77957515 28282.31595127 -26605.05598233
v -13121.04328704 28676.33444152 -18382.97391342
v -14178.23854222 27383.15907361 -17267.20260389
v -13866.70631455 30318.59586541 -26547.64033114
v -12586.52769242 30668.64845077 -19132.81361036
v -13533.47392161 30424.84846303 -17966.22520317
v -14311.78339622 29406.54029121 -17176.42686238
v -13777.18553282 32293.82249131 -26500.73504733
v -12543.65783958 32895.14082320 -19219.41800935
v -13435.40592665 32076.57574266 -18067.09732551
v -14344.43165669 31266.53481158 -17091.55036494
v -13746.87029260 34256.01807764 -26450.41864764
v -12486.93439711 34987.54976198 -19257.77895612
v -13479.74259332 34188.48082438 -17936.25019282
v -14261.46853971 32990.85833988 -17064.29428154
v -13746.69414345 36194.39254566 -26374.76817508
v -12400.62439001 37001.83721967 -19288.40395601
v -13281.71414762 36281.09781430 -18114.32593775
v -14345.50063772 34330.80992982 -16886.25712966
v -14195.23633232 35688.60089405 -17046.61382327
v -15098.06439633 34942.42052906 -16248.15648988
v -13791.14831756 38066.71077877 -26241.75687436
v -12311.53110893 38930.90796286 -19268.62891108
v -13170.30213645 38249.96493142 -18161.50131027
v -14106.30010570 37532.29512201 -17128.07930455
v -15151.70726550 36657.03475719 -16294.65361853
v -13970.52382646 39888.82856443 -25998.34135035
v -12171.43655244 40709.26329912 -19255.94775502
v -13031.86978073 40222.58687676 -18188.23415791
v -14011.89760224 39505.51769786 -17173.05684364
v -15108.40465506 38621.24377277 -16386.11431553
v -13722.53176502 41444.54450976 -25804.12611377
v -12718.72499119 42362.42867625 -18314.96241834
v -13876.63586034 41561.96378142 -17204.55801277
v -15015.27734953 40672.68607133 -16452.89035573
v -13025.19115770 42796.94747892 -25630.29869164
v -13915.12419391 43819.06230601 -25050.70729391
v -12592.82024279 44708.13554245 -18065.12774983
v -13728.72079737 43707.91909426 -17164.27312643
v -14911.83658326 42757.65341949 -16473.06226268
v -14045.56446655 45890.11284196 -24451.93267159
v -12395.79583128 46851.44774784 -17855.16263994
v -13557.47635484 45872.14277879 -17054.73973238
v -14780.96551131 44870.63977809 -16451.38857111
v -14210.65178393 47880.31252792 -23899.64000227
v -12155.78043949 48730.47642882 -17653.33100690
v -13262.15837476 47971.76114939 -16964.72127306
v -14557.27104158 47029.81301205 -16418.01367821
v -13836.31983849 49869.47728323 -23584.27417146
v -11870.55119607 50068.39142403 -17548.25013850
v -12709.03783022 49812.08355997 -16973.44050635
v -14093.81088352 49453.88116295 -16403.41619498
v -14271.97279559 51042.75921076 -22892.89049611
v -13201.25567225 52822.31792078 -23016.48802010
v -14347.73127840 52368.56964167 -22216.73903546
v -14004.43980457 51772.23073795 -16283.49230050
v -12723.69828573 53913.71202848 -22999.26001176
v -13527.15870831 53938.87280491 -22229.64481574
v -13736.33074988 53920.98426215 -16322.72139216
v -12669.29743259 56975.11880019 -21434.81072059
v -13060.79888713 55539.36539595 -21874.64528785
v -13504.07825925 56106.86752518 -20934.57357515
v -13432.95835767 56084.78188219 -16540.21026231
v -11947.44914669 58303.52396019 -21285.92742789
v -13366.60477308 56985.85236337 -20466.80948837
v -12797.39393478 58004.31780504 -20452.13658338
v -13419.30069774 57592.23027337 -19686.67685899
v -12732.85959007 58271.99033428 -16662.80633495
v -12127.54606798 59029.32984533 -20405.25098577
v -12765.77366998 58932.80206991 -19347.53508461
v -12225.31668502 59953.44176890 -16859.35032517
v -11737.49668077 61226.75990386 -17845.08981238
v -12223.97255519 60279.86782272 -18549.59935111
v -11843.67862255 61013.50631433 -17156.29407231
v -12468.71758745 60189.52068063 -17568.84757365
v -15671.41542406 9563.21075874 -21451.21836133
v -15950.04169263 9749.67067056 -22361.28157464
v -16831.87711394 9174.19036779 -21646.63479092
v -16342.87541468 9259.58553850 -20964.40830792
v -15593.47739418 9721.35464234 -20783.20677910
v -16421.71146913 9651.99998120 -20338.64180131
v -16207.75105060 10289.62026985 -23435.35414294
v -16555.46894485 10560.61131843 -19547.12416622
v -15469.17844111 13163.37708882 -25628.33854712
v -16504.38816991 12125.89798810 -25326.33553516
v -16652.68079196 11064.48285491 -24518.18248992
v -16993.77267590 11661.55379365 -18671.95825830
v -15622.18659762 14582.40995124 -26124.29014612
v -15888.02952605 13066.24084348 -18283.06235533
v -16116.73595267 14366.83172831 -17584.20085496
v -15829.74881656 16283.76102187 -26507.73468853
v -16161.09679601 15943.05418917 -16933.90872384
v -15974.86429414 18134.72798013 -26728.52711130
v -16061.71941526 17283.23567439 -16556.24918160
v -15703.45638792 18676.51226950 -16490.61403736
v -16995.82818243 17682.64778629 -16150.72650439
v -16059.84048320 20080.44939449 -26822.64772874
v -15530.78533799 20475.22757452 -16395.79488140
v -16913.73065407 19275.83492620 -15976.97843159
v -16142.84204359 22093.74885356 -26822.91782184
v -15487.54396112 22312.71449145 -16327.86691823
v -16861.57831624 21069.83183434 -15854.88821803
v -16269.66258342 24203.56887613 -26729.14259359
v -15430.16271313 24170.47416445 -16345.87160377
v -16842.72645060 22947.88585080 -15767.04331711
v -16287.09402931 26476.55372180 -26543.15389062
v -15397.80920588 26166.39947477 -16366.55651370
v -16825.51024265 24901.66719856 -15680.26570621
v -15635.17483035 28710.75818682 -26425.72404393
v -15455.84228976 28247.25596701 -16286.36720975
v -16833.35516982 26941.21431515 -15543.49975974
v -15420.33386829 30638.35286943 -26331.86595463
v -15483.04541014 30322.53267509 -16174.48633287
v -16846.33928805 29066.39324458 -15358.40847210
v -15351.06365481 32559.02020208 -26242.40850068
v -15275.58409077 32263.69837621 -16205.83991559
v -16965.80450062 31511.92796209 -15096.14411470
v -15308.85745904 34503.84436137 -26150.00629740
v -14936.18336761 33670.45409515 -16365.15017864
v -15965.99841400 33621.10226671 -15672.13472733
v -15266.54132378 36410.67027104 -26040.34813134
v -16336.75335519 35404.20955677 -15628.57816979
v -15247.51480620 38127.94627324 -25900.32766365
v -16406.57963072 37458.51781903 -15840.41064027
v -15384.90682645 39330.64874374 -25698.74416010
v -14934.66996628 40687.74405166 -25582.07897251
v -16296.51786859 39670.38424171 -25180.65410108
v -16260.24191847 39617.54119579 -16038.74445045
v -14290.33649399 42097.15470630 -25465.51677143
v -15764.06577988 41726.82048323 -24907.22825639
v -16144.63664995 41724.99944876 -16136.82744518
v -15947.69765257 43853.02580847 -24201.33053690
v -16038.81596551 43813.80130614 -16178.59349246
v -15674.97520456 45855.24807392 -23807.78747639
v -15883.45914613 45901.94456603 -16194.49651496
v -16169.70389144 46986.35622397 -23108.30240494
v -15164.68558018 48713.22634742 -23211.06598084
v -16311.84938993 48168.87122374 -22525.25857742
v -15642.28791227 48005.36243536 -16217.85020385
v -14736.84703794 49798.14002471 -23138.68635540
v -15654.94276760 49580.29599057 -22447.36579436
v -15418.66462082 50090.08090627 -16289.62439590
v -14933.02813888 53081.73804723 -21002.90753307
v -15692.45289154 51020.65363978 -21455.27669214
v -15906.53912588 52050.55991805 -20307.54099638
v -15272.03256849 52157.11104608 -16521.80060797
v -14064.14489801 54860.57746006 -20951.03767362
v -15638.46840036 53029.41187113 -19834.17741034
v -14984.93742712 54358.99549320 -19621.64389866
v -15719.68205023 53420.10860804 -19028.94428062
v -14721.45846981 54191.57680189 -16754.11575746
v -14026.96768724 56191.12246303 -19766.00391992
v -15374.04815693 54216.28429011 -18488.59117706
v -14589.03964051 55651.77006221 -18277.18313200
v -14436.49758816 55502.99554752 -17167.76860719
v -15222.37728955 54318.87576984 -17584.16224656
v -13630.68477698 57689.73422856 -18498.91412086
v -13754.65801787 57054.61785649 -17300.62654144
v -12962.29423475 59256.85070352 -18196.60108828
v -13084.17442898 58810.09388004 -17395.63642421
v -17494.98211335 9470.79707842 -22736.39688565
v -18277.51477549 8991.62273543 -21648.65110478
v -17405.63133323 9103.35210434 -20839.43682369
v -17765.51236588 9590.48479024 -19997.47494574
v -17391.02501334 10115.29199508 -23778.60495207
v -18039.82749340 10533.23491958 -24363.76311499
v -18650.15871816 9825.16447382 -23594.22748995
v -18126.87535620 10455.75151940 -19145.00951338
v -17000.01733536 13099.38463674 -25850.51616161
v -18093.19823289 11632.00219772 -25172.58095679
v -18532.98921026 11404.68152347 -18384.76356920
v -17419.90120134 14566.33959885 -26334.64196412
v -17864.38085159 12872.13706786 -17776.77246404
v -17493.78990935 14612.78594073 -16992.13650442
v -17720.77666153 16276.00107819 -26656.35521900
v -17435.86299763 15681.75692353 -16524.57100129
v -16952.39352753 16566.33271201 -16384.51760128
v -18201.37505544 16395.07307301 -16183.54751960
v -17908.85569291 18132.60495512 -26823.66659670
v -18314.70522763 18010.33198296 -15844.63343612
v -18048.65839919 20080.53121878 -26870.23467512
v -18335.62266466 19718.65809943 -15630.34316641
v -18250.52503998 22110.46678507 -26806.44685983
v -18373.74074058 21541.19781639 -15462.62450689
v -18732.20610040 24381.01805573 -26582.11749397
v -18411.18243708 23467.61858542 -15269.86779229
v -18022.17360968 26230.81439575 -26359.58201625
v -17295.50093960 27609.35640463 -26255.40591909
v -18728.51557958 27031.23420828 -26106.18275249
v -18369.18842227 25475.45234793 -15040.64641369
v -16982.23008266 29244.42390108 -26114.02569885
v -18230.17356746 28243.74031927 -25973.36680267
v -18431.37363684 27572.14225175 -14717.16941046
v -16925.62298798 31003.46497586 -25941.04514765
v -18412.01636362 29563.49714117 -25699.74782745
v -18236.25744314 29613.87582653 -14517.29202093
v -16871.81267943 32915.76432410 -25765.92395819
v -18454.01205299 31368.70185514 -25327.58480442
v -18770.00388390 30988.22575868 -14060.57144316
v -18071.23326895 32293.00750389 -14319.19438510
v -18858.52995880 32161.89158537 -13844.26610890
v -16759.31120402 34895.74241916 -25616.30613150
v -18285.97205293 33395.72054366 -25022.18325023
v -18517.04499094 32994.55513213 -14114.87272324
v -17518.95481718 33678.46068809 -14856.25001419
v -16593.36999061 36836.53624660 -25487.09388752
v -18007.75154436 35518.55400011 -24835.04262807
v -18201.60159525 35780.62686373 -15345.43974212
v -16294.18830906 38348.80784119 -25453.88105090
v -17706.71303286 37898.91273369 -24638.35506607
v -17643.38664110 38374.98762619 -15937.73301376
v -17394.19078282 40140.17329323 -24392.00718804
v -17407.46557364 40579.47868509 -16176.96446677
v -17286.47064059 41881.01521830 -24016.41234506
v -17276.42815837 42687.65060788 -16290.24745896
v -17751.04471041 43096.19877463 -23296.88387020
v -16945.28651277 44741.11990815 -23409.26515633
v -17924.37363456 44302.94188654 -22787.26426219
v -17142.69355082 44778.86213265 -16369.92165629
v -16602.36705506 45789.43020858 -23318.11876570
v -17453.88444291 45584.65905841 -22680.40796070
v -16910.97093916 46798.25142326 -16400.82335148
v -16820.83660077 48645.67319537 -21700.68609148
v -17530.50481940 46907.94712917 -21812.94901896
v -17647.29501068 48018.87787131 -20820.97643676
v -16650.50790218 48659.94167290 -16482.89953612
v -16356.12981830 49683.24865463 -21627.43944125
v -17016.14968579 49476.08913271 -20664.19642316
v -16434.26364207 50370.71995790 -16723.10082309
v -16274.94863131 52205.82093880 -19110.96314566
v -16634.05284511 50899.77856488 -19952.90169276
v -16474.87606702 51911.74213633 -17894.68632721
v -17003.71810887 50800.38034639 -18671.13190067
v -16289.57799668 51613.15608122 -17068.59903937
v -16982.76524371 50536.06556221 -17557.65235054
v -15898.06707726 53197.85516002 -18163.94585676
v -15744.17531974 52933.37716447 -17222.25695710
v -19230.95924980 9244.28561954 -22548.83009731
v -19750.21439770 9013.05237790 -21481.78113761
v -18812.64443684 9082.29819865 -20674.48328903
v -19222.63076390 9660.81933280 -19746.82252932
v -19415.97493430 10580.42902679 -24415.34162702
v -20246.20417632 9822.88940179 -23409.43984837
v -19598.45695607 10565.25556741 -18845.07470005
v -18840.03762699 13012.79735768 -25903.39498148
v -20115.63018617 11692.60978283 -25212.99181032
v -19489.93058839 11418.42738227 -18213.36775838
v -18975.20424882 11950.55682244 -17981.79032457
v -19866.97837400 12394.37173758 -17790.67156936
v -19352.79598597 14566.80824829 -26392.18078406
v -18998.86873337 13976.35334416 -17040.27885475
v -18364.88455626 15123.75199080 -16553.61127782
v -19559.51701897 15270.24767166 -16488.79582502
v -19682.49855067 16300.04540339 -26692.80614531
v -19695.90065853 16796.52807448 -16024.21453326
v -19888.38951734 18151.87278484 -26839.16564247
v -19756.72493449 18391.75188934 -15691.01096445
v -20074.53222690 20062.80038878 -26862.59100589
v -19902.64545318 20073.83631881 -15463.30895397
v -20370.99250815 21942.84527390 -26779.56358351
v -20078.07002855 21897.63168586 -15186.96467872
v -20922.79024876 23331.62061977 -26636.55827165
v -20219.28612143 23908.74858668 -14771.57242092
v -19212.96254041 25820.32720626 -26295.89327445
v -20782.10205722 25043.71709382 -26342.05285969
v -19765.67996297 25911.54094832 -14473.36854189
v -19959.10266815 26488.28535760 -26072.25902359
v -19788.55954224 27968.96862159 -25717.98911064
v -19819.15343383 27212.26891318 -14203.27618558
v -19492.59887648 28612.05895674 -14101.89142182
v -20861.61544226 27591.30419668 -13832.87649763
v -20076.84782999 29765.31864880 -25071.20596197
v -21070.10259240 31268.94861357 -19329.09588218
v -21528.12255280 30959.16390391 -19777.89488465
v -21106.44259342 31372.86941563 -19878.02281858
v -21240.20402625 31358.69461789 -18887.68007214
v -21390.95779182 31016.81845938 -19160.39313755
v -21672.24579246 31210.76994482 -18823.93449559
v -19236.82179053 29773.32162687 -14013.94225282
v -20657.70036830 29771.35538632 -13585.55805952
v -20034.29414636 31769.54736451 -24261.75066299
v -20913.79130884 31705.45678978 -19501.98907063
v -21000.05591614 32073.56122176 -20076.64288506
v -21040.90322527 31764.64741583 -19002.15564152
v -21718.34923810 31974.29566335 -18476.80203021
v -19741.62321141 31599.04204121 -13526.85727739
v -19459.71192863 32792.53287626 -13673.82678018
v -20237.98321569 32235.83915295 -13330.89326090
v -19366.67550803 34109.76126833 -23983.35326338
v -20959.72553763 32351.41250098 -19284.52004635
v -21150.17445504 32246.00345565 -18799.29933765
v -20185.94412784 35374.92419860 -16011.24276819
v -20136.85336069 35230.86418227 -15808.09785895
v -20296.75931992 35145.77633911 -15863.43516442
v -18937.96840752 33893.18433696 -14353.46824002
v -20430.35372962 34960.43381952 -15668.18412277
v -19954.01176120 33484.88390919 -13904.06587809
v -20317.79599957 32858.23957385 -13473.66903234
v -19013.58174162 36183.41498860 -23849.15968471
v -19765.33613913 35553.70614943 -15753.67316363
v -20299.92418397 35916.95018860 -16694.24746787
v -20255.49904700 34377.71545441 -14812.78814409
v -21027.76363755 33198.25650946 -13794.64891326
v -18946.53504236 37674.07309666 -23655.63132341
v -18576.01093833 39078.72640499 -23706.24135805
v -19347.43550337 38393.64938414 -22963.92193895
v -19029.58880737 37211.73175557 -16211.42763632
v -19645.46878222 38127.67430401 -17318.74159885
v -18325.18764145 40727.93895305 -23527.84015917
v -19198.35555302 39841.84719568 -22701.51479331
v -18614.49057994 39371.67606067 -16581.16605578
v -19336.13393057 40261.98928153 -17574.83288201
v -18133.47369441 41840.87028453 -23415.49234624
v -18822.47246875 41735.76822316 -22611.17900599
v -18408.69581129 41493.48679090 -16766.73191939
v -19147.57537145 42321.90802836 -17706.13234227
v -18408.06700198 44721.12544820 -22055.26044424
v -18650.58965736 43406.85557378 -22278.59585567
v -19012.43859170 44012.25086592 -21403.98918118
v -18265.17818525 43576.65069889 -16894.37556465
v -18965.34610361 44266.00217833 -17840.21502762
v -18112.20925258 45650.72248077 -21937.72081929
v -18671.14093995 45369.70778284 -21098.23955895
v -18083.52573321 45774.97593825 -17089.01071654
v -18775.00700666 45802.41344183 -18089.97596081
v -17970.55535209 48212.72272070 -19486.46164782
v -18389.60604993 46770.60796657 -20354.54669253
v -18148.98501493 47480.52403661 -17939.55374019
v -18733.89210293 46471.29537102 -19066.74354815
v -17549.99618718 47566.50494181 -16901.08213495
v -17361.41334686 49766.20026439 -19406.83540963
v -17602.16857334 49329.70840531 -18319.22427363
v -17355.24182510 49015.58506036 -17211.07666613
v -20730.56417220 9373.53874684 -22248.63733229
v -20866.35331152 9276.12348413 -21255.77552043
v -20171.76778504 9281.56417369 -20506.40750076
v -20508.06251289 9963.86078951 -19587.20141595
v -21173.85139631 10698.65813310 -24278.76623944
v -21979.99960340 10117.98401359 -23025.56002005
v -20660.19941248 10678.10002668 -18868.50990251
v -20206.87965850 11219.20126752 -18367.72684423
v -21046.63335146 11564.62855500 -18469.04568766
v -20823.06369988 13067.22293414 -25877.99235078
v -22066.95523925 11837.14614926 -25070.08995586
v -21289.33498773 12802.38372036 -17931.44670964
v -21335.27109474 14655.48827510 -26365.71085058
v -20601.14374376 14001.74495629 -17168.44870402
v -21197.81098620 15761.79680234 -16600.96073407
v -21636.49505356 16387.31836749 -26673.66214887
v -20897.47187682 17324.10424315 -16003.77389074
v -21838.43549012 18196.76475731 -26817.14383397
v -21244.30573188 18686.46133681 -15786.26578478
v -22047.21443426 20030.31948339 -26835.89450465
v -21600.99406435 20332.09353276 -15500.93818323
v -22319.20837559 21779.64716617 -26756.66854134
v -22053.87217146 22098.57893233 -15005.14226309
v -22565.15349190 23471.84433738 -26561.18794982
v -21828.21624092 23579.32003267 -14492.15882096
v -21228.04990924 24943.90117094 -14250.78765306
v -22726.56066687 24147.14912132 -14154.24447575
v -22892.37658840 25141.83875658 -26203.83874309
v -20749.99259755 26308.56940967 -14074.73250367
v -22242.13538402 25878.36195502 -13834.41276004
v -21412.62938313 26605.96385482 -25880.56487261
v -21769.87570891 28198.42109648 -25189.12357450
v -22435.46287752 27682.52601598 -13506.12963813
v -21931.27343751 29855.19074342 -24072.96678017
v -22562.70179192 30626.57035441 -20451.42517516
v -21531.93828693 31297.35921022 -20728.93098396
v -22073.54886073 30876.44614361 -19330.40601615
v -22527.18056711 31341.93478342 -18722.13785771
v -22737.87407081 29120.87137188 -13305.83137265
v -21324.47527658 31228.89718724 -23228.07073371
v -20581.27775117 32889.60021331 -22756.39251579
v -21015.09717026 32536.63573989 -21176.13148168
v -21532.70898368 31444.48142923 -22073.03495606
v -22913.94751751 32076.49892651 -18131.61226857
v -20766.45923525 31395.39920564 -13299.48711653
v -22280.88217785 30830.22219455 -13286.32461926
v -19969.10549849 35111.23076909 -22768.28209527
v -20586.45102399 34304.06450955 -21359.62028471
v -20918.09887664 33484.06678256 -19799.33346503
v -21352.52204741 32978.74262530 -18616.22292819
v -20567.24287717 35138.89583503 -16014.50355342
v -22718.83594233 33167.03440095 -17462.36592773
v -21141.71933864 32221.28663696 -13333.55521629
v -22480.93249683 32297.49882244 -13565.41330689
v -19650.97059686 37010.04114770 -22792.85494346
v -20229.69959954 36356.89111545 -21470.90853452
v -20612.64408886 35562.64847586 -19889.75024149
v -21127.29073693 34637.13840544 -18098.21284131
v -21767.63080268 34332.58432120 -15941.58656558
v -22272.20826479 33429.62207525 -14374.49076206
v -19858.88240176 38536.87205162 -21685.89811174
v -20251.14200561 37698.40384211 -20060.18740688
v -20358.83948641 36846.59970212 -18443.53829922
v -19610.70710103 40735.50135658 -21446.96892467
v -19975.67916392 39834.72177609 -20125.11783779
v -19970.56923886 39000.17652686 -18690.00473640
v -19329.43296092 42617.75480895 -21350.06012734
v -19723.24615717 41894.08048429 -20112.91580444
v -19730.07202856 41089.88618290 -18798.91584135
v -19356.29654954 43926.17983992 -20213.61538527
v -19498.71195212 43086.73551948 -18875.06088674
v -19020.09570409 45508.02011437 -19901.73180870
v -19211.24337617 44872.60904827 -18936.64125828
v -21863.64177654 9843.58460615 -21601.03047962
v -21350.76820718 9826.86714835 -20448.96621652
v -22874.09454264 10957.65722599 -24058.43069011
v -23346.59900459 10658.70274684 -23160.40813782
v -23117.68721533 10590.48375613 -22076.72968217
v -24168.81482641 11738.80111591 -21349.35139217
v -22612.17500268 10912.10901206 -20504.75164729
v -21499.05046668 10721.68118265 -19407.07107981
v -22860.62540521 13271.70691105 -25745.93975485
v -24152.00107866 12118.49311699 -24685.35557227
v -23501.27502961 12414.51521295 -19924.41667261
v -24494.58681952 12927.30195350 -20499.43364221
v -22271.52871083 12210.15398823 -18916.92040715
v -23276.64415108 14894.52741402 -26299.73578074
v -24087.95865588 13736.30234079 -19575.72109039
v -25091.49257185 14087.99361815 -20276.68914076
v -23198.73704114 13445.62636380 -18894.37437996
v -22307.48870396 14253.54457513 -17763.42080713
v -23483.18732215 16554.19961456 -26623.02729215
v -24588.05291338 14876.41926805 -19410.15568859
v -25614.58522815 15665.77590120 -19835.79563990
v -23698.40158355 14840.44838937 -18550.88901054
v -23204.42639080 15518.54302051 -17668.45052354
v -22545.90563831 15855.16841098 -17064.66168808
v -22306.54207291 17283.10832036 -16464.26815942
v -23706.30175032 18272.93790641 -26757.64762694
v -24577.81441280 16008.69469098 -18779.53156438
v -23863.69317561 16053.83222251 -18012.31931874
v -22756.99857718 18970.25896138 -16137.51450757
v -23924.43227432 20052.52355420 -26776.60437703
v -23494.92117384 20422.70962068 -15821.16140693
v -23997.62701338 19225.35258548 -16638.28125107
v -24802.24552973 19905.01323471 -16653.30947759
v -24165.57346276 21833.72605277 -26686.32581860
v -25026.83073746 20729.37283875 -16018.22887529
v -24219.56851150 21791.18757354 -15085.38796980
v -23018.79021824 22918.86635311 -14548.35678394
v -24350.46954005 23143.43387709 -14295.81425292
v -24460.32238274 23586.97658240 -26467.00739717
v -23812.73308487 24582.49537756 -13872.58111016
v -24874.51378008 25259.49869878 -26071.49987167
v -24063.46675086 25936.59523350 -13562.39993917
v -23391.12867345 26729.70161645 -25613.61899454
v -23997.02826664 28278.52480423 -24584.63322383
v -24238.79082069 27663.85713936 -13301.30900270
v -23753.48527123 29530.63345539 -23169.72005324
v -22395.25048943 30420.30708542 -22688.75332304
v -22284.69785894 30695.97378094 -21564.49905771
v -23403.86638682 30157.52650125 -21775.03899301
v -24072.99871673 30363.46105051 -20682.76515351
v -23277.81808657 30842.22014862 -19521.59140089
v -23985.42011115 31591.82905511 -18672.32506138
v -24247.23621035 29395.83535854 -13210.57750415
v -23965.69875631 32466.93489819 -17837.02576751
v -24202.25690108 31044.47169130 -13359.15472657
v -24966.86050028 33096.77010304 -17144.87175612
v -24187.29528843 32413.89405994 -13860.69217162
v -24412.40265839 33546.69916310 -16027.00970937
v -24140.87574836 33355.32937535 -14802.55299063
v -24093.23510599 11219.13589125 -23683.82279604
v -24299.46444313 11201.45840864 -22714.96893583
v -25062.91247508 13803.03143081 -25604.42668830
v -26137.34799134 12848.02937933 -24554.43674421
v -25418.68007221 11953.64785093 -23506.09327933
v -25243.85918510 11972.76113837 -22336.53290626
v -25593.89426117 13010.26884540 -21407.46304687
v -24839.41873187 15340.39875206 -26264.45299188
v -26273.55150770 14503.53055686 -20861.52696823
v -25220.27703009 16727.27908085 -26492.13847483
v -26757.90099454 15684.51955064 -20524.73977556
v -23377.54700722 16644.24936964 -17294.93098639
v -25450.10456371 18397.61787813 -26637.47221157
v -25439.05525155 17247.51589377 -18886.33127996
v -26784.21441734 17136.10039684 -19851.51618286
v -24363.22449740 17159.78961647 -17938.96038763
v -23695.81509073 18014.47125216 -16991.73497461
v -25723.95398025 20143.31219114 -26644.28919156
v -26278.32547821 18392.12489920 -18938.91285260
v -27473.95805768 18832.01455254 -19418.69652485
v -25187.83565378 18772.13862447 -17722.16250932
v -25998.33792211 21955.05414407 -26549.53793531
v -26680.23270249 19521.34211220 -18464.38997669
v -26359.21243894 20257.94467393 -17116.52588902
v -26333.35508341 21253.26615543 -15537.00556018
v -25352.32919057 22158.64325260 -14714.95865194
v -26258.10437206 22051.72929600 -14653.01038533
v -26335.05507743 23738.44350174 -26326.51672980
v -25653.02754700 22730.01414147 -14290.68161424
v -25759.64361880 23919.18244599 -13856.78686984
v -26783.49837688 25418.31797348 -25934.45944715
v -25997.67388535 25891.76974788 -13404.34166938
v -25429.26407378 26773.79997835 -25441.46412080
v -26220.32330367 27964.65887563 -24608.62960716
v -26085.84963557 27752.97482490 -13205.92233397
v -25354.54992038 28913.63234464 -23623.10024086
v -25275.67101077 29826.30537966 -22060.33208252
v -25239.30667390 30415.59310331 -20771.81549048
v -25918.40773855 30331.65965995 -21209.43310933
v -24674.41501019 30883.82733662 -19782.54920005
v -26097.54147614 29545.23268994 -13222.82043672
v -26194.19994674 31010.58450885 -20331.90171042
v -25323.20040769 31520.06591259 -19176.40301483
v -25490.03980767 32366.12655473 -18253.21359949
v -26094.61706794 31160.52464791 -13493.90734702
v -26647.41000732 33133.34186700 -17506.31650725
v -26122.70699102 32445.03520225 -14082.54480139
v -26847.84039299 33489.84421753 -16248.86648860
v -26299.24456510 33239.27506930 -14999.12731146
v -26829.68158435 13842.27072732 -25168.13227862
v -27805.27421582 13589.09829360 -24296.42819063
v -27012.47072353 12774.83671793 -23621.99728155
v -26448.32488579 12670.32692460 -22625.81223495
v -27244.13074465 13865.80688225 -21849.90839630
v -26737.35110155 15302.16867085 -25858.51301017
v -27913.67902268 14470.58503121 -25079.66745657
v -27330.27635312 15005.92822240 -21127.08253720
v -26635.65307887 17056.33889285 -26330.79893375
v -27841.02223271 16169.72741473 -20717.46514882
v -27110.00721764 18509.04255234 -26387.22758794
v -28259.85550642 17629.03007105 -20149.96846463
v -27448.12441329 20310.84874453 -26392.58811558
v -28564.21420780 18772.32021098 -19712.19329051
v -27676.55598400 20631.03266908 -16588.75413835
v -28321.28216777 20474.80474986 -17072.63912629
v -28705.31783316 20403.00474636 -16656.02563844
v -28449.18371333 20793.21600699 -15683.54128415
v -27748.02205178 22159.70391612 -26306.05717829
v -27556.47194617 19888.14793864 -18922.58531352
v -28342.78076398 19730.68354061 -19229.23932483
v -27409.36331863 20297.59227788 -18265.75301242
v -27908.19072603 20490.54053745 -17597.23703658
v -27400.52100297 21738.17228686 -14759.86029263
v -26569.31215528 22570.38398990 -14266.38778724
v -27761.07307134 22617.31290113 -14121.15826990
v -28112.95169997 23971.73218705 -26100.05957971
v -27979.80398193 20306.77191509 -18782.79675558
v -28078.58547012 20509.54951069 -18361.15971230
v -27894.44938822 24095.58958464 -13611.78790593
v -28638.64598282 25756.95599252 -25715.90775887
v -27987.49228134 25948.10011666 -13279.18038928
v -27251.41757061 26843.81362894 -25374.66893330
v -27748.51920745 27834.83394928 -24731.49574677
v -28025.54426198 27827.97487861 -13171.10403566
v -27378.62010174 29046.02740090 -23457.88994580
v -26897.50874776 30259.56226480 -21751.46912495
v -28788.78834509 30287.60960643 -22339.00712469
v -28035.35311019 29625.86691302 -13272.09394466
v -27743.92468072 31139.04930008 -21037.87286470
v -27411.29426856 31853.60055288 -19977.87737392
v -28193.69006526 31779.20055374 -20567.60895589
v -26350.16616973 31899.78078094 -19243.28737104
v -28050.17007853 31220.28393239 -13610.83542689
v -28696.59328448 32414.39831525 -19994.41976491
v -27433.41425728 32699.22751104 -18734.52521525
v -28995.63702373 33182.02163093 -18906.71868043
v -28124.84974557 32473.57237866 -14225.00255505
v -28714.73707075 33574.89993882 -17431.00010809
v -28834.03472392 33662.23867376 -16006.54743459
v -28357.13993207 33284.46040117 -15098.21539489
v -27949.26758465 13275.25016182 -23576.11323654
v -27753.70686582 13326.19263955 -22916.03777033
v -28399.62572782 15405.87082316 -25331.25917663
v -29252.11323880 14999.96055894 -24306.22271560
v -28803.26526159 14092.61493982 -23311.37363624
v -28501.06741491 14218.62273709 -22375.32917971
v -28418.88652683 15113.18511754 -21534.68177363
v -28201.72865387 16837.59493467 -25844.85265818
v -29316.37190928 16130.88669170 -25112.11722284
v -29405.77047214 16594.68151854 -20814.75441315
v -28711.00728508 18753.93663335 -25967.03545156
v -29448.64306035 18071.86105225 -19910.83595543
v -29047.37788145 20617.65367665 -25984.49671867
v -29243.54760116 19187.11503449 -19366.03502925
v -28963.22968413 20235.12781750 -17504.50134636
v -30044.40974397 19880.22489971 -16581.27667571
v -29906.64746345 20487.24698542 -15344.03065079
v -29344.22924376 22476.13187379 -25923.01759558
v -29000.61788556 19881.90766358 -18994.61765288
v -28533.16647064 20300.03023087 -18728.99107037
v -29127.47355929 20084.17932040 -18421.28316444
v -28544.12315741 20435.35278399 -18159.55535698
v -28997.89883083 21398.47562644 -14688.43576959
v -29877.87099045 22243.82952344 -14001.90894863
v -29698.45177552 24234.79277970 -25774.63776146
v -29936.37405168 24095.88722988 -13442.29558699
v -30197.48799404 25651.89860778 -25534.13782077
v -29979.91002365 25981.62109080 -13199.63026271
v -28537.39428659 27107.04593611 -25233.92523187
v -29678.67265030 26827.37273109 -25278.52682736
v -30000.01837126 27873.47009042 -13169.40035891
v -29168.25693340 28038.11427716 -24532.23985216
v -29322.84581397 29149.18112344 -23551.06384652
v -30352.59735999 29693.68658764 -23053.27594884
v -30004.43663115 29679.30257837 -13334.22724534
v -29036.66719290 31534.18841059 -21156.96304190
v -30729.73186154 30955.50916983 -21992.15688360
v -30007.31435970 31284.50215586 -13725.92138303
v -30218.60254590 32298.45584652 -20717.30316148
v -29886.26464171 33043.02733367 -19686.31037354
v -31290.73839159 33129.79547557 -19962.69023049
v -30041.15355675 32555.40330611 -14370.42014318
v -30500.50164898 33653.69289146 -18598.42374444
v -30552.08926694 33947.06605166 -17326.27538216
v -30251.47366935 33822.79110648 -16325.88029556
v -30170.85648259 33400.35244269 -15247.14969685
v -29760.23183940 14965.83621546 -23273.86900704
v -29832.62444379 15382.62352281 -22176.31260905
v -29740.60971266 17501.83166307 -25284.01326608
v -30383.39070091 16569.25728547 -24369.60843031
v -30694.47536124 15985.39417685 -23137.20107515
v -31323.21890503 16420.37521295 -21829.32408013
v -31000.77026216 16698.51790846 -20928.25127345
v -30676.01329319 17501.36484859 -19989.88129927
v -31631.55977261 17347.23502859 -20115.23415911
v -30158.83045352 19240.58316321 -25375.70381217
v -30994.52635946 18131.32620520 -24533.02871077
v -30317.21918344 18676.78158496 -19015.48348852
v -31898.72842163 18006.60467753 -18962.41539683
v -30475.95006392 21086.46813319 -25400.92401425
v -31439.51613799 19840.13030058 -24597.37381543
v -29569.90685703 19543.25330895 -18826.42855377
v -31107.05980500 18902.30075698 -17728.52690713
v -29903.90829266 19570.57159983 -18031.53755197
v -31622.07333187 19120.14495119 -16555.69164559
v -31431.97676368 19830.83955937 -15439.14915132
v -30481.32895631 20854.06771503 -14684.09357677
v -32058.50393400 20686.18360264 -14378.31790504
v -30733.79258718 22931.61606311 -25392.50141320
v -31763.63639931 21730.29578736 -24643.91290473
v -31872.66580977 22349.61055521 -13674.75401609
v -30966.61598174 24572.64008356 -25347.90839017
v -31910.48308918 23618.35079510 -24748.23146787
v -31925.48479701 24116.54859114 -13305.52887202
v -31141.83648933 25701.83966206 -25251.15632132
v -31887.59810039 25224.34885700 -24821.39083180
v -31969.36997736 26007.75644615 -13159.75743534
v -30804.77759114 26588.85564061 -25163.14093976
v -31611.27591726 26280.29208457 -24887.54180815
v -31985.68337238 27916.92498291 -13198.65469681
v -30425.48868352 27493.96916111 -24811.87895876
v -30745.29326408 28462.56174879 -23999.29258617
v -32058.11383005 29340.70699456 -23022.19564591
v -31973.56795936 29758.48827164 -13435.12679452
v -32796.05093966 30876.47101488 -22040.32043929
v -31899.65661802 31423.70883608 -13908.01783774
v -31933.58351054 32171.20871218 -21117.22330222
v -33068.93887182 33110.23693160 -20256.67611749
v -31765.67913631 32703.86245959 -14599.43706679
v -32440.92804209 33773.21030816 -19002.51118528
v -31955.10485251 34007.61918052 -17675.08067220
v -31507.02647265 33963.56502591 -16657.12805112
v -31886.32017571 33518.88296154 -15581.21635756
v -31603.79380767 17426.53621876 -23440.08622398
v -31947.20296875 17092.37390335 -22276.28433887
v -32694.34293283 17598.96192957 -20519.69833351
v -32036.74901003 18815.82372324 -23729.53814869
v -32991.43622579 18659.10882736 -22309.14697407
v -34284.00895722 18753.81853121 -20725.97740413
v -34710.73277268 18353.12104138 -19342.51751260
v -33917.57811306 18164.57438149 -18050.07036031
v -32560.63559458 18488.76388695 -17269.78352908
v -33787.50311937 18462.29955226 -16514.71389224
v -32764.71872510 18923.92674891 -15985.60007060
v -34047.02089848 18859.96962068 -15449.26039913
v -32916.72194560 19480.13875586 -15067.10159330
v -34112.50895736 19677.88503574 -14512.82806203
v -32768.19287605 20483.25580073 -23515.45617072
v -33827.08910031 20262.94598363 -22413.64853473
v -34320.08501412 19651.64175310 -21579.59819739
v -33507.39417865 21000.17054422 -13912.33826847
v -32974.82741338 22695.65101152 -23831.70609203
v -34024.80185948 21851.23142192 -22776.52696691
v -33785.01126931 22325.69076385 -13506.90880067
v -32919.92145083 24635.38729588 -24050.16656477
v -34279.83781147 24062.43925878 -22992.82443653
v -33905.93738179 24134.78014252 -13237.40432426
v -32515.22513322 26419.57642767 -24181.96341528
v -33743.60466436 25810.40065256 -23426.85192061
v -33959.87275742 26050.41728120 -13162.88376670
v -31429.56213328 27242.56101433 -24573.03769218
v -32112.07153317 27873.81582052 -23865.55485163
v -33555.91851695 27653.56179068 -23197.35066013
v -33981.67705120 27992.35375402 -13277.53110312
v -33924.88426875 29460.38786839 -22509.90174536
v -33959.75518240 29933.24670651 -13634.57937035
v -34446.29385539 30815.75089495 -21879.38317397
v -33659.79144879 31797.65195701 -14268.68758231
v -33713.84087453 32037.26924355 -21254.60443366
v -35116.92516548 32909.37995317 -20407.32220486
v -32953.29482373 32858.47540206 -14817.55129553
v -33813.53619777 32606.94501121 -14738.01600683
v -33617.91872953 33180.26313906 -15393.63696210
v -34151.59302397 33839.13692604 -19349.05961439
v -33909.84302492 34038.19038940 -17902.64460648
v -32981.23769317 33815.75471611 -16544.26771515
v -35308.41378974 18956.64427277 -19866.29721342
v -35837.41486656 18835.15719028 -19022.01331724
v -36015.71034046 18636.32303315 -17779.34103372
v -35446.27087479 18559.75373821 -16065.11406565
v -35027.04580227 18887.72924228 -15004.26117412
v -35886.41067008 18822.63773058 -14930.45496062
v -34894.01548589 21039.52914623 -21719.06614745
v -35482.24701094 19990.57422690 -20564.16733457
v -35423.76199182 19271.94138354 -14478.61053104
v -35536.08341789 20440.68331471 -13948.05418412
v -35292.22276981 22863.57968638 -21992.80302023
v -36359.45058332 22005.22219640 -20800.27376903
v -35770.46108277 22355.59814104 -13430.88783624
v -35588.29019255 24481.76004955 -22146.53750896
v -36565.51235698 23970.03716602 -21359.22382327
v -35880.55462607 24218.29250652 -13220.11103420
v -35259.48373600 26251.97044089 -22499.88035116
v -36461.63883144 25363.73118941 -21752.75569014
v -35943.33683287 26132.01175489 -13211.74266336
v -34980.80847829 28199.76279212 -22491.64915474
v -36016.49657762 28100.68748822 -13425.59200787
v -35547.13942723 29566.04880141 -22030.45423550
v -36202.28994986 30289.33030241 -14032.23613586
v -35600.10267202 30808.84052119 -21649.68073090
v -35054.63302861 31693.33684926 -21329.50121716
v -36413.23223908 31405.68554654 -21045.04318383
v -34997.14108897 32274.84784236 -14876.59880881
v -36494.43122739 31649.13778200 -14712.70107863
v -36119.99289402 32530.69347636 -15364.83186512
v -36824.30759108 32502.74210365 -20285.68316613
v -35052.64671104 33420.71937984 -16297.18094906
v -36878.42774771 32953.13474489 -16170.78150743
v -36176.03464864 33651.99273221 -16858.03960586
v -35355.39634981 33962.24035675 -19494.37957327
v -36467.62235970 33615.86103956 -19609.72031028
v -35171.57040457 34279.83712612 -18711.25489420
v -35708.72484518 34101.92870603 -17697.04264345
v -35929.48174435 34276.66994703 -19092.32143233
v -36011.41780525 34392.53190441 -18538.17415986
v -36123.11631507 19470.49252300 -19520.51158511
v -36917.71284453 19447.22312899 -18492.54813513
v -37478.11641266 19183.47965859 -17367.26768482
v -37559.49930203 18983.14155382 -16175.90629529
v -36954.79648575 18941.98196862 -15057.61877340
v -36307.45027745 19270.95912689 -14451.23033395
v -37420.04472447 19687.42104070 -14276.21433918
v -37007.92699747 20699.94357121 -19503.54204043
v -37876.01194003 20405.63580447 -18429.75788283
v -37981.80431643 19781.06867965 -17731.23835768
v -37533.87749978 20963.71613595 -13721.24236496
v -37627.96903575 22237.08379687 -19832.97805292
v -38660.43477306 21894.39364896 -18705.48568001
v -37693.36443727 22611.00138231 -13385.23264271
v -37643.85131258 23574.08491900 -20431.13679747
v -38487.72207645 23190.76421038 -19604.76274070
v -37790.53272835 24391.13888864 -13252.84175235
v -36772.21885502 26505.40182833 -21735.62342717
v -37981.98173968 25663.05037141 -20868.89773146
v -37880.63183229 26226.22266380 -13307.73302569
v -36391.19832689 27944.35116500 -21952.31675206
v -37530.09937799 27311.67667913 -21405.04276427
v -38040.88585747 28042.03459781 -13577.41319045
v -36765.04751995 29226.10104967 -21688.11211965
v -36440.42121477 30212.84511194 -21577.44952588
v -37666.32712535 29797.02124057 -21100.68437376
v -38415.19665704 29387.92928952 -13982.67007789
v -38045.60105981 31292.60761568 -20372.07660143
v -37172.30315575 32044.54537790 -15202.64913683
v -37985.51729689 30884.80546027 -14608.66847400
v -37999.83580215 32657.42490753 -19544.12702371
v -38159.68250037 32825.23077589 -16849.95442708
v -37003.69903173 33683.67101271 -17412.13107835
v -38369.99017763 31936.09108388 -15631.97984739
v -37358.92151195 33654.60507706 -19066.66172163
v -36630.11548215 34179.98533335 -18858.56870992
v -36561.51435626 34206.84190056 -18192.63012039
v -37331.84625580 33854.48452714 -18364.23998119
v -38766.64326693 19811.70265343 -16720.10131091
v -39164.40699398 19552.20882013 -15664.88248952
v -38692.39572311 19396.61993622 -14883.51745166
v -38994.26302813 20151.04945655 -14094.12393192
v -38799.99208660 20662.44066742 -17659.08004561
v -39846.53818375 20947.78606334 -16807.27936588
v -40285.14575008 20502.06593876 -15827.77745971
v -39295.34588354 21422.21669142 -13672.59864254
v -39636.28864072 21640.91846358 -17596.54192653
v -40694.54184905 22110.71702681 -16918.85142938
v -40769.79753346 21419.69159347 -16274.76649809
v -39459.45310608 22989.90616380 -13429.95100381
v -38800.33595732 24470.56594751 -19962.91289304
v -39686.42028672 23835.54051888 -18985.98422460
v -40163.01820556 22805.76384189 -17934.87191545
v -39544.58382254 24631.33335636 -13356.33715799
v -39135.38295601 25419.88570240 -20128.08879716
v -39726.05340504 25104.27287122 -19601.20078188
v -39693.56343770 26317.06706801 -13483.11208498
v -37481.92167289 28463.84830950 -21445.78506988
v -38709.66802611 27948.50605972 -20764.51853187
v -39856.03663153 26386.54652248 -19938.13977820
v -39861.58629685 27981.11059887 -13823.89950594
v -39387.27877452 29703.98668765 -20249.98125880
v -39880.97714496 29642.23301141 -14445.95521803
v -39686.19950125 31164.39911813 -19429.32195659
v -39299.41288184 30943.70622497 -15029.62113088
v -40531.25997458 30530.17865808 -15349.65459491
v -39601.14570906 31422.03780447 -15644.47062244
v -39117.34968212 32312.33154848 -18800.45413171
v -38206.19775117 33177.08023787 -18615.91111835
v -38010.41597262 33324.40443821 -17816.67611096
v -39122.15108011 32491.08381710 -17735.37201685
v -39356.33674672 32007.46246922 -16479.86312935
v -40132.65997577 19913.65695274 -14976.99510859
v -39933.58685021 19893.81925083 -14425.41084938
v -40398.19888818 20675.62800403 -14056.44283511
v -41241.68875854 20875.36793235 -14957.33683876
v -41003.49613566 22100.27997114 -13797.55486145
v -41234.57543675 22000.53831144 -16293.06453032
v -41573.35450179 21842.08476693 -15710.91537476
v -40813.42479248 23514.07391580 -13541.04763565
v -40866.34843618 24026.27408887 -18131.14591463
v -41324.58094253 23379.83592994 -17272.60939243
v -41701.04953886 22770.41986019 -16411.32009474
v -41110.11179340 24854.64743654 -13583.76728869
v -40915.22279052 25328.95845311 -18826.32304192
v -41981.14563461 24721.43653818 -17578.29397970
v -41295.23898608 26432.70478064 -13813.42770040
v -40532.67347860 28162.84016565 -19854.66231328
v -41459.14211058 26955.86512277 -19133.13792033
v -41510.38935892 28071.78202052 -14323.31865677
v -41159.97543225 29556.72567482 -19389.03814440
v -41274.97772636 29410.55382675 -14839.75294230
v -41259.53380270 30506.07474817 -18665.45546901
v -40241.10090260 31547.88679189 -18281.35349171
v -40338.65973213 31553.18080898 -17100.51357624
v -41383.41587371 30739.92945178 -17568.05511560
v -40264.47978859 31322.83754636 -16138.54332282
v -41197.62723074 30695.32809562 -16385.49807337
v -41804.26983233 29775.40115180 -15615.41884500
v -40787.77684580 20339.38796757 -14477.93934425
v -41499.56578775 21264.59115846 -14307.38528694
v -42373.06566770 22225.64504895 -14786.68338807
v -42198.01757022 22298.43132448 -14157.67266814
v -42277.99599447 23558.25146850 -13920.62162138
v -42200.88403373 23820.44525936 -16716.54304526
v -42724.69176675 23564.08249265 -15738.22225401
v -42270.06206991 25137.19131461 -13921.15021871
v -42262.60374384 26153.94475743 -18148.15800519
v -42821.01348662 25591.24158624 -17201.80237517
v -42742.92594115 24642.23877631 -16667.50489348
v -42657.80474038 26423.35182248 -14383.58373467
v -41950.70969255 28255.55420027 -19093.76172561
v -42482.14046646 27331.95758611 -18472.99874041
v -42667.02014236 27717.09047359 -14750.36401564
v -43187.81971325 27085.92376839 -15077.82591208
v -43021.29678766 28112.34163109 -15457.69432060
v -42304.85846158 29055.21588601 -18878.29526062
v -42082.78941754 29708.24644956 -18769.20734262
v -42653.37786815 29249.20058906 -18373.20896225
v -42266.54718796 28746.78833466 -15029.15594991
v -42635.17241492 29064.83242201 -15798.22540796
v -42254.32230513 29898.67793455 -18011.85954816
v -42318.73586950 29759.16381428 -16757.68067099
v -42885.98147900 22950.17620752 -14310.85565821
v -43251.77762773 23435.35865722 -14725.20646774
v -43254.15044813 23669.66011476 -14301.60504689
v -43181.73349663 24699.54604607 -14380.47990165
v -43075.84408797 26890.30192520 -17381.79979281
v -43261.57462910 25471.57472963 -16155.03483236
v -43433.91883336 24491.88803226 -15049.64895668
v -43377.65874169 25890.59466057 -15121.14179543
v -42840.90861610 28299.92553871 -18209.05492092
v -43241.39712618 28040.03336610 -17158.83939949
v -43363.00693060 27184.12777904 -16084.03932585
v -42907.66715775 29029.39894704 -17537.83636656
v -43083.19894514 28589.22255695 -16446.89964552
v -43517.60213882 24030.01818173 -14541.68492619
f 3 2 1
f 1 4 3
f 2 5 1
f 1 5 4
f 8 7 6
f 6 9 8
f 7 10 6
f 6 10 9
f 13 12 11
f 15 14 11
f 11 14 13
f 15 16 14
f 11 12 17
f 17 12 18
f 17 2 3
f 15 17 3
f 11 17 15
f 3 4 15
f 4 16 15
f 4 19 16
f 17 18 20
f 20 18 21
f 17 20 2
f 20 22 2
f 22 5 2
f 20 23 22
f 4 5 19
f 19 5 22
f 20 21 8
f 21 7 8
f 21 24 7
f 8 9 20
f 9 23 20
f 9 25 23
f 28 27 26
f 26 29 10
f 24 26 10
f 7 24 10
f 26 24 28
f 29 30 10
f 30 9 10
f 30 25 9
f 33 32 31
f 33 31 27
f 31 26 27
f 31 34 26
f 36 29 35
f 29 34 35
f 29 26 34
f 29 36 30
f 32 37 31
f 31 37 34
f 34 37 38
f 34 38 35
f 40 39 13
f 13 39 12
f 41 13 14
f 41 40 13
f 14 16 41
f 41 16 42
f 39 18 12
f 43 18 39
f 19 42 16
f 19 44 42
f 43 21 18
f 45 21 43
f 47 46 22
f 47 22 23
f 19 22 44
f 44 22 46
f 50 49 48
f 45 50 48
f 24 45 48
f 21 45 24
f 25 47 23
f 25 51 47
f 54 53 52
f 54 52 49
f 49 52 48
f 52 27 48
f 27 28 48
f 48 28 24
f 30 51 25
f 30 55 51
f 52 53 33
f 53 32 33
f 53 56 32
f 52 33 27
f 35 57 36
f 57 58 36
f 58 30 36
f 58 55 30
f 61 60 59
f 59 62 37
f 56 59 37
f 32 56 37
f 59 56 61
f 63 38 37
f 63 37 62
f 57 35 38
f 63 57 38
f 64 57 63
f 58 57 65
f 65 57 64
f 59 60 66
f 66 60 67
f 59 68 62
f 59 66 68
f 62 69 63
f 62 68 69
f 71 64 70
f 64 69 70
f 64 63 69
f 64 71 65
f 67 72 66
f 66 72 68
f 68 72 73
f 68 73 69
f 69 73 74
f 69 74 70
f 77 76 75
f 39 40 75
f 40 77 75
f 40 78 77
f 80 78 79
f 78 41 79
f 78 40 41
f 42 79 41
f 75 76 81
f 81 76 82
f 81 43 39
f 81 39 75
f 80 79 83
f 80 83 84
f 44 83 42
f 42 83 79
f 81 82 85
f 85 82 86
f 85 45 43
f 85 43 81
f 84 83 46
f 47 84 46
f 87 84 47
f 46 83 44
f 90 89 88
f 90 88 86
f 86 88 85
f 88 49 85
f 49 50 85
f 85 50 45
f 51 87 47
f 51 91 87
f 88 89 54
f 89 53 54
f 89 92 53
f 88 54 49
f 55 91 51
f 55 93 91
f 96 95 94
f 92 96 94
f 56 92 94
f 53 92 56
f 58 93 55
f 58 97 93
f 94 95 61
f 95 60 61
f 95 98 60
f 94 61 56
f 65 97 58
f 65 99 97
f 98 67 60
f 100 67 98
f 70 101 71
f 101 102 71
f 102 65 71
f 102 99 65
f 72 67 103
f 67 104 103
f 67 100 104
f 105 73 72
f 105 72 103
f 106 74 73
f 106 73 105
f 101 70 74
f 106 101 74
f 107 101 106
f 102 101 108
f 108 101 107
f 104 109 103
f 111 110 109
f 110 103 109
f 110 105 103
f 105 112 106
f 105 110 112
f 114 107 113
f 107 112 113
f 107 106 112
f 107 114 108
f 111 115 110
f 110 115 112
f 112 115 116
f 112 116 113
f 118 117 77
f 77 117 76
f 120 118 119
f 118 78 119
f 118 77 78
f 80 119 78
f 123 122 121
f 117 123 121
f 82 117 121
f 76 117 82
f 124 120 119
f 119 80 124
f 80 125 124
f 80 84 125
f 121 122 126
f 126 122 127
f 126 86 82
f 126 82 121
f 87 125 84
f 87 128 125
f 126 127 90
f 127 89 90
f 127 129 89
f 126 90 86
f 91 128 87
f 91 130 128
f 129 92 89
f 131 92 129
f 93 130 91
f 93 132 130
f 134 133 96
f 96 133 95
f 96 92 131
f 96 131 134
f 97 132 93
f 97 135 132
f 133 98 95
f 136 98 133
f 99 135 97
f 99 137 135
f 136 100 98
f 138 100 136
f 102 137 99
f 102 139 137
f 138 104 100
f 140 104 138
f 108 139 102
f 108 141 139
f 109 104 142
f 104 143 142
f 104 140 143
f 142 111 109
f 145 144 114
f 145 114 113
f 108 114 141
f 141 114 144
f 143 146 142
f 142 146 111
f 146 115 111
f 146 147 115
f 115 148 116
f 147 148 115
f 113 116 145
f 145 116 148
f 149 117 118
f 120 149 118
f 151 150 123
f 123 150 122
f 151 123 117
f 152 151 117
f 149 152 117
f 151 152 153
f 124 154 120
f 154 149 120
f 154 152 149
f 125 154 124
f 157 156 155
f 150 157 155
f 127 150 155
f 122 150 127
f 158 153 152
f 158 152 154
f 158 154 159
f 154 125 159
f 125 160 159
f 125 128 160
f 155 156 161
f 161 156 162
f 161 129 127
f 161 127 155
f 130 160 128
f 130 163 160
f 161 162 164
f 164 162 165
f 164 131 129
f 164 129 161
f 132 163 130
f 132 166 163
f 169 168 167
f 169 167 165
f 165 167 164
f 167 133 164
f 133 134 164
f 164 134 131
f 135 166 132
f 135 170 166
f 173 172 171
f 173 171 168
f 171 167 168
f 171 174 167
f 174 136 133
f 174 133 167
f 137 170 135
f 137 175 170
f 171 172 176
f 176 172 177
f 171 178 174
f 171 176 178
f 178 138 136
f 178 136 174
f 139 175 137
f 139 179 175
f 177 180 176
f 176 180 178
f 178 180 181
f 138 178 181
f 182 138 181
f 140 138 182
f 141 179 139
f 141 183 179
f 182 143 140
f 184 143 182
f 186 185 144
f 186 144 145
f 141 144 183
f 183 144 185
f 184 187 143
f 143 187 146
f 146 188 147
f 187 188 146
f 147 189 148
f 188 189 147
f 145 148 186
f 186 148 189
f 191 190 151
f 151 190 150
f 151 153 191
f 191 153 192
f 194 193 157
f 157 193 156
f 157 150 190
f 157 190 194
f 195 192 153
f 195 153 158
f 196 158 159
f 196 195 158
f 159 160 196
f 196 160 197
f 200 199 198
f 193 200 198
f 162 193 198
f 156 193 162
f 163 197 160
f 163 201 197
f 198 199 202
f 202 199 203
f 202 165 162
f 202 162 198
f 166 201 163
f 166 204 201
f 207 206 205
f 209 208 205
f 205 208 207
f 208 209 203
f 203 209 202
f 209 168 202
f 168 169 202
f 202 169 165
f 170 204 166
f 170 210 204
f 205 206 211
f 211 206 212
f 211 172 173
f 209 211 173
f 205 211 209
f 209 173 168
f 175 210 170
f 175 213 210
f 212 214 211
f 172 211 214
f 215 172 214
f 177 172 215
f 179 213 175
f 179 216 213
f 180 177 217
f 177 218 217
f 177 215 218
f 219 181 180
f 219 180 217
f 219 182 181
f 183 216 179
f 183 220 216
f 218 221 217
f 217 221 219
f 219 221 222
f 182 219 222
f 223 182 222
f 184 182 223
f 186 224 185
f 224 225 185
f 225 183 185
f 225 220 183
f 223 226 184
f 184 226 187
f 187 227 188
f 226 227 187
f 188 228 189
f 227 228 188
f 186 189 224
f 189 229 224
f 189 228 229
f 224 229 225
f 232 231 230
f 234 233 230
f 230 233 232
f 234 190 233
f 190 191 233
f 236 235 233
f 236 233 191
f 192 236 191
f 230 231 237
f 237 231 238
f 237 193 194
f 234 237 194
f 230 237 234
f 236 239 235
f 190 234 194
f 241 239 240
f 240 239 195
f 239 236 195
f 236 192 195
f 196 242 195
f 195 242 240
f 197 242 196
f 245 244 243
f 245 243 238
f 238 243 237
f 243 199 237
f 199 200 237
f 193 237 200
f 248 247 246
f 250 249 247
f 250 247 248
f 241 240 251
f 250 252 249
f 251 240 242
f 251 242 253
f 242 197 253
f 197 254 253
f 197 201 254
f 257 256 255
f 257 255 244
f 255 243 244
f 255 258 243
f 258 203 199
f 258 199 243
f 259 246 247
f 259 247 249
f 259 249 260
f 260 249 252
f 204 254 201
f 204 261 254
f 255 256 207
f 256 206 207
f 256 262 206
f 255 207 208
f 255 208 258
f 258 208 203
f 210 261 204
f 210 263 261
f 262 212 206
f 264 212 262
f 213 263 210
f 213 265 263
f 264 266 212
f 212 266 214
f 215 214 266
f 215 266 267
f 216 265 213
f 216 268 265
f 267 218 215
f 269 218 267
f 220 268 216
f 220 270 268
f 269 271 218
f 218 271 221
f 271 273 272
f 222 271 272
f 221 271 222
f 272 223 222
f 225 270 220
f 225 274 270
f 273 275 272
f 272 275 223
f 275 226 223
f 275 276 226
f 226 277 227
f 276 277 226
f 227 278 228
f 277 278 227
f 228 279 229
f 278 279 228
f 225 229 274
f 274 229 279
f 282 281 280
f 284 283 280
f 280 283 282
f 284 285 283
f 288 287 286
f 288 286 281
f 286 280 281
f 286 289 280
f 291 284 290
f 284 289 290
f 284 280 289
f 284 291 285
f 286 287 292
f 292 287 293
f 292 231 232
f 289 292 232
f 286 292 289
f 232 233 289
f 233 294 289
f 294 290 289
f 233 295 294
f 235 295 233
f 292 293 296
f 296 293 297
f 296 238 231
f 296 231 292
f 294 295 298
f 294 298 299
f 239 300 235
f 300 295 235
f 300 298 295
f 241 300 239
f 296 297 245
f 297 244 245
f 297 301 244
f 296 245 238
f 299 298 248
f 246 299 248
f 302 299 246
f 248 298 250
f 250 298 300
f 252 250 303
f 300 303 250
f 303 300 304
f 241 304 300
f 304 241 251
f 305 251 253
f 305 304 251
f 253 254 305
f 305 254 306
f 308 307 257
f 257 307 256
f 257 244 301
f 257 301 308
f 246 259 309
f 310 246 309
f 302 246 310
f 260 311 259
f 259 311 309
f 312 311 260
f 252 312 260
f 303 312 252
f 261 306 254
f 261 313 306
f 307 262 256
f 314 262 307
f 315 310 309
f 315 309 311
f 315 311 316
f 316 311 312
f 263 313 261
f 263 317 313
f 314 264 262
f 318 264 314
f 265 317 263
f 265 319 317
f 318 320 264
f 264 320 266
f 267 266 320
f 267 320 321
f 268 319 265
f 268 322 319
f 321 269 267
f 323 269 321
f 270 322 268
f 270 324 322
f 323 325 269
f 269 325 271
f 273 271 325
f 273 325 326
f 274 324 270
f 274 327 324
f 275 273 328
f 273 329 328
f 273 326 329
f 330 276 275
f 330 275 328
f 276 330 331
f 332 276 331
f 277 276 332
f 277 333 278
f 332 333 277
f 278 334 279
f 333 334 278
f 274 279 327
f 327 279 334
f 329 335 328
f 328 335 330
f 330 335 336
f 330 336 331
f 338 337 282
f 282 337 281
f 340 338 339
f 338 283 339
f 338 282 283
f 285 339 283
f 342 341 288
f 288 341 287
f 288 281 337
f 288 337 342
f 340 339 291
f 290 340 291
f 343 340 290
f 291 339 285
f 341 293 287
f 344 293 341
f 294 343 290
f 294 345 343
f 344 297 293
f 346 297 344
f 299 345 294
f 299 347 345
f 350 349 348
f 346 350 348
f 301 346 348
f 297 346 301
f 302 347 299
f 302 351 347
f 352 303 304
f 305 353 304
f 304 353 352
f 306 353 305
f 348 349 308
f 349 307 308
f 349 354 307
f 348 308 301
f 310 351 302
f 310 355 351
f 357 356 352
f 356 303 352
f 356 312 303
f 357 352 353
f 357 353 358
f 353 306 358
f 306 359 358
f 306 313 359
f 354 314 307
f 360 314 354
f 361 355 310
f 361 310 315
f 362 315 316
f 362 361 315
f 316 312 356
f 316 356 362
f 317 359 313
f 317 363 359
f 360 318 314
f 364 318 360
f 319 363 317
f 319 365 363
f 364 366 318
f 318 366 320
f 321 320 366
f 321 366 367
f 322 365 319
f 322 368 365
f 367 323 321
f 369 323 367
f 324 368 322
f 324 370 368
f 369 371 323
f 323 371 325
f 326 325 371
f 326 371 372
f 327 370 324
f 327 373 370
f 372 329 326
f 374 329 372
f 331 375 332
f 332 375 376
f 377 332 376
f 333 332 377
f 333 378 334
f 377 378 333
f 327 334 373
f 373 334 378
f 374 379 329
f 329 379 335
f 335 380 336
f 379 380 335
f 331 336 375
f 336 381 375
f 336 380 381
f 375 381 376
f 384 383 382
f 382 385 384
f 388 387 386
f 388 386 383
f 383 386 382
f 386 337 382
f 337 338 382
f 338 340 382
f 340 385 382
f 340 389 385
f 386 387 342
f 387 341 342
f 387 390 341
f 386 342 337
f 343 389 340
f 343 391 389
f 390 344 341
f 392 344 390
f 345 391 343
f 345 393 391
f 396 395 394
f 392 396 394
f 346 392 394
f 344 392 346
f 347 393 345
f 347 397 393
f 394 395 350
f 395 349 350
f 395 398 349
f 394 350 346
f 351 397 347
f 351 399 397
f 398 354 349
f 400 354 398
f 355 399 351
f 355 401 399
f 403 402 357
f 357 402 356
f 404 357 358
f 404 403 357
f 358 359 404
f 404 359 405
f 400 360 354
f 406 360 400
f 407 401 355
f 407 355 361
f 408 361 362
f 408 407 361
f 362 356 402
f 362 402 408
f 363 405 359
f 363 409 405
f 411 364 410
f 364 406 410
f 364 360 406
f 412 411 410
f 365 409 363
f 365 413 409
f 411 366 364
f 367 366 411
f 412 367 411
f 414 367 412
f 368 413 365
f 368 415 413
f 414 369 367
f 416 369 414
f 370 415 368
f 370 417 415
f 416 418 369
f 369 418 371
f 372 371 418
f 372 418 419
f 373 417 370
f 373 420 417
f 422 374 421
f 374 419 421
f 374 372 419
f 423 422 421
f 425 424 377
f 425 377 376
f 424 427 426
f 378 424 426
f 377 424 378
f 426 428 378
f 428 373 378
f 428 420 373
f 422 379 374
f 423 429 422
f 429 379 422
f 429 380 379
f 380 430 381
f 429 430 380
f 376 381 425
f 425 381 430
f 427 431 426
f 426 431 428
f 433 432 384
f 384 432 383
f 384 385 433
f 433 385 434
f 437 436 435
f 387 388 435
f 388 437 435
f 388 438 437
f 388 383 432
f 388 432 438
f 389 434 385
f 389 439 434
f 435 436 440
f 440 436 441
f 440 390 387
f 440 387 435
f 391 439 389
f 391 442 439
f 440 441 443
f 443 441 444
f 443 392 390
f 443 390 440
f 393 442 391
f 393 445 442
f 443 444 396
f 444 395 396
f 444 446 395
f 443 396 392
f 397 445 393
f 397 447 445
f 446 398 395
f 448 398 446
f 399 450 449
f 447 399 449
f 397 399 447
f 450 451 449
f 448 400 398
f 452 400 448
f 401 453 450
f 401 450 399
f 451 450 454
f 450 455 454
f 450 453 455
f 402 403 455
f 403 454 455
f 403 456 454
f 457 403 404
f 457 456 403
f 404 405 457
f 457 405 458
f 452 406 400
f 459 406 452
f 407 453 401
f 453 407 408
f 453 408 455
f 455 408 402
f 409 458 405
f 409 460 458
f 459 461 406
f 406 461 410
f 412 410 461
f 412 461 462
f 413 460 409
f 413 463 460
f 462 414 412
f 464 414 462
f 415 463 413
f 415 465 463
f 467 416 466
f 416 464 466
f 416 414 464
f 468 467 466
f 417 465 415
f 417 469 465
f 467 418 416
f 471 470 419
f 471 419 418
f 468 471 418
f 467 468 418
f 473 472 470
f 473 470 471
f 474 472 473
f 420 469 417
f 420 475 469
f 470 421 419
f 421 470 423
f 470 476 423
f 470 472 476
f 472 474 477
f 478 472 477
f 476 472 478
f 424 425 478
f 477 424 478
f 479 424 477
f 427 424 479
f 427 479 480
f 428 482 481
f 475 428 481
f 420 428 475
f 482 483 481
f 476 429 423
f 429 476 430
f 430 476 478
f 430 478 425
f 480 484 427
f 427 484 431
f 428 431 482
f 431 485 482
f 431 484 485
f 482 485 483
f 488 487 486
f 490 489 486
f 486 489 488
f 432 433 490
f 433 489 490
f 433 491 489
f 493 492 434
f 492 433 434
f 492 491 433
f 493 494 492
f 486 487 437
f 487 436 437
f 487 495 436
f 486 437 438
f 486 438 490
f 490 438 432
f 497 496 493
f 434 497 493
f 439 497 434
f 493 496 494
f 495 441 436
f 498 441 495
f 442 497 439
f 442 499 497
f 498 444 441
f 500 444 498
f 445 499 442
f 445 501 499
f 500 446 444
f 502 446 500
f 447 504 503
f 501 447 503
f 445 447 501
f 504 505 503
f 502 448 446
f 506 448 502
f 449 504 447
f 449 451 504
f 451 505 504
f 451 507 505
f 510 509 508
f 508 511 510
f 506 452 448
f 512 452 506
f 513 507 451
f 513 451 454
f 514 454 456
f 514 513 454
f 515 456 457
f 515 514 456
f 457 509 515
f 509 457 508
f 458 508 457
f 508 458 516
f 517 516 458
f 508 516 511
f 512 459 452
f 518 459 512
f 460 520 519
f 517 460 519
f 458 460 517
f 520 521 519
f 518 522 459
f 459 522 461
f 462 461 522
f 462 522 523
f 463 524 520
f 463 520 460
f 521 520 525
f 525 520 524
f 523 464 462
f 526 464 523
f 465 527 524
f 465 524 463
f 525 524 528
f 528 524 527
f 466 464 529
f 464 530 529
f 464 526 530
f 529 468 466
f 469 531 527
f 469 527 465
f 528 527 532
f 532 527 531
f 529 530 533
f 533 530 534
f 535 471 468
f 529 535 468
f 533 535 529
f 471 535 536
f 537 471 536
f 473 471 537
f 539 538 474
f 473 539 474
f 537 539 473
f 541 540 538
f 541 538 539
f 542 540 541
f 475 543 531
f 475 531 469
f 532 531 544
f 544 531 543
f 534 545 533
f 533 545 535
f 535 545 546
f 535 546 536
f 538 477 474
f 477 538 479
f 479 538 540
f 548 547 480
f 548 480 479
f 542 548 479
f 540 542 479
f 550 549 548
f 549 543 548
f 475 548 543
f 548 475 547
f 481 547 475
f 547 481 549
f 549 551 547
f 550 551 549
f 549 481 543
f 551 550 483
f 550 544 483
f 543 481 483
f 543 483 544
f 547 484 480
f 484 547 485
f 485 547 551
f 485 551 483
f 553 552 488
f 488 552 487
f 554 488 489
f 554 553 488
f 555 489 491
f 555 554 489
f 557 555 556
f 555 492 556
f 555 491 492
f 494 556 492
f 552 495 487
f 558 495 552
f 496 497 559
f 556 560 557
f 560 556 561
f 556 494 561
f 496 559 561
f 496 561 494
f 558 498 495
f 562 498 558
f 499 563 559
f 499 559 497
f 561 559 564
f 559 565 564
f 559 563 565
f 565 566 564
f 562 500 498
f 567 500 562
f 501 568 563
f 501 563 499
f 563 569 565
f 563 568 569
f 566 565 570
f 570 565 569
f 567 502 500
f 571 502 567
f 503 568 501
f 568 503 505
f 572 568 505
f 569 568 572
f 570 569 573
f 573 569 572
f 571 506 502
f 574 506 571
f 507 575 572
f 507 572 505
f 573 572 576
f 576 572 575
f 577 509 510
f 511 577 510
f 574 512 506
f 578 512 574
f 513 575 507
f 579 576 575
f 513 579 575
f 514 579 513
f 581 579 580
f 579 515 580
f 579 514 515
f 515 509 580
f 509 577 580
f 516 517 580
f 516 580 577
f 516 577 511
f 583 518 582
f 518 578 582
f 518 512 578
f 584 583 582
f 585 581 580
f 585 580 517
f 519 585 517
f 586 585 519
f 519 521 586
f 586 521 587
f 583 522 518
f 523 522 583
f 584 523 583
f 588 523 584
f 525 587 521
f 525 589 587
f 588 526 523
f 590 526 588
f 528 589 525
f 528 591 589
f 590 530 526
f 592 530 590
f 595 594 593
f 596 593 594
f 532 591 528
f 532 597 591
f 592 534 530
f 598 534 592
f 536 599 537
f 600 539 537
f 600 537 599
f 601 595 593
f 539 601 593
f 541 539 593
f 601 539 600
f 603 602 542
f 603 542 541
f 596 603 541
f 593 596 541
f 605 604 602
f 605 602 603
f 605 597 604
f 597 544 604
f 597 532 544
f 545 534 606
f 534 607 606
f 534 598 607
f 608 546 545
f 608 545 606
f 608 609 546
f 546 609 536
f 609 610 536
f 610 599 536
f 599 610 600
f 600 610 611
f 600 611 601
f 602 548 542
f 548 602 550
f 550 602 604
f 550 604 544
f 607 612 606
f 606 612 608
f 608 612 613
f 608 613 609
f 615 614 553
f 553 614 552
f 616 553 554
f 616 615 553
f 617 554 555
f 617 616 554
f 555 557 617
f 617 557 618
f 614 558 552
f 619 558 614
f 620 618 557
f 620 557 560
f 560 561 620
f 620 561 621
f 619 562 558
f 622 562 619
f 623 621 561
f 623 561 564
f 564 566 623
f 623 566 624
f 622 567 562
f 625 567 622
f 570 624 566
f 570 626 624
f 625 571 567
f 627 571 625
f 573 626 570
f 573 628 626
f 627 574 571
f 629 574 627
f 576 631 630
f 628 576 630
f 573 576 628
f 631 632 630
f 629 578 574
f 633 578 629
f 579 631 576
f 579 581 631
f 581 632 631
f 581 634 632
f 582 578 635
f 578 636 635
f 578 633 636
f 635 584 582
f 581 585 637
f 638 581 637
f 634 581 638
f 586 639 585
f 585 639 637
f 587 639 586
f 635 636 640
f 640 636 641
f 640 588 584
f 640 584 635
f 638 637 642
f 638 642 643
f 644 637 639
f 642 637 644
f 589 644 587
f 587 644 639
f 640 641 645
f 645 641 646
f 645 590 588
f 645 588 640
f 643 642 647
f 643 647 648
f 649 642 644
f 647 642 649
f 591 649 589
f 589 649 644
f 645 646 650
f 650 646 651
f 650 592 590
f 650 590 645
f 595 652 594
f 648 654 653
f 648 652 654
f 652 648 594
f 647 594 648
f 594 647 596
f 654 596 647
f 647 655 654
f 654 655 653
f 652 596 654
f 656 647 649
f 655 647 656
f 597 656 591
f 591 656 649
f 651 657 650
f 592 650 657
f 658 592 657
f 598 592 658
f 601 659 652
f 601 652 595
f 653 655 660
f 603 660 655
f 660 603 659
f 596 659 603
f 659 596 652
f 603 655 605
f 605 655 656
f 605 656 597
f 658 607 598
f 661 607 658
f 609 662 610
f 610 662 663
f 664 610 663
f 611 610 664
f 601 611 659
f 611 665 659
f 611 664 665
f 659 665 660
f 612 607 666
f 607 667 666
f 607 661 667
f 668 613 612
f 668 612 666
f 662 609 613
f 668 662 613
f 669 662 668
f 663 662 670
f 670 662 669
f 666 667 671
f 671 667 672
f 666 673 668
f 666 671 673
f 668 674 669
f 668 673 674
f 670 669 675
f 675 669 674
f 672 676 671
f 671 676 673
f 673 676 677
f 673 677 674
f 674 677 678
f 674 678 675
f 680 679 615
f 615 679 614
f 681 615 616
f 681 680 615
f 682 616 617
f 682 681 616
f 617 618 682
f 682 618 683
f 679 619 614
f 684 619 679
f 685 683 618
f 685 618 620
f 620 621 685
f 685 621 686
f 684 622 619
f 687 622 684
f 688 686 621
f 688 621 623
f 623 624 688
f 688 624 689
f 687 625 622
f 690 625 687
f 626 692 691
f 689 626 691
f 624 626 689
f 692 693 691
f 690 627 625
f 694 627 690
f 628 695 692
f 628 692 626
f 693 692 696
f 696 692 695
f 694 629 627
f 697 629 694
f 630 695 628
f 630 632 695
f 632 696 695
f 632 698 696
f 697 633 629
f 699 633 697
f 634 698 632
f 634 700 698
f 699 636 633
f 701 636 699
f 638 700 634
f 638 702 700
f 701 641 636
f 703 641 701
f 643 702 638
f 643 704 702
f 703 646 641
f 705 646 703
f 648 704 643
f 648 706 704
f 705 651 646
f 707 651 705
f 653 706 648
f 653 708 706
f 657 651 709
f 651 710 709
f 651 707 710
f 709 658 657
f 660 708 653
f 660 711 708
f 709 710 712
f 712 710 713
f 712 661 658
f 712 658 709
f 663 714 664
f 715 665 664
f 715 664 714
f 715 716 665
f 716 660 665
f 716 711 660
f 712 713 717
f 717 713 718
f 717 667 661
f 717 661 712
f 670 719 714
f 670 714 663
f 714 720 715
f 714 719 720
f 716 715 721
f 721 715 720
f 718 722 717
f 667 717 722
f 723 667 722
f 672 667 723
f 675 724 719
f 675 719 670
f 719 725 720
f 719 724 725
f 721 720 726
f 726 720 725
f 676 672 727
f 672 728 727
f 672 723 728
f 729 677 676
f 729 676 727
f 730 678 677
f 730 677 729
f 724 675 678
f 730 724 678
f 731 724 730
f 724 732 725
f 724 731 732
f 726 725 733
f 733 725 732
f 728 734 727
f 736 735 734
f 735 727 734
f 735 729 727
f 729 737 730
f 729 735 737
f 730 738 731
f 730 737 738
f 731 739 732
f 731 738 739
f 733 732 740
f 740 732 739
f 735 736 741
f 741 736 742
f 735 743 737
f 735 741 743
f 745 738 744
f 738 743 744
f 738 737 743
f 738 745 739
f 739 745 746
f 739 746 740
f 742 747 741
f 741 747 743
f 743 747 748
f 743 748 744
f 749 679 680
f 681 750 680
f 680 750 749
f 750 681 751
f 681 752 751
f 681 682 752
f 682 683 752
f 752 683 753
f 755 754 749
f 754 679 749
f 754 684 679
f 755 749 750
f 755 750 756
f 756 750 751
f 757 753 683
f 757 683 685
f 685 686 757
f 757 686 758
f 754 687 684
f 759 687 754
f 760 758 686
f 760 686 688
f 688 689 760
f 760 689 761
f 759 690 687
f 762 690 759
f 765 764 763
f 766 763 691
f 763 761 691
f 761 689 691
f 761 763 764
f 693 766 691
f 762 694 690
f 767 694 762
f 768 765 763
f 768 763 766
f 768 766 769
f 766 693 769
f 693 770 769
f 693 696 770
f 767 697 694
f 771 697 767
f 698 770 696
f 698 772 770
f 771 699 697
f 773 699 771
f 700 772 698
f 700 774 772
f 773 701 699
f 775 701 773
f 702 774 700
f 702 776 774
f 775 703 701
f 777 703 775
f 704 776 702
f 704 778 776
f 777 705 703
f 779 705 777
f 706 778 704
f 706 780 778
f 779 707 705
f 781 707 779
f 708 780 706
f 708 782 780
f 781 710 707
f 783 710 781
f 711 782 708
f 711 784 782
f 783 713 710
f 785 713 783
f 716 784 711
f 716 786 784
f 785 718 713
f 787 718 785
f 721 786 716
f 721 788 786
f 722 718 789
f 718 790 789
f 718 787 790
f 789 723 722
f 726 788 721
f 726 791 788
f 789 790 792
f 792 790 793
f 792 728 723
f 792 723 789
f 733 791 726
f 733 794 791
f 792 793 795
f 795 793 796
f 797 734 728
f 792 797 728
f 795 797 792
f 797 736 734
f 740 794 733
f 740 798 794
f 796 799 795
f 801 800 799
f 800 795 799
f 800 797 795
f 800 742 736
f 800 736 797
f 744 802 745
f 803 746 745
f 803 745 802
f 803 804 746
f 804 740 746
f 804 798 740
f 801 805 800
f 805 807 806
f 805 806 747
f 800 805 747
f 742 800 747
f 808 748 747
f 808 747 806
f 802 744 748
f 808 802 748
f 809 802 808
f 802 810 803
f 802 809 810
f 804 803 811
f 811 803 810
f 806 807 812
f 812 807 813
f 806 814 808
f 806 812 814
f 808 815 809
f 808 814 815
f 809 816 810
f 809 815 816
f 811 810 817
f 817 810 816
f 812 813 818
f 818 813 819
f 812 820 814
f 812 818 820
f 814 821 815
f 814 820 821
f 815 822 816
f 815 821 822
f 817 816 823
f 823 816 822
f 818 819 824
f 824 819 825
f 818 826 820
f 818 824 826
f 828 821 827
f 821 826 827
f 821 820 826
f 821 828 822
f 822 828 829
f 822 829 823
f 825 830 824
f 824 830 826
f 826 830 831
f 826 831 827
f 832 751 752
f 753 832 752
f 834 833 755
f 755 833 754
f 835 755 756
f 835 834 755
f 756 751 832
f 836 756 832
f 835 756 836
f 836 832 753
f 757 836 753
f 837 836 757
f 757 758 837
f 837 758 838
f 833 759 754
f 839 759 833
f 758 760 840
f 841 758 840
f 838 758 841
f 761 840 760
f 839 762 759
f 842 762 839
f 841 840 764
f 765 841 764
f 843 841 765
f 764 840 761
f 842 767 762
f 844 767 842
f 765 768 845
f 846 765 845
f 843 765 846
f 769 847 768
f 768 847 845
f 770 847 769
f 844 771 767
f 848 771 844
f 849 846 845
f 849 845 847
f 849 847 850
f 847 770 850
f 770 851 850
f 770 772 851
f 848 773 771
f 852 773 848
f 774 851 772
f 774 853 851
f 852 775 773
f 854 775 852
f 776 853 774
f 776 855 853
f 854 777 775
f 856 777 854
f 778 855 776
f 778 857 855
f 856 779 777
f 858 779 856
f 780 857 778
f 780 859 857
f 858 781 779
f 860 781 858
f 782 859 780
f 782 861 859
f 860 783 781
f 862 783 860
f 784 861 782
f 784 863 861
f 862 785 783
f 864 785 862
f 786 863 784
f 786 865 863
f 864 787 785
f 866 787 864
f 788 865 786
f 788 867 865
f 866 790 787
f 868 790 866
f 791 867 788
f 791 869 867
f 868 793 790
f 870 793 868
f 794 869 791
f 794 871 869
f 870 796 793
f 872 796 870
f 798 871 794
f 798 873 871
f 799 796 874
f 796 875 874
f 796 872 875
f 874 801 799
f 804 873 798
f 804 876 873
f 875 877 874
f 877 879 878
f 877 878 805
f 874 877 805
f 801 874 805
f 878 807 805
f 811 876 804
f 811 880 876
f 878 879 881
f 881 879 882
f 881 813 807
f 881 807 878
f 817 880 811
f 817 883 880
f 882 884 881
f 813 881 884
f 885 813 884
f 819 813 885
f 823 883 817
f 823 886 883
f 885 825 819
f 887 825 885
f 827 888 828
f 889 829 828
f 889 828 888
f 889 890 829
f 890 823 829
f 890 886 823
f 830 825 891
f 825 892 891
f 825 887 892
f 893 831 830
f 893 830 891
f 888 827 831
f 893 888 831
f 894 888 893
f 888 895 889
f 888 894 895
f 890 889 896
f 896 889 895
f 892 897 891
f 891 897 893
f 893 897 898
f 900 899 898
f 899 893 898
f 899 894 893
f 894 901 895
f 894 899 901
f 896 895 902
f 902 895 901
f 900 903 899
f 899 903 901
f 901 903 904
f 901 904 902
f 905 833 834
f 835 906 834
f 834 906 905
f 906 835 907
f 835 908 907
f 835 836 908
f 909 836 837
f 909 908 836
f 837 838 909
f 909 838 910
f 912 911 905
f 911 833 905
f 911 839 833
f 912 905 906
f 912 906 913
f 913 906 907
f 841 910 838
f 841 914 910
f 911 842 839
f 915 842 911
f 843 917 916
f 914 843 916
f 841 843 914
f 917 918 916
f 915 844 842
f 919 844 915
f 921 920 917
f 843 921 917
f 846 921 843
f 917 920 918
f 919 848 844
f 922 848 919
f 846 849 923
f 924 846 923
f 921 846 924
f 850 925 849
f 849 925 923
f 851 925 850
f 922 852 848
f 926 852 922
f 927 924 923
f 929 928 927
f 923 929 927
f 925 929 923
f 853 929 851
f 851 929 925
f 926 854 852
f 930 854 926
f 933 932 931
f 931 932 928
f 929 931 928
f 934 931 929
f 855 934 853
f 853 934 929
f 930 856 854
f 935 856 930
f 938 937 936
f 936 937 933
f 931 936 933
f 939 936 931
f 940 931 934
f 939 931 940
f 857 940 855
f 855 940 934
f 935 858 856
f 941 858 935
f 938 936 942
f 938 942 943
f 944 936 939
f 942 936 944
f 945 939 940
f 944 939 945
f 859 945 857
f 857 945 940
f 941 860 858
f 946 860 941
f 949 948 947
f 947 948 943
f 942 947 943
f 950 947 942
f 951 942 944
f 950 942 951
f 952 944 945
f 951 944 952
f 861 952 859
f 859 952 945
f 946 862 860
f 953 862 946
f 949 947 954
f 949 954 955
f 956 947 950
f 954 947 956
f 957 950 951
f 956 950 957
f 958 951 952
f 957 951 958
f 863 958 861
f 861 958 952
f 953 864 862
f 959 864 953
f 960 955 954
f 960 954 956
f 960 956 961
f 963 962 961
f 956 963 961
f 957 963 956
f 964 957 958
f 963 957 964
f 865 964 863
f 863 964 958
f 959 866 864
f 965 866 959
f 962 963 966
f 962 966 967
f 968 963 964
f 966 963 968
f 867 968 865
f 865 968 964
f 965 868 866
f 969 868 965
f 967 966 970
f 967 970 971
f 972 966 968
f 970 966 972
f 869 972 867
f 867 972 968
f 969 870 868
f 973 870 969
f 971 970 974
f 971 974 975
f 976 970 972
f 974 970 976
f 871 976 869
f 869 976 972
f 973 872 870
f 977 872 973
f 975 974 978
f 975 978 979
f 980 974 976
f 978 974 980
f 873 980 871
f 871 980 976
f 977 875 872
f 981 875 977
f 982 979 978
f 982 978 980
f 982 980 983
f 980 873 983
f 873 984 983
f 873 876 984
f 877 875 985
f 875 986 985
f 875 981 986
f 985 879 877
f 880 984 876
f 880 987 984
f 985 986 988
f 988 986 989
f 988 882 879
f 988 879 985
f 883 987 880
f 883 990 987
f 988 989 991
f 991 989 992
f 993 884 882
f 988 993 882
f 991 993 988
f 993 885 884
f 886 990 883
f 886 994 990
f 992 995 991
f 997 996 995
f 996 991 995
f 996 993 991
f 996 887 885
f 996 885 993
f 890 994 886
f 890 998 994
f 996 997 999
f 999 997 1000
f 999 892 887
f 999 887 996
f 896 998 890
f 896 1001 998
f 1000 1002 999
f 999 1002 892
f 1002 897 892
f 1002 1003 897
f 1003 1005 1004
f 898 1003 1004
f 897 1003 898
f 1004 900 898
f 902 1001 896
f 902 1006 1001
f 1004 1005 1007
f 1007 1005 1008
f 1009 903 900
f 1004 1009 900
f 1007 1009 1004
f 1010 904 903
f 1010 903 1009
f 1010 1011 904
f 1011 902 904
f 1011 1006 902
f 1008 1012 1007
f 1014 1013 1012
f 1013 1007 1012
f 1013 1009 1007
f 1009 1015 1010
f 1009 1013 1015
f 1011 1010 1016
f 1016 1010 1015
f 1014 1017 1013
f 1013 1017 1015
f 1015 1017 1018
f 1015 1018 1016
f 1020 1019 908
f 908 1019 907
f 1021 908 909
f 1021 1020 908
f 909 910 1021
f 1021 910 1022
f 1023 911 912
f 1023 912 1024
f 912 1025 1024
f 912 913 1025
f 913 907 1019
f 913 1019 1025
f 914 1022 910
f 914 1026 1022
f 1028 1027 1023
f 1027 911 1023
f 1027 915 911
f 1028 1023 1024
f 1031 1030 1029
f 1033 1032 1029
f 1033 1029 1030
f 1035 1034 916
f 1034 1036 916
f 1032 916 1036
f 916 1032 914
f 1033 914 1032
f 914 1033 1034
f 1034 1026 914
f 1035 1026 1034
f 1034 1033 1036
f 916 918 1035
f 1035 918 1037
f 1027 919 915
f 1038 919 1027
f 1031 1029 1039
f 1031 1039 1040
f 1041 1029 1032
f 1039 1029 1041
f 1042 920 921
f 1032 1042 921
f 1041 1032 921
f 1042 1032 1036
f 918 920 1037
f 1037 920 1042
f 1038 922 919
f 1043 922 1038
f 1040 1039 1044
f 1040 1044 1045
f 1046 1039 1041
f 1044 1039 1046
f 924 1046 921
f 921 1046 1041
f 1043 926 922
f 1047 926 1043
f 1045 1044 1048
f 1045 1048 1049
f 1050 1044 1046
f 1048 1044 1050
f 927 1051 924
f 1051 1046 924
f 1051 1050 1046
f 928 1051 927
f 1047 930 926
f 1052 930 1047
f 1049 1048 1053
f 1049 1053 1054
f 1055 1048 1050
f 1053 1048 1055
f 933 1055 932
f 1055 1051 932
f 1055 1050 1051
f 932 1051 928
f 1052 935 930
f 1056 935 1052
f 1054 1053 1057
f 1054 1057 1058
f 938 1057 937
f 1057 1055 937
f 1057 1053 1055
f 937 1055 933
f 1056 941 935
f 1059 941 1056
f 1058 1057 1060
f 1058 1060 1061
f 943 1060 938
f 938 1060 1057
f 1059 946 941
f 1062 946 1059
f 1061 1060 948
f 949 1061 948
f 1063 1061 949
f 948 1060 943
f 1062 953 946
f 1064 953 1062
f 955 1063 949
f 955 1065 1063
f 1064 959 953
f 1066 959 1064
f 955 960 1067
f 1068 955 1067
f 1065 955 1068
f 961 1069 960
f 960 1069 1067
f 962 1069 961
f 1066 965 959
f 1070 965 1066
f 1068 1067 1071
f 1068 1071 1072
f 1073 1067 1069
f 1071 1067 1073
f 967 1073 962
f 962 1073 1069
f 1070 969 965
f 1074 969 1070
f 1072 1071 1075
f 1072 1075 1076
f 1077 1071 1073
f 1075 1071 1077
f 971 1077 967
f 967 1077 1073
f 1074 973 969
f 1078 973 1074
f 1079 1076 1075
f 1081 1080 1079
f 1075 1081 1079
f 1077 1081 1075
f 975 1081 971
f 971 1081 1077
f 1078 977 973
f 1082 977 1078
f 1083 1080 1081
f 1081 975 1083
f 975 1084 1083
f 975 979 1084
f 1082 981 977
f 1085 981 1082
f 979 982 1086
f 1087 979 1086
f 1084 979 1087
f 983 1088 982
f 982 1088 1086
f 984 1088 983
f 1085 986 981
f 1089 986 1085
f 1087 1086 1090
f 1087 1090 1091
f 1092 1086 1088
f 1090 1086 1092
f 987 1092 984
f 984 1092 1088
f 1089 989 986
f 1093 989 1089
f 1091 1090 1094
f 1091 1094 1095
f 1096 1090 1092
f 1094 1090 1096
f 990 1096 987
f 987 1096 1092
f 1093 992 989
f 1097 992 1093
f 1098 1095 1094
f 1098 1094 1096
f 1098 1096 1099
f 1096 990 1099
f 990 1100 1099
f 990 994 1100
f 995 992 1101
f 992 1102 1101
f 992 1097 1102
f 1101 997 995
f 998 1100 994
f 998 1103 1100
f 1102 1104 1101
f 997 1101 1104
f 1105 997 1104
f 1000 997 1105
f 1001 1103 998
f 1001 1106 1103
f 1002 1000 1107
f 1000 1108 1107
f 1000 1105 1108
f 1109 1003 1002
f 1109 1002 1107
f 1109 1005 1003
f 1006 1106 1001
f 1006 1110 1106
f 1108 1111 1107
f 1107 1111 1109
f 1109 1111 1112
f 1005 1109 1112
f 1113 1005 1112
f 1008 1005 1113
f 1011 1110 1006
f 1011 1114 1110
f 1012 1008 1115
f 1008 1116 1115
f 1008 1113 1116
f 1115 1014 1012
f 1016 1114 1011
f 1016 1117 1114
f 1115 1116 1118
f 1118 1116 1119
f 1120 1017 1014
f 1115 1120 1014
f 1118 1120 1115
f 1121 1018 1017
f 1121 1017 1120
f 1121 1122 1018
f 1122 1016 1018
f 1122 1117 1016
f 1118 1119 1123
f 1123 1119 1124
f 1118 1125 1120
f 1118 1123 1125
f 1127 1121 1126
f 1121 1125 1126
f 1121 1120 1125
f 1121 1127 1122
f 1124 1128 1123
f 1123 1128 1125
f 1125 1128 1129
f 1125 1129 1126
f 1130 1019 1020
f 1021 1131 1020
f 1020 1131 1130
f 1022 1131 1021
f 1132 1024 1025
f 1019 1130 1025
f 1130 1132 1025
f 1130 1133 1132
f 1134 1130 1131
f 1133 1130 1134
f 1026 1134 1022
f 1022 1134 1131
f 1135 1027 1028
f 1024 1132 1028
f 1132 1135 1028
f 1132 1136 1135
f 1031 1136 1030
f 1136 1133 1030
f 1136 1132 1133
f 1030 1133 1033
f 1033 1133 1134
f 1036 1033 1137
f 1033 1134 1137
f 1026 1035 1137
f 1026 1137 1134
f 1037 1137 1035
f 1138 1038 1135
f 1135 1038 1027
f 1139 1135 1136
f 1138 1135 1139
f 1040 1139 1031
f 1031 1139 1136
f 1137 1042 1036
f 1042 1137 1037
f 1140 1043 1138
f 1138 1043 1038
f 1141 1138 1139
f 1140 1138 1141
f 1045 1141 1040
f 1040 1141 1139
f 1142 1047 1140
f 1140 1047 1043
f 1143 1140 1141
f 1142 1140 1143
f 1049 1143 1045
f 1045 1143 1141
f 1144 1052 1142
f 1142 1052 1047
f 1145 1142 1143
f 1144 1142 1145
f 1054 1145 1049
f 1049 1145 1143
f 1146 1056 1144
f 1144 1056 1052
f 1147 1144 1145
f 1146 1144 1147
f 1058 1147 1054
f 1054 1147 1145
f 1148 1059 1146
f 1146 1059 1056
f 1149 1146 1147
f 1148 1146 1149
f 1061 1149 1058
f 1058 1149 1147
f 1150 1062 1148
f 1148 1062 1059
f 1151 1148 1149
f 1150 1148 1151
f 1063 1151 1061
f 1061 1151 1149
f 1152 1064 1150
f 1150 1064 1062
f 1153 1150 1151
f 1152 1150 1153
f 1065 1153 1063
f 1063 1153 1151
f 1154 1066 1152
f 1152 1066 1064
f 1155 1152 1153
f 1154 1152 1155
f 1068 1155 1065
f 1065 1155 1153
f 1156 1070 1154
f 1154 1070 1066
f 1157 1154 1155
f 1156 1154 1157
f 1072 1157 1068
f 1068 1157 1155
f 1158 1074 1156
f 1156 1074 1070
f 1159 1156 1157
f 1158 1156 1159
f 1076 1159 1072
f 1072 1159 1157
f 1161 1160 1158
f 1160 1074 1158
f 1160 1078 1074
f 1161 1158 1159
f 1161 1159 1162
f 1164 1162 1163
f 1163 1162 1079
f 1162 1159 1079
f 1159 1076 1079
f 1080 1163 1079
f 1160 1082 1078
f 1165 1082 1160
f 1164 1163 1166
f 1164 1166 1167
f 1083 1168 1080
f 1168 1163 1080
f 1168 1166 1163
f 1084 1168 1083
f 1165 1085 1082
f 1169 1085 1165
f 1167 1166 1170
f 1167 1170 1171
f 1172 1166 1168
f 1170 1166 1172
f 1087 1172 1084
f 1084 1172 1168
f 1169 1089 1085
f 1173 1089 1169
f 1171 1170 1174
f 1171 1174 1175
f 1176 1170 1172
f 1174 1170 1176
f 1091 1176 1087
f 1087 1176 1172
f 1173 1093 1089
f 1177 1093 1173
f 1178 1175 1174
f 1180 1179 1178
f 1174 1180 1178
f 1176 1180 1174
f 1095 1180 1091
f 1091 1180 1176
f 1177 1097 1093
f 1181 1097 1177
f 1179 1180 1182
f 1179 1182 1183
f 1098 1184 1095
f 1184 1180 1095
f 1184 1182 1180
f 1099 1185 1098
f 1098 1185 1184
f 1100 1185 1099
f 1181 1102 1097
f 1186 1102 1181
f 1183 1182 1187
f 1183 1187 1188
f 1189 1182 1184
f 1187 1182 1189
f 1190 1184 1185
f 1189 1184 1190
f 1103 1190 1100
f 1100 1190 1185
f 1186 1191 1102
f 1102 1191 1104
f 1105 1104 1191
f 1105 1191 1192
f 1188 1187 1193
f 1188 1193 1194
f 1195 1187 1189
f 1193 1187 1195
f 1196 1189 1190
f 1195 1189 1196
f 1106 1196 1103
f 1103 1196 1190
f 1192 1108 1105
f 1197 1108 1192
f 1194 1193 1198
f 1194 1198 1199
f 1200 1193 1195
f 1198 1193 1200
f 1201 1195 1196
f 1200 1195 1201
f 1110 1201 1106
f 1106 1201 1196
f 1111 1108 1202
f 1108 1203 1202
f 1108 1197 1203
f 1204 1112 1111
f 1204 1111 1202
f 1198 1205 1199
f 1113 1112 1204
f 1205 1198 1200
f 1205 1200 1206
f 1206 1200 1201
f 1206 1201 1207
f 1201 1110 1207
f 1110 1208 1207
f 1110 1114 1208
f 1203 1209 1202
f 1211 1210 1209
f 1210 1202 1209
f 1210 1204 1202
f 1210 1116 1113
f 1210 1113 1204
f 1214 1213 1212
f 1213 1208 1212
f 1208 1117 1212
f 1208 1114 1117
f 1211 1215 1210
f 1116 1210 1215
f 1216 1116 1215
f 1119 1116 1216
f 1214 1212 1217
f 1214 1217 1218
f 1122 1217 1117
f 1117 1217 1212
f 1216 1124 1119
f 1219 1124 1216
f 1218 1217 1127
f 1126 1218 1127
f 1220 1218 1126
f 1127 1217 1122
f 1219 1221 1124
f 1124 1221 1128
f 1128 1222 1129
f 1221 1222 1128
f 1126 1129 1220
f 1220 1129 1222
f 1223 1160 1161
f 1162 1224 1161
f 1161 1224 1223
f 1164 1224 1162
f 1225 1165 1223
f 1223 1165 1160
f 1226 1223 1224
f 1225 1223 1226
f 1167 1226 1164
f 1164 1226 1224
f 1227 1169 1225
f 1225 1169 1165
f 1228 1225 1226
f 1227 1225 1228
f 1171 1228 1167
f 1167 1228 1226
f 1229 1173 1227
f 1227 1173 1169
f 1228 1231 1230
f 1229 1228 1230
f 1227 1228 1229
f 1228 1171 1231
f 1171 1232 1231
f 1171 1175 1232
f 1233 1177 1229
f 1229 1177 1173
f 1229 1230 1234
f 1229 1234 1233
f 1175 1178 1235
f 1236 1175 1235
f 1232 1175 1236
f 1179 1235 1178
f 1237 1181 1233
f 1233 1181 1177
f 1233 1234 1238
f 1233 1238 1237
f 1236 1235 1239
f 1236 1239 1240
f 1183 1239 1179
f 1179 1239 1235
f 1241 1186 1237
f 1237 1186 1181
f 1237 1238 1242
f 1237 1242 1241
f 1243 1240 1239
f 1239 1183 1243
f 1183 1244 1243
f 1183 1188 1244
f 1241 1191 1186
f 1192 1191 1241
f 1242 1192 1241
f 1245 1192 1242
f 1194 1244 1188
f 1194 1246 1244
f 1245 1197 1192
f 1247 1197 1245
f 1199 1246 1194
f 1199 1248 1246
f 1247 1203 1197
f 1249 1203 1247
f 1199 1205 1250
f 1251 1199 1250
f 1248 1199 1251
f 1206 1252 1205
f 1205 1252 1250
f 1207 1253 1206
f 1206 1253 1252
f 1208 1253 1207
f 1249 1254 1203
f 1203 1254 1209
f 1211 1209 1254
f 1211 1254 1255
f 1251 1250 1256
f 1251 1256 1257
f 1258 1250 1252
f 1256 1250 1258
f 1214 1258 1213
f 1258 1253 1213
f 1258 1252 1253
f 1213 1253 1208
f 1255 1259 1211
f 1211 1259 1215
f 1259 1260 1215
f 1260 1257 1215
f 1256 1215 1257
f 1215 1256 1216
f 1261 1216 1256
f 1216 1261 1260
f 1260 1262 1216
f 1259 1262 1260
f 1260 1261 1257
f 1261 1256 1258
f 1261 1258 1263
f 1258 1214 1263
f 1214 1264 1263
f 1214 1218 1264
f 1262 1219 1216
f 1265 1219 1262
f 1220 1264 1218
f 1220 1266 1264
f 1265 1267 1219
f 1219 1267 1221
f 1221 1268 1222
f 1267 1268 1221
f 1220 1222 1266
f 1266 1222 1268
f 1269 1230 1231
f 1232 1269 1231
f 1270 1234 1269
f 1269 1234 1230
f 1236 1270 1232
f 1232 1270 1269
f 1271 1238 1270
f 1270 1238 1234
f 1240 1271 1236
f 1236 1271 1270
f 1272 1242 1271
f 1271 1242 1238
f 1243 1273 1240
f 1273 1271 1240
f 1273 1272 1271
f 1244 1273 1243
f 1274 1245 1272
f 1272 1245 1242
f 1275 1272 1273
f 1274 1272 1275
f 1246 1275 1244
f 1244 1275 1273
f 1276 1247 1274
f 1274 1247 1245
f 1277 1274 1275
f 1276 1274 1277
f 1248 1277 1246
f 1246 1277 1275
f 1279 1278 1276
f 1278 1247 1276
f 1278 1249 1247
f 1279 1276 1277
f 1279 1277 1280
f 1277 1248 1280
f 1248 1281 1280
f 1248 1251 1281
f 1278 1282 1249
f 1249 1282 1254
f 1284 1283 1255
f 1254 1284 1255
f 1282 1284 1254
f 1284 1281 1283
f 1281 1257 1283
f 1281 1251 1257
f 1283 1259 1255
f 1262 1259 1285
f 1259 1283 1285
f 1257 1261 1285
f 1257 1285 1283
f 1263 1286 1261
f 1261 1286 1285
f 1264 1286 1263
f 1287 1265 1285
f 1285 1265 1262
f 1288 1285 1286
f 1287 1285 1288
f 1266 1288 1264
f 1264 1288 1286
f 1287 1267 1265
f 1267 1287 1268
f 1268 1287 1288
f 1268 1288 1266
f 1289 1278 1279
f 1280 1290 1279
f 1279 1290 1289
f 1281 1290 1280
f 1289 1282 1278
f 1282 1289 1284
f 1284 1289 1290
f 1284 1290 1281
f 1293 1292 1291
f 1291 1294 1293
f 1291 1292 1295
f 1295 1292 1296
f 1294 1291 1297
f 1297 1291 1295
f 1295 1296 1298
f 1298 1296 1299
f 1297 1295 1300
f 1295 1301 1300
f 1295 1298 1301
f 1301 1302 1300
f 1298 1299 1303
f 1303 1299 1304
f 1298 1305 1301
f 1298 1303 1305
f 1302 1301 1306
f 1306 1301 1305
f 1303 1304 1307
f 1307 1304 1308
f 1303 1309 1305
f 1303 1307 1309
f 1306 1305 1310
f 1310 1305 1309
f 1307 1308 1311
f 1311 1308 1312
f 1307 1313 1309
f 1307 1311 1313
f 1310 1309 1314
f 1314 1309 1313
f 1311 1312 1315
f 1315 1312 1316
f 1311 1317 1313
f 1311 1315 1317
f 1314 1313 1318
f 1318 1313 1317
f 1315 1316 1319
f 1319 1316 1320
f 1315 1321 1317
f 1315 1319 1321
f 1318 1317 1322
f 1322 1317 1321
f 1319 1320 1323
f 1323 1320 1324
f 1319 1325 1321
f 1319 1323 1325
f 1322 1321 1326
f 1326 1321 1325
f 1323 1324 1327
f 1327 1324 1328
f 1323 1329 1325
f 1323 1327 1329
f 1326 1325 1330
f 1330 1325 1329
f 1328 1331 1327
f 1333 1332 1331
f 1332 1327 1331
f 1332 1329 1327
f 1330 1329 1334
f 1334 1329 1332
f 1332 1333 1335
f 1335 1333 1336
f 1334 1332 1337
f 1332 1338 1337
f 1332 1335 1338
f 1338 1339 1337
f 1335 1336 1340
f 1340 1336 1341
f 1335 1342 1338
f 1335 1340 1342
f 1339 1338 1343
f 1343 1338 1342
f 1340 1341 1344
f 1344 1341 1345
f 1340 1346 1342
f 1340 1344 1346
f 1343 1342 1347
f 1347 1342 1346
f 1344 1345 1348
f 1348 1345 1349
f 1344 1350 1346
f 1344 1348 1350
f 1347 1346 1351
f 1351 1346 1350
f 1348 1349 1352
f 1352 1349 1353
f 1348 1354 1350
f 1348 1352 1354
f 1351 1350 1355
f 1350 1356 1355
f 1350 1354 1356
f 1356 1357 1355
f 1352 1353 1358
f 1358 1353 1359
f 1352 1360 1354
f 1352 1358 1360
f 1354 1361 1356
f 1354 1360 1361
f 1357 1356 1362
f 1362 1356 1361
f 1359 1363 1358
f 1365 1364 1363
f 1364 1358 1363
f 1364 1360 1358
f 1360 1366 1361
f 1360 1364 1366
f 1362 1361 1367
f 1367 1361 1366
f 1365 1368 1364
f 1370 1369 1368
f 1369 1364 1368
f 1369 1366 1364
f 1367 1366 1371
f 1366 1372 1371
f 1366 1369 1372
f 1374 1373 1372
f 1372 1373 1371
f 1374 1375 1373
f 1370 1376 1369
f 1378 1377 1376
f 1377 1369 1376
f 1377 1372 1369
f 1372 1379 1374
f 1372 1377 1379
f 1375 1374 1380
f 1380 1374 1379
f 1378 1381 1377
f 1377 1381 1379
f 1379 1381 1382
f 1379 1382 1380
f 1385 1384 1383
f 1383 1386 1385
f 1389 1388 1387
f 1389 1387 1384
f 1387 1383 1384
f 1387 1390 1383
f 1386 1383 1391
f 1391 1383 1390
f 1387 1388 1392
f 1392 1388 1393
f 1387 1394 1390
f 1387 1392 1394
f 1391 1390 1395
f 1395 1390 1394
f 1392 1393 1396
f 1396 1393 1397
f 1392 1398 1394
f 1392 1396 1398
f 1395 1394 1399
f 1399 1394 1398
f 1396 1397 1400
f 1400 1397 1401
f 1396 1402 1398
f 1396 1400 1402
f 1399 1398 1403
f 1403 1398 1402
f 1400 1401 1293
f 1401 1292 1293
f 1401 1404 1292
f 1400 1293 1294
f 1405 1400 1294
f 1402 1400 1405
f 1403 1402 1406
f 1406 1402 1405
f 1404 1296 1292
f 1407 1296 1404
f 1297 1408 1405
f 1297 1405 1294
f 1406 1405 1409
f 1409 1405 1408
f 1407 1299 1296
f 1410 1299 1407
f 1300 1408 1297
f 1300 1302 1408
f 1302 1409 1408
f 1302 1411 1409
f 1410 1304 1299
f 1412 1304 1410
f 1306 1411 1302
f 1306 1413 1411
f 1412 1308 1304
f 1414 1308 1412
f 1310 1413 1306
f 1310 1415 1413
f 1414 1312 1308
f 1416 1312 1414
f 1314 1415 1310
f 1314 1417 1415
f 1416 1316 1312
f 1418 1316 1416
f 1318 1417 1314
f 1318 1419 1417
f 1418 1320 1316
f 1420 1320 1418
f 1322 1419 1318
f 1322 1421 1419
f 1420 1324 1320
f 1422 1324 1420
f 1326 1421 1322
f 1326 1423 1421
f 1422 1328 1324
f 1424 1328 1422
f 1330 1426 1425
f 1423 1330 1425
f 1326 1330 1423
f 1426 1427 1425
f 1424 1428 1328
f 1328 1428 1331
f 1333 1331 1428
f 1333 1428 1429
f 1334 1430 1426
f 1334 1426 1330
f 1427 1426 1431
f 1431 1426 1430
f 1429 1336 1333
f 1432 1336 1429
f 1337 1430 1334
f 1434 1433 1339
f 1339 1433 1337
f 1433 1431 1337
f 1431 1430 1337
f 1434 1435 1433
f 1432 1341 1336
f 1436 1341 1432
f 1343 1437 1434
f 1343 1434 1339
f 1435 1434 1438
f 1438 1434 1437
f 1436 1345 1341
f 1439 1345 1436
f 1347 1440 1437
f 1347 1437 1343
f 1438 1437 1441
f 1441 1437 1440
f 1439 1349 1345
f 1442 1349 1439
f 1351 1443 1440
f 1351 1440 1347
f 1441 1440 1444
f 1444 1440 1443
f 1442 1353 1349
f 1445 1353 1442
f 1355 1443 1351
f 1447 1446 1357
f 1357 1446 1355
f 1446 1444 1355
f 1444 1443 1355
f 1449 1448 1447
f 1447 1448 1446
f 1449 1450 1448
f 1445 1359 1353
f 1451 1359 1445
f 1362 1452 1447
f 1362 1447 1357
f 1447 1453 1449
f 1447 1452 1453
f 1450 1449 1454
f 1454 1449 1453
f 1451 1455 1359
f 1359 1455 1363
f 1365 1363 1455
f 1365 1455 1456
f 1367 1457 1452
f 1367 1452 1362
f 1452 1458 1453
f 1452 1457 1458
f 1454 1453 1459
f 1459 1453 1458
f 1456 1460 1365
f 1365 1460 1368
f 1370 1368 1460
f 1370 1460 1461
f 1371 1457 1367
f 1457 1371 1373
f 1457 1373 1458
f 1373 1375 1458
f 1375 1459 1458
f 1375 1462 1459
f 1461 1463 1370
f 1370 1463 1376
f 1378 1376 1463
f 1378 1463 1464
f 1380 1462 1375
f 1380 1465 1462
f 1464 1466 1378
f 1378 1466 1381
f 1381 1467 1382
f 1466 1467 1381
f 1380 1382 1465
f 1465 1382 1467
f 1470 1469 1468
f 1472 1471 1468
f 1468 1471 1470
f 1472 1473 1471
f 1476 1475 1474
f 1476 1474 1469
f 1474 1468 1469
f 1474 1477 1468
f 1468 1478 1472
f 1468 1477 1478
f 1473 1472 1479
f 1479 1472 1478
f 1482 1481 1480
f 1482 1480 1475
f 1475 1480 1474
f 1480 1384 1474
f 1384 1385 1474
f 1474 1385 1386
f 1483 1474 1386
f 1477 1474 1483
f 1477 1484 1478
f 1477 1483 1484
f 1479 1478 1485
f 1485 1478 1484
f 1480 1481 1389
f 1481 1388 1389
f 1481 1486 1388
f 1480 1389 1384
f 1391 1487 1483
f 1391 1483 1386
f 1483 1488 1484
f 1483 1487 1488
f 1485 1484 1489
f 1484 1490 1489
f 1484 1488 1490
f 1490 1491 1489
f 1486 1393 1388
f 1492 1393 1486
f 1395 1493 1487
f 1395 1487 1391
f 1487 1494 1488
f 1487 1493 1494
f 1488 1495 1490
f 1488 1494 1495
f 1491 1490 1496
f 1496 1490 1495
f 1492 1397 1393
f 1497 1397 1492
f 1399 1498 1493
f 1399 1493 1395
f 1493 1499 1494
f 1493 1498 1499
f 1494 1500 1495
f 1494 1499 1500
f 1496 1495 1501
f 1501 1495 1500
f 1497 1401 1397
f 1502 1401 1497
f 1403 1503 1498
f 1403 1498 1399
f 1498 1504 1499
f 1498 1503 1504
f 1499 1505 1500
f 1499 1504 1505
f 1501 1500 1506
f 1506 1500 1505
f 1502 1404 1401
f 1507 1404 1502
f 1406 1508 1503
f 1406 1503 1403
f 1503 1509 1504
f 1503 1508 1509
f 1511 1505 1510
f 1505 1509 1510
f 1505 1504 1509
f 1505 1511 1506
f 1507 1407 1404
f 1512 1407 1507
f 1409 1513 1508
f 1409 1508 1406
f 1508 1514 1509
f 1508 1513 1514
f 1510 1509 1515
f 1515 1509 1514
f 1512 1410 1407
f 1516 1410 1512
f 1411 1517 1513
f 1411 1513 1409
f 1519 1514 1518
f 1514 1517 1518
f 1514 1513 1517
f 1514 1519 1515
f 1516 1412 1410
f 1520 1412 1516
f 1413 1521 1517
f 1413 1517 1411
f 1518 1517 1522
f 1522 1517 1521
f 1520 1414 1412
f 1523 1414 1520
f 1415 1524 1521
f 1415 1521 1413
f 1522 1521 1525
f 1525 1521 1524
f 1523 1416 1414
f 1526 1416 1523
f 1417 1527 1524
f 1417 1524 1415
f 1525 1524 1528
f 1528 1524 1527
f 1526 1418 1416
f 1529 1418 1526
f 1419 1530 1527
f 1419 1527 1417
f 1528 1527 1531
f 1531 1527 1530
f 1529 1420 1418
f 1532 1420 1529
f 1421 1533 1530
f 1421 1530 1419
f 1531 1530 1534
f 1534 1530 1533
f 1532 1422 1420
f 1535 1422 1532
f 1423 1536 1533
f 1423 1533 1421
f 1534 1533 1537
f 1533 1538 1537
f 1533 1536 1538
f 1538 1539 1537
f 1541 1424 1540
f 1424 1535 1540
f 1424 1422 1535
f 1542 1541 1540
f 1425 1536 1423
f 1536 1425 1427
f 1543 1536 1427
f 1538 1536 1543
f 1539 1538 1544
f 1544 1538 1543
f 1541 1428 1424
f 1429 1428 1541
f 1542 1429 1541
f 1545 1429 1542
f 1431 1546 1543
f 1431 1543 1427
f 1544 1543 1547
f 1547 1543 1546
f 1545 1432 1429
f 1548 1432 1545
f 1433 1546 1431
f 1433 1435 1546
f 1435 1547 1546
f 1435 1549 1547
f 1548 1436 1432
f 1550 1436 1548
f 1438 1549 1435
f 1438 1551 1549
f 1550 1439 1436
f 1552 1439 1550
f 1441 1554 1553
f 1551 1441 1553
f 1438 1441 1551
f 1556 1555 1554
f 1554 1555 1553
f 1556 1557 1555
f 1552 1442 1439
f 1558 1442 1552
f 1444 1559 1554
f 1444 1554 1441
f 1554 1560 1556
f 1554 1559 1560
f 1557 1556 1561
f 1561 1556 1560
f 1563 1445 1562
f 1445 1558 1562
f 1445 1442 1558
f 1564 1563 1562
f 1446 1559 1444
f 1559 1446 1448
f 1559 1448 1560
f 1448 1450 1560
f 1450 1561 1560
f 1450 1565 1561
f 1566 1451 1563
f 1563 1451 1445
f 1563 1564 1567
f 1563 1567 1566
f 1454 1565 1450
f 1454 1568 1565
f 1566 1455 1451
f 1570 1569 1456
f 1570 1456 1455
f 1567 1570 1455
f 1566 1567 1455
f 1571 1569 1570
f 1459 1568 1454
f 1459 1572 1568
f 1569 1460 1456
f 1574 1573 1461
f 1574 1461 1460
f 1571 1574 1460
f 1569 1571 1460
f 1575 1573 1574
f 1462 1572 1459
f 1462 1576 1572
f 1573 1463 1461
f 1578 1577 1464
f 1578 1464 1463
f 1575 1578 1463
f 1573 1575 1463
f 1580 1579 1577
f 1580 1577 1578
f 1580 1576 1579
f 1576 1465 1579
f 1576 1462 1465
f 1577 1466 1464
f 1466 1577 1467
f 1467 1577 1579
f 1467 1579 1465
f 1583 1582 1581
f 1585 1584 1581
f 1581 1584 1583
f 1585 1586 1584
f 1589 1588 1587
f 1591 1590 1587
f 1587 1590 1589
f 1590 1591 1582
f 1582 1591 1581
f 1591 1469 1581
f 1469 1470 1581
f 1581 1470 1471
f 1581 1471 1585
f 1471 1473 1585
f 1473 1586 1585
f 1473 1592 1586
f 1587 1588 1593
f 1593 1588 1594
f 1593 1475 1476
f 1591 1593 1476
f 1587 1593 1591
f 1591 1476 1469
f 1479 1596 1595
f 1592 1479 1595
f 1473 1479 1592
f 1596 1597 1595
f 1593 1594 1482
f 1594 1481 1482
f 1594 1598 1481
f 1593 1482 1475
f 1485 1599 1596
f 1485 1596 1479
f 1597 1596 1600
f 1600 1596 1599
f 1598 1486 1481
f 1601 1486 1598
f 1489 1599 1485
f 1489 1491 1599
f 1491 1600 1599
f 1491 1602 1600
f 1601 1492 1486
f 1603 1492 1601
f 1496 1602 1491
f 1496 1604 1602
f 1603 1497 1492
f 1605 1497 1603
f 1501 1604 1496
f 1501 1606 1604
f 1605 1502 1497
f 1607 1502 1605
f 1506 1606 1501
f 1506 1608 1606
f 1607 1507 1502
f 1609 1507 1607
f 1510 1610 1511
f 1610 1611 1511
f 1611 1506 1511
f 1611 1608 1506
f 1609 1512 1507
f 1612 1512 1609
f 1515 1613 1610
f 1515 1610 1510
f 1611 1610 1614
f 1614 1610 1613
f 1612 1516 1512
f 1615 1516 1612
f 1518 1616 1519
f 1613 1515 1519
f 1616 1613 1519
f 1617 1613 1616
f 1614 1613 1618
f 1618 1613 1617
f 1615 1520 1516
f 1619 1520 1615
f 1522 1620 1616
f 1522 1616 1518
f 1616 1621 1617
f 1616 1620 1621
f 1618 1617 1622
f 1622 1617 1621
f 1619 1523 1520
f 1623 1523 1619
f 1525 1624 1620
f 1525 1620 1522
f 1620 1625 1621
f 1620 1624 1625
f 1622 1621 1626
f 1626 1621 1625
f 1623 1526 1523
f 1627 1526 1623
f 1528 1628 1624
f 1528 1624 1525
f 1624 1629 1625
f 1624 1628 1629
f 1626 1625 1630
f 1625 1631 1630
f 1625 1629 1631
f 1631 1632 1630
f 1627 1529 1526
f 1633 1529 1627
f 1531 1634 1628
f 1531 1628 1528
f 1628 1635 1629
f 1628 1634 1635
f 1629 1636 1631
f 1629 1635 1636
f 1632 1631 1637
f 1637 1631 1636
f 1633 1532 1529
f 1638 1532 1633
f 1534 1639 1634
f 1534 1634 1531
f 1634 1640 1635
f 1634 1639 1640
f 1635 1641 1636
f 1635 1640 1641
f 1637 1636 1642
f 1642 1636 1641
f 1638 1535 1532
f 1643 1535 1638
f 1537 1639 1534
f 1639 1537 1539
f 1644 1639 1539
f 1640 1639 1644
f 1640 1645 1641
f 1640 1644 1645
f 1642 1641 1646
f 1646 1641 1645
f 1643 1647 1535
f 1535 1647 1540
f 1542 1540 1647
f 1542 1647 1648
f 1544 1649 1644
f 1544 1644 1539
f 1644 1650 1645
f 1644 1649 1650
f 1646 1645 1651
f 1651 1645 1650
f 1648 1545 1542
f 1652 1545 1648
f 1547 1653 1649
f 1547 1649 1544
f 1649 1654 1650
f 1649 1653 1654
f 1651 1650 1655
f 1655 1650 1654
f 1652 1548 1545
f 1656 1548 1652
f 1549 1657 1653
f 1549 1653 1547
f 1653 1658 1654
f 1653 1657 1658
f 1655 1654 1659
f 1659 1654 1658
f 1656 1550 1548
f 1660 1550 1656
f 1551 1661 1657
f 1551 1657 1549
f 1657 1662 1658
f 1657 1661 1662
f 1659 1658 1663
f 1663 1658 1662
f 1665 1552 1664
f 1552 1660 1664
f 1552 1550 1660
f 1666 1665 1664
f 1553 1661 1551
f 1661 1553 1555
f 1661 1555 1662
f 1555 1557 1662
f 1557 1663 1662
f 1557 1667 1663
f 1668 1558 1665
f 1665 1558 1552
f 1665 1666 1669
f 1665 1669 1668
f 1561 1667 1557
f 1561 1670 1667
f 1668 1562 1558
f 1672 1671 1564
f 1672 1564 1562
f 1669 1672 1562
f 1668 1669 1562
f 1673 1671 1672
f 1565 1670 1561
f 1565 1674 1670
f 1675 1567 1671
f 1671 1567 1564
f 1671 1673 1676
f 1677 1671 1676
f 1675 1671 1677
f 1678 1677 1676
f 1568 1674 1565
f 1568 1679 1674
f 1675 1570 1567
f 1570 1675 1571
f 1675 1680 1571
f 1675 1677 1680
f 1677 1678 1681
f 1677 1681 1680
f 1572 1679 1568
f 1572 1682 1679
f 1680 1574 1571
f 1684 1683 1575
f 1684 1575 1574
f 1681 1684 1574
f 1680 1681 1574
f 1686 1685 1683
f 1686 1683 1684
f 1686 1682 1685
f 1682 1576 1685
f 1682 1572 1576
f 1683 1578 1575
f 1578 1683 1580
f 1580 1683 1685
f 1580 1685 1576
f 1689 1688 1687
f 1691 1690 1687
f 1687 1690 1689
f 1691 1692 1690
f 1687 1688 1583
f 1688 1582 1583
f 1688 1693 1582
f 1687 1583 1584
f 1687 1584 1691
f 1584 1586 1691
f 1586 1692 1691
f 1586 1694 1692
f 1696 1695 1589
f 1589 1695 1588
f 1697 1589 1590
f 1697 1696 1589
f 1590 1582 1693
f 1590 1693 1697
f 1592 1694 1586
f 1592 1698 1694
f 1695 1594 1588
f 1699 1594 1695
f 1700 1698 1592
f 1700 1592 1595
f 1595 1597 1700
f 1700 1597 1701
f 1699 1598 1594
f 1702 1598 1699
f 1600 1701 1597
f 1600 1703 1701
f 1702 1601 1598
f 1704 1601 1702
f 1602 1706 1705
f 1703 1602 1705
f 1600 1602 1703
f 1706 1707 1705
f 1704 1603 1601
f 1708 1603 1704
f 1604 1709 1706
f 1604 1706 1602
f 1707 1706 1710
f 1710 1706 1709
f 1708 1605 1603
f 1711 1605 1708
f 1606 1712 1709
f 1606 1709 1604
f 1710 1709 1713
f 1713 1709 1712
f 1711 1607 1605
f 1714 1607 1711
f 1608 1715 1712
f 1608 1712 1606
f 1713 1712 1716
f 1716 1712 1715
f 1714 1609 1607
f 1717 1609 1714
f 1611 1718 1715
f 1611 1715 1608
f 1716 1715 1719
f 1719 1715 1718
f 1717 1612 1609
f 1720 1612 1717
f 1614 1721 1718
f 1614 1718 1611
f 1719 1718 1722
f 1722 1718 1721
f 1720 1615 1612
f 1723 1615 1720
f 1618 1724 1721
f 1618 1721 1614
f 1722 1721 1725
f 1725 1721 1724
f 1723 1619 1615
f 1726 1619 1723
f 1622 1727 1724
f 1622 1724 1618
f 1725 1724 1728
f 1728 1724 1727
f 1726 1623 1619
f 1729 1623 1726
f 1626 1730 1727
f 1626 1727 1622
f 1728 1727 1731
f 1731 1727 1730
f 1729 1627 1623
f 1732 1627 1729
f 1630 1730 1626
f 1630 1632 1730
f 1632 1731 1730
f 1632 1733 1731
f 1732 1633 1627
f 1734 1633 1732
f 1637 1733 1632
f 1637 1735 1733
f 1737 1638 1736
f 1638 1734 1736
f 1638 1633 1734
f 1738 1737 1736
f 1642 1735 1637
f 1642 1739 1735
f 1740 1643 1737
f 1737 1643 1638
f 1737 1738 1741
f 1737 1741 1740
f 1646 1739 1642
f 1646 1742 1739
f 1740 1647 1643
f 1648 1647 1740
f 1741 1648 1740
f 1743 1648 1741
f 1651 1742 1646
f 1651 1744 1742
f 1743 1652 1648
f 1745 1652 1743
f 1655 1744 1651
f 1655 1746 1744
f 1748 1656 1747
f 1656 1745 1747
f 1656 1652 1745
f 1749 1748 1747
f 1659 1746 1655
f 1659 1750 1746
f 1751 1660 1748
f 1748 1660 1656
f 1748 1749 1752
f 1748 1752 1751
f 1663 1750 1659
f 1663 1753 1750
f 1751 1664 1660
f 1755 1754 1666
f 1755 1666 1664
f 1752 1755 1664
f 1751 1752 1664
f 1756 1754 1755
f 1667 1753 1663
f 1667 1757 1753
f 1758 1669 1754
f 1754 1669 1666
f 1754 1756 1759
f 1760 1754 1759
f 1758 1754 1760
f 1761 1760 1759
f 1670 1757 1667
f 1670 1762 1757
f 1758 1672 1669
f 1672 1758 1673
f 1758 1763 1673
f 1758 1760 1763
f 1760 1761 1764
f 1765 1760 1764
f 1763 1760 1765
f 1767 1766 1765
f 1767 1765 1764
f 1767 1762 1766
f 1762 1674 1766
f 1762 1670 1674
f 1763 1676 1673
f 1676 1763 1678
f 1763 1768 1678
f 1763 1765 1768
f 1769 1765 1766
f 1768 1765 1769
f 1679 1769 1674
f 1674 1769 1766
f 1770 1681 1768
f 1768 1681 1678
f 1771 1768 1769
f 1770 1768 1771
f 1682 1771 1679
f 1679 1771 1769
f 1770 1684 1681
f 1684 1770 1686
f 1686 1770 1771
f 1686 1771 1682
f 1773 1772 1689
f 1689 1772 1688
f 1774 1689 1690
f 1774 1773 1689
f 1690 1692 1774
f 1774 1692 1775
f 1778 1777 1776
f 1772 1778 1776
f 1693 1772 1776
f 1688 1772 1693
f 1694 1775 1692
f 1694 1779 1775
f 1781 1780 1696
f 1696 1780 1695
f 1697 1776 1777
f 1781 1697 1777
f 1696 1697 1781
f 1776 1697 1693
f 1698 1779 1694
f 1698 1782 1779
f 1780 1699 1695
f 1783 1699 1780
f 1784 1782 1698
f 1784 1698 1700
f 1700 1701 1784
f 1784 1701 1785
f 1783 1702 1699
f 1786 1702 1783
f 1703 1788 1787
f 1785 1703 1787
f 1701 1703 1785
f 1788 1789 1787
f 1786 1704 1702
f 1790 1704 1786
f 1705 1788 1703
f 1705 1707 1788
f 1707 1789 1788
f 1707 1791 1789
f 1790 1708 1704
f 1792 1708 1790
f 1710 1791 1707
f 1710 1793 1791
f 1792 1711 1708
f 1794 1711 1792
f 1713 1793 1710
f 1713 1795 1793
f 1794 1714 1711
f 1796 1714 1794
f 1716 1795 1713
f 1716 1797 1795
f 1799 1717 1798
f 1717 1796 1798
f 1717 1714 1796
f 1800 1799 1798
f 1719 1797 1716
f 1719 1801 1797
f 1802 1720 1799
f 1799 1720 1717
f 1799 1800 1803
f 1799 1803 1802
f 1722 1801 1719
f 1722 1804 1801
f 1805 1723 1802
f 1802 1723 1720
f 1802 1803 1806
f 1802 1806 1805
f 1725 1804 1722
f 1725 1807 1804
f 1808 1726 1805
f 1805 1726 1723
f 1805 1806 1809
f 1805 1809 1808
f 1728 1811 1810
f 1807 1728 1810
f 1725 1728 1807
f 1811 1812 1810
f 1813 1729 1808
f 1808 1729 1726
f 1808 1809 1814
f 1808 1814 1813
f 1816 1815 1811
f 1728 1816 1811
f 1731 1816 1728
f 1811 1815 1812
f 1817 1732 1813
f 1813 1732 1729
f 1813 1814 1818
f 1813 1818 1817
f 1733 1816 1731
f 1733 1819 1816
f 1820 1734 1817
f 1817 1734 1732
f 1817 1818 1821
f 1817 1821 1820
f 1735 1819 1733
f 1735 1822 1819
f 1820 1736 1734
f 1738 1736 1820
f 1821 1738 1820
f 1823 1738 1821
f 1739 1822 1735
f 1739 1824 1822
f 1823 1741 1738
f 1825 1741 1823
f 1742 1824 1739
f 1742 1826 1824
f 1828 1743 1827
f 1743 1825 1827
f 1743 1741 1825
f 1829 1828 1827
f 1744 1826 1742
f 1744 1830 1826
f 1831 1745 1828
f 1828 1745 1743
f 1828 1829 1832
f 1828 1832 1831
f 1746 1830 1744
f 1746 1833 1830
f 1831 1747 1745
f 1835 1834 1749
f 1835 1749 1747
f 1832 1835 1747
f 1831 1832 1747
f 1836 1834 1835
f 1750 1833 1746
f 1750 1837 1833
f 1838 1752 1834
f 1834 1752 1749
f 1834 1836 1839
f 1834 1839 1838
f 1753 1837 1750
f 1753 1840 1837
f 1838 1755 1752
f 1842 1841 1756
f 1842 1756 1755
f 1839 1842 1755
f 1838 1839 1755
f 1844 1843 1841
f 1844 1841 1842
f 1846 1845 1843
f 1846 1843 1844
f 1846 1840 1845
f 1840 1757 1845
f 1840 1753 1757
f 1841 1759 1756
f 1759 1841 1761
f 1841 1847 1761
f 1841 1843 1847
f 1848 1843 1845
f 1847 1843 1848
f 1762 1848 1757
f 1757 1848 1845
f 1847 1764 1761
f 1764 1847 1767
f 1767 1847 1848
f 1767 1848 1762
f 1850 1849 1773
f 1773 1849 1772
f 1851 1773 1774
f 1851 1850 1773
f 1774 1775 1851
f 1851 1775 1852
f 1854 1853 1778
f 1778 1853 1777
f 1778 1772 1849
f 1778 1849 1854
f 1779 1852 1775
f 1779 1855 1852
f 1857 1856 1781
f 1781 1856 1780
f 1781 1777 1853
f 1781 1853 1857
f 1782 1859 1858
f 1855 1782 1858
f 1779 1782 1855
f 1859 1860 1858
f 1856 1783 1780
f 1861 1783 1856
f 1784 1859 1782
f 1863 1862 1785
f 1785 1862 1784
f 1862 1860 1784
f 1860 1859 1784
f 1863 1864 1862
f 1861 1786 1783
f 1865 1786 1861
f 1787 1863 1785
f 1787 1789 1863
f 1789 1864 1863
f 1789 1866 1864
f 1865 1790 1786
f 1867 1790 1865
f 1791 1866 1789
f 1791 1868 1866
f 1867 1792 1790
f 1869 1792 1867
f 1793 1868 1791
f 1793 1870 1868
f 1869 1794 1792
f 1871 1794 1869
f 1795 1870 1793
f 1795 1872 1870
f 1871 1796 1794
f 1873 1796 1871
f 1797 1872 1795
f 1797 1874 1872
f 1798 1796 1875
f 1796 1876 1875
f 1796 1873 1876
f 1875 1800 1798
f 1801 1874 1797
f 1801 1877 1874
f 1876 1878 1875
f 1800 1875 1878
f 1879 1800 1878
f 1803 1800 1879
f 1804 1881 1880
f 1877 1804 1880
f 1801 1804 1877
f 1881 1882 1880
f 1879 1806 1803
f 1883 1806 1879
f 1886 1885 1884
f 1888 1887 1884
f 1888 1884 1885
f 1889 1887 1888
f 1807 1890 1881
f 1807 1881 1804
f 1882 1881 1891
f 1891 1881 1890
f 1883 1809 1806
f 1892 1809 1883
f 1886 1884 1893
f 1886 1893 1894
f 1895 1884 1887
f 1893 1884 1895
f 1887 1889 1896
f 1887 1896 1895
f 1810 1890 1807
f 1898 1897 1812
f 1812 1897 1810
f 1897 1891 1810
f 1891 1890 1810
f 1898 1899 1897
f 1892 1814 1809
f 1900 1814 1892
f 1901 1894 1893
f 1901 1893 1895
f 1901 1895 1902
f 1905 1904 1903
f 1896 1902 1895
f 1906 1815 1816
f 1907 1904 1905
f 1898 1812 1815
f 1906 1898 1815
f 1908 1898 1906
f 1899 1898 1909
f 1909 1898 1908
f 1900 1818 1814
f 1910 1818 1900
f 1903 1904 1911
f 1903 1911 1912
f 1819 1906 1816
f 1906 1819 1913
f 1911 1913 1819
f 1913 1911 1907
f 1904 1907 1911
f 1906 1913 1908
f 1908 1913 1914
f 1908 1914 1909
f 1916 1821 1915
f 1821 1910 1915
f 1821 1818 1910
f 1917 1916 1915
f 1912 1911 1918
f 1912 1918 1919
f 1822 1918 1819
f 1819 1918 1911
f 1920 1823 1916
f 1916 1823 1821
f 1916 1917 1921
f 1916 1921 1920
f 1919 1918 1922
f 1919 1922 1923
f 1824 1922 1822
f 1822 1922 1918
f 1924 1825 1920
f 1920 1825 1823
f 1920 1921 1925
f 1920 1925 1924
f 1923 1922 1926
f 1923 1926 1927
f 1826 1926 1824
f 1824 1926 1922
f 1924 1827 1825
f 1929 1928 1829
f 1929 1829 1827
f 1925 1929 1827
f 1924 1925 1827
f 1930 1928 1929
f 1927 1926 1931
f 1927 1931 1932
f 1830 1931 1826
f 1826 1931 1926
f 1933 1832 1928
f 1928 1832 1829
f 1928 1930 1934
f 1928 1934 1933
f 1932 1931 1935
f 1932 1935 1936
f 1833 1935 1830
f 1830 1935 1931
f 1933 1835 1832
f 1938 1937 1836
f 1938 1836 1835
f 1934 1938 1835
f 1933 1934 1835
f 1940 1939 1937
f 1940 1937 1938
f 1939 1940 1936
f 1935 1939 1936
f 1941 1939 1935
f 1837 1941 1833
f 1833 1941 1935
f 1942 1839 1937
f 1937 1839 1836
f 1943 1937 1939
f 1942 1937 1943
f 1944 1939 1941
f 1943 1939 1944
f 1840 1944 1837
f 1837 1944 1941
f 1942 1842 1839
f 1842 1942 1844
f 1844 1942 1943
f 1844 1943 1846
f 1846 1943 1944
f 1846 1944 1840
f 1946 1945 1850
f 1850 1945 1849
f 1947 1850 1851
f 1947 1946 1850
f 1851 1852 1947
f 1947 1852 1948
f 1950 1949 1854
f 1854 1949 1853
f 1854 1849 1945
f 1854 1945 1950
f 1855 1952 1951
f 1948 1855 1951
f 1852 1855 1948
f 1952 1953 1951
f 1955 1954 1857
f 1857 1954 1856
f 1857 1853 1949
f 1857 1949 1955
f 1858 1952 1855
f 1858 1860 1952
f 1860 1953 1952
f 1860 1956 1953
f 1954 1861 1856
f 1957 1861 1954
f 1958 1956 1860
f 1958 1860 1862
f 1862 1864 1958
f 1958 1864 1959
f 1957 1865 1861
f 1960 1865 1957
f 1866 1959 1864
f 1866 1961 1959
f 1960 1867 1865
f 1962 1867 1960
f 1868 1961 1866
f 1868 1963 1961
f 1962 1869 1867
f 1964 1869 1962
f 1870 1963 1868
f 1870 1965 1963
f 1964 1871 1869
f 1966 1871 1964
f 1872 1965 1870
f 1872 1967 1965
f 1966 1873 1871
f 1968 1873 1966
f 1874 1970 1969
f 1967 1874 1969
f 1872 1874 1967
f 1970 1971 1969
f 1968 1876 1873
f 1972 1876 1968
f 1877 1973 1970
f 1877 1970 1874
f 1971 1970 1974
f 1974 1970 1973
f 1972 1975 1876
f 1876 1975 1878
f 1879 1878 1975
f 1879 1975 1976
f 1880 1973 1877
f 1880 1882 1973
f 1882 1974 1973
f 1882 1977 1974
f 1976 1883 1879
f 1978 1883 1976
f 1980 1979 1885
f 1980 1885 1886
f 1885 1981 1888
f 1979 1981 1885
f 1889 1888 1981
f 1889 1981 1982
f 1891 1977 1882
f 1891 1983 1977
f 1985 1892 1984
f 1892 1978 1984
f 1892 1883 1978
f 1987 1986 1985
f 1987 1985 1984
f 1987 1980 1986
f 1980 1894 1986
f 1980 1886 1894
f 1982 1896 1889
f 1988 1896 1982
f 1891 1897 1989
f 1990 1891 1989
f 1983 1891 1990
f 1899 1989 1897
f 1991 1900 1985
f 1985 1900 1892
f 1992 1985 1986
f 1991 1985 1992
f 1901 1993 1894
f 1993 1986 1894
f 1993 1992 1986
f 1902 1994 1901
f 1901 1994 1993
f 1995 1905 1903
f 1896 1994 1902
f 1994 1896 1996
f 1988 1996 1896
f 1995 1907 1905
f 1990 1989 1997
f 1990 1997 1998
f 1909 1997 1899
f 1899 1997 1989
f 1999 1910 1991
f 1991 1910 1900
f 2000 1991 1992
f 1999 1991 2000
f 2001 1992 1993
f 2000 1992 2001
f 2002 1993 1994
f 2001 1993 2002
f 1912 1995 1903
f 1995 1912 2003
f 2002 2003 1912
f 2003 2002 1996
f 1994 1996 2002
f 1995 2003 1907
f 2003 1913 1907
f 2003 2004 1913
f 1997 1914 1998
f 1914 2004 1998
f 1914 1913 2004
f 1914 1997 1909
f 1999 1915 1910
f 1915 1999 1917
f 1999 2005 1917
f 1999 2000 2005
f 2006 2000 2001
f 2005 2000 2006
f 2007 2001 2002
f 2006 2001 2007
f 1919 2007 1912
f 1912 2007 2002
f 2008 1921 2005
f 2005 1921 1917
f 2009 2005 2006
f 2008 2005 2009
f 2010 2006 2007
f 2009 2006 2010
f 1923 2010 1919
f 1919 2010 2007
f 2011 1925 2008
f 2008 1925 1921
f 2012 2008 2009
f 2011 2008 2012
f 2013 2009 2010
f 2012 2009 2013
f 1927 2013 1923
f 1923 2013 2010
f 2011 1929 1925
f 1929 2011 1930
f 2011 2014 1930
f 2011 2012 2014
f 2015 2012 2013
f 2014 2012 2015
f 1932 2015 1927
f 1927 2015 2013
f 2016 1934 2014
f 2014 1934 1930
f 2017 2014 2015
f 2016 2014 2017
f 1936 2017 1932
f 1932 2017 2015
f 2016 1938 1934
f 1938 2016 1940
f 1940 2016 2017
f 1940 2017 1936
f 2018 1945 1946
f 1947 2019 1946
f 1946 2019 2018
f 1948 2019 1947
f 2021 2020 1950
f 1950 2020 1949
f 1950 1945 2018
f 2022 1950 2018
f 2021 1950 2022
f 2024 2023 2022
f 2018 2024 2022
f 2019 2024 2018
f 1951 2025 1948
f 2025 2019 1948
f 2025 2024 2019
f 1953 2025 1951
f 2027 2026 1955
f 1955 2026 1954
f 1955 1949 2020
f 1955 2020 2027
f 2023 2024 2028
f 2023 2028 2029
f 2030 2024 2025
f 2028 2024 2030
f 1956 2030 1953
f 1953 2030 2025
f 2026 1957 1954
f 2031 1957 2026
f 2029 2028 2032
f 2029 2032 2033
f 2034 2028 2030
f 2032 2028 2034
f 1958 2035 1956
f 2035 2030 1956
f 2035 2034 2030
f 1959 2035 1958
f 2031 1960 1957
f 2036 1960 2031
f 2033 2032 2037
f 2033 2037 2038
f 2039 2032 2034
f 2037 2032 2039
f 2035 2041 2040
f 2039 2035 2040
f 2034 2035 2039
f 2035 1959 2041
f 1959 2042 2041
f 1959 1961 2042
f 2036 1962 1960
f 2043 1962 2036
f 2044 2038 2037
f 2044 2037 2039
f 2044 2039 2045
f 2045 2039 2040
f 1963 2042 1961
f 1963 2046 2042
f 2043 1964 1962
f 2047 1964 2043
f 2050 2049 2048
f 2049 2046 2048
f 2046 1965 2048
f 2046 1963 1965
f 2047 1966 1964
f 2051 1966 2047
f 2052 2050 2048
f 1965 1967 2048
f 1967 2053 2048
f 2053 2052 2048
f 2053 1967 2054
f 2054 2055 2053
f 2051 1968 1966
f 2056 1968 2051
f 1969 2054 1967
f 1969 1971 2054
f 1971 2055 2054
f 1971 2057 2055
f 2056 1972 1968
f 2058 1972 2056
f 1974 2057 1971
f 1974 2059 2057
f 2058 2060 1972
f 1972 2060 1975
f 1976 1975 2060
f 1976 2060 2061
f 1977 2059 1974
f 1977 2062 2059
f 2064 1978 2063
f 1978 2061 2063
f 1978 1976 2061
f 2066 2065 2064
f 2066 2064 2063
f 1979 1980 2065
f 2066 1979 2065
f 2067 1979 2066
f 1979 2068 1981
f 2067 2068 1979
f 1982 1981 2068
f 1982 2068 2069
f 1983 2062 1977
f 1983 2070 2062
f 2064 1984 1978
f 1984 2064 1987
f 1987 2064 2065
f 1987 2065 1980
f 2069 1988 1982
f 2071 1988 2069
f 1990 2070 1983
f 1990 2072 2070
f 2071 1996 1988
f 2073 1996 2071
f 1998 2072 1990
f 1998 2074 2072
f 2073 2075 1996
f 1996 2075 2003
f 2003 2076 2004
f 2075 2076 2003
f 1998 2004 2074
f 2074 2004 2076
f 2077 2020 2021
f 2022 2078 2021
f 2021 2078 2077
f 2023 2078 2022
f 2080 2079 2027
f 2027 2079 2026
f 2027 2020 2077
f 2081 2027 2077
f 2080 2027 2081
f 2081 2077 2078
f 2081 2078 2082
f 2078 2023 2082
f 2023 2083 2082
f 2023 2029 2083
f 2079 2031 2026
f 2084 2031 2079
f 2033 2083 2029
f 2033 2085 2083
f 2084 2036 2031
f 2086 2036 2084
f 2038 2085 2033
f 2038 2087 2085
f 2088 2040 2041
f 2042 2088 2041
f 2086 2043 2036
f 2089 2043 2086
f 2038 2044 2090
f 2091 2038 2090
f 2087 2038 2091
f 2045 2092 2044
f 2044 2092 2090
f 2040 2088 2045
f 2088 2092 2045
f 2088 2093 2092
f 2046 2093 2042
f 2042 2093 2088
f 2089 2047 2043
f 2094 2047 2089
f 2091 2090 2095
f 2091 2095 2096
f 2097 2090 2092
f 2095 2090 2097
f 2050 2097 2049
f 2097 2093 2049
f 2097 2092 2093
f 2049 2093 2046
f 2094 2051 2047
f 2098 2051 2094
f 2099 2096 2095
f 2099 2095 2097
f 2099 2097 2100
f 2100 2097 2050
f 2052 2100 2050
f 2101 2100 2052
f 2103 2101 2102
f 2101 2053 2102
f 2101 2052 2053
f 2055 2102 2053
f 2098 2056 2051
f 2104 2056 2098
f 2105 2103 2102
f 2102 2055 2105
f 2055 2106 2105
f 2055 2057 2106
f 2104 2058 2056
f 2107 2058 2104
f 2059 2106 2057
f 2059 2108 2106
f 2107 2109 2058
f 2058 2109 2060
f 2061 2060 2109
f 2061 2109 2110
f 2062 2108 2059
f 2062 2111 2108
f 2110 2112 2061
f 2061 2112 2063
f 2063 2113 2066
f 2112 2113 2063
f 2113 2115 2114
f 2067 2113 2114
f 2066 2113 2067
f 2116 2068 2067
f 2116 2067 2114
f 2116 2069 2068
f 2070 2111 2062
f 2070 2117 2111
f 2115 2118 2114
f 2114 2118 2116
f 2116 2118 2119
f 2069 2116 2119
f 2120 2069 2119
f 2071 2069 2120
f 2072 2117 2070
f 2072 2121 2117
f 2120 2073 2071
f 2122 2073 2120
f 2074 2121 2072
f 2074 2123 2121
f 2122 2124 2073
f 2073 2124 2075
f 2075 2125 2076
f 2124 2125 2075
f 2074 2076 2123
f 2123 2076 2125
f 2126 2079 2080
f 2126 2080 2127
f 2080 2128 2127
f 2080 2081 2128
f 2129 2081 2082
f 2129 2128 2081
f 2082 2083 2129
f 2129 2083 2130
f 2132 2131 2126
f 2131 2079 2126
f 2131 2084 2079
f 2132 2126 2127
f 2085 2130 2083
f 2085 2133 2130
f 2131 2086 2084
f 2134 2086 2131
f 2087 2133 2085
f 2087 2135 2133
f 2134 2089 2086
f 2136 2089 2134
f 2091 2135 2087
f 2091 2137 2135
f 2136 2094 2089
f 2138 2094 2136
f 2096 2137 2091
f 2096 2139 2137
f 2142 2141 2140
f 2140 2143 2142
f 2138 2098 2094
f 2144 2098 2138
f 2096 2099 2145
f 2146 2096 2145
f 2139 2096 2146
f 2100 2147 2099
f 2099 2147 2145
f 2141 2148 2140
f 2148 2100 2140
f 2100 2101 2140
f 2100 2148 2147
f 2150 2149 2103
f 2103 2149 2101
f 2149 2143 2101
f 2143 2140 2101
f 2150 2151 2149
f 2144 2104 2098
f 2152 2104 2144
f 2153 2146 2145
f 2153 2145 2147
f 2153 2147 2154
f 2154 2147 2148
f 2105 2150 2103
f 2105 2106 2150
f 2106 2151 2150
f 2106 2155 2151
f 2152 2107 2104
f 2156 2107 2152
f 2108 2155 2106
f 2108 2157 2155
f 2156 2158 2107
f 2107 2158 2109
f 2110 2109 2158
f 2110 2158 2159
f 2111 2157 2108
f 2111 2160 2157
f 2159 2161 2110
f 2110 2161 2112
f 2161 2163 2162
f 2113 2161 2162
f 2112 2161 2113
f 2162 2115 2113
f 2117 2160 2111
f 2117 2164 2160
f 2163 2165 2162
f 2165 2167 2166
f 2165 2166 2118
f 2162 2165 2118
f 2115 2162 2118
f 2168 2119 2118
f 2168 2118 2166
f 2168 2120 2119
f 2121 2164 2117
f 2121 2169 2164
f 2167 2170 2166
f 2172 2171 2170
f 2171 2166 2170
f 2171 2168 2166
f 2171 2122 2120
f 2171 2120 2168
f 2123 2169 2121
f 2123 2173 2169
f 2172 2174 2171
f 2171 2174 2122
f 2174 2124 2122
f 2174 2175 2124
f 2124 2176 2125
f 2175 2176 2124
f 2123 2125 2173
f 2173 2125 2176
f 2177 2127 2128
f 2129 2178 2128
f 2128 2178 2177
f 2130 2178 2129
f 2179 2131 2132
f 2180 2179 2132
f 2180 2132 2127
f 2181 2180 2127
f 2177 2181 2127
f 2181 2177 2178
f 2181 2178 2182
f 2178 2130 2182
f 2130 2183 2182
f 2130 2133 2183
f 2185 2184 2179
f 2184 2131 2179
f 2184 2134 2131
f 2185 2179 2180
f 2135 2183 2133
f 2135 2186 2183
f 2184 2136 2134
f 2187 2136 2184
f 2137 2186 2135
f 2137 2188 2186
f 2187 2138 2136
f 2189 2138 2187
f 2139 2188 2137
f 2139 2190 2188
f 2192 2191 2142
f 2142 2191 2141
f 2142 2143 2192
f 2192 2143 2193
f 2189 2144 2138
f 2194 2144 2189
f 2146 2196 2195
f 2190 2146 2195
f 2139 2146 2190
f 2198 2197 2196
f 2196 2197 2195
f 2191 2197 2198
f 2148 2191 2198
f 2141 2191 2148
f 2199 2193 2143
f 2199 2143 2149
f 2149 2151 2199
f 2199 2151 2200
f 2194 2152 2144
f 2201 2152 2194
f 2153 2196 2146
f 2196 2153 2154
f 2196 2154 2198
f 2198 2154 2148
f 2155 2200 2151
f 2155 2202 2200
f 2201 2156 2152
f 2203 2156 2201
f 2157 2202 2155
f 2157 2204 2202
f 2158 2156 2205
f 2156 2206 2205
f 2156 2203 2206
f 2205 2159 2158
f 2160 2204 2157
f 2160 2207 2204
f 2206 2208 2205
f 2205 2208 2159
f 2208 2161 2159
f 2208 2209 2161
f 2163 2161 2209
f 2163 2209 2210
f 2164 2207 2160
f 2164 2211 2207
f 2165 2163 2212
f 2163 2213 2212
f 2163 2210 2213
f 2212 2167 2165
f 2169 2211 2164
f 2169 2214 2211
f 2213 2215 2212
f 2215 2217 2216
f 2215 2216 2170
f 2212 2215 2170
f 2167 2212 2170
f 2216 2172 2170
f 2173 2214 2169
f 2173 2218 2214
f 2217 2219 2216
f 2216 2219 2172
f 2219 2174 2172
f 2219 2220 2174
f 2174 2221 2175
f 2220 2221 2174
f 2175 2222 2176
f 2221 2222 2175
f 2173 2176 2218
f 2218 2176 2222
f 2223 2180 2181
f 2182 2224 2181
f 2181 2224 2223
f 2183 2224 2182
f 2225 2184 2185
f 2226 2225 2185
f 2226 2185 2180
f 2227 2226 2180
f 2223 2227 2180
f 2227 2223 2224
f 2227 2224 2228
f 2183 2186 2224
f 2186 2229 2224
f 2229 2228 2224
f 2229 2186 2230
f 2230 2231 2229
f 2232 2187 2225
f 2225 2187 2184
f 2225 2226 2233
f 2225 2233 2232
f 2188 2234 2230
f 2188 2230 2186
f 2231 2230 2235
f 2235 2230 2234
f 2236 2189 2232
f 2232 2189 2187
f 2232 2233 2237
f 2232 2237 2236
f 2190 2238 2234
f 2190 2234 2188
f 2235 2234 2239
f 2234 2240 2239
f 2234 2238 2240
f 2191 2192 2240
f 2192 2239 2240
f 2192 2241 2239
f 2243 2242 2193
f 2242 2192 2193
f 2242 2241 2192
f 2243 2244 2242
f 2245 2194 2236
f 2236 2194 2189
f 2236 2237 2246
f 2236 2246 2245
f 2195 2238 2190
f 2238 2195 2197
f 2238 2197 2240
f 2240 2197 2191
f 2199 2243 2193
f 2199 2200 2243
f 2200 2244 2243
f 2200 2247 2244
f 2248 2201 2245
f 2245 2201 2194
f 2245 2246 2249
f 2245 2249 2248
f 2202 2247 2200
f 2202 2250 2247
f 2251 2203 2248
f 2248 2203 2201
f 2248 2249 2252
f 2248 2252 2251
f 2204 2250 2202
f 2204 2253 2250
f 2255 2254 2251
f 2254 2203 2251
f 2254 2206 2203
f 2255 2251 2252
f 2207 2253 2204
f 2207 2256 2253
f 2254 2257 2206
f 2206 2257 2208
f 2208 2258 2209
f 2257 2258 2208
f 2210 2209 2258
f 2210 2258 2259
f 2211 2256 2207
f 2211 2260 2256
f 2259 2213 2210
f 2261 2213 2259
f 2214 2260 2211
f 2214 2262 2260
f 2261 2263 2213
f 2213 2263 2215
f 2217 2215 2263
f 2217 2263 2264
f 2218 2262 2214
f 2218 2265 2262
f 2264 2266 2217
f 2217 2266 2219
f 2219 2267 2220
f 2266 2267 2219
f 2220 2268 2221
f 2267 2268 2220
f 2221 2269 2222
f 2268 2269 2221
f 2218 2222 2265
f 2265 2222 2269
f 2270 2226 2227
f 2228 2271 2227
f 2227 2271 2270
f 2229 2272 2228
f 2228 2272 2271
f 2231 2272 2229
f 2273 2233 2270
f 2270 2233 2226
f 2274 2270 2271
f 2273 2270 2274
f 2272 2276 2275
f 2274 2272 2275
f 2271 2272 2274
f 2231 2235 2272
f 2235 2277 2272
f 2277 2276 2272
f 2277 2235 2278
f 2280 2279 2278
f 2278 2279 2277
f 2282 2281 2280
f 2280 2281 2279
f 2282 2283 2281
f 2284 2237 2273
f 2273 2237 2233
f 2274 2286 2285
f 2284 2274 2285
f 2273 2274 2284
f 2286 2274 2275
f 2239 2278 2235
f 2278 2239 2241
f 2278 2241 2280
f 2280 2241 2242
f 2280 2242 2282
f 2242 2244 2282
f 2244 2283 2282
f 2244 2287 2283
f 2288 2246 2284
f 2284 2246 2237
f 2284 2285 2289
f 2284 2289 2288
f 2247 2287 2244
f 2247 2290 2287
f 2291 2249 2288
f 2288 2249 2246
f 2288 2289 2292
f 2288 2292 2291
f 2250 2290 2247
f 2250 2293 2290
f 2294 2252 2291
f 2291 2252 2249
f 2291 2292 2295
f 2291 2295 2294
f 2253 2293 2250
f 2253 2296 2293
f 2297 2254 2255
f 2252 2294 2255
f 2294 2297 2255
f 2294 2298 2297
f 2294 2295 2299
f 2294 2299 2298
f 2256 2296 2253
f 2256 2300 2296
f 2297 2257 2254
f 2257 2297 2258
f 2258 2297 2298
f 2259 2258 2298
f 2299 2259 2298
f 2301 2259 2299
f 2260 2300 2256
f 2260 2302 2300
f 2301 2261 2259
f 2303 2261 2301
f 2262 2302 2260
f 2262 2304 2302
f 2303 2305 2261
f 2261 2305 2263
f 2264 2263 2305
f 2264 2305 2306
f 2309 2308 2307
f 2308 2304 2307
f 2304 2265 2307
f 2304 2262 2265
f 2306 2310 2264
f 2264 2310 2266
f 2266 2311 2267
f 2310 2311 2266
f 2267 2312 2268
f 2311 2312 2267
f 2307 2269 2309
f 2269 2312 2309
f 2269 2268 2312
f 2269 2307 2265
f 2314 2313 2276
f 2276 2313 2275
f 2315 2276 2277
f 2315 2314 2276
f 2316 2277 2279
f 2316 2315 2277
f 2318 2316 2317
f 2316 2281 2317
f 2316 2279 2281
f 2283 2317 2281
f 2319 2285 2286
f 2320 2319 2286
f 2275 2320 2286
f 2313 2320 2275
f 2321 2318 2317
f 2317 2283 2321
f 2283 2322 2321
f 2283 2287 2322
f 2323 2289 2319
f 2319 2289 2285
f 2319 2320 2324
f 2319 2324 2323
f 2290 2322 2287
f 2290 2325 2322
f 2326 2292 2323
f 2323 2292 2289
f 2323 2324 2327
f 2323 2327 2326
f 2293 2325 2290
f 2293 2328 2325
f 2330 2329 2326
f 2329 2292 2326
f 2329 2295 2292
f 2330 2326 2327
f 2296 2328 2293
f 2296 2331 2328
f 2329 2299 2295
f 2332 2299 2329
f 2300 2331 2296
f 2300 2333 2331
f 2332 2301 2299
f 2334 2301 2332
f 2302 2333 2300
f 2302 2335 2333
f 2337 2303 2336
f 2303 2334 2336
f 2303 2301 2334
f 2338 2337 2336
f 2341 2340 2339
f 2340 2335 2339
f 2335 2304 2339
f 2335 2302 2304
f 2337 2305 2303
f 2306 2305 2337
f 2338 2306 2337
f 2342 2306 2338
f 2345 2344 2343
f 2343 2344 2341
f 2343 2341 2339
f 2309 2343 2339
f 2308 2309 2339
f 2308 2339 2304
f 2310 2306 2346
f 2306 2347 2346
f 2306 2342 2347
f 2348 2311 2310
f 2348 2310 2346
f 2349 2345 2343
f 2311 2349 2343
f 2312 2311 2343
f 2349 2311 2348
f 2312 2343 2309
f 2347 2350 2346
f 2346 2350 2348
f 2348 2350 2351
f 2348 2351 2349
f 2352 2313 2314
f 2315 2353 2314
f 2314 2353 2352
f 2353 2315 2354
f 2315 2355 2354
f 2315 2316 2355
f 2357 2356 2318
f 2356 2316 2318
f 2356 2355 2316
f 2357 2358 2356
f 2359 2320 2352
f 2352 2320 2313
f 2353 2361 2360
f 2359 2353 2360
f 2352 2353 2359
f 2361 2353 2354
f 2321 2357 2318
f 2321 2322 2357
f 2322 2358 2357
f 2322 2362 2358
f 2363 2324 2359
f 2359 2324 2320
f 2359 2360 2364
f 2359 2364 2363
f 2325 2362 2322
f 2325 2365 2362
f 2367 2366 2363
f 2366 2324 2363
f 2366 2327 2324
f 2367 2363 2364
f 2328 2365 2325
f 2328 2368 2365
f 2369 2329 2330
f 2370 2369 2330
f 2327 2370 2330
f 2366 2370 2327
f 2331 2368 2328
f 2331 2371 2368
f 2373 2372 2369
f 2372 2329 2369
f 2372 2332 2329
f 2373 2369 2370
f 2333 2371 2331
f 2333 2374 2371
f 2376 2334 2375
f 2334 2372 2375
f 2334 2332 2372
f 2377 2376 2375
f 2335 2374 2333
f 2335 2378 2374
f 2376 2336 2334
f 2338 2336 2376
f 2377 2338 2376
f 2379 2338 2377
f 2341 2380 2340
f 2380 2381 2340
f 2381 2335 2340
f 2381 2378 2335
f 2379 2342 2338
f 2382 2342 2379
f 2384 2383 2344
f 2384 2344 2345
f 2341 2344 2380
f 2344 2385 2380
f 2344 2383 2385
f 2380 2385 2381
f 2387 2347 2386
f 2347 2382 2386
f 2347 2342 2382
f 2389 2388 2387
f 2389 2387 2386
f 2389 2384 2388
f 2384 2349 2388
f 2384 2345 2349
f 2387 2350 2347
f 2350 2387 2351
f 2351 2387 2388
f 2351 2388 2349
f 2390 2354 2355
f 2390 2355 2391
f 2355 2392 2391
f 2355 2356 2392
f 2356 2358 2392
f 2392 2358 2393
f 2394 2360 2361
f 2354 2390 2361
f 2390 2394 2361
f 2390 2395 2394
f 2390 2391 2396
f 2390 2396 2395
f 2362 2393 2358
f 2362 2397 2393
f 2398 2364 2394
f 2394 2364 2360
f 2395 2400 2399
f 2398 2395 2399
f 2394 2395 2398
f 2400 2395 2396
f 2365 2397 2362
f 2365 2401 2397
f 2402 2366 2367
f 2403 2402 2367
f 2403 2367 2364
f 2404 2403 2364
f 2398 2404 2364
f 2404 2398 2399
f 2368 2401 2365
f 2368 2405 2401
f 2406 2370 2402
f 2402 2370 2366
f 2402 2403 2407
f 2402 2407 2406
f 2371 2405 2368
f 2371 2408 2405
f 2409 2372 2373
f 2410 2409 2373
f 2410 2373 2370
f 2411 2410 2370
f 2406 2411 2370
f 2411 2406 2407
f 2374 2408 2371
f 2374 2412 2408
f 2409 2375 2372
f 2377 2375 2409
f 2410 2377 2409
f 2413 2377 2410
f 2378 2412 2374
f 2378 2414 2412
f 2413 2379 2377
f 2415 2379 2413
f 2418 2417 2416
f 2417 2414 2416
f 2414 2381 2416
f 2414 2378 2381
f 2420 2382 2419
f 2382 2415 2419
f 2382 2379 2415
f 2422 2421 2420
f 2422 2420 2419
f 2383 2384 2421
f 2422 2383 2421
f 2423 2383 2422
f 2416 2385 2418
f 2385 2423 2418
f 2385 2383 2423
f 2385 2416 2381
f 2420 2386 2382
f 2386 2420 2389
f 2389 2420 2421
f 2389 2421 2384
f 2425 2424 2392
f 2392 2424 2391
f 2392 2393 2425
f 2425 2393 2426
f 2424 2396 2391
f 2427 2396 2424
f 2397 2426 2393
f 2397 2428 2426
f 2429 2399 2400
f 2430 2429 2400
f 2396 2430 2400
f 2427 2430 2396
f 2401 2428 2397
f 2401 2431 2428
f 2432 2403 2404
f 2433 2432 2404
f 2433 2404 2399
f 2434 2433 2399
f 2429 2434 2399
f 2434 2429 2430
f 2405 2431 2401
f 2405 2435 2431
f 2437 2436 2432
f 2436 2403 2432
f 2436 2407 2403
f 2437 2432 2433
f 2408 2435 2405
f 2408 2438 2435
f 2440 2439 2411
f 2411 2439 2410
f 2411 2407 2436
f 2411 2436 2440
f 2412 2438 2408
f 2412 2441 2438
f 2439 2413 2410
f 2442 2413 2439
f 2414 2441 2412
f 2414 2443 2441
f 2445 2415 2444
f 2415 2442 2444
f 2415 2413 2442
f 2447 2446 2445
f 2447 2445 2444
f 2449 2448 2446
f 2449 2446 2447
f 2417 2418 2448
f 2449 2417 2448
f 2450 2417 2449
f 2414 2417 2443
f 2443 2417 2450
f 2445 2419 2415
f 2419 2445 2422
f 2422 2445 2446
f 2422 2446 2423
f 2423 2446 2448
f 2423 2448 2418
f 2451 2424 2425
f 2426 2451 2425
f 2452 2427 2451
f 2451 2427 2424
f 2428 2452 2426
f 2426 2452 2451
f 2454 2453 2452
f 2453 2427 2452
f 2453 2430 2427
f 2452 2428 2454
f 2428 2455 2454
f 2428 2431 2455
f 2456 2433 2434
f 2457 2456 2434
f 2430 2457 2434
f 2453 2457 2430
f 2435 2455 2431
f 2435 2458 2455
f 2460 2459 2437
f 2437 2459 2436
f 2437 2433 2456
f 2461 2437 2456
f 2460 2437 2461
f 2461 2456 2457
f 2438 2458 2435
f 2438 2462 2458
f 2464 2463 2440
f 2440 2463 2439
f 2440 2436 2459
f 2440 2459 2464
f 2467 2466 2465
f 2466 2462 2465
f 2462 2441 2465
f 2462 2438 2441
f 2469 2442 2468
f 2442 2463 2468
f 2442 2439 2463
f 2470 2469 2468
f 2467 2465 2471
f 2467 2471 2472
f 2443 2471 2441
f 2441 2471 2465
f 2469 2444 2442
f 2470 2473 2469
f 2473 2444 2469
f 2473 2447 2444
f 2447 2474 2449
f 2473 2474 2447
f 2471 2450 2472
f 2450 2474 2472
f 2450 2449 2474
f 2450 2471 2443
f 2475 2453 2454
f 2455 2475 2454
f 2477 2476 2475
f 2476 2453 2475
f 2476 2457 2453
f 2475 2455 2477
f 2455 2478 2477
f 2455 2458 2478
f 2479 2459 2460
f 2461 2480 2460
f 2460 2480 2479
f 2457 2476 2481
f 2480 2457 2481
f 2482 2480 2481
f 2461 2457 2480
f 2481 2478 2482
f 2478 2462 2482
f 2478 2458 2462
f 2483 2463 2464
f 2459 2479 2464
f 2479 2483 2464
f 2479 2484 2483
f 2485 2479 2480
f 2484 2479 2485
f 2467 2485 2466
f 2485 2482 2466
f 2485 2480 2482
f 2466 2482 2462
f 2483 2468 2463
f 2468 2483 2470
f 2483 2486 2470
f 2483 2484 2486
f 2487 2484 2485
f 2486 2484 2487
f 2472 2487 2467
f 2467 2487 2485
f 2486 2473 2470
f 2473 2486 2474
f 2474 2486 2487
f 2474 2487 2472
f 2488 2476 2477
f 2478 2488 2477
f 2488 2481 2476
f 2481 2488 2478

