# https://github.com/mikedh/trimesh
v -3498.97450000 -1967.82485000 190.74500000
v -3499.38450000 -1868.25485000 172.51500000
v -3518.00450000 -1976.45485000 24.49500000
v -3518.94450000 -1915.70485000 -30.84500000
v -3513.97450000 -2039.84485000 47.15500000
v -3495.53450000 -2093.61485000 104.23500000
v -3503.91450000 -1839.99485000 14.36500000
v -3503.26450000 -2119.71485000 -23.33500000
v -3512.73450000 -2066.33485000 -92.49500000
v -3519.49450000 -1981.36485000 -154.60500000
v -3515.01450000 -1902.89485000 -156.17500000
v -3505.31450000 -1852.24485000 -139.45500000
v -3504.89450000 -2084.55485000 -220.80500000
v -3500.77450000 -2023.58485000 -297.55500000
v -3503.96450000 -1878.73485000 -243.37500000
v -3491.00450000 -1942.21485000 -329.76500000
v -3450.08450000 -1886.91485000 367.48500000
v -3466.98450000 -1852.09485000 300.81500000
v -3470.92450000 -1780.28485000 216.02500000
v -3459.59450000 -1796.64485000 301.04500000
v -3485.70450000 -2036.50485000 205.77500000
v -3481.00450000 -1777.97485000 97.44500000
v -3488.82450000 -1803.28485000 -55.00500000
v -3464.43450000 -1756.76485000 44.17500000
v -3485.25450000 -2191.96485000 -27.50500000
v -3490.75450000 -2173.47485000 -140.63500000
v -3484.53450000 -1833.37485000 -230.18500000
v -3462.76450000 -1783.02485000 -146.58500000
v -3484.42450000 -2172.18485000 -287.21500000
v -3486.81450000 -2094.15485000 -336.89500000
v -3481.38450000 -1878.09485000 -333.88500000
v -3467.09450000 -2052.07485000 -435.04500000
v -3456.90450000 -1957.67485000 -476.25500000
v -3456.35450000 -2000.69485000 310.04500000
v -3436.50450000 -1743.08485000 346.24500000
v -3449.11450000 -2151.21485000 213.92500000
v -3445.99450000 -1736.38485000 193.84500000
v -3457.69450000 -2241.77485000 63.65500000
v -3457.06450000 -2295.68485000 -91.57500000
v -3460.97450000 -2279.39485000 -243.04500000
v -3455.69450000 -1808.81485000 -293.73500000
v -3452.24450000 -2281.90485000 -347.73500000
v -3456.87450000 -1844.18485000 -371.61500000
v -3455.35450000 -2209.22485000 -400.69500000
v -3454.53450000 -1893.08485000 -443.34500000
v -3425.02450000 -2210.01485000 -512.85500000
v -3425.96450000 -1777.63485000 407.67500000
v -3408.80450000 -1942.86485000 457.89500000
v -3404.86450000 -2094.39485000 380.26500000
v -3423.05450000 -1714.52485000 327.52500000
v -3429.38450000 -1721.33485000 145.63500000
v -3415.75450000 -2301.86485000 168.13500000
v -3439.82450000 -1746.32485000 -10.49500000
v -3420.64450000 -2352.29485000 54.00500000
v -3433.35450000 -1763.04485000 -158.86500000
v -3436.24450000 -2370.13485000 -185.95500000
v -3414.43450000 -2403.55485000 -55.55500000
v -3433.43450000 -1787.11485000 -270.64500000
v -3421.64450000 -2384.78485000 -315.49500000
v -3421.93450000 -1816.36485000 -401.35500000
v -3428.03450000 -2332.10485000 -400.52500000
v -3421.52450000 -1868.31485000 -511.40500000
v -3403.75450000 -2323.14485000 -505.72500000
v -3435.56450000 -1892.81485000 -507.51500000
v -3409.85450000 -1931.95485000 -580.45500000
v -3406.98450000 -2148.61485000 -585.01500000
v -3404.92450000 -2053.92485000 -596.70500000
v -3409.22450000 -1713.50485000 407.72500000
v -3407.23450000 -1836.87485000 474.67500000
v -3394.83450000 -2221.08485000 304.35500000
v -3398.78450000 -1687.64485000 311.14500000
v -3410.36450000 -1719.19485000 101.03500000
v -3400.75450000 -1746.13485000 -43.29500000
v -3410.75450000 -1761.80485000 -162.05500000
v -3399.51450000 -2442.69485000 -183.39500000
v -3406.04450000 -1776.02485000 -254.61500000
v -3393.02450000 -1836.31485000 -512.03500000
v -3406.92450000 -1897.48485000 -573.16500000
v -3378.82450000 -1745.43485000 535.99500000
v -3384.40450000 -1699.98485000 488.02500000
v -3353.94450000 -1801.29485000 592.35500000
v -3345.78450000 -1906.14485000 596.78500000
v -3338.51450000 -2040.17485000 553.55500000
v -3386.21450000 -1679.33485000 423.34500000
v -3355.57450000 -2313.69485000 320.42500000
v -3397.97450000 -1698.25485000 224.38500000
v -3371.33450000 -2390.91485000 182.17500000
v -3382.30450000 -2426.19485000 71.40500000
v -3364.57450000 -2477.65485000 -12.31500000
v -3368.93450000 -1720.97485000 117.42500000
v -3361.31450000 -2500.83485000 -190.75500000
v -3363.25450000 -2477.93485000 -370.21500000
v -3398.43450000 -1796.53485000 -361.80500000
v -3384.96450000 -2405.37485000 -458.43500000
v -3380.61450000 -1817.28485000 -463.08500000
v -3371.35450000 -1859.98485000 -594.42500000
v -3354.63450000 -2285.20485000 -657.66500000
v -3385.11450000 -1896.47485000 -607.17500000
v -3352.01450000 -1670.35485000 574.14500000
v -3341.81450000 -1630.26485000 541.50500000
v -3333.33450000 -2210.48485000 453.42500000
v -3346.81450000 -1634.08485000 452.25500000
v -3363.69450000 -1667.58485000 332.29500000
v -3355.33450000 -1692.26485000 240.84500000
v -3375.68450000 -1770.83485000 -173.66500000
v -3370.29450000 -1791.33485000 -308.63500000
v -3326.98450000 -2471.37485000 -562.99500000
v -3342.44450000 -2393.83485000 -607.73500000
v -3355.22450000 -1837.41485000 -561.23500000
v -3335.95450000 -1894.70485000 -691.79500000
v -3311.25450000 -2066.67485000 -785.55500000
v -3344.41450000 -2170.20485000 -711.21500000
v -3343.27450000 -1949.65485000 -706.41500000
v -3328.32450000 -1681.95485000 634.00500000
v -3313.22450000 -1615.38485000 630.59500000
v -3321.77450000 -1631.30485000 423.40500000
v -3302.91450000 -2333.92485000 419.58500000
v -3312.85450000 -2407.07485000 314.26500000
v -3326.19450000 -2468.78485000 169.24500000
v -3306.03450000 -2526.31485000 81.60500000
v -3330.04450000 -2527.95485000 -139.00500000
v -3362.13450000 -1738.03485000 50.60500000
v -3349.76450000 -1757.05485000 -7.56500000
v -3331.50450000 -2521.67485000 -313.86500000
v -3358.72450000 -1810.53485000 -420.85500000
v -3337.04450000 -1827.28485000 -524.96500000
v -3304.33450000 -1863.21485000 -681.12500000
v -3307.02450000 -1933.30485000 -766.64500000
v -3285.71450000 -2207.01485000 -822.15500000
v -3283.43450000 -1691.74485000 723.85500000
v -3276.26450000 -1808.08485000 728.52500000
v -3288.83450000 -1933.42485000 680.16500000
v -3288.19450000 -1566.87485000 631.06500000
v -3304.30450000 -1586.04485000 558.12500000
v -3275.81450000 -2154.97485000 602.49500000
v -3294.33450000 -1585.21485000 522.25500000
v -3321.29450000 -1658.77485000 352.07500000
v -3321.58450000 -1710.79485000 215.76500000
v -3328.11450000 -1740.18485000 117.35500000
v -3322.38450000 -1792.23485000 -108.04500000
v -3291.69450000 -2553.39485000 -270.19500000
v -3277.31450000 -2552.98485000 -10.64500000
v -3326.12450000 -1809.82485000 -258.19500000
v -3306.02450000 -1833.64485000 -386.32500000
v -3287.16450000 -2526.58485000 -502.00500000
v -3323.04450000 -1841.96485000 -595.87500000
v -3287.26450000 -2455.66485000 -696.25500000
v -3268.78450000 -2400.55485000 -775.90500000
v -3277.43450000 -1905.58485000 -785.11500000
v -3291.59450000 -1980.22485000 -805.85500000
v -3271.80450000 -1613.00485000 723.26500000
v -3258.75450000 -1558.82485000 714.12500000
v -3255.24450000 -2014.61485000 700.85500000
v -3272.86450000 -1587.85485000 500.32500000
v -3271.24450000 -1632.20485000 426.46500000
v -3258.55450000 -2481.87485000 323.57500000
v -3297.64450000 -1684.70485000 307.76500000
v -3261.74450000 -2517.58485000 230.16500000
v -3314.74450000 -1830.93485000 -484.82500000
v -3247.18450000 -2503.99485000 -708.65500000
v -3279.21450000 -2285.01485000 -805.75500000
v -3249.61450000 -1952.74485000 -859.88500000
v -3226.48450000 -2021.25485000 -913.17500000
v -3242.09450000 -1523.32485000 706.33500000
v -3221.07450000 -2098.29485000 713.88500000
v -3242.75450000 -1529.93485000 641.89500000
v -3244.32450000 -1550.85485000 571.65500000
v -3240.73450000 -2295.37485000 556.24500000
v -3240.09450000 -2418.93485000 440.45500000
v -3236.15450000 -2546.76485000 192.02500000
v -3296.54450000 -1784.48485000 51.88500000
v -3287.36450000 -1839.52485000 -189.45500000
v -3285.07450000 -1825.37485000 -55.63500000
v -3214.44450000 -2576.58485000 -128.32500000
v -3226.83450000 -2574.38485000 -327.29500000
v -3273.67450000 -1856.98485000 -304.07500000
v -3215.61450000 -2567.95485000 -486.44500000
v -3262.13450000 -1854.98485000 -510.77500000
v -3286.61450000 -1849.42485000 -609.75500000
v -3217.72450000 -2544.28485000 -678.85500000
v -3243.84450000 -1864.28485000 -745.30500000
v -3237.42450000 -2464.09485000 -786.60500000
v -3215.75450000 -2233.92485000 -922.65500000
v -3203.75450000 -1609.78485000 840.74500000
v -3190.64450000 -1530.52485000 831.38500000
v -3226.11450000 -1697.24485000 813.12500000
v -3178.39450000 -1738.42485000 878.45500000
v -3216.91450000 -1513.04485000 765.34500000
v -3194.47450000 -1862.41485000 829.11500000
v -3203.36450000 -2203.28485000 675.83500000
v -3226.05450000 -1554.07485000 557.22500000
v -3143.66450000 -2401.63485000 607.52500000
v -3232.63450000 -1586.63485000 508.59500000
v -3282.53450000 -1734.38485000 214.76500000
v -3194.26450000 -2567.00485000 135.05500000
v -3244.36450000 -1876.32485000 -427.03500000
v -3230.62450000 -2551.20485000 -585.04500000
v -3216.78450000 -1866.78485000 -651.02500000
v -3238.17450000 -1860.61485000 -698.40500000
v -3236.84450000 -1888.93485000 -813.29500000
v -3207.79450000 -1921.76485000 -894.61500000
v -3206.65450000 -2129.01485000 -945.32500000
v -3167.94450000 -2013.70485000 813.27500000
v -3200.30450000 -1492.02485000 760.67500000
v -3153.64450000 -2464.59485000 531.66500000
v -3189.65450000 -2483.91485000 446.10500000
v -3229.47450000 -1679.39485000 379.68500000
v -3182.99450000 -2521.05485000 377.41500000
v -3223.25450000 -1749.72485000 292.63500000
v -3256.10450000 -1783.38485000 171.94500000
v -3255.39450000 -1830.86485000 78.00500000
v -3263.36450000 -1867.43485000 -86.01500000
v -3260.38450000 -1877.52485000 -226.49500000
v -3164.87450000 -2566.83485000 -672.69500000
v -3196.11450000 -1869.63485000 -766.02500000
v -3200.81450000 -2445.43485000 -870.93500000
v -3202.11450000 -2363.56485000 -901.70500000
v -3159.11450000 -1644.17485000 904.85500000
v -3193.36450000 -1503.28485000 803.54500000
v -3170.84450000 -1475.10485000 725.72500000
v -3144.33450000 -2153.27485000 779.04500000
v -3118.18450000 -2286.47485000 723.47500000
v -3179.54450000 -1511.93485000 641.56500000
v -3197.62450000 -1611.67485000 495.66500000
v -3229.34450000 -1805.47485000 207.28500000
v -3225.54450000 -1961.73485000 70.30500000
v -3242.52450000 -1963.86485000 -78.29500000
v -3243.41450000 -1896.72485000 16.72500000
v -3249.80450000 -1910.55485000 -84.40500000
v -3223.79450000 -2019.05485000 -19.60500000
v -3224.08450000 -2035.98485000 -155.24500000
v -3240.46450000 -1937.83485000 -213.76500000
v -3231.01450000 -1993.42485000 -193.06500000
v -3229.80450000 -1909.68485000 -350.64500000
v -3216.21450000 -1960.63485000 -338.01500000
v -3203.80450000 -1887.17485000 -549.85500000
v -3134.86450000 -2560.16485000 -788.27500000
v -3172.81450000 -2490.46485000 -866.27500000
v -3192.46450000 -1881.55485000 -838.85500000
v -3148.57450000 -2532.67485000 -828.06500000
v -3164.67450000 -1899.13485000 -918.44500000
v -3169.31450000 -1975.45485000 -974.50500000
v -3083.18450000 -1532.63485000 987.87500000
v -3165.85450000 -1485.78485000 838.65500000
v -3147.31450000 -1462.47485000 811.97500000
v -3186.29450000 -1559.11485000 567.27500000
v -3137.85450000 -1661.89485000 503.53500000
v -3185.82450000 -1720.67485000 388.63500000
v -3140.93450000 -2554.21485000 339.61500000
v -3188.61450000 -1762.68485000 342.40500000
v -3191.62450000 -1825.34485000 296.08500000
v -3220.08450000 -1886.72485000 156.36500000
v -3185.93450000 -1957.19485000 207.98500000
v -3181.42450000 -2037.85485000 113.69500000
v -3121.86450000 -2584.99485000 71.98500000
v -3187.83450000 -2090.76485000 -66.42500000
v -3179.29450000 -2101.12485000 -267.74500000
v -3203.59450000 -2012.57485000 -308.26500000
v -3156.54450000 -2586.73485000 -365.27500000
v -3165.39450000 -1886.42485000 -667.40500000
v -3148.09450000 -1879.26485000 -770.43500000
v -3126.60450000 -1925.64485000 -993.21500000
v -3120.75450000 -2335.39485000 -1032.64500000
v -3140.75450000 -2097.16485000 -1031.73500000
v -3127.67450000 -2220.55485000 -1042.28500000
v -3098.43450000 -1646.87485000 980.71500000
v -3119.69450000 -1483.99485000 918.04500000
v -3126.42450000 -1461.02485000 875.97500000
v -3076.45450000 -2081.12485000 888.62500000
v -3140.15450000 -1470.00485000 715.29500000
v -3126.93450000 -1522.93485000 637.56500000
v -3117.09450000 -2500.32485000 529.87500000
v -3186.55450000 -1894.75485000 255.37500000
v -3086.53450000 -2572.79485000 271.86500000
v -3149.37450000 -2113.47485000 69.61500000
v -3168.86450000 -2131.91485000 -100.83500000
v -3143.01450000 -2154.59485000 -171.87500000
v -3119.80450000 -2591.38485000 -177.41500000
v -3153.21450000 -2081.14485000 -414.98500000
v -3157.71450000 -2014.97485000 -463.71500000
v -3181.55450000 -1960.50485000 -440.19500000
v -3192.98450000 -1913.54485000 -490.31500000
v -3137.53450000 -1913.94485000 -638.60500000
v -3108.48450000 -2587.37485000 -578.04500000
v -3007.83450000 -2592.33485000 -803.49500000
v -3131.75450000 -1881.46485000 -874.32500000
v -3124.07450000 -1889.58485000 -934.41500000
v -3031.36450000 -2516.05485000 -1027.99500000
v -3116.36450000 -2431.68485000 -986.83500000
v -3074.75450000 -1903.50485000 -1019.16500000
v -3099.47450000 -2021.84485000 -1071.79500000
v -3079.75450000 -1718.86485000 994.68500000
v -3046.26450000 -1873.61485000 987.11500000
v -3109.15450000 -1443.85485000 860.95500000
v -3093.43450000 -1447.54485000 803.32500000
v -3055.37450000 -2206.37485000 845.30500000
v -3082.71450000 -1475.12485000 737.74500000
v -3077.63450000 -2467.99485000 625.09500000
v -3133.49450000 -1579.13485000 580.41500000
v -3161.05450000 -1769.99485000 395.27500000
v -3148.17450000 -1883.67485000 345.50500000
v -3139.75450000 -2005.92485000 265.49500000
v -3133.55450000 -2154.37485000 -33.00500000
v -3126.01450000 -2157.44485000 -323.41500000
v -3124.11450000 -2131.40485000 -406.79500000
v -3147.49450000 -1940.26485000 -562.75500000
v -3082.85450000 -1963.35485000 -1068.02500000
v -3053.16450000 -1450.21485000 1000.75500000
v -3087.66450000 -1445.61485000 918.65500000
v -3052.53450000 -1421.31485000 901.95500000
v -3010.43450000 -2408.97485000 748.10500000
v -3041.61450000 -1495.33485000 731.21500000
v -3044.00450000 -2505.67485000 617.27500000
v -3063.32450000 -2530.28485000 525.11500000
v -3107.44450000 -1951.35485000 381.08500000
v -3115.31450000 -2095.76485000 199.46500000
v -3026.48450000 -2584.90485000 195.60500000
v -3098.60450000 -2160.01485000 95.45500000
v -3008.65450000 -2593.76485000 -40.72500000
v -3084.39450000 -2199.95485000 -111.46500000
v -3070.70450000 -2196.70485000 -304.61500000
v -3024.36450000 -2599.62485000 -332.36500000
v -3113.57450000 -2057.86485000 -543.71500000
v -3118.79450000 -1991.49485000 -576.51500000
v -3087.85450000 -1905.11485000 -781.87500000
v -2999.74450000 -2564.78485000 -950.68500000
v -3066.22450000 -1892.15485000 -979.62500000
v -3011.32450000 -2458.76485000 -1109.40500000
v -3001.84450000 -2382.86485000 -1158.25500000
v -3068.11450000 -2178.39485000 -1125.25500000
v -3056.41450000 -2093.60485000 -1136.19500000
v -3037.31450000 -1420.37485000 982.17500000
v -3041.71450000 -1535.22485000 696.24500000
v -3054.53450000 -1593.61485000 640.26500000
v -3107.06450000 -1757.12485000 485.33500000
v -3092.87450000 -1849.23485000 463.50500000
v -3039.98450000 -1754.77485000 583.14500000
v -3027.34450000 -2557.87485000 457.71500000
v -3089.65450000 -2025.76485000 339.73500000
v -3067.48450000 -2152.95485000 194.14500000
v -3074.98450000 -2192.66485000 11.64500000
v -3085.45450000 -2121.46485000 -533.87500000
v -3086.94450000 -1954.78485000 -676.01500000
v -3067.46450000 -1932.83485000 -750.73500000
v -3055.65450000 -1895.63485000 -910.46500000
v -3059.24450000 -1926.71485000 -1065.61500000
v -3029.93450000 -2269.28485000 -1155.54500000
v -3015.10450000 -2005.52485000 -1159.56500000
v -2974.34450000 -1555.43485000 1115.50500000
v -2935.72450000 -1674.45485000 1143.26500000
v -3034.04450000 -1429.08485000 1012.74500000
v -2985.50450000 -2018.29485000 1000.72500000
v -3005.55450000 -1392.21485000 972.13500000
v -3041.01450000 -1660.74485000 615.90500000
v -3058.89450000 -1943.62485000 458.15500000
v -2955.59450000 -2574.55485000 350.97500000
v -3050.66450000 -2097.69485000 311.11500000
v -3033.92450000 -2195.66485000 100.90500000
v -3073.41450000 -2167.15485000 -446.57500000
v -3076.75450000 -2087.16485000 -600.58500000
v -3055.77450000 -2042.93485000 -667.90500000
v -3052.13450000 -1989.36485000 -708.17500000
v -3006.62450000 -1932.39485000 -859.11500000
v -3017.53450000 -1898.46485000 -1055.45500000
v -2994.09450000 -1912.96485000 -1112.19500000
v -3004.85450000 -1944.53485000 -1135.43500000
v -2941.88450000 -2182.95485000 -1266.34500000
v -3004.58450000 -1408.87485000 1040.68500000
v -3009.74450000 -1435.97485000 1055.19500000
v -2993.42450000 -1388.08485000 1017.19500000
v -2984.07450000 -1384.45485000 951.83500000
v -2945.24450000 -2164.36485000 971.32500000
v -3012.09450000 -1411.75485000 890.89500000
v -2987.62450000 -2307.04485000 846.37500000
v -2984.32450000 -1424.29485000 864.22500000
v -2965.09450000 -2509.36485000 678.58500000
v -3034.63450000 -1847.46485000 553.07500000
v -3005.85450000 -1900.13485000 556.54500000
v -3043.49450000 -2023.57485000 405.67500000
v -3009.43450000 -2160.03485000 244.37500000
v -3029.18450000 -2217.98485000 -69.36500000
v -3036.33450000 -2218.55485000 -217.58500000
v -2998.28450000 -2208.09485000 -496.43500000
v -3006.61450000 -2221.44485000 -345.92500000
v -3018.18450000 -2115.69485000 -673.04500000
v -2983.08450000 -2606.99485000 -595.30500000
v -3000.74450000 -1915.32485000 -916.55500000
v -3003.00450000 -1898.99485000 -1023.88500000
v -2939.17450000 -2068.28485000 -1259.20500000
v -2935.33450000 -1785.67485000 1121.32500000
v -2951.04450000 -1358.90485000 1078.48500000
v -2920.08450000 -1882.35485000 1105.53500000
v -2939.71450000 -2386.28485000 835.63500000
v -2971.55450000 -1462.17485000 820.66500000
v -3001.41450000 -2475.68485000 688.81500000
v -3000.53450000 -1850.68485000 598.78500000
v -2954.30450000 -2538.15485000 597.78500000
v -3001.16450000 -1970.97485000 497.45500000
v -2995.23450000 -2053.31485000 418.17500000
v -2999.25450000 -2117.41485000 332.30500000
v -2914.32450000 -2586.22485000 164.78500000
v -2906.20450000 -2605.63485000 -258.86500000
v -2921.27450000 -2612.24485000 -421.37500000
v -3016.01450000 -2166.40485000 -584.67500000
v -3022.74450000 -1959.99485000 -789.94500000
v -2979.43450000 -2015.56485000 -814.59500000
v -2869.85450000 -2601.36485000 -1012.06500000
v -2930.56450000 -2490.09485000 -1180.70500000
v -2932.72450000 -1956.25485000 -1225.20500000
v -2909.63450000 -2006.23485000 -1273.82500000
v -2839.76450000 -2423.24485000 -1319.57500000
v -2955.04450000 -1429.55485000 1122.82500000
v -2972.34450000 -1397.29485000 1081.85500000
v -2947.83450000 -1354.52485000 1030.92500000
v -2930.21450000 -1373.13485000 954.99500000
v -2973.58450000 -1504.90485000 779.41500000
v -2964.50450000 -1673.64485000 704.58500000
v -2981.52450000 -1787.79485000 644.25500000
v -2961.21450000 -1857.06485000 627.14500000
v -2904.83450000 -2559.66485000 512.57500000
v -2961.02450000 -2136.45485000 319.33500000
v -2973.90450000 -2196.48485000 153.17500000
v -2969.05450000 -2218.26485000 -36.00500000
v -2969.71450000 -2228.37485000 -259.38500000
v -2950.31450000 -2198.23485000 -646.15500000
v -2979.46450000 -2078.46485000 -770.53500000
v -2902.95450000 -1929.68485000 -1025.91500000
v -2848.93450000 -2615.43485000 -930.19500000
v -2944.71450000 -1905.74485000 -1056.26500000
v -2836.53450000 -2588.91485000 -1122.82500000
v -2866.49450000 -2560.88485000 -1150.46500000
v -2885.47450000 -2523.06485000 -1191.80500000
v -2939.61450000 -1927.22485000 -1189.74500000
v -2885.22450000 -2299.97485000 -1310.79500000
v -2940.47450000 -1369.61485000 1114.01500000
v -2916.96450000 -1339.17485000 1131.68500000
v -2892.93450000 -2016.80485000 1079.92500000
v -2919.95450000 -1346.68485000 1010.29500000
v -2875.53450000 -2361.88485000 909.03500000
v -2921.67450000 -2471.43485000 760.67500000
v -2976.68450000 -1573.90485000 733.59500000
v -2946.97450000 -1916.03485000 582.38500000
v -2924.15450000 -1972.13485000 530.16500000
v -2952.13450000 -2095.06485000 382.79500000
v -2927.36450000 -2035.54485000 457.90500000
v -2947.02450000 -2160.06485000 254.05500000
v -2929.49450000 -2176.52485000 191.80500000
v -2925.62450000 -2192.40485000 71.01500000
v -2933.39450000 -2600.94485000 -143.95500000
v -2868.69450000 -2591.47485000 -3.63500000
v -2908.29450000 -2230.07485000 -255.90500000
v -2929.58450000 -2229.29485000 -479.12500000
v -2872.85450000 -2621.84485000 -624.66500000
v -2938.27450000 -2164.10485000 -742.80500000
v -2939.86450000 -2120.62485000 -796.00500000
v -2948.30450000 -1964.77485000 -905.75500000
v -2959.28450000 -1904.06485000 -1106.89500000
v -2914.30450000 -1911.14485000 -1187.89500000
v -2881.69450000 -1423.72485000 1208.35500000
v -2819.88450000 -1707.74485000 1238.08500000
v -2915.42450000 -1362.37485000 1153.49500000
v -2890.48450000 -1309.26485000 1119.61500000
v -2890.96450000 -1318.09485000 1066.73500000
v -2839.50450000 -2217.64485000 1035.56500000
v -2873.02450000 -2278.51485000 966.43500000
v -2912.86450000 -1388.56485000 931.74500000
v -2889.23450000 -1410.62485000 915.85500000
v -2867.44450000 -2421.22485000 853.78500000
v -2922.27450000 -1808.16485000 689.69500000
v -2886.34450000 -1859.06485000 662.33500000
v -2817.55450000 -2537.40485000 646.10500000
v -2854.50450000 -2569.01485000 440.49500000
v -2910.07450000 -2065.11485000 418.63500000
v -2894.57450000 -2082.62485000 361.67500000
v -2901.18450000 -2133.68485000 253.70500000
v -2894.43450000 -2203.61485000 -103.25500000
v -2852.37450000 -2235.04485000 -478.20500000
v -2846.13450000 -2619.55485000 -476.25500000
v -2897.99450000 -2068.35485000 -893.40500000
v -2892.76450000 -2613.63485000 -767.77500000
v -2787.91450000 -2492.18485000 -1328.02500000
v -2819.53450000 -2100.80485000 -1393.75500000
v -2836.44450000 -2230.64485000 -1377.12500000
v -2838.78450000 -1488.32485000 1250.84500000
v -2887.18450000 -1324.56485000 1169.77500000
v -2878.77450000 -1344.78485000 1197.98500000
v -2811.82450000 -2096.36485000 1110.83500000
v -2852.86450000 -1357.34485000 984.96500000
v -2831.28450000 -2495.46485000 764.40500000
v -2905.96450000 -1716.70485000 749.80500000
v -2870.09450000 -1775.20485000 746.20500000
v -2872.93450000 -1977.63485000 522.42500000
v -2897.45450000 -2149.97485000 157.95500000
v -2887.64450000 -2149.46485000 39.71500000
v -2878.78450000 -2171.23485000 -54.31500000
v -2854.56450000 -2216.80485000 -281.91500000
v -2904.74450000 -2220.72485000 -630.33500000
v -2823.91450000 -2233.95485000 -654.13500000
v -2880.77450000 -2202.53485000 -755.27500000
v -2855.42450000 -2179.90485000 -853.58500000
v -2860.55450000 -2135.24485000 -891.94500000
v -2906.84450000 -2001.51485000 -927.52500000
v -2896.90450000 -1905.62485000 -1164.05500000
v -2877.45450000 -1928.32485000 -1256.36500000
v -2842.96450000 -2032.55485000 -1354.02500000
v -2866.96450000 -1306.07485000 1197.06500000
v -2855.45450000 -1283.70485000 1184.43500000
v -2825.24450000 -1266.40485000 1118.31500000
v -2827.12450000 -1302.18485000 1058.57500000
v -2890.24450000 -1481.62485000 863.37500000
v -2894.26450000 -1597.81485000 806.23500000
v -2836.32450000 -2459.60485000 825.32500000
v -2846.03450000 -1809.78485000 726.18500000
v -2827.17450000 -1883.95485000 642.64500000
v -2818.79450000 -1922.69485000 577.27500000
v -2864.46450000 -2006.98485000 464.91500000
v -2873.18450000 -2083.90485000 311.93500000
v -2866.16450000 -2079.44485000 264.70500000
v -2854.17450000 -2020.71485000 174.36500000
v -2850.60450000 -1997.98485000 68.76500000
v -2820.37450000 -2584.20485000 137.13500000
v -2850.11450000 -2044.56485000 -38.93500000
v -2858.64450000 -2147.68485000 -116.80500000
v -2830.28450000 -2612.00485000 -350.69500000
v -2839.68450000 -1970.70485000 -1049.99500000
v -2835.07450000 -1969.75485000 -1334.09500000
v -2841.60450000 -1284.97485000 1219.01500000
v -2795.25450000 -1310.79485000 1279.10500000
v -2827.01450000 -1592.44485000 1251.38500000
v -2820.54450000 -1246.44485000 1212.75500000
v -2808.02450000 -1237.55485000 1178.82500000
v -2796.69450000 -1914.44485000 1190.53500000
v -2787.05450000 -2270.16485000 1038.51500000
v -2778.19450000 -2330.44485000 997.85500000
v -2823.96450000 -1416.03485000 943.56500000
v -2831.92450000 -1646.89485000 843.95500000
v -2841.04450000 -1726.56485000 794.01500000
v -2813.58450000 -2557.90485000 517.24500000
v -2825.45450000 -1953.26485000 521.64500000
v -2844.37450000 -2009.48485000 429.42500000
v -2836.32450000 -2009.59485000 375.03500000
v -2816.87450000 -1942.10485000 302.63500000
v -2804.10450000 -1861.50485000 238.02500000
v -2811.15450000 -1849.37485000 132.08500000
v -2818.78450000 -1879.45485000 16.56500000
v -2818.88450000 -1919.72485000 -69.81500000
v -2832.57450000 -2014.25485000 -97.61500000
v -2831.07450000 -2072.03485000 -154.32500000
v -2836.24450000 -2165.92485000 -221.75500000
v -2816.03450000 -2598.56485000 -185.00500000
v -2824.12450000 -2225.89485000 -404.25500000
v -2786.46450000 -2625.56485000 -618.78500000
v -2840.41450000 -1910.05485000 -1257.13500000
v -2800.23450000 -1244.44485000 1244.06500000
v -2766.48450000 -1195.90485000 1243.66500000
v -2785.85450000 -2387.42485000 941.65500000
v -2790.33450000 -1424.54485000 958.36500000
v -2789.12450000 -1765.40485000 787.81500000
v -2810.33450000 -1954.77485000 472.56500000
v -2815.70450000 -1969.31485000 -134.78500000
v -2795.61450000 -2005.19485000 -213.55500000
v -2802.74450000 -2121.47485000 -265.24500000
v -2804.82450000 -2169.87485000 -305.68500000
v -2803.87450000 -2194.69485000 -349.56500000
v -2761.32450000 -2194.28485000 -447.44500000
v -2814.75450000 -2223.96485000 -774.44500000
v -2791.41450000 -2204.38485000 -885.60500000
v -2830.04450000 -2031.48485000 -1011.86500000
v -2782.13450000 -1935.40485000 -1178.19500000
v -2828.51450000 -1911.59485000 -1202.35500000
v -2762.06450000 -2578.86485000 -1237.53500000
v -2818.38450000 -1927.59485000 -1317.26500000
v -2714.09450000 -2464.72485000 -1428.38500000
v -2768.02450000 -2178.99485000 -1456.62500000
v -2777.35450000 -2254.02485000 -1440.37500000
v -2736.69450000 -2330.66485000 -1464.61500000
v -2717.31450000 -1365.13485000 1364.51500000
v -2664.78450000 -1748.14485000 1338.26500000
v -2696.79450000 -2038.34485000 1216.02500000
v -2775.11450000 -1222.84485000 1160.61500000
v -2733.06450000 -1210.49485000 1153.66500000
v -2796.14450000 -1374.45485000 988.40500000
v -2787.37450000 -1521.34485000 925.07500000
v -2783.18450000 -1698.93485000 846.81500000
v -2729.25450000 -2499.08485000 785.89500000
v -2789.80450000 -1820.17485000 724.80500000
v -2791.81450000 -1922.39485000 539.22500000
v -2795.65450000 -2567.43485000 344.07500000
v -2753.09450000 -1798.24485000 359.70500000
v -2778.39450000 -1786.87485000 224.91500000
v -2767.89450000 -1740.65485000 165.35500000
v -2786.48450000 -1777.96485000 45.02500000
v -2790.05450000 -1818.98485000 -62.48500000
v -2792.13450000 -1899.70485000 -148.67500000
v -2784.27450000 -2158.04485000 -340.99500000
v -2746.72450000 -2614.55485000 -475.14500000
v -2771.37450000 -2626.76485000 -793.96500000
v -2746.77450000 -2166.13485000 -1008.57500000
v -2739.75450000 -2602.29485000 -1178.92500000
v -2742.63450000 -2624.61485000 -1016.63500000
v -2795.80450000 -1905.51485000 -1286.01500000
v -2763.89450000 -1911.43485000 -1352.55500000
v -2753.26450000 -1947.42485000 -1406.15500000
v -2696.93450000 -2504.12485000 -1411.96500000
v -2738.93450000 -2028.18485000 -1461.05500000
v -2721.05450000 -1218.92485000 1339.48500000
v -2745.58450000 -1208.68485000 1293.99500000
v -2738.60450000 -1171.24485000 1227.49500000
v -2741.64450000 -2210.07485000 1100.56500000
v -2749.16450000 -1315.66485000 1055.19500000
v -2776.94450000 -1394.75485000 983.00500000
v -2771.01450000 -1608.45485000 907.53500000
v -2779.18450000 -1652.57485000 878.48500000
v -2752.11450000 -2430.86485000 901.77500000
v -2698.27450000 -2514.43485000 726.12500000
v -2726.17450000 -1825.41485000 705.99500000
v -2759.77450000 -1869.25485000 635.08500000
v -2751.68450000 -1879.77485000 587.24500000
v -2759.44450000 -1890.28485000 517.98500000
v -2784.21450000 -1907.27485000 420.23500000
v -2744.56450000 -1709.28485000 83.47500000
v -2753.13450000 -1754.60485000 -72.89500000
v -2770.35450000 -2581.04485000 75.69500000
v -2762.08450000 -1826.42485000 -165.17500000
v -2749.99450000 -1938.58485000 -271.01500000
v -2756.19450000 -2602.46485000 -309.65500000
v -2756.54450000 -2086.27485000 -345.68500000
v -2764.69450000 -2155.41485000 -387.86500000
v -2742.11450000 -2218.02485000 -559.29500000
v -2761.13450000 -2080.44485000 -1061.51500000
v -2769.72450000 -2008.28485000 -1106.00500000
v -2724.63450000 -1973.05485000 -1197.06500000
v -2730.84450000 -1903.79485000 -1341.44500000
v -2755.15450000 -2536.76485000 -1306.14500000
v -2685.81450000 -2412.32485000 -1485.00500000
v -2740.72450000 -2111.29485000 -1480.06500000
v -2705.62450000 -1265.97485000 1363.65500000
v -2743.78450000 -1506.77485000 1330.02500000
v -2636.76450000 -1542.02485000 1404.06500000
v -2728.19450000 -1178.39485000 1201.17500000
v -2701.05450000 -2135.09485000 1165.69500000
v -2707.17450000 -1244.07485000 1117.61500000
v -2726.56450000 -1645.77485000 910.61500000
v -2663.83450000 -2452.58485000 886.79500000
v -2729.50450000 -1714.07485000 852.41500000
v -2715.09450000 -2537.10485000 586.62500000
v -2724.89450000 -1821.18485000 494.01500000
v -2737.07450000 -1722.82485000 282.65500000
v -2723.44450000 -1690.52485000 214.54500000
v -2722.64450000 -1715.65485000 -37.73500000
v -2718.22450000 -1739.27485000 -131.24500000
v -2722.51450000 -1783.68485000 -198.08500000
v -2736.35450000 -1845.30485000 -232.72500000
v -2722.99450000 -2134.38485000 -451.47500000
v -2734.38450000 -2234.05485000 -693.57500000
v -2707.30450000 -2623.26485000 -658.55500000
v -2727.58450000 -2234.06485000 -816.41500000
v -2729.76450000 -2222.61485000 -901.93500000
v -2675.94450000 -2625.66485000 -1139.24500000
v -2731.39450000 -1919.63485000 -1280.89500000
v -2721.36450000 -1903.37485000 -1386.20500000
v -2695.02450000 -1915.38485000 -1449.10500000
v -2684.49450000 -1152.49485000 1349.42500000
v -2703.19450000 -1144.29485000 1304.52500000
v -2697.17450000 -1132.01485000 1277.66500000
v -2664.51450000 -1111.22485000 1259.24500000
v -2694.96450000 -2276.26485000 1084.90500000
v -2659.59450000 -1276.55485000 1108.34500000
v -2681.30450000 -2350.27485000 1023.37500000
v -2718.15450000 -1572.05485000 955.24500000
v -2701.09450000 -1760.75485000 797.31500000
v -2716.84450000 -1840.76485000 568.43500000
v -2669.55450000 -1732.18485000 538.63500000
v -2704.78450000 -1714.12485000 393.13500000
v -2716.50450000 -1681.16485000 153.46500000
v -2716.78450000 -1693.93485000 78.17500000
v -2715.99450000 -2584.08485000 -152.44500000
v -2698.61450000 -1870.30485000 -309.91500000
v -2696.44450000 -1998.48485000 -398.72500000
v -2713.45450000 -2174.98485000 -518.64500000
v -2669.31450000 -2188.83485000 -619.67500000
v -2688.35450000 -1900.98485000 -1431.08500000
v -2676.83450000 -1950.31485000 -1497.11500000
v -2593.90450000 -2302.64485000 -1624.40500000
v -2673.44450000 -2112.42485000 -1553.86500000
v -2654.34450000 -2217.80485000 -1575.79500000
v -2656.20450000 -1178.07485000 1393.42500000
v -2671.72450000 -1106.75485000 1310.37500000
v -2591.20450000 -1918.99485000 1327.22500000
v -2625.48450000 -2106.71485000 1229.46500000
v -2721.01450000 -1401.22485000 1020.05500000
v -2685.18450000 -1601.19485000 959.13500000
v -2669.32450000 -1679.38485000 895.26500000
v -2699.54450000 -1822.88485000 641.63500000
v -2689.53450000 -1797.13485000 580.79500000
v -2687.83450000 -1673.11485000 345.42500000
v -2667.74450000 -1679.76485000 454.91500000
v -2683.72450000 -1664.16485000 252.81500000
v -2681.99450000 -2550.07485000 304.80500000
v -2697.84450000 -1679.88485000 140.13500000
v -2700.19450000 -1699.36485000 38.19500000
v -2691.34450000 -1719.06485000 -54.12500000
v -2699.82450000 -1732.20485000 -120.67500000
v -2690.64450000 -1755.76485000 -192.15500000
v -2677.59450000 -1793.94485000 -264.80500000
v -2652.55450000 -1834.01485000 -335.57500000
v -2686.15450000 -2596.33485000 -382.76500000
v -2660.44450000 -2086.58485000 -525.67500000
v -2637.55450000 -2220.66485000 -753.00500000
v -2667.75450000 -2633.95485000 -804.58500000
v -2658.89450000 -2201.00485000 -1045.44500000
v -2661.05450000 -2128.40485000 -1153.05500000
v -2694.19450000 -2027.45485000 -1189.77500000
v -2670.18450000 -1941.14485000 -1306.05500000
v -2685.06450000 -2570.13485000 -1308.13500000
v -2686.98450000 -1897.54485000 -1412.25500000
v -2587.82450000 -1202.66485000 1459.54500000
v -2605.11450000 -1357.14485000 1444.21500000
v -2518.33450000 -1618.23485000 1466.32500000
v -2659.09450000 -1106.05485000 1341.34500000
v -2642.91450000 -1079.18485000 1320.53500000
v -2647.95450000 -1127.89485000 1223.70500000
v -2606.66450000 -1148.83485000 1196.78500000
v -2621.87450000 -1217.23485000 1151.31500000
v -2686.74450000 -1327.70485000 1072.71500000
v -2683.54450000 -1501.74485000 1003.57500000
v -2631.12450000 -2507.14485000 713.04500000
v -2673.33450000 -2537.39485000 488.25500000
v -2629.31450000 -1636.94485000 475.76500000
v -2663.57450000 -1667.20485000 219.50500000
v -2697.05450000 -2566.83485000 49.21500000
v -2673.96450000 -1691.02485000 125.69500000
v -2675.38450000 -1712.37485000 39.19500000
v -2665.27450000 -1769.45485000 -237.99500000
v -2642.32450000 -1895.86485000 -394.53500000
v -2651.24450000 -2608.62485000 -579.69500000
v -2602.15450000 -2192.10485000 -729.61500000
v -2687.80450000 -2635.48485000 -922.81500000
v -2637.62450000 -2225.62485000 -968.47500000
v -2666.06450000 -2634.81485000 -1024.92500000
v -2603.13450000 -2163.34485000 -1172.77500000
v -2638.15450000 -2073.22485000 -1225.56500000
v -2632.20450000 -2602.19485000 -1237.04500000
v -2647.27450000 -1895.88485000 -1430.03500000
v -2652.53450000 -2526.92485000 -1408.57500000
v -2640.61450000 -1902.97485000 -1501.68500000
v -2653.24450000 -1919.98485000 -1504.20500000
v -2602.76450000 -2006.04485000 -1606.82500000
v -2625.22450000 -1095.23485000 1394.61500000
v -2558.44450000 -2034.97485000 1302.56500000
v -2621.58450000 -2177.77485000 1189.38500000
v -2639.38450000 -1429.53485000 1056.67500000
v -2647.50450000 -1559.40485000 993.98500000
v -2606.37450000 -2390.23485000 996.55500000
v -2642.18450000 -1610.70485000 959.72500000
v -2613.78450000 -1690.03485000 879.84500000
v -2627.14450000 -1736.62485000 798.65500000
v -2656.10450000 -1771.12485000 722.23500000
v -2664.88450000 -1771.82485000 635.94500000
v -2627.19450000 -1661.09485000 548.21500000
v -2638.75450000 -1641.36485000 381.63500000
v -2628.87450000 -1646.24485000 331.69500000
v -2656.42450000 -2548.01485000 132.65500000
v -2662.29450000 -2563.33485000 -100.39500000
v -2670.41450000 -1750.78485000 -159.35500000
v -2656.36450000 -2576.52485000 -281.65500000
v -2644.58450000 -1799.31485000 -293.63500000
v -2640.34450000 -1976.34485000 -460.47500000
v -2621.11450000 -2140.71485000 -640.79500000
v -2606.28450000 -2090.91485000 -611.76500000
v -2633.10450000 -2231.36485000 -868.53500000
v -2630.28450000 -1909.51485000 -1405.64500000
v -2605.92450000 -1890.98485000 -1504.96500000
v -2612.02450000 -1053.01485000 1375.24500000
v -2476.19450000 -1772.78485000 1442.78500000
v -2596.66450000 -1030.79485000 1321.00500000
v -2581.41450000 -1036.51485000 1290.42500000
v -2578.94450000 -1251.51485000 1150.48500000
v -2624.69450000 -1348.61485000 1095.70500000
v -2589.14450000 -2470.84485000 824.84500000
v -2636.26450000 -1731.02485000 658.47500000
v -2601.63450000 -1677.30485000 657.99500000
v -2599.89450000 -2505.35485000 641.76500000
v -2564.67450000 -1609.68485000 635.06500000
v -2596.30450000 -1617.44485000 477.96500000
v -2624.86450000 -2523.48485000 362.32500000
v -2617.87450000 -1657.93485000 303.38500000
v -2631.33450000 -1685.89485000 226.12500000
v -2644.63450000 -1723.31485000 114.05500000
v -2654.87450000 -1743.24485000 -33.46500000
v -2636.18450000 -2542.10485000 -52.40500000
v -2635.32450000 -1787.87485000 -252.56500000
v -2612.20450000 -1836.03485000 -356.15500000
v -2624.09450000 -1856.76485000 -373.50500000
v -2599.55450000 -1939.99485000 -473.48500000
v -2604.15450000 -2024.18485000 -544.16500000
v -2627.26450000 -2627.31485000 -761.31500000
v -2611.19450000 -2627.94485000 -1077.30500000
v -2581.48450000 -2549.37485000 -1376.57500000
v -2635.94450000 -2468.26485000 -1486.83500000
v -2603.11450000 -1927.21485000 -1567.08500000
v -2573.15450000 -2385.02485000 -1601.36500000
v -2579.99450000 -1031.59485000 1416.33500000
v -2560.83450000 -1061.81485000 1448.37500000
v -2576.29450000 -1006.79485000 1393.10500000
v -2597.10450000 -1027.57485000 1357.28500000
v -2574.30450000 -2262.32485000 1149.60500000
v -2566.08450000 -2328.38485000 1086.30500000
v -2604.28450000 -1493.49485000 1043.16500000
v -2554.70450000 -1543.98485000 1020.53500000
v -2602.84450000 -1627.14485000 944.70500000
v -2583.86450000 -1697.67485000 835.51500000
v -2565.22450000 -1662.70485000 892.12500000
v -2602.80450000 -1711.91485000 750.41500000
v -2573.75450000 -1605.85485000 549.86500000
v -2589.55450000 -2503.38485000 524.85500000
v -2572.50450000 -1616.71485000 464.51500000
v -2630.91450000 -2520.54485000 223.62500000
v -2616.24450000 -2480.56485000 110.04500000
v -2607.82450000 -2453.84485000 259.30500000
v -2631.69450000 -2521.79485000 76.10500000
v -2636.03450000 -1761.56485000 44.38500000
v -2627.57450000 -1789.78485000 -57.44500000
v -2619.35450000 -2512.77485000 -19.12500000
v -2632.41450000 -1781.24485000 -156.39500000
v -2617.67450000 -2553.59485000 -260.74500000
v -2610.97450000 -1819.70485000 -314.19500000
v -2597.80450000 -2577.65485000 -496.75500000
v -2587.39450000 -1891.43485000 -423.91500000
v -2576.94450000 -2128.64485000 -691.25500000
v -2555.60450000 -2209.51485000 -835.14500000
v -2637.91450000 -2633.34485000 -916.88500000
v -2564.72450000 -2212.20485000 -1093.51500000
v -2623.97450000 -2001.51485000 -1301.26500000
v -2548.28450000 -1886.53485000 -1526.84500000
v -2574.84450000 -2497.64485000 -1479.75500000
v -2584.00450000 -1897.70485000 -1558.75500000
v -2521.68450000 -1931.49485000 -1672.92500000
v -2539.76450000 -2208.75485000 -1706.38500000
v -2443.42450000 -1186.42485000 1560.08500000
v -2453.22450000 -1052.08485000 1536.99500000
v -2458.75450000 -1466.57485000 1531.74500000
v -2541.86450000 -967.09485000 1381.84500000
v -2517.01450000 -2100.70485000 1290.57500000
v -2543.01450000 -1034.32485000 1271.82500000
v -2474.51450000 -1013.31485000 1273.46500000
v -2548.29450000 -1174.67485000 1191.39500000
v -2558.10450000 -1416.22485000 1100.82500000
v -2536.14450000 -1607.22485000 945.74500000
v -2558.90450000 -1674.15485000 817.50500000
v -2558.94450000 -1647.49485000 755.55500000
v -2538.65450000 -2472.71485000 769.20500000
v -2561.10450000 -1629.66485000 702.60500000
v -2533.51450000 -1582.15485000 621.49500000
v -2547.13450000 -1593.93485000 557.73500000
v -2601.05450000 -2481.43485000 352.55500000
v -2572.59450000 -1640.66485000 405.37500000
v -2574.08450000 -1677.27485000 343.54500000
v -2604.92450000 -1721.35485000 229.71500000
v -2611.70450000 -1808.95485000 143.68500000
v -2619.42450000 -1825.47485000 44.01500000
v -2604.49450000 -1909.36485000 73.83500000
v -2607.87450000 -1877.87485000 -21.15500000
v -2586.08450000 -1860.98485000 -170.83500000
v -2607.78450000 -2522.03485000 -157.90500000
v -2606.68450000 -1814.79485000 -170.59500000
v -2589.13450000 -2529.39485000 -286.38500000
v -2589.20450000 -1836.45485000 -270.53500000
v -2571.06450000 -1861.98485000 -369.34500000
v -2577.29450000 -1872.95485000 -398.28500000
v -2558.06450000 -1941.08485000 -498.80500000
v -2546.18450000 -2006.80485000 -585.09500000
v -2559.79450000 -2071.22485000 -646.56500000
v -2544.25450000 -2219.87485000 -907.65500000
v -2573.78450000 -2622.52485000 -908.54500000
v -2528.27450000 -2189.33485000 -1184.04500000
v -2556.25450000 -2117.63485000 -1280.39500000
v -2553.39450000 -2603.45485000 -1177.56500000
v -2564.81450000 -1943.09485000 -1422.01500000
v -2496.77450000 -1905.78485000 -1533.63500000
v -2526.62450000 -1875.88485000 -1578.83500000
v -2534.83450000 -2418.34485000 -1592.00500000
v -2512.27450000 -2310.69485000 -1694.65500000
v -2516.22450000 -2082.14485000 -1722.89500000
v -2535.16450000 -977.44485000 1423.70500000
v -2512.98450000 -947.10485000 1353.75500000
v -2439.78450000 -1983.42485000 1389.46500000
v -2484.35450000 -2046.43485000 1336.30500000
v -2469.79450000 -925.73485000 1340.55500000
v -2504.06450000 -2174.76485000 1245.03500000
v -2468.59450000 -2383.40485000 1009.72500000
v -2535.76450000 -1639.99485000 880.36500000
v -2503.95450000 -2452.65485000 838.39500000
v -2523.90450000 -1599.64485000 756.85500000
v -2570.05450000 -2478.66485000 478.86500000
v -2587.19450000 -2401.75485000 330.74500000
v -2594.30450000 -2381.60485000 272.77500000
v -2581.01450000 -2255.94485000 291.06500000
v -2569.01450000 -1721.99485000 307.98500000
v -2585.38450000 -1772.41485000 246.62500000
v -2597.92450000 -2297.71485000 188.30500000
v -2583.74450000 -2078.51485000 238.21500000
v -2596.41450000 -2046.91485000 149.15500000
v -2579.58450000 -1902.71485000 246.58500000
v -2595.55450000 -2264.57485000 81.86500000
v -2599.20450000 -2395.99485000 46.70500000
v -2594.62450000 -2111.14485000 58.93500000
v -2591.26450000 -1992.70485000 -15.20500000
v -2580.27450000 -2146.26485000 -37.03500000
v -2581.22450000 -2271.27485000 -31.68500000
v -2595.65450000 -2471.69485000 -76.28500000
v -2582.88450000 -2375.65485000 -54.65500000
v -2577.12450000 -1938.58485000 -127.47500000
v -2533.69450000 -1955.61485000 -266.86500000
v -2571.80450000 -2499.80485000 -274.84500000
v -2538.37450000 -1913.49485000 -451.68500000
v -2570.06450000 -2533.52485000 -395.52500000
v -2540.05450000 -1936.42485000 -494.88500000
v -2495.56450000 -2094.00485000 -740.86500000
v -2563.64450000 -2601.16485000 -728.29500000
v -2540.44450000 -2120.20485000 -724.72500000
v -2526.39450000 -2158.29485000 -789.79500000
v -2525.05450000 -2217.94485000 -1029.41500000
v -2520.36450000 -2603.59485000 -1039.13500000
v -2568.02450000 -2050.44485000 -1326.27500000
v -2511.16450000 -2562.55485000 -1288.59500000
v -2521.86450000 -2504.26485000 -1473.45500000
v -2530.76450000 -1879.70485000 -1599.80500000
v -2530.66450000 -1898.96485000 -1631.65500000
v -2520.40450000 -2371.47485000 -1648.75500000
v -2515.85450000 -2351.29485000 -1664.85500000
v -2446.55450000 -1105.54485000 1548.61500000
v -2482.01450000 -1341.42485000 1528.49500000
v -2375.91450000 -1543.79485000 1563.76500000
v -2495.49450000 -964.90485000 1469.00500000
v -2476.46450000 -904.29485000 1432.36500000
v -2451.03450000 -880.76485000 1411.01500000
v -2493.15450000 -1092.54485000 1236.69500000
v -2488.26450000 -2286.13485000 1158.10500000
v -2484.98450000 -1229.74485000 1198.12500000
v -2515.90450000 -1317.84485000 1155.70500000
v -2474.28450000 -2325.11485000 1107.46500000
v -2538.67450000 -1468.23485000 1078.83500000
v -2501.88450000 -1596.51485000 923.87500000
v -2443.73450000 -2415.81485000 918.88500000
v -2520.40450000 -1614.80485000 824.96500000
v -2456.70450000 -2438.91485000 745.80500000
v -2493.11450000 -1559.15485000 669.48500000
v -2503.77450000 -2448.92485000 613.39500000
v -2523.96450000 -1610.62485000 513.80500000
v -2557.99450000 -2417.14485000 440.76500000
v -2551.16450000 -2254.81485000 395.04500000
v -2566.22450000 -2056.42485000 308.86500000
v -2555.96450000 -1788.63485000 316.89500000
v -2552.81450000 -1911.96485000 327.76500000
v -2553.58450000 -2100.99485000 -149.88500000
v -2555.58450000 -2269.62485000 -139.73500000
v -2563.79450000 -2350.44485000 -131.02500000
v -2542.46450000 -2007.11485000 -212.67500000
v -2553.40450000 -2424.54485000 -225.82500000
v -2523.35450000 -1923.38485000 -350.23500000
v -2540.22450000 -1894.01485000 -375.56500000
v -2514.64450000 -1979.01485000 -568.10500000
v -2528.44450000 -2541.99485000 -561.60500000
v -2524.01450000 -2570.07485000 -666.24500000
v -2505.49450000 -2603.07485000 -937.67500000
v -2482.10450000 -2205.63485000 -1152.40500000
v -2478.75450000 -1893.74485000 -1698.41500000
v -2476.16450000 -1958.96485000 -1740.52500000
v -2351.14450000 -1213.66485000 1618.96500000
v -2426.99450000 -964.53485000 1529.24500000
v -2357.36450000 -1682.20485000 1535.50500000
v -2472.56450000 -920.16485000 1460.13500000
v -2431.24450000 -1883.31485000 1431.48500000
v -2440.27450000 -2225.65485000 1225.22500000
v -2506.63450000 -1434.06485000 1109.24500000
v -2470.81450000 -1387.65485000 1138.90500000
v -2493.88450000 -1587.34485000 884.65500000
v -2469.13450000 -1549.08485000 848.77500000
v -2494.63450000 -1560.73485000 728.23500000
v -2486.10450000 -1573.12485000 621.90500000
v -2519.14450000 -2426.69485000 539.31500000
v -2505.47450000 -1645.99485000 487.98500000
v -2509.45450000 -2352.79485000 511.69500000
v -2532.24450000 -2058.85485000 396.63500000
v -2500.83450000 -2216.91485000 486.35500000
v -2518.26450000 -1723.99485000 411.79500000
v -2509.75450000 -1871.18485000 415.79500000
v -2533.10450000 -2230.32485000 -206.10500000
v -2511.68450000 -2298.80485000 -282.21500000
v -2536.68450000 -2347.57485000 -230.00500000
v -2528.34450000 -2483.09485000 -424.40500000
v -2523.81450000 -1915.37485000 -430.24500000
v -2500.27450000 -1964.51485000 -538.95500000
v -2488.46450000 -2034.23485000 -661.34500000
v -2493.16450000 -2592.50485000 -873.06500000
v -2458.31450000 -2152.43485000 -860.32500000
v -2476.68450000 -2185.58485000 -902.39500000
v -2467.34450000 -2570.62485000 -1162.54500000
v -2477.79450000 -2156.77485000 -1285.29500000
v -2472.89450000 -2055.64485000 -1420.10500000
v -2505.38450000 -1997.46485000 -1432.96500000
v -2466.62450000 -2507.94485000 -1419.70500000
v -2497.78450000 -2447.24485000 -1559.97500000
v -2486.56450000 -1868.29485000 -1635.05500000
v -2480.31450000 -1875.70485000 -1666.60500000
v -2460.66450000 -1905.33485000 -1731.02500000
v -2484.94450000 -2236.90485000 -1750.36500000
v -2422.01450000 -2116.46485000 -1828.76500000
v -2419.12450000 -905.35485000 1506.64500000
v -2426.62450000 -879.91485000 1478.39500000
v -2409.83450000 -855.91485000 1386.52500000
v -2468.46450000 -1159.34485000 1224.68500000
v -2477.58450000 -1465.07485000 1081.67500000
v -2473.71450000 -1522.82485000 1010.88500000
v -2467.39450000 -1543.87485000 932.55500000
v -2462.82450000 -1536.21485000 741.19500000
v -2434.57450000 -1525.39485000 745.62500000
v -2461.59450000 -1597.26485000 601.77500000
v -2458.24450000 -2070.58485000 519.59500000
v -2493.07450000 -2069.20485000 -335.99500000
v -2501.16450000 -2179.61485000 -299.63500000
v -2470.77450000 -2233.33485000 -386.51500000
v -2506.47450000 -2393.01485000 -373.76500000
v -2506.11450000 -1935.52485000 -427.63500000
v -2492.12450000 -1957.73485000 -495.07500000
v -2499.29450000 -2509.83485000 -566.56500000
v -2471.27450000 -2004.40485000 -611.14500000
v -2446.03450000 -2083.63485000 -760.93500000
v -2475.44450000 -2529.44485000 -675.71500000
v -2479.89450000 -2567.08485000 -782.63500000
v -2444.98450000 -2200.29485000 -1005.35500000
v -2436.86450000 -2207.39485000 -1093.75500000
v -2463.15450000 -2209.70485000 -1118.91500000
v -2413.06450000 -2105.65485000 -1413.50500000
v -2441.39450000 -1952.71485000 -1538.78500000
v -2465.81450000 -2466.02485000 -1515.93500000
v -2457.68450000 -1865.65485000 -1640.72500000
v -2432.59450000 -2365.25485000 -1664.49500000
v -2471.51450000 -2330.59485000 -1696.36500000
v -2457.75450000 -2272.44485000 -1749.90500000
v -2340.85450000 -1318.08485000 1618.16500000
v -2409.36450000 -851.12485000 1457.76500000
v -2431.53450000 -2055.44485000 1355.05500000
v -2431.44450000 -931.73485000 1320.78500000
v -2367.14450000 -932.41485000 1312.72500000
v -2416.23450000 -1015.63485000 1276.63500000
v -2442.16450000 -1278.97485000 1198.54500000
v -2443.15450000 -1326.55485000 1176.48500000
v -2424.04450000 -1462.16485000 1063.66500000
v -2426.23450000 -2420.55485000 869.20500000
v -2421.04450000 -1498.60485000 824.94500000
v -2433.66450000 -2408.68485000 698.97500000
v -2464.08450000 -2305.69485000 568.64500000
v -2435.62450000 -1682.92485000 557.11500000
v -2443.79450000 -2233.88485000 573.10500000
v -2435.46450000 -1774.58485000 529.74500000
v -2444.02450000 -1900.44485000 518.77500000
v -2469.49450000 -2315.26485000 -427.03500000
v -2469.76450000 -2011.20485000 -443.02500000
v -2452.84450000 -2166.27485000 -436.24500000
v -2481.14450000 -2468.76485000 -551.09500000
v -2467.86450000 -1989.91485000 -565.01500000
v -2443.52450000 -2051.23485000 -699.39500000
v -2423.10450000 -2126.49485000 -848.34500000
v -2396.16450000 -2506.55485000 -1334.01500000
v -2374.04450000 -1915.52485000 -1633.35500000
v -2429.35450000 -1879.11485000 -1629.42500000
v -2380.77450000 -2390.39485000 -1606.15500000
v -2439.63450000 -1860.54485000 -1690.07500000
v -2432.47450000 -1871.76485000 -1732.13500000
v -2425.89450000 -2226.72485000 -1798.54500000
v -2411.04450000 -2177.09485000 -1827.07500000
v -2363.24450000 -847.88485000 1363.06500000
v -2383.96450000 -2132.16485000 1312.72500000
v -2400.47450000 -1109.80485000 1260.68500000
v -2405.64450000 -2272.88485000 1185.98500000
v -2404.90450000 -1210.94485000 1230.43500000
v -2420.80450000 -1358.33485000 1164.48500000
v -2406.77450000 -1387.41485000 1135.51500000
v -2396.39450000 -1453.45485000 1013.22500000
v -2359.15450000 -2363.63485000 1027.95500000
v -2404.05450000 -1470.41485000 926.56500000
v -2400.19450000 -1532.00485000 738.39500000
v -2433.97450000 -1569.06485000 667.13500000
v -2460.56450000 -2375.74485000 613.85500000
v -2430.89450000 -1630.24485000 603.10500000
v -2429.88450000 -2108.97485000 -519.02500000
v -2486.15450000 -1966.46485000 -457.62500000
v -2446.88450000 -2407.13485000 -572.04500000
v -2459.76450000 -2000.90485000 -533.04500000
v -2436.46450000 -2031.97485000 -624.58500000
v -2443.49450000 -2034.28485000 -655.03500000
v -2414.91450000 -2088.58485000 -774.15500000
v -2398.01450000 -2116.05485000 -828.18500000
v -2412.00450000 -2550.76485000 -970.76500000
v -2462.15450000 -2575.95485000 -1033.72500000
v -2380.46450000 -2196.39485000 -1184.85500000
v -2393.23450000 -2179.95485000 -1267.91500000
v -2403.04450000 -2008.48485000 -1527.17500000
v -2397.38450000 -2444.92485000 -1513.54500000
v -2398.56450000 -1887.02485000 -1797.29500000
v -2383.84450000 -2243.69485000 -1797.19500000
v -2377.31450000 -2007.33485000 -1872.84500000
v -2295.58450000 -1019.21485000 1632.61500000
v -2261.02450000 -888.82485000 1619.34500000
v -2357.85450000 -832.88485000 1512.53500000
v -2317.47450000 -1828.08485000 1506.92500000
v -2342.31450000 -787.51485000 1438.74500000
v -2335.44450000 -861.50485000 1345.78500000
v -2392.49450000 -1301.67485000 1193.19500000
v -2342.50450000 -2290.80485000 1163.12500000
v -2327.51450000 -2362.97485000 995.90500000
v -2362.13450000 -1468.78485000 839.01500000
v -2328.00450000 -1411.14485000 915.37500000
v -2382.05450000 -1499.72485000 790.25500000
v -2417.00450000 -2309.70485000 637.35500000
v -2375.89450000 -2210.96485000 654.11500000
v -2369.70450000 -2070.41485000 630.88500000
v -2379.34450000 -1868.46485000 598.54500000
v -2389.84450000 -1973.04485000 592.82500000
v -2432.16450000 -2259.18485000 -512.98500000
v -2423.23450000 -2347.60485000 -591.95500000
v -2427.85450000 -2482.92485000 -716.09500000
v -2424.15450000 -2058.33485000 -689.87500000
v -2404.07450000 -2085.30485000 -746.05500000
v -2421.95450000 -2526.57485000 -830.85500000
v -2374.34450000 -2146.79485000 -909.37500000
v -2404.01450000 -2167.40485000 -948.13500000
v -2381.33450000 -2050.43485000 -1505.41500000
v -2385.83450000 -1853.97485000 -1697.00500000
v -2388.14450000 -1846.20485000 -1720.05500000
v -2383.08450000 -1843.56485000 -1754.09500000
v -2372.32450000 -2284.81485000 -1751.78500000
v -2375.57450000 -1847.82485000 -1784.80500000
v -2404.71450000 -1957.47485000 -1824.60500000
v -2368.26450000 -2184.89485000 -1845.95500000
v -2340.09450000 -2103.97485000 -1897.97500000
v -2313.48450000 -1421.69485000 1618.97500000
v -2314.82450000 -845.87485000 1560.89500000
v -2373.67450000 -1908.55485000 1451.53500000
v -2346.38450000 -797.34485000 1480.99500000
v -2356.80450000 -2026.70485000 1399.47500000
v -2328.81450000 -999.11485000 1302.26500000
v -2364.39450000 -1055.87485000 1282.83500000
v -2361.22450000 -1387.72485000 1103.15500000
v -2350.50450000 -1417.59485000 934.92500000
v -2394.00450000 -2353.57485000 702.06500000
v -2405.23450000 -1583.61485000 676.93500000
v -2359.26450000 -1641.24485000 684.75500000
v -2346.70450000 -1760.28485000 650.00500000
v -2366.35450000 -1812.18485000 616.31500000
v -2417.13450000 -2075.10485000 -605.23500000
v -2397.36450000 -2219.90485000 -619.47500000
v -2397.37450000 -2322.09485000 -661.38500000
v -2384.77450000 -2414.19485000 -762.76500000
v -2387.39450000 -2109.81485000 -803.50500000
v -2361.02450000 -2190.68485000 -1075.69500000
v -2380.91450000 -2521.42485000 -1188.96500000
v -2369.33450000 -2145.77485000 -1367.37500000
v -2376.59450000 -2460.23485000 -1455.50500000
v -2330.29450000 -1821.95485000 -1809.86500000
v -2331.39450000 -1835.05485000 -1842.84500000
v -2338.03450000 -1883.21485000 -1876.16500000
v -2305.07450000 -766.67485000 1512.01500000
v -2310.30450000 -1944.46485000 1460.29500000
v -2342.17450000 -2220.22485000 1242.05500000
v -2317.24450000 -1090.85485000 1287.62500000
v -2346.72450000 -1166.96485000 1259.73500000
v -2324.00450000 -2321.61485000 1104.67500000
v -2336.28450000 -1375.95485000 1070.42500000
v -2327.34450000 -1374.72485000 1023.59500000
v -2285.64450000 -1338.64485000 1002.63500000
v -2323.27450000 -2368.51485000 923.96500000
v -2372.92450000 -2374.22485000 769.03500000
v -2326.59450000 -2363.15485000 851.75500000
v -2326.79450000 -1558.60485000 771.64500000
v -2298.57450000 -1968.44485000 692.99500000
v -2387.97450000 -2155.95485000 -658.42500000
v -2394.78450000 -2093.32485000 -720.75500000
v -2377.41450000 -2115.22485000 -796.69500000
v -2387.32450000 -2485.47485000 -843.87500000
v -2364.27450000 -2140.50485000 -874.11500000
v -2363.87450000 -2504.64485000 -979.01500000
v -2354.53450000 -2169.09485000 -973.29500000
v -2311.09450000 -2193.98485000 -1183.46500000
v -2302.72450000 -2424.17485000 -1462.49500000
v -2300.47450000 -2113.86485000 -1463.24500000
v -2321.95450000 -2069.56485000 -1519.62500000
v -2349.02450000 -1966.50485000 -1609.11500000
v -2325.03450000 -2398.80485000 -1547.62500000
v -2322.18450000 -1881.98485000 -1707.84500000
v -2310.12450000 -1846.18485000 -1758.18500000
v -2323.47450000 -1827.00485000 -1787.61500000
v -2272.49450000 -1974.47485000 -1968.51500000
v -2319.80450000 -2138.36485000 -1894.86500000
v -2306.55450000 -1915.90485000 -1925.95500000
v -2266.74450000 -1113.43485000 1664.04500000
v -2221.80450000 -1206.61485000 1688.50500000
v -2242.33450000 -1314.45485000 1670.28500000
v -2217.33450000 -1560.26485000 1630.81500000
v -2294.14450000 -743.44485000 1484.63500000
v -2283.28450000 -731.07485000 1464.24500000
v -2256.24450000 -736.62485000 1412.60500000
v -2280.59450000 -2059.59485000 1397.49500000
v -2230.96450000 -760.75485000 1378.85500000
v -2339.15450000 -1239.65485000 1228.86500000
v -2342.31450000 -1314.89485000 1172.43500000
v -2308.22450000 -1416.87485000 902.47500000
v -2339.04450000 -1494.45485000 815.91500000
v -2320.98450000 -2318.12485000 780.68500000
v -2358.33450000 -2286.07485000 708.38500000
v -2302.11450000 -2116.07485000 714.07500000
v -2361.24450000 -2156.12485000 -774.39500000
v -2354.60450000 -2235.85485000 -778.49500000
v -2360.59450000 -2326.46485000 -784.67500000
v -2358.63450000 -2143.03485000 -842.96500000
v -2341.75450000 -2500.14485000 -1119.29500000
v -2298.94450000 -2186.66485000 -1274.26500000
v -2319.66450000 -2462.78485000 -1344.51500000
v -2300.55450000 -2012.52485000 -1596.44500000
v -2315.70450000 -2286.03485000 -1734.77500000
v -2277.11450000 -2191.94485000 -1843.77500000
v -2314.57450000 -2165.94485000 -1872.86500000
v -2293.80450000 -1831.71485000 -1904.78500000
v -2261.57450000 -1836.01485000 -1952.54500000
v -2293.31450000 -2092.38485000 -1931.49500000
v -2271.37450000 -2043.56485000 -1957.35500000
v -2256.26450000 -752.42485000 1555.69500000
v -2236.41450000 -1713.39485000 1579.91500000
v -2288.93450000 -2004.68485000 1433.29500000
v -2239.15450000 -698.43485000 1457.38500000
v -2255.27450000 -2144.39485000 1326.34500000
v -2266.32450000 -842.20485000 1348.75500000
v -2253.25450000 -923.40485000 1330.35500000
v -2296.60450000 -1173.01485000 1261.45500000
v -2283.88450000 -1294.41485000 1140.54500000
v -2284.28450000 -1234.24485000 1218.58500000
v -2244.08450000 -1310.44485000 1004.85500000
v -2263.25450000 -1367.84485000 950.80500000
v -2287.89450000 -1433.86485000 890.91500000
v -2322.05450000 -2345.38485000 818.33500000
v -2285.99450000 -1651.01485000 760.26500000
v -2328.28450000 -1852.86485000 659.34500000
v -2326.87450000 -2412.24485000 -940.78500000
v -2356.92450000 -2459.72485000 -911.11500000
v -2333.75450000 -2171.78485000 -955.24500000
v -2332.76450000 -2465.58485000 -1001.03500000
v -2321.45450000 -2475.98485000 -1081.46500000
v -2325.12450000 -2188.06485000 -1030.89500000
v -2292.39450000 -2452.78485000 -1279.23500000
v -2283.01450000 -2159.58485000 -1376.38500000
v -2251.61450000 -2294.55485000 -1681.05500000
v -2271.57450000 -1798.18485000 -1844.20500000
v -2278.29450000 -1796.98485000 -1866.53500000
v -2270.02450000 -1797.35485000 -1903.50500000
v -2282.06450000 -2112.98485000 -1921.70500000
v -2190.21450000 -1414.20485000 1674.38500000
v -2211.21450000 -767.28485000 1603.46500000
v -2247.16450000 -711.35485000 1522.26500000
v -2238.36450000 -694.55485000 1488.32500000
v -2262.45450000 -2309.76485000 1101.27500000
v -2231.81450000 -1251.44485000 1099.43500000
v -2288.71450000 -1492.22485000 845.46500000
v -2251.19450000 -1526.27485000 849.22500000
v -2241.60450000 -1600.12485000 822.52500000
v -2292.01450000 -2227.66485000 762.62500000
v -2254.89450000 -1750.05485000 751.77500000
v -2194.36450000 -2029.79485000 792.98500000
v -2320.55450000 -2236.85485000 -900.45500000
v -2327.63450000 -2187.52485000 -918.86500000
v -2321.37450000 -2321.40485000 -911.46500000
v -2290.68450000 -2238.79485000 -1014.67500000
v -2307.18450000 -2203.33485000 -1018.44500000
v -2296.49450000 -2204.26485000 -1119.35500000
v -2277.62450000 -2438.19485000 -1196.77500000
v -2220.39450000 -2060.21485000 -1568.96500000
v -2265.21450000 -1939.58485000 -1685.50500000
v -2239.47450000 -1823.24485000 -1821.65500000
v -2249.31450000 -1798.53485000 -1945.14500000
v -2193.97450000 -709.72485000 1585.38500000
v -2223.23450000 -2007.01485000 1445.61500000
v -2229.75450000 -2075.88485000 1391.24500000
v -2185.87450000 -765.45485000 1370.30500000
v -2238.04450000 -1024.56485000 1311.44500000
v -2257.77450000 -1116.00485000 1284.78500000
v -2230.71450000 -1156.93485000 1261.35500000
v -2259.89450000 -2217.08485000 1248.40500000
v -2226.19450000 -1199.72485000 1217.24500000
v -2181.41450000 -1213.76485000 1074.84500000
v -2227.00450000 -2307.76485000 957.03500000
v -2267.28450000 -2310.80485000 866.79500000
v -2259.13450000 -2271.59485000 832.31500000
v -2240.26450000 -1851.23485000 742.84500000
v -2281.90450000 -2317.80485000 -1042.28500000
v -2295.36450000 -2380.58485000 -1026.97500000
v -2302.94450000 -2429.84485000 -1064.21500000
v -2263.51450000 -2199.97485000 -1237.57500000
v -2205.52450000 -2116.34485000 -1492.34500000
v -2255.64450000 -2403.66485000 -1417.74500000
v -2239.64450000 -2344.35485000 -1575.45500000
v -2226.35450000 -1766.51485000 -1895.31500000
v -2230.01450000 -1763.29485000 -1919.89500000
v -2219.23450000 -1764.98485000 -1959.44500000
v -2215.17450000 -2081.00485000 -1944.93500000
v -2228.74450000 -2041.05485000 -1973.57500000
v -2224.97450000 -1992.47485000 -1995.72500000
v -2188.39450000 -682.01485000 1564.83500000
v -2168.31450000 -642.10485000 1526.62500000
v -2196.61450000 -1897.04485000 1515.79500000
v -2142.66450000 -619.30485000 1481.36500000
v -2188.91450000 -1082.37485000 1289.94500000
v -2233.42450000 -2251.03485000 1194.62500000
v -2189.59450000 -1182.16485000 1181.00500000
v -2224.54450000 -2300.77485000 1054.17500000
v -2179.46450000 -1240.57485000 1047.22500000
v -2220.95450000 -1377.29485000 954.19500000
v -2227.99450000 -1463.52485000 903.54500000
v -2211.50450000 -2285.02485000 924.15500000
v -2152.20450000 -1542.94485000 916.30500000
v -2152.22450000 -1692.47485000 861.21500000
v -2209.12450000 -2137.22485000 813.27500000
v -2274.45450000 -2226.73485000 -1105.61500000
v -2248.36450000 -2271.73485000 -1151.83500000
v -2236.75450000 -2345.04485000 -1192.45500000
v -2266.91450000 -2388.51485000 -1147.37500000
v -2258.58450000 -2214.52485000 -1188.03500000
v -2237.22450000 -2392.75485000 -1249.72500000
v -2234.64450000 -2187.39485000 -1340.27500000
v -2227.07450000 -2360.77485000 -1510.97500000
v -2180.30450000 -1988.19485000 -1666.47500000
v -2214.67450000 -1874.54485000 -1772.83500000
v -2204.27450000 -2184.67485000 -1818.35500000
v -2202.07450000 -1777.78485000 -1999.86500000
v -2199.16450000 -1823.92485000 -2019.50500000
v -2175.12450000 -1927.19485000 -2039.45500000
v -2133.39450000 -1086.56485000 1731.16500000
v -2115.73450000 -768.51485000 1666.90500000
v -2165.54450000 -1785.10485000 1578.51500000
v -2145.56450000 -638.32485000 1445.73500000
v -2179.19450000 -834.23485000 1353.95500000
v -2154.90450000 -912.44485000 1337.63500000
v -2161.24450000 -2155.54485000 1310.92500000
v -2169.15450000 -2241.50485000 1171.37500000
v -2137.62450000 -1128.34485000 1154.35500000
v -2166.34450000 -1177.17485000 1112.64500000
v -2192.32450000 -1291.32485000 1011.56500000
v -2198.74450000 -2248.93485000 895.87500000
v -2222.24450000 -2212.63485000 838.59500000
v -2186.10450000 -1940.36485000 789.56500000
v -2243.61450000 -2230.72485000 -1199.25500000
v -2238.18450000 -2375.84485000 -1218.01500000
v -2201.53450000 -2302.51485000 -1289.61500000
v -2224.09450000 -2217.25485000 -1281.19500000
v -2217.41450000 -2372.02485000 -1353.73500000
v -2198.98450000 -2344.28485000 -1481.11500000
v -2195.08450000 -1778.15485000 -1880.96500000
v -2190.49450000 -1736.69485000 -1938.51500000
v -2183.87450000 -1731.48485000 -1968.96500000
v -2148.83450000 -2077.67485000 -1925.33500000
v -2143.92450000 -1979.14485000 -2023.20500000
v -2168.25450000 -1728.78485000 -2010.43500000
v -2140.43450000 -1834.84485000 -2074.34500000
v -2155.81450000 -1002.64485000 1708.69500000
v -2119.37450000 -1314.92485000 1718.57500000
v -2105.70450000 -885.65485000 1708.02500000
v -2127.56450000 -1676.17485000 1632.34500000
v -2060.84450000 -652.76485000 1636.97500000
v -2082.61450000 -569.40485000 1517.58500000
v -2158.56450000 -2060.92485000 1405.71500000
v -2103.99450000 -683.67485000 1387.52500000
v -2123.34450000 -753.70485000 1371.74500000
v -2112.57450000 -975.09485000 1315.22500000
v -2160.80450000 -1116.78485000 1244.95500000
v -2157.66450000 -1325.80485000 1003.44500000
v -2160.66450000 -1415.75485000 964.49500000
v -2123.77450000 -1967.32485000 845.76500000
v -2220.38450000 -2254.59485000 -1251.30500000
v -2186.15450000 -2248.92485000 -1341.99500000
v -2220.45450000 -2356.00485000 -1272.81500000
v -2189.54450000 -2154.25485000 -1443.68500000
v -2171.18450000 -2297.46485000 -1572.57500000
v -2132.21450000 -2172.68485000 -1783.08500000
v -2151.24450000 -1812.39485000 -1853.27500000
v -2161.34450000 -1733.33485000 -1933.10500000
v -2063.70450000 -1953.79485000 -2025.23500000
v -2175.90450000 -1970.43485000 -2021.05500000
v -2143.94450000 -1727.65485000 -2049.05500000
v -2069.46450000 -1457.12485000 1709.88500000
v -2112.39450000 -622.55485000 1571.39500000
v -2103.36450000 -1940.93485000 1503.12500000
v -2109.69450000 -1034.36485000 1280.59500000
v -2118.31450000 -1092.17485000 1203.99500000
v -2115.47450000 -2217.85485000 1149.40500000
v -2101.18450000 -1103.93485000 1125.94500000
v -2124.74450000 -1194.64485000 1068.73500000
v -2128.33450000 -1250.93485000 1042.18500000
v -2165.79450000 -2251.88485000 964.77500000
v -2160.19450000 -2161.65485000 879.15500000
v -2125.03450000 -2055.67485000 868.70500000
v -2201.33450000 -2335.09485000 -1327.37500000
v -2176.18450000 -2197.48485000 -1403.49500000
v -2129.06450000 -2075.37485000 -1584.81500000
v -2179.21450000 -2262.09485000 -1661.94500000
v -2163.40450000 -1926.99485000 -1735.12500000
v -2129.00450000 -1757.49485000 -1909.74500000
v -2145.92450000 -1707.63485000 -1976.32500000
v -2135.52450000 -1691.98485000 -2014.98500000
v -2123.99450000 -1687.82485000 -2045.67500000
v -2119.55450000 -1867.28485000 -2082.41500000
v -2046.77450000 -1156.33485000 1762.19500000
v -2086.88450000 -1582.85485000 1673.74500000
v -2068.21450000 -1833.32485000 1574.82500000
v -2086.41450000 -583.37485000 1549.81500000
v -2048.15450000 -1991.50485000 1465.18500000
v -2068.10450000 -615.69485000 1416.64500000
v -2112.01450000 -2173.11485000 1267.43500000
v -2080.42450000 -1063.44485000 1154.57500000
v -2088.30450000 -1126.67485000 1100.68500000
v -2093.35450000 -1277.65485000 1042.41500000
v -2064.49450000 -1360.14485000 1031.43500000
v -2134.34450000 -2196.49485000 943.62500000
v -2101.23450000 -1846.28485000 874.03500000
v -2167.03450000 -2276.07485000 -1383.04500000
v -2178.24450000 -2308.75485000 -1390.51500000
v -2161.30450000 -2298.92485000 -1477.07500000
v -2128.25450000 -2151.79485000 -1500.87500000
v -2143.85450000 -2120.59485000 -1523.93500000
v -2111.85450000 -2012.16485000 -1657.72500000
v -2110.70450000 -2093.93485000 -1882.96500000
v -2104.21450000 -1668.95485000 -2019.59500000
v -2089.59450000 -1665.31485000 -2085.21500000
v -2125.96450000 -1916.33485000 -2058.53500000
v -2076.58450000 -1691.09485000 -2113.29500000
v -2027.57450000 -993.02485000 1765.27500000
v -2047.46450000 -1730.99485000 1631.06500000
v -2047.25450000 -544.07485000 1493.40500000
v -2073.03450000 -2062.49485000 1399.58500000
v -2020.04450000 -689.45485000 1379.62500000
v -2075.05450000 -793.49485000 1361.46500000
v -2076.05450000 -1029.61485000 1241.58500000
v -2125.04450000 -2227.25485000 1065.05500000
v -2056.70450000 -1211.43485000 1071.72500000
v -2078.17450000 -1452.66485000 996.18500000
v -2033.46450000 -1638.08485000 972.73500000
v -2101.32450000 -2119.75485000 926.60500000
v -2151.05450000 -2233.17485000 -1428.34500000
v -2121.10450000 -2180.46485000 -1493.67500000
v -2146.31450000 -2260.04485000 -1449.47500000
v -2105.65450000 -2194.70485000 -1693.36500000
v -2074.46450000 -1933.59485000 -1741.88500000
v -2072.91450000 -1847.11485000 -1822.86500000
v -2036.05450000 -2042.42485000 -1896.90500000
v -2086.77450000 -1705.76485000 -1969.63500000
v -2087.36450000 -1649.90485000 -2055.92500000
v -2069.97450000 -1853.38485000 -2100.30500000
v -2043.98450000 -1721.26485000 -2149.06500000
v -2071.31450000 -1806.97485000 -2116.46500000
v -2047.69450000 -562.03485000 1463.31500000
v -2043.73450000 -2093.11485000 1355.33500000
v -2035.94450000 -849.66485000 1344.87500000
v -2025.89450000 -951.92485000 1283.25500000
v -2063.68450000 -2163.29485000 1238.87500000
v -2064.83450000 -1033.62485000 1187.13500000
v -2044.50450000 -1026.10485000 1150.66500000
v -2095.04450000 -2191.71485000 1021.52500000
v -2080.81450000 -2148.99485000 984.50500000
v -2032.83450000 -1736.48485000 952.10500000
v -2115.43450000 -2218.42485000 -1514.02500000
v -2133.70450000 -2256.92485000 -1501.30500000
v -2119.41450000 -2233.53485000 -1572.38500000
v -2086.91450000 -1774.38485000 -1897.31500000
v -2068.16450000 -1648.18485000 -2030.42500000
v -2058.05450000 -1892.38485000 -2074.69500000
v -2052.33450000 -1619.37485000 -2100.32500000
v -2062.45450000 -1642.40485000 -2107.49500000
v -2038.08450000 -1642.42485000 1668.85500000
v -1987.27450000 -563.09485000 1628.56500000
v -2033.59450000 -573.43485000 1592.18500000
v -2018.92450000 -535.55485000 1555.89500000
v -2009.52450000 -517.55485000 1522.29500000
v -2001.89450000 -882.15485000 1323.50500000
v -2015.84450000 -2136.76485000 1201.49500000
v -2019.30450000 -1029.84485000 1125.29500000
v -2025.98450000 -2138.09485000 1111.98500000
v -2088.55450000 -2140.93485000 -1560.36500000
v -2087.10450000 -2169.99485000 -1566.87500000
v -2090.59450000 -2100.68485000 -1590.71500000
v -2089.91450000 -2190.51485000 -1587.11500000
v -2067.08450000 -2033.14485000 -1657.04500000
v -2070.64450000 -2163.04485000 -1660.54500000
v -2032.43450000 -1966.66485000 -1721.05500000
v -2034.92450000 -2082.44485000 -1818.23500000
v -1992.38450000 -1628.35485000 -2030.14500000
v -2025.02450000 -1982.56485000 -1970.81500000
v -2023.78450000 -1607.81485000 -2074.80500000
v -2039.91450000 -1623.71485000 -2124.57500000
v -2031.95450000 -1799.61485000 -2134.23500000
v -2005.68450000 -1735.18485000 -2166.96500000
v -1991.42450000 -1560.38485000 1703.79500000
v -1952.82450000 -730.69485000 1735.51500000
v -1976.13450000 -1886.66485000 1542.96500000
v -1919.74450000 -557.49485000 1398.71500000
v -2020.19450000 -2110.69485000 1314.70500000
v -2009.16450000 -957.10485000 1222.53500000
v -2004.73450000 -964.53485000 1173.31500000
v -1986.46450000 -964.57485000 1145.37500000
v -2029.36450000 -1114.61485000 1099.72500000
v -1982.54450000 -1269.41485000 1082.65500000
v -2039.46450000 -2125.56485000 1034.40500000
v -2037.74450000 -1525.74485000 1000.76500000
v -2049.77450000 -2094.68485000 980.45500000
v -2051.95450000 -1954.89485000 919.88500000
v -2056.39450000 -2043.18485000 942.50500000
v -2062.41450000 -2121.12485000 -1621.93500000
v -2071.11450000 -2153.61485000 -1618.89500000
v -2042.15450000 -2056.54485000 -1669.81500000
v -2049.24450000 -2125.40485000 -1737.54500000
v -1982.51450000 -1716.58485000 -1942.30500000
v -2005.17450000 -1585.73485000 -2130.48500000
v -1995.60450000 -1808.69485000 -2132.31500000
v -2011.69450000 -1609.48485000 -2153.33500000
v -1987.53450000 -1620.72485000 -2189.75500000
v -1927.41450000 -1066.96485000 1808.13500000
v -1933.40450000 -852.11485000 1783.12500000
v -1980.80450000 -1315.74485000 1762.29500000
v -1959.11450000 -1766.56485000 1621.46500000
v -1942.87450000 -503.66485000 1599.70500000
v -1941.49450000 -472.78485000 1543.84500000
v -1957.54450000 -484.81485000 1496.75500000
v -1953.46450000 -1983.76485000 1453.94500000
v -1901.95450000 -686.42485000 1370.39500000
v -1921.61450000 -844.80485000 1308.20500000
v -1983.78450000 -1170.93485000 1096.54500000
v -1937.08450000 -1410.85485000 1086.75500000
v -2007.95450000 -1466.18485000 1036.76500000
v -2005.09450000 -2072.69485000 1030.85500000
v -2011.94450000 -2040.35485000 996.21500000
v -2049.35450000 -2124.67485000 -1668.91500000
v -2021.84450000 -2002.33485000 -1707.06500000
v -2038.48450000 -2113.09485000 -1712.64500000
v -1988.40450000 -1910.81485000 -1774.57500000
v -2001.99450000 -1871.52485000 -1802.48500000
v -1942.43450000 -1774.31485000 -1883.94500000
v -1981.28450000 -1970.75485000 -1954.34500000
v -1973.00450000 -1577.86485000 -2077.10500000
v -1957.69450000 -1531.70485000 -2149.93500000
v -1962.58450000 -1553.86485000 -2114.50500000
v -1964.08450000 -1553.44485000 -2181.52500000
v -1975.89450000 -1754.22485000 -2166.44500000
v -1967.47450000 -1660.85485000 -2205.38500000
v -1932.69450000 -1185.36485000 1794.86500000
v -1940.84450000 -1444.78485000 1745.01500000
v -1878.04450000 -604.47485000 1716.62500000
v -1964.49450000 -1660.06485000 1670.95500000
v -1905.51450000 -472.37485000 1449.04500000
v -1918.82450000 -513.15485000 1421.32500000
v -1913.36450000 -614.22485000 1383.89500000
v -1884.64450000 -761.71485000 1348.36500000
v -1942.14450000 -881.15485000 1246.24500000
v -1966.25450000 -912.05485000 1193.63500000
v -1945.60450000 -900.29485000 1160.81500000
v -1952.12450000 -998.11485000 1115.69500000
v -1965.20450000 -1786.62485000 1007.75500000
v -1955.93450000 -1885.37485000 1017.58500000
v -1995.75450000 -1982.37485000 993.34500000
v -2024.30450000 -2071.77485000 -1707.61500000
v -1998.54450000 -2005.42485000 -1728.56500000
v -1986.45450000 -1956.61485000 -1752.38500000
v -2007.88450000 -2061.60485000 -1775.01500000
v -1966.93450000 -1977.73485000 -1924.57500000
v -1925.49450000 -1865.85485000 -2061.03500000
v -1931.69450000 -1815.72485000 -2117.72500000
v -1931.53450000 -1695.04485000 -2204.14500000
v -1894.09450000 -1357.25485000 1775.18500000
v -1893.83450000 -527.74485000 1657.60500000
v -1950.18450000 -2042.47485000 1376.84500000
v -1968.69450000 -2083.62485000 1301.18500000
v -1864.12450000 -710.43485000 1364.26500000
v -1953.37450000 -2079.78485000 1197.78500000
v -1915.97450000 -857.43485000 1200.77500000
v -1932.79450000 -923.44485000 1132.81500000
v -1940.09450000 -1071.84485000 1110.56500000
v -1952.16450000 -2048.67485000 1123.65500000
v -1967.72450000 -2010.99485000 1047.75500000
v -1944.27450000 -1561.21485000 1062.66500000
v -1941.96450000 -1951.64485000 1050.35500000
v -1935.50450000 -1692.98485000 1051.33500000
v -1986.86450000 -2016.58485000 -1746.52500000
v -1988.24450000 -2030.55485000 -1764.59500000
v -1924.92450000 -1831.68485000 -1841.96500000
v -1952.51450000 -1989.32485000 -1818.10500000
v -1954.79450000 -1985.55485000 -1867.82500000
v -1885.72450000 -1607.00485000 -2026.72500000
v -1859.80450000 -1513.79485000 -2106.24500000
v -1898.88450000 -1488.68485000 -2157.39500000
v -1913.03450000 -1484.97485000 -2203.15500000
v -1924.95450000 -1506.50485000 -2233.26500000
v -1930.10450000 -1539.37485000 -2241.66500000
v -1919.59450000 -1586.68485000 -2249.65500000
v -1871.82450000 -937.13485000 1817.24500000
v -1842.84450000 -1140.37485000 1821.64500000
v -1764.21450000 -722.76485000 1813.98500000
v -1857.60450000 -405.23485000 1525.10500000
v -1825.83450000 -391.30485000 1486.36500000
v -1867.98450000 -814.41485000 1280.34500000
v -1900.83450000 -840.13485000 1170.12500000
v -1884.47450000 -839.56485000 1147.18500000
v -1878.70450000 -901.13485000 1118.37500000
v -1850.23450000 -938.70485000 1114.27500000
v -1962.16450000 -1968.62485000 -1773.89500000
v -1966.52450000 -1995.17485000 -1781.69500000
v -1934.80450000 -1895.74485000 -1809.67500000
v -1907.03450000 -1736.05485000 -2180.13500000
v -1899.25450000 -1467.64485000 -2247.64500000
v -1890.73450000 -1474.32485000 -2275.53500000
v -1902.78450000 -1643.81485000 -2235.28500000
v -1868.00450000 -1262.19485000 1795.91500000
v -1893.44450000 -1555.25485000 1717.08500000
v -1886.56450000 -1664.71485000 1672.52500000
v -1837.34450000 -1728.35485000 1633.13500000
v -1838.40450000 -437.87485000 1621.36500000
v -1853.24450000 -418.59485000 1570.84500000
v -1877.30450000 -1973.82485000 1432.88500000
v -1875.74450000 -1997.48485000 1375.73500000
v -1909.93450000 -2039.63485000 1287.19500000
v -1882.88450000 -825.88485000 1236.83500000
v -1866.88450000 -805.29485000 1200.84500000
v -1862.84450000 -803.58485000 1165.69500000
v -1832.98450000 -1050.25485000 1124.19500000
v -1887.65450000 -1176.01485000 1118.82500000
v -1942.75450000 -1961.83485000 -1804.06500000
v -1894.61450000 -1837.64485000 -1850.65500000
v -1839.02450000 -1722.72485000 -1928.85500000
v -1833.23450000 -1648.72485000 -1985.33500000
v -1934.75450000 -1915.86485000 -1993.03500000
v -1865.34450000 -1430.28485000 -2259.68500000
v -1878.30450000 -1451.04485000 -2273.18500000
v -1885.18450000 -1510.72485000 -2288.58500000
v -1868.60450000 -1547.79485000 -2291.27500000
v -1797.72450000 -839.04485000 1826.96500000
v -1840.67450000 -1841.89485000 1554.93500000
v -1812.14450000 -1886.07485000 1502.42500000
v -1791.65450000 -536.93485000 1386.03500000
v -1805.48450000 -755.72485000 1309.65500000
v -1878.58450000 -2003.69485000 1241.45500000
v -1872.62450000 -1977.16485000 1190.58500000
v -1835.72450000 -824.33485000 1124.06500000
v -1912.30450000 -1971.83485000 1111.16500000
v -1876.59450000 -1312.66485000 1123.49500000
v -1852.77450000 -1422.72485000 1134.18500000
v -1854.78450000 -1520.93485000 1133.97500000
v -1814.20450000 -1622.11485000 1161.65500000
v -1900.33450000 -1921.02485000 1097.62500000
v -1916.74450000 -1917.67485000 -1825.31500000
v -1918.22450000 -1937.76485000 -1840.00500000
v -1858.46450000 -1786.89485000 -1889.61500000
v -1892.98450000 -1910.91485000 -1888.95500000
v -1889.91450000 -1893.58485000 -1967.33500000
v -1814.68450000 -1422.51485000 -2184.63500000
v -1851.03450000 -1429.16485000 -2219.11500000
v -1832.63450000 -1626.33485000 -2255.62500000
v -1867.96450000 -1585.22485000 -2271.48500000
v -1836.31450000 -1413.46485000 -2306.74500000
v -1830.94450000 -1445.98485000 -2325.27500000
v -1841.00450000 -1498.73485000 -2315.98500000
v -1830.50450000 -1392.92485000 1769.49500000
v -1717.45450000 -567.94485000 1768.60500000
v -1778.25450000 -1529.25485000 1723.18500000
v -1739.24450000 -346.92485000 1458.58500000
v -1775.25450000 -658.06485000 1365.11500000
v -1824.39450000 -772.82485000 1247.98500000
v -1822.09450000 -771.07485000 1141.72500000
v -1793.82450000 -1143.98485000 1145.02500000
v -1789.37450000 -1536.85485000 1179.06500000
v -1863.45450000 -1763.57485000 1115.76500000
v -1866.43450000 -1847.54485000 -1880.17500000
v -1891.80450000 -1895.58485000 -1861.84500000
v -1847.86450000 -1824.61485000 -2057.53500000
v -1820.44450000 -1762.21485000 -2130.97500000
v -1800.36450000 -1368.83485000 -2279.54500000
v -1817.38450000 -1388.12485000 -2298.70500000
v -1805.10450000 -1037.36485000 1835.05500000
v -1747.99450000 -481.07485000 1708.77500000
v -1775.14450000 -434.23485000 1662.28500000
v -1780.72450000 -373.45485000 1593.62500000
v -1725.67450000 -319.56485000 1552.64500000
v -1808.32450000 -436.77485000 1424.85500000
v -1691.91450000 -408.44485000 1400.57500000
v -1804.79450000 -1920.81485000 1267.18500000
v -1805.16450000 -744.95485000 1186.46500000
v -1851.48450000 -1920.24485000 1173.23500000
v -1784.92450000 -718.30485000 1149.36500000
v -1797.25450000 -1248.09485000 1156.17500000
v -1860.46450000 -1860.17485000 1133.39500000
v -1787.94450000 -839.64485000 1111.20500000
v -1874.89450000 -1879.42485000 -1886.87500000
v -1809.34450000 -1734.02485000 -1933.94500000
v -1860.37450000 -1865.25485000 -1912.69500000
v -1846.90450000 -1853.36485000 -1956.95500000
v -1812.93450000 -1810.93485000 -2021.96500000
v -1792.44450000 -1379.89485000 -2233.48500000
v -1816.32450000 -1525.72485000 -2312.77500000
v -1750.11450000 -911.32485000 1844.92500000
v -1769.12450000 -344.89485000 1507.51500000
v -1768.55450000 -1882.96485000 1462.79500000
v -1677.06450000 -544.27485000 1375.15500000
v -1758.81450000 -713.15485000 1234.25500000
v -1758.61450000 -685.32485000 1164.58500000
v -1769.82450000 -1363.42485000 1181.78500000
v -1769.49450000 -1471.17485000 1190.33500000
v -1784.17450000 -1796.68485000 1210.37500000
v -1814.42450000 -1869.32485000 1198.81500000
v -1767.93450000 -707.45485000 1130.52500000
v -1780.82450000 -748.12485000 1122.65500000
v -1765.11450000 -1701.29485000 1215.18500000
v -1740.82450000 -872.88485000 1113.35500000
v -1756.96450000 -963.30485000 1124.93500000
v -1815.87450000 -1774.09485000 -1924.96500000
v -1753.70450000 -1525.49485000 -2071.66500000
v -1821.46450000 -1696.86485000 -2197.85500000
v -1774.64450000 -1340.06485000 -2327.08500000
v -1770.20450000 -1364.23485000 -2358.27500000
v -1807.46450000 -1469.73485000 -2335.20500000
v -1764.53450000 -1416.17485000 -2362.39500000
v -1739.26450000 -1201.56485000 1817.16500000
v -1738.80450000 -372.02485000 1631.87500000
v -1710.13450000 -1676.30485000 1641.69500000
v -1708.73450000 -329.24485000 1604.04500000
v -1713.41450000 -1809.20485000 1531.69500000
v -1755.13450000 -340.77485000 1487.19500000
v -1793.14450000 -1919.88485000 1358.24500000
v -1742.94450000 -684.64485000 1342.55500000
v -1754.11450000 -719.10485000 1272.22500000
v -1810.85450000 -1891.66485000 1220.49500000
v -1732.23450000 -672.13485000 1194.53500000
v -1711.08450000 -1056.10485000 1150.14500000
v -1739.75450000 -697.75485000 1116.00500000
v -1739.46450000 -743.07485000 1108.68500000
v -1811.55450000 -1798.12485000 -1941.14500000
v -1838.53450000 -1835.51485000 -1935.81500000
v -1765.41450000 -1683.92485000 -1977.82500000
v -1770.34450000 -1651.62485000 -1991.79500000
v -1805.44450000 -1802.42485000 -1977.26500000
v -1723.19450000 -1435.24485000 -2131.64500000
v -1750.10450000 -1397.69485000 -2174.45500000
v -1756.20450000 -1363.58485000 -2219.11500000
v -1747.93450000 -1309.22485000 -2302.17500000
v -1767.23450000 -1468.53485000 -2345.76500000
v -1692.08450000 -999.12485000 1848.17500000
v -1677.39450000 -783.82485000 1845.44500000
v -1715.43450000 -1754.20485000 1579.17500000
v -1721.45450000 -692.69485000 1301.61500000
v -1773.34450000 -1849.97485000 1255.99500000
v -1752.00450000 -680.45485000 1144.86500000
v -1727.26450000 -1200.85485000 1177.05500000
v -1741.84450000 -1284.90485000 1187.11500000
v -1774.24450000 -1725.69485000 -1965.39500000
v -1782.40450000 -1756.89485000 -1963.42500000
v -1778.72450000 -1767.07485000 -1983.49500000
v -1753.93450000 -1745.10485000 -2038.31500000
v -1758.81450000 -1736.38485000 -2103.22500000
v -1748.25450000 -1332.41485000 -2259.37500000
v -1733.74450000 -1496.55485000 -2334.43500000
v -1698.17450000 -1555.30485000 -2288.50500000
v -1727.23450000 -1262.69485000 -2333.06500000
v -1736.50450000 -1284.94485000 -2370.24500000
v -1729.03450000 -1353.29485000 -2393.53500000
v -1716.47450000 -1373.29485000 1775.07500000
v -1646.75450000 -361.32485000 1677.96500000
v -1678.60450000 -1551.61485000 1700.65500000
v -1671.56450000 -289.56485000 1492.89500000
v -1602.22450000 -301.95485000 1423.09500000
v -1615.98450000 -442.94485000 1384.57500000
v -1757.23450000 -1882.10485000 1335.66500000
v -1736.19450000 -1842.66485000 1321.60500000
v -1695.95450000 -663.38485000 1252.66500000
v -1739.13450000 -1795.30485000 1272.99500000
v -1717.48450000 -645.84485000 1156.47500000
v -1714.46450000 -652.20485000 1130.65500000
v -1729.21450000 -1683.24485000 -2012.62500000
v -1753.96450000 -1727.62485000 -2002.82500000
v -1731.81450000 -1590.14485000 -2033.20500000
v -1704.92450000 -1641.53485000 -2205.09500000
v -1691.56450000 -1303.18485000 -2230.62500000
v -1720.47450000 -1282.73485000 -2287.62500000
v -1705.84450000 -1073.05485000 -2350.28500000
v -1694.16450000 -1003.86485000 -2347.38500000
v -1712.73450000 -1062.07485000 -2386.78500000
v -1712.59450000 -1166.73485000 -2372.95500000
v -1703.46450000 -1012.48485000 -2408.13500000
v -1714.26450000 -1219.12485000 -2420.81500000
v -1721.50450000 -1291.92485000 -2404.82500000
v -1718.76450000 -1419.78485000 -2374.35500000
v -1712.45450000 -1082.63485000 -2435.29500000
v -1711.06450000 -1146.53485000 -2438.25500000
v -1714.96450000 -1370.12485000 -2395.33500000
v -1691.54450000 -1013.71485000 -2461.73500000
v -1700.09450000 -1237.52485000 -2442.77500000
v -1694.61450000 -1063.18485000 -2484.60500000
v -1702.26450000 -1115.21485000 -2468.29500000
v -1699.70450000 -1175.82485000 -2457.92500000
v -1585.39450000 -584.27485000 1819.44500000
v -1663.33450000 -318.04485000 1629.32500000
v -1657.01450000 -1779.93485000 1468.32500000
v -1673.31450000 -606.45485000 1358.29500000
v -1720.47450000 -1794.61485000 1303.37500000
v -1646.39450000 -600.28485000 1199.64500000
v -1665.80450000 -1310.89485000 1225.40500000
v -1741.72450000 -1538.58485000 1214.25500000
v -1667.83450000 -602.58485000 1145.76500000
v -1642.16450000 -901.09485000 1124.12500000
v -1668.58450000 -637.86485000 1109.66500000
v -1651.03450000 -783.24485000 1102.83500000
v -1716.38450000 -1633.19485000 -2026.05500000
v -1702.41450000 -1692.30485000 -2101.22500000
v -1674.66450000 -967.50485000 -2325.19500000
v -1674.23450000 -967.74485000 -2361.47500000
v -1695.45450000 -1230.19485000 -2297.11500000
v -1663.92450000 -1040.63485000 -2295.42500000
v -1657.04450000 -1143.20485000 -2284.24500000
v -1664.28450000 -964.61485000 -2414.17500000
v -1695.62450000 -1289.73485000 -2429.89500000
v -1680.91450000 -1128.55485000 -2488.59500000
v -1667.54450000 -1013.04485000 -2497.56500000
v -1670.49450000 -1059.70485000 -2504.34500000
v -1630.83450000 -1070.39485000 1842.08500000
v -1605.77450000 -682.52485000 1840.58500000
v -1638.59450000 -1286.35485000 1797.68500000
v -1584.54450000 -1149.55485000 1820.37500000
v -1620.27450000 -1549.61485000 1689.73500000
v -1654.52450000 -291.39485000 1597.69500000
v -1567.54450000 -228.86485000 1568.96500000
v -1641.15450000 -1747.20485000 1529.48500000
v -1696.67450000 -1810.62485000 1385.68500000
v -1711.45450000 -1723.20485000 1282.03500000
v -1702.22450000 -1596.22485000 1255.99500000
v -1676.39450000 -1455.28485000 1248.35500000
v -1635.10450000 -1159.42485000 1198.74500000
v -1670.80450000 -614.11485000 1128.33500000
v -1631.99450000 -689.43485000 1097.17500000
v -1674.20450000 -1575.10485000 -2057.20500000
v -1701.68450000 -1681.76485000 -2064.47500000
v -1649.52450000 -1418.12485000 -2124.49500000
v -1680.50450000 -1366.65485000 -2167.86500000
v -1641.26450000 -1224.77485000 -2237.66500000
v -1625.46450000 -1542.35485000 -2277.08500000
v -1656.67450000 -975.91485000 -2301.29500000
v -1644.54450000 -947.33485000 -2317.51500000
v -1669.87450000 -1408.68485000 -2384.33500000
v -1677.68450000 -1338.18485000 -2416.83500000
v -1649.17450000 -968.38485000 -2461.56500000
v -1686.17450000 -1206.15485000 -2460.50500000
v -1638.99450000 -1031.72485000 -2515.77500000
v -1646.53450000 -1100.42485000 -2508.24500000
v -1648.18450000 -871.81485000 1853.65500000
v -1640.89450000 -1402.94485000 1755.09500000
v -1578.26450000 -1577.78485000 1649.46500000
v -1621.34450000 -1686.95485000 1583.77500000
v -1591.31450000 -238.94485000 1523.56500000
v -1569.62450000 -246.74485000 1454.24500000
v -1526.68450000 -295.30485000 1400.24500000
v -1686.58450000 -1752.66485000 1338.89500000
v -1631.89450000 -615.02485000 1319.00500000
v -1599.21450000 -539.38485000 1151.85500000
v -1609.33450000 -559.02485000 1121.45500000
v -1582.94450000 -1020.32485000 1167.67500000
v -1534.29450000 -587.76485000 1080.82500000
v -1689.85450000 -1646.02485000 -2053.51500000
v -1662.90450000 -1521.60485000 -2079.55500000
v -1648.87450000 -1637.71485000 -2135.50500000
v -1690.89450000 -1665.47485000 -2148.73500000
v -1622.00450000 -1301.96485000 -2179.78500000
v -1633.02450000 -1606.54485000 -2194.55500000
v -1622.00450000 -1004.89485000 -2256.17500000
v -1614.39450000 -1072.36485000 -2243.39500000
v -1631.16450000 -933.19485000 -2358.72500000
v -1639.00450000 -1435.94485000 -2362.92500000
v -1621.33450000 -932.76485000 -2412.16500000
v -1649.41450000 -1222.96485000 -2463.10500000
v -1628.35450000 -982.25485000 -2492.77500000
v -1585.82450000 -912.40485000 1853.43500000
v -1513.77450000 -438.84485000 1776.86500000
v -1620.44450000 -427.17485000 1729.15500000
v -1626.07450000 -1741.44485000 1447.46500000
v -1633.56450000 -1710.56485000 1398.45500000
v -1640.91450000 -1639.41485000 1336.80500000
v -1616.61450000 -603.31485000 1265.65500000
v -1604.02450000 -1379.99485000 1272.03500000
v -1571.23450000 -556.91485000 1096.33500000
v -1627.82450000 -1534.21485000 -2085.08500000
v -1628.78450000 -1505.81485000 -2089.44500000
v -1662.72450000 -1599.67485000 -2069.09500000
v -1655.03450000 -1623.78485000 -2090.39500000
v -1587.28450000 -985.37485000 -2236.15500000
v -1606.64450000 -955.42485000 -2278.32500000
v -1586.06450000 -1031.63485000 -2228.61500000
v -1593.47450000 -1175.35485000 -2212.46500000
v -1614.69450000 -1567.26485000 -2240.60500000
v -1597.71450000 -923.79485000 -2324.41500000
v -1605.61450000 -941.94485000 -2454.29500000
v -1627.67450000 -1340.08485000 -2413.27500000
v -1597.99450000 -1137.74485000 -2495.90500000
v -1619.52450000 -1075.53485000 -2511.40500000
v -1560.77450000 -267.59485000 1636.11500000
v -1529.93450000 -206.48485000 1487.85500000
v -1560.89450000 -530.93485000 1356.86500000
v -1626.11450000 -1534.27485000 1306.46500000
v -1573.57450000 -562.14485000 1245.39500000
v -1539.95450000 -511.49485000 1197.36500000
v -1545.50450000 -491.37485000 1149.29500000
v -1520.50450000 -1138.55485000 1224.31500000
v -1610.51450000 -1462.79485000 -2108.10500000
v -1603.10450000 -1556.77485000 -2110.14500000
v -1576.75450000 -1361.28485000 -2141.80500000
v -1599.01450000 -918.13485000 -2376.02500000
v -1593.45450000 -1466.22485000 -2327.36500000
v -1589.60450000 -919.70485000 -2406.68500000
v -1585.46450000 -959.47485000 -2482.55500000
v -1593.05450000 -994.11485000 -2501.97500000
v -1590.45450000 -1056.99485000 -2503.84500000
v -1557.24450000 -764.66485000 1853.41500000
v -1480.41450000 -299.26485000 1697.21500000
v -1517.31450000 -1393.79485000 1724.36500000
v -1591.13450000 -1684.48485000 1444.83500000
v -1494.60450000 -354.73485000 1386.99500000
v -1582.23450000 -1633.21485000 1407.60500000
v -1524.58450000 -539.57485000 1331.47500000
v -1552.24450000 -561.48485000 1288.73500000
v -1561.99450000 -1438.73485000 1319.10500000
v -1537.35450000 -1280.75485000 1271.09500000
v -1532.66450000 -481.67485000 1124.47500000
v -1489.06450000 -465.12485000 1091.61500000
v -1480.20450000 -791.03485000 1107.52500000
v -1507.68450000 -679.13485000 1087.03500000
v -1609.59450000 -1589.74485000 -2133.94500000
v -1565.35450000 -1256.27485000 -2173.96500000
v -1538.84450000 -1061.67485000 -2208.03500000
v -1570.17450000 -1098.12485000 -2214.59500000
v -1594.57450000 -1579.90485000 -2175.18500000
v -1556.93450000 -956.64485000 -2259.36500000
v -1571.40450000 -1546.52485000 -2222.96500000
v -1559.00450000 -929.54485000 -2303.46500000
v -1564.69450000 -917.94485000 -2364.01500000
v -1559.71450000 -935.42485000 -2431.98500000
v -1580.53450000 -1249.87485000 -2448.85500000
v -1566.96450000 -975.62485000 -2490.86500000
v -1530.10450000 -970.18485000 1842.72500000
v -1547.44450000 -1251.48485000 1783.95500000
v -1459.81450000 -202.84485000 1630.62500000
v -1480.92450000 -198.66485000 1602.03500000
v -1537.28450000 -1592.25485000 1614.64500000
v -1503.38450000 -1589.19485000 1582.55500000
v -1485.48450000 -175.16485000 1520.39500000
v -1538.35450000 -1645.10485000 1529.19500000
v -1579.05450000 -1684.94485000 1473.96500000
v -1551.16450000 -1633.30485000 1453.30500000
v -1567.29450000 -1550.51485000 1369.55500000
v -1511.73450000 -915.76485000 1145.19500000
v -1493.60450000 -515.28485000 1078.47500000
v -1571.65450000 -1425.36485000 -2124.96500000
v -1555.91450000 -1464.33485000 -2130.49500000
v -1558.33450000 -1538.03485000 -2165.13500000
v -1543.21450000 -995.05485000 -2235.95500000
v -1558.56450000 -1494.46485000 -2277.32500000
v -1563.53450000 -1349.53485000 -2392.07500000
v -1532.63450000 -968.24485000 -2456.42500000
v -1545.56450000 -1195.09485000 -2464.71500000
v -1525.76450000 -1037.57485000 -2467.54500000
v -1536.74450000 -1128.65485000 -2469.49500000
v -1499.05450000 -636.13485000 1842.54500000
v -1501.17450000 -830.68485000 1851.20500000
v -1471.31450000 -205.65485000 1426.22500000
v -1495.45450000 -441.25485000 1370.35500000
v -1514.89450000 -525.68485000 1260.77500000
v -1450.80450000 -475.89485000 1253.48500000
v -1481.52450000 -437.06485000 1142.05500000
v -1443.12450000 -1029.45485000 1199.64500000
v -1522.24450000 -1372.22485000 -2148.12500000
v -1542.13450000 -1499.45485000 -2152.46500000
v -1528.75450000 -1274.28485000 -2161.77500000
v -1546.40450000 -1171.96485000 -2191.31500000
v -1544.53450000 -1528.07485000 -2199.98500000
v -1503.38450000 -994.52485000 -2253.29500000
v -1515.72450000 -951.83485000 -2293.06500000
v -1527.32450000 -929.10485000 -2336.45500000
v -1520.03450000 -943.97485000 -2422.60500000
v -1529.50450000 -1260.34485000 -2429.00500000
v -1442.74450000 -516.87485000 1817.18500000
v -1464.74450000 -1050.43485000 1813.11500000
v -1416.58450000 -417.04485000 1783.91500000
v -1461.56450000 -228.39485000 1649.21500000
v -1498.29450000 -1589.77485000 1491.50500000
v -1515.30450000 -1563.22485000 1434.17500000
v -1427.89450000 -154.02485000 1456.44500000
v -1440.47450000 -216.57485000 1405.57500000
v -1487.67450000 -1467.82485000 1392.32500000
v -1434.26450000 -393.32485000 1109.75500000
v -1431.34450000 -507.92485000 1061.11500000
v -1363.45450000 -583.88485000 1059.85500000
v -1494.60450000 -1277.78485000 -2164.45500000
v -1509.21450000 -1184.00485000 -2182.87500000
v -1480.43450000 -1126.49485000 -2203.36500000
v -1502.46450000 -1051.59485000 -2226.60500000
v -1516.63450000 -1499.38485000 -2196.53500000
v -1507.34450000 -1475.04485000 -2235.84500000
v -1519.93450000 -1398.19485000 -2338.67500000
v -1512.44450000 -942.44485000 -2381.21500000
v -1495.30450000 -1209.25485000 -2430.07500000
v -1433.01450000 -1404.32485000 1680.33500000
v -1387.08450000 -1434.58485000 1623.36500000
v -1417.09450000 -144.73485000 1560.26500000
v -1439.49450000 -1541.53485000 1557.47500000
v -1452.36450000 -157.43485000 1490.55500000
v -1376.80450000 -346.54485000 1367.97500000
v -1472.10450000 -504.40485000 1298.16500000
v -1465.26450000 -1375.47485000 1353.72500000
v -1441.68450000 -432.23485000 1191.97500000
v -1452.28450000 -1176.28485000 1257.72500000
v -1414.58450000 -373.84485000 1134.21500000
v -1400.78450000 -397.96485000 1064.09500000
v -1412.41450000 -454.52485000 1062.37500000
v -1480.94450000 -1389.30485000 -2168.87500000
v -1499.63450000 -1447.68485000 -2173.36500000
v -1517.35450000 -1486.84485000 -2180.02500000
v -1483.50450000 -1411.05485000 -2298.65500000
v -1482.37450000 -967.49485000 -2328.69500000
v -1494.44450000 -1301.02485000 -2385.55500000
v -1482.98450000 -1015.26485000 -2428.36500000
v -1470.54450000 -1157.10485000 -2421.20500000
v -1419.61450000 -697.10485000 1842.57500000
v -1426.16450000 -839.90485000 1833.60500000
v -1403.71450000 -158.80485000 1603.29500000
v -1476.64450000 -1578.42485000 1528.35500000
v -1391.06450000 -257.76485000 1385.92500000
v -1431.40450000 -1422.88485000 1407.55500000
v -1458.72450000 -478.34485000 1341.35500000
v -1372.29450000 -414.02485000 1239.69500000
v -1425.43450000 -394.19485000 1153.48500000
v -1380.25450000 -355.80485000 1077.08500000
v -1386.98450000 -889.13485000 1148.10500000
v -1465.27450000 -1310.67485000 -2175.58500000
v -1464.32450000 -1227.08485000 -2188.90500000
v -1486.95450000 -1450.89485000 -2202.61500000
v -1463.18450000 -1076.12485000 -2237.49500000
v -1468.03450000 -1018.32485000 -2279.96500000
v -1451.56450000 -1399.92485000 -2272.69500000
v -1465.66450000 -1341.59485000 -2342.41500000
v -1491.34450000 -976.75485000 -2407.00500000
v -1449.33450000 -1089.15485000 -2399.93500000
v -1426.93450000 -1175.90485000 1769.48500000
v -1367.70450000 -337.56485000 1750.68500000
v -1343.42450000 -1271.43485000 1701.47500000
v -1429.63450000 -1526.81485000 1526.38500000
v -1363.48450000 -105.45485000 1498.78500000
v -1418.62450000 -1472.75485000 1461.99500000
v -1410.63450000 -1264.31485000 1317.90500000
v -1353.82450000 -684.59485000 1080.09500000
v -1436.83450000 -1163.04485000 -2223.35500000
v -1456.82450000 -1395.19485000 -2198.36500000
v -1455.05450000 -1407.21485000 -2234.72500000
v -1436.19450000 -1039.01485000 -2310.86500000
v -1436.85450000 -1349.94485000 -2307.69500000
v -1462.21450000 -1001.12485000 -2359.82500000
v -1443.16450000 -1267.83485000 -2359.64500000
v -1396.38450000 -589.10485000 1832.32500000
v -1384.15450000 -1030.47485000 1792.51500000
v -1365.66450000 -1207.27485000 1734.19500000
v -1378.98450000 -181.03485000 1638.17500000
v -1318.55450000 -1312.65485000 1660.25500000
v -1374.62450000 -1467.13485000 1518.10500000
v -1379.35450000 -437.61485000 1300.72500000
v -1356.03450000 -364.68485000 1183.15500000
v -1338.52450000 -1114.45485000 1259.72500000
v -1349.81450000 -321.90485000 1127.38500000
v -1335.84450000 -389.12485000 1043.56500000
v -1201.85450000 -640.93485000 1052.05500000
v -1435.47450000 -1334.44485000 -2200.72500000
v -1429.09450000 -1249.33485000 -2214.28500000
v -1422.01450000 -1356.35485000 -2262.32500000
v -1459.98450000 -1027.70485000 -2389.22500000
v -1424.88450000 -1173.34485000 -2372.14500000
v -1318.64450000 -504.14485000 1810.06500000
v -1352.93450000 -904.92485000 1803.60500000
v -1333.06450000 -415.97485000 1785.32500000
v -1271.39450000 -198.96485000 1678.58500000
v -1348.21450000 -1440.96485000 1579.89500000
v -1344.48450000 -1446.84485000 1544.29500000
v -1371.36450000 -1350.72485000 1395.89500000
v -1331.30450000 -131.32485000 1409.40500000
v -1297.10450000 -160.93485000 1380.93500000
v -1394.11450000 -412.08485000 1346.02500000
v -1306.10450000 -376.65485000 1246.07500000
v -1343.22450000 -308.13485000 1091.65500000
v -1299.13450000 -794.12485000 1112.46500000
v -1306.42450000 -473.80485000 1040.52500000
v -1424.22450000 -1346.47485000 -2230.83500000
v -1430.14450000 -1098.42485000 -2267.92500000
v -1428.92450000 -1072.92485000 -2351.54500000
v -1416.40450000 -1123.88485000 -2358.47500000
v -1317.00450000 -581.87485000 1817.78500000
v -1323.94450000 -110.90485000 1583.76500000
v -1320.42450000 -88.56485000 1540.77500000
v -1268.35450000 -73.19485000 1435.57500000
v -1262.83450000 -211.26485000 1366.46500000
v -1295.24450000 -1228.14485000 1343.88500000
v -1336.17450000 -990.08485000 1198.36500000
v -1313.61450000 -287.74485000 1065.01500000
v -1406.89450000 -1281.22485000 -2238.66500000
v -1407.82450000 -1192.80485000 -2259.48500000
v -1404.60450000 -1313.12485000 -2259.95500000
v -1412.75450000 -1115.35485000 -2305.17500000
v -1412.38450000 -1299.90485000 -2298.57500000
v -1405.93450000 -1131.34485000 -2334.55500000
v -1405.13450000 -1224.38485000 -2326.61500000
v -1406.96450000 -1165.04485000 -2339.58500000
v -1277.11450000 -686.65485000 1799.51500000
v -1288.29450000 -343.50485000 1760.68500000
v -1289.06450000 -1005.13485000 1753.87500000
v -1274.14450000 -57.30485000 1514.73500000
v -1330.07450000 -1429.99485000 1519.76500000
v -1336.39450000 -1424.67485000 1499.63500000
v -1250.80450000 -50.27485000 1481.39500000
v -1313.05450000 -1374.68485000 1462.17500000
v -1312.01450000 -390.71485000 1283.30500000
v -1245.47450000 -895.54485000 1157.28500000
v -1289.12450000 -306.34485000 1037.91500000
v -1232.18450000 -363.85485000 1012.32500000
v -1403.63450000 -1249.40485000 -2280.45500000
v -1407.81450000 -1179.20485000 -2309.53500000
v -1241.03450000 -432.32485000 1783.50500000
v -1234.89450000 -793.81485000 1770.88500000
v -1235.35450000 -282.88485000 1730.32500000
v -1273.89450000 -1142.62485000 1711.17500000
v -1215.66450000 -1254.79485000 1619.98500000
v -1243.27450000 -58.93485000 1551.40500000
v -1282.14450000 -1298.47485000 1408.26500000
v -1298.43450000 -284.35485000 1362.24500000
v -1280.91450000 -337.86485000 1326.26500000
v -1262.50450000 -324.79485000 1217.69500000
v -1272.89450000 -285.99485000 1158.71500000
v -1185.72450000 -988.56485000 1209.23500000
v -1279.74450000 -257.36485000 1105.87500000
v -1289.43450000 -260.46485000 1074.28500000
v -1240.95450000 -221.30485000 1043.69500000
v -1207.69450000 -291.64485000 1002.51500000
v -1228.01450000 -99.23485000 1606.29500000
v -1205.41450000 -1302.47485000 1565.85500000
v -1269.85450000 -1366.55485000 1510.11500000
v -1181.52450000 -64.16485000 1384.62500000
v -1256.88450000 -342.99485000 1268.15500000
v -1099.60450000 -720.67485000 1064.33500000
v -1232.35450000 -359.08485000 1760.24500000
v -1271.16450000 -1372.07485000 1546.86500000
v -1174.76450000 -91.58485000 1364.35500000
v -1200.45450000 -1111.35485000 1289.68500000
v -1230.46450000 -208.64485000 1076.56500000
v -1195.72450000 -169.40485000 1049.77500000
v -1123.54450000 -532.20485000 1009.66500000
v -1164.47450000 -223.60485000 985.88500000
v -1143.73450000 -448.97485000 1000.23500000
v -1130.11450000 -646.58485000 1745.65500000
v -1239.16450000 -1197.42485000 1667.29500000
v -1180.96450000 -22.66485000 1502.45500000
v -1233.60450000 -1301.53485000 1448.53500000
v -1153.37450000 -20.24485000 1441.39500000
v -1184.83450000 -1206.77485000 1377.64500000
v -1180.61450000 -159.14485000 1351.47500000
v -1207.73450000 -303.58485000 1239.35500000
v -1194.63450000 -251.01485000 1178.39500000
v -1215.40450000 -214.90485000 1115.61500000
v -1176.48450000 -175.16485000 1005.10500000
v -1208.97450000 -497.70485000 1779.63500000
v -1153.08450000 -1007.84485000 1677.08500000
v -1185.54450000 -1290.58485000 1487.52500000
v -1214.99450000 -237.05485000 1343.30500000
v -1184.62450000 -266.62485000 1315.88500000
v -1200.13450000 -298.59485000 1277.66500000
v -1162.99450000 -147.65485000 1073.87500000
v -1096.70450000 -813.57485000 1110.10500000
v -1154.61450000 -124.09485000 1035.38500000
v -1185.87450000 -163.93485000 1031.49500000
v -1126.65450000 -276.08485000 969.84500000
v -1160.59450000 -380.73485000 1752.97500000
v -1091.54450000 -790.30485000 1695.78500000
v -1143.95450000 -278.77485000 1720.68500000
v -1141.03450000 -189.15485000 1681.68500000
v -1120.80450000 -104.98485000 1629.38500000
v -1126.19450000 -1131.64485000 1613.34500000
v -1150.87450000 -34.97485000 1556.03500000
v -1192.17450000 -1301.71485000 1521.71500000
v -1112.94450000 -27.52485000 1387.81500000
v -1153.85450000 -262.02485000 1230.58500000
v -1153.97450000 -185.00485000 1125.98500000
v -1135.16450000 -901.27485000 1160.64500000
v -1137.41450000 -107.81485000 1009.05500000
v -1108.32450000 -536.89485000 1741.11500000
v -1106.01450000 -52.58485000 1588.64500000
v -1138.22450000 -1233.56485000 1443.31500000
v -1128.13450000 -189.17485000 1320.77500000
v -1115.87450000 -232.39485000 1277.32500000
v -1066.91450000 -1009.81485000 1238.25500000
v -1024.09450000 -765.42485000 1073.42500000
v -1110.20450000 -67.31485000 1018.90500000
v -1057.81450000 -368.54485000 962.64500000
v -1043.64450000 -384.84485000 1708.56500000
v -1127.61450000 -1201.99485000 1572.81500000
v -1074.77450000 -0.67485000 1521.54500000
v -1064.72450000 7.31515000 1464.45500000
v -1107.60450000 -1229.69485000 1483.20500000
v -1082.51450000 -1103.05485000 1317.19500000
v -1100.42450000 -185.27485000 1161.61500000
v -1098.49450000 -106.73485000 1086.58500000
v -1102.41450000 -70.37485000 1041.85500000
v -1013.35450000 -598.80485000 1006.07500000
v -1086.90450000 -38.90485000 991.68500000
v -1098.37450000 -75.57485000 974.66500000
v -1075.56450000 -110.02485000 944.78500000
v -1072.23450000 -186.40485000 942.18500000
v -1050.84450000 -200.91485000 1676.79500000
v -1045.00450000 -892.44485000 1643.45500000
v -1061.69450000 -18.04485000 1557.04500000
v -1139.84450000 -1256.24485000 1519.87500000
v -1061.96450000 -1150.16485000 1378.59500000
v -1091.56450000 -219.46485000 1224.00500000
v -1003.68450000 -436.23485000 959.60500000
v -1056.75450000 -283.53485000 1698.39500000
v -983.16450000 -951.27485000 1582.05500000
v -1028.75450000 -1091.64485000 1551.15500000
v -1067.43450000 -1177.91485000 1514.17500000
v -1052.54450000 -1172.98485000 1427.45500000
v -1000.60450000 21.35515000 1394.33500000
v -1048.56450000 -29.91485000 1342.71500000
v -1005.33450000 -1079.74485000 1318.77500000
v -1060.42450000 -102.39485000 1320.35500000
v -1040.83450000 -195.78485000 1244.93500000
v -1043.96450000 -160.89485000 1286.09500000
v -1030.42450000 -898.20485000 1157.20500000
v -1052.72450000 8.48515000 1003.43500000
v -1008.82450000 22.88515000 1033.64500000
v -1051.64450000 12.44515000 978.72500000
v -1061.44450000 -15.22485000 965.19500000
v -967.67450000 -82.82485000 882.09500000
v -1006.01450000 -581.03485000 1685.27500000
v -1020.75450000 -114.75485000 1632.74500000
v -991.62450000 2.28515000 1537.95500000
v -968.19450000 21.61515000 1493.16500000
v -956.85450000 34.26515000 1439.70500000
v -992.68450000 8.13515000 1349.28500000
v -1010.69450000 -150.45485000 1155.28500000
v -1048.03450000 -187.74485000 1196.98500000
v -1007.72450000 -68.50485000 1093.61500000
v -1024.58450000 36.45515000 949.64500000
v -1015.78450000 3.72515000 921.87500000
v -956.36450000 -201.94485000 895.40500000
v -992.80450000 -40.30485000 1578.31500000
v -967.15450000 -143.53485000 1249.55500000
v -986.47450000 -164.25485000 1203.78500000
v -945.19450000 -936.32485000 1187.05500000
v -972.14450000 -151.81485000 1173.04500000
v -936.06450000 -92.27485000 1117.81500000
v -1012.09450000 69.26515000 968.79500000
v -991.01450000 88.96515000 936.70500000
v -972.93450000 91.25515000 909.06500000
v -934.93450000 26.11515000 862.17500000
v -964.16450000 -259.99485000 1662.41500000
v -973.01450000 -448.26485000 1675.22500000
v -978.39450000 -199.93485000 1656.29500000
v -961.21450000 -138.91485000 1632.96500000
v -997.51450000 -1136.73485000 1440.17500000
v -988.23450000 -1116.87485000 1387.78500000
v -934.27450000 -1054.17485000 1321.25500000
v -918.31450000 19.59515000 1307.36500000
v -959.34450000 -1010.02485000 1255.75500000
v -945.92450000 -131.03485000 1154.18500000
v -969.22450000 -782.96485000 1081.84500000
v -985.51450000 94.68515000 987.60500000
v -923.72450000 146.78515000 1002.42500000
v -961.05450000 131.00515000 916.54500000
v -889.52450000 -628.92485000 1613.64500000
v -908.16450000 -773.58485000 1590.22500000
v -971.79450000 -1076.85485000 1506.08500000
v -894.08450000 44.49515000 1329.19500000
v -973.63450000 -97.38485000 1278.59500000
v -908.47450000 -25.40485000 1078.76500000
v -926.86450000 30.14515000 1052.86500000
v -916.73450000 112.85515000 1023.99500000
v -961.34450000 136.87515000 945.19500000
v -905.73450000 123.23515000 854.51500000
v -889.93450000 -325.47485000 1633.90500000
v -893.01450000 -974.38485000 1500.01500000
v -950.13450000 -1086.03485000 1465.57500000
v -867.74450000 59.86515000 1398.02500000
v -953.33450000 -43.08485000 1293.87500000
v -918.81450000 -132.07485000 1183.55500000
v -908.94450000 -850.66485000 1122.56500000
v -882.49450000 -618.19485000 994.13500000
v -919.12450000 178.32515000 971.73500000
v -910.23450000 204.58515000 927.44500000
v -934.21450000 169.77515000 914.23500000
v -930.81450000 -333.96485000 916.03500000
v -919.38450000 167.92515000 886.89500000
v -878.75450000 -487.01485000 1623.20500000
v -918.88450000 -78.23485000 1596.19500000
v -854.93450000 9.10515000 1521.82500000
v -848.66450000 50.17515000 1449.81500000
v -900.78450000 -1064.38485000 1414.50500000
v -865.78450000 60.63515000 1359.72500000
v -841.31450000 -968.73485000 1235.50500000
v -913.55450000 -123.77485000 1217.00500000
v -915.95450000 -426.03485000 935.41500000
v -912.34450000 192.93515000 899.91500000
v -820.39450000 54.33515000 800.59500000
v -889.19450000 -67.95485000 844.98500000
v -880.80450000 -168.23485000 1611.77500000
v -852.28450000 -818.70485000 1540.25500000
v -849.71450000 32.72515000 1483.24500000
v -916.74450000 -1069.55485000 1377.55500000
v -837.74450000 -992.99485000 1274.63500000
v -897.40450000 -71.89485000 1248.13500000
v -881.43450000 -104.25485000 1155.50500000
v -858.35450000 -78.84485000 1124.60500000
v -849.52450000 -32.84485000 1088.06500000
v -840.45450000 126.79515000 1033.07500000
v -828.08450000 208.07515000 1008.62500000
v -863.54450000 219.06515000 985.55500000
v -858.73450000 248.05515000 955.90500000
v -885.86450000 219.24515000 886.60500000
v -879.22450000 -243.72485000 877.11500000
v -830.70450000 -103.61485000 830.82500000
v -848.85450000 124.57515000 815.70500000
v -858.84450000 -32.03485000 1559.52500000
v -813.58450000 -851.12485000 1498.29500000
v -863.14450000 -1022.10485000 1429.78500000
v -858.89450000 -994.86485000 1452.34500000
v -844.39450000 -1014.02485000 1322.77500000
v -850.49450000 -6.99485000 1260.96500000
v -829.74450000 -68.81485000 1197.00500000
v -825.26450000 -871.53485000 1143.74500000
v -842.29450000 273.04515000 909.09500000
v -839.44450000 233.49515000 839.88500000
v -770.43450000 -655.84485000 1540.78500000
v -799.05450000 -984.79485000 1387.82500000
v -821.67450000 -1005.37485000 1361.58500000
v -811.52450000 46.48515000 1282.74500000
v -820.72450000 -26.58485000 1231.90500000
v -805.19450000 -39.43485000 1106.89500000
v -836.14450000 59.20515000 1056.77500000
v -820.22450000 -730.21485000 1046.62500000
v -806.23450000 303.29515000 944.06500000
v -821.26450000 280.36515000 862.69500000
v -824.58450000 193.58515000 812.21500000
v -785.12450000 -390.62485000 1583.40500000
v -805.21450000 -73.58485000 1569.21500000
v -776.25450000 -751.98485000 1513.43500000
v -715.46450000 54.21515000 1448.06500000
v -788.53450000 81.21515000 1357.67500000
v -778.72450000 77.76515000 1318.97500000
v -807.75450000 -59.77485000 1144.74500000
v -753.39450000 311.68515000 984.43500000
v -782.45450000 334.40515000 912.82500000
v -764.67450000 345.02515000 877.20500000
v -758.29450000 -265.94485000 1575.03500000
v -760.73450000 -151.50485000 1570.15500000
v -728.60450000 -499.02485000 1547.76500000
v -718.19450000 -25.12485000 1529.96500000
v -769.36450000 62.75515000 1432.83500000
v -793.24450000 -962.51485000 1408.52500000
v -753.35450000 75.87515000 1393.94500000
v -787.17450000 -972.45485000 1279.60500000
v -769.35450000 -946.22485000 1235.38500000
v -768.53450000 43.59515000 1076.53500000
v -780.31450000 -445.00485000 917.98500000
v -744.60450000 370.76515000 902.07500000
v -761.04450000 319.72515000 833.91500000
v -787.11450000 -242.63485000 856.49500000
v -755.59450000 267.38515000 795.34500000
v -778.42450000 179.26515000 786.41500000
v -737.07450000 -870.18485000 1428.31500000
v -751.43450000 -958.15485000 1304.47500000
v -707.46450000 71.48515000 1256.59500000
v -738.88450000 -890.60485000 1175.28500000
v -762.24450000 -13.34485000 1116.39500000
v -764.33450000 171.14515000 1038.30500000
v -726.34450000 -750.94485000 1059.41500000
v -746.53450000 259.22515000 1015.60500000
v -749.91450000 348.02515000 947.29500000
v -768.99450000 -595.72485000 976.34500000
v -716.95450000 386.32515000 927.18500000
v -769.86450000 -4.60485000 790.76500000
v -698.43450000 -890.24485000 1376.35500000
v -688.27450000 97.61515000 1339.48500000
v -759.29450000 11.26515000 1221.87500000
v -756.04450000 -16.20485000 1158.20500000
v -676.59450000 393.83515000 969.08500000
v -700.18450000 400.53515000 896.30500000
v -752.29450000 -66.97485000 801.88500000
v -729.15450000 166.91515000 762.73500000
v -707.32450000 67.24515000 771.23500000
v -668.49450000 -99.71485000 1541.21500000
v -716.97450000 -369.54485000 1556.28500000
v -672.06450000 16.74515000 1488.10500000
v -653.55450000 -710.86485000 1452.39500000
v -685.82450000 -905.56485000 1330.68500000
v -715.11450000 -927.99485000 1250.03500000
v -687.43450000 -892.56485000 1199.53500000
v -716.64450000 36.05515000 1108.68500000
v -688.38450000 -791.75485000 1098.45500000
v -709.31450000 -647.52485000 1000.06500000
v -697.35450000 383.95515000 852.00500000
v -690.22450000 -316.45485000 870.04500000
v -683.17450000 -103.24485000 807.77500000
v -695.04450000 347.57515000 809.01500000
v -708.81450000 243.65515000 767.20500000
v -645.98450000 -207.90485000 1540.26500000
v -636.58450000 100.97515000 1281.82500000
v -680.92450000 47.81515000 1165.26500000
v -696.31450000 141.53515000 1069.68500000
v -654.74450000 283.55515000 1046.30500000
v -698.66450000 -498.06485000 937.89500000
v -691.09450000 305.32515000 781.66500000
v -664.04450000 -602.27485000 1495.19500000
v -691.46450000 54.18515000 1213.76500000
v -643.01450000 -880.10485000 1214.62500000
v -658.09450000 97.76515000 1113.66500000
v -611.82450000 390.04515000 1023.41500000
v -647.00450000 428.95515000 936.81500000
v -635.64450000 359.45515000 790.92500000
v -669.89450000 205.31515000 757.06500000
v -589.90450000 -45.55485000 1515.30500000
v -614.49450000 -355.66485000 1520.35500000
v -567.96450000 36.74515000 1459.15500000
v -592.05450000 -774.12485000 1371.85500000
v -601.44450000 93.30515000 1377.29500000
v -640.33450000 -881.50485000 1259.43500000
v -639.59450000 85.25515000 1219.44500000
v -615.62450000 101.76515000 1166.65500000
v -644.43450000 -817.36485000 1134.68500000
v -603.46450000 211.11515000 1098.82500000
v -651.47450000 -684.51485000 1030.59500000
v -625.56450000 437.47515000 888.27500000
v -630.96450000 400.67515000 833.12500000
v -650.69450000 293.36515000 770.84500000
v -627.40450000 38.64515000 771.81500000
v -586.18450000 -470.02485000 1490.76500000
v -572.98450000 -788.94485000 1334.92500000
v -551.06450000 127.26515000 1314.33500000
v -547.74450000 136.72515000 1252.51500000
v -596.69450000 111.77515000 1241.94500000
v -608.10450000 -828.34485000 1166.69500000
v -597.71450000 149.21515000 1133.43500000
v -586.24450000 441.99515000 991.44500000
v -634.48450000 -542.11485000 964.29500000
v -554.57450000 472.49515000 949.67500000
v -628.33450000 -380.64485000 900.17500000
v -613.31450000 -174.99485000 832.52500000
v -621.81450000 -56.77485000 797.29500000
v -617.65450000 169.03515000 762.24500000
v -507.21450000 -234.32485000 1508.99500000
v -524.83450000 -6.03485000 1489.35500000
v -540.40450000 68.14515000 1422.29500000
v -547.76450000 -665.73485000 1400.92500000
v -581.07450000 -828.46485000 1198.97500000
v -560.28450000 197.02515000 1133.88500000
v -605.09450000 -718.30485000 1070.80500000
v -534.07450000 477.76515000 912.89500000
v -574.43450000 404.33515000 813.95500000
v -585.12450000 352.53515000 786.59500000
v -594.47450000 277.59515000 773.06500000
v -505.51450000 -82.72485000 1511.05500000
v -556.60450000 -152.57485000 1522.37500000
v -488.79450000 103.82515000 1384.34500000
v -568.56450000 -815.61485000 1285.54500000
v -574.40450000 124.88515000 1210.14500000
v -562.06450000 156.70515000 1165.89500000
v -541.64450000 321.76515000 1104.96500000
v -513.49450000 272.21515000 1142.87500000
v -566.73450000 -746.90485000 1113.44500000
v -523.14450000 388.53515000 1092.21500000
v -564.82450000 -556.89485000 997.99500000
v -573.11450000 -416.34485000 930.49500000
v -538.44450000 449.23515000 868.41500000
v -573.45450000 -264.32485000 873.50500000
v -568.32450000 8.20515000 792.68500000
v -573.40450000 125.00515000 774.20500000
v -501.91450000 -42.89485000 1501.14500000
v -493.16450000 -506.99485000 1441.78500000
v -550.26450000 -808.76485000 1234.88500000
v -503.95450000 218.40515000 1175.83500000
v -530.71450000 435.60515000 1049.80500000
v -469.36450000 476.31515000 1056.38500000
v -524.74450000 393.37515000 809.38500000
v -522.39450000 338.70515000 795.44500000
v -547.59450000 228.75515000 780.86500000
v -475.61450000 -395.72485000 1468.54500000
v -496.59450000 126.12515000 1351.85500000
v -516.41450000 173.99515000 1211.82500000
v -543.12450000 -766.76485000 1151.10500000
v -509.42450000 -602.22485000 1056.44500000
v -477.18450000 499.57515000 954.71500000
v -505.89450000 -351.48485000 936.86500000
v -531.39450000 -242.79485000 882.40500000
v -540.71450000 -129.78485000 843.15500000
v -492.71450000 425.71515000 840.90500000
v -502.53450000 152.84515000 799.94500000
v -429.16450000 -148.45485000 1500.79500000
v -442.84450000 -295.38485000 1485.96500000
v -450.96450000 42.76515000 1450.05500000
v -387.79450000 -499.26485000 1380.52500000
v -489.46450000 -666.10485000 1350.13500000
v -504.83450000 -763.23485000 1257.12500000
v -517.71450000 -768.76485000 1192.36500000
v -497.89450000 -680.18485000 1118.00500000
v -451.76450000 496.77515000 1019.72500000
v -484.59450000 -443.83485000 993.19500000
v -470.12450000 486.05515000 917.42500000
v -446.75450000 456.64515000 883.93500000
v -478.03450000 24.73515000 835.98500000
v -375.12450000 -91.74485000 1495.59500000
v -464.82450000 160.67515000 1310.20500000
v -483.20450000 -710.69485000 1292.69500000
v -489.23450000 175.14515000 1261.92500000
v -500.68450000 -759.49485000 1225.35500000
v -469.93450000 215.69515000 1223.69500000
v -422.24450000 271.59515000 1234.35500000
v -423.20450000 366.33515000 1189.38500000
v -442.57450000 438.77515000 1124.63500000
v -481.75450000 -168.08485000 888.82500000
v -453.86450000 306.24515000 823.57500000
v -387.14450000 -39.48485000 1491.87500000
v -434.44450000 97.99515000 1404.04500000
v -427.81450000 158.17515000 1347.02500000
v -472.64450000 -716.92485000 1194.50500000
v -495.35450000 -718.16485000 1160.58500000
v -422.20450000 -440.73485000 1039.40500000
v -372.05450000 508.67515000 1064.32500000
v -466.10450000 385.14515000 831.69500000
v -431.14450000 228.04515000 833.56500000
v -446.87450000 155.09515000 832.60500000
v -341.98450000 -198.15485000 1479.58500000
v -434.31450000 202.88515000 1285.91500000
v -466.61450000 -710.61485000 1238.76500000
v -453.49450000 -656.91485000 1154.87500000
v -441.05450000 -574.87485000 1105.10500000
v -373.80450000 499.68515000 1014.75500000
v -444.15450000 -288.66485000 958.72500000
v -363.89450000 476.55515000 969.19500000
v -429.77450000 425.64515000 865.49500000
v -415.15450000 -85.48485000 914.01500000
v -316.15450000 -120.63485000 1487.73500000
v -366.10450000 23.74515000 1468.01500000
v -383.97450000 -370.64485000 1446.93500000
v -422.04450000 -643.81485000 1261.83500000
v -419.83450000 -635.24485000 1209.30500000
v -372.72450000 477.64515000 1155.30500000
v -371.42450000 494.54515000 1116.95500000
v -394.17450000 119.25515000 881.75500000
v -345.93450000 -286.63485000 1457.99500000
v -375.52450000 143.84515000 1383.44500000
v -355.64450000 93.29515000 1426.52500000
v -364.82450000 210.09515000 1338.19500000
v -392.19450000 -573.07485000 1310.33500000
v -314.12450000 320.75515000 1313.48500000
v -344.45450000 445.11515000 1212.70500000
v -396.51450000 -568.80485000 1159.12500000
v -389.27450000 -498.39485000 1109.82500000
v -362.35450000 -225.87485000 1006.12500000
v -347.67450000 435.43515000 931.60500000
v -343.95450000 -21.90485000 958.36500000
v -387.40450000 384.60515000 879.24500000
v -326.82450000 -352.59485000 1424.16500000
v -327.16450000 160.09515000 1396.33500000
v -314.03450000 401.09515000 1270.63500000
v -369.55450000 -565.94485000 1249.92500000
v -364.63450000 -548.31485000 1202.76500000
v -303.03450000 502.27515000 1153.59500000
v -348.81450000 -378.40485000 1087.98500000
v -274.98450000 498.32515000 1131.25500000
v -278.31450000 153.42515000 982.16500000
v -370.61450000 262.71515000 889.93500000
v -270.26450000 154.64515000 1428.20500000
v -325.68450000 -463.23485000 1342.65500000
v -322.32450000 -485.55485000 1288.16500000
v -299.61450000 478.06515000 1206.76500000
v -282.29450000 483.46515000 1064.79500000
v -260.04450000 9.41515000 1479.23500000
v -283.40450000 -58.96485000 1486.05500000
v -302.66450000 -394.18485000 1378.70500000
v -319.16450000 -481.91485000 1231.25500000
v -333.82450000 -447.93485000 1158.58500000
v -306.75450000 -339.20485000 1116.54500000
v -282.41450000 -241.17485000 1097.48500000
v -272.66450000 452.37515000 1022.09500000
v -298.94450000 328.06515000 952.64500000
v -251.22450000 101.62515000 1457.34500000
v -279.82450000 229.52515000 1386.68500000
v -237.90450000 392.44515000 1333.18500000
v -283.18450000 435.54515000 1265.51500000
v -279.78450000 -72.70485000 1041.72500000
v -226.76450000 -91.56485000 1476.74500000
v -217.57450000 210.84515000 1428.56500000
v -228.35450000 298.93515000 1382.20500000
v -261.94450000 -371.72485000 1343.34500000
v -271.28450000 -401.95485000 1280.97500000
v -266.50450000 -364.22485000 1213.22500000
v -235.24450000 479.80515000 1222.12500000
v -282.87450000 -326.77485000 1150.21500000
v -267.26450000 403.59515000 995.35500000
v -230.61450000 269.80515000 1011.23500000
v -236.04450000 -181.65485000 1454.10500000
v -223.92450000 -256.25485000 1405.54500000
v -228.40450000 440.12515000 1290.62500000
v -213.99450000 342.89515000 1034.99500000
v -164.62450000 76.20515000 1478.80500000
v -184.69450000 -1.28485000 1480.99500000
v -201.87450000 402.79515000 1342.99500000
v -230.15450000 -335.05485000 1316.08500000
v -192.18450000 450.68515000 1287.92500000
v -235.81450000 -338.18485000 1275.03500000
v -206.54450000 -261.91485000 1252.90500000
v -202.98450000 476.51515000 1207.09500000
v -237.34450000 -243.16485000 1172.86500000
v -207.53450000 467.97515000 1150.32500000
v -221.25450000 -111.90485000 1126.94500000
v -218.85450000 452.80515000 1094.00500000
v -196.63450000 402.52515000 1081.02500000
v -222.83450000 42.02515000 1072.71500000
v -195.48450000 170.13515000 1070.43500000
v -172.56450000 352.87515000 1379.63500000
v -175.51450000 267.35515000 1417.74500000
v -189.74450000 -249.25485000 1360.61500000
v -174.17450000 412.78515000 1329.34500000
v -202.34450000 -275.63485000 1308.27500000
v -185.07450000 459.02515000 1254.27500000
v -180.78450000 273.04515000 1070.75500000
v -147.36450000 172.26515000 1453.64500000
v -143.49450000 -46.62485000 1465.68500000
v -149.91450000 -165.47485000 1406.18500000
v -152.60450000 431.37515000 1288.75500000
v -173.40450000 -137.98485000 1230.87500000
v -160.77450000 423.55515000 1159.11500000
v -108.19450000 111.99515000 1474.75500000
v -127.51450000 269.59515000 1420.35500000
v -124.62450000 334.23515000 1391.16500000
v -136.56450000 -157.86485000 1384.02500000
v -137.56450000 372.05515000 1361.53500000
v -161.47450000 -186.64485000 1320.29500000
v -113.25450000 377.61515000 1334.24500000
v -159.30450000 437.84515000 1226.29500000
v -164.79450000 36.95515000 1158.86500000
v -154.74450000 323.45515000 1108.29500000
v -118.98450000 48.80515000 1475.29500000
v -95.18450000 139.18515000 1466.07500000
v -168.25450000 -146.66485000 1430.62500000
v -106.52450000 338.21515000 1377.36500000
v -117.21450000 398.35515000 1281.98500000
v -117.39450000 -6.76485000 1257.91500000
v -126.09450000 -92.98485000 1306.35500000
v -105.31450000 150.91515000 1209.13500000
v -131.80450000 368.63515000 1160.84500000
v -149.74450000 210.78515000 1131.07500000
v -82.00450000 185.53515000 1442.30500000
v -92.90450000 283.45515000 1403.04500000
v -117.11450000 -82.53485000 1425.55500000
v -106.73450000 -81.97485000 1376.38500000
v -86.78450000 -5.54485000 1333.40500000
v -112.03450000 382.18515000 1233.85500000
v -107.17450000 286.43515000 1192.50500000
v -85.94450000 103.42515000 1466.09500000
v -86.84450000 22.06515000 1450.44500000
v -78.37450000 336.95515000 1315.24500000
v -74.58450000 98.55515000 1295.09500000
v -103.62450000 343.48515000 1214.13500000
v -81.88450000 -20.40485000 1415.23500000
v -62.75450000 241.57515000 1408.27500000
v -83.68450000 307.64515000 1370.91500000
v -70.88450000 2.18515000 1384.61500000
v -56.39450000 67.37515000 1365.56500000
v -83.99450000 314.44515000 1255.68500000
v -69.22450000 215.94515000 1276.37500000
v -62.29450000 108.63515000 1440.02500000
v -53.18450000 193.18515000 1411.50500000
v -65.74450000 50.44515000 1412.06500000
v -59.08450000 264.49515000 1367.57500000
v -60.15450000 264.64515000 1316.27500000
v -49.75450000 160.06515000 1338.47500000
v -52.30450000 214.18515000 1324.31500000
v -53.51450000 133.17515000 1390.39500000
v -55.15450000 205.12515000 1357.72500000
v 47.21550000 97.95515000 1395.14500000
v 46.15550000 141.83515000 1406.67500000
v 53.35550000 187.36515000 1341.20500000
v 51.32550000 223.42515000 1376.01500000
v 75.09550000 184.16515000 1446.04500000
v 63.85550000 125.11515000 1445.73500000
v 80.70550000 119.82515000 1465.25500000
v 66.86550000 42.70515000 1426.74500000
v 85.98550000 54.71515000 1463.49500000
v 90.86550000 -8.07485000 1447.25500000
v 68.88550000 231.13515000 1405.71500000
v 64.95550000 48.71515000 1378.00500000
v 59.99550000 272.05515000 1360.97500000
v 57.88550000 258.59515000 1335.80500000
v 73.25550000 94.97515000 1322.22500000
v 67.99550000 303.02515000 1327.89500000
v 74.89550000 281.80515000 1283.77500000
v 97.97550000 89.33515000 1474.72500000
v 102.49550000 -58.72485000 1418.10500000
v 107.53550000 311.17515000 1395.86500000
v 88.69550000 248.32515000 1419.63500000
v 93.90550000 -32.42485000 1377.99500000
v 83.98550000 320.27515000 1347.43500000
v 92.11550000 8.10515000 1333.48500000
v 87.89550000 342.83515000 1286.50500000
v 96.84550000 340.28515000 1233.71500000
v 94.09550000 184.45515000 1244.24500000
v 115.59550000 306.11515000 1184.07500000
v 108.08550000 160.82515000 1461.05500000
v 132.78550000 24.39515000 1477.65500000
v 154.18550000 -53.95485000 1462.08500000
v 109.54550000 238.69515000 1432.60500000
v 139.79550000 -97.22485000 1435.05500000
v 142.84550000 -146.47485000 1357.62500000
v 113.54550000 368.69515000 1341.87500000
v 123.50550000 -68.91485000 1318.39500000
v 112.52550000 383.18515000 1291.44500000
v 134.28550000 -15.37485000 1251.91500000
v 121.58550000 390.14515000 1224.17500000
v 145.60550000 100.65515000 1174.26500000
v 122.95550000 362.82515000 1184.85500000
v 157.19550000 54.63515000 1476.72500000
v 140.62550000 284.93515000 1420.52500000
v 197.20550000 -195.09485000 1426.45500000
v 156.90550000 -151.82485000 1405.35500000
v 193.97550000 -239.74485000 1365.65500000
v 140.82550000 382.84515000 1351.85500000
v 143.38550000 414.94515000 1300.32500000
v 152.07550000 431.60515000 1243.25500000
v 172.95550000 437.21515000 1157.04500000
v 195.04550000 -42.34485000 1147.95500000
v 144.78550000 396.74515000 1162.28500000
v 144.23550000 240.16515000 1140.03500000
v 145.73550000 367.87515000 1137.86500000
v 159.77550000 324.67515000 1108.19500000
v 178.07550000 124.88515000 1463.45500000
v 151.39550000 216.96515000 1442.37500000
v 222.45550000 -184.74485000 1443.93500000
v 157.04550000 338.01515000 1390.85500000
v 171.67550000 425.90515000 1316.73500000
v 169.58550000 -159.78485000 1277.70500000
v 183.49550000 450.38515000 1268.16500000
v 197.89550000 -160.00485000 1210.35500000
v 167.31550000 404.22515000 1121.77500000
v 198.26550000 143.75515000 1085.15500000
v 242.97550000 21.67515000 1475.07500000
v 259.51550000 -80.37485000 1478.65500000
v 253.54550000 -163.58485000 1462.55500000
v 193.47550000 260.23515000 1417.63500000
v 225.69550000 -263.56485000 1394.89500000
v 246.02550000 -339.13485000 1351.12500000
v 192.20550000 396.54515000 1348.80500000
v 223.39550000 -307.48485000 1333.78500000
v 215.55550000 -284.43485000 1304.78500000
v 203.74550000 469.28515000 1201.15500000
v 186.06550000 418.43515000 1099.09500000
v 222.57550000 298.12515000 1030.49500000
v 197.13550000 387.11515000 1071.62500000
v 212.13550000 170.51515000 1439.32500000
v 201.83550000 332.38515000 1382.96500000
v 222.53550000 448.84515000 1289.28500000
v 246.90550000 484.22515000 1213.20500000
v 240.26550000 -297.10485000 1231.89500000
v 242.99550000 477.10515000 1107.99500000
v 222.58550000 435.97515000 1069.76500000
v 244.40550000 9.26515000 1058.68500000
v 242.50550000 420.00515000 1022.79500000
v 255.39550000 85.32515000 1455.42500000
v 296.70550000 7.18515000 1476.02500000
v 297.32550000 -335.66485000 1408.71500000
v 279.11550000 -361.79485000 1375.37500000
v 232.47550000 374.81515000 1349.39500000
v 256.16550000 -369.30485000 1311.61500000
v 268.35550000 495.77515000 1153.57500000
v 274.47550000 -275.90485000 1145.84500000
v 281.91550000 468.16515000 1029.61500000
v 269.80550000 -153.38485000 1089.01500000
v 290.28550000 178.36515000 973.52500000
v 271.24550000 386.68515000 982.84500000
v 332.00550000 -300.33485000 1443.21500000
v 261.30550000 178.07515000 1419.28500000
v 258.94550000 291.48515000 1370.12500000
v 240.35550000 423.89515000 1311.37500000
v 296.72550000 -395.58485000 1191.02500000
v 305.59550000 -441.85485000 1248.96500000
v 287.03550000 503.20515000 1164.41500000
v 330.27550000 -96.94485000 994.83500000
v 318.50550000 46.91515000 968.16500000
v 293.83550000 434.01515000 982.86500000
v 372.92550000 -261.75485000 1467.90500000
v 290.68550000 401.80515000 1289.20500000
v 258.26550000 441.00515000 1282.75500000
v 306.13550000 -450.21485000 1302.13500000
v 295.62550000 464.15515000 1226.64500000
v 322.86550000 497.54515000 1155.68500000
v 334.58550000 -420.73485000 1139.80500000
v 325.12550000 487.94515000 1017.91500000
v 320.51550000 323.03515000 929.42500000
v 368.97550000 -69.21485000 1489.94500000
v 372.08550000 17.23515000 1467.29500000
v 341.93550000 184.84515000 1373.68500000
v 326.46550000 -422.97485000 1375.24500000
v 334.00550000 -461.36485000 1344.37500000
v 351.28550000 304.01515000 1290.77500000
v 377.49550000 -569.37485000 1263.22500000
v 347.64550000 507.64515000 1091.16500000
v 338.31550000 497.49515000 1046.48500000
v 352.95550000 404.02515000 911.48500000
v 363.38550000 447.66515000 922.85500000
v 344.78550000 101.22515000 1428.65500000
v 408.48550000 -524.25485000 1372.99500000
v 370.27550000 -541.63485000 1305.58500000
v 371.97550000 -522.13485000 1173.04500000
v 355.46550000 -401.40485000 1095.64500000
v 355.88550000 -267.06485000 1036.03500000
v 389.61550000 -173.36485000 963.76500000
v 347.80550000 468.52515000 964.66500000
v 383.71550000 26.35515000 908.79500000
v 371.41550000 129.44515000 901.45500000
v 427.45550000 -205.36485000 1491.83500000
v 392.62550000 445.88515000 1172.99500000
v 418.25550000 -544.37485000 1115.34500000
v 397.17550000 508.32515000 1014.76500000
v 411.95550000 229.91515000 858.74500000
v 481.49550000 -143.84485000 1507.68500000
v 461.67550000 60.24515000 1435.09500000
v 466.70550000 -410.02485000 1458.23500000
v 443.92550000 -481.36485000 1420.36500000
v 394.66550000 226.48515000 1298.85500000
v 406.33550000 -570.55485000 1331.85500000
v 419.75550000 375.99515000 1189.00500000
v 438.41550000 -649.55485000 1286.92500000
v 419.21550000 -629.42485000 1217.71500000
v 441.46550000 475.20515000 1093.74500000
v 421.32550000 500.68515000 1057.32500000
v 459.12550000 -658.52485000 1163.16500000
v 422.60550000 508.62515000 1021.45500000
v 422.85550000 -438.59485000 1044.55500000
v 403.93550000 488.01515000 958.00500000
v 431.08550000 -73.30485000 897.81500000
v 394.11550000 461.43515000 916.39500000
v 400.60550000 441.20515000 892.99500000
v 412.59550000 347.31515000 858.27500000
v 467.91550000 -36.71485000 1495.55500000
v 514.64550000 1.59515000 1485.29500000
v 492.25550000 -333.37485000 1485.69500000
v 398.62550000 121.37515000 1397.39500000
v 403.31550000 149.61515000 1368.73500000
v 422.71550000 167.19515000 1335.94500000
v 421.95550000 263.27515000 1240.71500000
v 442.65550000 308.13515000 1198.95500000
v 430.08550000 -649.84485000 1252.51500000
v 416.31550000 -344.97485000 1004.65500000
v 437.86550000 -243.79485000 950.46500000
v 435.13550000 411.12515000 859.53500000
v 455.77550000 93.81515000 842.99500000
v 454.61550000 222.24515000 1230.78500000
v 461.36550000 -365.89485000 979.28500000
v 512.37550000 -205.48485000 1509.65500000
v 452.99550000 122.70515000 1375.00500000
v 483.70550000 -671.40485000 1334.12500000
v 496.72550000 254.54515000 1171.08500000
v 476.58550000 -716.73485000 1248.00500000
v 508.12550000 -682.82485000 1116.56500000
v 493.50550000 -582.54485000 1060.66500000
v 471.98550000 497.68515000 970.57500000
v 472.15550000 449.48515000 875.25500000
v 486.45550000 372.13515000 817.48500000
v 495.59550000 296.43515000 805.15500000
v 533.12550000 184.70515000 786.76500000
v 544.43550000 -106.62485000 1518.59500000
v 582.04550000 23.17515000 1480.78500000
v 507.35550000 135.07515000 1330.12500000
v 512.58550000 -745.68485000 1290.77500000
v 488.08550000 168.94515000 1259.58500000
v 500.64550000 -740.74485000 1207.99500000
v 517.26550000 412.99515000 1089.74500000
v 527.95550000 441.62515000 1059.37500000
v 464.16550000 499.21515000 1008.11500000
v 509.56550000 -484.00485000 998.17500000
v 515.34550000 473.80515000 905.96500000
v 487.90550000 -127.15485000 872.01500000
v 500.25550000 409.61515000 831.95500000
v 491.54550000 -14.11485000 838.97500000
v 550.43550000 85.74515000 1405.10500000
v 558.77550000 -659.92485000 1402.78500000
v 604.53550000 -791.73485000 1351.35500000
v 544.57550000 175.68515000 1169.11500000
v 530.37550000 327.63515000 1115.13500000
v 517.64550000 481.44515000 991.46500000
v 521.22550000 -304.67485000 917.74500000
v 537.28550000 -99.39485000 837.44500000
v 554.70550000 383.09515000 800.56500000
v 602.08550000 -50.82485000 1520.24500000
v 578.02550000 -216.86485000 1523.36500000
v 573.00550000 -306.26485000 1515.12500000
v 630.99550000 -472.43485000 1509.20500000
v 579.34550000 -554.86485000 1460.54500000
v 662.20550000 91.17515000 1390.25500000
v 537.09550000 138.59515000 1280.13500000
v 555.48550000 133.97515000 1244.85500000
v 547.90550000 -799.91485000 1252.99500000
v 592.58550000 -822.10485000 1302.99500000
v 568.21550000 -817.00485000 1205.66500000
v 537.83550000 -757.57485000 1166.64500000
v 561.18550000 -691.94485000 1074.97500000
v 555.41550000 -612.18485000 1032.04500000
v 544.76550000 335.29515000 789.42500000
v 579.38550000 267.18515000 771.31500000
v 538.70550000 38.05515000 806.19500000
v 605.78550000 44.78515000 1463.26500000
v 615.39550000 118.39515000 1316.32500000
v 578.88550000 124.02515000 1190.76500000
v 613.10550000 203.31515000 1099.64500000
v 589.00550000 -767.70485000 1122.40500000
v 582.04550000 -513.55485000 971.57500000
v 556.78550000 473.73515000 924.95500000
v 556.58550000 451.39515000 860.70500000
v 572.70550000 -217.28485000 857.87500000
v 556.61550000 419.96515000 832.82500000
v 627.46550000 -864.53485000 1291.33500000
v 621.00550000 -863.01485000 1249.25500000
v 595.15550000 -815.04485000 1170.96500000
v 606.97550000 -739.02485000 1081.60500000
v 583.53550000 445.98515000 998.19500000
v 622.23550000 404.28515000 1015.32500000
v 583.78550000 -355.82485000 905.18500000
v 578.06550000 458.54515000 883.37500000
v 632.11550000 376.91515000 801.50500000
v 602.80550000 -64.40485000 804.92500000
v 682.95550000 -16.81485000 1523.42500000
v 677.68550000 -605.76485000 1497.43500000
v 744.39550000 -726.43485000 1499.30500000
v 696.88550000 -902.38485000 1341.90500000
v 609.59550000 119.99515000 1271.39500000
v 603.76550000 111.90515000 1228.10500000
v 609.68550000 100.89515000 1191.56500000
v 631.10550000 -859.06485000 1203.24500000
v 637.27550000 350.03515000 1040.18500000
v 622.94550000 -676.90485000 1040.29500000
v 645.27550000 -445.88485000 918.82500000
v 624.09550000 -246.07485000 855.33500000
v 614.15550000 325.57515000 780.25500000
v 596.22550000 77.90515000 776.62500000
v 621.47550000 176.04515000 760.93500000
v 661.73550000 -115.84485000 1542.19500000
v 666.02550000 -203.19485000 1547.53500000
v 669.27550000 -289.56485000 1547.27500000
v 724.56550000 48.63515000 1467.23500000
v 730.11550000 -827.87485000 1436.68500000
v 720.88550000 -885.21485000 1388.16500000
v 636.64550000 117.57515000 1121.12500000
v 642.21550000 78.98515000 1151.11500000
v 624.33550000 275.59515000 1068.20500000
v 658.87550000 -776.87485000 1096.97500000
v 629.12550000 441.37515000 930.20500000
v 685.35550000 -612.97485000 989.80500000
v 616.81550000 446.56515000 889.89500000
v 631.20550000 418.42515000 851.79500000
v 660.09550000 244.96515000 761.46500000
v 738.47550000 -409.80485000 1566.78500000
v 734.20550000 16.37515000 1507.17500000
v 736.00550000 94.08515000 1352.45500000
v 663.71550000 96.34515000 1250.08500000
v 686.44550000 -906.79485000 1250.00500000
v 658.36550000 69.04515000 1194.04500000
v 648.28550000 -831.81485000 1156.25500000
v 675.02550000 33.53515000 774.30500000
v 670.50550000 -141.34485000 816.47500000
v 800.06550000 -931.04485000 1434.83500000
v 774.56550000 77.05515000 1405.71500000
v 691.35550000 102.05515000 1295.07500000
v 695.08550000 -913.75485000 1296.58500000
v 719.06550000 -900.70485000 1206.76500000
v 707.80550000 19.81515000 1137.13500000
v 727.58550000 8.23515000 1185.27500000
v 705.92550000 54.28515000 1105.01500000
v 692.22550000 213.28515000 1053.07500000
v 685.83550000 280.37515000 1037.66500000
v 740.98550000 -559.20485000 956.22500000
v 666.73550000 419.07515000 886.13500000
v 717.29550000 -415.22485000 900.42500000
v 689.77550000 -290.79485000 861.79500000
v 708.60550000 358.94515000 817.16500000
v 715.52550000 294.99515000 788.89500000
v 684.96550000 154.70515000 759.29500000
v 755.52550000 -84.75485000 1562.52500000
v 793.48550000 -550.41485000 1575.77500000
v 754.81550000 77.94515000 1276.21500000
v 749.82550000 -953.38485000 1298.24500000
v 751.97550000 34.62515000 1233.13500000
v 767.59550000 -954.37485000 1272.80500000
v 727.76550000 -845.88485000 1140.98500000
v 772.71550000 252.88515000 1019.90500000
v 744.23550000 -764.91485000 1077.22500000
v 760.30550000 307.82515000 995.46500000
v 725.19550000 387.22515000 899.67500000
v 726.90550000 -189.15485000 828.29500000
v 729.46550000 -98.28485000 806.34500000
v 767.48550000 -177.82485000 1577.57500000
v 801.47550000 -658.02485000 1556.30500000
v 848.11550000 50.51515000 1461.43500000
v 738.66550000 103.28515000 1074.17500000
v 770.05550000 206.00515000 1035.36500000
v 714.10550000 372.96515000 955.11500000
v 773.66550000 -306.70485000 870.63500000
v 718.73550000 375.65515000 859.97500000
v 742.58550000 183.04515000 771.41500000
v 749.55550000 64.77515000 778.47500000
v 766.57550000 -289.81485000 1582.49500000
v 834.00550000 -46.77485000 1569.26500000
v 857.44550000 -936.28485000 1485.25500000
v 809.45550000 -46.84485000 1202.28500000
v 774.64550000 -36.90485000 1155.94500000
v 767.05550000 -22.66485000 1120.28500000
v 795.37550000 -917.94485000 1197.25500000
v 801.25550000 141.30515000 1047.61500000
v 802.83550000 304.86515000 965.62500000
v 876.66550000 -714.96485000 1044.47500000
v 821.81550000 -487.52485000 936.20500000
v 751.91550000 318.01515000 810.66500000
v 758.12550000 -36.47485000 797.82500000
v 833.64550000 -16.46485000 1550.59500000
v 809.45550000 -973.80485000 1404.28500000
v 864.67550000 61.96515000 1414.65500000
v 793.31550000 -981.01485000 1352.33500000
v 807.34550000 -990.74485000 1321.47500000
v 806.59550000 77.71515000 1329.62500000
v 829.57550000 39.25515000 1274.33500000
v 820.33550000 -966.17485000 1254.78500000
v 758.57550000 19.54515000 1098.34500000
v 821.48550000 305.88515000 926.92500000
v 774.08550000 321.37515000 838.25500000
v 798.29550000 -148.54485000 833.24500000
v 805.48550000 89.79515000 790.84500000
v 859.63550000 -153.78485000 1607.35500000
v 924.73550000 -303.68485000 1652.04500000
v 913.94550000 3.62515000 1535.69500000
v 859.53550000 -883.31485000 1514.31500000
v 874.06550000 63.18515000 1381.28500000
v 875.00550000 51.28515000 1322.25500000
v 844.86550000 -1008.16485000 1312.09500000
v 853.28550000 -25.46485000 1250.62500000
v 836.08550000 -884.57485000 1161.74500000
v 809.85550000 -35.36485000 1112.71500000
v 871.06550000 140.65515000 1030.01500000
v 863.65550000 -610.06485000 989.80500000
v 801.81550000 315.18515000 885.76500000
v 801.17550000 273.71515000 825.87500000
v 833.86550000 190.79515000 819.36500000
v 837.04550000 123.33515000 807.53500000
v 935.74550000 -116.43485000 1619.94500000
v 871.82550000 -520.23485000 1622.74500000
v 839.03550000 15.54515000 1081.45500000
v 925.50550000 -840.09485000 1127.91500000
v 871.29550000 199.70515000 1003.57500000
v 800.38550000 313.19515000 952.00500000
v 895.46550000 -253.93485000 885.52500000
v 840.12550000 -19.83485000 820.74500000
v 884.98550000 -420.48485000 1638.13500000
v 952.05550000 -670.71485000 1641.48500000
v 940.02550000 -837.39485000 1589.61500000
v 886.95550000 -1006.02485000 1465.53500000
v 893.71550000 -1044.51485000 1427.53500000
v 876.61550000 -1040.32485000 1368.12500000
v 913.81550000 -1036.77485000 1309.71500000
v 890.66550000 -91.71485000 1232.59500000
v 911.06550000 -981.35485000 1243.55500000
v 846.62550000 -77.56485000 1153.20500000
v 913.52550000 -63.59485000 1112.39500000
v 862.20550000 75.78515000 1056.46500000
v 862.28550000 244.49515000 977.05500000
v 857.58550000 263.83515000 954.60500000
v 882.88550000 -381.32485000 917.54500000
v 853.58550000 254.33515000 869.75500000
v 871.86550000 44.65515000 825.01500000
v 891.35550000 -1041.88485000 1340.05500000
v 921.94550000 25.64515000 1315.91500000
v 948.22550000 -12.64485000 1078.51500000
v 934.65550000 -589.81485000 990.90500000
v 1007.36550000 -462.47485000 970.17500000
v 887.61550000 235.80515000 910.59500000
v 877.07550000 205.73515000 859.14500000
v 926.68550000 -153.42485000 874.88500000
v 965.77550000 -204.47485000 1652.07500000
v 975.98550000 -67.98485000 1600.77500000
v 985.30550000 -1011.78485000 1555.65500000
v 943.40550000 -1079.40485000 1368.51500000
v 940.31550000 -33.65485000 1293.38500000
v 957.41550000 -106.55485000 1267.69500000
v 894.11550000 -112.01485000 1195.43500000
v 964.97550000 -928.75485000 1190.90500000
v 996.29550000 -671.60485000 1036.23500000
v 908.46550000 216.15515000 945.45500000
v 950.57550000 34.76515000 871.71500000
v 1047.21550000 -474.51485000 1717.56500000
v 1007.57550000 -568.54485000 1689.13500000
v 967.04550000 35.73515000 1471.36500000
v 912.32550000 50.57515000 1365.15500000
v 925.31550000 -113.83485000 1154.12500000
v 967.60550000 33.59515000 1049.64500000
v 911.87550000 206.31515000 967.05500000
v 950.23550000 -65.06485000 873.48500000
v 1049.45550000 -294.07485000 1700.93500000
v 1005.64550000 -1109.20485000 1508.34500000
v 980.36550000 -1113.77485000 1431.75500000
v 984.76550000 35.38515000 1425.04500000
v 1019.04550000 16.52515000 1379.34500000
v 1008.63550000 -1065.05485000 1302.42500000
v 1053.05550000 -1019.52485000 1250.25500000
v 965.41550000 -146.08485000 1236.66500000
v 975.19550000 -153.65485000 1188.82500000
v 968.24550000 -108.11485000 1131.56500000
v 926.42550000 172.27515000 986.71500000
v 1025.53550000 -727.38485000 1065.93500000
v 908.58550000 195.14515000 890.30500000
v 978.78550000 -340.49485000 931.14500000
v 992.23550000 -258.77485000 917.15500000
v 935.51550000 131.75515000 886.40500000
v 986.73550000 19.46515000 1508.67500000
v 1005.08550000 -1119.28485000 1386.85500000
v 988.54550000 -1088.89485000 1346.36500000
v 1029.75550000 -21.10485000 1340.09500000
v 998.90550000 -134.88485000 1149.72500000
v 1080.61550000 -896.57485000 1161.68500000
v 1070.94550000 -784.98485000 1100.96500000
v 1126.21550000 -765.92485000 1722.32500000
v 1064.28550000 -149.08485000 1660.31500000
v 1086.49550000 -1140.77485000 1575.87500000
v 1067.37550000 -1174.10485000 1431.27500000
v 1073.29550000 -88.66485000 1327.66500000
v 1040.35550000 -121.08485000 1303.75500000
v 975.95550000 85.73515000 1013.60500000
v 961.76550000 140.47515000 973.60500000
v 1132.56550000 -588.03485000 1029.02500000
v 955.87550000 144.50515000 931.06500000
v 1006.07550000 38.46515000 914.84500000
v 1044.62550000 -98.39485000 921.38500000
v 1065.67550000 -391.69485000 1721.50500000
v 1131.06550000 -1135.77485000 1618.19500000
v 1054.78550000 -176.09485000 1281.24500000
v 1036.94550000 -188.45485000 1223.77500000
v 1064.54550000 -168.79485000 1165.09500000
v 1116.01550000 -978.80485000 1212.55500000
v 1010.82550000 -92.80485000 1113.44500000
v 1023.30550000 -43.95485000 1076.53500000
v 1098.16550000 -342.85485000 965.39500000
v 1000.27550000 70.69515000 927.65500000
v 1074.28550000 -62.34485000 948.03500000
v 1077.55550000 -863.90485000 1672.61500000
v 1056.27550000 -217.42485000 1682.66500000
v 1074.94550000 -7.64485000 1543.25500000
v 1078.48550000 -55.08485000 1594.11500000
v 1163.92550000 -1243.17485000 1569.61500000
v 1134.18550000 -1240.25485000 1502.55500000
v 1129.97550000 -26.01485000 1387.68500000
v 1079.45550000 -1143.76485000 1368.29500000
v 1125.27550000 -73.74485000 1349.38500000
v 1054.02550000 -29.57485000 1052.23500000
v 1020.02550000 62.76515000 992.47500000
v 1007.83550000 82.21515000 968.55500000
v 1032.32550000 44.86515000 959.87500000
v 1047.97550000 -197.70485000 929.58500000
v 1139.48550000 -320.04485000 1734.94500000
v 1126.48550000 -389.15485000 1744.88500000
v 1064.35550000 10.93515000 1488.93500000
v 1134.08550000 -1233.16485000 1460.39500000
v 1132.97550000 -1209.43485000 1420.29500000
v 1174.35550000 -187.21485000 1338.69500000
v 1104.53550000 -231.01485000 1259.12500000
v 1161.76550000 -1142.21485000 1324.80500000
v 1107.34550000 -222.98485000 1213.77500000
v 1063.59550000 -5.40485000 1019.03500000
v 1124.63550000 -697.10485000 1066.02500000
v 1058.90550000 11.26515000 992.13500000
v 1044.30550000 8.93515000 949.32500000
v 1140.33550000 -1042.31485000 1658.95500000
v 1152.02550000 -155.75485000 1665.87500000
v 1096.32550000 5.77515000 1451.72500000
v 1166.14550000 -62.72485000 1373.26500000
v 1195.70550000 -1065.29485000 1259.73500000
v 1093.85550000 -122.76485000 1108.62500000
v 1249.33550000 -837.00485000 1132.49500000
v 1097.51550000 -50.68485000 983.98500000
v 1211.83550000 -476.60485000 1014.50500000
v 1177.50550000 -498.09485000 1773.44500000
v 1184.79550000 -655.67485000 1764.01500000
v 1152.24550000 -240.02485000 1706.62500000
v 1188.42550000 -1224.24485000 1610.03500000
v 1174.74550000 -1274.29485000 1483.68500000
v 1192.71550000 -30.79485000 1438.93500000
v 1191.82550000 -1231.17485000 1399.22500000
v 1241.70550000 -136.84485000 1368.74500000
v 1121.59550000 -72.44485000 1016.09500000
v 1152.55550000 -202.54485000 975.28500000
v 1204.75550000 -957.60485000 1723.53500000
v 1213.04550000 -119.17485000 1638.25500000
v 1174.41550000 -53.74485000 1578.86500000
v 1207.36550000 -1308.11485000 1501.30500000
v 1172.60550000 -26.41485000 1512.53500000
v 1189.89550000 -1266.50485000 1448.44500000
v 1159.59550000 -247.52485000 1311.18500000
v 1152.02550000 -262.88485000 1242.21500000
v 1158.05550000 -223.56485000 1182.01500000
v 1129.97550000 -100.36485000 1055.12500000
v 1165.26550000 -152.04485000 996.06500000
v 1171.15550000 -303.34485000 983.04500000
v 1211.26550000 -429.21485000 1776.50500000
v 1271.25550000 -1247.92485000 1658.07500000
v 1301.28550000 -1391.45485000 1561.08500000
v 1246.84550000 -1344.96485000 1520.89500000
v 1211.68550000 -57.85485000 1402.32500000
v 1172.18550000 -281.51485000 1283.67500000
v 1241.96550000 -964.36485000 1195.37500000
v 1181.16550000 -175.62485000 1109.12500000
v 1284.27550000 -668.33485000 1068.55500000
v 1158.89550000 -122.16485000 1011.93500000
v 1236.31550000 -393.72485000 1007.40500000
v 1250.60550000 -355.19485000 1761.39500000
v 1270.39550000 -872.36485000 1772.68500000
v 1285.00550000 -108.49485000 1610.04500000
v 1225.32550000 -1310.04485000 1476.18500000
v 1202.96550000 -299.07485000 1256.60500000
v 1306.64550000 -1176.36485000 1303.48500000
v 1257.80550000 -271.28485000 1164.94500000
v 1235.85550000 -745.24485000 1091.98500000
v 1206.32550000 -166.10485000 1044.49500000
v 1301.54550000 -459.00485000 1803.20500000
v 1244.02550000 -263.90485000 1722.18500000
v 1305.04550000 -1133.83485000 1729.50500000
v 1318.93550000 -1217.68485000 1703.41500000
v 1306.58550000 -1352.94485000 1613.47500000
v 1256.88550000 -64.82485000 1555.92500000
v 1263.22550000 -54.13485000 1524.46500000
v 1296.22550000 -1253.34485000 1360.73500000
v 1236.36550000 -274.69485000 1347.06500000
v 1206.79550000 -173.96485000 1077.40500000
v 1229.43550000 -202.96485000 1030.83500000
v 1352.23550000 -192.03485000 1668.34500000
v 1270.31550000 -1356.05485000 1497.37500000
v 1292.98550000 -1329.60485000 1437.21500000
v 1282.77550000 -107.50485000 1398.96500000
v 1269.72550000 -246.66485000 1361.27500000
v 1240.48550000 -317.84485000 1315.54500000
v 1235.55550000 -303.04485000 1222.17500000
v 1264.06550000 -234.27485000 1108.60500000
v 1249.55550000 -333.59485000 1008.85500000
v 1319.62550000 -541.72485000 1818.75500000
v 1292.47550000 -634.99485000 1809.00500000
v 1357.98550000 -1046.78485000 1775.91500000
v 1320.69550000 -254.34485000 1711.03500000
v 1277.22550000 -77.96485000 1426.04500000
v 1328.63550000 -245.73485000 1369.60500000
v 1281.03550000 -359.92485000 1271.17500000
v 1343.14550000 -1071.36485000 1236.01500000
v 1295.02550000 -333.60485000 1213.99500000
v 1365.74550000 -888.17485000 1151.08500000
v 1270.42550000 -229.73485000 1078.93500000
v 1354.48550000 -596.85485000 1056.31500000
v 1290.50550000 -303.49485000 1032.02500000
v 1340.49550000 -773.01485000 1814.18500000
v 1365.61550000 -432.18485000 1798.37500000
v 1331.07550000 -344.44485000 1757.04500000
v 1415.07550000 -1355.30485000 1697.47500000
v 1319.68550000 -1410.09485000 1527.66500000
v 1276.04550000 -58.95485000 1496.00500000
v 1320.84550000 -86.78485000 1461.74500000
v 1394.50550000 -976.92485000 1184.64500000
v 1309.95550000 -276.14485000 1064.09500000
v 1381.17550000 -511.11485000 1822.18500000
v 1412.27550000 -176.43485000 1629.30500000
v 1330.68550000 -101.16485000 1571.59500000
v 1318.26550000 -83.86485000 1535.17500000
v 1362.12550000 -1455.16485000 1543.22500000
v 1346.64550000 -1415.57485000 1487.54500000
v 1406.21550000 -1425.40485000 1433.15500000
v 1363.72550000 -338.38485000 1359.89500000
v 1355.02550000 -407.46485000 1320.26500000
v 1397.79550000 -1259.38485000 1320.83500000
v 1347.70550000 -411.27485000 1279.25500000
v 1350.80550000 -381.48485000 1229.86500000
v 1353.31550000 -345.38485000 1179.44500000
v 1342.24550000 -307.11485000 1133.31500000
v 1342.48550000 -299.25485000 1098.92500000
v 1362.44550000 -462.72485000 1041.99500000
v 1393.69550000 -682.19485000 1837.12500000
v 1378.19550000 -913.84485000 1809.16500000
v 1406.53550000 -1278.78485000 1728.21500000
v 1387.61550000 -1391.08485000 1653.75500000
v 1382.60550000 -138.68485000 1593.06500000
v 1447.52550000 -1484.42485000 1630.19500000
v 1468.26550000 -1541.98485000 1586.45500000
v 1393.44550000 -1478.48485000 1516.92500000
v 1374.68550000 -111.01485000 1505.58500000
v 1391.99550000 -185.23485000 1399.46500000
v 1425.20550000 -255.27485000 1383.79500000
v 1440.60550000 -427.53485000 1357.51500000
v 1484.53550000 -1176.70485000 1252.03500000
v 1425.19550000 -774.45485000 1104.68500000
v 1393.21550000 -371.21485000 1064.92500000
v 1435.06550000 -1523.54485000 1540.48500000
v 1453.12550000 -1497.87485000 1454.18500000
v 1384.00550000 -143.06485000 1432.96500000
v 1414.69550000 -1357.73485000 1372.22500000
v 1416.97550000 -407.96485000 1200.39500000
v 1388.69550000 -674.74485000 1076.61500000
v 1422.41550000 -429.09485000 1060.01500000
v 1393.52550000 -1230.32485000 -2266.87500000
v 1398.32550000 -1296.20485000 -2264.43500000
v 1410.19550000 -1290.20485000 -2231.81500000
v 1397.05550000 -1252.10485000 -2297.80500000
v 1404.11550000 -1133.38485000 -2296.20500000
v 1403.36550000 -1177.19485000 -2318.04500000
v 1465.20550000 -1030.85485000 1817.97500000
v 1453.58550000 -1200.12485000 1770.52500000
v 1449.29550000 -297.83485000 1718.15500000
v 1418.31550000 -141.60485000 1552.88500000
v 1413.90550000 -140.22485000 1472.93500000
v 1448.17550000 -469.68485000 1336.92500000
v 1417.63550000 -440.83485000 1253.97500000
v 1415.44550000 -360.93485000 1116.01500000
v 1421.72550000 -1206.81485000 -2225.78500000
v 1454.97550000 -1293.79485000 -2189.86500000
v 1415.29550000 -1155.37485000 -2257.29500000
v 1430.27550000 -1352.50485000 -2236.95500000
v 1426.75550000 -1087.10485000 -2282.40500000
v 1419.77550000 -1306.26485000 -2299.21500000
v 1424.51550000 -1066.09485000 -2329.81500000
v 1415.63550000 -1112.12485000 -2337.78500000
v 1417.62550000 -1138.81485000 -2356.92500000
v 1427.63550000 -1199.86485000 -2356.52500000
v 1448.86550000 -611.25485000 1842.10500000
v 1469.25550000 -878.70485000 1837.78500000
v 1468.30550000 -530.34485000 1824.30500000
v 1451.86550000 -410.15485000 1774.81500000
v 1478.62550000 -240.25485000 1663.02500000
v 1444.07550000 -474.49485000 1295.95500000
v 1473.88550000 -1044.36485000 1199.56500000
v 1436.82550000 -392.52485000 1150.60500000
v 1444.02550000 -395.89485000 1094.08500000
v 1477.76550000 -678.10485000 1079.98500000
v 1455.92550000 -1101.98485000 -2236.26500000
v 1471.04550000 -1188.21485000 -2198.30500000
v 1450.60550000 -1350.84485000 -2201.79500000
v 1476.24550000 -1419.79485000 -2196.51500000
v 1466.89550000 -1419.80485000 -2228.08500000
v 1439.46550000 -1034.79485000 -2315.13500000
v 1459.66550000 -1395.86485000 -2265.60500000
v 1470.85550000 -1367.91485000 -2319.42500000
v 1447.05550000 -1021.03485000 -2360.96500000
v 1439.55550000 -1077.76485000 -2376.88500000
v 1463.90550000 -1270.05485000 -2370.31500000
v 1449.49550000 -1123.79485000 -2396.73500000
v 1560.40550000 -822.15485000 1853.67500000
v 1482.62550000 -185.68485000 1590.01500000
v 1485.41550000 -1555.78485000 1482.63500000
v 1498.07550000 -191.12485000 1465.43500000
v 1543.46550000 -245.73485000 1430.58500000
v 1618.99550000 -500.89485000 1372.60500000
v 1547.31550000 -517.22485000 1354.68500000
v 1491.73550000 -1312.26485000 1310.00500000
v 1484.11550000 -456.31485000 1080.29500000
v 1507.57550000 -1289.09485000 -2164.69500000
v 1464.00550000 -1026.36485000 -2281.02500000
v 1499.85550000 -1464.43485000 -2231.21500000
v 1468.47550000 -986.57485000 -2336.04500000
v 1472.86550000 -982.15485000 -2383.66500000
v 1508.16550000 -1352.64485000 -2363.87500000
v 1478.90550000 -1011.61485000 -2414.03500000
v 1475.50550000 -1077.98485000 -2424.48500000
v 1498.51550000 -1151.32485000 -2436.67500000
v 1525.43550000 -1419.66485000 1715.19500000
v 1529.82550000 -226.07485000 1618.85500000
v 1540.58550000 -1634.82485000 1547.44500000
v 1531.25550000 -1621.99485000 1500.44500000
v 1479.69550000 -170.70485000 1510.41500000
v 1509.87550000 -1485.32485000 1380.38500000
v 1514.33550000 -1407.03485000 1338.08500000
v 1583.71550000 -400.49485000 1379.35500000
v 1504.80550000 -935.75485000 1153.28500000
v 1479.95550000 -420.90485000 1123.03500000
v 1523.14550000 -617.12485000 1072.92500000
v 1526.87550000 -1388.56485000 -2146.32500000
v 1516.04550000 -1431.34485000 -2161.30500000
v 1507.67550000 -1013.50485000 -2245.24500000
v 1510.83550000 -956.82485000 -2297.38500000
v 1498.86550000 -945.49485000 -2341.64500000
v 1512.35550000 -1453.36485000 -2273.66500000
v 1499.62550000 -947.01485000 -2371.65500000
v 1508.01550000 -958.06485000 -2413.61500000
v 1508.16550000 -1262.75485000 -2408.64500000
v 1554.63550000 -1137.06485000 1819.14500000
v 1539.02550000 -368.65485000 1735.05500000
v 1570.97550000 -316.21485000 1683.70500000
v 1497.79550000 -1483.19485000 1663.10500000
v 1631.25550000 -1723.25485000 1548.79500000
v 1552.30550000 -1581.65485000 1406.64500000
v 1521.05550000 -533.60485000 1310.37500000
v 1505.14550000 -501.15485000 1251.99500000
v 1499.53550000 -465.89485000 1194.54500000
v 1513.58550000 -524.99485000 1074.81500000
v 1520.85550000 -1175.56485000 -2182.48500000
v 1515.49550000 -1085.38485000 -2214.84500000
v 1502.70550000 -1468.02485000 -2202.52500000
v 1531.43550000 -1492.37485000 -2172.60500000
v 1532.33550000 -923.37485000 -2350.71500000
v 1527.68550000 -1430.14485000 -2315.04500000
v 1559.96550000 -1326.58485000 -2406.30500000
v 1523.05550000 -982.82485000 -2452.23500000
v 1514.80550000 -1045.18485000 -2454.67500000
v 1544.30550000 -1225.00485000 -2444.39500000
v 1573.73550000 -672.67485000 1846.93500000
v 1575.27550000 -748.83485000 1851.67500000
v 1532.18550000 -1017.48485000 1834.54500000
v 1616.49550000 -594.32485000 1816.11500000
v 1590.50550000 -278.46485000 1639.27500000
v 1562.33550000 -1601.19485000 1612.62500000
v 1543.69550000 -205.02485000 1551.24500000
v 1596.80550000 -1702.73485000 1501.58500000
v 1560.08550000 -1626.66485000 1442.31500000
v 1632.03550000 -359.83485000 1400.16500000
v 1576.93550000 -1373.46485000 1293.27500000
v 1585.25550000 -843.02485000 1117.94500000
v 1555.96550000 -1196.73485000 -2181.93500000
v 1552.83550000 -1280.63485000 -2162.07500000
v 1545.67550000 -1521.18485000 -2195.16500000
v 1560.14550000 -1524.06485000 -2232.30500000
v 1545.05550000 -955.83485000 -2265.68500000
v 1552.74550000 -928.48485000 -2293.83500000
v 1544.80550000 -926.87485000 -2317.64500000
v 1539.39550000 -928.40485000 -2400.74500000
v 1558.86550000 -953.55485000 -2455.46500000
v 1569.29550000 -1002.80485000 -2487.72500000
v 1568.52550000 -1075.15485000 -2491.29500000
v 1619.81550000 -1049.02485000 1841.04500000
v 1647.83550000 -504.69485000 1766.61500000
v 1597.73550000 -1356.00485000 1761.20500000
v 1577.55550000 -232.44485000 1584.56500000
v 1610.88550000 -1698.14485000 1438.24500000
v 1619.46550000 -258.13485000 1465.59500000
v 1614.35550000 -1486.03485000 1300.68500000
v 1607.99550000 -590.02485000 1337.50500000
v 1574.32550000 -533.88485000 1210.62500000
v 1574.05550000 -1279.23485000 1262.16500000
v 1522.05550000 -462.50485000 1147.20500000
v 1575.61550000 -506.11485000 1125.30500000
v 1587.59550000 -540.51485000 1100.20500000
v 1597.61550000 -743.80485000 1097.14500000
v 1586.99550000 -1409.15485000 -2124.79500000
v 1593.75550000 -1492.67485000 -2111.08500000
v 1586.19550000 -1538.67485000 -2130.41500000
v 1563.17550000 -1094.72485000 -2205.51500000
v 1573.48550000 -992.77485000 -2243.17500000
v 1557.26550000 -914.77485000 -2379.96500000
v 1582.31550000 -1443.81485000 -2333.77500000
v 1574.20550000 -1163.63485000 -2477.76500000
v 1622.08550000 -1227.82485000 1806.90500000
v 1601.99550000 -1705.57485000 1526.72500000
v 1602.45550000 -237.96485000 1507.79500000
v 1638.21550000 -1685.68485000 1369.88500000
v 1598.72550000 -596.13485000 1297.00500000
v 1591.36550000 -567.76485000 1250.88500000
v 1638.36550000 -1415.40485000 1270.59500000
v 1615.59550000 -1083.07485000 1180.63500000
v 1632.93550000 -946.71485000 1140.15500000
v 1592.15550000 -1568.23485000 -2153.97500000
v 1598.93550000 -1263.28485000 -2184.85500000
v 1619.48550000 -1352.28485000 -2153.91500000
v 1611.06550000 -1587.86485000 -2186.22500000
v 1582.77550000 -936.46485000 -2285.69500000
v 1582.64550000 -1505.60485000 -2275.51500000
v 1579.81550000 -920.14485000 -2344.91500000
v 1584.87550000 -930.85485000 -2419.14500000
v 1590.55550000 -1251.28485000 -2453.12500000
v 1625.63550000 -1336.82485000 -2416.84500000
v 1591.38550000 -975.81485000 -2490.85500000
v 1623.08550000 -1044.30485000 -2514.53500000
v 1695.10550000 -831.97485000 1848.17500000
v 1705.36550000 -431.73485000 1699.61500000
v 1679.47550000 -1605.04485000 1669.74500000
v 1595.56550000 -1576.43485000 1648.67500000
v 1668.98550000 -1782.17485000 1485.51500000
v 1686.78550000 -603.10485000 1361.78500000
v 1638.00550000 -1603.54485000 1321.57500000
v 1612.49550000 -1213.63485000 1223.86500000
v 1631.94550000 -1495.68485000 -2091.08500000
v 1629.26550000 -1604.18485000 -2115.80500000
v 1658.54550000 -1599.18485000 -2076.65500000
v 1654.55550000 -1436.49485000 -2115.02500000
v 1637.47550000 -1618.73485000 -2136.45500000
v 1600.70550000 -1172.00485000 -2211.25500000
v 1605.87550000 -1042.62485000 -2232.82500000
v 1595.69550000 -1110.82485000 -2219.55500000
v 1637.36550000 -1583.55485000 -2228.97500000
v 1669.96550000 -1457.02485000 -2349.68500000
v 1619.50550000 -962.76485000 -2476.95500000
v 1618.18550000 -1193.37485000 -2483.71500000
v 1624.89550000 -998.75485000 -2498.99500000
v 1620.45550000 -1122.79485000 -2498.12500000
v 1641.28550000 -279.18485000 1602.23500000
v 1683.47550000 -1796.38485000 1429.02500000
v 1728.73550000 -320.23485000 1468.41500000
v 1682.41550000 -311.89485000 1447.62500000
v 1651.17550000 -636.84485000 1308.12500000
v 1660.76550000 -1325.92485000 1234.81500000
v 1585.87550000 -522.46485000 1165.71500000
v 1665.80550000 -1503.34485000 -2081.62500000
v 1671.77550000 -1653.16485000 -2143.60500000
v 1629.18550000 -984.68485000 -2258.25500000
v 1625.74550000 -954.18485000 -2285.28500000
v 1619.67550000 -932.17485000 -2316.96500000
v 1634.66550000 -928.96485000 -2358.69500000
v 1624.70550000 -932.32485000 -2400.18500000
v 1660.89550000 -1290.76485000 -2440.68500000
v 1636.37550000 -946.67485000 -2440.35500000
v 1699.48550000 -729.30485000 1834.01500000
v 1730.68550000 -972.55485000 1845.62500000
v 1822.43550000 -669.59485000 1779.60500000
v 1720.89550000 -1379.51485000 1775.87500000
v 1675.30550000 -1211.34485000 1814.77500000
v 1697.90550000 -346.92485000 1633.13500000
v 1661.32550000 -274.63485000 1554.62500000
v 1681.52550000 -284.62485000 1489.63500000
v 1740.86550000 -383.80485000 1423.70500000
v 1689.31550000 -1781.43485000 1373.41500000
v 1671.34550000 -632.09485000 1250.74500000
v 1708.88550000 -1413.00485000 1228.04500000
v 1637.83550000 -577.80485000 1196.62500000
v 1673.51550000 -675.52485000 1101.75500000
v 1693.62550000 -884.74485000 1118.88500000
v 1664.33550000 -1551.15485000 -2070.21500000
v 1696.57550000 -1402.03485000 -2149.71500000
v 1671.20550000 -1321.22485000 -2197.90500000
v 1658.61550000 -1254.38485000 -2232.52500000
v 1627.42550000 -1129.57485000 -2244.12500000
v 1669.59550000 -1633.29485000 -2185.86500000
v 1660.86550000 -1077.19485000 -2278.52500000
v 1651.81550000 -1010.92485000 -2271.83500000
v 1667.52550000 -1203.31485000 -2269.43500000
v 1697.82550000 -1572.38485000 -2268.91500000
v 1663.04550000 -967.01485000 -2464.11500000
v 1741.60550000 -1550.14485000 1711.27500000
v 1697.77550000 -1726.34485000 1586.35500000
v 1740.03550000 -1853.30485000 1474.72500000
v 1863.13550000 -537.09485000 1389.71500000
v 1708.89550000 -662.28485000 1336.86500000
v 1704.74550000 -1770.32485000 1325.14500000
v 1706.53550000 -1727.91485000 1293.73500000
v 1730.64550000 -1535.16485000 1229.74500000
v 1663.46550000 -584.45485000 1150.40500000
v 1741.46550000 -1025.75485000 1140.15500000
v 1719.54550000 -1120.71485000 1163.16500000
v 1688.32550000 -612.80485000 1127.74500000
v 1685.73550000 -631.85485000 1116.44500000
v 1727.05550000 -1630.62485000 -2021.83500000
v 1736.93550000 -1507.54485000 -2083.62500000
v 1682.50550000 -1655.03485000 -2088.53500000
v 1714.40550000 -1649.39485000 -2200.96500000
v 1665.22550000 -954.90485000 -2344.86500000
v 1662.61550000 -958.22485000 -2412.59500000
v 1725.12550000 -1404.51485000 -2379.03500000
v 1665.32550000 -995.85485000 -2488.53500000
v 1670.95550000 -1205.87485000 -2470.11500000
v 1663.99550000 -1036.42485000 -2506.91500000
v 1663.85550000 -1104.34485000 -2499.04500000
v 1814.25550000 -564.14485000 1730.15500000
v 1694.81550000 -290.26485000 1513.05500000
v 1754.94550000 -1846.89485000 1300.54500000
v 1707.07550000 -674.72485000 1292.96500000
v 1701.41550000 -1201.14485000 1184.98500000
v 1749.82550000 -824.46485000 1109.14500000
v 1730.90550000 -1577.56485000 -2042.42500000
v 1722.48550000 -1668.05485000 -2026.86500000
v 1734.46550000 -1707.08485000 -2037.65500000
v 1725.33550000 -1705.89485000 -2084.83500000
v 1714.47550000 -1305.74485000 -2244.53500000
v 1729.58550000 -1695.51485000 -2139.31500000
v 1660.47550000 -981.08485000 -2300.20500000
v 1682.37550000 -1033.39485000 -2310.17500000
v 1673.82550000 -1154.21485000 -2289.54500000
v 1735.80550000 -1543.61485000 -2305.47500000
v 1717.11550000 -1333.17485000 -2409.43500000
v 1690.53550000 -1279.65485000 -2436.48500000
v 1692.44550000 -1137.55485000 -2485.53500000
v 1762.98550000 -1084.21485000 1838.94500000
v 1759.68550000 -1232.46485000 1810.88500000
v 1786.82550000 -730.43485000 1809.94500000
v 1792.94550000 -1541.85485000 1725.01500000
v 1785.25550000 -1753.50485000 1608.49500000
v 1729.04550000 -330.17485000 1581.38500000
v 1768.39550000 -1849.31485000 1507.88500000
v 1748.38550000 -325.42485000 1495.58500000
v 1768.66550000 -1893.71485000 1406.56500000
v 1864.32550000 -489.51485000 1407.39500000
v 1804.62550000 -561.83485000 1380.47500000
v 1758.38550000 -1870.49485000 1343.50500000
v 1752.34550000 -1810.33485000 1270.95500000
v 1762.74550000 -1699.48485000 1216.88500000
v 1778.74550000 -1292.12485000 1170.14500000
v 1761.44550000 -1682.84485000 -1985.86500000
v 1769.48550000 -1750.63485000 -2014.55500000
v 1791.26550000 -1458.59485000 -2132.69500000
v 1763.39550000 -1703.42485000 -2164.15500000
v 1718.23550000 -1270.96485000 -2292.69500000
v 1698.74550000 -1128.72485000 -2325.63500000
v 1697.24550000 -1199.81485000 -2310.35500000
v 1769.49550000 -1523.52485000 -2320.37500000
v 1690.10550000 -994.94485000 -2453.33500000
v 1708.87550000 -1182.20485000 -2450.59500000
v 1708.70550000 -1270.35485000 -2427.47500000
v 1688.56550000 -1079.34485000 -2497.21500000
v 1813.24550000 -1701.46485000 1648.42500000
v 1829.06550000 -442.60485000 1637.70500000
v 1857.59550000 -657.83485000 1370.34500000
v 1800.97550000 -686.68485000 1356.26500000
v 1830.25550000 -744.11485000 1336.83500000
v 1756.79550000 -704.05485000 1257.53500000
v 1822.41550000 -1658.94485000 1151.66500000
v 1787.92550000 -1805.11485000 1214.01500000
v 1726.24550000 -656.50485000 1198.35500000
v 1820.30550000 -1434.94485000 1158.15500000
v 1733.00550000 -651.44485000 1157.95500000
v 1809.27550000 -1160.69485000 1143.29500000
v 1790.15550000 -1683.71485000 -1969.00500000
v 1781.17550000 -1644.09485000 -1996.39500000
v 1775.35550000 -1733.61485000 -1979.55500000
v 1798.37550000 -1780.63485000 -2046.79500000
v 1765.56550000 -1380.93485000 -2200.22500000
v 1695.12550000 -1002.37485000 -2346.05500000
v 1706.29550000 -1070.88485000 -2349.32500000
v 1696.79550000 -999.83485000 -2399.08500000
v 1807.24550000 -1500.50485000 -2329.96500000
v 1736.16550000 -1311.82485000 -2397.00500000
v 1712.79550000 -1095.52485000 -2470.80500000
v 1690.72550000 -1041.64485000 -2477.82500000
v 1831.58550000 -1417.90485000 1767.24500000
v 1856.51550000 -1548.00485000 1723.63500000
v 1771.06550000 -344.66485000 1533.38500000
v 1815.50550000 -1921.27485000 1442.84500000
v 1835.28550000 -411.28485000 1450.41500000
v 1776.33550000 -722.70485000 1304.17500000
v 1815.61550000 -1882.08485000 1216.43500000
v 1843.48550000 -1807.24485000 1139.58500000
v 1794.70550000 -716.80485000 1183.83500000
v 1819.29550000 -956.27485000 1118.87500000
v 1760.37550000 -702.41485000 1129.18500000
v 1845.28550000 -818.73485000 1125.76500000
v 1792.14550000 -809.56485000 1113.20500000
v 1805.16550000 -1731.77485000 -1945.32500000
v 1793.25550000 -1775.66485000 -1975.15500000
v 1812.00550000 -1608.87485000 -2020.54500000
v 1804.11550000 -1745.59485000 -2128.59500000
v 1799.47550000 -1694.36485000 -2189.43500000
v 1759.44550000 -1333.07485000 -2261.34500000
v 1724.63550000 -1236.54485000 -2344.28500000
v 1782.57550000 -1334.80485000 -2297.10500000
v 1715.59550000 -1079.95485000 -2396.39500000
v 1715.44550000 -1161.58485000 -2374.55500000
v 1818.80550000 -1634.54485000 -2245.58500000
v 1719.74550000 -1159.88485000 -2415.07500000
v 1721.41550000 -1233.11485000 -2397.79500000
v 1765.59550000 -1322.05485000 -2352.38500000
v 1709.58550000 -1057.77485000 -2444.04500000
v 1715.99550000 -1109.81485000 -2441.89500000
v 1762.48550000 -1365.01485000 -2371.20500000
v 1712.06550000 -1088.06485000 -2455.49500000
v 1851.17550000 -857.94485000 1817.52500000
v 1856.19550000 -973.59485000 1824.82500000
v 1870.51550000 -1229.65485000 1805.77500000
v 1874.86550000 -524.20485000 1674.38500000
v 1852.00550000 -1639.95485000 1683.73500000
v 1861.02550000 -1880.48485000 1523.60500000
v 1890.40550000 -472.72485000 1428.95500000
v 1806.90550000 -1909.87485000 1272.65500000
v 1844.99550000 -1967.13485000 1300.60500000
v 1847.07550000 -1575.09485000 1131.45500000
v 1859.12550000 -1752.06485000 1116.36500000
v 1879.61550000 -1079.98485000 1118.95500000
v 1814.05550000 -1795.98485000 -1946.70500000
v 1818.19550000 -1774.98485000 -1932.48500000
v 1814.73550000 -1805.16485000 -1975.36500000
v 1825.71550000 -1435.02485000 -2165.16500000
v 1804.92550000 -1385.21485000 -2341.84500000
v 1812.44550000 -1443.84485000 -2339.72500000
v 1879.11550000 -1112.83485000 1812.38500000
v 1968.78550000 -621.80485000 1686.63500000
v 1866.48550000 -1798.91485000 1595.28500000
v 1825.61550000 -398.86485000 1579.08500000
v 1841.79550000 -395.05485000 1489.86500000
v 1834.26550000 -1908.41485000 1478.91500000
v 1859.20550000 -1975.69485000 1377.38500000
v 1844.56550000 -776.37485000 1309.18500000
v 1819.41550000 -760.36485000 1279.46500000
v 1824.69550000 -758.05485000 1233.52500000
v 1881.72550000 -1511.98485000 1112.47500000
v 1871.20550000 -1881.88485000 1126.92500000
v 1785.27550000 -710.89485000 1154.05500000
v 1889.85550000 -1253.02485000 1120.29500000
v 1876.93550000 -916.68485000 1117.33500000
v 1847.47550000 -1787.50485000 -1901.97500000
v 1857.83550000 -1752.92485000 -1913.46500000
v 1853.03550000 -1830.64485000 -1900.82500000
v 1841.66550000 -1682.89485000 -1966.91500000
v 1853.83550000 -1851.65485000 -1923.24500000
v 1847.82550000 -1547.70485000 -2071.50500000
v 1845.63550000 -1801.17485000 -2075.54500000
v 1871.93550000 -1854.45485000 -2012.96500000
v 1834.33550000 -1417.40485000 -2195.47500000
v 1820.32550000 -1391.84485000 -2233.44500000
v 1865.33550000 -1600.79485000 -2269.43500000
v 1831.40550000 -1395.00485000 -2306.52500000
v 1882.63550000 -1370.86485000 1774.96500000
v 1951.77550000 -1531.80485000 1722.02500000
v 1942.28550000 -2062.47485000 1274.53500000
v 1877.23550000 -1969.14485000 1200.58500000
v 1867.19550000 -1924.86485000 1164.87500000
v 1861.20550000 -800.53485000 1152.07500000
v 1891.59550000 -1346.47485000 1118.36500000
v 1907.83550000 -1710.26485000 1067.17500000
v 1880.33550000 -1881.43485000 -1883.17500000
v 1856.49550000 -1854.26485000 -1965.08500000
v 1918.28550000 -1851.97485000 -2063.01500000
v 1878.45550000 -1495.45485000 -2124.72500000
v 1875.94550000 -1782.64485000 -2122.63500000
v 1886.50550000 -1739.58485000 -2170.18500000
v 1872.95550000 -1433.43485000 -2250.70500000
v 1859.80550000 -1522.68485000 -2304.88500000
v 1922.48550000 -807.58485000 1783.05500000
v 1938.62550000 -1767.59485000 1622.35500000
v 1971.02550000 -534.08485000 1622.00500000
v 1884.24550000 -421.94485000 1531.03500000
v 1873.07550000 -1955.99485000 1437.17500000
v 1948.30550000 -2042.95485000 1364.33500000
v 1931.75550000 -2042.74485000 1205.68500000
v 1925.97550000 -1973.71485000 1104.39500000
v 1855.69550000 -787.29485000 1191.79500000
v 1940.61550000 -1188.87485000 1104.25500000
v 1937.73550000 -1577.42485000 1062.92500000
v 1892.75550000 -1821.75485000 -1863.96500000
v 1878.92550000 -1839.74485000 -1869.73500000
v 1895.49550000 -1885.19485000 -1855.70500000
v 1916.48550000 -1737.29485000 -1927.40500000
v 1906.44550000 -1920.26485000 -1880.04500000
v 1943.03550000 -1658.23485000 -1992.79500000
v 1869.23550000 -1455.75485000 -2168.31500000
v 1856.99550000 -1479.83485000 -2316.48500000
v 1975.07550000 -994.33485000 1794.86500000
v 2007.58550000 -762.94485000 1732.19500000
v 1941.19550000 -663.33485000 1719.29500000
v 1964.63550000 -1400.81485000 1756.17500000
v 1914.67550000 -447.30485000 1555.57500000
v 1951.32550000 -475.37485000 1471.22500000
v 1929.58550000 -838.42485000 1317.88500000
v 1882.81550000 -816.73485000 1278.79500000
v 1967.40550000 -2055.63485000 1118.61500000
v 1936.84550000 -1033.30485000 1112.92500000
v 1975.22550000 -1117.33485000 1103.48500000
v 1946.99550000 -1444.52485000 1080.58500000
v 1918.80550000 -1834.26485000 1055.37500000
v 1921.48550000 -1887.04485000 -1827.20500000
v 1915.24550000 -1923.83485000 -1845.98500000
v 1949.63550000 -1811.91485000 -1866.46500000
v 1924.45550000 -1926.87485000 -1934.53500000
v 1936.83550000 -1902.77485000 -2001.95500000
v 1891.52550000 -1461.47485000 -2189.54500000
v 1938.66550000 -1741.49485000 -2177.71500000
v 1885.04550000 -1461.31485000 -2281.09500000
v 1847.06550000 -1447.37485000 -2314.07500000
v 1913.93550000 -1601.42485000 -2254.61500000
v 1929.13550000 -1318.54485000 1779.29500000
v 1966.28550000 -1873.66485000 1550.53500000
v 1956.40550000 -795.82485000 1347.21500000
v 1930.61550000 -866.58485000 1226.89500000
v 1946.51550000 -906.24485000 1145.80500000
v 1968.88550000 -967.31485000 1126.48500000
v 1987.52550000 -1297.87485000 1081.54500000
v 1954.94550000 -1931.03485000 1033.94500000
v 1991.68550000 -2009.10485000 1018.22500000
v 2001.40550000 -1801.42485000 970.87500000
v 1935.29550000 -1857.91485000 -1832.47500000
v 1968.63550000 -1906.27485000 -1793.28500000
v 1941.12550000 -1940.02485000 -1808.32500000
v 1929.73550000 -1571.45485000 -2063.68500000
v 1912.34550000 -1495.19485000 -2145.03500000
v 1922.70550000 -1495.04485000 -2239.16500000
v 1959.77550000 -1692.38485000 -2202.07500000
v 1893.71550000 -1519.61485000 -2279.57500000
v 2004.98550000 -926.85485000 1775.72500000
v 1945.56550000 -1653.35485000 1676.21500000
v 2045.47550000 -617.70485000 1636.46500000
v 1968.35550000 -498.13485000 1573.09500000
v 1959.37550000 -475.53485000 1536.05500000
v 1962.50550000 -476.94485000 1505.35500000
v 1958.09550000 -2007.43485000 1423.95500000
v 2013.17550000 -1987.55485000 1460.73500000
v 2007.26550000 -533.50485000 1444.92500000
v 2013.49550000 -678.01485000 1376.37500000
v 1997.94550000 -2102.22485000 1291.17500000
v 1982.50550000 -909.14485000 1279.14500000
v 1934.36550000 -876.61485000 1174.69500000
v 1996.44550000 -2052.55485000 1047.43500000
v 1981.99550000 -1019.16485000 1115.72500000
v 1972.01550000 -1941.86485000 -1776.38500000
v 1990.91550000 -1876.08485000 -1813.64500000
v 1955.49550000 -1973.60485000 -1805.41500000
v 1979.18550000 -2011.78485000 -1826.59500000
v 1981.95550000 -2000.47485000 -1884.70500000
v 2029.75550000 -1770.84485000 -1903.37500000
v 1996.86550000 -1977.19485000 -1947.42500000
v 1996.52550000 -1922.44485000 -2023.18500000
v 1959.06550000 -1546.60485000 -2099.40500000
v 1964.06550000 -1838.48485000 -2098.79500000
v 1982.31550000 -1665.47485000 -2202.44500000
v 1937.49550000 -1536.35485000 -2238.90500000
v 2022.16550000 -1134.26485000 1773.92500000
v 1978.31550000 -1284.76485000 1768.36500000
v 2041.52550000 -1656.08485000 1665.03500000
v 2005.68550000 -561.88485000 1418.70500000
v 1999.02550000 -2066.91485000 1374.35500000
v 2024.35550000 -2103.46485000 1326.87500000
v 2025.72550000 -2136.41485000 1214.49500000
v 2010.98550000 -2119.89485000 1147.76500000
v 1994.15550000 -1539.24485000 1031.52500000
v 1975.76550000 -1594.73485000 1028.90500000
v 2016.83550000 -1650.58485000 988.03500000
v 2023.21550000 -1910.47485000 951.61500000
v 2004.07550000 -1944.71485000 -1756.08500000
v 1986.76550000 -1984.88485000 -1757.67500000
v 2001.37550000 -2027.35485000 -1751.54500000
v 1946.99550000 -1518.04485000 -2143.17500000
v 1957.32550000 -1522.01485000 -2174.11500000
v 2010.02550000 -1634.55485000 -2180.87500000
v 2078.70550000 -717.27485000 1670.70500000
v 2075.71550000 -1763.99485000 1611.92500000
v 2065.54550000 -582.48485000 1586.69500000
v 2066.23550000 -1871.00485000 1554.14500000
v 2036.96550000 -1021.53485000 1132.84500000
v 2041.82550000 -1999.96485000 950.70500000
v 2036.17550000 -2046.96485000 -1684.76500000
v 2022.78550000 -1986.73485000 -1726.45500000
v 2039.90550000 -1930.40485000 -1763.88500000
v 2026.64550000 -2063.49485000 -1833.37500000
v 2033.03550000 -2045.89485000 -1879.44500000
v 2088.29550000 -2074.49485000 -1895.82500000
v 2018.06550000 -1702.76485000 -1958.82500000
v 1998.90550000 -1606.98485000 -2043.80500000
v 2075.96550000 -1699.66485000 -1963.26500000
v 1998.31550000 -1562.59485000 -2104.50500000
v 1962.20550000 -1542.59485000 -2202.41500000
v 2039.14550000 -1700.04485000 -2162.06500000
v 1991.84550000 -1575.93485000 -2182.89500000
v 2046.88550000 -859.66485000 1741.71500000
v 2045.81550000 -1441.03485000 1722.30500000
v 2073.25550000 -1959.99485000 1490.58500000
v 2068.87550000 -2093.50485000 1359.39500000
v 2032.03550000 -770.20485000 1358.53500000
v 2083.31550000 -957.76485000 1314.38500000
v 2052.68550000 -2145.84485000 1259.83500000
v 2011.26550000 -952.69485000 1241.84500000
v 2024.69550000 -977.75485000 1195.26500000
v 2007.63550000 -971.89485000 1158.36500000
v 2069.20550000 -2182.91485000 1146.77500000
v 2051.88550000 -1075.13485000 1109.32500000
v 2023.88550000 -1105.25485000 1098.12500000
v 2052.16550000 -2137.02485000 1044.45500000
v 2029.38550000 -1194.65485000 1083.30500000
v 2040.62550000 -1409.70485000 1036.65500000
v 2059.53550000 -2086.11485000 976.23500000
v 2099.30550000 -1765.03485000 893.43500000
v 2030.70550000 -2075.92485000 -1702.44500000
v 2049.59550000 -2099.25485000 -1659.06500000
v 2035.57550000 -1964.74485000 -1734.96500000
v 2029.75550000 -2085.29485000 -1739.10500000
v 2051.95550000 -2121.99485000 -1677.28500000
v 2063.27550000 -2124.99485000 -1757.50500000
v 2049.78550000 -1870.20485000 -1816.69500000
v 2071.11550000 -2013.29485000 -1960.11500000
v 2002.93550000 -1580.43485000 -2075.86500000
v 2040.47550000 -1852.38485000 -2105.03500000
v 2001.29550000 -1567.60485000 -2156.88500000
v 2044.13550000 -1753.38485000 -2149.53500000
v 2136.65550000 -1068.34485000 1729.64500000
v 2072.99550000 -1573.60485000 1681.40500000
v 2056.26550000 -545.59485000 1526.62500000
v 2022.20550000 -612.75485000 1397.99500000
v 2076.56550000 -2142.25485000 1292.01500000
v 2050.70550000 -981.88485000 1273.33500000
v 2078.05550000 -2182.93485000 1190.59500000
v 2088.53550000 -2196.21485000 1078.37500000
v 2103.72550000 -1517.95485000 963.81500000
v 2155.65550000 -1875.76485000 834.34500000
v 2145.53550000 -2000.90485000 851.77500000
v 2074.04550000 -2117.17485000 -1606.66500000
v 2092.60550000 -2097.28485000 -1593.69500000
v 2070.34550000 -2042.41485000 -1658.34500000
v 2072.64550000 -2148.32485000 -1615.85500000
v 2085.95550000 -2182.84485000 -1625.11500000
v 2067.72550000 -2145.87485000 -1690.24500000
v 2095.53550000 -2122.63485000 -1820.17500000
v 2049.65550000 -1623.81485000 -2048.34500000
v 2091.46550000 -1971.25485000 -2013.44500000
v 2040.85550000 -1602.74485000 -2103.72500000
v 2009.98550000 -1773.19485000 -2151.30500000
v 2148.54550000 -937.93485000 1707.17500000
v 2063.93550000 -562.10485000 1556.21500000
v 2158.86550000 -1976.01485000 1479.60500000
v 2048.12550000 -544.17485000 1482.92500000
v 2157.78550000 -2054.68485000 1408.51500000
v 2161.83550000 -663.87485000 1418.41500000
v 2129.97550000 -880.68485000 1337.29500000
v 2121.54550000 -2224.43485000 1128.43500000
v 2087.08550000 -1068.68485000 1146.22500000
v 2132.63550000 -1387.98485000 995.57500000
v 2133.01550000 -2190.25485000 951.87500000
v 2132.21550000 -2216.04485000 996.28500000
v 2148.59550000 -2162.23485000 904.08500000
v 2144.25550000 -2097.72485000 882.50500000
v 2192.93550000 -1755.22485000 819.72500000
v 2097.38550000 -2193.18485000 -1568.28500000
v 2104.68550000 -2175.18485000 -1541.79500000
v 2140.48550000 -2049.03485000 -1625.78500000
v 2074.25550000 -1987.86485000 -1709.32500000
v 2039.59550000 -1618.58485000 -2136.31500000
v 2087.19550000 -1844.80485000 -2105.26500000
v 2088.68550000 -1674.34485000 -2108.64500000
v 2108.76550000 -1325.54485000 1722.22500000
v 2132.76550000 -834.15485000 1686.39500000
v 2159.93550000 -1661.49485000 1627.89500000
v 2150.61550000 -626.51485000 1458.18500000
v 2122.87550000 -1059.55485000 1272.74500000
v 2078.54550000 -1031.85485000 1230.53500000
v 2115.27550000 -2192.09485000 1223.95500000
v 2108.59550000 -1081.78485000 1183.98500000
v 2112.16550000 -1187.76485000 1073.43500000
v 2099.53550000 -1295.57485000 1042.70500000
v 2126.10550000 -2224.54485000 -1500.25500000
v 2129.75550000 -2170.61485000 -1499.04500000
v 2128.29550000 -2243.92485000 -1539.34500000
v 2124.81550000 -2221.73485000 -1641.43500000
v 2121.52550000 -1948.56485000 -1738.34500000
v 2131.04550000 -1845.65485000 -1827.76500000
v 2168.43550000 -2156.98485000 -1838.48500000
v 2105.78550000 -1770.74485000 -1895.62500000
v 2097.85550000 -1669.39485000 -2007.36500000
v 2140.00550000 -1951.25485000 -2039.14500000
v 2115.98550000 -1781.66485000 -2104.09500000
v 2149.49550000 -1483.02485000 1676.70500000
v 2183.57550000 -816.54485000 1350.68500000
v 2132.68550000 -2162.57485000 1287.72500000
v 2166.47550000 -2242.12485000 1169.17500000
v 2188.60550000 -2273.79485000 1002.49500000
v 2196.53550000 -1449.22485000 932.76500000
v 2151.91550000 -1647.27485000 884.86500000
v 2149.04550000 -2269.59485000 -1463.28500000
v 2161.01550000 -2260.39485000 -1411.49500000
v 2138.37550000 -2212.44485000 -1470.53500000
v 2164.68550000 -2139.41485000 -1499.41500000
v 2127.00550000 -2186.85485000 -1736.84500000
v 2175.16550000 -1779.15485000 -1874.70500000
v 2138.39550000 -1699.17485000 -1980.64500000
v 2170.74550000 -2101.55485000 -1908.32500000
v 2102.80550000 -1663.78485000 -2035.27500000
v 2111.17550000 -1678.61485000 -2069.72500000
v 2120.47550000 -1837.10485000 -2095.36500000
v 2154.80550000 -1753.01485000 -2059.18500000
v 2199.16550000 -736.23485000 1601.26500000
v 2210.93550000 -1792.95485000 1566.57500000
v 2168.58550000 -666.82485000 1572.40500000
v 2176.04550000 -1883.31485000 1530.15500000
v 2143.89550000 -621.56485000 1540.55500000
v 2148.28550000 -617.42485000 1496.11500000
v 2204.94550000 -2164.91485000 1303.96500000
v 2219.95550000 -976.14485000 1317.07500000
v 2149.83550000 -1120.62485000 1210.78500000
v 2125.10550000 -1144.30485000 1103.10500000
v 2203.22550000 -2282.31485000 1081.27500000
v 2173.00550000 -1332.78485000 1002.89500000
v 2235.29550000 -1546.43485000 858.49500000
v 2239.00550000 -2196.23485000 815.80500000
v 2159.87550000 -2225.99485000 -1418.15500000
v 2174.19550000 -2200.90485000 -1417.19500000
v 2171.82550000 -2303.80485000 -1405.95500000
v 2174.18550000 -2314.23485000 -1435.71500000
v 2184.22550000 -2319.32485000 -1494.11500000
v 2181.95550000 -2289.59485000 -1602.93500000
v 2208.93550000 -2002.65485000 -1662.01500000
v 2179.24550000 -2249.31485000 -1686.91500000
v 2185.11550000 -2207.77485000 -1765.82500000
v 2172.22550000 -1735.87485000 -1927.36500000
v 2117.23550000 -1702.21485000 -2080.49500000
v 2168.40550000 -1921.34485000 -2049.62500000
v 2188.99550000 -1217.70485000 1703.42500000
v 2197.08550000 -1031.98485000 1308.02500000
v 2199.77550000 -1151.24485000 1250.38500000
v 2193.45550000 -1079.61485000 1287.99500000
v 2181.96550000 -2215.88485000 1230.32500000
v 2195.09550000 -1241.68485000 1050.89500000
v 2280.77550000 -2339.64485000 972.64500000
v 2180.47550000 -1285.65485000 1025.02500000
v 2206.56550000 -1380.81485000 964.26500000
v 2234.67550000 -2242.69485000 849.84500000
v 2271.56550000 -2116.48485000 755.14500000
v 2188.45550000 -2249.57485000 -1349.60500000
v 2190.85550000 -2301.04485000 -1344.20500000
v 2200.96550000 -2342.83485000 -1349.58500000
v 2204.37550000 -2180.65485000 -1409.91500000
v 2214.75550000 -2107.31485000 -1522.72500000
v 2193.37550000 -1918.74485000 -1745.43500000
v 2215.50550000 -2067.17485000 -1956.23500000
v 2157.23550000 -1706.29485000 -1998.93500000
v 2183.76550000 -1741.28485000 -2007.63500000
v 2195.11550000 -1898.77485000 -2042.99500000
v 2274.91550000 -1018.74485000 1653.33500000
v 2232.87550000 -1382.36485000 1664.01500000
v 2235.38550000 -831.23485000 1622.37500000
v 2242.21550000 -701.39485000 1526.75500000
v 2232.28550000 -682.74485000 1467.32500000
v 2241.70550000 -2042.78485000 1420.30500000
v 2250.20550000 -711.24485000 1433.11500000
v 2193.23550000 -745.11485000 1379.63500000
v 2242.65550000 -907.76485000 1326.15500000
v 2239.75550000 -2275.43485000 1155.51500000
v 2163.11550000 -1160.36485000 1142.07500000
v 2197.96550000 -1223.61485000 1078.61500000
v 2218.82550000 -1341.76485000 985.15500000
v 2234.82550000 -2279.86485000 896.88500000
v 2255.14550000 -1780.79485000 758.37500000
v 2277.38550000 -1876.11485000 725.59500000
v 2261.54550000 -1980.28485000 744.04500000
v 2217.08550000 -2245.76485000 -1274.80500000
v 2211.16550000 -2213.70485000 -1337.80500000
v 2217.33550000 -2296.80485000 -1267.37500000
v 2223.26550000 -2351.88485000 -1274.85500000
v 2228.57550000 -2383.03485000 -1349.86500000
v 2263.04550000 -2158.56485000 -1409.77500000
v 2240.62550000 -2357.62485000 -1532.52500000
v 2228.21550000 -2067.88485000 -1574.03500000
v 2221.84550000 -2306.78485000 -1626.90500000
v 2229.03550000 -1866.33485000 -1776.81500000
v 2183.74550000 -1728.97485000 -1953.24500000
v 2218.53550000 -2007.84485000 -1996.78500000
v 2234.81550000 -1881.41485000 -2008.36500000
v 2235.64550000 -916.49485000 1649.99500000
v 2319.24550000 -907.18485000 1321.26500000
v 2230.36550000 -1221.11485000 1173.74500000
v 2268.59550000 -2316.11485000 1070.47500000
v 2292.02550000 -2334.23485000 895.00500000
v 2248.90550000 -1419.87485000 921.53500000
v 2265.76550000 -1473.40485000 878.47500000
v 2266.66550000 -1653.48485000 784.67500000
v 2244.52550000 -2266.82485000 -1200.94500000
v 2254.59550000 -2345.53485000 -1173.87500000
v 2246.10550000 -2384.71485000 -1230.22500000
v 2248.27550000 -2398.98485000 -1261.45500000
v 2241.34550000 -2221.29485000 -1254.23500000
v 2243.64550000 -2194.01485000 -1322.43500000
v 2262.91550000 -2411.61485000 -1379.02500000
v 2281.54550000 -1966.47485000 -1658.78500000
v 2257.40550000 -2293.79485000 -1685.23500000
v 2257.54550000 -2222.44485000 -1791.48500000
v 2226.36550000 -1773.42485000 -1875.60500000
v 2232.44550000 -1763.98485000 -1904.13500000
v 2287.80550000 -2175.96485000 -1859.45500000
v 2212.35550000 -1750.59485000 -1953.27500000
v 2231.42550000 -1796.52485000 -1984.51500000
v 2228.26550000 -1970.34485000 -2007.97500000
v 2315.79550000 -1295.62485000 1637.01500000
v 2296.98550000 -1548.27485000 1601.07500000
v 2297.37550000 -1718.42485000 1554.54500000
v 2300.46550000 -1816.97485000 1523.40500000
v 2295.62550000 -1891.09485000 1494.14500000
v 2240.33550000 -693.05485000 1494.28500000
v 2252.79550000 -1973.45485000 1462.73500000
v 2252.75550000 -723.05485000 1415.64500000
v 2283.34550000 -2130.30485000 1340.40500000
v 2293.98550000 -843.82485000 1346.52500000
v 2291.17550000 -1083.31485000 1285.25500000
v 2268.20550000 -2236.60485000 1229.79500000
v 2280.90550000 -2195.59485000 1277.60500000
v 2267.58550000 -1160.70485000 1264.98500000
v 2277.95550000 -1228.95485000 1222.70500000
v 2250.27550000 -1290.75485000 1037.04500000
v 2255.78550000 -1333.14485000 994.69500000
v 2258.29550000 -1382.64485000 947.76500000
v 2349.46550000 -2242.63485000 702.47500000
v 2269.85550000 -2265.17485000 -1118.82500000
v 2263.09550000 -2230.48485000 -1175.07500000
v 2279.01550000 -2421.50485000 -1168.02500000
v 2272.08550000 -2204.08485000 -1207.99500000
v 2287.93550000 -2112.10485000 -1486.11500000
v 2309.58550000 -2440.56485000 -1408.28500000
v 2323.60550000 -2406.85485000 -1523.63500000
v 2270.46550000 -2346.64485000 -1596.12500000
v 2306.19550000 -2057.79485000 -1550.53500000
v 2290.68550000 -1828.31485000 -1785.66500000
v 2245.37550000 -1783.96485000 -1947.17500000
v 2326.32550000 -1161.15485000 1631.01500000
v 2284.41550000 -759.32485000 1538.44500000
v 2292.37550000 -764.10485000 1404.89500000
v 2348.32550000 -2292.09485000 1163.27500000
v 2330.35550000 -2327.20485000 1090.80500000
v 2243.14550000 -1263.57485000 1091.05500000
v 2357.96550000 -2364.39485000 793.47500000
v 2329.48550000 -2322.40485000 781.81500000
v 2300.41550000 -1579.59485000 787.59500000
v 2328.71550000 -2285.25485000 750.48500000
v 2317.81550000 -1789.15485000 689.99500000
v 2290.03550000 -2307.43485000 -1041.28500000
v 2292.36550000 -2234.21485000 -1053.13500000
v 2303.36550000 -2403.25485000 -1048.45500000
v 2280.47550000 -2224.78485000 -1129.09500000
v 2311.47550000 -2466.81485000 -1192.77500000
v 2293.17550000 -2189.60485000 -1273.54500000
v 2332.97550000 -1913.45485000 -1668.28500000
v 2289.64550000 -1802.15485000 -1837.99500000
v 2275.35550000 -2037.28485000 -1965.40500000
v 2269.09550000 -2071.57485000 -1950.63500000
v 2293.62550000 -1866.39485000 -1938.52500000
v 2296.72550000 -1998.11485000 -1953.71500000
v 2336.51550000 -851.84485000 1555.20500000
v 2332.60550000 -1979.59485000 1439.51500000
v 2314.63550000 -2041.42485000 1403.95500000
v 2321.54550000 -990.35485000 1298.11500000
v 2293.13550000 -1282.44485000 1175.57500000
v 2300.15550000 -1320.48485000 1107.01500000
v 2330.67550000 -2356.61485000 1008.29500000
v 2365.41550000 -2386.59485000 917.22500000
v 2304.08550000 -1392.33485000 933.94500000
v 2306.43550000 -1444.10485000 880.94500000
v 2372.65550000 -1812.90485000 619.27500000
v 2314.31550000 -2239.19485000 -953.78500000
v 2324.92550000 -2325.41485000 -930.57500000
v 2319.77550000 -2191.13485000 -964.09500000
v 2307.45550000 -2213.12485000 -1014.54500000
v 2303.80550000 -2203.47485000 -1080.06500000
v 2316.95550000 -2457.18485000 -1087.97500000
v 2308.14550000 -2197.67485000 -1167.23500000
v 2341.68550000 -2487.33485000 -1281.37500000
v 2416.17550000 -2478.53485000 -1449.29500000
v 2353.79550000 -2373.86485000 -1613.98500000
v 2346.95550000 -2027.88485000 -1560.95500000
v 2343.31550000 -2320.82485000 -1693.12500000
v 2347.18550000 -1828.28485000 -1772.01500000
v 2283.52550000 -1798.79485000 -1882.83500000
v 2309.31550000 -2133.40485000 -1901.02500000
v 2402.20550000 -1410.05485000 1576.48500000
v 2339.46550000 -780.49485000 1484.97500000
v 2351.11550000 -842.83485000 1358.97500000
v 2321.05550000 -1168.58485000 1263.57500000
v 2387.55550000 -2231.50485000 1227.33500000
v 2330.39550000 -1220.94485000 1240.39500000
v 2348.45550000 -1291.79485000 1197.65500000
v 2350.51550000 -1352.75485000 1138.55500000
v 2306.09550000 -1355.69485000 1014.66500000
v 2300.19550000 -1371.29485000 967.79500000
v 2321.73550000 -1521.91485000 810.66500000
v 2437.85550000 -2396.63485000 678.54500000
v 2349.85550000 -1597.45485000 732.68500000
v 2328.77550000 -1703.63485000 701.83500000
v 2382.34550000 -2194.58485000 650.65500000
v 2363.35550000 -1918.64485000 631.29500000
v 2365.88550000 -2067.14485000 643.86500000
v 2351.27550000 -2239.04485000 -806.75500000
v 2338.01550000 -2192.02485000 -870.85500000
v 2345.32550000 -2161.24485000 -877.69500000
v 2330.36550000 -2177.67485000 -986.36500000
v 2352.27550000 -2426.82485000 -901.26500000
v 2338.12550000 -2461.39485000 -1001.75500000
v 2325.64550000 -2189.27485000 -1069.66500000
v 2363.10550000 -2199.33485000 -1191.80500000
v 2389.03550000 -2188.46485000 -1264.49500000
v 2381.51550000 -2115.29485000 -1432.97500000
v 2392.06550000 -1886.68485000 -1647.31500000
v 2297.45550000 -1825.09485000 -1902.85500000
v 2307.19550000 -2086.81485000 -1929.10500000
v 2348.42550000 -2097.33485000 -1900.99500000
v 2356.47550000 -964.34485000 1584.32500000
v 2408.89550000 -1081.40485000 1574.45500000
v 2309.41550000 -754.87485000 1448.46500000
v 2401.09550000 -2027.59485000 1387.95500000
v 2405.65550000 -1092.13485000 1258.15500000
v 2383.85550000 -1176.64485000 1243.13500000
v 2378.70550000 -1421.74485000 1042.12500000
v 2414.30550000 -2372.09485000 1027.18500000
v 2410.93550000 -2397.81485000 945.04500000
v 2334.92550000 -1405.21485000 934.41500000
v 2347.94550000 -1440.78485000 878.91500000
v 2402.17550000 -2404.81485000 821.27500000
v 2400.67550000 -2350.04485000 692.23500000
v 2378.14550000 -1731.30485000 629.15500000
v 2367.40550000 -2151.45485000 -764.91500000
v 2371.62550000 -2127.14485000 -809.04500000
v 2358.86550000 -2149.41485000 -901.10500000
v 2372.90550000 -2338.82485000 -775.44500000
v 2388.43550000 -2478.25485000 -836.85500000
v 2364.44550000 -2482.10485000 -933.02500000
v 2348.62550000 -2170.42485000 -995.70500000
v 2362.89550000 -2500.84485000 -1007.52500000
v 2366.16550000 -2192.30485000 -1081.43500000
v 2428.30550000 -2554.56485000 -1048.05500000
v 2405.76550000 -2535.05485000 -1167.71500000
v 2379.93550000 -2494.54485000 -1350.79500000
v 2393.72550000 -2154.43485000 -1351.61500000
v 2388.65550000 -1999.49485000 -1551.67500000
v 2409.57550000 -1855.60485000 -1681.75500000
v 2349.16550000 -1825.99485000 -1800.46500000
v 2343.35550000 -1834.51485000 -1836.46500000
v 2355.15550000 -2206.86485000 -1837.72500000
v 2347.00550000 -2134.96485000 -1888.73500000
v 2380.12550000 -1804.18485000 1489.55500000
v 2424.11550000 -1912.99485000 1427.10500000
v 2420.93550000 -860.87485000 1378.17500000
v 2402.36550000 -2128.66485000 1315.36500000
v 2409.10550000 -930.62485000 1316.71500000
v 2386.71550000 -1253.73485000 1217.94500000
v 2422.98550000 -2342.39485000 1087.15500000
v 2372.79550000 -1446.27485000 886.25500000
v 2425.90550000 -2416.93485000 874.94500000
v 2377.33550000 -1494.12485000 807.87500000
v 2392.39550000 -1542.82485000 743.25500000
v 2406.39550000 -2320.54485000 665.27500000
v 2399.35550000 -1653.64485000 640.23500000
v 2391.16550000 -2179.24485000 -657.53500000
v 2390.22550000 -2254.21485000 -675.13500000
v 2434.64550000 -2231.47485000 -525.74500000
v 2399.78550000 -2116.07485000 -646.61500000
v 2402.79550000 -2091.09485000 -713.84500000
v 2390.49550000 -2103.23485000 -773.01500000
v 2426.53550000 -2321.85485000 -593.87500000
v 2391.43550000 -2116.21485000 -822.57500000
v 2417.74550000 -2407.69485000 -689.50500000
v 2385.64550000 -2145.08485000 -903.56500000
v 2398.01550000 -2508.78485000 -874.07500000
v 2393.45550000 -2172.33485000 -980.00500000
v 2453.65550000 -2551.58485000 -1243.57500000
v 2476.78550000 -2534.99485000 -1356.68500000
v 2418.96550000 -2075.97485000 -1454.13500000
v 2419.98550000 -2423.25485000 -1568.11500000
v 2459.35550000 -1951.38485000 -1524.08500000
v 2418.77550000 -1848.19485000 -1710.47500000
v 2381.53550000 -2288.20485000 -1749.18500000
v 2381.81550000 -1879.37485000 -1827.53500000
v 2364.10550000 -2178.28485000 -1857.66500000
v 2370.32550000 -1980.46485000 -1879.33500000
v 2447.52550000 -1276.29485000 1562.19500000
v 2462.34550000 -1530.30485000 1523.44500000
v 2433.43550000 -1667.13485000 1501.19500000
v 2404.28550000 -861.46485000 1497.00500000
v 2396.89550000 -821.76485000 1444.61500000
v 2396.28550000 -828.15485000 1415.72500000
v 2433.82550000 -1025.09485000 1272.98500000
v 2423.52550000 -1322.23485000 1184.08500000
v 2399.59550000 -1365.32485000 1154.33500000
v 2421.98550000 -1425.29485000 1100.35500000
v 2375.85550000 -1437.66485000 936.24500000
v 2396.03550000 -1478.15485000 840.26500000
v 2469.67550000 -2431.58485000 683.09500000
v 2427.23550000 -1589.92485000 659.70500000
v 2449.41550000 -2305.99485000 598.70500000
v 2445.72550000 -1994.55485000 539.17500000
v 2448.00550000 -1712.69485000 544.86500000
v 2449.82550000 -2116.92485000 -490.85500000
v 2435.19550000 -2059.19485000 -595.60500000
v 2477.60550000 -2361.90485000 -454.75500000
v 2406.46550000 -2094.45485000 -765.60500000
v 2430.37550000 -2482.82485000 -737.61500000
v 2435.11550000 -2532.67485000 -814.52500000
v 2423.02550000 -2118.73485000 -831.98500000
v 2453.75550000 -2561.59485000 -914.00500000
v 2457.34550000 -2206.91485000 -1003.44500000
v 2427.98550000 -2204.75485000 -1184.74500000
v 2452.81550000 -1904.70485000 -1573.86500000
v 2467.20550000 -1883.41485000 -1589.69500000
v 2434.08550000 -1862.39485000 -1732.02500000
v 2413.31550000 -2240.65485000 -1795.85500000
v 2378.05550000 -1917.52485000 -1852.39500000
v 2409.94550000 -2177.94485000 -1831.42500000
v 2447.61550000 -2111.65485000 -1809.16500000
v 2491.69550000 -1187.40485000 1531.20500000
v 2493.66550000 -2221.02485000 1216.90500000
v 2488.88550000 -1270.08485000 1179.83500000
v 2479.10550000 -1161.37485000 1216.78500000
v 2478.83550000 -2329.43485000 1107.96500000
v 2428.36550000 -1495.90485000 931.22500000
v 2502.30550000 -2420.51485000 947.59500000
v 2393.30550000 -1464.35485000 874.74500000
v 2430.45550000 -1511.07485000 791.45500000
v 2428.81550000 -1527.87485000 747.44500000
v 2457.15550000 -1558.80485000 678.47500000
v 2463.54550000 -1638.68485000 571.95500000
v 2445.06550000 -2188.95485000 571.63500000
v 2438.09550000 -1837.14485000 538.88500000
v 2461.59550000 -2009.34485000 -564.44500000
v 2444.76550000 -2042.99485000 -646.88500000
v 2435.72550000 -2069.52485000 -717.72500000
v 2433.00550000 -2092.62485000 -771.26500000
v 2503.93550000 -2573.20485000 -775.38500000
v 2449.13550000 -2147.86485000 -865.07500000
v 2469.17550000 -2188.34485000 -920.83500000
v 2465.15550000 -2213.24485000 -1094.92500000
v 2529.21550000 -2578.96485000 -1274.88500000
v 2504.20550000 -2133.53485000 -1317.08500000
v 2395.20550000 -2359.28485000 -1657.06500000
v 2486.86550000 -1872.61485000 -1594.53500000
v 2481.44550000 -1972.56485000 -1748.58500000
v 2442.36550000 -867.33485000 1450.91500000
v 2467.62550000 -2081.36485000 1329.12500000
v 2501.20550000 -960.34485000 1322.51500000
v 2516.38550000 -1033.41485000 1270.33500000
v 2461.86550000 -1401.07485000 1132.23500000
v 2521.76550000 -2391.09485000 1012.83500000
v 2456.87550000 -1494.07485000 1039.55500000
v 2446.27550000 -1512.24485000 980.49500000
v 2471.87550000 -2432.58485000 882.27500000
v 2422.85550000 -1495.07485000 858.11500000
v 2482.36550000 -2447.36485000 811.77500000
v 2489.38550000 -1599.76485000 585.04500000
v 2470.40550000 -2378.74485000 606.43500000
v 2503.16550000 -2369.41485000 542.85500000
v 2518.94550000 -2104.66485000 -286.07500000
v 2496.82550000 -2030.07485000 -375.04500000
v 2490.15550000 -2215.20485000 -361.63500000
v 2473.41550000 -2017.35485000 -479.26500000
v 2470.43550000 -2288.51485000 -439.24500000
v 2483.76550000 -1980.38485000 -496.74500000
v 2491.49550000 -1972.45485000 -520.65500000
v 2485.82550000 -2443.88485000 -518.68500000
v 2470.88550000 -2036.54485000 -665.15500000
v 2480.41550000 -2513.95485000 -669.06500000
v 2502.81550000 -2589.17485000 -1116.25500000
v 2503.66550000 -2181.26485000 -1229.52500000
v 2482.67550000 -2037.86485000 -1433.06500000
v 2515.32550000 -1871.53485000 -1595.76500000
v 2470.65550000 -2399.20485000 -1623.55500000
v 2473.69550000 -1904.44485000 -1723.43500000
v 2450.10550000 -2224.21485000 -1788.64500000
v 2468.40550000 -2048.36485000 -1782.40500000
v 2471.38550000 -962.76485000 1495.85500000
v 2521.28550000 -1772.87485000 1423.37500000
v 2549.38550000 -1891.24485000 1369.51500000
v 2493.46550000 -2000.42485000 1355.36500000
v 2494.71550000 -911.55485000 1381.02500000
v 2499.21550000 -931.89485000 1354.77500000
v 2515.27550000 -2158.06485000 1257.96500000
v 2468.10550000 -1097.46485000 1241.20500000
v 2497.25550000 -1364.53485000 1144.89500000
v 2502.11550000 -1477.03485000 1073.36500000
v 2485.97550000 -1569.91485000 902.24500000
v 2484.76550000 -1552.45485000 822.95500000
v 2544.48550000 -2461.61485000 835.16500000
v 2466.27550000 -1530.46485000 781.75500000
v 2533.81550000 -2475.95485000 679.62500000
v 2476.62550000 -1547.24485000 707.59500000
v 2537.53550000 -2450.39485000 545.80500000
v 2489.42550000 -1665.19485000 511.11500000
v 2501.46550000 -2122.43485000 481.59500000
v 2478.71550000 -1858.38485000 481.19500000
v 2513.79550000 -1785.20485000 424.16500000
v 2510.48550000 -1976.46485000 -366.36500000
v 2508.24550000 -1954.55485000 -413.29500000
v 2514.55550000 -1937.91485000 -449.39500000
v 2496.79550000 -1996.52485000 -578.39500000
v 2461.55550000 -2065.91485000 -719.18500000
v 2523.89550000 -2549.02485000 -636.27500000
v 2460.25550000 -2098.18485000 -774.80500000
v 2551.47550000 -2609.72485000 -834.74500000
v 2525.28550000 -2600.47485000 -988.13500000
v 2503.25550000 -2208.41485000 -926.52500000
v 2500.65550000 -2206.72485000 -1151.83500000
v 2493.38550000 -2086.49485000 -1380.23500000
v 2533.98550000 -2527.33485000 -1431.35500000
v 2482.18550000 -2465.57485000 -1517.67500000
v 2471.66550000 -1864.76485000 -1669.25500000
v 2472.56550000 -2317.75485000 -1713.22500000
v 2529.12550000 -1893.16485000 -1646.58500000
v 2483.89550000 -2263.41485000 -1746.29500000
v 2503.19550000 -2219.13485000 -1744.60500000
v 2517.84550000 -1095.56485000 1495.84500000
v 2540.66550000 -1365.43485000 1502.73500000
v 2539.14550000 -1469.31485000 1489.77500000
v 2485.69550000 -925.15485000 1455.16500000
v 2453.20550000 -873.14485000 1419.08500000
v 2533.75550000 -2296.16485000 1136.07500000
v 2510.61550000 -1578.00485000 958.18500000
v 2519.42550000 -1581.72485000 600.14500000
v 2514.30550000 -1639.25485000 499.75500000
v 2523.99550000 -2300.94485000 476.68500000
v 2518.28550000 -1689.25485000 452.31500000
v 2513.42550000 -1964.28485000 433.95500000
v 2540.79550000 -1974.60485000 -272.24500000
v 2516.12550000 -2310.21485000 -301.82500000
v 2518.92550000 -2385.01485000 -337.34500000
v 2530.50550000 -1933.46485000 -478.35500000
v 2516.31550000 -1965.06485000 -526.03500000
v 2532.64550000 -2498.02485000 -471.62500000
v 2526.41550000 -2016.54485000 -611.33500000
v 2493.99550000 -2068.53485000 -703.38500000
v 2538.92550000 -2188.19485000 -832.24500000
v 2544.12550000 -2216.01485000 -899.05500000
v 2564.49550000 -2225.53485000 -948.83500000
v 2565.21550000 -2573.25485000 -1326.14500000
v 2521.52550000 -1915.54485000 -1499.96500000
v 2577.86550000 -1892.35485000 -1487.43500000
v 2536.61550000 -1880.13485000 -1610.99500000
v 2562.42550000 -1289.41485000 1488.23500000
v 2552.12550000 -2082.73485000 1286.71500000
v 2538.48550000 -1128.18485000 1214.66500000
v 2581.71550000 -1382.69485000 1103.77500000
v 2544.45550000 -1442.16485000 1090.48500000
v 2534.67550000 -1551.55485000 1009.96500000
v 2579.88550000 -2434.57485000 942.71500000
v 2525.77550000 -1610.62485000 820.72500000
v 2507.07550000 -1561.93485000 721.78500000
v 2561.21550000 -2483.38485000 745.04500000
v 2522.94550000 -1572.12485000 650.25500000
v 2544.16550000 -1615.15485000 502.66500000
v 2524.59550000 -2391.18485000 518.15500000
v 2531.07550000 -2183.98485000 440.08500000
v 2533.72550000 -2110.13485000 419.09500000
v 2529.78550000 -2221.30485000 -246.26500000
v 2543.15550000 -1916.98485000 -325.69500000
v 2566.63550000 -2037.86485000 -150.47500000
v 2557.96550000 -2375.00485000 -179.96500000
v 2546.80550000 -1895.55485000 -371.01500000
v 2544.82550000 -2435.34485000 -296.15500000
v 2554.61550000 -1891.13485000 -409.14500000
v 2540.33550000 -1948.75485000 -510.00500000
v 2565.27550000 -2555.35485000 -535.83500000
v 2559.49550000 -1964.75485000 -527.68500000
v 2559.64550000 -2577.26485000 -636.35500000
v 2509.99550000 -2121.32485000 -762.55500000
v 2602.53550000 -2221.07485000 -1026.78500000
v 2540.84550000 -2596.34485000 -1199.43500000
v 2559.14550000 -2064.09485000 -1330.26500000
v 2538.85550000 -1997.28485000 -1401.61500000
v 2555.18550000 -1953.04485000 -1424.38500000
v 2533.64550000 -2395.72485000 -1621.57500000
v 2518.72550000 -2313.83485000 -1697.46500000
v 2529.95550000 -2349.23485000 -1661.48500000
v 2536.41550000 -2287.24485000 -1694.41500000
v 2622.19550000 -1632.88485000 1398.88500000
v 2558.99550000 -998.25485000 1423.78500000
v 2513.70550000 -936.68485000 1410.13500000
v 2615.55550000 -1970.14485000 1299.52500000
v 2555.81550000 -985.07485000 1338.23500000
v 2582.03550000 -2241.99485000 1167.93500000
v 2557.05550000 -1219.42485000 1170.62500000
v 2586.96550000 -1296.63485000 1128.74500000
v 2553.35550000 -1597.44485000 969.27500000
v 2550.68550000 -1645.40485000 868.07500000
v 2546.74550000 -1609.30485000 731.40500000
v 2535.27550000 -2467.78485000 606.12500000
v 2559.57550000 -1651.58485000 421.15500000
v 2557.61550000 -2192.45485000 376.59500000
v 2555.95550000 -2023.56485000 347.95500000
v 2563.16550000 -1710.72485000 362.69500000
v 2572.31550000 -1798.50485000 301.84500000
v 2549.25550000 -1898.16485000 350.03500000
v 2556.41550000 -2256.91485000 -158.77500000
v 2551.43550000 -2145.05485000 -177.63500000
v 2574.88550000 -1894.54485000 -229.01500000
v 2590.03550000 -1847.62485000 -248.02500000
v 2574.05550000 -2488.59485000 -269.95500000
v 2568.77550000 -1893.22485000 -433.30500000
v 2556.51550000 -1920.58485000 -469.42500000
v 2576.81550000 -2527.12485000 -387.73500000
v 2546.64550000 -2069.99485000 -662.29500000
v 2587.07550000 -2600.10485000 -682.04500000
v 2587.62550000 -2200.29485000 -1120.18500000
v 2550.31550000 -2470.46485000 -1523.02500000
v 2592.74550000 -1932.95485000 -1600.51500000
v 2558.43550000 -2078.12485000 -1685.54500000
v 2563.00550000 -1054.87485000 1446.42500000
v 2579.94550000 -1056.66485000 1264.50500000
v 2610.83550000 -1123.92485000 1213.24500000
v 2596.55550000 -1205.21485000 1163.38500000
v 2643.08550000 -1262.63485000 1122.11500000
v 2597.71550000 -2379.53485000 1027.21500000
v 2588.26550000 -1525.43485000 1031.78500000
v 2605.09550000 -1599.12485000 975.26500000
v 2612.37550000 -2467.93485000 854.65500000
v 2587.12550000 -1637.41485000 927.27500000
v 2611.93550000 -1692.78485000 865.45500000
v 2583.76550000 -1677.09485000 754.92500000
v 2555.81550000 -1594.92485000 646.86500000
v 2633.19550000 -2514.15485000 663.51500000
v 2621.92550000 -2517.13485000 586.30500000
v 2563.59550000 -1595.92485000 577.58500000
v 2594.85550000 -2500.19485000 526.79500000
v 2573.95550000 -1608.57485000 498.99500000
v 2603.21550000 -1635.62485000 388.11500000
v 2575.42550000 -2420.89485000 421.97500000
v 2575.99550000 -2323.91485000 356.71500000
v 2580.85550000 -2229.95485000 301.52500000
v 2575.55550000 -2121.42485000 299.83500000
v 2583.41550000 -1980.55485000 254.49500000
v 2584.86550000 -2273.67485000 -36.44500000
v 2576.35550000 -2128.27485000 -87.13500000
v 2596.51550000 -1986.99485000 -46.35500000
v 2585.36550000 -2411.25485000 -106.25500000
v 2579.01550000 -1943.83485000 -166.17500000
v 2602.42550000 -2520.97485000 -233.37500000
v 2597.29550000 -1833.04485000 -317.82500000
v 2587.31550000 -1858.90485000 -380.57500000
v 2604.38550000 -2558.15485000 -407.47500000
v 2582.70550000 -2005.22485000 -558.95500000
v 2586.76550000 -2141.10485000 -692.32500000
v 2580.36550000 -2601.74485000 -1235.02500000
v 2592.69550000 -2569.29485000 -1355.55500000
v 2609.39550000 -1935.06485000 -1388.09500000
v 2617.41550000 -2548.76485000 -1390.64500000
v 2595.83550000 -2373.95485000 -1594.70500000
v 2627.76550000 -2016.89485000 -1593.79500000
v 2584.98550000 -1007.77485000 1379.08500000
v 2558.02550000 -980.79485000 1367.06500000
v 2653.09550000 -2066.22485000 1238.00500000
v 2613.01550000 -1059.31485000 1283.54500000
v 2618.57550000 -2156.49485000 1206.63500000
v 2608.37550000 -1470.95485000 1056.02500000
v 2614.59550000 -1668.76485000 642.73500000
v 2605.08550000 -1620.71485000 554.86500000
v 2606.06550000 -2486.47485000 424.36500000
v 2628.32550000 -1627.78485000 397.16500000
v 2615.20550000 -2474.30485000 308.22500000
v 2599.88550000 -2397.51485000 281.03500000
v 2605.16550000 -1682.59485000 304.42500000
v 2593.70550000 -2316.84485000 238.77500000
v 2595.50550000 -1743.17485000 266.68500000
v 2589.77550000 -2174.54485000 181.24500000
v 2618.13550000 -1729.84485000 212.97500000
v 2606.35550000 -1823.09485000 194.69500000
v 2595.83550000 -2052.52485000 133.64500000
v 2606.75550000 -2395.32485000 166.61500000
v 2605.19550000 -1936.84485000 110.79500000
v 2596.28550000 -2334.42485000 75.00500000
v 2600.51550000 -2011.07485000 55.36500000
v 2591.31550000 -2132.31485000 35.02500000
v 2605.35550000 -1945.67485000 23.70500000
v 2590.67550000 -2228.92485000 64.05500000
v 2609.75550000 -2438.71485000 40.73500000
v 2607.25550000 -2486.56485000 -109.73500000
v 2604.08550000 -1870.54485000 -117.12500000
v 2627.37550000 -1794.10485000 -201.35500000
v 2611.97550000 -2542.99485000 -290.83500000
v 2622.72550000 -1819.62485000 -332.46500000
v 2608.41550000 -1860.81485000 -391.22500000
v 2582.99550000 -1912.99485000 -456.78500000
v 2623.98550000 -2584.13485000 -483.32500000
v 2679.37550000 -2623.36485000 -680.19500000
v 2619.62550000 -2626.05485000 -884.25500000
v 2602.45550000 -2617.96485000 -1084.50500000
v 2596.03550000 -2167.76485000 -1183.09500000
v 2592.30550000 -2121.31485000 -1245.33500000
v 2612.05550000 -2001.34485000 -1320.36500000
v 2635.63550000 -2077.22485000 -1234.72500000
v 2625.25550000 -1886.08485000 -1478.27500000
v 2605.03550000 -1885.33485000 -1519.48500000
v 2607.99550000 -2455.39485000 -1524.37500000
v 2627.84550000 -1901.97485000 -1526.21500000
v 2602.50550000 -2201.16485000 -1641.33500000
v 2584.24550000 -2289.26485000 -1640.42500000
v 2649.45550000 -1154.13485000 1400.18500000
v 2629.46550000 -1244.34485000 1432.25500000
v 2663.06550000 -1363.73485000 1415.43500000
v 2658.21550000 -1205.44485000 1152.97500000
v 2658.87550000 -2339.59485000 1052.57500000
v 2648.63550000 -1343.83485000 1085.18500000
v 2658.02550000 -1431.12485000 1046.87500000
v 2649.59550000 -2446.55485000 908.88500000
v 2658.94550000 -1573.91485000 984.37500000
v 2659.27550000 -1651.40485000 926.86500000
v 2608.19550000 -1714.76485000 800.05500000
v 2652.68550000 -1733.79485000 823.86500000
v 2639.50550000 -2498.11485000 749.45500000
v 2647.26550000 -1744.06485000 651.10500000
v 2595.39550000 -1629.98485000 617.91500000
v 2610.14550000 -1619.77485000 485.67500000
v 2656.54550000 -2532.02485000 503.48500000
v 2658.99550000 -2532.84485000 370.48500000
v 2634.05550000 -2506.48485000 295.55500000
v 2649.41550000 -1642.91485000 314.09500000
v 2650.19550000 -1668.52485000 241.14500000
v 2616.34550000 -2455.25485000 167.72500000
v 2634.18550000 -2505.04485000 177.82500000
v 2637.25550000 -1704.91485000 195.00500000
v 2634.70550000 -1758.54485000 116.77500000
v 2619.79550000 -1831.16485000 79.00500000
v 2626.91550000 -2495.29485000 41.11500000
v 2627.66550000 -1806.83485000 -6.02500000
v 2610.03550000 -1895.63485000 7.26500000
v 2630.23550000 -2531.47485000 -131.55500000
v 2652.36550000 -2533.07485000 49.82500000
v 2627.64550000 -1801.77485000 -110.86500000
v 2648.72550000 -1765.39485000 -126.34500000
v 2657.94550000 -1772.26485000 -219.53500000
v 2637.66550000 -2561.35485000 -278.97500000
v 2616.04550000 -1930.65485000 -461.58500000
v 2611.59550000 -2061.51485000 -581.39500000
v 2615.47550000 -2191.88485000 -725.04500000
v 2688.40550000 -2233.82485000 -837.98500000
v 2636.94550000 -2593.92485000 -1253.46500000
v 2715.83550000 -1916.41485000 -1305.44500000
v 2628.90550000 -2509.54485000 -1449.65500000
v 2667.03550000 -1481.79485000 1398.58500000
v 2630.58550000 -1089.47485000 1390.51500000
v 2635.23550000 -1070.49485000 1355.85500000
v 2671.78550000 -1845.71485000 1308.81500000
v 2603.86550000 -1034.89485000 1333.89500000
v 2657.31550000 -1124.30485000 1222.15500000
v 2695.31550000 -2243.33485000 1111.91500000
v 2661.97550000 -1513.55485000 1010.93500000
v 2696.59550000 -1623.49485000 939.22500000
v 2680.50550000 -1705.34485000 865.13500000
v 2628.81550000 -1740.27485000 727.36500000
v 2643.52550000 -1637.13485000 466.14500000
v 2660.24550000 -1639.66485000 389.41500000
v 2662.30550000 -2534.75485000 211.03500000
v 2666.15550000 -1710.67485000 89.17500000
v 2648.92550000 -1761.65485000 -22.80500000
v 2668.37550000 -2559.33485000 -95.59500000
v 2663.99550000 -1784.58485000 -281.15500000
v 2684.14550000 -1763.05485000 -235.95500000
v 2648.35550000 -1827.61485000 -340.76500000
v 2627.03550000 -1874.69485000 -398.59500000
v 2650.41550000 -1955.63485000 -453.39500000
v 2672.08550000 -2607.37485000 -549.67500000
v 2654.56550000 -2123.36485000 -574.47500000
v 2672.61550000 -2188.16485000 -627.78500000
v 2643.45550000 -2215.70485000 -763.52500000
v 2672.21550000 -2631.07485000 -936.71500000
v 2648.06550000 -2138.87485000 -1165.84500000
v 2683.03550000 -2036.34485000 -1206.86500000
v 2706.46550000 -1971.31485000 -1237.60500000
v 2700.77550000 -1895.77485000 -1378.88500000
v 2690.55550000 -2549.47485000 -1361.19500000
v 2698.27550000 -1930.13485000 -1477.74500000
v 2689.56550000 -2344.12485000 -1513.78500000
v 2663.91550000 -1107.29485000 1354.15500000
v 2687.78550000 -1127.53485000 1237.42500000
v 2714.52550000 -1195.64485000 1160.61500000
v 2736.43550000 -1280.10485000 1083.54500000
v 2709.48550000 -1316.12485000 1067.93500000
v 2710.86550000 -2419.61485000 944.83500000
v 2734.75550000 -1482.91485000 980.31500000
v 2727.71550000 -2500.22485000 776.80500000
v 2671.18550000 -1778.21485000 742.08500000
v 2655.32550000 -1768.65485000 695.60500000
v 2719.99550000 -2526.86485000 665.75500000
v 2682.63550000 -1726.77485000 527.04500000
v 2689.18550000 -2534.44485000 567.62500000
v 2648.50550000 -1661.42485000 515.79500000
v 2674.36550000 -1646.85485000 304.29500000
v 2683.98550000 -2551.27485000 246.29500000
v 2684.03550000 -1661.28485000 225.64500000
v 2694.04550000 -2557.12485000 104.51500000
v 2684.84550000 -1682.28485000 142.27500000
v 2673.13550000 -1738.37485000 -66.78500000
v 2687.44550000 -2580.47485000 -226.24500000
v 2710.57550000 -2600.35485000 -384.63500000
v 2684.73550000 -2010.02485000 -449.01500000
v 2700.62550000 -2166.08485000 -539.39500000
v 2751.42550000 -2628.43485000 -745.02500000
v 2786.96550000 -2234.88485000 -602.98500000
v 2697.17550000 -2629.80485000 -1019.15500000
v 2675.45550000 -2185.60485000 -1063.61500000
v 2710.11550000 -2617.87485000 -1104.70500000
v 2717.40550000 -2111.11485000 -1106.32500000
v 2694.24550000 -2577.36485000 -1290.58500000
v 2654.84550000 -2455.75485000 -1493.47500000
v 2685.88550000 -2501.72485000 -1423.21500000
v 2724.43550000 -1976.07485000 -1474.71500000
v 2673.48550000 -2119.34485000 -1561.73500000
v 2764.85550000 -1275.66485000 1320.82500000
v 2703.84550000 -1133.47485000 1304.98500000
v 2677.32550000 -1108.06485000 1283.43500000
v 2719.04550000 -2006.55485000 1220.65500000
v 2716.07550000 -2133.97485000 1162.76500000
v 2735.25550000 -2332.94485000 1027.92500000
v 2725.93550000 -1389.03485000 1023.70500000
v 2719.16550000 -1571.82485000 955.97500000
v 2732.86550000 -1682.34485000 883.52500000
v 2716.47550000 -1769.78485000 789.01500000
v 2690.78550000 -1807.52485000 650.58500000
v 2717.03550000 -2551.25485000 442.53500000
v 2687.79550000 -1662.35485000 388.57500000
v 2694.29550000 -1654.69485000 305.37500000
v 2715.68550000 -2557.74485000 271.24500000
v 2697.25550000 -1702.71485000 32.17500000
v 2713.04550000 -2571.40485000 -27.97500000
v 2706.44550000 -1727.10485000 -96.29500000
v 2698.18550000 -1751.95485000 -190.20500000
v 2698.71550000 -1767.89485000 -235.35500000
v 2679.41550000 -1801.54485000 -295.22500000
v 2664.46550000 -1862.10485000 -361.01500000
v 2713.48550000 -2090.56485000 -456.89500000
v 2762.36550000 -2612.79485000 -470.78500000
v 2746.71550000 -2222.73485000 -874.34500000
v 2716.03550000 -1896.81485000 -1403.06500000
v 2695.72550000 -2443.95485000 -1458.74500000
v 2694.31550000 -1145.05485000 1339.40500000
v 2821.63550000 -1431.54485000 1279.71500000
v 2736.00550000 -1200.13485000 1320.82500000
v 2783.71550000 -1748.98485000 1262.53500000
v 2736.51550000 -1164.19485000 1219.65500000
v 2737.75550000 -1182.25485000 1186.77500000
v 2756.10550000 -1253.06485000 1106.79500000
v 2747.29550000 -2383.22485000 974.34500000
v 2762.49550000 -1432.54485000 979.81500000
v 2766.43550000 -1639.96485000 898.10500000
v 2739.01550000 -1816.18485000 729.00500000
v 2733.24550000 -1835.51485000 678.57500000
v 2726.32550000 -1843.75485000 641.17500000
v 2730.99550000 -1849.91485000 598.78500000
v 2727.14550000 -1822.34485000 530.55500000
v 2702.69550000 -1704.05485000 430.03500000
v 2698.72550000 -1660.08485000 245.75500000
v 2709.31550000 -1679.87485000 137.98500000
v 2724.33550000 -1704.57485000 -4.36500000
v 2731.40550000 -1719.85485000 -77.38500000
v 2768.91550000 -2586.77485000 -60.42500000
v 2758.18550000 -2595.22485000 -211.23500000
v 2700.52550000 -1811.78485000 -283.38500000
v 2710.23550000 -1883.37485000 -323.89500000
v 2858.68550000 -2604.72485000 -259.94500000
v 2750.66550000 -2218.58485000 -558.45500000
v 2780.23550000 -2628.85485000 -848.45500000
v 2836.01550000 -2234.42485000 -640.27500000
v 2739.62550000 -2163.81485000 -1031.98500000
v 2785.39550000 -2073.68485000 -1051.12500000
v 2745.95550000 -2025.54485000 -1134.37500000
v 2785.06550000 -1974.25485000 -1130.67500000
v 2796.62550000 -1940.71485000 -1163.03500000
v 2788.08550000 -2541.73485000 -1284.20500000
v 2757.09550000 -1915.77485000 -1394.09500000
v 2739.95550000 -2064.52485000 -1482.20500000
v 2742.59550000 -2265.57485000 -1480.50500000
v 2783.59550000 -1503.27485000 1310.48500000
v 2783.09550000 -1622.38485000 1289.44500000
v 2748.17550000 -1169.59485000 1244.68500000
v 2778.33550000 -2286.50485000 1038.52500000
v 2802.33550000 -1403.11485000 973.21500000
v 2782.10550000 -1749.60485000 809.32500000
v 2796.11550000 -1814.07485000 737.91500000
v 2807.26550000 -2555.79485000 529.60500000
v 2770.55550000 -2564.83485000 353.84500000
v 2722.79550000 -1681.31485000 243.76500000
v 2785.25550000 -2573.02485000 165.40500000
v 2749.16550000 -1704.71485000 85.28500000
v 2725.72550000 -1746.65485000 -150.10500000
v 2739.62550000 -1995.57485000 -346.61500000
v 2745.20550000 -2166.87485000 -457.66500000
v 2734.72550000 -2192.52485000 -519.50500000
v 2822.47550000 -2219.18485000 -821.14500000
v 2788.13550000 -2190.78485000 -923.81500000
v 2774.46550000 -2624.56485000 -970.12500000
v 2806.88550000 -2134.74485000 -977.00500000
v 2839.71550000 -2612.46485000 -989.81500000
v 2781.10550000 -2592.70485000 -1150.64500000
v 2834.37550000 -1915.31485000 -1170.46500000
v 2768.12550000 -2566.91485000 -1244.69500000
v 2808.94550000 -1895.07485000 -1283.43500000
v 2747.66550000 -1183.70485000 1284.94500000
v 2799.21550000 -2210.52485000 1069.59500000
v 2795.39550000 -1348.96485000 1017.15500000
v 2816.15550000 -2361.43485000 957.94500000
v 2775.91550000 -1564.58485000 922.17500000
v 2769.87550000 -2472.66485000 841.48500000
v 2827.01550000 -2512.04485000 744.87500000
v 2764.27550000 -1872.55485000 616.41500000
v 2770.03550000 -1888.25485000 545.79500000
v 2745.58550000 -1789.17485000 412.58500000
v 2723.96550000 -1711.60485000 353.56500000
v 2750.76550000 -1731.50485000 -53.56500000
v 2727.31550000 -1803.35485000 -228.82500000
v 2761.71550000 -2098.04485000 -367.42500000
v 2830.64550000 -2618.70485000 -546.69500000
v 2831.90550000 -2014.20485000 -1035.04500000
v 2833.05550000 -1901.57485000 -1219.62500000
v 2762.79550000 -2493.32485000 -1358.71500000
v 2814.36550000 -2431.06485000 -1351.30500000
v 2785.37550000 -2351.14485000 -1414.90500000
v 2816.87550000 -2174.47485000 -1404.41500000
v 2891.09550000 -1398.84485000 1212.43500000
v 2793.14550000 -1243.35485000 1269.22500000
v 2855.78550000 -1903.41485000 1155.42500000
v 2782.34550000 -1207.32485000 1189.67500000
v 2836.98550000 -2073.79485000 1103.15500000
v 2805.00550000 -1250.14485000 1126.77500000
v 2836.72550000 -1309.70485000 1050.87500000
v 2820.29550000 -1494.91485000 920.19500000
v 2820.74550000 -2436.58485000 873.67500000
v 2793.58550000 -1692.73485000 850.90500000
v 2822.86550000 -2530.99485000 665.34500000
v 2800.69550000 -1863.71485000 661.59500000
v 2813.53550000 -1910.91485000 576.44500000
v 2783.28550000 -1908.28485000 476.37500000
v 2782.60550000 -1895.85485000 429.36500000
v 2911.50550000 -2573.49485000 321.71500000
v 2775.54550000 -1775.19485000 247.50500000
v 2758.09550000 -1721.23485000 172.10500000
v 2864.07550000 -2589.66485000 55.07500000
v 2784.39550000 -1751.55485000 21.48500000
v 2878.96550000 -2597.34485000 -72.89500000
v 2759.07550000 -1777.14485000 -134.59500000
v 2763.50550000 -1877.91485000 -216.87500000
v 2803.41550000 -2137.06485000 -300.61500000
v 2784.60550000 -2163.19485000 -374.16500000
v 2794.79550000 -2201.56485000 -418.00500000
v 2871.32550000 -2222.52485000 -707.02500000
v 2903.80550000 -1896.45485000 -1204.23500000
v 2883.80550000 -1906.92485000 -1249.77500000
v 2850.18550000 -1311.87485000 1234.00500000
v 2805.29550000 -1229.79485000 1219.83500000
v 2865.05550000 -1389.65485000 954.67500000
v 2825.17550000 -1620.57485000 864.18500000
v 2833.02550000 -1702.96485000 818.98500000
v 2867.95550000 -1749.76485000 770.69500000
v 2850.30550000 -1793.73485000 744.37500000
v 2826.37550000 -1963.33485000 480.76500000
v 2805.07550000 -1896.46485000 314.34500000
v 2783.26550000 -1757.27485000 121.65500000
v 2798.94550000 -1790.68485000 159.69500000
v 2779.46550000 -1771.74485000 -63.42500000
v 2786.28550000 -1825.33485000 -116.51500000
v 2791.79550000 -2027.46485000 -252.56500000
v 2821.67550000 -2185.04485000 -319.65500000
v 2835.96550000 -2227.37485000 -435.22500000
v 2876.64550000 -2620.26485000 -666.93500000
v 2886.79550000 -2191.11485000 -790.34500000
v 2855.71550000 -2162.06485000 -884.54500000
v 2872.28550000 -2062.47485000 -947.44500000
v 2895.27550000 -1955.60485000 -1004.45500000
v 2910.86550000 -2558.10485000 -1112.15500000
v 2875.74550000 -1926.52485000 -1282.31500000
v 2807.16550000 -1953.34485000 -1370.97500000
v 2870.85550000 -2335.18485000 -1327.69500000
v 2866.06550000 -2046.26485000 -1340.02500000
v 2881.71550000 -1587.34485000 1217.70500000
v 2845.66550000 -1277.73485000 1213.89500000
v 2841.78550000 -1261.01485000 1155.70500000
v 2858.69550000 -2289.52485000 981.46500000
v 2876.77550000 -1432.42485000 915.79500000
v 2895.83550000 -1481.28485000 870.52500000
v 2909.26550000 -1566.95485000 812.61500000
v 2879.36550000 -2494.92485000 758.02500000
v 2873.78550000 -1848.45485000 681.28500000
v 2829.38550000 -1983.97485000 374.97500000
v 2822.96550000 -1891.72485000 192.99500000
v 2923.15550000 -2584.41485000 146.57500000
v 2819.94550000 -1861.75485000 99.83500000
v 2815.09550000 -1879.22485000 -28.79500000
v 2807.19550000 -1946.61485000 -140.79500000
v 2828.97550000 -2107.44485000 -202.27500000
v 2888.99550000 -2610.31485000 -414.13500000
v 2875.04550000 -2617.03485000 -821.00500000
v 2882.43550000 -2117.97485000 -894.85500000
v 2886.51550000 -2002.42485000 -965.01500000
v 2883.43550000 -1983.97485000 -987.94500000
v 2899.41550000 -1923.60485000 -1066.19500000
v 2828.16550000 -2498.62485000 -1287.14500000
v 2873.98550000 -2524.05485000 -1211.47500000
v 2944.85550000 -1561.32485000 1163.75500000
v 2874.98550000 -1290.23485000 1160.39500000
v 2929.49550000 -1739.15485000 1142.32500000
v 2862.03550000 -1283.04485000 1112.26500000
v 2886.06550000 -1308.33485000 1073.41500000
v 2907.71550000 -1368.19485000 970.94500000
v 2885.81550000 -2420.44485000 858.34500000
v 2900.48550000 -1673.26485000 776.91500000
v 2942.05550000 -2531.35485000 636.98500000
v 2867.21550000 -1912.55485000 602.03500000
v 2917.44550000 -2552.10485000 560.83500000
v 2867.21550000 -1972.82485000 516.69500000
v 2865.61550000 -2008.81485000 461.18500000
v 2867.77550000 -2037.40485000 403.79500000
v 2840.01550000 -2007.20485000 -64.68500000
v 2827.86550000 -2044.58485000 -142.70500000
v 2847.66550000 -2165.36485000 -210.10500000
v 2877.94550000 -2212.53485000 -251.45500000
v 2916.74550000 -2232.46485000 -388.72500000
v 2960.50550000 -2584.39485000 -954.78500000
v 2896.53550000 -2485.43485000 -1228.67500000
v 2920.79550000 -2435.04485000 -1237.00500000
v 2934.82550000 -2220.68485000 -1281.44500000
v 2980.63550000 -2036.09485000 1002.83500000
v 2931.56550000 -2197.29485000 969.51500000
v 2945.11550000 -1356.81485000 1000.69500000
v 2908.88550000 -2369.07485000 886.43500000
v 2939.80550000 -1409.63485000 905.90500000
v 2929.21550000 -2466.45485000 771.28500000
v 2916.95550000 -1736.51485000 740.69500000
v 2915.22550000 -1789.24485000 709.96500000
v 2926.07550000 -1904.75485000 610.36500000
v 2945.67550000 -2565.44485000 460.21500000
v 2880.02550000 -2088.41485000 296.47500000
v 2855.97550000 -2024.08485000 200.64500000
v 2842.50550000 -1951.18485000 139.79500000
v 2846.87550000 -2000.47485000 46.09500000
v 2850.29550000 -2094.82485000 -94.34500000
v 2879.14550000 -2175.78485000 -117.67500000
v 3025.68550000 -2598.16485000 -94.89500000
v 3004.84550000 -2604.77485000 -319.32500000
v 2945.29550000 -2223.66485000 -536.25500000
v 2907.80550000 -2143.67485000 -832.22500000
v 2914.78550000 -1977.32485000 -950.18500000
v 2947.62550000 -1901.79485000 -1071.15500000
v 2900.04550000 -1897.14485000 -1174.98500000
v 2938.77550000 -1964.61485000 -1237.14500000
v 2910.40550000 -2139.32485000 -1305.99500000
v 2907.43550000 -1364.04485000 1183.44500000
v 2893.99550000 -1323.13485000 1169.48500000
v 2893.91550000 -1305.07485000 1104.97500000
v 2949.43550000 -2311.99485000 891.91500000
v 2970.94550000 -1378.49485000 953.94500000
v 2966.78550000 -1457.81485000 831.18500000
v 2979.63550000 -1519.41485000 770.46500000
v 3012.33550000 -1597.59485000 689.96500000
v 2964.08550000 -1648.05485000 723.71500000
v 2935.80550000 -1847.38485000 656.58500000
v 2924.82550000 -1985.58485000 519.78500000
v 2903.49550000 -2042.10485000 441.76500000
v 2913.22550000 -2109.74485000 333.28500000
v 2902.57550000 -2133.67485000 253.95500000
v 2894.59550000 -2139.80485000 150.44500000
v 2870.82550000 -2105.00485000 23.46500000
v 2955.61550000 -2590.50485000 36.56500000
v 2908.39550000 -2182.93485000 -3.53500000
v 2909.98550000 -2204.11485000 -104.16500000
v 2956.13550000 -2149.07485000 -750.53500000
v 2951.48550000 -2075.87485000 -824.36500000
v 2929.45550000 -2008.90485000 -903.64500000
v 2988.33550000 -2599.80485000 -792.25500000
v 2965.48550000 -2514.34485000 -1125.42500000
v 2966.01550000 -1420.23485000 1126.48500000
v 3010.27550000 -1523.38485000 1086.92500000
v 2959.94550000 -1355.90485000 1039.69500000
v 3006.97550000 -1402.54485000 907.82500000
v 2950.10550000 -2428.03485000 799.91500000
v 2966.96550000 -1735.94485000 688.98500000
v 2979.06550000 -1955.48485000 538.79500000
v 2949.54550000 -2057.61485000 440.05500000
v 2945.04550000 -2099.50485000 376.82500000
v 2928.82550000 -2163.88485000 212.92500000
v 2930.85550000 -2188.26485000 90.49500000
v 2953.92550000 -2611.25485000 -498.33500000
v 2961.92550000 -2193.22485000 -645.39500000
v 2945.22550000 -1972.45485000 -913.05500000
v 3016.92550000 -1892.42485000 -1052.82500000
v 3048.90550000 -1907.31485000 -1072.80500000
v 2965.59550000 -1925.64485000 -1182.53500000
v 2996.70550000 -2319.19485000 -1203.40500000
v 3024.37550000 -2211.85485000 -1188.47500000
v 2937.96550000 -1367.95485000 1134.94500000
v 3029.17550000 -1908.97485000 1003.43500000
v 2939.86550000 -1350.19485000 1102.75500000
v 3008.81550000 -2384.09485000 786.75500000
v 3032.42550000 -1438.41485000 814.90500000
v 3027.38550000 -1504.18485000 735.46500000
v 2977.00550000 -1821.83485000 643.37500000
v 2975.58550000 -1887.81485000 598.32500000
v 2988.78550000 -2031.63485000 456.38500000
v 2988.18550000 -2097.73485000 378.55500000
v 2978.23550000 -2154.80485000 265.04500000
v 2971.59550000 -2199.65485000 114.06500000
v 2947.41550000 -2213.50485000 -96.59500000
v 2999.83550000 -2154.96485000 -671.57500000
v 3011.63550000 -2114.69485000 -705.03500000
v 2991.68550000 -1996.62485000 -825.85500000
v 2991.05550000 -1948.71485000 -876.20500000
v 3019.32550000 -1913.29485000 -902.01500000
v 2968.34550000 -2475.57485000 -1160.64500000
v 2986.83550000 -1401.49485000 1082.04500000
v 3002.69550000 -1652.95485000 1090.24500000
v 3013.20550000 -2452.14485000 717.42500000
v 3066.76550000 -1560.40485000 657.86500000
v 2987.28550000 -2495.70485000 675.65500000
v 3027.16550000 -1697.26485000 634.02500000
v 3017.62550000 -1870.81485000 576.30500000
v 3016.68550000 -1922.99485000 537.87500000
v 3024.51550000 -2556.30485000 488.39500000
v 3038.58550000 -2571.32485000 344.69500000
v 3038.97550000 -2122.18485000 303.90500000
v 3020.32550000 -2196.37485000 131.37500000
v 3023.19550000 -2213.03485000 -17.67500000
v 3007.97550000 -2223.27485000 -387.05500000
v 3039.03550000 -2199.61485000 -463.25500000
v 2983.43550000 -2608.36485000 -644.10500000
v 3029.16550000 -2052.23485000 -725.85500000
v 3061.01550000 -1986.31485000 -716.56500000
v 3035.88550000 -1957.23485000 -791.14500000
v 3041.84550000 -1956.04485000 -1122.95500000
v 3020.98550000 -2411.41485000 -1137.81500000
v 3021.17550000 -2026.85485000 -1172.40500000
v 2977.24550000 -2125.25485000 -1232.62500000
v 3029.29550000 -1411.64485000 1011.59500000
v 3034.80550000 -1402.28485000 943.72500000
v 2987.79550000 -1384.95485000 951.37500000
v 3040.45550000 -2268.57485000 831.63500000
v 3068.59550000 -2520.02485000 553.79500000
v 3037.18550000 -1803.44485000 578.98500000
v 3032.00550000 -1979.51485000 474.06500000
v 3042.48550000 -2046.88485000 391.43500000
v 3047.20550000 -2582.07485000 158.44500000
v 3059.38550000 -2161.52485000 191.86500000
v 3011.75550000 -2220.35485000 -216.21500000
v 3039.09550000 -2170.29485000 -563.14500000
v 3044.99550000 -2137.15485000 -617.81500000
v 3068.64550000 -2096.48485000 -621.99500000
v 3078.62550000 -1887.85485000 -913.13500000
v 3028.83550000 -2481.21485000 -1083.87500000
v 3049.37550000 -2346.23485000 -1138.30500000
v 3037.57550000 -1455.76485000 1034.78500000
v 3084.75550000 -1797.01485000 980.04500000
v 3051.66550000 -2145.99485000 884.74500000
v 3080.20550000 -1492.34485000 711.55500000
v 3053.14550000 -1903.74485000 506.60500000
v 3080.45550000 -2120.35485000 254.70500000
v 3087.29550000 -2200.71485000 -97.10500000
v 3135.62550000 -2592.61485000 -232.05500000
v 3077.40550000 -1943.76485000 -730.11500000
v 3061.68550000 -1929.36485000 -784.91500000
v 3057.53550000 -2558.22485000 -923.22500000
v 3055.94550000 -2520.90485000 -998.71500000
v 3079.45550000 -2262.11485000 -1117.26500000
v 3081.90550000 -1429.63485000 828.53500000
v 3109.48550000 -2328.13485000 720.71500000
v 3113.15550000 -1456.33485000 754.14500000
v 3094.74550000 -2419.03485000 662.13500000
v 3088.61550000 -1662.84485000 570.26500000
v 3079.87550000 -1755.69485000 540.45500000
v 3108.51550000 -1852.87485000 449.97500000
v 3088.69550000 -1970.41485000 404.94500000
v 3098.54550000 -2065.76485000 289.92500000
v 3061.37550000 -2190.86485000 58.78500000
v 3161.49550000 -2586.65485000 -94.49500000
v 3071.84550000 -2201.23485000 -287.01500000
v 3092.01550000 -2596.15485000 -469.33500000
v 3095.58550000 -2166.17485000 -449.56500000
v 3099.25550000 -2128.33485000 -514.57500000
v 3087.66550000 -2591.83485000 -640.16500000
v 3096.82550000 -2027.05485000 -620.78500000
v 3098.36550000 -1975.90485000 -650.45500000
v 3097.41550000 -1954.41485000 -675.19500000
v 3121.13550000 -1902.52485000 -722.99500000
v 3145.65550000 -1882.99485000 -760.37500000
v 3102.42550000 -2574.80485000 -761.18500000
v 3131.46550000 -1880.29485000 -913.42500000
v 3090.31550000 -1891.99485000 -991.60500000
v 3086.99550000 -2045.69485000 894.68500000
v 3061.05550000 -1416.84485000 887.33500000
v 3059.70550000 -2475.77485000 632.73500000
v 3119.89550000 -1751.20485000 479.50500000
v 3146.34550000 -2565.69485000 307.96500000
v 3109.37550000 -2573.64485000 249.77500000
v 3114.48550000 -2121.75485000 174.54500000
v 3119.23550000 -2157.49485000 38.97500000
v 3119.82550000 -2167.77485000 -342.85500000
v 3119.99550000 -2079.13485000 -532.55500000
v 3111.05550000 -1929.52485000 -683.58500000
v 3096.33550000 -2466.18485000 -1011.24500000
v 3119.54550000 -2011.67485000 -1061.11500000
v 3084.43550000 -2133.64485000 -1111.37500000
v 3126.94550000 -1675.17485000 953.46500000
v 3123.24550000 -1529.83485000 949.18500000
v 3140.12550000 -1598.92485000 940.09500000
v 3113.40550000 -1471.01485000 933.54500000
v 3107.35550000 -1442.76485000 906.84500000
v 3113.10550000 -1435.55485000 848.62500000
v 3164.38550000 -1495.11485000 667.12500000
v 3148.67550000 -1526.22485000 627.55500000
v 3123.33550000 -1552.15485000 618.11500000
v 3144.31550000 -1616.17485000 543.81500000
v 3149.88550000 -1705.23485000 465.41500000
v 3140.62550000 -2543.48485000 406.88500000
v 3127.88550000 -1934.46485000 373.86500000
v 3140.02550000 -1989.49485000 299.21500000
v 3163.33550000 -2582.19485000 11.62500000
v 3150.70550000 -2157.79485000 -89.76500000
v 3139.76550000 -2160.91485000 -205.34500000
v 3139.14550000 -2133.09485000 -399.95500000
v 3129.09550000 -1967.69485000 -607.12500000
v 3159.62550000 -2538.96485000 -812.41500000
v 3130.11550000 -2334.25485000 -1038.76500000
v 3125.09550000 -2406.57485000 -1013.98500000
v 3159.98550000 -1967.52485000 845.43500000
v 3134.72550000 -1447.99485000 783.26500000
v 3145.94550000 -2183.86485000 757.92500000
v 3133.97550000 -2462.19485000 563.63500000
v 3180.69550000 -1573.74485000 558.01500000
v 3157.26550000 -1798.19485000 395.49500000
v 3163.07550000 -1904.84485000 315.83500000
v 3153.51550000 -2055.37485000 189.52500000
v 3160.10550000 -2099.79485000 88.37500000
v 3161.55550000 -2084.45485000 -426.71500000
v 3152.81550000 -2011.52485000 -508.68500000
v 3171.65550000 -1948.87485000 -521.70500000
v 3165.56550000 -1918.04485000 -588.60500000
v 3212.16550000 -1876.84485000 -591.33500000
v 3208.94550000 -1865.60485000 -761.03500000
v 3174.35550000 -1887.48485000 -902.31500000
v 3134.83550000 -1944.48485000 -1010.60500000
v 3184.11550000 -1648.05485000 891.76500000
v 3162.61550000 -1473.67485000 855.57500000
v 3157.51550000 -1458.95485000 829.42500000
v 3168.23550000 -1461.13485000 775.75500000
v 3165.50550000 -1471.99485000 724.83500000
v 3172.17550000 -2354.55485000 614.48500000
v 3196.16550000 -1543.71485000 588.94500000
v 3171.39550000 -2506.78485000 450.54500000
v 3185.62550000 -1677.22485000 446.55500000
v 3191.54550000 -1746.67485000 373.13500000
v 3206.07550000 -1840.68485000 257.74500000
v 3176.35550000 -1989.98485000 214.86500000
v 3196.93550000 -2030.45485000 107.99500000
v 3161.33550000 -2574.95485000 149.45500000
v 3185.35550000 -2096.75485000 -5.84500000
v 3191.49550000 -2112.56485000 -149.31500000
v 3179.84550000 -2102.20485000 -296.31500000
v 3194.56550000 -2025.24485000 -393.37500000
v 3206.57550000 -1961.10485000 -397.19500000
v 3197.99550000 -1926.31485000 -476.12500000
v 3157.91550000 -2580.43485000 -576.77500000
v 3155.75550000 -2492.65485000 -902.55500000
v 3161.99550000 -1907.39485000 -947.02500000
v 3160.78550000 -2437.51485000 -947.33500000
v 3181.94550000 -2186.53485000 -988.79500000
v 3197.07550000 -1531.18485000 834.47500000
v 3179.08550000 -1806.05485000 869.58500000
v 3205.50550000 -1498.10485000 668.49500000
v 3212.97550000 -2430.48485000 488.49500000
v 3223.25550000 -1636.63485000 456.77500000
v 3196.78550000 -2532.49485000 363.57500000
v 3232.44550000 -1702.17485000 365.71500000
v 3233.20550000 -2540.68485000 265.62500000
v 3204.51550000 -1934.73485000 181.76500000
v 3239.07550000 -2573.44485000 -92.81500000
v 3193.92550000 -2059.97485000 -346.86500000
v 3195.61550000 -2578.78485000 -390.06500000
v 3225.78550000 -1914.06485000 -393.99500000
v 3247.50550000 -1855.65485000 -628.55500000
v 3227.60550000 -1869.28485000 -793.02500000
v 3238.36550000 -1891.44485000 -840.42500000
v 3189.80550000 -2392.09485000 -936.23500000
v 3168.11550000 -2075.48485000 -1005.35500000
v 3234.52550000 -1737.06485000 812.14500000
v 3209.02550000 -1620.13485000 842.32500000
v 3254.33550000 -2077.71485000 681.16500000
v 3206.24550000 -1497.19485000 772.59500000
v 3205.45550000 -1491.13485000 716.18500000
v 3234.95550000 -1540.89485000 593.73500000
v 3238.15550000 -1587.55485000 516.82500000
v 3234.16550000 -1770.52485000 270.65500000
v 3220.36550000 -2564.60485000 125.26500000
v 3249.02550000 -1828.53485000 133.25500000
v 3232.79550000 -1890.70485000 129.28500000
v 3231.59550000 -1958.45485000 69.48500000
v 3221.28550000 -2031.22485000 6.86500000
v 3196.30550000 -2573.67485000 48.38500000
v 3224.18550000 -2055.85485000 -94.51500000
v 3217.87550000 -2064.74485000 -193.23500000
v 3223.24550000 -2008.31485000 -261.03500000
v 3238.05550000 -1938.27485000 -262.21500000
v 3237.94550000 -1917.67485000 -313.48500000
v 3233.38550000 -1887.79485000 -456.86500000
v 3260.48550000 -1879.77485000 -316.71500000
v 3283.14550000 -1846.25485000 -455.73500000
v 3304.23550000 -1840.12485000 -612.42500000
v 3213.37550000 -2559.10485000 -585.52500000
v 3225.72550000 -2498.71485000 -788.70500000
v 3253.39550000 -2523.22485000 -669.78500000
v 3227.79550000 -1921.39485000 -881.14500000
v 3213.09550000 -1993.78485000 -930.18500000
v 3248.19550000 -2282.63485000 -877.05500000
v 3243.41550000 -1522.17485000 652.84500000
v 3251.28550000 -2480.69485000 363.48500000
v 3226.08550000 -2517.72485000 338.07500000
v 3286.36550000 -1674.14485000 349.06500000
v 3283.15550000 -1727.68485000 253.91500000
v 3265.50550000 -1779.04485000 183.09500000
v 3285.69550000 -1796.44485000 77.28500000
v 3253.66550000 -1901.46485000 -12.38500000
v 3243.42550000 -1981.64485000 -68.78500000
v 3246.93550000 -1949.31485000 -158.44500000
v 3241.22550000 -1993.27485000 -159.19500000
v 3230.21550000 -2020.41485000 -155.55500000
v 3257.09550000 -1897.38485000 -188.52500000
v 3288.69550000 -1846.64485000 -354.08500000
v 3271.12550000 -1849.33485000 -540.25500000
v 3210.54550000 -2447.12485000 -864.79500000
v 3231.34550000 -2071.41485000 -919.41500000
v 3249.24550000 -1548.72485000 748.29500000
v 3258.44550000 -1536.05485000 709.57500000
v 3241.21550000 -1519.78485000 698.73500000
v 3243.19550000 -2233.68485000 606.93500000
v 3244.00550000 -2340.43485000 526.18500000
v 3285.88550000 -1589.30485000 509.46500000
v 3283.68550000 -2397.20485000 400.18500000
v 3288.32550000 -1630.57485000 430.10500000
v 3301.68550000 -1757.45485000 142.95500000
v 3311.20550000 -1803.28485000 -71.13500000
v 3273.38550000 -1847.32485000 -48.51500000
v 3290.31550000 -1841.88485000 -171.69500000
v 3280.81550000 -2556.66485000 -345.89500000
v 3281.81550000 -1854.44485000 -695.14500000
v 3280.21550000 -1869.74485000 -745.16500000
v 3263.83550000 -2394.38485000 -809.95500000
v 3286.36550000 -2023.97485000 -837.12500000
v 3263.75550000 -1903.97485000 731.81500000
v 3252.74550000 -1592.30485000 764.36500000
v 3280.94550000 -1553.47485000 647.45500000
v 3280.64550000 -1562.26485000 587.34500000
v 3344.46550000 -1698.93485000 240.30500000
v 3272.77550000 -2507.19485000 271.18500000
v 3344.31550000 -1735.48485000 118.48500000
v 3284.67550000 -2543.06485000 76.90500000
v 3328.10550000 -1767.28485000 28.17500000
v 3306.03550000 -1830.23485000 -257.96500000
v 3310.41550000 -2529.26485000 -469.93500000
v 3263.52550000 -2456.86485000 -765.56500000
v 3279.14550000 -2484.80485000 -699.88500000
v 3314.53550000 -1891.49485000 -736.52500000
v 3296.48550000 -1958.02485000 -797.44500000
v 3275.16550000 -2133.61485000 -851.58500000
v 3292.80550000 -1683.50485000 713.15500000
v 3302.94550000 -1798.54485000 696.80500000
v 3287.31550000 -1592.72485000 683.74500000
v 3315.30550000 -2014.20485000 623.07500000
v 3317.39550000 -2120.59485000 563.33500000
v 3323.64550000 -1601.00485000 512.65500000
v 3321.46550000 -2267.34485000 442.66500000
v 3336.49550000 -1662.21485000 342.95500000
v 3308.02550000 -2507.21485000 172.44500000
v 3326.38550000 -1806.08485000 -184.77500000
v 3336.77550000 -1809.20485000 -312.17500000
v 3315.67550000 -1829.92485000 -494.03500000
v 3311.64550000 -2544.41485000 -376.28500000
v 3320.45550000 -2484.65485000 -586.85500000
v 3352.64550000 -2156.58485000 -717.24500000
v 3332.50550000 -1609.97485000 586.39500000
v 3313.89550000 -1588.94485000 568.75500000
v 3328.73550000 -1629.55485000 434.91500000
v 3353.86550000 -2378.18485000 272.61500000
v 3307.01550000 -2455.53485000 268.21500000
v 3345.68550000 -2506.81485000 40.65500000
v 3356.42550000 -1751.21485000 6.38500000
v 3311.52550000 -2540.66485000 -120.23500000
v 3348.85550000 -1777.38485000 -109.43500000
v 3328.25550000 -2532.41485000 -287.55500000
v 3361.56550000 -1822.86485000 -515.21500000
v 3335.47550000 -1846.57485000 -618.29500000
v 3322.11550000 -2416.77485000 -676.45500000
v 3321.24550000 -2305.66485000 -737.65500000
v 3348.80550000 -1669.60485000 594.42500000
v 3361.01550000 -1778.38485000 594.78500000
v 3348.40550000 -1911.88485000 597.60500000
v 3370.15550000 -1654.82485000 526.91500000
v 3346.13550000 -1619.02485000 516.98500000
v 3358.98550000 -1638.40485000 445.34500000
v 3364.38550000 -1658.06485000 366.33500000
v 3387.80550000 -1688.93485000 261.05500000
v 3387.61550000 -1716.10485000 142.64500000
v 3383.99550000 -1747.56485000 -37.05500000
v 3372.73550000 -2493.37485000 -135.36500000
v 3373.73550000 -1777.66485000 -215.99500000
v 3374.23550000 -1801.01485000 -374.70500000
v 3371.19550000 -2469.15485000 -453.05500000
v 3348.01550000 -1861.88485000 -644.01500000
v 3345.91550000 -2016.00485000 -729.61500000
v 3410.74550000 -1749.38485000 479.08500000
v 3357.48550000 -2028.16485000 542.65500000
v 3378.22550000 -1653.75485000 467.17500000
v 3377.83550000 -2132.05485000 434.90500000
v 3393.56550000 -2256.43485000 296.00500000
v 3353.76550000 -2448.74485000 154.06500000
v 3411.95550000 -1765.66485000 -194.68500000
v 3368.68550000 -2489.53485000 -321.33500000
v 3401.41550000 -1810.24485000 -436.12500000
v 3369.60550000 -2420.93485000 -549.03500000
v 3369.60550000 -2378.77485000 -602.30500000
v 3385.97550000 -1869.77485000 -603.48500000
v 3364.31550000 -1925.09485000 -672.87500000
v 3375.79550000 -2296.52485000 -626.68500000
v 3376.61550000 -2210.20485000 -652.21500000
v 3398.47550000 -1872.63485000 514.91500000
v 3412.50550000 -1993.36485000 435.26500000
v 3398.08550000 -1694.49485000 467.55500000
v 3391.39550000 -1672.30485000 362.14500000
v 3396.75550000 -2359.12485000 171.02500000
v 3416.72550000 -1711.76485000 165.82500000
v 3394.32550000 -2431.71485000 25.72500000
v 3410.35550000 -1728.89485000 60.79500000
v 3419.81550000 -1742.23485000 -28.21500000
v 3422.03550000 -1794.49485000 -334.18500000
v 3386.81550000 -1839.09485000 -532.60500000
v 3405.81550000 -1945.22485000 -613.22500000
v 3414.40550000 -2008.32485000 -600.21500000
v 3418.94550000 -1822.60485000 469.96500000
v 3426.07550000 -1705.63485000 350.76500000
v 3421.45550000 -1706.01485000 242.38500000
v 3440.48550000 -1732.87485000 79.48500000
v 3437.63550000 -1751.76485000 -84.25500000
v 3404.58550000 -2451.78485000 -104.15500000
v 3405.40550000 -2453.98485000 -206.22500000
v 3447.70550000 -1768.04485000 -170.59500000
v 3445.16550000 -1784.93485000 -250.96500000
v 3399.73550000 -2448.79485000 -333.77500000
v 3417.19550000 -2392.25485000 -385.95500000
v 3428.33550000 -1821.99485000 -424.17500000
v 3413.10550000 -2301.69485000 -508.64500000
v 3419.31550000 -1850.05485000 -504.95500000
v 3420.15550000 -2153.43485000 -560.77500000
v 3415.89550000 -1888.22485000 -553.50500000
v 3448.41550000 -1912.54485000 384.54500000
v 3459.42550000 -1851.29485000 360.06500000
v 3454.51550000 -1784.49485000 343.83500000
v 3432.67550000 -2123.47485000 310.91500000
v 3469.24550000 -2024.90485000 283.79500000
v 3431.66550000 -2231.98485000 214.77500000
v 3443.38550000 -2288.44485000 93.66500000
v 3430.41550000 -2387.40485000 -80.68500000
v 3429.76550000 -2397.52485000 -228.15500000
v 3453.91550000 -1810.74485000 -331.41500000
v 3454.20550000 -2278.60485000 -372.77500000
v 3444.68550000 -2216.66485000 -470.61500000
v 3442.45550000 -1919.65485000 -514.93500000
v 3477.05550000 -1773.15485000 242.80500000
v 3455.99550000 -1738.68485000 198.23500000
v 3463.67550000 -2153.94485000 189.60500000
v 3469.77550000 -1751.83485000 60.26500000
v 3460.34550000 -1761.18485000 -67.70500000
v 3463.67550000 -2284.95485000 -4.26500000
v 3460.71550000 -2315.36485000 -131.07500000
v 3474.71550000 -1794.66485000 -179.72500000
v 3449.88550000 -2325.60485000 -270.53500000
v 3446.57550000 -1857.93485000 -438.36500000
v 3470.88550000 -2170.62485000 -411.52500000
v 3454.66550000 -2148.37485000 -471.49500000
v 3458.62550000 -1996.46485000 -483.82500000
v 3488.96550000 -1951.77485000 259.21500000
v 3494.56550000 -1875.91485000 248.61500000
v 3486.28550000 -1774.51485000 99.97500000
v 3475.97550000 -2205.00485000 79.60500000
v 3479.86550000 -1775.34485000 -16.77500000
v 3486.46550000 -2213.10485000 -29.28500000
v 3482.46550000 -2230.29485000 -187.19500000
v 3480.62550000 -1844.96485000 -315.35500000
v 3489.02550000 -2172.42485000 -304.00500000
v 3474.11550000 -1911.50485000 -408.05500000
v 3494.89550000 -1967.25485000 -379.36500000
v 3472.34550000 -2083.98485000 -430.30500000
v 3492.54550000 -2113.29485000 -351.58500000
v 3493.16550000 -1823.84485000 228.11500000
v 3502.84550000 -1812.23485000 122.36500000
v 3493.58550000 -2089.84485000 125.85500000
v 3499.74550000 -1812.56485000 -53.38500000
v 3502.17550000 -2144.27485000 -39.08500000
v 3511.48550000 -2109.75485000 -151.62500000
v 3497.91550000 -1840.94485000 -211.20500000
v 3507.51550000 -2094.73485000 -275.15500000
v 3498.87550000 -1893.35485000 -299.28500000
v 3503.38550000 -2040.91485000 -328.41500000
v 3516.76550000 -1887.31485000 89.72500000
v 3509.54550000 -1976.48485000 120.77500000
v 3510.85550000 -2062.71485000 -4.10500000
v 3516.53550000 -1863.00485000 -19.08500000
v 3525.66550000 -1910.09485000 -67.65500000
v 3519.57550000 -1990.56485000 -57.24500000
v 3513.78550000 -1885.20485000 -155.32500000
v 3522.51550000 -1953.57485000 -161.97500000
v 3514.81550000 -2020.77485000 -211.44500000
v 3507.83550000 -1959.96485000 -256.29500000
f 1 2 3
f 3 2 4
f 5 1 3
f 6 1 5
f 2 7 4
f 8 6 5
f 5 3 9
f 8 5 9
f 3 4 10
f 4 7 11
f 9 3 10
f 11 7 12
f 4 11 10
f 9 10 13
f 13 10 14
f 12 15 11
f 16 11 15
f 10 11 16
f 14 10 16
f 1 17 18
f 19 2 20
f 18 20 2
f 18 2 1
f 1 6 21
f 2 19 7
f 7 19 22
f 23 22 24
f 7 22 23
f 6 8 25
f 25 8 26
f 7 23 12
f 26 8 9
f 27 23 28
f 12 23 27
f 26 13 29
f 9 13 26
f 12 27 15
f 14 30 13
f 27 31 15
f 30 29 13
f 16 15 31
f 14 16 32
f 30 14 32
f 32 16 33
f 34 17 1
f 19 20 35
f 34 1 21
f 36 34 21
f 22 19 37
f 6 36 21
f 38 36 6
f 37 24 22
f 38 6 25
f 38 25 39
f 24 28 23
f 39 25 26
f 39 26 40
f 28 41 27
f 26 29 40
f 42 40 29
f 43 27 41
f 27 43 31
f 30 44 29
f 42 29 44
f 16 31 45
f 30 32 44
f 31 43 45
f 33 16 45
f 46 44 32
f 47 35 20
f 18 47 20
f 34 48 17
f 49 34 36
f 19 35 50
f 37 19 50
f 24 37 51
f 38 52 36
f 53 24 51
f 52 38 54
f 54 38 39
f 24 53 28
f 55 28 53
f 56 57 39
f 56 39 40
f 58 28 55
f 28 58 41
f 42 59 40
f 60 41 58
f 41 60 43
f 59 42 61
f 61 42 44
f 43 60 62
f 45 43 62
f 63 61 44
f 62 64 45
f 45 64 65
f 33 45 65
f 46 32 66
f 33 65 67
f 32 33 67
f 66 32 67
f 35 47 68
f 17 47 18
f 69 47 17
f 48 69 17
f 49 48 34
f 35 68 50
f 70 49 36
f 37 50 71
f 51 37 71
f 52 70 36
f 51 72 53
f 73 53 72
f 54 39 57
f 73 55 53
f 73 74 55
f 75 57 56
f 55 74 76
f 76 58 55
f 75 56 59
f 56 40 59
f 62 60 77
f 63 44 46
f 64 62 65
f 78 65 62
f 47 79 80
f 81 79 69
f 69 79 47
f 82 81 48
f 48 81 69
f 83 82 48
f 47 80 68
f 49 83 48
f 50 68 84
f 71 50 84
f 52 85 70
f 71 86 51
f 87 85 52
f 72 51 86
f 52 54 87
f 88 87 54
f 54 57 88
f 89 88 57
f 72 90 73
f 89 57 75
f 91 89 75
f 92 91 75
f 92 75 59
f 93 58 76
f 94 92 59
f 93 60 58
f 59 61 94
f 95 60 93
f 60 95 77
f 94 61 63
f 62 77 96
f 63 46 97
f 96 98 62
f 62 98 78
f 66 97 46
f 65 78 98
f 99 100 80
f 79 99 80
f 80 100 84
f 83 49 101
f 80 84 68
f 49 70 101
f 71 84 102
f 103 71 102
f 101 70 85
f 71 103 86
f 104 86 103
f 86 104 72
f 72 104 90
f 73 105 74
f 74 105 76
f 105 106 76
f 76 106 93
f 92 94 107
f 94 63 108
f 109 77 95
f 97 108 63
f 98 96 110
f 65 111 67
f 67 112 66
f 111 112 67
f 97 66 112
f 98 113 65
f 111 65 113
f 99 79 114
f 81 114 79
f 99 115 100
f 84 100 102
f 102 116 103
f 85 117 101
f 87 118 85
f 118 87 119
f 88 119 87
f 89 119 88
f 89 120 119
f 120 89 121
f 122 73 90
f 123 73 122
f 91 121 89
f 73 123 105
f 124 121 91
f 92 124 91
f 106 125 93
f 93 125 95
f 125 126 95
f 95 126 109
f 77 109 96
f 94 108 107
f 96 109 127
f 96 127 110
f 110 113 98
f 128 113 110
f 112 111 129
f 130 114 81
f 81 131 130
f 114 115 99
f 82 131 81
f 132 131 82
f 83 132 82
f 115 133 100
f 100 133 134
f 135 83 101
f 102 100 134
f 136 102 134
f 116 102 136
f 116 137 103
f 103 137 104
f 104 138 90
f 138 139 90
f 139 122 90
f 105 123 140
f 141 142 121
f 140 143 105
f 124 141 121
f 105 143 106
f 144 106 143
f 106 144 125
f 145 124 92
f 107 145 92
f 126 146 109
f 107 108 147
f 109 146 127
f 108 97 148
f 147 108 148
f 149 110 127
f 110 149 128
f 150 113 128
f 111 113 150
f 151 114 130
f 115 151 152
f 114 151 115
f 115 152 133
f 83 153 132
f 83 135 153
f 136 154 116
f 154 155 116
f 116 155 137
f 117 85 118
f 156 118 119
f 137 157 104
f 157 138 104
f 119 120 158
f 139 123 122
f 142 120 121
f 144 159 125
f 145 141 124
f 125 159 126
f 107 147 160
f 112 161 97
f 148 97 161
f 162 150 128
f 161 112 129
f 111 150 163
f 133 152 164
f 165 153 135
f 136 134 166
f 167 136 166
f 167 154 136
f 135 101 168
f 117 168 101
f 168 117 169
f 118 169 117
f 155 157 137
f 156 169 118
f 119 158 156
f 170 158 120
f 171 123 139
f 170 120 142
f 171 140 123
f 172 140 173
f 143 140 172
f 142 141 174
f 174 141 175
f 176 143 172
f 144 143 176
f 177 175 141
f 144 178 159
f 141 145 177
f 159 179 126
f 126 179 146
f 145 107 160
f 160 180 145
f 146 179 127
f 181 127 179
f 147 182 160
f 148 182 147
f 162 128 149
f 163 150 162
f 111 183 129
f 161 129 183
f 184 185 151
f 130 184 151
f 131 186 130
f 187 186 131
f 152 188 164
f 188 152 185
f 151 185 152
f 189 131 132
f 153 189 132
f 133 164 166
f 133 166 134
f 135 190 165
f 190 135 168
f 191 154 167
f 168 169 192
f 191 193 154
f 154 193 155
f 157 194 138
f 138 194 139
f 194 171 139
f 170 142 195
f 142 174 195
f 171 173 140
f 144 176 196
f 178 144 196
f 177 145 197
f 179 159 178
f 198 179 178
f 145 180 197
f 179 199 181
f 149 127 200
f 200 127 181
f 149 200 201
f 201 162 149
f 111 163 202
f 183 111 202
f 186 184 130
f 189 187 131
f 153 203 189
f 164 188 204
f 203 153 165
f 166 164 204
f 192 169 205
f 169 156 206
f 169 206 205
f 207 157 155
f 206 156 208
f 208 156 158
f 157 207 194
f 170 208 158
f 194 207 209
f 209 210 194
f 171 194 210
f 211 171 210
f 171 211 173
f 173 211 212
f 173 212 172
f 212 213 172
f 176 172 213
f 179 198 199
f 180 214 197
f 215 181 199
f 148 216 182
f 161 217 148
f 217 216 148
f 186 187 218
f 185 219 188
f 188 219 204
f 204 220 166
f 190 221 165
f 190 168 222
f 223 167 166
f 167 223 191
f 224 155 193
f 155 224 207
f 210 225 211
f 226 227 228
f 212 211 228
f 229 212 228
f 227 229 228
f 230 227 226
f 230 231 227
f 227 232 229
f 233 232 227
f 231 233 227
f 229 232 212
f 212 232 213
f 232 234 213
f 235 234 232
f 213 234 176
f 196 176 234
f 178 196 236
f 198 178 236
f 197 214 177
f 198 215 199
f 214 180 237
f 160 182 238
f 215 239 181
f 239 200 181
f 240 160 238
f 182 216 238
f 200 239 241
f 201 200 241
f 201 242 162
f 242 163 162
f 183 217 161
f 185 184 243
f 184 186 218
f 243 184 218
f 185 244 219
f 244 245 204
f 244 204 219
f 220 204 245
f 203 165 221
f 223 166 220
f 168 192 222
f 191 223 246
f 246 193 191
f 246 224 193
f 224 247 207
f 207 247 248
f 207 248 209
f 208 170 249
f 250 251 209
f 251 225 209
f 249 170 195
f 209 225 210
f 225 252 211
f 228 211 252
f 253 226 252
f 252 226 228
f 253 254 226
f 195 174 255
f 254 230 226
f 256 230 254
f 230 256 231
f 257 231 256
f 231 258 233
f 257 258 231
f 232 233 258
f 259 174 175
f 258 235 232
f 175 177 259
f 236 260 198
f 215 198 261
f 180 160 240
f 180 240 237
f 241 262 201
f 242 201 262
f 217 183 263
f 264 163 242
f 264 202 163
f 183 202 265
f 218 187 266
f 267 268 244
f 185 267 244
f 203 221 269
f 244 268 245
f 190 222 221
f 220 270 223
f 271 246 223
f 272 205 206
f 272 206 208
f 209 248 250
f 252 225 251
f 273 252 251
f 249 195 274
f 252 273 253
f 274 195 255
f 275 256 254
f 276 277 256
f 256 277 257
f 278 174 259
f 257 279 258
f 279 280 258
f 235 281 234
f 258 281 235
f 280 281 258
f 281 282 234
f 196 234 282
f 282 283 236
f 196 282 236
f 284 259 177
f 260 236 283
f 177 214 284
f 260 261 198
f 285 214 237
f 286 215 261
f 215 286 239
f 287 241 239
f 240 238 288
f 238 216 289
f 290 241 287
f 241 290 262
f 242 291 264
f 265 202 264
f 263 183 265
f 266 187 292
f 243 267 185
f 292 187 189
f 293 292 189
f 245 268 294
f 295 245 294
f 245 295 220
f 296 221 222
f 295 270 220
f 270 297 223
f 271 223 297
f 205 298 192
f 205 272 298
f 246 271 299
f 299 224 246
f 247 224 299
f 250 300 251
f 301 273 251
f 301 302 253
f 253 273 301
f 302 254 253
f 256 275 303
f 255 174 278
f 256 303 276
f 257 277 304
f 304 305 257
f 257 305 279
f 281 306 282
f 282 306 283
f 239 286 287
f 216 217 289
f 262 307 242
f 263 289 217
f 291 242 307
f 243 218 266
f 308 309 267
f 243 308 267
f 267 309 268
f 203 293 189
f 203 269 293
f 309 294 268
f 296 269 221
f 294 310 295
f 222 192 311
f 311 192 298
f 297 312 271
f 313 272 314
f 314 272 208
f 248 247 300
f 314 208 249
f 250 248 300
f 301 251 300
f 302 301 315
f 316 254 302
f 274 255 317
f 275 254 316
f 318 275 316
f 303 275 318
f 255 278 319
f 303 277 276
f 277 303 320
f 321 277 320
f 278 259 322
f 321 304 277
f 280 279 323
f 324 281 280
f 281 324 306
f 259 284 322
f 323 324 280
f 260 325 261
f 214 285 284
f 237 240 326
f 327 287 286
f 238 289 288
f 328 288 289
f 329 289 263
f 264 330 265
f 330 264 331
f 310 309 332
f 294 309 310
f 295 297 270
f 271 312 333
f 299 271 333
f 333 334 299
f 299 334 247
f 247 335 300
f 336 335 337
f 301 300 335
f 301 335 336
f 315 301 336
f 249 274 338
f 315 339 302
f 316 302 339
f 340 318 316
f 317 255 319
f 303 318 341
f 341 320 303
f 305 342 279
f 279 342 323
f 306 343 283
f 324 343 306
f 260 283 325
f 325 283 344
f 261 345 286
f 237 326 285
f 290 287 327
f 262 290 346
f 307 262 346
f 291 331 264
f 265 347 263
f 331 291 348
f 329 263 347
f 349 243 266
f 292 349 266
f 292 293 350
f 308 332 309
f 351 332 308
f 352 293 269
f 310 332 353
f 298 272 313
f 334 354 247
f 247 354 335
f 314 249 338
f 315 336 355
f 338 274 356
f 357 316 339
f 316 357 340
f 358 318 340
f 318 358 341
f 304 359 305
f 359 304 321
f 305 359 342
f 323 342 360
f 324 323 361
f 361 362 324
f 361 323 360
f 324 362 343
f 343 344 283
f 363 325 344
f 325 345 261
f 286 345 327
f 288 326 240
f 327 364 290
f 346 290 365
f 365 290 364
f 289 329 328
f 307 348 291
f 307 346 366
f 348 307 366
f 330 347 265
f 330 331 367
f 368 308 369
f 369 308 243
f 308 368 351
f 332 368 370
f 351 368 332
f 353 332 370
f 353 371 310
f 269 296 372
f 310 371 373
f 373 295 310
f 296 222 374
f 373 375 295
f 222 311 374
f 375 297 295
f 313 314 376
f 337 335 354
f 337 377 336
f 336 377 355
f 377 378 355
f 339 315 355
f 379 339 355
f 379 357 339
f 380 340 357
f 358 381 341
f 341 381 320
f 381 382 320
f 320 382 321
f 319 278 322
f 383 321 384
f 321 383 359
f 385 360 342
f 322 284 386
f 325 363 387
f 325 387 345
f 327 345 388
f 346 365 366
f 348 389 331
f 330 367 347
f 367 331 389
f 349 292 350
f 390 350 293
f 370 368 391
f 392 293 352
f 374 311 393
f 394 297 375
f 297 394 312
f 311 298 395
f 298 313 395
f 396 378 377
f 397 314 338
f 378 398 355
f 355 398 379
f 379 399 357
f 399 400 357
f 274 317 356
f 357 400 380
f 380 358 340
f 401 317 319
f 382 384 321
f 402 322 403
f 359 404 342
f 404 359 383
f 322 386 403
f 342 404 385
f 360 385 361
f 343 405 344
f 343 362 405
f 406 362 361
f 362 406 405
f 284 285 386
f 285 326 407
f 288 328 408
f 348 366 409
f 410 389 348
f 328 329 411
f 349 412 243
f 369 413 368
f 243 412 369
f 413 391 368
f 392 390 293
f 370 391 414
f 370 414 353
f 353 414 371
f 269 372 352
f 296 374 372
f 371 415 373
f 394 416 312
f 416 333 312
f 313 376 395
f 354 417 337
f 418 337 417
f 376 314 397
f 377 337 418
f 377 418 396
f 396 419 378
f 338 420 397
f 338 356 420
f 379 398 399
f 400 421 380
f 380 422 358
f 422 423 358
f 358 423 381
f 381 424 382
f 384 382 424
f 383 425 404
f 385 426 361
f 406 361 426
f 427 387 363
f 285 407 428
f 387 429 345
f 326 430 407
f 345 429 388
f 326 288 431
f 327 388 364
f 288 408 432
f 366 365 433
f 409 366 433
f 348 409 410
f 347 367 434
f 412 435 413
f 369 412 413
f 391 435 436
f 413 435 391
f 392 352 437
f 352 372 437
f 438 371 414
f 373 415 375
f 374 393 439
f 311 395 440
f 416 441 333
f 333 441 334
f 334 441 354
f 441 417 354
f 396 418 419
f 378 419 442
f 378 442 398
f 398 442 443
f 398 443 399
f 444 399 445
f 399 444 400
f 421 400 444
f 380 421 446
f 446 422 380
f 447 448 422
f 422 448 423
f 319 449 450
f 381 423 424
f 423 451 424
f 319 322 449
f 322 402 449
f 384 424 452
f 452 383 384
f 403 386 453
f 404 454 385
f 425 454 404
f 455 385 454
f 426 385 455
f 344 405 363
f 456 363 405
f 429 387 427
f 326 431 430
f 388 457 364
f 432 431 288
f 364 457 365
f 433 365 458
f 458 365 457
f 328 411 408
f 349 459 412
f 350 390 460
f 412 461 435
f 461 436 435
f 391 436 462
f 414 391 462
f 463 414 462
f 463 438 414
f 464 372 465
f 438 415 371
f 372 374 465
f 466 375 415
f 466 467 375
f 393 468 439
f 375 467 394
f 468 393 311
f 311 440 468
f 440 395 376
f 418 469 419
f 469 470 419
f 471 397 420
f 399 443 445
f 420 356 472
f 473 444 445
f 473 474 444
f 444 474 421
f 446 421 474
f 447 446 475
f 447 422 446
f 401 319 450
f 448 476 423
f 451 477 424
f 424 477 452
f 403 453 478
f 406 426 479
f 480 386 285
f 456 405 406
f 285 428 480
f 363 456 427
f 408 411 481
f 389 482 367
f 329 347 434
f 411 329 434
f 434 367 483
f 459 349 484
f 484 349 350
f 485 461 486
f 486 461 412
f 485 436 461
f 437 372 487
f 415 488 466
f 440 376 489
f 418 417 490
f 376 397 489
f 490 491 469
f 490 469 418
f 419 470 442
f 492 445 443
f 475 446 474
f 356 317 401
f 493 447 475
f 447 493 448
f 494 448 493
f 448 494 476
f 494 495 476
f 451 423 476
f 496 451 476
f 452 497 383
f 498 497 452
f 383 497 425
f 454 425 499
f 500 454 499
f 454 501 455
f 479 426 455
f 406 479 502
f 456 406 502
f 388 429 457
f 457 503 458
f 408 481 432
f 433 458 504
f 409 433 504
f 410 505 389
f 482 389 505
f 486 506 485
f 459 486 412
f 506 507 485
f 392 460 390
f 436 485 462
f 485 507 462
f 463 462 508
f 487 372 464
f 438 463 509
f 509 415 438
f 465 374 439
f 467 510 394
f 394 510 416
f 441 416 510
f 510 511 441
f 512 440 489
f 417 441 511
f 513 470 469
f 514 443 442
f 514 515 443
f 443 515 492
f 516 445 492
f 516 473 445
f 473 516 474
f 475 474 517
f 517 518 475
f 475 518 493
f 518 519 493
f 494 519 520
f 519 494 493
f 401 450 521
f 494 520 522
f 495 494 522
f 522 523 495
f 495 523 476
f 402 403 524
f 403 478 524
f 477 498 452
f 499 425 497
f 453 386 480
f 454 500 501
f 525 427 456
f 429 503 457
f 409 504 526
f 410 409 526
f 526 505 410
f 527 506 486
f 528 486 459
f 350 529 484
f 460 529 350
f 527 530 507
f 506 527 507
f 531 507 530
f 507 531 462
f 532 392 437
f 531 508 462
f 509 463 508
f 464 465 533
f 465 439 534
f 467 466 488
f 535 510 467
f 440 512 468
f 536 537 490
f 490 417 511
f 490 537 491
f 469 491 513
f 442 470 514
f 538 420 472
f 492 515 539
f 539 516 492
f 474 540 541
f 516 540 474
f 474 541 517
f 541 542 518
f 541 518 517
f 519 542 543
f 518 542 519
f 519 543 544
f 519 544 520
f 520 544 545
f 520 545 522
f 522 545 546
f 547 522 546
f 522 547 548
f 522 548 523
f 523 548 549
f 523 549 476
f 476 549 496
f 449 402 550
f 496 551 451
f 551 477 451
f 478 453 552
f 455 501 479
f 456 502 525
f 503 553 458
f 504 458 553
f 486 528 527
f 484 528 459
f 527 554 530
f 530 555 531
f 532 460 392
f 437 487 532
f 465 534 533
f 415 509 488
f 439 468 556
f 535 557 510
f 511 536 490
f 558 513 491
f 489 397 471
f 471 420 538
f 516 539 559
f 540 516 559
f 450 449 550
f 547 546 560
f 547 560 548
f 548 560 561
f 562 548 561
f 549 548 562
f 549 562 563
f 549 564 496
f 551 496 564
f 565 551 564
f 566 497 498
f 497 566 499
f 499 567 500
f 499 566 567
f 479 568 502
f 502 568 525
f 525 569 427
f 429 427 570
f 429 570 503
f 430 431 571
f 503 570 553
f 526 504 572
f 411 573 481
f 367 574 483
f 483 575 434
f 411 434 576
f 528 484 577
f 528 554 527
f 578 460 532
f 530 554 555
f 532 487 579
f 580 508 531
f 580 581 508
f 581 509 508
f 488 582 467
f 534 439 556
f 510 583 511
f 583 536 511
f 536 584 537
f 537 558 491
f 489 471 585
f 470 513 586
f 470 586 514
f 539 515 587
f 540 559 541
f 472 356 588
f 356 401 588
f 542 589 543
f 543 589 590
f 543 590 544
f 590 591 544
f 544 591 592
f 544 592 545
f 545 592 593
f 545 593 546
f 546 593 594
f 560 546 594
f 561 560 594
f 550 402 524
f 563 562 595
f 549 563 564
f 563 595 564
f 478 552 596
f 552 453 597
f 453 480 597
f 501 500 598
f 407 430 599
f 600 428 407
f 599 600 407
f 427 569 570
f 430 571 599
f 570 601 553
f 572 504 553
f 572 553 602
f 602 553 601
f 572 603 526
f 573 604 481
f 505 526 605
f 482 574 367
f 575 576 434
f 575 483 574
f 606 607 528
f 528 607 554
f 607 555 554
f 531 555 608
f 487 464 609
f 610 488 509
f 488 610 582
f 582 535 467
f 611 535 582
f 535 611 557
f 583 612 536
f 612 613 536
f 536 613 584
f 614 512 489
f 537 584 558
f 586 513 558
f 585 471 615
f 586 616 514
f 616 617 514
f 617 515 514
f 515 618 587
f 559 539 587
f 559 587 619
f 620 559 619
f 559 620 541
f 538 472 588
f 541 620 542
f 542 620 589
f 591 621 592
f 622 592 621
f 623 521 450
f 450 550 623
f 592 622 593
f 622 624 593
f 593 624 594
f 625 594 624
f 594 625 561
f 550 524 626
f 562 561 627
f 561 625 627
f 562 627 595
f 595 627 628
f 628 564 595
f 524 478 596
f 565 629 551
f 629 477 551
f 598 500 567
f 479 630 568
f 568 631 525
f 525 632 569
f 570 633 601
f 431 432 634
f 432 481 634
f 572 602 603
f 603 605 526
f 505 605 482
f 411 576 635
f 482 605 636
f 637 528 577
f 638 529 460
f 637 606 528
f 529 638 484
f 639 460 578
f 640 531 608
f 580 531 640
f 579 487 641
f 487 609 641
f 609 464 533
f 642 509 581
f 642 610 509
f 614 556 468
f 557 583 510
f 614 468 512
f 584 613 643
f 644 614 489
f 585 644 489
f 584 645 558
f 617 618 515
f 646 471 538
f 587 618 619
f 619 647 620
f 620 647 589
f 589 648 590
f 590 648 591
f 649 591 648
f 588 401 521
f 649 621 591
f 622 621 650
f 651 652 622
f 622 652 624
f 652 653 624
f 625 624 653
f 628 627 654
f 524 596 626
f 628 565 564
f 629 655 477
f 477 655 498
f 656 552 597
f 655 657 498
f 498 657 566
f 566 658 567
f 658 566 657
f 501 630 479
f 501 598 630
f 480 428 597
f 568 630 631
f 600 599 659
f 570 660 633
f 569 660 570
f 431 634 571
f 601 633 602
f 633 661 602
f 481 604 634
f 603 602 662
f 636 574 482
f 484 638 577
f 606 663 607
f 639 638 460
f 607 664 555
f 555 665 608
f 664 665 555
f 666 608 665
f 666 640 608
f 581 580 640
f 533 667 609
f 668 610 642
f 533 534 667
f 669 667 534
f 556 669 534
f 670 612 583
f 670 643 612
f 612 643 613
f 643 645 584
f 558 671 586
f 646 615 471
f 618 672 619
f 619 672 647
f 647 673 589
f 673 674 589
f 589 674 648
f 649 675 621
f 588 521 623
f 675 676 621
f 621 676 650
f 651 622 650
f 623 550 677
f 652 678 653
f 550 626 677
f 653 678 625
f 679 627 625
f 679 625 678
f 654 627 679
f 628 654 565
f 565 654 680
f 565 680 629
f 680 681 629
f 596 552 656
f 597 428 600
f 631 632 525
f 662 602 682
f 682 602 661
f 635 573 411
f 683 605 603
f 576 684 635
f 574 636 685
f 575 574 686
f 637 687 606
f 607 663 664
f 665 664 688
f 578 532 689
f 690 579 641
f 610 691 582
f 582 691 611
f 557 691 583
f 557 611 691
f 669 556 614
f 670 692 643
f 643 693 645
f 671 558 645
f 671 616 586
f 617 616 694
f 618 617 694
f 672 618 694
f 672 695 647
f 646 538 588
f 647 695 673
f 696 674 697
f 674 696 648
f 696 649 648
f 698 649 696
f 698 675 649
f 699 588 623
f 675 700 676
f 700 701 676
f 676 701 650
f 702 650 701
f 650 703 651
f 704 651 703
f 652 651 704
f 652 704 705
f 678 652 705
f 678 705 706
f 707 626 596
f 708 654 679
f 709 629 681
f 656 597 710
f 567 711 598
f 567 658 711
f 598 712 630
f 631 713 632
f 569 714 660
f 632 714 569
f 599 571 715
f 633 716 661
f 661 716 682
f 662 683 603
f 685 686 574
f 637 577 717
f 577 638 718
f 719 639 578
f 664 663 720
f 688 664 720
f 606 687 663
f 688 721 665
f 532 579 689
f 666 665 721
f 722 640 666
f 640 722 581
f 581 723 642
f 642 724 668
f 668 725 610
f 610 725 691
f 583 726 670
f 615 646 727
f 672 694 695
f 646 588 728
f 673 697 674
f 588 699 728
f 696 697 729
f 700 698 730
f 699 623 731
f 700 675 698
f 732 701 700
f 731 623 677
f 733 702 701
f 702 703 650
f 677 626 707
f 704 734 705
f 735 678 706
f 679 678 735
f 707 596 736
f 654 708 680
f 680 708 681
f 596 656 736
f 681 737 709
f 629 709 655
f 738 710 597
f 658 657 739
f 600 738 597
f 740 738 600
f 598 711 741
f 712 598 741
f 742 630 712
f 740 600 659
f 659 599 743
f 715 571 634
f 633 744 716
f 634 604 745
f 662 682 746
f 662 746 747
f 683 662 747
f 576 575 686
f 605 683 748
f 718 717 577
f 749 720 663
f 687 749 663
f 579 690 750
f 722 723 581
f 641 609 751
f 751 609 667
f 752 726 691
f 583 691 726
f 670 726 753
f 754 669 614
f 670 753 692
f 644 754 614
f 755 643 692
f 643 755 693
f 693 756 671
f 645 693 671
f 757 758 671
f 758 616 671
f 694 616 758
f 759 694 758
f 694 759 695
f 759 673 695
f 673 760 697
f 729 697 760
f 696 729 761
f 696 761 698
f 762 698 761
f 762 730 698
f 763 699 731
f 730 732 700
f 732 733 701
f 731 677 764
f 702 765 703
f 765 704 703
f 765 734 704
f 766 764 677
f 707 766 677
f 734 767 705
f 705 767 706
f 768 679 735
f 768 708 679
f 708 769 681
f 708 770 769
f 681 769 737
f 655 771 657
f 771 739 657
f 658 739 711
f 630 713 631
f 630 742 713
f 599 715 743
f 660 772 633
f 772 744 633
f 634 745 715
f 716 773 682
f 744 773 716
f 773 746 682
f 685 605 748
f 636 605 685
f 687 637 717
f 638 639 718
f 749 774 720
f 578 775 719
f 721 720 774
f 578 689 775
f 720 721 688
f 721 776 666
f 750 689 579
f 666 777 722
f 690 641 751
f 642 723 724
f 724 778 668
f 725 779 691
f 753 755 692
f 644 585 780
f 757 671 756
f 585 615 780
f 780 615 727
f 758 781 759
f 673 781 782
f 781 673 759
f 727 646 783
f 673 782 760
f 728 783 646
f 729 760 784
f 729 785 761
f 786 699 763
f 762 787 730
f 730 787 788
f 788 732 730
f 733 732 789
f 790 733 789
f 764 791 763
f 763 731 764
f 733 790 702
f 790 765 702
f 765 792 734
f 734 792 767
f 706 767 793
f 794 706 793
f 735 706 794
f 735 795 768
f 768 796 708
f 708 796 770
f 736 656 797
f 656 710 797
f 709 771 655
f 740 659 798
f 798 659 743
f 743 715 799
f 660 714 772
f 715 745 799
f 604 573 800
f 604 800 745
f 747 746 801
f 747 801 683
f 573 635 800
f 801 748 683
f 635 684 802
f 576 686 684
f 803 749 804
f 749 687 804
f 804 687 717
f 749 803 774
f 803 805 774
f 806 774 805
f 774 806 721
f 776 721 806
f 666 776 777
f 667 807 751
f 807 667 669
f 808 807 669
f 725 668 779
f 668 778 779
f 779 752 691
f 808 669 754
f 809 726 752
f 726 809 753
f 753 810 755
f 811 693 755
f 756 693 811
f 812 756 813
f 812 757 756
f 814 757 812
f 757 814 758
f 814 781 758
f 814 782 781
f 782 784 760
f 815 729 784
f 785 729 815
f 699 816 728
f 786 816 699
f 785 817 761
f 761 817 762
f 786 763 818
f 819 820 818
f 732 788 789
f 821 819 818
f 818 763 821
f 763 791 821
f 789 822 790
f 823 790 822
f 824 821 791
f 823 825 790
f 790 825 765
f 791 764 826
f 764 766 826
f 792 765 825
f 767 792 827
f 767 827 793
f 828 766 707
f 794 793 829
f 735 794 829
f 829 795 735
f 707 736 828
f 796 768 795
f 770 830 769
f 830 737 769
f 831 709 737
f 797 710 832
f 710 738 832
f 738 740 832
f 832 740 798
f 711 739 833
f 632 834 714
f 632 713 834
f 772 835 744
f 744 835 773
f 799 745 836
f 801 746 837
f 802 800 635
f 838 748 801
f 686 839 684
f 840 717 718
f 804 717 841
f 842 639 719
f 805 843 806
f 776 806 843
f 750 690 844
f 845 722 777
f 845 723 722
f 846 723 845
f 847 724 723
f 779 848 752
f 755 810 811
f 849 756 811
f 813 756 849
f 850 851 814
f 850 814 812
f 780 727 852
f 782 851 853
f 814 851 782
f 784 782 853
f 815 784 854
f 783 728 816
f 815 855 785
f 855 817 785
f 786 818 856
f 857 762 817
f 857 787 762
f 818 820 856
f 788 787 858
f 858 859 788
f 789 788 859
f 860 789 859
f 822 789 860
f 860 861 822
f 862 861 860
f 861 862 863
f 861 823 822
f 863 823 861
f 819 821 824
f 864 823 863
f 791 865 824
f 864 866 823
f 823 866 825
f 791 826 865
f 865 826 867
f 868 792 825
f 827 792 868
f 827 869 793
f 793 869 870
f 826 766 828
f 829 793 870
f 795 829 871
f 795 871 872
f 796 795 872
f 796 873 770
f 770 873 830
f 709 874 771
f 832 798 875
f 741 711 876
f 712 877 742
f 712 741 877
f 742 834 713
f 798 743 878
f 714 834 879
f 714 879 772
f 879 880 772
f 835 881 773
f 837 746 773
f 800 882 836
f 836 745 800
f 882 800 802
f 802 684 883
f 686 685 884
f 803 804 885
f 803 885 805
f 843 886 776
f 689 750 887
f 750 888 887
f 750 844 888
f 777 886 889
f 776 886 777
f 844 690 751
f 890 844 751
f 777 889 845
f 890 751 807
f 724 847 778
f 752 848 809
f 809 810 753
f 891 754 644
f 644 780 891
f 892 813 849
f 813 892 812
f 892 850 812
f 852 893 780
f 851 894 853
f 783 852 727
f 854 855 815
f 816 786 895
f 895 786 856
f 858 787 857
f 856 820 896
f 896 897 898
f 858 899 859
f 899 900 859
f 897 901 898
f 896 820 897
f 902 898 901
f 860 859 900
f 903 904 902
f 820 819 901
f 897 820 901
f 904 860 900
f 903 860 904
f 901 903 902
f 901 905 903
f 906 905 901
f 901 819 906
f 903 862 860
f 905 907 903
f 907 862 903
f 907 908 862
f 909 908 907
f 910 909 907
f 905 910 907
f 908 863 862
f 819 911 906
f 819 824 911
f 910 905 912
f 906 912 905
f 911 912 906
f 863 913 864
f 913 863 908
f 824 865 911
f 913 914 864
f 865 915 911
f 866 868 825
f 864 868 866
f 865 867 915
f 827 868 869
f 870 916 829
f 917 826 828
f 829 916 918
f 918 871 829
f 872 873 796
f 919 873 872
f 828 736 920
f 873 919 921
f 736 797 920
f 830 873 921
f 737 830 922
f 737 922 831
f 920 797 875
f 875 797 832
f 709 831 874
f 771 923 739
f 739 923 833
f 875 798 924
f 711 833 876
f 798 878 924
f 742 877 925
f 743 926 878
f 925 834 742
f 743 799 926
f 772 880 835
f 799 836 927
f 837 773 928
f 928 773 881
f 837 928 929
f 801 837 929
f 882 802 930
f 838 801 929
f 748 884 685
f 802 883 931
f 686 884 839
f 841 717 932
f 932 717 840
f 718 933 840
f 639 933 718
f 842 933 639
f 842 719 934
f 804 935 885
f 885 936 843
f 885 843 805
f 843 936 937
f 843 937 886
f 938 723 846
f 723 938 847
f 939 807 808
f 847 940 778
f 779 941 848
f 942 939 808
f 942 808 754
f 848 943 809
f 943 810 809
f 849 944 892
f 891 780 945
f 892 946 850
f 946 851 850
f 946 894 851
f 784 853 894
f 852 783 947
f 947 783 816
f 854 948 855
f 949 816 895
f 857 817 950
f 895 856 951
f 856 896 951
f 951 896 952
f 896 898 952
f 952 898 953
f 954 900 899
f 898 902 953
f 904 900 954
f 955 904 954
f 953 904 955
f 902 904 953
f 909 956 908
f 913 908 956
f 910 957 909
f 958 957 910
f 909 957 956
f 912 958 910
f 959 914 913
f 956 959 913
f 912 911 960
f 912 960 958
f 911 915 960
f 868 864 961
f 914 961 864
f 868 962 869
f 917 915 867
f 867 826 917
f 869 916 870
f 963 871 918
f 964 917 828
f 872 871 963
f 828 920 965
f 830 921 922
f 874 923 771
f 924 966 875
f 967 833 923
f 929 968 838
f 802 931 930
f 748 838 969
f 748 969 884
f 970 840 933
f 971 804 841
f 804 971 935
f 775 972 719
f 935 973 885
f 973 936 885
f 974 775 689
f 689 887 974
f 939 975 807
f 779 778 941
f 976 848 977
f 848 941 977
f 976 943 848
f 849 811 810
f 944 978 892
f 893 945 780
f 892 978 946
f 946 978 979
f 946 979 894
f 784 894 980
f 854 784 980
f 948 854 980
f 948 981 855
f 855 981 817
f 981 950 817
f 895 951 982
f 950 983 857
f 952 984 951
f 982 951 984
f 857 983 858
f 985 986 952
f 858 987 899
f 899 987 954
f 952 953 985
f 955 954 988
f 985 955 988
f 953 955 985
f 989 956 957
f 957 990 989
f 958 991 957
f 991 990 957
f 960 991 958
f 915 992 960
f 868 961 962
f 993 869 962
f 915 917 992
f 993 916 869
f 994 963 918
f 828 965 964
f 995 872 963
f 995 919 872
f 922 921 919
f 920 875 996
f 997 922 919
f 875 966 996
f 831 998 874
f 878 999 924
f 999 878 926
f 741 1000 877
f 741 876 1000
f 925 877 1001
f 1001 1002 925
f 1002 834 925
f 1003 926 799
f 834 1002 879
f 799 927 1003
f 836 1004 927
f 882 1004 836
f 881 1005 928
f 1006 929 928
f 929 1006 968
f 1007 969 838
f 839 1008 684
f 1008 883 684
f 1008 839 1009
f 973 1010 1011
f 935 1010 973
f 936 973 1011
f 886 937 1012
f 889 886 1012
f 807 975 890
f 938 1013 847
f 847 1013 940
f 778 940 941
f 1014 943 976
f 942 754 891
f 943 1014 810
f 810 1015 849
f 849 1015 1016
f 849 1016 944
f 1016 978 944
f 979 980 894
f 980 1017 948
f 1017 1018 948
f 1018 981 948
f 947 816 949
f 1019 950 981
f 895 982 949
f 952 986 984
f 858 983 987
f 1020 986 985
f 1020 985 988
f 988 954 987
f 959 956 1021
f 989 1022 956
f 990 1022 989
f 959 1021 914
f 1022 1021 956
f 990 1023 1022
f 991 1024 990
f 960 1024 991
f 960 992 1024
f 961 1025 962
f 962 1025 993
f 993 1026 916
f 916 994 918
f 916 1026 994
f 1027 992 964
f 992 917 964
f 963 994 1028
f 1028 995 963
f 995 1029 919
f 1030 964 965
f 965 920 1031
f 1031 920 996
f 922 997 998
f 922 998 831
f 874 1032 923
f 923 1033 1034
f 923 1034 967
f 967 876 833
f 877 1035 1001
f 877 1000 1035
f 880 879 1036
f 927 1004 1037
f 835 1038 881
f 1038 1005 881
f 1039 1004 882
f 1006 928 1005
f 882 1040 1039
f 930 1040 882
f 1040 930 931
f 838 968 1007
f 1040 931 883
f 1041 883 1008
f 884 1009 839
f 970 933 1042
f 933 842 1042
f 971 1010 935
f 934 719 972
f 936 1011 1043
f 936 1043 937
f 888 1044 887
f 888 844 1044
f 846 1045 1046
f 846 845 1045
f 845 889 1045
f 846 1047 938
f 940 1048 941
f 1049 977 941
f 1014 976 977
f 1014 1050 1015
f 810 1014 1015
f 1016 979 978
f 945 893 1051
f 980 979 1052
f 852 1051 893
f 1017 980 1052
f 947 1051 852
f 949 1053 947
f 950 1019 983
f 1054 984 986
f 983 1055 987
f 1020 1056 986
f 987 1057 988
f 1020 988 1058
f 990 1059 1023
f 1024 1059 990
f 1021 1060 914
f 1022 1061 1021
f 914 1060 961
f 1024 992 1062
f 993 1025 1026
f 992 1027 1062
f 1026 1063 994
f 995 1028 1064
f 964 1030 1027
f 919 1065 997
f 1032 874 998
f 1032 1033 923
f 926 1066 999
f 927 1037 1003
f 1036 1067 880
f 880 1068 835
f 835 1068 1038
f 1067 1068 880
f 1004 1069 1037
f 1070 1006 1005
f 1006 1070 1071
f 1006 1071 968
f 1040 883 1041
f 1008 1072 1041
f 1008 1009 1073
f 1012 1074 889
f 1075 1044 844
f 1075 844 890
f 890 975 1075
f 846 1046 1047
f 938 1047 1076
f 1077 975 939
f 938 1076 1013
f 1013 1078 940
f 940 1078 1048
f 941 1048 1049
f 1077 939 942
f 1049 1079 977
f 977 1080 1014
f 1050 1014 1080
f 1081 1015 1050
f 1015 1081 1016
f 891 945 1082
f 1016 1083 979
f 1083 1052 979
f 1018 1017 1052
f 1018 1084 981
f 1084 1085 981
f 1085 1019 981
f 949 1086 1053
f 949 982 1086
f 1086 984 1054
f 982 984 1086
f 1055 983 1087
f 983 1019 1087
f 986 1056 1054
f 1055 1057 987
f 1058 988 1057
f 1088 1021 1061
f 1060 1021 1088
f 1023 1061 1022
f 1060 1089 961
f 1024 1090 1059
f 1025 961 1089
f 1089 1026 1025
f 1024 1062 1090
f 1091 1063 1026
f 1092 1063 1091
f 1063 1028 994
f 1063 1092 1028
f 1092 1093 1028
f 1027 1030 1062
f 1028 1093 1064
f 1029 995 1064
f 1064 1094 1029
f 965 1031 1030
f 1095 1029 1094
f 919 1029 1065
f 1029 1095 1065
f 1096 1031 996
f 996 966 1097
f 966 924 1097
f 999 1097 924
f 1098 967 1034
f 967 1099 876
f 926 1003 1066
f 1001 1100 1002
f 1002 1036 879
f 1002 1100 1036
f 1037 1101 1003
f 1039 1069 1004
f 968 1071 1007
f 1102 1007 1071
f 1040 1041 1103
f 969 1007 1102
f 1103 1041 1072
f 884 1104 1009
f 1072 1008 1073
f 841 932 1105
f 932 840 1105
f 1106 971 841
f 1011 1107 1043
f 1010 1107 1011
f 775 974 1108
f 1043 1109 937
f 1109 1012 937
f 889 1074 1045
f 1045 1110 1046
f 1013 1076 1078
f 1049 1048 1111
f 1049 1111 1079
f 1112 1077 942
f 977 1079 1080
f 942 891 1112
f 1081 1083 1016
f 945 1051 1113
f 1114 1052 1115
f 1052 1114 1018
f 1114 1116 1018
f 1018 1116 1084
f 1086 1054 1117
f 1056 1117 1054
f 1118 1020 1119
f 1058 1120 1121
f 1020 1058 1121
f 1056 1020 1118
f 1023 1059 1122
f 1122 1061 1023
f 1059 1123 1122
f 1059 1090 1123
f 1089 1091 1026
f 1091 1089 1060
f 1062 1124 1090
f 1064 1093 1125
f 1062 1030 1124
f 1064 1126 1094
f 1031 1127 1030
f 1128 1065 1095
f 1096 1127 1031
f 1096 996 1097
f 1129 997 1065
f 998 997 1129
f 1033 1098 1034
f 967 1098 1099
f 1099 1000 876
f 1001 1130 1100
f 1035 1130 1001
f 1037 1069 1101
f 1068 1131 1038
f 1005 1038 1070
f 1038 1132 1070
f 1132 1133 1070
f 1070 1133 1071
f 1040 1134 1039
f 1071 1133 1135
f 1102 1071 1135
f 1134 1040 1103
f 969 1136 884
f 1072 1073 1137
f 1104 884 1136
f 1073 1009 1138
f 1106 841 1105
f 1042 842 1139
f 842 934 1139
f 1010 971 1140
f 971 1106 1140
f 972 775 1108
f 1108 974 1141
f 1043 1142 1109
f 974 887 1141
f 887 1044 1143
f 1144 1047 1046
f 1047 1144 1145
f 1047 1145 1076
f 1080 1146 1050
f 1146 1081 1050
f 1113 1082 945
f 1083 1147 1052
f 1115 1052 1147
f 1086 1148 1053
f 1085 1149 1019
f 1019 1149 1087
f 1087 1150 1055
f 1056 1118 1117
f 1055 1151 1057
f 1151 1152 1057
f 1119 1020 1121
f 1152 1120 1057
f 1058 1057 1120
f 1088 1153 1060
f 1154 1088 1061
f 1122 1154 1061
f 1155 1154 1122
f 1153 1091 1060
f 1123 1155 1122
f 1090 1156 1123
f 1090 1124 1156
f 1093 1092 1125
f 1125 1126 1064
f 1030 1127 1124
f 1126 1157 1094
f 1094 1157 1095
f 1128 1129 1065
f 1032 998 1129
f 1032 1158 1033
f 1159 1096 1097
f 1097 999 1159
f 1098 1033 1158
f 1000 1099 1160
f 1003 1161 1066
f 1038 1131 1132
f 1133 1162 1135
f 1135 1163 1102
f 1163 1164 1102
f 1102 1136 969
f 1164 1136 1102
f 1137 1073 1138
f 1142 1107 1165
f 1043 1107 1142
f 1166 1141 887
f 1044 1075 1143
f 975 1077 1167
f 1076 1168 1169
f 1078 1076 1169
f 1048 1078 1111
f 1079 1111 1080
f 891 1170 1112
f 1146 1171 1081
f 891 1082 1170
f 1081 1171 1172
f 1083 1081 1172
f 1172 1147 1083
f 1115 1147 1173
f 1113 1051 1174
f 947 1174 1051
f 1175 1176 947
f 1053 1175 947
f 1175 1053 1148
f 1084 1149 1085
f 1084 1177 1149
f 1149 1150 1087
f 1148 1086 1117
f 1055 1150 1151
f 1121 1120 1178
f 1154 1179 1088
f 1179 1153 1088
f 1091 1153 1092
f 1123 1156 1155
f 1153 1180 1092
f 1092 1180 1125
f 1180 1181 1126
f 1125 1180 1126
f 1181 1157 1126
f 1182 1156 1124
f 1182 1124 1127
f 1157 1183 1095
f 1095 1183 1128
f 1184 1127 1096
f 1185 1129 1128
f 1129 1158 1032
f 1158 1186 1098
f 999 1066 1159
f 1035 1000 1160
f 1066 1161 1187
f 1160 1188 1035
f 1101 1161 1003
f 1035 1189 1130
f 1036 1100 1190
f 1036 1190 1067
f 1191 1101 1069
f 1192 1068 1067
f 1193 1132 1131
f 1132 1194 1133
f 1133 1194 1162
f 1135 1162 1163
f 1103 1072 1137
f 1104 1195 1009
f 1195 1138 1009
f 1137 1138 1196
f 1104 1136 1197
f 1105 840 1198
f 840 970 1198
f 1042 1199 970
f 1042 1200 1199
f 972 1201 934
f 1140 1107 1010
f 1165 1202 1142
f 1142 1202 1109
f 887 1143 1166
f 1203 1109 1202
f 1012 1109 1204
f 1205 1143 1075
f 1074 1206 1110
f 1045 1074 1110
f 1145 1144 1168
f 1076 1145 1168
f 1078 1207 1111
f 1080 1111 1208
f 1080 1208 1146
f 1147 1172 1173
f 1114 1115 1209
f 1114 1210 1116
f 1116 1210 1084
f 1210 1177 1084
f 1175 1148 1211
f 1211 1148 1212
f 1148 1117 1212
f 1178 1213 1119
f 1117 1118 1212
f 1119 1121 1178
f 1179 1214 1153
f 1214 1180 1153
f 1154 1215 1179
f 1215 1214 1179
f 1216 1215 1154
f 1155 1216 1154
f 1155 1156 1216
f 1217 1181 1180
f 1214 1217 1180
f 1157 1181 1183
f 1182 1127 1184
f 1128 1183 1185
f 1158 1129 1185
f 1218 1184 1096
f 1096 1159 1218
f 1098 1219 1099
f 1066 1220 1159
f 1066 1187 1220
f 1035 1188 1189
f 1101 1191 1161
f 1130 1221 1100
f 1068 1192 1131
f 1131 1192 1193
f 1039 1222 1069
f 1132 1193 1194
f 1222 1039 1134
f 1103 1223 1134
f 1223 1103 1224
f 1163 1225 1164
f 1224 1103 1137
f 1226 1164 1225
f 1164 1197 1136
f 1226 1197 1164
f 1196 1138 1227
f 1104 1197 1195
f 1138 1195 1228
f 1139 1200 1042
f 1140 1229 1107
f 972 1108 1230
f 1107 1229 1165
f 1108 1141 1166
f 1166 1143 1231
f 1232 1109 1203
f 1232 1204 1109
f 1012 1204 1074
f 1075 1233 1205
f 1167 1233 1075
f 1110 1234 1046
f 975 1167 1075
f 1046 1235 1144
f 1078 1169 1207
f 1169 1236 1207
f 1077 1112 1167
f 1207 1208 1111
f 1237 1208 1238
f 1208 1237 1146
f 1146 1237 1171
f 1237 1172 1171
f 1115 1173 1239
f 1239 1240 1115
f 1115 1240 1209
f 1176 1174 947
f 1241 1114 1209
f 1114 1241 1210
f 1242 1176 1175
f 1242 1175 1211
f 1177 1243 1150
f 1150 1149 1177
f 1119 1213 1118
f 1120 1152 1244
f 1181 1217 1183
f 1216 1156 1245
f 1156 1182 1246
f 1245 1156 1246
f 1182 1184 1246
f 1247 1183 1217
f 1185 1183 1247
f 1248 1246 1184
f 1249 1248 1184
f 1247 1250 1185
f 1185 1250 1158
f 1184 1218 1249
f 1251 1218 1159
f 1098 1186 1219
f 1159 1220 1251
f 1099 1252 1160
f 1221 1130 1189
f 1221 1190 1100
f 1069 1253 1191
f 1069 1222 1253
f 1223 1222 1134
f 1194 1254 1162
f 1163 1162 1255
f 1255 1162 1254
f 1163 1255 1256
f 1225 1163 1256
f 1224 1137 1196
f 1257 1196 1227
f 1138 1228 1227
f 970 1199 1198
f 1200 1139 1258
f 934 1201 1139
f 1140 1259 1229
f 972 1230 1201
f 1229 1260 1165
f 1165 1260 1202
f 1202 1260 1261
f 1202 1261 1203
f 1231 1143 1205
f 1206 1074 1204
f 1110 1206 1234
f 1046 1234 1235
f 1169 1168 1236
f 1208 1207 1238
f 1262 1170 1082
f 1172 1237 1263
f 1263 1173 1172
f 1210 1241 1264
f 1210 1264 1177
f 1177 1265 1266
f 1177 1266 1243
f 1211 1212 1267
f 1150 1268 1151
f 1243 1268 1150
f 1178 1269 1213
f 1118 1213 1267
f 1212 1118 1267
f 1244 1152 1151
f 1178 1120 1244
f 1215 1270 1214
f 1214 1271 1217
f 1270 1271 1214
f 1272 1270 1215
f 1216 1272 1215
f 1271 1247 1217
f 1270 1273 1271
f 1274 1247 1271
f 1245 1246 1248
f 1250 1247 1274
f 1275 1250 1274
f 1250 1275 1158
f 1275 1186 1158
f 1249 1218 1276
f 1251 1276 1218
f 1099 1219 1252
f 1252 1188 1160
f 1191 1187 1161
f 1188 1277 1189
f 1278 1192 1067
f 1194 1279 1254
f 1279 1194 1193
f 1225 1256 1280
f 1224 1196 1257
f 1225 1280 1226
f 1106 1259 1140
f 1229 1259 1281
f 1282 1231 1205
f 1233 1283 1205
f 1206 1284 1234
f 1144 1235 1285
f 1168 1144 1285
f 1168 1285 1286
f 1168 1286 1236
f 1207 1236 1238
f 1236 1287 1238
f 1167 1112 1288
f 1238 1289 1237
f 1262 1082 1113
f 1263 1290 1173
f 1173 1290 1239
f 1176 1291 1174
f 1209 1240 1241
f 1242 1292 1176
f 1292 1242 1211
f 1264 1265 1177
f 1293 1211 1267
f 1268 1294 1151
f 1244 1151 1294
f 1272 1216 1245
f 1295 1273 1270
f 1272 1295 1270
f 1245 1296 1272
f 1296 1295 1272
f 1271 1273 1274
f 1245 1297 1296
f 1245 1248 1297
f 1248 1249 1297
f 1297 1249 1276
f 1275 1298 1186
f 1298 1219 1186
f 1252 1299 1188
f 1187 1300 1220
f 1191 1301 1187
f 1189 1277 1221
f 1301 1191 1253
f 1221 1278 1190
f 1067 1190 1278
f 1255 1254 1302
f 1256 1255 1303
f 1303 1255 1302
f 1304 1256 1303
f 1280 1256 1304
f 1305 1224 1257
f 1227 1306 1257
f 1305 1257 1306
f 1227 1228 1306
f 1307 1228 1195
f 1258 1139 1201
f 1229 1281 1308
f 1260 1229 1308
f 1309 1260 1308
f 1108 1166 1310
f 1309 1261 1260
f 1166 1282 1310
f 1166 1231 1282
f 1232 1261 1311
f 1261 1232 1203
f 1283 1282 1205
f 1167 1288 1233
f 1236 1286 1287
f 1286 1312 1287
f 1289 1238 1287
f 1313 1288 1112
f 1112 1170 1313
f 1237 1289 1314
f 1314 1263 1237
f 1113 1315 1262
f 1239 1290 1316
f 1174 1315 1113
f 1241 1240 1317
f 1317 1318 1241
f 1292 1319 1291
f 1291 1176 1292
f 1264 1241 1318
f 1292 1211 1293
f 1320 1266 1265
f 1243 1321 1268
f 1213 1322 1267
f 1178 1244 1294
f 1273 1323 1274
f 1295 1324 1273
f 1324 1323 1273
f 1325 1324 1295
f 1296 1326 1295
f 1326 1325 1295
f 1323 1275 1274
f 1296 1297 1326
f 1327 1275 1323
f 1327 1298 1275
f 1326 1297 1276
f 1328 1326 1276
f 1298 1329 1219
f 1220 1300 1251
f 1187 1330 1300
f 1301 1330 1187
f 1221 1331 1278
f 1332 1192 1278
f 1192 1332 1193
f 1279 1193 1332
f 1333 1222 1223
f 1224 1305 1223
f 1280 1304 1334
f 1334 1226 1280
f 1226 1335 1197
f 1335 1195 1197
f 1306 1228 1307
f 1307 1195 1336
f 1199 1337 1198
f 1106 1338 1259
f 1230 1108 1339
f 1108 1310 1339
f 1309 1311 1261
f 1232 1311 1340
f 1232 1340 1204
f 1234 1341 1235
f 1285 1235 1342
f 1286 1285 1312
f 1233 1288 1343
f 1262 1313 1170
f 1262 1344 1313
f 1263 1314 1345
f 1346 1263 1345
f 1346 1290 1263
f 1347 1239 1316
f 1347 1240 1239
f 1317 1240 1347
f 1348 1319 1292
f 1293 1349 1348
f 1348 1292 1293
f 1349 1293 1267
f 1321 1243 1266
f 1294 1350 1178
f 1178 1350 1269
f 1213 1269 1322
f 1323 1351 1327
f 1324 1351 1323
f 1352 1325 1326
f 1325 1353 1324
f 1354 1327 1351
f 1326 1328 1352
f 1327 1354 1298
f 1355 1328 1276
f 1219 1329 1252
f 1251 1355 1276
f 1300 1355 1251
f 1330 1356 1300
f 1188 1299 1277
f 1277 1331 1221
f 1253 1222 1333
f 1254 1279 1357
f 1302 1254 1357
f 1303 1302 1358
f 1303 1359 1304
f 1358 1359 1303
f 1360 1223 1305
f 1306 1361 1305
f 1359 1362 1304
f 1304 1362 1334
f 1334 1335 1226
f 1335 1363 1195
f 1336 1195 1363
f 1105 1198 1364
f 1198 1337 1364
f 1258 1365 1200
f 1200 1365 1199
f 1366 1106 1105
f 1201 1230 1367
f 1281 1368 1308
f 1311 1309 1369
f 1283 1233 1370
f 1206 1371 1284
f 1284 1372 1341
f 1234 1284 1341
f 1235 1341 1342
f 1285 1373 1312
f 1287 1312 1374
f 1288 1313 1343
f 1287 1374 1289
f 1344 1262 1315
f 1375 1317 1347
f 1317 1375 1376
f 1317 1376 1318
f 1318 1265 1264
f 1349 1267 1322
f 1350 1377 1269
f 1324 1378 1351
f 1351 1378 1354
f 1353 1378 1324
f 1353 1379 1378
f 1380 1325 1352
f 1352 1328 1380
f 1354 1329 1298
f 1380 1328 1355
f 1329 1381 1252
f 1299 1252 1381
f 1301 1382 1330
f 1253 1333 1383
f 1279 1332 1384
f 1302 1357 1385
f 1302 1385 1358
f 1333 1223 1360
f 1386 1305 1361
f 1387 1306 1307
f 1334 1362 1388
f 1335 1334 1388
f 1366 1105 1364
f 1338 1106 1366
f 1389 1258 1201
f 1368 1281 1259
f 1230 1339 1367
f 1308 1368 1390
f 1308 1390 1309
f 1283 1370 1282
f 1282 1370 1391
f 1233 1343 1370
f 1285 1342 1373
f 1312 1392 1374
f 1314 1374 1393
f 1289 1374 1314
f 1345 1314 1393
f 1315 1394 1344
f 1346 1345 1395
f 1346 1395 1290
f 1316 1396 1347
f 1315 1174 1291
f 1347 1397 1375
f 1319 1398 1291
f 1376 1320 1318
f 1265 1318 1320
f 1348 1349 1399
f 1322 1400 1399
f 1322 1399 1349
f 1320 1321 1266
f 1400 1322 1269
f 1380 1353 1325
f 1379 1354 1378
f 1353 1380 1401
f 1354 1402 1329
f 1402 1354 1379
f 1401 1380 1355
f 1402 1381 1329
f 1300 1356 1355
f 1277 1299 1403
f 1382 1356 1330
f 1404 1382 1301
f 1301 1253 1404
f 1278 1331 1405
f 1278 1405 1332
f 1253 1383 1404
f 1384 1357 1279
f 1406 1357 1384
f 1357 1406 1385
f 1407 1358 1385
f 1358 1407 1359
f 1408 1359 1407
f 1359 1408 1362
f 1360 1305 1386
f 1408 1409 1362
f 1361 1306 1387
f 1387 1307 1336
f 1410 1336 1363
f 1199 1411 1337
f 1199 1365 1411
f 1201 1412 1389
f 1201 1367 1412
f 1339 1310 1413
f 1309 1390 1414
f 1369 1309 1414
f 1282 1391 1310
f 1370 1415 1391
f 1204 1340 1416
f 1204 1416 1206
f 1284 1371 1372
f 1312 1373 1392
f 1313 1417 1343
f 1418 1395 1345
f 1395 1419 1290
f 1290 1419 1396
f 1316 1290 1396
f 1396 1397 1347
f 1397 1420 1375
f 1375 1421 1376
f 1398 1319 1348
f 1398 1348 1422
f 1422 1348 1399
f 1269 1377 1400
f 1423 1268 1321
f 1294 1268 1423
f 1294 1423 1350
f 1353 1424 1379
f 1424 1353 1425
f 1401 1425 1353
f 1401 1355 1425
f 1426 1425 1355
f 1381 1402 1427
f 1355 1356 1426
f 1381 1428 1299
f 1427 1428 1381
f 1299 1428 1403
f 1382 1426 1356
f 1277 1403 1429
f 1429 1331 1277
f 1383 1333 1430
f 1407 1431 1408
f 1409 1388 1362
f 1388 1409 1432
f 1410 1433 1336
f 1433 1387 1336
f 1335 1388 1434
f 1363 1335 1434
f 1435 1364 1337
f 1365 1258 1389
f 1259 1338 1368
f 1367 1339 1436
f 1310 1391 1413
f 1311 1369 1437
f 1370 1343 1438
f 1372 1439 1440
f 1341 1372 1440
f 1342 1341 1440
f 1374 1392 1441
f 1313 1344 1417
f 1393 1374 1441
f 1442 1394 1315
f 1315 1291 1442
f 1397 1396 1443
f 1442 1291 1398
f 1375 1420 1421
f 1376 1444 1320
f 1445 1321 1320
f 1399 1400 1446
f 1447 1379 1424
f 1379 1447 1402
f 1402 1447 1448
f 1424 1449 1447
f 1425 1449 1424
f 1425 1426 1449
f 1382 1404 1450
f 1331 1429 1451
f 1331 1451 1405
f 1450 1404 1383
f 1332 1405 1452
f 1332 1452 1384
f 1453 1383 1430
f 1407 1385 1454
f 1454 1385 1406
f 1407 1454 1431
f 1408 1455 1409
f 1431 1455 1408
f 1432 1409 1455
f 1387 1433 1361
f 1410 1456 1433
f 1363 1434 1457
f 1458 1363 1457
f 1410 1363 1458
f 1413 1436 1339
f 1311 1437 1459
f 1311 1459 1340
f 1438 1415 1370
f 1371 1206 1416
f 1460 1438 1343
f 1372 1371 1439
f 1461 1342 1440
f 1342 1461 1373
f 1392 1373 1462
f 1463 1417 1344
f 1394 1463 1344
f 1393 1464 1345
f 1441 1464 1393
f 1345 1464 1418
f 1418 1465 1395
f 1397 1443 1420
f 1442 1398 1466
f 1376 1421 1444
f 1466 1422 1467
f 1466 1398 1422
f 1468 1423 1321
f 1350 1423 1377
f 1402 1448 1427
f 1447 1469 1448
f 1449 1469 1447
f 1469 1449 1470
f 1449 1426 1470
f 1470 1426 1471
f 1471 1426 1382
f 1450 1471 1382
f 1405 1451 1452
f 1472 1384 1452
f 1472 1406 1384
f 1333 1360 1430
f 1431 1454 1473
f 1431 1473 1455
f 1361 1474 1386
f 1433 1474 1361
f 1455 1475 1432
f 1475 1476 1432
f 1432 1434 1388
f 1434 1432 1476
f 1410 1458 1456
f 1366 1364 1435
f 1412 1367 1477
f 1367 1436 1477
f 1368 1478 1479
f 1368 1479 1390
f 1390 1479 1414
f 1414 1479 1480
f 1414 1480 1369
f 1480 1481 1369
f 1369 1481 1437
f 1340 1459 1416
f 1343 1417 1460
f 1373 1461 1482
f 1462 1373 1482
f 1392 1462 1441
f 1394 1442 1483
f 1419 1395 1484
f 1483 1442 1485
f 1485 1442 1466
f 1467 1422 1446
f 1422 1399 1446
f 1445 1468 1321
f 1427 1448 1486
f 1469 1487 1448
f 1487 1486 1448
f 1428 1427 1488
f 1488 1427 1486
f 1489 1487 1469
f 1489 1469 1471
f 1469 1470 1471
f 1428 1488 1403
f 1403 1488 1490
f 1429 1403 1490
f 1491 1489 1471
f 1471 1450 1491
f 1492 1451 1429
f 1450 1383 1493
f 1383 1453 1493
f 1406 1472 1454
f 1473 1454 1494
f 1360 1495 1430
f 1360 1386 1495
f 1473 1496 1455
f 1496 1475 1455
f 1433 1456 1474
f 1476 1475 1497
f 1498 1456 1458
f 1434 1476 1497
f 1458 1457 1499
f 1498 1458 1499
f 1411 1435 1337
f 1389 1412 1500
f 1338 1501 1368
f 1413 1391 1502
f 1415 1502 1391
f 1371 1503 1439
f 1504 1460 1417
f 1463 1504 1417
f 1464 1441 1505
f 1464 1505 1506
f 1483 1463 1394
f 1506 1507 1465
f 1506 1465 1464
f 1464 1465 1418
f 1484 1465 1507
f 1395 1465 1484
f 1419 1484 1508
f 1396 1419 1508
f 1396 1508 1443
f 1443 1509 1420
f 1509 1421 1420
f 1466 1467 1510
f 1444 1511 1320
f 1467 1446 1512
f 1377 1513 1400
f 1514 1400 1513
f 1446 1400 1514
f 1512 1446 1514
f 1377 1423 1513
f 1487 1515 1486
f 1515 1488 1486
f 1516 1515 1487
f 1487 1489 1516
f 1490 1488 1517
f 1489 1491 1516
f 1518 1491 1450
f 1518 1450 1493
f 1452 1519 1472
f 1430 1495 1453
f 1494 1496 1473
f 1520 1475 1496
f 1456 1521 1474
f 1475 1520 1497
f 1456 1498 1521
f 1522 1434 1497
f 1434 1522 1523
f 1457 1434 1523
f 1435 1411 1524
f 1525 1366 1435
f 1526 1411 1365
f 1389 1526 1365
f 1501 1338 1366
f 1412 1477 1500
f 1436 1413 1527
f 1478 1528 1479
f 1480 1479 1528
f 1481 1480 1529
f 1437 1481 1530
f 1531 1438 1460
f 1371 1416 1503
f 1440 1439 1532
f 1440 1532 1461
f 1462 1482 1533
f 1462 1505 1441
f 1443 1508 1534
f 1443 1534 1509
f 1485 1466 1510
f 1421 1535 1536
f 1421 1536 1444
f 1510 1512 1537
f 1510 1467 1512
f 1536 1511 1444
f 1537 1512 1538
f 1511 1445 1320
f 1517 1488 1515
f 1516 1539 1515
f 1516 1491 1539
f 1490 1517 1540
f 1490 1492 1429
f 1490 1540 1492
f 1541 1539 1491
f 1491 1518 1541
f 1542 1451 1492
f 1452 1451 1543
f 1544 1452 1543
f 1544 1519 1452
f 1454 1472 1519
f 1495 1545 1453
f 1494 1546 1496
f 1547 1520 1548
f 1548 1520 1496
f 1547 1549 1520
f 1497 1520 1522
f 1520 1549 1522
f 1498 1499 1550
f 1457 1523 1551
f 1499 1457 1551
f 1411 1526 1552
f 1389 1553 1526
f 1501 1366 1525
f 1500 1553 1389
f 1554 1368 1501
f 1477 1436 1555
f 1481 1529 1530
f 1438 1531 1415
f 1459 1437 1530
f 1459 1530 1556
f 1416 1556 1557
f 1416 1459 1556
f 1439 1503 1558
f 1439 1558 1532
f 1461 1559 1482
f 1462 1533 1560
f 1505 1462 1560
f 1505 1561 1506
f 1507 1506 1562
f 1508 1484 1563
f 1421 1509 1535
f 1468 1564 1423
f 1564 1565 1423
f 1538 1514 1566
f 1512 1514 1538
f 1513 1423 1565
f 1514 1513 1566
f 1515 1567 1517
f 1567 1568 1517
f 1539 1567 1515
f 1517 1568 1540
f 1540 1569 1492
f 1567 1541 1570
f 1567 1539 1541
f 1543 1451 1542
f 1518 1570 1541
f 1570 1518 1493
f 1493 1453 1571
f 1454 1519 1494
f 1386 1572 1495
f 1548 1496 1546
f 1521 1573 1474
f 1573 1386 1474
f 1499 1551 1574
f 1550 1499 1574
f 1524 1411 1552
f 1553 1575 1526
f 1576 1368 1554
f 1477 1555 1500
f 1368 1576 1478
f 1436 1527 1555
f 1502 1527 1413
f 1528 1529 1480
f 1531 1502 1415
f 1416 1557 1503
f 1577 1460 1504
f 1578 1577 1504
f 1461 1532 1559
f 1532 1579 1559
f 1482 1559 1533
f 1483 1578 1463
f 1578 1504 1463
f 1560 1561 1505
f 1485 1580 1483
f 1581 1562 1561
f 1561 1562 1506
f 1563 1484 1582
f 1484 1507 1582
f 1508 1563 1583
f 1508 1583 1534
f 1584 1510 1537
f 1584 1537 1585
f 1511 1586 1445
f 1537 1538 1585
f 1585 1566 1587
f 1585 1538 1566
f 1445 1588 1468
f 1566 1513 1565
f 1589 1568 1567
f 1568 1569 1540
f 1567 1590 1589
f 1492 1569 1542
f 1567 1570 1590
f 1543 1542 1591
f 1592 1590 1570
f 1591 1544 1543
f 1593 1592 1570
f 1493 1593 1570
f 1593 1493 1571
f 1545 1571 1453
f 1519 1594 1494
f 1595 1546 1494
f 1572 1386 1573
f 1547 1548 1596
f 1547 1597 1549
f 1549 1597 1598
f 1549 1523 1522
f 1598 1599 1549
f 1523 1549 1599
f 1551 1523 1600
f 1435 1524 1601
f 1524 1552 1602
f 1603 1501 1525
f 1576 1528 1478
f 1530 1529 1604
f 1605 1530 1604
f 1530 1605 1556
f 1460 1577 1531
f 1560 1533 1606
f 1560 1581 1561
f 1581 1607 1562
f 1584 1580 1485
f 1607 1608 1562
f 1485 1510 1584
f 1582 1562 1608
f 1507 1562 1582
f 1563 1609 1610
f 1563 1610 1583
f 1536 1535 1586
f 1511 1536 1586
f 1586 1588 1445
f 1564 1468 1588
f 1568 1611 1569
f 1611 1568 1589
f 1612 1611 1589
f 1589 1590 1612
f 1569 1613 1542
f 1590 1592 1612
f 1494 1594 1595
f 1548 1546 1595
f 1548 1595 1596
f 1521 1614 1573
f 1596 1597 1547
f 1521 1498 1550
f 1614 1521 1550
f 1597 1615 1598
f 1615 1616 1598
f 1598 1616 1599
f 1599 1600 1523
f 1617 1551 1600
f 1574 1551 1617
f 1435 1601 1525
f 1526 1618 1552
f 1526 1575 1618
f 1500 1555 1619
f 1555 1527 1620
f 1502 1621 1527
f 1528 1622 1623
f 1529 1528 1623
f 1529 1623 1604
f 1624 1531 1577
f 1578 1625 1577
f 1578 1483 1626
f 1580 1626 1483
f 1581 1560 1627
f 1628 1581 1627
f 1607 1581 1628
f 1608 1607 1629
f 1563 1582 1609
f 1583 1610 1630
f 1583 1630 1631
f 1534 1583 1631
f 1509 1534 1631
f 1566 1565 1587
f 1611 1613 1569
f 1611 1612 1632
f 1613 1591 1542
f 1613 1633 1591
f 1612 1592 1632
f 1634 1544 1591
f 1635 1519 1544
f 1519 1635 1594
f 1545 1636 1571
f 1495 1636 1545
f 1495 1572 1636
f 1615 1597 1637
f 1638 1615 1637
f 1638 1616 1615
f 1616 1639 1599
f 1639 1600 1599
f 1600 1639 1640
f 1603 1525 1641
f 1601 1641 1525
f 1552 1618 1602
f 1500 1619 1553
f 1621 1620 1527
f 1642 1621 1502
f 1531 1642 1502
f 1531 1643 1642
f 1531 1624 1643
f 1503 1644 1558
f 1559 1645 1533
f 1606 1627 1560
f 1580 1584 1646
f 1628 1629 1607
f 1646 1584 1647
f 1582 1608 1648
f 1647 1584 1649
f 1582 1648 1609
f 1509 1631 1650
f 1535 1509 1650
f 1651 1652 1535
f 1584 1585 1649
f 1535 1652 1586
f 1586 1653 1588
f 1652 1653 1586
f 1649 1587 1654
f 1649 1585 1587
f 1587 1565 1654
f 1611 1655 1613
f 1611 1632 1655
f 1655 1632 1656
f 1632 1592 1656
f 1657 1634 1591
f 1592 1658 1656
f 1544 1634 1635
f 1592 1593 1658
f 1593 1571 1659
f 1658 1593 1659
f 1596 1595 1660
f 1596 1661 1597
f 1661 1637 1597
f 1574 1662 1614
f 1614 1550 1574
f 1574 1617 1662
f 1617 1663 1662
f 1616 1638 1664
f 1663 1617 1600
f 1663 1600 1640
f 1616 1664 1665
f 1639 1616 1665
f 1666 1639 1665
f 1640 1639 1666
f 1553 1667 1575
f 1553 1619 1667
f 1668 1554 1501
f 1555 1620 1619
f 1619 1620 1669
f 1528 1576 1622
f 1556 1605 1670
f 1625 1624 1577
f 1558 1644 1532
f 1671 1579 1532
f 1579 1671 1559
f 1626 1625 1578
f 1533 1645 1606
f 1646 1626 1580
f 1628 1627 1672
f 1629 1673 1608
f 1608 1673 1648
f 1630 1674 1631
f 1650 1651 1535
f 1652 1675 1653
f 1676 1564 1588
f 1565 1564 1676
f 1677 1657 1633
f 1677 1633 1613
f 1613 1655 1677
f 1678 1677 1655
f 1655 1656 1678
f 1633 1657 1591
f 1656 1658 1678
f 1571 1636 1659
f 1636 1572 1679
f 1572 1680 1679
f 1573 1680 1572
f 1661 1596 1660
f 1681 1637 1661
f 1682 1637 1681
f 1638 1637 1664
f 1637 1682 1664
f 1602 1683 1524
f 1618 1575 1667
f 1684 1576 1554
f 1622 1576 1685
f 1623 1622 1686
f 1623 1686 1687
f 1604 1623 1687
f 1556 1670 1688
f 1556 1688 1557
f 1557 1688 1503
f 1503 1689 1644
f 1672 1606 1645
f 1606 1672 1627
f 1647 1690 1646
f 1672 1691 1628
f 1628 1691 1629
f 1647 1649 1692
f 1629 1691 1673
f 1691 1693 1673
f 1631 1694 1650
f 1674 1694 1631
f 1653 1676 1588
f 1692 1654 1695
f 1692 1649 1654
f 1609 1648 1696
f 1609 1696 1610
f 1676 1695 1565
f 1654 1565 1695
f 1677 1678 1697
f 1678 1658 1697
f 1698 1634 1657
f 1699 1697 1658
f 1700 1699 1658
f 1658 1659 1700
f 1659 1679 1701
f 1659 1636 1679
f 1661 1660 1702
f 1661 1702 1681
f 1640 1703 1663
f 1640 1666 1703
f 1601 1704 1641
f 1683 1704 1601
f 1524 1683 1601
f 1684 1554 1668
f 1687 1705 1604
f 1604 1705 1605
f 1706 1643 1624
f 1625 1706 1624
f 1688 1689 1503
f 1644 1707 1532
f 1691 1672 1708
f 1690 1647 1692
f 1691 1709 1693
f 1650 1710 1651
f 1710 1711 1651
f 1711 1675 1652
f 1676 1712 1695
f 1713 1692 1695
f 1693 1714 1673
f 1673 1714 1715
f 1673 1715 1648
f 1652 1651 1711
f 1676 1653 1716
f 1610 1696 1717
f 1630 1610 1718
f 1657 1677 1719
f 1657 1719 1698
f 1677 1697 1699
f 1594 1635 1720
f 1700 1659 1701
f 1594 1720 1595
f 1573 1721 1680
f 1614 1721 1573
f 1721 1614 1662
f 1682 1722 1664
f 1663 1703 1662
f 1664 1723 1665
f 1722 1723 1664
f 1665 1724 1666
f 1666 1724 1703
f 1725 1665 1723
f 1724 1665 1725
f 1602 1726 1683
f 1618 1726 1602
f 1668 1501 1603
f 1619 1669 1667
f 1684 1685 1576
f 1685 1727 1622
f 1727 1686 1622
f 1621 1642 1728
f 1687 1686 1729
f 1706 1730 1643
f 1731 1605 1705
f 1731 1670 1605
f 1625 1626 1732
f 1559 1671 1733
f 1733 1645 1559
f 1626 1646 1732
f 1645 1734 1672
f 1732 1646 1690
f 1708 1672 1734
f 1690 1692 1735
f 1708 1736 1691
f 1736 1709 1691
f 1692 1713 1735
f 1694 1710 1650
f 1695 1712 1713
f 1718 1737 1630
f 1674 1630 1737
f 1715 1714 1738
f 1648 1715 1739
f 1677 1740 1719
f 1677 1741 1740
f 1677 1699 1741
f 1742 1634 1698
f 1699 1700 1741
f 1634 1743 1635
f 1741 1700 1744
f 1701 1744 1700
f 1745 1595 1720
f 1746 1660 1595
f 1702 1660 1747
f 1681 1722 1682
f 1681 1748 1722
f 1749 1703 1724
f 1683 1726 1750
f 1641 1704 1751
f 1667 1726 1618
f 1620 1621 1669
f 1686 1727 1729
f 1642 1643 1752
f 1625 1732 1706
f 1532 1707 1671
f 1645 1733 1753
f 1734 1645 1753
f 1690 1735 1754
f 1735 1713 1754
f 1716 1712 1676
f 1754 1713 1712
f 1709 1755 1693
f 1674 1756 1694
f 1757 1710 1694
f 1714 1693 1755
f 1648 1739 1696
f 1610 1717 1718
f 1719 1758 1698
f 1719 1759 1758
f 1719 1740 1759
f 1758 1742 1698
f 1759 1740 1760
f 1742 1743 1634
f 1744 1760 1740
f 1761 1760 1744
f 1740 1741 1744
f 1701 1761 1744
f 1595 1745 1746
f 1762 1679 1680
f 1746 1747 1660
f 1747 1763 1702
f 1702 1763 1681
f 1681 1763 1748
f 1662 1764 1765
f 1703 1764 1662
f 1722 1748 1766
f 1723 1722 1767
f 1749 1724 1725
f 1725 1723 1768
f 1683 1750 1704
f 1641 1751 1603
f 1667 1769 1726
f 1667 1669 1769
f 1685 1684 1770
f 1621 1771 1669
f 1727 1685 1770
f 1621 1728 1771
f 1728 1642 1752
f 1772 1705 1687
f 1705 1772 1731
f 1688 1670 1773
f 1689 1774 1644
f 1732 1690 1775
f 1775 1690 1776
f 1708 1734 1777
f 1690 1754 1776
f 1708 1777 1736
f 1754 1712 1778
f 1736 1779 1709
f 1779 1755 1709
f 1779 1780 1755
f 1674 1737 1756
f 1757 1694 1756
f 1755 1780 1714
f 1714 1780 1738
f 1739 1715 1738
f 1758 1781 1742
f 1759 1782 1758
f 1760 1782 1759
f 1635 1743 1783
f 1783 1720 1635
f 1679 1762 1701
f 1721 1784 1680
f 1747 1785 1763
f 1662 1765 1721
f 1763 1786 1748
f 1786 1766 1748
f 1787 1788 1789
f 1790 1787 1789
f 1766 1790 1767
f 1766 1767 1722
f 1764 1703 1749
f 1789 1788 1791
f 1767 1790 1792
f 1767 1793 1723
f 1794 1764 1749
f 1795 1789 1791
f 1790 1789 1795
f 1796 1790 1795
f 1792 1790 1796
f 1793 1767 1792
f 1723 1793 1768
f 1725 1768 1797
f 1749 1725 1794
f 1725 1797 1794
f 1795 1791 1798
f 1793 1792 1799
f 1800 1795 1798
f 1801 1795 1800
f 1796 1795 1801
f 1802 1796 1801
f 1802 1792 1796
f 1803 1668 1603
f 1727 1770 1804
f 1643 1730 1752
f 1670 1731 1772
f 1732 1805 1706
f 1688 1773 1689
f 1671 1707 1806
f 1671 1806 1733
f 1734 1753 1777
f 1776 1754 1807
f 1807 1754 1778
f 1779 1736 1808
f 1757 1809 1710
f 1810 1675 1711
f 1653 1675 1810
f 1780 1779 1811
f 1718 1812 1737
f 1738 1780 1813
f 1739 1814 1696
f 1739 1738 1813
f 1758 1782 1781
f 1742 1815 1743
f 1781 1815 1742
f 1760 1761 1782
f 1762 1816 1761
f 1761 1701 1762
f 1746 1785 1747
f 1786 1763 1785
f 1784 1721 1765
f 1788 1817 1818
f 1786 1819 1766
f 1820 1788 1787
f 1821 1820 1787
f 1787 1790 1821
f 1819 1821 1790
f 1766 1819 1790
f 1788 1818 1791
f 1822 1791 1818
f 1768 1793 1823
f 1797 1768 1823
f 1822 1798 1791
f 1792 1802 1799
f 1793 1799 1823
f 1824 1802 1801
f 1825 1800 1798
f 1800 1824 1801
f 1800 1825 1826
f 1824 1800 1826
f 1750 1726 1827
f 1828 1603 1751
f 1769 1829 1726
f 1726 1829 1830
f 1728 1831 1771
f 1727 1804 1729
f 1729 1804 1832
f 1687 1832 1833
f 1687 1729 1832
f 1706 1834 1730
f 1805 1834 1706
f 1732 1775 1835
f 1805 1732 1835
f 1775 1776 1835
f 1807 1778 1836
f 1716 1837 1836
f 1712 1716 1836
f 1778 1712 1836
f 1809 1838 1710
f 1838 1810 1711
f 1653 1810 1837
f 1716 1653 1837
f 1756 1809 1757
f 1711 1710 1838
f 1808 1811 1779
f 1839 1756 1737
f 1811 1840 1780
f 1780 1840 1813
f 1696 1814 1717
f 1739 1813 1841
f 1739 1841 1814
f 1783 1815 1842
f 1815 1783 1743
f 1781 1782 1843
f 1761 1816 1843
f 1782 1761 1843
f 1844 1745 1720
f 1746 1745 1845
f 1746 1845 1785
f 1680 1784 1762
f 1846 1819 1785
f 1785 1819 1786
f 1765 1847 1784
f 1788 1848 1817
f 1820 1848 1788
f 1818 1817 1849
f 1850 1764 1794
f 1794 1797 1851
f 1851 1797 1823
f 1822 1852 1798
f 1823 1799 1853
f 1799 1802 1853
f 1798 1852 1825
f 1802 1824 1853
f 1825 1854 1826
f 1824 1826 1855
f 1704 1856 1751
f 1704 1750 1856
f 1603 1828 1803
f 1726 1830 1827
f 1769 1669 1857
f 1669 1771 1857
f 1728 1752 1858
f 1752 1730 1859
f 1687 1833 1860
f 1687 1860 1772
f 1670 1772 1861
f 1773 1862 1689
f 1644 1774 1707
f 1835 1776 1863
f 1733 1864 1753
f 1776 1807 1863
f 1753 1864 1777
f 1863 1807 1836
f 1777 1808 1736
f 1811 1808 1865
f 1811 1866 1840
f 1718 1717 1812
f 1737 1812 1867
f 1840 1866 1813
f 1813 1868 1841
f 1815 1781 1869
f 1781 1843 1869
f 1842 1870 1783
f 1720 1870 1844
f 1783 1870 1720
f 1871 1843 1816
f 1872 1871 1816
f 1816 1762 1872
f 1845 1873 1785
f 1784 1874 1872
f 1784 1872 1762
f 1848 1820 1875
f 1820 1821 1876
f 1846 1821 1819
f 1848 1849 1817
f 1849 1877 1818
f 1764 1878 1765
f 1850 1878 1764
f 1818 1877 1822
f 1879 1822 1877
f 1850 1794 1851
f 1852 1822 1879
f 1823 1853 1880
f 1825 1852 1881
f 1824 1880 1853
f 1825 1881 1854
f 1824 1855 1880
f 1855 1826 1854
f 1750 1882 1856
f 1750 1827 1882
f 1883 1668 1803
f 1769 1857 1829
f 1684 1884 1770
f 1730 1834 1859
f 1805 1835 1885
f 1835 1863 1886
f 1733 1806 1864
f 1887 1863 1836
f 1777 1864 1888
f 1838 1837 1810
f 1777 1888 1808
f 1809 1889 1838
f 1811 1865 1866
f 1867 1839 1737
f 1813 1866 1890
f 1842 1891 1870
f 1870 1891 1892
f 1893 1891 1842
f 1815 1893 1842
f 1869 1893 1815
f 1871 1894 1843
f 1845 1745 1844
f 1873 1846 1785
f 1875 1895 1896
f 1875 1876 1897
f 1821 1846 1898
f 1875 1896 1848
f 1876 1875 1820
f 1898 1876 1821
f 1784 1899 1874
f 1849 1896 1900
f 1848 1896 1849
f 1899 1784 1847
f 1849 1900 1877
f 1879 1901 1852
f 1851 1880 1902
f 1823 1880 1851
f 1902 1850 1851
f 1852 1901 1881
f 1855 1903 1880
f 1855 1854 1904
f 1884 1684 1668
f 1770 1905 1804
f 1728 1858 1831
f 1804 1905 1832
f 1906 1772 1860
f 1861 1772 1906
f 1670 1861 1773
f 1885 1835 1886
f 1863 1887 1886
f 1806 1907 1864
f 1836 1837 1887
f 1908 1837 1838
f 1808 1909 1910
f 1808 1888 1909
f 1809 1756 1839
f 1865 1910 1911
f 1808 1910 1865
f 1867 1912 1839
f 1717 1814 1812
f 1813 1890 1868
f 1844 1870 1913
f 1870 1892 1913
f 1893 1914 1891
f 1914 1893 1894
f 1893 1869 1894
f 1869 1843 1894
f 1844 1913 1915
f 1873 1845 1844
f 1897 1895 1875
f 1877 1900 1916
f 1847 1765 1917
f 1879 1877 1916
f 1765 1878 1917
f 1878 1850 1902
f 1918 1901 1879
f 1901 1919 1881
f 1881 1919 1920
f 1854 1881 1920
f 1854 1920 1921
f 1904 1854 1921
f 1903 1855 1904
f 1751 1922 1828
f 1751 1856 1922
f 1856 1882 1922
f 1883 1884 1668
f 1884 1923 1770
f 1771 1831 1924
f 1923 1905 1770
f 1752 1859 1858
f 1833 1832 1905
f 1885 1886 1925
f 1689 1862 1926
f 1689 1926 1774
f 1707 1907 1806
f 1927 1886 1887
f 1864 1928 1929
f 1864 1907 1928
f 1864 1929 1888
f 1930 1908 1838
f 1887 1837 1908
f 1930 1838 1889
f 1839 1931 1809
f 1931 1889 1809
f 1932 1865 1911
f 1865 1932 1866
f 1890 1866 1933
f 1814 1934 1812
f 1841 1868 1935
f 1814 1841 1935
f 1892 1891 1913
f 1914 1894 1936
f 1894 1871 1936
f 1937 1873 1915
f 1915 1873 1844
f 1895 1897 1938
f 1897 1939 1938
f 1876 1939 1897
f 1873 1898 1846
f 1874 1940 1871
f 1871 1872 1874
f 1895 1941 1896
f 1874 1942 1940
f 1874 1899 1942
f 1900 1896 1943
f 1900 1944 1916
f 1916 1918 1879
f 1945 1901 1918
f 1901 1945 1919
f 1946 1902 1880
f 1903 1946 1880
f 1920 1919 1947
f 1904 1921 1903
f 1827 1948 1882
f 1827 1830 1948
f 1829 1949 1830
f 1857 1771 1924
f 1831 1858 1924
f 1905 1950 1951
f 1858 1859 1952
f 1905 1951 1833
f 1834 1953 1859
f 1860 1833 1954
f 1805 1955 1834
f 1956 1955 1805
f 1885 1956 1805
f 1925 1956 1885
f 1886 1927 1925
f 1925 1927 1957
f 1927 1887 1958
f 1930 1958 1908
f 1958 1887 1908
f 1929 1909 1888
f 1867 1812 1959
f 1890 1960 1868
f 1913 1961 1915
f 1913 1962 1961
f 1891 1962 1913
f 1914 1962 1891
f 1914 1936 1963
f 1937 1898 1873
f 1871 1940 1936
f 1964 1895 1938
f 1898 1939 1876
f 1964 1941 1895
f 1896 1941 1943
f 1943 1944 1900
f 1965 1899 1847
f 1917 1965 1847
f 1916 1944 1918
f 1966 1917 1878
f 1944 1945 1918
f 1902 1966 1878
f 1946 1966 1902
f 1919 1967 1947
f 1946 1903 1968
f 1920 1947 1969
f 1920 1969 1921
f 1921 1970 1903
f 1828 1922 1971
f 1882 1972 1922
f 1971 1803 1828
f 1857 1949 1829
f 1857 1924 1949
f 1952 1859 1953
f 1834 1955 1953
f 1954 1906 1860
f 1925 1957 1956
f 1861 1973 1773
f 1774 1926 1974
f 1707 1774 1974
f 1909 1929 1975
f 1931 1930 1889
f 1975 1976 1910
f 1975 1910 1909
f 1912 1931 1839
f 1910 1977 1911
f 1867 1978 1912
f 1977 1932 1911
f 1867 1959 1978
f 1933 1866 1932
f 1934 1959 1812
f 1890 1933 1960
f 1814 1935 1934
f 1961 1962 1979
f 1962 1914 1980
f 1980 1914 1963
f 1961 1979 1915
f 1915 1979 1981
f 1915 1981 1937
f 1936 1940 1963
f 1939 1982 1938
f 1898 1982 1939
f 1982 1898 1937
f 1983 1963 1940
f 1964 1984 1941
f 1942 1983 1940
f 1941 1985 1943
f 1985 1941 1984
f 1899 1965 1942
f 1943 1986 1944
f 1945 1987 1967
f 1919 1945 1967
f 1968 1988 1946
f 1970 1968 1903
f 1882 1948 1972
f 1989 1803 1971
f 1830 1990 1948
f 1989 1991 1883
f 1803 1989 1883
f 1830 1949 1990
f 1992 1905 1923
f 1905 1992 1950
f 1957 1993 1956
f 1957 1994 1993
f 1861 1906 1995
f 1995 1973 1861
f 1957 1927 1994
f 1973 1996 1773
f 1958 1997 1994
f 1994 1927 1958
f 1707 1974 1907
f 1958 1930 1997
f 1932 1977 1998
f 1933 1932 1998
f 1960 1999 1868
f 1868 2000 1935
f 1979 2001 1981
f 1937 1981 1982
f 1982 1981 2002
f 2003 1938 2002
f 1982 2002 1938
f 1938 2004 1964
f 2003 2004 1938
f 1983 2005 1963
f 1984 1964 2004
f 1942 2006 1983
f 1965 2006 1942
f 1943 1985 1986
f 1917 2007 1965
f 1966 2007 1917
f 2008 1945 1944
f 2008 1987 1945
f 1988 1966 1946
f 1968 2009 1988
f 1947 1967 1969
f 1969 1970 1921
f 1923 1884 1883
f 1858 2010 1924
f 1952 1953 2011
f 1833 1951 2012
f 1833 2012 1954
f 1953 1955 2013
f 1955 1956 1993
f 1954 2014 1906
f 1862 1773 1996
f 1926 2015 1974
f 1929 1928 2016
f 1997 1930 2017
f 1929 2016 1975
f 1930 1931 2017
f 1976 2018 1910
f 2018 1977 1910
f 1912 1978 2019
f 1998 1977 2020
f 1933 2021 2022
f 2022 1960 1933
f 1868 1999 2000
f 2023 1979 1962
f 1981 2001 2002
f 2024 2023 1962
f 1980 2024 1962
f 2025 1980 1963
f 1963 2005 2025
f 2005 1983 2006
f 2006 1965 2026
f 1986 2008 1944
f 2008 1986 2027
f 2026 1965 2007
f 2028 2007 1966
f 2028 1966 1988
f 1967 2029 1969
f 1969 2030 1970
f 1970 2009 1968
f 1922 2031 1971
f 1922 1972 2031
f 1948 2032 1972
f 1858 2011 2010
f 1952 2011 1858
f 1950 2033 1951
f 1951 2033 2012
f 2034 1955 1993
f 1862 2035 1926
f 2036 1997 2017
f 2016 1928 2037
f 1928 1907 2037
f 2016 1976 1975
f 1976 2038 2018
f 1931 1912 2019
f 1977 2018 2039
f 2039 2020 1977
f 1998 2040 1933
f 1959 1934 2041
f 2021 1933 2040
f 1960 2022 1999
f 2001 1979 2042
f 2042 1979 2023
f 2001 2043 2002
f 2042 2043 2001
f 1980 2025 2024
f 2003 2002 2043
f 2024 2025 2044
f 2005 2044 2025
f 2004 2045 1984
f 1984 2046 1985
f 2026 2047 2006
f 1986 1985 2027
f 2007 2048 2026
f 2007 2028 2048
f 2049 1987 2008
f 2009 2028 1988
f 1969 2050 2030
f 2029 2050 1969
f 1970 2030 2009
f 1987 2049 1967
f 2029 1967 2049
f 1948 1990 2032
f 1949 2051 1990
f 1883 1991 2052
f 1924 2051 1949
f 2052 1923 1883
f 1924 2010 2053
f 2054 2013 2034
f 2013 1955 2034
f 1954 2055 2014
f 2054 2034 1993
f 1993 2056 2054
f 1995 1906 2014
f 1993 1994 2056
f 2056 1994 1997
f 1862 1996 2035
f 1907 1974 2037
f 2057 2017 1931
f 2041 1978 1959
f 1935 2000 2058
f 1935 2058 1934
f 2043 2059 2003
f 2060 2023 2024
f 2004 2003 2045
f 2024 2044 2060
f 2061 2044 2006
f 2005 2006 2044
f 1984 2045 2046
f 2047 2061 2006
f 1985 2046 2027
f 2027 2046 2062
f 2047 2026 2063
f 2064 2027 2062
f 2063 2026 2048
f 2064 2008 2027
f 2049 2008 2064
f 2065 2009 2030
f 1971 2031 2066
f 1972 2032 2031
f 2051 2067 1990
f 2051 1924 2068
f 1924 2053 2068
f 2069 1950 1992
f 2010 2011 2070
f 2033 1950 2069
f 1954 2012 2055
f 2054 2056 2071
f 1997 2036 2056
f 1926 2035 2015
f 2016 2037 2072
f 1976 2016 2072
f 1931 2019 2057
f 2038 2073 2018
f 2019 1978 2074
f 2018 2073 2039
f 2075 2020 2073
f 2073 2020 2039
f 1998 2020 2075
f 2021 2076 2022
f 2000 2077 2058
f 2042 2023 2078
f 2043 2079 2059
f 2042 2079 2043
f 2078 2079 2042
f 2023 2060 2078
f 2059 2045 2003
f 2060 2044 2061
f 2047 2080 2061
f 2047 2063 2080
f 2081 2049 2064
f 2029 2049 2081
f 2065 2048 2028
f 2050 2082 2030
f 2030 2082 2065
f 2065 2028 2009
f 2050 2029 2081
f 1971 2066 1989
f 1989 2066 2083
f 1990 2084 2032
f 1989 2085 1991
f 1923 2086 2069
f 1992 1923 2069
f 1953 2013 2087
f 1953 2087 2011
f 2054 2088 2013
f 2071 2088 2054
f 2055 1995 2014
f 2036 2089 2056
f 1995 2090 1973
f 1973 2090 1996
f 2036 2017 2089
f 1996 2091 2035
f 2037 1974 2092
f 2072 2037 2092
f 2038 1976 2072
f 2074 2057 2019
f 2038 2093 2073
f 1998 2075 2094
f 1998 2094 2040
f 1934 2058 2095
f 2096 2022 2076
f 1999 2022 2096
f 2078 2060 2097
f 2059 2098 2045
f 2097 2060 2061
f 2046 2045 2098
f 2080 2097 2061
f 2062 2046 2098
f 2099 2064 2062
f 2081 2064 2099
f 2100 2082 2050
f 2063 2048 2065
f 2050 2081 2099
f 2100 2050 2099
f 1989 2083 2085
f 2031 2101 2066
f 1990 2067 2084
f 1991 2085 2052
f 2086 1923 2052
f 2033 2069 2102
f 2087 2013 2088
f 2012 2033 2102
f 2012 2102 2103
f 2012 2103 2055
f 2104 1995 2055
f 1995 2104 2090
f 2035 2091 2105
f 2089 2017 2057
f 2106 2057 2074
f 1978 2041 2107
f 2040 2094 2108
f 2079 2078 2109
f 2109 2078 2097
f 2098 2059 2110
f 2109 2110 2079
f 2110 2059 2079
f 2097 2111 2109
f 2097 2080 2111
f 2062 2098 2112
f 2112 2098 2110
f 2080 2113 2111
f 2062 2112 2099
f 2099 2112 2114
f 2080 2063 2113
f 2113 2065 2115
f 2113 2063 2065
f 2116 2115 2082
f 2065 2082 2115
f 2114 2100 2099
f 2116 2100 2114
f 2082 2100 2116
f 2031 2117 2101
f 2032 2117 2031
f 2032 2084 2117
f 2052 2085 2118
f 2067 2051 2119
f 2051 2068 2119
f 2010 2070 2053
f 2055 2103 2120
f 2121 2071 2122
f 2122 2071 2056
f 2104 2055 2123
f 2056 2124 2122
f 2056 2089 2124
f 1996 2090 2091
f 2089 2057 2106
f 1974 2015 2092
f 2038 2072 2125
f 2038 2125 2093
f 1978 2107 2074
f 2041 2126 2107
f 2041 1934 2095
f 2108 2127 2040
f 2021 2040 2127
f 2021 2127 2076
f 2076 2127 2128
f 2076 2128 2096
f 1999 2096 2000
f 2110 2109 2129
f 2111 2129 2109
f 2112 2110 2130
f 2129 2130 2110
f 2111 2113 2129
f 2130 2114 2112
f 2129 2115 2130
f 2116 2114 2130
f 2115 2116 2130
f 2113 2115 2129
f 2066 2101 2083
f 2083 2131 2085
f 2084 2119 2132
f 2084 2067 2119
f 2052 2133 2086
f 2068 2134 2119
f 2011 2135 2070
f 2102 2136 2103
f 2088 2071 2121
f 2120 2123 2055
f 2089 2106 2137
f 2035 2105 2138
f 2035 2138 2015
f 2092 2139 2072
f 2139 2125 2072
f 2073 2140 2141
f 2093 2140 2073
f 2107 2142 2074
f 2073 2141 2075
f 2075 2141 2143
f 2094 2075 2143
f 2041 2095 2126
f 2144 2094 2143
f 2108 2144 2145
f 2108 2094 2144
f 2127 2108 2145
f 2127 2146 2128
f 2084 2132 2117
f 2052 2118 2133
f 2069 2086 2147
f 2087 2148 2011
f 2121 2149 2088
f 2104 2150 2090
f 2124 2089 2137
f 2092 2015 2139
f 2125 2139 2151
f 2125 2151 2093
f 2152 2058 2077
f 2118 2085 2153
f 2131 2153 2085
f 2053 2134 2068
f 2102 2069 2147
f 2102 2147 2136
f 2148 2135 2011
f 2148 2087 2154
f 2154 2087 2088
f 2103 2136 2120
f 2122 2124 2149
f 2121 2122 2149
f 2090 2155 2091
f 2015 2138 2139
f 2093 2151 2140
f 2074 2142 2156
f 2126 2142 2107
f 2143 2157 2144
f 2145 2157 2158
f 2145 2144 2157
f 2000 2159 2077
f 2146 2127 2160
f 2096 2128 2161
f 2162 2117 2132
f 2053 2163 2134
f 2163 2053 2070
f 2120 2164 2123
f 2165 2149 2124
f 2104 2123 2166
f 2124 2137 2165
f 2137 2106 2167
f 2105 2091 2168
f 2169 2140 2151
f 2074 2156 2106
f 2140 2169 2170
f 2141 2170 2171
f 2140 2170 2141
f 2141 2171 2143
f 2058 2152 2095
f 2172 2127 2145
f 2160 2127 2172
f 2173 2131 2083
f 2101 2173 2083
f 2101 2117 2173
f 2118 2153 2133
f 2119 2134 2174
f 2135 2163 2070
f 2088 2149 2154
f 2136 2164 2120
f 2165 2175 2149
f 2090 2150 2155
f 2091 2155 2168
f 2105 2168 2176
f 2138 2105 2176
f 2138 2176 2139
f 2139 2177 2178
f 2139 2176 2177
f 2139 2178 2151
f 2167 2106 2156
f 2169 2151 2178
f 2157 2171 2179
f 2157 2143 2171
f 2126 2095 2180
f 2181 2158 2179
f 2179 2158 2157
f 2145 2182 2172
f 2145 2158 2182
f 2159 2000 2096
f 2183 2146 2160
f 2128 2146 2183
f 2131 2184 2153
f 2131 2173 2184
f 2119 2185 2132
f 2153 2186 2133
f 2119 2174 2185
f 2086 2187 2188
f 2187 2086 2133
f 2134 2163 2174
f 2147 2086 2188
f 2135 2189 2163
f 2136 2147 2190
f 2154 2149 2191
f 2164 2166 2123
f 2192 2104 2166
f 2104 2192 2150
f 2167 2165 2137
f 2193 2169 2178
f 2169 2193 2170
f 2171 2170 2194
f 2126 2195 2142
f 2171 2194 2179
f 2180 2095 2152
f 2181 2182 2158
f 2181 2196 2182
f 2159 2096 2161
f 2117 2197 2173
f 2117 2162 2197
f 2153 2184 2186
f 2132 2185 2162
f 2198 2147 2188
f 2164 2136 2190
f 2191 2149 2175
f 2175 2165 2199
f 2165 2167 2199
f 2168 2200 2176
f 2176 2200 2177
f 2177 2201 2178
f 2142 2202 2156
f 2195 2126 2180
f 2203 2180 2152
f 2196 2181 2204
f 2128 2183 2205
f 2161 2128 2205
f 2173 2206 2184
f 2133 2186 2187
f 2147 2198 2190
f 2207 2135 2148
f 2154 2191 2148
f 2190 2208 2164
f 2208 2209 2164
f 2175 2210 2191
f 2164 2209 2166
f 2167 2156 2211
f 2178 2201 2193
f 2170 2193 2212
f 2194 2170 2212
f 2194 2212 2213
f 2179 2214 2181
f 2214 2204 2181
f 2152 2077 2215
f 2215 2077 2159
f 2196 2216 2217
f 2196 2204 2216
f 2196 2172 2182
f 2217 2172 2196
f 2160 2172 2218
f 2183 2160 2219
f 2187 2186 2220
f 2185 2174 2221
f 2190 2198 2222
f 2135 2207 2189
f 2148 2191 2223
f 2223 2191 2210
f 2175 2199 2210
f 2199 2167 2224
f 2201 2177 2200
f 2193 2201 2225
f 2212 2193 2225
f 2194 2213 2179
f 2179 2213 2214
f 2226 2161 2205
f 2172 2217 2218
f 2160 2218 2219
f 2173 2197 2206
f 2184 2227 2186
f 2206 2227 2184
f 2221 2174 2228
f 2163 2189 2174
f 2207 2229 2189
f 2222 2208 2190
f 2148 2230 2207
f 2148 2223 2230
f 2231 2210 2199
f 2232 2192 2166
f 2199 2224 2231
f 2150 2192 2233
f 2155 2150 2233
f 2224 2211 2234
f 2167 2211 2224
f 2168 2155 2235
f 2168 2235 2200
f 2236 2201 2237
f 2201 2200 2237
f 2236 2225 2201
f 2156 2202 2211
f 2142 2195 2238
f 2239 2214 2240
f 2240 2214 2213
f 2214 2239 2204
f 2216 2239 2241
f 2239 2216 2204
f 2226 2159 2161
f 2241 2242 2216
f 2216 2242 2217
f 2219 2218 2243
f 2162 2244 2197
f 2162 2185 2244
f 2227 2220 2186
f 2187 2220 2245
f 2188 2187 2245
f 2246 2208 2222
f 2230 2223 2210
f 2208 2247 2209
f 2247 2248 2209
f 2166 2209 2232
f 2232 2209 2248
f 2192 2249 2233
f 2155 2233 2235
f 2250 2212 2251
f 2212 2225 2251
f 2238 2202 2142
f 2212 2252 2213
f 2252 2212 2250
f 2213 2252 2240
f 2241 2253 2242
f 2253 2254 2242
f 2217 2242 2254
f 2218 2217 2254
f 2183 2219 2255
f 2205 2183 2255
f 2189 2228 2174
f 2256 2198 2188
f 2232 2249 2192
f 2200 2235 2237
f 2236 2237 2257
f 2236 2251 2225
f 2250 2251 2258
f 2202 2238 2259
f 2260 2250 2258
f 2261 2252 2250
f 2195 2180 2238
f 2239 2262 2241
f 2253 2262 2263
f 2262 2253 2241
f 2264 2253 2263
f 2254 2253 2264
f 2218 2254 2265
f 2243 2218 2265
f 2227 2206 2266
f 2197 2267 2206
f 2227 2268 2220
f 2269 2245 2220
f 2188 2245 2256
f 2198 2256 2222
f 2207 2230 2229
f 2208 2246 2247
f 2231 2270 2210
f 2224 2271 2231
f 2272 2224 2234
f 2233 2249 2273
f 2211 2274 2234
f 2202 2274 2211
f 2236 2258 2251
f 2202 2259 2274
f 2275 2250 2260
f 2180 2203 2276
f 2277 2239 2240
f 2277 2240 2278
f 2277 2262 2239
f 2263 2279 2264
f 2219 2243 2255
f 2227 2266 2268
f 2280 2185 2281
f 2268 2269 2220
f 2281 2221 2228
f 2189 2229 2228
f 2230 2282 2229
f 2230 2210 2270
f 2231 2271 2270
f 2232 2283 2249
f 2224 2272 2271
f 2237 2284 2257
f 2257 2258 2236
f 2275 2261 2250
f 2180 2276 2238
f 2252 2285 2286
f 2287 2240 2286
f 2286 2240 2252
f 2277 2288 2262
f 2262 2288 2263
f 2263 2288 2279
f 2254 2264 2289
f 2265 2254 2289
f 2267 2197 2244
f 2206 2290 2266
f 2267 2290 2206
f 2185 2221 2281
f 2222 2256 2246
f 2229 2282 2291
f 2292 2282 2230
f 2292 2230 2270
f 2248 2293 2232
f 2283 2273 2249
f 2234 2274 2272
f 2294 2233 2273
f 2294 2235 2233
f 2284 2235 2294
f 2237 2235 2284
f 2258 2295 2260
f 2275 2260 2295
f 2252 2261 2285
f 2238 2276 2296
f 2287 2278 2240
f 2203 2152 2276
f 2152 2215 2297
f 2288 2277 2298
f 2299 2288 2298
f 2300 2288 2299
f 2288 2300 2279
f 2301 2226 2205
f 2279 2300 2302
f 2302 2264 2279
f 2244 2303 2267
f 2269 2304 2245
f 2245 2304 2256
f 2246 2256 2305
f 2228 2229 2291
f 2247 2306 2248
f 2270 2307 2292
f 2293 2308 2232
f 2283 2232 2308
f 2274 2309 2272
f 2257 2310 2258
f 2310 2295 2258
f 2277 2278 2298
f 2159 2226 2311
f 2159 2311 2215
f 2299 2312 2300
f 2312 2302 2300
f 2205 2255 2301
f 2265 2313 2243
f 2255 2243 2314
f 2268 2315 2269
f 2268 2266 2315
f 2280 2244 2185
f 2316 2281 2228
f 2246 2305 2247
f 2305 2317 2247
f 2306 2293 2248
f 2270 2271 2318
f 2271 2272 2318
f 2319 2272 2309
f 2310 2257 2320
f 2257 2284 2320
f 2295 2321 2275
f 2321 2261 2275
f 2322 2261 2321
f 2296 2259 2238
f 2285 2261 2323
f 2286 2324 2287
f 2278 2325 2326
f 2325 2278 2287
f 2278 2326 2298
f 2152 2297 2276
f 2299 2298 2327
f 2328 2312 2299
f 2312 2328 2302
f 2301 2255 2329
f 2302 2289 2264
f 2255 2314 2330
f 2265 2289 2331
f 2313 2265 2331
f 2243 2313 2314
f 2256 2304 2332
f 2256 2332 2305
f 2228 2333 2316
f 2292 2334 2335
f 2292 2335 2282
f 2334 2292 2307
f 2307 2270 2318
f 2272 2319 2336
f 2294 2273 2337
f 2284 2294 2320
f 2310 2320 2338
f 2295 2310 2338
f 2321 2295 2338
f 2259 2339 2274
f 2259 2296 2339
f 2323 2261 2322
f 2298 2326 2327
f 2327 2340 2299
f 2226 2301 2311
f 2328 2299 2340
f 2328 2341 2302
f 2302 2341 2289
f 2255 2330 2329
f 2267 2303 2290
f 2269 2315 2304
f 2244 2280 2303
f 2281 2342 2280
f 2228 2291 2333
f 2291 2282 2335
f 2317 2306 2247
f 2307 2343 2334
f 2344 2343 2307
f 2318 2344 2307
f 2318 2272 2336
f 2273 2283 2345
f 2273 2345 2337
f 2294 2337 2320
f 2320 2346 2338
f 2274 2339 2309
f 2347 2323 2322
f 2285 2348 2286
f 2285 2323 2348
f 2348 2324 2286
f 2276 2349 2296
f 2324 2325 2287
f 2340 2327 2350
f 2297 2215 2311
f 2340 2351 2328
f 2341 2328 2351
f 2289 2341 2352
f 2331 2289 2352
f 2330 2314 2313
f 2266 2290 2315
f 2303 2353 2290
f 2315 2354 2304
f 2354 2332 2304
f 2281 2316 2355
f 2305 2356 2317
f 2293 2357 2308
f 2344 2318 2336
f 2308 2358 2283
f 2283 2358 2345
f 2320 2337 2346
f 2321 2338 2359
f 2321 2359 2322
f 2327 2326 2360
f 2327 2360 2350
f 2340 2350 2361
f 2351 2340 2362
f 2315 2290 2363
f 2354 2315 2364
f 2363 2364 2315
f 2280 2365 2303
f 2281 2355 2342
f 2332 2366 2305
f 2317 2356 2306
f 2356 2367 2306
f 2334 2368 2335
f 2367 2369 2306
f 2306 2369 2293
f 2369 2357 2293
f 2319 2370 2336
f 2319 2309 2371
f 2322 2359 2347
f 2323 2372 2348
f 2372 2323 2347
f 2339 2296 2349
f 2326 2325 2360
f 2297 2349 2276
f 2297 2311 2373
f 2362 2361 2374
f 2361 2362 2340
f 2301 2329 2311
f 2351 2362 2375
f 2351 2375 2341
f 2330 2376 2329
f 2341 2375 2377
f 2341 2377 2352
f 2331 2352 2378
f 2331 2378 2313
f 2280 2342 2365
f 2354 2366 2332
f 2335 2379 2291
f 2368 2379 2335
f 2334 2343 2368
f 2357 2358 2308
f 2336 2380 2344
f 2345 2358 2381
f 2371 2370 2319
f 2382 2309 2339
f 2347 2359 2383
f 2347 2383 2372
f 2324 2348 2384
f 2339 2349 2385
f 2384 2325 2324
f 2360 2325 2386
f 2350 2360 2387
f 2350 2387 2361
f 2297 2373 2388
f 2374 2361 2389
f 2329 2376 2311
f 2352 2377 2378
f 2330 2313 2390
f 2290 2353 2363
f 2365 2353 2303
f 2333 2355 2316
f 2291 2379 2333
f 2343 2391 2368
f 2357 2392 2358
f 2336 2370 2380
f 2337 2345 2393
f 2346 2337 2393
f 2346 2393 2338
f 2338 2394 2359
f 2309 2382 2371
f 2383 2359 2394
f 2384 2348 2372
f 2386 2325 2384
f 2360 2395 2387
f 2297 2388 2349
f 2387 2389 2361
f 2362 2374 2396
f 2311 2376 2373
f 2397 2376 2330
f 2330 2390 2397
f 2313 2378 2398
f 2390 2313 2399
f 2354 2400 2366
f 2354 2364 2400
f 2365 2401 2353
f 2305 2366 2402
f 2305 2402 2356
f 2379 2403 2333
f 2343 2344 2404
f 2391 2343 2404
f 2357 2369 2392
f 2404 2344 2380
f 2370 2405 2380
f 2393 2345 2381
f 2370 2371 2405
f 2394 2338 2393
f 2382 2406 2371
f 2407 2383 2394
f 2408 2382 2339
f 2383 2407 2372
f 2349 2388 2409
f 2396 2374 2389
f 2410 2362 2396
f 2375 2362 2410
f 2373 2376 2411
f 2376 2412 2411
f 2377 2375 2413
f 2376 2397 2412
f 2378 2377 2414
f 2378 2414 2398
f 2313 2398 2399
f 2363 2415 2364
f 2333 2403 2355
f 2367 2356 2369
f 2392 2416 2358
f 2358 2416 2381
f 2371 2406 2405
f 2394 2393 2417
f 2407 2394 2417
f 2407 2418 2372
f 2385 2408 2339
f 2418 2384 2372
f 2386 2419 2360
f 2419 2386 2384
f 2349 2409 2385
f 2389 2387 2395
f 2411 2420 2373
f 2420 2388 2373
f 2377 2413 2421
f 2377 2421 2414
f 2390 2399 2397
f 2364 2415 2400
f 2353 2401 2363
f 2403 2422 2355
f 2393 2381 2423
f 2406 2424 2405
f 2393 2423 2417
f 2425 2407 2417
f 2407 2425 2418
f 2384 2418 2419
f 2395 2360 2426
f 2427 2389 2395
f 2389 2427 2396
f 2420 2409 2388
f 2410 2413 2375
f 2413 2428 2421
f 2397 2399 2412
f 2398 2414 2429
f 2398 2429 2399
f 2400 2430 2366
f 2431 2415 2363
f 2401 2431 2363
f 2342 2422 2365
f 2432 2356 2402
f 2391 2433 2379
f 2391 2379 2368
f 2369 2434 2392
f 2380 2405 2435
f 2416 2436 2381
f 2381 2436 2423
f 2417 2423 2436
f 2437 2417 2436
f 2425 2417 2437
f 2438 2406 2382
f 2438 2382 2408
f 2425 2439 2418
f 2426 2360 2419
f 2385 2440 2408
f 2385 2409 2440
f 2427 2441 2396
f 2441 2410 2396
f 2413 2410 2442
f 2413 2442 2428
f 2421 2428 2443
f 2414 2421 2443
f 2399 2444 2412
f 2414 2443 2429
f 2401 2365 2431
f 2445 2431 2365
f 2355 2422 2342
f 2356 2434 2369
f 2391 2446 2433
f 2391 2404 2446
f 2392 2434 2447
f 2392 2447 2416
f 2447 2448 2416
f 2435 2404 2380
f 2449 2436 2416
f 2424 2435 2405
f 2406 2450 2424
f 2406 2438 2450
f 2451 2425 2437
f 2418 2439 2419
f 2395 2452 2427
f 2453 2409 2420
f 2427 2454 2441
f 2420 2455 2453
f 2420 2411 2455
f 2442 2410 2441
f 2412 2456 2411
f 2412 2457 2456
f 2412 2444 2457
f 2399 2429 2458
f 2399 2458 2444
f 2415 2431 2459
f 2430 2460 2366
f 2460 2402 2366
f 2365 2422 2445
f 2356 2461 2434
f 2462 2403 2379
f 2379 2433 2462
f 2448 2449 2416
f 2424 2450 2463
f 2451 2464 2439
f 2425 2451 2439
f 2465 2408 2440
f 2426 2452 2395
f 2427 2452 2454
f 2409 2453 2440
f 2466 2441 2454
f 2411 2456 2455
f 2442 2467 2428
f 2443 2428 2468
f 2443 2468 2469
f 2429 2443 2469
f 2429 2469 2458
f 2470 2430 2400
f 2415 2471 2400
f 2400 2471 2470
f 2415 2459 2471
f 2402 2460 2432
f 2472 2434 2461
f 2404 2473 2446
f 2404 2435 2473
f 2435 2424 2463
f 2449 2474 2436
f 2475 2437 2474
f 2437 2436 2474
f 2475 2451 2437
f 2476 2439 2477
f 2477 2439 2464
f 2439 2476 2419
f 2465 2438 2408
f 2465 2478 2438
f 2479 2426 2419
f 2480 2440 2453
f 2455 2481 2453
f 2441 2482 2442
f 2456 2483 2455
f 2428 2467 2468
f 2484 2457 2444
f 2458 2485 2444
f 2486 2460 2430
f 2470 2486 2430
f 2403 2487 2422
f 2432 2461 2356
f 2403 2462 2487
f 2488 2473 2435
f 2474 2449 2448
f 2463 2488 2435
f 2489 2464 2475
f 2475 2464 2451
f 2450 2438 2478
f 2479 2419 2476
f 2426 2490 2452
f 2480 2465 2440
f 2452 2491 2454
f 2481 2480 2453
f 2483 2481 2455
f 2482 2441 2466
f 2442 2482 2467
f 2484 2456 2457
f 2467 2492 2468
f 2468 2493 2469
f 2469 2494 2458
f 2494 2485 2458
f 2485 2484 2444
f 2445 2495 2431
f 2434 2496 2447
f 2475 2474 2497
f 2475 2497 2489
f 2450 2498 2463
f 2464 2489 2477
f 2450 2478 2498
f 2499 2478 2465
f 2499 2465 2480
f 2454 2500 2466
f 2481 2501 2480
f 2502 2481 2483
f 2503 2483 2456
f 2503 2502 2483
f 2467 2482 2504
f 2484 2503 2456
f 2468 2492 2493
f 2469 2493 2494
f 2485 2494 2505
f 2484 2485 2505
f 2471 2459 2506
f 2431 2507 2459
f 2487 2445 2422
f 2432 2508 2461
f 2462 2509 2487
f 2496 2434 2472
f 2446 2510 2433
f 2473 2488 2511
f 2474 2448 2497
f 2463 2512 2488
f 2463 2498 2512
f 2478 2513 2498
f 2479 2490 2426
f 2478 2499 2513
f 2490 2491 2452
f 2491 2514 2454
f 2514 2500 2454
f 2501 2515 2480
f 2500 2516 2466
f 2502 2501 2481
f 2517 2504 2482
f 2492 2467 2504
f 2505 2518 2484
f 2484 2518 2503
f 2471 2506 2470
f 2470 2506 2519
f 2431 2495 2507
f 2432 2460 2508
f 2495 2445 2487
f 2433 2510 2462
f 2520 2447 2496
f 2473 2521 2446
f 2520 2522 2447
f 2447 2522 2448
f 2522 2497 2448
f 2473 2511 2521
f 2511 2488 2523
f 2489 2497 2524
f 2512 2523 2488
f 2489 2524 2525
f 2489 2525 2477
f 2479 2526 2527
f 2479 2476 2526
f 2479 2527 2490
f 2515 2499 2480
f 2516 2482 2466
f 2517 2482 2516
f 2502 2503 2528
f 2494 2493 2529
f 2529 2505 2494
f 2470 2530 2486
f 2470 2519 2530
f 2461 2531 2472
f 2472 2532 2496
f 2510 2446 2521
f 2497 2522 2524
f 2523 2512 2533
f 2526 2477 2525
f 2477 2526 2476
f 2512 2534 2533
f 2512 2498 2534
f 2534 2498 2513
f 2499 2515 2535
f 2500 2514 2536
f 2528 2501 2502
f 2528 2503 2518
f 2504 2537 2492
f 2493 2492 2537
f 2538 2539 2505
f 2518 2505 2539
f 2486 2530 2460
f 2459 2507 2540
f 2531 2461 2508
f 2472 2531 2532
f 2541 2522 2520
f 2521 2511 2542
f 2541 2524 2522
f 2511 2523 2542
f 2534 2543 2533
f 2527 2491 2490
f 2513 2544 2543
f 2543 2534 2513
f 2499 2535 2544
f 2513 2499 2544
f 2536 2545 2500
f 2515 2501 2546
f 2547 2517 2516
f 2528 2546 2501
f 2504 2517 2548
f 2518 2549 2528
f 2504 2548 2537
f 2493 2537 2529
f 2529 2538 2505
f 2506 2550 2519
f 2459 2540 2506
f 2460 2530 2551
f 2551 2508 2460
f 2487 2552 2495
f 2462 2510 2509
f 2532 2520 2496
f 2520 2532 2541
f 2542 2553 2521
f 2524 2541 2525
f 2554 2553 2542
f 2523 2533 2542
f 2542 2533 2554
f 2527 2555 2491
f 2514 2491 2556
f 2546 2535 2515
f 2545 2516 2500
f 2547 2516 2545
f 2518 2539 2557
f 2557 2549 2518
f 2538 2557 2539
f 2506 2540 2550
f 2507 2495 2558
f 2532 2531 2559
f 2560 2559 2531
f 2541 2532 2561
f 2510 2521 2562
f 2525 2563 2526
f 2526 2564 2527
f 2533 2543 2554
f 2564 2555 2527
f 2554 2543 2565
f 2491 2555 2556
f 2543 2544 2565
f 2514 2556 2536
f 2544 2535 2566
f 2567 2535 2546
f 2546 2528 2549
f 2517 2547 2568
f 2517 2568 2548
f 2569 2549 2557
f 2548 2570 2537
f 2507 2558 2540
f 2560 2531 2508
f 2487 2571 2552
f 2572 2559 2560
f 2487 2509 2571
f 2510 2562 2509
f 2532 2559 2561
f 2562 2521 2553
f 2561 2563 2525
f 2541 2561 2525
f 2526 2573 2564
f 2553 2554 2574
f 2574 2554 2575
f 2565 2544 2566
f 2556 2576 2536
f 2535 2577 2566
f 2535 2567 2577
f 2578 2545 2536
f 2549 2567 2546
f 2579 2569 2557
f 2570 2580 2529
f 2580 2557 2538
f 2529 2537 2570
f 2538 2529 2580
f 2508 2551 2560
f 2558 2495 2552
f 2572 2560 2581
f 2559 2572 2561
f 2509 2562 2582
f 2574 2583 2562
f 2553 2574 2562
f 2563 2573 2526
f 2564 2584 2555
f 2555 2584 2556
f 2554 2565 2575
f 2585 2547 2545
f 2569 2567 2549
f 2568 2570 2548
f 2551 2530 2586
f 2519 2587 2530
f 2519 2550 2587
f 2509 2588 2571
f 2509 2582 2588
f 2562 2583 2582
f 2589 2574 2575
f 2575 2590 2589
f 2575 2565 2590
f 2565 2566 2590
f 2576 2578 2536
f 2590 2577 2591
f 2590 2566 2577
f 2591 2577 2592
f 2577 2567 2592
f 2585 2593 2547
f 2547 2593 2568
f 2570 2594 2580
f 2570 2568 2594
f 2580 2579 2557
f 2594 2579 2580
f 2530 2587 2586
f 2560 2551 2595
f 2595 2581 2560
f 2572 2581 2596
f 2596 2561 2572
f 2563 2597 2573
f 2573 2598 2564
f 2564 2598 2584
f 2589 2583 2574
f 2584 2576 2556
f 2578 2585 2545
f 2567 2569 2599
f 2540 2600 2550
f 2552 2571 2558
f 2601 2596 2581
f 2597 2563 2602
f 2596 2602 2563
f 2561 2596 2563
f 2598 2573 2597
f 2583 2603 2582
f 2583 2589 2604
f 2589 2605 2604
f 2589 2590 2605
f 2606 2578 2576
f 2590 2591 2607
f 2591 2592 2607
f 2592 2567 2599
f 2569 2579 2599
f 2593 2608 2568
f 2579 2594 2609
f 2608 2594 2568
f 2595 2551 2586
f 2558 2610 2540
f 2581 2595 2601
f 2558 2571 2610
f 2571 2588 2611
f 2588 2582 2603
f 2597 2612 2598
f 2604 2603 2583
f 2598 2612 2584
f 2606 2584 2612
f 2584 2606 2576
f 2605 2590 2607
f 2608 2613 2594
f 2586 2614 2595
f 2586 2615 2614
f 2586 2587 2615
f 2602 2596 2601
f 2588 2603 2611
f 2616 2612 2597
f 2617 2603 2604
f 2618 2606 2612
f 2604 2605 2619
f 2619 2605 2620
f 2606 2621 2578
f 2605 2622 2620
f 2605 2607 2622
f 2623 2585 2578
f 2622 2592 2624
f 2622 2607 2592
f 2625 2593 2585
f 2592 2599 2624
f 2625 2626 2593
f 2627 2599 2579
f 2593 2626 2608
f 2609 2628 2579
f 2609 2594 2613
f 2550 2600 2587
f 2540 2610 2600
f 2629 2602 2630
f 2630 2602 2601
f 2571 2611 2610
f 2597 2629 2616
f 2602 2629 2597
f 2611 2603 2631
f 2603 2617 2631
f 2612 2632 2618
f 2616 2632 2612
f 2619 2633 2617
f 2617 2604 2619
f 2619 2620 2633
f 2634 2606 2618
f 2634 2621 2606
f 2621 2623 2578
f 2585 2623 2625
f 2627 2624 2599
f 2627 2579 2628
f 2635 2609 2613
f 2601 2636 2630
f 2595 2636 2601
f 2636 2595 2614
f 2600 2610 2637
f 2638 2611 2631
f 2632 2616 2629
f 2632 2639 2618
f 2617 2633 2631
f 2620 2622 2640
f 2622 2624 2640
f 2641 2625 2623
f 2613 2608 2626
f 2609 2635 2628
f 2614 2642 2636
f 2587 2600 2615
f 2630 2643 2629
f 2629 2643 2644
f 2631 2645 2638
f 2646 2632 2629
f 2647 2645 2631
f 2648 2632 2646
f 2632 2648 2639
f 2631 2633 2647
f 2618 2639 2634
f 2633 2620 2647
f 2621 2634 2649
f 2647 2620 2640
f 2623 2621 2649
f 2641 2623 2649
f 2640 2624 2650
f 2641 2626 2625
f 2624 2627 2650
f 2626 2651 2613
f 2635 2613 2651
f 2615 2652 2614
f 2614 2652 2642
f 2615 2637 2652
f 2600 2637 2615
f 2642 2653 2636
f 2610 2654 2637
f 2643 2630 2636
f 2611 2638 2654
f 2611 2654 2610
f 2629 2644 2646
f 2644 2655 2646
f 2655 2648 2646
f 2639 2656 2649
f 2639 2648 2656
f 2639 2649 2634
f 2657 2658 2640
f 2647 2640 2658
f 2657 2650 2659
f 2640 2650 2657
f 2626 2641 2660
f 2651 2626 2660
f 2650 2628 2661
f 2661 2635 2651
f 2628 2635 2661
f 2627 2628 2650
f 2662 2643 2636
f 2636 2653 2662
f 2662 2663 2643
f 2664 2654 2638
f 2643 2663 2644
f 2664 2638 2645
f 2645 2647 2665
f 2647 2658 2665
f 2666 2658 2657
f 2656 2667 2649
f 2667 2660 2641
f 2649 2667 2641
f 2650 2661 2659
f 2651 2660 2668
f 2661 2651 2668
f 2642 2669 2653
f 2642 2652 2669
f 2652 2637 2670
f 2654 2664 2637
f 2644 2663 2655
f 2664 2645 2665
f 2648 2671 2656
f 2665 2658 2666
f 2666 2657 2672
f 2657 2659 2672
f 2660 2667 2673
f 2668 2660 2673
f 2668 2659 2661
f 2670 2669 2652
f 2669 2662 2653
f 2664 2674 2670
f 2637 2664 2670
f 2663 2662 2675
f 2663 2676 2655
f 2663 2675 2676
f 2664 2665 2674
f 2665 2677 2674
f 2665 2666 2677
f 2676 2671 2648
f 2655 2676 2648
f 2666 2672 2678
f 2671 2667 2656
f 2679 2667 2671
f 2668 2673 2679
f 2679 2680 2668
f 2672 2659 2680
f 2679 2673 2667
f 2659 2668 2680
f 2681 2669 2670
f 2662 2669 2681
f 2682 2662 2681
f 2675 2662 2682
f 2683 2681 2670
f 2683 2670 2674
f 2684 2675 2682
f 2675 2684 2676
f 2674 2677 2683
f 2677 2678 2683
f 2676 2684 2671
f 2666 2678 2677
f 2685 2671 2684
f 2678 2672 2686
f 2679 2671 2685
f 2686 2680 2687
f 2672 2680 2686
f 2685 2680 2679
f 2687 2680 2685
f 2682 2681 2688
f 2688 2681 2683
f 2682 2689 2684
f 2682 2688 2689
f 2678 2688 2683
f 2689 2685 2684
f 2688 2686 2689
f 2678 2686 2688
f 2689 2687 2685
f 2686 2687 2689
f 2690 2691 2692
f 2691 2693 2692
f 2694 2695 2696
f 2695 2697 2698
f 2698 2697 2699
f 2700 2695 2694
f 2697 2695 2691
f 2695 2700 2691
f 2691 2700 2693
f 2697 2691 2690
f 2701 2697 2690
f 2702 2693 2700
f 2693 2702 2703
f 2690 2692 2704
f 2701 2690 2704
f 2703 2702 2705
f 2693 2703 2692
f 2692 2703 2706
f 2705 2706 2703
f 2696 2698 2707
f 2698 2696 2695
f 2708 2699 2697
f 2709 2700 2710
f 2694 2710 2700
f 2708 2697 2711
f 2700 2709 2712
f 2700 2712 2702
f 2697 2701 2711
f 2702 2712 2705
f 2701 2713 2711
f 2705 2712 2714
f 2704 2713 2701
f 2705 2714 2706
f 2706 2714 2715
f 2692 2706 2716
f 2716 2704 2692
f 2717 2706 2715
f 2716 2706 2717
f 2718 2696 2707
f 2698 2719 2707
f 2698 2720 2719
f 2694 2718 2721
f 2696 2718 2694
f 2698 2699 2720
f 2699 2722 2720
f 2721 2710 2694
f 2699 2708 2722
f 2721 2709 2710
f 2723 2708 2711
f 2709 2724 2712
f 2713 2725 2711
f 2723 2711 2725
f 2712 2726 2714
f 2724 2726 2712
f 2713 2704 2727
f 2728 2714 2726
f 2715 2714 2728
f 2704 2716 2727
f 2716 2729 2727
f 2715 2728 2730
f 2717 2715 2730
f 2707 2731 2718
f 2707 2719 2731
f 2732 2709 2721
f 2733 2722 2734
f 2734 2722 2708
f 2723 2734 2708
f 2735 2734 2723
f 2709 2736 2724
f 2724 2736 2737
f 2724 2737 2726
f 2738 2726 2737
f 2725 2713 2727
f 2728 2726 2738
f 2739 2728 2738
f 2729 2740 2727
f 2728 2739 2741
f 2728 2741 2730
f 2717 2742 2716
f 2742 2729 2716
f 2741 2743 2730
f 2717 2730 2743
f 2744 2717 2743
f 2742 2717 2744
f 2731 2745 2718
f 2721 2718 2746
f 2718 2745 2746
f 2720 2722 2747
f 2721 2746 2732
f 2748 2709 2732
f 2748 2736 2709
f 2749 2737 2736
f 2725 2750 2723
f 2737 2751 2738
f 2749 2751 2737
f 2750 2725 2727
f 2752 2727 2740
f 2739 2753 2741
f 2741 2753 2743
f 2742 2754 2729
f 2731 2755 2745
f 2719 2756 2731
f 2731 2756 2755
f 2747 2757 2720
f 2746 2758 2732
f 2733 2747 2722
f 2759 2733 2734
f 2735 2759 2734
f 2759 2735 2760
f 2761 2736 2748
f 2762 2760 2735
f 2736 2761 2749
f 2763 2762 2735
f 2723 2763 2735
f 2763 2723 2750
f 2764 2738 2751
f 2727 2752 2750
f 2739 2738 2764
f 2729 2754 2740
f 2753 2739 2765
f 2744 2766 2742
f 2753 2765 2767
f 2767 2743 2753
f 2766 2744 2767
f 2744 2743 2767
f 2754 2742 2766
f 2720 2756 2719
f 2745 2768 2746
f 2768 2758 2746
f 2769 2761 2748
f 2758 2748 2732
f 2758 2769 2748
f 2770 2749 2761
f 2751 2749 2770
f 2751 2771 2764
f 2752 2772 2750
f 2739 2764 2773
f 2765 2739 2774
f 2754 2775 2740
f 2765 2774 2767
f 2776 2767 2774
f 2720 2757 2756
f 2745 2777 2768
f 2755 2777 2745
f 2778 2777 2755
f 2759 2779 2733
f 2759 2760 2780
f 2781 2761 2769
f 2782 2762 2763
f 2770 2771 2751
f 2750 2772 2763
f 2783 2764 2771
f 2772 2752 2784
f 2783 2773 2764
f 2740 2784 2752
f 2774 2739 2773
f 2774 2773 2785
f 2775 2786 2740
f 2775 2754 2787
f 2767 2776 2788
f 2787 2754 2766
f 2757 2747 2789
f 2768 2790 2758
f 2747 2779 2789
f 2747 2733 2779
f 2791 2769 2758
f 2791 2781 2769
f 2781 2792 2761
f 2792 2770 2761
f 2760 2762 2782
f 2793 2794 2772
f 2763 2772 2794
f 2771 2795 2783
f 2772 2784 2793
f 2740 2786 2784
f 2775 2796 2786
f 2797 2796 2775
f 2798 2774 2785
f 2774 2798 2776
f 2788 2776 2798
f 2767 2788 2766
f 2775 2787 2797
f 2757 2789 2799
f 2777 2790 2768
f 2790 2791 2758
f 2781 2800 2792
f 2770 2792 2801
f 2760 2782 2802
f 2770 2801 2803
f 2794 2802 2782
f 2803 2771 2770
f 2782 2763 2794
f 2771 2804 2795
f 2805 2793 2784
f 2773 2806 2785
f 2766 2788 2807
f 2787 2766 2807
f 2755 2808 2778
f 2755 2756 2808
f 2757 2799 2756
f 2809 2777 2778
f 2810 2791 2790
f 2780 2811 2779
f 2780 2779 2759
f 2760 2812 2780
f 2780 2812 2811
f 2791 2800 2781
f 2813 2800 2791
f 2760 2802 2812
f 2801 2792 2800
f 2794 2814 2802
f 2771 2803 2804
f 2795 2815 2783
f 2816 2773 2783
f 2816 2806 2773
f 2817 2798 2818
f 2788 2798 2817
f 2807 2788 2817
f 2777 2809 2819
f 2819 2790 2777
f 2811 2812 2820
f 2821 2812 2802
f 2814 2821 2802
f 2800 2803 2801
f 2794 2793 2822
f 2795 2804 2815
f 2805 2822 2793
f 2783 2815 2816
f 2805 2784 2823
f 2786 2824 2784
f 2824 2823 2784
f 2786 2796 2824
f 2825 2824 2796
f 2785 2806 2826
f 2785 2826 2798
f 2797 2827 2796
f 2797 2787 2828
f 2778 2808 2809
f 2756 2829 2808
f 2813 2791 2810
f 2800 2830 2803
f 2831 2822 2805
f 2831 2805 2823
f 2832 2816 2815
f 2798 2826 2818
f 2797 2828 2827
f 2807 2833 2787
f 2833 2828 2787
f 2829 2834 2808
f 2799 2829 2756
f 2809 2835 2819
f 2789 2836 2799
f 2779 2837 2789
f 2819 2810 2790
f 2779 2820 2837
f 2779 2811 2820
f 2810 2838 2813
f 2812 2821 2839
f 2800 2813 2840
f 2814 2841 2821
f 2794 2842 2814
f 2794 2822 2842
f 2803 2843 2804
f 2843 2844 2804
f 2845 2822 2831
f 2815 2846 2832
f 2823 2824 2847
f 2826 2806 2848
f 2825 2796 2849
f 2796 2827 2849
f 2818 2826 2850
f 2818 2850 2851
f 2818 2851 2817
f 2852 2807 2817
f 2833 2807 2852
f 2809 2853 2854
f 2808 2853 2809
f 2799 2855 2829
f 2799 2836 2855
f 2856 2819 2835
f 2789 2837 2836
f 2857 2810 2856
f 2856 2810 2819
f 2858 2810 2857
f 2838 2810 2858
f 2812 2839 2820
f 2813 2838 2859
f 2813 2860 2840
f 2813 2859 2860
f 2861 2841 2814
f 2800 2840 2830
f 2830 2843 2803
f 2822 2845 2842
f 2804 2844 2815
f 2815 2844 2846
f 2823 2847 2831
f 2824 2862 2847
f 2832 2848 2816
f 2848 2806 2816
f 2824 2825 2863
f 2824 2863 2862
f 2826 2848 2850
f 2817 2851 2864
f 2817 2864 2852
f 2865 2828 2833
f 2854 2835 2809
f 2821 2841 2839
f 2838 2866 2859
f 2814 2842 2861
f 2847 2862 2867
f 2825 2849 2863
f 2828 2865 2827
f 2865 2849 2827
f 2829 2868 2834
f 2857 2856 2869
f 2858 2857 2869
f 2839 2870 2820
f 2839 2841 2870
f 2859 2871 2860
f 2859 2866 2871
f 2861 2872 2841
f 2872 2861 2842
f 2873 2845 2831
f 2831 2847 2874
f 2846 2875 2832
f 2867 2862 2863
f 2876 2850 2848
f 2851 2850 2876
f 2851 2876 2864
f 2852 2864 2877
f 2852 2878 2833
f 2879 2833 2878
f 2865 2833 2879
f 2808 2880 2853
f 2808 2834 2880
f 2881 2835 2854
f 2835 2869 2856
f 2869 2882 2858
f 2870 2841 2883
f 2858 2884 2838
f 2838 2884 2866
f 2872 2883 2841
f 2872 2842 2885
f 2886 2830 2840
f 2842 2845 2885
f 2830 2887 2843
f 2874 2873 2831
f 2844 2888 2846
f 2847 2867 2889
f 2874 2847 2889
f 2846 2888 2875
f 2875 2848 2832
f 2875 2890 2848
f 2876 2848 2890
f 2863 2849 2891
f 2864 2876 2892
f 2877 2864 2892
f 2849 2865 2893
f 2852 2877 2878
f 2894 2869 2835
f 2837 2820 2895
f 2870 2883 2896
f 2858 2882 2884
f 2866 2897 2871
f 2840 2898 2886
f 2840 2860 2898
f 2830 2886 2887
f 2843 2899 2844
f 2867 2863 2900
f 2889 2867 2900
f 2900 2863 2891
f 2891 2849 2893
f 2891 2893 2901
f 2877 2892 2902
f 2853 2880 2903
f 2834 2904 2880
f 2834 2868 2904
f 2854 2853 2903
f 2829 2855 2905
f 2855 2836 2906
f 2837 2907 2836
f 2882 2869 2894
f 2870 2895 2820
f 2894 2908 2882
f 2882 2909 2884
f 2910 2884 2909
f 2911 2912 2883
f 2866 2884 2897
f 2911 2872 2885
f 2883 2872 2911
f 2913 2911 2885
f 2871 2898 2860
f 2885 2845 2914
f 2845 2873 2914
f 2874 2915 2873
f 2915 2874 2916
f 2874 2889 2916
f 2900 2891 2901
f 2877 2902 2917
f 2878 2877 2917
f 2878 2917 2918
f 2865 2879 2919
f 2829 2905 2868
f 2855 2906 2905
f 2835 2881 2920
f 2835 2920 2894
f 2882 2908 2921
f 2896 2883 2912
f 2921 2909 2882
f 2922 2884 2910
f 2897 2884 2922
f 2913 2885 2914
f 2923 2898 2871
f 2897 2923 2871
f 2914 2873 2924
f 2924 2873 2915
f 2899 2888 2844
f 2916 2889 2925
f 2875 2926 2890
f 2927 2876 2890
f 2900 2901 2928
f 2876 2927 2929
f 2892 2876 2929
f 2865 2919 2893
f 2901 2893 2919
f 2879 2878 2918
f 2868 2905 2904
f 2836 2907 2906
f 2895 2907 2837
f 2870 2896 2895
f 2912 2911 2930
f 2931 2930 2911
f 2913 2931 2911
f 2913 2914 2932
f 2914 2924 2932
f 2933 2924 2915
f 2887 2934 2843
f 2887 2935 2934
f 2887 2886 2935
f 2934 2899 2843
f 2888 2899 2875
f 2899 2926 2875
f 2925 2889 2900
f 2925 2900 2936
f 2890 2926 2937
f 2890 2937 2927
f 2936 2900 2928
f 2902 2929 2938
f 2902 2892 2929
f 2901 2919 2939
f 2854 2903 2940
f 2940 2881 2854
f 2941 2906 2907
f 2907 2895 2942
f 2896 2912 2943
f 2921 2944 2909
f 2909 2944 2910
f 2944 2945 2910
f 2946 2922 2945
f 2945 2922 2910
f 2931 2913 2947
f 2913 2932 2947
f 2886 2898 2948
f 2886 2948 2935
f 2915 2949 2933
f 2949 2915 2916
f 2925 2936 2950
f 2928 2951 2936
f 2928 2901 2939
f 2951 2928 2939
f 2917 2902 2952
f 2917 2952 2918
f 2879 2953 2919
f 2939 2919 2953
f 2879 2918 2954
f 2953 2879 2954
f 2903 2880 2955
f 2904 2956 2880
f 2904 2957 2956
f 2904 2905 2957
f 2908 2894 2958
f 2895 2896 2959
f 2896 2960 2959
f 2912 2930 2943
f 2922 2961 2897
f 2962 2922 2946
f 2961 2922 2962
f 2963 2948 2898
f 2924 2933 2964
f 2949 2916 2925
f 2899 2965 2926
f 2966 2925 2950
f 2926 2967 2937
f 2968 2929 2927
f 2929 2968 2938
f 2902 2938 2952
f 2918 2952 2969
f 2918 2969 2954
f 2880 2956 2955
f 2906 2970 2905
f 2920 2881 2971
f 2894 2920 2958
f 2958 2920 2971
f 2895 2959 2942
f 2960 2896 2943
f 2921 2908 2972
f 2944 2973 2945
f 2974 2931 2947
f 2945 2975 2946
f 2962 2946 2975
f 2947 2932 2976
f 2923 2897 2961
f 2932 2924 2976
f 2923 2963 2898
f 2933 2949 2964
f 2925 2966 2949
f 2899 2934 2965
f 2926 2965 2967
f 2967 2968 2937
f 2950 2936 2951
f 2968 2927 2937
f 2939 2953 2977
f 2939 2977 2978
f 2905 2970 2957
f 2959 2960 2979
f 2908 2980 2972
f 2921 2981 2944
f 2930 2931 2982
f 2944 2981 2973
f 2931 2974 2982
f 2975 2945 2973
f 2974 2947 2983
f 2984 2975 2985
f 2962 2975 2984
f 2947 2976 2983
f 2962 2986 2961
f 2924 2964 2976
f 2987 2988 2963
f 2988 2948 2963
f 2966 2950 2989
f 2967 2965 2990
f 2950 2991 2989
f 2967 2990 2968
f 2950 2951 2992
f 2950 2992 2991
f 2951 2978 2992
f 2993 2938 2968
f 2951 2939 2978
f 2938 2994 2952
f 2952 2994 2969
f 2954 2969 2995
f 2977 2953 2954
f 2903 2996 2940
f 2955 2996 2903
f 2906 2997 2970
f 2940 2971 2881
f 2907 2942 2941
f 2943 2930 2982
f 2972 2981 2921
f 2981 2998 2973
f 2974 2999 2982
f 2998 3000 2973
f 2973 3000 2975
f 3001 2974 2983
f 2984 2986 2962
f 2976 2964 3002
f 2963 2923 2987
f 3003 2948 2988
f 2949 3004 2964
f 3005 2935 2948
f 2949 2966 3004
f 2990 2965 3006
f 2992 2978 3007
f 2938 2993 2994
f 2978 2977 3008
f 2954 2995 2977
f 2956 3009 2955
f 2997 2906 3010
f 2941 3010 2906
f 2941 2942 3010
f 2908 3011 2980
f 2999 2974 3001
f 3000 2985 2975
f 2976 3002 2983
f 2961 3012 2923
f 2923 3012 2987
f 2986 3012 2961
f 2988 2987 3013
f 3013 3003 2988
f 3002 2964 3004
f 3003 3005 2948
f 2935 3014 2934
f 3014 2965 2934
f 2992 3015 2991
f 2990 3016 2968
f 3016 2993 2968
f 2992 3007 3015
f 2978 3008 3007
f 3017 2969 2994
f 2969 3017 2995
f 2977 2995 3018
f 2956 3019 3009
f 2957 3019 2956
f 2957 2970 3019
f 3020 2940 2996
f 2958 3011 2908
f 2959 2979 3021
f 3000 3022 2985
f 2985 3023 2984
f 2985 3022 3023
f 3023 3024 2984
f 2983 3002 3025
f 2987 3026 3013
f 3012 3026 2987
f 3005 3014 2935
f 3005 3027 3014
f 2966 3028 3004
f 3028 2966 2989
f 3014 3006 2965
f 2991 3029 2989
f 2990 3006 3016
f 2993 3030 2994
f 2977 3018 3031
f 3008 2977 3031
f 2995 3017 3018
f 3009 2996 2955
f 2940 3032 2971
f 2960 2943 3033
f 2980 3034 2972
f 2943 2982 3035
f 3035 2982 2999
f 2999 3036 3035
f 2972 3037 2981
f 2981 3037 2998
f 2999 3001 3036
f 3000 2998 3038
f 3001 2983 3039
f 2983 3025 3039
f 2986 2984 3040
f 3040 2984 3024
f 2986 3040 3012
f 3006 3014 3041
f 2991 3015 3029
f 3016 3042 2993
f 3042 3030 2993
f 3031 3043 3008
f 3007 3008 3043
f 3017 3044 3018
f 2996 3009 3045
f 3019 3046 3009
f 2971 3047 2958
f 2942 2959 3048
f 3011 3034 2980
f 2960 3033 2979
f 2943 3035 3033
f 3034 3049 2972
f 2972 3049 3037
f 3037 3050 2998
f 3036 3001 3051
f 3050 3038 2998
f 3000 3038 3052
f 3000 3052 3022
f 3002 3053 3025
f 3024 3023 3054
f 3054 3040 3024
f 3026 3055 3013
f 3053 3002 3004
f 3028 2989 3056
f 3029 3056 2989
f 3006 3057 3016
f 3007 3043 3015
f 3030 3058 2994
f 3058 3059 2994
f 2994 3059 3017
f 3044 3017 3060
f 3061 2996 3045
f 3009 3046 3045
f 2997 3062 2970
f 2940 3020 3032
f 2996 3061 3020
f 3032 3047 2971
f 2959 3021 3048
f 3051 3001 3039
f 3040 3063 3012
f 3053 3004 3064
f 3013 3055 3003
f 3003 3065 3005
f 3004 3028 3064
f 3027 3066 3014
f 3066 3041 3014
f 3041 3057 3006
f 3057 3042 3016
f 3015 3043 3067
f 3030 3042 3058
f 3043 3031 3068
f 3031 3018 3068
f 3018 3044 3068
f 3060 3017 3059
f 2970 3069 3019
f 3069 2970 3062
f 2997 3010 3070
f 2997 3070 3062
f 2942 3071 3010
f 3011 2958 3047
f 2979 3033 3072
f 3073 3033 3035
f 3036 3074 3035
f 3051 3074 3036
f 3039 3075 3051
f 3022 3052 3076
f 3039 3025 3077
f 3023 3022 3078
f 3023 3078 3054
f 3077 3025 3053
f 3054 3079 3063
f 3040 3054 3063
f 3012 3080 3026
f 3065 3003 3055
f 3005 3081 3027
f 3082 3066 3027
f 3029 3015 3083
f 3057 3084 3042
f 3015 3067 3083
f 3044 3060 3085
f 3048 3071 2942
f 3033 3073 3072
f 3073 3035 3074
f 3074 3051 3086
f 3038 3050 3087
f 3079 3054 3078
f 3063 3088 3080
f 3012 3063 3080
f 3081 3005 3065
f 3081 3082 3027
f 3066 3082 3041
f 3056 3029 3089
f 3029 3083 3090
f 3041 3091 3057
f 3057 3091 3084
f 3084 3058 3042
f 3058 3084 3092
f 3068 3093 3043
f 3058 3092 3059
f 3085 3068 3044
f 3094 3045 3046
f 3019 3069 3046
f 3020 3061 3095
f 3095 3032 3020
f 3048 3021 3096
f 3021 3072 3096
f 3021 2979 3072
f 3074 3086 3097
f 3086 3051 3075
f 3038 3087 3098
f 3038 3098 3052
f 3052 3098 3099
f 3075 3039 3077
f 3099 3076 3052
f 3022 3100 3078
f 3101 3077 3053
f 3026 3080 3055
f 3028 3056 3102
f 3103 3041 3082
f 3029 3090 3089
f 3091 3041 3103
f 3043 3093 3067
f 3085 3060 3104
f 3046 3069 3105
f 3069 3062 3106
f 3010 3071 3070
f 3011 3107 3034
f 3049 3108 3037
f 3037 3108 3050
f 3097 3086 3075
f 3022 3076 3100
f 3100 3109 3078
f 3109 3079 3078
f 3053 3064 3101
f 3080 3110 3055
f 3081 3111 3082
f 3111 3103 3082
f 3059 3104 3060
f 3085 3112 3068
f 3068 3112 3093
f 3094 3046 3113
f 3069 3106 3105
f 3062 3070 3106
f 3071 3048 3096
f 3072 3114 3096
f 3072 3073 3114
f 3115 3073 3074
f 3097 3115 3074
f 3116 3108 3049
f 3108 3117 3050
f 3117 3087 3050
f 3075 3077 3118
f 3119 3118 3077
f 3076 3120 3100
f 3120 3121 3100
f 3100 3121 3109
f 3122 3079 3109
f 3063 3079 3088
f 3110 3080 3088
f 3065 3123 3081
f 3028 3102 3124
f 3089 3102 3056
f 3084 3091 3125
f 3083 3067 3126
f 3084 3125 3092
f 3093 3127 3067
f 3092 3128 3059
f 3128 3104 3059
f 3045 3094 3061
f 3032 3095 3047
f 3047 3129 3011
f 3107 3116 3034
f 3034 3116 3049
f 3115 3097 3130
f 3075 3118 3131
f 3131 3097 3075
f 3087 3132 3098
f 3099 3120 3076
f 3119 3077 3101
f 3121 3133 3109
f 3122 3109 3133
f 3134 3101 3064
f 3124 3135 3028
f 3135 3064 3028
f 3081 3123 3111
f 3127 3126 3067
f 3128 3092 3125
f 3085 3104 3112
f 3136 3106 3070
f 3061 3137 3095
f 3096 3114 3138
f 3011 3129 3107
f 3073 3115 3114
f 3130 3139 3115
f 3130 3097 3131
f 3132 3087 3117
f 3098 3132 3140
f 3098 3140 3141
f 3098 3141 3099
f 3055 3110 3142
f 3142 3065 3055
f 3142 3123 3065
f 3111 3123 3143
f 3102 3089 3144
f 3103 3111 3143
f 3145 3091 3103
f 3125 3091 3145
f 3090 3083 3126
f 3125 3145 3128
f 3128 3146 3104
f 3104 3147 3112
f 3046 3105 3148
f 3096 3138 3149
f 3099 3150 3120
f 3120 3151 3121
f 3121 3152 3133
f 3153 3101 3134
f 3154 3122 3133
f 3079 3154 3088
f 3154 3079 3122
f 3064 3135 3134
f 3088 3155 3110
f 3123 3142 3143
f 3090 3144 3089
f 3143 3145 3103
f 3156 3090 3126
f 3157 3128 3145
f 3146 3128 3157
f 3104 3146 3158
f 3046 3148 3113
f 3136 3070 3159
f 3160 3061 3094
f 3070 3071 3159
f 3061 3160 3137
f 3129 3047 3161
f 3162 3047 3095
f 3138 3114 3163
f 3114 3164 3163
f 3114 3115 3164
f 3115 3139 3164
f 3116 3117 3108
f 3117 3165 3132
f 3166 3130 3131
f 3118 3166 3131
f 3132 3167 3140
f 3099 3141 3150
f 3150 3151 3120
f 3151 3152 3121
f 3153 3119 3101
f 3088 3154 3155
f 3168 3142 3110
f 3155 3168 3110
f 3142 3169 3143
f 3170 3143 3169
f 3143 3170 3145
f 3170 3171 3145
f 3157 3145 3171
f 3127 3156 3126
f 3112 3172 3093
f 3147 3172 3112
f 3093 3172 3127
f 3147 3104 3158
f 3113 3173 3160
f 3174 3113 3148
f 3113 3160 3094
f 3161 3047 3162
f 3129 3175 3107
f 3175 3129 3161
f 3107 3175 3116
f 3176 3164 3139
f 3139 3166 3177
f 3139 3130 3166
f 3141 3140 3178
f 3150 3179 3151
f 3118 3119 3180
f 3181 3151 3179
f 3151 3181 3152
f 3182 3142 3168
f 3142 3182 3169
f 3183 3124 3102
f 3171 3170 3184
f 3157 3185 3146
f 3157 3171 3185
f 3071 3186 3159
f 3095 3187 3162
f 3095 3137 3187
f 3186 3071 3096
f 3096 3149 3186
f 3175 3188 3116
f 3188 3117 3116
f 3139 3177 3176
f 3132 3189 3167
f 3165 3189 3132
f 3141 3178 3150
f 3180 3119 3190
f 3133 3152 3154
f 3154 3191 3155
f 3192 3134 3135
f 3184 3169 3182
f 3183 3102 3144
f 3169 3184 3170
f 3171 3184 3193
f 3156 3194 3090
f 3158 3146 3185
f 3156 3127 3172
f 3174 3148 3195
f 3148 3105 3195
f 3105 3106 3196
f 3195 3105 3196
f 3173 3113 3174
f 3137 3160 3197
f 3138 3163 3198
f 3164 3176 3199
f 3188 3200 3117
f 3117 3200 3165
f 3201 3177 3166
f 3140 3167 3202
f 3140 3202 3178
f 3190 3119 3153
f 3152 3191 3154
f 3191 3168 3155
f 3203 3184 3182
f 3193 3184 3203
f 3194 3144 3090
f 3193 3185 3171
f 3158 3204 3147
f 3106 3136 3196
f 3159 3205 3136
f 3137 3197 3187
f 3206 3162 3187
f 3161 3162 3207
f 3149 3138 3198
f 3164 3199 3208
f 3188 3175 3209
f 3176 3210 3199
f 3210 3176 3177
f 3180 3166 3118
f 3180 3201 3166
f 3150 3211 3179
f 3150 3178 3211
f 3179 3212 3181
f 3213 3181 3212
f 3213 3152 3181
f 3152 3213 3191
f 3191 3214 3168
f 3168 3214 3182
f 3158 3185 3193
f 3193 3215 3158
f 3172 3216 3156
f 3173 3174 3217
f 3195 3217 3174
f 3160 3173 3197
f 3205 3159 3186
f 3162 3206 3207
f 3218 3149 3198
f 3175 3161 3209
f 3209 3161 3207
f 3163 3164 3219
f 3164 3208 3220
f 3200 3221 3165
f 3221 3189 3165
f 3167 3189 3202
f 3179 3211 3222
f 3179 3222 3212
f 3153 3134 3223
f 3191 3213 3224
f 3134 3192 3223
f 3124 3183 3135
f 3203 3182 3214
f 3225 3183 3144
f 3226 3193 3203
f 3215 3193 3226
f 3216 3227 3156
f 3172 3147 3204
f 3172 3204 3216
f 3173 3228 3197
f 3217 3228 3173
f 3229 3196 3136
f 3205 3229 3136
f 3186 3149 3218
f 3206 3230 3207
f 3219 3164 3220
f 3231 3208 3199
f 3231 3199 3210
f 3212 3222 3232
f 3180 3190 3233
f 3153 3223 3190
f 3224 3213 3234
f 3135 3235 3192
f 3224 3214 3191
f 3135 3183 3235
f 3236 3203 3214
f 3226 3203 3236
f 3158 3215 3204
f 3217 3237 3228
f 3197 3238 3187
f 3186 3239 3205
f 3239 3186 3240
f 3186 3218 3240
f 3198 3163 3241
f 3207 3242 3209
f 3242 3243 3209
f 3177 3201 3210
f 3201 3180 3244
f 3211 3178 3245
f 3212 3232 3213
f 3224 3246 3214
f 3236 3214 3246
f 3183 3225 3235
f 3215 3226 3247
f 3156 3227 3194
f 3248 3230 3206
f 3163 3219 3241
f 3220 3208 3249
f 3200 3188 3209
f 3208 3231 3249
f 3231 3210 3250
f 3210 3201 3250
f 3221 3251 3189
f 3245 3178 3252
f 3222 3253 3232
f 3211 3253 3222
f 3211 3245 3253
f 3232 3254 3213
f 3254 3234 3213
f 3234 3255 3224
f 3224 3255 3246
f 3226 3236 3247
f 3204 3256 3216
f 3195 3257 3217
f 3217 3257 3237
f 3195 3258 3257
f 3196 3258 3195
f 3238 3197 3228
f 3259 3229 3205
f 3239 3259 3205
f 3238 3260 3187
f 3260 3206 3187
f 3248 3206 3260
f 3198 3241 3218
f 3230 3242 3207
f 3200 3261 3221
f 3261 3251 3221
f 3251 3202 3189
f 3178 3202 3262
f 3252 3178 3262
f 3253 3263 3232
f 3244 3180 3233
f 3232 3263 3254
f 3190 3223 3264
f 3265 3234 3254
f 3192 3266 3223
f 3267 3246 3255
f 3236 3246 3267
f 3268 3225 3144
f 3215 3247 3269
f 3144 3194 3268
f 3215 3269 3204
f 3256 3204 3269
f 3227 3216 3256
f 3229 3270 3196
f 3271 3228 3237
f 3272 3238 3228
f 3218 3273 3240
f 3219 3220 3274
f 3274 3220 3249
f 3243 3275 3209
f 3209 3275 3200
f 3276 3200 3275
f 3249 3231 3250
f 3276 3261 3200
f 3201 3244 3250
f 3263 3265 3254
f 3223 3277 3264
f 3247 3236 3278
f 3257 3279 3237
f 3270 3258 3196
f 3248 3280 3230
f 3230 3281 3242
f 3242 3282 3243
f 3219 3274 3283
f 3274 3249 3284
f 3284 3249 3250
f 3284 3250 3285
f 3245 3252 3286
f 3245 3286 3253
f 3253 3286 3287
f 3244 3233 3288
f 3253 3287 3263
f 3263 3287 3289
f 3290 3263 3289
f 3290 3265 3263
f 3264 3233 3190
f 3265 3291 3234
f 3291 3292 3234
f 3266 3277 3223
f 3292 3255 3234
f 3267 3255 3293
f 3293 3278 3267
f 3267 3278 3236
f 3278 3269 3247
f 3227 3294 3194
f 3258 3270 3295
f 3279 3271 3237
f 3228 3271 3272
f 3259 3296 3229
f 3238 3272 3260
f 3297 3239 3240
f 3240 3273 3297
f 3273 3218 3298
f 3218 3241 3298
f 3280 3299 3230
f 3300 3241 3301
f 3299 3281 3230
f 3219 3301 3241
f 3281 3282 3242
f 3282 3275 3243
f 3302 3283 3274
f 3303 3275 3282
f 3302 3274 3284
f 3276 3275 3303
f 3251 3304 3202
f 3202 3304 3305
f 3202 3305 3262
f 3252 3262 3286
f 3286 3306 3287
f 3233 3264 3307
f 3255 3292 3293
f 3192 3308 3266
f 3308 3192 3235
f 3278 3309 3269
f 3194 3294 3268
f 3258 3295 3257
f 3229 3296 3270
f 3241 3300 3298
f 3219 3283 3310
f 3219 3310 3301
f 3311 3302 3284
f 3311 3284 3285
f 3261 3276 3312
f 3250 3244 3313
f 3250 3313 3285
f 3261 3312 3251
f 3290 3291 3265
f 3314 3291 3290
f 3268 3315 3225
f 3316 3269 3309
f 3256 3269 3294
f 3227 3256 3294
f 3317 3318 3319
f 3320 3318 3317
f 3321 3322 3317
f 3320 3317 3322
f 3259 3323 3296
f 3239 3324 3259
f 3325 3248 3260
f 3299 3326 3281
f 3326 3282 3281
f 3276 3303 3327
f 3312 3304 3251
f 3244 3288 3313
f 3287 3306 3328
f 3287 3329 3289
f 3290 3289 3329
f 3288 3233 3307
f 3330 3293 3292
f 3308 3235 3225
f 3315 3308 3225
f 3269 3316 3294
f 3331 3319 3332
f 3333 3317 3331
f 3319 3331 3317
f 3317 3333 3321
f 3318 3334 3319
f 3333 3335 3321
f 3334 3318 3336
f 3321 3335 3337
f 3320 3336 3318
f 3321 3337 3338
f 3321 3338 3322
f 3322 3338 3339
f 3322 3340 3320
f 3340 3336 3320
f 3339 3340 3322
f 3257 3295 3341
f 3341 3279 3257
f 3342 3295 3270
f 3270 3296 3342
f 3343 3271 3279
f 3259 3324 3323
f 3325 3260 3344
f 3248 3345 3280
f 3303 3282 3326
f 3283 3302 3310
f 3312 3276 3327
f 3287 3328 3346
f 3287 3346 3329
f 3264 3347 3307
f 3347 3264 3277
f 3291 3348 3292
f 3348 3330 3292
f 3293 3349 3278
f 3293 3330 3349
f 3315 3350 3308
f 3351 3331 3352
f 3353 3332 3319
f 3353 3334 3354
f 3354 3334 3355
f 3335 3333 3351
f 3331 3351 3333
f 3334 3353 3319
f 3356 3337 3335
f 3336 3357 3334
f 3336 3358 3357
f 3337 3356 3359
f 3359 3360 3337
f 3337 3360 3338
f 3340 3361 3336
f 3358 3336 3361
f 3339 3338 3360
f 3339 3362 3340
f 3339 3360 3362
f 3295 3363 3341
f 3271 3343 3344
f 3344 3260 3272
f 3344 3272 3271
f 3297 3324 3239
f 3325 3345 3248
f 3280 3364 3299
f 3365 3310 3302
f 3311 3365 3302
f 3327 3366 3312
f 3312 3367 3304
f 3306 3286 3368
f 3369 3328 3306
f 3313 3288 3370
f 3370 3288 3307
f 3314 3290 3329
f 3309 3349 3371
f 3278 3349 3309
f 3315 3268 3350
f 3352 3332 3372
f 3331 3332 3352
f 3351 3373 3335
f 3334 3357 3355
f 3357 3374 3355
f 3356 3373 3375
f 3373 3356 3335
f 3356 3375 3359
f 3359 3375 3376
f 3377 3358 3361
f 3359 3376 3378
f 3359 3378 3360
f 3360 3379 3362
f 3362 3380 3340
f 3380 3361 3340
f 3379 3360 3378
f 3342 3363 3295
f 3279 3341 3343
f 3296 3323 3342
f 3381 3297 3273
f 3280 3345 3382
f 3299 3364 3326
f 3310 3383 3301
f 3384 3383 3310
f 3365 3384 3310
f 3303 3385 3327
f 3366 3367 3312
f 3311 3285 3386
f 3387 3386 3313
f 3386 3285 3313
f 3262 3305 3388
f 3286 3262 3388
f 3368 3369 3306
f 3387 3313 3370
f 3314 3348 3291
f 3277 3389 3347
f 3266 3389 3277
f 3390 3330 3348
f 3330 3390 3349
f 3309 3371 3316
f 3268 3294 3391
f 3268 3391 3350
f 3372 3332 3392
f 3393 3332 3353
f 3354 3393 3353
f 3351 3394 3373
f 3373 3394 3395
f 3375 3373 3395
f 3396 3375 3395
f 3357 3358 3397
f 3375 3398 3376
f 3396 3398 3375
f 3398 3399 3376
f 3376 3399 3378
f 3377 3361 3400
f 3379 3380 3362
f 3361 3380 3400
f 3323 3324 3401
f 3344 3402 3325
f 3297 3381 3324
f 3325 3403 3345
f 3273 3404 3381
f 3273 3298 3404
f 3300 3404 3298
f 3301 3383 3405
f 3326 3385 3303
f 3366 3327 3385
f 3311 3386 3406
f 3286 3388 3368
f 3328 3407 3346
f 3346 3408 3329
f 3329 3409 3314
f 3389 3266 3308
f 3294 3316 3410
f 3294 3410 3391
f 3393 3392 3332
f 3352 3411 3412
f 3372 3411 3352
f 3413 3414 3354
f 3412 3394 3351
f 3352 3412 3351
f 3354 3355 3413
f 3413 3355 3374
f 3374 3357 3397
f 3415 3396 3395
f 3397 3358 3416
f 3398 3396 3415
f 3358 3377 3416
f 3417 3377 3400
f 3418 3378 3399
f 3419 3380 3379
f 3400 3380 3420
f 3419 3378 3418
f 3379 3378 3419
f 3341 3421 3343
f 3363 3422 3341
f 3423 3342 3323
f 3343 3424 3344
f 3345 3425 3382
f 3300 3426 3404
f 3382 3364 3280
f 3300 3301 3426
f 3364 3427 3326
f 3326 3427 3385
f 3383 3384 3428
f 3384 3365 3429
f 3311 3406 3365
f 3305 3304 3430
f 3305 3430 3388
f 3369 3407 3328
f 3407 3408 3346
f 3431 3387 3370
f 3329 3408 3409
f 3348 3314 3409
f 3389 3308 3432
f 3371 3410 3316
f 3433 3411 3434
f 3372 3434 3411
f 3354 3414 3393
f 3413 3435 3414
f 3435 3374 3436
f 3413 3374 3435
f 3395 3437 3438
f 3394 3437 3395
f 3374 3397 3436
f 3395 3438 3439
f 3415 3395 3439
f 3440 3398 3415
f 3398 3440 3399
f 3441 3399 3440
f 3399 3441 3418
f 3418 3442 3419
f 3419 3443 3380
f 3341 3422 3421
f 3342 3444 3363
f 3421 3424 3343
f 3323 3401 3423
f 3424 3445 3344
f 3344 3445 3402
f 3324 3446 3401
f 3324 3381 3446
f 3403 3325 3402
f 3382 3447 3364
f 3301 3405 3426
f 3429 3448 3384
f 3367 3366 3449
f 3387 3450 3386
f 3407 3369 3451
f 3387 3431 3450
f 3408 3452 3409
f 3453 3370 3307
f 3409 3454 3348
f 3348 3454 3390
f 3455 3390 3454
f 3390 3455 3349
f 3349 3456 3371
f 3308 3350 3457
f 3434 3372 3458
f 3392 3458 3372
f 3393 3459 3392
f 3393 3460 3459
f 3393 3414 3460
f 3411 3461 3412
f 3411 3433 3461
f 3462 3394 3412
f 3415 3463 3440
f 3417 3464 3377
f 3464 3416 3377
f 3417 3400 3420
f 3442 3418 3441
f 3420 3380 3465
f 3342 3423 3444
f 3401 3446 3466
f 3345 3403 3425
f 3447 3427 3364
f 3383 3467 3405
f 3428 3467 3383
f 3385 3468 3366
f 3428 3384 3448
f 3365 3406 3429
f 3469 3429 3406
f 3304 3367 3430
f 3451 3470 3407
f 3407 3471 3408
f 3471 3407 3470
f 3450 3431 3472
f 3408 3471 3452
f 3370 3453 3431
f 3307 3347 3473
f 3389 3474 3473
f 3347 3389 3473
f 3458 3392 3459
f 3414 3475 3460
f 3434 3476 3433
f 3434 3477 3476
f 3435 3475 3414
f 3412 3461 3462
f 3478 3475 3435
f 3394 3462 3437
f 3478 3435 3436
f 3479 3438 3437
f 3436 3397 3480
f 3397 3416 3480
f 3416 3464 3480
f 3439 3481 3415
f 3415 3481 3463
f 3463 3482 3440
f 3482 3441 3440
f 3417 3420 3483
f 3484 3417 3483
f 3441 3485 3442
f 3419 3442 3443
f 3443 3465 3380
f 3483 3420 3465
f 3443 3442 3486
f 3363 3487 3422
f 3402 3488 3403
f 3381 3489 3446
f 3381 3404 3490
f 3404 3426 3490
f 3385 3427 3468
f 3428 3491 3467
f 3468 3449 3366
f 3469 3448 3429
f 3369 3368 3492
f 3406 3386 3493
f 3493 3469 3406
f 3307 3473 3494
f 3494 3453 3307
f 3389 3432 3474
f 3349 3455 3456
f 3371 3456 3410
f 3350 3391 3457
f 3432 3308 3457
f 3495 3458 3459
f 3460 3496 3497
f 3458 3477 3434
f 3477 3458 3498
f 3475 3496 3460
f 3475 3499 3496
f 3433 3500 3461
f 3476 3500 3433
f 3478 3499 3475
f 3461 3501 3462
f 3502 3501 3461
f 3478 3436 3503
f 3462 3479 3437
f 3438 3479 3481
f 3439 3438 3481
f 3436 3480 3503
f 3481 3482 3463
f 3417 3504 3464
f 3441 3482 3505
f 3505 3485 3441
f 3465 3506 3483
f 3442 3485 3507
f 3442 3507 3486
f 3443 3508 3465
f 3422 3487 3421
f 3423 3401 3444
f 3401 3466 3444
f 3490 3489 3381
f 3509 3382 3425
f 3491 3428 3510
f 3448 3510 3428
f 3511 3512 3449
f 3367 3449 3512
f 3369 3492 3451
f 3451 3513 3470
f 3431 3453 3514
f 3409 3515 3454
f 3452 3515 3409
f 3454 3515 3455
f 3458 3495 3516
f 3516 3498 3458
f 3497 3459 3460
f 3502 3461 3500
f 3478 3517 3499
f 3462 3518 3519
f 3501 3518 3462
f 3519 3479 3462
f 3481 3479 3520
f 3520 3521 3481
f 3521 3522 3481
f 3481 3522 3482
f 3504 3417 3484
f 3483 3523 3484
f 3482 3524 3505
f 3483 3506 3523
f 3485 3505 3507
f 3486 3508 3443
f 3465 3508 3506
f 3487 3525 3421
f 3363 3526 3487
f 3444 3526 3363
f 3527 3445 3424
f 3466 3528 3529
f 3466 3446 3528
f 3445 3488 3402
f 3425 3403 3530
f 3509 3447 3382
f 3531 3427 3447
f 3405 3467 3491
f 3468 3427 3531
f 3468 3532 3449
f 3449 3532 3511
f 3512 3533 3367
f 3534 3510 3448
f 3367 3533 3430
f 3469 3534 3448
f 3470 3535 3471
f 3470 3513 3535
f 3493 3386 3450
f 3450 3472 3536
f 3472 3431 3514
f 3471 3537 3452
f 3514 3453 3494
f 3410 3456 3538
f 3391 3410 3538
f 3391 3538 3457
f 3539 3432 3457
f 3495 3459 3540
f 3477 3498 3541
f 3542 3476 3477
f 3476 3543 3500
f 3501 3502 3544
f 3502 3500 3544
f 3517 3478 3545
f 3546 3547 3501
f 3544 3546 3501
f 3548 3544 3500
f 3478 3503 3545
f 3479 3519 3520
f 3503 3480 3549
f 3480 3464 3549
f 3522 3524 3482
f 3550 3505 3524
f 3421 3525 3424
f 3466 3529 3444
f 3489 3551 3446
f 3530 3403 3488
f 3530 3509 3425
f 3490 3426 3552
f 3509 3531 3447
f 3426 3405 3552
f 3491 3553 3405
f 3388 3430 3554
f 3513 3451 3555
f 3556 3534 3469
f 3493 3557 3469
f 3558 3450 3536
f 3535 3537 3471
f 3452 3537 3515
f 3455 3515 3559
f 3474 3560 3473
f 3561 3473 3560
f 3456 3562 3563
f 3456 3455 3562
f 3456 3563 3538
f 3516 3495 3540
f 3564 3540 3497
f 3540 3459 3497
f 3516 3565 3498
f 3496 3566 3497
f 3566 3499 3517
f 3496 3499 3566
f 3541 3542 3477
f 3500 3543 3548
f 3476 3542 3543
f 3518 3501 3547
f 3545 3503 3567
f 3520 3568 3521
f 3520 3519 3568
f 3464 3504 3549
f 3522 3521 3569
f 3522 3569 3524
f 3484 3523 3570
f 3505 3550 3571
f 3523 3506 3572
f 3507 3505 3571
f 3507 3571 3573
f 3506 3508 3572
f 3507 3573 3486
f 3486 3573 3574
f 3508 3486 3574
f 3575 3488 3445
f 3446 3551 3528
f 3552 3489 3490
f 3468 3531 3576
f 3532 3468 3576
f 3556 3577 3534
f 3578 3513 3555
f 3535 3513 3578
f 3556 3469 3557
f 3450 3558 3493
f 3494 3473 3579
f 3514 3494 3579
f 3473 3561 3579
f 3455 3559 3562
f 3432 3539 3474
f 3539 3457 3580
f 3540 3581 3516
f 3564 3497 3582
f 3566 3582 3497
f 3566 3583 3582
f 3541 3498 3565
f 3566 3517 3584
f 3542 3585 3543
f 3517 3545 3586
f 3545 3567 3586
f 3518 3587 3519
f 3518 3547 3587
f 3546 3588 3547
f 3544 3589 3546
f 3503 3549 3567
f 3549 3504 3590
f 3504 3484 3570
f 3523 3591 3570
f 3569 3550 3524
f 3523 3572 3592
f 3574 3572 3508
f 3574 3593 3572
f 3444 3594 3526
f 3444 3595 3594
f 3525 3596 3424
f 3529 3595 3444
f 3596 3527 3424
f 3528 3595 3529
f 3528 3551 3597
f 3598 3489 3552
f 3531 3509 3599
f 3405 3553 3600
f 3532 3601 3511
f 3553 3491 3602
f 3491 3510 3602
f 3430 3603 3554
f 3368 3388 3604
f 3534 3605 3510
f 3534 3577 3605
f 3492 3555 3451
f 3557 3606 3556
f 3606 3577 3556
f 3558 3607 3493
f 3493 3607 3557
f 3514 3536 3472
f 3537 3559 3515
f 3514 3579 3608
f 3474 3539 3560
f 3564 3582 3609
f 3581 3540 3564
f 3583 3566 3584
f 3584 3610 3583
f 3611 3541 3565
f 3517 3586 3584
f 3586 3567 3612
f 3548 3543 3613
f 3543 3585 3613
f 3587 3547 3588
f 3588 3546 3614
f 3614 3546 3589
f 3544 3548 3589
f 3589 3548 3615
f 3615 3548 3613
f 3519 3587 3568
f 3616 3590 3504
f 3568 3569 3521
f 3504 3570 3616
f 3523 3592 3591
f 3550 3617 3571
f 3593 3618 3572
f 3619 3572 3618
f 3592 3572 3619
f 3573 3620 3574
f 3620 3593 3574
f 3489 3621 3551
f 3530 3488 3622
f 3509 3530 3599
f 3552 3405 3600
f 3576 3601 3532
f 3602 3510 3605
f 3533 3603 3430
f 3492 3368 3623
f 3555 3492 3624
f 3555 3624 3625
f 3578 3626 3535
f 3627 3607 3558
f 3607 3628 3557
f 3537 3535 3629
f 3536 3514 3608
f 3558 3536 3630
f 3629 3631 3559
f 3537 3629 3559
f 3579 3561 3632
f 3559 3631 3562
f 3457 3538 3580
f 3633 3564 3609
f 3633 3634 3564
f 3634 3581 3564
f 3635 3609 3582
f 3584 3636 3610
f 3584 3586 3636
f 3541 3637 3542
f 3542 3637 3585
f 3587 3638 3568
f 3588 3638 3587
f 3638 3588 3639
f 3614 3639 3588
f 3615 3614 3589
f 3638 3640 3568
f 3568 3640 3569
f 3616 3570 3641
f 3617 3569 3640
f 3592 3619 3591
f 3619 3642 3591
f 3569 3617 3550
f 3618 3593 3643
f 3571 3617 3644
f 3644 3643 3620
f 3593 3620 3643
f 3573 3571 3644
f 3620 3573 3644
f 3575 3445 3527
f 3528 3645 3595
f 3645 3528 3646
f 3528 3597 3646
f 3647 3531 3599
f 3576 3531 3647
f 3600 3553 3648
f 3533 3512 3649
f 3388 3554 3604
f 3555 3625 3650
f 3555 3650 3578
f 3626 3578 3650
f 3651 3577 3606
f 3557 3628 3606
f 3628 3651 3606
f 3535 3626 3629
f 3628 3607 3652
f 3631 3629 3653
f 3630 3536 3608
f 3654 3560 3539
f 3562 3655 3563
f 3563 3655 3538
f 3538 3656 3657
f 3580 3538 3657
f 3609 3635 3658
f 3658 3633 3609
f 3583 3635 3582
f 3583 3610 3635
f 3610 3659 3635
f 3581 3660 3565
f 3516 3581 3565
f 3636 3586 3661
f 3586 3612 3661
f 3612 3567 3662
f 3567 3549 3662
f 3613 3585 3663
f 3615 3613 3664
f 3664 3613 3665
f 3638 3639 3666
f 3639 3614 3667
f 3666 3639 3667
f 3614 3615 3664
f 3667 3614 3664
f 3616 3668 3590
f 3666 3640 3638
f 3666 3667 3669
f 3664 3670 3667
f 3670 3669 3667
f 3671 3670 3664
f 3666 3672 3640
f 3673 3666 3669
f 3642 3674 3591
f 3591 3674 3570
f 3672 3617 3640
f 3618 3673 3669
f 3618 3669 3670
f 3619 3618 3670
f 3642 3619 3670
f 3644 3617 3672
f 3675 3643 3672
f 3643 3644 3672
f 3673 3643 3675
f 3618 3643 3673
f 3676 3525 3487
f 3526 3677 3487
f 3595 3678 3594
f 3488 3575 3679
f 3621 3680 3551
f 3488 3679 3622
f 3621 3489 3598
f 3552 3681 3598
f 3552 3600 3681
f 3648 3553 3602
f 3649 3512 3511
f 3649 3682 3533
f 3368 3604 3623
f 3492 3623 3624
f 3577 3683 3605
f 3683 3684 3605
f 3651 3683 3577
f 3558 3630 3685
f 3558 3685 3627
f 3627 3686 3607
f 3607 3686 3652
f 3608 3579 3632
f 3561 3560 3632
f 3632 3560 3687
f 3538 3655 3656
f 3539 3580 3654
f 3635 3688 3689
f 3689 3658 3635
f 3659 3688 3635
f 3690 3688 3659
f 3581 3634 3660
f 3659 3610 3690
f 3690 3610 3636
f 3611 3637 3541
f 3611 3691 3637
f 3662 3661 3612
f 3585 3637 3663
f 3668 3662 3549
f 3613 3663 3665
f 3668 3549 3590
f 3664 3665 3671
f 3674 3671 3692
f 3674 3642 3671
f 3674 3693 3570
f 3570 3693 3641
f 3673 3672 3666
f 3642 3670 3671
f 3673 3675 3672
f 3526 3694 3677
f 3526 3594 3694
f 3525 3676 3596
f 3695 3679 3575
f 3551 3680 3597
f 3696 3621 3598
f 3530 3697 3599
f 3647 3601 3576
f 3647 3698 3601
f 3698 3649 3511
f 3698 3511 3601
f 3699 3600 3648
f 3533 3682 3603
f 3684 3700 3602
f 3605 3684 3602
f 3625 3701 3650
f 3701 3702 3650
f 3650 3702 3626
f 3702 3703 3626
f 3626 3703 3629
f 3704 3685 3630
f 3652 3705 3628
f 3705 3651 3628
f 3653 3706 3631
f 3707 3608 3632
f 3631 3706 3562
f 3562 3706 3655
f 3654 3580 3708
f 3580 3657 3708
f 3658 3689 3709
f 3710 3658 3709
f 3689 3688 3711
f 3709 3689 3711
f 3633 3658 3710
f 3710 3712 3633
f 3690 3713 3688
f 3712 3634 3633
f 3660 3634 3712
f 3714 3565 3660
f 3636 3715 3716
f 3611 3565 3714
f 3636 3661 3715
f 3637 3691 3717
f 3637 3717 3718
f 3718 3663 3637
f 3668 3616 3719
f 3616 3641 3719
f 3671 3720 3692
f 3671 3665 3720
f 3677 3676 3487
f 3594 3678 3694
f 3595 3721 3678
f 3595 3645 3721
f 3646 3722 3645
f 3622 3697 3530
f 3599 3697 3647
f 3696 3598 3681
f 3699 3681 3600
f 3648 3602 3700
f 3723 3700 3684
f 3724 3684 3683
f 3629 3703 3653
f 3651 3724 3683
f 3725 3724 3651
f 3705 3725 3651
f 3706 3726 3655
f 3560 3654 3687
f 3727 3608 3707
f 3728 3627 3685
f 3713 3711 3688
f 3713 3729 3711
f 3730 3713 3690
f 3730 3636 3716
f 3690 3636 3730
f 3716 3715 3731
f 3732 3611 3714
f 3732 3691 3611
f 3661 3733 3715
f 3661 3662 3733
f 3662 3668 3734
f 3665 3663 3718
f 3735 3665 3718
f 3720 3665 3735
f 3641 3736 3719
f 3693 3736 3641
f 3693 3674 3692
f 3737 3527 3596
f 3645 3722 3721
f 3597 3680 3646
f 3738 3680 3621
f 3679 3739 3622
f 3621 3696 3738
f 3697 3740 3647
f 3699 3648 3741
f 3742 3741 3700
f 3741 3648 3700
f 3724 3743 3684
f 3725 3744 3724
f 3653 3745 3706
f 3632 3687 3746
f 3608 3727 3630
f 3685 3704 3747
f 3657 3656 3708
f 3728 3685 3747
f 3748 3709 3749
f 3748 3710 3709
f 3749 3709 3711
f 3750 3749 3711
f 3729 3750 3711
f 3710 3751 3712
f 3752 3729 3713
f 3730 3752 3713
f 3753 3714 3660
f 3731 3715 3733
f 3691 3754 3717
f 3734 3733 3662
f 3736 3693 3755
f 3677 3756 3676
f 3676 3737 3596
f 3737 3757 3527
f 3527 3758 3575
f 3722 3759 3721
f 3760 3740 3697
f 3740 3698 3647
f 3741 3681 3699
f 3649 3698 3761
f 3625 3762 3701
f 3701 3763 3702
f 3723 3684 3743
f 3703 3702 3763
f 3703 3745 3653
f 3764 3743 3724
f 3745 3726 3706
f 3655 3726 3656
f 3746 3707 3632
f 3654 3708 3765
f 3654 3765 3687
f 3746 3687 3766
f 3704 3630 3767
f 3627 3728 3686
f 3705 3744 3725
f 3768 3652 3686
f 3705 3652 3768
f 3748 3749 3769
f 3750 3769 3749
f 3729 3770 3750
f 3771 3710 3748
f 3752 3770 3729
f 3752 3730 3772
f 3660 3712 3753
f 3730 3716 3772
f 3772 3716 3773
f 3716 3731 3773
f 3732 3754 3691
f 3754 3774 3717
f 3717 3774 3718
f 3734 3668 3775
f 3719 3775 3668
f 3776 3720 3735
f 3776 3777 3720
f 3778 3719 3736
f 3720 3777 3692
f 3693 3692 3777
f 3755 3693 3777
f 3721 3779 3678
f 3758 3695 3575
f 3780 3696 3681
f 3625 3624 3781
f 3781 3762 3625
f 3742 3700 3723
f 3762 3763 3701
f 3763 3782 3703
f 3744 3764 3724
f 3656 3726 3783
f 3784 3708 3656
f 3727 3707 3785
f 3630 3727 3767
f 3768 3786 3705
f 3705 3786 3744
f 3786 3787 3744
f 3686 3728 3768
f 3788 3768 3728
f 3789 3769 3790
f 3789 3748 3769
f 3791 3769 3750
f 3770 3791 3750
f 3789 3771 3748
f 3710 3771 3751
f 3712 3751 3753
f 3792 3714 3753
f 3792 3732 3714
f 3732 3793 3754
f 3774 3735 3718
f 3776 3735 3794
f 3775 3719 3795
f 3778 3795 3719
f 3755 3796 3736
f 3736 3796 3778
f 3776 3796 3777
f 3777 3796 3755
f 3676 3797 3737
f 3756 3797 3676
f 3757 3758 3527
f 3721 3759 3779
f 3646 3798 3722
f 3680 3798 3646
f 3739 3679 3799
f 3695 3799 3679
f 3738 3798 3680
f 3622 3739 3800
f 3622 3800 3697
f 3738 3696 3780
f 3801 3740 3760
f 3802 3740 3801
f 3698 3740 3802
f 3681 3803 3804
f 3741 3803 3681
f 3802 3761 3698
f 3682 3649 3805
f 3803 3741 3742
f 3623 3604 3806
f 3624 3623 3781
f 3723 3807 3742
f 3763 3808 3782
f 3763 3762 3808
f 3703 3782 3745
f 3745 3809 3726
f 3726 3809 3783
f 3764 3744 3810
f 3708 3784 3811
f 3766 3687 3765
f 3767 3727 3785
f 3704 3767 3747
f 3787 3810 3744
f 3769 3791 3812
f 3790 3769 3812
f 3789 3813 3771
f 3814 3770 3752
f 3791 3770 3814
f 3752 3815 3814
f 3772 3815 3752
f 3816 3815 3772
f 3817 3753 3751
f 3816 3772 3818
f 3772 3773 3818
f 3773 3731 3819
f 3793 3732 3820
f 3820 3732 3792
f 3733 3821 3731
f 3793 3774 3754
f 3734 3821 3733
f 3778 3822 3795
f 3823 3776 3794
f 3796 3776 3823
f 3677 3824 3756
f 3694 3824 3677
f 3678 3825 3694
f 3678 3779 3825
f 3722 3798 3826
f 3697 3800 3760
f 3681 3804 3780
f 3649 3761 3805
f 3805 3827 3682
f 3828 3803 3742
f 3682 3827 3603
f 3604 3554 3806
f 3828 3742 3829
f 3829 3742 3807
f 3830 3807 3723
f 3831 3830 3723
f 3782 3809 3745
f 3723 3743 3831
f 3747 3767 3832
f 3747 3832 3833
f 3747 3834 3728
f 3834 3747 3833
f 3788 3728 3834
f 3768 3835 3786
f 3835 3768 3788
f 3790 3812 3836
f 3837 3812 3791
f 3814 3837 3791
f 3814 3838 3837
f 3813 3789 3790
f 3838 3814 3815
f 3751 3771 3817
f 3818 3773 3819
f 3821 3819 3731
f 3793 3820 3839
f 3793 3839 3774
f 3840 3774 3839
f 3735 3774 3840
f 3734 3775 3821
f 3794 3735 3840
f 3823 3841 3796
f 3841 3822 3778
f 3841 3778 3796
f 3779 3759 3825
f 3842 3695 3758
f 3843 3798 3738
f 3739 3844 3800
f 3845 3738 3780
f 3760 3800 3801
f 3764 3831 3743
f 3656 3783 3784
f 3784 3783 3846
f 3765 3708 3811
f 3707 3746 3785
f 3786 3847 3787
f 3786 3835 3847
f 3837 3838 3848
f 3836 3812 3849
f 3812 3837 3849
f 3848 3849 3837
f 3790 3850 3813
f 3850 3790 3836
f 3851 3816 3852
f 3815 3816 3851
f 3852 3816 3818
f 3852 3818 3853
f 3817 3854 3753
f 3855 3753 3856
f 3856 3753 3854
f 3855 3792 3753
f 3792 3855 3820
f 3857 3839 3820
f 3858 3794 3840
f 3841 3859 3822
f 3794 3858 3823
f 3860 3823 3858
f 3841 3823 3860
f 3694 3825 3824
f 3737 3861 3757
f 3759 3862 3825
f 3722 3862 3759
f 3739 3799 3844
f 3780 3804 3863
f 3803 3864 3804
f 3803 3828 3864
f 3623 3865 3781
f 3762 3781 3866
f 3829 3807 3867
f 3867 3807 3830
f 3808 3868 3782
f 3782 3869 3809
f 3782 3868 3869
f 3870 3783 3809
f 3870 3846 3783
f 3871 3830 3831
f 3784 3872 3811
f 3765 3811 3873
f 3874 3831 3764
f 3746 3766 3875
f 3764 3810 3874
f 3767 3785 3876
f 3832 3767 3876
f 3834 3833 3832
f 3877 3810 3787
f 3847 3877 3787
f 3834 3878 3788
f 3848 3879 3880
f 3838 3879 3848
f 3849 3881 3836
f 3838 3882 3879
f 3883 3879 3882
f 3850 3836 3881
f 3838 3815 3882
f 3884 3882 3815
f 3813 3885 3771
f 3815 3851 3884
f 3771 3885 3817
f 3818 3886 3853
f 3818 3819 3886
f 3820 3855 3887
f 3820 3887 3857
f 3840 3839 3857
f 3775 3888 3821
f 3889 3858 3840
f 3860 3858 3889
f 3859 3890 3822
f 3795 3822 3890
f 3756 3891 3797
f 3756 3824 3891
f 3797 3861 3737
f 3722 3892 3862
f 3826 3892 3722
f 3798 3843 3826
f 3738 3845 3843
f 3800 3893 3801
f 3780 3863 3845
f 3603 3827 3894
f 3623 3806 3865
f 3895 3829 3867
f 3808 3866 3896
f 3808 3762 3866
f 3896 3868 3808
f 3867 3830 3897
f 3869 3870 3809
f 3766 3765 3873
f 3785 3746 3875
f 3874 3898 3831
f 3832 3876 3899
f 3877 3874 3810
f 3834 3832 3899
f 3788 3878 3900
f 3835 3788 3900
f 3847 3835 3901
f 3848 3880 3902
f 3903 3848 3902
f 3903 3904 3848
f 3904 3849 3848
f 3883 3880 3879
f 3883 3905 3880
f 3906 3905 3883
f 3907 3906 3883
f 3907 3882 3884
f 3883 3882 3907
f 3908 3851 3852
f 3855 3909 3887
f 3819 3910 3886
f 3910 3819 3821
f 3910 3821 3888
f 3840 3857 3911
f 3889 3840 3911
f 3775 3912 3888
f 3775 3795 3912
f 3795 3890 3912
f 3913 3861 3797
f 3757 3842 3758
f 3842 3799 3695
f 3844 3914 3800
f 3914 3893 3800
f 3863 3915 3845
f 3893 3802 3801
f 3893 3916 3802
f 3917 3863 3804
f 3916 3761 3802
f 3916 3805 3761
f 3917 3804 3864
f 3805 3918 3827
f 3864 3828 3829
f 3603 3894 3554
f 3554 3894 3806
f 3781 3865 3919
f 3864 3829 3895
f 3897 3830 3871
f 3897 3871 3920
f 3870 3921 3846
f 3872 3784 3846
f 3811 3872 3873
f 3831 3898 3871
f 3766 3873 3875
f 3876 3922 3899
f 3923 3874 3877
f 3924 3874 3923
f 3925 3923 3877
f 3926 3925 3877
f 3847 3926 3877
f 3927 3900 3878
f 3900 3901 3835
f 3928 3929 3905
f 3929 3902 3905
f 3903 3930 3904
f 3905 3902 3880
f 3906 3928 3905
f 3931 3849 3904
f 3931 3881 3849
f 3881 3931 3850
f 3885 3813 3850
f 3884 3851 3908
f 3817 3856 3854
f 3855 3856 3909
f 3887 3909 3857
f 3911 3857 3909
f 3932 3889 3911
f 3912 3933 3888
f 3860 3889 3932
f 3841 3860 3932
f 3934 3841 3932
f 3912 3890 3933
f 3891 3913 3797
f 3825 3935 3824
f 3862 3935 3825
f 3936 3842 3757
f 3826 3937 3892
f 3826 3843 3937
f 3916 3938 3805
f 3827 3918 3894
f 3781 3919 3866
f 3896 3866 3939
f 3896 3940 3868
f 3939 3940 3896
f 3895 3867 3941
f 3941 3867 3897
f 3868 3940 3869
f 3942 3869 3940
f 3869 3921 3870
f 3920 3871 3898
f 3873 3943 3875
f 3785 3875 3944
f 3898 3874 3924
f 3785 3944 3876
f 3901 3926 3847
f 3929 3928 3945
f 3902 3929 3946
f 3946 3903 3902
f 3947 3928 3906
f 3947 3906 3948
f 3930 3931 3904
f 3906 3907 3948
f 3931 3949 3850
f 3948 3907 3884
f 3885 3950 3817
f 3908 3852 3853
f 3908 3853 3951
f 3817 3952 3856
f 3953 3909 3856
f 3888 3933 3954
f 3859 3955 3890
f 3841 3955 3859
f 3861 3936 3757
f 3892 3956 3862
f 3805 3938 3918
f 3865 3806 3957
f 3864 3895 3958
f 3958 3895 3941
f 3941 3897 3920
f 3920 3959 3941
f 3921 3869 3942
f 3960 3920 3898
f 3944 3875 3943
f 3924 3960 3898
f 3922 3876 3944
f 3899 3922 3961
f 3834 3899 3962
f 3878 3834 3962
f 3945 3963 3964
f 3965 3945 3964
f 3929 3965 3946
f 3945 3965 3929
f 3963 3945 3947
f 3928 3947 3945
f 3966 3930 3903
f 3946 3966 3903
f 3850 3949 3885
f 3884 3967 3948
f 3967 3884 3908
f 3817 3950 3952
f 3856 3952 3968
f 3856 3969 3953
f 3853 3886 3970
f 3971 3909 3953
f 3911 3909 3971
f 3972 3911 3971
f 3911 3972 3932
f 3934 3932 3972
f 3955 3973 3890
f 3890 3973 3933
f 3974 3841 3934
f 3955 3841 3974
f 3975 3799 3842
f 3843 3976 3937
f 3844 3799 3977
f 3843 3845 3978
f 3979 3914 3844
f 3845 3915 3978
f 3979 3893 3914
f 3863 3917 3915
f 3938 3916 3980
f 3917 3864 3981
f 3981 3864 3958
f 3866 3919 3982
f 3939 3983 3940
f 3846 3984 3872
f 3873 3872 3943
f 3960 3985 3920
f 3944 3986 3922
f 3899 3961 3987
f 3926 3988 3925
f 3964 3989 3965
f 3946 3990 3966
f 3990 3946 3989
f 3989 3946 3965
f 3991 3964 3963
f 3992 3991 3963
f 3992 3963 3947
f 3992 3947 3993
f 3993 3948 3994
f 3947 3948 3993
f 3930 3995 3949
f 3931 3930 3949
f 3994 3948 3996
f 3948 3967 3996
f 3885 3949 3950
f 3967 3908 3997
f 3998 3856 3968
f 3951 3853 3970
f 3969 3856 3998
f 3910 3970 3886
f 3910 3888 3954
f 3934 3972 3999
f 3973 4000 3933
f 3954 3933 4000
f 3974 3934 3999
f 3824 4001 3891
f 3935 4001 3824
f 3913 3936 3861
f 3862 3956 3935
f 3799 3975 3977
f 3978 3976 3843
f 3980 3893 3979
f 3893 3980 3916
f 3919 3865 3957
f 3866 3982 4002
f 4003 3939 4004
f 3939 3866 4004
f 3939 4003 3983
f 4005 3958 3941
f 3983 3942 3940
f 4005 3941 3959
f 3846 3921 3984
f 3959 3920 3985
f 3872 3984 3943
f 4006 3943 3984
f 3960 4007 3985
f 3944 3943 4008
f 3922 3986 4009
f 3961 3922 4009
f 3923 3925 4010
f 3987 3962 3899
f 4010 3925 3988
f 4011 3988 3926
f 4012 3990 3989
f 4012 3989 3964
f 4013 4012 3964
f 3991 4013 3964
f 3991 4014 4013
f 3990 4015 3966
f 3992 4014 3991
f 3930 3966 4016
f 3949 4017 3950
f 3996 3967 3997
f 3951 3997 3908
f 3969 3971 3953
f 3970 3910 4018
f 4019 3972 3971
f 4019 4020 3972
f 3910 3954 4018
f 3974 3999 3972
f 3955 4021 3973
f 3973 4021 4000
f 3891 4022 3913
f 4023 4001 3935
f 3935 3956 4023
f 3842 4024 3975
f 3936 4024 3842
f 3977 3979 3844
f 3977 4025 3979
f 3980 4026 3938
f 4027 3915 3917
f 3918 3938 4028
f 3894 3918 4029
f 3806 3894 4029
f 3806 4029 3957
f 3919 3957 4030
f 3919 4030 3982
f 3866 4002 4004
f 3958 4005 3981
f 4005 3959 4031
f 4032 3921 3942
f 3959 3985 4031
f 3984 3921 4032
f 3984 4032 4033
f 3943 4006 4008
f 4008 3986 3944
f 4034 3986 4008
f 3960 3924 4035
f 3924 3923 4035
f 3923 4010 4035
f 3927 3878 3962
f 4011 3926 3901
f 3900 3927 4036
f 4037 3900 4036
f 4038 3900 4037
f 3901 3900 4038
f 4012 4039 4040
f 4039 4012 4041
f 4012 4013 4041
f 4041 4013 4042
f 4042 4013 4014
f 4012 4040 3990
f 4040 4015 3990
f 4043 4014 3992
f 3993 4043 3992
f 4016 3966 4044
f 3993 3994 4045
f 3930 4016 4046
f 3995 3930 4046
f 3994 3996 4047
f 3949 3995 4017
f 4048 3950 4017
f 3952 3950 3968
f 3969 3998 4049
f 3969 4019 3971
f 3969 4049 4019
f 4018 3954 4050
f 4051 3955 3974
f 4021 3955 4051
f 3913 4052 3936
f 3892 3937 3956
f 3957 4053 4030
f 4003 4054 3983
f 4054 4032 3983
f 3942 3983 4032
f 4031 3985 4055
f 4033 4006 3984
f 4009 3986 4034
f 3960 4035 4056
f 3961 4009 4057
f 3961 4057 4058
f 3987 3961 4058
f 3962 4059 3927
f 4039 4041 4060
f 4041 4042 4061
f 4060 4041 4061
f 4062 4042 4063
f 4039 4064 4040
f 4040 4064 4065
f 4063 4014 4043
f 4042 4014 4063
f 4015 4040 4065
f 4043 3993 4066
f 4015 4044 3966
f 3994 4047 4045
f 4017 4067 4048
f 4047 3996 4068
f 4068 3996 3997
f 4048 3968 3950
f 4069 3997 3951
f 3970 4069 3951
f 3998 4070 4071
f 4070 3998 3968
f 4049 3998 4071
f 4018 4072 3970
f 4019 4049 4073
f 4020 4074 3974
f 3954 4000 4050
f 3974 3972 4020
f 4021 4075 4000
f 3913 4022 4052
f 4023 4076 4001
f 3956 4077 4023
f 4052 4024 3936
f 3937 4077 3956
f 3976 4078 3937
f 3976 4079 4078
f 3978 4080 3976
f 3979 4081 3980
f 3915 4082 3978
f 4026 3980 4081
f 3915 4027 4082
f 4026 4028 3938
f 4083 3918 4028
f 4084 4027 3917
f 3917 3981 4084
f 3957 4029 4085
f 4002 3982 4086
f 3981 4087 4088
f 4005 4087 3981
f 4003 4004 4089
f 4003 4090 4054
f 4003 4089 4090
f 4087 4005 4031
f 4006 4033 4091
f 3985 4007 4055
f 4092 4034 4008
f 4007 3960 4056
f 4034 4093 4009
f 4009 4093 4057
f 4059 3962 3987
f 4038 4011 3901
f 4094 3988 4011
f 4061 4095 4060
f 4095 4096 4060
f 4060 4096 4064
f 4039 4060 4064
f 4061 4062 4097
f 4062 4061 4042
f 4097 4062 4063
f 4065 4064 4098
f 4065 4044 4015
f 4099 4016 4044
f 4066 4045 4100
f 3993 4045 4066
f 4016 4099 4046
f 4101 4100 4045
f 4101 4045 4102
f 4103 3995 4046
f 4045 4047 4102
f 3995 4067 4017
f 3968 4048 4104
f 4069 4068 3997
f 4070 3968 4104
f 4073 4049 4071
f 4073 4020 4019
f 4105 4020 4073
f 4074 4020 4105
f 4000 4075 4050
f 3891 4106 4022
f 3891 4001 4106
f 3937 4078 4077
f 3977 4107 4025
f 3977 3975 4107
f 3979 4025 4081
f 3978 4082 4080
f 4108 3918 4083
f 4086 4004 4002
f 4004 4086 4089
f 4087 4031 4109
f 4110 4031 4055
f 4032 4111 4033
f 4091 4033 4111
f 4006 4091 4092
f 4008 4006 4092
f 4034 4092 4093
f 4112 4056 4035
f 4035 4010 4113
f 4059 3987 4114
f 3988 4094 4115
f 3988 4115 4010
f 4059 4036 3927
f 4116 4037 4036
f 4117 4118 4095
f 4119 4117 4061
f 4095 4118 4120
f 4117 4095 4061
f 4095 4120 4096
f 4098 4096 4120
f 4097 4119 4061
f 4064 4096 4098
f 4121 4097 4063
f 4121 4043 4066
f 4063 4043 4121
f 4122 4044 4065
f 4103 4046 4099
f 3995 4103 4067
f 4068 4102 4047
f 4067 4123 4048
f 4124 4070 4104
f 3970 4072 4069
f 4070 4124 4071
f 4125 4126 4050
f 4126 4018 4050
f 4075 4125 4050
f 4127 3974 4074
f 4051 3974 4127
f 4128 4021 4051
f 4075 4021 4128
f 4129 4107 3975
f 3976 4080 4079
f 4082 4130 4080
f 4082 4131 4130
f 4027 4131 4082
f 4131 4027 4084
f 4108 4029 3918
f 3957 4085 4053
f 4086 3982 4132
f 4090 4133 4054
f 4110 4109 4031
f 4133 4134 4054
f 4134 4111 4054
f 4111 4032 4054
f 4110 4055 4135
f 4136 4135 4007
f 4135 4055 4007
f 4093 4092 4137
f 4093 4138 4057
f 4035 4113 4112
f 4116 4139 4037
f 4140 4117 4141
f 4140 4142 4143
f 4118 4140 4143
f 4117 4140 4118
f 4119 4141 4117
f 4144 4143 4142
f 4118 4144 4120
f 4143 4144 4118
f 4119 4097 4145
f 4120 4144 4098
f 4144 4146 4098
f 4121 4145 4097
f 4146 4122 4098
f 4065 4098 4122
f 4066 4147 4121
f 4147 4066 4100
f 4148 4100 4101
f 4101 4102 4149
f 4103 4150 4067
f 4068 4149 4102
f 4068 4069 4151
f 4151 4149 4068
f 4123 4104 4048
f 4104 4152 4124
f 4124 4153 4071
f 4153 4073 4071
f 4105 4073 4153
f 4072 4018 4154
f 4128 4125 4075
f 4023 4155 4076
f 4077 4155 4023
f 4129 3975 4024
f 4025 4156 4081
f 4025 4107 4156
f 4029 4108 4157
f 4085 4029 4157
f 4084 3981 4088
f 4030 4053 4132
f 3982 4030 4132
f 4086 4158 4089
f 4159 4088 4087
f 4090 4089 4160
f 4089 4158 4160
f 4090 4160 4161
f 4133 4090 4161
f 4133 4162 4134
f 4091 4111 4163
f 4091 4163 4092
f 4163 4164 4092
f 4092 4164 4137
f 4137 4138 4093
f 4058 4057 4138
f 4058 4138 4165
f 4058 4165 3987
f 3987 4165 4114
f 4112 4113 4166
f 4115 4113 4010
f 4167 4059 4114
f 4168 4059 4167
f 4059 4168 4036
f 4011 4169 4094
f 4168 4116 4036
f 4139 4170 4037
f 4037 4170 4038
f 4038 4171 4011
f 4172 4173 4140
f 4141 4172 4140
f 4173 4174 4142
f 4140 4173 4142
f 4142 4174 4175
f 4176 4141 4119
f 4177 4176 4119
f 4144 4142 4175
f 4178 4144 4175
f 4145 4177 4119
f 4144 4178 4146
f 4146 4179 4122
f 4179 4180 4122
f 4103 4099 4181
f 4123 4182 4104
f 4153 4183 4105
f 4183 4074 4105
f 4074 4183 4127
f 4125 4184 4126
f 4184 4154 4126
f 4018 4126 4154
f 4125 4128 4185
f 4001 4076 4106
f 4186 4052 4022
f 4106 4187 4022
f 4052 4186 4024
f 4156 4188 4081
f 4081 4188 4026
f 4131 4189 4130
f 4026 4188 4028
f 4083 4028 4108
f 4086 4132 4190
f 4086 4190 4191
f 4159 4087 4109
f 4162 4192 4134
f 4134 4163 4111
f 4193 4110 4135
f 4135 4136 4194
f 4164 4195 4137
f 4137 4196 4138
f 4136 4007 4197
f 4007 4056 4197
f 4056 4112 4197
f 4198 4113 4115
f 4168 4199 4116
f 4199 4139 4116
f 4170 4171 4038
f 4172 4200 4173
f 4201 4174 4200
f 4173 4200 4174
f 4202 4174 4201
f 4203 4172 4141
f 4203 4141 4176
f 4175 4174 4202
f 4204 4176 4205
f 4206 4175 4202
f 4177 4205 4176
f 4207 4205 4177
f 4175 4206 4178
f 4145 4207 4177
f 4206 4208 4178
f 4207 4145 4121
f 4121 4209 4207
f 4178 4208 4146
f 4208 4179 4146
f 4147 4210 4121
f 4147 4100 4211
f 4122 4180 4044
f 4180 4212 4044
f 4100 4148 4211
f 4044 4212 4099
f 4212 4181 4099
f 4150 4213 4067
f 4213 4123 4067
f 4104 4182 4214
f 4104 4214 4152
f 4152 4215 4124
f 4215 4153 4124
f 4216 4183 4153
f 4072 4154 4217
f 4218 4154 4184
f 4185 4184 4125
f 4187 4186 4022
f 4024 4186 4129
f 4079 4219 4078
f 4130 4220 4080
f 4108 4221 4157
f 4131 4084 4222
f 4085 4157 4223
f 4085 4223 4053
f 4084 4159 4222
f 4084 4088 4159
f 4086 4191 4158
f 4160 4158 4191
f 4224 4161 4160
f 4162 4133 4161
f 4109 4110 4225
f 4134 4192 4163
f 4163 4195 4164
f 4193 4135 4194
f 4195 4196 4137
f 4195 4226 4196
f 4197 4227 4136
f 4228 4138 4196
f 4165 4228 4229
f 4165 4138 4228
f 4165 4167 4114
f 4165 4229 4167
f 4115 4230 4198
f 4113 4198 4166
f 4167 4231 4168
f 4115 4094 4230
f 4171 4169 4011
f 4232 4233 4234
f 4232 4235 4200
f 4235 4236 4200
f 4172 4232 4200
f 4233 4232 4172
f 4237 4201 4236
f 4200 4236 4201
f 4203 4233 4172
f 4203 4238 4233
f 4237 4239 4201
f 4202 4201 4239
f 4240 4203 4176
f 4176 4204 4240
f 4241 4202 4239
f 4205 4242 4204
f 4202 4241 4206
f 4207 4242 4205
f 4243 4208 4206
f 4209 4121 4210
f 4210 4147 4244
f 4147 4211 4244
f 4211 4148 4245
f 4103 4246 4150
f 4247 4148 4101
f 4213 4248 4123
f 4248 4182 4123
f 4152 4249 4215
f 4151 4069 4250
f 4216 4153 4215
f 4250 4069 4072
f 4217 4250 4072
f 4127 4183 4251
f 4218 4252 4154
f 4154 4252 4217
f 4185 4218 4184
f 4051 4127 4253
f 4128 4051 4253
f 4254 4106 4076
f 4076 4155 4254
f 4077 4255 4155
f 4077 4078 4256
f 4107 4129 4257
f 4078 4219 4256
f 4107 4257 4156
f 4080 4219 4079
f 4080 4220 4219
f 4156 4258 4188
f 4130 4189 4220
f 4188 4108 4028
f 4188 4259 4108
f 4131 4222 4189
f 4260 4132 4053
f 4190 4132 4260
f 4160 4191 4224
f 4161 4224 4261
f 4261 4262 4161
f 4161 4262 4162
f 4162 4262 4263
f 4162 4263 4192
f 4225 4110 4193
f 4163 4264 4195
f 4264 4226 4195
f 4194 4136 4227
f 4196 4226 4265
f 4265 4228 4196
f 4266 4197 4112
f 4267 4167 4229
f 4167 4267 4231
f 4169 4268 4094
f 4268 4230 4094
f 4269 4171 4170
f 4199 4168 4231
f 4270 4139 4199
f 4271 4232 4234
f 4238 4234 4233
f 4236 4235 4272
f 4273 4238 4240
f 4237 4236 4274
f 4203 4240 4238
f 4240 4204 4275
f 4274 4239 4237
f 4204 4242 4275
f 4242 4276 4275
f 4239 4277 4241
f 4242 4278 4276
f 4241 4243 4206
f 4207 4278 4242
f 4209 4278 4207
f 4243 4279 4208
f 4179 4280 4180
f 4245 4244 4211
f 4181 4246 4103
f 4150 4246 4213
f 4248 4281 4182
f 4101 4149 4247
f 4182 4282 4214
f 4152 4214 4249
f 4251 4216 4283
f 4252 4284 4217
f 4216 4251 4183
f 4251 4285 4127
f 4218 4286 4252
f 4253 4127 4285
f 4185 4128 4287
f 4106 4288 4187
f 4258 4259 4188
f 4259 4221 4108
f 4159 4289 4222
f 4290 4191 4291
f 4191 4290 4224
f 4224 4290 4261
f 4292 4159 4109
f 4109 4225 4292
f 4192 4264 4163
f 4264 4192 4293
f 4193 4194 4294
f 4264 4295 4226
f 4226 4295 4265
f 4265 4296 4228
f 4228 4296 4297
f 4229 4228 4297
f 4267 4229 4298
f 4267 4299 4231
f 4169 4171 4300
f 4268 4169 4300
f 4270 4199 4231
f 4270 4301 4139
f 4139 4301 4170
f 4269 4170 4301
f 4235 4271 4272
f 4271 4235 4232
f 4272 4302 4303
f 4303 4236 4272
f 4304 4236 4303
f 4274 4236 4304
f 4274 4304 4305
f 4305 4239 4274
f 4305 4277 4239
f 4306 4276 4278
f 4277 4307 4241
f 4241 4307 4243
f 4307 4308 4243
f 4308 4279 4243
f 4279 4309 4208
f 4208 4309 4179
f 4309 4280 4179
f 4310 4244 4245
f 4212 4311 4181
f 4181 4311 4246
f 4247 4149 4312
f 4281 4282 4182
f 4282 4313 4214
f 4149 4151 4312
f 4151 4250 4312
f 4215 4249 4283
f 4216 4215 4283
f 4217 4284 4250
f 4285 4251 4314
f 4286 4284 4252
f 4253 4287 4128
f 4185 4286 4218
f 4077 4256 4255
f 4257 4315 4156
f 4156 4315 4258
f 4222 4316 4189
f 4221 4317 4157
f 4157 4317 4223
f 4223 4260 4053
f 4318 4260 4223
f 4191 4190 4291
f 4319 4263 4262
f 4320 4225 4193
f 4263 4321 4192
f 4321 4322 4192
f 4192 4322 4293
f 4194 4227 4323
f 4295 4324 4265
f 4325 4227 4197
f 4265 4324 4296
f 4297 4298 4229
f 4112 4166 4266
f 4298 4326 4267
f 4230 4327 4198
f 4267 4326 4299
f 4230 4268 4327
f 4328 4327 4268
f 4171 4269 4300
f 4270 4231 4299
f 4271 4329 4330
f 4329 4271 4331
f 4271 4234 4331
f 4330 4332 4271
f 4273 4333 4238
f 4271 4332 4272
f 4333 4234 4238
f 4302 4332 4334
f 4335 4302 4334
f 4272 4332 4302
f 4240 4336 4273
f 4275 4336 4240
f 4337 4304 4303
f 4338 4275 4276
f 4210 4339 4209
f 4180 4340 4212
f 4213 4341 4248
f 4213 4246 4341
f 4214 4342 4249
f 4250 4343 4312
f 4344 4251 4283
f 4286 4345 4284
f 4287 4253 4346
f 4286 4185 4287
f 4288 4106 4254
f 4186 4347 4129
f 4129 4347 4257
f 4219 4348 4256
f 4219 4220 4348
f 4220 4349 4348
f 4189 4350 4220
f 4351 4221 4259
f 4189 4316 4350
f 4351 4352 4221
f 4353 4316 4222
f 4190 4354 4291
f 4290 4355 4261
f 4261 4319 4262
f 4263 4319 4356
f 4356 4321 4263
f 4322 4357 4293
f 4194 4323 4294
f 4264 4324 4295
f 4293 4324 4264
f 4324 4293 4358
f 4323 4227 4325
f 4325 4359 4323
f 4296 4324 4360
f 4361 4325 4197
f 4362 4297 4296
f 4266 4361 4197
f 4297 4362 4298
f 4198 4327 4166
f 4166 4327 4363
f 4364 4270 4299
f 4269 4365 4300
f 4269 4301 4366
f 4301 4270 4367
f 4366 4301 4367
f 4333 4331 4234
f 4368 4369 4332
f 4330 4368 4332
f 4370 4334 4369
f 4332 4369 4334
f 4335 4334 4370
f 4335 4371 4302
f 4303 4302 4371
f 4338 4336 4275
f 4371 4337 4303
f 4337 4372 4304
f 4306 4373 4338
f 4304 4372 4305
f 4372 4374 4305
f 4276 4306 4338
f 4374 4277 4305
f 4374 4307 4277
f 4278 4375 4306
f 4376 4375 4278
f 4209 4376 4278
f 4377 4279 4308
f 4280 4378 4180
f 4210 4244 4339
f 4340 4311 4212
f 4246 4379 4341
f 4245 4148 4380
f 4148 4381 4380
f 4148 4247 4381
f 4214 4313 4342
f 4342 4382 4249
f 4382 4283 4249
f 4250 4383 4343
f 4283 4384 4344
f 4284 4383 4250
f 4344 4314 4251
f 4385 4284 4345
f 4253 4285 4314
f 4287 4386 4286
f 4386 4345 4286
f 4187 4387 4186
f 4155 4388 4254
f 4255 4389 4155
f 4257 4390 4315
f 4315 4391 4258
f 4258 4391 4259
f 4259 4391 4351
f 4221 4352 4317
f 4223 4317 4318
f 4222 4289 4353
f 4190 4260 4354
f 4392 4289 4159
f 4355 4319 4261
f 4225 4320 4292
f 4320 4193 4294
f 4393 4322 4321
f 4393 4357 4322
f 4357 4358 4293
f 4358 4360 4324
f 4360 4362 4296
f 4394 4298 4362
f 4298 4394 4326
f 4166 4363 4266
f 4299 4326 4395
f 4300 4396 4268
f 4328 4268 4396
f 4364 4299 4395
f 4300 4365 4396
f 4364 4395 4397
f 4366 4398 4269
f 4269 4398 4365
f 4270 4364 4397
f 4367 4270 4397
f 4329 4399 4330
f 4400 4331 4333
f 4401 4400 4273
f 4273 4400 4333
f 4330 4399 4368
f 4336 4401 4273
f 4370 4402 4335
f 4402 4403 4335
f 4338 4404 4336
f 4403 4371 4335
f 4338 4373 4404
f 4405 4337 4371
f 4406 4337 4405
f 4372 4337 4406
f 4407 4377 4308
f 4279 4377 4408
f 4209 4339 4376
f 4408 4409 4279
f 4279 4409 4309
f 4309 4378 4280
f 4378 4340 4180
f 4379 4246 4311
f 4410 4310 4245
f 4410 4245 4380
f 4248 4411 4281
f 4411 4412 4282
f 4411 4282 4281
f 4282 4412 4313
f 4247 4312 4343
f 4382 4413 4283
f 4283 4413 4384
f 4385 4383 4284
f 4253 4314 4346
f 4386 4385 4345
f 4347 4186 4387
f 4414 4288 4254
f 4388 4414 4254
f 4347 4390 4257
f 4220 4350 4349
f 4316 4415 4350
f 4353 4415 4316
f 4260 4318 4416
f 4392 4159 4292
f 4355 4290 4417
f 4319 4355 4418
f 4356 4319 4418
f 4321 4356 4419
f 4320 4294 4420
f 4419 4393 4321
f 4294 4323 4359
f 4358 4357 4421
f 4360 4422 4362
f 4325 4361 4423
f 4362 4424 4394
f 4326 4394 4425
f 4395 4326 4425
f 4327 4328 4426
f 4365 4427 4396
f 4398 4428 4365
f 4428 4427 4365
f 4367 4398 4366
f 4429 4329 4331
f 4400 4429 4331
f 4399 4430 4368
f 4329 4431 4399
f 4432 4400 4401
f 4430 4433 4369
f 4368 4430 4369
f 4434 4401 4336
f 4369 4433 4370
f 4370 4433 4435
f 4434 4336 4404
f 4435 4402 4370
f 4403 4436 4371
f 4373 4437 4404
f 4371 4438 4405
f 4439 4437 4373
f 4372 4406 4374
f 4439 4373 4306
f 4406 4440 4374
f 4374 4440 4307
f 4307 4440 4407
f 4308 4307 4407
f 4409 4441 4309
f 4441 4378 4309
f 4339 4244 4442
f 4310 4442 4244
f 4379 4443 4341
f 4444 4248 4341
f 4444 4445 4248
f 4248 4445 4411
f 4412 4342 4313
f 4381 4247 4343
f 4343 4383 4446
f 4385 4447 4383
f 4448 4383 4447
f 4386 4449 4385
f 4388 4155 4389
f 4288 4387 4187
f 4450 4389 4255
f 4451 4390 4347
f 4315 4452 4391
f 4390 4452 4315
f 4391 4452 4351
f 4415 4453 4350
f 4454 4317 4352
f 4354 4260 4416
f 4392 4455 4289
f 4291 4354 4416
f 4291 4416 4456
f 4290 4456 4457
f 4290 4291 4456
f 4290 4457 4417
f 4418 4355 4417
f 4419 4458 4393
f 4357 4393 4459
f 4460 4358 4421
f 4359 4325 4423
f 4360 4358 4422
f 4362 4422 4424
f 4266 4461 4361
f 4266 4363 4461
f 4426 4363 4327
f 4396 4426 4328
f 4395 4462 4397
f 4463 4396 4427
f 4428 4463 4427
f 4463 4428 4464
f 4397 4462 4465
f 4397 4465 4367
f 4466 4367 4465
f 4367 4467 4398
f 4428 4398 4464
f 4464 4398 4467
f 4467 4367 4466
f 4468 4469 4429
f 4329 4469 4431
f 4429 4469 4329
f 4468 4429 4400
f 4432 4468 4400
f 4401 4434 4432
f 4399 4470 4430
f 4470 4471 4430
f 4430 4471 4433
f 4404 4472 4434
f 4435 4473 4402
f 4473 4474 4402
f 4474 4436 4402
f 4436 4403 4402
f 4404 4437 4475
f 4371 4436 4438
f 4476 4440 4406
f 4439 4306 4477
f 4477 4306 4375
f 4378 4478 4340
f 4311 4443 4379
f 4443 4444 4341
f 4380 4381 4479
f 4343 4479 4381
f 4413 4382 4342
f 4446 4383 4448
f 4344 4480 4314
f 4449 4447 4385
f 4287 4346 4481
f 4482 4347 4387
f 4255 4256 4450
f 4390 4451 4452
f 4350 4453 4349
f 4352 4351 4454
f 4317 4483 4318
f 4353 4289 4455
f 4416 4318 4484
f 4456 4416 4485
f 4457 4456 4486
f 4292 4320 4487
f 4356 4418 4488
f 4419 4356 4488
f 4489 4458 4419
f 4420 4294 4490
f 4491 4393 4458
f 4459 4393 4491
f 4294 4359 4490
f 4492 4459 4491
f 4357 4459 4421
f 4460 4421 4493
f 4358 4460 4422
f 4422 4494 4424
f 4423 4361 4495
f 4495 4361 4496
f 4494 4497 4424
f 4498 4361 4461
f 4424 4497 4394
f 4499 4425 4394
f 4500 4425 4499
f 4363 4426 4501
f 4462 4395 4425
f 4462 4425 4500
f 4396 4501 4426
f 4502 4501 4396
f 4463 4502 4396
f 4503 4502 4463
f 4463 4464 4504
f 4503 4463 4504
f 4464 4467 4505
f 4504 4464 4505
f 4505 4467 4466
f 4506 4507 4468
f 4507 4508 4431
f 4469 4507 4431
f 4468 4507 4469
f 4506 4468 4432
f 4509 4506 4432
f 4508 4510 4431
f 4431 4510 4399
f 4434 4509 4432
f 4509 4434 4472
f 4399 4510 4470
f 4475 4511 4472
f 4471 4512 4433
f 4513 4435 4512
f 4512 4435 4433
f 4472 4404 4475
f 4473 4435 4513
f 4437 4514 4475
f 4438 4515 4405
f 4405 4476 4406
f 4405 4515 4476
f 4440 4476 4516
f 4440 4516 4407
f 4441 4478 4378
f 4442 4310 4517
f 4410 4380 4518
f 4411 4519 4412
f 4518 4380 4520
f 4343 4446 4479
f 4384 4480 4344
f 4447 4521 4448
f 4446 4448 4521
f 4314 4480 4522
f 4314 4481 4346
f 4347 4482 4451
f 4256 4348 4450
f 4523 4452 4451
f 4452 4524 4351
f 4351 4524 4454
f 4415 4525 4453
f 4317 4454 4526
f 4483 4317 4526
f 4415 4527 4525
f 4353 4527 4415
f 4486 4456 4485
f 4292 4487 4392
f 4418 4417 4528
f 4488 4418 4528
f 4419 4488 4489
f 4458 4489 4491
f 4421 4459 4493
f 4529 4460 4493
f 4460 4494 4422
f 4497 4494 4530
f 4496 4361 4498
f 4497 4499 4394
f 4498 4363 4531
f 4461 4363 4498
f 4532 4500 4499
f 4363 4501 4531
f 4501 4533 4531
f 4533 4501 4534
f 4502 4534 4501
f 4462 4535 4465
f 4503 4536 4502
f 4535 4537 4465
f 4502 4536 4534
f 4465 4537 4466
f 4505 4538 4504
f 4504 4538 4503
f 4539 4540 4537
f 4466 4537 4540
f 4538 4505 4541
f 4536 4503 4538
f 4505 4466 4540
f 4542 4534 4536
f 4543 4505 4540
f 4541 4505 4543
f 4536 4538 4544
f 4544 4542 4536
f 4545 4541 4543
f 4538 4541 4546
f 4547 4545 4543
f 4546 4541 4545
f 4548 4538 4546
f 4544 4538 4548
f 4544 4549 4542
f 4547 4508 4545
f 4548 4546 4506
f 4506 4544 4548
f 4509 4549 4544
f 4509 4544 4506
f 4545 4508 4546
f 4546 4508 4507
f 4506 4546 4507
f 4550 4549 4509
f 4508 4551 4510
f 4471 4470 4551
f 4470 4510 4551
f 4509 4472 4550
f 4511 4550 4472
f 4552 4512 4471
f 4475 4553 4511
f 4554 4513 4512
f 4475 4514 4553
f 4555 4473 4513
f 4473 4555 4556
f 4556 4474 4473
f 4556 4436 4474
f 4438 4436 4556
f 4557 4514 4437
f 4557 4437 4439
f 4557 4439 4477
f 4477 4375 4558
f 4558 4375 4559
f 4375 4376 4559
f 4560 4559 4376
f 4376 4339 4560
f 4339 4442 4560
f 4478 4561 4340
f 4560 4442 4517
f 4562 4311 4561
f 4311 4340 4561
f 4562 4443 4311
f 4443 4563 4444
f 4564 4563 4443
f 4562 4564 4443
f 4517 4310 4410
f 4444 4563 4445
f 4445 4563 4519
f 4445 4519 4411
f 4380 4479 4520
f 4412 4565 4342
f 4566 4413 4342
f 4567 4479 4446
f 4413 4568 4384
f 4521 4567 4446
f 4314 4522 4481
f 4449 4521 4447
f 4287 4481 4569
f 4386 4287 4569
f 4570 4386 4569
f 4449 4386 4570
f 4387 4571 4482
f 4572 4387 4288
f 4414 4572 4288
f 4388 4573 4414
f 4523 4524 4452
f 4318 4483 4484
f 4353 4455 4527
f 4416 4484 4574
f 4416 4574 4485
f 4392 4575 4455
f 4485 4574 4486
f 4417 4457 4576
f 4417 4577 4528
f 4578 4320 4420
f 4579 4489 4488
f 4580 4491 4489
f 4492 4581 4459
f 4581 4492 4582
f 4459 4581 4493
f 4359 4423 4583
f 4529 4493 4584
f 4423 4495 4583
f 4529 4585 4460
f 4460 4585 4494
f 4585 4530 4494
f 4530 4586 4497
f 4497 4586 4499
f 4496 4498 4587
f 4499 4586 4532
f 4588 4587 4498
f 4531 4588 4498
f 4588 4531 4589
f 4590 4500 4532
f 4462 4500 4535
f 4533 4589 4531
f 4591 4535 4500
f 4533 4534 4592
f 4593 4533 4592
f 4593 4589 4533
f 4537 4535 4539
f 4535 4594 4539
f 4592 4534 4542
f 4540 4539 4595
f 4592 4542 4549
f 4596 4540 4595
f 4543 4540 4596
f 4593 4592 4597
f 4598 4596 4595
f 4543 4596 4599
f 4547 4543 4599
f 4597 4592 4549
f 4599 4596 4598
f 4508 4547 4599
f 4597 4549 4550
f 4600 4601 4597
f 4550 4600 4597
f 4599 4598 4551
f 4551 4598 4602
f 4508 4599 4551
f 4550 4511 4600
f 4552 4602 4603
f 4551 4602 4471
f 4471 4602 4552
f 4600 4511 4553
f 4552 4604 4512
f 4604 4554 4512
f 4553 4514 4605
f 4554 4555 4513
f 4557 4605 4514
f 4556 4606 4438
f 4606 4515 4438
f 4515 4607 4476
f 4516 4608 4407
f 4407 4408 4377
f 4609 4441 4409
f 4517 4410 4610
f 4410 4518 4610
f 4519 4611 4412
f 4565 4566 4342
f 4568 4413 4566
f 4612 4479 4567
f 4568 4480 4384
f 4571 4387 4572
f 4388 4613 4573
f 4388 4389 4613
f 4389 4450 4613
f 4614 4451 4482
f 4523 4451 4615
f 4615 4451 4614
f 4348 4616 4450
f 4349 4616 4348
f 4523 4617 4524
f 4617 4523 4615
f 4524 4617 4454
f 4618 4484 4483
f 4455 4619 4527
f 4457 4486 4576
f 4392 4487 4575
f 4417 4576 4577
f 4528 4577 4620
f 4488 4528 4620
f 4487 4320 4578
f 4488 4620 4579
f 4621 4489 4579
f 4578 4420 4490
f 4489 4621 4580
f 4491 4580 4622
f 4492 4491 4622
f 4492 4622 4582
f 4359 4583 4490
f 4581 4623 4493
f 4584 4493 4623
f 4624 4586 4530
f 4586 4625 4532
f 4590 4591 4500
f 4535 4591 4594
f 4589 4593 4626
f 4595 4594 4627
f 4594 4595 4539
f 4626 4593 4601
f 4593 4597 4601
f 4628 4595 4627
f 4595 4628 4598
f 4598 4628 4602
f 4600 4629 4601
f 4602 4628 4603
f 4552 4603 4604
f 4629 4600 4605
f 4600 4553 4605
f 4554 4604 4630
f 4630 4604 4631
f 4630 4632 4554
f 4632 4555 4554
f 4555 4632 4633
f 4633 4556 4555
f 4556 4633 4606
f 4606 4634 4515
f 4515 4634 4607
f 4635 4557 4477
f 4476 4607 4516
f 4516 4607 4636
f 4637 4516 4636
f 4477 4558 4635
f 4608 4516 4637
f 4638 4408 4407
f 4408 4638 4409
f 4559 4560 4639
f 4561 4640 4562
f 4640 4564 4562
f 4560 4517 4610
f 4564 4641 4563
f 4519 4563 4642
f 4610 4518 4520
f 4611 4643 4412
f 4565 4412 4643
f 4520 4612 4644
f 4520 4479 4612
f 4568 4645 4480
f 4521 4570 4646
f 4521 4449 4570
f 4573 4572 4414
f 4482 4571 4614
f 4647 4615 4614
f 4349 4453 4616
f 4454 4617 4526
f 4526 4618 4483
f 4526 4648 4618
f 4484 4618 4649
f 4574 4484 4649
f 4619 4455 4575
f 4486 4574 4650
f 4486 4651 4576
f 4487 4652 4575
f 4577 4653 4620
f 4652 4487 4578
f 4583 4654 4490
f 4655 4581 4582
f 4623 4581 4655
f 4655 4656 4623
f 4584 4623 4656
f 4583 4495 4657
f 4658 4529 4584
f 4495 4496 4659
f 4529 4660 4585
f 4585 4660 4530
f 4660 4529 4658
f 4587 4659 4496
f 4660 4624 4530
f 4624 4625 4586
f 4625 4661 4532
f 4532 4661 4590
f 4588 4589 4626
f 4626 4662 4588
f 4663 4591 4590
f 4664 4662 4626
f 4594 4591 4627
f 4627 4591 4665
f 4601 4664 4626
f 4666 4628 4627
f 4628 4666 4603
f 4603 4666 4604
f 4667 4629 4605
f 4667 4605 4557
f 4635 4668 4557
f 4607 4634 4669
f 4607 4669 4636
f 4670 4637 4636
f 4608 4638 4407
f 4558 4559 4671
f 4671 4559 4639
f 4672 4609 4638
f 4638 4609 4409
f 4639 4560 4673
f 4674 4561 4478
f 4673 4560 4675
f 4561 4674 4640
f 4676 4564 4640
f 4560 4610 4675
f 4641 4642 4563
f 4677 4610 4520
f 4567 4678 4679
f 4612 4567 4679
f 4480 4680 4522
f 4645 4680 4480
f 4678 4567 4521
f 4522 4681 4481
f 4569 4646 4570
f 4481 4681 4569
f 4572 4682 4571
f 4683 4615 4647
f 4684 4617 4615
f 4617 4684 4526
f 4526 4684 4648
f 4525 4685 4453
f 4686 4525 4527
f 4527 4619 4686
f 4651 4486 4650
f 4575 4687 4619
f 4577 4576 4688
f 4653 4577 4688
f 4579 4620 4689
f 4621 4579 4689
f 4690 4580 4621
f 4580 4690 4622
f 4691 4582 4622
f 4490 4654 4578
f 4582 4691 4655
f 4692 4656 4655
f 4657 4495 4659
f 4659 4587 4693
f 4694 4625 4624
f 4587 4588 4693
f 4695 4625 4694
f 4661 4625 4695
f 4693 4588 4696
f 4696 4588 4662
f 4590 4661 4663
f 4665 4591 4663
f 4601 4629 4664
f 4697 4627 4665
f 4698 4664 4629
f 4627 4697 4666
f 4697 4699 4666
f 4604 4666 4699
f 4698 4629 4667
f 4700 4604 4699
f 4700 4631 4604
f 4701 4630 4631
f 4702 4630 4701
f 4702 4632 4630
f 4702 4703 4632
f 4667 4557 4668
f 4632 4703 4633
f 4633 4703 4606
f 4606 4703 4634
f 4704 4636 4669
f 4636 4704 4670
f 4705 4635 4558
f 4637 4638 4608
f 4609 4706 4441
f 4441 4706 4674
f 4441 4674 4478
f 4674 4676 4640
f 4564 4676 4641
f 4611 4519 4642
f 4520 4644 4677
f 4565 4643 4707
f 4612 4679 4644
f 4565 4707 4566
f 4566 4707 4568
f 4646 4708 4521
f 4708 4678 4521
f 4571 4709 4614
f 4573 4710 4572
f 4647 4614 4709
f 4711 4709 4571
f 4709 4683 4647
f 4616 4712 4450
f 4615 4683 4684
f 4684 4713 4648
f 4618 4714 4649
f 4649 4715 4574
f 4715 4650 4574
f 4576 4651 4688
f 4575 4716 4687
f 4688 4717 4653
f 4716 4575 4652
f 4620 4653 4689
f 4718 4690 4621
f 4691 4719 4655
f 4719 4720 4655
f 4720 4692 4655
f 4721 4692 4720
f 4584 4656 4692
f 4721 4722 4692
f 4692 4723 4584
f 4723 4692 4722
f 4658 4584 4723
f 4660 4658 4724
f 4624 4660 4694
f 4695 4725 4661
f 4661 4725 4663
f 4662 4664 4696
f 4663 4725 4726
f 4665 4663 4726
f 4665 4726 4697
f 4726 4727 4697
f 4699 4697 4727
f 4728 4699 4727
f 4698 4667 4729
f 4729 4667 4730
f 4631 4700 4701
f 4701 4731 4702
f 4731 4703 4702
f 4667 4668 4730
f 4634 4703 4732
f 4732 4669 4634
f 4705 4733 4668
f 4668 4635 4705
f 4734 4638 4637
f 4671 4639 4735
f 4736 4706 4609
f 4639 4673 4735
f 4737 4676 4674
f 4676 4738 4739
f 4739 4740 4642
f 4641 4739 4642
f 4676 4739 4641
f 4642 4741 4611
f 4644 4679 4742
f 4743 4568 4707
f 4743 4645 4568
f 4522 4744 4681
f 4681 4745 4569
f 4682 4572 4710
f 4571 4682 4711
f 4613 4746 4573
f 4450 4747 4613
f 4748 4713 4684
f 4683 4748 4684
f 4453 4685 4616
f 4525 4686 4685
f 4648 4713 4714
f 4618 4648 4714
f 4687 4749 4619
f 4688 4750 4717
f 4621 4689 4718
f 4622 4690 4751
f 4691 4622 4751
f 4691 4752 4719
f 4583 4657 4654
f 4659 4693 4753
f 4660 4724 4694
f 4693 4696 4754
f 4755 4695 4694
f 4696 4664 4756
f 4726 4757 4727
f 4664 4698 4756
f 4756 4698 4729
f 4728 4758 4699
f 4699 4758 4700
f 4758 4701 4700
f 4730 4668 4733
f 4732 4759 4669
f 4704 4669 4759
f 4670 4704 4760
f 4760 4761 4670
f 4670 4761 4637
f 4761 4734 4637
f 4672 4638 4734
f 4762 4763 4706
f 4706 4763 4674
f 4735 4673 4764
f 4737 4765 4676
f 4765 4738 4676
f 4766 4764 4675
f 4764 4673 4675
f 4610 4767 4675
f 4610 4677 4767
f 4611 4741 4768
f 4644 4742 4769
f 4707 4643 4770
f 4679 4678 4708
f 4522 4680 4744
f 4646 4569 4745
f 4746 4710 4573
f 4712 4747 4450
f 4709 4771 4683
f 4711 4771 4709
f 4683 4771 4748
f 4619 4772 4686
f 4688 4651 4773
f 4750 4688 4773
f 4716 4774 4687
f 4689 4653 4775
f 4718 4689 4775
f 4578 4776 4652
f 4776 4578 4654
f 4776 4654 4777
f 4720 4778 4721
f 4721 4778 4722
f 4723 4722 4779
f 4657 4659 4753
f 4658 4780 4724
f 4723 4780 4658
f 4753 4693 4754
f 4781 4724 4780
f 4694 4724 4781
f 4694 4781 4755
f 4695 4755 4725
f 4754 4696 4756
f 4725 4755 4726
f 4755 4757 4726
f 4757 4782 4727
f 4727 4782 4728
f 4782 4758 4728
f 4758 4783 4701
f 4701 4783 4731
f 4731 4783 4732
f 4731 4732 4703
f 4784 4704 4759
f 4760 4704 4784
f 4785 4705 4558
f 4672 4736 4609
f 4763 4737 4674
f 4786 4739 4738
f 4739 4786 4740
f 4740 4741 4642
f 4767 4677 4769
f 4768 4787 4611
f 4611 4787 4643
f 4787 4770 4643
f 4644 4769 4677
f 4742 4679 4788
f 4679 4708 4788
f 4789 4708 4646
f 4646 4745 4790
f 4681 4791 4745
f 4710 4792 4682
f 4747 4746 4613
f 4682 4793 4711
f 4794 4712 4616
f 4685 4794 4616
f 4748 4795 4713
f 4713 4795 4714
f 4796 4685 4686
f 4772 4796 4686
f 4649 4714 4797
f 4797 4715 4649
f 4749 4772 4619
f 4798 4650 4715
f 4650 4798 4773
f 4651 4650 4773
f 4717 4750 4799
f 4717 4799 4653
f 4800 4716 4652
f 4653 4799 4775
f 4690 4718 4801
f 4690 4801 4751
f 4752 4691 4751
f 4777 4654 4802
f 4719 4752 4803
f 4803 4720 4719
f 4657 4802 4654
f 4803 4778 4720
f 4778 4779 4722
f 4778 4804 4779
f 4805 4723 4779
f 4805 4806 4723
f 4806 4780 4723
f 4753 4754 4807
f 4808 4781 4780
f 4755 4781 4808
f 4808 4809 4755
f 4757 4755 4809
f 4756 4729 4810
f 4757 4811 4782
f 4812 4729 4730
f 4758 4782 4813
f 4758 4813 4783
f 4813 4814 4783
f 4730 4733 4812
f 4732 4783 4814
f 4759 4732 4814
f 4815 4816 4784
f 4816 4760 4784
f 4816 4817 4760
f 4760 4817 4761
f 4817 4734 4761
f 4558 4671 4785
f 4706 4736 4818
f 4766 4675 4767
f 4770 4819 4707
f 4819 4820 4707
f 4820 4743 4707
f 4789 4788 4708
f 4789 4646 4790
f 4711 4793 4771
f 4821 4793 4682
f 4792 4821 4682
f 4771 4822 4748
f 4797 4714 4795
f 4750 4773 4823
f 4718 4775 4824
f 4801 4718 4824
f 4751 4801 4825
f 4751 4825 4826
f 4752 4751 4827
f 4802 4657 4753
f 4803 4804 4778
f 4804 4828 4779
f 4828 4805 4779
f 4829 4808 4780
f 4829 4780 4806
f 4809 4808 4830
f 4831 4830 4808
f 4830 4811 4757
f 4809 4830 4757
f 4810 4729 4812
f 4811 4832 4782
f 4782 4832 4813
f 4813 4832 4833
f 4814 4813 4833
f 4834 4759 4814
f 4784 4759 4834
f 4815 4784 4834
f 4816 4815 4835
f 4835 4817 4816
f 4836 4672 4734
f 4706 4818 4762
f 4671 4735 4837
f 4763 4762 4838
f 4763 4765 4737
f 4839 4765 4763
f 4786 4738 4840
f 4786 4841 4740
f 4741 4740 4841
f 4769 4842 4767
f 4820 4843 4743
f 4743 4843 4844
f 4743 4844 4645
f 4745 4845 4790
f 4744 4846 4791
f 4744 4791 4681
f 4847 4710 4746
f 4771 4793 4822
f 4848 4822 4793
f 4822 4795 4748
f 4795 4849 4797
f 4850 4772 4749
f 4774 4749 4687
f 4750 4823 4851
f 4774 4716 4800
f 4799 4851 4852
f 4799 4750 4851
f 4652 4776 4800
f 4799 4852 4853
f 4824 4799 4853
f 4775 4799 4824
f 4800 4776 4854
f 4825 4801 4824
f 4751 4826 4827
f 4855 4752 4827
f 4752 4855 4803
f 4806 4805 4856
f 4856 4805 4828
f 4856 4829 4806
f 4829 4857 4808
f 4857 4831 4808
f 4858 4756 4810
f 4859 4830 4831
f 4859 4811 4830
f 4859 4860 4811
f 4860 4832 4811
f 4833 4832 4860
f 4861 4833 4860
f 4861 4814 4833
f 4834 4814 4861
f 4815 4834 4862
f 4863 4733 4705
f 4817 4836 4734
f 4785 4671 4837
f 4837 4735 4864
f 4763 4838 4839
f 4839 4865 4765
f 4735 4764 4864
f 4865 4840 4765
f 4765 4840 4738
f 4866 4867 4786
f 4840 4866 4786
f 4867 4841 4786
f 4741 4841 4868
f 4768 4741 4868
f 4742 4869 4870
f 4742 4788 4869
f 4869 4788 4789
f 4680 4645 4844
f 4744 4680 4846
f 4845 4745 4791
f 4847 4871 4710
f 4747 4847 4746
f 4822 4848 4872
f 4712 4873 4747
f 4849 4822 4872
f 4795 4822 4849
f 4796 4794 4685
f 4849 4874 4797
f 4797 4875 4798
f 4715 4797 4798
f 4774 4850 4749
f 4876 4773 4798
f 4773 4876 4823
f 4774 4800 4877
f 4776 4777 4854
f 4824 4878 4825
f 4802 4879 4777
f 4803 4855 4880
f 4881 4802 4753
f 4803 4880 4804
f 4882 4883 4828
f 4882 4828 4804
f 4883 4884 4828
f 4884 4856 4828
f 4857 4859 4831
f 4885 4861 4860
f 4886 4861 4885
f 4834 4861 4886
f 4862 4834 4886
f 4862 4887 4815
f 4835 4815 4887
f 4887 4888 4835
f 4888 4817 4835
f 4888 4836 4817
f 4863 4705 4785
f 4836 4889 4672
f 4889 4736 4672
f 4762 4818 4838
f 4864 4764 4766
f 4842 4890 4767
f 4742 4842 4769
f 4869 4789 4891
f 4790 4845 4789
f 4845 4892 4789
f 4891 4789 4892
f 4680 4844 4846
f 4845 4791 4893
f 4848 4793 4821
f 4794 4873 4712
f 4794 4796 4894
f 4797 4874 4875
f 4796 4772 4895
f 4850 4895 4772
f 4875 4896 4798
f 4798 4896 4876
f 4774 4897 4850
f 4823 4876 4898
f 4877 4897 4774
f 4851 4823 4898
f 4800 4899 4877
f 4800 4854 4899
f 4878 4824 4853
f 4826 4878 4900
f 4826 4825 4878
f 4879 4854 4777
f 4826 4900 4901
f 4827 4826 4901
f 4827 4901 4855
f 4879 4802 4881
f 4880 4855 4902
f 4880 4882 4804
f 4753 4807 4903
f 4884 4904 4856
f 4754 4756 4807
f 4856 4905 4829
f 4904 4905 4856
f 4857 4829 4905
f 4905 4906 4857
f 4906 4859 4857
f 4906 4907 4859
f 4907 4860 4859
f 4885 4860 4907
f 4908 4886 4885
f 4887 4908 4909
f 4862 4886 4908
f 4887 4862 4908
f 4887 4909 4888
f 4812 4733 4910
f 4733 4863 4911
f 4912 4818 4736
f 4839 4913 4865
f 4867 4914 4841
f 4866 4914 4867
f 4766 4767 4890
f 4768 4915 4787
f 4915 4916 4787
f 4787 4916 4770
f 4916 4819 4770
f 4842 4742 4870
f 4843 4917 4844
f 4917 4846 4844
f 4846 4918 4791
f 4919 4821 4792
f 4848 4821 4920
f 4821 4919 4920
f 4872 4848 4920
f 4873 4847 4747
f 4921 4849 4872
f 4874 4849 4921
f 4921 4875 4874
f 4895 4894 4796
f 4850 4922 4895
f 4896 4923 4876
f 4897 4922 4850
f 4852 4851 4924
f 4852 4925 4853
f 4926 4853 4925
f 4878 4853 4927
f 4855 4901 4928
f 4855 4928 4902
f 4882 4880 4929
f 4753 4903 4881
f 4882 4929 4930
f 4930 4883 4882
f 4884 4883 4930
f 4930 4931 4884
f 4931 4904 4884
f 4932 4904 4931
f 4904 4933 4905
f 4933 4904 4932
f 4807 4756 4858
f 4905 4907 4906
f 4933 4934 4905
f 4934 4907 4905
f 4810 4812 4935
f 4908 4885 4907
f 4934 4908 4907
f 4934 4909 4908
f 4909 4934 4936
f 4937 4909 4936
f 4909 4937 4888
f 4889 4912 4736
f 4838 4913 4839
f 4938 4913 4838
f 4913 4939 4865
f 4939 4940 4840
f 4939 4840 4865
f 4840 4940 4866
f 4864 4766 4941
f 4941 4766 4890
f 4868 4915 4768
f 4942 4842 4870
f 4870 4869 4891
f 4893 4791 4918
f 4919 4792 4943
f 4792 4710 4944
f 4944 4710 4871
f 4921 4945 4875
f 4875 4945 4896
f 4923 4946 4876
f 4851 4898 4924
f 4877 4947 4897
f 4877 4899 4947
f 4925 4852 4924
f 4926 4927 4853
f 4878 4948 4900
f 4878 4927 4948
f 4901 4900 4948
f 4880 4902 4929
f 4949 4929 4902
f 4930 4929 4950
f 4951 4930 4950
f 4930 4951 4931
f 4952 4932 4931
f 4932 4952 4933
f 4953 4933 4952
f 4810 4935 4858
f 4933 4936 4934
f 4953 4936 4933
f 4935 4812 4910
f 4888 4889 4836
f 4954 4911 4863
f 4954 4863 4785
f 4838 4955 4938
f 4838 4818 4955
f 4938 4939 4913
f 4940 4914 4866
f 4940 4956 4914
f 4914 4956 4841
f 4916 4957 4819
f 4957 4958 4819
f 4870 4891 4942
f 4958 4820 4819
f 4820 4959 4843
f 4893 4960 4845
f 4961 4960 4893
f 4920 4919 4962
f 4943 4962 4919
f 4873 4794 4963
f 4920 4964 4872
f 4964 4920 4962
f 4872 4964 4921
f 4894 4963 4794
f 4945 4921 4964
f 4876 4946 4898
f 4897 4965 4922
f 4924 4898 4966
f 4925 4924 4967
f 4901 4948 4968
f 4928 4901 4968
f 4969 4928 4968
f 4902 4928 4969
f 4969 4949 4902
f 4929 4970 4950
f 4971 4951 4950
f 4951 4971 4972
f 4931 4951 4972
f 4931 4972 4952
f 4972 4973 4952
f 4973 4953 4952
f 4973 4974 4953
f 4953 4974 4936
f 4936 4974 4937
f 4937 4974 4888
f 4974 4889 4888
f 4912 4955 4818
f 4938 4955 4975
f 4939 4938 4976
f 4977 4940 4939
f 4940 4977 4956
f 4956 4978 4841
f 4868 4979 4915
f 4942 4891 4980
f 4959 4917 4843
f 4792 4944 4943
f 4962 4943 4981
f 4847 4982 4871
f 4964 4962 4981
f 4966 4898 4946
f 4897 4947 4965
f 4899 4983 4947
f 4925 4967 4984
f 4984 4926 4925
f 4983 4899 4985
f 4985 4899 4854
f 4854 4879 4985
f 4927 4986 4948
f 4969 4968 4987
f 4969 4987 4988
f 4879 4881 4989
f 4949 4969 4988
f 4949 4970 4929
f 4970 4971 4950
f 4807 4990 4903
f 4991 4972 4971
f 4972 4992 4973
f 4992 4993 4973
f 4973 4993 4974
f 4910 4733 4911
f 4994 4912 4889
f 4785 4837 4954
f 4995 4955 4912
f 4837 4864 4996
f 4975 4976 4938
f 4996 4864 4941
f 4977 4939 4997
f 4998 4999 4977
f 4977 4978 4956
f 4977 4999 4978
f 4841 4978 4979
f 4841 4979 4868
f 4959 4820 4958
f 4959 5000 4917
f 5001 4980 4892
f 4980 4891 4892
f 4917 5002 4846
f 4918 5003 4893
f 4893 5003 4961
f 5001 4845 4960
f 4892 4845 5001
f 4964 5004 4945
f 4964 4981 5004
f 4896 4945 5005
f 5005 5006 4896
f 4896 5006 4923
f 5006 4946 4923
f 4922 5007 4895
f 4965 5007 4922
f 4947 4983 4965
f 4986 4927 4926
f 4879 5008 4985
f 5009 4948 4986
f 4948 5009 4968
f 5009 4987 4968
f 5008 4879 4989
f 4989 4881 4903
f 4949 4988 5010
f 4949 5010 4970
f 4970 5010 5011
f 4970 5011 4971
f 4990 4807 5012
f 4991 5013 4972
f 4807 4858 5012
f 4993 5014 4974
f 4974 5014 4889
f 5014 4994 4889
f 4994 4995 4912
f 4837 4996 4954
f 4995 5015 4955
f 5016 4975 5015
f 5015 4975 4955
f 5016 5017 4976
f 4975 5016 4976
f 5017 4997 4976
f 4997 4998 4977
f 4976 4997 4939
f 4979 5018 4915
f 4957 4915 5018
f 4915 4957 4916
f 4942 4980 5019
f 4960 5020 5001
f 4846 5002 5003
f 4918 4846 5003
f 5021 4943 4944
f 4847 4873 4982
f 4981 4943 5021
f 4982 4944 4871
f 4873 5022 4982
f 4963 5022 4873
f 5004 5005 4945
f 5023 4894 4895
f 5023 4895 5007
f 4967 4924 5024
f 5024 4924 4966
f 5025 4987 5009
f 5025 4988 4987
f 5010 4988 5025
f 4989 4903 4990
f 4971 5011 4991
f 5026 5013 4991
f 4972 5013 4992
f 4858 4935 5012
f 5027 5014 4993
f 4910 4911 5028
f 4998 5029 4999
f 4999 5030 4978
f 4978 5030 4979
f 4842 5031 4890
f 4942 5019 5032
f 5002 4917 5000
f 4960 4961 5033
f 5004 4981 5021
f 5034 4966 4946
f 4965 5035 5007
f 5036 4966 5034
f 5036 5024 4966
f 4965 5037 5035
f 4983 5037 4965
f 5024 4984 4967
f 4926 4984 5038
f 4926 5038 4986
f 4986 5038 5039
f 4986 5039 5009
f 5040 5009 5039
f 5040 5025 5009
f 5041 5010 5025
f 5011 5010 5041
f 5011 5041 5042
f 5011 5042 4991
f 4991 5042 5026
f 5043 4992 5013
f 4992 5043 4993
f 5012 4935 4910
f 5043 5027 4993
f 5044 4910 5028
f 5027 5045 5014
f 5014 5045 4994
f 4911 4954 5046
f 5015 4995 5047
f 5048 5015 5047
f 4954 4996 5046
f 5017 5016 5048
f 5048 5016 5015
f 5046 4996 5049
f 5017 5050 4997
f 4998 5051 5052
f 5050 4998 4997
f 4996 4941 5049
f 4998 5052 5029
f 5029 5030 4999
f 4979 5030 5053
f 5054 5018 4979
f 4941 4890 5055
f 5055 4890 5031
f 5056 4957 5018
f 4842 5032 5031
f 4942 5032 4842
f 4957 5057 4958
f 5019 4980 5001
f 5020 4960 5033
f 5023 5058 4894
f 5005 5059 4946
f 5006 5005 4946
f 5059 5034 4946
f 4983 5060 5037
f 4983 4985 5060
f 5060 4985 5008
f 5061 5039 5038
f 5041 5025 5040
f 4989 4990 5062
f 5062 4990 5063
f 5026 5042 5064
f 4990 5012 5063
f 5026 5064 5013
f 5013 5064 5065
f 5013 5065 5043
f 5043 5065 5027
f 5028 4911 5046
f 4995 5045 5066
f 4995 5066 5047
f 4994 5045 4995
f 5048 5067 5017
f 5067 5050 5017
f 5050 5051 4998
f 5030 5029 5068
f 5068 5029 5052
f 5053 5054 4979
f 5056 5057 4957
f 5069 5032 5019
f 5069 5019 5001
f 5000 5070 5002
f 5003 5071 4961
f 5071 5033 4961
f 5003 5002 5071
f 4944 4982 5072
f 5021 4944 5073
f 5074 5073 4944
f 5021 5075 5004
f 5073 5075 5021
f 4963 4894 5058
f 5004 5076 5005
f 5005 5077 5059
f 5024 5036 5078
f 5024 5079 5080
f 5024 5080 4984
f 4984 5081 5038
f 4984 5080 5081
f 5038 5081 5082
f 5038 5082 5061
f 5083 5008 4989
f 5040 5039 5061
f 5040 5084 5041
f 5085 5042 5041
f 5086 5012 4910
f 5027 5065 5087
f 5088 5027 5087
f 5027 5088 5045
f 5066 5089 5047
f 5047 5089 5048
f 5051 5090 5052
f 5052 5090 5068
f 5030 5068 5053
f 4941 5055 5049
f 5032 5091 5031
f 4958 5000 4959
f 5092 5093 5001
f 5069 5001 5093
f 5070 5071 5002
f 5092 5020 5033
f 5001 5020 5092
f 5074 4944 5072
f 5022 5072 4982
f 5022 4963 5094
f 5075 5076 5004
f 5058 5094 4963
f 5005 5076 5077
f 5059 5077 5034
f 5077 5095 5034
f 5095 5036 5034
f 5035 5096 5007
f 5078 5079 5024
f 5060 5097 5037
f 5060 5008 5097
f 5080 5098 5081
f 5061 5082 5099
f 5040 5061 5099
f 5083 4989 5062
f 5100 5040 5099
f 5100 5084 5040
f 5041 5084 5085
f 5084 5100 5085
f 5085 5101 5042
f 5042 5101 5064
f 5101 5102 5064
f 5064 5102 5065
f 5088 5066 5045
f 5103 5048 5089
f 5103 5104 5067
f 5048 5103 5067
f 5105 5090 5104
f 5067 5104 5050
f 5104 5090 5050
f 5050 5090 5051
f 5106 5090 5105
f 5090 5106 5068
f 5053 5068 5106
f 5053 5107 5054
f 5018 5054 5108
f 5109 4958 5057
f 4958 5110 5000
f 5110 5070 5000
f 5072 5111 5074
f 5076 5075 5112
f 5076 5113 5077
f 5076 5112 5113
f 5095 5077 5114
f 5023 5007 5096
f 5095 5115 5036
f 5036 5115 5078
f 5037 5116 5035
f 5078 5117 5079
f 5079 5117 5098
f 5080 5079 5098
f 5097 5008 5118
f 5081 5119 5082
f 5083 5118 5008
f 5082 5119 5120
f 5082 5120 5099
f 5100 5099 5121
f 5100 5122 5085
f 5085 5122 5101
f 5123 5102 5101
f 5012 5086 5124
f 5086 4910 5044
f 5065 5125 5087
f 5102 5125 5065
f 5126 5087 5125
f 5087 5126 5088
f 5066 5088 5127
f 5089 5066 5127
f 5103 5128 5104
f 5105 5129 5130
f 5128 5129 5104
f 5104 5129 5105
f 5106 5105 5130
f 5046 5049 5131
f 5055 5131 5049
f 5108 5056 5018
f 5091 5032 5132
f 5109 5057 5056
f 5109 5133 4958
f 5132 5069 5134
f 5032 5069 5132
f 5110 4958 5133
f 5134 5069 5093
f 5135 5092 5033
f 5033 5071 5135
f 5075 5073 5136
f 5072 5022 5137
f 5112 5075 5136
f 5077 5113 5114
f 5023 5096 5058
f 5095 5114 5115
f 5115 5138 5078
f 5035 5116 5096
f 5116 5037 5097
f 5097 5139 5116
f 5097 5118 5139
f 5081 5098 5140
f 5081 5140 5119
f 5083 5141 5118
f 5120 5119 5142
f 5143 5141 5083
f 5083 5062 5143
f 5099 5120 5121
f 5062 5063 5124
f 5121 5144 5100
f 5122 5100 5144
f 5144 5123 5122
f 5122 5123 5101
f 5063 5012 5124
f 5125 5102 5123
f 5086 5044 5145
f 5044 5028 5145
f 5126 5127 5088
f 5127 5146 5103
f 5127 5103 5089
f 5028 5046 5147
f 5146 5128 5103
f 5129 5148 5130
f 5106 5107 5053
f 5149 5054 5107
f 5055 5031 5091
f 5108 5150 5056
f 5133 5109 5151
f 5152 5093 5092
f 5070 5153 5071
f 5153 5135 5071
f 5154 5072 5137
f 5136 5073 5155
f 5074 5155 5073
f 5111 5155 5074
f 5154 5111 5072
f 5022 5094 5137
f 5094 5058 5096
f 5094 5096 5156
f 5157 5114 5113
f 5115 5114 5158
f 5115 5158 5138
f 5078 5138 5159
f 5117 5078 5159
f 5098 5117 5160
f 5160 5140 5098
f 5142 5161 5120
f 5143 5062 5162
f 5162 5062 5124
f 5120 5161 5121
f 5121 5161 5163
f 5121 5163 5164
f 5144 5121 5164
f 5165 5144 5164
f 5123 5144 5165
f 5123 5165 5166
f 5124 5086 5167
f 5166 5168 5125
f 5166 5125 5123
f 5145 5167 5086
f 5168 5126 5125
f 5126 5169 5127
f 5168 5169 5126
f 5145 5028 5147
f 5169 5170 5127
f 5129 5171 5172
f 5127 5170 5146
f 5170 5171 5129
f 5129 5172 5148
f 5128 5170 5129
f 5146 5170 5128
f 5173 5148 5174
f 5148 5173 5130
f 5147 5046 5131
f 5107 5173 5175
f 5130 5173 5106
f 5173 5107 5106
f 5108 5149 5176
f 5149 5108 5054
f 5055 5091 5177
f 5091 5178 5179
f 5091 5132 5178
f 5151 5180 5133
f 5134 5093 5152
f 5110 5181 5070
f 5153 5070 5181
f 5092 5135 5182
f 5152 5092 5182
f 5112 5157 5113
f 5157 5112 5136
f 5114 5157 5158
f 5158 5183 5138
f 5139 5118 5184
f 5118 5185 5184
f 5118 5141 5185
f 5119 5140 5142
f 5142 5140 5186
f 5142 5186 5187
f 5142 5187 5161
f 5161 5187 5188
f 5161 5188 5163
f 5189 5163 5188
f 5164 5163 5190
f 5165 5164 5190
f 5165 5190 5191
f 5166 5165 5191
f 5166 5191 5168
f 5191 5190 5192
f 5191 5192 5193
f 5168 5191 5194
f 5194 5191 5193
f 5168 5194 5169
f 5194 5193 5170
f 5192 5195 5171
f 5170 5192 5171
f 5193 5192 5170
f 5194 5170 5169
f 5171 5195 5172
f 5172 5195 5174
f 5148 5172 5174
f 5174 5196 5173
f 5175 5173 5196
f 5175 5197 5107
f 5149 5107 5197
f 5131 5055 5177
f 5091 5179 5177
f 5150 5109 5056
f 5178 5132 5198
f 5152 5198 5134
f 5132 5134 5198
f 5110 5133 5180
f 5110 5180 5181
f 5153 5199 5135
f 5199 5153 5181
f 5154 5155 5111
f 5157 5136 5200
f 5201 5157 5200
f 5202 5157 5201
f 5158 5157 5202
f 5156 5096 5203
f 5202 5183 5158
f 5096 5116 5203
f 5183 5159 5138
f 5116 5139 5204
f 5117 5159 5160
f 5159 5205 5160
f 5139 5206 5204
f 5184 5206 5139
f 5207 5140 5160
f 5186 5140 5207
f 5185 5141 5143
f 5188 5187 5208
f 5189 5188 5208
f 5124 5167 5162
f 5209 5210 5189
f 5163 5189 5210
f 5163 5210 5190
f 5190 5210 5195
f 5195 5210 5211
f 5192 5190 5195
f 5195 5211 5174
f 5212 5147 5177
f 5147 5131 5177
f 5108 5213 5150
f 5151 5109 5214
f 5214 5109 5150
f 5215 5152 5182
f 5198 5152 5215
f 5216 5199 5181
f 5154 5137 5217
f 5136 5155 5218
f 5137 5094 5217
f 5200 5136 5218
f 5094 5156 5217
f 5202 5219 5183
f 5219 5220 5183
f 5183 5220 5159
f 5203 5116 5204
f 5221 5187 5186
f 5185 5222 5184
f 5143 5222 5185
f 5208 5187 5223
f 5224 5143 5162
f 5189 5225 5209
f 5189 5208 5225
f 5210 5209 5211
f 5226 5174 5211
f 5145 5147 5212
f 5196 5174 5226
f 5177 5227 5212
f 5176 5213 5108
f 5178 5228 5229
f 5179 5178 5229
f 5230 5151 5214
f 5198 5215 5228
f 5178 5198 5228
f 5151 5230 5180
f 5181 5180 5231
f 5216 5181 5231
f 5232 5135 5199
f 5182 5135 5232
f 5218 5155 5233
f 5154 5233 5155
f 5234 5154 5217
f 5201 5200 5235
f 5235 5200 5218
f 5156 5236 5217
f 5235 5219 5201
f 5219 5202 5201
f 5156 5237 5236
f 5156 5203 5237
f 5220 5205 5159
f 5220 5238 5205
f 5203 5204 5239
f 5239 5204 5206
f 5205 5207 5160
f 5240 5186 5207
f 5187 5221 5223
f 5241 5222 5143
f 5143 5224 5241
f 5145 5224 5162
f 5145 5162 5167
f 5209 5242 5211
f 5242 5226 5211
f 5226 5243 5196
f 5175 5196 5243
f 5197 5175 5244
f 5212 5227 5245
f 5244 5149 5197
f 5176 5149 5244
f 5177 5179 5227
f 5179 5246 5227
f 5214 5150 5213
f 5230 5231 5180
f 5216 5232 5199
f 5247 5182 5232
f 5233 5154 5234
f 5235 5218 5233
f 5248 5219 5235
f 5249 5219 5248
f 5219 5249 5220
f 5249 5238 5220
f 5237 5203 5239
f 5250 5205 5238
f 5251 5239 5206
f 5207 5205 5250
f 5207 5250 5240
f 5184 5252 5206
f 5221 5186 5240
f 5184 5222 5252
f 5222 5241 5252
f 5225 5208 5223
f 5253 5241 5224
f 5225 5223 5254
f 5145 5255 5224
f 5256 5209 5225
f 5256 5225 5254
f 5256 5242 5209
f 5145 5212 5255
f 5257 5255 5212
f 5256 5243 5242
f 5243 5226 5242
f 5212 5245 5257
f 5244 5175 5243
f 5244 5258 5176
f 5258 5259 5176
f 5213 5176 5259
f 5260 5246 5229
f 5179 5229 5246
f 5229 5228 5260
f 5260 5215 5261
f 5228 5215 5260
f 5261 5182 5247
f 5215 5182 5261
f 5233 5262 5235
f 5233 5234 5263
f 5217 5236 5264
f 5235 5262 5248
f 5248 5262 5265
f 5217 5264 5234
f 5266 5249 5248
f 5238 5249 5266
f 5238 5267 5250
f 5250 5268 5240
f 5206 5252 5251
f 5269 5221 5240
f 5223 5221 5270
f 5254 5223 5271
f 5224 5255 5253
f 5272 5253 5255
f 5256 5254 5271
f 5243 5256 5273
f 5243 5274 5244
f 5258 5244 5274
f 5245 5227 5257
f 5246 5275 5227
f 5259 5214 5213
f 5214 5276 5230
f 5277 5216 5231
f 5232 5216 5277
f 5262 5233 5263
f 5263 5234 5264
f 5263 5278 5262
f 5279 5236 5237
f 5265 5280 5248
f 5280 5266 5248
f 5266 5267 5238
f 5239 5281 5237
f 5267 5268 5250
f 5239 5251 5282
f 5268 5269 5240
f 5221 5269 5270
f 5252 5283 5251
f 5252 5241 5283
f 5283 5241 5253
f 5223 5270 5271
f 5273 5271 5284
f 5271 5273 5256
f 5255 5257 5272
f 5273 5274 5243
f 5257 5227 5285
f 5285 5227 5275
f 5274 5286 5258
f 5246 5287 5275
f 5259 5276 5214
f 5287 5260 5288
f 5246 5260 5287
f 5276 5289 5230
f 5289 5290 5230
f 5288 5260 5291
f 5260 5261 5291
f 5291 5261 5292
f 5231 5230 5290
f 5232 5277 5247
f 5261 5247 5292
f 5264 5293 5263
f 5294 5293 5264
f 5236 5279 5264
f 5279 5294 5264
f 5295 5280 5265
f 5262 5295 5265
f 5279 5237 5281
f 5280 5267 5266
f 5280 5296 5267
f 5239 5282 5281
f 5267 5296 5268
f 5268 5296 5269
f 5297 5282 5251
f 5251 5283 5297
f 5269 5298 5270
f 5299 5283 5253
f 5270 5300 5271
f 5301 5271 5300
f 5272 5299 5253
f 5271 5301 5284
f 5272 5257 5285
f 5273 5284 5274
f 5284 5302 5274
f 5274 5302 5286
f 5286 5303 5258
f 5303 5259 5258
f 5303 5276 5259
f 5304 5305 5277
f 5277 5231 5290
f 5277 5290 5304
f 5278 5263 5306
f 5278 5295 5262
f 5293 5306 5263
f 5281 5294 5279
f 5307 5296 5280
f 5295 5307 5280
f 5296 5308 5269
f 5308 5298 5269
f 5298 5300 5270
f 5299 5297 5283
f 5300 5309 5301
f 5309 5310 5301
f 5299 5272 5311
f 5312 5311 5272
f 5301 5310 5284
f 5310 5313 5284
f 5272 5285 5312
f 5313 5314 5284
f 5312 5285 5315
f 5314 5302 5284
f 5285 5275 5315
f 5275 5316 5315
f 5317 5286 5302
f 5317 5303 5286
f 5318 5316 5287
f 5275 5287 5316
f 5287 5288 5318
f 5303 5289 5276
f 5303 5319 5289
f 5318 5291 5320
f 5321 5290 5289
f 5321 5304 5290
f 5291 5292 5320
f 5288 5291 5318
f 5292 5247 5320
f 5247 5305 5320
f 5247 5277 5305
f 5293 5322 5306
f 5322 5323 5306
f 5294 5322 5293
f 5278 5324 5295
f 5294 5281 5325
f 5307 5295 5324
f 5325 5326 5294
f 5281 5282 5325
f 5307 5308 5296
f 5325 5282 5327
f 5282 5297 5327
f 5309 5298 5308
f 5327 5297 5328
f 5298 5309 5300
f 5297 5299 5328
f 5328 5299 5329
f 5299 5311 5329
f 5311 5312 5329
f 5312 5330 5329
f 5312 5315 5330
f 5314 5331 5302
f 5317 5302 5331
f 5315 5316 5330
f 5316 5318 5332
f 5317 5319 5303
f 5318 5333 5332
f 5289 5319 5321
f 5318 5320 5333
f 5334 5304 5321
f 5334 5305 5304
f 5278 5306 5323
f 5322 5294 5326
f 5323 5324 5278
f 5324 5335 5307
f 5307 5336 5308
f 5335 5336 5307
f 5325 5327 5337
f 5336 5309 5308
f 5338 5309 5336
f 5327 5328 5337
f 5338 5339 5309
f 5328 5329 5340
f 5309 5339 5310
f 5329 5341 5340
f 5310 5339 5313
f 5313 5339 5342
f 5329 5330 5341
f 5330 5343 5341
f 5313 5342 5314
f 5342 5331 5314
f 5316 5332 5343
f 5330 5316 5343
f 5344 5317 5331
f 5319 5317 5344
f 5332 5333 5345
f 5344 5334 5321
f 5321 5319 5344
f 5345 5333 5346
f 5320 5305 5347
f 5305 5334 5347
f 5333 5320 5346
f 5322 5348 5323
f 5348 5349 5323
f 5324 5323 5349
f 5348 5322 5326
f 5326 5325 5337
f 5350 5336 5335
f 5338 5336 5350
f 5337 5328 5351
f 5328 5340 5351
f 5352 5338 5350
f 5339 5338 5352
f 5340 5353 5351
f 5340 5341 5353
f 5339 5352 5342
f 5354 5353 5341
f 5341 5343 5354
f 5342 5355 5331
f 5354 5332 5356
f 5343 5332 5354
f 5355 5344 5331
f 5332 5345 5356
f 5357 5344 5355
f 5357 5358 5347
f 5345 5359 5360
f 5334 5344 5357
f 5347 5334 5357
f 5359 5347 5358
f 5345 5346 5359
f 5359 5320 5347
f 5346 5320 5359
f 5324 5349 5361
f 5361 5335 5324
f 5361 5362 5335
f 5362 5350 5335
f 5363 5348 5326
f 5326 5337 5363
f 5351 5363 5337
f 5364 5350 5362
f 5351 5353 5363
f 5350 5364 5352
f 5353 5365 5363
f 5352 5364 5342
f 5354 5366 5365
f 5353 5354 5365
f 5364 5367 5342
f 5368 5366 5356
f 5354 5356 5366
f 5367 5355 5342
f 5369 5355 5367
f 5368 5360 5370
f 5356 5360 5368
f 5357 5355 5369
f 5358 5370 5359
f 5360 5359 5370
f 5345 5360 5356
f 5358 5357 5369
f 5349 5371 5361
f 5372 5371 5349
f 5348 5372 5349
f 5372 5348 5363
f 5362 5361 5371
f 5363 5373 5372
f 5362 5374 5364
f 5371 5374 5362
f 5375 5374 5371
f 5372 5376 5371
f 5373 5376 5372
f 5363 5365 5373
f 5376 5375 5371
f 5365 5366 5373
f 5374 5377 5364
f 5375 5377 5374
f 5366 5376 5373
f 5378 5377 5375
f 5366 5379 5376
f 5379 5378 5376
f 5364 5377 5367
f 5378 5380 5377
f 5379 5380 5378
f 5369 5367 5377
f 5380 5369 5377
f 5366 5368 5379
f 5370 5380 5379
f 5368 5370 5379
f 5369 5380 5358
f 5370 5358 5380
f 5378 5375 5376

