# https://github.com/mikedh/trimesh
v -3578.67450000 3057.76515000 493.39500000
v -3584.07450000 3075.16515000 425.80500000
v -3590.37450000 3058.72515000 353.89500000
v -3590.79450000 3080.88515000 308.54500000
v -3584.19450000 3032.46515000 285.70500000
v -3573.06450000 3032.07515000 436.67500000
v -3593.47450000 3060.30515000 229.26500000
v -3590.23450000 3048.12515000 261.76500000
v -3576.71450000 3110.95515000 247.97500000
v -3587.99450000 3078.67515000 190.47500000
v -3583.88450000 3042.47515000 177.54500000
v -3580.71450000 3090.55515000 121.92500000
v -3580.20450000 3066.24515000 106.07500000
v -3568.88450000 3092.67515000 22.83500000
v -3561.79450000 3042.05515000 605.98500000
v -3550.51450000 3044.72515000 654.60500000
v -3562.16450000 3068.56515000 559.41500000
v -3565.14450000 3043.83515000 540.85500000
v -3559.43450000 3109.62515000 486.26500000
v -3571.41450000 3083.55515000 475.11500000
v -3556.13450000 3026.48515000 570.37500000
v -3514.14450000 2975.36515000 447.30500000
v -3570.85450000 3101.62515000 395.94500000
v -3546.17450000 2998.99515000 334.99500000
v -3535.09450000 3156.72515000 398.61500000
v -3545.74450000 3153.07515000 232.20500000
v -3547.08450000 2996.78515000 267.32500000
v -3536.14450000 2995.91515000 154.19500000
v -3531.94450000 3153.20515000 42.18500000
v -3561.42450000 3038.67515000 59.81500000
v -3549.72450000 3113.79515000 -64.57500000
v -3561.82450000 3070.26515000 -12.32500000
v -3555.95450000 3094.56515000 -55.60500000
v -3547.51450000 3053.54515000 -62.32500000
v -3535.37450000 3038.56515000 744.63500000
v -3536.09450000 3055.28515000 710.54500000
v -3537.62450000 3033.60515000 724.17500000
v -3535.13450000 3010.37515000 689.34500000
v -3519.84450000 3116.07515000 629.04500000
v -3510.59450000 2976.04515000 606.93500000
v -3529.25450000 3135.27515000 524.30500000
v -3486.75450000 3227.73515000 299.38500000
v -3487.86450000 3218.72515000 152.05500000
v -3508.52450000 2995.34515000 2.23500000
v -3476.65450000 2953.56515000 73.37500000
v -3529.23450000 3136.05515000 -115.62500000
v -3547.04450000 3101.49515000 -115.04500000
v -3514.61450000 3031.94515000 -129.64500000
v -3530.80450000 3109.87515000 -180.74500000
v -3546.71450000 3086.49515000 -103.30500000
v -3524.99450000 3077.24515000 -189.50500000
v -3508.78450000 2994.74515000 848.99500000
v -3517.74450000 3034.41515000 786.71500000
v -3524.93450000 3012.82515000 767.60500000
v -3510.49450000 2978.21515000 832.09500000
v -3517.84450000 2985.82515000 773.70500000
v -3507.13450000 2967.35515000 817.83500000
v -3499.80450000 2959.83515000 763.86500000
v -3493.83450000 3098.97515000 742.73500000
v -3422.12450000 2898.84515000 662.80500000
v -3416.77450000 2898.79515000 518.30500000
v -3483.21450000 2946.62515000 274.32500000
v -3494.22450000 3176.75515000 -135.83500000
v -3419.80450000 2935.08515000 -102.68500000
v -3509.72450000 3138.08515000 -216.97500000
v -3505.76450000 3055.29515000 -239.15500000
v -3469.50450000 3001.89515000 -190.85500000
v -3512.39450000 3120.65515000 -254.13500000
v -3509.78450000 3105.85515000 -274.18500000
v -3502.94450000 3082.60515000 -298.54500000
v -3482.49450000 2994.02515000 921.09500000
v -3469.09450000 3070.89515000 845.24500000
v -3493.36450000 3010.46515000 866.88500000
v -3486.45450000 2975.15515000 916.82500000
v -3495.42450000 2968.50515000 889.04500000
v -3490.23450000 2950.72515000 869.02500000
v -3432.29450000 3217.51515000 684.48500000
v -3432.61450000 2891.07515000 816.94500000
v -3479.75450000 3198.31515000 544.14500000
v -3458.32450000 3248.30515000 452.28500000
v -3432.67450000 2911.22515000 119.76500000
v -3431.59450000 2923.64515000 24.61500000
v -3436.33450000 3254.33515000 -59.78500000
v -3443.58450000 3211.46515000 -229.44500000
v -3445.78450000 3003.22515000 -286.43500000
v -3485.33450000 3058.88515000 -320.39500000
v -3486.50450000 3140.12515000 -299.71500000
v -3484.20450000 3104.19515000 -357.50500000
v -3482.97450000 3077.36515000 -358.92500000
v -3465.23450000 3051.17515000 -367.41500000
v -3466.30450000 2966.02515000 971.78500000
v -3434.65450000 3060.80515000 924.18500000
v -3458.22450000 2920.45515000 1003.59500000
v -3478.02450000 2951.73515000 928.56500000
v -3459.19450000 2906.99515000 972.15500000
v -3468.00450000 2925.59515000 938.49500000
v -3461.28450000 2913.25515000 912.64500000
v -3426.58450000 3171.49515000 784.47500000
v -3405.15450000 3324.01515000 429.65500000
v -3459.71450000 3259.33515000 223.42500000
v -3401.98450000 3333.50515000 293.80500000
v -3451.25450000 3251.36515000 54.28500000
v -3390.03450000 3285.26515000 -149.33500000
v -3413.49450000 3224.36515000 -298.10500000
v -3456.43450000 3150.24515000 -362.42500000
v -3458.23450000 3121.65515000 -406.52500000
v -3436.61450000 3160.03515000 -396.05500000
v -3457.22450000 3081.75515000 -402.25500000
v -3436.36450000 3040.05515000 -405.43500000
v -3423.21450000 3010.11515000 -369.20500000
v -3430.70450000 3150.46515000 -414.43500000
v -3431.21450000 2901.05515000 1084.15500000
v -3443.17450000 2940.52515000 1034.94500000
v -3439.59450000 2890.02515000 1019.93500000
v -3404.08450000 2996.24515000 1049.84500000
v -3407.04450000 2856.16515000 960.27500000
v -3362.42450000 2827.12515000 864.02500000
v -3380.52450000 3324.03515000 578.91500000
v -3421.44450000 2898.68515000 375.85500000
v -3365.70450000 2853.36515000 237.28500000
v -3392.54450000 3331.76515000 143.36500000
v -3417.94450000 2955.29515000 -199.69500000
v -3373.29450000 3250.49515000 -332.79500000
v -3433.43450000 3051.70515000 -419.75500000
v -3433.46450000 3118.44515000 -423.28500000
v -3417.91450000 2875.27515000 1128.23500000
v -3413.77450000 2858.77515000 1126.15500000
v -3404.08450000 2860.92515000 1165.85500000
v -3406.38450000 2886.83515000 1152.41500000
v -3411.68450000 2923.84515000 1107.51500000
v -3420.62450000 2872.76515000 1094.59500000
v -3404.70450000 2848.38515000 1080.06500000
v -3338.54450000 3147.44515000 984.90500000
v -3388.52450000 3167.79515000 869.69500000
v -3342.54450000 2823.13515000 763.36500000
v -3359.20450000 3269.22515000 780.49500000
v -3368.81450000 3299.75515000 691.74500000
v -3378.73450000 3330.41515000 18.28500000
v -3358.57450000 2936.54515000 -333.26500000
v -3395.20450000 3200.31515000 -389.00500000
v -3374.29450000 2977.33515000 -393.97500000
v -3390.63450000 3011.78515000 -415.88500000
v -3406.16450000 3156.47515000 -417.39500000
v -3398.50450000 3049.81515000 -424.63500000
v -3402.43450000 3116.34515000 -428.01500000
v -3388.83450000 2866.76515000 1202.52500000
v -3383.39450000 2840.15515000 1221.83500000
v -3383.30450000 2821.72515000 1199.95500000
v -3396.05450000 2843.13515000 1155.86500000
v -3366.64450000 2800.59515000 1171.32500000
v -3342.21450000 2787.08515000 1058.35500000
v -3348.34450000 2805.72515000 950.16500000
v -3265.47450000 2769.74515000 669.50500000
v -3307.47450000 3444.48515000 494.14500000
v -3341.69450000 2836.32515000 391.96500000
v -3325.70450000 3369.82515000 -77.12500000
v -3357.90450000 2907.29515000 -225.46500000
v -3277.52450000 3392.67515000 -187.85500000
v -3341.70450000 3275.38515000 -345.12500000
v -3360.28450000 3077.40515000 -427.96500000
v -3356.57450000 2827.06515000 1297.04500000
v -3364.64450000 2810.62515000 1258.09500000
v -3345.10450000 2799.40515000 1326.65500000
v -3367.23450000 2856.17515000 1253.06500000
v -3378.04450000 2912.44515000 1178.49500000
v -3365.70450000 2800.82515000 1221.30500000
v -3306.39450000 3030.01515000 1165.74500000
v -3315.23450000 2816.15515000 539.60500000
v -3355.81450000 3392.13515000 386.49500000
v -3342.81450000 3409.03515000 318.65500000
v -3320.33450000 2827.74515000 28.93500000
v -3312.40450000 2844.60515000 -129.65500000
v -3332.98450000 3261.55515000 -370.18500000
v -3368.49450000 3203.12515000 -399.26500000
v -3358.31450000 3162.01515000 -413.75500000
v -3346.21450000 2966.57515000 -408.04500000
v -3329.77450000 3005.35515000 -422.64500000
v -3329.71450000 2800.14515000 1363.16500000
v -3325.52450000 2871.83515000 1300.50500000
v -3338.09450000 2780.53515000 1347.52500000
v -3345.89450000 2784.81515000 1306.67500000
v -3322.73450000 2752.11515000 1347.24500000
v -3340.85450000 2773.23515000 1262.85500000
v -3281.05450000 2715.51515000 1199.91500000
v -3291.02450000 3288.29515000 893.88500000
v -3301.56450000 2780.85515000 830.45500000
v -3292.02450000 3400.71515000 702.96500000
v -3327.02450000 3420.90515000 239.65500000
v -3277.15450000 2778.99515000 155.19500000
v -3281.46450000 2784.74515000 277.21500000
v -3294.97450000 2898.62515000 -374.69500000
v -3318.62450000 2937.77515000 -398.47500000
v -3334.11450000 3226.43515000 -391.27500000
v -3317.96450000 2958.91515000 -410.11500000
v -3312.26450000 2767.01515000 1407.58500000
v -3328.22450000 2779.13515000 1369.29500000
v -3322.14450000 2765.59515000 1376.00500000
v -3292.13450000 2718.44515000 1310.73500000
v -3279.91450000 3161.15515000 1063.39500000
v -3276.32450000 2741.71515000 948.06500000
v -3274.03450000 3369.67515000 808.50500000
v -3291.99450000 3470.31515000 364.70500000
v -3280.82450000 3450.20515000 75.70500000
v -3288.54450000 3343.75515000 -295.91500000
v -3292.97450000 3318.32515000 -334.53500000
v -3271.51450000 2851.20515000 -313.75500000
v -3287.21450000 3266.88515000 -374.51500000
v -3315.01450000 3205.53515000 -398.50500000
v -3308.00450000 3158.19515000 -407.67500000
v -3247.79450000 3031.12515000 -401.65500000
v -3289.29450000 2741.83515000 1448.66500000
v -3305.39450000 2791.04515000 1400.24500000
v -3303.28450000 2742.19515000 1401.86500000
v -3289.96450000 2726.52515000 1426.33500000
v -3271.21450000 2840.26515000 1405.54500000
v -3258.77450000 2685.64515000 1413.68500000
v -3251.59450000 2940.46515000 1333.07500000
v -3266.75450000 2717.83515000 1068.14500000
v -3250.21450000 3232.60515000 1030.32500000
v -3284.28450000 3450.67515000 596.59500000
v -3233.51450000 2748.10515000 378.07500000
v -3261.98450000 2818.70515000 -225.00500000
v -3266.94450000 3439.76515000 -48.19500000
v -3265.88450000 3322.20515000 -344.38500000
v -3276.78450000 2984.88515000 -413.17500000
v -3269.83450000 2764.10515000 1467.12500000
v -3259.67450000 2717.63515000 1502.71500000
v -3269.06450000 2709.82515000 1465.28500000
v -3254.98450000 2695.65515000 1503.19500000
v -3245.76450000 2677.40515000 1495.86500000
v -3216.82450000 2642.89515000 1328.93500000
v -3207.10450000 3089.86515000 1245.28500000
v -3242.78450000 3157.30515000 1124.07500000
v -3220.93450000 2711.48515000 821.30500000
v -3220.77450000 3517.85515000 659.10500000
v -3169.28450000 2697.34515000 539.07500000
v -3236.08450000 3541.89515000 448.68500000
v -3218.51450000 3557.32515000 287.20500000
v -3196.38450000 2736.54515000 -119.09500000
v -3229.63450000 2834.28515000 -364.45500000
v -3217.94450000 2838.66515000 -381.47500000
v -3283.32450000 3229.51515000 -386.88500000
v -3259.92450000 3184.59515000 -387.36500000
v -3269.62450000 2898.98515000 -392.30500000
v -3215.75450000 3107.45515000 -381.25500000
v -3257.81450000 2936.40515000 -407.57500000
v -3242.66450000 2731.48515000 1524.68500000
v -3217.99450000 2683.44515000 1577.02500000
v -3222.09450000 2716.14515000 1559.83500000
v -3238.43450000 2681.27515000 1533.09500000
v -3217.11450000 2642.41515000 1547.27500000
v -3215.32450000 2791.43515000 1507.34500000
v -3206.29450000 2628.47515000 1492.62500000
v -3216.35450000 2884.22515000 1428.97500000
v -3183.06450000 2622.81515000 1221.75500000
v -3188.41450000 2649.26515000 1065.74500000
v -3223.76450000 3398.35515000 875.34500000
v -3184.28450000 3505.42515000 794.10500000
v -3210.12450000 3505.90515000 721.17500000
v -3207.02450000 3561.82515000 552.98500000
v -3234.70450000 3542.96515000 379.67500000
v -3188.13450000 2700.68515000 203.84500000
v -3218.32450000 2729.43515000 94.37500000
v -3186.95450000 2706.63515000 18.89500000
v -3201.35450000 3443.12515000 -245.57500000
v -3158.86450000 2732.85515000 -269.84500000
v -3231.07450000 3380.16515000 -303.49500000
v -3237.49450000 3318.69515000 -349.76500000
v -3246.53450000 3290.65515000 -362.27500000
v -3228.08450000 3248.61515000 -363.70500000
v -3174.18450000 2876.68515000 -393.78500000
v -3215.30450000 2654.12515000 1572.73500000
v -3200.77450000 2646.26515000 1606.64500000
v -3190.19450000 2615.66515000 1603.38500000
v -3186.64450000 3371.91515000 977.23500000
v -3162.45450000 3601.18515000 143.72500000
v -3188.50450000 3535.20515000 -8.71500000
v -3210.14450000 3370.32515000 -319.77500000
v -3198.90450000 2845.81515000 -389.52500000
v -3176.40450000 2639.57515000 1646.17500000
v -3182.59450000 2719.80515000 1590.75500000
v -3177.49450000 2614.49515000 1640.80500000
v -3166.07450000 2583.95515000 1541.59500000
v -3156.20450000 2905.75515000 1478.69500000
v -3160.60450000 3015.01515000 1377.35500000
v -3170.48450000 3251.32515000 1134.51500000
v -3197.81450000 2675.00515000 938.03500000
v -3139.10450000 3506.24515000 894.64500000
v -3148.84450000 3590.50515000 719.62500000
v -3135.88450000 2670.79515000 411.56500000
v -3193.01450000 3596.05515000 385.70500000
v -3107.71450000 2638.11515000 295.85500000
v -3130.11450000 3534.13515000 -187.20500000
v -3181.44450000 3413.64515000 -296.57500000
v -3170.07450000 2770.36515000 -345.10500000
v -3210.04450000 3304.27515000 -347.29500000
v -3186.46450000 2798.70515000 -367.60500000
v -3149.78450000 2585.67515000 1686.62500000
v -3136.53450000 2603.84515000 1703.42500000
v -3163.34450000 2587.86515000 1650.90500000
v -3136.10450000 2552.64515000 1630.79500000
v -3165.70450000 2586.21515000 1446.37500000
v -3128.75450000 2565.05515000 1302.37500000
v -3094.12450000 3193.40515000 1302.42500000
v -3115.48450000 2606.09515000 916.61500000
v -3126.29450000 2643.01515000 716.90500000
v -3132.50450000 3638.72515000 639.54500000
v -3132.85450000 3654.29515000 574.22500000
v -3144.55450000 3648.42515000 485.66500000
v -3102.03450000 3701.50515000 374.30500000
v -3110.80450000 3674.77515000 244.05500000
v -3135.55450000 3611.31515000 54.14500000
v -3081.64450000 2614.20515000 -20.74500000
v -3094.87450000 3617.06515000 -60.60500000
v -3164.99450000 3454.60515000 -265.30500000
v -3179.82450000 3390.00515000 -310.68500000
v -3181.98450000 3353.20515000 -323.26500000
v -3161.96450000 3258.68515000 -336.37500000
v -3177.66450000 3158.40515000 -358.59500000
v -3122.83450000 3011.85515000 -359.70500000
v -3151.17450000 2772.00515000 -368.98500000
v -3095.26450000 2648.15515000 1716.42500000
v -3137.54450000 2560.07515000 1679.15500000
v -3102.94450000 2828.74515000 1588.02500000
v -3097.12450000 2513.58515000 1549.13500000
v -3083.95450000 3111.12515000 1389.54500000
v -3093.50450000 2549.02515000 1164.12500000
v -3072.62450000 2545.94515000 1049.82500000
v -3119.44450000 3410.27515000 1047.16500000
v -3114.13450000 3488.48515000 966.51500000
v -3074.72450000 2615.74515000 583.16500000
v -3122.85450000 3616.26515000 25.46500000
v -3057.21450000 2620.95515000 -207.01500000
v -3140.69450000 3498.56515000 -230.21500000
v -3134.93450000 3451.97515000 -272.89500000
v -3153.62450000 3398.72515000 -299.03500000
v -3105.19450000 2698.76515000 -326.58500000
v -3105.74450000 2689.35515000 -299.86500000
v -3119.90450000 2891.78515000 -377.00500000
v -3099.01450000 2766.19515000 -378.58500000
v -3114.64450000 2756.55515000 -374.16500000
v -3093.25450000 2565.17515000 1763.28500000
v -3109.94450000 2549.49515000 1736.55500000
v -3122.34450000 2547.29515000 1706.73500000
v -3103.38450000 2520.46515000 1701.64500000
v -3024.71450000 2750.57515000 1711.87500000
v -3075.75450000 3006.00515000 1482.93500000
v -3044.51450000 3411.85515000 1163.04500000
v -3062.61450000 3629.04515000 872.74500000
v -3089.62450000 3642.33515000 779.22500000
v -3082.67450000 2627.51515000 490.04500000
v -3065.48450000 2592.89515000 189.19500000
v -3069.31450000 3693.02515000 118.47500000
v -3098.24450000 2622.80515000 89.11500000
v -3115.21450000 3499.44515000 -240.71500000
v -3078.77450000 3307.29515000 -286.51500000
v -3113.65450000 2724.49515000 -352.94500000
v -3085.44450000 2532.52515000 1775.93500000
v -3094.98450000 2519.03515000 1736.36500000
v -3080.62450000 2514.01515000 1767.99500000
v -3047.49450000 2464.40515000 1658.47500000
v -3021.64450000 2839.62515000 1656.83500000
v -3054.50450000 2484.57515000 1398.99500000
v -3025.93450000 2474.68515000 1255.79500000
v -3055.21450000 3525.00515000 1026.38500000
v -3075.64450000 3556.96515000 949.20500000
v -3069.65450000 3697.77515000 708.61500000
v -3073.46450000 3720.60515000 591.88500000
v -3049.85450000 3761.60515000 491.45500000
v -2971.66450000 2518.70515000 237.63500000
v -3064.90450000 2611.11515000 -104.29500000
v -3080.24450000 3599.60515000 -140.74500000
v -3094.94450000 3543.95515000 -205.94500000
v -3102.79450000 3486.60515000 -252.04500000
v -3099.02450000 3458.32515000 -263.14500000
v -3106.38450000 3414.62515000 -274.66500000
v -3086.14450000 3159.83515000 -318.01500000
v -2985.27450000 2833.16515000 -339.71500000
v -3067.29450000 2524.89515000 1803.50500000
v -3060.20450000 2501.69515000 1799.98500000
v -3034.39450000 2487.56515000 1842.50500000
v -3047.09450000 2537.52515000 1818.13500000
v -3033.98450000 2460.09515000 1778.48500000
v -3022.93450000 2514.13515000 967.27500000
v -3014.46450000 3803.81515000 416.38500000
v -3047.89450000 2595.41515000 390.30500000
v -3066.20450000 3597.30515000 -163.64500000
v -3076.11450000 3527.85515000 -221.13500000
v -3067.00450000 2650.43515000 -292.57500000
v -3079.09450000 3488.32515000 -243.12500000
v -3052.58450000 2653.39515000 -332.62500000
v -3068.70450000 2678.69515000 -346.30500000
v -3084.82450000 2709.91515000 -360.78500000
v -3020.24450000 2671.98515000 -363.86500000
v -3029.11450000 2467.00515000 1833.05500000
v -2958.81450000 2599.15515000 1857.18500000
v -2998.26450000 2689.35515000 1771.59500000
v -3001.28450000 2917.26515000 1622.59500000
v -2984.02450000 3065.71515000 1537.79500000
v -3003.47450000 3164.89515000 1441.24500000
v -2972.54450000 3345.97515000 1328.49500000
v -2980.23450000 2453.94515000 1106.48500000
v -2973.22450000 3576.61515000 1109.81500000
v -3015.35450000 3729.16515000 794.92500000
v -2997.41450000 2517.40515000 808.92500000
v -2997.19450000 2539.51515000 655.16500000
v -2999.04450000 2553.64515000 518.41500000
v -3002.04450000 3817.15515000 493.09500000
v -2999.49450000 2533.84515000 117.55500000
v -2997.64450000 2532.41515000 31.24500000
v -3009.12450000 2551.71515000 -52.47500000
v -3028.67450000 3658.97515000 -105.36500000
v -2976.28450000 2530.02515000 -128.03500000
v -2931.06450000 2497.45515000 -215.76500000
v -3050.44450000 3582.25515000 -183.42500000
v -2981.97450000 2563.19515000 -278.37500000
v -3029.03450000 3410.87515000 -236.50500000
v -3007.62450000 2628.16515000 -346.34500000
v -2993.67450000 3011.07515000 -306.53500000
v -3024.08450000 2747.97515000 -366.42500000
v -3001.91450000 2683.23515000 -365.18500000
v -2986.22450000 2523.20515000 1879.76500000
v -2990.67450000 2479.50515000 1894.33500000
v -3015.94450000 2458.30515000 1860.14500000
v -2998.35450000 2455.22515000 1885.93500000
v -2988.16450000 2428.24515000 1877.25500000
v -2929.87450000 2355.66515000 1719.26500000
v -2970.71450000 2831.77515000 1706.35500000
v -2972.74450000 2397.61515000 1551.97500000
v -3006.47450000 2445.64515000 1335.17500000
v -2955.05450000 2392.89515000 1389.77500000
v -2965.94450000 3455.67515000 1240.58500000
v -2973.51450000 3502.89515000 1184.93500000
v -3005.02450000 3625.19515000 992.09500000
v -3021.86450000 3760.66515000 684.71500000
v -2998.50450000 3805.53515000 586.24500000
v -3024.66450000 3772.09515000 281.27500000
v -2940.76450000 2504.97515000 389.03500000
v -2984.64450000 3765.34515000 76.02500000
v -2996.76450000 3717.39515000 -31.83500000
v -3018.02450000 3638.61515000 -143.38500000
v -3011.87450000 3610.03515000 -166.26500000
v -3031.90450000 3561.48515000 -193.27500000
v -3044.91450000 3503.27515000 -218.05500000
v -2969.29450000 3141.90515000 -266.50500000
v -3001.34450000 2599.97515000 -320.33500000
v -2979.46450000 2450.91515000 1914.15500000
v -2918.61450000 2753.29515000 1796.36500000
v -2878.15450000 3182.78515000 1568.77500000
v -2936.79450000 2389.34515000 1262.51500000
v -2965.47450000 3712.09515000 943.69500000
v -2919.17450000 2423.57515000 937.73500000
v -3004.52450000 3773.44515000 186.08500000
v -2943.29450000 3756.21515000 -45.55500000
v -2958.60450000 3715.02515000 -91.26500000
v -2997.67450000 3640.03515000 -146.45500000
v -2989.08450000 3587.28515000 -167.77500000
v -2974.18450000 3496.17515000 -182.52500000
v -2945.40450000 3268.87515000 -223.33500000
v -2960.97450000 2573.30515000 -338.69500000
v -2923.10450000 2481.61515000 1950.26500000
v -2949.49450000 2439.69515000 1944.85500000
v -2963.31450000 2427.46515000 1926.04500000
v -2936.96450000 2390.66515000 1945.31500000
v -2894.03450000 2342.74515000 1929.68500000
v -2901.63450000 2343.68515000 1843.68500000
v -2908.95450000 2335.29515000 1631.59500000
v -2890.44450000 3298.44515000 1470.57500000
v -2935.36450000 3668.82515000 1063.95500000
v -2958.15450000 3764.23515000 861.71500000
v -2972.08450000 3787.35515000 755.68500000
v -2979.87450000 3837.11515000 483.28500000
v -2956.06450000 3849.19515000 545.49500000
v -2971.47450000 3838.99515000 377.51500000
v -2923.63450000 3798.77515000 22.12500000
v -2975.82450000 3668.26515000 -126.81500000
v -2976.13450000 3631.56515000 -144.46500000
v -2922.79450000 3379.87515000 -180.88500000
v -2905.55450000 2872.49515000 -298.33500000
v -2909.48450000 2557.05515000 -351.45500000
v -2914.06450000 2395.06515000 1982.15500000
v -2880.86450000 2341.35515000 1984.80500000
v -2875.78450000 2910.54515000 1739.41500000
v -2903.09450000 3041.76515000 1633.79500000
v -2788.35450000 3324.76515000 1567.18500000
v -2852.07450000 2289.69515000 1484.56500000
v -2875.97450000 2323.33515000 1334.49500000
v -2902.57450000 3478.56515000 1310.16500000
v -2912.70450000 3554.52515000 1224.91500000
v -2906.58450000 3626.25515000 1161.49500000
v -2850.07450000 2381.89515000 789.34500000
v -2929.74450000 3789.24515000 857.62500000
v -2931.48450000 3812.15515000 778.98500000
v -2952.09450000 3826.07515000 666.48500000
v -2942.27450000 2500.59515000 581.60500000
v -2953.46450000 3856.10515000 446.72500000
v -2906.30450000 2472.59515000 503.61500000
v -2926.31450000 3870.59515000 356.85500000
v -2959.08450000 3822.46515000 231.03500000
v -2877.91450000 2443.31515000 293.93500000
v -2940.63450000 3707.43515000 -103.82500000
v -2942.80450000 3666.16515000 -121.62500000
v -2854.70450000 3438.05515000 -127.36500000
v -2888.78450000 2469.96515000 -285.38500000
v -2924.14450000 2524.28515000 -320.11500000
v -2915.91450000 2534.89515000 -339.27500000
v -2922.54450000 2619.76515000 -352.78500000
v -2902.97450000 2419.49515000 1991.75500000
v -2876.59450000 2348.71515000 1145.05500000
v -2855.01450000 2345.23515000 1033.80500000
v -2922.26450000 3760.68515000 937.35500000
v -2902.55450000 3723.90515000 1034.82500000
v -2878.25450000 2433.06515000 621.41500000
v -2926.86450000 3829.73515000 716.90500000
v -2934.50450000 3845.97515000 620.26500000
v -2934.85450000 3859.94515000 496.18500000
v -2839.36450000 2415.72515000 385.62500000
v -2902.14450000 3867.48515000 219.21500000
v -2915.73450000 3832.38515000 120.81500000
v -2909.57450000 2451.05515000 68.72500000
v -2925.21450000 2471.32515000 -42.20500000
v -2883.47450000 3794.11515000 -39.95500000
v -2905.41450000 3746.60515000 -76.67500000
v -2877.98450000 2435.33515000 -137.01500000
v -2909.46450000 3703.93515000 -97.54500000
v -2911.58450000 3587.64515000 -126.12500000
v -2892.80450000 2998.33515000 -262.95500000
v -2921.43450000 2705.87515000 -339.83500000
v -2888.76450000 2358.01515000 1996.95500000
v -2855.97450000 2552.09515000 1958.28500000
v -2833.39450000 2268.32515000 1649.79500000
v -2871.70450000 2303.92515000 1588.76500000
v -2836.84450000 3116.14515000 1652.39500000
v -2866.36450000 3426.34515000 1400.54500000
v -2849.46450000 3620.74515000 1248.06500000
v -2904.86450000 3781.72515000 914.41500000
v -2911.02450000 3796.00515000 859.08500000
v -2831.01450000 2349.37515000 875.02500000
v -2899.78450000 3808.23515000 805.06500000
v -2911.73450000 3833.77515000 695.92500000
v -2910.88450000 3851.51515000 578.33500000
v -2910.79450000 3867.81515000 456.11500000
v -2893.77450000 3877.35515000 357.75500000
v -2886.47450000 3878.66515000 274.91500000
v -2851.54450000 2407.14515000 167.41500000
v -2873.61450000 3848.76515000 65.65500000
v -2878.58450000 3818.33515000 0.30500000
v -2906.56450000 3660.05515000 -108.49500000
v -2837.70450000 2728.79515000 -303.75500000
v -2869.08450000 2476.68515000 -331.82500000
v -2862.85450000 2412.45515000 2029.50500000
v -2867.26450000 2378.59515000 2032.06500000
v -2868.02450000 2357.54515000 2026.30500000
v -2822.82450000 2334.14515000 2075.26500000
v -2837.56450000 2477.10515000 2011.44500000
v -2841.86450000 2323.01515000 2036.27500000
v -2817.35450000 2286.23515000 2002.41500000
v -2802.95450000 2683.65515000 1922.05500000
v -2846.35450000 2288.23515000 1796.84500000
v -2812.44450000 3408.58515000 1481.11500000
v -2834.25450000 3538.24515000 1344.92500000
v -2834.51450000 2295.63515000 1223.55500000
v -2865.66450000 3682.04515000 1150.24500000
v -2860.84450000 3730.36515000 1078.00500000
v -2888.15450000 3757.31515000 985.52500000
v -2889.57450000 3781.52515000 917.32500000
v -2809.41450000 2319.09515000 921.58500000
v -2895.18450000 3821.64515000 737.74500000
v -2893.43450000 3830.19515000 680.81500000
v -2870.08450000 3824.36515000 626.51500000
v -2887.67450000 3854.37515000 494.38500000
v -2886.28450000 3868.00515000 416.77500000
v -2866.05450000 3878.44515000 276.42500000
v -2869.20450000 3877.73515000 188.17500000
v -2879.21450000 3861.60515000 137.71500000
v -2849.70450000 2400.38515000 -44.39500000
v -2869.03450000 3742.13515000 -71.79500000
v -2846.75450000 2418.29515000 -225.32500000
v -2858.89450000 3134.64515000 -207.99500000
v -2859.12450000 2452.74515000 -313.76500000
v -2840.48450000 2466.59515000 -337.41500000
v -2811.08450000 2364.88515000 2083.03500000
v -2788.11450000 2837.26515000 1852.59500000
v -2810.22450000 2254.17515000 1737.01500000
v -2797.81450000 3064.89515000 1719.01500000
v -2783.50450000 3163.55515000 1673.68500000
v -2797.43450000 2237.42515000 1580.49500000
v -2810.97450000 2261.86515000 1352.36500000
v -2826.69450000 3690.10515000 1191.53500000
v -2837.18450000 3708.87515000 1139.35500000
v -2801.08450000 2280.78515000 1095.92500000
v -2857.11450000 3757.05515000 1002.98500000
v -2865.87450000 3780.93515000 899.72500000
v -2867.85450000 3798.87515000 787.15500000
v -2801.13450000 2378.03515000 469.48500000
v -2865.46450000 3855.15515000 427.22500000
v -2853.59450000 3862.65515000 331.65500000
v -2797.42450000 2370.12515000 259.79500000
v -2860.18450000 3877.58515000 224.21500000
v -2838.93450000 3870.87515000 105.47500000
v -2833.48450000 2384.00515000 52.47500000
v -2851.03450000 3831.50515000 -8.48500000
v -2851.55450000 3788.01515000 -45.78500000
v -2861.02450000 3674.04515000 -82.58500000
v -2838.81450000 3737.85515000 -61.37500000
v -2778.54450000 3257.50515000 -125.78500000
v -2816.79450000 2407.04515000 -294.01500000
v -2778.87450000 2846.48515000 -247.08500000
v -2771.88450000 2434.33515000 2075.30500000
v -2803.73450000 2300.32515000 2085.21500000
v -2797.63450000 2281.28515000 2064.55500000
v -2784.82450000 2244.72515000 1882.60500000
v -2738.02450000 3005.53515000 1803.41500000
v -2739.43450000 2199.35515000 1268.17500000
v -2818.48450000 3661.98515000 1235.18500000
v -2806.83450000 3681.98515000 1217.87500000
v -2830.00450000 3728.63515000 1092.58500000
v -2832.73450000 3744.60515000 1040.27500000
v -2826.53450000 3748.71515000 994.22500000
v -2836.95450000 3767.04515000 900.67500000
v -2821.90450000 3761.55515000 833.26500000
v -2804.75450000 3757.02515000 720.74500000
v -2751.69450000 2300.84515000 681.58500000
v -2829.13450000 3806.37515000 522.76500000
v -2786.86450000 3753.19515000 629.04500000
v -2812.43450000 3810.82515000 414.04500000
v -2792.17450000 3808.14515000 341.51500000
v -2836.64450000 3870.43515000 220.17500000
v -2844.30450000 3873.99515000 173.03500000
v -2837.08450000 3852.24515000 32.21500000
v -2817.03450000 3868.56515000 58.61500000
v -2829.95450000 3830.25515000 -8.70500000
v -2832.72450000 3767.81515000 -50.06500000
v -2815.28450000 2380.84515000 -139.75500000
v -2814.45450000 3568.51515000 -77.95500000
v -2802.49450000 3003.12515000 -214.11500000
v -2784.53450000 2591.96515000 -314.34500000
v -2833.63450000 2438.09515000 -320.32500000
v -2817.30450000 2510.05515000 -337.35500000
v -2770.93450000 2315.90515000 2127.68500000
v -2774.08450000 2287.35515000 2122.05500000
v -2761.87450000 2260.88515000 2116.26500000
v -2733.08450000 2557.93515000 2034.77500000
v -2737.60450000 2222.35515000 2061.11500000
v -2752.76450000 3243.60515000 1653.63500000
v -2747.05450000 3446.30515000 1526.37500000
v -2802.46450000 3473.73515000 1440.05500000
v -2735.01450000 2188.54515000 1433.19500000
v -2764.72450000 3527.36515000 1438.19500000
v -2775.02450000 3601.22515000 1348.32500000
v -2777.72450000 3649.50515000 1280.82500000
v -2815.02450000 3700.32515000 1170.35500000
v -2812.31450000 3728.09515000 1072.45500000
v -2734.30450000 2229.04515000 989.74500000
v -2769.58450000 3713.00515000 913.72500000
v -2745.03450000 2265.40515000 847.51500000
v -2744.65450000 2333.49515000 346.79500000
v -2789.20450000 3823.64515000 256.96500000
v -2817.28450000 3870.56515000 138.70500000
v -2801.23450000 3868.34515000 73.03500000
v -2776.60450000 2345.41515000 135.27500000
v -2805.57450000 3856.01515000 32.42500000
v -2799.97450000 3803.39515000 -20.97500000
v -2785.13450000 3701.77515000 -36.09500000
v -2791.41450000 2377.17515000 -227.97500000
v -2724.41450000 2347.19515000 2147.25500000
v -2736.87450000 2251.32515000 2157.55500000
v -2683.90450000 2817.48515000 1939.53500000
v -2730.49450000 2186.42515000 1719.00500000
v -2749.38450000 2199.45515000 1569.15500000
v -2755.78450000 3624.69515000 1332.81500000
v -2783.12450000 3680.30515000 1217.87500000
v -2797.43450000 3705.07515000 1138.85500000
v -2770.24450000 3700.34515000 1062.14500000
v -2728.96450000 3685.67515000 795.51500000
v -2750.97450000 2318.50515000 554.40500000
v -2745.64450000 3721.06515000 581.74500000
v -2750.27450000 3753.16515000 396.05500000
v -2798.37450000 3853.95515000 174.38500000
v -2790.07450000 2356.48515000 -14.89500000
v -2789.68450000 3836.03515000 7.77500000
v -2773.18450000 2356.08515000 -138.56500000
v -2714.74450000 3415.17515000 -49.81500000
v -2700.64450000 2911.90515000 -185.77500000
v -2765.07450000 2379.70515000 -295.91500000
v -2797.08450000 2418.50515000 -319.97500000
v -2780.60450000 2440.33515000 -332.16500000
v -2741.41450000 2272.21515000 2157.95500000
v -2721.19450000 2285.37515000 2173.72500000
v -2646.10450000 2449.11515000 2141.94500000
v -2712.99450000 2219.61515000 2159.45500000
v -2624.01450000 2713.46515000 2028.34500000
v -2639.90450000 2958.91515000 1902.42500000
v -2725.22450000 3551.82515000 1457.05500000
v -2678.54450000 2139.74515000 1296.46500000
v -2743.68450000 3630.62515000 1324.67500000
v -2748.11450000 3650.69515000 1268.63500000
v -2744.17450000 3663.15515000 1221.41500000
v -2761.54450000 3680.40515000 1163.59500000
v -2727.17450000 2201.07515000 1115.93500000
v -2657.90450000 2193.10515000 743.51500000
v -2731.11450000 3716.53515000 507.52500000
v -2694.66450000 2281.75515000 448.81500000
v -2705.80450000 3719.20515000 326.08500000
v -2731.55450000 2322.36515000 229.21500000
v -2740.07450000 2321.80515000 149.48500000
v -2730.70450000 3792.32515000 164.87500000
v -2770.38450000 3847.66515000 101.63500000
v -2770.77450000 3842.84515000 40.42500000
v -2741.95450000 2327.78515000 65.79500000
v -2750.58450000 2341.66515000 -60.50500000
v -2754.06450000 3806.79515000 12.53500000
v -2738.55450000 3743.66515000 2.58500000
v -2736.35450000 2349.61515000 -153.63500000
v -2704.52450000 3052.23515000 -140.99500000
v -2751.00450000 2365.12515000 -227.97500000
v -2732.57450000 2504.62515000 -314.75500000
v -2745.38450000 2466.99515000 -323.58500000
v -2754.86450000 2401.63515000 -316.92500000
v -2696.13450000 2227.13515000 2198.44500000
v -2693.29450000 2289.99515000 2193.16500000
v -2710.60450000 2188.90515000 1987.79500000
v -2674.63450000 2150.26515000 1906.30500000
v -2702.36450000 3180.87515000 1737.82500000
v -2680.04450000 3364.48515000 1647.22500000
v -2709.69450000 3484.11515000 1530.96500000
v -2706.69450000 3569.89515000 1448.03500000
v -2727.34450000 3604.22515000 1375.27500000
v -2604.69450000 2068.45515000 1373.86500000
v -2695.65450000 3648.99515000 1009.39500000
v -2703.81450000 3671.14515000 673.22500000
v -2647.37450000 2211.23515000 594.99500000
v -2701.24450000 3735.76515000 236.89500000
v -2717.14450000 3801.09515000 94.29500000
v -2719.79450000 2316.37515000 155.74500000
v -2738.30450000 3823.07515000 63.42500000
v -2732.02450000 2332.87515000 -7.39500000
v -2694.28450000 3676.78515000 14.33500000
v -2672.33450000 3542.52515000 1.31500000
v -2722.88450000 2338.96515000 -42.30500000
v -2642.93450000 2758.07515000 -205.69500000
v -2689.44450000 2655.07515000 -258.01500000
v -2743.03450000 2382.35515000 -305.71500000
v -2731.20450000 2376.92515000 -282.05500000
v -2718.95450000 2427.98515000 -314.25500000
v -2681.62450000 2261.54515000 2208.20500000
v -2697.73450000 2210.97515000 2185.35500000
v -2686.01450000 2196.47515000 2192.78500000
v -2666.80450000 2164.82515000 2169.74500000
v -2626.19450000 2112.76515000 2057.70500000
v -2646.51450000 2111.82515000 1577.10500000
v -2677.68450000 3515.88515000 1533.11500000
v -2688.72450000 3580.62515000 1429.56500000
v -2699.06450000 3602.47515000 1370.68500000
v -2721.88450000 3616.01515000 1347.31500000
v -2717.66450000 3624.06515000 1314.99500000
v -2705.32450000 3629.12515000 1261.18500000
v -2678.22450000 3620.45515000 1145.44500000
v -2638.21450000 2108.97515000 1152.01500000
v -2661.33450000 3624.78515000 892.97500000
v -2608.86450000 3577.19515000 767.83500000
v -2700.03450000 3676.25515000 593.10500000
v -2630.47450000 2221.91515000 492.73500000
v -2697.42450000 2295.26515000 363.13500000
v -2692.96450000 2300.19515000 309.89500000
v -2705.16450000 2314.94515000 137.70500000
v -2711.48450000 3797.41515000 65.54500000
v -2696.16450000 2330.57515000 78.47500000
v -2723.56450000 3795.74515000 46.49500000
v -2710.80450000 2349.26515000 -103.95500000
v -2574.66450000 3117.77515000 -40.80500000
v -2711.74450000 2367.03515000 -200.64500000
v -2679.78450000 2539.19515000 -283.51500000
v -2717.81450000 2398.54515000 -301.43500000
v -2653.30450000 2232.14515000 2236.99500000
v -2672.61450000 2195.42515000 2218.64500000
v -2646.29450000 2188.87515000 2246.67500000
v -2637.63450000 2297.45515000 2219.65500000
v -2657.97450000 2172.58515000 2218.00500000
v -2603.54450000 3134.92515000 1844.37500000
v -2664.77450000 3453.81515000 1598.13500000
v -2659.23450000 3530.98515000 1525.04500000
v -2670.32450000 3555.92515000 1479.28500000
v -2643.86450000 2129.08515000 1030.58500000
v -2681.59450000 3675.10515000 446.34500000
v -2669.10450000 2278.84515000 366.66500000
v -2682.48450000 2306.43515000 228.13500000
v -2659.98450000 3706.10515000 181.78500000
v -2667.76450000 2317.26515000 183.91500000
v -2669.15450000 3734.97515000 118.55500000
v -2695.68450000 3774.28515000 82.14500000
v -2705.54450000 3743.91515000 30.75500000
v -2695.27450000 2347.90515000 -24.47500000
v -2600.96450000 2941.33515000 -115.04500000
v -2695.43450000 2388.74515000 -264.78500000
v -2651.27450000 2406.25515000 -200.99500000
v -2692.01450000 2476.20515000 -299.11500000
v -2694.58450000 2416.88515000 -301.93500000
v -2640.37450000 2159.55515000 2241.59500000
v -2625.55450000 2135.29515000 2243.82500000
v -2564.26450000 2588.09515000 2123.55500000
v -2523.22450000 2875.04515000 2022.06500000
v -2607.98450000 2084.21515000 1752.73500000
v -2590.66450000 3275.50515000 1780.65500000
v -2628.06450000 3418.61515000 1659.56500000
v -2633.52450000 3464.97515000 1616.10500000
v -2638.62450000 3498.00515000 1576.01500000
v -2648.24450000 3556.68515000 1462.60500000
v -2671.21450000 3581.69515000 1405.52500000
v -2678.36450000 3597.08515000 1342.22500000
v -2609.23450000 2116.33515000 877.13500000
v -2642.80450000 2251.58515000 422.19500000
v -2664.64450000 2289.18515000 305.63500000
v -2643.23450000 2288.37515000 301.22500000
v -2640.88450000 2366.87515000 60.96500000
v -2674.99450000 3736.47515000 72.17500000
v -2662.51450000 2380.83515000 -83.35500000
v -2542.26450000 3006.08515000 -56.89500000
v -2540.59450000 2785.06515000 -136.11500000
v -2684.27450000 2410.60515000 -287.83500000
v -2670.86450000 2436.93515000 -287.58500000
v -2616.58450000 2152.60515000 2276.34500000
v -2612.45450000 2173.09515000 2282.80500000
v -2618.74450000 2201.70515000 2270.06500000
v -2601.33450000 2120.35515000 2284.94500000
v -2573.87450000 2084.41515000 2288.21500000
v -2563.00450000 2062.77515000 2193.71500000
v -2502.14450000 3091.40515000 1940.83500000
v -2565.02450000 2048.44515000 1895.60500000
v -2621.02450000 3508.02515000 1560.53500000
v -2643.87450000 3535.90515000 1509.03500000
v -2648.25450000 3571.93515000 1382.15500000
v -2621.75450000 3562.77515000 1286.76500000
v -2586.47450000 2054.09515000 1225.12500000
v -2558.04450000 3527.89515000 1021.15500000
v -2569.46450000 2110.78515000 715.36500000
v -2603.87450000 2190.92515000 538.75500000
v -2632.93450000 2267.57515000 368.24500000
v -2612.09450000 2240.38515000 423.28500000
v -2589.88450000 3575.66515000 432.31500000
v -2601.36450000 3615.58515000 252.59500000
v -2635.13450000 2301.14515000 271.13500000
v -2616.25450000 2339.10515000 205.88500000
v -2651.91450000 3679.39515000 53.27500000
v -2613.63450000 3589.93515000 51.51500000
v -2581.50450000 3386.85515000 23.65500000
v -2556.27450000 3248.96515000 4.93500000
v -2599.90450000 2435.68515000 -112.62500000
v -2658.62450000 2416.19515000 -260.25500000
v -2662.79450000 2424.07515000 -275.49500000
v -2577.68450000 2147.61515000 2317.35500000
v -2582.22450000 2119.05515000 2311.23500000
v -2524.53450000 2251.58515000 2301.53500000
v -2560.59450000 2088.66515000 2324.86500000
v -2526.47450000 2376.89515000 2240.83500000
v -2513.01450000 2483.55515000 2200.32500000
v -2586.45450000 3366.67515000 1729.14500000
v -2559.51450000 2036.44515000 1603.06500000
v -2584.19450000 3420.71515000 1689.48500000
v -2600.55450000 3468.05515000 1625.73500000
v -2613.86450000 3525.26515000 1502.08500000
v -2564.64450000 2036.49515000 1476.78500000
v -2584.37450000 3518.49515000 1407.05500000
v -2491.19450000 1967.87515000 1364.61500000
v -2547.92450000 3512.39515000 1179.51500000
v -2521.53450000 1994.31515000 1126.83500000
v -2524.52450000 3499.19515000 865.76500000
v -2645.37450000 3622.33515000 562.85500000
v -2588.65450000 2166.42515000 582.46500000
v -2594.52450000 2196.71515000 509.21500000
v -2605.11450000 2220.54515000 466.17500000
v -2607.91450000 2277.90515000 347.57500000
v -2562.00450000 2410.24515000 150.87500000
v -2615.42450000 3664.29515000 105.77500000
v -2624.87450000 3668.56515000 82.95500000
v -2580.57450000 2437.84515000 -24.02500000
v -2613.99450000 2447.75515000 -228.40500000
v -2635.04450000 2447.76515000 -257.91500000
v -2613.11450000 2569.21515000 -244.74500000
v -2626.64450000 2499.24515000 -257.92500000
v -2545.51450000 2101.34515000 2348.67500000
v -2457.27450000 1947.65515000 2039.14500000
v -2454.37450000 2725.68515000 2128.66500000
v -2517.20450000 3229.06515000 1862.72500000
v -2560.58450000 3430.71515000 1688.70500000
v -2574.63450000 3461.01515000 1638.91500000
v -2590.17450000 3483.95515000 1592.43500000
v -2581.92450000 3492.16515000 1555.46500000
v -2557.92450000 3485.69515000 1493.52500000
v -2493.29450000 1966.28515000 1227.70500000
v -2534.94450000 2019.16515000 1012.00500000
v -2520.04450000 2039.12515000 806.58500000
v -2579.40450000 3545.93515000 644.64500000
v -2581.71450000 2145.20515000 631.50500000
v -2558.79450000 2117.98515000 659.29500000
v -2573.36450000 2169.87515000 553.61500000
v -2566.16450000 2192.91515000 508.75500000
v -2591.77450000 2224.03515000 454.37500000
v -2578.70450000 2236.36515000 438.63500000
v -2596.13450000 2303.76515000 308.82500000
v -2603.92450000 3641.87515000 156.32500000
v -2538.54450000 2456.40515000 66.76500000
v -2587.09450000 3620.16515000 97.32500000
v -2610.03450000 3629.59515000 73.77500000
v -2551.36450000 3466.22515000 59.44500000
v -2573.77450000 2472.50515000 -177.10500000
v -2577.99450000 2644.39515000 -204.57500000
v -2604.81450000 2476.75515000 -237.44500000
v -2503.24450000 2121.14515000 2374.84500000
v -2509.75450000 2184.49515000 2340.20500000
v -2538.57450000 2063.14515000 2336.24500000
v -2520.42450000 2036.49515000 2310.16500000
v -2549.57450000 3406.27515000 1721.60500000
v -2535.85450000 3378.87515000 1754.38500000
v -2557.89450000 3461.03515000 1617.66500000
v -2509.50450000 3468.56515000 1306.32500000
v -2505.62450000 3472.48515000 706.31500000
v -2542.52450000 2108.57515000 662.70500000
v -2557.85450000 2139.11515000 613.13500000
v -2539.31450000 2198.88515000 510.09500000
v -2553.84450000 2285.52515000 388.63500000
v -2503.62450000 3477.51515000 317.83500000
v -2539.85450000 2348.81515000 312.50500000
v -2522.38450000 2410.46515000 232.49500000
v -2531.86450000 3538.78515000 177.02500000
v -2564.20450000 3588.51515000 125.28500000
v -2572.81450000 3575.12515000 82.03500000
v -2568.98450000 3537.87515000 68.59500000
v -2526.97450000 2498.06515000 -97.13500000
v -2582.25450000 2483.61515000 -214.02500000
v -2582.73450000 2557.65515000 -227.92500000
v -2569.59450000 2518.44515000 -217.44500000
v -2507.40450000 2077.41515000 2384.43500000
v -2532.05450000 2075.27515000 2355.53500000
v -2416.85450000 2206.24515000 2377.61500000
v -2510.03450000 2054.21515000 2368.88500000
v -2409.08450000 2322.41515000 2326.15500000
v -2490.93450000 1993.98515000 2229.33500000
v -2526.09450000 3318.72515000 1802.17500000
v -2448.35450000 1933.74515000 1688.73500000
v -2521.67450000 3398.27515000 1731.82500000
v -2549.35450000 3437.03515000 1667.28500000
v -2508.26450000 3414.35515000 1670.87500000
v -2502.09450000 3429.05515000 1559.48500000
v -2486.33450000 1967.81515000 1498.03500000
v -2460.32450000 1935.46515000 1128.21500000
v -2492.34450000 1994.43515000 884.69500000
v -2522.22450000 3494.05515000 787.40500000
v -2513.56450000 2054.91515000 745.86500000
v -2518.20450000 2086.00515000 693.13500000
v -2557.88450000 3527.33515000 543.57500000
v -2542.92450000 2152.88515000 579.69500000
v -2516.26450000 2223.63515000 497.88500000
v -2521.67450000 3514.50515000 233.22500000
v -2453.57450000 2497.72515000 160.74500000
v -2552.82450000 3564.28515000 102.47500000
v -2531.49450000 3523.32515000 96.27500000
v -2528.10450000 3490.49515000 85.14500000
v -2509.35450000 2498.82515000 -17.65500000
v -2553.55450000 2506.16515000 -193.01500000
v -2476.97450000 2038.43515000 2412.25500000
v -2474.27450000 2066.25515000 2411.01500000
v -2488.98450000 2024.25515000 2376.64500000
v -2452.83450000 1968.24515000 2350.19500000
v -2445.15450000 3211.56515000 1922.56500000
v -2483.55450000 3345.90515000 1804.38500000
v -2483.99450000 3431.79515000 1429.29500000
v -2429.93450000 1915.71515000 1408.40500000
v -2449.06450000 1927.47515000 1056.31500000
v -2432.83450000 3412.25515000 938.54500000
v -2476.64450000 2013.39515000 787.08500000
v -2524.18450000 2118.89515000 638.38500000
v -2476.87450000 2073.08515000 697.10500000
v -2510.48450000 2147.25515000 596.22500000
v -2504.26450000 3469.92515000 414.59500000
v -2460.05450000 2308.50515000 453.47500000
v -2468.94450000 3401.55515000 102.34500000
v -2469.07450000 3134.97515000 26.77500000
v -2527.89450000 2517.78515000 -162.26500000
v -2478.20450000 2654.17515000 -142.29500000
v -2530.03450000 2577.21515000 -188.61500000
v -2536.39450000 2533.69515000 -186.29500000
v -2456.66450000 2000.99515000 2418.28500000
v -2452.03450000 2010.09515000 2436.10500000
v -2428.40450000 2102.63515000 2420.72500000
v -2429.03450000 1927.70515000 2242.98500000
v -2386.08450000 2443.21515000 2285.80500000
v -2397.38450000 2568.44515000 2225.81500000
v -2393.57450000 2894.34515000 2098.34500000
v -2412.71450000 3035.90515000 2026.17500000
v -2480.45450000 3368.41515000 1772.45500000
v -2486.68450000 3386.63515000 1727.04500000
v -2461.66450000 3374.32515000 1726.36500000
v -2424.65450000 3351.77515000 1678.02500000
v -2395.41450000 1882.65515000 1486.56500000
v -2479.88450000 3455.46515000 1125.76500000
v -2484.77450000 2001.66515000 830.37500000
v -2455.80450000 1975.72515000 842.56500000
v -2489.29450000 2052.40515000 733.03500000
v -2485.08450000 3442.73515000 596.85500000
v -2444.54450000 2079.09515000 700.78500000
v -2486.64450000 3444.43515000 479.23500000
v -2458.09450000 2407.27515000 332.05500000
v -2515.65450000 3508.87515000 122.63500000
v -2423.86450000 2551.36515000 45.49500000
v -2500.54450000 3468.76515000 105.78500000
v -2466.83450000 3313.73515000 78.61500000
v -2452.38450000 2876.82515000 -49.00500000
v -2507.92450000 2551.28515000 -164.23500000
v -2429.27450000 2018.59515000 2452.06500000
v -2425.23450000 1978.89515000 2458.26500000
v -2426.40450000 1958.45515000 2430.94500000
v -2389.02450000 1892.87515000 2341.40500000
v -2459.73450000 3277.91515000 1869.10500000
v -2448.83450000 3341.30515000 1805.26500000
v -2460.49450000 3361.18515000 1767.22500000
v -2402.44450000 1886.24515000 1290.78500000
v -2440.65450000 3415.66515000 1201.43500000
v -2428.11450000 1918.96515000 955.50500000
v -2440.94450000 1948.05515000 886.65500000
v -2447.40450000 3415.28515000 762.84500000
v -2425.49450000 1971.49515000 824.90500000
v -2455.77450000 2021.74515000 767.71500000
v -2426.24450000 2200.39515000 603.26500000
v -2438.29450000 3385.30515000 382.67500000
v -2412.61450000 2485.73515000 268.85500000
v -2465.19450000 3438.67515000 213.20500000
v -2480.85450000 3461.30515000 156.43500000
v -2452.78450000 2552.49515000 -55.49500000
v -2485.63450000 2546.80515000 -122.02500000
v -2465.64450000 2575.49515000 -132.13500000
v -2476.13450000 2593.43515000 -144.91500000
v -2374.59450000 1893.13515000 2440.56500000
v -2314.02450000 2831.41515000 2170.30500000
v -2400.50450000 3155.22515000 1978.68500000
v -2396.82450000 3207.09515000 1954.05500000
v -2411.86450000 3237.04515000 1924.18500000
v -2401.44450000 3270.92515000 1898.29500000
v -2436.00450000 3310.01515000 1844.57500000
v -2388.69450000 3341.01515000 1515.26500000
v -2352.55450000 1840.33515000 1383.53500000
v -2389.20450000 1869.13515000 1133.55500000
v -2384.87450000 3366.29515000 1056.82500000
v -2411.69450000 1920.54515000 900.91500000
v -2422.52450000 1944.99515000 868.26500000
v -2408.62450000 2003.79515000 792.08500000
v -2375.94450000 2132.05515000 705.92500000
v -2376.27450000 2477.42515000 340.14500000
v -2349.26450000 2420.03515000 439.93500000
v -2471.81450000 3435.07515000 127.44500000
v -2431.50450000 3385.94515000 162.30500000
v -2402.30450000 3150.92515000 71.95500000
v -2404.75450000 2986.22515000 15.58500000
v -2436.13450000 2585.88515000 -94.03500000
v -2407.68450000 2744.09515000 -68.42500000
v -2436.44450000 2609.33515000 -113.18500000
v -2448.85450000 2626.06515000 -124.26500000
v -2381.17450000 1948.83515000 2500.97500000
v -2373.77450000 1984.03515000 2500.21500000
v -2396.30450000 1938.70515000 2467.70500000
v -2361.91450000 2056.38515000 2472.41500000
v -2324.09450000 1817.65515000 2229.19500000
v -2253.92450000 2720.05515000 2245.63500000
v -2404.91450000 3295.10515000 1864.97500000
v -2408.03450000 3307.98515000 1832.25500000
v -2427.04450000 3336.16515000 1770.96500000
v -2274.10450000 1759.63515000 1758.18500000
v -2416.92450000 3383.95515000 1340.25500000
v -2392.22450000 1873.92515000 1034.90500000
v -2363.76450000 1854.79515000 983.31500000
v -2386.41450000 1891.33515000 933.64500000
v -2392.61450000 3366.61515000 830.28500000
v -2386.28450000 1912.41515000 894.48500000
v -2410.57450000 3363.72515000 653.35500000
v -2435.47450000 3388.57515000 281.44500000
v -2435.21450000 3375.50515000 133.45500000
v -2295.66450000 2619.44515000 155.37500000
v -2386.38450000 2592.48515000 -3.50500000
v -2400.72450000 2666.23515000 -82.47500000
v -2343.40450000 1948.88515000 2530.98500000
v -2356.73450000 1897.77515000 2506.04500000
v -2331.68450000 1893.12515000 2546.53500000
v -2326.30450000 1856.21515000 2524.43500000
v -2306.30450000 2389.42515000 2348.82500000
v -2342.33450000 3111.36515000 2035.10500000
v -2314.06450000 3024.94515000 2091.84500000
v -2362.46450000 3188.89515000 1980.29500000
v -2360.12450000 3217.02515000 1954.27500000
v -2392.75450000 3281.68515000 1882.83500000
v -2377.39450000 3269.65515000 1892.50500000
v -2381.81450000 3281.67515000 1863.99500000
v -2351.52450000 3270.23515000 1802.95500000
v -2319.72450000 1806.46515000 1205.67500000
v -2362.44450000 3342.34515000 1220.73500000
v -2335.62450000 3315.73515000 921.22500000
v -2380.32450000 1938.78515000 861.13500000
v -2380.76450000 2066.37515000 756.55500000
v -2286.43450000 2234.93515000 689.46500000
v -2334.49450000 2318.39515000 565.26500000
v -2386.63450000 3326.12515000 517.21500000
v -2331.83450000 2528.99515000 317.03500000
v -2323.10450000 2563.36515000 250.01500000
v -2418.37450000 3367.05515000 226.79500000
v -2381.18450000 3303.15515000 188.84500000
v -2405.51450000 3332.57515000 149.55500000
v -2416.96450000 3321.50515000 123.23500000
v -2395.56450000 2602.37515000 -43.75500000
v -2386.97450000 2632.96515000 -62.72500000
v -2331.95450000 1916.28515000 2545.78500000
v -2320.72450000 1981.13515000 2528.57500000
v -2326.21450000 2149.48515000 2445.53500000
v -2287.71450000 1801.03515000 2502.15500000
v -2307.42450000 1809.93515000 2390.41500000
v -2297.53450000 1784.26515000 2057.13500000
v -2343.41450000 3154.66515000 2009.15500000
v -2350.83450000 3238.20515000 1922.58500000
v -2342.64450000 3283.57515000 1657.09500000
v -2321.45450000 1809.22515000 1497.48500000
v -2297.93450000 1785.27515000 1315.37500000
v -2338.44450000 1824.80515000 1053.56500000
v -2298.99450000 1787.93515000 1118.77500000
v -2350.72450000 1865.69515000 944.56500000
v -2334.68450000 1885.80515000 918.46500000
v -2348.92450000 1948.08515000 862.38500000
v -2338.54450000 2040.82515000 804.82500000
v -2367.10450000 3330.82515000 743.04500000
v -2376.54450000 3302.06515000 318.96500000
v -2303.05450000 2507.89515000 380.52500000
v -2378.03450000 3278.45515000 148.95500000
v -2370.30450000 3219.42515000 122.12500000
v -2343.23450000 2674.60515000 -36.58500000
v -2299.16450000 1887.06515000 2575.73500000
v -2322.07450000 1868.25515000 2548.14500000
v -2291.72450000 1851.03515000 2583.63500000
v -2312.87450000 1927.14515000 2554.67500000
v -2278.63450000 2055.13515000 2511.51500000
v -2286.92450000 2290.44515000 2401.67500000
v -2235.30450000 1719.57515000 2132.69500000
v -2315.52450000 3173.15515000 2000.54500000
v -2332.58450000 3216.08515000 1951.00500000
v -2357.23450000 3257.84515000 1880.03500000
v -2252.09450000 3214.33515000 1530.36500000
v -2280.12450000 3256.67515000 1320.85500000
v -2327.56450000 1821.02515000 1007.98500000
v -2331.05450000 1836.01515000 980.38500000
v -2294.08450000 1822.89515000 985.54500000
v -2304.63450000 2133.51515000 758.02500000
v -2312.14450000 3219.64515000 427.98500000
v -2338.63450000 3218.25515000 164.29500000
v -2303.85450000 3087.27515000 116.71500000
v -2291.34450000 2977.01515000 81.26500000
v -2317.88450000 2629.89515000 55.32500000
v -2351.71450000 2622.04515000 -2.08500000
v -2330.91450000 2825.13515000 5.06500000
v -2352.58450000 2633.63515000 -21.94500000
v -2319.73450000 2727.19515000 -13.22500000
v -2339.57450000 2656.85515000 -23.87500000
v -2308.54450000 2683.49515000 -2.20500000
v -2298.73450000 1839.47515000 2566.57500000
v -2272.66450000 1802.62515000 2574.40500000
v -2274.26450000 2947.78515000 2147.17500000
v -2259.41450000 1743.35515000 2068.77500000
v -2289.44450000 3084.07515000 2077.83500000
v -2297.92450000 3127.18515000 2044.42500000
v -2323.97450000 3200.91515000 1967.66500000
v -2316.10450000 3208.70515000 1945.67500000
v -2314.83450000 3221.18515000 1888.55500000
v -2266.14450000 3208.97515000 1686.68500000
v -2263.35450000 3246.34515000 1126.95500000
v -2288.76450000 1788.57515000 1050.19500000
v -2302.69450000 1811.68515000 1008.29500000
v -2306.39450000 1907.73515000 908.13500000
v -2275.36450000 3244.99515000 831.78500000
v -2255.38450000 2015.03515000 867.71500000
v -2302.31450000 3251.30515000 682.13500000
v -2300.05450000 3191.31515000 325.91500000
v -2318.04450000 3206.32515000 236.53500000
v -2278.53450000 2882.80515000 55.30500000
v -2308.52450000 2659.05515000 15.80500000
v -2271.70450000 1818.89515000 2596.78500000
v -2245.26450000 1799.63515000 2626.24500000
v -2253.47450000 1851.58515000 2613.07500000
v -2244.37450000 1945.77515000 2575.44500000
v -2197.99450000 2187.09515000 2485.21500000
v -2214.94450000 1717.49515000 2488.36500000
v -2223.40450000 1744.56515000 2590.98500000
v -2238.69450000 1733.26515000 2355.35500000
v -2249.65450000 2461.64515000 2347.47500000
v -2261.38450000 3050.53515000 2109.40500000
v -2250.71450000 3012.49515000 2132.23500000
v -2281.55450000 3159.99515000 2013.64500000
v -2295.87450000 3180.45515000 1976.72500000
v -2281.49450000 3145.48515000 2030.34500000
v -2226.26450000 1707.79515000 2002.07500000
v -2247.21450000 1736.62515000 1215.24500000
v -2252.36450000 1773.89515000 1043.11500000
v -2254.07450000 1829.26515000 984.98500000
v -2269.95450000 2099.60515000 805.28500000
v -2243.60450000 3137.85515000 503.95500000
v -2263.25450000 2408.89515000 536.93500000
v -2232.90450000 2506.84515000 456.92500000
v -2292.36450000 3152.39515000 182.30500000
v -2303.91450000 3137.88515000 147.55500000
v -2220.88450000 1812.02515000 2646.27500000
v -2195.42450000 1891.12515000 2623.00500000
v -2256.32450000 1797.35515000 2605.31500000
v -2232.91450000 1769.39515000 2620.83500000
v -2219.84450000 1706.64515000 2262.44500000
v -2203.11450000 2896.06515000 2205.86500000
v -2249.91450000 3083.64515000 2092.24500000
v -2255.70450000 3116.32515000 2060.58500000
v -2254.62450000 3134.99515000 2034.92500000
v -2255.31450000 3149.21515000 1999.71500000
v -2253.89450000 3160.87515000 1940.06500000
v -2240.78450000 3170.40515000 1798.19500000
v -2213.29450000 3196.25515000 1185.60500000
v -2234.69450000 1735.13515000 1122.00500000
v -2243.56450000 1754.60515000 1076.82500000
v -2253.51450000 3233.62515000 983.42500000
v -2251.38450000 1893.46515000 942.47500000
v -2189.92450000 2189.63515000 792.40500000
v -2208.09450000 2360.95515000 633.88500000
v -2255.04450000 3128.87515000 370.89500000
v -2222.78450000 2641.69515000 248.14500000
v -2254.50450000 3098.77515000 220.88500000
v -2263.16450000 3059.84515000 139.93500000
v -2236.31450000 2680.97515000 105.60500000
v -2280.13450000 2664.38515000 54.61500000
v -2260.65450000 2688.00515000 49.59500000
v -2283.78450000 2686.59515000 22.63500000
v -2250.48450000 2721.31515000 42.79500000
v -2207.56450000 1757.59515000 2657.54500000
v -2202.19450000 1777.84515000 2664.97500000
v -2183.42450000 1845.61515000 2649.86500000
v -2181.99450000 1797.49515000 2672.48500000
v -2178.49450000 1720.04515000 2671.07500000
v -2134.00450000 2073.48515000 2562.35500000
v -2164.20450000 2310.33515000 2447.47500000
v -2176.85450000 1665.22515000 2361.69500000
v -2099.10450000 2633.44515000 2358.81500000
v -2221.58450000 3039.68515000 2130.07500000
v -2233.21450000 3110.33515000 2063.53500000
v -2227.46450000 3091.60515000 2086.00500000
v -2168.19450000 1644.16515000 2076.92500000
v -2221.07450000 3111.47515000 2046.85500000
v -2201.40450000 3106.45515000 2009.87500000
v -2204.15450000 1682.62515000 1860.49500000
v -2197.72450000 1677.19515000 1752.35500000
v -2212.29450000 1698.22515000 1415.01500000
v -2209.44450000 1729.18515000 1095.86500000
v -2193.93450000 1735.31515000 1077.08500000
v -2146.41450000 1958.37515000 957.11500000
v -2175.77450000 1827.61515000 1015.82500000
v -2212.08450000 2597.72515000 350.32500000
v -2269.36450000 3136.85515000 290.44500000
v -2261.42450000 3084.67515000 169.54500000
v -2225.83450000 2963.95515000 123.02500000
v -2087.46450000 1924.62515000 2648.27500000
v -2141.73450000 1660.31515000 2631.28500000
v -2130.34450000 2815.79515000 2274.64500000
v -2202.51450000 2987.89515000 2163.48500000
v -2201.79450000 3063.59515000 2113.16500000
v -2152.98450000 1630.90515000 2212.45500000
v -2207.15450000 3085.28515000 2085.63500000
v -2126.65450000 1600.25515000 1740.20500000
v -2159.69450000 3111.18515000 1614.50500000
v -2174.11450000 1654.16515000 1617.04500000
v -2186.44450000 3162.76515000 1364.64500000
v -2161.99450000 3143.30515000 1224.94500000
v -2164.79450000 1655.44515000 1231.46500000
v -2176.40450000 1683.10515000 1149.99500000
v -2166.65450000 1756.62515000 1063.34500000
v -2194.61450000 3148.24515000 760.16500000
v -2194.15450000 3117.77515000 636.92500000
v -2173.71450000 2290.29515000 726.29500000
v -2209.79450000 3042.82515000 292.57500000
v -2196.31450000 2689.08515000 171.69500000
v -2211.90450000 3008.44515000 179.22500000
v -2226.75450000 3007.01515000 152.02500000
v -2211.10450000 2878.80515000 97.88500000
v -2233.19450000 2795.45515000 61.99500000
v -2095.15450000 1806.06515000 2703.99500000
v -2150.26450000 1760.53515000 2699.72500000
v -2167.13450000 1734.16515000 2690.55500000
v -2138.81450000 1696.58515000 2716.25500000
v -2058.10450000 2434.70515000 2448.85500000
v -2176.55450000 3025.96515000 2145.22500000
v -2185.16450000 3066.15515000 2105.00500000
v -2164.95450000 3060.00515000 2087.26500000
v -2121.23450000 1592.48515000 1934.93500000
v -2132.89450000 3060.54515000 1856.57500000
v -2157.63450000 3095.27515000 1740.91500000
v -2117.80450000 3085.15515000 1423.94500000
v -2169.80450000 1689.86515000 1126.38500000
v -2091.66450000 1890.00515000 1020.54500000
v -2159.61450000 3045.44515000 537.18500000
v -2174.35450000 2476.04515000 548.35500000
v -2191.58450000 3033.87515000 376.50500000
v -2175.97450000 2581.27515000 426.01500000
v -2187.17450000 2989.97515000 232.47500000
v -2186.38450000 2718.00515000 121.54500000
v -2175.05450000 2925.16515000 157.01500000
v -2175.20450000 2885.70515000 130.72500000
v -2215.13450000 2718.86515000 83.79500000
v -2203.08450000 2752.40515000 80.53500000
v -2118.87450000 1705.50515000 2732.22500000
v -2125.15450000 1619.76515000 2483.95500000
v -2143.62450000 2994.03515000 2176.91500000
v -2155.28450000 2957.05515000 2197.76500000
v -2161.92450000 3040.35515000 2124.73500000
v -2064.26450000 1532.06515000 2099.63500000
v -2130.89450000 3045.33515000 2000.79500000
v -2084.46450000 1555.68515000 1532.39500000
v -2141.45450000 1644.32515000 1184.12500000
v -2127.77450000 1623.05515000 1214.92500000
v -2151.62450000 1665.22515000 1154.17500000
v -2160.13450000 3142.27515000 1092.36500000
v -2123.02450000 1747.88515000 1081.57500000
v -2151.56450000 3120.87515000 894.47500000
v -2105.70450000 2578.82515000 501.79500000
v -2145.41450000 2981.21515000 421.12500000
v -2119.73450000 2627.20515000 423.10500000
v -2158.57450000 2930.54515000 208.34500000
v -2174.38450000 2772.13515000 100.38500000
v -2133.20450000 1676.42515000 2702.88500000
v -2103.12450000 1662.03515000 2743.87500000
v -2094.70450000 1738.37515000 2734.45500000
v -2109.69450000 1647.42515000 2714.91500000
v -2098.13450000 1578.22515000 2347.23500000
v -2126.01450000 2912.74515000 2234.40500000
v -2108.64450000 2954.62515000 2213.24500000
v -2139.86450000 3012.22515000 2154.39500000
v -2094.09450000 3038.20515000 1685.64500000
v -2124.30450000 1601.42515000 1467.34500000
v -2092.43450000 3067.94515000 1297.62500000
v -2092.41450000 1568.67515000 1364.96500000
v -2095.73450000 1585.49515000 1261.29500000
v -2135.47450000 1659.64515000 1153.70500000
v -2098.15450000 1809.86515000 1058.68500000
v -2091.38450000 2128.59515000 889.65500000
v -2126.72450000 3062.10515000 696.86500000
v -2116.65450000 3022.77515000 611.83500000
v -2111.80450000 2434.51515000 642.58500000
v -2053.35450000 2509.81515000 619.05500000
v -2107.03450000 2672.55515000 366.89500000
v -2141.59450000 2699.14515000 260.77500000
v -2142.41450000 2924.18515000 269.69500000
v -2176.77450000 2744.36515000 109.99500000
v -2151.57450000 2736.69515000 161.95500000
v -2160.87450000 2815.46515000 123.51500000
v -2077.41450000 1698.16515000 2758.99500000
v -2080.80450000 1668.52515000 2764.61500000
v -2069.47450000 1614.65515000 2765.70500000
v -2053.04450000 1573.71515000 2715.66500000
v -2049.77450000 1549.85515000 2585.80500000
v -2030.85450000 2779.91515000 2337.47500000
v -2076.16450000 2918.90515000 2251.14500000
v -2058.16450000 1529.36515000 2240.23500000
v -2110.34450000 2985.79515000 2178.94500000
v -2112.93450000 3004.70515000 2144.56500000
v -2076.24450000 2991.31515000 2081.71500000
v -2112.31450000 1619.66515000 1202.90500000
v -2104.09450000 1680.69515000 1135.01500000
v -2000.87450000 1998.47515000 1012.46500000
v -2001.93450000 1866.41515000 1074.16500000
v -2043.16450000 2067.22515000 953.59500000
v -2083.20450000 3031.54515000 769.14500000
v -2097.85450000 2297.28515000 777.03500000
v -2036.25450000 2267.35515000 836.09500000
v -2101.39450000 2361.43515000 716.74500000
v -2101.25450000 2956.85515000 496.05500000
v -2144.03450000 2892.66515000 189.42500000
v -2146.59450000 2860.07515000 154.54500000
v -2156.96450000 2768.14515000 129.60500000
v -2057.91450000 1627.92515000 2782.90500000
v -2024.37450000 1575.45515000 2804.55500000
v -2043.73450000 1658.41515000 2787.52500000
v -2041.24450000 1577.81515000 2771.38500000
v -1937.56450000 2076.79515000 2637.40500000
v -2004.95450000 2271.57515000 2535.69500000
v -2051.47450000 1536.96515000 2463.02500000
v -1992.66450000 1465.68515000 2380.01500000
v -1971.75450000 2662.34515000 2409.38500000
v -2067.76450000 2864.96515000 2281.40500000
v -2052.38450000 2922.89515000 2248.27500000
v -2062.95450000 2951.22515000 2206.79500000
v -2074.75450000 2999.47515000 1964.16500000
v -2021.22450000 1482.00515000 1926.71500000
v -2048.84450000 1513.37515000 1748.93500000
v -2013.30450000 1473.75515000 1587.44500000
v -2062.90450000 1532.33515000 1443.83500000
v -2055.47450000 3013.24515000 1480.22500000
v -2024.31450000 1502.75515000 1324.37500000
v -2051.15450000 1541.63515000 1273.97500000
v -2076.95450000 1583.65515000 1230.42500000
v -2088.14450000 1620.65515000 1190.63500000
v -2089.79450000 3069.10515000 1168.83500000
v -2054.67450000 1757.21515000 1107.18500000
v -2043.01450000 3013.91515000 1018.15500000
v -2069.66450000 2995.93515000 684.07500000
v -2115.53450000 2759.47515000 204.67500000
v -2127.63450000 2859.19515000 196.47500000
v -2139.92450000 2777.21515000 155.57500000
v -2125.08450000 2808.61515000 181.72500000
v -1998.22450000 1730.07515000 2773.43500000
v -2023.17450000 1555.53515000 2780.02500000
v -1885.13450000 1858.86515000 2748.67500000
v -1975.43450000 2554.82515000 2445.06500000
v -2015.08450000 2838.49515000 2315.95500000
v -2031.51450000 2879.59515000 2283.86500000
v -2083.86450000 2975.80515000 2176.68500000
v -2057.44450000 2961.72515000 2171.26500000
v -2017.20450000 2944.99515000 2055.02500000
v -1978.90450000 2913.10515000 1912.25500000
v -2024.58450000 2974.09515000 1558.13500000
v -2047.98450000 3018.04515000 1335.73500000
v -2021.82450000 1511.85515000 1293.89500000
v -2025.47450000 1527.54515000 1272.27500000
v -2052.10450000 1559.63515000 1245.30500000
v -2059.11450000 1582.50515000 1222.99500000
v -2023.95450000 1581.09515000 1222.28500000
v -2045.93450000 3003.44515000 853.08500000
v -1965.93450000 2177.26515000 934.36500000
v -1970.48450000 2237.25515000 894.21500000
v -2026.27450000 2428.26515000 713.37500000
v -2048.48450000 2941.16515000 597.90500000
v -2029.79450000 2877.51515000 495.92500000
v -2034.06450000 2573.12515000 576.57500000
v -2012.13450000 2620.57515000 545.72500000
v -2043.28450000 2668.70515000 452.91500000
v -2083.94450000 2872.27515000 361.49500000
v -2070.74450000 2721.14515000 345.82500000
v -2109.05450000 2840.17515000 245.61500000
v -2090.00450000 2756.62515000 271.74500000
v -2105.06450000 2791.55515000 230.01500000
v -2002.72450000 1649.68515000 2809.14500000
v -1999.54450000 1603.48515000 2822.33500000
v -1981.79450000 1502.79515000 2776.03500000
v -1953.67450000 1460.32515000 2707.86500000
v -1939.35450000 1427.11515000 2572.46500000
v -2018.94450000 2916.92515000 2236.65500000
v -2030.52450000 2934.51515000 2205.25500000
v -1958.02450000 1416.68515000 2208.78500000
v -1961.52450000 1411.79515000 1659.05500000
v -2006.72450000 1472.06515000 1436.04500000
v -2031.78450000 2996.36515000 1377.81500000
v -2030.47450000 1552.72515000 1247.94500000
v -1978.55450000 1682.37515000 1179.57500000
v -2010.54450000 2353.98515000 786.82500000
v -2023.32450000 2835.63515000 430.09500000
v -2048.80450000 2813.36515000 354.90500000
v -2069.06450000 2755.07515000 313.15500000
v -2083.74450000 2808.94515000 294.24500000
v -2062.14450000 2776.95515000 324.04500000
v -1979.09450000 1522.04515000 2823.16500000
v -1969.15450000 1543.76515000 2845.56500000
v -1894.64450000 1968.57515000 2697.32500000
v -1915.38450000 2484.83515000 2497.72500000
v -1986.10450000 2800.85515000 2345.87500000
v -1976.06450000 2838.30515000 2320.64500000
v -2006.06450000 2886.26515000 2274.28500000
v -2004.12450000 2919.02515000 2186.11500000
v -1980.10450000 1435.29515000 2035.66500000
v -1983.25450000 1436.18515000 1790.30500000
v -1999.15450000 2938.00515000 1710.40500000
v -1954.59450000 2908.63515000 1362.35500000
v -1967.01450000 1442.88515000 1362.11500000
v -1982.21450000 1468.41515000 1329.17500000
v -1998.02450000 1494.77515000 1304.02500000
v -1986.44450000 1509.66515000 1281.39500000
v -1963.48450000 1593.59515000 1231.47500000
v -1959.46450000 1789.33515000 1131.85500000
v -1947.67450000 2125.02515000 973.86500000
v -1955.66450000 2499.75515000 706.96500000
v -1969.62450000 2863.15515000 603.39500000
v -2049.92450000 2754.13515000 351.28500000
v -2025.16450000 2779.61515000 387.78500000
v -1945.85450000 1561.48515000 2861.12900000
v -1917.11450000 1650.10515000 2835.88500000
v -1946.95450000 1480.54515000 2834.20500000
v -1912.06450000 1435.51515000 2826.16500000
v -1855.71450000 1328.20515000 2498.88500000
v -1956.88450000 2745.84515000 2382.88500000
v -1991.26450000 2891.51515000 2253.29500000
v -1950.14450000 1398.55515000 1899.21500000
v -1929.18450000 1372.95515000 1792.36500000
v -1905.93450000 1349.77515000 1552.31500000
v -2003.67450000 2971.47515000 1207.84500000
v -1951.39450000 1507.43515000 1281.84500000
v -1943.73450000 1542.63515000 1264.05500000
v -1956.84450000 2910.60515000 875.90500000
v -1970.90450000 2934.52515000 992.44500000
v -1964.39450000 2586.38515000 624.76500000
v -1957.33450000 2668.28515000 547.28500000
v -1955.13450000 2814.42515000 533.25500000
v -1999.64450000 2802.91515000 438.73500000
v -2020.80450000 2737.53515000 411.03500000
v -1987.93450000 2710.49515000 473.58500000
v -1985.22450000 2775.75515000 443.65500000
v -2001.69450000 2761.63515000 423.68500000
v -1938.45450000 1493.86515000 2861.74800000
v -1901.50450000 1493.93515000 2895.06700000
v -1851.96450000 1364.37515000 2802.86500000
v -1834.08450000 2274.08515000 2606.34500000
v -1925.68450000 2779.36515000 2369.57500000
v -1974.92450000 2864.57515000 2287.19500000
v -1948.93450000 2841.51515000 2307.12500000
v -1932.17450000 2860.45515000 2133.41500000
v -1910.84450000 2829.88515000 2255.75500000
v -1903.00450000 1346.39515000 2048.22500000
v -1961.27450000 2897.71515000 1765.53500000
v -1952.23450000 1450.19515000 1332.82500000
v -1923.24450000 1403.28515000 1368.82500000
v -1968.70450000 2934.07515000 1063.39500000
v -1922.42450000 2329.07515000 859.28500000
v -1986.41450000 2914.10515000 717.15500000
v -1983.37450000 2746.87515000 454.65500000
v -1915.77450000 1457.49515000 2865.52200000
v -1898.01450000 1455.93515000 2891.06400000
v -1866.53450000 1542.20515000 2897.92000000
v -1817.24450000 1749.92515000 2821.87500000
v -1903.88450000 2687.27515000 2429.38500000
v -1907.31450000 2734.06515000 2403.80500000
v -1873.88450000 1331.48515000 2348.04500000
v -1925.35450000 2810.99515000 2333.34500000
v -1959.56450000 2862.49515000 2268.01500000
v -1886.77450000 1331.59515000 2182.10500000
v -1899.79450000 1338.32515000 1719.30500000
v -1913.82450000 2854.34515000 1514.17500000
v -1928.73450000 1394.87515000 1419.13500000
v -1919.43450000 1447.01515000 1326.77500000
v -1876.77450000 1592.32515000 1262.76500000
v -1918.23450000 2877.44515000 1095.93500000
v -1840.95450000 1799.70515000 1177.14500000
v -1816.95450000 1706.80515000 1232.11500000
v -1884.50450000 1913.21515000 1105.78500000
v -1921.87450000 1997.47515000 1052.21500000
v -1913.94450000 2870.13515000 985.49500000
v -1926.15450000 2419.35515000 788.70500000
v -1886.03450000 2564.88515000 709.36500000
v -1957.99450000 2726.81515000 499.21500000
v -1960.15450000 2782.43515000 488.19500000
v -1966.31450000 2758.03515000 476.59500000
v -1862.28450000 1428.67515000 2920.18700000
v -1832.27450000 1604.50515000 2883.68900000
v -1851.85450000 1485.80515000 2923.48600000
v -1880.49450000 1423.39515000 2886.50600000
v -1807.98450000 2032.24515000 2701.87500000
v -1809.47450000 2436.43515000 2559.33500000
v -1900.87450000 2604.03515000 2461.34500000
v -1879.63450000 2739.60515000 2403.94500000
v -1891.24450000 2780.55515000 2354.17500000
v -1925.43450000 2827.43515000 2298.54500000
v -1864.98450000 1310.11515000 2234.25500000
v -1848.78450000 2775.66515000 2243.71500000
v -1840.53450000 2772.93515000 1978.71500000
v -1861.76450000 1293.72515000 1867.91500000
v -1919.92450000 2856.17515000 1740.84500000
v -1877.54450000 1336.15515000 1449.91500000
v -1894.90450000 1371.26515000 1400.50500000
v -1902.68450000 1397.85515000 1367.76500000
v -1914.44450000 2868.19515000 1195.05500000
v -1882.05450000 1479.54515000 1315.69500000
v -1891.04450000 2107.41515000 1010.38500000
v -1882.57450000 2828.97515000 853.55500000
v -1872.64450000 2229.66515000 947.59500000
v -1833.88450000 2513.35515000 782.98500000
v -1908.69450000 2813.95515000 641.63500000
v -1920.77450000 2769.93515000 544.37500000
v -1915.28450000 2708.08515000 560.84500000
v -1939.14450000 2748.99515000 518.44500000
v -1826.86450000 1433.10515000 2945.20200000
v -1842.92450000 1372.69515000 2882.03900000
v -1796.34450000 1653.16515000 2872.27700000
v -1854.72450000 1354.97515000 2710.51500000
v -1771.90450000 2168.85515000 2667.52500000
v -1863.96450000 2699.51515000 2433.50500000
v -1878.99450000 2759.26515000 2377.72500000
v -1892.07450000 2796.45515000 2318.59500000
v -1823.03450000 1254.80515000 2096.52500000
v -1839.46450000 1270.23515000 1993.25500000
v -1833.97450000 1273.92515000 1508.03500000
v -1869.24450000 2809.70515000 1338.02500000
v -1871.77450000 2816.30515000 1232.52500000
v -1857.94450000 1385.48515000 1373.01500000
v -1876.66450000 2807.28515000 749.39500000
v -1878.55450000 2647.39515000 646.47500000
v -1887.99450000 2752.83515000 583.58500000
v -1904.06450000 2736.46515000 565.99500000
v -1833.54450000 1382.91515000 2924.68100000
v -1823.05450000 1395.60515000 2944.22000000
v -1788.49450000 1276.67515000 2667.08500000
v -1845.63450000 2645.71515000 2466.33500000
v -1833.89450000 2705.75515000 2428.21500000
v -1834.19450000 2751.63515000 2329.80500000
v -1798.23450000 1220.12515000 1965.79500000
v -1833.26450000 1258.79515000 1709.21500000
v -1811.74450000 1237.16515000 1597.14500000
v -1835.21450000 1294.87515000 1458.92500000
v -1851.47450000 1336.02515000 1420.87500000
v -1846.84450000 2791.72515000 1084.32500000
v -1825.45450000 2045.82515000 1067.82500000
v -1832.88450000 2777.21515000 920.45500000
v -1825.99450000 2380.85515000 875.83500000
v -1816.32450000 2597.41515000 740.66500000
v -1894.25450000 2772.40515000 596.60500000
v -1878.93450000 2705.51515000 605.29500000
v -1878.93450000 2733.86515000 596.38500000
v -1794.19450000 1470.56515000 2948.33000000
v -1781.37450000 1323.64515000 2944.21400000
v -1771.54450000 1293.01515000 2874.28300000
v -1788.52450000 1294.61515000 2783.40500000
v -1731.60450000 2331.70515000 2626.61500000
v -1817.73450000 2562.72515000 2508.17500000
v -1817.79450000 2667.76515000 2459.27500000
v -1798.40450000 1254.51515000 2415.51500000
v -1843.82450000 2732.71515000 2395.41500000
v -1861.20450000 2758.96515000 2360.58500000
v -1756.10450000 1186.85515000 2228.46500000
v -1835.24450000 2769.41515000 1651.94500000
v -1786.35450000 1211.98515000 1556.96500000
v -1774.48450000 1218.23515000 1518.33500000
v -1800.82450000 1258.49515000 1485.98500000
v -1812.31450000 1285.60515000 1456.40500000
v -1809.06450000 1309.52515000 1432.67500000
v -1820.22450000 1413.24515000 1366.13500000
v -1773.13450000 2696.44515000 1217.65500000
v -1822.63450000 2761.06515000 833.45500000
v -1867.65450000 2741.97515000 614.95500000
v -1856.70450000 2717.46515000 629.04500000
v -1777.79450000 1364.52515000 2978.47100000
v -1795.23450000 1360.30515000 2956.98300000
v -1723.09450000 1576.98515000 2924.34900000
v -1668.46450000 1841.76515000 2825.43500000
v -1741.01450000 1963.24515000 2752.77500000
v -1709.92450000 2081.64515000 2720.68500000
v -1751.09450000 1217.95515000 2547.26500000
v -1785.64450000 2617.98515000 2494.49500000
v -1801.04450000 2697.63515000 2420.07500000
v -1823.33450000 2726.60515000 2380.84500000
v -1731.06450000 1140.29515000 2020.97500000
v -1750.47450000 1158.39515000 1816.73500000
v -1768.73450000 1181.45515000 1679.65500000
v -1805.23450000 2732.87515000 1434.99500000
v -1794.67450000 1341.59515000 1411.45500000
v -1765.22450000 1509.42515000 1344.47500000
v -1697.65450000 1655.01515000 1306.47500000
v -1689.36450000 1790.47515000 1248.26500000
v -1778.70450000 1970.71515000 1122.67500000
v -1809.03450000 2163.60515000 1015.12500000
v -1760.71450000 2552.47515000 810.77500000
v -1790.06450000 2718.83515000 792.46500000
v -1858.72450000 2758.04515000 661.68500000
v -1839.64450000 2686.45515000 662.50500000
v -1846.26450000 2726.54515000 648.81500000
v -1831.06450000 2707.52515000 667.08500000
v -1753.57450000 1400.30515000 2984.32100000
v -1761.07450000 1325.51515000 2979.16900000
v -1706.26450000 1237.10515000 2941.17500000
v -1792.85450000 2670.65515000 2453.08500000
v -1777.77450000 2639.99515000 2480.26500000
v -1790.06450000 2701.38515000 2385.48500000
v -1761.23450000 2682.18515000 2305.35500000
v -1747.85450000 1163.33515000 1608.35500000
v -1761.19450000 2686.75515000 1594.30500000
v -1773.49450000 1247.27515000 1483.92500000
v -1746.78450000 1274.21515000 1462.68500000
v -1733.00450000 1393.75515000 1407.71500000
v -1765.00450000 2697.04515000 979.48500000
v -1763.05450000 2282.91515000 970.95500000
v -1817.86450000 2729.86515000 726.77500000
v -1807.76450000 2651.70515000 716.11500000
v -1830.45450000 2720.05515000 681.38500000
v -1805.12450000 2690.12515000 716.78500000
v -1737.49450000 1314.47515000 3001.41800000
v -1669.22450000 1456.98515000 2986.78200000
v -1718.78450000 1334.10515000 3012.07900000
v -1715.03450000 1273.77515000 2994.23300000
v -1699.55450000 1709.60515000 2874.12900000
v -1746.87450000 2522.45515000 2549.93500000
v -1742.30450000 2612.01515000 2500.57500000
v -1737.48450000 2575.17515000 2521.16500000
v -1752.70450000 2639.44515000 2468.43500000
v -1774.07450000 2665.82515000 2446.56500000
v -1700.53450000 1142.93515000 2410.17500000
v -1662.63450000 1086.45515000 2324.58500000
v -1764.90450000 2695.48515000 1843.06500000
v -1733.57450000 2660.06515000 2110.08500000
v -1703.16450000 1105.18515000 1692.14500000
v -1750.43450000 1181.21515000 1557.46500000
v -1746.62450000 1204.95515000 1514.87500000
v -1727.87450000 1181.75515000 1535.81500000
v -1744.53450000 1327.75515000 1434.68500000
v -1663.15450000 1939.44515000 1190.47500000
v -1760.93450000 2689.93515000 882.42500000
v -1773.25450000 2470.13515000 852.12500000
v -1781.70450000 2693.35515000 764.76500000
v -1690.74450000 1285.14515000 3027.87300000
v -1727.65450000 1234.91515000 2816.04500000
v -1634.16450000 2252.13515000 2689.10500000
v -1689.97450000 1175.76515000 2715.04500000
v -1711.93450000 2458.14515000 2587.60500000
v -1765.25450000 2667.31515000 2415.13500000
v -1631.44450000 1029.77515000 2193.65500000
v -1685.51450000 1088.51515000 2110.87500000
v -1683.46450000 2605.30515000 2003.91500000
v -1731.28450000 2655.46515000 1717.04500000
v -1700.29450000 1113.56515000 1621.86500000
v -1717.59450000 1149.67515000 1578.04500000
v -1725.87450000 1215.16515000 1507.00500000
v -1694.81450000 2167.25515000 1068.09500000
v -1747.54450000 2671.58515000 1062.82500000
v -1749.95450000 2401.20515000 908.90500000
v -1774.25450000 2662.00515000 754.66500000
v -1762.19450000 2614.83515000 782.48500000
v -1766.39450000 2669.16515000 771.53500000
v -1650.47450000 1345.78515000 3034.23000000
v -1663.36450000 1301.07515000 3042.15900000
v -1656.60450000 1236.23515000 3040.81900000
v -1651.39450000 1107.21515000 2562.52500000
v -1688.16450000 2521.60515000 2562.13500000
v -1705.92450000 2588.61515000 2502.34500000
v -1727.45450000 2612.61515000 2483.70500000
v -1716.16450000 2615.27515000 2442.85500000
v -1660.08450000 1092.51515000 2393.30500000
v -1684.84450000 2603.93515000 2259.09500000
v -1693.71450000 2612.16515000 1804.32500000
v -1671.56450000 1059.49515000 1891.01500000
v -1685.41450000 2593.59515000 1574.19500000
v -1689.53450000 1117.57515000 1597.60500000
v -1743.76450000 2661.27515000 1480.26500000
v -1687.27450000 1305.52515000 1463.35500000
v -1719.01450000 2628.35515000 1387.26500000
v -1646.94450000 1582.29515000 1361.53500000
v -1623.63450000 2075.93515000 1145.22500000
v -1751.30450000 2667.22515000 816.60500000
v -1706.50450000 2472.45515000 896.87500000
v -1716.90450000 2560.73515000 848.27500000
v -1749.03450000 2641.51515000 797.54500000
v -1729.40450000 2608.65515000 824.28500000
v -1645.58450000 1194.13515000 3008.08900000
v -1574.89450000 2116.13515000 2753.97500000
v -1641.73450000 2471.17515000 2601.92500000
v -1677.94450000 2550.32515000 2533.41500000
v -1655.76450000 1040.15515000 1798.84500000
v -1638.02450000 1025.48515000 1726.47500000
v -1663.39450000 1069.16515000 1665.25500000
v -1670.13450000 1091.47515000 1625.86500000
v -1683.13450000 1140.60515000 1570.52500000
v -1655.47450000 1092.43515000 1614.94500000
v -1690.11450000 1178.27515000 1537.10500000
v -1666.70450000 1230.66515000 1510.73500000
v -1567.80450000 1413.98515000 1462.98500000
v -1597.62450000 1526.77515000 1405.30500000
v -1664.90450000 2562.64515000 1226.66500000
v -1684.80450000 2591.98515000 1092.17500000
v -1709.61450000 2626.45515000 973.87500000
v -1698.53450000 2350.50515000 971.16500000
v -1702.41450000 2268.36515000 1012.64500000
v -1713.75450000 2624.72515000 882.61500000
v -1729.67450000 2627.63515000 834.42500000
v -1639.65450000 1257.69515000 3058.63800000
v -1614.01450000 1184.99515000 3061.84700000
v -1615.64450000 1213.09515000 3071.55600000
v -1618.78450000 1276.14515000 3065.00500000
v -1598.31450000 1149.26515000 3046.75200000
v -1643.34450000 1154.31515000 2871.31800000
v -1585.69450000 1647.43515000 2929.06900000
v -1588.31450000 1063.18515000 2730.98500000
v -1650.12450000 2388.83515000 2633.84500000
v -1642.23450000 2505.71515000 2577.19500000
v -1659.88450000 2526.23515000 2556.05500000
v -1664.71450000 2560.20515000 2494.84500000
v -1615.21450000 1041.73515000 2424.15500000
v -1641.62450000 2552.93515000 2369.46500000
v -1641.00450000 2557.18515000 2175.14500000
v -1630.55450000 1014.82515000 2037.19500000
v -1636.54450000 2548.54515000 1955.12500000
v -1618.33450000 2516.00515000 1746.31500000
v -1628.21450000 1026.70515000 1693.10500000
v -1639.82450000 1055.90515000 1656.33500000
v -1633.68450000 1104.54515000 1602.00500000
v -1640.92450000 1164.70515000 1561.00500000
v -1550.93450000 1314.18515000 1513.52500000
v -1634.48450000 2300.88515000 1037.75500000
v -1673.01450000 2570.18515000 933.45500000
v -1689.27450000 2581.98515000 889.01500000
v -1710.94450000 2594.42515000 859.43500000
v -1694.37450000 2559.21515000 877.82500000
v -1689.91450000 2527.19515000 888.55500000
v -1542.64450000 1414.37515000 3033.36500000
v -1501.95450000 1548.81515000 2986.48000000
v -1568.31450000 1102.42515000 3003.48100000
v -1553.35450000 1752.59515000 2894.12400000
v -1546.80450000 1983.62515000 2807.27500000
v -1580.49450000 2357.01515000 2667.76500000
v -1611.76450000 2475.96515000 2600.40500000
v -1633.96450000 2517.49515000 2550.32500000
v -1632.08450000 2546.56515000 2067.75500000
v -1598.65450000 968.29515000 1910.60500000
v -1589.40450000 960.47515000 1800.88500000
v -1605.05450000 991.61515000 1732.52500000
v -1613.53450000 2503.41515000 1625.23500000
v -1601.41450000 1040.57515000 1657.51500000
v -1641.55450000 2533.28515000 1383.71500000
v -1552.28450000 2171.62515000 1138.10500000
v -1645.94450000 2538.52515000 1013.20500000
v -1639.52450000 2409.02515000 982.96500000
v -1662.43450000 2496.65515000 929.24500000
v -1656.81450000 2530.67515000 935.86500000
v -1647.09450000 2527.88515000 963.52500000
v -1678.40450000 2544.76515000 909.17500000
v -1576.92450000 1212.34515000 3094.48500000
v -1568.06450000 1134.09515000 3086.02500000
v -1566.85450000 1159.67515000 3097.76800000
v -1537.84450000 1293.16515000 3078.46900000
v -1543.37450000 1097.53515000 3072.37100000
v -1561.29450000 1065.92515000 2885.69100000
v -1588.91450000 2413.10515000 2639.47500000
v -1585.60450000 2443.34515000 2621.28500000
v -1603.20450000 2481.81515000 2587.04500000
v -1553.89450000 984.04515000 2529.33500000
v -1591.18450000 995.18515000 2310.00500000
v -1562.35450000 935.92515000 2142.19500000
v -1559.10450000 2461.02515000 2080.44500000
v -1574.33450000 2467.33515000 1890.51500000
v -1586.62450000 994.49515000 1705.67500000
v -1573.04450000 1073.70515000 1637.39500000
v -1592.18450000 1135.74515000 1593.65500000
v -1582.86450000 2455.72515000 1521.46500000
v -1534.10450000 1661.23515000 1373.36500000
v -1608.95450000 2490.87515000 1246.94500000
v -1530.15450000 1796.71515000 1315.50500000
v -1623.48450000 2509.03515000 1134.64500000
v -1589.14450000 2240.39515000 1091.73500000
v -1593.30450000 2344.40515000 1046.47500000
v -1633.24450000 2468.26515000 969.15500000
v -1639.98450000 2501.08515000 963.13500000
v -1541.75450000 2303.16515000 2700.67500000
v -1580.19450000 2455.84515000 2608.65500000
v -1603.50450000 2506.86515000 2498.09500000
v -1564.02450000 2473.92515000 2408.76500000
v -1525.85450000 917.18515000 2349.81500000
v -1555.35450000 937.99515000 2237.35500000
v -1527.44450000 879.27515000 2022.90500000
v -1552.79450000 2423.07515000 1679.08500000
v -1545.54450000 2423.51515000 1820.94500000
v -1561.61450000 946.75515000 1754.78500000
v -1519.10450000 917.20515000 1755.63500000
v -1519.08450000 957.53515000 1723.72500000
v -1537.44450000 1017.65515000 1681.47500000
v -1549.49450000 1214.58515000 1568.89500000
v -1487.45450000 1397.68515000 1502.32500000
v -1430.32450000 1611.80515000 1436.22500000
v -1559.21450000 2418.65515000 1360.27500000
v -1528.46450000 1934.81515000 1253.86500000
v -1591.19450000 2459.27515000 1075.40500000
v -1568.99450000 2293.33515000 1082.40500000
v -1621.75450000 2492.61515000 1006.76500000
v -1613.61450000 2436.15515000 1000.70500000
v -1584.08450000 2387.82515000 1043.83500000
v -1615.12450000 2463.21515000 1000.52500000
v -1500.54450000 1195.40515000 3122.86100000
v -1493.86450000 1121.99515000 3140.14900000
v -1538.86450000 1115.54515000 3109.14400000
v -1511.22450000 1083.82515000 3115.48800000
v -1427.73450000 1486.68515000 3026.09600000
v -1499.60450000 1052.42515000 3082.68300000
v -1503.63450000 990.50515000 2834.84500000
v -1484.75450000 930.22515000 2665.43500000
v -1548.82450000 2411.71515000 2641.33500000
v -1539.97450000 2381.23515000 2660.24500000
v -1559.94450000 2447.44515000 2604.22500000
v -1571.92450000 2464.87515000 2568.71500000
v -1551.11450000 2459.84515000 2293.59500000
v -1532.50450000 884.08515000 1882.30500000
v -1532.88450000 898.84515000 1801.30500000
v -1539.83450000 919.35515000 1766.09500000
v -1535.36450000 917.90515000 1764.32500000
v -1514.19450000 2065.95515000 1202.78500000
v -1547.33450000 2400.37515000 1215.69500000
v -1597.46450000 2452.31515000 1034.41500000
v -1595.87450000 2431.23515000 1029.07500000
v -1517.16450000 1108.88515000 3122.85700000
v -1365.67450000 1414.35515000 3064.00600000
v -1469.62450000 992.48515000 3003.29500000
v -1459.04450000 1691.74515000 2938.81500000
v -1501.24450000 2236.51515000 2734.01500000
v -1510.86450000 2336.20515000 2691.21500000
v -1547.02450000 2424.57515000 2623.76500000
v -1505.98450000 2410.32515000 2536.00500000
v -1478.53450000 828.57515000 2187.64500000
v -1511.04450000 889.25515000 1784.62500000
v -1503.97450000 868.23515000 1807.47500000
v -1424.11450000 1124.55515000 1665.49500000
v -1520.35450000 1152.43515000 1614.37500000
v -1511.78450000 2350.61515000 1479.35500000
v -1545.76450000 2391.61515000 1125.43500000
v -1572.18450000 2407.88515000 1070.58500000
v -1541.51450000 2320.87515000 1095.26500000
v -1544.63450000 2361.20515000 1095.76500000
v -1485.67450000 1081.72515000 3139.56900000
v -1400.71450000 1795.20515000 2912.98100000
v -1449.39450000 1911.36515000 2859.74700000
v -1464.61450000 2083.07515000 2797.63500000
v -1459.23450000 2011.89515000 2823.21500000
v -1489.37450000 2293.23515000 2715.10500000
v -1517.59450000 2388.93515000 2648.34500000
v -1494.59450000 2355.51515000 2675.12500000
v -1516.82450000 2404.99515000 2615.49500000
v -1484.29450000 891.80515000 2489.50500000
v -1499.73450000 2406.36515000 2436.59500000
v -1517.72450000 2397.79515000 1947.93500000
v -1467.73450000 798.75515000 1940.67500000
v -1487.40450000 839.91515000 1847.03500000
v -1496.82450000 2336.38515000 1614.21500000
v -1405.40450000 1494.10515000 1494.55500000
v -1512.97450000 2347.80515000 1178.41500000
v -1544.07450000 2375.76515000 1107.19500000
v -1511.43450000 2232.37515000 1140.44500000
v -1444.49450000 1051.69515000 3166.77300000
v -1331.35450000 1248.26515000 3130.97000000
v -1411.99450000 1127.29515000 3161.63000000
v -1440.82450000 939.19515000 2923.51300000
v -1419.93450000 897.28515000 2854.07100000
v -1461.59450000 2167.36515000 2768.08500000
v -1481.62450000 2336.18515000 2691.58500000
v -1465.38450000 2310.20515000 2707.39500000
v -1437.46450000 846.04515000 2546.71500000
v -1437.85450000 808.00515000 2378.79500000
v -1457.70450000 2347.90515000 2242.12500000
v -1467.75450000 2342.86515000 2059.70500000
v -1444.04450000 765.52515000 2037.43500000
v -1425.02450000 737.34515000 1979.17500000
v -1438.46450000 773.10515000 1882.34500000
v -1448.22450000 808.11515000 1838.23500000
v -1482.44450000 852.69515000 1813.73500000
v -1466.18450000 846.86515000 1806.89500000
v -1437.13450000 847.99515000 1799.94500000
v -1476.77450000 2328.59515000 1829.57500000
v -1448.20450000 983.72515000 1725.64500000
v -1453.47450000 914.13515000 1759.90500000
v -1432.68450000 1230.94515000 1608.85500000
v -1442.12450000 1297.25515000 1570.05500000
v -1410.41450000 1392.80515000 1538.24500000
v -1467.77450000 2281.46515000 1424.30500000
v -1471.57450000 2284.59515000 1271.90500000
v -1441.82450000 2001.66515000 1263.90500000
v -1520.18450000 2345.57515000 1137.10500000
v -1491.13450000 2156.35515000 1178.03500000
v -1518.23450000 2320.42515000 1124.39500000
v -1488.41450000 2271.61515000 1156.16500000
v -1406.08450000 1050.13515000 3184.61100000
v -1456.84450000 1036.67515000 3145.11900000
v -1424.85450000 1018.23515000 3172.97900000
v -1399.11450000 976.29515000 3171.09300000
v -1446.50450000 1000.99515000 3102.51100000
v -1395.84450000 2047.48515000 2827.82500000
v -1396.09450000 840.72515000 2745.17500000
v -1458.44450000 2322.73515000 2695.70500000
v -1475.26450000 2353.37515000 2664.08500000
v -1464.34450000 2357.23515000 2629.57500000
v -1425.75450000 2324.12515000 2497.93500000
v -1413.14450000 2305.26515000 2622.52500000
v -1456.58450000 2352.80515000 2371.82500000
v -1413.69450000 1768.97515000 1377.14500000
v -1481.40450000 2292.79515000 1192.26500000
v -1493.36450000 2296.42515000 1160.74500000
v -1372.18450000 979.51515000 3202.50100000
v -1337.73450000 1028.29515000 3210.62400000
v -1389.16450000 931.09515000 3104.84300000
v -1274.90450000 1562.97515000 3020.35000000
v -1373.50450000 877.39515000 2998.03400000
v -1301.90450000 1767.78515000 2942.57800000
v -1412.91450000 2220.78515000 2753.94500000
v -1456.50450000 2268.21515000 2727.13500000
v -1398.84450000 728.82515000 2255.43500000
v -1387.78450000 695.44515000 2151.41500000
v -1377.00450000 672.56515000 2051.59500000
v -1391.39450000 697.87515000 1962.02500000
v -1394.35450000 718.56515000 1905.12500000
v -1414.88450000 758.66515000 1871.47500000
v -1416.17450000 781.82515000 1848.77500000
v -1380.17450000 894.21515000 1789.21500000
v -1431.71450000 2239.80515000 1642.31500000
v -1476.94450000 2301.94515000 1540.00500000
v -1408.23450000 1906.76515000 1322.17500000
v -1447.03450000 2121.51515000 1217.51500000
v -1468.15450000 2256.21515000 1182.36500000
v -1466.55450000 2246.71515000 1178.02500000
v -1462.82450000 2230.00515000 1187.37500000
v -1458.18450000 2180.32515000 1198.04500000
v -1355.53450000 912.48515000 3164.56300000
v -1220.22450000 1375.84515000 3099.29000000
v -1310.30450000 1874.42515000 2903.52600000
v -1392.51450000 2138.62515000 2792.55500000
v -1354.28450000 825.65515000 2892.42200000
v -1423.80450000 2274.66515000 2718.40500000
v -1439.45450000 2315.07515000 2673.89500000
v -1338.01450000 729.03515000 2622.64500000
v -1374.41450000 743.17515000 2481.64500000
v -1368.76450000 709.09515000 2373.06500000
v -1401.23450000 2285.73515000 2372.51500000
v -1390.66450000 2256.24515000 2221.87500000
v -1377.89450000 2208.75515000 2025.80500000
v -1364.78450000 671.41515000 1941.72500000
v -1388.67450000 731.71515000 1885.14500000
v -1299.63450000 1000.23515000 1767.07500000
v -1324.60450000 1327.07515000 1608.38500000
v -1291.47450000 1491.67515000 1546.44500000
v -1407.04450000 2182.37515000 1371.09500000
v -1419.73450000 2199.43515000 1289.73500000
v -1448.37450000 2231.19515000 1228.48500000
v -1427.14450000 2059.72515000 1250.22500000
v -1410.39450000 2102.03515000 1249.51500000
v -1363.63450000 951.69515000 3202.16700000
v -1342.81450000 916.97515000 3200.63800000
v -1270.46450000 1113.61515000 3187.71000000
v -1298.57450000 1669.96515000 2976.63600000
v -1308.63450000 742.97515000 2807.26500000
v -1380.96450000 2227.98515000 2741.96500000
v -1385.99450000 2252.20515000 2704.25500000
v -1308.49450000 578.48515000 2058.69500000
v -1407.33450000 2226.38515000 1836.65500000
v -1358.73450000 683.57515000 1919.30500000
v -1283.12450000 1143.01515000 1710.17500000
v -1271.33450000 1230.73515000 1675.34500000
v -1375.88450000 2122.82515000 1324.15500000
v -1407.32450000 2162.55515000 1266.31500000
v -1388.67450000 1997.67515000 1295.44500000
v -1438.72450000 2191.46515000 1222.70500000
v -1425.08450000 2145.09515000 1237.22500000
v -1313.01450000 952.27515000 3232.92000000
v -1338.17450000 927.39515000 3214.20300000
v -1297.95450000 875.00515000 3225.18000000
v -1314.44450000 870.62515000 3186.32700000
v -1324.64450000 854.43515000 3113.87000000
v -1207.67450000 1299.98515000 3129.10300000
v -1324.93450000 1997.44515000 2859.66600000
v -1337.77450000 2089.27515000 2822.28500000
v -1356.44450000 2177.60515000 2772.18500000
v -1307.24450000 632.50515000 2440.18500000
v -1358.43450000 2237.89515000 2537.18500000
v -1336.53450000 642.55515000 2287.18500000
v -1304.73450000 578.75515000 2192.19500000
v -1336.94450000 630.89515000 1977.59500000
v -1338.30450000 646.61515000 1948.68500000
v -1366.50450000 2163.43515000 1872.48500000
v -1344.66450000 711.82515000 1893.34500000
v -1343.07450000 798.61515000 1845.99500000
v -1371.53450000 2144.92515000 1696.17500000
v -1390.40450000 2160.86515000 1512.97500000
v -1375.96450000 2109.38515000 1297.36500000
v -1393.18450000 2110.11515000 1272.24500000
v -1380.52450000 2055.66515000 1287.68500000
v -1307.79450000 910.24515000 3232.89900000
v -1337.91450000 2137.47515000 2796.40500000
v -1334.19450000 2204.63515000 2687.46500000
v -1275.07450000 674.56515000 2733.15500000
v -1259.46450000 603.97515000 2593.41500000
v -1327.31450000 2179.56515000 2375.85500000
v -1270.63450000 549.33515000 2334.63500000
v -1296.21450000 579.64515000 2008.07500000
v -1327.52450000 2106.68515000 1938.42500000
v -1308.78450000 616.53515000 1966.94500000
v -1326.94450000 654.87515000 1936.76500000
v -1279.62450000 843.50515000 1841.73500000
v -1284.10450000 1630.21515000 1491.53500000
v -1338.94450000 2061.36515000 1418.37500000
v -1341.67450000 1843.38515000 1380.43500000
v -1358.59450000 2079.97515000 1317.84500000
v -1369.35450000 2078.40515000 1300.73500000
v -1350.12450000 2045.47515000 1324.26500000
v -1347.92450000 2006.75515000 1327.64500000
v -1353.99450000 1964.28515000 1332.79500000
v -1254.56450000 938.20515000 3252.55100000
v -1202.97450000 1017.02515000 3230.09300000
v -1279.90450000 870.30515000 3243.60800000
v -1255.93450000 833.87515000 3246.33600000
v -1288.43450000 776.43515000 3018.34500000
v -1288.41450000 2056.26515000 2842.35500000
v -1302.09450000 2104.34515000 2814.38500000
v -1310.53450000 2138.50515000 2787.01500000
v -1343.55450000 2189.75515000 2744.90500000
v -1296.36450000 2161.36515000 2640.57500000
v -1310.70450000 2129.03515000 2210.79500000
v -1242.89450000 480.87515000 2171.06500000
v -1269.31450000 594.03515000 1975.49500000
v -1314.79450000 2048.51515000 1761.80500000
v -1259.31450000 730.24515000 1900.42500000
v -1325.85450000 2047.19515000 1573.78500000
v -1323.52450000 1758.72515000 1424.09500000
v -1342.31450000 2054.22515000 1354.25500000
v -1326.49450000 1920.29515000 1368.31500000
v -1259.68450000 865.17515000 3256.34400000
v -1276.00450000 820.58515000 3181.98000000
v -1118.49450000 1270.72515000 3147.74700000
v -1260.25450000 694.32515000 2874.26200000
v -1252.93450000 1995.54515000 2869.43500000
v -1267.89450000 2069.83515000 2832.46500000
v -1266.20450000 2104.93515000 2513.86500000
v -1291.73450000 2057.18515000 2051.21500000
v -1248.02450000 490.01515000 2108.44500000
v -1264.01450000 526.90515000 2056.01500000
v -1262.77450000 543.94515000 2023.05500000
v -1274.08450000 570.63515000 2001.13500000
v -1250.52450000 636.54515000 1951.79500000
v -1272.49450000 1985.27515000 1905.64500000
v -1274.24450000 1949.30515000 1637.77500000
v -1320.50450000 2020.16515000 1387.61500000
v -1322.94450000 2004.46515000 1365.30500000
v -1300.43450000 1854.04515000 1404.57500000
v -1329.06450000 1971.79515000 1357.66500000
v -1234.95450000 874.38515000 3268.25400000
v -1222.48450000 800.64515000 3269.95800000
v -1235.03450000 790.13515000 3240.32300000
v -1234.68450000 749.42515000 3165.72700000
v -1165.51450000 1189.27515000 3170.83900000
v -1112.42450000 1353.43515000 3118.95800000
v -1163.73450000 1500.20515000 3058.18100000
v -1228.67450000 1913.70515000 2901.27900000
v -1241.96450000 2024.59515000 2853.64400000
v -1266.59450000 2090.43515000 2808.65500000
v -1291.46450000 2135.80515000 2760.58500000
v -1277.16450000 2132.23515000 2715.89500000
v -1247.86450000 2092.25515000 2658.02500000
v -1221.71450000 492.72515000 2448.46500000
v -1229.65450000 472.36515000 2281.75500000
v -1229.42450000 490.78515000 2063.34500000
v -1235.82450000 523.45515000 2031.64500000
v -1265.86450000 1949.34515000 1793.25500000
v -1176.64450000 911.21515000 1847.87500000
v -1201.77450000 1110.89515000 1756.31500000
v -1227.23450000 1451.70515000 1596.34500000
v -1278.35450000 1944.18515000 1499.59500000
v -1303.31450000 1982.15515000 1415.44500000
v -1267.29450000 1810.66515000 1438.28500000
v -1249.92450000 1745.79515000 1471.11500000
v -1305.41450000 1949.89515000 1390.51500000
v -1291.75450000 1900.20515000 1406.09500000
v -1198.51450000 798.77515000 3288.05500000
v -1105.35450000 923.56515000 3268.95800000
v -1178.43450000 879.48515000 3276.93300000
v -1207.58450000 749.53515000 3253.41100000
v -1079.76450000 1111.01515000 3205.66800000
v -1224.05450000 670.12515000 2992.53000000
v -1228.70450000 1828.95515000 2932.43200000
v -1243.30450000 2050.23515000 2835.32500000
v -1227.05450000 589.91515000 2726.57500000
v -1232.28450000 2064.88515000 2770.04500000
v -1226.54450000 544.90515000 2588.20500000
v -1212.30450000 2032.84515000 2594.44500000
v -1256.67450000 2058.75515000 2333.93500000
v -1253.83450000 2014.04515000 2175.50500000
v -1201.19450000 425.69515000 2146.82500000
v -1217.27450000 460.99515000 2097.40500000
v -1229.33450000 1936.44515000 2069.67500000
v -1202.77450000 452.55515000 2089.99500000
v -1207.39450000 505.12515000 2039.92500000
v -1201.09450000 552.19515000 2010.44500000
v -1161.63450000 1032.92515000 1805.57500000
v -1191.89450000 1305.33515000 1675.40500000
v -1210.09450000 1527.98515000 1571.78500000
v -1230.15450000 1572.46515000 1541.57500000
v -1273.30450000 1903.31515000 1442.01500000
v -1268.32450000 1854.53515000 1436.89500000
v -1174.59450000 830.85515000 3290.07200000
v -1192.46450000 755.04515000 3285.61000000
v -1051.37450000 1009.09515000 3242.93800000
v -1195.18450000 672.97515000 3182.74800000
v -1183.90450000 590.09515000 3031.85400000
v -1198.61450000 1759.69515000 2960.37400000
v -1197.71450000 570.26515000 2864.72600000
v -1210.39450000 1965.02515000 2878.29100000
v -1205.83450000 1999.66515000 2851.55800000
v -1227.95450000 2041.24515000 2821.21500000
v -1181.38450000 476.11515000 2714.30500000
v -1198.41450000 482.45515000 2588.16500000
v -1198.29450000 1982.16515000 2460.95500000
v -1182.85450000 394.28515000 2225.12500000
v -1191.04450000 423.86515000 2123.12500000
v -1177.91450000 422.87515000 2113.33500000
v -1192.82450000 462.88515000 2078.27500000
v -1229.79450000 1883.64515000 1895.18500000
v -1158.94450000 638.77515000 1977.00500000
v -1224.43450000 1840.17515000 1748.48500000
v -1183.07450000 1203.57515000 1724.77500000
v -1228.71450000 1833.84515000 1597.14500000
v -1238.55450000 1841.27515000 1503.84500000
v -1248.08450000 1841.46515000 1464.95500000
v -1223.83450000 1688.67515000 1503.78500000
v -1248.44450000 1815.39515000 1457.38500000
v -1246.32450000 1790.45515000 1463.85500000
v -1166.41450000 726.32515000 3308.04400000
v -1179.02450000 696.69515000 3275.78900000
v -1160.85450000 620.09515000 3273.73400000
v -1161.07450000 570.00515000 3145.25600000
v -1162.89450000 539.82515000 3033.64400000
v -1168.02450000 504.68515000 2898.82400000
v -1162.56450000 1672.37515000 2994.45400000
v -1170.26450000 1825.93515000 2938.49000000
v -1187.23450000 1991.20515000 2832.10500000
v -1156.45450000 420.79515000 2759.10500000
v -1187.50450000 2000.68515000 2707.86500000
v -1147.56450000 347.45515000 2587.56500000
v -1171.33450000 415.63515000 2585.86500000
v -1165.18450000 372.57515000 2469.39500000
v -1179.85450000 390.78515000 2334.98500000
v -1205.53450000 1950.49515000 2283.53500000
v -1157.95450000 376.63515000 2174.35500000
v -1174.50450000 406.60515000 2139.38500000
v -1172.78450000 775.73515000 1907.93500000
v -1180.27450000 1740.89515000 1884.74500000
v -1200.25450000 1766.65515000 1683.11500000
v -1180.33450000 1479.80515000 1609.32500000
v -1189.69450000 1577.83515000 1564.91500000
v -1206.08450000 1757.49515000 1536.40500000
v -1186.77450000 1719.12515000 1611.29500000
v -1206.36450000 1633.51515000 1540.71500000
v -1236.49450000 1790.70515000 1483.61500000
v -1221.27450000 1734.54515000 1504.61500000
v -1150.90450000 655.60515000 3312.33600000
v -1136.48450000 688.56515000 3327.05500000
v -1128.56450000 629.89515000 3336.79200000
v -1139.69450000 611.76515000 3318.14300000
v -1151.05450000 768.47515000 3306.71300000
v -1134.57450000 579.17515000 3308.89700000
v -1140.46450000 555.59515000 3228.44300000
v -1115.31450000 537.79515000 3280.66800000
v -1137.49450000 520.97515000 3142.21100000
v -1145.16450000 498.92515000 3022.88800000
v -1143.29450000 438.23515000 2872.14600000
v -1164.26450000 1891.90515000 2907.31100000
v -1168.50450000 1929.25515000 2886.16700000
v -1163.83450000 1941.08515000 2870.18400000
v -1157.83450000 1955.08515000 2806.48500000
v -1137.30450000 371.46515000 2734.52500000
v -1155.75450000 1936.62515000 2627.33500000
v -1129.62450000 271.63515000 2424.65500000
v -1143.59450000 312.34515000 2349.16500000
v -1164.88450000 1899.18515000 2395.00500000
v -1153.73450000 342.96515000 2276.53500000
v -1136.17450000 333.29515000 2222.80500000
v -1183.38450000 1866.47515000 2172.99500000
v -1143.51450000 383.48515000 2148.49500000
v -1133.99450000 402.14515000 2128.50500000
v -1163.78450000 480.23515000 2066.36500000
v -1178.70450000 1803.56515000 2060.68500000
v -1127.02450000 531.25515000 2045.84500000
v -1092.49450000 845.37515000 1907.87500000
v -1174.86450000 1698.39515000 1780.26500000
v -1162.76450000 1655.56515000 1696.48500000
v -1188.31450000 1393.00515000 1641.33500000
v -1141.84450000 1339.07515000 1686.81500000
v -1186.76450000 1706.73515000 1562.45500000
v -1201.69450000 1696.92515000 1538.49500000
v -1107.06450000 729.67515000 3326.22500000
v -1106.93450000 664.05515000 3340.22500000
v -1117.92450000 588.91515000 3336.23600000
v -1093.75450000 817.86515000 3300.45000000
v -1111.55450000 560.23515000 3322.15200000
v -1117.89450000 515.26515000 3201.33200000
v -1103.40450000 518.37515000 3260.43500000
v -1113.26450000 483.74515000 3108.93700000
v -1115.65450000 442.04515000 2978.10900000
v -1125.19450000 1745.63515000 2969.51600000
v -1117.10450000 1812.39515000 2937.51400000
v -1119.45450000 386.34515000 2835.53500000
v -1152.26450000 1900.29515000 2899.42700000
v -1117.28450000 332.96515000 2724.36500000
v -1101.39450000 350.10515000 2793.83500000
v -1097.65450000 379.17515000 2866.61100000
v -1107.81450000 1869.50515000 2773.51500000
v -1103.52450000 321.93515000 2731.01500000
v -1121.28450000 300.74515000 2620.96500000
v -1104.48450000 299.69515000 2673.84500000
v -1098.84450000 249.44515000 2565.69500000
v -1112.41450000 247.89515000 2497.37500000
v -1091.26450000 211.66515000 2491.69500000
v -1119.62450000 257.27515000 2339.41500000
v -1147.99450000 1841.31515000 2334.39500000
v -1126.26450000 291.85515000 2287.79500000
v -1098.40450000 230.04515000 2307.64500000
v -1106.20450000 279.92515000 2255.04500000
v -1110.73450000 308.68515000 2220.30500000
v -1120.71450000 337.90515000 2194.73500000
v -1156.13450000 1799.21515000 2186.23500000
v -1148.31450000 1746.33515000 2127.39500000
v -1100.53450000 330.28515000 2190.92500000
v -1132.78450000 1639.09515000 2035.44500000
v -1076.76450000 699.98515000 1977.09500000
v -1103.23450000 956.24515000 1860.80500000
v -1136.20450000 1126.41515000 1778.14500000
v -1153.45450000 1620.30515000 1637.88500000
v -1162.84450000 1540.23515000 1606.00500000
v -1155.12450000 1452.84515000 1637.92500000
v -1179.47450000 1659.02515000 1580.95500000
v -1179.33450000 1603.94515000 1578.41500000
v -1092.22450000 611.10515000 3349.09500000
v -1086.61450000 567.44515000 3342.39100000
v -1098.79450000 524.62515000 3288.67900000
v -1084.04450000 537.67515000 3312.99600000
v -1085.07450000 501.59515000 3224.27200000
v -1075.12450000 469.87515000 3140.01400000
v -1092.37450000 450.74515000 3055.69100000
v -1098.89450000 1587.73515000 3028.97600000
v -1135.51450000 1878.92515000 2900.79400000
v -1100.31450000 403.98515000 2918.03600000
v -1083.55450000 423.34515000 2990.24000000
v -1138.42450000 1910.72515000 2861.08700000
v -1080.36450000 369.65515000 2864.87600000
v -1106.31450000 1865.50515000 2850.19400000
v -1087.13450000 315.28515000 2733.90500000
v -1105.74450000 1849.24515000 2659.64500000
v -1080.90450000 275.93515000 2651.29500000
v -1062.99450000 208.74515000 2523.71500000
v -1074.12450000 245.85515000 2589.75500000
v -1133.11450000 1865.23515000 2518.77500000
v -1084.22450000 188.89515000 2442.07500000
v -1095.02450000 209.34515000 2386.03500000
v -1062.30450000 165.12515000 2397.94500000
v -1078.62450000 191.73515000 2332.99500000
v -1064.51450000 172.69515000 2360.28500000
v -1081.43450000 210.35515000 2307.35500000
v -1121.00450000 1720.81515000 2243.33500000
v -1088.82450000 272.61515000 2245.12500000
v -1087.05450000 235.72515000 2285.44500000
v -1093.85450000 448.89515000 2107.29500000
v -1139.92450000 1598.54515000 1875.40500000
v -1137.33450000 1574.40515000 1768.31500000
v -1117.94450000 1196.92515000 1758.83500000
v -1133.90450000 1557.56515000 1695.98500000
v -1130.71450000 1273.26515000 1723.43500000
v -1135.92450000 1549.80515000 1654.52500000
v -1148.89450000 1571.22515000 1626.73500000
v -1128.76450000 1402.37515000 1679.86500000
v -1135.38450000 1483.27515000 1652.36500000
v -1165.03450000 1598.41515000 1606.36500000
v -1142.85450000 1534.55515000 1639.08500000
v -1013.87450000 663.82515000 3348.00200000
v -1009.71450000 603.77515000 3361.45700000
v -1044.87450000 577.45515000 3358.91500000
v -964.48450000 746.82515000 3326.66200000
v -1087.11450000 521.04515000 3281.32600000
v -1027.34450000 1351.66515000 3125.62400000
v -1062.97450000 445.87515000 3077.58000000
v -1068.63450000 1425.76515000 3094.28700000
v -1060.24450000 1507.25515000 3062.81600000
v -1076.59450000 394.91515000 2924.94800000
v -1101.90450000 1823.77515000 2921.72500000
v -1063.44450000 341.31515000 2809.46500000
v -1074.54450000 1770.74515000 2625.11500000
v -1075.21450000 193.05515000 2473.75500000
v -1047.19450000 171.41515000 2446.02500000
v -1093.98450000 1745.19515000 2444.74500000
v -1050.60450000 169.14515000 2338.82500000
v -1098.95450000 1600.67515000 2176.66500000
v -1063.47450000 340.05515000 2187.96500000
v -1060.71450000 547.94515000 2063.17500000
v -1104.23450000 1476.30515000 1939.00500000
v -1108.74450000 1475.34515000 1830.11500000
v -1097.59450000 1050.21515000 1827.86500000
v -1113.13450000 1481.86515000 1742.96500000
v -1094.10450000 1137.46515000 1796.75500000
v -1123.17450000 1493.28515000 1683.08500000
v -1116.43450000 1337.33515000 1712.09500000
v -1134.41450000 1515.57515000 1657.62500000
v -1121.93450000 1448.57515000 1681.13500000
v -1012.94450000 548.50515000 3344.16200000
v -950.20450000 850.31515000 3297.38900000
v -1022.11450000 519.79515000 3295.25500000
v -973.96450000 955.53515000 3264.93100000
v -990.96450000 486.01515000 3212.52600000
v -1041.92450000 1206.75515000 3174.39600000
v -1040.60450000 465.07515000 3142.99700000
v -1068.10450000 1662.92515000 2997.20300000
v -1048.70450000 416.25515000 3001.94600000
v -1072.24450000 1737.75515000 2960.63600000
v -1085.16450000 1788.79515000 2935.27800000
v -1044.04450000 374.76515000 2896.74500000
v -1089.92450000 1814.75515000 2910.45000000
v -1042.35450000 297.76515000 2720.16500000
v -1069.87450000 1787.23515000 2727.79500000
v -1042.24450000 252.97515000 2622.52500000
v -1028.09450000 149.19515000 2402.60500000
v -1030.85450000 155.55515000 2370.12500000
v -1086.74450000 1645.05515000 2308.61500000
v -1064.82450000 209.29515000 2303.49500000
v -1075.70450000 1520.45515000 2206.29500000
v -1044.82450000 247.76515000 2264.37500000
v -1093.63450000 1499.40515000 2064.18500000
v -1078.09450000 1365.28515000 1955.06500000
v -1094.21450000 1424.90515000 1872.49500000
v -1042.35450000 780.50515000 1957.29500000
v -1068.62450000 914.35515000 1892.52500000
v -1089.14450000 1383.93515000 1808.44500000
v -1062.50450000 985.21515000 1873.02500000
v -1090.87450000 1221.65515000 1773.55500000
v -1111.58450000 1430.35515000 1720.02500000
v -1101.96450000 1359.58515000 1742.13500000
v -1098.75450000 1295.50515000 1754.72500000
v -931.84450000 581.81515000 3367.85300000
v -930.85450000 565.04515000 3361.46200000
v -958.86450000 447.06515000 3106.04300000
v -1072.94450000 1768.45515000 2939.28400000
v -1065.02450000 1785.35515000 2881.13300000
v -1038.01450000 1730.35515000 2842.30500000
v -991.41450000 339.00515000 2826.42500000
v -1010.88450000 221.71515000 2573.64500000
v -1010.87450000 186.49515000 2500.33500000
v -1069.43450000 1657.51515000 2415.17500000
v -1059.24450000 1572.35515000 2353.66500000
v -1018.19450000 178.06515000 2332.91500000
v -1042.82450000 1410.44515000 2267.03500000
v -1014.00450000 273.33515000 2248.95500000
v -1067.68450000 1399.83515000 2116.19500000
v -1046.18450000 1297.01515000 2148.32500000
v -1035.04450000 422.50515000 2145.12500000
v -1005.38450000 337.03515000 2210.27500000
v -1056.96450000 1294.34515000 2061.01500000
v -1045.68450000 1203.07515000 1972.09500000
v -1030.16450000 640.29515000 2026.12500000
v -1031.57450000 708.41515000 1994.16500000
v -1062.00450000 1252.83515000 1866.68500000
v -1041.27450000 887.82515000 1922.68500000
v -1068.08450000 1080.79515000 1837.80500000
v -1081.98450000 1297.84515000 1792.08500000
v -1070.02450000 1222.33515000 1813.17500000
v -1070.39450000 1152.95515000 1820.25500000
v -1085.77450000 1258.57515000 1783.29500000
v -907.52450000 528.42515000 3329.29400000
v -994.64450000 1472.47515000 3076.74600000
v -1024.76450000 1537.44515000 3050.06600000
v -1023.64450000 1587.79515000 3025.04900000
v -1010.69450000 1629.24515000 2989.99300000
v -1041.66450000 1689.65515000 2967.54400000
v -1061.12450000 1748.38515000 2935.19900000
v -974.77450000 396.37515000 2969.02700000
v -1025.93450000 1683.18515000 2747.05500000
v -977.77450000 268.21515000 2670.18500000
v -1046.26450000 1641.73515000 2534.54500000
v -998.90450000 159.24515000 2441.60500000
v -1033.83450000 1530.67515000 2440.87500000
v -997.39450000 148.16515000 2398.24500000
v -995.13450000 154.58515000 2369.78500000
v -1025.76450000 1220.01515000 2192.12500000
v -1037.77450000 1203.01515000 2077.72500000
v -1033.16450000 1147.37515000 2014.77500000
v -1004.84450000 673.20515000 2025.35500000
v -1011.42450000 737.18515000 1996.23500000
v -1026.30450000 1069.17515000 1977.60500000
v -1040.81450000 1125.80515000 1907.55500000
v -1047.12450000 1065.14515000 1874.37500000
v -1035.42450000 982.32515000 1907.42500000
v -1057.22450000 1155.10515000 1853.83500000
v -1061.30450000 1112.87515000 1846.12500000
v -934.24450000 1037.33515000 3238.81200000
v -971.88450000 1270.10515000 3155.44700000
v -981.35450000 1564.83515000 3021.63700000
v -1034.84450000 1701.49515000 2930.99600000
v -930.54450000 369.40515000 2908.64900000
v -1003.85450000 1653.40515000 2858.40700000
v -999.96450000 1585.56515000 2694.05500000
v -976.38450000 216.23515000 2565.77500000
v -957.25450000 237.36515000 2606.55500000
v -1008.56450000 1510.20515000 2540.99500000
v -1015.47450000 1423.43515000 2413.26500000
v -1006.95450000 1295.03515000 2336.70500000
v -989.23450000 216.14515000 2304.42500000
v -1006.52450000 1174.73515000 2261.17500000
v -967.63450000 268.01515000 2275.90500000
v -1010.78450000 1084.38515000 2171.94500000
v -989.68450000 406.89515000 2174.76500000
v -966.23450000 354.27515000 2223.62500000
v -1024.68450000 1117.69515000 2084.99500000
v -997.99450000 492.47515000 2123.73500000
v -1009.05450000 996.88515000 2067.41500000
v -999.62450000 594.97515000 2071.21500000
v -1008.12450000 945.59515000 1985.20500000
v -1014.31450000 807.80515000 1971.71500000
v -1022.13450000 993.15515000 1941.85500000
v -1015.48450000 863.00515000 1954.92500000
v -1034.94450000 1046.40515000 1920.68500000
v -1019.52450000 916.29515000 1950.41500000
v -887.41450000 622.80515000 3359.45700000
v -894.80450000 511.45515000 3292.50600000
v -881.99450000 940.46515000 3270.52700000
v -940.65450000 1151.59515000 3197.58000000
v -963.79450000 1382.72515000 3109.75300000
v -984.12450000 1520.87515000 3050.27600000
v -982.67450000 1588.48515000 3000.05100000
v -989.72450000 1613.98515000 2942.35100000
v -970.39450000 1567.09515000 2856.18200000
v -960.28450000 1508.77515000 2768.14500000
v -968.24450000 1452.62515000 2648.97500000
v -947.98450000 210.66515000 2550.74500000
v -986.72450000 1373.58515000 2491.48500000
v -969.89450000 181.86515000 2493.43500000
v -969.73450000 156.90515000 2430.12500000
v -966.41450000 153.08515000 2391.59500000
v -985.99450000 1281.80515000 2416.44500000
v -973.44450000 170.87515000 2358.65500000
v -987.04450000 1199.16515000 2363.00500000
v -992.63450000 1070.36515000 2262.97500000
v -983.77450000 966.42515000 2245.72500000
v -997.56450000 981.60515000 2164.07500000
v -985.10450000 882.85515000 2160.07500000
v -965.65450000 438.05515000 2176.68500000
v -992.64450000 903.44515000 2088.49500000
v -996.29450000 892.96515000 2034.70500000
v -989.19450000 696.78515000 2036.74500000
v -984.99450000 650.78515000 2060.79500000
v -1003.62450000 851.53515000 1992.95500000
v -997.02450000 766.69515000 2014.69500000
v -862.21450000 567.57515000 3365.42400000
v -883.37450000 702.68515000 3339.81500000
v -878.96450000 781.72515000 3317.61100000
v -857.90450000 524.92515000 3327.01100000
v -949.01450000 1457.72515000 3070.96200000
v -959.57450000 1513.17515000 3042.45700000
v -962.77450000 1544.20515000 3011.35700000
v -903.34450000 409.21515000 3009.71500000
v -937.62450000 1505.69515000 2982.27200000
v -930.08450000 326.72515000 2801.38500000
v -938.87450000 244.16515000 2609.53500000
v -962.46450000 1367.03515000 2580.14500000
v -960.61450000 1253.02515000 2505.85500000
v -940.15450000 183.63515000 2475.60500000
v -970.13450000 1063.40515000 2362.70500000
v -940.82450000 165.48515000 2417.69500000
v -946.80450000 166.92515000 2384.77500000
v -971.41450000 880.66515000 2255.16500000
v -949.32450000 934.18515000 2386.92500000
v -954.31450000 783.06515000 2296.09500000
v -948.31450000 204.60515000 2343.04500000
v -942.66450000 303.72515000 2271.83500000
v -962.96450000 756.55515000 2211.51500000
v -972.82450000 800.48515000 2155.32500000
v -961.02450000 694.25515000 2147.76500000
v -965.52450000 530.85515000 2136.15500000
v -983.74450000 797.61515000 2080.08500000
v -972.80450000 680.66515000 2084.67500000
v -986.25450000 733.90515000 2052.78500000
v -975.15450000 610.57515000 2096.77500000
v -853.42450000 583.45515000 3364.17100000
v -867.30450000 545.80515000 3345.76500000
v -863.44450000 482.92515000 3211.56100000
v -896.23450000 1222.83515000 3171.02700000
v -906.74450000 1299.20515000 3139.01300000
v -909.82450000 1353.96515000 3114.86700000
v -923.24450000 1398.11515000 3092.35000000
v -935.12450000 1476.09515000 3038.61700000
v -929.52450000 1486.51515000 2930.57900000
v -927.79450000 1465.54515000 2877.58500000
v -923.73450000 1396.27515000 2781.40500000
v -917.73450000 290.74515000 2707.26500000
v -938.38450000 1322.26515000 2645.14500000
v -935.27450000 1220.68515000 2582.28500000
v -927.85450000 218.12515000 2541.20500000
v -911.50450000 260.99515000 2617.18500000
v -935.16450000 1101.85515000 2519.78500000
v -915.63450000 212.44515000 2493.04500000
v -921.61450000 948.19515000 2501.21500000
v -936.01450000 821.45515000 2399.61500000
v -936.15450000 670.32515000 2347.25500000
v -920.84450000 724.25515000 2442.45500000
v -936.58450000 586.66515000 2272.29500000
v -949.57450000 682.12515000 2239.36500000
v -937.35450000 249.03515000 2315.33500000
v -944.14450000 600.83515000 2199.49500000
v -932.93450000 503.09515000 2241.28500000
v -942.99450000 379.13515000 2237.34500000
v -928.32450000 330.88515000 2283.34500000
v -941.14450000 558.15515000 2186.02500000
v -946.03450000 467.26515000 2201.80500000
v -957.38450000 600.35515000 2145.55500000
v -948.46450000 532.90515000 2182.87500000
v -873.55450000 443.03515000 3098.74200000
v -884.26450000 1315.20515000 3124.18600000
v -892.88450000 1363.73515000 3092.39000000
v -918.87450000 1419.15515000 3070.45400000
v -901.71450000 1417.59515000 2964.75300000
v -893.06450000 370.43515000 2906.77600000
v -895.03450000 338.32515000 2819.83500000
v -907.42450000 1280.69515000 2730.22500000
v -877.89450000 333.06515000 2789.03500000
v -917.64450000 1199.20515000 2638.62500000
v -894.47450000 296.18515000 2693.91500000
v -894.51450000 286.30515000 2659.78500000
v -899.84450000 1066.05515000 2627.45500000
v -909.01450000 247.46515000 2560.07500000
v -917.98450000 576.20515000 2424.54500000
v -897.31450000 648.83515000 2527.77500000
v -923.64450000 186.97515000 2442.01500000
v -906.63450000 808.30515000 2513.43500000
v -908.22450000 417.33515000 2419.34500000
v -895.49450000 502.22515000 2511.30500000
v -924.70450000 516.57515000 2334.71500000
v -926.93450000 191.14515000 2396.54500000
v -926.84450000 224.80515000 2353.90500000
v -919.62450000 386.61515000 2314.11500000
v -923.48450000 283.42515000 2329.88500000
v -933.22450000 418.97515000 2254.05500000
v -931.51450000 377.71515000 2271.68500000
v -846.64450000 995.42515000 3252.70800000
v -851.38450000 1069.66515000 3222.89800000
v -867.96450000 1152.05515000 3193.24300000
v -866.31450000 1229.73515000 3161.22600000
v -852.13450000 1179.80515000 3178.91000000
v -856.86450000 1250.04515000 3141.33500000
v -900.97450000 1401.65515000 3034.80200000
v -852.45450000 413.80515000 3012.59900000
v -890.23450000 1356.10515000 2902.60100000
v -864.07450000 374.65515000 2900.48400000
v -887.63450000 1292.93515000 2832.13500000
v -884.39450000 1172.47515000 2748.45500000
v -881.36450000 311.48515000 2713.90500000
v -883.65450000 916.86515000 2622.61500000
v -889.93450000 291.93515000 2644.03500000
v -880.86450000 754.61515000 2600.21500000
v -875.59450000 648.28515000 2612.66500000
v -873.30450000 533.45515000 2611.24500000
v -889.63450000 397.53515000 2525.81500000
v -895.76450000 269.28515000 2547.23500000
v -896.50450000 300.27515000 2481.42500000
v -881.79450000 338.29515000 2582.27500000
v -909.59450000 234.39515000 2449.61500000
v -898.49450000 347.92515000 2453.17500000
v -908.23450000 311.83515000 2406.29500000
v -919.99450000 246.93515000 2385.83500000
v -845.36450000 849.75515000 3297.03800000
v -828.21450000 520.69515000 3301.03300000
v -824.27450000 1165.59515000 3169.54900000
v -870.33450000 1308.92515000 3110.20000000
v -862.85450000 1307.13515000 3079.79900000
v -860.60450000 1299.66515000 3011.07800000
v -828.63450000 1226.02515000 3093.87200000
v -864.69450000 1269.23515000 2919.89900000
v -833.92450000 407.23515000 2976.06200000
v -858.40450000 1188.09515000 2860.98100000
v -838.85450000 386.60515000 2896.65200000
v -856.53450000 352.48515000 2799.89500000
v -858.75450000 1123.22515000 2806.64500000
v -863.48450000 339.96515000 2736.39500000
v -863.24450000 1040.30515000 2743.46500000
v -852.34450000 929.55515000 2725.24500000
v -854.83450000 812.27515000 2695.99500000
v -851.82450000 656.35515000 2693.45500000
v -867.67450000 344.42515000 2675.22500000
v -863.15450000 420.83515000 2654.82500000
v -807.82450000 668.73515000 3344.25900000
v -818.00450000 606.53515000 3356.71400000
v -816.09450000 572.71515000 3354.65800000
v -817.00450000 769.72515000 3316.47700000
v -808.44450000 924.14515000 3268.33700000
v -827.20450000 1116.86515000 3195.56000000
v -846.20450000 1253.10515000 3115.69100000
v -823.53450000 457.45515000 3129.54400000
v -813.26450000 437.06515000 3050.24800000
v -822.85450000 1145.33515000 2973.61900000
v -836.09450000 1077.54515000 2861.21700000
v -839.59450000 377.95515000 2845.87500000
v -844.14450000 370.78515000 2807.16500000
v -824.22450000 957.95515000 2831.49500000
v -845.64450000 374.79515000 2775.45500000
v -832.88450000 854.35515000 2776.15500000
v -819.02450000 702.68515000 2810.66500000
v -828.04450000 591.82515000 2777.95500000
v -835.15450000 428.69515000 2780.57500000
v -843.49450000 522.68515000 2728.03500000
v -778.28450000 731.20515000 3320.23000000
v -807.01450000 547.87515000 3335.92100000
v -802.86450000 991.23515000 3242.80700000
v -798.91450000 496.95515000 3227.80800000
v -798.25450000 1046.02515000 3213.07500000
v -821.51450000 1188.61515000 3135.19400000
v -815.40450000 1175.85515000 3057.53200000
v -794.10450000 1125.57515000 3118.14100000
v -811.95450000 422.63515000 2983.02000000
v -783.64450000 459.78515000 3065.65200000
v -811.68450000 419.20515000 2933.73900000
v -808.96450000 1028.71515000 2927.16900000
v -829.16450000 404.30515000 2853.94000000
v -806.13450000 433.35515000 2917.43600000
v -813.35450000 446.02515000 2871.49100000
v -807.32450000 841.30515000 2862.85400000
v -809.89450000 525.30515000 2855.92500000
v -785.16450000 610.41515000 3345.20500000
v -766.32450000 677.58515000 3324.89100000
v -775.38450000 539.31515000 3300.48900000
v -797.60450000 844.56515000 3290.91200000
v -772.52450000 798.28515000 3296.08400000
v -775.63450000 938.83515000 3251.69400000
v -773.01450000 979.11515000 3226.36400000
v -794.37450000 1086.45515000 3184.50700000
v -786.53450000 475.98515000 3145.15100000
v -800.18450000 1121.70515000 3156.17600000
v -795.02450000 1100.97515000 3058.58300000
v -760.43450000 493.84515000 3153.99800000
v -787.81450000 1036.09515000 3024.50700000
v -796.05450000 444.21515000 2982.68500000
v -795.59450000 468.61515000 2940.78900000
v -789.65450000 909.48515000 2958.33200000
v -791.04450000 758.84515000 2922.29200000
v -786.35450000 638.94515000 2935.37700000
v -780.17450000 530.53515000 2976.90700000
v -777.81450000 574.41515000 3331.52300000
v -759.00450000 741.41515000 3304.74300000
v -772.50450000 870.16515000 3270.03600000
v -760.45450000 516.12515000 3226.07600000
v -776.23450000 1022.69515000 3200.53500000
v -774.39450000 1037.97515000 3168.98700000
v -775.13450000 1030.79515000 3107.37600000
v -764.35450000 913.17515000 3075.25300000
v -779.75450000 480.95515000 3023.80400000
v -765.00450000 491.32515000 3093.90600000
v -759.67450000 611.74515000 3042.10700000
v -760.39450000 530.48515000 3070.07100000
v -765.54450000 757.44515000 3030.01000000
v -756.71450000 624.88515000 3323.12100000
v -756.52450000 581.22515000 3313.82200000
v -748.22450000 707.20515000 3301.84600000
v -748.43450000 556.49515000 3275.57400000
v -755.69450000 801.43515000 3281.34200000
v -757.27450000 890.44515000 3247.86800000
v -743.67450000 537.94515000 3240.93400000
v -760.69450000 957.60515000 3209.45400000
v -744.35450000 878.39515000 3225.90800000
v -754.58450000 924.98515000 3167.90100000
v -744.26450000 529.95515000 3205.38000000
v -750.21450000 523.69515000 3139.17900000
v -742.68450000 788.62515000 3141.39700000
v -743.57450000 586.54515000 3119.39200000
v -747.57450000 676.90515000 3099.21900000
v -743.05450000 636.01515000 3289.88900000
v -741.45450000 769.23515000 3261.39800000
v -737.12450000 577.85515000 3241.42200000
v -733.71450000 667.10515000 3252.60600000
v -730.01450000 731.01515000 3233.52100000
v -739.81450000 810.26515000 3208.13500000
v -730.09450000 656.75515000 3215.55000000
v -733.76450000 725.66515000 3193.76300000
v -738.97450000 585.11515000 3181.32800000
v -739.44450000 669.75515000 3158.97200000
v 737.05550000 677.83515000 3305.72000000
v 742.06550000 591.62515000 3305.73600000
v 748.65550000 637.29515000 3326.63100000
v 734.30550000 737.30515000 3281.17700000
v 732.90550000 677.91515000 3275.34000000
v 752.99550000 532.54515000 3266.19400000
v 741.60550000 557.63515000 3246.01600000
v 738.93550000 809.99515000 3260.00300000
v 733.24550000 748.14515000 3260.69100000
v 734.86550000 620.27515000 3243.92500000
v 735.68550000 786.79515000 3230.21000000
v 734.20550000 711.57515000 3230.50400000
v 748.30550000 563.38515000 3170.60600000
v 748.18550000 763.52515000 3141.18500000
v 753.14550000 894.25515000 3173.47000000
v 747.48550000 651.96515000 3156.61500000
v 755.07550000 690.34515000 3321.08400000
v 762.92550000 642.62515000 3339.05400000
v 764.26550000 605.56515000 3340.00100000
v 779.59550000 566.11515000 3340.97600000
v 763.87550000 545.83515000 3301.38600000
v 770.54550000 749.70515000 3314.58600000
v 750.99550000 783.28515000 3283.58700000
v 772.10550000 818.74515000 3291.09200000
v 768.91550000 899.17515000 3256.71200000
v 772.19550000 518.28515000 3268.83500000
v 752.57550000 865.82515000 3249.54500000
v 764.72550000 948.06515000 3215.54300000
v 749.72550000 860.65515000 3228.19500000
v 757.76550000 524.72515000 3206.74700000
v 778.03550000 503.97515000 3221.56900000
v 771.94550000 1013.91515000 3165.33700000
v 769.72550000 968.59515000 3108.46200000
v 764.20550000 515.04515000 3147.28900000
v 778.51550000 494.55515000 3159.68600000
v 764.06550000 658.88515000 3055.72300000
v 759.64550000 587.13515000 3092.24100000
v 767.95550000 526.50515000 3084.01000000
v 765.21550000 874.57515000 3084.31900000
v 776.02550000 802.33515000 3015.96400000
v 801.77550000 625.86515000 3353.13800000
v 786.82550000 686.79515000 3333.97400000
v 803.81550000 582.96515000 3356.45000000
v 809.33550000 733.67515000 3327.86600000
v 800.12550000 524.72515000 3297.71700000
v 808.98550000 795.40515000 3308.29400000
v 807.52550000 888.85515000 3277.62600000
v 788.45550000 940.94515000 3253.69300000
v 786.32550000 981.64515000 3233.30300000
v 786.65550000 1037.96515000 3202.49000000
v 777.61550000 1021.02515000 3190.66200000
v 790.73550000 1074.32515000 3172.28000000
v 794.89550000 1099.95515000 3139.98500000
v 780.64550000 487.70515000 3088.31400000
v 794.66550000 468.52515000 3095.58700000
v 792.06550000 1067.71515000 3089.05600000
v 801.66550000 452.15515000 3024.32200000
v 787.35550000 962.78515000 3023.68500000
v 812.52550000 1075.19515000 2991.09000000
v 793.22550000 478.69515000 3003.22800000
v 789.18550000 650.39515000 2953.73600000
v 786.45550000 550.99515000 2989.62800000
v 814.96550000 901.76515000 2886.61100000
v 814.32550000 565.39515000 3357.28300000
v 879.62550000 545.20515000 3341.42500000
v 794.99550000 502.71515000 3241.97400000
v 812.15550000 1048.86515000 3219.59700000
v 811.30550000 965.00515000 3252.06600000
v 816.29550000 1122.49515000 3177.32700000
v 800.94550000 479.68515000 3161.16800000
v 810.41550000 1134.95515000 3148.65300000
v 815.85550000 1155.17515000 3109.02000000
v 817.69550000 443.43515000 3052.62000000
v 829.95550000 1177.22515000 3033.48300000
v 824.15550000 423.65515000 2983.48100000
v 820.20550000 1017.31515000 2921.75000000
v 810.93550000 472.28515000 2912.23000000
v 820.12550000 433.15515000 2932.39100000
v 810.25550000 738.52515000 2879.43900000
v 821.75550000 556.84515000 2847.20500000
v 914.05550000 683.34515000 3345.19500000
v 903.29550000 624.14515000 3360.63800000
v 925.05550000 592.75515000 3365.41800000
v 914.98550000 565.58515000 3357.96700000
v 895.95550000 761.66515000 3323.15300000
v 914.24550000 513.99515000 3296.14000000
v 866.37550000 941.57515000 3267.97900000
v 858.97550000 488.07515000 3213.46800000
v 855.99550000 1075.42515000 3223.29800000
v 846.54550000 1011.74515000 3241.44100000
v 846.04550000 1132.29515000 3192.38400000
v 846.31550000 1188.32515000 3164.77700000
v 830.42550000 1181.95515000 3137.14100000
v 842.00550000 1229.50515000 3088.30400000
v 847.15550000 448.89515000 3098.23700000
v 836.67550000 414.23515000 2982.98600000
v 849.42550000 420.61515000 3014.47000000
v 839.29550000 1115.91515000 2922.84500000
v 840.67550000 400.59515000 2914.31000000
v 836.91550000 403.10515000 2871.98000000
v 856.07550000 373.63515000 2817.03500000
v 838.94550000 697.59515000 2774.63500000
v 839.01550000 428.95515000 2833.31500000
v 863.28550000 1031.05515000 2776.15500000
v 845.88550000 844.74515000 2771.47500000
v 850.68550000 562.61515000 2735.30500000
v 860.10550000 639.55515000 2696.01500000
v 935.93550000 843.47515000 3298.22900000
v 877.42550000 1194.92515000 3176.23700000
v 875.65550000 1252.22515000 3146.49300000
v 855.65550000 1241.54515000 3124.07900000
v 876.01550000 1303.25515000 3110.17900000
v 864.94550000 1289.51515000 3087.87500000
v 860.77550000 1281.50515000 3047.98500000
v 863.03550000 1245.45515000 2953.75500000
v 871.67550000 392.95515000 2941.64100000
v 870.65550000 1177.68515000 2844.11500000
v 869.29550000 368.17515000 2854.92200000
v 856.50550000 450.87515000 2729.53500000
v 867.21550000 368.06515000 2725.30500000
v 865.76550000 746.21515000 2681.28500000
v 886.68550000 864.94515000 2630.69500000
v 887.37550000 1004.98515000 3248.27100000
v 965.76550000 1048.89515000 3232.93300000
v 918.45550000 1129.01515000 3202.33700000
v 949.99550000 454.95515000 3133.99100000
v 897.33550000 1320.69515000 3123.44800000
v 898.03550000 1351.65515000 3102.87600000
v 886.10550000 1344.72515000 3076.56600000
v 932.14550000 419.86515000 3026.38100000
v 885.75550000 1348.53515000 3015.10800000
v 901.70550000 1363.71515000 2908.93200000
v 900.13550000 1294.15515000 2820.85500000
v 873.46550000 346.77515000 2790.44500000
v 886.27550000 342.80515000 2807.94500000
v 904.02550000 1201.30515000 2720.24500000
v 882.11550000 324.85515000 2716.60500000
v 888.92550000 326.83515000 2758.23500000
v 901.66550000 1104.96515000 2671.51500000
v 888.40550000 308.20515000 2643.84500000
v 876.20550000 503.33515000 2639.44500000
v 883.84550000 363.97515000 2624.77500000
v 890.40550000 705.06515000 2592.97500000
v 880.46550000 621.24515000 2625.21500000
v 917.31550000 1003.41515000 2572.66500000
v 897.02550000 391.57515000 2547.34500000
v 974.26550000 1214.20515000 3174.69600000
v 915.59550000 1258.83515000 3154.60600000
v 911.13550000 1302.22515000 3137.15200000
v 936.14550000 1368.18515000 3116.25300000
v 920.56550000 1383.06515000 3101.01300000
v 912.64550000 1400.10515000 3079.51600000
v 911.47550000 1417.26515000 3046.16700000
v 919.63550000 1440.17515000 2973.47200000
v 936.51550000 1457.53515000 2865.98800000
v 898.14550000 359.83515000 2864.06200000
v 926.71550000 1385.58515000 2805.17500000
v 913.14550000 322.80515000 2774.89500000
v 938.70550000 1334.25515000 2689.87500000
v 904.85550000 301.15515000 2705.28500000
v 902.62550000 283.44515000 2642.06500000
v 920.19550000 276.34515000 2661.44500000
v 906.43550000 258.18515000 2556.89500000
v 901.42550000 543.47515000 2530.26500000
v 904.97550000 278.34515000 2486.61500000
v 923.08550000 251.74515000 2598.52500000
v 924.07550000 224.35515000 2541.94500000
v 911.65550000 706.95515000 2508.66500000
v 916.59550000 209.59515000 2470.24500000
v 922.75550000 211.73515000 2508.32500000
v 910.16550000 368.23515000 2433.06500000
v 917.71550000 275.55515000 2381.32500000
v 924.65550000 214.03515000 2404.28500000
v 920.71550000 335.96515000 2345.50500000
v 978.74550000 487.89515000 3228.38800000
v 938.47550000 1442.30515000 3075.46600000
v 940.35550000 1469.82515000 3052.28100000
v 941.07550000 1491.72515000 3016.08300000
v 938.41550000 1494.85515000 2983.16900000
v 947.76550000 1510.78515000 2934.49000000
v 934.81550000 383.29515000 2929.92200000
v 957.77550000 350.57515000 2852.60800000
v 930.45550000 291.45515000 2705.66500000
v 937.30550000 1220.56515000 2606.86500000
v 923.45550000 1124.27515000 2607.77500000
v 940.24550000 228.57515000 2572.92500000
v 922.99550000 830.62515000 2495.18500000
v 925.39550000 585.13515000 2419.84500000
v 929.22550000 186.36515000 2471.54500000
v 936.41550000 204.61515000 2516.40500000
v 941.04550000 723.15515000 2388.68500000
v 918.12550000 478.42515000 2407.59500000
v 937.34550000 177.97515000 2428.06500000
v 933.14550000 525.26515000 2329.91500000
v 942.96550000 180.53515000 2379.82500000
v 941.99550000 614.34515000 2333.25500000
v 925.29550000 422.36515000 2327.51500000
v 936.88550000 210.08515000 2357.87500000
v 950.81550000 202.31515000 2340.44500000
v 929.63550000 366.20515000 2290.48500000
v 931.61550000 319.54515000 2306.55500000
v 940.82550000 251.73515000 2335.20500000
v 939.80550000 495.49515000 2257.34500000
v 947.63550000 388.58515000 2236.20500000
v 938.46550000 427.61515000 2259.85500000
v 1003.65550000 570.76515000 3363.97400000
v 1019.91550000 551.58515000 3348.25800000
v 1013.95550000 760.75515000 3323.54200000
v 1003.43550000 519.13515000 3297.83100000
v 1004.68550000 943.50515000 3267.14200000
v 971.91550000 1314.97515000 3137.87200000
v 962.44550000 1453.82515000 3080.57600000
v 973.61550000 1511.94515000 3050.08200000
v 980.46550000 1561.86515000 3012.31400000
v 1024.45550000 435.64515000 3064.98100000
v 959.52550000 1537.39515000 2977.70900000
v 974.14550000 1576.35515000 2917.08600000
v 971.57550000 1545.79515000 2838.39500000
v 970.65550000 301.76515000 2741.82500000
v 968.02550000 1472.42515000 2731.31500000
v 950.51550000 260.59515000 2641.52500000
v 959.12550000 1268.56515000 2559.40500000
v 980.74550000 1379.50515000 2566.56500000
v 952.97550000 1109.28515000 2492.46500000
v 952.38550000 900.04515000 2404.09500000
v 961.77550000 169.94515000 2454.16500000
v 969.23550000 161.11515000 2391.17500000
v 957.50550000 785.86515000 2333.44500000
v 976.72550000 170.50515000 2354.03500000
v 982.50550000 192.84515000 2323.45500000
v 957.72550000 694.68515000 2261.29500000
v 944.13550000 575.39515000 2273.40500000
v 955.87550000 317.44515000 2268.33500000
v 980.20550000 241.92515000 2297.10500000
v 951.79550000 569.85515000 2205.94500000
v 953.55550000 487.03515000 2198.47500000
v 972.77550000 386.55515000 2207.51500000
v 965.98550000 454.40515000 2181.38500000
v 969.32550000 652.32515000 2137.19500000
v 965.83550000 567.20515000 2149.17500000
v 975.43550000 534.61515000 2134.47500000
v 1034.30550000 582.88515000 3364.54900000
v 1010.57550000 622.54515000 3358.16200000
v 1057.22550000 680.48515000 3341.65000000
v 1093.15550000 1104.33515000 3207.48400000
v 1031.41550000 470.38515000 3168.98100000
v 989.15550000 1407.23515000 3104.45100000
v 991.24550000 1611.08515000 2951.17600000
v 1011.12550000 1662.69515000 2886.10800000
v 1001.28550000 1624.91515000 2833.54500000
v 1012.55550000 1603.27515000 2706.08500000
v 999.81550000 1501.58515000 2613.62500000
v 967.60550000 214.03515000 2552.24500000
v 984.84550000 1199.26515000 2419.42500000
v 997.23550000 173.63515000 2482.42500000
v 1004.87550000 150.80515000 2428.73500000
v 982.03550000 1002.86515000 2321.65500000
v 1009.44550000 149.57515000 2394.94500000
v 967.64550000 829.62515000 2296.82500000
v 971.07550000 773.92515000 2236.91500000
v 986.49550000 871.52515000 2217.56500000
v 998.85550000 312.06515000 2238.31500000
v 979.59550000 771.22515000 2157.06500000
v 977.95550000 714.28515000 2095.51500000
v 997.89550000 482.32515000 2135.83500000
v 993.65550000 784.13515000 2061.75500000
v 978.02550000 685.68515000 2085.75500000
v 982.22550000 610.25515000 2098.64500000
v 985.47550000 676.90515000 2070.46500000
v 995.47550000 571.17515000 2095.09500000
v 986.83550000 716.78515000 2066.13500000
v 1104.70550000 1266.00515000 3150.33800000
v 1006.89550000 1486.95515000 3072.96700000
v 1001.38550000 1523.85515000 3054.10000000
v 1029.76550000 1604.63515000 3018.38200000
v 1016.14550000 1624.71515000 2996.73000000
v 1016.19550000 1646.35515000 2971.97000000
v 1008.28550000 385.17515000 2933.13000000
v 1033.02550000 1701.13515000 2928.41500000
v 1006.44550000 336.50515000 2820.25500000
v 1002.72550000 254.35515000 2637.85500000
v 1015.87550000 1434.22515000 2459.79500000
v 1021.61550000 206.08515000 2540.22500000
v 1034.27550000 174.13515000 2478.65500000
v 1003.33550000 1296.80515000 2406.00500000
v 1027.05550000 158.21515000 2444.07500000
v 1009.62550000 157.54515000 2356.68500000
v 1008.29550000 1154.57515000 2281.48500000
v 1004.50550000 177.22515000 2329.38500000
v 1009.29550000 201.64515000 2307.10500000
v 1002.24550000 1005.93515000 2213.31500000
v 1002.53550000 919.10515000 2107.88500000
v 1002.90550000 391.97515000 2184.70500000
v 1022.03550000 422.60515000 2154.12500000
v 1004.60550000 860.71515000 2021.29500000
v 1032.57550000 573.00515000 2066.28500000
v 1014.75550000 941.36515000 2008.85500000
v 1001.25550000 730.66515000 2030.51500000
v 1007.36550000 644.79515000 2056.22500000
v 1008.93550000 818.36515000 1999.67500000
v 1030.11550000 725.52515000 1998.42500000
v 1015.05550000 885.62515000 1982.10500000
v 1025.00550000 799.07515000 1977.23500000
v 1067.56550000 841.13515000 3298.66700000
v 1169.97550000 1180.59515000 3173.96900000
v 1077.75550000 1379.73515000 3111.22700000
v 1052.34550000 1470.42515000 3078.75400000
v 1047.28550000 1534.45515000 3052.25500000
v 1044.00550000 1678.35515000 2979.91100000
v 1037.98550000 1692.41515000 2957.46200000
v 1044.48550000 1734.33515000 2868.42900000
v 1040.29550000 1708.30515000 2780.50500000
v 1036.06550000 301.47515000 2736.14500000
v 1035.86550000 1574.65515000 2532.43500000
v 1045.56550000 1494.77515000 2379.29500000
v 1041.45550000 153.17515000 2410.63500000
v 1031.41550000 1339.87515000 2311.99500000
v 1058.01550000 1419.93515000 2241.07500000
v 1032.21550000 248.62515000 2265.97500000
v 1028.99550000 1192.94515000 2196.03500000
v 1049.46550000 368.65515000 2177.00500000
v 1013.35550000 1067.17515000 2175.26500000
v 1029.03550000 1093.14515000 2083.13500000
v 1056.65550000 479.96515000 2106.25500000
v 1042.87550000 1124.91515000 1987.12500000
v 1031.85550000 1041.58515000 1956.32500000
v 1050.85550000 655.81515000 2018.90500000
v 1046.31550000 1122.75515000 1931.99500000
v 1027.54550000 953.83515000 1947.55500000
v 1025.62550000 870.94515000 1960.16500000
v 1050.67550000 789.42515000 1957.49500000
v 1050.17550000 854.51515000 1936.93500000
v 1045.64550000 1102.19515000 1897.93500000
v 1045.27550000 1035.41515000 1896.03500000
v 1044.36550000 940.02515000 1919.42500000
v 1069.72550000 535.61515000 3320.20600000
v 1039.79550000 495.08515000 3236.48800000
v 1117.07550000 984.73515000 3249.77200000
v 1101.36550000 1604.75515000 3025.36000000
v 1063.47550000 1680.38515000 2990.67300000
v 1060.00550000 1732.99515000 2945.69800000
v 1072.13550000 1780.11515000 2897.08600000
v 1040.91550000 347.31515000 2838.00500000
v 1076.66550000 1794.89515000 2811.50500000
v 1092.96550000 1811.23515000 2686.86500000
v 1071.08550000 1707.69515000 2567.65500000
v 1050.31550000 248.38515000 2618.69500000
v 1066.45550000 1598.90515000 2398.83500000
v 1040.61550000 155.74515000 2363.96500000
v 1033.60550000 187.51515000 2320.03500000
v 1047.45550000 1280.69515000 2166.12500000
v 1085.42550000 299.27515000 2215.87500000
v 1055.51550000 1239.94515000 2057.56500000
v 1059.26550000 1218.23515000 1966.17500000
v 1089.11550000 725.27515000 1967.62500000
v 1060.72550000 1196.48515000 1889.19500000
v 1059.45550000 1008.42515000 1875.72500000
v 1067.80550000 934.44515000 1896.59500000
v 1059.66550000 1140.63515000 1858.69500000
v 1074.22550000 1245.86515000 1819.75500000
v 1070.93550000 1115.49515000 1835.66500000
v 1073.39550000 1006.06515000 1863.15500000
v 1077.17550000 1068.62515000 1840.13500000
v 1080.49550000 1210.13515000 1802.54500000
v 1064.92550000 576.06515000 3356.29700000
v 1083.89550000 1677.42515000 2996.21000000
v 1079.46550000 1730.21515000 2966.41500000
v 1093.63550000 1795.12515000 2926.55600000
v 1099.30550000 1826.61515000 2897.04200000
v 1074.14550000 372.39515000 2875.44800000
v 1073.61550000 329.04515000 2777.57500000
v 1070.19550000 286.06515000 2687.20500000
v 1062.78550000 205.33515000 2523.72500000
v 1084.23550000 1666.84515000 2407.18500000
v 1048.45550000 171.62515000 2458.57500000
v 1096.24550000 1635.41515000 2290.83500000
v 1074.98550000 1519.71515000 2257.65500000
v 1068.05550000 176.69515000 2335.67500000
v 1074.69550000 232.47515000 2280.43500000
v 1077.91550000 1419.65515000 2128.97500000
v 1087.34550000 1383.85515000 2007.45500000
v 1129.03550000 597.51515000 2013.50500000
v 1086.69550000 1342.31515000 1891.30500000
v 1107.51550000 844.05515000 1912.39500000
v 1077.07550000 1281.24515000 1844.10500000
v 1111.68550000 940.57515000 1872.13500000
v 1090.97550000 1340.91515000 1807.42500000
v 1093.58550000 1303.25515000 1770.11500000
v 1100.59550000 1191.48515000 1781.92500000
v 1095.92550000 1113.42515000 1811.16500000
v 1073.15550000 600.30515000 3356.27700000
v 1097.62550000 564.94515000 3335.72400000
v 1082.59550000 518.51515000 3270.88200000
v 1111.91550000 904.53515000 3277.07700000
v 1073.06550000 491.40515000 3205.46200000
v 1081.69550000 463.18515000 3114.71000000
v 1153.27550000 1473.54515000 3070.46100000
v 1068.98550000 414.88515000 2983.39100000
v 1125.81550000 1760.95515000 2964.01800000
v 1112.88550000 1801.58515000 2937.41600000
v 1113.06550000 1861.50515000 2842.52500000
v 1125.41550000 1881.39515000 2726.83500000
v 1126.84550000 1869.60515000 2631.64500000
v 1078.09550000 256.25515000 2618.13500000
v 1118.77550000 1820.65515000 2537.64500000
v 1107.15550000 1728.39515000 2395.92500000
v 1080.51550000 187.21515000 2456.25500000
v 1068.88550000 168.27515000 2384.73500000
v 1131.09550000 1711.66515000 2230.74500000
v 1096.33550000 272.92515000 2243.95500000
v 1101.29550000 1575.44515000 2191.15500000
v 1118.55550000 380.99515000 2145.11500000
v 1123.51550000 454.89515000 2095.54500000
v 1120.28550000 1578.25515000 2084.30500000
v 1122.46550000 1508.18515000 1928.83500000
v 1108.80550000 1431.47515000 1831.80500000
v 1130.65550000 1028.54515000 1828.08500000
v 1145.42550000 1094.91515000 1792.15500000
v 1099.40550000 1364.34515000 1757.63500000
v 1115.78550000 1435.97515000 1742.43500000
v 1107.12550000 1264.69515000 1754.15500000
v 1106.43550000 1366.91515000 1738.61500000
v 1113.63550000 1334.26515000 1727.20500000
v 1130.13550000 1228.51515000 1747.28500000
v 1123.07550000 1394.40515000 1704.86500000
v 1137.91550000 1293.40515000 1718.60500000
v 1134.66550000 1355.50515000 1699.42500000
v 1083.44550000 627.69515000 3349.54400000
v 1124.96550000 765.75515000 3313.27400000
v 1105.16550000 544.67515000 3306.02300000
v 1105.94550000 500.64515000 3191.61100000
v 1254.91550000 1110.68515000 3193.56500000
v 1100.76550000 442.27515000 3034.40500000
v 1181.76550000 1575.02515000 3031.02700000
v 1149.21550000 1664.86515000 2999.69500000
v 1120.32550000 1849.22515000 2895.90600000
v 1103.09550000 409.19515000 2933.88500000
v 1147.18550000 1914.83515000 2855.31200000
v 1102.35550000 358.71515000 2812.51500000
v 1160.56550000 1943.97515000 2786.87500000
v 1095.04550000 294.44515000 2682.32500000
v 1091.09550000 240.00515000 2566.13500000
v 1147.12550000 1833.04515000 2388.84500000
v 1094.47550000 183.56515000 2402.74500000
v 1090.83550000 183.83515000 2360.39500000
v 1095.40550000 213.54515000 2313.40500000
v 1112.17550000 267.76515000 2262.99500000
v 1113.34550000 301.05515000 2221.03500000
v 1131.41550000 346.38515000 2178.13500000
v 1162.30550000 1747.04515000 2107.65500000
v 1148.36550000 421.29515000 2108.83500000
v 1204.80550000 732.48515000 1922.02500000
v 1144.03550000 1561.71515000 1802.73500000
v 1243.55550000 897.97515000 1837.84500000
v 1146.38550000 1563.35515000 1707.44500000
v 1146.84550000 1159.13515000 1767.39500000
v 1135.59550000 1509.22515000 1681.15500000
v 1149.24550000 1568.42515000 1648.90500000
v 1137.87550000 1468.78515000 1670.93500000
v 1147.03550000 1407.10515000 1672.68500000
v 1149.58550000 1540.43515000 1637.33500000
v 1107.69550000 597.82515000 3340.82200000
v 1125.01550000 672.87515000 3325.93500000
v 1157.18550000 855.70515000 3288.49700000
v 1127.97550000 536.02515000 3238.22000000
v 1228.25550000 1330.27515000 3115.61100000
v 1109.95550000 472.93515000 3103.06500000
v 1122.54550000 451.90515000 3016.64200000
v 1205.31550000 1702.72515000 2980.59800000
v 1228.80550000 1776.47515000 2949.25900000
v 1156.24550000 1837.42515000 2924.07900000
v 1157.59550000 1898.55515000 2887.12100000
v 1180.37550000 1951.62515000 2863.74800000
v 1188.13550000 1980.02515000 2825.32500000
v 1119.15550000 335.55515000 2734.66500000
v 1115.75550000 285.61515000 2627.94500000
v 1155.79550000 1902.93515000 2548.40500000
v 1111.60550000 240.65515000 2523.15500000
v 1106.18550000 209.37515000 2445.01500000
v 1178.78550000 1916.52515000 2405.83500000
v 1110.12550000 207.16515000 2396.27500000
v 1111.17550000 220.34515000 2341.30500000
v 1111.79550000 240.56515000 2306.44500000
v 1168.42550000 1834.98515000 2258.91500000
v 1137.12550000 324.94515000 2207.05500000
v 1162.12550000 405.27515000 2124.50500000
v 1151.51550000 1648.59515000 1991.14500000
v 1173.43550000 520.86515000 2038.21500000
v 1157.16550000 1634.48515000 1897.16500000
v 1186.47550000 1710.43515000 1786.70500000
v 1172.29550000 1648.16515000 1642.34500000
v 1190.73550000 1327.11515000 1677.74500000
v 1159.87550000 1587.78515000 1622.21500000
v 1161.25550000 1514.48515000 1623.55500000
v 1162.10550000 1456.83515000 1643.84500000
v 1179.20550000 1406.04515000 1649.66500000
v 1174.19550000 1585.16515000 1586.21500000
v 1179.98550000 1542.32515000 1593.19500000
v 1165.24550000 740.21515000 3306.24500000
v 1125.98550000 582.61515000 3327.96100000
v 1128.22550000 569.29515000 3303.20200000
v 1200.90550000 928.29515000 3262.77200000
v 1284.16550000 1194.20515000 3159.08400000
v 1127.32550000 494.36515000 3119.77400000
v 1140.87550000 475.91515000 3029.34800000
v 1297.92550000 1492.03515000 3047.06600000
v 1206.46550000 1862.45515000 2920.24300000
v 1190.86550000 1908.51515000 2897.66200000
v 1193.99550000 1945.84515000 2878.30400000
v 1132.87550000 408.38515000 2864.05700000
v 1212.12550000 2027.12515000 2766.98500000
v 1132.15550000 336.42515000 2699.40500000
v 1193.15550000 1990.56515000 2665.50500000
v 1135.49550000 302.56515000 2596.50500000
v 1136.03550000 281.29515000 2475.94500000
v 1128.55550000 256.07515000 2380.15500000
v 1134.05550000 282.40515000 2302.04500000
v 1159.21550000 337.97515000 2398.82500000
v 1151.56550000 330.21515000 2221.23500000
v 1197.60550000 1849.39515000 2099.51500000
v 1178.81550000 1730.12515000 1944.06500000
v 1182.28550000 467.00515000 2074.78500000
v 1200.81550000 565.75515000 2003.58500000
v 1228.16550000 629.72515000 1962.93500000
v 1166.70550000 1659.46515000 1857.72500000
v 1231.81550000 1053.77515000 1775.29500000
v 1217.43550000 1204.62515000 1718.59500000
v 1206.60550000 1759.77515000 1670.50500000
v 1192.83550000 1715.37515000 1590.73500000
v 1269.03550000 1365.22515000 1622.24500000
v 1212.52550000 1472.44515000 1604.42500000
v 1184.15550000 1669.33515000 1572.55500000
v 1175.44550000 1627.11515000 1592.68500000
v 1187.00550000 1643.66515000 1559.48500000
v 1204.26550000 1564.64515000 1565.47500000
v 1166.33550000 693.62515000 3306.22400000
v 1146.03550000 629.47515000 3302.58800000
v 1191.60550000 829.08515000 3289.10100000
v 1190.72550000 786.70515000 3290.37200000
v 1154.50550000 588.77515000 3242.35400000
v 1148.86550000 528.71515000 3128.42300000
v 1169.15550000 538.77515000 3032.77900000
v 1150.06550000 481.11515000 2987.17000000
v 1161.87550000 460.31515000 2858.42400000
v 1233.91550000 1985.63515000 2868.96800000
v 1208.20550000 1982.43515000 2859.76800000
v 1207.16550000 1997.79515000 2841.12500000
v 1148.52550000 373.21515000 2709.29500000
v 1259.32550000 2095.55515000 2697.85500000
v 1254.68550000 2081.66515000 2578.74500000
v 1206.30550000 1984.35515000 2488.35500000
v 1155.21550000 354.20515000 2591.94500000
v 1175.12550000 407.06515000 2568.47500000
v 1224.68550000 1968.00515000 2287.84500000
v 1161.07550000 334.05515000 2307.37500000
v 1184.13550000 387.91515000 2360.78500000
v 1200.42550000 403.73515000 2278.95500000
v 1175.98550000 359.95515000 2243.01500000
v 1172.36550000 386.85515000 2153.72500000
v 1221.42550000 1849.99515000 1929.54500000
v 1208.60550000 522.61515000 2030.20500000
v 1218.87550000 1783.87515000 1560.32500000
v 1200.65550000 1718.65515000 1550.44500000
v 1218.02550000 1755.90515000 1513.50500000
v 1201.97550000 1696.36515000 1535.78500000
v 1209.51550000 1650.84515000 1531.53500000
v 1244.62550000 1583.80515000 1533.06500000
v 1225.53550000 1737.27515000 1498.82500000
v 1178.89550000 695.07515000 3284.93700000
v 1238.05550000 883.60515000 3266.94900000
v 1187.17550000 738.05515000 3288.56600000
v 1202.40550000 733.56515000 3266.64600000
v 1184.44550000 665.23515000 3230.69400000
v 1168.52550000 585.95515000 3140.09100000
v 1190.16550000 614.93515000 3064.25300000
v 1302.57550000 1390.17515000 3084.09000000
v 1298.50550000 1595.18515000 3007.41400000
v 1185.70550000 517.68515000 2833.27500000
v 1297.84550000 1837.46515000 2916.84900000
v 1245.80550000 1911.88515000 2897.29300000
v 1233.54550000 2023.70515000 2840.27500000
v 1226.80550000 2033.85515000 2812.72500000
v 1168.82550000 431.65515000 2709.23500000
v 1184.71550000 471.81515000 2695.01500000
v 1267.70550000 2081.23515000 2437.19500000
v 1196.61550000 434.41515000 2460.99500000
v 1220.75550000 432.60515000 2212.30500000
v 1205.25550000 416.49515000 2164.37500000
v 1250.28550000 1970.88515000 2089.21500000
v 1203.78550000 450.97515000 2091.80500000
v 1234.99550000 513.68515000 2038.77500000
v 1236.06550000 1850.72515000 1780.21500000
v 1293.63550000 962.41515000 1791.31500000
v 1244.26550000 1855.65515000 1645.08500000
v 1306.33550000 1256.50515000 1656.34500000
v 1249.99550000 1864.33515000 1556.69500000
v 1244.57550000 1840.13515000 1498.86500000
v 1263.35550000 1512.92515000 1556.62500000
v 1229.87550000 1795.47515000 1510.41500000
v 1243.72550000 1808.52515000 1478.78500000
v 1247.04550000 1722.47515000 1480.23500000
v 1262.20550000 1643.65515000 1502.01500000
v 1259.90550000 1799.36515000 1454.75500000
v 1226.37550000 833.45515000 3273.52700000
v 1232.35550000 800.38515000 3262.92400000
v 1240.02550000 1016.49515000 3227.62800000
v 1219.53550000 742.58515000 3235.49800000
v 1205.86550000 685.64515000 3161.33400000
v 1235.81550000 740.11515000 3162.34000000
v 1221.49550000 675.89515000 3042.29500000
v 1318.69550000 1681.87515000 2971.17000000
v 1216.10550000 601.16515000 2860.74200000
v 1277.01550000 1960.70515000 2879.13600000
v 1270.37550000 2054.63515000 2837.35500000
v 1260.93550000 2073.38515000 2810.35500000
v 1247.61550000 2070.37515000 2773.67500000
v 1205.61550000 501.61515000 2637.89500000
v 1234.57550000 481.04515000 2372.25500000
v 1291.85550000 2100.43515000 2307.59500000
v 1264.52550000 2028.62515000 2205.67500000
v 1273.14550000 526.66515000 2263.70500000
v 1299.00550000 2085.84515000 2169.77500000
v 1213.88550000 442.51515000 2115.92500000
v 1249.53550000 577.00515000 1988.88500000
v 1265.76550000 1954.48515000 1902.51500000
v 1285.32550000 689.32515000 1915.65500000
v 1290.80550000 1956.53515000 1562.97500000
v 1329.51550000 1426.76515000 1564.14500000
v 1275.87550000 1906.24515000 1467.93500000
v 1259.56550000 1856.05515000 1468.16500000
v 1334.77550000 1672.31515000 1458.02500000
v 1298.35550000 1783.37515000 1433.62500000
v 1269.33550000 946.64515000 3246.20600000
v 1258.94550000 801.73515000 3221.15100000
v 1250.79550000 734.37515000 3072.37900000
v 1375.30550000 1732.08515000 2942.38900000
v 1259.03550000 687.69515000 2903.20900000
v 1316.61550000 1899.41515000 2892.63800000
v 1292.57550000 2015.23515000 2856.50700000
v 1313.79550000 2127.94515000 2795.88500000
v 1260.24550000 616.77515000 2682.53500000
v 1286.18550000 2116.94515000 2761.12500000
v 1313.35550000 2169.51515000 2582.53500000
v 1290.45550000 2129.75515000 2508.84500000
v 1241.97550000 533.51515000 2523.79500000
v 1265.53550000 502.86515000 2139.53500000
v 1239.86550000 471.81515000 2109.09500000
v 1313.75550000 2076.31515000 2019.14500000
v 1239.97550000 488.56515000 2073.66500000
v 1280.99550000 570.25515000 1995.47500000
v 1301.65550000 649.22515000 1937.47500000
v 1281.96550000 1954.31515000 1725.11500000
v 1356.41550000 1107.77515000 1704.20500000
v 1434.67550000 1272.24515000 1591.55500000
v 1368.76550000 1507.93515000 1511.18500000
v 1291.80550000 1937.57515000 1425.22500000
v 1285.92550000 1904.89515000 1425.05500000
v 1269.92550000 1857.71515000 1450.31500000
v 1292.13550000 1860.58515000 1420.51500000
v 1295.86550000 920.48515000 3245.41500000
v 1275.96550000 872.49515000 3249.98900000
v 1282.46550000 850.49515000 3237.28400000
v 1293.32550000 815.63515000 3153.89100000
v 1323.13550000 817.26515000 3049.27600000
v 1336.30550000 1945.12515000 2874.10600000
v 1329.80550000 2090.42515000 2822.10500000
v 1316.41550000 725.90515000 2761.47500000
v 1327.18550000 2168.22515000 2752.08500000
v 1320.87550000 2172.68515000 2699.67500000
v 1317.88550000 645.73515000 2478.66500000
v 1316.12550000 2160.55515000 2448.92500000
v 1350.09550000 2184.38515000 2241.70500000
v 1276.60550000 527.03515000 2065.96500000
v 1273.60550000 542.88515000 2029.42500000
v 1302.29550000 609.17515000 1968.21500000
v 1327.55550000 2068.81515000 1830.98500000
v 1346.45550000 2078.75515000 1656.86500000
v 1338.80550000 2051.47515000 1528.16500000
v 1325.40550000 2010.77515000 1434.69500000
v 1309.38550000 1946.04515000 1400.76500000
v 1325.25550000 1998.53515000 1385.14500000
v 1392.08550000 1760.43515000 1397.94500000
v 1327.83550000 1990.04515000 1364.41500000
v 1332.23550000 1841.19515000 1395.98500000
v 1329.97550000 1958.52515000 1361.83500000
v 1330.54550000 1911.62515000 1377.01500000
v 1301.69550000 852.78515000 3207.93400000
v 1425.32550000 1612.73515000 2979.65800000
v 1367.40550000 823.48515000 2866.60300000
v 1347.80550000 2144.82515000 2795.18500000
v 1360.18550000 2201.36515000 2751.78500000
v 1320.24550000 695.52515000 2639.94500000
v 1367.02550000 2186.85515000 2097.16500000
v 1337.12550000 611.44515000 2166.60500000
v 1296.85550000 573.51515000 2001.65500000
v 1356.81550000 2145.97515000 1960.01500000
v 1359.06550000 717.71515000 1888.92500000
v 1315.05550000 769.25515000 1872.73500000
v 1377.85550000 849.71515000 1815.36500000
v 1382.17550000 964.77515000 1759.23500000
v 1363.12550000 2128.93515000 1780.08500000
v 1343.93550000 2038.49515000 1361.91500000
v 1347.66550000 2033.63515000 1340.37500000
v 1354.30550000 2015.76515000 1326.73500000
v 1358.43550000 1968.44515000 1333.98500000
v 1326.51550000 929.86515000 3232.13200000
v 1325.62550000 982.11515000 3223.06700000
v 1323.58550000 899.85515000 3220.44900000
v 1346.25550000 1083.77515000 3190.45200000
v 1331.13550000 882.45515000 3191.40500000
v 1365.19550000 904.97515000 3148.98300000
v 1414.96550000 1278.30515000 3109.83400000
v 1418.02550000 1846.14515000 2892.33900000
v 1403.46550000 1976.40515000 2848.45500000
v 1409.56550000 2070.42515000 2815.81500000
v 1384.07550000 2146.04515000 2792.71500000
v 1381.90550000 2186.46515000 2771.09500000
v 1355.02550000 2211.08515000 2721.60500000
v 1378.22550000 2249.52515000 2635.72500000
v 1370.31550000 2239.19515000 2486.78500000
v 1355.57550000 2204.62515000 2340.11500000
v 1397.79550000 2252.33515000 2220.44500000
v 1316.73550000 577.23515000 2067.84500000
v 1406.24550000 2225.81515000 1946.79500000
v 1312.88550000 584.14515000 2011.59500000
v 1316.80550000 604.83515000 1980.10500000
v 1335.83550000 647.94515000 1944.84500000
v 1358.24550000 687.96515000 1914.85500000
v 1369.66550000 2151.53515000 1857.55500000
v 1377.49550000 2121.11515000 1489.36500000
v 1372.14550000 2097.96515000 1348.94500000
v 1356.82550000 2057.97515000 1338.48500000
v 1408.76550000 1870.37515000 1347.33500000
v 1365.56550000 2063.52515000 1320.95500000
v 1378.54550000 2070.24515000 1294.63500000
v 1384.51550000 2042.55515000 1292.91500000
v 1438.71550000 1496.45515000 3021.67000000
v 1389.52550000 2247.45515000 2711.08500000
v 1360.70550000 754.74515000 2646.59500000
v 1357.89550000 671.89515000 2340.43500000
v 1365.49550000 699.60515000 2416.99500000
v 1429.07550000 2308.30515000 2374.99500000
v 1394.07550000 687.53515000 2069.41500000
v 1357.23550000 637.73515000 2010.98500000
v 1352.05550000 645.91515000 1967.20500000
v 1401.16550000 2192.03515000 1789.06500000
v 1434.31550000 2226.63515000 1631.53500000
v 1505.36550000 1312.31515000 1539.06500000
v 1520.43550000 1492.38515000 1454.88500000
v 1490.96550000 1626.92515000 1411.72500000
v 1423.54550000 2193.35515000 1372.36500000
v 1390.68550000 2112.61515000 1289.85500000
v 1424.67550000 1995.89515000 1286.19500000
v 1374.45550000 978.91515000 3204.33700000
v 1382.31550000 1034.38515000 3196.56100000
v 1359.95550000 929.69515000 3191.00000000
v 1438.12550000 1386.32515000 3064.27500000
v 1419.59550000 934.92515000 3042.10100000
v 1419.20550000 2250.34515000 2733.73500000
v 1434.74550000 2289.03515000 2705.26500000
v 1423.21550000 2289.32515000 2681.14500000
v 1419.92550000 786.76515000 2458.91500000
v 1370.51550000 681.42515000 1932.36500000
v 1390.29550000 715.83515000 1906.54500000
v 1399.15550000 794.11515000 1841.81500000
v 1417.16550000 767.02515000 1864.98500000
v 1442.54550000 900.99515000 1772.32500000
v 1448.72550000 1164.54515000 1639.90500000
v 1411.64550000 2164.33515000 1289.49500000
v 1408.09550000 2146.94515000 1269.25500000
v 1412.86550000 2121.88515000 1257.09500000
v 1426.23550000 2082.28515000 1252.37500000
v 1418.57550000 1045.50515000 3185.44400000
v 1419.90550000 1081.41515000 3177.57700000
v 1397.27550000 970.91515000 3175.52800000
v 1443.26550000 1149.99515000 3150.35600000
v 1415.52550000 966.29515000 3136.00900000
v 1538.16550000 1661.50515000 2937.34000000
v 1500.56550000 2093.49515000 2784.27500000
v 1437.36550000 2174.13515000 2771.55500000
v 1447.06550000 2227.04515000 2749.04500000
v 1437.15550000 2323.99515000 2536.89500000
v 1483.58550000 2365.44515000 2204.37500000
v 1443.59550000 2295.05515000 2063.66500000
v 1408.77550000 730.06515000 2241.26500000
v 1389.95550000 693.01515000 1959.79500000
v 1452.88550000 2270.90515000 1750.52500000
v 1490.42550000 1053.65515000 1677.68500000
v 1575.75550000 1350.92515000 1492.75500000
v 1450.43550000 2240.40515000 1481.45500000
v 1583.39550000 1688.25515000 1345.69500000
v 1445.90550000 2223.29515000 1267.36500000
v 1426.21550000 2167.95515000 1251.65500000
v 1447.42550000 2206.94515000 1218.01500000
v 1450.28550000 2186.14515000 1206.93500000
v 1443.76550000 2136.95515000 1222.27500000
v 1428.68550000 1029.83515000 3176.93700000
v 1456.92550000 932.58515000 2866.85000000
v 1443.47550000 869.55515000 2683.28500000
v 1472.70550000 2279.08515000 2723.68500000
v 1480.60550000 2320.32515000 2698.41500000
v 1465.17550000 2330.18515000 2677.30500000
v 1450.43550000 2329.97515000 2627.97500000
v 1505.42550000 2398.95515000 2583.42500000
v 1510.50550000 2408.35515000 2427.93500000
v 1490.75550000 2382.15515000 2323.67500000
v 1445.17550000 756.95515000 1969.13500000
v 1480.58550000 821.71515000 2170.26500000
v 1467.11550000 2306.15515000 1867.05500000
v 1462.31550000 830.62515000 1817.33500000
v 1440.10550000 856.89515000 1800.30500000
v 1492.83550000 984.15515000 1712.79500000
v 1487.47550000 2320.65515000 1727.86500000
v 1525.45550000 1175.33515000 1600.07500000
v 1477.60550000 2280.81515000 1376.05500000
v 1503.45550000 2316.71515000 1223.73500000
v 1522.23550000 1914.67515000 1272.52500000
v 1474.93550000 2074.99515000 1225.52500000
v 1465.20550000 2245.05515000 1220.57500000
v 1471.59550000 2243.16515000 1197.67500000
v 1487.34550000 2251.35515000 1163.05500000
v 1477.11550000 2176.52515000 1187.50500000
v 1443.61550000 1016.28515000 3154.01800000
v 1449.52550000 1082.51515000 3165.88100000
v 1536.38550000 1217.25515000 3110.70600000
v 1449.64550000 997.87515000 3112.78100000
v 1567.35550000 1850.14515000 2854.02900000
v 1547.54550000 1966.50515000 2814.70500000
v 1506.47550000 959.45515000 2740.59500000
v 1507.54550000 2174.87515000 2754.58500000
v 1495.03550000 2374.11515000 2636.65500000
v 1495.44550000 906.13515000 2556.98500000
v 1465.18550000 823.80515000 2328.11500000
v 1498.62550000 2366.90515000 2020.31500000
v 1428.33550000 753.63515000 1901.76500000
v 1451.93550000 794.11515000 1856.78500000
v 1477.43550000 944.19515000 1741.51500000
v 1522.15550000 2358.77515000 1588.96500000
v 1493.42550000 2286.89515000 1177.32500000
v 1513.83550000 2246.13515000 1140.48500000
v 1500.84550000 1112.09515000 3142.20800000
v 1469.22550000 1061.14515000 3151.74100000
v 1493.96550000 1054.56515000 3122.40100000
v 1498.08550000 1004.37515000 2980.11200000
v 1508.15550000 1041.03515000 3067.98800000
v 1540.78550000 2241.74515000 2722.01500000
v 1517.39550000 2315.71515000 2699.69500000
v 1508.71550000 2372.06515000 2659.55500000
v 1557.50550000 2456.79515000 2276.56500000
v 1522.69550000 862.09515000 1950.43500000
v 1474.43550000 808.38515000 1887.22500000
v 1483.77550000 834.93515000 1833.23500000
v 1498.80550000 902.70515000 1767.37500000
v 1572.64550000 1116.32515000 1612.53500000
v 1557.28550000 2402.57515000 1396.83500000
v 1525.44550000 2351.71515000 1146.99500000
v 1507.37550000 2318.00515000 1170.72500000
v 1509.04550000 2308.85515000 1152.54500000
v 1543.79550000 2154.92515000 1158.17500000
v 1527.12550000 2313.48515000 1122.72500000
v 1515.27550000 1095.69515000 3129.77500000
v 1532.10550000 1076.58515000 3091.69700000
v 1551.25550000 1038.46515000 2866.25200000
v 1538.41550000 2374.77515000 2667.23500000
v 1516.71550000 950.93515000 2638.80500000
v 1530.77550000 2410.68515000 2627.02500000
v 1524.74550000 914.02515000 2407.81500000
v 1557.38550000 2448.36515000 2089.42500000
v 1559.80550000 928.04515000 2158.22500000
v 1542.45550000 2408.13515000 1855.33500000
v 1502.71550000 869.71515000 1801.72500000
v 1561.59550000 989.79515000 1697.33500000
v 1537.44550000 1018.81515000 1682.49500000
v 1583.05550000 1189.61515000 1569.38500000
v 1556.17550000 2400.01515000 1157.42500000
v 1562.32550000 2027.50515000 1202.96500000
v 1545.18550000 2363.84515000 1107.73500000
v 1527.06550000 2334.72515000 1132.89500000
v 1561.78550000 2249.95515000 1110.25500000
v 1563.29550000 2313.28515000 1088.67500000
v 1538.05550000 1163.92515000 3120.98200000
v 1577.68550000 1299.60515000 3071.45400000
v 1554.75550000 1096.57515000 3081.32100000
v 1546.91550000 1410.83515000 3035.14100000
v 1591.29550000 1500.10515000 2990.96000000
v 1567.07550000 1093.17515000 3021.41300000
v 1606.64550000 1716.83515000 2899.76200000
v 1630.07550000 2113.96515000 2737.19500000
v 1578.39550000 2324.21515000 2681.89500000
v 1542.82550000 2409.66515000 2640.65500000
v 1555.56550000 2431.80515000 2625.18500000
v 1571.10550000 2455.91515000 2593.91500000
v 1588.34550000 2488.56515000 2491.55500000
v 1606.96550000 2511.58515000 2386.33500000
v 1547.19550000 923.85515000 2276.72500000
v 1632.33550000 2537.56515000 2165.56500000
v 1522.39550000 873.75515000 1835.37500000
v 1550.12550000 946.82515000 1734.28500000
v 1617.95550000 2501.64515000 1744.61500000
v 1637.86550000 2519.00515000 1556.72500000
v 1696.29550000 1379.50515000 1431.25500000
v 1622.56550000 1521.15515000 1400.70500000
v 1595.23550000 2454.63515000 1243.57500000
v 1568.11550000 2409.03515000 1096.27500000
v 1624.84550000 2212.99515000 1089.85500000
v 1574.26550000 2401.23515000 1068.91500000
v 1576.88550000 2374.23515000 1063.93500000
v 1549.60550000 1135.29515000 3114.58000000
v 1587.82550000 1228.00515000 3092.92100000
v 1539.96550000 1100.32515000 3103.43300000
v 1659.24550000 1999.33515000 2768.78500000
v 1601.08550000 2402.24515000 2647.58500000
v 1573.96550000 1024.81515000 2671.62500000
v 1582.19550000 2440.50515000 2621.66500000
v 1546.69550000 969.25515000 2559.69500000
v 1621.30550000 994.69515000 2003.73500000
v 1554.97550000 906.40515000 1838.34500000
v 1575.79550000 939.29515000 1778.55500000
v 1539.93550000 919.30515000 1770.56500000
v 1585.05550000 1059.54515000 1645.15500000
v 1645.38550000 1796.95515000 1268.75500000
v 1585.96550000 2424.72515000 1059.17500000
v 1604.55550000 2290.76515000 1069.00500000
v 1616.54550000 2355.18515000 1033.68500000
v 1565.64550000 1197.51515000 3105.37700000
v 1627.65550000 2453.02515000 2617.57500000
v 1605.42550000 2481.95515000 2588.92500000
v 1622.79550000 2508.35515000 2551.98500000
v 1603.19550000 1000.16515000 2306.07500000
v 1604.93550000 969.04515000 1832.76500000
v 1651.61550000 2551.25515000 1973.08500000
v 1591.95550000 981.82515000 1720.26500000
v 1637.58550000 2514.35515000 1396.94500000
v 1675.35550000 2562.98515000 1211.86500000
v 1645.61550000 2523.60515000 1318.10500000
v 1634.70550000 1922.99515000 1215.66500000
v 1615.32550000 2482.41515000 1106.88500000
v 1686.57550000 2022.09515000 1147.43500000
v 1609.56550000 2463.36515000 1036.52500000
v 1601.87550000 2431.27515000 1031.26500000
v 1619.22550000 2466.85515000 1006.43500000
v 1631.90550000 2431.25515000 990.31500000
v 1592.11550000 1190.82515000 3092.76400000
v 1579.36550000 1140.36515000 3077.99900000
v 1642.65550000 1389.39515000 3023.78700000
v 1751.09550000 1573.37515000 2922.27400000
v 1630.30550000 1141.34515000 2937.66300000
v 1702.51550000 1731.63515000 2867.20700000
v 1637.91550000 1120.54515000 2796.67500000
v 1676.41550000 2223.25515000 2683.93500000
v 1667.10550000 2316.63515000 2656.01500000
v 1629.61550000 2485.17515000 2591.11500000
v 1613.90550000 1039.40515000 2490.61500000
v 1643.48550000 2541.44515000 2500.86500000
v 1685.85550000 2590.54515000 2429.46500000
v 1669.79550000 2576.42515000 2292.29500000
v 1632.05550000 1022.67515000 2169.80500000
v 1670.98550000 2572.71515000 1824.22500000
v 1624.29550000 1056.05515000 1641.70500000
v 1621.55550000 1095.78515000 1608.54500000
v 1635.81550000 1241.22515000 1522.59500000
v 1638.03550000 2510.90515000 1011.86500000
v 1640.44550000 2495.46515000 975.59500000
v 1630.41550000 2465.17515000 988.68500000
v 1622.51550000 1238.89515000 3074.12200000
v 1622.41550000 1193.38515000 3070.67100000
v 1633.27550000 1178.34515000 3026.78500000
v 1660.86550000 1118.71515000 2642.17500000
v 1702.49550000 2391.25515000 2617.45500000
v 1672.11550000 2471.94515000 2596.43500000
v 1662.34550000 2526.57515000 2561.97500000
v 1677.55550000 2564.52515000 2509.07500000
v 1673.04550000 1052.87515000 1900.01500000
v 1703.77550000 1097.97515000 2022.20500000
v 1622.51550000 999.99515000 1733.44500000
v 1706.87550000 2614.81515000 1742.36500000
v 1630.97550000 1019.34515000 1694.00500000
v 1624.63550000 1030.58515000 1674.16500000
v 1633.57550000 1083.93515000 1616.79500000
v 1649.97550000 1118.55515000 1595.00500000
v 1692.79550000 2586.75515000 1480.90500000
v 1694.65550000 2584.84515000 1362.96500000
v 1751.27550000 1652.02515000 1288.27500000
v 1672.71550000 2563.59515000 1023.38500000
v 1701.41550000 2179.41515000 1064.87500000
v 1653.19550000 2293.81515000 1036.21500000
v 1680.00550000 2392.67515000 967.51500000
v 1661.43550000 2538.10515000 967.22500000
v 1668.02550000 2539.74515000 935.94500000
v 1663.42550000 2505.76515000 939.00500000
v 1624.65550000 1211.63515000 3073.52900000
v 1656.81550000 1272.96515000 3052.33500000
v 1664.67550000 1324.79515000 3038.27800000
v 1677.82550000 1209.63515000 2990.52800000
v 1710.84550000 1857.54515000 2811.13500000
v 1738.62550000 2040.73515000 2726.21500000
v 1707.20550000 1193.31515000 2772.69500000
v 1671.85550000 2509.49515000 2577.09500000
v 1718.04550000 2612.28515000 2474.17500000
v 1691.48550000 1113.85515000 2355.54500000
v 1717.03550000 2627.13515000 2150.38500000
v 1688.50550000 1088.04515000 2128.55500000
v 1731.02550000 2645.84515000 1903.52500000
v 1687.26550000 1072.64515000 1772.10500000
v 1741.53550000 2648.84515000 1580.36500000
v 1689.34550000 1176.58515000 1546.78500000
v 1697.98550000 1290.83515000 1474.49500000
v 1729.51550000 2628.42515000 1319.54500000
v 1761.43550000 1802.31515000 1216.56500000
v 1688.20550000 2582.60515000 924.01500000
v 1708.98550000 2617.76515000 951.56500000
v 1687.23550000 2484.09515000 916.73500000
v 1692.16550000 2566.15515000 892.94500000
v 1647.98550000 1227.25515000 3051.77800000
v 1674.72550000 1225.15515000 3018.91200000
v 1722.05550000 1453.92515000 2978.84900000
v 1718.24550000 1233.36515000 2905.92700000
v 1738.57550000 2485.76515000 2572.71500000
v 1702.68550000 2514.22515000 2571.28500000
v 1705.27550000 2545.38515000 2553.48500000
v 1711.49550000 2577.30515000 2525.08500000
v 1720.00550000 2599.70515000 2502.91500000
v 1720.72550000 1165.74515000 2498.24500000
v 1673.81550000 1079.65515000 2243.98500000
v 1663.54550000 1059.94515000 1674.98500000
v 1646.61550000 1075.87515000 1633.85500000
v 1771.21550000 2683.46515000 1251.41500000
v 1740.58550000 2652.36515000 1074.14500000
v 1716.82550000 2292.27515000 998.07500000
v 1747.72550000 2396.70515000 919.16500000
v 1715.50550000 2621.34515000 880.88500000
v 1719.68550000 2465.63515000 898.17500000
v 1703.94550000 2593.05515000 883.53500000
v 1713.09550000 2560.94515000 860.95500000
v 1736.10550000 2534.22515000 849.31500000
v 1723.44550000 2608.81515000 848.44500000
v 1700.41550000 1311.46515000 3027.75300000
v 1731.70550000 1373.77515000 3001.05100000
v 1693.14550000 1272.04515000 3025.06900000
v 1740.18550000 2543.14515000 2548.66500000
v 1736.91550000 2605.99515000 2506.17500000
v 1766.73550000 2677.05515000 2296.75500000
v 1738.40550000 2653.45515000 2026.20500000
v 1718.72550000 1118.89515000 1643.61500000
v 1692.21550000 1112.33515000 1615.08500000
v 1706.47550000 1149.87515000 1572.24500000
v 1738.63550000 1235.02515000 1500.81500000
v 1775.86550000 2686.62515000 1429.44500000
v 1763.22550000 1312.56515000 1440.01500000
v 1775.75550000 1488.71515000 1352.75500000
v 1812.39550000 2037.41515000 1083.87500000
v 1755.06550000 2675.69515000 922.86500000
v 1744.85550000 2653.10515000 840.25500000
v 1802.81550000 2466.60515000 844.72500000
v 1749.80550000 2645.49515000 807.41500000
v 1764.22550000 2628.29515000 785.64500000
v 1736.07550000 1325.09515000 3005.31600000
v 1734.10550000 1299.78515000 3000.99900000
v 1708.43550000 1258.17515000 2989.54300000
v 1781.19550000 1280.81515000 2814.01500000
v 1810.42550000 2093.53515000 2680.95500000
v 1809.57550000 2257.88515000 2621.96500000
v 1769.15550000 1242.77515000 2665.34500000
v 1755.07550000 2589.81515000 2516.56500000
v 1757.88550000 2630.35515000 2481.76500000
v 1765.85550000 2659.68515000 2424.03500000
v 1799.55550000 1238.07515000 2352.59500000
v 1735.86550000 1152.27515000 2220.85500000
v 1794.77550000 2715.38515000 2118.07500000
v 1745.06550000 1152.48515000 2102.03500000
v 1753.03550000 1154.57515000 1931.98500000
v 1772.01550000 2695.76515000 1834.00500000
v 1791.26550000 2712.31515000 1701.12500000
v 1762.34550000 1166.02515000 1714.66500000
v 1733.49550000 1177.97515000 1544.42500000
v 1735.22550000 1198.39515000 1529.40500000
v 1747.99550000 1274.48515000 1470.58500000
v 1788.71550000 1374.58515000 1400.51500000
v 1802.71550000 2176.18515000 1021.39500000
v 1810.45550000 2291.26515000 950.74500000
v 1776.02550000 2697.70515000 817.31500000
v 1771.25550000 2673.37515000 780.44500000
v 1760.70550000 2585.66515000 804.01500000
v 1810.36550000 2545.56515000 789.54500000
v 1769.10550000 2652.12515000 777.75500000
v 1790.50550000 1430.27515000 2965.99800000
v 1752.00550000 1299.41515000 2965.76100000
v 1792.13550000 1322.17515000 2924.33100000
v 1812.69550000 1956.89515000 2735.13500000
v 1778.53550000 2529.05515000 2539.67500000
v 1793.04550000 2663.55515000 2467.14500000
v 1795.31550000 2672.27515000 2450.39500000
v 1786.96550000 2711.18515000 1961.92500000
v 1768.42550000 1178.27515000 1603.65500000
v 1740.87550000 1166.94515000 1574.80500000
v 1789.70550000 1284.54515000 1456.25500000
v 1833.45550000 1656.75515000 1253.29500000
v 1798.43550000 2720.95515000 1158.26500000
v 1877.72550000 1885.82515000 1125.10500000
v 1812.58550000 2741.87515000 1051.15500000
v 1823.13550000 2753.73515000 878.60500000
v 1795.87550000 2710.45515000 756.73500000
v 1795.97550000 2697.69515000 739.68500000
v 1797.00550000 2672.20515000 736.78500000
v 1761.33550000 1327.68515000 2983.22000000
v 1803.80550000 1476.22515000 2944.58400000
v 1776.06550000 1362.05515000 2978.71500000
v 1785.70550000 1300.62515000 2881.62000000
v 1817.29550000 1698.87515000 2850.27800000
v 1860.35550000 2406.85515000 2549.66500000
v 1808.48550000 2647.94515000 2475.32500000
v 1823.32550000 1282.91515000 2518.09500000
v 1818.19550000 2700.61515000 2424.92500000
v 1823.47550000 2715.61515000 2385.69500000
v 1853.43550000 2773.33515000 2194.50500000
v 1810.28550000 1221.09515000 1815.77500000
v 1815.67550000 2736.83515000 1573.20500000
v 1758.41550000 1207.99515000 1528.97500000
v 1838.29550000 2763.45515000 1342.17500000
v 1837.52550000 1573.12515000 1290.11500000
v 1917.36550000 1719.27515000 1186.82500000
v 1838.95550000 2767.62515000 1205.21500000
v 1875.52550000 2072.55515000 1040.18500000
v 1883.32550000 2354.79515000 873.78500000
v 1842.27550000 2765.91515000 759.93500000
v 1818.41550000 2725.88515000 719.77500000
v 1822.41550000 2601.39515000 746.35500000
v 1825.26550000 2704.80515000 695.29500000
v 1844.43550000 2648.49515000 695.20500000
v 1811.31550000 1406.76515000 2958.83200000
v 1789.83550000 1348.80515000 2957.52700000
v 1874.40550000 1788.93515000 2792.63500000
v 1881.65550000 1376.82515000 2750.01500000
v 1860.51550000 1337.66515000 2631.98500000
v 1844.69550000 2557.66515000 2500.83500000
v 1851.37550000 2631.06515000 2472.97500000
v 1820.21550000 2680.29515000 2448.28500000
v 1847.03550000 2775.48515000 1978.93500000
v 1813.17550000 1235.75515000 2129.33500000
v 1829.86550000 2757.57515000 1801.89500000
v 1849.09550000 2777.19515000 1653.15500000
v 1832.50550000 1246.76515000 1677.61500000
v 1823.04550000 1240.99515000 1582.08500000
v 1788.60550000 1218.16515000 1545.38500000
v 1883.73550000 2813.47515000 1485.07500000
v 1799.26550000 1259.01515000 1487.80500000
v 1831.05550000 1302.16515000 1440.80500000
v 1820.12550000 1329.42515000 1419.96500000
v 1899.92550000 2012.57515000 1056.14500000
v 1942.92550000 2125.34515000 977.41500000
v 1860.15550000 2217.53515000 968.66500000
v 1943.70550000 2240.42515000 911.74500000
v 1941.03550000 2415.36515000 792.12500000
v 1903.47550000 2497.02515000 754.51500000
v 1893.88550000 2553.58515000 721.08500000
v 1842.97550000 2752.32515000 696.10500000
v 1843.16550000 2732.85515000 673.79500000
v 1867.99550000 2718.62515000 628.47500000
v 1858.28550000 2690.70515000 654.38500000
v 1815.76550000 1384.96515000 2951.89100000
v 1894.53550000 1591.23515000 2875.18100000
v 1984.42550000 1849.52515000 2727.81500000
v 1855.53550000 2677.16515000 2448.22500000
v 1843.73550000 2705.31515000 2429.07500000
v 1856.27550000 2729.47515000 2406.01500000
v 1864.26550000 2750.50515000 2378.91500000
v 1862.28550000 2765.62515000 2311.10500000
v 1849.34550000 1269.70515000 1922.51500000
v 1836.40550000 1272.24515000 1503.66500000
v 1843.90550000 1298.29515000 1457.56500000
v 1856.33550000 1390.32515000 1377.69500000
v 1929.83550000 1964.50515000 1063.64500000
v 1893.70550000 2837.26515000 988.40500000
v 1905.44550000 2846.10515000 862.65500000
v 1973.64550000 2296.99515000 864.20500000
v 1921.75550000 2830.12515000 669.81500000
v 1872.11550000 2767.08515000 655.86500000
v 1879.60550000 2748.79515000 619.95500000
v 1835.19550000 1503.13515000 2924.63800000
v 1847.93550000 1460.65515000 2931.22600000
v 1852.40550000 1422.07515000 2928.82700000
v 1830.71550000 1378.71515000 2924.91700000
v 1836.13550000 1357.18515000 2867.86200000
v 1913.31550000 1395.14515000 2643.28500000
v 2003.89550000 2250.02515000 2545.25500000
v 1906.77550000 2618.29515000 2455.36500000
v 1880.85550000 2723.01515000 2415.60500000
v 1914.91550000 1369.90515000 2374.13500000
v 1893.84550000 2781.48515000 2347.94500000
v 1935.33550000 2867.61515000 1775.37500000
v 1877.05550000 1299.62515000 1756.84500000
v 1887.39550000 1313.15515000 1621.05500000
v 1887.52550000 1320.49515000 1515.55500000
v 1881.29550000 1328.66515000 1449.40500000
v 1865.26550000 1340.84515000 1419.53500000
v 1902.14550000 2840.30515000 1300.77500000
v 1891.28550000 1440.31515000 1339.59500000
v 1905.60550000 1518.98515000 1293.35500000
v 1898.84550000 2842.62515000 1147.50500000
v 1909.27550000 1607.77515000 1245.76500000
v 1965.17550000 2592.03515000 631.34500000
v 1899.17550000 2781.35515000 614.09500000
v 1941.68550000 2671.66515000 574.40500000
v 1902.63550000 2762.26515000 582.45500000
v 1913.54550000 2706.85515000 576.76500000
v 1880.45550000 1525.01515000 2899.16500000
v 1877.93550000 1421.23515000 2893.97800000
v 1896.56550000 1419.33515000 2844.73500000
v 1949.65550000 1656.72515000 2828.50500000
v 2013.47550000 2343.96515000 2506.96500000
v 1914.35550000 1385.43515000 2546.12500000
v 1900.42550000 2763.84515000 2378.87500000
v 1877.90550000 1316.99515000 2215.08500000
v 1922.25550000 2819.90515000 2304.54500000
v 1926.51550000 2839.95515000 2215.67500000
v 1926.34550000 2851.53515000 2034.68500000
v 1898.89550000 1331.59515000 2049.67500000
v 1900.48550000 1408.78515000 1358.02500000
v 1978.39550000 2934.12515000 966.38500000
v 1941.71550000 2871.35515000 769.56500000
v 2047.95550000 2621.83515000 525.48500000
v 1914.00550000 2778.24515000 571.73500000
v 1921.57550000 2741.14515000 554.14500000
v 1922.50550000 2765.46515000 551.91500000
v 1995.14550000 1996.14515000 2653.73500000
v 2010.67550000 2508.16515000 2449.07500000
v 1908.59550000 2695.32515000 2423.69500000
v 1932.10550000 2741.42515000 2392.99500000
v 1944.96550000 2816.37515000 2334.39500000
v 1976.46550000 2876.35515000 2258.29500000
v 1931.31550000 1363.70515000 1870.53500000
v 1969.32550000 2897.73515000 1921.95500000
v 1972.86550000 2918.50515000 1398.32500000
v 1910.43550000 1369.11515000 1404.60500000
v 1903.15550000 1391.41515000 1377.19500000
v 1976.79550000 1631.05515000 1206.56500000
v 1976.64550000 2930.89515000 1265.29500000
v 2034.38550000 1772.18515000 1108.97500000
v 1976.19550000 2932.43515000 1118.77500000
v 2002.40550000 1995.52515000 1013.84500000
v 2002.49550000 2944.86515000 830.71500000
v 1999.09550000 2510.64515000 669.56500000
v 1956.21550000 2832.89515000 586.93500000
v 1940.62550000 2782.23515000 538.43500000
v 1943.20550000 2760.18515000 521.84500000
v 1899.36550000 1474.14515000 2894.53000000
v 1925.50550000 1558.27515000 2875.77100000
v 1915.20550000 1455.50515000 2865.84200000
v 1953.28550000 1474.49515000 2816.09500000
v 1987.10550000 2133.03515000 2598.82500000
v 1975.47550000 2689.93515000 2399.22500000
v 1961.04550000 2792.33515000 2356.03500000
v 1962.77550000 2847.64515000 2302.73500000
v 2000.16550000 2910.83515000 2144.91500000
v 1964.35550000 1413.62515000 2171.08500000
v 2001.60550000 2920.71515000 2016.28500000
v 2046.00550000 2973.68515000 1869.99500000
v 2126.39550000 3053.81515000 1792.54500000
v 2023.02550000 2960.15515000 1591.37500000
v 1954.65550000 1391.66515000 1722.41500000
v 1934.66550000 1384.66515000 1429.99500000
v 1931.95550000 1433.98515000 1341.63500000
v 1954.53550000 1489.66515000 1300.49500000
v 1975.02550000 1576.14515000 1237.88500000
v 1976.97550000 1537.95515000 1262.95500000
v 1996.72550000 2459.88515000 714.16500000
v 1983.99550000 2821.29515000 517.61500000
v 1964.18550000 2778.23515000 504.27500000
v 1993.14550000 2753.58515000 460.03500000
v 1982.86550000 2712.66515000 498.07500000
v 1953.82550000 1539.30515000 2862.38900000
v 1948.13550000 1586.10515000 2854.55900000
v 2017.15550000 1721.26515000 2776.74500000
v 1989.22550000 1491.00515000 2734.69500000
v 1976.46550000 1462.21515000 2620.82500000
v 2030.56550000 1500.94515000 2421.09500000
v 1971.51550000 2757.95515000 2372.07500000
v 1997.73550000 2838.94515000 2322.61500000
v 1981.49550000 2850.20515000 2310.73500000
v 1989.36550000 2868.90515000 2289.55500000
v 2005.11550000 1464.91515000 2275.91500000
v 2006.20550000 1454.74515000 1986.08500000
v 2042.75550000 2963.91515000 1960.09500000
v 1965.82550000 1409.23515000 1573.42500000
v 1951.02550000 1426.24515000 1363.52500000
v 2009.77550000 1677.35515000 1169.22500000
v 2038.40550000 2320.15515000 805.22500000
v 2064.52550000 2403.16515000 713.60500000
v 2030.83550000 2962.13515000 750.71500000
v 2018.62550000 2923.01515000 652.73500000
v 2042.56550000 2896.76515000 536.62500000
v 2018.99550000 2823.20515000 455.28500000
v 1995.06550000 2790.82515000 471.08500000
v 1937.80550000 1491.38515000 2859.14200000
v 1974.39550000 1522.71515000 2835.93500000
v 2007.25550000 1521.87515000 2781.63500000
v 2009.47550000 2890.75515000 2271.91500000
v 2027.35550000 2919.07515000 2226.03500000
v 2009.50550000 1457.17515000 1835.26500000
v 2000.25550000 1456.48515000 1438.63500000
v 2031.58550000 2978.43515000 1482.32500000
v 1972.72550000 1435.54515000 1389.94500000
v 2058.91550000 3013.68515000 1426.08500000
v 1982.32550000 1480.26515000 1314.14500000
v 2043.80550000 1886.97515000 1047.06500000
v 2115.94550000 2007.03515000 949.84500000
v 2060.94550000 3020.02515000 916.01500000
v 2119.59550000 2103.66515000 895.04500000
v 2053.46550000 2225.59515000 859.51500000
v 2099.31550000 2646.45515000 439.04500000
v 2072.34550000 2711.02515000 381.66500000
v 2020.08550000 2786.35515000 422.49500000
v 2036.38550000 2769.14515000 383.87500000
v 2052.49550000 2748.08515000 369.92500000
v 1995.28550000 1599.97515000 2828.99500000
v 2022.91550000 1653.39515000 2799.75500000
v 2005.78550000 1566.59515000 2822.12500000
v 2004.15550000 1537.92515000 2806.70500000
v 2089.17550000 1784.71515000 2722.08500000
v 2081.17550000 1887.57515000 2675.26500000
v 2017.44550000 2788.60515000 2340.41500000
v 2020.22550000 2878.11515000 2288.60500000
v 2086.71550000 2995.11515000 2058.08500000
v 2037.02550000 1488.51515000 1706.33500000
v 2008.88550000 1482.50515000 1348.64500000
v 2022.52550000 1536.27515000 1263.81500000
v 2019.66550000 1567.48515000 1234.53500000
v 2030.59550000 1616.70515000 1198.29500000
v 2080.44550000 3046.61515000 1272.12500000
v 2071.49550000 3040.59515000 1066.29500000
v 2145.61550000 2351.69515000 702.73500000
v 2092.12550000 2457.76515000 642.65500000
v 2120.89550000 2551.58515000 533.45500000
v 2042.98550000 2848.15515000 444.07500000
v 2048.14550000 2814.48515000 384.71500000
v 2042.43550000 2789.56515000 377.46500000
v 2046.37550000 1559.46515000 2741.73500000
v 2087.00550000 1585.75515000 2645.96500000
v 2138.00550000 2046.38515000 2576.91500000
v 2086.18550000 1569.18515000 2525.50500000
v 2040.04550000 2858.81515000 2299.97500000
v 2040.02550000 2912.88515000 2252.30500000
v 2025.40550000 1482.88515000 2190.55500000
v 2082.32550000 1545.81515000 2212.88500000
v 2056.19550000 2943.35515000 2219.05500000
v 2079.37550000 2968.11515000 2173.27500000
v 2033.71550000 1490.33515000 2113.22500000
v 2093.02550000 3012.37515000 1952.83500000
v 2112.73550000 3033.28515000 1906.04500000
v 2049.46550000 1507.22515000 1539.13500000
v 2085.48550000 3033.63515000 1540.15500000
v 2027.88550000 1518.33515000 1295.99500000
v 2066.92550000 1558.65515000 1258.80500000
v 2131.24550000 3108.47515000 1167.76500000
v 2066.65550000 1690.84515000 1141.11500000
v 2057.71550000 3007.76515000 843.47500000
v 2095.98550000 2741.10515000 289.26500000
v 2071.52550000 2768.02515000 315.56500000
v 2062.35550000 2789.04515000 333.06500000
v 2071.23550000 1639.27515000 2776.16500000
v 2037.90550000 1582.67515000 2794.65500000
v 2032.58550000 1561.50515000 2782.01500000
v 2120.54550000 2160.81515000 2533.11500000
v 2104.27550000 2701.60515000 2334.18500000
v 2081.19550000 2829.80515000 2296.39500000
v 2081.83550000 2899.02515000 2258.81500000
v 2071.68550000 2937.09515000 2230.29500000
v 2071.21550000 2951.12515000 2211.14500000
v 2128.27550000 1590.04515000 2020.03500000
v 2085.88550000 1542.84515000 1835.17500000
v 2065.66550000 1530.91515000 1414.45500000
v 2124.87550000 3087.19515000 1423.13500000
v 2081.20550000 1559.88515000 1302.78500000
v 2078.69550000 1582.96515000 1225.38500000
v 2058.24550000 1591.29515000 1212.92500000
v 2088.17550000 1649.16515000 1162.51500000
v 2131.72550000 1756.28515000 1077.17500000
v 2143.71550000 3056.34515000 663.71500000
v 2113.32550000 2497.61515000 590.25500000
v 2165.23550000 2569.12515000 468.62500000
v 2092.43550000 2897.20515000 421.20500000
v 2109.72550000 2873.43515000 304.61500000
v 2143.82550000 2956.43515000 389.83500000
v 2089.61550000 2828.27515000 295.55500000
v 2092.34550000 2784.56515000 256.58500000
v 2092.25550000 2763.81515000 269.66500000
v 2066.76550000 1686.21515000 2769.97500000
v 2077.41550000 1727.16515000 2750.63500000
v 2066.74550000 1603.86515000 2761.39500000
v 2097.95550000 1616.29515000 2712.03500000
v 2152.56550000 1932.46515000 2627.68500000
v 2156.95550000 2298.42515000 2462.56500000
v 2116.99550000 1594.08515000 2446.77500000
v 2105.01550000 2942.16515000 2227.58500000
v 2096.25550000 2956.83515000 2209.47500000
v 2137.21550000 3020.99515000 2120.14500000
v 2126.20550000 3069.30515000 1637.08500000
v 2176.76550000 3130.32515000 1527.97500000
v 2132.60550000 1709.58515000 1108.82500000
v 2128.35550000 3106.61515000 1093.54500000
v 2154.11550000 3125.53515000 979.24500000
v 2199.83550000 2160.04515000 813.81500000
v 2175.55550000 2689.09515000 248.33500000
v 2124.95550000 2853.19515000 214.17500000
v 2111.07550000 2761.37515000 225.22500000
v 2118.25550000 2806.43515000 200.99500000
v 2123.20550000 2776.63515000 189.89500000
v 2094.30550000 1637.08515000 2751.21500000
v 2103.09550000 1634.87515000 2733.75500000
v 2190.79550000 2502.18515000 2366.47500000
v 2151.83550000 1627.00515000 2343.05500000
v 2125.32550000 2965.04515000 2206.62500000
v 2120.55550000 2977.75515000 2188.77500000
v 2134.90550000 2996.16515000 2165.08500000
v 2147.78550000 3045.79515000 2066.24500000
v 2144.12550000 1609.34515000 1654.34500000
v 2124.78550000 1590.29515000 1498.96500000
v 2110.45550000 1629.70515000 1182.20500000
v 2143.38550000 1680.42515000 1132.40500000
v 2133.84550000 1815.90515000 1042.36500000
v 2108.33550000 3054.92515000 823.13500000
v 2182.94550000 2277.25515000 738.89500000
v 2191.01550000 2418.14515000 600.79500000
v 2112.41550000 2971.71515000 533.06500000
v 2171.70550000 3036.05515000 513.08500000
v 2192.89550000 2642.58515000 324.27500000
v 2148.44550000 2926.57515000 288.68500000
v 2150.40550000 2895.39515000 200.28500000
v 2140.72550000 2734.93515000 207.50500000
v 2161.18550000 2748.14515000 149.33500000
v 2149.71550000 2866.72515000 165.62500000
v 2158.04550000 2832.21515000 144.01500000
v 2173.30550000 2771.93515000 127.73500000
v 2116.84550000 1718.05515000 2733.00500000
v 2120.52550000 1681.87515000 2735.72500000
v 2123.88550000 1661.81515000 2721.16500000
v 2119.11550000 1643.43515000 2708.93500000
v 2164.30550000 1837.15515000 2670.05500000
v 2140.79550000 1657.17515000 2675.76500000
v 2190.49550000 1677.84515000 2467.27500000
v 2212.12550000 2827.84515000 2228.88500000
v 2157.37550000 2943.44515000 2206.88500000
v 2158.05550000 2987.87515000 2179.07500000
v 2155.76550000 3064.72515000 1973.36500000
v 2200.57550000 3165.97515000 1396.28500000
v 2146.84550000 1620.53515000 1364.33500000
v 2198.23550000 3172.79515000 1267.98500000
v 2132.56550000 1611.13515000 1276.57500000
v 2116.89550000 1610.59515000 1226.84500000
v 2133.88550000 1639.32515000 1180.65500000
v 2148.73550000 1663.25515000 1154.08500000
v 2216.63550000 3196.13515000 1122.84500000
v 2188.69550000 1760.55515000 1055.41500000
v 2210.94550000 1808.14515000 1014.43500000
v 2176.38550000 1897.77515000 978.60500000
v 2202.46550000 3155.80515000 817.45500000
v 2274.50550000 2006.60515000 865.38500000
v 2243.40550000 2561.14515000 394.74500000
v 2182.47550000 2967.21515000 244.96500000
v 2173.38550000 2913.94515000 173.13500000
v 2221.10550000 2784.04515000 77.56500000
v 2154.21550000 1774.16515000 2700.06500000
v 2150.22550000 1704.61515000 2708.56500000
v 2167.10550000 3020.55515000 2144.83500000
v 2171.41550000 3042.49515000 2116.45500000
v 2187.32550000 3067.68515000 2075.01500000
v 2205.70550000 1676.02515000 2158.11500000
v 2211.28550000 1681.32515000 1814.40500000
v 2225.34550000 3160.07515000 1713.85500000
v 2190.02550000 1704.70515000 1116.47500000
v 2229.07550000 3200.73515000 924.51500000
v 2201.30550000 1981.03515000 919.53500000
v 2265.68550000 2309.81515000 645.12500000
v 2242.60550000 3149.89515000 599.39500000
v 2210.40550000 2498.19515000 502.93500000
v 2197.06550000 3028.05515000 377.82500000
v 2248.10550000 2584.27515000 350.99500000
v 2209.16550000 2699.32515000 153.30500000
v 2190.95550000 2955.87515000 184.52500000
v 2208.11550000 2958.13515000 152.91500000
v 2188.97550000 2902.15515000 143.21500000
v 2211.96550000 2731.64515000 93.39500000
v 2228.66550000 2887.38515000 104.34500000
v 2181.84550000 1760.38515000 2686.57500000
v 2177.49550000 1776.43515000 2688.38500000
v 2188.53550000 1793.32515000 2675.70500000
v 2159.19550000 1691.38515000 2688.78500000
v 2194.92550000 1698.74515000 2598.26500000
v 2197.09550000 2991.97515000 2168.85500000
v 2202.27550000 3027.66515000 2141.92500000
v 2209.10550000 3060.51515000 2106.89500000
v 2223.10550000 3084.44515000 2083.35500000
v 2240.34550000 3129.75515000 2002.41500000
v 2254.15550000 1727.92515000 1985.63500000
v 2209.62550000 3133.52515000 1802.13500000
v 2247.51550000 3162.89515000 1859.43500000
v 2231.69550000 1709.55515000 1478.64500000
v 2179.44550000 1664.21515000 1237.12500000
v 2160.71550000 1662.50515000 1175.89500000
v 2194.01550000 1736.18515000 1078.17500000
v 2260.09550000 2207.60515000 738.54500000
v 2289.77550000 3229.73515000 706.34500000
v 2261.89550000 3145.84515000 489.36500000
v 2277.19550000 2508.13515000 428.35500000
v 2215.38550000 3003.56515000 196.98500000
v 2231.18550000 3059.09515000 286.40500000
v 2256.35550000 3005.29515000 129.22500000
v 2242.30550000 2703.52515000 82.89500000
v 2293.39550000 2853.09515000 49.06500000
v 2195.71550000 1733.29515000 2663.93500000
v 2224.52550000 1829.41515000 2645.28500000
v 2182.08550000 1702.26515000 2651.44500000
v 2250.99550000 1975.34515000 2567.12500000
v 2360.02550000 2334.92515000 2352.56500000
v 2280.85550000 2629.59515000 2269.59500000
v 2245.42550000 2947.20515000 2163.60500000
v 2246.50550000 3026.05515000 2128.12500000
v 2243.00550000 3109.64515000 2053.70500000
v 2270.85550000 1747.34515000 1653.02500000
v 2309.38550000 1787.25515000 1776.41500000
v 2322.85550000 3287.61515000 1361.92500000
v 2209.60550000 1706.48515000 1147.95500000
v 2285.15550000 3263.66515000 995.31500000
v 2247.63550000 1760.87515000 1055.19500000
v 2266.35550000 3128.98515000 376.39500000
v 2257.58550000 3087.60515000 211.43500000
v 2240.07550000 3038.21515000 175.79500000
v 2273.18550000 2644.69515000 170.19500000
v 2234.95550000 3013.63515000 162.38500000
v 2332.29550000 2629.44515000 69.20500000
v 2263.12550000 2715.37515000 48.27500000
v 2288.04550000 2759.86515000 27.81500000
v 2230.35550000 1804.15515000 2645.61500000
v 2226.45550000 1771.80515000 2643.92500000
v 2232.55550000 1889.60515000 2614.29500000
v 2219.21550000 1739.39515000 2627.16500000
v 2256.48550000 2103.68515000 2504.26500000
v 2280.30550000 1783.79515000 2519.13500000
v 2259.39550000 1739.97515000 2294.49500000
v 2249.81550000 3070.54515000 2099.40500000
v 2250.17550000 3097.60515000 2073.00500000
v 2284.45550000 3154.16515000 2008.22500000
v 2274.63550000 1749.51515000 2082.45500000
v 2277.13550000 3173.86515000 1947.22500000
v 2279.70550000 3165.11515000 1978.23500000
v 2288.07550000 3233.63515000 1601.83500000
v 2312.72550000 3264.00515000 1496.26500000
v 2223.40550000 1704.95515000 1324.44500000
v 2320.99550000 3295.03515000 1251.47500000
v 2261.06550000 1746.22515000 1222.96500000
v 2326.40550000 3305.48515000 1130.27500000
v 2231.19550000 1733.90515000 1098.36500000
v 2263.69550000 1754.22515000 1106.79500000
v 2239.00550000 1785.63515000 1026.69500000
v 2278.35550000 1848.84515000 965.05500000
v 2315.05550000 3281.40515000 852.18500000
v 2363.59550000 2490.16515000 351.80500000
v 2303.33550000 3173.75515000 286.38500000
v 2261.45550000 3067.33515000 166.67500000
v 2308.71550000 2966.97515000 79.51500000
v 2320.79550000 2656.13515000 23.50500000
v 2277.39550000 1859.38515000 2599.58500000
v 2222.49550000 1753.25515000 2637.44500000
v 2238.42550000 1767.54515000 2623.44500000
v 2348.52550000 2488.58515000 2292.00500000
v 2296.80550000 3074.69515000 2080.72500000
v 2279.82550000 3128.25515000 2042.07500000
v 2352.71550000 3279.64515000 1714.33500000
v 2298.31550000 1782.90515000 1364.58500000
v 2257.44550000 1756.59515000 1076.18500000
v 2295.92550000 1811.72515000 999.83500000
v 2374.25550000 3352.43515000 943.03500000
v 2325.71550000 2046.17515000 812.00500000
v 2311.76550000 2124.89515000 765.92500000
v 2328.18550000 3246.90515000 564.13500000
v 2319.57550000 2407.26515000 496.67500000
v 2331.82550000 2568.27515000 249.40500000
v 2304.57550000 3167.99515000 203.78500000
v 2283.43550000 3120.85515000 180.59500000
v 2290.52550000 3119.64515000 159.92500000
v 2297.25550000 3099.66515000 141.00500000
v 2358.25550000 2813.28515000 -2.62500000
v 2262.96550000 1803.40515000 2606.04500000
v 2296.30550000 1925.55515000 2566.94500000
v 2245.59550000 1765.15515000 2594.20500000
v 2351.70550000 2198.99515000 2420.05500000
v 2317.58550000 1809.40515000 2396.83500000
v 2379.48550000 2733.11515000 2173.22500000
v 2305.86550000 1785.98515000 2147.67500000
v 2326.99550000 2996.49515000 2097.75500000
v 2287.55550000 3108.70515000 2060.07500000
v 2308.50550000 3193.15515000 1955.52500000
v 2308.48550000 3209.56515000 1901.97500000
v 2316.82550000 1793.48515000 1874.31500000
v 2351.30550000 3318.53515000 1321.75500000
v 2297.37550000 1791.61515000 1043.66500000
v 2373.99550000 3354.06515000 1055.29500000
v 2275.82550000 1927.37515000 914.09500000
v 2354.15550000 2172.58515000 697.24500000
v 2318.36550000 3172.38515000 166.14500000
v 2323.14550000 3151.82515000 143.98500000
v 2354.15550000 2698.70515000 -30.68500000
v 2308.15550000 1851.40515000 2570.73500000
v 2291.79550000 1822.02515000 2580.72500000
v 2279.64550000 1803.48515000 2573.37500000
v 2331.85550000 1998.98515000 2518.95500000
v 2309.94550000 1788.97515000 2044.90500000
v 2326.49550000 3113.98515000 2044.72500000
v 2319.87550000 3149.87515000 2016.70500000
v 2342.02550000 3201.53515000 1963.73500000
v 2347.22550000 3256.24515000 1834.10500000
v 2338.23550000 1821.07515000 1535.04500000
v 2361.71550000 1841.10515000 1264.14500000
v 2436.77550000 3400.96515000 1244.99500000
v 2335.01550000 1814.47515000 1115.11500000
v 2326.60550000 1821.02515000 1000.29500000
v 2409.80550000 3366.93515000 746.64500000
v 2340.22550000 3241.45515000 404.79500000
v 2341.25550000 3230.04515000 227.97500000
v 2351.25550000 3237.01515000 177.97500000
v 2375.38550000 2575.96515000 141.67500000
v 2370.68550000 3123.16515000 95.62500000
v 2391.44550000 2984.61515000 34.18500000
v 2349.48550000 2655.96515000 -19.54500000
v 2339.53550000 1919.25515000 2540.10500000
v 2308.49550000 1832.90515000 2551.15500000
v 2329.88550000 1841.40515000 2508.29500000
v 2346.57550000 1848.74515000 2461.83500000
v 2457.59550000 2595.94515000 2185.35500000
v 2365.92550000 2880.81515000 2120.17500000
v 2373.04550000 3075.88515000 2036.99500000
v 2364.53550000 3191.02515000 1976.85500000
v 2350.51550000 1830.42515000 2007.95500000
v 2355.33550000 3243.25515000 1899.02500000
v 2380.92550000 3318.99515000 1594.05500000
v 2412.92550000 3369.38515000 1362.66500000
v 2373.58550000 1857.60515000 1421.33500000
v 2430.48550000 3409.50515000 967.38500000
v 2341.21550000 1839.73515000 972.14500000
v 2348.65550000 1865.53515000 938.01500000
v 2345.11550000 1903.81515000 902.53500000
v 2348.93550000 1969.21515000 852.12500000
v 2383.52550000 2080.14515000 750.14500000
v 2407.14550000 2261.77515000 566.17500000
v 2404.85550000 3334.61515000 487.50500000
v 2371.31550000 3283.91515000 257.17500000
v 2367.59550000 3273.96515000 202.30500000
v 2356.64550000 3204.03515000 142.77500000
v 2390.26550000 2612.28515000 -37.33500000
v 2484.50550000 2529.84515000 -35.85500000
v 2437.36550000 2761.03515000 -73.41500000
v 2374.29550000 2656.13515000 -50.70500000
v 2342.23550000 1878.03515000 2530.65500000
v 2336.14550000 1856.62515000 2518.58500000
v 2404.26550000 2079.23515000 2451.72500000
v 2465.23550000 2214.85515000 2359.81500000
v 2353.79550000 1840.12515000 2242.81500000
v 2348.04550000 1830.79515000 2116.26500000
v 2386.68550000 3147.94515000 1991.27500000
v 2382.68550000 3229.22515000 1941.55500000
v 2377.52550000 3243.76515000 1920.64500000
v 2402.45550000 3297.21515000 1839.34500000
v 2402.54550000 3309.62515000 1786.17500000
v 2359.98550000 1838.46515000 1828.75500000
v 2394.89550000 1874.85515000 1729.43500000
v 2457.08550000 3392.08515000 1517.28500000
v 2434.63550000 1912.01515000 1378.23500000
v 2370.68550000 1854.74515000 987.97500000
v 2372.18550000 1866.98515000 948.17500000
v 2396.95550000 3336.42515000 623.55500000
v 2447.60550000 2154.61515000 638.29500000
v 2419.89550000 2480.54515000 288.13500000
v 2390.99550000 3312.32515000 187.28500000
v 2374.54550000 3278.23515000 178.45500000
v 2478.06550000 2489.47515000 152.97500000
v 2383.06550000 3278.62515000 159.11500000
v 2396.66550000 3252.88515000 124.04500000
v 2472.76550000 2516.25515000 72.84500000
v 2478.93550000 2951.50515000 -31.35500000
v 2425.14550000 2677.30515000 -94.64500000
v 2403.98550000 2648.10515000 -80.41500000
v 2368.80550000 1914.36515000 2515.89500000
v 2392.30550000 1996.30515000 2489.88500000
v 2374.22550000 1901.90515000 2501.59500000
v 2367.54550000 1882.48515000 2484.37500000
v 2403.00550000 1902.73515000 2373.70500000
v 2467.67550000 2953.97515000 2027.85500000
v 2407.10550000 3206.24515000 1949.22500000
v 2402.87550000 3258.40515000 1911.20500000
v 2403.65550000 3273.26515000 1885.53500000
v 2424.19550000 1903.77515000 1938.89500000
v 2446.66550000 3358.95515000 1715.56500000
v 2430.13550000 3355.80515000 1636.43500000
v 2412.22550000 1884.34515000 1181.49500000
v 2413.11550000 1887.26515000 1096.06500000
v 2390.66550000 1890.53515000 916.92500000
v 2393.26550000 1912.22515000 889.91500000
v 2400.20550000 1950.46515000 849.33500000
v 2425.63550000 3396.61515000 857.40500000
v 2418.42550000 1990.18515000 805.12500000
v 2403.63550000 2030.07515000 779.25500000
v 2426.66550000 2108.76515000 697.90500000
v 2437.41550000 2324.26515000 474.01500000
v 2415.51550000 3348.42515000 339.65500000
v 2431.95550000 3378.39515000 209.93500000
v 2502.87550000 2432.83515000 230.92500000
v 2413.29550000 3337.14515000 160.43500000
v 2406.49550000 3306.09515000 141.62500000
v 2469.61550000 3280.32515000 77.77500000
v 2396.63550000 2630.00515000 -66.28500000
v 2434.28550000 2602.69515000 -100.26500000
v 2422.39550000 2625.95515000 -95.19500000
v 2397.06550000 1951.23515000 2494.53500000
v 2391.50550000 1925.04515000 2492.73500000
v 2397.80550000 1918.27515000 2466.59500000
v 2500.85550000 2414.80515000 2246.41500000
v 2429.82550000 1915.27515000 2159.32500000
v 2419.60550000 3246.29515000 1919.36500000
v 2440.61550000 3311.96515000 1844.82500000
v 2445.57550000 1917.94515000 1283.05500000
v 2475.58550000 3445.09515000 1091.61500000
v 2527.43550000 3481.02515000 1229.48500000
v 2402.64550000 1892.16515000 930.30500000
v 2464.79550000 3417.64515000 674.13500000
v 2467.67550000 3414.30515000 568.57500000
v 2494.45550000 3457.37515000 301.24500000
v 2439.96550000 3381.82515000 152.57500000
v 2442.10550000 3341.17515000 121.54500000
v 2531.53550000 3165.87515000 5.57500000
v 2500.08550000 2859.10515000 -77.32500000
v 2446.62550000 2625.27515000 -117.48500000
v 2435.16550000 1999.62515000 2462.94500000
v 2437.38550000 2036.80515000 2451.17500000
v 2411.67550000 1944.57515000 2475.74500000
v 2454.83550000 2149.73515000 2395.68500000
v 2530.57550000 3032.36515000 1951.73500000
v 2479.88550000 3155.89515000 1929.61500000
v 2447.47550000 3228.45515000 1916.06500000
v 2456.80550000 3265.41515000 1891.84500000
v 2441.22550000 3283.96515000 1876.68500000
v 2455.58550000 3344.61515000 1787.10500000
v 2446.55550000 1923.34515000 1520.85500000
v 2522.57550000 3458.35515000 1425.86500000
v 2494.87550000 1966.49515000 1069.57500000
v 2506.36550000 3474.80515000 908.45500000
v 2455.27550000 1936.89515000 961.75500000
v 2430.66550000 1932.45515000 888.74500000
v 2428.78550000 1954.47515000 847.17500000
v 2445.60550000 1990.77515000 801.44500000
v 2436.83550000 2068.87515000 727.73500000
v 2463.24550000 2040.54515000 745.51500000
v 2496.40550000 2194.69515000 555.41500000
v 2504.72550000 2269.10515000 468.92500000
v 2472.08550000 2352.86515000 402.02500000
v 2476.62550000 3425.38515000 444.43500000
v 2496.22550000 2397.96515000 304.80500000
v 2459.28550000 3416.44515000 151.96500000
v 2462.97550000 3403.29515000 129.04500000
v 2513.26550000 3384.89515000 76.34500000
v 2475.74550000 2557.09515000 -108.99500000
v 2479.95550000 2673.35515000 -131.60500000
v 2485.40550000 2572.82515000 -143.36500000
v 2433.34550000 1972.10515000 2461.88500000
v 2429.25550000 1949.00515000 2437.29500000
v 2458.11550000 2066.66515000 2429.75500000
v 2547.78550000 2271.53515000 2290.68500000
v 2472.25550000 3326.95515000 1831.16500000
v 2466.34550000 3336.26515000 1814.71500000
v 2492.05550000 3391.65515000 1714.25500000
v 2493.28550000 1969.68515000 1680.50500000
v 2500.30550000 3410.92515000 1639.94500000
v 2509.26550000 1977.53515000 1211.55500000
v 2488.26550000 3449.43515000 762.39500000
v 2458.58550000 1978.78515000 827.31500000
v 2474.32550000 2099.43515000 677.66500000
v 2508.80550000 2147.44515000 601.37500000
v 2495.10550000 3470.75515000 185.33500000
v 2489.28550000 3452.09515000 133.43500000
v 2506.21550000 3440.62515000 101.81500000
v 2573.22550000 2931.27515000 -98.13500000
v 2513.85550000 2591.84515000 -173.11500000
v 2461.02550000 2007.42515000 2439.55500000
v 2474.55550000 2049.14515000 2423.41500000
v 2461.41550000 1990.17515000 2427.60500000
v 2477.34550000 2097.72515000 2405.82500000
v 2469.07550000 1979.18515000 2385.27500000
v 2500.00550000 1996.65515000 2291.90500000
v 2526.09550000 2010.93515000 2167.04500000
v 2517.82550000 2762.60515000 2076.75500000
v 2502.54550000 1982.86515000 2059.04500000
v 2506.52550000 3221.08515000 1880.91500000
v 2485.87550000 3294.55515000 1850.44500000
v 2498.97550000 1976.45515000 1808.83500000
v 2495.89550000 3356.82515000 1790.93500000
v 2510.77550000 3387.51515000 1742.85500000
v 2596.06550000 3543.48515000 1195.78500000
v 2571.34550000 3533.69515000 1023.18500000
v 2503.54550000 1998.91515000 902.35500000
v 2481.13550000 2018.20515000 778.59500000
v 2523.91550000 2120.56515000 632.37500000
v 2510.55550000 3467.16515000 650.63500000
v 2556.27550000 3514.85515000 563.43500000
v 2535.96550000 2178.22515000 544.77500000
v 2559.99550000 3527.52515000 421.78500000
v 2554.15550000 3551.58515000 219.27500000
v 2547.16550000 3554.99515000 154.84500000
v 2518.07550000 3503.96515000 137.20500000
v 2528.88550000 3504.41515000 109.59500000
v 2548.82550000 2490.89515000 -136.46500000
v 2538.27550000 2786.08515000 -128.89500000
v 2539.54550000 2516.81515000 -176.82500000
v 2533.90550000 2544.00515000 -186.49500000
v 2494.40550000 2034.20515000 2403.65500000
v 2491.05550000 2012.50515000 2392.14500000
v 2531.81550000 2167.99515000 2345.67500000
v 2576.26550000 2488.10515000 2171.33500000
v 2566.10550000 2041.08515000 1951.05500000
v 2502.16550000 3331.60515000 1815.49500000
v 2535.81550000 3378.98515000 1758.68500000
v 2536.96550000 3421.46515000 1686.65500000
v 2506.74550000 1975.75515000 1384.98500000
v 2580.54550000 3516.38515000 1331.29500000
v 2615.11550000 3575.72515000 873.70500000
v 2543.83550000 2021.66515000 1011.15500000
v 2499.60550000 2016.90515000 816.45500000
v 2570.25550000 3529.71515000 738.68500000
v 2511.27550000 2058.25515000 730.65500000
v 2516.18550000 2044.65515000 772.24500000
v 2512.36550000 2087.00515000 686.27500000
v 2546.61550000 2217.66515000 491.72500000
v 2547.14550000 3547.56515000 125.74500000
v 2578.75550000 2424.18515000 86.78500000
v 2565.47550000 3568.19515000 103.99500000
v 2554.73550000 3524.07515000 89.79500000
v 2593.67550000 3499.58515000 52.37500000
v 2591.07550000 3358.58515000 20.05500000
v 2581.17550000 2440.46515000 2.52500000
v 2584.65550000 2452.38515000 -89.23500000
v 2574.97550000 2666.45515000 -190.64500000
v 2524.99550000 2093.51515000 2371.70500000
v 2509.26550000 2032.83515000 2380.78500000
v 2509.11550000 2023.50515000 2358.52500000
v 2660.84550000 2379.18515000 2175.85500000
v 2594.89550000 2573.82515000 2118.11500000
v 2545.21550000 3277.93515000 1820.79500000
v 2527.25550000 3342.76515000 1789.79500000
v 2549.83550000 3404.67515000 1721.57500000
v 2581.30550000 2048.82515000 1693.65500000
v 2557.15550000 3451.29515000 1632.60500000
v 2566.05550000 2029.57515000 1531.94500000
v 2540.32550000 3449.45515000 1585.22500000
v 2559.44550000 3472.34515000 1531.96500000
v 2591.13550000 2060.02515000 1131.51500000
v 2542.65550000 2094.50515000 685.07500000
v 2544.20550000 2166.23515000 557.17500000
v 2553.48550000 2153.19515000 579.17500000
v 2613.74550000 3581.69515000 497.84500000
v 2570.71550000 2260.34515000 414.72500000
v 2537.35550000 2296.47515000 400.10500000
v 2596.49550000 3585.28515000 322.16500000
v 2585.88550000 2356.71515000 236.49500000
v 2597.40550000 3625.57515000 154.69500000
v 2585.18550000 3609.73515000 113.79500000
v 2615.76550000 2375.11515000 137.54500000
v 2627.79550000 3067.76515000 -85.43500000
v 2572.13550000 2571.40515000 -217.90500000
v 2642.24550000 2600.75515000 -245.60500000
v 2555.40550000 2519.99515000 -204.51500000
v 2560.45550000 2533.06515000 -210.48500000
v 2530.28550000 2061.26515000 2359.86500000
v 2561.23550000 2097.62515000 2338.75500000
v 2546.59550000 2055.55515000 2314.77500000
v 2580.86550000 2072.34515000 2215.33500000
v 2644.82550000 2829.60515000 1966.29500000
v 2566.10550000 3349.00515000 1764.76500000
v 2567.98550000 3387.86515000 1733.58500000
v 2585.88550000 3417.49515000 1697.73500000
v 2574.87550000 3431.10515000 1681.78500000
v 2582.23550000 3453.17515000 1645.75500000
v 2588.98550000 2075.98515000 973.80500000
v 2573.28550000 2089.24515000 815.31500000
v 2553.10550000 2092.07515000 720.53500000
v 2548.52550000 2121.85515000 638.76500000
v 2570.66550000 2193.40515000 512.98500000
v 2582.71550000 2311.23515000 325.77500000
v 2633.52550000 3653.82515000 221.97500000
v 2589.66550000 3610.03515000 92.86500000
v 2598.89550000 3595.72515000 75.59500000
v 2659.29550000 2387.32515000 -72.07500000
v 2630.85550000 2885.51515000 -149.55500000
v 2632.89550000 2420.25515000 -167.53500000
v 2583.08550000 2492.86515000 -219.87500000
v 2604.42550000 2458.69515000 -204.45500000
v 2611.58550000 2513.72515000 -243.24500000
v 2578.63550000 2142.58515000 2319.24500000
v 2573.29550000 2172.19515000 2318.19500000
v 2560.89550000 2080.02515000 2325.11500000
v 2596.89550000 2199.15515000 2292.89500000
v 2576.92550000 2084.30515000 2288.95500000
v 2637.00550000 2480.37515000 2139.04500000
v 2568.96550000 2049.72515000 2094.84500000
v 2579.27550000 3140.84515000 1865.99500000
v 2621.07550000 2088.67515000 1827.71500000
v 2661.01550000 3235.52515000 1750.01500000
v 2614.13550000 3445.53515000 1651.78500000
v 2587.62550000 3473.65515000 1595.35500000
v 2610.78550000 3520.09515000 1467.30500000
v 2621.25550000 2078.73515000 1350.42500000
v 2629.11550000 3581.77515000 1086.07500000
v 2662.27550000 3613.44515000 1008.61500000
v 2721.33550000 3666.89515000 884.41500000
v 2641.73550000 2182.37515000 694.98500000
v 2578.54550000 2135.09515000 650.19500000
v 2649.88550000 3608.97515000 650.90500000
v 2573.12550000 2151.77515000 594.38500000
v 2582.42550000 2174.48515000 552.03500000
v 2582.01550000 2230.42515000 451.39500000
v 2641.06550000 3622.80515000 422.75500000
v 2609.28550000 2260.42515000 391.42500000
v 2609.05550000 3633.44515000 84.95500000
v 2631.01550000 2390.95515000 35.39500000
v 2644.35550000 2800.88515000 -184.69500000
v 2708.42550000 2755.33515000 -232.31500000
v 2582.06550000 2106.28515000 2305.50500000
v 2604.21550000 2113.38515000 2266.83500000
v 2716.90550000 2942.03515000 1858.89500000
v 2669.31550000 2136.88515000 1952.13500000
v 2623.46550000 3373.87515000 1700.31500000
v 2619.69550000 3417.87515000 1672.89500000
v 2623.02550000 3475.35515000 1607.70500000
v 2638.18550000 3503.99515000 1569.98500000
v 2613.70550000 3501.64515000 1540.47500000
v 2657.80550000 3568.65515000 1398.03500000
v 2652.40550000 2152.22515000 920.33500000
v 2673.91550000 3643.00515000 535.30500000
v 2623.76550000 2193.72515000 588.43500000
v 2609.15550000 2204.66515000 515.76500000
v 2605.27550000 2226.77515000 458.85500000
v 2639.69550000 2286.65515000 321.50500000
v 2629.95550000 3668.53515000 91.12500000
v 2667.92550000 3717.37515000 130.57500000
v 2635.02550000 3654.05515000 64.04500000
v 2688.41550000 3631.86515000 17.22500000
v 2687.79550000 3000.37515000 -145.08500000
v 2679.54550000 2397.82515000 -246.35500000
v 2653.06550000 2442.28515000 -259.05500000
v 2688.26550000 2519.08515000 -285.45500000
v 2681.06550000 2459.69515000 -286.88500000
v 2625.68550000 2176.91515000 2276.37500000
v 2605.54550000 2140.34515000 2286.75500000
v 2648.47550000 2270.49515000 2233.51500000
v 2636.72550000 2138.64515000 2214.48500000
v 2644.08550000 2126.11515000 2099.24500000
v 2675.82550000 2655.79515000 2028.28500000
v 2697.98550000 2147.99515000 1717.41500000
v 2655.16550000 2106.61515000 1614.56500000
v 2657.07550000 3500.32515000 1571.72500000
v 2665.05550000 3535.47515000 1505.30500000
v 2665.59550000 3557.10515000 1451.25500000
v 2664.44550000 2112.72515000 1516.70500000
v 2709.82550000 2166.96515000 1228.45500000
v 2710.02550000 3641.62515000 1146.73500000
v 2693.08550000 3645.93515000 765.71500000
v 2641.14550000 2235.42515000 468.28500000
v 2635.07550000 2249.05515000 421.50500000
v 2654.88550000 3656.23515000 326.02500000
v 2650.46550000 2270.62515000 365.95500000
v 2653.10550000 2301.94515000 260.59500000
v 2640.61550000 2327.06515000 209.39500000
v 2669.50550000 3725.13515000 80.81500000
v 2663.52550000 3704.67515000 60.16500000
v 2688.96550000 3715.86515000 33.69500000
v 2726.19550000 3480.57515000 -36.01500000
v 2663.78550000 3308.87515000 -36.18500000
v 2690.94550000 3210.10515000 -80.39500000
v 2685.91550000 2380.99515000 -170.56500000
v 2651.13550000 2221.20515000 2248.32500000
v 2667.08550000 2200.89515000 2236.47500000
v 2633.50550000 2160.27515000 2254.37500000
v 2727.66550000 3077.17515000 1779.79500000
v 2663.13550000 3416.34515000 1638.31500000
v 2664.40550000 3465.33515000 1594.76500000
v 2670.53550000 3517.96515000 1540.81500000
v 2687.88550000 3579.26515000 1422.27500000
v 2672.13550000 3593.34515000 1290.78500000
v 2701.27550000 2177.97515000 1065.94500000
v 2694.70550000 2210.09515000 840.68500000
v 2661.45550000 2240.70515000 527.77500000
v 2666.37550000 2266.53515000 406.10500000
v 2674.76550000 2293.80515000 281.33500000
v 2734.22550000 3767.60515000 237.42500000
v 2678.91550000 2308.59515000 209.80500000
v 2702.47550000 3773.03515000 78.16500000
v 2698.37550000 3761.05515000 53.00500000
v 2692.89550000 3740.06515000 41.58500000
v 2791.00550000 2648.77515000 -298.37500000
v 2708.09550000 2399.14515000 -289.85500000
v 2730.28550000 2449.19515000 -316.58500000
v 2705.68550000 2427.07515000 -296.48500000
v 2656.60550000 2171.19515000 2226.36500000
v 2723.17550000 2318.99515000 2167.14500000
v 2676.42550000 2173.31515000 2173.99500000
v 2734.61550000 2506.38515000 2068.29500000
v 2732.83550000 2199.88515000 2016.77500000
v 2754.94550000 2203.88515000 1854.97500000
v 2699.31550000 3500.65515000 1539.49500000
v 2695.12550000 3532.74515000 1505.79500000
v 2696.66550000 3570.59515000 1445.99500000
v 2700.37550000 2144.68515000 1466.59500000
v 2708.75550000 3592.49515000 1405.01500000
v 2697.45550000 3595.64515000 1371.48500000
v 2737.32550000 3644.65515000 1253.58500000
v 2766.71550000 3709.46515000 832.45500000
v 2779.93550000 2311.08515000 766.01500000
v 2755.51550000 3713.27515000 650.22500000
v 2731.17550000 2289.47515000 608.58500000
v 2747.17550000 3742.06515000 397.50500000
v 2733.18550000 2314.78515000 470.78500000
v 2680.31550000 2287.01515000 337.01500000
v 2707.25550000 2308.77515000 177.00500000
v 2744.79550000 3815.11515000 104.83500000
v 2684.18550000 2327.11515000 138.05500000
v 2688.55550000 2352.04515000 28.61500000
v 2724.49550000 3799.69515000 54.41500000
v 2718.15550000 3787.99515000 39.60500000
v 2712.17550000 3768.01515000 34.34500000
v 2751.24550000 3765.49515000 2.01500000
v 2784.31550000 2952.43515000 -213.84500000
v 2682.83550000 2193.47515000 2201.50500000
v 2701.88550000 2256.04515000 2196.98500000
v 2702.57550000 2223.22515000 2190.75500000
v 2712.79550000 2215.31515000 2164.64500000
v 2716.33550000 2201.59515000 2112.70500000
v 2801.75550000 2598.79515000 1976.01500000
v 2717.03550000 3323.10515000 1647.52500000
v 2769.86550000 3214.27515000 1664.49500000
v 2733.48550000 3411.72515000 1570.34500000
v 2744.52550000 2183.67515000 1558.88500000
v 2703.80550000 3556.23515000 1468.80500000
v 2734.24550000 3613.58515000 1362.41500000
v 2719.65550000 3617.33515000 1320.86500000
v 2729.45550000 2175.69515000 1381.98500000
v 2761.99550000 3671.67515000 1195.95500000
v 2772.51550000 3703.22515000 1003.15500000
v 2727.20550000 2318.27515000 353.53500000
v 2716.71550000 2309.42515000 238.41500000
v 2721.39550000 2324.65515000 91.80500000
v 2735.84550000 3801.08515000 31.15500000
v 2710.17550000 2357.14515000 -101.79500000
v 2800.58550000 3158.86515000 -163.60500000
v 2719.09550000 2364.69515000 -199.25500000
v 2736.36550000 2377.94515000 -275.67500000
v 2791.41550000 2532.76515000 -325.48500000
v 2772.21550000 2420.75515000 2090.04500000
v 2827.65550000 2801.23515000 1848.20500000
v 2790.05550000 3113.22515000 1705.74500000
v 2789.57550000 2224.90515000 1714.57500000
v 2769.17550000 3491.06515000 1475.88500000
v 2731.35550000 3541.74515000 1465.41500000
v 2735.20550000 3581.64515000 1410.25500000
v 2759.90550000 3610.52515000 1360.84500000
v 2747.75550000 3633.51515000 1309.04500000
v 2768.25550000 3666.54515000 1232.18500000
v 2756.52550000 2246.69515000 985.72500000
v 2812.56550000 3743.72515000 883.20500000
v 2797.96550000 2302.55515000 909.83500000
v 2795.98550000 3767.51515000 533.36500000
v 2787.15550000 2356.82515000 235.34500000
v 2732.19550000 2317.08515000 148.89500000
v 2789.23550000 3843.70515000 166.20500000
v 2760.47550000 3835.34515000 39.62500000
v 2739.62550000 2338.33515000 -19.37500000
v 2762.78550000 3821.60515000 16.33500000
v 2794.07550000 3652.06515000 -46.23500000
v 2737.47550000 2349.67515000 -140.31500000
v 2802.82550000 3342.05515000 -116.10500000
v 2757.61550000 2356.03515000 -193.81500000
v 2751.37550000 2408.77515000 -311.49500000
v 2750.12550000 2262.17515000 2141.66500000
v 2796.80550000 2370.09515000 2096.30500000
v 2738.99550000 2232.55515000 2125.64500000
v 2770.65550000 2252.63515000 2080.25500000
v 2805.70550000 2703.02515000 1916.35500000
v 2787.66550000 3603.24515000 1349.24500000
v 2766.31550000 3634.35515000 1316.59500000
v 2776.45550000 3658.96515000 1257.45500000
v 2788.28550000 2234.92515000 1299.44500000
v 2830.83550000 2286.47515000 1199.55500000
v 2791.52550000 3701.27515000 1117.33500000
v 2798.32550000 2271.68515000 1085.89500000
v 2795.13550000 3739.76515000 763.58500000
v 2831.65550000 3819.36515000 433.79500000
v 2821.28550000 3834.50515000 316.01500000
v 2819.77550000 2393.02515000 344.93500000
v 2796.66550000 3831.16515000 233.09500000
v 2756.77550000 2327.73515000 163.18500000
v 2761.14550000 2332.70515000 71.47500000
v 2784.67550000 3852.89515000 111.46500000
v 2786.23550000 3854.48515000 75.66500000
v 2795.86550000 3855.80515000 31.14500000
v 2781.77550000 3841.21515000 15.85500000
v 2787.20550000 3822.84515000 -2.11500000
v 2796.58550000 3797.79515000 -19.85500000
v 2812.23550000 3740.86515000 -40.83500000
v 2759.97550000 2344.35515000 -92.81500000
v 2772.13550000 2368.84515000 -264.05500000
v 2768.47550000 2385.28515000 -298.04500000
v 2787.59550000 2461.32515000 -331.98500000
v 2801.72550000 2415.51515000 -323.16500000
v 2751.11550000 2301.55515000 2145.30500000
v 2798.13550000 2319.24515000 2102.68500000
v 2853.44550000 2528.68515000 1982.13500000
v 2834.05550000 2286.10515000 1966.77500000
v 2897.87550000 2949.50515000 1704.89500000
v 2781.79550000 3555.69515000 1399.09500000
v 2791.99550000 3630.87515000 1309.90500000
v 2795.05550000 3685.18515000 1192.35500000
v 2845.24550000 3796.04515000 639.57500000
v 2778.26550000 2358.39515000 410.21500000
v 2830.72550000 2382.22515000 129.37500000
v 2818.80550000 3866.64515000 133.58500000
v 2770.27550000 2341.32515000 -29.42500000
v 2807.46550000 3844.28515000 6.90500000
v 2781.64550000 2350.90515000 -114.60500000
v 2784.60550000 2362.39515000 -202.67500000
v 2884.60550000 2832.32515000 -292.54500000
v 2789.77550000 2387.71515000 -293.42500000
v 2850.71550000 2524.82515000 -345.24500000
v 2792.10550000 2434.01515000 -327.97500000
v 2796.14550000 2294.18515000 2094.00500000
v 2844.20550000 2880.63515000 1790.24500000
v 2811.68550000 3280.97515000 1578.82500000
v 2847.68550000 3497.29515000 1374.52500000
v 2823.54550000 2256.19515000 1455.05500000
v 2820.52550000 3630.87515000 1286.50500000
v 2796.21550000 3652.40515000 1271.63500000
v 2819.52550000 3673.29515000 1218.74500000
v 2812.21550000 3705.99515000 1144.12500000
v 2824.99550000 3721.22515000 1105.16500000
v 2831.33550000 3739.11515000 1031.39500000
v 2822.76550000 3743.87515000 958.61500000
v 2880.87550000 2392.07515000 873.49500000
v 2839.18550000 2411.72515000 426.31500000
v 2827.58550000 3859.43515000 220.29500000
v 2824.37550000 3864.05515000 74.92500000
v 2805.55550000 2360.21515000 -13.22500000
v 2829.24550000 3852.39515000 26.13500000
v 2836.99550000 3838.12515000 -3.60500000
v 2827.55550000 3814.63515000 -20.20500000
v 2843.92550000 3766.33515000 -49.64500000
v 2811.73550000 2386.44515000 -245.99500000
v 2876.88550000 2602.20515000 -341.03500000
v 2827.70550000 2467.12515000 -337.28500000
v 2841.47550000 2328.32515000 2059.52500000
v 2822.66550000 2300.74515000 2051.67500000
v 2834.88550000 2451.49515000 2034.62500000
v 2845.77550000 2272.81515000 1622.57500000
v 2830.55550000 3384.34515000 1484.17500000
v 2844.97550000 3596.52515000 1286.26500000
v 2858.89550000 2294.50515000 1349.00500000
v 2815.51550000 3649.94515000 1261.68500000
v 2835.91550000 3708.05515000 1142.36500000
v 2850.90550000 3734.71515000 1069.74500000
v 2874.32550000 2357.24515000 1023.44500000
v 2862.46550000 3767.82515000 935.06500000
v 2853.37550000 3782.76515000 790.60500000
v 2873.20550000 2419.28515000 663.78500000
v 2875.01550000 2436.50515000 523.57500000
v 2856.73550000 3825.49515000 505.30500000
v 2909.87550000 2463.01515000 266.97500000
v 2858.94550000 3879.50515000 207.13500000
v 2859.10550000 3872.20515000 148.98500000
v 2886.42550000 3685.88515000 -89.82500000
v 2811.19550000 2371.21515000 -132.44500000
v 2878.71550000 2416.81515000 -35.10500000
v 2877.08550000 3520.93515000 -119.24500000
v 2924.48550000 3389.07515000 -179.13500000
v 2882.99550000 3300.39515000 -176.40500000
v 2978.52550000 2989.48515000 -299.29500000
v 2951.11550000 2722.26515000 -342.60500000
v 2818.12550000 2408.89515000 -296.86500000
v 2847.00550000 2443.99515000 -320.25500000
v 2850.40550000 2466.93515000 -335.43500000
v 2849.44550000 2362.77515000 2054.99500000
v 2838.94550000 2316.03515000 2049.90500000
v 2854.57550000 2321.37515000 2021.43500000
v 2898.88550000 2589.69515000 1917.26500000
v 2888.44550000 2316.93515000 1803.99500000
v 2894.83550000 3114.12515000 1604.28500000
v 2883.61550000 2306.63515000 1541.79500000
v 2920.58550000 3393.05515000 1367.43500000
v 2838.31550000 3653.23515000 1233.62500000
v 2847.74550000 3684.27515000 1179.99500000
v 2875.54550000 3700.93515000 1125.59500000
v 2879.54550000 3724.74515000 1076.12500000
v 2862.95550000 3750.89515000 1014.58500000
v 2883.34550000 3764.50515000 978.80500000
v 2894.87550000 2425.74515000 757.14500000
v 2898.02550000 3823.18515000 708.91500000
v 2874.29550000 3858.78515000 404.10500000
v 2908.33550000 2472.48515000 371.62500000
v 2862.10550000 3869.96515000 291.99500000
v 2889.52550000 3883.44515000 282.46500000
v 2872.83550000 3854.58515000 89.31500000
v 2884.57550000 2422.66515000 52.98500000
v 2869.77550000 3832.09515000 12.65500000
v 2868.99550000 3806.94515000 -25.48500000
v 2866.62550000 3784.90515000 -44.54500000
v 2891.62550000 3744.17515000 -70.47500000
v 2916.11550000 3713.76515000 -91.60500000
v 2882.90550000 2430.75515000 -127.31500000
v 2920.44550000 3118.10515000 -242.88500000
v 2892.11550000 2461.25515000 -239.88500000
v 2898.30550000 2527.67515000 -346.66500000
v 2879.37550000 2407.20515000 2022.79500000
v 2893.22550000 2373.02515000 2013.39500000
v 2885.68550000 2349.89515000 2007.59500000
v 2935.66550000 3228.50515000 1480.09500000
v 2943.02550000 2364.59515000 1465.36500000
v 2879.24550000 3645.22515000 1185.75500000
v 2883.49550000 3746.08515000 1023.15500000
v 2904.92550000 3785.46515000 906.99500000
v 2888.27550000 3793.95515000 834.80500000
v 2901.10550000 3846.66515000 543.01500000
v 2893.73550000 3876.28515000 346.62500000
v 2883.97550000 3880.27515000 227.05500000
v 2962.39550000 2496.63515000 164.02500000
v 2906.19550000 3824.72515000 44.80500000
v 2917.94550000 3763.00515000 -54.23500000
v 3005.24550000 2531.84515000 -7.11500000
v 2895.86550000 2479.95515000 -307.64500000
v 2888.91550000 2490.27515000 -328.06500000
v 2909.29550000 2575.26515000 -350.54500000
v 2929.49550000 2485.64515000 1951.66500000
v 2905.88550000 2350.36515000 1962.71500000
v 2971.06550000 2680.81515000 1809.73500000
v 2900.91550000 2336.26515000 1904.73500000
v 2927.91550000 2815.77515000 1761.18500000
v 2948.94550000 2365.80515000 1626.28500000
v 2916.38550000 2355.36515000 1309.87500000
v 2930.61550000 3537.63515000 1219.74500000
v 2972.51550000 2426.28515000 1177.84500000
v 2899.95550000 3712.74515000 1077.27500000
v 2924.06550000 3724.72515000 1016.20500000
v 2907.43550000 3763.24515000 963.46500000
v 2928.20550000 3778.48515000 910.95500000
v 2996.03550000 2489.90515000 925.66500000
v 2974.31550000 2491.41515000 806.32500000
v 2919.02550000 3810.96515000 802.26500000
v 2929.99550000 3836.39515000 697.90500000
v 2918.42550000 3841.83515000 638.37500000
v 2912.18550000 3869.78515000 414.91500000
v 2928.87550000 2491.81515000 435.92500000
v 2912.78550000 3879.08515000 329.67500000
v 2905.90550000 3879.03515000 268.34500000
v 2898.35550000 3868.00515000 195.38500000
v 2944.87550000 3825.46515000 142.15500000
v 2912.72550000 3794.32515000 -10.13500000
v 2939.96550000 3720.99515000 -86.77500000
v 2981.23550000 2526.02515000 -127.58500000
v 2956.33550000 3673.32515000 -116.42500000
v 2974.38550000 3306.31515000 -229.00500000
v 2944.38550000 2523.47515000 -297.72500000
v 2969.23550000 2894.68515000 -314.54500000
v 3037.45550000 2873.90515000 -345.75500000
v 2936.05550000 2422.29515000 1967.94500000
v 2914.99550000 2372.28515000 1984.02500000
v 2951.40550000 2381.97515000 1891.86500000
v 3025.65550000 2818.35515000 1677.99500000
v 2926.97550000 3660.14515000 1094.18500000
v 2938.91550000 3755.35515000 938.89500000
v 3002.86550000 2475.19515000 1050.09500000
v 2932.37550000 3795.13515000 854.50500000
v 2936.83550000 3809.93515000 804.61500000
v 2938.83550000 3820.50515000 763.14500000
v 2954.43550000 3833.65515000 689.14500000
v 3027.86550000 2552.64515000 703.26500000
v 2935.11550000 3846.99515000 605.69500000
v 2981.64550000 2527.22515000 577.08500000
v 2934.41550000 3860.77515000 481.18500000
v 2931.86550000 3869.73515000 378.93500000
v 2941.00550000 3857.73515000 287.01500000
v 2987.93550000 2515.99515000 88.72500000
v 2945.47550000 3793.73515000 40.02500000
v 2958.38550000 3602.90515000 -143.56500000
v 2914.03550000 2506.15515000 -320.50500000
v 2930.87550000 2532.27515000 -330.89500000
v 2952.72550000 2638.69515000 -354.79500000
v 2957.60550000 2595.13515000 -352.55500000
v 2934.45550000 2394.10515000 1969.24500000
v 2937.76550000 2385.18515000 1947.76500000
v 2997.84550000 2570.70515000 1855.92500000
v 3012.78550000 2431.75515000 1794.10500000
v 3051.00550000 2962.36515000 1554.32500000
v 3049.82550000 3057.60515000 1482.58500000
v 3027.25550000 2434.50515000 1558.74500000
v 3019.13550000 3346.82515000 1276.52500000
v 3035.94550000 2467.55515000 1325.26500000
v 2953.67550000 3772.68515000 876.95500000
v 2954.36550000 3802.37515000 790.65500000
v 2957.69550000 3848.46515000 567.45500000
v 3007.54550000 2557.68515000 484.14500000
v 2997.14550000 2546.00515000 380.13500000
v 2979.27550000 3737.80515000 -33.17500000
v 2972.26550000 3716.97515000 -77.79500000
v 2988.34550000 3682.41515000 -108.36500000
v 2992.96550000 3655.02515000 -131.77500000
v 2986.02550000 3632.41515000 -143.33500000
v 3000.69550000 3482.17515000 -199.10500000
v 3024.26550000 2582.94515000 -222.60500000
v 3007.10550000 2578.27515000 -292.36500000
v 2971.75550000 2560.82515000 -326.75500000
v 2966.97550000 2573.59515000 -340.11500000
v 2980.68550000 2458.94515000 1917.60500000
v 2970.87550000 2420.92515000 1915.49500000
v 3051.18550000 2455.35515000 1656.25500000
v 3011.93550000 3252.31515000 1369.47500000
v 3077.77550000 3134.84515000 1387.92500000
v 3013.86550000 3557.59515000 1072.85500000
v 2983.60550000 3647.18515000 1016.73500000
v 3014.61550000 3677.84515000 907.62500000
v 3002.40550000 3753.22515000 795.86500000
v 2981.88550000 3829.81515000 626.73500000
v 2977.62550000 3842.37515000 532.82500000
v 2962.71550000 3848.67515000 447.59500000
v 3006.63550000 3813.91515000 369.18500000
v 2993.84550000 3807.65515000 251.46500000
v 3000.66550000 3750.44515000 48.61500000
v 3054.53550000 3202.07515000 -294.02500000
v 2995.39550000 2574.37515000 -313.34500000
v 3065.63550000 2788.24515000 -369.86500000
v 3021.19550000 2706.06515000 -364.73500000
v 3008.62550000 2651.72515000 -359.27500000
v 3019.90550000 2503.05515000 1866.87500000
v 2986.41550000 2418.58515000 1872.01500000
v 3035.10550000 2748.01515000 1716.75500000
v 3092.59550000 2502.45515000 1472.05500000
v 3048.68550000 3418.84515000 1162.11500000
v 3121.67550000 2562.46515000 1198.47500000
v 3114.09550000 2577.45515000 1046.03500000
v 2988.71550000 3800.40515000 706.11500000
v 3024.08550000 3798.42515000 496.13500000
v 3058.90550000 3728.33515000 171.29500000
v 3079.97550000 3674.57515000 42.23500000
v 3037.10550000 3637.80515000 -131.52500000
v 3020.37550000 3624.14515000 -149.97500000
v 3012.61550000 3582.78515000 -169.73500000
v 3104.33550000 3359.05515000 -287.42500000
v 3027.20550000 2602.66515000 -312.14500000
v 3022.11550000 2608.39515000 -329.19500000
v 3010.92550000 2624.28515000 -348.10500000
v 3003.69550000 2459.39515000 1889.33500000
v 3002.46550000 2441.98515000 1867.70500000
v 3068.49550000 2556.26515000 1805.50500000
v 3125.88550000 2828.61515000 1580.59500000
v 3091.92550000 3196.46515000 1315.39500000
v 3052.75550000 2510.31515000 1118.22500000
v 3082.40550000 3552.69515000 956.07500000
v 3057.41550000 3726.32515000 700.10500000
v 3100.29550000 2596.23515000 838.81500000
v 3031.60550000 3777.30515000 613.99500000
v 3083.23550000 3736.81515000 518.91500000
v 3058.75550000 2590.69515000 290.97500000
v 3071.22550000 3647.38515000 -56.50500000
v 3007.50550000 3684.49515000 -82.91500000
v 3064.67550000 3593.10515000 -169.41500000
v 3048.05550000 3581.17515000 -180.73500000
v 3075.73550000 3525.35515000 -217.84500000
v 3045.49550000 3405.00515000 -244.53500000
v 3080.38550000 2654.13515000 -300.88500000
v 3142.61550000 3120.85515000 -347.45500000
v 3126.40550000 2996.06515000 -359.92500000
v 3059.86550000 2703.04515000 -369.72500000
v 3056.23550000 2678.42515000 -362.39500000
v 3024.41550000 2469.40515000 1846.82500000
v 3048.86550000 2484.66515000 1818.91500000
v 3109.32550000 2749.87515000 1652.90500000
v 3108.22550000 2508.07515000 1582.52500000
v 3119.47550000 2975.53515000 1471.85500000
v 3135.97550000 2554.19515000 1376.73500000
v 3139.69550000 3248.46515000 1199.06500000
v 3120.61550000 2547.34515000 1313.10500000
v 3131.93550000 3392.95515000 1056.75500000
v 3132.46550000 2609.87515000 941.02500000
v 3101.17550000 3633.44515000 781.11500000
v 3134.75550000 3658.36515000 590.98500000
v 3103.25550000 2629.72515000 590.34500000
v 3067.42550000 3758.03515000 389.22500000
v 3064.08550000 3747.44515000 299.72500000
v 3031.79550000 2558.63515000 177.29500000
v 3161.83550000 3604.38515000 106.92500000
v 3106.24550000 2641.22515000 -100.68500000
v 3079.41550000 3558.66515000 -196.85500000
v 3084.86550000 3445.43515000 -251.88500000
v 3055.89550000 2660.41515000 -351.10500000
v 3150.62550000 2864.58515000 -386.39500000
v 3101.59550000 2758.48515000 -376.82500000
v 3041.85550000 2495.65515000 1837.21500000
v 3063.73550000 2513.04515000 1812.42500000
v 3060.58550000 2605.14515000 1785.32500000
v 3106.07550000 2664.93515000 1708.98500000
v 3225.95550000 2718.34515000 733.07500000
v 3093.34550000 3729.47515000 444.19500000
v 3099.40550000 2631.89515000 454.52500000
v 3121.17550000 2636.57515000 173.44500000
v 3113.76550000 2632.97515000 38.95500000
v 3112.39550000 3523.58515000 -222.15500000
v 3161.56550000 2717.87515000 -238.52500000
v 3078.28550000 2672.23515000 -341.58500000
v 3093.60550000 2724.52515000 -371.95500000
v 3091.72550000 2702.11515000 -359.16500000
v 3103.51550000 2545.00515000 1766.89500000
v 3064.33550000 2489.35515000 1790.38500000
v 3098.84550000 2589.91515000 1755.07500000
v 3089.33550000 2516.68515000 1773.77500000
v 3090.21550000 2502.74515000 1731.14500000
v 3112.84550000 2513.85515000 1658.11500000
v 3158.65550000 3523.46515000 844.21500000
v 3146.52550000 3661.35515000 356.29500000
v 3109.35550000 3690.48515000 259.92500000
v 3182.06550000 3556.44515000 7.90500000
v 3103.21550000 3579.69515000 -145.18500000
v 3110.55550000 3544.61515000 -196.87500000
v 3140.14550000 3487.98515000 -247.68500000
v 3139.21550000 3455.17515000 -267.22500000
v 3176.55550000 3265.71515000 -338.03500000
v 3196.55550000 2946.18515000 -391.62500000
v 3142.24550000 2815.64515000 -384.83500000
v 3101.63550000 2527.82515000 1754.63500000
v 3183.41550000 2901.92515000 1461.61500000
v 3213.08550000 3057.59515000 1289.26500000
v 3241.68550000 3514.02515000 625.65500000
v 3141.10550000 3617.78515000 692.81500000
v 3170.49550000 3617.94515000 241.20500000
v 3180.50550000 2687.03515000 92.50500000
v 3139.26550000 3507.13515000 -227.30500000
v 3162.79550000 2737.82515000 -322.28500000
v 3138.14550000 3410.58515000 -286.21500000
v 3180.70550000 3357.86515000 -318.09500000
v 3119.49550000 2713.57515000 -343.78500000
v 3134.09550000 2752.67515000 -367.75500000
v 3133.38550000 2591.44515000 1716.35500000
v 3117.74550000 2544.79515000 1730.89500000
v 3146.08550000 2569.49515000 1697.20500000
v 3133.77550000 2544.37515000 1686.50500000
v 3170.55550000 2724.54515000 1613.39500000
v 3149.65550000 2551.23515000 1628.25500000
v 3168.34550000 2569.53515000 1558.03500000
v 3162.59550000 2999.08515000 1403.46500000
v 3215.97550000 2633.07515000 1331.82500000
v 3176.87550000 3429.57515000 937.04500000
v 3201.59550000 2676.24515000 897.69500000
v 3207.57550000 3513.95515000 734.99500000
v 3186.76550000 2702.40515000 553.08500000
v 3157.99550000 3645.40515000 475.88500000
v 3173.11550000 2690.84515000 -2.56500000
v 3200.42550000 3498.68515000 -120.14500000
v 3156.80550000 3507.76515000 -200.93500000
v 3177.97550000 3464.72515000 -252.04500000
v 3195.08550000 3422.49515000 -288.01500000
v 3175.50550000 3405.84515000 -296.06500000
v 3245.23550000 3069.76515000 -395.52500000
v 3172.81550000 2766.07515000 -355.58500000
v 3170.97550000 2806.70515000 -384.31500000
v 3173.81550000 2655.13515000 1648.58500000
v 3169.04550000 2605.01515000 1666.06500000
v 3162.75550000 2577.68515000 1658.27500000
v 3211.79550000 2619.22515000 1472.35500000
v 3217.19550000 2657.73515000 1115.21500000
v 3258.30550000 2681.86515000 1230.87500000
v 3233.69550000 3228.17515000 1077.93500000
v 3220.91550000 2675.71515000 1010.85500000
v 3244.10550000 3537.12515000 506.28500000
v 3211.37550000 2722.40515000 399.52500000
v 3230.61550000 2756.16515000 -102.24500000
v 3211.48550000 3310.78515000 -342.98500000
v 3199.61550000 2808.89515000 -377.42500000
v 3211.31550000 2902.32515000 -399.13500000
v 3210.16550000 2867.66515000 -395.57500000
v 3187.99550000 2611.67515000 1637.86500000
v 3207.13550000 2646.13515000 1610.33500000
v 3181.86550000 2593.34515000 1615.64500000
v 3226.45550000 2759.05515000 1531.71500000
v 3259.30550000 3293.85515000 960.43500000
v 3348.25550000 3404.16515000 513.24500000
v 3246.28550000 3543.89515000 386.37500000
v 3199.03550000 3594.36515000 311.62500000
v 3265.48550000 2759.83515000 271.74500000
v 3227.72550000 2725.41515000 159.63500000
v 3270.97550000 3492.66515000 174.10500000
v 3209.32550000 3456.08515000 -219.65500000
v 3235.72550000 3403.15515000 -280.99500000
v 3219.56550000 3367.25515000 -321.18500000
v 3201.98550000 2784.78515000 -349.13500000
v 3226.21550000 3326.30515000 -341.49500000
v 3244.80550000 3281.45515000 -359.32500000
v 3269.15550000 3180.87515000 -387.53500000
v 3224.53550000 2814.26515000 -363.23500000
v 3224.41550000 2845.09515000 -387.80500000
v 3201.85550000 2621.57515000 1607.30500000
v 3205.46550000 2616.46515000 1561.87500000
v 3248.60550000 2820.43515000 1457.26500000
v 3286.08550000 3094.38515000 1146.16500000
v 3269.55550000 3352.76515000 866.90500000
v 3260.68550000 3521.28515000 286.21500000
v 3246.91550000 2750.06515000 55.21500000
v 3256.32550000 3491.74515000 77.64500000
v 3261.53550000 3419.02515000 -190.51500000
v 3227.89550000 2802.10515000 -326.85500000
v 3310.61550000 3115.62515000 -414.55500000
v 3229.88550000 2703.10515000 1559.00500000
v 3241.10550000 2674.19515000 1555.67500000
v 3222.86550000 2645.34515000 1572.03500000
v 3241.55550000 2663.72515000 1548.20500000
v 3234.88550000 2651.63515000 1534.86500000
v 3264.21550000 2901.10515000 1370.31500000
v 3287.85550000 3383.94515000 778.15500000
v 3276.89550000 2774.95515000 568.24500000
v 3331.84550000 2819.11515000 375.76500000
v 3310.52550000 3415.47515000 0.66500000
v 3333.99550000 3362.94515000 -125.25500000
v 3301.04550000 2851.17515000 -254.97500000
v 3264.07550000 3348.50515000 -325.00500000
v 3261.09550000 3311.79515000 -348.47500000
v 3259.80550000 2857.35515000 -379.25500000
v 3294.30550000 3004.19515000 -416.63500000
v 3264.28550000 2932.58515000 -405.86500000
v 3266.75550000 2893.21515000 -394.83500000
v 3261.07550000 2681.42515000 1513.94500000
v 3269.10550000 2704.19515000 1502.73500000
v 3248.44550000 2661.47515000 1497.02500000
v 3298.32550000 2714.37515000 1343.62500000
v 3331.89550000 2956.09515000 1226.63500000
v 3324.10550000 2754.74515000 1113.50500000
v 3297.62550000 2752.77515000 936.80500000
v 3358.77550000 3366.15515000 603.35500000
v 3384.83550000 2861.31515000 507.57500000
v 3328.63550000 2815.05515000 142.52500000
v 3320.58550000 2843.74515000 -136.47500000
v 3322.33550000 3353.27515000 -219.49500000
v 3278.99550000 3379.99515000 -252.72500000
v 3308.59550000 3328.25515000 -308.88500000
v 3300.27550000 3290.99515000 -358.56500000
v 3253.15550000 2838.32515000 -359.55500000
v 3306.43550000 3244.14515000 -380.75500000
v 3285.46550000 2758.43515000 1454.55500000
v 3277.12550000 2699.85515000 1486.04500000
v 3265.71550000 2683.66515000 1475.71500000
v 3267.36550000 2684.35515000 1414.94500000
v 3298.71550000 2817.96515000 1398.60500000
v 3335.70550000 2759.24515000 1270.11500000
v 3323.38550000 3379.98515000 686.62500000
v 3347.21550000 3420.94515000 338.95500000
v 3342.13550000 3417.54515000 252.50500000
v 3331.83550000 3410.44515000 96.90500000
v 3340.24550000 2848.10515000 -50.71500000
v 3298.70550000 2879.67515000 -355.83500000
v 3348.94550000 3246.86515000 -375.29500000
v 3312.29550000 2918.86515000 -394.20500000
v 3364.62550000 3170.97515000 -416.41500000
v 3360.91550000 3123.99515000 -426.45500000
v 3348.59550000 3067.22515000 -428.28500000
v 3342.67550000 3020.91515000 -427.84500000
v 3337.28550000 2988.38515000 -421.51500000
v 3309.24550000 2941.45515000 -406.65500000
v 3282.69550000 2713.08515000 1452.21500000
v 3307.42550000 2744.67515000 1413.88500000
v 3297.54550000 2723.48515000 1400.22500000
v 3338.85550000 3139.81515000 1011.80500000
v 3389.04550000 3175.00515000 881.79500000
v 3369.22550000 2826.60515000 834.80500000
v 3328.28550000 3437.89515000 433.00500000
v 3401.11550000 2870.52515000 271.71500000
v 3402.60550000 3342.01515000 185.76500000
v 3369.55550000 3278.10515000 -304.64500000
v 3362.07550000 2933.08515000 -345.71500000
v 3421.26550000 2970.89515000 -299.04500000
v 3319.58550000 3292.22515000 -345.37500000
v 3346.34550000 2964.58515000 -410.53500000
v 3326.30550000 2792.40515000 1379.58500000
v 3327.66550000 2768.92515000 1378.04500000
v 3314.85550000 2744.55515000 1380.52500000
v 3324.58550000 2752.03515000 1341.27500000
v 3338.02550000 2852.38515000 1309.96500000
v 3377.44550000 3013.22515000 1096.62500000
v 3378.13550000 2801.24515000 1177.47500000
v 3372.83550000 3252.02515000 802.67500000
v 3410.84550000 3246.15515000 721.75500000
v 3376.42550000 2843.75515000 695.64500000
v 3444.09550000 2906.63515000 404.44500000
v 3437.91550000 3276.06515000 2.47500000
v 3425.55550000 3244.61515000 -226.98500000
v 3390.89550000 2917.18515000 -185.98500000
v 3362.34550000 3257.57515000 -352.95500000
v 3364.25550000 2960.61515000 -394.77500000
v 3376.20550000 3203.13515000 -400.91500000
v 3383.34550000 3036.71515000 -432.37500000
v 3345.86550000 2795.08515000 1313.78500000
v 3332.78550000 2769.07515000 1327.61500000
v 3370.97550000 2803.82515000 1242.36500000
v 3386.05550000 2951.64515000 1153.26500000
v 3406.35550000 2842.89515000 989.54500000
v 3441.24550000 3248.71515000 622.40500000
v 3441.59550000 2916.21515000 58.64500000
v 3405.95550000 3325.81515000 95.68500000
v 3387.88550000 3215.09515000 -386.04500000
v 3414.19550000 3179.58515000 -408.58500000
v 3410.33550000 3160.90515000 -420.25500000
v 3394.73550000 3093.52515000 -438.86500000
v 3411.08550000 3074.00515000 -437.58500000
v 3385.33550000 3007.03515000 -419.93500000
v 3380.39550000 2837.64515000 1239.39500000
v 3388.28550000 2899.20515000 1190.49500000
v 3389.33550000 2826.89515000 1212.04500000
v 3393.03550000 2825.58515000 1194.63500000
v 3391.71550000 2820.17515000 1105.55500000
v 3414.92550000 3332.09515000 311.95500000
v 3416.75550000 2885.75515000 170.32500000
v 3455.91550000 2951.54515000 -81.74500000
v 3445.56550000 3245.03515000 -126.13500000
v 3411.59550000 2979.44515000 -358.14500000
v 3408.36550000 2988.13515000 -382.40500000
v 3416.08550000 3118.13515000 -429.57500000
v 3403.33550000 2869.18515000 1184.71500000
v 3409.76550000 2854.62515000 1164.50500000
v 3400.87550000 2832.62515000 1147.78500000
v 3420.30550000 2953.77515000 1088.89500000
v 3461.49550000 3151.73515000 762.94500000
v 3461.45550000 2905.04515000 846.20500000
v 3456.13550000 3261.14515000 517.83500000
v 3504.81550000 2955.85515000 496.27500000
v 3396.00550000 3351.34515000 423.98500000
v 3418.86550000 3193.44515000 -383.05500000
v 3421.08550000 3017.16515000 -407.64500000
v 3420.33550000 3046.52515000 -426.32500000
v 3424.50550000 2900.38515000 1120.10500000
v 3434.38550000 2885.38515000 1097.52500000
v 3416.51550000 2856.29515000 1092.53500000
v 3444.52550000 3025.68515000 965.95500000
v 3477.59550000 2929.74515000 651.38500000
v 3480.10550000 3257.25515000 276.81500000
v 3495.52550000 3230.77515000 154.76500000
v 3490.01550000 2945.32515000 185.47500000
v 3506.73550000 2978.54515000 -1.23500000
v 3442.22550000 3015.12515000 -368.35500000
v 3434.21550000 3149.10515000 -413.04500000
v 3449.69550000 3083.53515000 -424.98500000
v 3454.16550000 2942.09515000 1029.92500000
v 3445.43550000 2905.73515000 1064.66500000
v 3444.56550000 2890.25515000 1030.01500000
v 3461.01550000 2921.23515000 1014.31500000
v 3455.72550000 2896.95515000 953.53500000
v 3505.58550000 3191.24515000 -52.10500000
v 3525.90550000 3009.94515000 -70.62500000
v 3497.80550000 3182.00515000 -155.67500000
v 3483.67550000 3007.12515000 -207.32500000
v 3454.22550000 3186.98515000 -314.92500000
v 3495.05550000 3162.69515000 -246.78500000
v 3469.82550000 3024.19515000 -314.41500000
v 3468.82550000 3139.46515000 -374.75500000
v 3450.69550000 3052.25515000 -404.34500000
v 3449.61550000 3118.70515000 -412.24500000
v 3481.98550000 2940.53515000 956.98500000
v 3477.16550000 2969.98515000 954.95500000
v 3465.78550000 2914.81515000 976.37500000
v 3486.70550000 2990.43515000 920.86500000
v 3473.95550000 2922.00515000 925.55500000
v 3483.29550000 3075.74515000 826.24500000
v 3512.35550000 2960.51515000 761.69500000
v 3530.53550000 3153.04515000 546.73500000
v 3490.28550000 3238.70515000 367.52500000
v 3527.07550000 3180.35515000 444.46500000
v 3512.84550000 2962.43515000 342.31500000
v 3518.83550000 2976.09515000 96.15500000
v 3517.70550000 3189.93515000 43.16500000
v 3493.43550000 3141.51515000 -304.38500000
v 3479.17550000 3053.79515000 -355.03500000
v 3480.37550000 3080.38515000 -376.52500000
v 3470.62550000 3105.28515000 -385.07500000
v 3499.07550000 2971.61515000 897.29500000
v 3486.51550000 2941.04515000 895.74500000
v 3501.66550000 3010.12515000 862.25500000
v 3502.59550000 2961.28515000 841.84500000
v 3493.07550000 3157.16515000 663.70500000
v 3497.04550000 3047.13515000 -287.55500000
v 3493.53550000 3109.93515000 -335.29500000
v 3507.79550000 3079.37515000 -300.01500000
v 3513.15550000 2988.59515000 842.77500000
v 3527.24550000 3008.89515000 800.98500000
v 3523.48550000 2989.24515000 789.06500000
v 3521.94550000 3034.55515000 787.18500000
v 3521.61550000 3081.03515000 715.59500000
v 3537.17550000 2999.00515000 727.77500000
v 3534.40550000 2990.61515000 668.67500000
v 3531.54550000 2982.06515000 589.01500000
v 3556.55550000 3156.38515000 340.38500000
v 3523.05550000 3201.23515000 269.39500000
v 3558.54550000 3006.91515000 216.53500000
v 3556.94550000 3133.15515000 6.01500000
v 3538.22550000 3137.63515000 -103.09500000
v 3539.60550000 3040.95515000 -118.39500000
v 3529.95550000 3131.35515000 -179.48500000
v 3524.62550000 3063.00515000 -215.77500000
v 3514.90550000 3114.86515000 -261.27500000
v 3523.88550000 3087.94515000 -246.27500000
v 3536.29550000 3026.77515000 733.42500000
v 3552.94550000 3022.01515000 658.48500000
v 3557.91550000 3049.13515000 630.02500000
v 3554.61550000 3011.15515000 593.87500000
v 3547.68550000 3095.13515000 591.05500000
v 3557.16550000 3007.02515000 475.95500000
v 3561.09550000 3135.33515000 419.09500000
v 3556.30550000 3004.07515000 353.88500000
v 3551.64550000 3155.76515000 99.88500000
v 3544.80550000 3007.64515000 55.40500000
v 3558.72550000 3036.51515000 -12.42500000
v 3559.85550000 3113.31515000 -50.57500000
v 3563.88550000 3065.60515000 -58.08500000
v 3554.53550000 3100.60515000 -102.14500000
v 3546.18550000 3073.18515000 -138.94500000
v 3531.59550000 3095.00515000 -190.74500000
v 3566.55550000 3030.56515000 557.89500000
v 3580.03550000 3058.92515000 485.46500000
v 3570.64550000 3102.00515000 452.07500000
v 3574.39550000 3034.31515000 475.48500000
v 3576.24550000 3033.71515000 369.77500000
v 3554.20550000 3157.64515000 204.32500000
v 3579.62550000 3042.26515000 122.76500000
v 3574.82550000 3119.83515000 118.32500000
v 3570.32550000 3096.41515000 6.82500000
v 3578.20550000 3064.29515000 48.09500000
v 3593.19550000 3079.38515000 362.26500000
v 3594.40550000 3064.40515000 322.46500000
v 3577.68550000 3113.20515000 283.48500000
v 3583.96550000 3044.74515000 252.64500000
v 3594.68550000 3078.46515000 264.12500000
v 3591.68550000 3062.95515000 199.48500000
v 3583.59550000 3084.36515000 148.15500000
v 3582.59550000 3061.88515000 129.93500000
f 1 2 3
f 3 2 4
f 5 6 3
f 3 4 7
f 8 3 7
f 8 5 3
f 4 9 10
f 7 4 10
f 8 7 11
f 11 5 8
f 10 9 12
f 7 10 13
f 13 10 12
f 11 7 13
f 13 12 14
f 15 16 17
f 18 15 17
f 18 17 1
f 19 20 17
f 1 17 20
f 18 1 6
f 6 21 18
f 1 20 2
f 1 3 6
f 22 21 6
f 2 20 23
f 20 19 23
f 24 22 6
f 23 4 2
f 6 5 24
f 9 23 25
f 26 9 25
f 23 9 4
f 24 5 27
f 5 11 28
f 5 28 27
f 9 29 12
f 26 29 9
f 28 11 30
f 11 13 30
f 29 14 12
f 31 14 29
f 14 32 13
f 32 30 13
f 33 14 31
f 32 34 30
f 32 14 33
f 35 36 37
f 37 36 16
f 38 37 16
f 16 36 39
f 38 16 21
f 16 39 17
f 15 21 16
f 21 40 38
f 15 18 21
f 17 39 41
f 17 41 19
f 40 21 22
f 19 25 23
f 41 25 19
f 25 42 26
f 26 43 29
f 28 30 44
f 44 45 28
f 29 46 31
f 34 44 30
f 31 47 33
f 44 34 48
f 49 31 46
f 47 31 49
f 33 47 50
f 32 33 50
f 50 34 32
f 51 34 50
f 50 47 49
f 51 50 49
f 52 53 54
f 52 54 55
f 54 53 35
f 55 54 56
f 57 55 56
f 54 35 37
f 38 54 37
f 38 56 54
f 56 58 57
f 35 53 36
f 53 59 36
f 56 38 58
f 36 59 39
f 58 38 40
f 60 58 40
f 61 60 40
f 22 61 40
f 24 62 22
f 27 62 24
f 28 62 27
f 29 63 46
f 44 48 64
f 65 46 63
f 34 51 48
f 48 51 66
f 66 67 48
f 65 49 46
f 68 49 65
f 68 69 49
f 51 49 69
f 66 51 70
f 69 70 51
f 71 72 73
f 71 73 74
f 74 73 52
f 75 74 52
f 55 75 52
f 76 75 55
f 73 72 53
f 52 73 53
f 57 76 55
f 57 58 76
f 72 59 53
f 77 39 59
f 60 78 58
f 39 79 41
f 41 79 25
f 80 25 79
f 80 42 25
f 42 43 26
f 28 81 62
f 81 28 45
f 44 82 45
f 29 83 63
f 84 65 63
f 67 66 85
f 85 66 86
f 68 65 87
f 87 65 84
f 66 70 86
f 68 87 69
f 87 88 69
f 70 69 88
f 86 70 89
f 89 70 88
f 89 90 86
f 91 92 71
f 91 71 74
f 93 91 94
f 94 91 74
f 95 93 96
f 96 93 94
f 94 74 75
f 76 94 75
f 76 96 94
f 71 92 72
f 96 76 97
f 76 58 97
f 97 58 78
f 72 98 59
f 39 77 79
f 42 80 99
f 100 42 101
f 42 100 43
f 43 102 29
f 102 83 29
f 48 67 64
f 84 63 103
f 84 104 87
f 86 90 85
f 105 87 104
f 87 105 88
f 88 105 106
f 105 107 106
f 88 108 89
f 109 90 108
f 108 90 89
f 110 90 109
f 111 106 107
f 106 108 88
f 112 113 93
f 93 113 91
f 114 112 93
f 113 115 91
f 95 114 93
f 91 115 92
f 97 116 114
f 97 114 95
f 95 96 97
f 78 116 97
f 117 116 78
f 118 79 77
f 22 119 61
f 99 101 42
f 22 62 119
f 120 119 62
f 121 100 101
f 100 121 43
f 102 43 121
f 82 81 45
f 82 44 64
f 83 103 63
f 64 67 122
f 122 67 85
f 123 105 104
f 85 90 110
f 105 123 107
f 109 108 124
f 106 111 125
f 106 125 108
f 126 127 128
f 129 126 128
f 129 130 112
f 126 129 112
f 127 126 131
f 112 131 126
f 131 132 127
f 112 130 113
f 113 130 115
f 112 114 131
f 114 132 131
f 116 132 114
f 115 133 92
f 133 134 92
f 92 134 72
f 134 98 72
f 117 78 135
f 98 136 77
f 98 77 59
f 137 77 136
f 78 60 135
f 137 118 77
f 99 80 118
f 79 118 80
f 120 62 81
f 83 102 138
f 139 85 110
f 107 123 140
f 110 109 141
f 110 141 139
f 107 140 111
f 109 124 142
f 141 109 142
f 111 143 125
f 125 144 108
f 145 144 125
f 144 124 108
f 142 124 144
f 146 129 128
f 147 146 128
f 148 147 149
f 127 149 128
f 149 147 128
f 150 148 149
f 132 149 127
f 132 150 149
f 151 150 132
f 132 116 151
f 117 152 116
f 136 98 134
f 153 135 60
f 99 118 154
f 120 155 119
f 121 138 102
f 138 156 83
f 157 122 85
f 104 84 158
f 123 159 140
f 111 140 143
f 125 143 145
f 160 144 145
f 161 162 163
f 161 164 147
f 162 161 147
f 164 165 146
f 147 164 146
f 148 162 147
f 166 162 148
f 146 165 129
f 129 165 130
f 166 148 150
f 165 115 130
f 115 167 133
f 152 151 116
f 60 61 168
f 155 61 119
f 169 99 154
f 99 169 101
f 169 170 101
f 120 81 171
f 82 64 171
f 83 156 103
f 157 172 64
f 158 103 156
f 64 122 157
f 103 158 84
f 85 139 157
f 104 158 123
f 140 159 173
f 140 174 143
f 175 143 174
f 141 142 176
f 145 143 175
f 145 175 160
f 160 177 144
f 178 179 161
f 178 161 163
f 180 163 181
f 182 180 181
f 161 179 164
f 162 181 163
f 179 165 164
f 162 183 181
f 183 182 181
f 162 166 183
f 165 167 115
f 166 150 183
f 151 184 150
f 134 133 185
f 135 186 117
f 137 136 187
f 118 137 187
f 168 61 155
f 101 170 188
f 101 188 121
f 189 190 120
f 171 81 82
f 171 64 172
f 139 141 191
f 140 173 174
f 191 141 192
f 174 193 175
f 142 144 194
f 144 177 194
f 195 178 196
f 195 196 197
f 197 196 180
f 196 178 163
f 180 196 163
f 182 197 180
f 182 183 198
f 179 167 165
f 183 150 184
f 133 167 199
f 152 117 200
f 134 185 136
f 186 200 117
f 187 136 201
f 153 60 168
f 188 170 202
f 120 190 155
f 188 203 121
f 121 203 138
f 203 156 138
f 159 204 205
f 123 204 159
f 123 158 204
f 159 205 173
f 206 139 191
f 173 207 193
f 173 193 174
f 175 193 208
f 175 208 209
f 209 210 175
f 142 194 176
f 192 141 176
f 192 176 194
f 175 210 160
f 211 212 195
f 211 195 213
f 214 211 213
f 197 213 195
f 212 215 179
f 212 179 178
f 195 212 178
f 213 182 216
f 197 182 213
f 216 214 213
f 182 198 216
f 217 167 179
f 198 183 184
f 184 151 218
f 200 218 151
f 199 219 133
f 151 152 200
f 133 219 185
f 185 201 136
f 118 187 220
f 118 220 154
f 154 202 169
f 169 202 170
f 190 221 155
f 120 171 189
f 172 157 222
f 156 223 158
f 157 139 206
f 173 205 224
f 173 224 207
f 193 207 208
f 177 160 225
f 226 211 227
f 227 211 228
f 229 227 228
f 228 230 229
f 226 215 212
f 211 226 212
f 214 228 211
f 228 214 216
f 216 230 228
f 215 217 179
f 198 184 231
f 167 217 232
f 167 232 233
f 233 199 167
f 200 186 234
f 186 135 234
f 234 135 153
f 220 187 235
f 153 168 236
f 221 236 168
f 221 168 155
f 202 154 237
f 202 238 188
f 203 223 156
f 171 172 239
f 222 157 206
f 191 240 206
f 240 191 241
f 208 207 242
f 208 242 243
f 191 192 244
f 191 244 241
f 208 243 209
f 210 209 245
f 225 246 177
f 177 246 194
f 244 192 194
f 225 160 210
f 247 227 248
f 249 247 248
f 227 250 248
f 229 250 227
f 251 250 230
f 230 250 229
f 247 252 226
f 227 247 226
f 253 251 230
f 252 254 215
f 226 252 215
f 230 216 253
f 215 254 217
f 184 255 231
f 184 218 256
f 185 257 201
f 201 257 258
f 201 258 187
f 187 259 235
f 220 260 154
f 154 260 237
f 237 261 202
f 238 202 261
f 262 221 190
f 189 262 190
f 189 171 263
f 263 171 264
f 171 239 264
f 172 222 239
f 265 204 158
f 222 206 266
f 205 204 267
f 224 205 267
f 224 268 207
f 207 268 269
f 269 270 207
f 207 270 242
f 245 209 243
f 225 210 271
f 248 272 273
f 272 248 250
f 249 252 247
f 251 272 250
f 251 274 272
f 216 198 231
f 184 256 255
f 233 219 199
f 200 256 218
f 219 275 185
f 185 275 257
f 187 258 259
f 220 235 260
f 276 203 238
f 188 238 203
f 263 262 189
f 203 276 277
f 277 223 203
f 204 265 267
f 278 224 267
f 278 268 224
f 242 270 243
f 194 246 279
f 244 194 279
f 241 244 279
f 248 273 280
f 281 248 280
f 280 273 282
f 274 282 273
f 248 281 249
f 272 274 273
f 249 281 252
f 283 251 253
f 274 251 283
f 252 284 254
f 254 285 217
f 217 285 232
f 233 286 219
f 286 275 219
f 256 200 287
f 258 257 288
f 258 289 259
f 221 290 236
f 237 291 261
f 291 238 261
f 221 262 292
f 158 223 277
f 266 239 222
f 158 293 265
f 267 294 278
f 295 206 240
f 268 296 269
f 269 296 270
f 240 241 297
f 295 240 297
f 246 225 271
f 280 298 299
f 298 280 282
f 282 300 298
f 300 274 301
f 282 274 300
f 274 283 301
f 302 253 216
f 231 302 216
f 255 303 231
f 232 286 233
f 232 304 286
f 275 288 257
f 287 200 234
f 234 305 287
f 234 306 305
f 289 235 259
f 234 153 306
f 153 236 306
f 235 307 260
f 260 308 309
f 237 260 309
f 238 291 310
f 238 311 276
f 312 277 276
f 264 239 313
f 277 314 158
f 314 293 158
f 315 267 265
f 267 315 294
f 278 294 316
f 316 317 278
f 266 206 295
f 278 317 268
f 268 317 296
f 296 318 270
f 243 270 319
f 243 319 245
f 210 245 320
f 297 241 321
f 321 241 279
f 246 271 279
f 280 299 322
f 280 322 281
f 300 323 298
f 322 324 281
f 301 323 300
f 252 281 324
f 325 301 283
f 252 324 284
f 283 253 302
f 284 285 254
f 302 231 303
f 285 326 304
f 232 285 304
f 255 256 327
f 256 328 327
f 275 329 330
f 288 275 330
f 256 287 305
f 289 307 235
f 306 236 331
f 307 308 260
f 237 309 291
f 310 291 309
f 310 311 238
f 277 312 332
f 239 266 333
f 265 293 334
f 265 334 315
f 315 335 294
f 316 336 317
f 266 295 337
f 266 337 338
f 296 317 318
f 319 270 318
f 295 297 321
f 210 320 339
f 271 340 279
f 321 279 341
f 279 340 341
f 342 299 343
f 299 342 322
f 343 299 298
f 298 344 343
f 344 323 345
f 298 323 344
f 323 301 345
f 324 322 346
f 324 347 284
f 325 283 302
f 347 285 284
f 348 286 304
f 286 348 329
f 275 286 329
f 288 349 258
f 258 349 350
f 350 289 258
f 236 290 351
f 221 292 290
f 292 262 352
f 312 276 353
f 352 262 354
f 262 263 354
f 264 354 263
f 313 354 264
f 277 332 314
f 315 334 355
f 315 355 335
f 316 294 336
f 294 335 336
f 317 336 356
f 356 318 317
f 357 337 295
f 245 319 320
f 357 295 321
f 271 210 339
f 342 343 358
f 344 359 343
f 359 360 343
f 359 344 345
f 301 361 345
f 346 362 324
f 325 361 301
f 302 363 325
f 347 326 285
f 303 363 302
f 364 363 303
f 303 255 327
f 327 364 303
f 329 365 330
f 256 305 328
f 366 288 330
f 349 288 366
f 289 367 307
f 368 307 367
f 307 368 308
f 331 236 351
f 309 369 310
f 352 370 292
f 311 353 276
f 313 239 371
f 239 333 371
f 293 314 372
f 334 293 373
f 355 374 335
f 335 374 375
f 336 335 376
f 335 375 376
f 336 376 356
f 319 318 377
f 378 339 320
f 379 380 381
f 342 379 382
f 380 379 358
f 382 322 342
f 358 379 342
f 360 358 343
f 360 380 358
f 383 360 359
f 345 383 359
f 361 383 345
f 365 329 348
f 305 384 328
f 330 365 366
f 350 367 289
f 309 308 368
f 310 369 385
f 290 292 386
f 386 292 370
f 332 312 353
f 332 353 314
f 293 372 387
f 293 387 373
f 373 355 334
f 388 355 373
f 389 333 266
f 355 388 374
f 266 338 389
f 374 390 375
f 338 337 389
f 391 389 337
f 320 319 377
f 337 357 392
f 391 337 392
f 321 341 393
f 357 321 393
f 357 393 392
f 394 341 340
f 393 341 394
f 379 381 382
f 383 395 380
f 396 397 322
f 382 396 322
f 380 360 383
f 324 362 398
f 324 398 347
f 347 398 399
f 304 400 401
f 326 400 304
f 401 348 304
f 402 327 328
f 348 403 365
f 402 328 384
f 349 404 350
f 305 306 405
f 404 367 350
f 306 331 406
f 331 407 406
f 351 407 331
f 385 369 408
f 290 386 351
f 409 352 354
f 313 410 354
f 411 313 371
f 372 314 412
f 333 413 371
f 387 372 412
f 414 413 333
f 415 373 387
f 388 373 415
f 374 388 390
f 389 416 333
f 390 417 375
f 376 375 417
f 377 318 356
f 391 392 418
f 320 419 378
f 340 271 420
f 271 339 420
f 340 420 421
f 394 340 421
f 382 422 396
f 382 381 423
f 422 382 423
f 381 424 425
f 423 381 425
f 380 395 381
f 395 424 381
f 395 426 424
f 383 426 395
f 346 322 397
f 361 427 383
f 362 346 428
f 361 325 429
f 363 429 325
f 326 347 400
f 430 431 363
f 401 432 348
f 363 364 430
f 432 433 348
f 364 327 402
f 348 433 403
f 403 434 365
f 434 366 365
f 305 405 384
f 368 367 435
f 369 368 436
f 368 369 309
f 385 437 310
f 310 437 311
f 370 438 386
f 311 437 353
f 409 370 352
f 410 313 411
f 353 439 314
f 439 440 314
f 314 440 412
f 441 387 412
f 387 441 415
f 333 416 414
f 415 442 443
f 443 388 415
f 388 443 444
f 388 444 390
f 390 444 417
f 356 376 417
f 377 356 445
f 389 391 446
f 377 419 320
f 446 391 418
f 418 392 393
f 425 447 423
f 424 426 425
f 448 346 397
f 427 361 429
f 399 449 400
f 399 400 347
f 429 363 431
f 450 430 364
f 349 434 451
f 366 434 349
f 452 384 405
f 349 451 404
f 435 367 404
f 436 368 435
f 369 436 408
f 407 351 386
f 353 437 453
f 439 353 453
f 409 354 410
f 412 440 454
f 455 412 454
f 411 371 413
f 455 441 412
f 441 456 442
f 415 441 442
f 442 457 443
f 444 443 458
f 458 417 444
f 417 459 356
f 356 459 445
f 416 389 446
f 460 446 418
f 339 378 420
f 418 393 394
f 422 423 461
f 462 461 423
f 447 462 423
f 447 425 463
f 426 463 425
f 426 464 463
f 426 465 464
f 461 396 422
f 466 465 426
f 426 383 466
f 346 448 428
f 466 383 427
f 428 398 362
f 427 429 467
f 468 401 400
f 434 469 451
f 451 470 404
f 470 471 404
f 404 471 435
f 306 406 405
f 436 435 471
f 472 436 473
f 436 472 408
f 408 472 385
f 472 474 385
f 407 386 438
f 437 385 474
f 440 439 475
f 455 476 441
f 441 476 456
f 442 456 477
f 442 477 457
f 478 417 458
f 417 478 459
f 419 479 378
f 418 394 480
f 463 464 481
f 462 463 481
f 463 462 447
f 464 465 482
f 428 483 398
f 399 398 484
f 399 484 449
f 468 449 485
f 486 429 431
f 449 468 400
f 487 431 450
f 431 430 450
f 401 488 432
f 432 489 433
f 403 489 490
f 433 489 403
f 469 434 403
f 402 384 452
f 405 491 452
f 471 492 493
f 492 471 470
f 494 471 493
f 473 436 494
f 494 436 471
f 495 406 407
f 496 472 473
f 438 497 407
f 474 472 496
f 498 474 496
f 474 498 499
f 474 499 437
f 438 370 500
f 437 499 453
f 475 454 440
f 476 455 501
f 502 476 501
f 456 476 477
f 476 502 477
f 458 443 457
f 503 478 458
f 504 414 416
f 419 377 445
f 416 446 505
f 416 505 504
f 446 460 505
f 418 506 460
f 505 460 506
f 394 421 507
f 421 420 507
f 394 507 480
f 480 506 418
f 462 481 508
f 508 461 462
f 396 448 397
f 448 483 428
f 484 398 483
f 487 486 431
f 488 489 432
f 450 364 402
f 509 450 402
f 403 490 469
f 510 402 452
f 511 451 512
f 469 512 451
f 492 470 511
f 511 470 451
f 405 513 491
f 493 514 494
f 405 406 513
f 494 514 515
f 495 513 406
f 494 515 473
f 407 497 495
f 473 515 516
f 473 516 496
f 496 516 498
f 517 497 438
f 518 499 498
f 439 499 519
f 499 439 453
f 370 409 520
f 410 520 409
f 439 519 475
f 410 411 521
f 455 454 522
f 523 455 522
f 411 413 521
f 455 523 501
f 524 521 413
f 501 525 502
f 457 477 526
f 526 458 457
f 527 419 445
f 378 528 420
f 481 464 529
f 482 529 464
f 530 396 461
f 531 427 467
f 532 531 467
f 533 449 484
f 429 532 467
f 401 534 488
f 489 535 490
f 492 511 536
f 492 536 537
f 491 538 452
f 493 537 539
f 493 492 537
f 493 539 514
f 539 540 514
f 514 540 515
f 540 541 515
f 515 541 516
f 541 542 516
f 516 542 498
f 543 498 542
f 438 500 517
f 544 498 543
f 544 518 498
f 500 370 545
f 518 519 499
f 475 519 546
f 410 521 520
f 454 475 547
f 522 454 547
f 501 523 525
f 502 525 548
f 548 526 502
f 502 526 477
f 526 503 458
f 524 413 414
f 419 527 479
f 378 479 549
f 378 549 528
f 550 505 506
f 551 508 552
f 552 553 554
f 461 551 555
f 481 552 508
f 553 552 481
f 529 553 481
f 551 461 508
f 529 482 556
f 556 482 557
f 530 461 555
f 465 557 482
f 558 448 396
f 559 466 427
f 560 468 485
f 429 486 532
f 401 468 534
f 561 489 488
f 450 562 487
f 535 563 490
f 490 563 469
f 510 509 402
f 563 564 512
f 469 563 512
f 565 512 564
f 511 512 565
f 511 565 536
f 565 566 536
f 452 567 510
f 536 566 537
f 566 539 537
f 539 568 540
f 540 568 569
f 540 569 541
f 569 570 541
f 541 570 571
f 513 495 497
f 541 571 542
f 571 572 542
f 572 543 542
f 543 573 544
f 544 574 518
f 574 575 518
f 519 518 575
f 545 370 520
f 547 475 546
f 520 521 576
f 525 523 577
f 524 414 578
f 445 459 579
f 527 445 579
f 580 504 505
f 550 580 505
f 420 528 507
f 506 480 581
f 552 554 582
f 551 552 582
f 553 529 556
f 530 558 396
f 483 448 583
f 559 427 584
f 531 584 427
f 484 585 533
f 533 586 449
f 532 587 531
f 468 560 534
f 486 487 588
f 488 534 561
f 561 535 489
f 588 487 562
f 562 450 509
f 563 589 590
f 563 590 564
f 510 591 509
f 564 592 565
f 565 592 566
f 592 593 566
f 452 538 567
f 566 593 539
f 593 594 539
f 568 539 594
f 569 568 594
f 570 569 594
f 513 497 595
f 571 596 572
f 517 595 497
f 543 572 597
f 572 596 597
f 573 543 597
f 500 598 517
f 573 599 544
f 544 599 574
f 574 600 575
f 546 519 575
f 546 575 600
f 601 520 576
f 522 547 602
f 523 522 603
f 576 521 524
f 523 603 577
f 525 577 604
f 577 605 604
f 548 525 604
f 526 548 604
f 478 606 459
f 414 504 578
f 578 504 607
f 504 580 607
f 608 549 479
f 609 551 582
f 556 610 554
f 609 555 551
f 554 553 556
f 556 611 610
f 557 611 556
f 612 557 465
f 466 612 465
f 483 613 585
f 483 585 484
f 533 585 586
f 562 614 588
f 535 615 563
f 615 616 589
f 563 615 589
f 562 509 591
f 590 617 564
f 564 617 592
f 617 618 592
f 618 619 592
f 593 619 620
f 593 620 594
f 594 620 621
f 622 594 621
f 623 491 513
f 570 624 571
f 624 570 625
f 571 624 596
f 626 597 596
f 626 627 597
f 628 573 597
f 599 573 628
f 500 545 598
f 629 599 628
f 599 629 574
f 574 629 600
f 545 520 601
f 546 600 630
f 630 600 631
f 630 547 546
f 602 547 630
f 632 522 602
f 522 632 603
f 577 603 633
f 577 633 605
f 634 576 524
f 526 635 503
f 636 527 579
f 528 549 637
f 638 607 580
f 550 638 580
f 581 550 506
f 638 550 581
f 507 639 480
f 581 480 639
f 582 554 640
f 640 554 641
f 610 641 554
f 611 642 610
f 609 643 555
f 530 555 643
f 611 557 644
f 643 558 530
f 612 466 559
f 483 583 613
f 449 645 485
f 586 645 449
f 485 646 560
f 486 587 532
f 646 647 560
f 647 534 560
f 534 647 561
f 486 588 648
f 561 647 649
f 561 649 650
f 561 650 535
f 650 615 535
f 615 650 651
f 615 651 616
f 589 616 652
f 590 589 652
f 590 652 617
f 617 653 618
f 592 619 593
f 567 654 510
f 655 621 620
f 538 491 656
f 623 656 491
f 622 625 570
f 594 622 570
f 624 626 596
f 517 598 657
f 658 597 627
f 597 658 628
f 628 659 629
f 629 659 600
f 659 660 600
f 600 660 631
f 661 545 601
f 662 630 631
f 630 662 632
f 632 602 630
f 603 632 663
f 603 663 633
f 605 633 664
f 604 605 664
f 604 635 526
f 503 606 478
f 634 524 578
f 665 634 578
f 607 665 578
f 479 527 608
f 507 528 637
f 507 637 639
f 609 582 666
f 666 582 640
f 610 642 641
f 642 667 641
f 557 612 644
f 583 558 668
f 558 583 448
f 584 612 559
f 669 531 587
f 584 531 669
f 587 486 670
f 648 588 614
f 650 671 651
f 616 651 672
f 616 672 652
f 652 672 673
f 652 673 617
f 673 653 617
f 653 619 618
f 619 653 674
f 655 619 674
f 619 655 620
f 656 654 567
f 567 538 656
f 621 675 622
f 623 513 676
f 513 595 676
f 677 624 625
f 626 678 627
f 658 679 628
f 598 545 661
f 679 659 628
f 660 662 631
f 661 601 680
f 681 632 662
f 632 681 663
f 601 576 680
f 633 663 664
f 576 634 680
f 680 634 682
f 503 635 683
f 503 683 606
f 459 606 579
f 665 682 634
f 636 684 608
f 636 608 527
f 665 607 685
f 607 638 686
f 607 686 685
f 639 687 581
f 638 581 686
f 581 687 686
f 640 688 689
f 689 666 640
f 688 640 641
f 667 688 641
f 643 609 690
f 666 690 609
f 611 644 642
f 644 691 642
f 668 558 692
f 643 692 558
f 693 613 583
f 670 669 587
f 647 646 649
f 486 648 670
f 649 694 650
f 614 695 648
f 671 696 651
f 651 696 697
f 651 697 672
f 697 698 672
f 698 699 672
f 672 699 673
f 653 673 674
f 562 591 700
f 654 591 510
f 656 623 701
f 702 624 677
f 702 626 624
f 676 595 703
f 595 517 657
f 658 627 704
f 661 705 598
f 706 705 661
f 658 707 679
f 679 708 659
f 659 708 660
f 708 709 660
f 661 680 710
f 660 709 662
f 710 680 711
f 709 681 662
f 663 681 712
f 713 664 663
f 635 604 664
f 682 711 680
f 711 682 714
f 606 715 579
f 636 579 715
f 682 665 716
f 685 716 665
f 637 717 639
f 687 639 718
f 686 687 719
f 685 686 719
f 688 667 720
f 689 688 720
f 666 689 721
f 642 691 667
f 612 722 644
f 722 612 723
f 583 668 693
f 585 613 724
f 585 724 586
f 584 669 612
f 645 725 485
f 485 725 646
f 646 726 649
f 726 694 649
f 650 727 728
f 694 727 650
f 695 729 648
f 671 650 728
f 671 728 696
f 614 562 700
f 699 674 673
f 700 591 654
f 730 655 674
f 655 675 621
f 731 622 675
f 731 625 622
f 676 732 623
f 678 626 702
f 595 657 703
f 678 704 627
f 705 657 598
f 704 733 658
f 707 734 708
f 679 707 708
f 710 735 706
f 661 710 706
f 709 708 736
f 710 711 737
f 681 709 712
f 663 712 713
f 713 738 664
f 738 739 664
f 739 635 664
f 737 711 740
f 711 714 740
f 682 716 714
f 684 741 608
f 608 742 549
f 685 743 744
f 744 716 685
f 639 717 718
f 687 718 745
f 687 745 719
f 743 685 719
f 689 720 746
f 746 721 689
f 667 691 720
f 691 747 720
f 748 747 691
f 749 748 691
f 691 644 749
f 722 750 644
f 724 645 586
f 725 726 646
f 648 751 670
f 726 752 694
f 729 751 648
f 752 727 694
f 728 727 753
f 753 754 728
f 755 728 754
f 728 755 696
f 696 756 697
f 696 755 756
f 697 757 698
f 697 756 757
f 698 758 699
f 699 758 674
f 614 700 759
f 730 760 655
f 655 760 675
f 731 675 761
f 731 677 625
f 677 762 702
f 732 676 703
f 703 763 732
f 657 764 703
f 765 764 657
f 705 765 657
f 705 706 735
f 735 710 766
f 734 736 708
f 767 736 734
f 710 768 766
f 769 709 736
f 769 712 709
f 710 737 768
f 768 737 740
f 739 683 635
f 770 740 714
f 606 771 715
f 770 714 772
f 684 636 715
f 714 716 772
f 608 741 742
f 772 716 744
f 637 773 717
f 743 774 744
f 774 743 719
f 774 719 745
f 746 720 775
f 720 776 777
f 775 720 777
f 721 746 778
f 747 748 720
f 748 776 720
f 666 721 778
f 748 779 776
f 749 779 748
f 644 750 749
f 613 780 724
f 669 723 612
f 726 725 781
f 669 670 751
f 781 752 726
f 782 727 752
f 783 727 782
f 783 753 727
f 754 756 755
f 698 757 758
f 759 695 614
f 654 784 700
f 730 674 758
f 760 761 675
f 677 731 762
f 732 701 623
f 702 785 678
f 764 786 703
f 786 764 765
f 765 705 787
f 733 707 658
f 707 733 788
f 705 735 787
f 735 766 787
f 787 766 789
f 707 790 734
f 790 791 734
f 767 734 791
f 766 768 789
f 736 767 769
f 769 792 712
f 792 713 712
f 768 740 793
f 770 793 740
f 684 715 794
f 795 796 772
f 744 795 772
f 637 549 742
f 742 773 637
f 744 774 795
f 718 717 797
f 797 745 718
f 774 745 798
f 746 775 778
f 776 779 777
f 779 799 777
f 779 800 799
f 779 749 800
f 801 643 690
f 692 802 668
f 723 669 803
f 725 724 804
f 751 803 669
f 645 724 725
f 725 805 781
f 806 807 752
f 806 752 781
f 752 807 782
f 783 808 753
f 808 809 753
f 753 809 754
f 756 754 810
f 754 809 810
f 810 757 756
f 759 700 784
f 811 656 701
f 654 656 811
f 786 812 703
f 786 765 813
f 813 787 814
f 813 765 787
f 790 707 788
f 793 815 768
f 816 767 791
f 767 816 769
f 792 769 816
f 738 713 792
f 793 770 817
f 818 794 715
f 770 772 817
f 796 817 772
f 741 684 819
f 773 797 717
f 795 774 820
f 798 745 821
f 745 797 821
f 820 798 821
f 774 798 820
f 777 822 823
f 778 775 824
f 823 824 777
f 824 775 777
f 799 822 777
f 799 800 822
f 800 825 822
f 800 826 825
f 690 666 778
f 749 827 800
f 801 692 643
f 722 723 750
f 802 693 668
f 693 828 780
f 693 780 613
f 829 723 803
f 805 806 781
f 807 830 782
f 830 831 782
f 782 831 783
f 831 808 783
f 808 832 809
f 810 809 832
f 833 810 832
f 729 695 834
f 810 833 757
f 757 833 758
f 695 759 834
f 835 730 758
f 732 836 701
f 763 837 732
f 763 703 812
f 812 786 838
f 812 838 839
f 678 785 704
f 704 785 840
f 786 813 838
f 841 704 840
f 838 813 814
f 704 841 733
f 841 788 733
f 814 787 842
f 789 842 787
f 843 842 789
f 768 843 789
f 843 768 815
f 816 791 790
f 816 844 792
f 792 844 738
f 738 845 739
f 739 846 683
f 793 817 815
f 683 847 606
f 771 818 715
f 796 848 817
f 684 794 819
f 796 795 849
f 849 820 850
f 849 795 820
f 820 821 850
f 851 824 823
f 822 851 823
f 852 851 822
f 825 852 822
f 853 778 824
f 826 854 825
f 778 855 690
f 750 827 749
f 690 856 801
f 750 723 829
f 804 724 780
f 725 804 857
f 751 858 803
f 725 857 805
f 859 860 806
f 805 859 806
f 860 807 806
f 830 807 860
f 831 861 808
f 751 729 862
f 832 808 863
f 864 862 729
f 833 832 863
f 758 833 865
f 759 866 834
f 835 760 730
f 784 654 811
f 761 760 867
f 811 701 836
f 731 868 762
f 732 837 869
f 762 868 702
f 785 702 868
f 837 763 870
f 763 871 870
f 763 812 871
f 871 812 839
f 814 872 838
f 814 842 872
f 873 843 815
f 790 874 816
f 875 816 874
f 844 816 875
f 845 738 844
f 815 817 876
f 817 848 876
f 771 606 847
f 796 849 877
f 877 849 878
f 773 742 879
f 880 878 821
f 849 850 878
f 797 773 880
f 821 797 880
f 850 821 878
f 852 854 881
f 851 852 881
f 824 851 853
f 825 854 852
f 826 800 827
f 856 690 855
f 827 750 882
f 801 883 692
f 829 882 750
f 780 884 804
f 857 859 805
f 885 860 859
f 886 860 885
f 886 887 860
f 887 830 860
f 830 861 831
f 888 861 830
f 861 863 808
f 863 861 889
f 729 834 890
f 865 835 758
f 891 866 759
f 891 759 784
f 811 836 892
f 761 893 731
f 731 893 868
f 836 732 894
f 894 895 836
f 894 732 869
f 869 837 896
f 837 870 896
f 785 868 840
f 896 870 897
f 871 898 897
f 871 839 898
f 870 871 897
f 839 899 898
f 839 838 899
f 838 872 899
f 842 900 872
f 842 843 900
f 901 788 841
f 901 790 788
f 874 790 901
f 815 902 873
f 875 874 903
f 904 875 903
f 875 904 844
f 739 905 846
f 739 845 905
f 796 906 848
f 877 906 796
f 742 907 879
f 878 880 908
f 878 908 877
f 773 879 880
f 851 881 909
f 910 851 909
f 851 910 853
f 854 826 911
f 826 912 911
f 826 827 912
f 913 885 859
f 914 913 859
f 857 914 859
f 915 888 887
f 887 888 830
f 858 751 862
f 888 889 861
f 863 916 833
f 864 729 890
f 890 834 866
f 865 833 916
f 784 811 891
f 867 760 835
f 917 893 761
f 918 836 895
f 894 919 895
f 894 869 919
f 869 896 919
f 897 899 920
f 897 898 899
f 872 900 921
f 840 922 841
f 900 843 923
f 873 924 843
f 841 925 901
f 901 926 874
f 926 903 874
f 903 927 904
f 902 815 876
f 845 844 904
f 927 845 904
f 845 927 928
f 928 905 845
f 683 846 847
f 876 848 929
f 819 907 741
f 906 877 930
f 742 741 907
f 930 877 908
f 879 931 880
f 880 932 908
f 931 932 880
f 909 881 933
f 881 934 933
f 910 935 853
f 881 854 934
f 911 934 854
f 911 936 934
f 855 853 937
f 778 853 855
f 912 827 938
f 938 827 882
f 802 828 693
f 828 884 780
f 804 939 857
f 939 914 857
f 829 803 940
f 941 885 913
f 803 858 940
f 885 941 942
f 885 942 886
f 886 915 887
f 886 942 915
f 943 915 942
f 943 944 915
f 888 915 944
f 858 862 945
f 889 888 944
f 890 866 946
f 811 892 947
f 948 761 867
f 761 948 917
f 892 836 949
f 836 918 950
f 836 950 949
f 895 919 918
f 893 951 868
f 840 868 951
f 919 896 952
f 896 897 952
f 899 921 953
f 899 872 921
f 921 900 923
f 922 954 841
f 924 923 843
f 902 955 873
f 903 926 956
f 956 927 903
f 956 957 927
f 958 927 957
f 958 928 927
f 928 958 905
f 876 929 959
f 929 848 906
f 960 906 930
f 908 932 930
f 931 879 907
f 933 936 961
f 933 962 909
f 934 936 933
f 936 911 912
f 912 963 936
f 938 964 912
f 692 883 802
f 965 884 828
f 939 804 884
f 914 966 941
f 939 966 914
f 914 941 913
f 940 858 945
f 889 967 863
f 864 945 862
f 916 863 967
f 968 945 864
f 969 866 891
f 867 835 970
f 891 811 947
f 949 971 892
f 950 972 973
f 918 972 950
f 918 919 972
f 972 919 952
f 972 952 974
f 897 920 974
f 974 952 897
f 920 899 953
f 975 922 840
f 921 923 976
f 841 954 925
f 873 955 924
f 925 926 901
f 958 977 905
f 902 876 959
f 771 847 978
f 960 979 906
f 980 981 907
f 932 981 982
f 932 982 960
f 981 931 907
f 981 932 931
f 930 932 960
f 961 983 984
f 962 933 961
f 936 963 961
f 963 983 961
f 909 985 935
f 985 909 962
f 935 910 909
f 964 983 963
f 963 912 964
f 935 937 853
f 938 986 964
f 987 856 855
f 801 856 988
f 802 883 989
f 990 828 802
f 941 966 991
f 941 991 992
f 940 882 829
f 941 943 942
f 941 992 943
f 993 943 992
f 944 943 994
f 940 945 995
f 889 944 967
f 835 865 996
f 969 946 866
f 997 998 947
f 947 892 997
f 892 971 997
f 999 971 949
f 949 950 999
f 950 973 999
f 1000 893 917
f 951 893 1000
f 973 974 1001
f 973 972 974
f 951 1002 840
f 974 920 953
f 840 1002 975
f 921 976 953
f 923 1003 976
f 1003 923 924
f 925 1004 926
f 926 1004 956
f 902 1005 955
f 1004 957 956
f 957 1006 958
f 902 959 1005
f 846 905 1007
f 1007 847 846
f 794 818 1008
f 929 906 979
f 980 907 819
f 1009 979 982
f 982 981 1009
f 960 982 979
f 1010 984 1011
f 962 961 1010
f 985 962 1010
f 1010 961 984
f 983 1011 984
f 1012 1011 983
f 964 1012 983
f 986 1013 964
f 988 856 987
f 883 801 988
f 986 938 882
f 990 802 989
f 939 884 1014
f 1014 884 965
f 939 1014 966
f 966 1015 991
f 991 1016 992
f 995 945 968
f 1017 968 864
f 890 1017 864
f 865 916 1018
f 996 865 1018
f 891 947 1019
f 969 891 1019
f 998 1020 947
f 1021 948 867
f 997 971 998
f 998 971 1022
f 917 948 1021
f 971 1023 1022
f 999 1023 971
f 1023 999 973
f 1002 951 1000
f 974 953 1024
f 922 975 1025
f 924 1026 1003
f 1027 954 922
f 1027 925 954
f 955 1026 924
f 1004 925 1028
f 1006 957 1004
f 977 958 1006
f 905 977 1007
f 1029 959 929
f 794 1008 819
f 1030 1029 929
f 929 979 1030
f 1030 1009 1031
f 1030 979 1009
f 1031 1009 1032
f 981 980 1032
f 1009 981 1032
f 1012 964 1033
f 1013 1033 964
f 987 855 937
f 989 883 1034
f 828 1035 965
f 965 1036 1037
f 1035 1036 965
f 1014 1038 1039
f 1037 1014 965
f 1038 1014 1037
f 1014 1039 966
f 1039 1015 966
f 992 1016 993
f 993 994 943
f 967 944 1040
f 1041 995 968
f 890 946 1042
f 969 1042 946
f 835 996 1043
f 970 835 1043
f 1019 947 1020
f 1020 1044 1019
f 1020 998 1045
f 1045 998 1022
f 1023 973 1046
f 1001 1024 1047
f 1024 1001 974
f 953 976 1024
f 1002 1025 975
f 1003 1048 1049
f 976 1003 1049
f 925 1027 1028
f 1050 1004 1028
f 1050 1028 1051
f 1050 1006 1004
f 847 1007 1052
f 847 1052 978
f 978 1053 771
f 959 1029 1005
f 1054 1029 1030
f 819 1055 980
f 1031 1054 1030
f 1056 1054 1031
f 1032 1056 1031
f 1057 1056 1032
f 1032 980 1057
f 1010 1011 1058
f 1059 1010 1058
f 1011 1060 1058
f 1061 1010 1059
f 1060 1011 1012
f 1010 1061 985
f 1060 1012 1033
f 1062 1013 986
f 1063 883 988
f 1035 828 990
f 1039 1038 1064
f 1064 1065 1039
f 1039 1065 1015
f 1015 1065 1066
f 1066 1016 1015
f 1015 1016 991
f 882 940 1067
f 1040 944 994
f 1068 967 1040
f 1042 1017 890
f 1043 996 1018
f 1069 1042 969
f 969 1019 1069
f 1070 1069 1019
f 1019 1044 1071
f 970 1072 867
f 1045 1044 1020
f 1045 1022 1073
f 1044 1045 1073
f 1022 1023 1046
f 1021 1074 917
f 973 1001 1046
f 1000 917 1074
f 1025 1075 922
f 1048 1003 1026
f 1027 922 1075
f 1051 1028 1027
f 1076 1050 1051
f 1077 955 1005
f 977 1006 1050
f 1050 1076 977
f 771 1053 818
f 818 1053 1008
f 1005 1029 1078
f 1008 1055 819
f 1079 1056 1057
f 1059 1058 1080
f 1058 1081 1082
f 1081 1058 1060
f 1081 1060 1033
f 1033 1083 1081
f 1084 987 937
f 1062 986 882
f 1085 990 1086
f 1085 1035 990
f 1087 1036 1035
f 1037 1088 1038
f 1088 1037 1036
f 1038 1089 1064
f 1038 1090 1089
f 1089 1091 1064
f 1064 1091 1065
f 1066 994 993
f 1016 1066 993
f 994 1066 1092
f 1041 968 1017
f 967 1068 916
f 1018 916 1068
f 1042 1093 1017
f 1043 1018 1094
f 1019 1071 1070
f 1072 970 1095
f 1044 1073 1071
f 1021 867 1072
f 1022 1096 1073
f 1022 1046 1096
f 1001 1097 1046
f 1001 1047 1097
f 1047 1024 1098
f 1024 976 1099
f 1100 1002 1000
f 1100 1025 1002
f 1101 1048 1026
f 1026 1102 1101
f 1027 1103 1051
f 1051 1103 1104
f 1105 1051 1104
f 1105 1076 1051
f 1106 1076 1105
f 1106 977 1076
f 977 1106 1007
f 978 1052 1053
f 1029 1107 1078
f 1107 1029 1054
f 1055 1079 980
f 1079 1108 1056
f 1054 1056 1108
f 1057 980 1079
f 1058 1082 1109
f 1080 1058 1109
f 1061 1059 1110
f 1110 1059 1080
f 1111 985 1061
f 1112 1083 1033
f 1111 935 985
f 1033 1113 1112
f 1113 1033 1013
f 1062 882 1114
f 1086 990 989
f 1085 1115 1035
f 1115 1087 1035
f 1088 1036 1087
f 1038 1088 1116
f 1038 1116 1090
f 1089 1090 1091
f 1092 1066 1065
f 1092 1117 994
f 1118 940 995
f 1041 1118 995
f 1041 1017 1119
f 1018 1068 1094
f 1120 1121 1042
f 1042 1069 1120
f 1070 1120 1069
f 1070 1071 1122
f 1071 1073 1122
f 1122 1073 1123
f 1046 1124 1096
f 1046 1097 1125
f 1074 1021 1126
f 1000 1074 1100
f 1099 976 1049
f 1100 1127 1025
f 1048 1128 1049
f 1025 1127 1075
f 1075 1103 1027
f 955 1102 1026
f 1129 1105 1104
f 1129 1106 1105
f 1106 1129 1130
f 1130 1007 1106
f 1007 1130 1052
f 1079 1131 1108
f 1107 1054 1108
f 1109 1082 1132
f 1082 1133 1134
f 1132 1082 1134
f 1135 1080 1109
f 1135 1110 1080
f 1082 1081 1133
f 1083 1133 1081
f 1136 1111 1061
f 937 935 1137
f 1137 935 1111
f 1013 1062 1113
f 1034 883 1063
f 1114 1138 1062
f 1087 1139 1088
f 1139 1087 1115
f 1088 1140 1116
f 1090 1116 1141
f 1067 1114 882
f 1090 1141 1091
f 1091 1092 1065
f 1067 940 1118
f 994 1117 1040
f 1142 1040 1117
f 1040 1143 1068
f 1094 1068 1143
f 1119 1017 1093
f 1121 1093 1042
f 1120 1070 1144
f 1095 970 1043
f 1070 1145 1144
f 1070 1122 1145
f 1145 1122 1146
f 1073 1096 1123
f 1124 1046 1125
f 1021 1072 1126
f 1097 1047 1147
f 1147 1047 1098
f 1148 1127 1100
f 1128 1048 1101
f 1127 1103 1075
f 1104 1103 1127
f 955 1077 1102
f 1104 1149 1129
f 1149 1130 1129
f 1130 1150 1052
f 1052 1151 1053
f 1078 1152 1005
f 1153 1152 1078
f 1078 1107 1153
f 1154 1055 1008
f 1153 1107 1155
f 1055 1156 1079
f 1156 1131 1079
f 1131 1157 1108
f 1158 1157 1131
f 1155 1108 1157
f 1155 1107 1108
f 1132 1135 1109
f 1133 1159 1134
f 1083 1159 1133
f 1083 1160 1159
f 1136 1061 1110
f 1112 1160 1083
f 1161 1086 989
f 1138 1114 1162
f 1163 1085 1086
f 1164 1085 1163
f 1164 1115 1085
f 1139 1115 1164
f 1088 1139 1165
f 1088 1165 1140
f 1140 1166 1116
f 1116 1167 1141
f 1116 1166 1167
f 1141 1092 1091
f 1117 1092 1168
f 1119 1118 1041
f 1169 1094 1143
f 1169 1043 1094
f 1120 1144 1170
f 1144 1171 1170
f 1144 1145 1171
f 1171 1145 1146
f 1146 1122 1123
f 1124 1123 1096
f 1124 1172 1123
f 1095 1173 1072
f 1097 1147 1125
f 1124 1125 1174
f 1126 1175 1074
f 1024 1099 1098
f 1074 1175 1100
f 1176 1127 1148
f 1127 1177 1104
f 1149 1104 1177
f 1052 1150 1151
f 1152 1077 1005
f 1151 1178 1053
f 1008 1053 1154
f 1155 1179 1153
f 1157 1179 1155
f 1134 1180 1181
f 1182 1134 1181
f 1132 1183 1135
f 1182 1183 1132
f 1134 1182 1132
f 1159 1180 1134
f 1183 1110 1135
f 1160 1180 1159
f 1184 1111 1136
f 1185 1186 1112
f 1137 1111 1184
f 1113 1185 1112
f 1187 1185 1113
f 1188 988 987
f 1113 1062 1187
f 1034 1161 989
f 1189 1086 1190
f 1190 1086 1161
f 1189 1163 1086
f 1139 1191 1192
f 1193 1139 1164
f 1191 1139 1193
f 1162 1114 1194
f 1165 1139 1192
f 1140 1165 1166
f 1194 1114 1067
f 1141 1167 1092
f 1040 1142 1143
f 1093 1195 1119
f 1121 1195 1093
f 1121 1120 1170
f 1170 1171 1196
f 1171 1146 1196
f 1172 1197 1123
f 1197 1146 1123
f 1174 1172 1124
f 1147 1198 1125
f 1173 1126 1072
f 1175 1199 1100
f 1148 1100 1199
f 1200 1099 1049
f 1128 1201 1049
f 1176 1177 1127
f 1177 1202 1149
f 1130 1149 1203
f 1130 1203 1150
f 1152 1153 1179
f 1053 1178 1154
f 1055 1154 1156
f 1156 1158 1131
f 1182 1181 1204
f 1183 1182 1205
f 1180 1206 1181
f 1160 1206 1180
f 1160 1207 1206
f 1186 1207 1160
f 1160 1112 1186
f 1084 937 1137
f 1063 988 1188
f 1187 1062 1208
f 1209 1034 1063
f 1062 1138 1208
f 1209 1161 1034
f 1210 1163 1189
f 1210 1164 1163
f 1211 1164 1210
f 1194 1138 1162
f 1193 1212 1191
f 1211 1193 1164
f 1212 1193 1211
f 1191 1213 1192
f 1165 1192 1166
f 1214 1166 1192
f 1166 1214 1167
f 1092 1167 1215
f 1168 1092 1215
f 1143 1216 1169
f 1170 1217 1121
f 1218 1217 1170
f 1219 1043 1169
f 1218 1170 1196
f 1220 1197 1172
f 1220 1172 1174
f 1198 1174 1125
f 1173 1175 1126
f 1221 1198 1147
f 1147 1098 1221
f 1098 1099 1222
f 1222 1099 1200
f 1176 1148 1223
f 1102 1077 1224
f 1177 1225 1202
f 1202 1203 1149
f 1150 1203 1226
f 1077 1152 1227
f 1179 1228 1152
f 1229 1228 1179
f 1179 1230 1229
f 1156 1231 1158
f 1230 1158 1231
f 1179 1157 1158
f 1230 1179 1158
f 1181 1232 1233
f 1204 1181 1233
f 1205 1182 1234
f 1235 1234 1204
f 1234 1182 1204
f 1206 1207 1181
f 1207 1232 1181
f 1207 1236 1232
f 1186 1236 1207
f 1183 1237 1136
f 1110 1183 1136
f 1238 1137 1184
f 1187 1239 1185
f 1188 1084 1137
f 1188 987 1084
f 1188 1240 1063
f 1241 1189 1190
f 1211 1242 1212
f 1243 1211 1210
f 1242 1211 1243
f 1194 1244 1138
f 1212 1245 1213
f 1212 1213 1191
f 1213 1214 1192
f 1214 1213 1246
f 1194 1067 1247
f 1214 1215 1167
f 1247 1067 1248
f 1117 1168 1142
f 1118 1119 1249
f 1119 1195 1249
f 1195 1121 1217
f 1250 1217 1218
f 1197 1251 1146
f 1146 1251 1196
f 1252 1253 1220
f 1253 1197 1220
f 1043 1219 1095
f 1173 1095 1219
f 1199 1223 1148
f 1200 1049 1201
f 1128 1254 1201
f 1223 1255 1176
f 1254 1128 1101
f 1255 1225 1177
f 1176 1255 1177
f 1256 1202 1225
f 1256 1203 1202
f 1226 1203 1256
f 1226 1257 1150
f 1228 1227 1152
f 1229 1230 1231
f 1235 1204 1233
f 1183 1205 1258
f 1185 1259 1186
f 1188 1137 1238
f 1208 1239 1187
f 1260 1063 1240
f 1260 1209 1063
f 1261 1161 1209
f 1241 1190 1261
f 1161 1261 1190
f 1210 1262 1243
f 1241 1210 1189
f 1262 1210 1241
f 1244 1263 1138
f 1243 1264 1242
f 1242 1245 1212
f 1245 1246 1213
f 1265 1247 1248
f 1266 1168 1215
f 1248 1067 1267
f 1142 1168 1266
f 1268 1143 1142
f 1216 1143 1269
f 1270 1217 1271
f 1195 1217 1270
f 1271 1217 1250
f 1218 1196 1250
f 1272 1251 1197
f 1173 1273 1175
f 1175 1273 1274
f 1098 1275 1221
f 1199 1175 1274
f 1276 1255 1223
f 1102 1254 1101
f 1276 1225 1255
f 1077 1277 1224
f 1225 1278 1256
f 1278 1279 1256
f 1077 1227 1277
f 1279 1226 1256
f 1226 1279 1257
f 1151 1150 1257
f 1151 1280 1178
f 1229 1227 1228
f 1178 1281 1154
f 1154 1281 1156
f 1281 1231 1156
f 1282 1235 1283
f 1235 1233 1283
f 1233 1284 1283
f 1284 1236 1285
f 1282 1234 1235
f 1233 1232 1284
f 1236 1284 1232
f 1236 1186 1259
f 1258 1237 1183
f 1238 1286 1188
f 1208 1138 1263
f 1241 1261 1287
f 1241 1287 1262
f 1262 1288 1264
f 1243 1262 1264
f 1264 1289 1245
f 1264 1245 1242
f 1194 1290 1244
f 1215 1214 1291
f 1215 1292 1266
f 1266 1293 1142
f 1267 1067 1249
f 1067 1118 1249
f 1269 1143 1268
f 1271 1250 1294
f 1196 1251 1250
f 1253 1272 1197
f 1252 1295 1253
f 1098 1222 1275
f 1296 1199 1274
f 1200 1297 1222
f 1297 1200 1201
f 1199 1298 1223
f 1201 1254 1299
f 1254 1102 1224
f 1300 1225 1276
f 1225 1300 1278
f 1301 1277 1227
f 1302 1279 1278
f 1302 1257 1279
f 1257 1303 1280
f 1257 1280 1151
f 1280 1281 1178
f 1304 1227 1229
f 1231 1281 1305
f 1304 1231 1305
f 1229 1231 1304
f 1284 1285 1306
f 1283 1284 1306
f 1234 1258 1205
f 1184 1136 1237
f 1259 1185 1307
f 1307 1185 1239
f 1263 1239 1208
f 1308 1261 1309
f 1309 1261 1209
f 1308 1287 1261
f 1262 1287 1310
f 1262 1310 1288
f 1288 1289 1264
f 1290 1311 1244
f 1289 1246 1245
f 1246 1289 1312
f 1246 1291 1214
f 1290 1247 1265
f 1194 1247 1290
f 1292 1215 1291
f 1265 1248 1267
f 1267 1313 1265
f 1142 1293 1268
f 1270 1249 1195
f 1314 1315 1270
f 1314 1271 1316
f 1270 1271 1314
f 1316 1271 1294
f 1216 1317 1169
f 1251 1294 1250
f 1253 1318 1272
f 1219 1169 1317
f 1219 1319 1173
f 1174 1252 1220
f 1273 1173 1319
f 1297 1201 1320
f 1199 1321 1298
f 1201 1299 1320
f 1254 1322 1299
f 1276 1223 1298
f 1323 1278 1300
f 1302 1278 1323
f 1257 1302 1303
f 1227 1304 1301
f 1281 1324 1305
f 1285 1325 1326
f 1306 1285 1326
f 1282 1283 1327
f 1327 1283 1306
f 1285 1236 1325
f 1259 1325 1236
f 1259 1328 1325
f 1258 1234 1282
f 1307 1239 1329
f 1240 1188 1286
f 1263 1329 1239
f 1330 1209 1260
f 1330 1309 1209
f 1331 1308 1309
f 1287 1308 1332
f 1287 1332 1310
f 1288 1310 1289
f 1263 1244 1311
f 1333 1292 1291
f 1292 1333 1266
f 1267 1249 1334
f 1335 1269 1268
f 1334 1249 1336
f 1336 1249 1270
f 1337 1336 1270
f 1315 1337 1270
f 1314 1316 1338
f 1316 1294 1338
f 1294 1251 1338
f 1339 1318 1253
f 1339 1253 1295
f 1319 1219 1317
f 1340 1252 1174
f 1174 1198 1221
f 1273 1341 1274
f 1341 1342 1274
f 1222 1297 1343
f 1296 1274 1342
f 1297 1344 1343
f 1297 1320 1344
f 1296 1321 1199
f 1345 1322 1254
f 1254 1346 1345
f 1298 1347 1276
f 1224 1346 1254
f 1277 1346 1224
f 1276 1347 1300
f 1348 1349 1301
f 1280 1350 1281
f 1281 1350 1324
f 1324 1348 1305
f 1301 1304 1348
f 1304 1305 1348
f 1351 1306 1352
f 1306 1326 1352
f 1351 1327 1306
f 1325 1328 1326
f 1328 1353 1326
f 1354 1353 1328
f 1328 1259 1354
f 1259 1355 1354
f 1307 1355 1259
f 1356 1260 1240
f 1357 1331 1330
f 1331 1309 1330
f 1358 1329 1263
f 1308 1331 1359
f 1308 1359 1332
f 1332 1360 1310
f 1311 1358 1263
f 1310 1360 1289
f 1361 1289 1360
f 1312 1289 1361
f 1312 1291 1246
f 1334 1313 1267
f 1335 1268 1293
f 1315 1362 1337
f 1315 1314 1362
f 1314 1338 1362
f 1317 1216 1269
f 1251 1363 1338
f 1272 1318 1363
f 1363 1251 1272
f 1364 1365 1295
f 1364 1295 1252
f 1366 1252 1340
f 1221 1340 1174
f 1367 1273 1319
f 1221 1368 1369
f 1367 1341 1273
f 1275 1370 1368
f 1221 1275 1368
f 1275 1222 1370
f 1370 1222 1343
f 1321 1296 1371
f 1322 1320 1299
f 1347 1298 1321
f 1300 1347 1323
f 1277 1349 1346
f 1277 1301 1349
f 1372 1302 1323
f 1372 1373 1302
f 1303 1302 1373
f 1350 1374 1324
f 1349 1348 1374
f 1303 1350 1280
f 1348 1324 1374
f 1326 1353 1375
f 1352 1326 1375
f 1375 1353 1376
f 1377 1351 1352
f 1354 1378 1353
f 1237 1258 1379
f 1380 1184 1237
f 1355 1307 1381
f 1307 1329 1381
f 1329 1382 1381
f 1356 1240 1383
f 1384 1260 1356
f 1357 1330 1384
f 1384 1330 1260
f 1357 1385 1331
f 1331 1386 1359
f 1312 1387 1291
f 1311 1290 1388
f 1290 1265 1389
f 1265 1313 1390
f 1313 1334 1391
f 1293 1266 1392
f 1334 1336 1391
f 1337 1393 1336
f 1394 1393 1337
f 1337 1395 1394
f 1337 1362 1395
f 1362 1396 1395
f 1317 1269 1397
f 1362 1338 1396
f 1363 1396 1338
f 1318 1398 1363
f 1365 1339 1295
f 1319 1317 1399
f 1252 1366 1364
f 1367 1400 1341
f 1342 1341 1400
f 1371 1296 1342
f 1347 1372 1323
f 1349 1401 1346
f 1373 1372 1402
f 1401 1349 1403
f 1404 1373 1402
f 1349 1374 1403
f 1350 1303 1373
f 1404 1350 1373
f 1403 1350 1404
f 1374 1350 1403
f 1352 1375 1377
f 1351 1405 1327
f 1377 1405 1351
f 1376 1353 1378
f 1354 1406 1378
f 1258 1282 1407
f 1380 1237 1379
f 1238 1184 1380
f 1286 1408 1240
f 1409 1384 1356
f 1357 1410 1385
f 1410 1357 1384
f 1358 1382 1329
f 1331 1385 1386
f 1386 1411 1359
f 1359 1360 1332
f 1359 1411 1360
f 1412 1360 1411
f 1412 1361 1360
f 1361 1387 1312
f 1413 1387 1361
f 1387 1414 1291
f 1389 1265 1390
f 1266 1333 1415
f 1335 1293 1416
f 1394 1417 1393
f 1418 1417 1394
f 1394 1419 1418
f 1394 1395 1419
f 1395 1420 1419
f 1363 1421 1396
f 1420 1395 1396
f 1421 1420 1396
f 1399 1317 1397
f 1398 1318 1339
f 1399 1422 1319
f 1340 1423 1366
f 1369 1340 1221
f 1369 1424 1340
f 1370 1343 1425
f 1426 1342 1400
f 1425 1343 1344
f 1342 1426 1371
f 1371 1426 1427
f 1344 1320 1428
f 1320 1429 1428
f 1320 1430 1429
f 1320 1322 1430
f 1322 1345 1430
f 1431 1371 1427
f 1321 1371 1431
f 1347 1321 1431
f 1346 1432 1345
f 1431 1433 1347
f 1346 1434 1432
f 1433 1402 1347
f 1402 1372 1347
f 1434 1401 1435
f 1434 1346 1401
f 1433 1404 1402
f 1435 1404 1433
f 1403 1404 1401
f 1401 1404 1435
f 1436 1377 1437
f 1377 1375 1437
f 1375 1376 1437
f 1436 1405 1377
f 1282 1327 1405
f 1354 1438 1406
f 1354 1355 1439
f 1382 1440 1381
f 1384 1409 1410
f 1385 1441 1386
f 1441 1442 1386
f 1386 1412 1411
f 1386 1442 1412
f 1311 1443 1358
f 1290 1389 1388
f 1389 1390 1444
f 1415 1392 1266
f 1313 1391 1445
f 1446 1293 1392
f 1416 1293 1446
f 1445 1391 1336
f 1445 1336 1393
f 1335 1397 1269
f 1419 1420 1447
f 1421 1447 1420
f 1448 1421 1363
f 1398 1448 1363
f 1365 1398 1339
f 1424 1423 1340
f 1319 1422 1367
f 1449 1369 1368
f 1368 1370 1449
f 1370 1425 1449
f 1450 1431 1427
f 1450 1451 1431
f 1432 1434 1452
f 1451 1453 1431
f 1454 1453 1451
f 1452 1434 1454
f 1434 1453 1454
f 1431 1453 1433
f 1435 1453 1434
f 1435 1433 1453
f 1376 1455 1456
f 1437 1376 1456
f 1406 1455 1376
f 1376 1378 1406
f 1438 1455 1406
f 1258 1407 1457
f 1439 1438 1354
f 1379 1258 1457
f 1380 1286 1238
f 1355 1381 1440
f 1286 1458 1408
f 1409 1356 1459
f 1409 1460 1410
f 1461 1385 1410
f 1441 1385 1461
f 1361 1412 1462
f 1443 1311 1463
f 1413 1361 1462
f 1311 1388 1463
f 1388 1389 1464
f 1291 1465 1333
f 1389 1444 1464
f 1466 1392 1415
f 1313 1445 1390
f 1467 1393 1468
f 1468 1393 1469
f 1393 1417 1469
f 1417 1418 1469
f 1418 1419 1447
f 1470 1418 1447
f 1421 1470 1447
f 1471 1421 1448
f 1472 1398 1365
f 1473 1366 1423
f 1474 1425 1344
f 1426 1475 1427
f 1430 1345 1432
f 1432 1452 1476
f 1454 1451 1477
f 1476 1454 1477
f 1452 1454 1476
f 1478 1479 1437
f 1479 1436 1437
f 1456 1478 1437
f 1438 1480 1455
f 1481 1480 1438
f 1407 1282 1405
f 1481 1438 1439
f 1439 1355 1440
f 1380 1458 1286
f 1383 1240 1408
f 1440 1382 1482
f 1459 1356 1483
f 1383 1483 1356
f 1410 1460 1461
f 1461 1484 1441
f 1382 1358 1443
f 1441 1462 1442
f 1442 1462 1412
f 1414 1387 1413
f 1464 1485 1388
f 1414 1465 1291
f 1444 1486 1464
f 1333 1465 1415
f 1487 1444 1390
f 1487 1390 1445
f 1446 1392 1466
f 1445 1393 1467
f 1446 1488 1416
f 1416 1488 1335
f 1397 1335 1488
f 1418 1470 1469
f 1470 1421 1489
f 1471 1490 1421
f 1488 1399 1397
f 1448 1398 1472
f 1491 1399 1492
f 1399 1491 1422
f 1474 1344 1493
f 1344 1428 1493
f 1429 1430 1494
f 1450 1495 1496
f 1450 1427 1495
f 1430 1497 1498
f 1477 1496 1499
f 1477 1500 1497
f 1497 1432 1476
f 1430 1432 1497
f 1450 1496 1451
f 1477 1451 1496
f 1476 1477 1497
f 1456 1501 1502
f 1456 1455 1501
f 1436 1479 1405
f 1481 1439 1503
f 1504 1380 1379
f 1483 1505 1459
f 1409 1459 1460
f 1460 1506 1461
f 1506 1460 1507
f 1461 1506 1484
f 1441 1484 1462
f 1508 1462 1509
f 1413 1462 1508
f 1510 1443 1463
f 1414 1413 1508
f 1463 1388 1485
f 1485 1510 1463
f 1486 1485 1464
f 1414 1511 1465
f 1488 1446 1466
f 1467 1512 1513
f 1467 1468 1512
f 1468 1469 1512
f 1512 1469 1470
f 1490 1489 1421
f 1488 1514 1399
f 1492 1399 1514
f 1369 1515 1424
f 1515 1369 1449
f 1422 1516 1367
f 1367 1516 1400
f 1516 1426 1400
f 1493 1428 1429
f 1475 1495 1427
f 1430 1498 1494
f 1517 1497 1500
f 1498 1497 1517
f 1499 1500 1477
f 1478 1456 1502
f 1501 1518 1519
f 1502 1501 1519
f 1520 1479 1478
f 1480 1518 1501
f 1501 1455 1480
f 1521 1405 1479
f 1483 1522 1523
f 1383 1522 1483
f 1505 1483 1523
f 1459 1505 1460
f 1482 1382 1524
f 1460 1525 1507
f 1506 1526 1484
f 1507 1526 1506
f 1382 1443 1524
f 1484 1526 1462
f 1509 1462 1526
f 1527 1443 1510
f 1528 1486 1444
f 1465 1529 1415
f 1466 1415 1529
f 1445 1467 1530
f 1467 1513 1530
f 1470 1489 1531
f 1512 1470 1531
f 1490 1471 1532
f 1471 1448 1532
f 1514 1488 1533
f 1448 1534 1535
f 1448 1472 1534
f 1365 1536 1472
f 1537 1365 1364
f 1514 1538 1492
f 1473 1364 1366
f 1422 1491 1516
f 1449 1425 1539
f 1425 1474 1539
f 1516 1475 1426
f 1474 1493 1540
f 1493 1429 1494
f 1494 1498 1541
f 1495 1542 1496
f 1541 1517 1543
f 1541 1498 1517
f 1499 1496 1542
f 1499 1542 1543
f 1517 1499 1543
f 1517 1500 1499
f 1502 1519 1544
f 1479 1520 1545
f 1546 1520 1502
f 1520 1478 1502
f 1547 1519 1518
f 1518 1480 1481
f 1481 1547 1518
f 1457 1548 1379
f 1549 1380 1504
f 1380 1549 1458
f 1383 1408 1550
f 1551 1505 1523
f 1505 1552 1525
f 1460 1505 1525
f 1507 1525 1553
f 1507 1553 1526
f 1554 1524 1443
f 1508 1509 1555
f 1527 1554 1443
f 1508 1556 1414
f 1510 1485 1557
f 1485 1486 1557
f 1511 1414 1558
f 1511 1558 1465
f 1487 1528 1444
f 1529 1465 1558
f 1487 1445 1530
f 1530 1559 1487
f 1560 1530 1513
f 1512 1561 1513
f 1512 1531 1561
f 1488 1466 1562
f 1489 1563 1531
f 1490 1563 1489
f 1562 1533 1488
f 1532 1448 1535
f 1536 1534 1472
f 1365 1537 1536
f 1538 1514 1533
f 1364 1564 1537
f 1564 1364 1473
f 1492 1538 1491
f 1491 1538 1565
f 1566 1473 1423
f 1474 1567 1539
f 1475 1568 1495
f 1569 1542 1495
f 1494 1541 1570
f 1571 1542 1569
f 1571 1543 1542
f 1541 1543 1571
f 1544 1572 1502
f 1502 1572 1546
f 1519 1547 1544
f 1547 1481 1573
f 1574 1521 1479
f 1503 1573 1481
f 1407 1405 1521
f 1439 1575 1503
f 1576 1379 1548
f 1576 1504 1379
f 1440 1575 1439
f 1458 1550 1408
f 1522 1383 1550
f 1522 1577 1523
f 1523 1577 1551
f 1505 1551 1578
f 1578 1552 1505
f 1579 1553 1525
f 1553 1509 1526
f 1556 1508 1555
f 1580 1527 1510
f 1581 1510 1557
f 1556 1558 1414
f 1557 1486 1528
f 1559 1582 1487
f 1530 1560 1559
f 1560 1513 1561
f 1583 1584 1466
f 1561 1531 1585
f 1466 1584 1562
f 1563 1585 1531
f 1566 1423 1424
f 1515 1449 1539
f 1516 1491 1586
f 1567 1474 1540
f 1540 1493 1587
f 1493 1494 1587
f 1569 1588 1589
f 1571 1569 1589
f 1541 1571 1570
f 1570 1571 1589
f 1544 1590 1591
f 1547 1590 1544
f 1573 1590 1547
f 1574 1479 1545
f 1482 1592 1440
f 1550 1593 1522
f 1593 1577 1522
f 1577 1594 1551
f 1552 1579 1525
f 1553 1579 1509
f 1595 1509 1579
f 1555 1509 1595
f 1554 1527 1580
f 1580 1510 1581
f 1581 1596 1580
f 1528 1597 1557
f 1528 1487 1597
f 1598 1597 1487
f 1582 1559 1599
f 1529 1583 1466
f 1559 1600 1599
f 1559 1560 1600
f 1600 1560 1561
f 1585 1600 1561
f 1532 1563 1490
f 1601 1533 1562
f 1538 1533 1601
f 1564 1602 1537
f 1603 1565 1538
f 1515 1566 1424
f 1539 1604 1515
f 1565 1586 1491
f 1586 1568 1516
f 1567 1540 1605
f 1516 1568 1475
f 1495 1606 1569
f 1495 1568 1606
f 1587 1570 1607
f 1587 1494 1570
f 1588 1569 1606
f 1608 1589 1588
f 1607 1589 1608
f 1570 1589 1607
f 1520 1546 1609
f 1609 1546 1572
f 1591 1572 1544
f 1590 1573 1610
f 1611 1573 1503
f 1575 1612 1503
f 1575 1440 1592
f 1613 1549 1504
f 1550 1458 1614
f 1593 1550 1614
f 1593 1615 1577
f 1482 1524 1616
f 1551 1617 1578
f 1617 1551 1594
f 1578 1618 1552
f 1578 1617 1618
f 1618 1579 1552
f 1619 1616 1524
f 1524 1554 1619
f 1557 1596 1581
f 1556 1620 1558
f 1620 1529 1558
f 1598 1487 1582
f 1582 1621 1598
f 1622 1621 1582
f 1582 1599 1623
f 1622 1582 1623
f 1599 1600 1624
f 1600 1585 1625
f 1563 1626 1585
f 1584 1583 1627
f 1601 1562 1584
f 1537 1602 1536
f 1603 1538 1601
f 1566 1564 1473
f 1603 1628 1565
f 1567 1604 1539
f 1565 1628 1586
f 1605 1540 1587
f 1588 1606 1629
f 1608 1588 1629
f 1630 1608 1629
f 1630 1607 1608
f 1591 1631 1572
f 1591 1632 1631
f 1591 1590 1632
f 1590 1610 1632
f 1545 1520 1633
f 1611 1503 1612
f 1634 1407 1521
f 1575 1592 1612
f 1548 1635 1636
f 1548 1457 1635
f 1637 1592 1482
f 1458 1549 1614
f 1638 1593 1614
f 1577 1615 1594
f 1638 1615 1593
f 1616 1637 1482
f 1594 1639 1617
f 1617 1640 1618
f 1595 1579 1618
f 1554 1580 1619
f 1641 1580 1596
f 1557 1597 1642
f 1642 1597 1643
f 1643 1597 1598
f 1644 1529 1620
f 1599 1624 1623
f 1529 1644 1583
f 1600 1625 1624
f 1585 1645 1625
f 1585 1626 1645
f 1627 1583 1644
f 1646 1563 1532
f 1647 1532 1535
f 1648 1535 1534
f 1536 1649 1534
f 1602 1649 1536
f 1566 1650 1564
f 1604 1566 1515
f 1605 1651 1567
f 1586 1628 1652
f 1653 1606 1568
f 1586 1653 1568
f 1587 1607 1654
f 1629 1606 1653
f 1655 1629 1653
f 1630 1655 1656
f 1654 1630 1656
f 1607 1630 1654
f 1630 1629 1655
f 1657 1609 1572
f 1631 1657 1572
f 1632 1658 1631
f 1658 1632 1610
f 1520 1609 1633
f 1574 1545 1633
f 1573 1611 1610
f 1611 1659 1610
f 1635 1457 1407
f 1576 1548 1636
f 1594 1615 1660
f 1661 1615 1638
f 1660 1615 1661
f 1639 1640 1617
f 1594 1660 1639
f 1662 1640 1639
f 1640 1595 1618
f 1555 1595 1663
f 1596 1557 1642
f 1664 1643 1598
f 1621 1664 1598
f 1644 1620 1665
f 1622 1623 1666
f 1623 1624 1666
f 1666 1624 1625
f 1625 1645 1667
f 1668 1645 1626
f 1563 1646 1626
f 1601 1584 1627
f 1650 1602 1564
f 1601 1669 1603
f 1566 1670 1650
f 1566 1604 1670
f 1671 1586 1652
f 1587 1672 1605
f 1586 1671 1653
f 1673 1653 1671
f 1655 1653 1673
f 1656 1655 1673
f 1656 1674 1654
f 1673 1674 1656
f 1672 1654 1674
f 1587 1654 1672
f 1631 1658 1675
f 1609 1657 1676
f 1677 1657 1631
f 1610 1678 1658
f 1679 1574 1633
f 1574 1679 1521
f 1635 1407 1634
f 1549 1680 1614
f 1638 1681 1661
f 1681 1638 1682
f 1680 1682 1614
f 1682 1638 1614
f 1683 1660 1661
f 1684 1660 1683
f 1660 1684 1639
f 1616 1685 1637
f 1640 1662 1595
f 1663 1595 1662
f 1619 1685 1616
f 1686 1685 1619
f 1663 1556 1555
f 1641 1619 1580
f 1687 1556 1688
f 1556 1687 1620
f 1665 1620 1687
f 1664 1689 1643
f 1664 1621 1690
f 1621 1622 1690
f 1622 1691 1692
f 1622 1692 1690
f 1622 1666 1691
f 1666 1625 1667
f 1645 1693 1667
f 1668 1693 1645
f 1646 1668 1626
f 1647 1646 1532
f 1534 1694 1648
f 1534 1649 1694
f 1669 1695 1603
f 1603 1695 1628
f 1628 1695 1652
f 1604 1567 1696
f 1696 1567 1651
f 1671 1652 1697
f 1697 1674 1671
f 1674 1673 1671
f 1675 1677 1631
f 1675 1678 1698
f 1675 1658 1678
f 1609 1676 1633
f 1678 1610 1659
f 1611 1612 1699
f 1612 1592 1699
f 1636 1700 1576
f 1637 1701 1592
f 1680 1549 1702
f 1661 1681 1683
f 1703 1684 1683
f 1684 1703 1639
f 1639 1703 1662
f 1686 1619 1704
f 1556 1663 1688
f 1704 1619 1705
f 1619 1641 1705
f 1687 1688 1706
f 1641 1596 1642
f 1689 1642 1643
f 1665 1687 1707
f 1708 1689 1664
f 1664 1690 1709
f 1708 1664 1709
f 1709 1690 1692
f 1691 1666 1710
f 1667 1710 1666
f 1648 1647 1535
f 1649 1602 1711
f 1711 1602 1650
f 1669 1601 1712
f 1670 1711 1650
f 1604 1713 1670
f 1714 1715 1672
f 1672 1715 1605
f 1715 1651 1605
f 1716 1674 1697
f 1714 1674 1716
f 1672 1674 1714
f 1676 1657 1717
f 1677 1717 1657
f 1718 1717 1677
f 1698 1677 1675
f 1698 1678 1719
f 1699 1659 1611
f 1699 1592 1701
f 1504 1576 1613
f 1702 1549 1613
f 1720 1701 1637
f 1721 1680 1702
f 1721 1682 1680
f 1681 1722 1723
f 1722 1681 1682
f 1723 1683 1681
f 1637 1685 1720
f 1724 1703 1683
f 1703 1663 1662
f 1725 1685 1686
f 1688 1663 1726
f 1687 1706 1727
f 1642 1728 1641
f 1707 1687 1727
f 1665 1707 1729
f 1708 1709 1730
f 1731 1665 1729
f 1692 1691 1710
f 1732 1667 1693
f 1731 1733 1644
f 1665 1731 1644
f 1668 1732 1693
f 1733 1627 1644
f 1734 1646 1647
f 1627 1712 1601
f 1649 1711 1735
f 1713 1604 1696
f 1695 1736 1652
f 1737 1651 1738
f 1696 1651 1737
f 1736 1716 1697
f 1652 1736 1697
f 1739 1716 1736
f 1739 1740 1715
f 1715 1738 1651
f 1740 1738 1715
f 1714 1716 1739
f 1715 1714 1739
f 1698 1718 1677
f 1678 1741 1719
f 1678 1659 1741
f 1521 1679 1634
f 1636 1635 1742
f 1721 1702 1743
f 1744 1682 1721
f 1744 1722 1682
f 1723 1724 1683
f 1703 1724 1663
f 1728 1642 1745
f 1642 1689 1745
f 1689 1746 1745
f 1747 1746 1689
f 1708 1747 1689
f 1748 1747 1708
f 1708 1730 1748
f 1730 1709 1749
f 1730 1749 1750
f 1709 1692 1749
f 1710 1751 1692
f 1751 1749 1692
f 1710 1752 1751
f 1732 1752 1667
f 1752 1710 1667
f 1753 1732 1668
f 1646 1734 1754
f 1754 1668 1646
f 1733 1755 1627
f 1756 1627 1755
f 1712 1627 1756
f 1712 1757 1669
f 1670 1758 1759
f 1759 1711 1670
f 1757 1695 1669
f 1713 1758 1670
f 1696 1737 1713
f 1737 1758 1713
f 1736 1695 1760
f 1761 1736 1760
f 1761 1739 1736
f 1740 1739 1761
f 1698 1719 1762
f 1718 1698 1762
f 1719 1763 1764
f 1762 1719 1764
f 1765 1717 1718
f 1741 1763 1719
f 1741 1766 1763
f 1767 1741 1659
f 1633 1768 1679
f 1659 1699 1767
f 1636 1742 1700
f 1769 1767 1701
f 1613 1700 1770
f 1576 1700 1613
f 1769 1701 1720
f 1743 1702 1770
f 1613 1770 1702
f 1771 1772 1721
f 1743 1771 1721
f 1721 1772 1744
f 1722 1724 1723
f 1724 1722 1773
f 1720 1685 1774
f 1724 1775 1663
f 1685 1725 1774
f 1775 1726 1663
f 1686 1774 1725
f 1776 1688 1726
f 1776 1706 1688
f 1705 1641 1777
f 1777 1641 1728
f 1706 1778 1727
f 1779 1729 1727
f 1727 1729 1707
f 1747 1780 1746
f 1747 1748 1781
f 1748 1750 1781
f 1748 1730 1750
f 1750 1749 1782
f 1751 1752 1783
f 1783 1749 1751
f 1729 1733 1731
f 1732 1784 1752
f 1735 1694 1649
f 1785 1711 1759
f 1756 1757 1712
f 1757 1760 1695
f 1786 1760 1757
f 1786 1787 1760
f 1787 1788 1760
f 1788 1761 1760
f 1789 1788 1787
f 1738 1788 1789
f 1790 1738 1789
f 1737 1738 1790
f 1761 1788 1740
f 1738 1740 1788
f 1718 1762 1765
f 1717 1791 1676
f 1676 1791 1792
f 1741 1767 1793
f 1676 1792 1633
f 1679 1768 1794
f 1742 1635 1795
f 1634 1795 1635
f 1699 1701 1767
f 1796 1770 1700
f 1797 1771 1743
f 1772 1798 1744
f 1744 1773 1722
f 1744 1798 1773
f 1773 1775 1724
f 1776 1726 1775
f 1776 1799 1706
f 1777 1704 1705
f 1799 1778 1706
f 1777 1728 1800
f 1778 1779 1727
f 1728 1745 1800
f 1801 1800 1745
f 1746 1801 1745
f 1746 1780 1802
f 1780 1747 1781
f 1729 1779 1803
f 1781 1750 1804
f 1782 1804 1750
f 1783 1782 1749
f 1805 1733 1729
f 1755 1733 1805
f 1711 1806 1735
f 1757 1756 1807
f 1758 1808 1785
f 1785 1759 1758
f 1757 1807 1786
f 1737 1809 1808
f 1737 1808 1758
f 1810 1786 1811
f 1810 1812 1786
f 1812 1787 1786
f 1790 1809 1737
f 1812 1789 1787
f 1809 1790 1812
f 1790 1789 1812
f 1765 1762 1813
f 1764 1813 1762
f 1763 1814 1815
f 1764 1763 1815
f 1765 1816 1717
f 1766 1814 1763
f 1817 1766 1793
f 1766 1741 1793
f 1818 1793 1767
f 1679 1794 1634
f 1769 1818 1767
f 1770 1796 1819
f 1743 1820 1797
f 1819 1820 1743
f 1770 1819 1743
f 1771 1797 1821
f 1772 1771 1798
f 1798 1771 1821
f 1774 1822 1720
f 1774 1686 1823
f 1686 1704 1823
f 1704 1777 1824
f 1799 1825 1778
f 1779 1778 1826
f 1802 1801 1746
f 1802 1780 1827
f 1780 1781 1827
f 1804 1782 1828
f 1829 1782 1783
f 1803 1830 1729
f 1830 1805 1729
f 1753 1784 1732
f 1754 1753 1668
f 1831 1754 1734
f 1831 1734 1647
f 1832 1755 1805
f 1833 1647 1648
f 1834 1755 1832
f 1755 1834 1756
f 1835 1806 1711
f 1835 1711 1785
f 1785 1808 1836
f 1807 1811 1786
f 1837 1808 1809
f 1838 1810 1811
f 1838 1809 1810
f 1837 1809 1838
f 1809 1812 1810
f 1815 1813 1764
f 1816 1791 1717
f 1766 1817 1814
f 1768 1633 1792
f 1700 1839 1796
f 1797 1820 1840
f 1797 1840 1821
f 1769 1720 1822
f 1798 1841 1773
f 1841 1775 1773
f 1842 1775 1841
f 1823 1843 1774
f 1823 1704 1844
f 1824 1844 1704
f 1799 1776 1825
f 1824 1777 1845
f 1826 1778 1825
f 1800 1845 1777
f 1846 1779 1847
f 1801 1802 1848
f 1802 1827 1848
f 1848 1827 1849
f 1779 1846 1803
f 1827 1804 1850
f 1781 1804 1827
f 1804 1828 1851
f 1829 1828 1782
f 1846 1830 1803
f 1783 1752 1852
f 1752 1784 1852
f 1784 1753 1853
f 1754 1854 1753
f 1855 1805 1830
f 1856 1648 1694
f 1756 1834 1807
f 1834 1857 1807
f 1836 1858 1785
f 1857 1859 1807
f 1859 1811 1807
f 1860 1861 1808
f 1836 1808 1861
f 1838 1811 1859
f 1862 1838 1859
f 1860 1837 1862
f 1808 1837 1860
f 1837 1838 1862
f 1813 1863 1816
f 1815 1864 1813
f 1813 1864 1863
f 1816 1765 1813
f 1815 1814 1865
f 1814 1817 1866
f 1865 1814 1866
f 1791 1867 1792
f 1793 1868 1817
f 1818 1769 1869
f 1870 1869 1769
f 1870 1769 1822
f 1871 1820 1819
f 1872 1819 1796
f 1871 1819 1872
f 1873 1821 1840
f 1821 1874 1798
f 1798 1874 1841
f 1822 1774 1843
f 1875 1775 1842
f 1776 1775 1875
f 1844 1843 1823
f 1845 1800 1876
f 1876 1800 1801
f 1826 1847 1779
f 1801 1848 1877
f 1878 1848 1879
f 1849 1879 1848
f 1827 1850 1849
f 1804 1851 1850
f 1829 1783 1852
f 1855 1832 1805
f 1831 1647 1833
f 1856 1833 1648
f 1880 1694 1735
f 1881 1857 1834
f 1858 1835 1785
f 1882 1862 1859
f 1857 1882 1859
f 1883 1862 1882
f 1883 1860 1862
f 1861 1860 1883
f 1884 1864 1815
f 1865 1884 1815
f 1865 1866 1884
f 1866 1817 1868
f 1816 1885 1791
f 1868 1793 1886
f 1793 1818 1886
f 1887 1794 1768
f 1818 1869 1886
f 1888 1700 1742
f 1700 1888 1839
f 1796 1839 1889
f 1872 1796 1889
f 1820 1871 1890
f 1890 1840 1820
f 1873 1840 1890
f 1821 1873 1874
f 1841 1874 1891
f 1842 1841 1891
f 1825 1776 1875
f 1844 1824 1892
f 1877 1876 1801
f 1877 1848 1878
f 1877 1878 1893
f 1877 1893 1894
f 1878 1879 1893
f 1893 1879 1849
f 1851 1828 1895
f 1829 1896 1828
f 1896 1829 1852
f 1855 1830 1897
f 1855 1881 1832
f 1880 1856 1694
f 1832 1881 1834
f 1898 1857 1881
f 1898 1899 1857
f 1899 1882 1857
f 1861 1900 1836
f 1901 1900 1861
f 1836 1900 1858
f 1899 1883 1882
f 1901 1861 1899
f 1861 1883 1899
f 1884 1866 1902
f 1768 1792 1887
f 1903 1794 1887
f 1904 1794 1903
f 1634 1904 1795
f 1904 1634 1794
f 1905 1795 1906
f 1795 1905 1742
f 1907 1839 1888
f 1907 1889 1839
f 1871 1872 1908
f 1889 1909 1872
f 1871 1908 1890
f 1874 1873 1910
f 1891 1874 1910
f 1870 1822 1911
f 1822 1843 1911
f 1912 1842 1891
f 1842 1912 1875
f 1892 1843 1844
f 1845 1892 1824
f 1825 1913 1826
f 1876 1914 1845
f 1847 1826 1913
f 1915 1876 1877
f 1894 1915 1877
f 1896 1895 1828
f 1830 1846 1916
f 1753 1917 1853
f 1854 1917 1753
f 1898 1881 1918
f 1735 1806 1880
f 1919 1899 1898
f 1900 1920 1858
f 1858 1920 1835
f 1901 1899 1919
f 1864 1902 1921
f 1816 1863 1922
f 1923 1863 1864
f 1902 1864 1884
f 1816 1922 1885
f 1886 1869 1924
f 1795 1904 1906
f 1925 1924 1869
f 1926 1888 1742
f 1869 1870 1925
f 1927 1909 1889
f 1928 1889 1907
f 1927 1889 1928
f 1909 1908 1872
f 1890 1910 1873
f 1890 1908 1910
f 1929 1870 1911
f 1843 1892 1930
f 1875 1931 1825
f 1825 1931 1932
f 1914 1933 1845
f 1934 1933 1914
f 1876 1915 1914
f 1915 1935 1914
f 1935 1915 1936
f 1915 1937 1936
f 1915 1894 1937
f 1894 1893 1937
f 1937 1893 1938
f 1849 1850 1939
f 1938 1893 1849
f 1939 1938 1849
f 1846 1847 1940
f 1895 1941 1851
f 1942 1850 1941
f 1941 1850 1851
f 1896 1852 1943
f 1944 1852 1784
f 1945 1784 1853
f 1881 1855 1946
f 1918 1881 1947
f 1856 1880 1948
f 1949 1898 1918
f 1880 1806 1950
f 1919 1898 1949
f 1951 1952 1900
f 1952 1920 1900
f 1920 1806 1835
f 1901 1919 1949
f 1951 1901 1949
f 1900 1901 1951
f 1864 1953 1923
f 1921 1953 1864
f 1902 1954 1921
f 1921 1954 1955
f 1955 1954 1956
f 1923 1922 1863
f 1902 1866 1954
f 1957 1956 1954
f 1868 1954 1866
f 1868 1957 1954
f 1886 1957 1868
f 1791 1885 1867
f 1905 1906 1958
f 1742 1905 1926
f 1925 1870 1959
f 1909 1927 1960
f 1908 1909 1961
f 1961 1909 1960
f 1929 1959 1870
f 1891 1910 1962
f 1963 1891 1964
f 1912 1891 1963
f 1930 1911 1843
f 1875 1912 1965
f 1931 1875 1965
f 1892 1845 1933
f 1825 1932 1913
f 1913 1940 1847
f 1936 1937 1938
f 1850 1942 1939
f 1940 1916 1846
f 1943 1895 1896
f 1943 1852 1944
f 1916 1897 1830
f 1945 1944 1784
f 1831 1854 1754
f 1946 1855 1897
f 1966 1831 1833
f 1946 1947 1881
f 1949 1918 1967
f 1968 1949 1967
f 1968 1951 1949
f 1920 1950 1806
f 1952 1951 1968
f 1921 1955 1969
f 1953 1921 1969
f 1970 1923 1953
f 1957 1886 1971
f 1867 1885 1972
f 1792 1867 1972
f 1973 1971 1886
f 1924 1973 1886
f 1974 1903 1887
f 1888 1926 1975
f 1888 1976 1907
f 1927 1928 1960
f 1976 1928 1907
f 1961 1910 1908
f 1910 1961 1962
f 1891 1962 1964
f 1965 1912 1963
f 1930 1929 1911
f 1977 1930 1892
f 1933 1978 1892
f 1933 1934 1979
f 1932 1940 1913
f 1980 1914 1935
f 1934 1914 1980
f 1981 1980 1935
f 1981 1935 1982
f 1935 1936 1982
f 1936 1938 1983
f 1939 1942 1984
f 1985 1916 1940
f 1984 1942 1941
f 1985 1986 1916
f 1916 1986 1897
f 1853 1917 1945
f 1986 1946 1897
f 1987 1833 1856
f 1987 1856 1948
f 1947 1967 1918
f 1950 1988 1880
f 1968 1967 1989
f 1952 1968 1989
f 1990 1952 1989
f 1991 1952 1990
f 1920 1952 1991
f 1992 1920 1991
f 1950 1920 1992
f 1955 1956 1969
f 1957 1971 1956
f 1971 1993 1956
f 1885 1922 1994
f 1925 1973 1924
f 1904 1903 1995
f 1904 1958 1906
f 1926 1905 1996
f 1888 1975 1976
f 1975 1926 1996
f 1925 1959 1997
f 1976 1975 1998
f 1999 1960 1998
f 1998 1960 1928
f 1998 1928 1976
f 1960 1999 1961
f 1959 1929 2000
f 2001 2000 1929
f 1929 1930 2001
f 1930 2002 2001
f 1977 2002 1930
f 2003 2004 1931
f 1977 1892 1978
f 1932 1931 2004
f 1978 1933 1979
f 1932 2005 1940
f 1980 1979 1934
f 2006 1980 1981
f 1981 1982 2007
f 1982 1936 1983
f 1938 1939 1983
f 2008 1941 1895
f 1943 2009 1895
f 1945 1917 2010
f 1966 1854 1831
f 2011 2012 1947
f 1946 2011 1947
f 1987 1966 1833
f 2012 2013 1947
f 2013 1989 1967
f 1947 2013 1967
f 1988 2014 1880
f 2015 2014 1988
f 2014 1948 1880
f 1991 1989 2013
f 1991 1990 1989
f 1992 1988 1950
f 1956 2016 1969
f 1956 2017 2016
f 1922 1923 2018
f 2018 1923 1970
f 1792 1972 2019
f 1792 2019 1887
f 1973 1925 1997
f 1905 1958 1996
f 1959 2020 1997
f 2021 1998 1975
f 1998 2022 1999
f 2000 2020 1959
f 1999 1964 1962
f 1961 1999 1962
f 1965 2003 1931
f 2004 2005 1932
f 1980 2023 1979
f 2024 1940 2005
f 2006 1981 2025
f 2025 1981 2007
f 1982 1983 2007
f 1940 2024 1985
f 1984 1941 2008
f 1895 2026 2008
f 2027 1895 2009
f 1985 1946 1986
f 2028 2012 2011
f 2029 2013 2012
f 2029 2012 2028
f 2014 2030 1948
f 1948 2030 1987
f 2031 2013 2029
f 2031 1991 2013
f 2032 2031 2029
f 1988 2032 2015
f 1992 1991 2031
f 2032 1992 2031
f 1988 1992 2032
f 1969 2033 1953
f 1953 2033 1970
f 2016 2017 2034
f 2034 2017 2035
f 2036 2035 2017
f 2036 2017 1993
f 2017 1956 1993
f 1993 1971 2037
f 1922 2038 1994
f 2037 1971 1973
f 1958 1904 2039
f 1958 2040 1996
f 1975 2041 2021
f 1996 2041 1975
f 1998 2021 2022
f 2022 1964 1999
f 2042 2000 2001
f 2043 1963 1964
f 1963 2003 1965
f 2042 2001 2002
f 1977 2044 2002
f 1977 1978 2044
f 2044 1978 2045
f 2046 1980 2006
f 2023 1980 2046
f 2047 2046 2006
f 2005 2048 2024
f 2006 2025 2047
f 1983 2049 2007
f 1983 1939 2049
f 1984 2050 1939
f 2024 2051 1985
f 2027 2026 1895
f 2052 1985 2051
f 1944 2009 1943
f 1985 2052 1946
f 2052 2011 1946
f 2053 2029 2028
f 2054 2029 2053
f 2054 2055 2015
f 2055 2030 2014
f 2054 2032 2029
f 2015 2032 2054
f 2055 2014 2015
f 1969 2034 2056
f 2033 1969 2056
f 2034 1969 2016
f 2037 2036 1993
f 2019 1974 1887
f 1904 1995 2039
f 1958 2039 2040
f 1996 2057 2041
f 2057 1996 2040
f 2058 2043 1964
f 2022 2058 1964
f 2020 2000 2059
f 2060 2000 2042
f 1963 2043 2003
f 2044 2042 2002
f 2061 2004 2003
f 2062 2044 2045
f 2045 1979 2023
f 1978 1979 2045
f 2046 2063 2023
f 2064 2048 2005
f 2046 2047 2065
f 2025 2066 2047
f 2007 2049 2025
f 2049 2066 2025
f 2048 2051 2024
f 2050 2049 1939
f 2008 2067 1984
f 2068 1917 1854
f 2052 2069 2011
f 2011 2069 2028
f 2070 1966 1987
f 2053 2028 2071
f 2072 2053 2071
f 2072 2054 2053
f 2055 2073 2074
f 2072 2073 2055
f 2030 2074 2075
f 2075 1987 2030
f 2055 2054 2072
f 2030 2055 2074
f 2033 2076 1970
f 1970 2076 2077
f 2034 2035 2056
f 2056 2035 2078
f 2078 2035 2079
f 1970 2077 2018
f 2080 2037 1973
f 2080 1973 1997
f 1974 1995 1903
f 2020 2080 1997
f 2081 2040 2039
f 2082 2057 2040
f 2082 2040 2081
f 2041 2057 2083
f 2021 2041 2084
f 2041 2083 2084
f 2021 2084 2022
f 2058 2022 2084
f 2058 2085 2043
f 2060 2059 2000
f 2005 2004 2086
f 2023 2087 2045
f 2065 2063 2046
f 2065 2047 2066
f 2066 2049 2088
f 2064 2089 2048
f 2049 2050 2090
f 2051 2048 2089
f 2067 2050 1984
f 2089 2091 2051
f 2051 2091 2052
f 1945 2009 1944
f 2009 1945 2010
f 2068 2010 1917
f 2069 2052 2091
f 2092 1854 1966
f 2069 2093 2028
f 2071 2028 2093
f 2075 2094 1987
f 2094 2070 1987
f 2073 2071 2093
f 2073 2072 2071
f 2056 2078 2095
f 2033 2056 2095
f 2035 2036 2096
f 2036 2037 2096
f 1922 2097 2038
f 2096 2037 2080
f 2080 2020 2098
f 2081 2039 2099
f 2081 2100 2082
f 2082 2083 2057
f 2059 2098 2020
f 2085 2101 2043
f 2061 2043 2101
f 2043 2061 2003
f 2044 2062 2042
f 2061 2086 2004
f 2086 2102 2005
f 2102 2064 2005
f 2103 2087 2023
f 2103 2023 2104
f 2104 2063 2105
f 2023 2063 2104
f 2063 2106 2105
f 2065 2066 2088
f 2106 2063 2065
f 2088 2106 2065
f 2088 2049 2107
f 2108 2089 2064
f 2090 2107 2049
f 2109 2091 2089
f 2110 2093 2069
f 2070 2092 1966
f 2111 2093 2110
f 2094 2112 2070
f 2112 2092 2070
f 2111 2073 2093
f 2113 2094 2075
f 2074 2073 2111
f 2113 2074 2111
f 2075 2074 2113
f 2033 2114 2076
f 2095 2114 2033
f 2078 2079 2095
f 2095 2079 2115
f 2096 2079 2035
f 2096 2116 2079
f 2117 2116 2096
f 2118 1922 2018
f 2038 2097 2119
f 1885 1994 2120
f 2120 1972 1885
f 2039 2121 2099
f 1995 2121 2039
f 2122 2081 2099
f 2100 2081 2122
f 2082 2100 2123
f 2083 2123 2124
f 2082 2123 2083
f 2083 2124 2084
f 2084 2124 2058
f 2085 2058 2125
f 2101 2085 2126
f 2060 2042 2127
f 2042 2062 2127
f 2045 2128 2062
f 2104 2105 2129
f 2102 2108 2064
f 2129 2105 2130
f 2105 2106 2130
f 2050 2067 2090
f 2108 2131 2089
f 2067 2008 2132
f 2008 2026 2133
f 2089 2131 2109
f 2009 2010 2134
f 2109 2135 2091
f 2091 2135 2069
f 2092 2068 1854
f 2136 2110 2069
f 2137 2138 2092
f 2136 2111 2110
f 2139 2111 2136
f 2092 2112 2137
f 2139 2113 2111
f 2140 2094 2139
f 2112 2094 2140
f 2094 2113 2139
f 2095 2115 2141
f 2114 2095 2141
f 2076 2142 2077
f 2143 2076 2114
f 2115 2079 2116
f 2117 2144 2116
f 2145 2018 2077
f 2097 1922 2118
f 2096 2080 2117
f 2146 2117 2080
f 1995 1974 2147
f 1995 2147 2121
f 2080 2098 2146
f 2122 2148 2100
f 2149 2146 2098
f 2100 2148 2123
f 2150 2124 2123
f 2059 2149 2098
f 2124 2125 2058
f 2125 2124 2150
f 2125 2126 2085
f 2060 2149 2059
f 2060 2151 2149
f 2152 2101 2126
f 2127 2151 2060
f 2153 2061 2101
f 2127 2062 2128
f 2061 2153 2086
f 2128 2045 2087
f 2154 2102 2086
f 2087 2103 2155
f 2103 2156 2155
f 2103 2104 2156
f 2157 2102 2154
f 2156 2104 2129
f 2129 2158 2156
f 2106 2088 2130
f 2159 2130 2088
f 2088 2107 2160
f 2008 2161 2132
f 2161 2008 2133
f 2027 2009 2162
f 2010 2163 2134
f 2010 2068 2164
f 2069 2135 2136
f 2165 2136 2135
f 2068 2092 2138
f 2165 2139 2136
f 2165 2140 2139
f 2166 2140 2165
f 2112 2140 2166
f 2137 2112 2166
f 2114 2167 2143
f 2141 2167 2114
f 2115 2144 2168
f 2141 2115 2168
f 2142 2076 2143
f 2144 2115 2116
f 2077 2169 2145
f 2170 2144 2117
f 2018 2145 2118
f 2170 2117 2146
f 2038 2119 1994
f 2170 2146 2171
f 2172 1974 2019
f 2173 2171 2146
f 2099 2121 2174
f 2174 2122 2099
f 2173 2146 2149
f 2148 2122 2175
f 2148 2176 2123
f 2123 2176 2150
f 2126 2125 2150
f 2177 2173 2149
f 2177 2149 2178
f 2151 2178 2149
f 2127 2178 2151
f 2179 2153 2101
f 2153 2154 2086
f 2128 2087 2180
f 2180 2087 2155
f 2181 2155 2156
f 2156 2158 2182
f 2156 2182 2181
f 2129 2130 2183
f 2183 2158 2129
f 2159 2088 2160
f 2108 2102 2157
f 2184 2108 2157
f 2107 2090 2185
f 2184 2131 2108
f 2131 2186 2109
f 2187 2026 2027
f 2188 2109 2186
f 2188 2135 2109
f 2188 2189 2135
f 2189 2165 2135
f 2190 2165 2189
f 2138 2191 2068
f 2190 2166 2165
f 2192 2166 2190
f 2137 2166 2192
f 2193 2137 2192
f 2138 2137 2193
f 2141 2168 2194
f 2168 2195 2194
f 2144 2195 2168
f 2144 2170 2195
f 2196 2195 2170
f 2196 2170 2197
f 2197 2170 2171
f 2198 2197 2171
f 2198 2171 2199
f 2019 2200 2172
f 2200 2019 1972
f 2172 2147 1974
f 2121 2147 2201
f 2199 2171 2173
f 2174 2175 2122
f 2175 2176 2148
f 2150 2176 2202
f 2177 2199 2173
f 2199 2177 2203
f 2150 2204 2126
f 2205 2203 2177
f 2205 2177 2206
f 2152 2126 2204
f 2177 2178 2206
f 2206 2178 2207
f 2152 2179 2101
f 2178 2127 2207
f 2208 2207 2127
f 2128 2208 2127
f 2209 2153 2179
f 2208 2128 2180
f 2153 2209 2154
f 2180 2155 2210
f 2155 2181 2211
f 2155 2211 2210
f 2211 2181 2182
f 2183 2182 2158
f 2130 2159 2183
f 2185 2160 2107
f 2212 2185 2090
f 2132 2212 2067
f 2090 2067 2212
f 2184 2186 2131
f 2186 2184 2213
f 2187 2133 2026
f 2214 2188 2186
f 2162 2187 2027
f 2215 2134 2163
f 2164 2216 2163
f 2164 2163 2010
f 2217 2188 2218
f 2189 2188 2217
f 2164 2219 2216
f 2220 2189 2217
f 2220 2190 2189
f 2191 2219 2068
f 2219 2164 2068
f 2220 2192 2190
f 2221 2138 2220
f 2191 2138 2221
f 2220 2193 2192
f 2138 2193 2220
f 2222 2223 2194
f 2223 2222 2224
f 2222 2225 2224
f 2141 2226 2167
f 2194 2226 2141
f 2195 2222 2194
f 2225 2222 2196
f 2196 2222 2195
f 2227 2225 2196
f 2077 2142 2169
f 2227 2196 2228
f 2229 2227 2228
f 2197 2228 2196
f 2230 2228 2197
f 2231 2230 2197
f 2197 2198 2231
f 2231 2198 2199
f 2231 2199 2232
f 2172 2201 2147
f 2233 2121 2201
f 2233 2174 2121
f 2233 2234 2174
f 2234 2175 2174
f 2176 2175 2202
f 2202 2175 2235
f 2203 2232 2199
f 2150 2202 2236
f 2150 2236 2204
f 2232 2203 2237
f 2238 2152 2204
f 2237 2203 2205
f 2179 2152 2238
f 2205 2206 2207
f 2239 2205 2207
f 2207 2208 2240
f 2241 2209 2179
f 2208 2180 2242
f 2243 2242 2180
f 2157 2209 2244
f 2180 2210 2243
f 2154 2209 2157
f 2211 2182 2245
f 2182 2183 2246
f 2245 2182 2246
f 2183 2159 2247
f 2244 2248 2157
f 2159 2160 2247
f 2248 2184 2157
f 2185 2249 2160
f 2213 2184 2248
f 2132 2250 2212
f 2251 2186 2213
f 2186 2251 2214
f 2251 2252 2214
f 2252 2218 2214
f 2253 2254 2162
f 2134 2215 2253
f 2253 2162 2009
f 2253 2009 2134
f 2214 2218 2188
f 2217 2218 2255
f 2221 2220 2217
f 2256 2217 2255
f 2256 2221 2217
f 2191 2221 2256
f 2219 2191 2256
f 2257 2226 2223
f 2224 2258 2223
f 2225 2259 2224
f 2260 2167 2226
f 2223 2226 2194
f 2227 2259 2225
f 2227 2229 2261
f 2227 2261 2259
f 2143 2260 2142
f 2260 2143 2167
f 2229 2228 2262
f 2262 2263 2229
f 2228 2230 2262
f 2264 2262 2230
f 2231 2264 2230
f 2265 2264 2231
f 2172 2266 2201
f 2232 2265 2231
f 2201 2267 2233
f 2265 2232 2268
f 2269 2234 2233
f 2234 2235 2175
f 2237 2268 2232
f 2237 2270 2268
f 2271 2272 2268
f 2270 2271 2268
f 2273 2204 2236
f 2271 2270 2274
f 2273 2238 2204
f 2237 2275 2270
f 2276 2274 2270
f 2275 2276 2270
f 2237 2205 2275
f 2277 2276 2275
f 2275 2205 2278
f 2278 2277 2275
f 2278 2205 2239
f 2279 2277 2278
f 2239 2207 2240
f 2280 2239 2240
f 2209 2241 2281
f 2209 2281 2244
f 2280 2240 2282
f 2282 2283 2280
f 2208 2242 2240
f 2282 2240 2242
f 2242 2243 2282
f 2243 2284 2282
f 2284 2243 2285
f 2243 2210 2286
f 2285 2243 2286
f 2210 2245 2286
f 2287 2248 2244
f 2288 2248 2287
f 2210 2211 2245
f 2245 2246 2289
f 2247 2246 2183
f 2249 2247 2160
f 2290 2213 2248
f 2291 2185 2212
f 2292 2132 2161
f 2293 2161 2133
f 2187 2293 2133
f 2294 2218 2252
f 2295 2296 2215
f 2215 2296 2253
f 2297 2218 2294
f 2297 2255 2218
f 2298 2295 2216
f 2295 2163 2216
f 2215 2163 2295
f 2297 2256 2255
f 2298 2219 2297
f 2216 2219 2298
f 2219 2256 2297
f 2258 2224 2299
f 2259 2299 2224
f 2259 2300 2299
f 2223 2258 2257
f 2259 2261 2300
f 2229 2301 2302
f 2229 2302 2261
f 2301 2229 2263
f 2263 2262 2303
f 2303 2262 2264
f 2303 2264 2304
f 2264 2305 2304
f 1972 2120 2306
f 2305 2264 2265
f 2306 2200 1972
f 2172 2200 2266
f 2266 2267 2201
f 2233 2267 2307
f 2265 2308 2309
f 2265 2309 2305
f 2307 2269 2233
f 2265 2268 2308
f 2234 2307 2235
f 2269 2307 2234
f 2310 2235 2307
f 2308 2268 2272
f 2235 2310 2202
f 2202 2310 2236
f 2272 2271 2311
f 2273 2236 2312
f 2271 2274 2313
f 2276 2313 2274
f 2273 2314 2238
f 2277 2315 2276
f 2316 2317 2277
f 2318 2179 2238
f 2279 2316 2277
f 2241 2179 2318
f 2279 2278 2319
f 2278 2239 2320
f 2319 2278 2320
f 2320 2321 2319
f 2281 2241 2318
f 2239 2280 2320
f 2322 2320 2283
f 2283 2320 2280
f 2323 2320 2322
f 2322 2283 2324
f 2281 2287 2244
f 2325 2287 2281
f 2282 2284 2283
f 2284 2285 2326
f 2327 2284 2326
f 2325 2288 2287
f 2285 2286 2326
f 2245 2289 2286
f 2247 2328 2246
f 2325 2290 2288
f 2249 2328 2247
f 2288 2290 2248
f 2290 2329 2213
f 2329 2251 2213
f 2292 2250 2132
f 2329 2330 2251
f 2330 2252 2251
f 2331 2293 2187
f 2330 2332 2252
f 2187 2333 2331
f 2332 2294 2252
f 2254 2333 2162
f 2333 2187 2162
f 2294 2332 2334
f 2334 2335 2294
f 2296 2336 2253
f 2337 2336 2296
f 2336 2254 2253
f 2338 2297 2294
f 2335 2338 2294
f 2339 2337 2295
f 2337 2296 2295
f 2295 2338 2335
f 2339 2295 2335
f 2338 2298 2297
f 2295 2298 2338
f 2340 2299 2341
f 2300 2342 2299
f 2257 2343 2260
f 2226 2257 2260
f 2340 2258 2299
f 2340 2257 2258
f 2261 2302 2300
f 2344 2302 2301
f 2301 2263 2344
f 2344 2263 2303
f 2119 2097 2345
f 2304 2305 2346
f 1994 2347 2120
f 2120 2348 2306
f 2309 2346 2305
f 2309 2308 2349
f 2267 2350 2307
f 2308 2272 2349
f 2349 2272 2311
f 2311 2271 2351
f 2310 2312 2236
f 2351 2271 2313
f 2313 2276 2315
f 2315 2277 2317
f 2314 2318 2238
f 2352 2318 2314
f 2279 2353 2316
f 2279 2319 2353
f 2353 2319 2354
f 2355 2281 2318
f 2354 2319 2321
f 2321 2320 2323
f 2323 2322 2356
f 2355 2325 2281
f 2324 2283 2327
f 2283 2284 2327
f 2286 2289 2326
f 2290 2325 2357
f 2289 2246 2358
f 2291 2359 2185
f 2359 2249 2185
f 2360 2329 2290
f 2360 2361 2329
f 2361 2330 2329
f 2362 2292 2161
f 2293 2362 2161
f 2361 2363 2330
f 2363 2332 2330
f 2331 2364 2293
f 2365 2332 2363
f 2365 2334 2332
f 2336 2366 2254
f 2366 2333 2254
f 2365 2367 2334
f 2368 2337 2365
f 2337 2367 2365
f 2336 2337 2368
f 2339 2335 2334
f 2367 2339 2334
f 2337 2339 2367
f 2299 2342 2341
f 2369 2342 2300
f 2257 2340 2343
f 2302 2369 2300
f 2260 2370 2142
f 2344 2371 2302
f 2142 2372 2169
f 2344 2303 2371
f 2371 2303 2373
f 2118 2145 2374
f 2374 2097 2118
f 2303 2304 2373
f 2373 2304 2375
f 1994 2119 2347
f 2304 2346 2375
f 2120 2347 2348
f 2306 2376 2200
f 2346 2309 2377
f 2200 2376 2266
f 2266 2376 2378
f 2377 2309 2349
f 2266 2378 2267
f 2267 2378 2379
f 2379 2350 2267
f 2377 2349 2380
f 2307 2350 2381
f 2310 2307 2381
f 2381 2312 2310
f 2380 2311 2351
f 2380 2349 2311
f 2351 2313 2382
f 2383 2314 2273
f 2313 2315 2382
f 2382 2315 2384
f 2384 2315 2317
f 2383 2352 2314
f 2384 2317 2316
f 2355 2318 2352
f 2316 2353 2354
f 2354 2321 2385
f 2321 2323 2386
f 2325 2355 2387
f 2323 2356 2386
f 2322 2324 2388
f 2322 2388 2356
f 2324 2327 2388
f 2327 2326 2388
f 2357 2325 2387
f 2389 2357 2387
f 2326 2289 2390
f 2246 2328 2358
f 2391 2357 2389
f 2391 2290 2357
f 2359 2328 2249
f 2391 2360 2290
f 2392 2360 2391
f 2393 2360 2392
f 2250 2291 2212
f 2250 2394 2291
f 2393 2361 2360
f 2292 2395 2250
f 2396 2361 2393
f 2362 2397 2292
f 2396 2363 2361
f 2364 2362 2293
f 2398 2364 2331
f 2396 2399 2363
f 2400 2399 2396
f 2401 2398 2333
f 2398 2331 2333
f 2399 2365 2363
f 2400 2401 2366
f 2401 2333 2366
f 2399 2368 2365
f 2336 2399 2400
f 2366 2336 2400
f 2336 2368 2399
f 2402 2342 2403
f 2342 2402 2341
f 2342 2369 2403
f 2371 2369 2302
f 2260 2343 2370
f 2370 2372 2142
f 2119 2345 2347
f 2346 2404 2375
f 2346 2377 2404
f 2379 2378 2405
f 2350 2379 2381
f 2405 2381 2379
f 2406 2273 2312
f 2381 2406 2312
f 2273 2406 2407
f 2380 2351 2408
f 2383 2273 2407
f 2408 2351 2382
f 2384 2316 2409
f 2316 2410 2409
f 2316 2354 2410
f 2411 2387 2355
f 2412 2387 2411
f 2385 2321 2386
f 2356 2388 2413
f 2413 2386 2356
f 2412 2389 2387
f 2414 2389 2412
f 2326 2390 2388
f 2390 2358 2415
f 2289 2358 2390
f 2414 2416 2389
f 2417 2416 2414
f 2418 2419 2358
f 2417 2420 2416
f 2418 2358 2328
f 2416 2391 2389
f 2359 2418 2328
f 2392 2391 2416
f 2420 2392 2416
f 2420 2421 2392
f 2359 2291 2422
f 2291 2423 2422
f 2394 2423 2291
f 2421 2424 2392
f 2395 2425 2250
f 2292 2397 2395
f 2392 2396 2393
f 2424 2396 2392
f 2426 2397 2362
f 2424 2427 2396
f 2428 2427 2424
f 2364 2429 2426
f 2428 2430 2427
f 2430 2428 2398
f 2398 2428 2429
f 2426 2362 2364
f 2427 2400 2396
f 2364 2398 2429
f 2401 2400 2427
f 2430 2401 2427
f 2398 2401 2430
f 2431 2369 2371
f 2373 2375 2404
f 2347 2432 2348
f 2348 2432 2433
f 2348 2433 2306
f 2306 2433 2434
f 2376 2435 2436
f 2306 2434 2376
f 2376 2434 2435
f 2436 2378 2376
f 2378 2437 2405
f 2378 2436 2437
f 2405 2437 2381
f 2406 2381 2437
f 2377 2380 2438
f 2438 2380 2408
f 2439 2383 2407
f 2408 2382 2440
f 2383 2439 2352
f 2382 2384 2440
f 2441 2352 2439
f 2384 2409 2440
f 2441 2355 2352
f 2441 2411 2355
f 2410 2354 2442
f 2412 2411 2441
f 2412 2441 2443
f 2442 2354 2385
f 2442 2385 2444
f 2385 2386 2444
f 2444 2386 2445
f 2443 2414 2412
f 2386 2413 2445
f 2388 2390 2413
f 2446 2417 2414
f 2415 2358 2419
f 2447 2417 2446
f 2447 2420 2417
f 2447 2421 2420
f 2448 2421 2447
f 2423 2449 2422
f 2450 2423 2394
f 2451 2452 2421
f 2451 2421 2448
f 2250 2425 2394
f 2421 2452 2424
f 2397 2453 2454
f 2397 2425 2395
f 2454 2425 2397
f 2455 2424 2452
f 2455 2453 2456
f 2426 2456 2453
f 2397 2426 2453
f 2455 2428 2424
f 2429 2428 2455
f 2456 2429 2455
f 2426 2429 2456
f 2372 2457 2169
f 2169 2457 2145
f 2097 2374 2458
f 2097 2458 2345
f 2459 2435 2434
f 2377 2438 2404
f 2437 2436 2460
f 2460 2436 2435
f 2460 2407 2406
f 2437 2460 2406
f 2438 2408 2461
f 2462 2439 2407
f 2463 2441 2439
f 2440 2464 2465
f 2409 2464 2440
f 2466 2441 2463
f 2464 2409 2410
f 2466 2443 2441
f 2467 2443 2466
f 2467 2414 2443
f 2468 2414 2467
f 2446 2414 2468
f 2415 2469 2390
f 2469 2413 2390
f 2470 2446 2468
f 2471 2415 2419
f 2470 2472 2446
f 2473 2474 2419
f 2472 2475 2446
f 2475 2447 2446
f 2476 2473 2418
f 2473 2419 2418
f 2477 2475 2472
f 2476 2418 2359
f 2475 2448 2447
f 2359 2422 2478
f 2449 2478 2422
f 2475 2451 2448
f 2477 2451 2475
f 2479 2451 2477
f 2450 2449 2423
f 2480 2450 2394
f 2479 2481 2451
f 2425 2482 2480
f 2481 2483 2451
f 2483 2452 2451
f 2454 2483 2481
f 2484 2454 2481
f 2482 2425 2484
f 2394 2425 2480
f 2483 2453 2452
f 2453 2455 2452
f 2454 2453 2483
f 2425 2454 2484
f 2341 2485 2340
f 2371 2486 2431
f 2372 2370 2487
f 2371 2373 2486
f 2457 2488 2145
f 2145 2488 2374
f 2345 2458 2489
f 2345 2489 2347
f 2432 2490 2433
f 2459 2434 2490
f 2490 2434 2433
f 2459 2491 2435
f 2492 2435 2491
f 2460 2435 2492
f 2492 2462 2407
f 2460 2492 2407
f 2493 2439 2462
f 2493 2463 2439
f 2494 2463 2493
f 2495 2466 2463
f 2465 2464 2496
f 2497 2466 2495
f 2498 2464 2410
f 2497 2467 2466
f 2410 2442 2498
f 2498 2442 2499
f 2499 2442 2444
f 2497 2468 2467
f 2499 2444 2500
f 2501 2468 2497
f 2445 2502 2500
f 2445 2500 2444
f 2501 2503 2468
f 2413 2469 2502
f 2445 2413 2502
f 2468 2503 2470
f 2504 2470 2503
f 2471 2469 2415
f 2472 2470 2504
f 2505 2506 2504
f 2506 2472 2504
f 2471 2419 2474
f 2506 2477 2472
f 2507 2506 2505
f 2476 2508 2473
f 2509 2477 2506
f 2507 2509 2506
f 2359 2478 2476
f 2510 2477 2509
f 2511 2512 2449
f 2449 2512 2478
f 2510 2479 2477
f 2513 2479 2510
f 2480 2514 2450
f 2513 2514 2480
f 2514 2511 2450
f 2449 2450 2511
f 2484 2481 2479
f 2513 2484 2479
f 2482 2484 2513
f 2480 2482 2513
f 2515 2402 2403
f 2340 2516 2343
f 2343 2516 2517
f 2343 2517 2370
f 2431 2486 2518
f 2488 2458 2374
f 2489 2432 2347
f 2519 2490 2432
f 2489 2519 2432
f 2519 2520 2490
f 2490 2520 2459
f 2492 2491 2521
f 2522 2438 2461
f 2493 2462 2492
f 2493 2492 2523
f 2461 2408 2524
f 2408 2440 2524
f 2495 2463 2494
f 2440 2465 2525
f 2526 2497 2495
f 2496 2464 2498
f 2527 2497 2526
f 2498 2528 2496
f 2499 2528 2498
f 2527 2501 2497
f 2527 2503 2501
f 2529 2503 2527
f 2500 2530 2499
f 2531 2530 2500
f 2529 2504 2503
f 2500 2502 2531
f 2532 2529 2533
f 2534 2532 2533
f 2469 2471 2535
f 2535 2502 2469
f 2505 2504 2529
f 2532 2505 2529
f 2474 2536 2471
f 2537 2532 2534
f 2507 2505 2532
f 2538 2507 2532
f 2537 2538 2532
f 2508 2474 2473
f 2537 2539 2538
f 2478 2540 2476
f 2508 2476 2540
f 2538 2541 2507
f 2539 2541 2538
f 2542 2541 2539
f 2507 2541 2509
f 2542 2543 2541
f 2544 2512 2542
f 2478 2544 2540
f 2509 2541 2510
f 2511 2543 2542
f 2512 2511 2542
f 2478 2512 2544
f 2541 2513 2510
f 2543 2514 2541
f 2511 2514 2543
f 2514 2513 2541
f 2402 2545 2485
f 2341 2402 2485
f 2402 2515 2545
f 2340 2485 2516
f 2403 2546 2515
f 2546 2403 2369
f 2369 2431 2546
f 2372 2487 2457
f 2373 2404 2547
f 2488 2548 2458
f 2458 2549 2489
f 2489 2550 2551
f 2551 2519 2489
f 2552 2520 2519
f 2520 2521 2459
f 2520 2552 2521
f 2459 2521 2491
f 2438 2522 2404
f 2521 2523 2492
f 2553 2493 2523
f 2553 2554 2493
f 2494 2493 2554
f 2554 2555 2494
f 2494 2555 2495
f 2440 2556 2524
f 2557 2495 2555
f 2440 2525 2556
f 2557 2526 2495
f 2557 2558 2527
f 2527 2526 2557
f 2465 2496 2525
f 2525 2559 2560
f 2559 2525 2496
f 2527 2561 2529
f 2558 2561 2527
f 2528 2559 2496
f 2528 2562 2559
f 2533 2529 2561
f 2561 2563 2533
f 2499 2530 2528
f 2563 2564 2533
f 2502 2535 2531
f 2534 2533 2564
f 2565 2534 2564
f 2566 2565 2564
f 2567 2568 2565
f 2471 2569 2535
f 2568 2534 2565
f 2569 2471 2536
f 2570 2568 2567
f 2570 2567 2571
f 2536 2572 2573
f 2537 2534 2568
f 2536 2474 2572
f 2574 2570 2571
f 2572 2508 2575
f 2474 2508 2572
f 2537 2568 2539
f 2570 2539 2568
f 2576 2539 2570
f 2574 2576 2570
f 2577 2576 2574
f 2540 2577 2575
f 2508 2540 2575
f 2576 2542 2539
f 2544 2542 2576
f 2540 2576 2577
f 2540 2544 2576
f 2431 2518 2546
f 2486 2373 2547
f 2458 2548 2549
f 2547 2404 2578
f 2549 2550 2489
f 2579 2550 2549
f 2551 2550 2580
f 2579 2580 2550
f 2404 2522 2578
f 2519 2581 2552
f 2552 2523 2521
f 2553 2523 2582
f 2522 2461 2583
f 2554 2553 2582
f 2461 2524 2583
f 2583 2524 2584
f 2585 2557 2555
f 2584 2556 2586
f 2556 2584 2524
f 2587 2557 2585
f 2587 2558 2557
f 2560 2588 2556
f 2589 2588 2560
f 2556 2525 2560
f 2590 2561 2587
f 2561 2558 2587
f 2591 2560 2559
f 2563 2561 2590
f 2591 2559 2562
f 2592 2566 2593
f 2562 2528 2594
f 2595 2564 2563
f 2593 2566 2595
f 2596 2592 2597
f 2528 2530 2594
f 2566 2564 2595
f 2596 2598 2592
f 2530 2531 2599
f 2594 2530 2599
f 2592 2565 2566
f 2598 2565 2592
f 2599 2535 2600
f 2531 2535 2599
f 2567 2565 2598
f 2596 2601 2598
f 2602 2600 2569
f 2600 2535 2569
f 2601 2571 2598
f 2602 2569 2536
f 2598 2571 2567
f 2601 2603 2571
f 2604 2603 2601
f 2602 2573 2601
f 2573 2604 2601
f 2536 2573 2602
f 2604 2572 2603
f 2573 2572 2604
f 2603 2575 2571
f 2572 2575 2603
f 2571 2577 2574
f 2575 2577 2571
f 2457 2487 2605
f 2457 2605 2606
f 2488 2606 2607
f 2606 2488 2457
f 2607 2548 2488
f 2548 2608 2549
f 2548 2609 2608
f 2610 2579 2549
f 2608 2610 2549
f 2551 2581 2519
f 2551 2580 2581
f 2611 2581 2580
f 2581 2611 2552
f 2552 2611 2523
f 2582 2523 2611
f 2522 2583 2612
f 2613 2554 2582
f 2613 2555 2554
f 2583 2584 2614
f 2614 2584 2586
f 2615 2555 2613
f 2615 2585 2555
f 2615 2616 2585
f 2588 2617 2586
f 2586 2556 2588
f 2616 2587 2585
f 2589 2617 2588
f 2590 2587 2616
f 2618 2563 2590
f 2595 2563 2618
f 2589 2560 2619
f 2620 2595 2618
f 2621 2622 2593
f 2597 2622 2623
f 2619 2591 2624
f 2619 2560 2591
f 2593 2595 2620
f 2621 2593 2620
f 2622 2597 2593
f 2625 2623 2626
f 2624 2625 2626
f 2591 2562 2624
f 2562 2627 2624
f 2597 2592 2593
f 2623 2596 2597
f 2628 2596 2623
f 2625 2628 2623
f 2624 2627 2625
f 2562 2594 2627
f 2627 2629 2625
f 2596 2628 2629
f 2625 2629 2628
f 2630 2629 2627
f 2594 2599 2627
f 2596 2629 2601
f 2599 2630 2627
f 2630 2602 2629
f 2600 2602 2630
f 2599 2600 2630
f 2629 2602 2601
f 2370 2517 2631
f 2518 2486 2632
f 2548 2607 2609
f 2610 2608 2633
f 2633 2608 2609
f 2610 2634 2579
f 2580 2579 2634
f 2580 2634 2635
f 2578 2522 2612
f 2580 2635 2611
f 2635 2636 2611
f 2636 2582 2611
f 2636 2635 2637
f 2613 2582 2636
f 2638 2613 2636
f 2612 2614 2639
f 2614 2612 2583
f 2615 2613 2638
f 2640 2615 2638
f 2586 2641 2614
f 2642 2641 2586
f 2640 2616 2615
f 2640 2643 2616
f 2586 2617 2642
f 2642 2617 2644
f 2645 2616 2643
f 2645 2590 2616
f 2646 2618 2645
f 2647 2618 2646
f 2620 2647 2648
f 2617 2619 2644
f 2619 2649 2644
f 2617 2589 2619
f 2618 2590 2645
f 2620 2618 2647
f 2621 2620 2648
f 2622 2621 2648
f 2623 2622 2650
f 2649 2626 2650
f 2626 2623 2650
f 2619 2624 2649
f 2624 2626 2649
f 2516 2485 2651
f 2652 2485 2545
f 2515 2653 2545
f 2515 2546 2653
f 2517 2516 2654
f 2517 2654 2631
f 2370 2631 2487
f 2487 2631 2655
f 2655 2605 2487
f 2606 2656 2607
f 2633 2609 2656
f 2656 2609 2607
f 2634 2610 2657
f 2547 2578 2658
f 2578 2612 2658
f 2658 2612 2659
f 2635 2634 2657
f 2635 2657 2637
f 2659 2612 2639
f 2660 2638 2636
f 2660 2640 2638
f 2661 2640 2660
f 2639 2614 2641
f 2643 2640 2661
f 2641 2642 2662
f 2661 2645 2643
f 2662 2642 2663
f 2664 2645 2661
f 2642 2644 2663
f 2663 2644 2665
f 2666 2646 2664
f 2646 2645 2664
f 2667 2668 2648
f 2669 2650 2670
f 2649 2650 2669
f 2665 2649 2669
f 2666 2647 2646
f 2667 2647 2666
f 2670 2648 2668
f 2622 2648 2670
f 2644 2649 2665
f 2648 2647 2667
f 2670 2650 2622
f 2485 2652 2651
f 2545 2653 2652
f 2654 2651 2671
f 2516 2651 2654
f 2546 2632 2672
f 2518 2632 2546
f 2655 2673 2605
f 2486 2547 2632
f 2632 2547 2674
f 2606 2673 2675
f 2673 2606 2605
f 2606 2675 2656
f 2547 2658 2674
f 2633 2676 2610
f 2610 2676 2657
f 2676 2637 2657
f 2677 2637 2678
f 2677 2636 2637
f 2660 2636 2677
f 2659 2679 2680
f 2679 2659 2639
f 2641 2681 2679
f 2679 2639 2641
f 2682 2661 2660
f 2641 2662 2683
f 2681 2641 2683
f 2682 2664 2661
f 2684 2683 2685
f 2662 2663 2683
f 2664 2686 2666
f 2687 2668 2667
f 2670 2668 2687
f 2685 2669 2687
f 2669 2670 2687
f 2683 2669 2685
f 2663 2665 2683
f 2667 2666 2686
f 2683 2665 2669
f 2652 2688 2651
f 2652 2653 2688
f 2653 2546 2672
f 2651 2689 2671
f 2690 2672 2632
f 2654 2691 2631
f 2654 2692 2691
f 2671 2692 2654
f 2631 2691 2655
f 2655 2693 2673
f 2675 2673 2694
f 2693 2694 2673
f 2656 2675 2695
f 2656 2695 2633
f 2674 2658 2696
f 2676 2633 2697
f 2697 2633 2695
f 2676 2678 2637
f 2678 2676 2697
f 2658 2659 2696
f 2698 2677 2678
f 2696 2680 2699
f 2680 2696 2659
f 2677 2698 2660
f 2700 2660 2698
f 2679 2681 2701
f 2680 2679 2701
f 2700 2682 2660
f 2701 2684 2702
f 2701 2681 2684
f 2681 2683 2684
f 2703 2664 2682
f 2703 2704 2686
f 2686 2664 2703
f 2705 2667 2704
f 2687 2667 2705
f 2706 2687 2705
f 2702 2687 2706
f 2684 2685 2702
f 2667 2686 2704
f 2702 2685 2687
f 2653 2707 2688
f 2653 2672 2707
f 2688 2689 2651
f 2672 2690 2707
f 2708 2692 2671
f 2689 2708 2671
f 2655 2691 2709
f 2691 2692 2709
f 2632 2674 2690
f 2709 2693 2655
f 2674 2710 2690
f 2695 2675 2711
f 2675 2694 2711
f 2696 2710 2674
f 2699 2710 2696
f 2697 2695 2712
f 2711 2712 2695
f 2712 2678 2697
f 2713 2678 2712
f 2713 2698 2678
f 2713 2700 2698
f 2714 2700 2713
f 2715 2716 2680
f 2716 2699 2680
f 2703 2700 2714
f 2706 2717 2718
f 2706 2718 2715
f 2719 2703 2714
f 2704 2703 2719
f 2719 2717 2705
f 2702 2706 2715
f 2680 2701 2715
f 2703 2682 2700
f 2705 2704 2719
f 2706 2705 2717
f 2715 2701 2702
f 2720 2688 2707
f 2689 2688 2720
f 2707 2721 2720
f 2707 2690 2721
f 2708 2689 2722
f 2722 2689 2720
f 2721 2690 2723
f 2709 2692 2724
f 2692 2708 2724
f 2722 2724 2708
f 2690 2710 2723
f 2693 2709 2725
f 2725 2709 2724
f 2723 2710 2726
f 2693 2725 2694
f 2711 2694 2727
f 2694 2725 2727
f 2728 2727 2725
f 2729 2727 2728
f 2710 2699 2730
f 2726 2710 2730
f 2727 2712 2711
f 2729 2712 2727
f 2729 2713 2712
f 2730 2699 2731
f 2729 2714 2713
f 2732 2714 2729
f 2699 2716 2731
f 2731 2718 2733
f 2716 2718 2731
f 2732 2719 2714
f 2734 2719 2732
f 2733 2717 2734
f 2716 2715 2718
f 2718 2717 2733
f 2717 2719 2734
f 2722 2720 2735
f 2720 2721 2735
f 2735 2721 2723
f 2724 2722 2736
f 2736 2722 2735
f 2723 2737 2735
f 2735 2738 2736
f 2738 2739 2736
f 2737 2738 2735
f 2723 2726 2737
f 2725 2724 2736
f 2725 2736 2728
f 2728 2736 2740
f 2739 2740 2736
f 2737 2741 2738
f 2742 2740 2739
f 2738 2741 2739
f 2741 2742 2739
f 2726 2730 2737
f 2740 2729 2728
f 2737 2743 2741
f 2730 2743 2737
f 2732 2729 2740
f 2742 2732 2740
f 2744 2732 2742
f 2741 2744 2742
f 2743 2744 2741
f 2731 2733 2743
f 2730 2731 2743
f 2743 2733 2744
f 2744 2734 2732
f 2733 2734 2744
f 2745 2746 2747
f 2748 2749 2745
f 2746 2745 2749
f 2750 2746 2751
f 2748 2752 2753
f 2749 2748 2753
f 2754 2746 2749
f 2751 2746 2754
f 2752 2755 2753
f 2749 2753 2756
f 2754 2749 2756
f 2753 2755 2756
f 2751 2754 2757
f 2758 2755 2759
f 2756 2755 2758
f 2760 2756 2758
f 2754 2756 2760
f 2757 2754 2760
f 2761 2747 2762
f 2762 2747 2763
f 2764 2763 2746
f 2765 2764 2746
f 2766 2767 2761
f 2747 2761 2745
f 2746 2763 2747
f 2750 2765 2746
f 2767 2768 2769
f 2745 2767 2748
f 2761 2767 2745
f 2750 2770 2765
f 2769 2771 2767
f 2767 2771 2752
f 2748 2767 2752
f 2771 2769 2772
f 2752 2773 2755
f 2752 2771 2773
f 2750 2751 2774
f 2775 2770 2750
f 2775 2750 2774
f 2773 2771 2772
f 2755 2773 2759
f 2773 2772 2759
f 2759 2772 2776
f 2777 2759 2776
f 2757 2774 2751
f 2757 2778 2774
f 2779 2775 2774
f 2780 2760 2758
f 2760 2781 2757
f 2778 2757 2782
f 2778 2779 2774
f 2759 2777 2783
f 2782 2757 2781
f 2758 2759 2783
f 2781 2760 2780
f 2784 2758 2783
f 2780 2758 2784
f 2762 2785 2786
f 2762 2763 2785
f 2785 2763 2787
f 2764 2787 2763
f 2766 2761 2786
f 2788 2766 2786
f 2762 2786 2761
f 2764 2765 2789
f 2790 2768 2766
f 2768 2767 2766
f 2791 2769 2768
f 2789 2765 2770
f 2769 2792 2793
f 2769 2793 2772
f 2793 2794 2772
f 2795 2794 2796
f 2772 2794 2795
f 2795 2796 2776
f 2772 2795 2776
f 2776 2796 2797
f 2779 2778 2798
f 2798 2799 2779
f 2776 2797 2800
f 2777 2776 2800
f 2782 2798 2778
f 2801 2799 2798
f 2777 2800 2802
f 2802 2800 2803
f 2783 2777 2802
f 2798 2782 2804
f 2784 2783 2802
f 2780 2784 2805
f 2781 2780 2806
f 2806 2780 2805
f 2782 2781 2806
f 2804 2782 2806
f 2784 2802 2807
f 2764 2808 2787
f 2809 2808 2764
f 2764 2789 2809
f 2790 2766 2788
f 2790 2791 2768
f 2769 2791 2792
f 2789 2770 2810
f 2811 2793 2812
f 2812 2793 2792
f 2793 2811 2794
f 2810 2770 2775
f 2811 2813 2794
f 2794 2813 2796
f 2814 2810 2775
f 2796 2813 2815
f 2775 2779 2814
f 2796 2815 2797
f 2779 2799 2814
f 2797 2815 2816
f 2797 2816 2800
f 2817 2814 2799
f 2800 2816 2818
f 2800 2818 2803
f 2801 2817 2799
f 2819 2817 2801
f 2798 2804 2801
f 2802 2803 2820
f 2806 2821 2804
f 2801 2804 2822
f 2822 2804 2821
f 2807 2802 2820
f 2823 2784 2807
f 2805 2784 2823
f 2806 2805 2824
f 2821 2806 2824
f 2824 2805 2823
f 2785 2825 2786
f 2785 2826 2825
f 2785 2827 2826
f 2827 2785 2787
f 2827 2787 2828
f 2787 2808 2828
f 2788 2829 2790
f 2830 2809 2789
f 2791 2831 2812
f 2789 2832 2830
f 2812 2792 2791
f 2789 2810 2832
f 2833 2811 2834
f 2812 2834 2811
f 2835 2811 2833
f 2813 2835 2836
f 2811 2835 2813
f 2836 2837 2813
f 2813 2837 2815
f 2837 2838 2816
f 2815 2837 2816
f 2814 2817 2839
f 2816 2838 2818
f 2840 2841 2817
f 2819 2840 2817
f 2803 2818 2842
f 2819 2801 2822
f 2803 2842 2820
f 2822 2843 2819
f 2844 2843 2822
f 2845 2843 2844
f 2823 2846 2824
f 2824 2847 2821
f 2822 2821 2847
f 2844 2822 2847
f 2807 2820 2848
f 2823 2807 2849
f 2846 2823 2849
f 2849 2807 2848
f 2824 2846 2850
f 2850 2846 2851
f 2828 2808 2809
f 2788 2825 2829
f 2786 2825 2788
f 2791 2790 2852
f 2790 2829 2852
f 2791 2852 2831
f 2812 2831 2834
f 2836 2853 2854
f 2836 2835 2853
f 2810 2814 2832
f 2832 2814 2839
f 2855 2854 2856
f 2854 2855 2836
f 2837 2836 2855
f 2837 2855 2838
f 2857 2838 2855
f 2838 2857 2858
f 2839 2817 2841
f 2838 2858 2818
f 2818 2858 2859
f 2842 2818 2859
f 2840 2819 2843
f 2840 2843 2860
f 2842 2859 2861
f 2862 2860 2843
f 2845 2862 2843
f 2820 2842 2848
f 2848 2842 2861
f 2847 2845 2844
f 2824 2863 2847
f 2850 2863 2824
f 2845 2847 2864
f 2849 2865 2846
f 2864 2847 2863
f 2849 2848 2866
f 2865 2849 2866
f 2851 2846 2865
f 2834 2831 2867
f 2834 2867 2833
f 2833 2867 2868
f 2835 2833 2869
f 2835 2869 2853
f 2832 2839 2870
f 2854 2871 2856
f 2856 2871 2872
f 2872 2873 2856
f 2856 2873 2857
f 2856 2857 2855
f 2839 2874 2870
f 2841 2874 2839
f 2857 2873 2858
f 2858 2873 2875
f 2859 2858 2875
f 2859 2875 2876
f 2841 2840 2860
f 2876 2877 2859
f 2861 2859 2877
f 2862 2845 2878
f 2878 2879 2862
f 2880 2861 2877
f 2848 2861 2880
f 2878 2845 2881
f 2845 2864 2881
f 2882 2879 2878
f 2881 2882 2878
f 2848 2880 2883
f 2881 2864 2884
f 2885 2863 2850
f 2864 2863 2886
f 2865 2866 2887
f 2888 2865 2887
f 2851 2865 2888
f 2885 2851 2888
f 2850 2851 2885
f 2886 2863 2885
f 2884 2864 2886
f 2848 2889 2866
f 2886 2885 2890
f 2833 2868 2869
f 2853 2891 2892
f 2854 2853 2892
f 2853 2869 2891
f 2854 2892 2893
f 2871 2854 2893
f 2871 2894 2895
f 2894 2871 2893
f 2872 2895 2896
f 2871 2895 2872
f 2872 2896 2873
f 2897 2873 2896
f 2873 2897 2875
f 2875 2897 2898
f 2875 2898 2876
f 2841 2860 2874
f 2898 2899 2876
f 2860 2862 2900
f 2876 2899 2901
f 2877 2876 2901
f 2900 2862 2879
f 2900 2879 2902
f 2901 2903 2877
f 2880 2877 2903
f 2902 2879 2882
f 2904 2902 2882
f 2882 2881 2904
f 2904 2881 2905
f 2881 2884 2905
f 2905 2906 2904
f 2848 2883 2889
f 2886 2907 2884
f 2905 2884 2907
f 2887 2908 2888
f 2908 2885 2888
f 2907 2886 2909
f 2907 2910 2905
f 2890 2885 2908
f 2911 2910 2907
f 2912 2887 2866
f 2908 2887 2912
f 2886 2890 2909
f 2913 2907 2909
f 2911 2907 2914
f 2890 2908 2915
f 2909 2890 2915
f 2913 2914 2907
f 2916 2909 2915
f 2913 2909 2917
f 2917 2909 2916
f 2918 2916 2915
f 2830 2832 2919
f 2895 2920 2896
f 2920 2921 2896
f 2896 2921 2897
f 2921 2922 2897
f 2923 2898 2922
f 2897 2922 2898
f 2898 2923 2924
f 2899 2898 2924
f 2860 2925 2874
f 2860 2900 2925
f 2900 2902 2926
f 2902 2904 2927
f 2880 2903 2928
f 2927 2904 2906
f 2880 2928 2929
f 2883 2880 2929
f 2906 2905 2910
f 2889 2883 2929
f 2911 2930 2910
f 2931 2866 2889
f 2912 2866 2931
f 2908 2912 2932
f 2914 2933 2934
f 2914 2934 2911
f 2912 2931 2935
f 2936 2908 2932
f 2915 2908 2936
f 2933 2913 2937
f 2914 2913 2933
f 2932 2912 2935
f 2936 2932 2938
f 2913 2917 2937
f 2939 2937 2917
f 2932 2935 2940
f 2915 2936 2941
f 2918 2915 2941
f 2942 2939 2917
f 2932 2940 2938
f 2943 2939 2942
f 2936 2938 2941
f 2918 2941 2944
f 2916 2918 2945
f 2917 2916 2946
f 2946 2916 2945
f 2943 2942 2946
f 2946 2942 2917
f 2918 2944 2945
f 2941 2938 2947
f 2945 2944 2948
f 2944 2941 2949
f 2948 2944 2949
f 2941 2947 2949
f 2828 2950 2827
f 2828 2951 2950
f 2809 2951 2828
f 2829 2825 2952
f 2953 2809 2830
f 2831 2852 2954
f 2830 2919 2953
f 2867 2831 2954
f 2832 2870 2919
f 2893 2892 2955
f 2892 2891 2955
f 2893 2955 2894
f 2956 2895 2894
f 2920 2956 2957
f 2895 2956 2920
f 2920 2957 2921
f 2958 2921 2957
f 2870 2874 2959
f 2960 2922 2958
f 2921 2958 2922
f 2922 2960 2923
f 2923 2960 2924
f 2924 2960 2961
f 2962 2924 2961
f 2900 2926 2925
f 2924 2962 2899
f 2926 2902 2963
f 2901 2899 2964
f 2902 2927 2963
f 2903 2901 2964
f 2927 2906 2965
f 2928 2903 2966
f 2906 2910 2965
f 2965 2910 2930
f 2966 2903 2967
f 2929 2928 2968
f 2929 2968 2889
f 2930 2911 2934
f 2968 2928 2966
f 2889 2968 2969
f 2934 2933 2970
f 2889 2969 2931
f 2933 2937 2970
f 2935 2931 2969
f 2970 2937 2971
f 2939 2971 2937
f 2969 2972 2935
f 2939 2943 2973
f 2943 2974 2973
f 2975 2935 2972
f 2940 2935 2975
f 2938 2940 2976
f 2976 2940 2975
f 2938 2976 2947
f 2945 2977 2946
f 2946 2977 2978
f 2946 2978 2943
f 2979 2976 2975
f 2947 2976 2979
f 2948 2977 2945
f 2947 2979 2980
f 2949 2947 2980
f 2981 2977 2948
f 2981 2948 2982
f 2983 2979 2975
f 2982 2948 2980
f 2980 2948 2949
f 2984 2979 2983
f 2980 2979 2984
f 2980 2984 2985
f 2982 2980 2985
f 2827 2986 2987
f 2827 2950 2986
f 2826 2987 2825
f 2825 2987 2988
f 2987 2826 2827
f 2867 2954 2868
f 2869 2989 2891
f 2919 2870 2990
f 2956 2894 2991
f 2894 2955 2991
f 2870 2959 2990
f 2992 2960 2958
f 2961 2992 2993
f 2992 2961 2960
f 2961 2993 2994
f 2961 2994 2962
f 2995 2962 2994
f 2964 2962 2995
f 2899 2962 2964
f 2963 2927 2965
f 2996 2967 2964
f 2903 2964 2967
f 2965 2930 2997
f 2966 2967 2998
f 2997 2930 2934
f 2997 2934 2970
f 2997 2970 2999
f 2968 2966 2998
f 2999 2970 3000
f 2968 2998 3001
f 2971 3002 2970
f 2969 2968 3001
f 2971 2939 2973
f 3003 2969 3001
f 2972 2969 3003
f 2974 2943 2978
f 2972 3003 2975
f 3004 3003 3005
f 2975 3003 3004
f 2978 2977 3006
f 3004 3005 3007
f 2975 3004 3007
f 2977 2981 3006
f 2983 3007 3008
f 2975 3007 2983
f 2982 2985 3009
f 3008 3007 3010
f 2983 3008 3011
f 3012 2985 2984
f 2983 3011 3013
f 2984 2983 3012
f 3012 2983 3013
f 3014 2985 3012
f 3015 3008 3010
f 3011 3008 3015
f 3013 3011 3015
f 2825 2988 2952
f 2852 2829 2952
f 2891 3016 2955
f 2956 2991 3017
f 3018 2957 2956
f 3018 2956 3017
f 2958 3019 3020
f 2958 2957 3019
f 3019 2957 3018
f 3020 3021 2958
f 2958 3021 2992
f 2874 2925 3022
f 2992 3021 3023
f 2992 3023 2993
f 2925 2926 3022
f 2926 3024 3022
f 2926 2963 3024
f 2964 2995 2996
f 2963 2965 3025
f 2965 2997 3025
f 2967 2996 3026
f 2997 2999 3027
f 3027 2999 3028
f 2967 3026 3029
f 2998 2967 3029
f 2999 3000 3030
f 2970 3002 3000
f 2971 2973 3031
f 2971 3031 3002
f 3032 2998 3029
f 3001 2998 3032
f 2973 2974 3033
f 2973 3033 3031
f 3034 2974 2978
f 3003 3001 3005
f 3001 3032 3035
f 3005 3001 3035
f 3036 3005 3035
f 3006 2981 3037
f 3005 3036 3007
f 2981 2982 3009
f 3037 2981 3009
f 3037 3009 3038
f 3007 3036 3010
f 3010 3036 3039
f 2985 3014 3009
f 3009 3014 3040
f 3039 3036 3041
f 3015 3042 3013
f 3042 3043 3013
f 3012 3013 3043
f 3012 3043 3014
f 3010 3039 3044
f 3015 3010 3042
f 3010 3044 3042
f 3043 3042 3045
f 3039 3041 3046
f 3044 3039 3046
f 3047 3042 3044
f 2951 2809 2953
f 2852 2952 3048
f 2868 2989 2869
f 2891 2989 3049
f 2955 3016 3050
f 2955 3050 2991
f 2991 3050 3051
f 2991 3051 3017
f 3017 3052 3018
f 3020 3019 3053
f 2959 2874 3022
f 3021 3053 3054
f 3020 3053 3021
f 3021 3054 3023
f 3023 3055 2993
f 2993 3055 3056
f 2993 3056 2994
f 2963 3057 3024
f 2994 3056 2995
f 2996 2995 3058
f 2997 3027 3025
f 2996 3058 3026
f 3026 3058 3059
f 2999 3030 3028
f 3000 3002 3060
f 3029 3026 3061
f 3061 3026 3059
f 3059 3062 3061
f 3029 3061 3032
f 3033 2974 3034
f 2978 3063 3034
f 3032 3061 3064
f 3063 2978 3006
f 3063 3006 3065
f 3032 3064 3066
f 3035 3032 3066
f 3065 3006 3037
f 3066 3064 3067
f 3036 3035 3066
f 3036 3066 3067
f 3068 3009 3040
f 3068 3038 3009
f 3040 3014 3043
f 3067 3069 3070
f 3041 3067 3070
f 3036 3067 3041
f 3045 3071 3043
f 3040 3043 3071
f 3047 3045 3042
f 3070 3069 3072
f 3073 3041 3070
f 3041 3073 3046
f 3073 3074 3046
f 3046 3074 3044
f 3074 3047 3044
f 3045 3047 3075
f 3047 3074 3076
f 3070 3072 3077
f 3078 3070 3077
f 3073 3070 3078
f 3074 3073 3079
f 3076 3074 3079
f 3073 3078 3079
f 3080 2951 2953
f 3048 2954 2852
f 2953 2919 3081
f 2954 3082 2868
f 3082 2989 2868
f 2891 3049 3016
f 3017 3051 3052
f 3019 3052 3083
f 3052 3019 3018
f 3053 3019 3084
f 3054 3053 3085
f 3054 3085 3023
f 3023 3085 3086
f 3023 3086 3055
f 3022 3024 3087
f 3055 3088 3056
f 3024 3057 3087
f 3089 3056 3088
f 3090 3056 3089
f 3056 3090 2995
f 2963 3025 3057
f 3057 3025 3091
f 2995 3090 3058
f 3090 3092 3058
f 3058 3092 3059
f 3000 3060 3030
f 3060 3002 3093
f 3093 3002 3031
f 3094 3031 3033
f 3033 3034 3094
f 3061 3062 3095
f 3061 3095 3064
f 3096 3063 3065
f 3064 3095 3067
f 3037 3038 3065
f 3065 3038 3068
f 3067 3095 3097
f 3069 3067 3097
f 3069 3097 3098
f 3069 3098 3072
f 3099 3045 3075
f 3071 3045 3099
f 3075 3047 3076
f 3072 3098 3100
f 3077 3072 3100
f 3078 3101 3079
f 3101 3102 3079
f 3076 3079 3102
f 3103 3100 3104
f 3077 3100 3103
f 3078 3077 3103
f 3101 3078 3105
f 3102 3101 3106
f 3078 3103 3105
f 3101 3105 3107
f 3103 3104 3108
f 3105 3103 3108
f 2950 3109 2986
f 2950 2951 3109
f 2919 2990 3081
f 3019 3110 3084
f 3019 3083 3110
f 3111 3053 3084
f 3085 3111 3112
f 3111 3085 3053
f 3086 3112 3113
f 3112 3086 3085
f 3022 3087 3114
f 3055 3086 3088
f 3115 3087 3057
f 3057 3116 3115
f 3025 3027 3091
f 3091 3027 3117
f 3027 3028 3117
f 3090 3118 3092
f 3119 3117 3028
f 3119 3028 3030
f 3060 3119 3030
f 3118 3120 3092
f 3059 3092 3121
f 3093 3031 3094
f 3122 3093 3094
f 3121 3092 3120
f 3059 3121 3062
f 3094 3034 3063
f 3123 3094 3063
f 3063 3096 3123
f 3062 3121 3124
f 3095 3062 3124
f 3095 3124 3097
f 3097 3124 3125
f 3126 3068 3040
f 3097 3125 3098
f 3098 3125 3127
f 3040 3071 3126
f 3098 3127 3100
f 3128 3076 3102
f 3128 3075 3076
f 3099 3075 3128
f 3100 3127 3129
f 3102 3106 3130
f 3100 3129 3104
f 3106 3101 3107
f 3104 3129 3131
f 3104 3131 3132
f 3108 3104 3132
f 3133 3105 3108
f 3107 3105 3134
f 2986 3135 2987
f 2986 3109 3135
f 2951 3080 3136
f 3080 2953 3137
f 2954 3048 3138
f 2953 3081 3137
f 3081 3139 3137
f 3081 2990 3139
f 3140 3139 2990
f 3051 3050 3141
f 2990 2959 3140
f 3052 3051 3141
f 3142 3140 2959
f 3052 3141 3083
f 3084 3110 3111
f 3111 3110 3143
f 3112 3111 3144
f 3142 2959 3022
f 3022 3114 3142
f 3086 3113 3145
f 3086 3145 3088
f 3087 3115 3114
f 3088 3145 3146
f 3088 3146 3089
f 3146 3147 3089
f 3057 3091 3116
f 3116 3091 3148
f 3089 3147 3149
f 3089 3149 3090
f 3117 3148 3091
f 3090 3149 3150
f 3151 3117 3119
f 3090 3150 3118
f 3151 3119 3060
f 3152 3151 3060
f 3118 3150 3120
f 3060 3093 3152
f 3093 3122 3152
f 3120 3150 3153
f 3094 3123 3122
f 3096 3154 3123
f 3120 3153 3155
f 3065 3156 3096
f 3120 3155 3121
f 3065 3157 3156
f 3068 3157 3065
f 3121 3155 3124
f 3124 3155 3158
f 3125 3124 3158
f 3157 3068 3126
f 3125 3158 3159
f 3127 3125 3159
f 3126 3071 3099
f 3127 3159 3160
f 3128 3102 3130
f 3131 3127 3160
f 3127 3131 3129
f 3106 3107 3161
f 3161 3130 3106
f 3105 3133 3134
f 3161 3107 3134
f 3161 3134 3162
f 3163 3131 3164
f 3131 3163 3132
f 3132 3165 3108
f 3165 3133 3108
f 3163 3164 3166
f 3132 3163 3166
f 3165 3132 3167
f 3133 3165 3168
f 3167 3166 3169
f 3167 3132 3166
f 3165 3167 3170
f 3166 3164 3169
f 3167 3169 3171
f 2987 3172 2988
f 2987 3135 3172
f 3109 2951 3136
f 2952 3173 3048
f 2988 3173 2952
f 3080 3174 3136
f 3174 3080 3137
f 3138 3082 2954
f 3139 3175 3137
f 2989 3176 3049
f 3139 3140 3175
f 3140 3142 3177
f 3083 3141 3178
f 3110 3083 3179
f 3143 3110 3179
f 3111 3143 3144
f 3112 3144 3180
f 3181 3142 3114
f 3112 3180 3113
f 3145 3180 3182
f 3180 3145 3113
f 3181 3114 3183
f 3145 3182 3184
f 3183 3114 3115
f 3145 3184 3146
f 3115 3185 3183
f 3185 3115 3116
f 3185 3116 3148
f 3185 3148 3186
f 3186 3148 3117
f 3151 3186 3117
f 3149 3187 3150
f 3151 3152 3188
f 3152 3122 3189
f 3188 3152 3189
f 3150 3187 3153
f 3190 3189 3122
f 3122 3123 3190
f 3123 3191 3190
f 3191 3123 3154
f 3096 3192 3154
f 3193 3096 3156
f 3158 3153 3194
f 3155 3153 3158
f 3156 3157 3195
f 3196 3099 3128
f 3160 3159 3197
f 3198 3128 3130
f 3160 3197 3164
f 3164 3197 3199
f 3160 3164 3131
f 3133 3200 3134
f 3200 3162 3134
f 3200 3133 3168
f 3164 3199 3201
f 3168 3165 3170
f 3201 3199 3202
f 3164 3201 3203
f 3164 3203 3169
f 3170 3167 3171
f 3204 3169 3203
f 3171 3169 3204
f 3201 3202 3205
f 3203 3201 3205
f 3135 3206 3172
f 3135 3109 3206
f 2988 3207 3173
f 3172 3207 2988
f 3048 3173 3208
f 3209 3174 3137
f 3175 3209 3137
f 3050 3016 3210
f 3175 3140 3211
f 3050 3210 3141
f 3177 3212 3211
f 3211 3140 3177
f 3179 3083 3178
f 3143 3179 3213
f 3143 3214 3215
f 3214 3143 3213
f 3180 3144 3215
f 3215 3144 3143
f 3181 3177 3142
f 3181 3212 3177
f 3180 3215 3216
f 3216 3217 3182
f 3216 3182 3180
f 3182 3217 3218
f 3184 3182 3218
f 3185 3219 3183
f 3185 3220 3219
f 3185 3186 3220
f 3146 3221 3147
f 3221 3149 3147
f 3222 3220 3186
f 3186 3151 3222
f 3222 3151 3223
f 3224 3187 3221
f 3151 3188 3223
f 3225 3223 3188
f 3188 3189 3225
f 3225 3189 3226
f 3226 3189 3190
f 3190 3227 3226
f 3153 3187 3228
f 3190 3191 3227
f 3153 3228 3194
f 3191 3192 3229
f 3191 3154 3192
f 3192 3096 3193
f 3156 3230 3193
f 3230 3156 3195
f 3194 3231 3158
f 3157 3126 3232
f 3158 3231 3159
f 3126 3099 3196
f 3159 3231 3233
f 3159 3233 3197
f 3196 3128 3198
f 3198 3130 3161
f 3234 3199 3197
f 3235 3199 3234
f 3202 3199 3235
f 3204 3236 3171
f 3202 3235 3237
f 3202 3237 3205
f 3205 3238 3203
f 3238 3239 3203
f 3204 3203 3239
f 3236 3204 3240
f 3205 3237 3241
f 3238 3205 3241
f 3238 3241 3242
f 3207 3172 3206
f 3206 3109 3136
f 3207 3243 3173
f 3136 3244 3206
f 3136 3245 3244
f 3136 3174 3245
f 3138 3208 3246
f 3048 3208 3138
f 3209 3245 3174
f 3049 3247 3016
f 3211 3248 3175
f 3211 3212 3248
f 3249 3248 3212
f 3141 3250 3178
f 3215 3251 3252
f 3215 3214 3251
f 3216 3252 3253
f 3216 3215 3252
f 3249 3212 3254
f 3181 3254 3212
f 3253 3217 3216
f 3181 3183 3254
f 3218 3255 3184
f 3183 3219 3254
f 3254 3219 3256
f 3255 3257 3184
f 3184 3257 3146
f 3219 3220 3256
f 3146 3257 3221
f 3256 3220 3258
f 3220 3222 3258
f 3259 3258 3222
f 3149 3221 3187
f 3222 3223 3259
f 3223 3225 3259
f 3225 3260 3259
f 3261 3262 3260
f 3225 3226 3260
f 3226 3261 3260
f 3261 3226 3227
f 3187 3224 3228
f 3263 3261 3191
f 3227 3191 3261
f 3191 3229 3263
f 3194 3228 3264
f 3192 3193 3229
f 3264 3265 3194
f 3157 3232 3266
f 3195 3157 3266
f 3194 3265 3231
f 3232 3126 3267
f 3268 3126 3196
f 3231 3265 3233
f 3265 3269 3233
f 3233 3269 3197
f 3161 3270 3198
f 3161 3162 3270
f 3269 3234 3197
f 3200 3168 3271
f 3272 3235 3234
f 3271 3168 3170
f 3236 3170 3171
f 3273 3235 3272
f 3204 3239 3240
f 3236 3240 3274
f 3240 3239 3275
f 3235 3273 3276
f 3277 3235 3276
f 3237 3235 3277
f 3277 3241 3237
f 3239 3238 3275
f 3275 3238 3242
f 3277 3276 3278
f 3241 3277 3278
f 3279 3242 3241
f 3243 3207 3280
f 3207 3206 3281
f 3280 3207 3281
f 3281 3206 3244
f 3282 3208 3173
f 3173 3283 3282
f 3243 3283 3173
f 3245 3281 3244
f 3281 3245 3284
f 3246 3082 3138
f 3245 3209 3284
f 3285 3284 3209
f 3175 3248 3209
f 3248 3285 3209
f 3176 3247 3049
f 3248 3249 3285
f 3286 3285 3287
f 3285 3249 3287
f 3288 3286 3287
f 3249 3254 3287
f 3253 3289 3290
f 3289 3253 3252
f 3287 3254 3288
f 3217 3290 3291
f 3253 3290 3217
f 3217 3291 3218
f 3288 3254 3292
f 3257 3255 3293
f 3254 3256 3292
f 3294 3257 3293
f 3294 3295 3257
f 3256 3258 3292
f 3221 3257 3295
f 3292 3258 3296
f 3258 3259 3296
f 3259 3297 3296
f 3298 3224 3295
f 3221 3295 3224
f 3259 3262 3297
f 3259 3260 3262
f 3299 3300 3262
f 3261 3299 3262
f 3301 3300 3299
f 3224 3298 3228
f 3302 3301 3299
f 3261 3263 3302
f 3299 3261 3302
f 3298 3264 3228
f 3263 3229 3303
f 3229 3193 3303
f 3193 3230 3303
f 3266 3230 3195
f 3265 3264 3304
f 3305 3266 3232
f 3267 3126 3268
f 3269 3265 3234
f 3270 3162 3200
f 3270 3200 3271
f 3271 3170 3236
f 3306 3273 3272
f 3274 3240 3275
f 3273 3306 3307
f 3273 3307 3276
f 3242 3279 3275
f 3307 3306 3308
f 3276 3307 3309
f 3309 3278 3276
f 3278 3310 3241
f 3310 3279 3241
f 3309 3307 3308
f 3309 3310 3278
f 3279 3310 3311
f 3309 3308 3312
f 3310 3309 3312
f 3280 3281 3313
f 3208 3314 3246
f 3208 3282 3314
f 3243 3315 3283
f 3280 3315 3243
f 3315 3313 3316
f 3315 3280 3313
f 3281 3317 3313
f 3317 3316 3313
f 3284 3317 3281
f 3284 3318 3317
f 3284 3285 3318
f 3318 3319 3317
f 3285 3286 3318
f 3141 3210 3320
f 3286 3319 3318
f 3179 3178 3321
f 3179 3321 3213
f 3322 3319 3286
f 3251 3214 3323
f 3286 3288 3322
f 3324 3252 3251
f 3324 3289 3252
f 3291 3290 3325
f 3291 3326 3218
f 3325 3326 3291
f 3322 3288 3327
f 3218 3326 3255
f 3327 3328 3322
f 3288 3292 3327
f 3327 3297 3328
f 3292 3296 3327
f 3296 3297 3327
f 3329 3295 3294
f 3262 3330 3297
f 3298 3295 3329
f 3262 3300 3330
f 3331 3301 3302
f 3332 3331 3302
f 3302 3263 3332
f 3263 3303 3332
f 3298 3333 3264
f 3230 3334 3303
f 3266 3335 3334
f 3230 3266 3334
f 3335 3266 3305
f 3264 3333 3304
f 3305 3232 3267
f 3265 3304 3234
f 3234 3304 3336
f 3198 3270 3337
f 3234 3336 3272
f 3272 3336 3338
f 3271 3236 3339
f 3338 3306 3272
f 3306 3338 3340
f 3306 3340 3341
f 3342 3275 3279
f 3306 3341 3343
f 3306 3343 3308
f 3342 3279 3311
f 3308 3343 3344
f 3308 3344 3312
f 3312 3345 3310
f 3345 3346 3310
f 3311 3310 3346
f 3312 3344 3347
f 3345 3312 3347
f 3282 3348 3314
f 3282 3283 3348
f 3349 3315 3316
f 3082 3246 3350
f 3317 3351 3316
f 3350 2989 3082
f 3176 2989 3350
f 3351 3317 3352
f 3317 3319 3352
f 3016 3247 3210
f 3353 3352 3354
f 3352 3319 3354
f 3141 3320 3250
f 3213 3321 3355
f 3355 3214 3213
f 3319 3356 3354
f 3323 3324 3251
f 3289 3324 3357
f 3319 3322 3356
f 3325 3289 3358
f 3325 3290 3289
f 3325 3358 3359
f 3325 3359 3326
f 3359 3360 3326
f 3322 3361 3356
f 3360 3255 3326
f 3322 3328 3361
f 3255 3360 3293
f 3328 3297 3361
f 3297 3330 3361
f 3300 3362 3330
f 3363 3298 3329
f 3364 3298 3363
f 3300 3301 3362
f 3301 3365 3362
f 3364 3333 3298
f 3333 3364 3366
f 3332 3303 3367
f 3367 3303 3334
f 3305 3368 3335
f 3267 3368 3305
f 3304 3333 3369
f 3370 3268 3196
f 3369 3336 3304
f 3236 3274 3339
f 3338 3371 3340
f 3372 3274 3275
f 3373 3340 3371
f 3341 3340 3373
f 3341 3373 3374
f 3343 3341 3344
f 3341 3374 3344
f 3346 3345 3375
f 3345 3347 3376
f 3283 3315 3349
f 3348 3283 3349
f 3246 3377 3350
f 3314 3377 3246
f 3349 3316 3351
f 3378 3349 3351
f 3351 3353 3378
f 3351 3352 3353
f 3353 3354 3379
f 3178 3250 3321
f 3355 3380 3214
f 3379 3354 3381
f 3323 3382 3324
f 3354 3356 3381
f 3289 3383 3358
f 3289 3357 3383
f 3359 3358 3384
f 3356 3385 3381
f 3386 3360 3359
f 3386 3293 3360
f 3356 3361 3385
f 3293 3387 3294
f 3388 3294 3387
f 3389 3385 3361
f 3361 3330 3389
f 3294 3388 3329
f 3330 3362 3389
f 3366 3364 3363
f 3301 3331 3365
f 3331 3332 3390
f 3332 3391 3390
f 3332 3367 3391
f 3366 3392 3333
f 3393 3391 3367
f 3367 3334 3393
f 3334 3335 3393
f 3333 3392 3369
f 3394 3335 3368
f 3267 3268 3368
f 3268 3395 3368
f 3369 3396 3336
f 3336 3396 3338
f 3270 3271 3397
f 3396 3371 3338
f 3398 3274 3372
f 3342 3311 3399
f 3399 3311 3346
f 3373 3400 3401
f 3374 3373 3402
f 3373 3401 3402
f 3374 3402 3344
f 3402 3347 3344
f 3375 3345 3376
f 3403 3402 3401
f 3377 3314 3404
f 3348 3405 3314
f 3406 3405 3349
f 3349 3405 3348
f 3378 3406 3349
f 3378 3353 3407
f 3353 3379 3407
f 3408 3407 3379
f 3379 3381 3408
f 3380 3323 3214
f 3357 3382 3409
f 3324 3382 3357
f 3358 3410 3384
f 3358 3383 3410
f 3381 3385 3411
f 3412 3386 3384
f 3384 3386 3359
f 3386 3413 3293
f 3385 3389 3414
f 3329 3388 3415
f 3415 3363 3329
f 3389 3362 3414
f 3363 3416 3366
f 3331 3390 3365
f 3417 3391 3393
f 3418 3417 3393
f 3393 3335 3418
f 3335 3394 3418
f 3394 3368 3419
f 3419 3368 3395
f 3392 3420 3369
f 3395 3268 3370
f 3369 3420 3396
f 3421 3396 3420
f 3371 3396 3421
f 3397 3271 3339
f 3339 3274 3398
f 3422 3371 3421
f 3423 3371 3422
f 3372 3275 3342
f 3371 3423 3373
f 3373 3423 3400
f 3400 3423 3424
f 3424 3423 3425
f 3400 3424 3401
f 3347 3402 3403
f 3403 3376 3347
f 3375 3376 3426
f 3424 3425 3427
f 3424 3403 3401
f 3376 3403 3428
f 3424 3427 3429
f 3430 3424 3429
f 3403 3424 3430
f 3314 3405 3404
f 3431 3406 3378
f 3378 3407 3431
f 3321 3432 3355
f 3433 3408 3381
f 3357 3409 3383
f 3381 3411 3433
f 3410 3434 3384
f 3412 3384 3435
f 3412 3413 3386
f 3413 3387 3293
f 3385 3436 3411
f 3415 3388 3387
f 3414 3362 3365
f 3416 3437 3366
f 3438 3365 3390
f 3392 3366 3437
f 3390 3391 3417
f 3418 3394 3439
f 3440 3420 3392
f 3441 3395 3370
f 3442 3196 3198
f 3442 3370 3196
f 3442 3198 3443
f 3337 3444 3198
f 3444 3337 3270
f 3420 3445 3421
f 3397 3444 3270
f 3372 3342 3399
f 3399 3346 3375
f 3425 3423 3446
f 3430 3428 3403
f 3426 3376 3428
f 3425 3446 3427
f 3427 3446 3447
f 3447 3448 3427
f 3448 3429 3427
f 3449 3429 3448
f 3430 3429 3449
f 3404 3405 3450
f 3377 3451 3350
f 3377 3404 3451
f 3405 3452 3450
f 3405 3406 3452
f 3176 3350 3453
f 3431 3452 3406
f 3431 3407 3454
f 3455 3454 3407
f 3210 3456 3320
f 3407 3408 3455
f 3323 3457 3382
f 3383 3409 3458
f 3383 3458 3410
f 3410 3458 3459
f 3460 3434 3410
f 3435 3384 3461
f 3461 3384 3434
f 3435 3462 3412
f 3462 3413 3412
f 3463 3413 3462
f 3413 3463 3387
f 3414 3436 3385
f 3464 3387 3463
f 3387 3464 3415
f 3415 3464 3465
f 3415 3465 3363
f 3416 3363 3465
f 3466 3416 3465
f 3416 3466 3437
f 3437 3440 3392
f 3390 3417 3467
f 3438 3390 3467
f 3468 3440 3437
f 3417 3418 3469
f 3467 3417 3469
f 3418 3439 3469
f 3439 3470 3469
f 3439 3394 3470
f 3419 3471 3470
f 3394 3419 3470
f 3395 3472 3471
f 3471 3419 3395
f 3420 3440 3473
f 3472 3395 3441
f 3370 3442 3441
f 3198 3444 3443
f 3423 3422 3474
f 3475 3423 3474
f 3423 3475 3446
f 3446 3475 3476
f 3446 3476 3447
f 3477 3430 3449
f 3428 3430 3477
f 3476 3478 3447
f 3448 3447 3478
f 3448 3478 3479
f 3480 3448 3479
f 3449 3448 3480
f 3404 3450 3451
f 3451 3453 3350
f 3453 3247 3176
f 3456 3210 3247
f 3321 3250 3481
f 3382 3457 3409
f 3459 3460 3410
f 3482 3462 3435
f 3483 3411 3436
f 3463 3462 3482
f 3414 3484 3485
f 3414 3365 3484
f 3466 3465 3486
f 3484 3365 3438
f 3467 3487 3438
f 3488 3487 3467
f 3469 3488 3467
f 3489 3488 3469
f 3470 3489 3469
f 3470 3471 3489
f 3420 3473 3445
f 3473 3490 3445
f 3445 3490 3421
f 3421 3490 3491
f 3474 3421 3491
f 3422 3421 3474
f 3492 3372 3399
f 3399 3375 3493
f 3493 3375 3494
f 3495 3475 3474
f 3426 3428 3477
f 3476 3475 3478
f 3478 3475 3496
f 3478 3496 3479
f 3497 3449 3480
f 3451 3450 3498
f 3451 3499 3453
f 3452 3498 3450
f 3452 3431 3454
f 3500 3452 3454
f 3500 3454 3455
f 3320 3501 3250
f 3455 3408 3502
f 3432 3321 3481
f 3433 3502 3408
f 3380 3457 3323
f 3461 3434 3460
f 3503 3435 3461
f 3433 3411 3483
f 3482 3503 3504
f 3435 3503 3482
f 3505 3482 3504
f 3463 3482 3505
f 3436 3414 3483
f 3414 3506 3483
f 3506 3414 3485
f 3440 3468 3473
f 3472 3507 3471
f 3472 3508 3507
f 3441 3509 3510
f 3442 3509 3441
f 3441 3510 3508
f 3508 3472 3441
f 3442 3443 3509
f 3444 3511 3443
f 3397 3339 3512
f 3339 3398 3512
f 3494 3375 3426
f 3475 3495 3513
f 3497 3477 3449
f 3475 3513 3496
f 3496 3513 3514
f 3496 3514 3515
f 3496 3515 3479
f 3515 3480 3479
f 3480 3515 3516
f 3451 3498 3499
f 3499 3498 3517
f 3498 3452 3500
f 3453 3499 3518
f 3500 3519 3498
f 3500 3455 3519
f 3247 3453 3520
f 3521 3519 3455
f 3455 3502 3521
f 3320 3456 3501
f 3250 3501 3481
f 3522 3380 3432
f 3432 3380 3355
f 3460 3523 3524
f 3523 3460 3459
f 3461 3525 3503
f 3460 3524 3461
f 3461 3524 3525
f 3463 3526 3464
f 3526 3486 3464
f 3464 3486 3465
f 3484 3506 3485
f 3486 3527 3466
f 3528 3466 3527
f 3529 3484 3438
f 3466 3528 3437
f 3529 3438 3487
f 3528 3468 3437
f 3488 3489 3530
f 3507 3530 3489
f 3471 3507 3489
f 3473 3468 3490
f 3490 3531 3491
f 3444 3397 3532
f 3492 3398 3372
f 3399 3533 3492
f 3474 3534 3495
f 3426 3477 3535
f 3513 3495 3536
f 3537 3513 3536
f 3514 3513 3537
f 3537 3515 3514
f 3497 3480 3516
f 3538 3539 3537
f 3539 3540 3515
f 3539 3515 3537
f 3516 3515 3540
f 3517 3498 3541
f 3499 3517 3518
f 3519 3541 3498
f 3456 3247 3520
f 3520 3453 3518
f 3502 3433 3542
f 3409 3457 3458
f 3543 3542 3433
f 3503 3525 3544
f 3433 3483 3543
f 3504 3545 3546
f 3545 3504 3503
f 3505 3504 3546
f 3546 3547 3505
f 3505 3547 3463
f 3463 3547 3526
f 3526 3547 3548
f 3549 3526 3548
f 3506 3543 3483
f 3549 3486 3526
f 3550 3486 3549
f 3484 3529 3506
f 3486 3550 3527
f 3551 3552 3487
f 3487 3530 3551
f 3487 3488 3530
f 3508 3530 3507
f 3553 3490 3468
f 3554 3510 3509
f 3531 3490 3553
f 3555 3443 3511
f 3555 3509 3443
f 3556 3444 3532
f 3491 3531 3557
f 3512 3398 3558
f 3491 3534 3474
f 3495 3534 3559
f 3536 3495 3559
f 3494 3426 3535
f 3560 3536 3559
f 3561 3477 3497
f 3562 3497 3516
f 3538 3536 3563
f 3537 3536 3538
f 3564 3538 3563
f 3539 3538 3564
f 3539 3564 3565
f 3566 3539 3565
f 3540 3539 3566
f 3541 3519 3567
f 3518 3568 3520
f 3519 3521 3567
f 3456 3520 3569
f 3570 3567 3521
f 3502 3570 3521
f 3457 3571 3458
f 3458 3572 3459
f 3459 3572 3523
f 3573 3542 3543
f 3524 3574 3525
f 3523 3574 3524
f 3544 3545 3503
f 3575 3547 3546
f 3547 3575 3548
f 3506 3576 3543
f 3577 3506 3529
f 3487 3552 3529
f 3578 3553 3528
f 3528 3553 3468
f 3530 3508 3579
f 3551 3530 3579
f 3580 3579 3510
f 3579 3508 3510
f 3510 3554 3580
f 3554 3509 3555
f 3444 3581 3511
f 3444 3556 3581
f 3512 3532 3397
f 3582 3491 3557
f 3582 3534 3491
f 3559 3534 3582
f 3533 3399 3493
f 3535 3477 3561
f 3536 3560 3563
f 3563 3560 3564
f 3560 3583 3564
f 3562 3516 3540
f 3562 3540 3566
f 3564 3583 3565
f 3566 3565 3584
f 3518 3517 3568
f 3568 3517 3541
f 3520 3568 3585
f 3541 3586 3568
f 3567 3586 3541
f 3570 3587 3567
f 3502 3588 3589
f 3570 3502 3589
f 3502 3542 3588
f 3522 3457 3380
f 3525 3590 3544
f 3574 3590 3525
f 3545 3544 3591
f 3546 3545 3592
f 3546 3592 3575
f 3550 3593 3527
f 3527 3578 3528
f 3594 3552 3551
f 3595 3551 3579
f 3580 3595 3579
f 3580 3554 3596
f 3531 3553 3557
f 3597 3511 3581
f 3597 3555 3511
f 3532 3512 3598
f 3582 3599 3559
f 3497 3562 3561
f 3600 3601 3560
f 3560 3601 3583
f 3602 3601 3600
f 3603 3562 3566
f 3583 3601 3602
f 3602 3565 3583
f 3603 3566 3584
f 3565 3602 3604
f 3584 3565 3604
f 3568 3586 3585
f 3586 3567 3587
f 3605 3586 3587
f 3570 3589 3587
f 3589 3606 3587
f 3542 3607 3588
f 3571 3572 3458
f 3573 3607 3542
f 3591 3544 3590
f 3545 3608 3592
f 3608 3545 3591
f 3543 3609 3573
f 3575 3592 3610
f 3543 3576 3609
f 3610 3548 3575
f 3611 3576 3506
f 3593 3550 3549
f 3577 3529 3552
f 3527 3593 3612
f 3613 3552 3594
f 3594 3551 3595
f 3553 3578 3614
f 3553 3614 3557
f 3580 3596 3595
f 3615 3596 3554
f 3554 3597 3615
f 3555 3597 3554
f 3556 3616 3581
f 3616 3597 3581
f 3582 3557 3614
f 3556 3532 3617
f 3558 3598 3512
f 3492 3618 3398
f 3560 3559 3599
f 3619 3600 3560
f 3620 3562 3603
f 3600 3621 3622
f 3602 3600 3622
f 3602 3622 3604
f 3622 3621 3604
f 3603 3584 3623
f 3584 3604 3624
f 3520 3625 3569
f 3520 3585 3625
f 3605 3585 3586
f 3456 3626 3501
f 3626 3456 3569
f 3589 3627 3606
f 3628 3481 3501
f 3481 3629 3432
f 3588 3630 3589
f 3631 3457 3522
f 3631 3571 3457
f 3523 3632 3574
f 3590 3633 3591
f 3591 3633 3608
f 3592 3608 3634
f 3610 3634 3635
f 3610 3592 3634
f 3636 3610 3635
f 3548 3610 3636
f 3548 3637 3549
f 3638 3549 3637
f 3638 3593 3549
f 3506 3577 3611
f 3639 3611 3552
f 3611 3577 3552
f 3640 3612 3593
f 3612 3578 3527
f 3594 3595 3641
f 3641 3595 3596
f 3615 3641 3596
f 3642 3597 3616
f 3582 3614 3643
f 3556 3617 3616
f 3618 3558 3398
f 3582 3644 3599
f 3645 3493 3646
f 3647 3560 3599
f 3619 3560 3647
f 3561 3562 3620
f 3619 3648 3600
f 3600 3648 3621
f 3603 3623 3649
f 3648 3650 3621
f 3621 3651 3604
f 3651 3624 3604
f 3584 3624 3623
f 3585 3652 3625
f 3605 3652 3585
f 3626 3569 3653
f 3605 3654 3652
f 3587 3606 3654
f 3587 3654 3605
f 3629 3481 3628
f 3630 3627 3589
f 3432 3629 3522
f 3630 3588 3607
f 3572 3655 3523
f 3632 3590 3574
f 3633 3656 3608
f 3657 3573 3609
f 3635 3634 3658
f 3658 3634 3608
f 3659 3657 3609
f 3609 3576 3659
f 3636 3637 3548
f 3611 3659 3576
f 3639 3552 3613
f 3594 3660 3613
f 3612 3614 3578
f 3594 3641 3661
f 3641 3662 3661
f 3663 3641 3615
f 3615 3597 3663
f 3597 3642 3663
f 3664 3532 3598
f 3617 3532 3664
f 3618 3598 3558
f 3533 3493 3645
f 3493 3494 3646
f 3535 3561 3665
f 3648 3666 3650
f 3650 3651 3621
f 3623 3624 3667
f 3624 3651 3668
f 3569 3669 3653
f 3625 3669 3569
f 3627 3654 3606
f 3626 3628 3501
f 3632 3523 3655
f 3657 3607 3573
f 3658 3656 3670
f 3656 3658 3608
f 3636 3658 3671
f 3636 3635 3658
f 3636 3672 3637
f 3671 3672 3636
f 3673 3611 3639
f 3674 3660 3594
f 3612 3675 3614
f 3594 3661 3674
f 3662 3641 3663
f 3676 3663 3642
f 3642 3616 3676
f 3617 3664 3616
f 3582 3643 3644
f 3599 3644 3677
f 3599 3677 3647
f 3678 3647 3679
f 3561 3620 3680
f 3681 3647 3678
f 3647 3681 3619
f 3682 3620 3603
f 3619 3681 3648
f 3682 3603 3649
f 3648 3683 3666
f 3681 3683 3648
f 3649 3623 3667
f 3666 3683 3684
f 3684 3650 3666
f 3667 3624 3668
f 3684 3683 3685
f 3686 3668 3651
f 3686 3651 3684
f 3684 3651 3650
f 3625 3687 3669
f 3688 3687 3652
f 3652 3687 3625
f 3688 3652 3654
f 3654 3627 3688
f 3628 3626 3689
f 3627 3630 3688
f 3628 3689 3629
f 3690 3522 3629
f 3607 3691 3630
f 3631 3692 3571
f 3607 3693 3691
f 3632 3694 3590
f 3694 3633 3590
f 3694 3695 3633
f 3657 3693 3607
f 3633 3695 3656
f 3696 3671 3658
f 3697 3657 3659
f 3672 3698 3637
f 3611 3697 3659
f 3673 3697 3611
f 3699 3637 3698
f 3638 3637 3699
f 3638 3700 3593
f 3613 3673 3639
f 3700 3640 3593
f 3613 3660 3701
f 3640 3675 3612
f 3643 3675 3702
f 3675 3643 3614
f 3661 3662 3674
f 3676 3662 3663
f 3703 3616 3664
f 3664 3598 3704
f 3705 3492 3533
f 3647 3677 3679
f 3680 3665 3561
f 3683 3681 3706
f 3707 3683 3706
f 3685 3683 3707
f 3685 3708 3684
f 3685 3707 3708
f 3708 3686 3684
f 3709 3626 3653
f 3669 3687 3653
f 3687 3709 3653
f 3687 3688 3710
f 3710 3688 3711
f 3711 3630 3691
f 3711 3688 3630
f 3693 3657 3712
f 3656 3713 3670
f 3695 3713 3656
f 3670 3714 3696
f 3658 3670 3696
f 3712 3657 3697
f 3672 3696 3715
f 3671 3696 3672
f 3672 3715 3716
f 3698 3672 3716
f 3700 3638 3699
f 3673 3613 3701
f 3717 3718 3660
f 3660 3674 3717
f 3674 3662 3719
f 3720 3643 3702
f 3676 3719 3662
f 3721 3719 3676
f 3643 3720 3644
f 3676 3722 3721
f 3616 3722 3676
f 3722 3616 3703
f 3664 3723 3703
f 3723 3664 3704
f 3704 3598 3724
f 3677 3644 3725
f 3618 3492 3705
f 3679 3677 3726
f 3727 3535 3665
f 3682 3680 3620
f 3681 3728 3706
f 3729 3682 3649
f 3730 3649 3667
f 3730 3667 3668
f 3731 3730 3668
f 3706 3732 3707
f 3668 3686 3731
f 3707 3732 3733
f 3708 3707 3734
f 3734 3707 3733
f 3734 3686 3708
f 3709 3687 3735
f 3687 3710 3735
f 3626 3736 3737
f 3709 3736 3626
f 3626 3737 3689
f 3711 3691 3738
f 3572 3739 3655
f 3571 3739 3572
f 3632 3655 3740
f 3712 3741 3693
f 3713 3714 3670
f 3696 3742 3715
f 3742 3696 3714
f 3699 3716 3743
f 3716 3699 3698
f 3673 3744 3697
f 3700 3745 3640
f 3701 3660 3746
f 3718 3746 3660
f 3747 3702 3675
f 3719 3748 3674
f 3749 3644 3720
f 3723 3704 3724
f 3725 3644 3749
f 3724 3598 3618
f 3724 3618 3750
f 3705 3533 3751
f 3677 3725 3726
f 3494 3535 3646
f 3678 3726 3752
f 3726 3678 3679
f 3665 3680 3753
f 3678 3728 3681
f 3729 3649 3730
f 3706 3728 3732
f 3754 3728 3755
f 3732 3728 3754
f 3686 3734 3756
f 3686 3756 3731
f 3732 3754 3733
f 3733 3754 3757
f 3757 3734 3733
f 3735 3758 3709
f 3709 3758 3736
f 3735 3710 3758
f 3710 3711 3758
f 3759 3758 3711
f 3689 3760 3629
f 3522 3690 3631
f 3631 3690 3692
f 3691 3761 3738
f 3691 3693 3761
f 3693 3741 3761
f 3714 3713 3762
f 3742 3763 3764
f 3715 3742 3764
f 3763 3742 3714
f 3715 3764 3765
f 3716 3765 3766
f 3716 3715 3765
f 3697 3767 3712
f 3716 3766 3743
f 3744 3767 3697
f 3744 3673 3768
f 3673 3701 3768
f 3746 3768 3701
f 3640 3745 3675
f 3717 3674 3748
f 3769 3748 3719
f 3719 3721 3769
f 3769 3721 3722
f 3770 3769 3722
f 3722 3703 3770
f 3703 3723 3770
f 3724 3770 3723
f 3750 3618 3705
f 3751 3533 3645
f 3752 3771 3678
f 3727 3665 3753
f 3753 3680 3682
f 3678 3772 3728
f 3731 3773 3730
f 3773 3731 3774
f 3775 3754 3755
f 3776 3731 3756
f 3774 3731 3776
f 3777 3754 3775
f 3754 3777 3757
f 3734 3757 3778
f 3778 3756 3734
f 3756 3778 3779
f 3757 3777 3780
f 3778 3757 3780
f 3737 3781 3782
f 3736 3781 3737
f 3783 3781 3736
f 3758 3783 3736
f 3759 3783 3758
f 3711 3738 3759
f 3629 3760 3690
f 3739 3571 3692
f 3762 3763 3714
f 3763 3784 3764
f 3785 3766 3765
f 3745 3700 3786
f 3745 3787 3675
f 3787 3747 3675
f 3747 3720 3702
f 3748 3769 3788
f 3769 3770 3789
f 3788 3769 3789
f 3724 3790 3789
f 3770 3724 3789
f 3790 3724 3750
f 3750 3705 3791
f 3791 3705 3751
f 3792 3726 3725
f 3793 3751 3645
f 3752 3726 3792
f 3794 3646 3535
f 3771 3772 3678
f 3795 3682 3729
f 3728 3772 3755
f 3729 3730 3773
f 3755 3772 3796
f 3755 3796 3775
f 3797 3775 3796
f 3776 3756 3779
f 3780 3775 3797
f 3777 3775 3780
f 3776 3779 3798
f 3797 3799 3780
f 3800 3778 3780
f 3800 3780 3799
f 3801 3781 3783
f 3782 3760 3689
f 3737 3782 3689
f 3781 3801 3782
f 3783 3802 3801
f 3802 3783 3803
f 3783 3759 3803
f 3759 3738 3803
f 3803 3738 3761
f 3741 3804 3761
f 3805 3694 3632
f 3740 3805 3632
f 3694 3806 3695
f 3712 3807 3741
f 3712 3767 3807
f 3763 3762 3784
f 3764 3784 3808
f 3765 3764 3808
f 3808 3785 3765
f 3766 3785 3809
f 3743 3809 3810
f 3743 3766 3809
f 3743 3810 3699
f 3767 3744 3811
f 3699 3786 3700
f 3746 3812 3768
f 3787 3745 3813
f 3814 3746 3718
f 3717 3815 3718
f 3748 3815 3717
f 3720 3747 3816
f 3817 3720 3816
f 3788 3818 3748
f 3749 3720 3817
f 3792 3725 3749
f 3750 3819 3790
f 3791 3820 3750
f 3820 3819 3750
f 3821 3791 3751
f 3645 3822 3793
f 3794 3645 3646
f 3822 3645 3794
f 3729 3823 3795
f 3729 3773 3823
f 3823 3773 3824
f 3824 3773 3774
f 3825 3797 3796
f 3826 3797 3825
f 3797 3826 3799
f 3778 3800 3827
f 3778 3827 3779
f 3828 3779 3827
f 3828 3798 3779
f 3826 3829 3799
f 3829 3800 3799
f 3760 3782 3830
f 3802 3803 3831
f 3831 3761 3832
f 3831 3803 3761
f 3739 3833 3655
f 3833 3740 3655
f 3804 3741 3807
f 3805 3806 3694
f 3834 3784 3762
f 3785 3808 3809
f 3809 3835 3836
f 3809 3836 3810
f 3699 3810 3786
f 3811 3744 3812
f 3768 3812 3744
f 3786 3813 3745
f 3812 3746 3814
f 3718 3815 3814
f 3747 3787 3837
f 3816 3747 3837
f 3818 3815 3748
f 3838 3818 3788
f 3839 3838 3788
f 3789 3790 3839
f 3788 3789 3839
f 3819 3839 3790
f 3840 3791 3821
f 3821 3751 3793
f 3794 3535 3727
f 3727 3753 3841
f 3771 3842 3772
f 3843 3753 3682
f 3843 3682 3795
f 3772 3844 3796
f 3776 3798 3774
f 3825 3796 3845
f 3825 3846 3826
f 3846 3847 3826
f 3829 3826 3848
f 3848 3826 3847
f 3848 3800 3829
f 3801 3802 3849
f 3760 3830 3850
f 3801 3851 3782
f 3849 3851 3801
f 3831 3849 3802
f 3760 3850 3690
f 3761 3852 3832
f 3853 3692 3690
f 3761 3804 3852
f 3854 3762 3713
f 3809 3808 3855
f 3807 3767 3856
f 3855 3835 3809
f 3857 3810 3836
f 3857 3858 3810
f 3858 3786 3810
f 3786 3859 3813
f 3813 3837 3787
f 3860 3815 3818
f 3861 3749 3817
f 3861 3792 3749
f 3819 3862 3839
f 3819 3820 3862
f 3820 3791 3862
f 3771 3792 3863
f 3792 3771 3752
f 3794 3727 3864
f 3865 3841 3753
f 3771 3866 3842
f 3772 3842 3844
f 3795 3823 3867
f 3774 3868 3824
f 3868 3774 3798
f 3869 3825 3845
f 3846 3825 3869
f 3870 3846 3869
f 3846 3870 3847
f 3871 3827 3800
f 3828 3827 3871
f 3870 3872 3847
f 3848 3873 3800
f 3871 3800 3873
f 3848 3847 3872
f 3874 3830 3782
f 3851 3874 3782
f 3875 3851 3849
f 3849 3831 3875
f 3875 3831 3832
f 3692 3853 3739
f 3876 3833 3739
f 3807 3877 3804
f 3740 3833 3805
f 3806 3713 3695
f 3854 3834 3762
f 3807 3856 3878
f 3834 3808 3784
f 3834 3879 3808
f 3808 3879 3855
f 3879 3880 3855
f 3835 3855 3881
f 3836 3835 3881
f 3836 3881 3857
f 3767 3811 3856
f 3813 3859 3882
f 3812 3814 3883
f 3815 3883 3814
f 3837 3813 3882
f 3837 3884 3816
f 3816 3884 3817
f 3885 3817 3884
f 3818 3886 3860
f 3861 3817 3885
f 3887 3886 3818
f 3887 3818 3838
f 3838 3888 3887
f 3839 3862 3888
f 3839 3888 3838
f 3889 3792 3861
f 3791 3890 3862
f 3863 3792 3889
f 3791 3840 3890
f 3890 3840 3891
f 3793 3892 3840
f 3840 3821 3793
f 3892 3793 3822
f 3866 3771 3863
f 3841 3864 3727
f 3866 3844 3842
f 3893 3795 3867
f 3867 3823 3894
f 3844 3845 3796
f 3823 3824 3895
f 3896 3824 3868
f 3868 3798 3897
f 3798 3828 3898
f 3871 3899 3828
f 3900 3870 3869
f 3900 3901 3870
f 3870 3901 3872
f 3901 3902 3872
f 3902 3903 3872
f 3848 3872 3903
f 3873 3848 3903
f 3851 3904 3874
f 3851 3875 3904
f 3853 3690 3905
f 3853 3876 3739
f 3876 3906 3833
f 3877 3807 3878
f 3806 3854 3713
f 3855 3907 3881
f 3907 3855 3880
f 3908 3857 3881
f 3857 3908 3909
f 3858 3909 3910
f 3858 3857 3909
f 3911 3858 3910
f 3858 3911 3786
f 3811 3812 3883
f 3882 3884 3837
f 3815 3860 3912
f 3913 3887 3888
f 3890 3913 3888
f 3888 3862 3890
f 3914 3890 3891
f 3840 3892 3891
f 3822 3915 3892
f 3865 3753 3843
f 3916 3843 3795
f 3916 3795 3893
f 3824 3896 3895
f 3917 3918 3845
f 3896 3868 3919
f 3918 3869 3845
f 3899 3898 3828
f 3869 3920 3900
f 3920 3921 3900
f 3900 3921 3901
f 3921 3922 3901
f 3901 3922 3902
f 3850 3923 3690
f 3924 3923 3850
f 3830 3924 3850
f 3874 3924 3830
f 3925 3924 3874
f 3904 3925 3874
f 3926 3925 3904
f 3904 3875 3926
f 3875 3832 3926
f 3832 3852 3927
f 3926 3832 3927
f 3852 3804 3927
f 3927 3804 3877
f 3877 3878 3928
f 3806 3929 3854
f 3879 3834 3854
f 3930 3880 3879
f 3881 3907 3908
f 3908 3907 3931
f 3909 3908 3931
f 3856 3811 3932
f 3911 3910 3933
f 3786 3911 3859
f 3815 3912 3883
f 3882 3934 3884
f 3912 3860 3935
f 3886 3935 3860
f 3887 3936 3886
f 3885 3889 3861
f 3937 3936 3887
f 3913 3937 3887
f 3914 3938 3913
f 3914 3913 3890
f 3939 3891 3892
f 3940 3863 3889
f 3915 3822 3794
f 3915 3794 3941
f 3941 3794 3942
f 3863 3940 3866
f 3794 3864 3942
f 3943 3866 3940
f 3864 3841 3944
f 3844 3866 3943
f 3917 3844 3943
f 3844 3917 3845
f 3894 3823 3895
f 3897 3798 3898
f 3871 3873 3945
f 3899 3871 3945
f 3921 3946 3922
f 3873 3903 3947
f 3873 3947 3945
f 3946 3948 3922
f 3903 3902 3949
f 3923 3950 3690
f 3951 3925 3926
f 3926 3927 3951
f 3952 3951 3927
f 3853 3905 3953
f 3854 3929 3954
f 3856 3955 3878
f 3932 3955 3856
f 3930 3907 3880
f 3909 3931 3956
f 3910 3909 3956
f 3932 3811 3957
f 3933 3958 3911
f 3911 3959 3859
f 3958 3959 3911
f 3811 3883 3957
f 3960 3859 3959
f 3882 3859 3960
f 3912 3961 3883
f 3960 3934 3882
f 3884 3934 3885
f 3935 3886 3936
f 3885 3934 3889
f 3938 3937 3913
f 3891 3939 3914
f 3939 3892 3915
f 3915 3941 3962
f 3841 3865 3944
f 3918 3917 3963
f 3918 3964 3869
f 3920 3946 3921
f 3947 3965 3945
f 3946 3966 3948
f 3922 3967 3902
f 3948 3967 3922
f 3967 3949 3902
f 3903 3949 3947
f 3966 3968 3948
f 3967 3948 3968
f 3923 3924 3950
f 3950 3905 3690
f 3953 3876 3853
f 3969 3805 3833
f 3928 3878 3955
f 3970 3930 3879
f 3971 3931 3907
f 3930 3971 3907
f 3956 3931 3972
f 3971 3972 3931
f 3973 3933 3956
f 3933 3910 3956
f 3973 3958 3933
f 3959 3958 3974
f 3883 3961 3957
f 3961 3912 3975
f 3960 3976 3934
f 3912 3935 3975
f 3940 3889 3977
f 3978 3938 3939
f 3938 3914 3939
f 3939 3979 3978
f 3939 3915 3979
f 3979 3915 3962
f 3942 3864 3944
f 3980 3944 3865
f 3943 3940 3981
f 3865 3843 3982
f 3943 3983 3917
f 3867 3984 3893
f 3984 3867 3894
f 3917 3983 3963
f 3985 3964 3918
f 3964 3920 3869
f 3898 3899 3986
f 3920 3987 3946
f 3987 3966 3946
f 3987 3988 3966
f 3966 3988 3968
f 3968 3989 3967
f 3989 3968 3988
f 3924 3925 3990
f 3925 3951 3990
f 3950 3991 3905
f 3990 3950 3924
f 3951 3952 3992
f 3951 3992 3990
f 3993 3992 3952
f 3877 3993 3952
f 3952 3927 3877
f 3994 3929 3806
f 3805 3994 3806
f 3854 3970 3879
f 3970 3995 3930
f 3956 3972 3996
f 3956 3996 3973
f 3958 3973 3997
f 3958 3997 3974
f 3998 3959 3974
f 3961 3999 3957
f 3960 3959 3998
f 3960 4000 3976
f 3934 3976 4001
f 4002 3934 4001
f 4002 4003 3934
f 3935 3936 4004
f 3889 3934 4003
f 3937 3938 4005
f 4003 3977 3889
f 3978 4005 3938
f 3962 4006 3979
f 3941 4006 3962
f 3981 3940 3977
f 3941 4007 4006
f 3941 3942 4007
f 3942 4008 4009
f 3944 4008 3942
f 3981 3983 3943
f 3896 3894 3895
f 3985 3918 3963
f 3897 3898 4010
f 3988 3987 4011
f 3988 4011 4012
f 4012 3989 3988
f 3967 3989 4013
f 4013 4014 3967
f 3949 3967 4014
f 3989 4012 4013
f 3950 4015 3991
f 3950 3990 4015
f 3905 4016 3953
f 3991 4016 3905
f 3953 4017 3876
f 4017 3906 3876
f 3877 4018 3993
f 3969 3833 3906
f 4019 3877 3928
f 4019 3928 3955
f 3932 4020 3955
f 3930 3995 3971
f 3971 3995 3972
f 3972 3995 4021
f 3972 4021 3996
f 4022 3973 3996
f 3997 4023 4024
f 4023 3997 3973
f 4024 3974 3997
f 3999 4025 3932
f 3932 3957 3999
f 4000 3960 3998
f 4026 3999 3961
f 4000 4027 3976
f 3935 4004 3975
f 4028 3936 3937
f 3937 4005 4028
f 3978 3979 4029
f 4005 3978 4029
f 3979 4006 4029
f 4009 4007 3942
f 4030 3980 3865
f 3982 4030 3865
f 3916 3893 3984
f 3868 3897 4031
f 3868 4031 3919
f 3897 4010 4032
f 3920 3964 4033
f 4010 3898 3986
f 3920 4034 3987
f 3986 3899 3945
f 3987 4035 4011
f 4036 4037 4011
f 4011 4037 4012
f 3949 4014 3947
f 4013 4012 4037
f 4015 3990 4038
f 3990 3992 4038
f 3991 4015 4016
f 4039 4015 4038
f 3992 3993 4038
f 4039 4038 3993
f 4018 4040 3993
f 3877 4019 4018
f 3969 3994 3805
f 3954 3970 3854
f 3932 4025 4020
f 4022 4023 3973
f 3974 4024 4041
f 4042 3974 4041
f 3998 3974 4042
f 3975 4026 3961
f 4001 3976 4027
f 4004 4043 3975
f 3936 4028 4004
f 4005 4044 4028
f 3977 4003 4045
f 4046 4044 4005
f 4029 4046 4005
f 3977 4047 3981
f 4029 4006 4048
f 4006 4007 4048
f 4008 3944 3980
f 4049 3843 3916
f 3982 3843 4049
f 3894 4050 3984
f 3985 3963 4051
f 3894 3896 4052
f 3896 3919 4053
f 3897 4032 4031
f 3947 4014 4054
f 4014 4013 4055
f 4037 4056 4013
f 4056 4057 4013
f 4013 4057 4058
f 4013 4058 4055
f 4016 4059 3953
f 3953 4059 4060
f 4015 4059 4016
f 4061 4059 4015
f 4039 4061 4015
f 3993 4062 4039
f 3993 4040 4062
f 3906 4063 4064
f 4063 3906 4017
f 4020 4019 3955
f 3995 4065 4021
f 3996 4065 4022
f 4021 4065 3996
f 4023 4022 4066
f 4024 4023 4066
f 4041 4024 4066
f 4067 4000 3998
f 4000 4067 4027
f 4026 3975 4043
f 4028 4068 4004
f 4047 3977 4045
f 4029 4069 4046
f 4029 4048 4069
f 4007 4070 4048
f 4009 4070 4007
f 4009 4071 4070
f 4008 4071 4009
f 4072 4008 3980
f 3981 4073 3983
f 4072 3980 4030
f 4074 3983 4073
f 3983 4074 3963
f 4074 4051 3963
f 4050 3894 4052
f 4052 3896 4053
f 4053 3919 4031
f 3985 4033 3964
f 4075 4031 4032
f 3920 4033 4034
f 3986 4076 4010
f 3987 4034 4035
f 3945 3965 4077
f 4035 4036 4011
f 3965 3947 4054
f 4037 4036 4056
f 4078 4079 4036
f 4036 4079 4056
f 4079 4080 4056
f 4057 4056 4080
f 4039 4062 4061
f 4060 4017 3953
f 4018 4081 4040
f 3906 4064 3969
f 4019 4082 4018
f 4083 3994 3969
f 4084 4082 4019
f 4020 4084 4019
f 4022 4085 4066
f 4085 4022 4065
f 4041 4066 4086
f 4042 4041 4086
f 4025 4087 4088
f 4042 4086 4089
f 4090 4042 4089
f 4025 3999 4087
f 3998 4042 4090
f 4091 4087 3999
f 4026 4091 3999
f 4027 4092 4001
f 4001 4092 4093
f 4028 4094 4068
f 4028 4044 4094
f 4003 4095 4045
f 4044 4046 4069
f 4047 4073 3981
f 4069 4048 4096
f 4048 4070 4096
f 4070 4097 4096
f 4074 4073 4098
f 4008 4072 4071
f 4099 4030 3982
f 4049 3916 3984
f 3985 4051 4100
f 3985 4100 4033
f 4010 4076 4032
f 4036 4035 4078
f 4014 4055 4054
f 4101 4055 4058
f 4101 4058 4102
f 4102 4058 4057
f 4079 4103 4080
f 4057 4080 4103
f 4103 4102 4057
f 4059 4104 4060
f 4061 4104 4059
f 4105 4061 4062
f 4105 4062 4106
f 4062 4040 4106
f 4106 4040 4081
f 4081 4018 4082
f 4107 3929 3994
f 4083 4107 3994
f 4108 3995 3970
f 4108 4065 3995
f 4020 4025 4088
f 4065 4109 4085
f 4066 4085 4110
f 4086 4066 4110
f 4086 4110 4111
f 4089 4086 4111
f 4089 4111 4112
f 4090 4089 4112
f 3998 4090 4067
f 4026 4113 4091
f 4092 4027 4067
f 4114 4113 4026
f 4043 4114 4026
f 4043 4004 4068
f 4047 4045 4095
f 4094 4044 4115
f 4044 4069 4115
f 4116 4073 4047
f 4117 4115 4069
f 4096 4117 4069
f 4070 4118 4097
f 4070 4119 4118
f 4071 4119 4070
f 4119 4071 4072
f 4072 4099 4120
f 4030 4099 4072
f 4099 3982 4121
f 4033 4122 4034
f 3986 3945 4123
f 4123 4076 3986
f 3945 4077 4123
f 4077 3965 4124
f 4078 4035 4125
f 4126 4125 4127
f 4078 4125 4079
f 4125 4126 4128
f 4125 4128 4079
f 4079 4128 4103
f 4103 4128 4129
f 4102 4103 4129
f 4129 4130 4102
f 4104 4061 4105
f 4060 4131 4017
f 4017 4131 4132
f 4104 4131 4060
f 4104 4105 4133
f 4105 4106 4133
f 4017 4132 4063
f 4133 4106 4081
f 4081 4134 4133
f 4081 4082 4134
f 3969 4064 4135
f 4136 3970 3954
f 4084 4020 4137
f 4111 4110 4138
f 4085 4109 4110
f 4111 4138 4139
f 4112 4111 4139
f 4112 4139 4090
f 4091 4088 4087
f 4067 4090 4140
f 4091 4113 4088
f 4043 4068 4114
f 4003 4141 4095
f 4047 4095 4142
f 4097 4117 4096
f 4120 4119 4072
f 4099 4121 4143
f 4098 4144 4074
f 4145 4074 4144
f 4051 4074 4145
f 4146 4053 4031
f 4122 4035 4034
f 4124 3965 4054
f 4147 4055 4101
f 4101 4102 4130
f 4126 4148 4128
f 4149 4101 4130
f 4128 4148 4150
f 4128 4150 4129
f 4129 4149 4130
f 4149 4129 4151
f 4151 4129 4150
f 4104 4133 4152
f 4133 4153 4152
f 4134 4153 4133
f 4135 4083 3969
f 4108 3970 4154
f 4108 4109 4065
f 4088 4155 4020
f 4139 4156 4157
f 4156 4139 4138
f 4090 4139 4157
f 4090 4157 4158
f 4090 4158 4140
f 4140 4159 4067
f 4093 4002 4001
f 4002 4141 4003
f 4094 4160 4068
f 4094 4161 4160
f 4094 4115 4161
f 4142 4116 4047
f 4119 4162 4118
f 4162 4119 4120
f 4120 4143 4163
f 4099 4143 4120
f 4120 4163 4162
f 4164 3982 4049
f 4051 4145 4165
f 4053 4146 4052
f 4051 4165 4100
f 4100 4165 4033
f 4031 4075 4166
f 4165 4122 4033
f 4032 4076 4167
f 4035 4122 4168
f 4168 4125 4035
f 4168 4169 4125
f 4169 4127 4125
f 4055 4147 4170
f 4054 4055 4170
f 4127 4171 4126
f 4126 4171 4148
f 4172 4148 4171
f 4149 4173 4101
f 4173 4147 4101
f 4151 4174 4149
f 4174 4173 4149
f 4148 4172 4175
f 4176 4148 4175
f 4148 4176 4150
f 4177 4174 4151
f 4177 4151 4150
f 4177 4150 4176
f 4132 4131 4178
f 4178 4131 4104
f 4132 4178 4063
f 4104 4179 4178
f 4180 4179 4104
f 4152 4180 4104
f 4153 4180 4152
f 4181 4153 4134
f 4182 4064 4063
f 4082 4183 4134
f 3954 3929 4136
f 4137 4184 4084
f 4020 4155 4137
f 4109 4185 4110
f 4138 4186 4156
f 4186 4138 4110
f 4157 4187 4158
f 4187 4157 4156
f 4067 4159 4188
f 4188 4092 4067
f 4092 4188 4093
f 4114 4068 4160
f 4142 4095 4141
f 4189 4116 4142
f 4116 4189 4073
f 4161 4115 4190
f 4189 4191 4073
f 4117 4190 4115
f 4192 4190 4117
f 4098 4073 4191
f 4193 4192 4117
f 4097 4118 4193
f 4117 4097 4193
f 4162 4194 4193
f 4162 4193 4118
f 4162 4195 4194
f 4196 4144 4098
f 4195 4162 4163
f 4143 4121 4197
f 4121 4164 4198
f 3982 4164 4121
f 4049 3984 4199
f 4200 4165 4145
f 4052 4146 4201
f 4146 4031 4166
f 4122 4165 4200
f 4032 4167 4075
f 4124 4054 4202
f 4203 4172 4171
f 4204 4172 4203
f 4172 4204 4175
f 4205 4177 4176
f 4063 4178 4206
f 4206 4182 4063
f 4180 4207 4179
f 4180 4153 4181
f 4183 4180 4181
f 4181 4134 4183
f 4184 4082 4084
f 4136 4154 3970
f 4110 4185 4186
f 4187 4208 4158
f 4158 4208 4140
f 4208 4209 4140
f 4140 4209 4210
f 4113 4211 4088
f 4159 4140 4210
f 4188 4159 4210
f 4113 4114 4212
f 4093 4188 4002
f 4212 4114 4160
f 4213 4141 4002
f 4142 4141 4213
f 4098 4191 4196
f 4214 4195 4163
f 4145 4144 4196
f 4197 4121 4198
f 4164 4049 4199
f 4200 4145 4215
f 4216 4050 4052
f 4166 4075 4217
f 4169 4122 4218
f 4122 4169 4168
f 4167 4076 4123
f 4123 4077 4219
f 4077 4124 4219
f 4169 4220 4127
f 4202 4054 4221
f 4127 4220 4171
f 4170 4221 4054
f 4203 4171 4220
f 4147 4173 4222
f 4203 4223 4204
f 4173 4174 4222
f 4223 4224 4204
f 4204 4224 4225
f 4175 4204 4225
f 4175 4225 4176
f 4174 4177 4226
f 4176 4225 4227
f 4176 4227 4205
f 4178 4228 4206
f 4206 4228 4229
f 4179 4207 4178
f 4207 4228 4178
f 4230 4182 4206
f 4229 4230 4206
f 4180 4183 4231
f 4207 4180 4231
f 4064 4182 4135
f 4082 4232 4183
f 4232 4082 4184
f 4136 3929 4107
f 4108 4185 4109
f 4186 4187 4156
f 4186 4233 4187
f 4234 4208 4187
f 4088 4211 4155
f 4209 4208 4235
f 4236 4210 4235
f 4235 4210 4209
f 4188 4210 4237
f 4238 4211 4113
f 4212 4238 4113
f 4239 4002 4240
f 4240 4002 4188
f 4160 4161 4241
f 4190 4241 4161
f 4190 4192 4242
f 4192 4193 4242
f 4243 4242 4193
f 4193 4194 4243
f 4195 4243 4194
f 4195 4214 4243
f 4163 4244 4214
f 4143 4244 4163
f 4244 4143 4197
f 4199 3984 4050
f 4216 4052 4201
f 4166 4245 4146
f 4246 4122 4200
f 4247 4220 4169
f 4124 4202 4248
f 4249 4203 4250
f 4203 4249 4223
f 4223 4249 4224
f 4227 4225 4251
f 4226 4252 4174
f 4252 4222 4174
f 4205 4227 4253
f 4228 4230 4229
f 4228 4207 4254
f 4207 4231 4254
f 4230 4255 4182
f 4254 4231 4256
f 4231 4183 4256
f 4256 4183 4232
f 4257 4083 4135
f 4258 4154 4136
f 4184 4137 4155
f 4154 4259 4108
f 4259 4185 4108
f 4186 4185 4260
f 4186 4260 4233
f 4233 4234 4187
f 4233 4261 4234
f 4234 4235 4208
f 4210 4236 4262
f 4237 4210 4262
f 4213 4002 4239
f 4263 4264 4212
f 4212 4160 4263
f 4263 4160 4241
f 4265 4191 4189
f 4243 4266 4242
f 4214 4266 4243
f 4196 4267 4145
f 4268 4214 4244
f 4215 4145 4267
f 4199 4050 4216
f 4246 4218 4122
f 4075 4167 4217
f 4169 4218 4247
f 4123 4219 4167
f 4219 4124 4248
f 4250 4220 4269
f 4220 4250 4203
f 4249 4250 4270
f 4270 4271 4249
f 4147 4222 4272
f 4271 4273 4249
f 4224 4249 4273
f 4251 4224 4273
f 4225 4224 4251
f 4222 4252 4274
f 4177 4275 4226
f 4205 4275 4177
f 4275 4205 4276
f 4252 4226 4275
f 4277 4255 4230
f 4228 4277 4230
f 4278 4277 4228
f 4254 4278 4228
f 4255 4279 4182
f 4254 4256 4280
f 4279 4135 4182
f 4256 4232 4280
f 4279 4257 4135
f 4281 4136 4107
f 4083 4281 4107
f 4232 4184 4282
f 4184 4155 4283
f 4283 4155 4211
f 4260 4261 4233
f 4235 4284 4285
f 4236 4235 4285
f 4284 4235 4234
f 4236 4285 4262
f 4237 4262 4286
f 4211 4238 4287
f 4288 4237 4289
f 4240 4237 4288
f 4237 4240 4188
f 4142 4213 4290
f 4291 4142 4290
f 4189 4142 4291
f 4190 4292 4241
f 4190 4242 4292
f 4293 4191 4265
f 4191 4293 4196
f 4242 4266 4294
f 4295 4196 4293
f 4267 4196 4295
f 4296 4297 4266
f 4214 4296 4266
f 4296 4214 4268
f 4244 4298 4268
f 4197 4298 4244
f 4298 4197 4198
f 4198 4164 4199
f 4198 4199 4299
f 4267 4300 4215
f 4300 4200 4215
f 4247 4269 4220
f 4248 4202 4301
f 4301 4202 4221
f 4269 4302 4250
f 4270 4250 4302
f 4270 4303 4271
f 4271 4303 4273
f 4272 4222 4274
f 4273 4303 4251
f 4304 4227 4251
f 4253 4276 4205
f 4252 4275 4305
f 4255 4306 4279
f 4277 4306 4255
f 4278 4254 4307
f 4254 4280 4307
f 4280 4308 4307
f 4281 4083 4257
f 4154 4309 4259
f 4261 4284 4234
f 4261 4310 4284
f 4262 4285 4311
f 4286 4262 4311
f 4237 4286 4289
f 4240 4213 4239
f 4312 4290 4213
f 4189 4291 4265
f 4241 4292 4313
f 4294 4292 4242
f 4266 4297 4294
f 4268 4314 4296
f 4315 4268 4298
f 4299 4298 4198
f 4300 4267 4316
f 4201 4146 4317
f 4146 4245 4318
f 4245 4166 4217
f 4247 4218 4319
f 4167 4320 4217
f 4170 4147 4321
f 4302 4322 4270
f 4322 4323 4270
f 4147 4272 4321
f 4270 4323 4303
f 4323 4324 4303
f 4324 4325 4303
f 4251 4303 4325
f 4227 4304 4253
f 4274 4252 4305
f 4253 4326 4276
f 4278 4307 4308
f 4327 4306 4277
f 4278 4327 4277
f 4327 4278 4308
f 4279 4328 4257
f 4308 4329 4327
f 4308 4280 4329
f 4280 4232 4329
f 4329 4232 4282
f 4281 4330 4136
f 4330 4258 4136
f 4184 4331 4282
f 4258 4309 4154
f 4331 4184 4283
f 4332 4185 4259
f 4211 4333 4283
f 4211 4287 4333
f 4334 4261 4260
f 4334 4310 4261
f 4285 4335 4311
f 4335 4285 4284
f 4336 4289 4286
f 4288 4289 4336
f 4337 4288 4336
f 4288 4337 4240
f 4264 4338 4212
f 4312 4213 4240
f 4293 4265 4339
f 4313 4292 4294
f 4297 4296 4314
f 4268 4340 4314
f 4340 4268 4315
f 4316 4267 4341
f 4199 4342 4299
f 4342 4199 4216
f 4200 4300 4246
f 4317 4146 4318
f 4343 4318 4245
f 4319 4218 4246
f 4170 4321 4221
f 4323 4344 4324
f 4322 4344 4323
f 4345 4324 4344
f 4325 4324 4345
f 4275 4276 4346
f 4306 4328 4279
f 4327 4347 4306
f 4348 4347 4327
f 4348 4327 4349
f 4327 4329 4349
f 4350 4281 4257
f 4349 4329 4282
f 4351 4333 4287
f 4310 4335 4284
f 4310 4352 4335
f 4311 4335 4353
f 4286 4311 4353
f 4286 4353 4354
f 4336 4286 4354
f 4238 4351 4287
f 4337 4355 4240
f 4212 4338 4238
f 4312 4240 4355
f 4313 4356 4241
f 4313 4294 4357
f 4295 4293 4358
f 4359 4294 4297
f 4340 4359 4297
f 4297 4314 4340
f 4295 4341 4267
f 4340 4315 4360
f 4298 4299 4315
f 4342 4216 4201
f 4300 4361 4246
f 4343 4245 4217
f 4247 4362 4269
f 4320 4167 4219
f 4362 4302 4269
f 4302 4363 4322
f 4364 4322 4363
f 4344 4322 4364
f 4272 4274 4365
f 4251 4325 4366
f 4253 4304 4367
f 4326 4346 4276
f 4305 4275 4368
f 4369 4328 4306
f 4347 4369 4306
f 4347 4348 4370
f 4348 4349 4370
f 4328 4350 4257
f 4349 4282 4370
f 4370 4282 4371
f 4331 4372 4282
f 4373 4259 4309
f 4374 4260 4185
f 4375 4310 4334
f 4375 4352 4310
f 4335 4352 4353
f 4354 4353 4376
f 4351 4238 4377
f 4378 4336 4354
f 4336 4378 4337
f 4377 4238 4338
f 4355 4337 4378
f 4291 4290 4379
f 4241 4356 4263
f 4339 4265 4380
f 4357 4381 4313
f 4293 4339 4380
f 4358 4293 4380
f 4294 4359 4357
f 4382 4316 4341
f 4360 4315 4383
f 4315 4384 4383
f 4299 4384 4315
f 4299 4385 4384
f 4342 4385 4299
f 4386 4342 4201
f 4385 4342 4386
f 4318 4387 4317
f 4387 4318 4343
f 4343 4217 4388
f 4362 4319 4389
f 4217 4320 4388
f 4319 4362 4247
f 4302 4362 4390
f 4302 4390 4363
f 4364 4363 4391
f 4321 4272 4365
f 4344 4364 4392
f 4392 4345 4344
f 4345 4366 4325
f 4304 4251 4366
f 4253 4367 4326
f 4274 4305 4393
f 4394 4274 4393
f 4305 4368 4393
f 4326 4395 4346
f 4275 4346 4368
f 4346 4396 4368
f 4369 4347 4397
f 4397 4347 4370
f 4397 4370 4398
f 4370 4371 4398
f 4399 4330 4281
f 4371 4282 4372
f 4400 4258 4330
f 4283 4401 4331
f 4373 4332 4259
f 4283 4333 4401
f 4332 4374 4185
f 4374 4334 4260
f 4351 4402 4333
f 4353 4403 4376
f 4352 4403 4353
f 4354 4376 4404
f 4354 4404 4405
f 4378 4354 4405
f 4355 4378 4406
f 4407 4355 4406
f 4408 4338 4264
f 4312 4355 4407
f 4263 4409 4264
f 4312 4379 4290
f 4410 4291 4379
f 4265 4291 4410
f 4313 4381 4356
f 4357 4411 4381
f 4340 4360 4412
f 4359 4340 4412
f 4384 4413 4383
f 4201 4317 4386
f 4361 4414 4246
f 4246 4414 4319
f 4343 4388 4415
f 4219 4248 4320
f 4248 4301 4320
f 4301 4221 4321
f 4301 4321 4416
f 4417 4391 4390
f 4363 4390 4391
f 4391 4417 4418
f 4321 4365 4419
f 4391 4418 4364
f 4418 4420 4364
f 4364 4420 4392
f 4392 4420 4421
f 4366 4392 4421
f 4392 4366 4345
f 4274 4422 4365
f 4394 4422 4274
f 4304 4366 4367
f 4367 4423 4326
f 4395 4424 4346
f 4425 4346 4424
f 4396 4346 4425
f 4369 4350 4328
f 4369 4397 4426
f 4369 4427 4350
f 4428 4426 4397
f 4397 4429 4428
f 4397 4398 4429
f 4398 4371 4429
f 4350 4399 4281
f 4429 4371 4372
f 4331 4430 4372
f 4401 4333 4402
f 4334 4431 4375
f 4375 4403 4352
f 4376 4432 4404
f 4405 4404 4433
f 4405 4433 4434
f 4405 4434 4378
f 4406 4378 4434
f 4377 4338 4435
f 4435 4338 4408
f 4312 4407 4436
f 4437 4312 4436
f 4410 4380 4265
f 4357 4359 4438
f 4341 4295 4358
f 4412 4439 4359
f 4360 4383 4412
f 4383 4413 4412
f 4384 4440 4413
f 4384 4441 4440
f 4385 4441 4384
f 4385 4442 4441
f 4386 4442 4385
f 4300 4443 4361
f 4316 4443 4300
f 4444 4442 4386
f 4386 4317 4445
f 4386 4445 4444
f 4317 4387 4445
f 4343 4446 4387
f 4446 4343 4415
f 4414 4389 4319
f 4388 4320 4447
f 4390 4362 4448
f 4449 4390 4448
f 4390 4449 4417
f 4321 4419 4450
f 4417 4449 4451
f 4451 4452 4420
f 4451 4420 4417
f 4418 4417 4420
f 4421 4420 4452
f 4366 4421 4453
f 4326 4423 4395
f 4368 4396 4454
f 4454 4393 4368
f 4425 4454 4396
f 4393 4454 4455
f 4454 4425 4456
f 4457 4427 4369
f 4426 4458 4457
f 4426 4457 4369
f 4458 4426 4428
f 4428 4459 4458
f 4459 4428 4429
f 4430 4331 4401
f 4460 4309 4258
f 4402 4461 4401
f 4402 4351 4377
f 4403 4432 4376
f 4433 4404 4462
f 4432 4462 4404
f 4406 4434 4463
f 4408 4264 4409
f 4379 4312 4437
f 4356 4409 4263
f 4438 4464 4357
f 4465 4358 4466
f 4358 4465 4341
f 4439 4438 4359
f 4412 4413 4467
f 4413 4440 4467
f 4316 4382 4443
f 4414 4361 4468
f 4414 4469 4389
f 4389 4448 4362
f 4470 4449 4448
f 4321 4450 4416
f 4449 4471 4451
f 4419 4365 4422
f 4471 4472 4451
f 4451 4472 4452
f 4421 4452 4472
f 4453 4421 4472
f 4367 4366 4473
f 4395 4423 4474
f 4454 4456 4455
f 4475 4425 4424
f 4456 4425 4475
f 4427 4476 4477
f 4457 4476 4427
f 4458 4478 4457
f 4427 4399 4350
f 4427 4477 4399
f 4458 4459 4478
f 4430 4459 4429
f 4399 4479 4330
f 4372 4430 4429
f 4479 4400 4330
f 4309 4460 4373
f 4431 4480 4375
f 4402 4377 4461
f 4375 4480 4403
f 4403 4481 4432
f 4480 4481 4403
f 4377 4435 4461
f 4482 4462 4432
f 4462 4483 4484
f 4433 4462 4484
f 4482 4483 4462
f 4434 4484 4463
f 4484 4434 4433
f 4409 4435 4408
f 4463 4485 4406
f 4407 4406 4485
f 4436 4407 4485
f 4409 4356 4486
f 4437 4410 4379
f 4381 4486 4356
f 4411 4486 4381
f 4487 4380 4410
f 4358 4380 4487
f 4411 4357 4464
f 4341 4465 4382
f 4412 4488 4439
f 4489 4382 4465
f 4490 4488 4412
f 4467 4490 4412
f 4489 4443 4382
f 4440 4441 4491
f 4441 4492 4491
f 4442 4492 4441
f 4493 4442 4444
f 4445 4494 4495
f 4387 4494 4445
f 4495 4444 4445
f 4387 4446 4494
f 4469 4414 4468
f 4388 4496 4415
f 4388 4497 4496
f 4388 4447 4497
f 4320 4301 4498
f 4470 4448 4499
f 4301 4416 4500
f 4471 4449 4501
f 4501 4502 4471
f 4471 4502 4472
f 4503 4453 4472
f 4393 4455 4504
f 4393 4504 4394
f 4475 4424 4505
f 4475 4455 4456
f 4475 4506 4455
f 4504 4455 4506
f 4476 4457 4507
f 4507 4457 4478
f 4507 4478 4508
f 4477 4509 4399
f 4459 4430 4508
f 4478 4459 4508
f 4510 4460 4258
f 4401 4461 4430
f 4481 4482 4432
f 4484 4511 4463
f 4463 4511 4512
f 4485 4463 4512
f 4513 4436 4485
f 4486 4514 4409
f 4515 4437 4436
f 4410 4437 4515
f 4516 4464 4438
f 4516 4438 4439
f 4467 4440 4491
f 4490 4467 4491
f 4443 4517 4361
f 4492 4442 4493
f 4518 4492 4493
f 4493 4444 4495
f 4468 4361 4517
f 4446 4519 4494
f 4519 4446 4415
f 4415 4496 4520
f 4469 4499 4389
f 4389 4499 4448
f 4447 4320 4498
f 4498 4301 4500
f 4500 4416 4450
f 4470 4521 4449
f 4449 4521 4501
f 4522 4501 4521
f 4501 4522 4502
f 4502 4522 4523
f 4502 4523 4472
f 4523 4503 4472
f 4366 4453 4473
f 4474 4423 4524
f 4424 4395 4505
f 4475 4505 4525
f 4506 4475 4525
f 4476 4507 4526
f 4527 4509 4477
f 4476 4527 4477
f 4526 4527 4476
f 4526 4507 4528
f 4507 4508 4528
f 4529 4479 4399
f 4509 4529 4399
f 4528 4508 4530
f 4508 4430 4530
f 4531 4530 4430
f 4400 4510 4258
f 4430 4461 4531
f 4532 4531 4461
f 4374 4332 4533
f 4461 4534 4532
f 4374 4431 4334
f 4461 4435 4534
f 4535 4483 4482
f 4483 4535 4536
f 4484 4483 4536
f 4511 4484 4536
f 4537 4435 4409
f 4512 4511 4538
f 4485 4512 4538
f 4485 4538 4539
f 4513 4485 4539
f 4515 4436 4513
f 4466 4540 4465
f 4489 4465 4541
f 4491 4542 4490
f 4518 4542 4491
f 4491 4492 4518
f 4517 4443 4489
f 4493 4543 4518
f 4495 4543 4493
f 4519 4495 4494
f 4519 4415 4520
f 4519 4520 4544
f 4468 4545 4469
f 4546 4469 4545
f 4496 4547 4520
f 4499 4469 4546
f 4548 4499 4546
f 4447 4498 4497
f 4548 4470 4499
f 4521 4470 4549
f 4550 4521 4549
f 4551 4521 4550
f 4522 4521 4551
f 4551 4552 4522
f 4523 4522 4552
f 4367 4473 4423
f 4504 4553 4394
f 4395 4474 4554
f 4395 4554 4505
f 4555 4504 4506
f 4556 4555 4506
f 4556 4506 4525
f 4527 4526 4557
f 4557 4526 4528
f 4527 4529 4509
f 4557 4528 4558
f 4528 4530 4558
f 4559 4400 4479
f 4559 4510 4400
f 4560 4373 4460
f 4332 4373 4533
f 4435 4561 4534
f 4482 4481 4535
f 4511 4536 4562
f 4538 4511 4562
f 4539 4538 4563
f 4409 4514 4537
f 4564 4513 4539
f 4515 4513 4564
f 4486 4411 4565
f 4566 4358 4487
f 4565 4411 4464
f 4358 4566 4466
f 4465 4540 4541
f 4516 4439 4488
f 4489 4541 4567
f 4568 4488 4490
f 4518 4569 4542
f 4570 4517 4489
f 4543 4569 4518
f 4543 4571 4572
f 4517 4545 4468
f 4543 4495 4571
f 4519 4573 4495
f 4573 4571 4495
f 4519 4544 4573
f 4496 4497 4574
f 4547 4496 4574
f 4551 4575 4552
f 4422 4576 4419
f 4552 4575 4577
f 4523 4552 4578
f 4579 4523 4578
f 4503 4523 4579
f 4453 4503 4580
f 4473 4453 4580
f 4581 4422 4394
f 4582 4394 4553
f 4554 4474 4524
f 4505 4583 4525
f 4527 4584 4529
f 4557 4584 4527
f 4557 4558 4585
f 4529 4559 4479
f 4585 4558 4586
f 4558 4530 4586
f 4530 4531 4586
f 4510 4587 4460
f 4588 4373 4560
f 4533 4431 4374
f 4435 4537 4561
f 4589 4536 4535
f 4562 4536 4589
f 4538 4562 4590
f 4590 4563 4538
f 4563 4591 4539
f 4537 4514 4592
f 4539 4591 4564
f 4515 4564 4593
f 4514 4486 4594
f 4595 4410 4515
f 4596 4410 4595
f 4565 4594 4486
f 4487 4410 4596
f 4565 4464 4516
f 4488 4597 4516
f 4568 4490 4542
f 4569 4543 4572
f 4573 4598 4571
f 4520 4599 4600
f 4547 4599 4520
f 4600 4544 4520
f 4546 4601 4548
f 4574 4497 4602
f 4603 4497 4498
f 4548 4604 4470
f 4500 4450 4605
f 4606 4550 4549
f 4550 4606 4607
f 4450 4419 4608
f 4575 4550 4607
f 4551 4550 4575
f 4577 4578 4552
f 4503 4579 4580
f 4423 4473 4609
f 4581 4394 4582
f 4423 4609 4524
f 4553 4504 4555
f 4583 4505 4554
f 4583 4610 4525
f 4611 4610 4583
f 4555 4556 4612
f 4613 4525 4610
f 4556 4525 4613
f 4612 4556 4613
f 4584 4557 4614
f 4614 4557 4585
f 4584 4559 4529
f 4614 4615 4584
f 4585 4586 4614
f 4614 4586 4616
f 4531 4616 4586
f 4617 4616 4531
f 4531 4532 4617
f 4480 4431 4618
f 4589 4590 4562
f 4589 4619 4590
f 4590 4619 4563
f 4563 4620 4591
f 4591 4621 4622
f 4564 4591 4622
f 4564 4622 4623
f 4594 4592 4514
f 4564 4623 4593
f 4515 4593 4595
f 4566 4540 4466
f 4597 4488 4568
f 4542 4624 4568
f 4625 4624 4542
f 4542 4569 4625
f 4567 4570 4489
f 4569 4572 4625
f 4626 4625 4572
f 4572 4571 4626
f 4517 4570 4545
f 4571 4598 4626
f 4573 4627 4598
f 4570 4546 4545
f 4573 4544 4627
f 4627 4544 4600
f 4599 4628 4600
f 4547 4628 4599
f 4547 4574 4628
f 4497 4603 4602
f 4498 4500 4629
f 4603 4498 4629
f 4604 4549 4470
f 4606 4549 4630
f 4605 4450 4608
f 4608 4419 4576
f 4575 4607 4577
f 4607 4631 4577
f 4577 4631 4632
f 4578 4577 4632
f 4576 4422 4581
f 4578 4632 4579
f 4581 4582 4633
f 4554 4524 4634
f 4582 4553 4635
f 4612 4636 4555
f 4637 4553 4555
f 4636 4637 4555
f 4613 4636 4612
f 4636 4613 4638
f 4639 4640 4559
f 4584 4639 4559
f 4615 4639 4584
f 4615 4614 4641
f 4614 4616 4641
f 4642 4510 4559
f 4640 4642 4559
f 4641 4616 4643
f 4617 4643 4616
f 4587 4560 4460
f 4644 4588 4560
f 4645 4532 4534
f 4588 4533 4373
f 4561 4645 4534
f 4618 4431 4533
f 4646 4481 4480
f 4589 4535 4646
f 4646 4535 4481
f 4537 4647 4561
f 4648 4619 4589
f 4619 4620 4563
f 4537 4592 4647
f 4620 4621 4591
f 4649 4622 4621
f 4622 4649 4623
f 4593 4623 4650
f 4595 4593 4650
f 4650 4596 4595
f 4596 4651 4487
f 4566 4487 4651
f 4652 4594 4565
f 4565 4516 4652
f 4516 4597 4652
f 4541 4540 4653
f 4654 4541 4653
f 4567 4541 4654
f 4655 4567 4654
f 4626 4656 4625
f 4626 4598 4657
f 4598 4627 4657
f 4570 4658 4546
f 4627 4600 4659
f 4659 4600 4660
f 4628 4660 4600
f 4574 4661 4628
f 4602 4661 4574
f 4548 4601 4662
f 4602 4663 4661
f 4604 4548 4662
f 4603 4629 4602
f 4500 4605 4629
f 4549 4604 4630
f 4664 4631 4607
f 4608 4576 4665
f 4632 4631 4664
f 4635 4553 4637
f 4554 4666 4583
f 4611 4583 4667
f 4613 4610 4638
f 4610 4611 4638
f 4639 4642 4640
f 4668 4639 4615
f 4615 4641 4668
f 4641 4643 4668
f 4668 4643 4669
f 4617 4669 4643
f 4587 4644 4560
f 4617 4532 4645
f 4618 4670 4480
f 4647 4671 4561
f 4672 4620 4619
f 4620 4672 4621
f 4621 4673 4649
f 4672 4673 4621
f 4623 4649 4674
f 4623 4674 4650
f 4674 4675 4650
f 4675 4676 4650
f 4596 4650 4676
f 4651 4596 4676
f 4566 4651 4677
f 4625 4678 4624
f 4656 4626 4657
f 4627 4659 4657
f 4658 4679 4546
f 4546 4679 4601
f 4660 4680 4659
f 4662 4601 4679
f 4660 4628 4681
f 4628 4682 4681
f 4661 4682 4628
f 4661 4663 4682
f 4602 4629 4663
f 4629 4683 4663
f 4684 4606 4685
f 4607 4684 4664
f 4606 4684 4607
f 4581 4665 4576
f 4632 4664 4686
f 4687 4632 4686
f 4579 4632 4687
f 4609 4688 4524
f 4524 4688 4634
f 4554 4634 4666
f 4583 4666 4667
f 4689 4635 4637
f 4637 4636 4690
f 4636 4638 4690
f 4638 4611 4691
f 4690 4638 4692
f 4639 4693 4642
f 4694 4693 4639
f 4639 4668 4694
f 4668 4669 4694
f 4642 4695 4510
f 4696 4669 4617
f 4697 4696 4617
f 4617 4645 4697
f 4698 4533 4588
f 4561 4697 4645
f 4648 4589 4646
f 4648 4672 4619
f 4592 4699 4647
f 4700 4699 4592
f 4594 4700 4592
f 4701 4675 4674
f 4676 4675 4702
f 4651 4702 4703
f 4651 4676 4702
f 4651 4703 4677
f 4652 4704 4594
f 4652 4597 4705
f 4540 4706 4653
f 4654 4653 4706
f 4567 4655 4707
f 4567 4707 4570
f 4570 4707 4658
f 4656 4657 4680
f 4657 4659 4680
f 4660 4681 4680
f 4681 4682 4708
f 4708 4682 4709
f 4663 4709 4682
f 4662 4710 4604
f 4711 4709 4663
f 4710 4630 4604
f 4629 4712 4683
f 4629 4605 4713
f 4713 4712 4629
f 4606 4630 4685
f 4684 4685 4714
f 4714 4715 4684
f 4684 4686 4664
f 4684 4715 4686
f 4715 4716 4686
f 4687 4686 4716
f 4580 4579 4717
f 4473 4580 4718
f 4609 4473 4719
f 4635 4633 4582
f 4689 4720 4635
f 4691 4692 4638
f 4721 4695 4642
f 4693 4721 4642
f 4722 4721 4693
f 4723 4722 4693
f 4693 4694 4723
f 4694 4669 4723
f 4695 4587 4510
f 4723 4669 4696
f 4618 4533 4698
f 4670 4646 4480
f 4646 4724 4648
f 4672 4725 4673
f 4649 4725 4726
f 4649 4673 4725
f 4649 4726 4674
f 4726 4701 4674
f 4727 4675 4701
f 4675 4727 4702
f 4704 4700 4594
f 4677 4703 4728
f 4729 4566 4677
f 4566 4729 4540
f 4540 4729 4706
f 4568 4624 4597
f 4597 4624 4730
f 4731 4678 4625
f 4625 4656 4731
f 4680 4681 4732
f 4681 4708 4732
f 4709 4733 4708
f 4709 4711 4733
f 4663 4683 4711
f 4711 4683 4734
f 4734 4683 4712
f 4710 4735 4630
f 4713 4736 4712
f 4735 4685 4630
f 4605 4608 4713
f 4714 4685 4737
f 4738 4714 4737
f 4714 4738 4715
f 4738 4739 4715
f 4716 4715 4739
f 4633 4665 4581
f 4473 4718 4719
f 4637 4690 4689
f 4611 4667 4740
f 4611 4740 4691
f 4690 4741 4689
f 4692 4691 4742
f 4690 4692 4743
f 4741 4690 4743
f 4722 4723 4744
f 4723 4696 4744
f 4695 4745 4587
f 4744 4696 4746
f 4746 4696 4697
f 4747 4588 4644
f 4747 4698 4588
f 4671 4748 4697
f 4697 4561 4671
f 4699 4749 4647
f 4701 4750 4727
f 4751 4702 4727
f 4752 4703 4702
f 4703 4752 4728
f 4753 4704 4652
f 4728 4754 4755
f 4677 4728 4755
f 4677 4755 4729
f 4706 4729 4756
f 4730 4624 4678
f 4655 4757 4707
f 4656 4758 4731
f 4707 4759 4658
f 4760 4758 4656
f 4759 4679 4658
f 4656 4680 4760
f 4732 4760 4680
f 4679 4761 4662
f 4732 4708 4762
f 4733 4762 4708
f 4662 4761 4710
f 4763 4733 4711
f 4763 4711 4734
f 4712 4736 4734
f 4734 4736 4764
f 4765 4685 4735
f 4736 4713 4766
f 4685 4765 4737
f 4608 4766 4713
f 4608 4665 4767
f 4767 4766 4608
f 4738 4737 4768
f 4769 4738 4768
f 4738 4769 4770
f 4739 4738 4770
f 4770 4716 4739
f 4716 4770 4771
f 4687 4716 4771
f 4579 4687 4717
f 4633 4767 4665
f 4718 4580 4717
f 4633 4635 4720
f 4666 4634 4772
f 4743 4692 4742
f 4722 4744 4773
f 4774 4745 4695
f 4721 4774 4695
f 4722 4774 4721
f 4775 4722 4773
f 4744 4746 4773
f 4775 4773 4776
f 4746 4776 4773
f 4644 4587 4747
f 4746 4697 4777
f 4698 4747 4778
f 4724 4646 4670
f 4671 4647 4749
f 4672 4648 4779
f 4648 4780 4779
f 4672 4779 4725
f 4779 4781 4725
f 4726 4750 4701
f 4750 4751 4727
f 4704 4782 4700
f 4753 4782 4704
f 4752 4702 4783
f 4702 4751 4783
f 4752 4754 4728
f 4754 4784 4755
f 4755 4784 4785
f 4753 4652 4786
f 4729 4755 4785
f 4786 4652 4705
f 4787 4706 4756
f 4730 4705 4597
f 4655 4654 4788
f 4789 4762 4733
f 4763 4789 4733
f 4735 4710 4761
f 4790 4789 4763
f 4734 4790 4763
f 4790 4734 4764
f 4766 4764 4736
f 4765 4768 4737
f 4764 4766 4791
f 4792 4769 4768
f 4769 4792 4770
f 4633 4793 4767
f 4609 4719 4794
f 4609 4794 4688
f 4720 4793 4633
f 4634 4688 4772
f 4795 4793 4720
f 4666 4772 4667
f 4720 4689 4795
f 4689 4741 4796
f 4795 4689 4796
f 4691 4797 4742
f 4774 4722 4775
f 4587 4798 4747
f 4776 4746 4777
f 4748 4777 4697
f 4670 4618 4799
f 4749 4748 4671
f 4724 4800 4648
f 4800 4780 4648
f 4782 4801 4699
f 4699 4700 4782
f 4725 4781 4726
f 4726 4781 4750
f 4781 4802 4750
f 4750 4803 4751
f 4751 4803 4783
f 4783 4804 4752
f 4804 4754 4752
f 4754 4804 4784
f 4805 4784 4804
f 4784 4806 4785
f 4756 4785 4806
f 4785 4756 4729
f 4756 4807 4787
f 4654 4706 4788
f 4730 4678 4808
f 4655 4788 4809
f 4678 4731 4808
f 4808 4731 4810
f 4758 4810 4731
f 4757 4655 4809
f 4762 4760 4732
f 4679 4811 4761
f 4812 4789 4790
f 4790 4764 4813
f 4765 4735 4814
f 4764 4791 4813
f 4815 4768 4765
f 4766 4767 4791
f 4768 4815 4792
f 4791 4767 4816
f 4815 4817 4792
f 4771 4792 4817
f 4771 4770 4792
f 4767 4793 4816
f 4771 4818 4687
f 4819 4816 4793
f 4719 4718 4820
f 4794 4719 4820
f 4793 4795 4819
f 4819 4795 4821
f 4795 4796 4821
f 4742 4822 4743
f 4822 4741 4743
f 4822 4796 4741
f 4774 4775 4823
f 4745 4824 4587
f 4823 4776 4825
f 4823 4775 4776
f 4776 4777 4825
f 4825 4777 4826
f 4748 4826 4777
f 4827 4618 4698
f 4749 4699 4801
f 4750 4802 4803
f 4783 4803 4804
f 4804 4828 4805
f 4784 4805 4829
f 4784 4829 4806
f 4806 4830 4756
f 4786 4705 4831
f 4807 4756 4830
f 4730 4832 4705
f 4706 4787 4833
f 4788 4706 4833
f 4808 4834 4730
f 4809 4835 4757
f 4835 4707 4757
f 4759 4811 4679
f 4836 4761 4811
f 4761 4837 4735
f 4789 4812 4838
f 4814 4735 4839
f 4840 4812 4790
f 4790 4813 4840
f 4840 4813 4841
f 4814 4842 4765
f 4765 4843 4815
f 4842 4843 4765
f 4791 4841 4813
f 4844 4815 4843
f 4791 4816 4841
f 4815 4844 4845
f 4815 4845 4817
f 4817 4845 4846
f 4846 4771 4817
f 4847 4771 4846
f 4771 4847 4848
f 4818 4771 4848
f 4687 4818 4717
f 4718 4717 4820
f 4819 4849 4816
f 4849 4819 4821
f 4821 4796 4850
f 4796 4851 4850
f 4691 4740 4797
f 4796 4822 4851
f 4742 4797 4852
f 4742 4852 4822
f 4851 4822 4853
f 4824 4745 4854
f 4745 4774 4854
f 4854 4774 4823
f 4823 4855 4854
f 4824 4798 4587
f 4856 4778 4747
f 4857 4826 4748
f 4724 4670 4858
f 4803 4859 4804
f 4859 4803 4802
f 4859 4828 4804
f 4805 4828 4860
f 4805 4860 4829
f 4806 4829 4830
f 4830 4861 4807
f 4787 4807 4861
f 4832 4831 4705
f 4787 4861 4833
f 4834 4832 4730
f 4759 4707 4835
f 4811 4759 4862
f 4762 4789 4863
f 4837 4761 4836
f 4838 4863 4789
f 4837 4839 4735
f 4812 4840 4864
f 4842 4814 4865
f 4842 4865 4843
f 4841 4816 4866
f 4846 4845 4867
f 4866 4816 4849
f 4849 4821 4868
f 4868 4821 4869
f 4772 4688 4794
f 4667 4772 4870
f 4740 4667 4870
f 4869 4821 4850
f 4851 4871 4850
f 4851 4853 4871
f 4797 4872 4852
f 4822 4852 4873
f 4873 4853 4822
f 4855 4823 4874
f 4825 4826 4823
f 4823 4826 4874
f 4748 4749 4857
f 4799 4875 4670
f 4670 4875 4858
f 4724 4858 4800
f 4779 4876 4781
f 4780 4876 4779
f 4782 4753 4786
f 4859 4802 4877
f 4831 4878 4786
f 4828 4879 4860
f 4860 4880 4829
f 4829 4880 4830
f 4880 4881 4830
f 4861 4830 4881
f 4861 4882 4833
f 4833 4882 4883
f 4883 4884 4833
f 4788 4833 4884
f 4885 4788 4884
f 4809 4788 4885
f 4758 4886 4810
f 4835 4862 4759
f 4762 4863 4887
f 4888 4814 4839
f 4865 4814 4888
f 4865 4889 4843
f 4840 4841 4864
f 4841 4866 4890
f 4864 4841 4890
f 4843 4889 4844
f 4889 4891 4844
f 4844 4891 4867
f 4845 4844 4867
f 4867 4892 4893
f 4846 4867 4893
f 4847 4846 4893
f 4847 4893 4894
f 4848 4847 4894
f 4868 4890 4866
f 4866 4849 4868
f 4869 4850 4895
f 4871 4895 4850
f 4797 4740 4896
f 4873 4852 4897
f 4873 4897 4853
f 4855 4824 4854
f 4874 4898 4855
f 4899 4898 4874
f 4900 4747 4798
f 4874 4826 4899
f 4747 4900 4856
f 4857 4899 4826
f 4778 4827 4698
f 4618 4827 4799
f 4801 4782 4901
f 4876 4902 4781
f 4782 4878 4901
f 4802 4781 4902
f 4782 4786 4878
f 4877 4802 4902
f 4859 4903 4828
f 4828 4903 4879
f 4878 4831 4904
f 4860 4905 4880
f 4879 4905 4860
f 4880 4905 4881
f 4832 4904 4831
f 4881 4906 4861
f 4861 4906 4882
f 4882 4906 4883
f 4883 4906 4907
f 4884 4883 4907
f 4834 4808 4908
f 4810 4908 4808
f 4909 4809 4885
f 4910 4809 4909
f 4835 4809 4910
f 4760 4911 4758
f 4760 4762 4912
f 4762 4887 4912
f 4836 4811 4913
f 4887 4863 4838
f 4839 4837 4888
f 4838 4812 4914
f 4888 4915 4865
f 4915 4916 4865
f 4865 4916 4889
f 4891 4892 4867
f 4848 4894 4917
f 4818 4848 4917
f 4918 4919 4890
f 4890 4868 4918
f 4717 4920 4820
f 4820 4920 4921
f 4868 4869 4918
f 4794 4820 4922
f 4918 4869 4895
f 4772 4923 4870
f 4924 4740 4870
f 4895 4871 4925
f 4740 4924 4896
f 4925 4853 4926
f 4925 4871 4853
f 4797 4896 4872
f 4926 4853 4927
f 4927 4853 4897
f 4852 4872 4897
f 4824 4855 4928
f 4928 4855 4898
f 4824 4900 4798
f 4898 4899 4929
f 4899 4930 4929
f 4827 4778 4931
f 4932 4749 4801
f 4800 4933 4780
f 4780 4933 4876
f 4901 4878 4934
f 4902 4935 4877
f 4859 4877 4903
f 4879 4936 4905
f 4879 4903 4936
f 4905 4936 4881
f 4906 4881 4937
f 4937 4881 4936
f 4906 4938 4939
f 4906 4939 4907
f 4937 4938 4906
f 4907 4940 4884
f 4940 4941 4909
f 4884 4940 4909
f 4884 4909 4885
f 4886 4758 4942
f 4910 4862 4835
f 4758 4911 4942
f 4862 4910 4943
f 4911 4760 4912
f 4862 4913 4811
f 4836 4944 4837
f 4838 4945 4887
f 4837 4944 4946
f 4837 4946 4888
f 4915 4946 4947
f 4946 4915 4888
f 4864 4914 4812
f 4916 4948 4889
f 4864 4890 4949
f 4948 4891 4889
f 4919 4949 4890
f 4948 4950 4891
f 4950 4892 4891
f 4950 4951 4892
f 4893 4892 4951
f 4894 4893 4952
f 4893 4951 4952
f 4894 4952 4953
f 4917 4894 4953
f 4917 4953 4954
f 4920 4717 4818
f 4919 4918 4955
f 4918 4895 4955
f 4772 4794 4956
f 4957 4955 4895
f 4772 4956 4923
f 4895 4925 4957
f 4957 4925 4926
f 4897 4872 4958
f 4897 4958 4927
f 4900 4824 4959
f 4959 4824 4928
f 4898 4929 4930
f 4898 4960 4928
f 4961 4960 4898
f 4961 4898 4930
f 4930 4899 4857
f 4932 4801 4901
f 4933 4962 4876
f 4876 4962 4902
f 4934 4878 4963
f 4963 4878 4904
f 4936 4964 4937
f 4832 4834 4908
f 4939 4965 4907
f 4907 4965 4940
f 4965 4941 4940
f 4966 4909 4941
f 4967 4909 4966
f 4810 4886 4908
f 4909 4967 4910
f 4943 4910 4967
f 4968 4862 4943
f 4913 4862 4968
f 4913 4968 4944
f 4836 4913 4944
f 4944 4969 4946
f 4946 4969 4947
f 4914 4945 4838
f 4970 4915 4947
f 4915 4970 4916
f 4971 4864 4949
f 4948 4972 4950
f 4973 4952 4951
f 4952 4973 4953
f 4818 4917 4920
f 4955 4974 4919
f 4820 4921 4922
f 4957 4926 4975
f 4926 4976 4975
f 4926 4927 4976
f 4872 4896 4977
f 4872 4977 4958
f 4976 4927 4958
f 4960 4959 4928
f 4978 4856 4900
f 4979 4961 4930
f 4857 4979 4930
f 4799 4827 4980
f 4932 4981 4857
f 4857 4749 4932
f 4982 4875 4799
f 4982 4858 4875
f 4858 4933 4800
f 4934 4983 4901
f 4832 4984 4904
f 4903 4964 4936
f 4985 4964 4903
f 4986 4984 4832
f 4937 4964 4938
f 4832 4908 4986
f 4938 4987 4939
f 4939 4988 4965
f 4987 4988 4939
f 4989 4941 4965
f 4966 4941 4989
f 4989 4990 4966
f 4908 4886 4991
f 4992 4991 4886
f 4966 4993 4967
f 4942 4992 4886
f 4967 4993 4943
f 4993 4994 4943
f 4943 4994 4995
f 4943 4995 4968
f 4944 4968 4996
f 4997 4912 4887
f 4945 4997 4887
f 4969 4996 4998
f 4969 4944 4996
f 4969 4998 4947
f 4998 4999 4947
f 4999 4970 4947
f 4971 4914 4864
f 4970 5000 4916
f 5000 4948 4916
f 5001 4972 4948
f 4950 5002 4951
f 4950 4972 5002
f 4951 5002 4973
f 5003 4953 4973
f 4955 5004 4974
f 4917 4954 5005
f 4794 4922 5006
f 4975 5007 4957
f 4870 5008 5009
f 4870 5009 4924
f 4959 4978 4900
f 4960 5010 4959
f 4960 4961 5011
f 4961 4979 5011
f 4981 4979 4857
f 4856 4931 4778
f 4931 4980 4827
f 5012 4981 4932
f 4799 4980 4982
f 4982 5013 4858
f 4963 4983 4934
f 4962 4935 4902
f 4963 4904 4984
f 4985 4877 4935
f 4903 4877 4985
f 4964 5014 4938
f 4938 5014 4987
f 4965 4988 4989
f 4989 4988 5015
f 4908 4991 5016
f 4990 5017 4966
f 4966 5017 4993
f 5017 5018 4993
f 5018 5019 4993
f 4993 5019 4994
f 5020 4994 5019
f 5021 4992 4942
f 4942 4911 5021
f 4994 5022 4995
f 5021 4911 5023
f 4911 4912 5023
f 4995 5022 4968
f 4968 5022 5024
f 4968 5024 4996
f 5024 5025 4996
f 4998 4996 5025
f 4999 5000 4970
f 4999 5026 5000
f 5001 4948 5000
f 4971 4949 5027
f 4949 4919 5027
f 5027 4919 4974
f 4972 5028 5002
f 4954 4953 5003
f 5003 5005 4954
f 5029 4917 5005
f 4920 4917 5029
f 4957 5004 4955
f 4794 5006 4956
f 4870 4923 5008
f 5007 4975 5030
f 4976 5031 5030
f 5030 4975 4976
f 4977 4896 5032
f 4977 5032 5033
f 4977 5033 4958
f 4976 4958 5031
f 5010 4978 4959
f 5034 5010 4960
f 5034 4960 5011
f 5035 5034 5011
f 4978 4931 4856
f 5035 5011 4979
f 4978 5036 4931
f 5012 4979 4981
f 5037 5012 4932
f 4983 5037 4932
f 4932 4901 4983
f 4933 4858 5038
f 4962 4933 5039
f 4983 4963 5040
f 4935 5041 4985
f 4986 5042 4984
f 4964 4985 5014
f 4989 5015 4990
f 4990 5015 5043
f 4990 5043 5017
f 5018 5017 5044
f 5018 5044 5019
f 4994 5020 5022
f 5020 5045 5022
f 5022 5045 5024
f 4997 5046 4912
f 5047 4997 4945
f 5025 5026 4998
f 4998 5026 4999
f 4945 4914 5047
f 5026 5001 5000
f 5001 5028 4972
f 5028 5048 5002
f 5048 4973 5002
f 4973 5049 5003
f 4973 5048 5049
f 5003 5050 5005
f 5005 5051 5052
f 5029 5005 5052
f 4920 5029 5053
f 4921 4920 5053
f 5004 4957 5054
f 4922 4921 5006
f 5007 5055 5054
f 5054 4957 5007
f 5031 5056 5007
f 5007 5030 5031
f 5031 5057 5056
f 4896 4924 5032
f 5057 5031 4958
f 5057 4958 5033
f 5010 5058 4978
f 5034 5059 5010
f 5035 5059 5034
f 5035 4979 5012
f 4933 5038 5039
f 5040 5060 4983
f 4962 5061 4935
f 5061 4962 5062
f 5014 4985 5063
f 5016 4986 4908
f 5014 5064 4988
f 4987 5014 4988
f 5064 5014 5063
f 4988 5065 5015
f 5015 5065 5043
f 5043 5044 5017
f 5066 5044 5043
f 5044 5020 5019
f 5020 5067 5045
f 5067 5068 5045
f 5069 5045 5068
f 4912 5046 5023
f 5045 5069 5024
f 5024 5069 5025
f 5069 5026 5025
f 5070 5026 5069
f 5071 5026 5070
f 5071 5001 5026
f 5072 5028 5001
f 5049 5050 5003
f 5050 5051 5005
f 4923 4956 5073
f 5055 5007 5074
f 5008 4923 5009
f 5074 5007 5056
f 4924 5009 5075
f 5032 4924 5076
f 5032 5076 5077
f 5033 5032 5077
f 5058 5010 5059
f 4978 5078 5036
f 4978 5058 5078
f 5035 5012 5059
f 5059 5012 5079
f 5036 4980 4931
f 5012 5037 5079
f 4982 5080 5013
f 5062 4962 5039
f 4963 5081 5040
f 5061 5041 4935
f 4984 5042 4963
f 5082 4985 5041
f 4986 5083 5042
f 5063 4985 5082
f 4988 5064 5065
f 4991 5084 5016
f 5066 5043 5065
f 5066 5085 5044
f 5044 5085 5020
f 5020 5085 5067
f 5068 5067 5086
f 5068 5086 5069
f 5046 4997 5047
f 5071 5087 5001
f 5087 5072 5001
f 5072 5087 5088
f 5050 5089 5051
f 5051 5089 5090
f 5051 5090 5052
f 5029 5052 5091
f 5052 5090 5091
f 5029 5091 5053
f 5006 4921 5053
f 4956 5006 5073
f 5006 5092 5073
f 5074 5093 5055
f 5056 5094 5074
f 5094 5057 5095
f 5056 5057 5094
f 4924 5075 5076
f 5095 5057 5033
f 5095 5033 5077
f 5096 5078 5058
f 5059 5096 5058
f 5097 5096 5059
f 5059 5079 5097
f 5036 5078 5098
f 5037 5097 5079
f 4982 4980 5080
f 4983 5060 5037
f 4858 5099 5038
f 4858 5013 5099
f 5081 4963 5042
f 5061 5100 5041
f 5016 5101 4986
f 5065 5064 5102
f 5066 5103 5085
f 4992 5104 4991
f 4992 5021 5104
f 5105 5085 5103
f 5085 5105 5067
f 5067 5105 5086
f 5106 5086 5105
f 5086 5070 5069
f 5047 4914 5107
f 5107 4914 4971
f 5028 5072 5048
f 5072 5108 5048
f 5049 5109 5050
f 5049 5048 5109
f 5050 5109 5089
f 5090 5089 5110
f 5110 5111 5090
f 5091 5090 5111
f 5091 5111 5112
f 5053 5091 5112
f 5006 5053 5113
f 5114 5054 5055
f 5093 5114 5055
f 4923 5073 5115
f 4923 5116 5009
f 5074 5094 5093
f 5077 5076 5117
f 5077 5117 5118
f 5118 5095 5077
f 5119 5078 5096
f 5097 5037 5119
f 5096 5097 5119
f 5037 5120 5119
f 5013 5080 5121
f 5013 5121 5099
f 5060 5040 5122
f 5039 5038 5123
f 5081 5042 5124
f 5100 5061 5062
f 5041 5100 5125
f 5083 5126 5042
f 5082 5127 5063
f 5084 5101 5016
f 5063 5127 5102
f 5063 5102 5064
f 5084 4991 5128
f 5104 5128 4991
f 5065 5129 5066
f 5066 5129 5103
f 5105 5103 5130
f 5131 5021 5023
f 5131 5023 5046
f 5070 5086 5132
f 5133 5070 5132
f 5070 5133 5071
f 5071 5133 5087
f 5134 5107 4971
f 4971 5027 5134
f 5135 5088 5087
f 5088 5108 5072
f 5004 5136 4974
f 5048 5108 5109
f 5137 5111 5110
f 5112 5111 5137
f 5053 5112 5138
f 5053 5138 5113
f 5006 5113 5092
f 5094 5114 5093
f 4923 5115 5116
f 5094 5095 5139
f 5075 5009 5140
f 5095 5118 5139
f 5141 5076 5075
f 5117 5076 5141
f 5078 5119 5142
f 5143 5078 5142
f 5098 5078 5143
f 5120 5143 5142
f 5142 5119 5120
f 5036 5144 4980
f 5144 5036 5098
f 5145 5080 4980
f 5144 5145 4980
f 5081 5122 5040
f 5126 5124 5042
f 5041 5125 5082
f 5083 4986 5101
f 5104 5021 5146
f 5130 5106 5105
f 5147 5086 5106
f 5132 5086 5147
f 5047 5148 5046
f 5027 4974 5149
f 4974 5150 5149
f 5136 5150 4974
f 5136 5004 5054
f 5109 5108 5089
f 5112 5137 5151
f 5114 5152 5054
f 5094 5153 5114
f 5094 5139 5153
f 5117 5154 5118
f 5139 5118 5155
f 5154 5117 5141
f 5098 5143 5156
f 5143 5120 5157
f 5098 5156 5158
f 5159 5156 5143
f 5159 5143 5157
f 5120 5037 5157
f 5158 5144 5098
f 5159 5157 5160
f 5157 5037 5160
f 5037 5060 5160
f 5161 5160 5060
f 5080 5145 5121
f 5060 5122 5161
f 5162 5065 5102
f 5146 5021 5131
f 5131 5046 5148
f 5163 5133 5132
f 5087 5133 5164
f 5134 5027 5149
f 5088 5165 5108
f 5089 5166 5110
f 5089 5108 5166
f 5110 5166 5167
f 5137 5110 5167
f 5167 5151 5137
f 5112 5151 5168
f 5138 5112 5169
f 5112 5168 5169
f 5092 5113 5138
f 5073 5170 5115
f 5009 5116 5171
f 5009 5171 5140
f 5154 5155 5118
f 5139 5155 5153
f 5075 5140 5172
f 5075 5172 5141
f 5156 5159 5173
f 5159 5160 5173
f 5099 5174 5038
f 5062 5175 5100
f 5127 5082 5125
f 5129 5065 5162
f 5176 5130 5177
f 5130 5103 5177
f 5132 5147 5163
f 5163 5164 5133
f 5087 5178 5135
f 5087 5164 5178
f 5150 5179 5149
f 5135 5165 5088
f 5136 5054 5152
f 5167 5180 5151
f 5168 5151 5180
f 5114 5181 5152
f 5138 5169 5182
f 5092 5138 5182
f 5092 5182 5183
f 5184 5181 5114
f 5073 5092 5170
f 5153 5184 5114
f 5153 5155 5184
f 5154 5141 5185
f 5185 5155 5154
f 5156 5186 5158
f 5186 5156 5187
f 5156 5173 5187
f 5173 5160 5187
f 5144 5158 5145
f 5187 5188 5186
f 5188 5187 5189
f 5187 5160 5189
f 5160 5161 5189
f 5121 5145 5190
f 5189 5161 5191
f 5122 5191 5161
f 5192 5122 5081
f 5039 5123 5193
f 5193 5175 5062
f 5126 5194 5124
f 5100 5175 5125
f 5084 5083 5101
f 5195 5102 5127
f 5102 5195 5162
f 5128 5104 5196
f 5162 5197 5129
f 5129 5177 5103
f 5198 5146 5131
f 5130 5199 5106
f 5106 5199 5147
f 5047 5107 5148
f 5107 5134 5149
f 5150 5200 5179
f 5136 5200 5150
f 5165 5201 5108
f 5166 5108 5201
f 5167 5166 5202
f 5202 5180 5167
f 5203 5168 5180
f 5204 5169 5168
f 5182 5205 5183
f 5170 5092 5183
f 5116 5115 5206
f 5184 5185 5207
f 5184 5155 5185
f 5141 5172 5208
f 5141 5208 5185
f 5158 5186 5145
f 5145 5186 5209
f 5188 5210 5186
f 5211 5210 5188
f 5211 5188 5189
f 5209 5190 5145
f 5211 5189 5191
f 5121 5190 5099
f 5191 5122 5192
f 5038 5174 5123
f 5039 5193 5062
f 5124 5212 5081
f 5194 5212 5124
f 5126 5083 5194
f 5213 5214 5083
f 5127 5125 5215
f 5213 5083 5084
f 5128 5216 5084
f 5177 5129 5197
f 5146 5196 5104
f 5130 5176 5217
f 5199 5163 5147
f 5107 5218 5148
f 5163 5178 5164
f 5107 5149 5218
f 5201 5202 5166
f 5219 5136 5152
f 5203 5204 5168
f 5182 5169 5205
f 5169 5204 5205
f 5181 5184 5207
f 5183 5220 5170
f 5116 5206 5171
f 5185 5221 5207
f 5140 5171 5222
f 5222 5223 5140
f 5223 5172 5140
f 5172 5223 5208
f 5221 5185 5208
f 5186 5210 5209
f 5211 5224 5210
f 5210 5225 5209
f 5224 5211 5226
f 5211 5191 5226
f 5191 5192 5226
f 5190 5227 5099
f 5081 5212 5192
f 5174 5193 5123
f 5194 5083 5214
f 5228 5127 5215
f 5216 5213 5084
f 5128 5196 5216
f 5217 5176 5229
f 5199 5130 5217
f 5131 5148 5198
f 5198 5148 5218
f 5199 5230 5163
f 5163 5231 5178
f 5149 5232 5218
f 5233 5232 5149
f 5149 5179 5233
f 5135 5178 5234
f 5200 5136 5219
f 5201 5235 5202
f 5180 5202 5203
f 5203 5236 5204
f 5205 5204 5237
f 5183 5205 5237
f 5181 5207 5238
f 5183 5237 5239
f 5183 5239 5220
f 5170 5220 5240
f 5115 5170 5241
f 5115 5241 5206
f 5207 5242 5238
f 5207 5221 5242
f 5223 5243 5208
f 5225 5210 5224
f 5225 5224 5244
f 5224 5226 5244
f 5244 5226 5245
f 5226 5192 5245
f 5099 5246 5174
f 5212 5245 5192
f 5247 5125 5175
f 5215 5125 5247
f 5195 5127 5228
f 5228 5248 5195
f 5230 5231 5163
f 5231 5249 5178
f 5178 5249 5234
f 5233 5179 5250
f 5200 5250 5179
f 5135 5251 5165
f 5201 5252 5235
f 5235 5203 5202
f 5203 5235 5236
f 5238 5253 5181
f 5220 5239 5240
f 5170 5240 5241
f 5206 5241 5254
f 5208 5243 5221
f 5190 5209 5255
f 5209 5225 5255
f 5255 5225 5256
f 5244 5257 5225
f 5257 5256 5225
f 5244 5245 5257
f 5258 5256 5257
f 5258 5257 5259
f 5257 5245 5259
f 5227 5246 5099
f 5259 5245 5212
f 5193 5260 5175
f 5162 5195 5248
f 5197 5162 5261
f 5176 5177 5197
f 5198 5218 5262
f 5217 5230 5199
f 5232 5263 5218
f 5251 5135 5234
f 5251 5264 5165
f 5264 5201 5165
f 5201 5265 5252
f 5219 5152 5266
f 5152 5253 5266
f 5181 5253 5152
f 5236 5267 5204
f 5204 5267 5237
f 5237 5267 5268
f 5239 5237 5268
f 5253 5238 5242
f 5240 5239 5268
f 5269 5242 5221
f 5269 5221 5243
f 5171 5206 5270
f 5171 5270 5271
f 5222 5171 5271
f 5223 5222 5271
f 5223 5271 5272
f 5272 5243 5223
f 5190 5255 5227
f 5258 5273 5256
f 5258 5259 5273
f 5256 5274 5255
f 5273 5274 5256
f 5275 5273 5259
f 5259 5212 5275
f 5174 5260 5193
f 5174 5246 5260
f 5214 5276 5194
f 5175 5260 5277
f 5278 5214 5213
f 5216 5196 5279
f 5248 5261 5162
f 5146 5279 5196
f 5262 5146 5198
f 5229 5176 5280
f 5281 5262 5218
f 5249 5231 5230
f 5250 5282 5233
f 5250 5200 5219
f 5201 5264 5265
f 5266 5283 5219
f 5284 5285 5252
f 5252 5285 5235
f 5235 5285 5236
f 5236 5285 5286
f 5267 5236 5286
f 5268 5267 5287
f 5253 5242 5288
f 5289 5240 5268
f 5288 5242 5269
f 5240 5289 5241
f 5269 5243 5272
f 5227 5290 5246
f 5227 5255 5290
f 5290 5255 5274
f 5274 5273 5291
f 5275 5292 5273
f 5292 5291 5273
f 5275 5212 5292
f 5293 5292 5212
f 5260 5246 5294
f 5212 5194 5293
f 5194 5276 5293
f 5295 5276 5214
f 5175 5277 5247
f 5216 5278 5213
f 5279 5278 5216
f 5197 5261 5296
f 5197 5296 5176
f 5263 5281 5218
f 5249 5230 5297
f 5297 5298 5249
f 5249 5298 5234
f 5282 5232 5233
f 5299 5251 5234
f 5219 5300 5250
f 5283 5300 5219
f 5301 5253 5288
f 5287 5289 5268
f 5302 5289 5287
f 5269 5303 5301
f 5288 5269 5301
f 5241 5289 5304
f 5269 5272 5303
f 5305 5241 5304
f 5254 5241 5305
f 5270 5206 5306
f 5307 5308 5270
f 5308 5271 5270
f 5271 5308 5309
f 5309 5272 5271
f 5290 5274 5310
f 5291 5310 5274
f 5291 5292 5310
f 5246 5290 5294
f 5311 5290 5310
f 5312 5311 5310
f 5292 5293 5310
f 5293 5312 5310
f 5276 5312 5293
f 5278 5295 5214
f 5313 5215 5247
f 5228 5215 5313
f 5248 5228 5314
f 5146 5315 5279
f 5176 5296 5280
f 5217 5316 5230
f 5316 5297 5230
f 5263 5232 5317
f 5298 5318 5234
f 5299 5234 5318
f 5250 5300 5282
f 5252 5265 5284
f 5285 5284 5319
f 5285 5319 5286
f 5266 5320 5321
f 5266 5253 5301
f 5301 5320 5266
f 5267 5322 5287
f 5267 5286 5322
f 5254 5306 5206
f 5303 5272 5309
f 5323 5303 5309
f 5306 5254 5305
f 5307 5270 5306
f 5290 5324 5294
f 5324 5290 5325
f 5290 5311 5325
f 5311 5326 5325
f 5311 5312 5326
f 5327 5325 5326
f 5260 5294 5328
f 5276 5327 5326
f 5312 5276 5326
f 5276 5295 5327
f 5247 5277 5329
f 5278 5330 5295
f 5228 5313 5314
f 5248 5314 5331
f 5331 5261 5248
f 5331 5332 5261
f 5333 5146 5262
f 5229 5316 5217
f 5334 5281 5263
f 5282 5317 5232
f 5299 5264 5251
f 5264 5335 5265
f 5336 5284 5265
f 5337 5283 5266
f 5284 5336 5319
f 5319 5338 5286
f 5286 5338 5322
f 5322 5302 5287
f 5301 5339 5320
f 5301 5303 5339
f 5289 5302 5340
f 5289 5340 5304
f 5309 5308 5323
f 5307 5306 5341
f 5307 5341 5308
f 5294 5324 5328
f 5325 5342 5324
f 5342 5328 5324
f 5327 5343 5325
f 5343 5342 5325
f 5327 5295 5343
f 5328 5277 5260
f 5295 5342 5343
f 5344 5342 5295
f 5295 5330 5344
f 5277 5345 5329
f 5247 5329 5313
f 5279 5346 5278
f 5315 5346 5279
f 5261 5332 5296
f 5146 5333 5315
f 5280 5296 5347
f 5281 5333 5262
f 5263 5317 5334
f 5300 5348 5282
f 5299 5349 5264
f 5349 5299 5318
f 5283 5337 5300
f 5266 5321 5337
f 5322 5338 5302
f 5338 5350 5302
f 5302 5350 5340
f 5351 5340 5350
f 5352 5304 5340
f 5303 5323 5339
f 5306 5305 5353
f 5306 5353 5354
f 5306 5354 5341
f 5308 5341 5355
f 5355 5323 5308
f 5342 5356 5328
f 5277 5328 5357
f 5356 5357 5328
f 5342 5344 5356
f 5345 5277 5357
f 5358 5356 5344
f 5359 5358 5344
f 5344 5330 5359
f 5278 5360 5330
f 5296 5332 5347
f 5297 5361 5298
f 5298 5361 5318
f 5348 5362 5282
f 5335 5264 5349
f 5348 5300 5363
f 5363 5300 5337
f 5265 5364 5336
f 5321 5320 5365
f 5320 5339 5366
f 5365 5320 5366
f 5340 5351 5352
f 5339 5323 5355
f 5305 5304 5367
f 5304 5352 5367
f 5305 5367 5353
f 5356 5368 5357
f 5356 5369 5368
f 5358 5369 5356
f 5358 5359 5369
f 5369 5359 5370
f 5359 5330 5370
f 5370 5330 5360
f 5329 5345 5371
f 5360 5278 5346
f 5331 5314 5372
f 5333 5373 5315
f 5331 5372 5332
f 5374 5229 5280
f 5334 5375 5281
f 5316 5376 5297
f 5376 5361 5297
f 5317 5282 5362
f 5364 5265 5335
f 5319 5377 5338
f 5338 5377 5350
f 5377 5351 5350
f 5339 5378 5366
f 5339 5355 5378
f 5354 5379 5341
f 5355 5341 5379
f 5379 5378 5355
f 5368 5380 5357
f 5369 5380 5368
f 5380 5371 5357
f 5371 5345 5357
f 5380 5369 5381
f 5370 5382 5369
f 5382 5381 5369
f 5370 5360 5382
f 5346 5382 5360
f 5329 5383 5313
f 5313 5383 5314
f 5346 5315 5373
f 5384 5373 5333
f 5281 5384 5333
f 5374 5376 5229
f 5229 5376 5316
f 5361 5385 5318
f 5349 5318 5386
f 5348 5387 5362
f 5363 5388 5348
f 5389 5321 5365
f 5377 5390 5351
f 5366 5389 5365
f 5366 5378 5389
f 5351 5390 5352
f 5352 5390 5367
f 5367 5391 5354
f 5391 5379 5354
f 5354 5353 5367
f 5371 5380 5392
f 5392 5380 5393
f 5381 5393 5380
f 5381 5394 5393
f 5381 5382 5394
f 5395 5392 5393
f 5395 5393 5394
f 5382 5346 5394
f 5371 5392 5383
f 5329 5371 5383
f 5396 5394 5346
f 5373 5396 5346
f 5374 5280 5347
f 5387 5317 5362
f 5385 5386 5318
f 5335 5349 5386
f 5364 5335 5397
f 5398 5388 5363
f 5364 5399 5336
f 5400 5363 5337
f 5337 5321 5400
f 5401 5336 5402
f 5321 5389 5403
f 5400 5321 5403
f 5336 5401 5319
f 5319 5401 5377
f 5377 5401 5404
f 5377 5404 5390
f 5405 5389 5378
f 5390 5404 5406
f 5390 5406 5367
f 5391 5367 5406
f 5405 5379 5391
f 5378 5379 5405
f 5395 5407 5392
f 5392 5408 5383
f 5407 5408 5392
f 5395 5409 5407
f 5394 5396 5409
f 5395 5394 5409
f 5383 5408 5410
f 5409 5411 5407
f 5409 5396 5411
f 5396 5373 5411
f 5383 5412 5314
f 5314 5412 5372
f 5384 5413 5373
f 5374 5347 5414
f 5415 5374 5416
f 5374 5415 5376
f 5376 5415 5361
f 5415 5385 5361
f 5317 5417 5334
f 5387 5417 5317
f 5387 5348 5418
f 5386 5419 5335
f 5418 5348 5388
f 5399 5364 5397
f 5399 5402 5336
f 5404 5401 5420
f 5403 5389 5421
f 5421 5405 5422
f 5421 5389 5405
f 5404 5423 5406
f 5406 5423 5391
f 5422 5391 5423
f 5422 5405 5391
f 5410 5408 5424
f 5407 5424 5408
f 5407 5425 5424
f 5411 5425 5407
f 5383 5410 5426
f 5383 5426 5412
f 5424 5426 5410
f 5427 5424 5425
f 5411 5373 5425
f 5373 5427 5425
f 5427 5373 5413
f 5332 5372 5428
f 5347 5332 5428
f 5414 5347 5428
f 5384 5281 5375
f 5416 5374 5414
f 5417 5375 5334
f 5397 5335 5419
f 5363 5400 5398
f 5402 5420 5401
f 5400 5403 5429
f 5403 5421 5429
f 5430 5404 5420
f 5431 5422 5430
f 5421 5431 5429
f 5430 5423 5404
f 5422 5423 5430
f 5431 5421 5422
f 5426 5424 5432
f 5432 5433 5426
f 5424 5427 5432
f 5427 5434 5432
f 5434 5433 5432
f 5412 5426 5435
f 5435 5426 5433
f 5427 5413 5434
f 5372 5412 5436
f 5436 5412 5435
f 5413 5437 5434
f 5413 5384 5438
f 5437 5413 5438
f 5428 5372 5436
f 5439 5438 5384
f 5384 5375 5439
f 5416 5440 5415
f 5440 5441 5415
f 5415 5441 5385
f 5442 5417 5387
f 5441 5386 5385
f 5418 5442 5387
f 5419 5443 5397
f 5443 5444 5397
f 5444 5399 5397
f 5398 5400 5445
f 5402 5399 5446
f 5445 5400 5447
f 5448 5402 5446
f 5402 5448 5420
f 5430 5420 5448
f 5449 5431 5448
f 5431 5430 5448
f 5449 5447 5431
f 5447 5429 5431
f 5400 5429 5447
f 5435 5433 5450
f 5434 5450 5433
f 5434 5437 5450
f 5450 5436 5435
f 5437 5451 5450
f 5450 5452 5436
f 5451 5452 5450
f 5453 5451 5438
f 5451 5437 5438
f 5428 5436 5454
f 5454 5436 5452
f 5438 5439 5453
f 5414 5428 5454
f 5453 5439 5455
f 5414 5456 5416
f 5439 5375 5455
f 5375 5417 5455
f 5455 5417 5457
f 5386 5458 5419
f 5419 5458 5443
f 5459 5442 5418
f 5418 5388 5459
f 5459 5398 5460
f 5459 5388 5398
f 5461 5444 5443
f 5445 5462 5460
f 5398 5445 5460
f 5461 5463 5444
f 5444 5446 5399
f 5463 5446 5444
f 5445 5464 5462
f 5463 5465 5446
f 5463 5464 5465
f 5445 5447 5464
f 5465 5448 5446
f 5464 5447 5465
f 5449 5448 5465
f 5447 5449 5465
f 5451 5466 5452
f 5453 5466 5451
f 5452 5467 5454
f 5466 5467 5452
f 5453 5455 5466
f 5454 5468 5414
f 5468 5454 5467
f 5456 5414 5468
f 5455 5469 5466
f 5470 5469 5455
f 5457 5470 5455
f 5416 5456 5440
f 5442 5457 5417
f 5440 5471 5441
f 5441 5471 5386
f 5471 5458 5386
f 5442 5459 5472
f 5458 5473 5443
f 5474 5443 5473
f 5472 5460 5475
f 5472 5459 5460
f 5474 5461 5443
f 5475 5462 5474
f 5460 5462 5475
f 5474 5463 5461
f 5462 5463 5474
f 5464 5463 5462
f 5466 5469 5467
f 5467 5476 5468
f 5467 5477 5476
f 5470 5477 5467
f 5467 5469 5470
f 5468 5478 5456
f 5476 5478 5468
f 5456 5478 5440
f 5470 5479 5477
f 5476 5480 5478
f 5477 5480 5476
f 5457 5442 5470
f 5471 5440 5478
f 5477 5481 5480
f 5479 5481 5477
f 5470 5442 5479
f 5480 5482 5478
f 5481 5482 5480
f 5478 5473 5471
f 5482 5473 5478
f 5481 5483 5482
f 5479 5472 5481
f 5472 5483 5481
f 5442 5472 5479
f 5471 5473 5458
f 5474 5473 5482
f 5483 5475 5482
f 5475 5474 5482
f 5472 5475 5483

