# https://github.com/mikedh/trimesh
v -2651.44450000 -3479.96485000 1991.52500000
v -2685.61450000 -3451.46485000 1944.29500000
v -2675.73450000 -3561.66485000 1961.87500000
v -2693.21450000 -3403.41485000 1911.25500000
v -2675.61450000 -3347.53485000 1931.85500000
v -2681.16450000 -3298.47485000 1898.88500000
v -2689.39450000 -3554.16485000 1925.43500000
v -2683.33450000 -3608.66485000 1937.67500000
v -2677.16450000 -3639.56485000 1926.78500000
v -2684.89450000 -3326.35485000 1889.06500000
v -2693.74450000 -3419.16485000 1899.61500000
v -2692.14450000 -3509.66485000 1904.27500000
v -2674.33450000 -3612.46485000 1906.50500000
v -2686.21450000 -3461.16485000 1894.63500000
v -2676.37450000 -3555.06485000 1895.39500000
v -2683.33450000 -3380.77485000 1889.46500000
v -2656.94450000 -3637.06485000 1965.14500000
v -2597.06450000 -3592.86485000 2038.58500000
v -2626.37450000 -3539.26485000 2015.03500000
v -2612.73450000 -3391.91485000 2009.59500000
v -2637.88450000 -3672.36485000 1977.21500000
v -2640.14450000 -3680.16485000 1949.83500000
v -2663.52450000 -3272.71485000 1914.77500000
v -2665.30450000 -3236.56485000 1879.81500000
v -2646.19450000 -3672.96485000 1920.37500000
v -2676.50450000 -3281.71485000 1883.73500000
v -2658.83450000 -3200.13485000 1849.74500000
v -2668.09450000 -3250.79485000 1867.64500000
v -2660.74450000 -3314.62485000 1873.75500000
v -2643.10450000 -3423.16485000 1881.03500000
v -2643.95450000 -3535.26485000 1883.83500000
v -2654.37450000 -3608.96485000 1891.35500000
v -2657.16450000 -3203.96485000 1845.65500000
v -2656.69450000 -3243.67485000 1854.69500000
v -2604.32450000 -3660.66485000 2010.83500000
v -2607.15450000 -3289.61485000 1979.92500000
v -2598.83450000 -3190.03485000 1925.46500000
v -2614.83450000 -3696.86485000 1935.44500000
v -2639.97450000 -3173.98485000 1852.91500000
v -2620.87450000 -3652.86485000 1894.12500000
v -2641.81450000 -3169.51485000 1835.16500000
v -2625.09450000 -3124.55485000 1820.64500000
v -2627.93450000 -3282.43485000 1854.74500000
v -2610.14450000 -3141.81485000 1804.58500000
v -2620.00450000 -3226.41485000 1835.80500000
v -2621.23450000 -3327.58485000 1642.44500000
v -2629.38450000 -3316.77485000 1632.53500000
v -2626.97450000 -3344.52485000 1612.84500000
v -2622.42450000 -3356.74485000 1606.39500000
v -2622.00450000 -3305.42485000 1647.76500000
v -2619.09450000 -3333.12485000 1620.87500000
v -2593.28450000 -3518.16485000 2048.44500000
v -2596.16450000 -3689.16485000 1994.85500000
v -2582.35450000 -3701.86485000 1972.73500000
v -2613.32450000 -3131.55485000 1850.45500000
v -2586.95450000 -3684.56485000 1914.48500000
v -2613.21450000 -3583.06485000 1882.57500000
v -2601.23450000 -3093.90485000 1820.47500000
v -2590.74450000 -3381.49485000 1861.76500000
v -2605.05450000 -3100.93485000 1806.24500000
v -2610.91450000 -3304.37485000 1655.10500000
v -2597.63450000 -3310.45485000 1676.27500000
v -2591.98450000 -3286.42485000 1675.32500000
v -2588.61450000 -3383.40485000 1634.30500000
v -2600.41450000 -3300.50485000 1655.87500000
v -2573.65450000 -3324.99485000 1632.91500000
v -2606.19450000 -3386.04485000 1589.71500000
v -2610.43450000 -3377.26485000 1587.72500000
v -2609.21450000 -3367.89485000 1592.81500000
v -2549.49450000 -3656.56485000 2064.60500000
v -2537.52450000 -3323.19485000 2062.53500000
v -2576.73450000 -3463.36485000 2059.02500000
v -2505.18450000 -3223.97485000 2049.72500000
v -2537.80450000 -3699.66485000 1955.24500000
v -2565.40450000 -3111.38485000 1888.59500000
v -2571.06450000 -3527.46485000 1865.52500000
v -2556.13450000 -3667.06485000 1893.25500000
v -2588.92450000 -3315.89485000 1845.74500000
v -2561.85450000 -3309.95485000 1820.41500000
v -2586.46450000 -3079.58485000 1802.71500000
v -2579.78450000 -3221.17485000 1801.83500000
v -2572.21450000 -3166.69485000 1781.20500000
v -2583.45450000 -3115.97485000 1791.88500000
v -2576.93450000 -3290.72485000 1703.94500000
v -2594.23450000 -3298.30485000 1675.81500000
v -2574.09450000 -3340.23485000 1692.58500000
v -2552.07450000 -3371.64485000 1592.02500000
v -2571.09450000 -3430.16485000 1590.75500000
v -2575.89450000 -3397.32485000 1565.51500000
v -2580.50450000 -3413.26485000 1564.76500000
v -2549.91450000 -3463.36485000 1547.51500000
v -2516.33450000 -3396.31485000 2103.17500000
v -2542.72450000 -3684.46485000 2048.88500000
v -2516.44450000 -3169.00485000 2003.73500000
v -2508.78450000 -3129.93485000 1978.22500000
v -2546.36450000 -3618.96485000 1875.04500000
v -2532.30450000 -3067.92485000 1865.85500000
v -2536.39450000 -3060.75485000 1829.22500000
v -2543.67450000 -3093.37485000 1795.12500000
v -2562.45450000 -3253.26485000 1714.48500000
v -2565.61450000 -3266.98485000 1694.70500000
v -2537.91450000 -3408.66485000 1698.98500000
v -2537.59450000 -3445.96485000 1641.79500000
v -2532.59450000 -3294.53485000 1674.67500000
v -2552.50450000 -3395.66485000 1563.05500000
v -2552.01450000 -3434.36485000 1530.33500000
v -2553.42450000 -3446.96485000 1528.77500000
v -2487.23450000 -3522.26485000 2139.38500000
v -2503.32450000 -3633.06485000 2111.82500000
v -2531.50450000 -3701.26485000 2032.33500000
v -2518.80450000 -3705.86485000 2010.79500000
v -2535.25450000 -3401.08485000 1829.71500000
v -2527.38450000 -3485.26485000 1843.71500000
v -2558.01450000 -3282.68485000 1789.01500000
v -2539.50450000 -3342.77485000 1786.43500000
v -2561.80450000 -3236.01485000 1769.83500000
v -2558.11450000 -3302.29485000 1744.55500000
v -2509.48450000 -3063.45485000 1821.55500000
v -2543.54450000 -3156.60485000 1770.02500000
v -2554.20450000 -3214.83485000 1751.26500000
v -2560.80450000 -3259.23485000 1734.01500000
v -2543.56450000 -3222.67485000 1732.96500000
v -2542.47450000 -3363.06485000 1740.12500000
v -2510.62450000 -3490.86485000 1610.58500000
v -2530.48450000 -3404.09485000 1561.19500000
v -2537.23450000 -3465.46485000 1504.59500000
v -2536.35450000 -3474.56485000 1513.44500000
v -2519.99450000 -3492.76485000 1493.15500000
v -2504.07450000 -3674.76485000 2092.16500000
v -2479.36450000 -3693.86485000 2095.22500000
v -2508.79450000 -3677.46485000 1912.76500000
v -2486.87450000 -3045.33485000 1877.86500000
v -2472.64450000 -3047.58485000 1858.72500000
v -2533.69450000 -3369.36485000 1805.22500000
v -2497.39450000 -3591.36485000 1852.73500000
v -2478.37450000 -3619.86485000 1857.55500000
v -2497.44450000 -3149.76485000 1773.98500000
v -2510.16450000 -3244.95485000 1718.97500000
v -2495.13450000 -3474.06485000 1705.09500000
v -2477.17450000 -3326.05485000 1658.73500000
v -2505.94450000 -3503.16485000 1542.70500000
v -2484.05450000 -3443.96485000 1521.16500000
v -2494.25450000 -3509.76485000 1506.20500000
v -2508.39450000 -3482.66485000 1487.30500000
v -2449.36450000 -3132.48485000 2052.01500000
v -2461.59450000 -3098.87485000 2006.06500000
v -2437.64450000 -3700.56485000 2041.94500000
v -2467.43450000 -3076.10485000 1969.45500000
v -2493.88450000 -3646.26485000 1881.50500000
v -2484.53450000 -3551.86485000 1833.76500000
v -2515.11450000 -3420.56485000 1769.16500000
v -2483.98450000 -3491.46485000 1799.56500000
v -2473.84450000 -3061.04485000 1832.00500000
v -2481.71450000 -3100.87485000 1807.34500000
v -2515.76450000 -3198.67485000 1747.89500000
v -2434.99450000 -3267.73485000 1723.28500000
v -2491.92450000 -3475.76485000 1483.16500000
v -2501.21450000 -3496.76485000 1487.47500000
v -2486.13450000 -3485.16485000 1482.75500000
v -2433.38450000 -3277.54485000 2145.87500000
v -2409.13450000 -3382.93485000 2196.18500000
v -2425.47450000 -3623.46485000 2184.40500000
v -2447.80450000 -3668.16485000 2143.96500000
v -2459.49450000 -3700.86485000 2080.87500000
v -2432.98450000 -3038.75485000 1947.96500000
v -2483.70450000 -3480.56485000 1754.62500000
v -2453.41450000 -3208.21485000 1759.01500000
v -2464.73450000 -3521.46485000 1679.92500000
v -2413.07450000 -3367.28485000 1621.50500000
v -2463.65450000 -3527.96485000 1626.05500000
v -2461.66450000 -3524.86485000 1565.62500000
v -2458.54450000 -3465.96485000 1498.46500000
v -2455.13450000 -3504.06485000 1518.27500000
v -2401.73450000 -3165.32485000 2127.53500000
v -2385.05450000 -3675.56485000 2001.12500000
v -2434.15450000 -3035.20485000 1909.75500000
v -2431.89450000 -3649.06485000 1899.71500000
v -2436.95450000 -3593.06485000 1829.32500000
v -2431.52450000 -3551.86485000 1776.32500000
v -2416.16450000 -3097.31485000 1840.44500000
v -2461.71450000 -3512.66485000 1738.37500000
v -2436.32450000 -3477.36485000 1506.38500000
v -2373.72450000 -3465.96485000 2239.06500000
v -2397.00450000 -3687.16485000 2160.73500000
v -2417.86450000 -3080.63485000 2043.46500000
v -2389.65450000 -3034.45485000 1917.16500000
v -2427.06450000 -3059.79485000 1867.45500000
v -2445.61450000 -3622.76485000 1860.72500000
v -2421.48450000 -3153.23485000 1805.39500000
v -2440.48450000 -3538.06485000 1697.05500000
v -2425.92450000 -3542.06485000 1654.15500000
v -2357.70450000 -3297.88485000 1717.11500000
v -2396.18450000 -3529.96485000 1627.03500000
v -2424.43450000 -3444.26485000 1525.72500000
v -2359.59450000 -3563.76485000 2250.55500000
v -2360.12450000 -3626.56485000 2241.83500000
v -2380.28450000 -3657.66485000 2204.37500000
v -2349.00450000 -3191.74485000 2200.06500000
v -2358.84450000 -3690.26485000 2139.64500000
v -2381.38450000 -3038.62485000 2038.34500000
v -2356.96450000 -3014.24485000 1979.23500000
v -2401.49450000 -3611.26485000 1843.70500000
v -2368.83450000 -3205.69485000 1795.04500000
v -2411.09450000 -3552.66485000 1720.95500000
v -2382.86450000 -3552.96485000 1711.36500000
v -2373.80450000 -3415.16485000 1567.29500000
v -2395.88450000 -3504.86485000 1558.15500000
v -2396.34450000 -3453.16485000 1531.54500000
v -2410.95450000 -3489.26485000 1528.63500000
v -2382.40450000 -3472.86485000 1538.22500000
v -2309.33450000 -3363.95485000 2284.91500000
v -2334.06450000 -3260.67485000 2237.87500000
v -2367.92450000 -3080.61485000 2108.41500000
v -2373.22450000 -3020.88485000 2005.06500000
v -2355.44450000 -3626.66485000 1902.94500000
v -2355.41450000 -3080.21485000 1893.27500000
v -2398.63450000 -3570.66485000 1777.13500000
v -2314.91450000 -3241.17485000 1786.63500000
v -2272.15450000 -3494.86485000 2327.51500000
v -2308.53450000 -3621.96485000 2284.28500000
v -2319.57450000 -3667.06485000 2243.48500000
v -2316.38450000 -3107.58485000 2195.55500000
v -2269.40450000 -3679.56485000 2167.31500000
v -2324.97450000 -2997.72485000 2052.37500000
v -2328.70450000 -3017.18485000 1968.94500000
v -2343.87450000 -3140.29485000 1852.58500000
v -2358.52450000 -3546.96485000 1711.24500000
v -2255.82450000 -3311.75485000 1713.92500000
v -2355.08450000 -3476.66485000 1563.38500000
v -2334.65450000 -3490.96485000 1620.80500000
v -2345.58450000 -3464.26485000 1560.00500000
v -2328.07450000 -3645.46485000 2254.19500000
v -2302.78450000 -3677.66485000 2223.72500000
v -2282.99450000 -3026.10485000 2185.15500000
v -2313.84450000 -3008.83485000 2110.72500000
v -2190.93450000 -3655.66485000 2162.69500000
v -2284.77450000 -2975.29485000 2053.30500000
v -2249.27450000 -3629.16485000 2020.76500000
v -2305.62450000 -3050.78485000 1947.32500000
v -2348.03450000 -3576.46485000 1798.84500000
v -2319.31450000 -3526.76485000 1714.90500000
v -2271.18450000 -3363.61485000 1643.69500000
v -2301.93450000 -3401.88485000 1597.50500000
v -2337.40450000 -3427.06485000 1570.70500000
v -2342.58450000 -3448.46485000 1563.52500000
v -2239.09450000 -3246.51485000 2326.19500000
v -2268.93450000 -3589.96485000 2324.22500000
v -2250.90450000 -3646.96485000 2315.80500000
v -2269.23450000 -3157.47485000 2269.35500000
v -2257.96450000 -2951.15485000 2129.44500000
v -2275.20450000 -2963.58485000 2088.68500000
v -2264.14450000 -3001.47485000 2018.01500000
v -2281.92450000 -3598.76485000 1910.76500000
v -2274.31450000 -3110.39485000 1911.19500000
v -2295.70450000 -3423.76485000 1595.84500000
v -2228.96450000 -3374.13485000 2353.52500000
v -2260.91450000 -3621.16485000 2322.24500000
v -2248.89450000 -3666.76485000 2289.62500000
v -2221.06450000 -3034.47485000 2272.21500000
v -2228.09450000 -3676.76485000 2266.08500000
v -2257.86450000 -2973.77485000 2172.80500000
v -2253.72450000 -3555.56485000 1851.47500000
v -2278.35450000 -3177.99485000 1852.30500000
v -2326.17450000 -3451.66485000 1576.63500000
v -2294.24450000 -3447.16485000 1609.85500000
v -2228.56450000 -3619.06485000 2350.38500000
v -2231.21450000 -2972.33485000 2219.00500000
v -2204.87450000 -3670.86485000 2314.10500000
v -2246.31450000 -2945.54485000 2102.49500000
v -2243.63450000 -2957.45485000 2077.32500000
v -2201.53450000 -3231.96485000 1819.71500000
v -2241.80450000 -3501.46485000 1763.72500000
v -2266.91450000 -3471.96485000 1683.21500000
v -2240.28450000 -3382.42485000 1639.87500000
v -2257.41450000 -3415.66485000 1627.71500000
v -2162.62450000 -3460.16485000 2412.89500000
v -2195.10450000 -3576.36485000 2384.09500000
v -2153.40450000 -3117.85485000 2373.81500000
v -2215.73450000 -2931.26485000 2196.15500000
v -2206.09450000 -2926.61485000 2122.34500000
v -2170.70450000 -3589.66485000 2018.22500000
v -2221.10450000 -3055.76485000 1980.43500000
v -2194.34450000 -3323.47485000 1706.97500000
v -2229.23450000 -3363.53485000 1655.10500000
v -2231.71450000 -3427.86485000 1667.01500000
v -2156.17450000 -3295.18485000 2402.36500000
v -2176.61450000 -3632.06485000 2382.26500000
v -2173.03450000 -2935.98485000 2275.31500000
v -2198.46450000 -2914.17485000 2163.19500000
v -2167.13450000 -2955.53485000 2091.30500000
v -2185.24450000 -3134.95485000 1917.39500000
v -2186.80450000 -3503.86485000 1840.99500000
v -2146.30450000 -3288.47485000 1761.80500000
v -2193.02450000 -3453.46485000 1753.68500000
v -2196.14450000 -3349.54485000 1682.86500000
v -2183.07450000 -3655.16485000 2356.52500000
v -2107.75450000 -2961.38485000 2371.14500000
v -2165.07450000 -2893.74485000 2234.23500000
v -2157.99450000 -3670.86485000 2300.82500000
v -2143.71450000 -3661.96485000 2264.81500000
v -2141.11450000 -2870.65485000 2218.07500000
v -2129.34450000 -2899.18485000 2163.61500000
v -2090.87450000 -3610.76485000 2171.74500000
v -2175.89450000 -3011.74485000 2034.15500000
v -2126.22450000 -3542.76485000 1983.88500000
v -2219.20450000 -3394.59485000 1659.03500000
v -2185.42450000 -3398.22485000 1700.53500000
v -2186.10450000 -3370.37485000 1686.52500000
v -2121.54450000 -3564.66485000 2443.77500000
v -2126.16450000 -3613.76485000 2428.03500000
v -2135.76450000 -3660.06485000 2367.78500000
v -2107.29450000 -2894.75485000 2342.55500000
v -2124.91450000 -2873.67485000 2296.51500000
v -2120.80450000 -2853.22485000 2265.10500000
v -2110.04450000 -3063.28485000 1996.22500000
v -2133.20450000 -3177.01485000 1890.71500000
v -2139.06450000 -3316.78485000 1737.42500000
v -2129.25450000 -3410.75485000 1785.17500000
v -2142.61450000 -3375.81485000 1735.43500000
v -2068.64450000 -3369.20485000 2482.94500000
v -2051.13450000 -3187.40485000 2477.74500000
v -2137.97450000 -3640.66485000 2397.89500000
v -2093.86450000 -2833.22485000 2255.43500000
v -2069.11450000 -2915.95485000 2135.35500000
v -2046.12450000 -2979.39485000 2073.67500000
v -2090.92450000 -3202.61485000 1869.24500000
v -2082.00450000 -3469.46485000 1928.21500000
v -2082.28450000 -3249.86485000 1822.74500000
v -2110.42450000 -3300.00485000 1764.30500000
v -2128.85450000 -3343.83485000 1739.50500000
v -2064.59450000 -3502.26485000 2487.80500000
v -2069.51450000 -3582.76485000 2474.66500000
v -2080.74450000 -2852.71485000 2347.79500000
v -2077.65450000 -2826.09485000 2317.08500000
v -2082.05450000 -2823.82485000 2282.21500000
v -2087.10450000 -2850.36485000 2221.73500000
v -2036.62450000 -3140.14485000 1931.12500000
v -2063.37450000 -3622.66485000 2451.69500000
v -2022.86450000 -3015.72485000 2472.71500000
v -2058.52450000 -2867.35485000 2385.88500000
v -2012.80450000 -2881.08485000 2443.73500000
v -2038.52450000 -2814.01485000 2373.19500000
v -2036.68450000 -2789.71485000 2320.29500000
v -2083.24450000 -3652.86485000 2354.56500000
v -2035.81450000 -2795.16485000 2293.06500000
v -2019.86450000 -2811.36485000 2253.49500000
v -1994.54450000 -3555.26485000 2177.89500000
v -2089.70450000 -3284.49485000 1788.06500000
v -2093.24450000 -3368.37485000 1793.18500000
v -2003.06450000 -3293.63485000 2527.45500000
v -2049.44450000 -3637.66485000 2420.57500000
v -2015.60450000 -2778.29485000 2360.78500000
v -2039.36450000 -3625.66485000 2307.73500000
v -2018.26450000 -2858.06485000 2192.25500000
v -1974.15450000 -3490.46485000 2094.92500000
v -2003.86450000 -3197.78485000 1880.88500000
v -2056.91450000 -3386.46485000 1858.93500000
v -2078.90450000 -3302.74485000 1784.41500000
v -2073.96450000 -3332.50485000 1793.29500000
v -1961.05450000 -3408.63485000 2562.24500000
v -1988.19450000 -3553.06485000 2530.74500000
v -2023.51450000 -3592.06485000 2493.54500000
v -1979.42450000 -3092.13485000 2525.89500000
v -2004.89450000 -2807.32485000 2417.94500000
v -1968.43450000 -2737.75485000 2353.26500000
v -1985.56450000 -2758.49485000 2324.40500000
v -1942.51450000 -3042.63485000 2019.96500000
v -1966.71450000 -3441.16485000 2034.83500000
v -2049.30450000 -3338.84485000 1823.97500000
v -2043.45450000 -3270.90485000 1820.59500000
v -1983.99450000 -3592.26485000 2513.52500000
v -1981.96450000 -3609.16485000 2482.43500000
v -1996.38450000 -2771.05485000 2394.11500000
v -1976.46450000 -3614.26485000 2427.34500000
v -1960.04450000 -2894.17485000 2143.10500000
v -1997.51450000 -3380.94485000 1932.96500000
v -2014.46450000 -3319.50485000 1856.76500000
v -1989.28450000 -3230.14485000 1864.63500000
v -2049.51450000 -3315.43485000 1815.35500000
v -2033.96450000 -3291.82485000 1826.78500000
v -1936.63450000 -3512.66485000 2574.63500000
v -1934.58450000 -3189.67485000 2571.70500000
v -1907.46450000 -2981.08485000 2571.82500000
v -1972.18450000 -3577.46485000 2530.47500000
v -1957.26450000 -2893.60485000 2505.69500000
v -1939.64450000 -2788.15485000 2491.07500000
v -1960.72450000 -2751.42485000 2433.68500000
v -1947.37450000 -2719.09485000 2398.20500000
v -1958.28450000 -2770.21485000 2285.12500000
v -1940.58450000 -2841.68485000 2188.47500000
v -1893.44450000 -2956.12485000 2084.21500000
v -1939.82450000 -3151.52485000 1927.99500000
v -1962.82450000 -3203.31485000 1884.41500000
v -1982.08450000 -3266.77485000 1867.36500000
v -1918.01450000 -3555.46485000 2569.41500000
v -1955.93450000 -3572.56485000 2537.03500000
v -1921.81450000 -2719.20485000 2475.45500000
v -1896.04450000 -3588.96485000 2437.99500000
v -1918.07450000 -2727.60485000 2317.00500000
v -1946.24450000 -2809.77485000 2226.82500000
v -1941.45450000 -3181.59485000 1904.64500000
v -1872.13450000 -3317.81485000 2623.77500000
v -1846.87450000 -3416.76485000 2643.75500000
v -1886.27450000 -3493.36485000 2609.33500000
v -1822.21450000 -3062.00485000 2651.62500000
v -1902.41450000 -3528.86485000 2589.86500000
v -1865.03450000 -2834.59485000 2586.61500000
v -1848.56450000 -2730.36485000 2578.79500000
v -1888.79450000 -2714.03485000 2521.99500000
v -1886.90450000 -3585.66485000 2525.56500000
v -1907.27450000 -2686.38485000 2463.73500000
v -1891.66450000 -2676.69485000 2369.41500000
v -1914.16450000 -3572.66485000 2344.13500000
v -1873.36450000 -2759.71485000 2249.33500000
v -1907.04450000 -3110.53485000 1966.67500000
v -1949.33450000 -3316.73485000 1933.10500000
v -1922.19450000 -3192.15485000 1907.39500000
v -1926.37450000 -3226.87485000 1904.04500000
v -1932.23450000 -3580.06485000 2535.27500000
v -1884.11450000 -2683.57485000 2509.04500000
v -1890.52450000 -3589.46485000 2489.19500000
v -1869.00450000 -2639.30485000 2437.93500000
v -1877.43450000 -2829.11485000 2181.71500000
v -1850.65450000 -3411.94485000 2141.30500000
v -1907.83450000 -3362.53485000 2021.23500000
v -1922.43450000 -3268.06485000 1927.29500000
v -1883.29450000 -3291.49485000 1983.80500000
v -1826.83450000 -3216.84485000 2653.25500000
v -1860.44450000 -3535.26485000 2608.01500000
v -1842.34450000 -3513.46485000 2630.42500000
v -1790.70450000 -2888.63485000 2668.08500000
v -1864.68450000 -3559.66485000 2577.09500000
v -1845.58450000 -2665.29485000 2553.50500000
v -1858.25450000 -2643.52485000 2504.90500000
v -1852.14450000 -2624.79485000 2390.95500000
v -1842.21450000 -2686.93485000 2301.26500000
v -1839.30450000 -3525.66485000 2337.57500000
v -1837.10450000 -3475.96485000 2249.91500000
v -1835.56450000 -2879.61485000 2128.54500000
v -1840.57450000 -3007.08485000 2046.44500000
v -1888.66450000 -3151.52485000 1942.93500000
v -1814.97450000 -3482.36485000 2656.24500000
v -1835.54450000 -2627.51485000 2354.10500000
v -1788.55450000 -2807.56485000 2162.85500000
v -1820.69450000 -3320.21485000 2080.66500000
v -1839.32450000 -3065.71485000 2008.80500000
v -1848.12450000 -3109.01485000 1979.36500000
v -1883.00450000 -3240.09485000 1950.49500000
v -1867.20450000 -3189.77485000 1951.97500000
v -1760.18450000 -3320.80485000 2703.15500000
v -1755.43450000 -2731.81485000 2678.54500000
v -1801.77450000 -3516.16485000 2648.49500000
v -1797.80450000 -3536.26485000 2623.06500000
v -1809.70450000 -2605.08485000 2556.81500000
v -1806.00450000 -2574.08485000 2484.89500000
v -1814.11450000 -3564.76485000 2540.32500000
v -1820.52450000 -2587.13485000 2400.57500000
v -1795.93450000 -3552.06485000 2492.89500000
v -1798.65450000 -2726.17485000 2235.99500000
v -1810.86450000 -2770.77485000 2202.25500000
v -1810.58450000 -3233.29485000 2025.25500000
v -1716.81450000 -2980.68485000 2738.57500000
v -1716.23450000 -3152.37485000 2737.86500000
v -1771.50450000 -2627.70485000 2626.81500000
v -1768.66450000 -2570.73485000 2596.27500000
v -1813.44450000 -3553.56485000 2583.35500000
v -1776.26450000 -2515.23485000 2419.48500000
v -1728.26450000 -3511.26485000 2464.51500000
v -1782.19450000 -2531.68485000 2358.92500000
v -1802.63450000 -2585.67485000 2348.01500000
v -1798.92450000 -2626.41485000 2309.01500000
v -1758.13450000 -2554.72485000 2305.74500000
v -1764.06450000 -2679.91485000 2247.11500000
v -1722.66450000 -3405.43485000 2275.15500000
v -1769.11450000 -2932.92485000 2088.14500000
v -1796.48450000 -3082.36485000 2010.12500000
v -1809.94450000 -3121.49485000 1994.63500000
v -1745.75450000 -3431.86485000 2708.18500000
v -1757.93450000 -3487.86485000 2686.67500000
v -1744.25450000 -3513.66485000 2668.71500000
v -1735.27450000 -2550.59485000 2635.60500000
v -1763.81450000 -2541.14485000 2557.62500000
v -1739.55450000 -2495.07485000 2501.08500000
v -1751.00450000 -2485.14485000 2441.69500000
v -1749.49450000 -2458.46485000 2400.19500000
v -1756.11450000 -2472.05485000 2360.24500000
v -1748.75450000 -2485.08485000 2326.74500000
v -1733.92450000 -2623.76485000 2254.25500000
v -1715.78450000 -3474.86485000 2391.62500000
v -1745.58450000 -2820.06485000 2139.60500000
v -1790.41450000 -3017.15485000 2044.68500000
v -1776.42450000 -3049.24485000 2034.46500000
v -1799.64450000 -3161.38485000 2004.87500000
v -1755.95450000 -3173.48485000 2048.92500000
v -1681.65450000 -2820.87485000 2761.57500000
v -1682.08450000 -2603.54485000 2724.16500000
v -1756.28450000 -3504.56485000 2676.57500000
v -1741.11450000 -2529.78485000 2602.82500000
v -1727.74450000 -3532.46485000 2573.35500000
v -1730.38450000 -2454.18485000 2445.05500000
v -1724.60450000 -2411.66485000 2399.25500000
v -1731.82450000 -2414.34485000 2362.53500000
v -1726.42450000 -2425.04485000 2328.26500000
v -1689.31450000 -3439.86485000 2359.08500000
v -1703.83450000 -2472.33485000 2281.27500000
v -1747.88450000 -2747.97485000 2187.68500000
v -1729.26450000 -3345.17485000 2199.53500000
v -1739.62450000 -3283.58485000 2135.01500000
v -1753.23450000 -3004.82485000 2060.82500000
v -1692.14450000 -3088.25485000 2092.94500000
v -1643.67450000 -3283.78485000 2792.06500000
v -1681.01450000 -2526.91485000 2694.91500000
v -1726.41450000 -3496.96485000 2691.73500000
v -1703.75450000 -2502.10485000 2642.94500000
v -1725.45450000 -3523.56485000 2624.20500000
v -1705.06450000 -2477.07485000 2589.31500000
v -1703.70450000 -2409.87485000 2442.05500000
v -1688.69450000 -2354.95485000 2409.24500000
v -1705.38450000 -2361.89485000 2368.43500000
v -1710.02450000 -2380.25485000 2338.07500000
v -1683.80450000 -2559.00485000 2233.67500000
v -1698.40450000 -2828.46485000 2124.82500000
v -1685.37450000 -3148.58485000 2111.14500000
v -1685.32450000 -3219.21485000 2146.60500000
v -1745.58450000 -3042.81485000 2052.93500000
v -1682.69450000 -3386.16485000 2755.06500000
v -1685.75450000 -3439.46485000 2743.22500000
v -1707.32450000 -3472.06485000 2711.49500000
v -1660.90450000 -2464.19485000 2684.76500000
v -1665.90450000 -3483.46485000 2705.86500000
v -1701.07450000 -2432.78485000 2478.90500000
v -1670.58450000 -2298.54485000 2359.61500000
v -1685.75450000 -2331.94485000 2337.24500000
v -1659.23450000 -2341.51485000 2292.95500000
v -1681.72450000 -2657.83485000 2199.52500000
v -1706.51450000 -2892.02485000 2102.69500000
v -1723.15450000 -2960.45485000 2083.78500000
v -1683.27450000 -2907.80485000 2105.64500000
v -1614.91450000 -2652.29485000 2803.67500000
v -1616.76450000 -2927.14485000 2824.91500000
v -1631.85450000 -3035.03485000 2810.65500000
v -1664.36450000 -2444.24485000 2653.09500000
v -1645.29450000 -2408.30485000 2616.89500000
v -1662.01450000 -2407.93485000 2537.16500000
v -1649.17450000 -3502.26485000 2611.83500000
v -1688.99450000 -3512.16485000 2551.67500000
v -1673.63450000 -2373.44485000 2461.95500000
v -1639.69450000 -2289.75485000 2423.99500000
v -1673.48450000 -2307.36485000 2338.10500000
v -1660.85450000 -2291.10485000 2332.47500000
v -1616.02450000 -2413.59485000 2222.48500000
v -1639.65450000 -3297.43485000 2246.28500000
v -1689.49450000 -2752.25485000 2159.99500000
v -1675.19450000 -2850.77485000 2120.83500000
v -1642.10450000 -3125.80485000 2146.25500000
v -1595.61450000 -3172.49485000 2837.93500000
v -1592.04450000 -2507.93485000 2794.58500000
v -1639.88450000 -3428.66485000 2769.29500000
v -1657.81450000 -3452.56485000 2742.77500000
v -1611.77450000 -2449.58485000 2743.28500000
v -1618.79450000 -2407.01485000 2699.57500000
v -1634.50450000 -2405.81485000 2658.40500000
v -1597.77450000 -3474.86485000 2679.64500000
v -1635.78450000 -2348.31485000 2499.21500000
v -1613.12450000 -3459.26485000 2497.86500000
v -1640.05450000 -2249.25485000 2357.93500000
v -1649.58450000 -2266.16485000 2341.74500000
v -1622.29450000 -2231.42485000 2322.73500000
v -1613.94450000 -3389.64485000 2371.25500000
v -1581.19450000 -2246.04485000 2248.84500000
v -1655.45450000 -3356.21485000 2288.32500000
v -1631.21450000 -2541.52485000 2197.92500000
v -1657.20450000 -2795.54485000 2141.62500000
v -1615.32450000 -3169.03485000 2190.59500000
v -1686.72450000 -2966.05485000 2099.31500000
v -1604.63450000 -3372.07485000 2810.13500000
v -1602.08450000 -3441.96485000 2769.56500000
v -1604.63450000 -2371.41485000 2662.16500000
v -1583.60450000 -2328.64485000 2595.05500000
v -1617.48450000 -2348.53485000 2538.89500000
v -1597.35450000 -2278.12485000 2497.12500000
v -1588.42450000 -2195.85485000 2425.24500000
v -1602.48450000 -3421.76485000 2441.66500000
v -1612.00450000 -2213.41485000 2379.50500000
v -1580.37450000 -2183.83485000 2280.71500000
v -1610.41450000 -2250.33485000 2286.60500000
v -1611.14450000 -2602.52485000 2177.10500000
v -1638.91450000 -2709.19485000 2167.88500000
v -1650.61450000 -2858.15485000 2131.80500000
v -1613.28450000 -2931.89485000 2164.97500000
v -1552.16450000 -2792.33485000 2882.23100000
v -1567.97450000 -2903.17485000 2867.57800000
v -1552.66450000 -2996.44485000 2883.71900000
v -1549.42450000 -3298.67485000 2868.88300000
v -1594.82450000 -3409.62485000 2799.20500000
v -1543.19450000 -2398.69485000 2812.48500000
v -1580.82450000 -3451.66485000 2746.70500000
v -1573.84450000 -2348.35485000 2714.94500000
v -1588.72450000 -2161.28485000 2352.60500000
v -1576.64450000 -2154.71485000 2390.11500000
v -1580.12450000 -2154.22485000 2314.60500000
v -1546.25450000 -2292.77485000 2201.98500000
v -1576.98450000 -2487.79485000 2178.40500000
v -1618.42450000 -2752.23485000 2159.48500000
v -1590.76450000 -3124.18485000 2201.49500000
v -1529.25450000 -2556.87485000 2881.39400000
v -1545.37450000 -2656.96485000 2877.42100000
v -1568.54450000 -3389.10485000 2826.77500000
v -1555.32450000 -3361.11485000 2847.42500000
v -1568.29450000 -2378.32485000 2757.57500000
v -1562.46450000 -2319.61485000 2665.43500000
v -1594.13450000 -3468.26485000 2586.51500000
v -1550.33450000 -2244.48485000 2539.26500000
v -1529.49450000 -2155.81485000 2476.98500000
v -1544.08450000 -2086.11485000 2355.30500000
v -1556.97450000 -2107.01485000 2324.28500000
v -1591.30450000 -3240.45485000 2255.63500000
v -1562.88450000 -3021.23485000 2223.04500000
v -1565.31450000 -2559.02485000 2173.52500000
v -1591.04450000 -2650.37485000 2174.58500000
v -1585.43450000 -2790.82485000 2184.65500000
v -1526.52450000 -3151.90485000 2903.58500000
v -1550.48450000 -3402.56485000 2822.55500000
v -1526.33450000 -2336.53485000 2798.69500000
v -1533.94450000 -2311.78485000 2758.47500000
v -1502.39450000 -3408.14485000 2807.24500000
v -1521.96450000 -2278.54485000 2706.13500000
v -1532.18450000 -2280.94485000 2645.93500000
v -1501.20450000 -2229.76485000 2609.79500000
v -1536.65450000 -2107.16485000 2405.82500000
v -1533.59450000 -2065.07485000 2312.25500000
v -1579.32450000 -3329.61485000 2341.90500000
v -1545.59450000 -2103.62485000 2288.19500000
v -1580.63450000 -3286.09485000 2300.41500000
v -1537.03450000 -2137.82485000 2248.76500000
v -1511.16450000 -2197.82485000 2203.42500000
v -1538.20450000 -2369.77485000 2178.96500000
v -1578.58450000 -2698.57485000 2180.21500000
v -1527.41450000 -2875.36485000 2250.34500000
v -1548.16450000 -2497.32485000 2169.79500000
v -1469.57450000 -2710.05485000 2971.62600000
v -1481.27450000 -2877.76485000 2962.58800000
v -1524.04450000 -3348.01485000 2870.88600000
v -1537.08450000 -3375.31485000 2847.45500000
v -1491.04450000 -2272.52485000 2809.45500000
v -1496.75450000 -2256.26485000 2765.17500000
v -1520.67450000 -3436.56485000 2743.49500000
v -1468.44450000 -2211.41485000 2700.68500000
v -1498.80450000 -2167.68485000 2537.65500000
v -1488.87450000 -2022.04485000 2374.78500000
v -1497.63450000 -2011.76485000 2308.79500000
v -1517.71450000 -2047.80485000 2284.51500000
v -1510.99450000 -2065.56485000 2251.04500000
v -1533.13450000 -3188.49485000 2291.00500000
v -1528.48450000 -2710.09485000 2222.64500000
v -1518.10450000 -2501.62485000 2178.20500000
v -1546.94450000 -2614.55485000 2190.78500000
v -1523.55450000 -2431.99485000 2170.19500000
v -1488.87450000 -2342.13485000 2161.63500000
v -1510.01450000 -2646.08485000 2916.71800000
v -1490.07450000 -3319.46485000 2906.38300000
v -1507.30450000 -2433.78485000 2875.34900000
v -1491.00450000 -3359.57485000 2871.80500000
v -1494.59450000 -2331.71485000 2848.19500000
v -1470.81450000 -2216.82485000 2755.40500000
v -1486.10450000 -3429.86485000 2691.30500000
v -1511.39450000 -3415.06485000 2555.61500000
v -1457.71450000 -2101.74485000 2525.02500000
v -1469.64450000 -2053.12485000 2449.52500000
v -1494.60450000 -3347.46485000 2464.77500000
v -1529.13450000 -3271.87485000 2351.57500000
v -1497.93450000 -2025.71485000 2264.78500000
v -1475.03450000 -2012.57485000 2225.66500000
v -1484.29450000 -2096.31485000 2207.98500000
v -1460.63450000 -2664.07485000 2280.63500000
v -1457.39450000 -2779.02485000 2311.87500000
v -1513.84450000 -3115.82485000 2290.01500000
v -1476.07450000 -2557.92485000 2225.46500000
v -1484.64450000 -2269.93485000 2169.48500000
v -1481.73450000 -2384.41485000 2164.11500000
v -1433.77450000 -2809.58485000 3023.55000000
v -1462.54450000 -2538.20485000 2961.67000000
v -1480.93450000 -3072.90485000 2958.46600000
v -1470.78450000 -3236.08485000 2950.05800000
v -1453.23450000 -2247.88485000 2873.81900000
v -1451.31450000 -2206.19485000 2819.61500000
v -1481.89450000 -3423.56485000 2636.32500000
v -1440.47450000 -2181.63485000 2669.19500000
v -1438.05450000 -2165.78485000 2632.22500000
v -1460.78450000 -2156.65485000 2583.00500000
v -1380.89450000 -1949.19485000 2456.03500000
v -1420.62450000 -1935.65485000 2351.48500000
v -1448.60450000 -1945.71485000 2287.80500000
v -1470.16450000 -1980.25485000 2260.16500000
v -1459.26450000 -3168.52485000 2363.15500000
v -1457.57450000 -1970.76485000 2231.64500000
v -1434.14450000 -2135.22485000 2153.43500000
v -1487.42450000 -2423.31485000 2171.71500000
v -1416.56450000 -2670.15485000 3048.03700000
v -1426.15450000 -3127.15485000 3022.09900000
v -1407.26450000 -3209.69485000 3032.49700000
v -1451.77450000 -2352.08485000 2931.86600000
v -1424.70450000 -3262.45485000 2988.57600000
v -1446.21450000 -3295.72485000 2946.34600000
v -1461.62450000 -3326.51485000 2912.83600000
v -1419.09450000 -3321.55485000 2929.17200000
v -1454.08450000 -3365.92485000 2861.11100000
v -1423.27450000 -2179.30485000 2894.33600000
v -1435.41450000 -3399.49485000 2768.95500000
v -1428.43450000 -3405.92485000 2678.53500000
v -1457.16450000 -3277.66485000 2433.39500000
v -1476.62450000 -3227.49485000 2377.16500000
v -1453.95450000 -3013.33485000 2341.61500000
v -1455.06450000 -3105.20485000 2351.84500000
v -1439.23450000 -1940.77485000 2242.20500000
v -1439.47450000 -1960.48485000 2210.33500000
v -1431.43450000 -2014.19485000 2177.02500000
v -1473.86450000 -2452.74485000 2186.97500000
v -1429.46450000 -2242.12485000 2149.49500000
v -1461.93450000 -2293.05485000 2158.78500000
v -1443.41450000 -2314.73485000 2158.44500000
v -1444.70450000 -2376.60485000 2176.79500000
v -1417.12450000 -1116.89485000 3581.50700000
v -1423.48450000 -1312.93485000 3578.80800000
v -1412.21450000 -1374.10485000 3600.26600000
v -1420.81450000 -1574.36485000 3569.29500000
v -1410.72450000 -1639.85485000 3598.77500000
v -1405.94450000 -1792.55485000 3579.72900000
v -1422.97450000 -1215.63485000 3549.47600000
v -1425.08450000 -1391.72485000 3542.99000000
v -1409.51450000 -1060.49485000 3532.57100000
v -1421.29450000 -1551.74485000 3518.32100000
v -1417.06450000 -1656.45485000 3511.79000000
v -1402.06450000 -1796.32485000 3512.19800000
v -1405.65450000 -1175.07485000 3434.92000000
v -1413.50450000 -1310.31485000 3461.43500000
v -1416.19450000 -1475.97485000 3475.55200000
v -1406.06450000 -1648.36485000 3439.12200000
v -1393.91450000 -1317.62485000 3311.25100000
v -1401.44450000 -1501.81485000 3372.21000000
v -1415.13450000 -2507.18485000 3038.57000000
v -1424.52450000 -2981.14485000 3037.64700000
v -1428.80450000 -2408.50485000 2994.35600000
v -1393.96450000 -3247.66485000 3023.20100000
v -1408.51450000 -3276.42485000 2984.91900000
v -1415.37450000 -2300.41485000 2995.45200000
v -1421.19450000 -2229.38485000 2945.38400000
v -1407.20450000 -3357.39485000 2858.12800000
v -1413.97450000 -2145.05485000 2868.72800000
v -1412.93450000 -2148.98485000 2789.50500000
v -1410.82450000 -2154.29485000 2718.09500000
v -1386.95450000 -2119.92485000 2672.29500000
v -1414.02450000 -2099.42485000 2592.55500000
v -1410.54450000 -3389.56485000 2651.44500000
v -1403.60450000 -3361.22485000 2595.90500000
v -1424.91450000 -2894.07485000 2361.52500000
v -1386.89450000 -1875.51485000 2266.89500000
v -1384.62450000 -2710.92485000 2368.00500000
v -1404.52450000 -1903.12485000 2216.80500000
v -1406.48450000 -1935.49485000 2184.78500000
v -1391.67450000 -973.38485000 3601.98000000
v -1401.90450000 -1108.45485000 3603.56100000
v -1383.13450000 -1035.59485000 3616.81200000
v -1390.19450000 -1290.76485000 3619.89100000
v -1393.07450000 -1618.49485000 3617.66600000
v -1398.58450000 -1764.07485000 3605.15800000
v -1382.61450000 -1846.84485000 3615.69100000
v -1390.22450000 -1870.31485000 3593.98700000
v -1372.90450000 -1962.30485000 3595.40100000
v -1399.87450000 -1007.13485000 3579.01500000
v -1381.92450000 -890.96485000 3582.74200000
v -1393.62450000 -920.66485000 3550.73500000
v -1385.11450000 -1945.35485000 3562.10300000
v -1393.83450000 -945.14485000 3490.67200000
v -1384.21450000 -830.56485000 3518.71500000
v -1383.50450000 -1981.12485000 3482.60500000
v -1375.89450000 -867.24485000 3403.16700000
v -1390.58450000 -1035.32485000 3401.89200000
v -1390.38450000 -1829.60485000 3375.97200000
v -1396.26450000 -1641.92485000 3344.06100000
v -1389.74450000 -1167.17485000 3323.06900000
v -1388.91450000 -1597.94485000 3249.65100000
v -1392.90450000 -1699.53485000 3306.49600000
v -1391.42450000 -1468.60485000 3277.05200000
v -1390.81450000 -3081.86485000 3086.04700000
v -1363.65450000 -2969.08485000 3150.11300000
v -1391.01450000 -2382.62485000 3087.18800000
v -1393.51450000 -2840.96485000 3093.54400000
v -1394.22450000 -2233.14485000 3039.00700000
v -1387.25450000 -3139.05485000 3080.07000000
v -1400.75450000 -2149.57485000 2953.63600000
v -1394.26450000 -2106.38485000 2878.76600000
v -1413.73450000 -3290.92485000 2493.09500000
v -1395.41450000 -3318.71485000 2545.86500000
v -1388.37450000 -2032.14485000 2546.37500000
v -1412.36450000 -3221.92485000 2446.55500000
v -1377.59450000 -3101.37485000 2442.62500000
v -1351.99450000 -1853.35485000 2335.43500000
v -1392.47450000 -2576.14485000 2309.42500000
v -1368.08450000 -1853.05485000 2208.58500000
v -1377.34450000 -1887.82485000 2177.12500000
v -1395.92450000 -2466.43485000 2257.83500000
v -1382.91450000 -1942.12485000 2150.95500000
v -1373.31450000 -2001.12485000 2123.98500000
v -1395.80450000 -2249.27485000 2145.38500000
v -1390.20450000 -2295.74485000 2167.04500000
v -1355.29450000 -2074.86485000 2103.81500000
v -1388.76450000 -2175.08485000 2131.79500000
v -1330.33450000 -989.69485000 3631.79000000
v -1339.85450000 -1260.89485000 3638.93500000
v -1357.77450000 -1543.40485000 3635.95600000
v -1349.92450000 -1783.91485000 3632.04500000
v -1349.04450000 -1940.67485000 3618.55100000
v -1356.32450000 -899.50485000 3604.97400000
v -1354.52450000 -765.15485000 3577.16500000
v -1366.94450000 -2051.00485000 3573.84500000
v -1349.62450000 -2045.37485000 3596.00800000
v -1372.90450000 -759.16485000 3543.57800000
v -1376.57450000 -833.36485000 3554.96600000
v -1366.08450000 -2117.91485000 3530.68600000
v -1356.92450000 -663.41485000 3543.46000000
v -1371.85450000 -744.46485000 3498.30900000
v -1358.71450000 -631.66485000 3504.22800000
v -1373.21450000 -2078.66485000 3473.32600000
v -1360.20450000 -2180.55485000 3446.82000000
v -1357.46450000 -702.54485000 3413.24500000
v -1375.11450000 -1996.92485000 3351.27500000
v -1362.69450000 -2138.03485000 3311.41000000
v -1376.45450000 -977.10485000 3334.56200000
v -1373.01450000 -1035.99485000 3274.28100000
v -1362.10450000 -916.42485000 3279.35100000
v -1378.24450000 -1820.54485000 3194.06300000
v -1373.88450000 -2021.57485000 3180.77700000
v -1376.70450000 -1945.53485000 3096.97300000
v -1366.49450000 -1177.09485000 3169.45200000
v -1378.25450000 -1495.34485000 3161.80500000
v -1367.92450000 -1349.82485000 3129.44800000
v -1371.70450000 -1678.91485000 3107.71000000
v -1364.55450000 -2480.13485000 3175.34100000
v -1362.29450000 -2363.74485000 3204.54800000
v -1373.13450000 -1941.25485000 3004.64200000
v -1366.89450000 -2180.27485000 3177.44100000
v -1364.63450000 -2170.70485000 3217.28600000
v -1378.94450000 -2151.85485000 3098.63800000
v -1375.13450000 -2259.69485000 3142.05800000
v -1379.21450000 -2594.50485000 3125.68200000
v -1353.14450000 -3061.96485000 3156.15500000
v -1376.70450000 -2754.07485000 3128.34200000
v -1353.79450000 -1489.85485000 3012.86500000
v -1381.74450000 -2050.58485000 3013.81600000
v -1374.13450000 -3219.64485000 3056.93200000
v -1362.50450000 -3158.41485000 3102.81500000
v -1364.55450000 -1819.38485000 3017.97900000
v -1359.19450000 -1673.58485000 3018.35000000
v -1362.94450000 -1940.38485000 2932.43400000
v -1373.60450000 -2023.42485000 2917.09600000
v -1363.31450000 -3252.66485000 3022.25400000
v -1342.59450000 -3296.32485000 2941.80900000
v -1350.91450000 -1977.06485000 2873.03700000
v -1348.95450000 -2053.47485000 2823.24500000
v -1354.65450000 -2088.68485000 2740.38500000
v -1371.09450000 -3374.83485000 2729.47500000
v -1352.16450000 -2043.90485000 2620.99500000
v -1335.27450000 -1867.22485000 2406.47500000
v -1325.40450000 -2928.35485000 2466.05500000
v -1336.32450000 -2798.40485000 2433.93500000
v -1385.90450000 -2822.54485000 2388.21500000
v -1352.95450000 -1882.35485000 2142.16500000
v -1332.77450000 -2346.83485000 2237.69500000
v -1351.97450000 -2135.16485000 2111.02500000
v -1318.32450000 -1676.17485000 3645.88800000
v -1331.11450000 -813.21485000 3603.05200000
v -1346.23450000 -2155.80485000 3569.50700000
v -1326.29450000 -2131.10485000 3594.98300000
v -1336.21450000 -580.02485000 3550.44700000
v -1328.77450000 -635.95485000 3566.33300000
v -1338.62450000 -2259.64485000 3538.82100000
v -1317.18450000 -2269.57485000 3559.21300000
v -1336.72450000 -549.48485000 3529.39100000
v -1344.85450000 -524.29485000 3487.34800000
v -1330.19450000 -449.69485000 3503.25600000
v -1345.61450000 -2263.52485000 3498.18600000
v -1332.84450000 -427.80485000 3463.68700000
v -1341.98450000 -515.73485000 3437.56600000
v -1348.76450000 -593.54485000 3442.04100000
v -1340.10450000 -2336.45485000 3443.65200000
v -1350.02450000 -2270.74485000 3372.27000000
v -1339.14450000 -601.48485000 3336.35600000
v -1340.33450000 -2441.30485000 3354.48800000
v -1346.89450000 -774.18485000 3265.89100000
v -1354.48450000 -2303.55485000 3280.90200000
v -1364.63450000 -2255.95485000 3204.57600000
v -1350.02450000 -2475.37485000 3252.45700000
v -1349.46450000 -985.08485000 3146.22500000
v -1351.31450000 -2631.07485000 3214.12400000
v -1357.48450000 -2738.38485000 3179.68800000
v -1358.14450000 -2844.18485000 3175.15200000
v -1329.71450000 -3097.45485000 3173.31300000
v -1331.55450000 -3172.55485000 3117.61800000
v -1351.79450000 -3205.09485000 3074.90200000
v -1339.84450000 -1113.46485000 3011.43100000
v -1348.50450000 -1312.99485000 3020.84500000
v -1336.15450000 -1472.24485000 2929.36900000
v -1337.22450000 -1661.43485000 2922.55900000
v -1347.11450000 -1825.59485000 2928.51100000
v -1316.07450000 -3322.82485000 2867.85300000
v -1330.65450000 -1883.76485000 2873.49300000
v -1316.02450000 -1991.56485000 2827.61500000
v -1362.57450000 -3357.83485000 2806.39500000
v -1314.66450000 -2041.56485000 2765.67500000
v -1315.73450000 -2030.51485000 2678.00500000
v -1283.24450000 -1938.19485000 2596.40500000
v -1352.09450000 -3264.59485000 2544.67500000
v -1347.64450000 -3186.32485000 2504.48500000
v -1298.42450000 -1789.82485000 2285.90500000
v -1311.03450000 -1795.33485000 2205.71500000
v -1336.17450000 -1837.00485000 2160.33500000
v -1281.45450000 -2423.79485000 2328.77500000
v -1314.34450000 -2254.66485000 2182.81500000
v -1319.07450000 -1851.91485000 2113.69500000
v -1336.18450000 -2213.33485000 2143.97500000
v -1331.90450000 -1906.75485000 2107.55500000
v -1348.08450000 -2171.85485000 2123.99500000
v -1276.83450000 -1918.10485000 2047.43500000
v -1321.34450000 -2054.03485000 2083.19500000
v -1318.91450000 -2081.05485000 2090.92500000
v -1275.74450000 -1126.96485000 3651.47300000
v -1266.44450000 -988.27485000 3643.87400000
v -1296.40450000 -1507.20485000 3656.67000000
v -1268.61450000 -1317.39485000 3663.10300000
v -1221.25450000 -1741.90485000 3663.08500000
v -1294.58450000 -1961.76485000 3633.64300000
v -1313.90450000 -2057.05485000 3612.52000000
v -1298.84450000 -842.02485000 3619.44300000
v -1288.82450000 -2180.93485000 3598.43500000
v -1296.41450000 -591.24485000 3575.95200000
v -1267.67450000 -687.58485000 3599.57200000
v -1305.69450000 -517.46485000 3551.28400000
v -1315.92450000 -2201.55485000 3579.85800000
v -1319.01450000 -451.37485000 3522.54200000
v -1302.19450000 -2387.64485000 3523.83300000
v -1314.93450000 -382.95485000 3510.31400000
v -1324.58450000 -2369.09485000 3495.48200000
v -1319.40450000 -374.23485000 3490.23700000
v -1309.75450000 -318.07485000 3455.99900000
v -1320.95450000 -2474.05485000 3460.06500000
v -1331.24450000 -2481.09485000 3417.41600000
v -1320.05450000 -2592.55485000 3407.61800000
v -1325.69450000 -445.22485000 3379.61800000
v -1305.77450000 -332.41485000 3375.31300000
v -1330.38450000 -2566.22485000 3359.22500000
v -1309.11450000 -2648.44485000 3413.93000000
v -1315.66450000 -2730.09485000 3351.88400000
v -1326.55450000 -2670.43485000 3331.17400000
v -1338.64450000 -2601.05485000 3293.72500000
v -1312.12450000 -395.08485000 3328.11500000
v -1315.18450000 -491.62485000 3254.37500000
v -1338.74450000 -2736.63485000 3256.82400000
v -1327.46450000 -2835.80485000 3273.11600000
v -1315.79450000 -636.32485000 3123.62200000
v -1330.98450000 -837.73485000 3099.42700000
v -1317.37450000 -3026.70485000 3223.31200000
v -1326.22450000 -2953.02485000 3236.95100000
v -1311.36450000 -3060.12485000 3213.45700000
v -1311.70450000 -556.75485000 3153.26600000
v -1305.90450000 -3131.63485000 3162.66600000
v -1299.19450000 -3079.24485000 3206.33600000
v -1315.13450000 -3207.34485000 3076.89900000
v -1322.94450000 -910.46485000 3002.61700000
v -1310.11450000 -756.07485000 3011.61400000
v -1311.09450000 -1034.55485000 2881.03300000
v -1329.24450000 -1277.64485000 2926.98300000
v -1315.43450000 -1415.74485000 2861.88800000
v -1319.44450000 -1582.03485000 2877.61900000
v -1320.97450000 -1691.80485000 2878.70500000
v -1323.19450000 -1775.00485000 2882.17400000
v -1305.83450000 -1212.16485000 2838.61500000
v -1295.47450000 -1301.34485000 2810.22500000
v -1301.18450000 -1838.32485000 2849.42600000
v -1310.24450000 -1929.55485000 2844.44500000
v -1266.27450000 -1937.01485000 2809.74500000
v -1339.28450000 -3348.41485000 2676.14500000
v -1342.98450000 -3315.11485000 2611.11500000
v -1290.46450000 -1868.85485000 2487.83500000
v -1290.68450000 -3104.86485000 2539.45500000
v -1300.45450000 -3032.54485000 2511.36500000
v -1262.49450000 -1786.18485000 2380.61500000
v -1318.65450000 -2730.19485000 2432.20500000
v -1307.15450000 -2662.43485000 2417.49500000
v -1262.64450000 -2535.87485000 2398.41500000
v -1289.90450000 -1780.18485000 2146.84500000
v -1290.74450000 -1804.15485000 2110.20500000
v -1318.56450000 -2117.02485000 2103.07500000
v -1292.82450000 -1998.96485000 2064.10500000
v -1228.71450000 -883.71485000 3638.64100000
v -1249.93450000 -1871.13485000 3644.20900000
v -1289.08450000 -2258.64485000 3574.50800000
v -1271.01450000 -2364.84485000 3546.93900000
v -1298.96450000 -387.62485000 3527.23500000
v -1301.24450000 -332.25485000 3501.21800000
v -1302.75450000 -2473.34485000 3490.79900000
v -1289.68450000 -2471.63485000 3503.30100000
v -1283.43450000 -2540.71485000 3486.79500000
v -1297.72450000 -2582.59485000 3451.93700000
v -1289.20450000 -270.03485000 3490.18500000
v -1286.97450000 -229.28485000 3468.36000000
v -1291.07450000 -2696.52485000 3411.05500000
v -1289.33450000 -232.61485000 3422.97500000
v -1298.98450000 -2784.61485000 3358.06000000
v -1295.74450000 -358.28485000 3268.22600000
v -1296.31450000 -2880.88485000 3312.89900000
v -1272.67450000 -2825.21485000 3367.29400000
v -1274.81450000 -2931.00485000 3308.73000000
v -1295.93450000 -2966.60485000 3270.29100000
v -1294.66450000 -3026.22485000 3240.63500000
v -1305.79450000 -511.94485000 3160.18400000
v -1276.95450000 -3091.34485000 3202.90600000
v -1291.32450000 -518.94485000 3059.90300000
v -1292.08450000 -3164.85485000 3127.86700000
v -1235.30450000 -3218.08485000 3004.93700000
v -1301.15450000 -660.98485000 3016.45400000
v -1294.44450000 -769.54485000 2897.46800000
v -1286.66450000 -927.61485000 2794.33500000
v -1282.92450000 -1449.64485000 2811.62500000
v -1300.71450000 -1553.55485000 2844.11500000
v -1303.56450000 -1683.37485000 2856.46000000
v -1296.92450000 -1075.10485000 2819.84500000
v -1283.00450000 -1128.56485000 2779.24500000
v -1286.75450000 -1606.08485000 2833.62500000
v -1256.97450000 -1865.35485000 2826.29500000
v -1282.26450000 -1992.21485000 2770.48500000
v -1279.03450000 -3318.25485000 2811.04500000
v -1305.73450000 -2027.89485000 2729.15500000
v -1255.87450000 -1811.77485000 2451.59500000
v -1282.63450000 -2107.58485000 2103.18500000
v -1259.19450000 -1819.03485000 2050.12500000
v -1285.84450000 -2030.60485000 2069.87500000
v -1239.34450000 -2102.60485000 3623.19100000
v -1266.41450000 -297.13485000 3523.65800000
v -1270.83450000 -419.08485000 3547.13400000
v -1266.47450000 -2480.97485000 3510.19800000
v -1274.56450000 -229.55485000 3496.81100000
v -1258.24450000 -192.48485000 3507.81700000
v -1275.62450000 -2599.21485000 3467.88300000
v -1248.56450000 -2594.50485000 3476.87700000
v -1266.71450000 -171.79485000 3475.84200000
v -1267.25450000 -2655.25485000 3444.14000000
v -1262.74450000 -2727.61485000 3418.54000000
v -1262.92450000 -156.91485000 3355.69200000
v -1273.97450000 -2765.91485000 3391.60100000
v -1256.96450000 -2885.90485000 3338.37500000
v -1267.93450000 -294.52485000 3148.00400000
v -1270.04450000 -2984.04485000 3277.39400000
v -1269.16450000 -3038.69485000 3240.05300000
v -1272.27450000 -3119.42485000 3174.75000000
v -1216.96450000 -3112.26485000 3163.47300000
v -1205.87450000 -3151.76485000 3095.34600000
v -1265.58450000 -416.76485000 2977.18600000
v -1272.39450000 -575.04485000 2876.24200000
v -1263.16450000 -3273.65485000 2921.96900000
v -1253.18450000 -442.18485000 2864.93800000
v -1269.17450000 -702.18485000 2775.13500000
v -1254.48450000 -569.32485000 2769.76500000
v -1280.16450000 -793.83485000 2799.26500000
v -1279.41450000 -1719.87485000 2837.26500000
v -1263.71450000 -1589.67485000 2817.76500000
v -1254.65450000 -1789.37485000 2832.45500000
v -1269.64450000 -1304.26485000 2779.06500000
v -1261.72450000 -1481.86485000 2799.51500000
v -1271.60450000 -816.41485000 2758.84500000
v -1265.99450000 -1190.86485000 2758.47500000
v -1260.94450000 -1424.28485000 2791.27500000
v -1268.51450000 -934.16485000 2744.62500000
v -1257.04450000 -1065.95485000 2735.73500000
v -1276.04450000 -1981.28485000 2697.58500000
v -1282.38450000 -3264.74485000 2631.32500000
v -1290.44450000 -3194.94485000 2578.18500000
v -1263.85450000 -2773.71485000 2487.29500000
v -1207.21450000 -1768.49485000 2458.52500000
v -1206.63450000 -2348.28485000 2333.70500000
v -1219.62450000 -1710.94485000 2204.55500000
v -1234.60450000 -1724.07485000 2134.57500000
v -1224.72450000 -2253.27485000 2242.51500000
v -1253.38450000 -1753.61485000 2099.44500000
v -1236.98450000 -2161.54485000 2163.54500000
v -1256.21450000 -1780.86485000 2070.76500000
v -1288.12450000 -2067.73485000 2083.85500000
v -1264.69450000 -1950.79485000 2042.46500000
v -1245.19450000 -1965.59485000 2039.94500000
v -1229.10450000 -1577.70485000 3675.68700000
v -1187.49450000 -748.59485000 3629.59500000
v -1162.07450000 -958.35485000 3658.15300000
v -1148.20450000 -2025.01485000 3638.82400000
v -1218.25450000 -2188.80485000 3608.46600000
v -1245.87450000 -515.82485000 3573.62100000
v -1211.30450000 -2277.48485000 3581.62900000
v -1240.75450000 -207.92485000 3522.70900000
v -1210.40450000 -364.00485000 3554.19500000
v -1208.57450000 -2438.28485000 3532.85200000
v -1159.80450000 -2368.67485000 3558.61600000
v -1233.65450000 -133.70485000 3503.77600000
v -1236.62450000 -74.24485000 3455.38900000
v -1227.07450000 -9.48485000 3449.38000000
v -1232.68450000 -26.56485000 3413.23100000
v -1249.39450000 -2779.04485000 3399.95500000
v -1231.81450000 -2834.35485000 3374.99200000
v -1218.49450000 -10.09485000 3271.21400000
v -1240.18450000 -165.00485000 3127.31800000
v -1249.88450000 -2936.47485000 3312.09000000
v -1215.93450000 -2970.82485000 3287.15800000
v -1247.29450000 -308.10485000 2970.40600000
v -1246.21450000 -3283.15485000 2876.89000000
v -1232.65450000 -1699.03485000 2825.78500000
v -1218.72450000 -1620.16485000 2819.98500000
v -1249.99450000 -1489.79485000 2797.90500000
v -1226.10450000 -1553.80485000 2810.39500000
v -1232.04450000 -1928.33485000 2769.21500000
v -1236.27450000 -478.70485000 2741.89500000
v -1261.20450000 -3306.64485000 2746.52500000
v -1243.83450000 -572.07485000 2718.72500000
v -1248.76450000 -1203.34485000 2747.58500000
v -1233.90450000 -1366.70485000 2775.65500000
v -1245.33450000 -1950.79485000 2728.97500000
v -1247.25450000 -643.27485000 2718.70500000
v -1253.68450000 -778.19485000 2724.11500000
v -1250.07450000 -895.65485000 2718.35500000
v -1238.09450000 -1084.91485000 2724.58500000
v -1219.70450000 -681.86485000 2681.71500000
v -1221.04450000 -942.27485000 2707.11500000
v -1225.09450000 -560.39485000 2688.73500000
v -1292.41450000 -3304.40485000 2675.38500000
v -1170.57450000 -1696.24485000 2336.00500000
v -1228.94450000 -1746.66485000 2055.07500000
v -1226.60450000 -1763.20485000 2033.85500000
v -1207.15450000 -1282.79485000 3677.33800000
v -1241.20450000 -1434.38485000 3672.67000000
v -1197.86450000 -1122.45485000 3668.67300000
v -1109.83450000 -1926.29485000 3650.83700000
v -1111.32450000 -604.89485000 3622.68300000
v -1153.57450000 -524.63485000 3597.12700000
v -1152.92450000 -2163.65485000 3621.90100000
v -1205.97450000 -252.59485000 3537.62300000
v -1153.55450000 -2532.07485000 3504.81200000
v -1210.69450000 -39.85485000 3484.56700000
v -1217.84450000 -4.08485000 3458.32000000
v -1190.57450000 -2687.97485000 3441.87300000
v -1209.57450000 39.27515000 3440.47300000
v -1213.19450000 34.41515000 3380.78600000
v -1202.36450000 67.00515000 3355.53300000
v -1210.35450000 -3040.88485000 3228.14900000
v -1215.14450000 -108.97485000 3029.81600000
v -1219.92450000 -239.20485000 2878.50400000
v -1233.65450000 -366.58485000 2829.03500000
v -1183.14450000 -1760.27485000 2815.04500000
v -1216.47450000 -1867.31485000 2797.50500000
v -1228.69450000 -3287.62485000 2801.60500000
v -1209.73450000 -1903.81485000 2716.49500000
v -1213.51450000 -363.72485000 2725.75500000
v -1219.09450000 -1229.42485000 2747.60500000
v -1230.04450000 -1152.73485000 2735.03500000
v -1239.72450000 -1925.53485000 2675.20500000
v -1215.88450000 -463.91485000 2687.59500000
v -1226.67450000 -815.25485000 2702.66500000
v -1228.34450000 -3245.22485000 2682.60500000
v -1240.45450000 -3269.95485000 2704.57500000
v -1205.60450000 -493.21485000 2657.30500000
v -1199.74450000 -551.16485000 2655.46500000
v -1227.78450000 -3202.50485000 2656.92500000
v -1220.19450000 -3117.36485000 2627.00500000
v -1209.25450000 -1813.73485000 2532.91500000
v -1241.32450000 -3020.12485000 2571.65500000
v -1190.37450000 -2675.33485000 2514.02500000
v -1150.12450000 -1727.97485000 2480.00500000
v -1251.32450000 -2027.38485000 2069.27500000
v -1196.69450000 -1724.92485000 2019.63500000
v -1195.61450000 -1798.67485000 1978.68500000
v -1229.21450000 -1903.83485000 2014.25500000
v -1196.83450000 -1839.38485000 1979.68500000
v -1192.16450000 -1516.83485000 3683.38500000
v -1143.48450000 -1106.86485000 3679.21300000
v -1166.07450000 -1684.29485000 3681.28300000
v -1144.93450000 -1847.42485000 3663.03800000
v -1129.40450000 -1816.70485000 3671.46800000
v -1065.95450000 -2217.35485000 3609.31600000
v -1125.32450000 -395.43485000 3578.19600000
v -1149.52450000 -147.29485000 3527.22900000
v -1180.73450000 -64.39485000 3500.89600000
v -1172.28450000 28.88515000 3483.82900000
v -1164.71450000 -2607.69485000 3476.11400000
v -1186.45450000 94.83515000 3449.35300000
v -1186.28450000 112.88515000 3401.29900000
v -1194.38450000 37.50515000 3463.63900000
v -1165.59450000 -2781.75485000 3401.82200000
v -1176.36450000 -2827.87485000 3380.63000000
v -1178.91450000 120.10515000 3286.58800000
v -1173.05450000 -2876.54485000 3344.90900000
v -1188.03450000 60.64515000 3198.93700000
v -1191.73450000 -1.26485000 3088.66400000
v -1182.54450000 -104.18485000 2858.86600000
v -1184.56450000 -3228.99485000 2929.18700000
v -1198.41450000 -3256.59485000 2858.99200000
v -1152.82450000 -1520.05485000 2814.72500000
v -1136.77450000 -1608.13485000 2820.12500000
v -1200.86450000 -1445.74485000 2792.35500000
v -1193.99450000 -1875.51485000 2757.32500000
v -1195.85450000 -252.97485000 2744.23500000
v -1210.06450000 -1394.94485000 2779.76500000
v -1197.57450000 -1348.25485000 2774.98500000
v -1209.41450000 -1096.78485000 2726.40500000
v -1192.05450000 -1857.91485000 2651.10500000
v -1187.22450000 -316.43485000 2654.20500000
v -1184.11450000 -968.38485000 2707.47500000
v -1196.56450000 -410.26485000 2659.48500000
v -1203.12450000 -790.18485000 2687.27500000
v -1191.25450000 -697.37485000 2672.23500000
v -1176.08450000 -849.69485000 2693.56500000
v -1180.40450000 -622.43485000 2659.28500000
v -1181.23450000 -459.16485000 2634.69500000
v -1172.31450000 -359.75485000 2618.27500000
v -1187.92450000 -2914.04485000 2593.26500000
v -1159.81450000 -2795.32485000 2578.44500000
v -1154.60450000 -2456.49485000 2438.86500000
v -1127.25450000 -2265.41485000 2321.65500000
v -1157.42450000 -1652.68485000 2116.67500000
v -1116.91450000 -1635.32485000 2235.13500000
v -1192.88450000 -1701.79485000 2062.96500000
v -1164.42450000 -2031.67485000 2104.41500000
v -1194.20450000 -1912.80485000 2009.85500000
v -1201.24450000 -1971.46485000 2048.37500000
v -1183.58450000 -1741.80485000 1987.77500000
v -1179.16450000 -1859.18485000 1979.93500000
v -1090.18450000 -750.93485000 3644.43300000
v -1033.11450000 -2316.11485000 3579.82400000
v -1168.64450000 99.04515000 3464.13400000
v -1159.22450000 158.68515000 3436.49100000
v -1158.03450000 193.33515000 3402.83100000
v -1151.18450000 216.65515000 3332.72000000
v -1159.67450000 119.68515000 3091.62400000
v -1125.99450000 -2932.78485000 3299.29100000
v -1093.73450000 -3075.69485000 3142.13300000
v -1168.04450000 25.43515000 2962.30400000
v -1156.78450000 -12.23485000 2830.77500000
v -1163.53450000 -1810.26485000 2783.69500000
v -1148.26450000 -59.37485000 2708.68500000
v -1155.98450000 -1828.75485000 2751.44500000
v -1166.18450000 -3236.50485000 2831.37500000
v -1189.55450000 -3244.59485000 2764.64500000
v -1129.82450000 -1205.23485000 2768.54500000
v -1166.76450000 -1844.78485000 2714.10500000
v -1198.62450000 -3235.81485000 2725.42500000
v -1165.77450000 -197.15485000 2670.71500000
v -1132.78450000 -1017.43485000 2731.35500000
v -1193.34450000 -3210.05485000 2707.95500000
v -1148.65450000 -3126.21485000 2712.33500000
v -1162.70450000 -280.38485000 2614.86500000
v -1173.34450000 -544.53485000 2643.65500000
v -1149.03450000 -394.14485000 2602.79500000
v -1137.46450000 -2570.13485000 2508.24500000
v -1153.65450000 -1689.21485000 1996.44500000
v -1149.69450000 -1780.77485000 1940.05500000
v -1157.58450000 -1818.55485000 1955.17500000
v -1112.02450000 -1441.42485000 3690.03600000
v -1110.54450000 -1201.33485000 3686.87900000
v -1098.92450000 -1651.23485000 3688.41400000
v -1086.07450000 -960.77485000 3674.34500000
v -1081.26450000 -1893.23485000 3662.81100000
v -1065.31450000 -2112.82485000 3633.08100000
v -1073.73450000 -2431.15485000 3541.14200000
v -1099.86450000 -254.20485000 3555.53300000
v -1114.71450000 6.49515000 3502.60000000
v -1142.42450000 89.41515000 3479.46600000
v -1124.42450000 178.63515000 3454.57500000
v -1060.16450000 -2624.78485000 3467.54200000
v -1140.65450000 229.98515000 3412.10300000
v -1120.44450000 253.49515000 3424.66300000
v -1118.47450000 -2811.60485000 3383.47300000
v -1134.18450000 266.93515000 3376.67000000
v -1131.08450000 244.08515000 3182.60000000
v -1077.05450000 -2991.91485000 3230.19300000
v -1142.96450000 81.16515000 2870.38000000
v -1095.73450000 -3128.59485000 3049.26300000
v -1146.63450000 -3184.74485000 2980.48000000
v -1143.17450000 18.95515000 2774.84500000
v -1140.82450000 -1373.07485000 2795.40500000
v -1119.08450000 -1773.09485000 2767.51500000
v -1131.31450000 -1799.86485000 2688.32500000
v -1144.01450000 -705.47485000 2670.82500000
v -1117.99450000 -1753.00485000 2612.09500000
v -1168.92450000 -3029.42485000 2648.36500000
v -1135.88450000 -122.05485000 2602.90500000
v -1138.80450000 -568.54485000 2642.51500000
v -1142.66450000 -477.29485000 2623.54500000
v -1135.49450000 -212.33485000 2579.11500000
v -1141.65450000 -303.57485000 2588.16500000
v -1058.49450000 -2365.86485000 2439.74500000
v -1038.38450000 -1594.78485000 2362.29500000
v -1105.36450000 -1628.39485000 2024.75500000
v -1141.78450000 -1921.93485000 2026.05500000
v -1133.94450000 -1840.53485000 1964.12500000
v -1122.19450000 -1695.19485000 1938.28500000
v -1148.48450000 -1825.32485000 1955.64500000
v -1141.15450000 -1746.26485000 1938.56500000
v -1030.08450000 -1799.23485000 3683.87900000
v -1103.86450000 -675.02485000 3634.56200000
v -1008.82450000 -2157.98485000 3626.60200000
v -1024.18450000 -66.20485000 3529.25700000
v -1026.95450000 -2521.53485000 3507.60400000
v -1055.31450000 140.71515000 3476.19900000
v -1122.28450000 283.91515000 3398.64700000
v -1110.55450000 331.25515000 3377.70000000
v -1118.09450000 311.43515000 3323.01600000
v -1096.28450000 364.47515000 3229.36700000
v -1123.56450000 201.42515000 2962.22500000
v -1117.11450000 171.70515000 2818.45500000
v -1089.88450000 -1640.95485000 2811.73500000
v -1118.50450000 81.52515000 2702.45500000
v -1102.00450000 -1709.03485000 2793.44500000
v -1103.68450000 -1768.07485000 2730.40500000
v -1160.58450000 -3196.51485000 2750.78500000
v -1076.09450000 -835.46485000 2712.07500000
v -1123.13450000 -26.43485000 2620.80500000
v -1113.30450000 -400.27485000 2595.46500000
v -1093.19450000 -2851.39485000 2651.16500000
v -1107.22450000 -55.38485000 2544.62500000
v -1115.32450000 -136.07485000 2549.20500000
v -1110.12450000 -312.13485000 2569.00500000
v -1112.63450000 -245.95485000 2552.44500000
v -1105.18450000 -178.37485000 2534.71500000
v -1086.74450000 -95.52485000 2505.71500000
v -1043.68450000 -1570.68485000 2131.12500000
v -1062.17450000 -1585.22485000 2068.16500000
v -1076.89450000 -1640.96485000 1950.73500000
v -1129.59450000 -1794.81485000 1936.95500000
v -1109.33450000 -1751.04485000 1914.87500000
v -1065.32450000 -892.96485000 3668.21900000
v -1023.83450000 -1880.86485000 3670.98100000
v -985.79450000 -788.96485000 3663.51500000
v -1027.16450000 -448.95485000 3608.56400000
v -1027.61450000 272.17515000 3447.80200000
v -1087.36450000 276.48515000 3434.92100000
v -1086.62450000 340.95515000 3413.08800000
v -1106.45450000 316.68515000 3400.71500000
v -1092.68450000 359.70515000 3389.71400000
v -1089.21450000 387.05515000 3342.09200000
v -1053.54450000 -2815.31485000 3372.14900000
v -1079.58450000 402.54515000 3168.53200000
v -1092.57450000 329.24515000 3051.97300000
v -1085.04450000 -3160.93485000 2943.38300000
v -1096.50450000 258.13515000 2867.30400000
v -1093.39450000 196.20515000 2726.09500000
v -1073.46450000 -1389.74485000 2813.90500000
v -1052.24450000 -1460.39485000 2819.14500000
v -1130.93450000 -3197.12485000 2813.43500000
v -1112.57450000 -3148.73485000 2777.76500000
v -1072.41450000 -1289.15485000 2800.65500000
v -1069.26450000 -3081.26485000 2773.99500000
v -1083.04450000 -1738.78485000 2683.45500000
v -1085.32450000 145.78515000 2611.24500000
v -1081.95450000 -723.37485000 2685.00500000
v -1095.07450000 52.85515000 2561.00500000
v -1093.49450000 -573.77485000 2644.46500000
v -1049.50450000 -621.04485000 2665.39500000
v -1080.13450000 -444.06485000 2609.58500000
v -1071.69450000 123.82515000 2528.94500000
v -1035.54450000 -2750.48485000 2652.18500000
v -1073.20450000 -2645.73485000 2584.61500000
v -1087.43450000 16.73515000 2508.79500000
v -1097.72450000 -256.25485000 2545.97500000
v -1086.88450000 -212.72485000 2530.41500000
v -1075.88450000 -0.17485000 2480.05500000
v -1051.43450000 -1654.93485000 2550.12500000
v -1082.96450000 -1653.24485000 2447.02500000
v -1049.89450000 -2502.29485000 2533.14500000
v -1083.98450000 -2153.49485000 2250.34500000
v -1024.35450000 -2014.80485000 2156.27500000
v -1037.32450000 -1924.20485000 2066.78500000
v -984.94450000 -1565.85485000 1948.28500000
v -1090.82450000 -1707.88485000 1904.03500000
v -1059.39450000 -1039.97485000 3685.47600000
v -921.59450000 -1335.12485000 3692.29900000
v -960.95450000 -1643.50485000 3690.45400000
v -991.56450000 -517.07485000 3629.75500000
v -1010.00450000 -606.43485000 3636.79700000
v -988.77450000 -294.44485000 3581.28500000
v -1050.41450000 -147.66485000 3541.64200000
v -977.99450000 61.57515000 3505.88900000
v -1051.36450000 343.85515000 3426.79900000
v -1088.35450000 -2738.89485000 3415.74400000
v -1069.62450000 410.16515000 3378.39300000
v -1046.98450000 408.73515000 3400.11100000
v -1057.44450000 459.76515000 3340.53500000
v -1071.67450000 428.36515000 3265.52300000
v -1060.29450000 438.13515000 3187.20700000
v -1067.98450000 399.13515000 3095.83100000
v -1058.98450000 402.12515000 3046.74500000
v -1066.88450000 377.37515000 3021.41300000
v -1071.31450000 326.06515000 2903.64900000
v -1098.91450000 -3179.81485000 2866.55900000
v -1049.45450000 348.55515000 2888.35700000
v -1056.07450000 296.76515000 2779.99500000
v -1076.45450000 263.10515000 2784.93500000
v -1080.10450000 -3151.36485000 2834.12500000
v -1051.94450000 -1683.41485000 2765.18500000
v -1040.37450000 -1688.22485000 2715.23500000
v -1043.98450000 -1030.51485000 2762.25500000
v -1070.43450000 -2975.19485000 2719.46500000
v -1064.08450000 227.47515000 2678.59500000
v -1058.46450000 177.46515000 2572.16500000
v -1056.59450000 -320.20485000 2569.34500000
v -1063.47450000 -250.22485000 2542.96500000
v -1064.54450000 73.47515000 2481.57500000
v -1078.32450000 -155.03485000 2511.96500000
v -1016.75450000 -1600.21485000 2483.31500000
v -1058.20450000 -26.92485000 2458.30500000
v -1054.57450000 -106.94485000 2486.47500000
v -1019.36450000 -2257.53485000 2377.84500000
v -988.63450000 -1543.01485000 2222.31500000
v -980.27450000 -1527.48485000 2055.92500000
v -1021.54450000 -1805.94485000 1960.65500000
v -1053.38450000 -1660.87485000 1898.59500000
v -1079.66450000 -1768.32485000 1920.12500000
v -1058.29450000 -1716.35485000 1889.95500000
v -1022.08450000 407.33515000 3412.54200000
v -1021.54450000 471.80515000 3361.26500000
v -1027.29450000 489.04515000 3329.06000000
v -1044.93450000 465.22515000 3269.27300000
v -1037.54450000 462.34515000 3202.93300000
v -1037.88450000 427.82515000 3098.07800000
v -1046.31450000 384.36515000 2989.93400000
v -1017.36450000 326.57515000 2808.46500000
v -1029.13450000 -1519.26485000 2814.11500000
v -1066.44450000 -3120.59485000 2811.58500000
v -1029.58450000 256.73515000 2674.62500000
v -1022.53450000 -1173.76485000 2795.40500000
v -1036.72450000 -1667.75485000 2642.07500000
v -1047.89450000 212.49515000 2614.08500000
v -1012.00450000 -682.54485000 2691.39500000
v -1029.50450000 191.34515000 2553.13500000
v -1012.94450000 -2571.91485000 2590.09500000
v -1047.05450000 133.88515000 2498.63500000
v -1045.94450000 -177.81485000 2514.87500000
v -1044.66450000 -2451.38485000 2504.59500000
v -1026.37450000 98.54515000 2436.00500000
v -1044.45450000 38.08515000 2445.28500000
v -1030.60450000 -41.62485000 2449.33500000
v -1031.04450000 8.09515000 2433.38500000
v -980.91450000 -1540.07485000 2009.94500000
v -1036.33450000 -1680.28485000 1877.73500000
v -992.12450000 -895.61485000 3680.47700000
v -971.70450000 -1946.95485000 3661.17000000
v -979.38450000 -2380.45485000 3559.94400000
v -915.97450000 160.38515000 3486.24400000
v -990.90450000 365.45515000 3427.64300000
v -1012.48450000 444.18515000 3392.83900000
v -1017.12450000 484.61515000 3264.43100000
v -922.27450000 -2896.94485000 3268.31200000
v -954.51450000 -2971.38485000 3194.93600000
v -1000.88450000 466.21515000 3179.33200000
v -1012.16450000 410.31515000 3014.88100000
v -1014.15450000 375.62515000 2930.03600000
v -1044.39450000 -3132.25485000 2884.39700000
v -1042.59450000 -3116.47485000 2846.33500000
v -1020.88450000 -1587.97485000 2794.62500000
v -999.66450000 -1629.08485000 2738.58500000
v -939.17450000 -724.18485000 2720.48500000
v -1006.43450000 -2852.21485000 2714.14500000
v -1003.04450000 -464.60485000 2627.98500000
v -975.17450000 -321.00485000 2582.97500000
v -999.37450000 -204.19485000 2527.65500000
v -913.58450000 -2448.85485000 2572.85500000
v -1019.81450000 144.31515000 2479.55500000
v -1017.68450000 -99.54485000 2476.60500000
v -1014.76450000 15.51515000 2421.63500000
v -1012.59450000 54.94515000 2419.36500000
v -980.01450000 -1604.12485000 1885.31500000
v -1021.79450000 -1731.02485000 1897.31500000
v -994.74450000 -1659.45485000 1855.48500000
v -1003.05450000 -1686.32485000 1870.77500000
v -928.01450000 -999.79485000 3689.39600000
v -947.99450000 -156.98485000 3559.00800000
v -899.46450000 244.32515000 3465.52500000
v -940.10450000 -2691.49485000 3421.32100000
v -929.41450000 430.69515000 3406.87700000
v -904.14450000 500.57515000 3321.80100000
v -938.09450000 487.79515000 3244.19900000
v -951.14450000 433.82515000 3072.27900000
v -991.76450000 -3075.61485000 3052.18200000
v -954.54450000 360.11515000 2874.56200000
v -1000.15450000 -1252.78485000 2811.95500000
v -997.69450000 -1330.94485000 2817.31500000
v -1026.69450000 -3082.50485000 2829.20500000
v -988.28450000 -1588.36485000 2765.43500000
v -1020.61450000 -3033.93485000 2799.46500000
v -980.13450000 -1602.26485000 2683.66500000
v -1002.05450000 285.14515000 2713.10500000
v -973.16450000 -902.06485000 2755.95500000
v -945.47450000 -2878.97485000 2771.35500000
v -939.59450000 -553.74485000 2669.82500000
v -981.05450000 -1583.90485000 2580.27500000
v -986.31450000 -2651.55485000 2642.45500000
v -966.78450000 241.50515000 2628.92500000
v -965.12450000 173.46515000 2506.19500000
v -972.34450000 129.58515000 2447.56500000
v -1000.06450000 -12.93485000 2434.72500000
v -965.60450000 -1545.67485000 2447.21500000
v -970.57450000 91.44515000 2423.99500000
v -994.07450000 35.67515000 2417.74500000
v -914.45450000 -1489.13485000 2122.09500000
v -1004.51450000 -1649.18485000 1869.85500000
v -871.60450000 -625.65485000 3648.93700000
v -997.65450000 -2021.91485000 3646.27600000
v -914.48450000 -2089.43485000 3637.58200000
v -928.29450000 -2420.78485000 3542.30500000
v -886.59450000 353.02515000 3435.90200000
v -919.57450000 475.79515000 3378.48900000
v -867.44450000 491.73515000 3359.29200000
v -939.45450000 -2824.42485000 3331.85900000
v -1010.50450000 -3052.14485000 3112.79500000
v -835.87450000 472.27515000 3184.75700000
v -913.83450000 395.47515000 2968.69300000
v -975.50450000 -3080.29485000 2995.94900000
v -983.07450000 -3085.96485000 2940.62800000
v -972.91450000 -3058.27485000 2883.57100000
v -976.68450000 -3025.94485000 2840.72500000
v -912.24450000 309.63515000 2766.04500000
v -959.74450000 -1353.72485000 2814.15500000
v -955.31450000 -1452.04485000 2799.56500000
v -948.70450000 -1512.14485000 2770.25500000
v -968.70450000 -1035.02485000 2785.06500000
v -932.46450000 152.11515000 2469.47500000
v -937.20450000 -63.57485000 2474.51500000
v -953.87450000 -1525.86485000 2325.82500000
v -966.75450000 58.14515000 2419.43500000
v -914.24450000 -2195.14485000 2379.18500000
v -893.25450000 -2064.19485000 2265.15500000
v -941.84450000 -1850.08485000 2034.77500000
v -880.90450000 -1528.22485000 1882.54500000
v -949.54450000 -1624.48485000 1847.94500000
v -951.27450000 -1653.73485000 1849.37500000
v -861.09450000 -858.51485000 3688.22400000
v -923.04450000 -1897.18485000 3674.19500000
v -878.58450000 -2157.24485000 3620.42000000
v -910.90450000 -435.04485000 3623.79500000
v -893.16450000 -11.85485000 3531.78500000
v -930.79450000 -2548.03485000 3487.70800000
v -937.00450000 -1133.57485000 2806.56500000
v -956.33450000 -1253.87485000 2813.35500000
v -946.55450000 -2947.98485000 2813.78500000
v -957.26450000 -1559.39485000 2730.21500000
v -900.32450000 -2784.90485000 2756.50500000
v -895.76450000 -2587.55485000 2660.87500000
v -894.36450000 -2314.00485000 2485.43500000
v -921.29450000 109.74515000 2432.92500000
v -944.01450000 24.50515000 2433.26500000
v -886.80450000 -1473.39485000 2396.59500000
v -897.96450000 -1481.48485000 2266.69500000
v -924.03450000 -1944.46485000 2133.88500000
v -903.49450000 -1485.61485000 2034.31500000
v -906.08450000 -1779.91485000 1972.82500000
v -904.25450000 -1706.90485000 1900.69500000
v -908.65450000 -1622.88485000 1830.65500000
v -865.35450000 -1807.08485000 3685.77400000
v -839.66450000 -721.68485000 3669.04600000
v -890.52450000 -805.84485000 3678.22800000
v -887.75450000 -504.17485000 3636.03600000
v -882.76450000 -327.27485000 3603.73900000
v -906.14450000 -242.20485000 3583.05900000
v -892.33450000 -2244.36485000 3597.21800000
v -924.54450000 -2330.09485000 3572.76300000
v -832.08450000 103.22515000 3508.50200000
v -911.47450000 -2988.82485000 3130.65900000
v -908.51450000 -3017.32485000 3055.31400000
v -902.21450000 -3020.67485000 3000.12600000
v -930.08450000 -2988.52485000 2863.16600000
v -895.99450000 -1312.42485000 2797.99500000
v -919.50450000 -944.31485000 2778.58500000
v -925.21450000 -1518.44485000 2657.29500000
v -894.01450000 -2674.08485000 2703.02500000
v -915.10450000 -1501.81485000 2524.60500000
v -894.51450000 136.29515000 2448.20500000
v -910.48450000 77.53515000 2429.13500000
v -893.54450000 -1572.09485000 1842.16500000
v -893.29450000 -1596.38485000 1828.51500000
v -799.14450000 -1072.22485000 3691.81200000
v -862.62450000 -1982.30485000 3655.97100000
v -811.92450000 426.80515000 3415.66300000
v -781.43450000 470.75515000 3390.19800000
v -845.66450000 -2872.48485000 3255.47200000
v -841.62450000 -2904.97485000 3206.80700000
v -883.28450000 -2972.93485000 2906.52100000
v -898.20450000 -3007.49485000 2950.06000000
v -908.02450000 -1215.72485000 2807.02500000
v -899.71450000 -1019.76485000 2793.40500000
v -899.32450000 -1410.46485000 2770.01500000
v -878.17450000 -1424.58485000 2731.02500000
v -915.29450000 -1483.03485000 2726.73500000
v -885.16450000 -829.79485000 2757.57500000
v -885.73450000 -1451.06485000 2679.23500000
v -869.85450000 260.12515000 2660.69500000
v -882.02450000 204.19515000 2549.49500000
v -893.18450000 -379.97485000 2621.23500000
v -904.84450000 162.85515000 2483.98500000
v -889.21450000 -197.69485000 2547.04500000
v -853.91450000 -68.25485000 2492.38500000
v -867.01450000 14.28515000 2451.53500000
v -814.24450000 -1466.00485000 1932.38500000
v -878.95450000 -1644.48485000 1842.51500000
v -866.18450000 -1618.46485000 1824.62500000
v -839.77450000 -2453.32485000 3518.83300000
v -761.90450000 215.84515000 3480.35700000
v -787.22450000 306.56515000 3454.62300000
v -845.07450000 -2728.86485000 3379.18500000
v -812.91450000 487.92515000 3370.24900000
v -805.70450000 498.02515000 3279.81500000
v -783.52450000 431.13515000 3061.26600000
v -872.24450000 -1096.88485000 2799.02500000
v -860.65450000 -928.25485000 2777.15500000
v -863.07450000 -2872.23485000 2840.21500000
v -844.71450000 -493.58485000 2668.58500000
v -870.26450000 -1439.54485000 2595.60500000
v -850.84450000 -1428.75485000 2497.53500000
v -866.14450000 109.32515000 2431.86500000
v -833.79450000 -1440.51485000 2177.68500000
v -812.32450000 -1765.48485000 1990.99500000
v -848.77450000 -1565.31485000 1817.73500000
v -850.35450000 -1595.57485000 1817.77500000
v -786.26450000 -1883.26485000 3673.11300000
v -780.86450000 -208.85485000 3581.11100000
v -822.73450000 -81.59485000 3552.23500000
v -735.60450000 21.23515000 3532.05500000
v -804.34450000 -2537.36485000 3472.55700000
v -789.58450000 -2647.19485000 3410.09700000
v -824.35450000 -2759.50485000 3351.59400000
v -709.78450000 496.14515000 3360.94400000
v -777.37450000 -2784.93485000 3302.63500000
v -743.50450000 503.25515000 3324.26000000
v -819.03450000 -2919.74485000 3159.51100000
v -816.28450000 -2938.42485000 3108.06300000
v -806.67450000 -2944.94485000 3054.05700000
v -812.29450000 369.29515000 2900.85200000
v -793.66450000 311.57515000 2760.14500000
v -890.04450000 -2939.85485000 2866.94000000
v -838.17450000 -1015.08485000 2785.08500000
v -834.57450000 -1172.12485000 2780.41500000
v -852.68450000 -1294.88485000 2766.90500000
v -822.18450000 -835.94485000 2758.95500000
v -860.38450000 -1365.41485000 2739.37500000
v -850.02450000 -720.36485000 2736.00500000
v -837.58450000 -783.87485000 2750.49500000
v -860.02450000 -616.21485000 2701.80500000
v -851.97450000 -1384.17485000 2681.12500000
v -837.91450000 -1380.52485000 2623.33500000
v -772.45450000 -2502.85485000 2674.40500000
v -815.07450000 -1358.70485000 2580.65500000
v -722.74450000 -2340.52485000 2589.72500000
v -789.84450000 -1358.11485000 2497.50500000
v -817.38450000 -134.60485000 2527.73500000
v -853.74450000 165.19515000 2473.16500000
v -816.42450000 143.27515000 2425.56500000
v -837.03450000 77.53515000 2428.60500000
v -783.90450000 -1384.65485000 2395.32500000
v -804.02450000 -1419.08485000 2271.21500000
v -796.89450000 -1870.48485000 2111.23500000
v -769.25450000 -1476.47485000 1843.60500000
v -814.13450000 -402.90485000 3624.93600000
v -818.36450000 -2329.44485000 3562.27800000
v -812.91450000 -2929.90485000 2951.06200000
v -813.77450000 -2947.68485000 3000.07200000
v -845.01450000 -2917.73485000 2896.58900000
v -832.61450000 -1082.50485000 2785.02500000
v -820.61450000 -1248.89485000 2747.00500000
v -831.55450000 -1311.84485000 2719.26500000
v -806.18450000 -666.40485000 2718.88500000
v -819.36450000 -1330.35485000 2656.64500000
v -757.24450000 -2569.20485000 2717.57500000
v -759.38450000 -2655.73485000 2766.08500000
v -815.50450000 249.72515000 2626.58500000
v -819.04450000 -398.55485000 2639.18500000
v -806.73450000 -294.67485000 2595.80500000
v -808.89450000 212.28515000 2528.87500000
v -759.85450000 -2240.88485000 2491.67500000
v -809.56450000 113.17515000 2415.33500000
v -795.91450000 -2149.63485000 2394.16500000
v -803.36450000 -1988.79485000 2232.69500000
v -791.40450000 -1423.33485000 2056.07500000
v -806.80450000 -1523.74485000 1822.55500000
v -817.77450000 -1611.50485000 1822.71500000
v -793.63450000 -1648.11485000 1861.09500000
v -791.81450000 -1552.13485000 1803.90500000
v -778.62450000 -820.46485000 3680.84600000
v -789.16450000 -1656.71485000 3690.76500000
v -731.66450000 -1353.26485000 3692.49500000
v -769.17450000 -502.58485000 3639.50400000
v -781.84450000 -2065.32485000 3634.30800000
v -676.54450000 438.56515000 3414.10900000
v -780.45450000 -2840.08485000 3247.61900000
v -761.08450000 -2748.77485000 2826.34500000
v -800.74450000 -928.68485000 2761.73500000
v -794.42450000 -1042.87485000 2761.22500000
v -802.70450000 -750.09485000 2737.02500000
v -795.60450000 -1253.40485000 2692.56500000
v -797.98450000 -1190.47485000 2737.27500000
v -785.79450000 -583.21485000 2690.41500000
v -789.33450000 -1290.72485000 2625.23500000
v -781.95450000 -470.83485000 2659.38500000
v -800.67450000 -201.17485000 2554.67500000
v -793.70450000 -83.11485000 2500.21500000
v -807.48450000 177.93515000 2457.61500000
v -798.74450000 -24.99485000 2466.82500000
v -788.90450000 34.72515000 2432.29500000
v -770.87450000 131.11515000 2389.76500000
v -701.18450000 -1347.74485000 2271.20500000
v -770.81450000 -2080.24485000 2339.49500000
v -768.15450000 -1401.81485000 2156.77500000
v -780.66450000 -1580.35485000 1807.81500000
v -734.74450000 -1788.96485000 3682.81300000
v -746.74450000 -701.49485000 3664.21000000
v -765.21450000 -332.61485000 3610.33500000
v -766.15450000 -2186.37485000 3600.95500000
v -718.33450000 -92.55485000 3557.89900000
v -728.18450000 374.60515000 3434.85300000
v -759.41450000 -2709.29485000 3357.30500000
v -667.54450000 494.79515000 3265.35200000
v -763.13450000 -2862.84485000 3198.91800000
v -747.27450000 -2876.08485000 3152.05300000
v -702.26450000 464.31515000 3160.95500000
v -768.93450000 -2840.84485000 2895.07200000
v -777.28450000 -1118.12485000 2735.64500000
v -772.42450000 -826.05485000 2737.26500000
v -763.87450000 -1172.91485000 2691.85500000
v -744.12450000 289.86515000 2680.26500000
v -757.52450000 -1230.36485000 2626.90500000
v -776.53450000 -376.85485000 2627.04500000
v -779.21450000 250.44515000 2599.58500000
v -740.84450000 263.59515000 2576.36500000
v -759.72450000 -1290.76485000 2551.94500000
v -757.14450000 -145.58485000 2521.55500000
v -764.91450000 219.09515000 2471.05500000
v -781.12450000 176.01515000 2423.20500000
v -691.42450000 -1275.93485000 2430.95500000
v -699.63450000 -1323.79485000 2345.96500000
v -650.12450000 -2131.38485000 2438.17500000
v -736.77450000 186.20515000 2341.20500000
v -773.43450000 89.58515000 2400.61500000
v -708.81450000 -1394.23485000 1958.43500000
v -746.16450000 -1709.15485000 1943.29500000
v -740.57450000 -1508.63485000 1788.80500000
v -736.51450000 -1529.31485000 1783.72500000
v -730.74450000 -1550.27485000 1789.38500000
v -710.43450000 -402.47485000 3624.58100000
v -727.63450000 -594.32485000 3649.27300000
v -684.66450000 -155.57485000 3569.75400000
v -748.77450000 -2390.01485000 3528.04600000
v -690.05450000 -2526.01485000 3443.48500000
v -713.48450000 -2871.35485000 2996.90900000
v -714.22450000 -2878.25485000 3042.25100000
v -723.71450000 -2849.02485000 2945.32100000
v -690.23450000 367.74515000 2873.99300000
v -735.56450000 -923.34485000 2716.18500000
v -730.36450000 -1037.37485000 2699.49500000
v -721.46450000 -1109.26485000 2664.18500000
v -758.93450000 -704.78485000 2710.54500000
v -726.55450000 -793.60485000 2702.85500000
v -744.05450000 -518.81485000 2664.13500000
v -726.00450000 -1170.59485000 2627.92500000
v -736.84450000 -429.07485000 2633.05500000
v -711.62450000 -2418.18485000 2648.29500000
v -738.07450000 -346.06485000 2602.83500000
v -747.26450000 -254.58485000 2565.19500000
v -704.84450000 282.06515000 2511.76500000
v -756.93450000 -74.50485000 2482.91500000
v -724.62450000 259.08515000 2397.58500000
v -729.32450000 -38.64485000 2445.01500000
v -746.68450000 215.10515000 2387.77500000
v -734.22450000 41.36515000 2399.17500000
v -728.44450000 240.11515000 2341.60500000
v -731.82450000 217.04515000 2340.72500000
v -719.91450000 -1368.29485000 2184.18500000
v -630.96450000 -1636.31485000 1871.10500000
v -686.16450000 -1463.35485000 1791.05500000
v -673.58450000 -1581.42485000 1809.46500000
v -688.82450000 -1495.75485000 1767.58500000
v -677.41450000 -1856.06485000 3667.66000000
v -724.80450000 -1952.94485000 3652.29000000
v -719.78450000 -2286.23485000 3560.94800000
v -677.78450000 -2810.15485000 3185.28300000
v -698.06450000 -2853.55485000 3105.27500000
v -672.76450000 -2730.17485000 2872.86600000
v -702.47450000 336.42515000 2786.76500000
v -735.38450000 -602.47485000 2678.06500000
v -698.73450000 -667.71485000 2665.60500000
v -681.08450000 317.11515000 2675.85500000
v -706.28450000 -1209.48485000 2553.90500000
v -719.22450000 -118.57485000 2487.65500000
v -714.01450000 270.31515000 2331.86500000
v -697.24450000 94.97515000 2337.28500000
v -700.48450000 274.19515000 2284.48500000
v -716.21450000 233.83515000 2308.59500000
v -689.86450000 -1998.08485000 2288.34500000
v -688.21450000 -1358.05485000 2078.98500000
v -663.90450000 -1786.38485000 2063.07500000
v -676.06450000 -1363.23485000 2000.82500000
v -690.56450000 -1436.76485000 1840.02500000
v -676.78450000 -1514.31485000 1767.37500000
v -665.72450000 -1039.45485000 3689.17400000
v -685.35450000 -808.62485000 3674.44000000
v -666.98450000 -2038.21485000 3623.78300000
v -631.69450000 -124.30485000 3561.28700000
v -684.38450000 123.07515000 3507.58000000
v -692.00450000 -2429.24485000 3493.77800000
v -679.72450000 -2612.13485000 3383.25800000
v -703.53450000 -2789.02485000 3242.78700000
v -651.40450000 416.41515000 3003.08700000
v -688.33450000 -2799.86485000 2921.87600000
v -653.92450000 -2646.18485000 2824.80500000
v -642.76450000 350.55515000 2770.73500000
v -627.23450000 -2543.99485000 2771.48500000
v -663.68450000 -818.71485000 2644.78500000
v -682.46450000 -985.52485000 2655.59500000
v -656.51450000 -925.12485000 2630.37500000
v -661.10450000 -1054.57485000 2606.95500000
v -709.41450000 -528.92485000 2644.86500000
v -676.63450000 -1134.43485000 2578.66500000
v -650.54450000 329.30515000 2624.66500000
v -686.72450000 -430.54485000 2598.91500000
v -687.12450000 -311.04485000 2554.33500000
v -703.91450000 -199.32485000 2516.74500000
v -680.23450000 310.02515000 2433.57500000
v -682.70450000 309.85515000 2313.90500000
v -678.73450000 310.02515000 2241.17500000
v -633.42450000 195.94515000 2205.84500000
v -687.80450000 251.02515000 2255.32500000
v -676.37450000 295.79515000 2224.57500000
v -655.19450000 -1892.19485000 2186.73500000
v -659.23450000 -1393.33485000 1888.99500000
v -659.54450000 -1473.71485000 1766.09500000
v -668.35450000 -1616.69485000 3686.25100000
v -675.99450000 -305.50485000 3602.15500000
v -635.61450000 -207.38485000 3574.76100000
v -626.64450000 -51.18485000 3544.85000000
v -628.31450000 45.14515000 3523.94000000
v -622.44450000 213.88515000 3481.17300000
v -669.55450000 301.73515000 3456.98900000
v -579.21450000 365.99515000 3433.52400000
v -631.58450000 465.83515000 3395.15100000
v -645.16450000 -2664.51485000 3320.25700000
v -655.98450000 -2724.33485000 3273.60900000
v -649.80450000 451.37515000 3111.34300000
v -665.18450000 -2842.52485000 3029.76500000
v -660.15450000 -2805.57485000 2956.56700000
v -590.58450000 372.14515000 2737.99500000
v -615.35450000 -683.03485000 2588.09500000
v -649.75450000 -2462.30485000 2706.83500000
v -646.19450000 -550.05485000 2590.28500000
v -619.18450000 355.59515000 2518.41500000
v -616.20450000 -254.18485000 2461.71500000
v -665.70450000 -128.01485000 2440.18500000
v -635.16450000 -1163.94485000 2489.14500000
v -640.70450000 -29.99485000 2354.13500000
v -636.36450000 353.00515000 2383.39500000
v -613.24450000 -1234.77485000 2362.96500000
v -609.71450000 -1259.00485000 2308.25500000
v -657.89450000 337.52515000 2207.19500000
v -660.86450000 319.94515000 2192.60500000
v -642.56450000 300.47515000 2162.44500000
v -643.62450000 -1325.60485000 2145.52500000
v -585.47450000 -1305.97485000 2008.11500000
v -617.68450000 -1529.20485000 1771.80500000
v -598.87450000 -1464.73485000 1747.83500000
v -624.34450000 -1485.75485000 1753.41500000
v -591.61450000 -842.07485000 3669.97300000
v -638.16450000 -676.59485000 3655.53900000
v -661.64450000 -511.51485000 3637.69900000
v -616.16450000 -392.64485000 3614.19000000
v -648.16450000 -2316.26485000 3530.96800000
v -604.83450000 -2500.03485000 3417.07000000
v -632.46450000 503.75515000 3328.45500000
v -608.84450000 478.22515000 3196.90300000
v -651.92450000 -2829.75485000 3052.20700000
v -641.66450000 -2747.62485000 2912.31400000
v -624.58450000 375.78515000 2850.84500000
v -601.76450000 401.93515000 2922.41800000
v -609.70450000 -979.09485000 2569.22500000
v -606.06450000 -884.87485000 2579.51500000
v -622.16450000 -1097.73485000 2529.28500000
v -605.58450000 -424.72485000 2514.96500000
v -580.03450000 -2241.17485000 2567.94500000
v -615.85450000 377.11515000 2257.89500000
v -574.72450000 -1272.25485000 2179.91500000
v -628.91450000 367.09515000 2167.30500000
v -635.59450000 344.21515000 2151.97500000
v -583.12450000 -1701.54485000 1971.15500000
v -615.70450000 -1340.65485000 1950.60500000
v -616.16450000 -1767.94485000 3666.00200000
v -621.58450000 -1904.58485000 3644.36700000
v -632.64450000 -2161.71485000 3579.71400000
v -594.42450000 432.22515000 3411.12100000
v -625.06450000 -2743.22485000 3218.52100000
v -622.95450000 -2794.45485000 3007.03200000
v -603.12450000 -2360.65485000 2657.88500000
v -559.58450000 -573.06485000 2511.16500000
v -593.52450000 -1045.37485000 2524.48500000
v -582.56450000 390.87515000 2429.33500000
v -592.35450000 -1184.62485000 2401.65500000
v -548.26450000 -161.44485000 2342.14500000
v -544.97450000 -1184.69485000 2335.48500000
v -569.88450000 -2035.02485000 2373.52500000
v -533.85450000 -82.89485000 2279.56500000
v -592.92450000 386.92515000 2361.95500000
v -577.10450000 -1951.08485000 2280.30500000
v -600.82450000 395.00515000 2141.83500000
v -609.46450000 377.66515000 2109.95500000
v -573.91450000 301.99515000 2065.11500000
v -607.72450000 351.79515000 2098.04500000
v -595.19450000 -1303.43485000 2079.65500000
v -541.90450000 -1650.22485000 1902.48500000
v -548.58450000 -1536.15485000 1776.83500000
v -585.84450000 -1493.30485000 1753.55500000
v -592.66450000 -970.01485000 3683.11400000
v -569.18450000 -503.11485000 3625.22500000
v -554.45450000 -2006.00485000 3603.03900000
v -566.87450000 114.86515000 3502.19500000
v -584.93450000 -2380.31485000 3474.74400000
v -573.31450000 -2539.58485000 3368.26300000
v -624.41450000 -2775.14485000 3156.57600000
v -598.47450000 -2766.97485000 3095.26200000
v -590.71450000 -2721.39485000 2939.51600000
v -604.15450000 -2673.99485000 2883.47100000
v -518.41450000 -697.65485000 2497.58500000
v -576.14450000 -800.67485000 2552.97500000
v -543.16450000 -335.95485000 2423.23500000
v -505.72450000 -272.97485000 2359.77500000
v -551.14450000 28.59515000 2227.07500000
v -547.40450000 421.68515000 2336.56500000
v -548.31450000 432.96515000 2143.54500000
v -532.43450000 150.73515000 2126.31500000
v -575.11450000 -1284.62485000 2117.81500000
v -577.05450000 403.81515000 2064.13500000
v -521.66450000 -1856.14485000 2190.71500000
v -596.25450000 378.64515000 2079.05500000
v -583.34450000 368.16515000 2060.25500000
v -570.79450000 -1389.75485000 1805.46500000
v -484.12450000 -1546.23485000 1796.10500000
v -571.37450000 -1435.81485000 1756.00500000
v -539.09450000 -974.75485000 3673.91600000
v -561.32450000 -1213.52485000 3683.93400000
v -619.58450000 -1386.57485000 3686.71100000
v -550.83450000 -709.61485000 3648.57600000
v -581.67450000 -605.16485000 3639.14700000
v -561.55450000 -2217.08485000 3537.87700000
v -573.60450000 267.55515000 3462.15700000
v -552.60450000 488.06515000 3373.73600000
v -577.13450000 500.51515000 3354.06200000
v -528.38450000 495.02515000 3241.16200000
v -543.51450000 464.60515000 3130.30300000
v -528.56450000 441.24515000 3015.63500000
v -519.02450000 419.03515000 2859.68300000
v -567.79450000 386.58515000 2655.36500000
v -548.87450000 -899.30485000 2517.25500000
v -534.98450000 -994.66485000 2478.27500000
v -551.30450000 -1087.76485000 2442.39500000
v -537.58450000 438.47515000 2007.97500000
v -529.34450000 -1764.49485000 2074.99500000
v -562.58450000 381.73515000 2017.81500000
v -550.39450000 418.56515000 2004.17500000
v -537.47450000 -1323.84485000 1882.22500000
v -498.67450000 -1617.28485000 1867.90500000
v -555.41450000 -1472.48485000 1744.60500000
v -561.63450000 -1592.82485000 3670.61500000
v -561.25450000 -1409.46485000 3680.00300000
v -516.44450000 -1781.90485000 3632.81500000
v -522.23450000 -444.26485000 3605.03300000
v -557.13450000 -299.27485000 3582.34900000
v -558.43450000 -148.14485000 3553.41600000
v -557.62450000 -2116.27485000 3571.35700000
v -552.31450000 -21.51485000 3526.51300000
v -540.54450000 203.13515000 3476.26800000
v -500.24450000 504.33515000 3303.71000000
v -580.11450000 -2667.40485000 3255.84400000
v -562.67450000 -2725.58485000 2980.84200000
v -541.91450000 401.34515000 2747.46500000
v -529.96450000 416.62515000 2522.75500000
v -521.75450000 -1128.69485000 2371.90500000
v -464.45450000 -1163.37485000 2257.92500000
v -493.20450000 -1212.46485000 2191.06500000
v -470.78450000 466.79515000 2293.07500000
v -488.83450000 -1226.63485000 2129.90500000
v -528.45450000 -1260.70485000 2078.00500000
v -474.03450000 186.59515000 2041.25500000
v -532.14450000 437.58515000 1966.64500000
v -526.43450000 378.03515000 1958.13500000
v -462.84450000 270.29515000 1971.35500000
v -534.46450000 416.09515000 1965.78500000
v -498.29450000 -1266.24485000 1977.78500000
v -490.47450000 -1388.50485000 1747.09500000
v -497.27450000 -1440.83485000 1734.06500000
v -504.44450000 -828.21485000 3649.95700000
v -507.60450000 -610.81485000 3622.56900000
v -539.37450000 -2433.16485000 3420.13900000
v -506.96450000 437.22515000 3397.08100000
v -493.04450000 498.71515000 3345.42200000
v -510.88450000 -2546.72485000 3307.95000000
v -552.44450000 -2687.29485000 3179.80800000
v -541.63450000 -2714.92485000 3041.50700000
v -530.12450000 -2669.28485000 2952.02400000
v -546.34450000 -2638.54485000 2905.93100000
v -545.73450000 -2557.69485000 2838.39500000
v -499.48450000 -2306.49485000 2665.81500000
v -488.09450000 -819.16485000 2468.86500000
v -504.86450000 -467.43485000 2431.73500000
v -471.96450000 -1963.15485000 2332.08500000
v -450.08450000 488.78515000 2104.40500000
v -466.17450000 -1720.10485000 2027.65500000
v -507.70450000 451.44515000 1930.91500000
v -522.42450000 433.60515000 1945.91500000
v -505.49450000 433.19515000 1919.13500000
v -447.16450000 -1672.22485000 1962.76500000
v -526.41450000 -1491.44485000 1755.87500000
v -506.56450000 -1138.41485000 3671.25800000
v -509.10450000 -1357.12485000 3667.75500000
v -494.18450000 -1566.46485000 3652.19300000
v -486.41450000 -267.88485000 3560.44700000
v -487.68450000 15.93515000 3506.01100000
v -486.66450000 -2213.29485000 3505.46100000
v -492.96450000 -2080.68485000 3555.16700000
v -507.34450000 248.54515000 3458.83800000
v -475.24450000 -2321.40485000 3443.36500000
v -500.85450000 -2595.12485000 3236.66000000
v -520.83450000 -2679.64485000 3112.31800000
v -526.97450000 -2691.29485000 2996.51200000
v -494.29450000 -2662.93485000 3025.78400000
v -538.14450000 -2425.17485000 2741.45500000
v -499.69450000 426.90515000 2691.20500000
v -501.23450000 -2109.68485000 2475.38500000
v -457.85450000 -606.50485000 2427.62500000
v -456.52450000 -914.89485000 2426.58500000
v -455.00450000 -1009.03485000 2392.86500000
v -466.85450000 -1073.19485000 2363.82500000
v -446.07450000 -387.24485000 2351.00500000
v -440.09450000 -1103.08485000 2308.69500000
v -435.61450000 -127.02485000 2210.03500000
v -491.51450000 466.54515000 1989.85500000
v -439.85450000 316.52515000 1914.24500000
v -440.85450000 370.60515000 1887.36500000
v -490.14450000 457.10515000 1900.15500000
v -460.18450000 -1316.47485000 1818.94500000
v -481.13450000 -1407.19485000 1732.74500000
v -481.69450000 -984.65485000 3655.66900000
v -479.02450000 -488.17485000 3597.88100000
v -454.06450000 -1924.92485000 3577.66600000
v -479.56450000 -403.25485000 3581.43600000
v -489.62450000 117.31515000 3483.82700000
v -464.10450000 315.94515000 3427.90500000
v -486.76450000 -2430.46485000 3381.33800000
v -428.29450000 481.34515000 3122.98000000
v -390.37450000 501.79515000 3205.84500000
v -466.80450000 -2624.91485000 3079.41700000
v -477.53450000 -2611.74485000 2969.08200000
v -401.50450000 474.60515000 3027.84700000
v -491.04450000 -2562.61485000 2894.34000000
v -459.68450000 -2439.90485000 2810.71500000
v -422.47450000 466.75515000 2608.68500000
v -472.21450000 453.00515000 2438.55500000
v -403.82450000 -733.46485000 2401.67500000
v -404.59450000 -832.82485000 2398.59500000
v -412.06450000 -308.61485000 2285.65500000
v -428.54450000 34.95515000 2102.88500000
v -472.42450000 470.49515000 1901.26500000
v -468.24450000 446.27515000 1886.15500000
v -415.00450000 -1255.04485000 1889.50500000
v -430.00450000 -1345.52485000 1758.42500000
v -450.91450000 -1176.34485000 3649.22200000
v -445.72450000 -1454.65485000 3641.51900000
v -450.13450000 -726.84485000 3618.91500000
v -467.14450000 -152.06485000 3529.16700000
v -423.65450000 -2103.23485000 3511.36400000
v -416.80450000 455.82515000 3374.75200000
v -440.38450000 479.04515000 3356.23200000
v -422.84450000 -2420.16485000 3335.05100000
v -460.37450000 -2582.52485000 3173.55800000
v -447.06450000 -2596.12485000 3022.95700000
v -461.47450000 -2211.87485000 2598.72500000
v -399.70450000 -519.26485000 2357.87500000
v -345.69450000 -1078.30485000 2245.65500000
v -392.19450000 502.87515000 2270.27500000
v -403.38450000 -1162.88485000 2162.53500000
v -436.00450000 -1209.09485000 2064.89500000
v -428.28450000 -1785.86485000 2134.31500000
v -405.50450000 506.80515000 1939.21500000
v -414.05450000 -1727.15485000 2058.71500000
v -378.92450000 228.46515000 1924.84500000
v -415.01450000 -1607.86485000 1877.24500000
v -427.00450000 477.99515000 1872.39500000
v -381.56450000 387.04515000 1852.01500000
v -428.56450000 -1377.97485000 1728.85500000
v -435.23450000 -1404.47485000 1724.24500000
v -432.75450000 -910.18485000 3628.38500000
v -451.33450000 -1647.35485000 3626.28600000
v -438.35450000 -559.84485000 3589.95000000
v -415.20450000 -1774.20485000 3587.85600000
v -436.16450000 -11.42485000 3493.91000000
v -426.76450000 166.50515000 3453.22000000
v -406.53450000 393.51515000 3388.33600000
v -422.84450000 498.13515000 3322.62400000
v -439.90450000 -2503.91485000 3261.19100000
v -425.91450000 -2542.68485000 2969.00500000
v -425.59450000 457.33515000 2789.05500000
v -448.98450000 -2310.78485000 2700.34500000
v -359.62450000 -878.19485000 2358.71500000
v -391.35450000 489.26515000 2461.41500000
v -375.78450000 -1021.86485000 2317.89500000
v -432.00450000 -1875.28485000 2246.05500000
v -352.54450000 -1124.79485000 2189.01500000
v -355.62450000 524.18515000 2088.40500000
v -369.37450000 123.11515000 1991.92500000
v -356.92450000 259.08515000 1888.91500000
v -361.73450000 447.46515000 1842.96500000
v -430.72450000 -1450.11485000 1743.07500000
v -371.02450000 -1110.62485000 3605.35300000
v -387.00450000 -1338.45485000 3615.40400000
v -388.17450000 -730.28485000 3586.67300000
v -430.00450000 -361.75485000 3552.18700000
v -414.49450000 -2010.41485000 3533.22600000
v -413.14450000 -2195.28485000 3464.70100000
v -403.40450000 -2305.17485000 3393.99600000
v -354.37450000 499.44515000 3281.01700000
v -405.44450000 -2528.36485000 3136.50500000
v -394.32450000 -2519.52485000 3077.49500000
v -357.66450000 480.46515000 2907.12700000
v -423.73450000 -2475.02485000 2887.81100000
v -411.71450000 -2108.43485000 2521.65500000
v -335.97450000 499.19515000 2649.30500000
v -402.75450000 -2001.13485000 2408.35500000
v -368.44450000 -941.84485000 2348.19500000
v -396.49450000 -1917.07485000 2314.13500000
v -348.76450000 -639.26485000 2348.65500000
v -367.08450000 -451.61485000 2308.33500000
v -354.33450000 -1046.98485000 2282.14500000
v -362.50450000 525.36515000 1978.15500000
v -419.98450000 -1227.74485000 1967.51500000
v -355.87450000 510.76515000 1872.33500000
v -337.66450000 492.36515000 1854.19500000
v -370.52450000 -1272.27485000 1826.07500000
v -308.87450000 377.83515000 1827.83500000
v -364.90450000 -1552.75485000 1827.90500000
v -368.18450000 -1349.62485000 1730.76500000
v -385.65450000 -1575.78485000 3596.70100000
v -381.82450000 -226.29485000 3505.87600000
v -350.52450000 -2029.25485000 3479.69600000
v -369.62450000 -1.70485000 3461.69400000
v -378.24450000 295.84515000 3404.71700000
v -371.91450000 486.30515000 3321.82400000
v -374.08450000 -2401.90485000 3286.98100000
v -389.31450000 -2469.19485000 3206.59100000
v -323.18450000 503.48515000 3106.10200000
v -378.98450000 -2484.66485000 3006.05300000
v -384.41450000 -2451.36485000 2926.55500000
v -376.31450000 -2290.47485000 2744.35500000
v -337.44450000 491.14515000 2766.92500000
v -372.80450000 -2155.90485000 2603.00500000
v -313.10450000 -296.37485000 2193.98500000
v -338.64450000 -1144.37485000 2126.04500000
v -362.20450000 -1169.61485000 2070.25500000
v -353.25450000 -111.35485000 2124.79500000
v -348.28450000 -1194.71485000 1976.22500000
v -342.27450000 304.82515000 1858.94500000
v -332.80450000 -1219.48485000 1894.20500000
v -383.35450000 -1493.43485000 1776.89500000
v -388.18450000 -1388.56485000 1728.77500000
v -342.44450000 -921.49485000 3574.56500000
v -323.89450000 -1264.54485000 3576.70200000
v -352.68450000 -524.33485000 3535.97600000
v -376.82450000 -1902.95485000 3535.01500000
v -347.17450000 161.39515000 3419.47400000
v -365.67450000 453.34515000 3346.09500000
v -371.93450000 -2336.81485000 3342.94000000
v -302.83450000 501.28515000 2999.76300000
v -353.51450000 -2354.46485000 2852.49600000
v -345.62450000 -2007.70485000 2454.03500000
v -356.33450000 -1928.18485000 2352.19500000
v -325.77450000 519.52515000 2378.84500000
v -329.28450000 -806.55485000 2347.25500000
v -313.88450000 -563.76485000 2306.93500000
v -315.00450000 -725.42485000 2337.23500000
v -354.74450000 -1841.28485000 2245.13500000
v -332.99450000 523.85515000 2246.47500000
v -323.01450000 -20.64485000 2047.14500000
v -359.06450000 -1658.27485000 1974.70500000
v -353.64450000 -1735.29485000 2099.19500000
v -317.37450000 535.99515000 1973.52500000
v -265.71450000 538.80515000 1894.19500000
v -328.64450000 -1611.45485000 1924.82500000
v -270.77450000 461.13515000 1834.07500000
v -307.33450000 416.79515000 1831.75500000
v -243.56450000 299.40515000 1829.36500000
v -330.56450000 -1302.58485000 1772.25500000
v -318.15450000 -1470.10485000 3562.02100000
v -323.57450000 -1613.49485000 3552.29600000
v -319.88450000 -749.53485000 3543.20800000
v -331.43450000 -1733.66485000 3535.81500000
v -299.03450000 -386.91485000 3479.63100000
v -305.48450000 -148.98485000 3446.18900000
v -315.64450000 39.00515000 3423.22900000
v -342.60450000 -2149.81485000 3420.31600000
v -330.87450000 390.11515000 3353.84100000
v -317.31450000 -2209.86485000 3356.67800000
v -308.45450000 478.37515000 3294.61300000
v -328.77450000 -2401.29485000 3144.30800000
v -335.09450000 -2420.58485000 3066.56000000
v -343.22450000 -2394.17485000 2937.78600000
v -316.45450000 511.85515000 2541.50500000
v -298.57450000 -875.28485000 2318.08500000
v -266.66450000 -979.80485000 2267.27500000
v -308.20450000 -461.43485000 2267.03500000
v -288.57450000 -160.54485000 2101.81500000
v -298.42450000 -1153.33485000 2054.08500000
v -297.47450000 -1670.45485000 2036.58500000
v -310.56450000 163.72515000 1919.33500000
v -317.62450000 -1505.86485000 1805.59500000
v -335.41450000 -1431.44485000 1758.74500000
v -307.43450000 -1341.32485000 1744.44500000
v -339.21450000 -1374.79485000 1739.60500000
v -263.53450000 -891.78485000 3512.89000000
v -285.31450000 -1102.79485000 3540.33500000
v -301.54450000 -1867.70485000 3481.92100000
v -295.84450000 140.10515000 3394.56500000
v -296.94450000 263.01515000 3365.03400000
v -325.64450000 -2300.80485000 3300.28800000
v -298.30450000 445.12515000 3310.73400000
v -330.61450000 -2358.84485000 3233.66400000
v -300.65450000 -2346.71485000 2993.86400000
v -254.97450000 518.16515000 2708.18500000
v -304.16450000 -2120.13485000 2635.55500000
v -311.34450000 -2024.17485000 2507.34500000
v -263.04450000 537.09515000 2289.92500000
v -268.86450000 -680.68485000 2306.02500000
v -304.75450000 -940.83485000 2305.54500000
v -305.74450000 -1916.59485000 2380.74500000
v -252.38450000 -1083.17485000 2178.40500000
v -275.25450000 -1124.87485000 2118.15500000
v -228.47450000 551.86515000 2096.10500000
v -278.78450000 51.08515000 1973.10500000
v -273.11450000 -1189.10485000 1923.79500000
v -281.19450000 223.13515000 1873.79500000
v -240.00450000 514.03515000 1854.01500000
v -304.64450000 -1560.45485000 1874.55500000
v -280.70450000 -1238.10485000 1845.49500000
v -272.49450000 -1286.14485000 1784.17500000
v -294.12450000 -1315.95485000 1763.45500000
v -267.39450000 -1313.46485000 3525.56700000
v -282.50450000 -643.58485000 3503.31600000
v -269.47450000 -1595.21485000 3505.17500000
v -253.44450000 -1449.13485000 3505.74500000
v -274.24450000 -547.44485000 3480.55200000
v -285.28450000 -1932.75485000 3448.77000000
v -261.52450000 -2003.63485000 3389.59900000
v -284.32450000 -2107.61485000 3368.77100000
v -263.07450000 372.30515000 3309.72000000
v -251.19450000 -2186.27485000 3268.37100000
v -285.24450000 -2277.30485000 3240.29300000
v -283.49450000 507.32515000 3208.92200000
v -253.62450000 514.09515000 3133.41900000
v -283.97450000 -2304.61485000 3192.77900000
v -287.16450000 -2250.63485000 2850.67100000
v -262.97450000 509.41515000 2896.61700000
v -312.07450000 -2217.38485000 2752.98500000
v -254.69450000 526.93515000 2527.28500000
v -225.43450000 -1021.82485000 2223.90500000
v -289.53450000 -1798.72485000 2239.38500000
v -220.66450000 -489.49485000 2228.47500000
v -256.42450000 -271.23485000 2140.65500000
v -231.81450000 -1157.77485000 2000.77500000
v -199.16450000 558.64515000 1968.38500000
v -239.51450000 391.12515000 1820.60500000
v -235.61450000 351.38515000 1819.72500000
v -272.25450000 -1536.60485000 1869.44500000
v -305.30450000 -1384.55485000 1750.77500000
v -279.75450000 -1423.49485000 1778.55500000
v -259.25450000 -742.11485000 3493.66500000
v -264.25450000 -1722.72485000 3477.19500000
v -241.29450000 -323.59485000 3419.44500000
v -272.50450000 5.52515000 3398.38400000
v -253.45450000 136.19515000 3359.25700000
v -250.33450000 495.11515000 3219.55600000
v -245.56450000 -2254.18485000 3158.33300000
v -279.13450000 -2320.57485000 3083.67200000
v -217.42450000 518.49515000 3019.53200000
v -232.08450000 -2233.64485000 3035.85400000
v -165.82450000 548.04515000 2459.82500000
v -251.74450000 -785.70485000 2305.12500000
v -232.47450000 -872.12485000 2288.55500000
v -239.16450000 -596.21485000 2273.69500000
v -239.30450000 -368.51485000 2182.18500000
v -280.92450000 -1722.71485000 2133.40500000
v -236.54450000 -214.55485000 2099.50500000
v -224.18450000 -1130.84485000 2074.58500000
v -241.37450000 -100.45485000 2042.17500000
v -259.35450000 -1597.45485000 1968.25500000
v -245.40450000 123.45515000 1911.27500000
v -231.98450000 -1257.40485000 1822.04500000
v -244.60450000 -1282.01485000 1793.89500000
v -278.81450000 -1476.50485000 1816.48500000
v -245.49450000 -1299.29485000 1785.39500000
v -267.81450000 -1322.59485000 1772.09500000
v -262.25450000 -1378.03485000 1780.63500000
v -239.78450000 -1011.61485000 3497.18600000
v -220.81450000 -646.71485000 3442.98700000
v -247.97450000 -139.71485000 3396.76100000
v -244.47450000 -476.57485000 3442.02000000
v -222.49450000 -1827.18485000 3400.89700000
v -230.42450000 -9.91485000 3361.96000000
v -212.49450000 273.31515000 3286.21000000
v -223.23450000 -2076.68485000 3298.53800000
v -230.51450000 449.98515000 3241.23200000
v -252.99450000 -2233.95485000 3213.81900000
v -245.78450000 -2221.32485000 2939.62400000
v -221.33450000 -2108.00485000 2812.60500000
v -266.60450000 -2108.36485000 2691.71500000
v -263.90450000 -1972.11485000 2508.85500000
v -244.91450000 -1823.56485000 2328.57500000
v -158.65450000 -1043.30485000 2187.41500000
v -211.47450000 -322.85485000 2145.83500000
v -197.84450000 -1101.62485000 2126.98500000
v -253.92450000 -1676.06485000 2089.93500000
v -140.94450000 568.80515000 2065.78500000
v -206.15450000 -1183.68485000 1932.61500000
v -163.54450000 561.04515000 1899.08500000
v -208.39450000 179.77515000 1872.30500000
v -180.34450000 423.51515000 1818.36500000
v -214.09450000 -1222.04485000 1871.27500000
v -242.56450000 -1442.84485000 1824.70500000
v -220.28450000 -1335.21485000 3480.64500000
v -210.35450000 -925.45485000 3462.16300000
v -213.59450000 -1143.46485000 3469.57400000
v -226.28450000 -798.21485000 3465.56100000
v -185.55450000 -1448.02485000 3422.36300000
v -216.09450000 -1650.26485000 3434.56200000
v -205.74450000 125.88515000 3309.62800000
v -178.87450000 18.48515000 3297.71300000
v -199.40450000 509.04515000 3142.84400000
v -224.92450000 -2224.87485000 3105.77900000
v -169.33450000 530.43515000 2858.48600000
v -172.41450000 537.79515000 2635.18500000
v -197.27450000 -1951.46485000 2630.23500000
v -190.93450000 -703.66485000 2279.21500000
v -161.34450000 -793.93485000 2277.82500000
v -243.74450000 -1730.41485000 2188.51500000
v -172.36450000 -953.76485000 2243.55500000
v -199.24450000 -411.50485000 2185.64500000
v -147.72450000 559.24515000 2240.10500000
v -181.52450000 -1077.72485000 2158.48500000
v -181.70450000 -225.16485000 2087.81500000
v -215.15450000 21.45515000 1960.49500000
v -168.70450000 -90.33485000 2012.66500000
v -158.93450000 -1120.06485000 2077.95500000
v -240.84450000 -1511.94485000 1888.38500000
v -162.91450000 546.71515000 1863.93500000
v -185.54450000 87.09515000 1916.53500000
v -145.26450000 213.78515000 1849.99500000
v -228.02450000 -1286.56485000 1805.18500000
v -211.79450000 -1390.37485000 1832.34500000
v -226.95450000 -1320.81485000 1806.95500000
v -180.33450000 -1270.51485000 3426.48300000
v -181.14450000 -192.09485000 3327.96200000
v -179.63450000 -462.97485000 3361.74700000
v -193.97450000 387.14515000 3232.68000000
v -179.85450000 -2089.64485000 3223.44100000
v -210.97450000 -2167.01485000 3199.64900000
v -153.47450000 489.74515000 3135.44700000
v -192.01450000 -2162.86485000 3142.42200000
v -158.06450000 520.76515000 3059.96000000
v -160.44450000 -2070.20485000 2943.60500000
v -177.04450000 -2137.08485000 3066.17200000
v -164.52450000 -1980.93485000 2769.17500000
v -194.04450000 -1823.28485000 2433.58500000
v -200.75450000 -1726.78485000 2256.98500000
v -167.29450000 -606.28485000 2251.40500000
v -167.63450000 -887.74485000 2265.99500000
v -152.15450000 -485.70485000 2206.52500000
v -151.16450000 -984.72485000 2223.72500000
v -221.41450000 -1650.17485000 2098.32500000
v -153.62450000 -355.65485000 2149.23500000
v -203.97450000 -1560.24485000 2003.11500000
v -163.52450000 -1148.95485000 2015.62500000
v -169.66450000 -1201.06485000 1916.27500000
v -193.70450000 -1464.56485000 1918.73500000
v -193.39450000 -1233.72485000 1867.27500000
v -170.56450000 482.20515000 1828.62500000
v -133.26450000 526.72515000 1837.38500000
v -195.94450000 -1269.24485000 1846.53500000
v -172.77450000 361.94515000 1814.96500000
v -148.23450000 295.36515000 1823.20500000
v -176.62450000 -983.89485000 3419.83700000
v -163.93450000 -1186.56485000 3404.50900000
v -175.49450000 -832.00485000 3402.50700000
v -153.23450000 -1591.53485000 3362.44800000
v -170.14450000 -1704.50485000 3364.02700000
v -145.25450000 -665.96485000 3340.24700000
v -176.95450000 -1935.40485000 3302.13600000
v -135.76450000 428.11515000 3153.93200000
v -126.87450000 -1778.91485000 2529.46500000
v -161.60450000 -1612.73485000 2176.36500000
v -122.11450000 568.77515000 1961.50500000
v -146.47450000 11.26515000 1953.78500000
v -141.77450000 117.39515000 1898.53500000
v -154.72450000 -1223.37485000 1912.53500000
v -165.78450000 -1378.53485000 1897.53500000
v -182.51450000 -1324.20485000 1861.32500000
v -157.32450000 -1102.69485000 3391.79500000
v -117.10450000 -1050.73485000 3327.82500000
v -110.08450000 -835.72485000 3306.21800000
v -118.94450000 -1655.65485000 3303.38500000
v -140.24450000 -1788.26485000 3300.83100000
v -91.54450000 -206.77485000 3215.37400000
v -102.61450000 -354.62485000 3245.06700000
v -122.02450000 180.13515000 3199.81100000
v -140.54450000 329.29515000 3188.60000000
v -98.68450000 -37.25485000 3203.40200000
v -144.59450000 -1998.52485000 3226.37200000
v -167.81450000 -2106.64485000 3171.66000000
v -137.30450000 -2073.04485000 3113.56400000
v -113.03450000 513.45515000 3059.65800000
v -134.02450000 528.74515000 2969.18000000
v -125.95450000 -2049.40485000 3042.59200000
v -125.50450000 -1954.61485000 2834.19500000
v -117.41450000 -1863.33485000 2696.91500000
v -110.50450000 549.49515000 2572.84500000
v -117.55450000 542.14515000 2748.07500000
v -106.29450000 556.17515000 2404.96500000
v -135.30450000 -1684.91485000 2358.45500000
v -113.57450000 -702.67485000 2265.44500000
v -120.52450000 -923.83485000 2245.22500000
v -117.89450000 -436.78485000 2183.41500000
v -97.31450000 -507.24485000 2213.44500000
v -145.88450000 -1080.82485000 2144.37500000
v -123.33450000 -286.11485000 2111.38500000
v -109.61450000 -175.28485000 2054.92500000
v -144.20450000 -1501.80485000 2062.91500000
v -115.44450000 -55.05485000 1989.79500000
v -140.78450000 -1168.18485000 1989.18500000
v -130.38450000 -1192.00485000 1966.17500000
v -141.65450000 -1420.67485000 1979.49500000
v -150.18450000 -1265.16485000 1905.08500000
v -145.10450000 -1310.41485000 1913.55500000
v -104.56450000 497.15515000 1822.95500000
v -144.81450000 -1253.87485000 3371.16800000
v -107.95450000 -529.57485000 3271.96300000
v -69.30450000 -681.88485000 3233.01300000
v -103.58450000 -1881.18485000 3217.52400000
v -134.05450000 -2040.65485000 3167.90300000
v -78.90450000 -1951.65485000 2990.10700000
v -115.63450000 -1916.59485000 2793.13500000
v -107.86450000 -588.40485000 2240.97500000
v -102.53450000 -989.59485000 2217.12500000
v -92.76450000 -1549.88485000 2260.85500000
v -86.27450000 -437.45485000 2187.79500000
v -109.67450000 -1050.80485000 2176.57500000
v -102.43450000 -363.90485000 2152.43500000
v -115.39450000 -1135.63485000 2063.67500000
v -93.90450000 -1420.58485000 2088.29500000
v -108.88450000 -1333.56485000 1992.06500000
v -109.64450000 -1215.88485000 1976.66500000
v -117.12450000 -1271.96485000 1961.56500000
v -105.74450000 562.56515000 1890.33500000
v -85.99450000 161.51515000 1880.56500000
v -92.85450000 546.87515000 1854.15500000
v -94.56450000 258.84515000 1837.53500000
v -127.43450000 435.53515000 1817.03500000
v -99.20450000 359.40515000 1820.32500000
v -85.54450000 -1714.20485000 3237.00600000
v -60.12450000 73.40515000 3138.80200000
v -67.81450000 336.63515000 3098.51500000
v -92.76450000 -1992.69485000 3122.05600000
v -92.87450000 450.88515000 3092.14400000
v -85.83450000 491.11515000 3060.23200000
v -98.38450000 -2002.27485000 3072.79900000
v -81.86450000 526.89515000 2975.32900000
v -99.89450000 536.47515000 2861.40700000
v -95.19450000 -1897.62485000 2824.25500000
v -98.17450000 -830.84485000 2266.87500000
v -86.11450000 -928.41485000 2245.19500000
v -107.65450000 -1093.24485000 2130.07500000
v -105.12450000 569.24515000 2096.80500000
v -64.94450000 -205.14485000 2079.48500000
v -83.78450000 -283.07485000 2116.85500000
v -71.99450000 -59.90485000 1999.46500000
v -92.79450000 47.08515000 1940.80500000
v -76.94450000 522.49515000 1834.64500000
v -99.65450000 -1411.87485000 3288.79400000
v -48.12450000 -267.50485000 3159.77100000
v -59.88450000 -202.97485000 3171.84000000
v -52.39450000 169.72515000 3107.48400000
v -106.72450000 -1968.71485000 3172.72300000
v -84.01450000 544.19515000 2700.33500000
v -70.78450000 551.42515000 2547.09500000
v -67.04450000 -1748.64485000 2646.37500000
v -90.18450000 -1667.88485000 2451.10500000
v -72.66450000 559.81515000 2280.66500000
v -72.08450000 -558.05485000 2237.76500000
v -65.64450000 -653.45485000 2264.84500000
v -79.07450000 -744.95485000 2271.04500000
v -65.15450000 -476.19485000 2212.78500000
v -59.30450000 -984.72485000 2234.06500000
v -64.45450000 -368.94485000 2167.16500000
v -77.65450000 -1051.09485000 2183.27500000
v -74.49450000 -1110.98485000 2125.65500000
v -96.19450000 -1167.07485000 2042.83500000
v -72.16450000 -139.07485000 2044.26500000
v -75.08450000 565.96515000 2038.69500000
v -78.17450000 -1348.63485000 2058.49500000
v -81.60450000 -1253.48485000 2021.51500000
v -63.51450000 104.66515000 1917.82500000
v -69.53450000 557.84515000 1907.59500000
v -61.44450000 234.61515000 1855.66500000
v -82.04450000 449.24515000 1822.61500000
v -58.52450000 -983.99485000 3227.79200000
v -46.77450000 -474.73485000 3175.18900000
v -62.59450000 -1801.85485000 3177.08100000
v -56.94450000 -152.59485000 3160.29900000
v -38.88450000 -44.26485000 3118.53600000
v -69.75450000 -1898.18485000 3142.06700000
v -68.24450000 -1933.99485000 3075.34400000
v -52.81450000 506.34515000 2992.23300000
v -59.83450000 536.58515000 2763.03500000
v -40.34450000 542.06515000 2518.16500000
v -37.26450000 548.84515000 2360.30500000
v -57.91450000 -777.16485000 2277.49500000
v -60.50450000 -889.37485000 2265.68500000
v -46.04450000 -545.17485000 2252.12500000
v -56.38450000 -273.31485000 2122.64500000
v -46.30450000 -1144.35485000 2135.57500000
v -57.69450000 -1353.66485000 2109.45500000
v -74.71450000 -1202.24485000 2053.08500000
v -51.59450000 -118.36485000 2042.43500000
v -65.81450000 -1305.76485000 2066.14500000
v -36.20450000 -39.21485000 2016.10500000
v -46.40450000 64.96515000 1956.50500000
v -52.22450000 176.82515000 1893.43500000
v -51.76450000 541.18515000 1874.99500000
v -46.29450000 465.86515000 1841.47500000
v -67.83450000 301.30515000 1832.88500000
v -58.85450000 373.21515000 1831.10500000
v -38.75450000 -630.41485000 3180.41300000
v -35.96450000 -731.89485000 3179.69200000
v -39.74450000 -1276.50485000 3196.93300000
v -46.89450000 -1586.04485000 3179.65500000
v -38.10450000 -1759.35485000 3124.49200000
v -41.70450000 -1849.71485000 3075.28200000
v -52.84450000 449.52515000 3034.62600000
v -48.61450000 -1881.12485000 3008.19200000
v -44.84450000 522.14515000 2901.42100000
v -42.76450000 -1814.69485000 2870.10200000
v -29.91450000 526.08515000 2662.61500000
v -21.83450000 528.02515000 2496.64500000
v -49.60450000 -1592.34485000 2448.95500000
v -21.83450000 538.23515000 2373.33500000
v -38.04450000 553.50515000 2165.15500000
v -48.95450000 -1446.76485000 2248.23500000
v -37.73450000 -672.02485000 2286.75500000
v -36.63450000 -811.57485000 2294.22500000
v -32.18450000 -939.65485000 2277.17500000
v -39.65450000 -424.95485000 2214.18500000
v -50.26450000 -1049.94485000 2202.88500000
v -34.63450000 -300.28485000 2161.58500000
v -38.24450000 -1327.90485000 2152.67500000
v -50.52450000 553.92515000 1980.89500000
v -42.77450000 -194.79485000 2097.13500000
v -27.82450000 541.82515000 2009.95500000
v -47.28450000 -1240.51485000 2107.67500000
v -31.61450000 -115.86485000 2068.62500000
v -42.84450000 286.28515000 1857.65500000
v -34.34450000 390.80515000 1846.38500000
v -21.90450000 -612.22485000 3142.19600000
v -16.04450000 -795.33485000 3140.04600000
v -18.90450000 -1129.59485000 3155.67700000
v -21.14450000 -1407.73485000 3146.30700000
v -14.99450000 -1588.01485000 3096.96800000
v -25.12450000 -174.00485000 3107.47800000
v -19.26450000 -361.07485000 3105.71700000
v -16.00450000 -508.22485000 3111.82400000
v -25.99450000 59.00515000 3079.01000000
v -15.91450000 -87.67485000 3069.27800000
v -20.42450000 -1751.94485000 3046.66100000
v -19.64450000 219.74515000 3033.85900000
v -24.52450000 391.82515000 3007.68600000
v -32.66450000 -1816.43485000 2993.66300000
v -28.44450000 469.67515000 2976.94600000
v -16.30450000 -1757.23485000 2944.17900000
v -24.31450000 503.04515000 2823.32500000
v -12.67450000 -1712.45485000 2816.41500000
v -25.05450000 -1654.56485000 2652.34500000
v -12.51450000 512.39515000 2525.70500000
v -17.22450000 -1502.90485000 2442.47500000
v -14.78450000 -1369.45485000 2278.66500000
v -8.39450000 -906.93485000 2337.93500000
v -23.00450000 -840.59485000 2312.10500000
v -15.98450000 -707.61485000 2327.94500000
v -19.16450000 538.25515000 2149.29500000
v -24.54450000 -499.15485000 2261.90500000
v -24.89450000 -1044.61485000 2242.19500000
v -28.40450000 -382.79485000 2208.27500000
v -15.84450000 -362.27485000 2232.96500000
v -17.44450000 -1266.99485000 2194.03500000
v -16.06450000 -186.83485000 2151.50500000
v -22.28450000 -1154.92485000 2206.22500000
v -14.86450000 -38.21485000 2061.91500000
v -10.43450000 518.85515000 2023.20500000
v -17.79450000 74.88515000 1993.27500000
v -24.51450000 213.92515000 1918.30500000
v -26.66450000 503.53515000 1911.79500000
v -19.27450000 364.18515000 1874.94500000
v -26.56450000 437.28515000 1869.34500000
v -6.61450000 -1052.36485000 3122.43100000
v -8.27450000 -1258.04485000 3110.74500000
v -5.97450000 -674.19485000 3092.81800000
v -3.80450000 -1002.22485000 3092.43700000
v -6.87450000 -317.70485000 3060.44500000
v -8.25450000 -519.45485000 3079.69600000
v -0.98450000 -1316.53485000 3048.43500000
v -0.32450000 -638.51485000 3028.19600000
v -8.10450000 -23.20485000 3018.99200000
v -6.64450000 -1625.79485000 3000.46900000
v -6.61450000 354.01515000 2971.24900000
v -4.08450000 276.66515000 2960.98200000
v 3.19550000 -1137.47485000 2881.92400000
v -13.39450000 444.75515000 2922.93300000
v 4.71550000 -246.41485000 2538.38500000
v -3.76450000 -1577.39485000 2855.26100000
v -0.90450000 319.86515000 2657.61500000
v -9.78450000 452.71515000 2665.86500000
v 5.82550000 -1207.16485000 2534.88500000
v 2.50550000 -1420.91485000 2718.06500000
v -7.09450000 -1584.51485000 2728.32500000
v 4.12550000 332.05515000 2206.18500000
v -3.00450000 423.51515000 2473.27500000
v -6.04450000 -1474.99485000 2595.93500000
v 6.23550000 -809.48485000 2428.29500000
v 4.98550000 -1138.82485000 2355.00500000
v -3.51450000 -1403.21485000 2494.10500000
v 5.54550000 -408.92485000 2359.28500000
v 1.91550000 -972.51485000 2352.24500000
v -1.33450000 -714.76485000 2359.66500000
v -5.05450000 -1367.09485000 2412.33500000
v 5.09550000 154.69515000 2138.12500000
v 5.80550000 -142.08485000 2253.97500000
v -10.22450000 518.69515000 2221.14500000
v -3.77450000 458.97515000 2274.27500000
v -8.27450000 -504.37485000 2305.95500000
v -1.13450000 -1271.51485000 2361.89500000
v 4.97550000 -253.92485000 2274.22500000
v -10.34450000 -1055.91485000 2272.92500000
v -4.53450000 -307.88485000 2251.62500000
v -6.77450000 -1143.85485000 2267.95500000
v -7.19450000 -1238.21485000 2290.79500000
v 4.46550000 5.34515000 2174.55500000
v -0.96450000 -177.75485000 2208.66500000
v -3.38450000 -79.24485000 2147.17500000
v -4.18450000 460.56515000 2120.97500000
v -5.99450000 31.99515000 2069.03500000
v -6.08450000 137.53515000 2033.09500000
v -7.00450000 277.38515000 2007.25500000
v -13.41450000 414.79515000 2000.57500000
v 11.50550000 -1018.42485000 3133.26100000
v 2.35550000 -761.89485000 3084.21900000
v -0.88450000 -1153.59485000 3079.62700000
v 9.71550000 -1341.08485000 3123.26000000
v -0.07450000 -1428.27485000 3070.28200000
v 11.45550000 -1548.68485000 3096.26600000
v 2.99550000 -418.74485000 3064.53900000
v 13.53550000 -239.74485000 3076.66000000
v -0.39450000 -229.81485000 3021.03800000
v -1.96450000 -507.50485000 3037.87700000
v 10.23550000 -560.04485000 3092.40100000
v -3.82450000 -816.79485000 3033.65400000
v -4.89450000 -1140.53485000 3014.80900000
v 2.07550000 -1551.22485000 3020.74900000
v 16.79550000 -1675.93485000 3072.56800000
v 11.87550000 -43.31485000 3048.79700000
v 15.16550000 -1730.45485000 3026.73800000
v 7.87550000 128.99515000 3016.21600000
v 0.75550000 -25.85485000 2996.10600000
v -7.56450000 -1067.32485000 2747.53500000
v -2.09450000 176.44515000 2951.20300000
v 9.38550000 293.40515000 2992.18400000
v -0.41450000 385.26515000 2912.92800000
v -3.66450000 -401.91485000 2956.02800000
v 5.41550000 -1601.24485000 2891.99300000
v 12.39550000 419.61515000 2961.16900000
v 14.79550000 485.53515000 2936.20300000
v 3.79550000 467.56515000 2762.38500000
v 14.12550000 -1718.09485000 2881.62100000
v 22.09550000 -1762.22485000 2953.84700000
v 16.51550000 509.14515000 2734.24500000
v -6.89450000 -68.27485000 2571.87500000
v -0.35450000 -1511.82485000 2732.89500000
v -4.18450000 334.54515000 2566.38500000
v -5.48450000 -1400.71485000 2672.58500000
v 13.31550000 -1645.25485000 2765.31500000
v -7.95450000 -634.82485000 2520.42500000
v -7.25450000 306.40515000 2298.53500000
v -8.06450000 -1248.99485000 2486.58500000
v -5.79450000 -994.22485000 2459.05500000
v -1.58450000 -1493.32485000 2608.28500000
v -6.28450000 -1328.64485000 2605.07500000
v 7.67550000 508.20515000 2486.42500000
v -1.29450000 439.26515000 2397.05500000
v 8.73550000 -1560.46485000 2637.31500000
v -3.58450000 -1386.40485000 2492.77500000
v 9.68550000 -1496.92485000 2509.28500000
v -7.82450000 -306.76485000 2393.44500000
v -4.68450000 -780.83485000 2448.18500000
v 1.56550000 -1406.47485000 2422.30500000
v 0.88550000 -913.85485000 2392.88500000
v -0.69450000 -605.37485000 2406.90500000
v 4.31550000 -802.70485000 2388.46500000
v -0.51450000 -1332.54485000 2372.80500000
v 15.59550000 -1419.88485000 2361.33500000
v 0.12550000 -416.02485000 2340.38500000
v 13.18550000 -892.03485000 2341.61500000
v 16.25550000 540.48515000 2243.56500000
v 4.61550000 505.14515000 2207.35500000
v 10.49550000 -574.35485000 2340.54500000
v 14.27550000 -727.52485000 2349.12500000
v 9.59550000 -1025.07485000 2313.75500000
v 2.70550000 -1183.62485000 2321.44500000
v -4.38450000 -234.78485000 2283.63500000
v -6.55450000 -34.86485000 2224.19500000
v 15.94550000 -448.28485000 2275.94500000
v 5.63550000 -282.15485000 2242.82500000
v 0.51550000 -146.97485000 2207.57500000
v 17.14550000 -1301.18485000 2247.17500000
v 17.67550000 -1121.37485000 2239.62500000
v 2.53550000 -63.54485000 2139.81500000
v 13.34550000 -167.67485000 2146.45500000
v 25.22550000 -1213.57485000 2192.07500000
v -6.63450000 212.67515000 2146.37500000
v -2.39450000 414.29515000 2120.85500000
v 8.02550000 506.20515000 2049.12500000
v 0.12550000 57.33515000 2077.75500000
v 14.07550000 -38.31485000 2066.51500000
v -4.13450000 114.66515000 2107.83500000
v -0.29450000 195.70515000 2025.81500000
v 10.19550000 115.43515000 1999.18500000
v 0.60550000 349.36515000 1993.23500000
v 4.69550000 453.01515000 1978.80500000
v 15.14550000 277.08515000 1920.85500000
v 19.50550000 515.43515000 1916.46500000
v 19.53550000 433.60515000 1899.84500000
v 36.30550000 -977.74485000 3182.22000000
v 32.99550000 -693.68485000 3150.81900000
v 29.49550000 -1217.43485000 3172.08500000
v 25.94550000 -1660.98485000 3117.44600000
v 31.85550000 -1502.95485000 3156.09600000
v 24.70550000 -410.04485000 3111.77800000
v 46.54550000 -204.26485000 3129.96900000
v 25.29550000 -116.42485000 3086.30100000
v 32.24550000 -1760.59485000 3095.33900000
v 54.48550000 -22.49485000 3118.34300000
v 28.98550000 74.95515000 3068.22000000
v 39.72550000 -1833.47485000 3049.91000000
v 31.60550000 203.73515000 3054.52200000
v 33.78550000 348.01515000 3030.22900000
v 32.94550000 448.17515000 2995.47900000
v 49.57550000 -1859.23485000 2970.00200000
v 45.09550000 503.24515000 2947.18200000
v 34.16550000 -1736.80485000 2801.80500000
v 40.48550000 531.06515000 2720.92500000
v 26.88550000 -1618.41485000 2629.60500000
v 27.67550000 531.51515000 2497.46500000
v 47.28550000 -1549.52485000 2432.96500000
v 55.28550000 -1457.06485000 2263.76500000
v 45.90550000 551.41515000 2371.30500000
v 26.11550000 -655.16485000 2303.93500000
v 25.65550000 -810.55485000 2314.03500000
v 34.36550000 558.75515000 2152.91500000
v 34.35550000 -530.72485000 2262.97500000
v 42.58550000 -810.94485000 2284.13500000
v 43.05550000 -649.39485000 2277.51500000
v 25.83550000 -929.91485000 2294.53500000
v 24.63550000 -1030.69485000 2263.48500000
v 50.97550000 -1381.96485000 2191.51500000
v 20.77550000 -304.55485000 2192.06500000
v 36.64550000 -404.86485000 2211.77500000
v 40.80550000 -1069.16485000 2211.26500000
v 41.82550000 -959.16485000 2259.31500000
v 49.57550000 -1332.81485000 2148.38500000
v 34.74550000 -311.67485000 2161.11500000
v 43.46550000 -1163.25485000 2144.92500000
v 55.90550000 -1296.58485000 2117.53500000
v 38.89550000 -228.35485000 2117.30500000
v 43.82550000 -293.47485000 2140.93500000
v 60.30550000 -1239.07485000 2095.55500000
v 26.87550000 540.51515000 2022.25500000
v 28.83550000 -113.54485000 2075.06500000
v 30.58550000 -36.70485000 2023.72500000
v 26.49550000 44.26515000 1989.33500000
v 26.97550000 151.49515000 1937.76500000
v 46.69550000 -1.82485000 1983.88500000
v 45.08550000 74.10515000 1948.22500000
v 36.69550000 215.38515000 1890.59500000
v 47.43550000 134.21515000 1917.44500000
v 36.49550000 546.71515000 1912.25500000
v 48.07550000 517.93515000 1860.26500000
v 28.87550000 378.69515000 1857.90500000
v 38.66550000 300.71515000 1859.11500000
v 38.01550000 443.26515000 1849.09500000
v 55.80550000 462.88515000 1828.36500000
v 47.87550000 379.63515000 1836.65500000
v 66.27550000 -1074.36485000 3231.81700000
v 92.93550000 -786.30485000 3259.21100000
v 71.20550000 -1310.68485000 3237.41600000
v 76.06550000 -596.75485000 3214.70100000
v 83.84550000 -416.41485000 3205.03300000
v 102.26550000 -1583.04485000 3270.13200000
v 56.96550000 -1715.07485000 3166.31300000
v 58.44550000 -1838.65485000 3127.35600000
v 95.81550000 -1838.12485000 3205.01300000
v 75.40550000 258.64515000 3109.26100000
v 56.50550000 128.77515000 3100.55900000
v 67.14550000 -1906.22485000 3103.97500000
v 62.80550000 476.32515000 3026.66100000
v 82.85550000 406.69515000 3080.97200000
v 72.24550000 -1927.59485000 3054.70100000
v 85.65550000 501.58515000 3038.32000000
v 87.64550000 532.21515000 2904.98100000
v 67.37550000 540.33515000 2718.54500000
v 92.58550000 -1873.24485000 2829.53500000
v 85.90550000 -1732.86485000 2620.18500000
v 63.34550000 543.52515000 2581.11500000
v 109.21550000 -1547.54485000 2232.76500000
v 54.26550000 563.09515000 2226.45500000
v 55.23550000 -597.86485000 2260.36500000
v 66.17550000 -723.57485000 2271.33500000
v 66.23550000 -835.55485000 2268.76500000
v 57.49550000 -514.89485000 2234.62500000
v 57.96550000 -900.35485000 2261.68500000
v 64.00550000 -976.56485000 2236.56500000
v 53.52550000 -347.06485000 2163.75500000
v 68.62550000 -447.58485000 2204.14500000
v 75.34550000 -1051.08485000 2185.59500000
v 63.88550000 -1121.03485000 2134.33500000
v 49.38550000 560.45515000 2052.44500000
v 66.37550000 -285.75485000 2123.28500000
v 64.46550000 -1162.26485000 2096.08500000
v 61.59550000 -188.95485000 2073.12500000
v 91.61550000 -1219.05485000 2026.67500000
v 99.78550000 -1373.14485000 2050.45500000
v 49.88550000 -108.13485000 2043.25500000
v 82.15550000 -121.05485000 2029.31500000
v 66.43550000 22.50515000 1957.17500000
v 57.13550000 165.18515000 1891.50500000
v 67.65550000 553.97515000 1906.48500000
v 59.64550000 231.44515000 1861.66500000
v 72.93550000 516.46515000 1832.87500000
v 68.87550000 404.04515000 1818.11500000
v 70.42550000 318.04515000 1830.34500000
v 113.57550000 -1104.27485000 3307.96100000
v 121.47550000 -1429.89485000 3313.77400000
v 136.42550000 -539.89485000 3300.89100000
v 121.96550000 -937.41485000 3314.42600000
v 103.83550000 -1728.29485000 3244.88900000
v 123.33550000 -141.46485000 3230.59300000
v 103.23550000 84.67515000 3171.23200000
v 108.41550000 -1949.23485000 3171.51000000
v 104.49550000 -1986.38485000 3123.17600000
v 101.88550000 475.87515000 3076.77000000
v 133.22550000 -2042.75485000 3054.25600000
v 96.99550000 -1943.62485000 2961.63200000
v 102.44550000 515.83515000 3013.70900000
v 128.18550000 -1974.18485000 2904.07200000
v 122.79550000 -1682.06485000 2416.57500000
v 73.00550000 551.24515000 2471.45500000
v 109.65550000 555.44515000 2397.63500000
v 78.86550000 567.84515000 2169.28500000
v 90.16550000 -598.94485000 2244.82500000
v 83.20550000 -897.48485000 2253.77500000
v 98.92550000 -821.58485000 2264.16500000
v 80.23550000 -517.64485000 2224.90500000
v 103.45550000 -976.95485000 2223.22500000
v 121.50550000 -1474.95485000 2102.05500000
v 85.05550000 -378.60485000 2163.92500000
v 92.56550000 -1112.78485000 2105.81500000
v 86.15550000 -1161.47485000 2064.06500000
v 88.93550000 568.06515000 2012.34500000
v 99.64550000 -196.07485000 2066.38500000
v 113.64550000 -1192.71485000 1994.09500000
v 103.32550000 -1303.85485000 2015.59500000
v 75.16550000 -41.03485000 1990.86500000
v 83.38550000 96.98515000 1915.96500000
v 88.63550000 181.55515000 1870.05500000
v 95.93550000 539.62515000 1856.36500000
v 97.16550000 245.72515000 1839.68500000
v 91.65550000 471.99515000 1823.77500000
v 106.15550000 353.10515000 1812.61500000
v 131.85550000 -1273.23485000 3338.86900000
v 144.08550000 -1715.87485000 3314.23700000
v 155.97550000 203.15515000 3225.51300000
v 117.34550000 -1996.18485000 3154.72100000
v 138.47550000 446.85515000 3137.54800000
v 144.55550000 341.93515000 3178.27300000
v 137.34550000 535.77515000 2918.70200000
v 127.41550000 537.83515000 2732.30500000
v 157.86550000 -1900.18485000 2676.88500000
v 106.47550000 545.61515000 2546.37500000
v 138.09550000 -1780.28485000 2537.74500000
v 142.39550000 560.87515000 2275.11500000
v 167.44550000 -1668.18485000 2260.77500000
v 122.10550000 -736.28485000 2264.19500000
v 107.29550000 -461.82485000 2196.75500000
v 103.22550000 -1033.60485000 2189.87500000
v 164.69550000 563.36515000 2098.67500000
v 112.30550000 -1070.47485000 2151.31500000
v 110.83550000 -294.65485000 2116.62500000
v 126.56550000 -1159.62485000 2014.84500000
v 124.70550000 -93.77485000 2008.68500000
v 110.59550000 -46.68485000 1984.35500000
v 106.18550000 18.86515000 1951.23500000
v 134.88550000 560.96515000 1907.94500000
v 119.01550000 205.08515000 1849.60500000
v 132.60550000 522.42515000 1840.46500000
v 158.08550000 406.93515000 1818.09500000
v 134.48550000 297.36515000 1818.07500000
v 155.56550000 -1379.03485000 3375.29000000
v 182.15550000 -1509.22485000 3399.05600000
v 182.38550000 -1682.74485000 3373.47100000
v 173.34550000 -791.22485000 3378.57400000
v 149.77550000 -1815.46485000 3296.83000000
v 157.72550000 -347.60485000 3306.84500000
v 164.53550000 -1924.65485000 3276.43900000
v 177.08550000 67.53515000 3272.51000000
v 143.77550000 -2043.60485000 3163.52300000
v 152.49550000 -2075.13485000 3111.28400000
v 137.81550000 496.63515000 3092.80300000
v 142.40550000 -2021.64485000 2956.47700000
v 137.08550000 -649.70485000 2253.17500000
v 126.24550000 -906.18485000 2248.28500000
v 156.08550000 -524.03485000 2217.28500000
v 155.31550000 -1030.17485000 2193.93500000
v 122.84550000 -366.17485000 2151.79500000
v 166.72550000 -1579.15485000 2122.52500000
v 154.92550000 -205.08485000 2070.16500000
v 167.77550000 -1074.85485000 2151.05500000
v 148.72550000 -1114.94485000 2081.11500000
v 155.15550000 -1444.40485000 1979.44500000
v 150.92550000 564.41515000 1982.01500000
v 151.46550000 -1373.70485000 1941.57500000
v 157.40550000 -1181.49485000 1947.15500000
v 147.59550000 -1198.80485000 1944.40500000
v 141.89550000 -1235.27485000 1934.06500000
v 144.18550000 -1295.45485000 1934.29500000
v 154.99550000 99.63515000 1902.12500000
v 133.97550000 172.68515000 1866.05500000
v 165.75550000 546.82515000 1866.61500000
v 163.14550000 240.77515000 1833.74500000
v 165.71550000 -1168.91485000 3391.85000000
v 167.09550000 -1330.42485000 3394.70600000
v 189.95550000 -448.25485000 3364.95800000
v 193.15550000 -550.01485000 3381.28700000
v 162.49550000 -656.91485000 3348.93900000
v 163.87550000 -987.31485000 3379.70700000
v 196.24550000 -2059.50485000 3251.96300000
v 201.42550000 169.09515000 3289.45600000
v 165.22550000 520.97515000 3030.17100000
v 150.62550000 -1992.17485000 2865.05200000
v 185.55550000 -1816.76485000 2459.58500000
v 174.92550000 540.59515000 2563.68500000
v 174.01550000 -736.08485000 2270.28500000
v 159.85550000 -848.43485000 2264.29500000
v 159.68550000 -973.06485000 2228.06500000
v 149.19550000 -404.14485000 2168.91500000
v 155.72550000 -310.65485000 2125.33500000
v 153.49550000 -115.45485000 2022.04500000
v 181.82550000 -1165.41485000 1968.18500000
v 161.52550000 -15.53485000 1968.96500000
v 182.46550000 -1242.15485000 1875.91500000
v 186.30550000 -1288.25485000 1864.00500000
v 198.80550000 554.57515000 1887.33500000
v 183.54550000 474.06515000 1828.97500000
v 218.29550000 512.59515000 1838.80500000
v 199.92550000 339.91515000 1815.41500000
v 219.94550000 -893.04485000 3448.84100000
v 177.56550000 -1407.34485000 3405.95200000
v 186.85550000 -1785.31485000 3359.72100000
v 204.40550000 -210.69485000 3347.00600000
v 198.52550000 -72.27485000 3317.93600000
v 217.12550000 -1896.78485000 3365.30200000
v 191.70550000 416.06515000 3215.23300000
v 192.00550000 323.04515000 3242.98900000
v 187.38550000 475.12515000 3177.24800000
v 198.97550000 -2129.08485000 3195.45400000
v 206.98550000 -2170.41485000 3140.84600000
v 204.92550000 503.75515000 3152.41800000
v 210.26550000 -2182.01485000 3059.61700000
v 188.82550000 -2101.94485000 2940.22100000
v 223.01550000 528.44515000 2700.64500000
v 196.15550000 546.84515000 2422.50500000
v 176.31550000 553.00515000 2344.64500000
v 204.71550000 -660.08485000 2264.32500000
v 185.81550000 -802.12485000 2273.81500000
v 204.29550000 -934.62485000 2253.25500000
v 211.37550000 -1100.70485000 2121.88500000
v 199.36550000 -1132.12485000 2045.34500000
v 180.71550000 -1511.54485000 1998.50500000
v 229.08550000 553.73515000 1955.06500000
v 182.73550000 -1209.30485000 1904.33500000
v 198.71550000 -1371.36485000 1861.58500000
v 220.48550000 528.65515000 1850.67500000
v 229.89550000 428.94515000 1824.27500000
v 208.87550000 290.41515000 1821.18500000
v 218.02550000 -1078.13485000 3454.99500000
v 219.36550000 -1327.00485000 3455.28600000
v 219.47550000 -632.27485000 3420.51800000
v 245.21550000 -1789.46485000 3430.40600000
v 227.89550000 -339.76485000 3392.68100000
v 232.81550000 19.40515000 3345.57300000
v 221.79550000 251.59515000 3294.02600000
v 242.24550000 -2024.51485000 3344.13400000
v 238.71550000 -2178.22485000 3234.06700000
v 245.43550000 -2151.72485000 3273.45900000
v 248.09550000 464.44515000 3256.33200000
v 238.33550000 491.17515000 3218.05800000
v 191.12550000 527.11515000 2896.09600000
v 202.29550000 -2045.43485000 2783.76500000
v 225.81550000 -1986.31485000 2623.77500000
v 240.85550000 -1861.43485000 2400.66500000
v 211.77550000 -1761.28485000 2305.06500000
v 252.38550000 541.57515000 2284.18500000
v 234.30550000 -784.19485000 2286.69500000
v 205.85550000 -532.01485000 2227.67500000
v 198.64550000 -385.90485000 2167.34500000
v 240.92550000 -1014.52485000 2228.77500000
v 211.95550000 -1672.46485000 2163.57500000
v 200.87550000 -228.41485000 2090.51500000
v 210.63550000 -1590.33485000 2038.19500000
v 189.94550000 -116.99485000 2028.75500000
v 245.48550000 -1156.06485000 1993.26500000
v 192.89550000 -1449.02485000 1918.04500000
v 200.61550000 78.51515000 1917.44500000
v 205.36550000 171.60515000 1870.05500000
v 224.21550000 -1211.10485000 1878.32500000
v 213.83550000 -1238.34485000 1855.75500000
v 235.31550000 -1285.59485000 1814.77500000
v 239.17550000 -1341.97485000 1803.43500000
v 270.35550000 388.49515000 1824.20500000
v 276.04550000 -835.05485000 3506.46000000
v 278.19550000 -953.88485000 3514.28200000
v 261.68550000 -1540.47485000 3488.85800000
v 230.71550000 -1639.17485000 3439.01900000
v 247.67550000 -745.73485000 3463.15200000
v 263.88550000 -73.34485000 3387.48000000
v 233.91550000 130.17515000 3327.29300000
v 268.57550000 -2149.80485000 3312.93800000
v 238.64550000 352.22515000 3283.56700000
v 245.21550000 -2222.15485000 3187.62200000
v 266.62550000 505.40515000 3221.98000000
v 264.85550000 513.70515000 3177.47100000
v 263.82550000 -2283.95485000 3095.36900000
v 272.88550000 512.61515000 3062.90800000
v 270.80550000 -2266.42485000 2959.82300000
v 243.63550000 -2166.00485000 2860.96800000
v 262.20550000 -2131.07485000 2752.44500000
v 240.29550000 -1932.20485000 2508.32500000
v 247.70550000 532.18515000 2507.22500000
v 241.97550000 -1805.11485000 2316.35500000
v 223.71550000 -865.56485000 2277.37500000
v 247.85550000 -571.54485000 2259.36500000
v 249.54550000 -1766.87485000 2248.69500000
v 269.44550000 546.13515000 2084.82500000
v 231.96550000 -1068.66485000 2177.38500000
v 238.88550000 -1651.98485000 2079.99500000
v 262.70550000 -1131.28485000 2079.92500000
v 255.96550000 -1608.54485000 1987.13500000
v 230.05550000 0.86515000 1974.21500000
v 243.58550000 -1536.55485000 1920.82500000
v 245.88550000 -1183.12485000 1924.88500000
v 244.42550000 -1455.66485000 1847.01500000
v 293.26550000 445.60515000 1827.64500000
v 250.91550000 256.78515000 1838.57500000
v 256.96550000 -1393.99485000 1796.66500000
v 283.14550000 -612.01485000 3485.97100000
v 281.78550000 -1166.33485000 3524.11500000
v 275.62550000 -1303.17485000 3520.82400000
v 297.59550000 -1418.68485000 3533.85400000
v 297.86550000 -1709.15485000 3500.62700000
v 275.41550000 -227.58485000 3423.61000000
v 282.80550000 -369.51485000 3453.82900000
v 243.26550000 -490.38485000 3427.92300000
v 272.84550000 64.33515000 3375.53500000
v 287.01550000 -2233.52485000 3280.37200000
v 292.58550000 493.49515000 3263.39200000
v 278.01550000 -2297.47485000 3156.35800000
v 303.77550000 -2349.45485000 3040.15000000
v 277.01550000 -2083.89485000 2651.10500000
v 284.32550000 -1959.85485000 2471.48500000
v 276.83550000 -1902.12485000 2403.55500000
v 283.97550000 -1854.78485000 2330.79500000
v 245.10550000 -722.74485000 2287.87500000
v 267.21550000 -930.11485000 2280.85500000
v 273.52550000 -977.96485000 2265.28500000
v 257.90550000 -435.47485000 2216.05500000
v 269.84550000 -1713.41485000 2138.35500000
v 254.41550000 -247.96485000 2123.78500000
v 249.58550000 -349.21485000 2173.03500000
v 271.71550000 -1104.69485000 2142.11500000
v 273.14550000 -1655.10485000 2038.43500000
v 246.30550000 -118.53485000 2050.82500000
v 289.26550000 -1583.32485000 1913.72500000
v 263.49550000 537.36515000 1878.25500000
v 243.22550000 115.13515000 1910.30500000
v 305.87550000 -1557.07485000 1867.21500000
v 298.58550000 515.71515000 1850.43500000
v 299.35550000 488.81515000 1835.80500000
v 263.80550000 -1257.56485000 1818.81500000
v 292.56550000 -1346.33485000 1755.06500000
v 272.43550000 -1367.62485000 1773.27500000
v 320.21550000 -877.58485000 3548.59100000
v 314.46550000 -1849.17485000 3491.38900000
v 302.04550000 -1979.25485000 3434.50300000
v 301.98550000 389.13515000 3328.48400000
v 288.60550000 221.84515000 3355.92900000
v 345.23550000 468.23515000 3319.47500000
v 295.78550000 -2291.51485000 3231.84900000
v 306.89550000 503.44515000 2859.97400000
v 310.77550000 -2268.77485000 2843.91500000
v 310.59550000 -2178.44485000 2718.44500000
v 275.92550000 -2015.94485000 2564.24500000
v 304.77550000 -1930.80485000 2407.73500000
v 289.30550000 -777.56485000 2312.12500000
v 289.63550000 -576.29485000 2285.60500000
v 291.72550000 -665.60485000 2306.65500000
v 300.88550000 -1791.76485000 2224.08500000
v 336.40550000 -496.93485000 2295.40500000
v 315.86550000 -1623.67485000 1950.70500000
v 348.95550000 531.95515000 1979.45500000
v 294.81550000 109.91515000 1936.85500000
v 299.64550000 -1183.07485000 1942.72500000
v 310.68550000 535.68515000 1917.84500000
v 297.00550000 -1503.61485000 1829.35500000
v 281.88550000 -1217.29485000 1876.15500000
v 295.90550000 -1437.39485000 1781.99500000
v 302.93550000 -1312.10485000 1763.09500000
v 302.52550000 -1390.69485000 1757.32500000
v 314.09550000 -755.72485000 3527.86200000
v 318.51550000 -1286.17485000 3561.11900000
v 361.87550000 -338.09485000 3508.23800000
v 307.45550000 -481.82485000 3486.83300000
v 325.14550000 -149.34485000 3451.03700000
v 327.75550000 38.49515000 3420.38400000
v 310.64550000 -2143.85485000 3375.90100000
v 360.63550000 -2149.50485000 3430.94200000
v 335.11550000 -2280.52485000 3324.49000000
v 317.65550000 -2296.56485000 3278.68900000
v 361.58550000 502.30515000 3279.38200000
v 331.02550000 -2401.30485000 3107.70900000
v 387.61550000 478.88515000 2997.34400000
v 332.53550000 503.54515000 2623.78500000
v 355.08550000 -2283.82485000 2776.04500000
v 316.78550000 -2105.33485000 2615.17500000
v 316.82550000 -2042.29485000 2538.03500000
v 305.74550000 -882.83485000 2313.58500000
v 289.80550000 -312.76485000 2179.78500000
v 301.74550000 -233.13485000 2146.18500000
v 315.47550000 -1682.52485000 2043.77500000
v 343.10550000 -1751.68485000 2134.21500000
v 327.64550000 -125.38485000 2108.13500000
v 309.87550000 -1161.11485000 2023.88500000
v 292.00550000 -10.58485000 2014.88500000
v 278.68550000 198.27515000 1877.89500000
v 311.25550000 -1252.02485000 1825.30500000
v 271.98550000 319.02515000 1829.66500000
v 311.13550000 -1284.39485000 1784.85500000
v 352.37550000 -1022.96485000 3579.80000000
v 346.99550000 -1178.20485000 3582.35400000
v 372.93550000 -1279.34485000 3605.13400000
v 361.25550000 -1397.04485000 3590.29700000
v 346.25550000 -1571.60485000 3559.79200000
v 376.80550000 -1796.74485000 3552.05800000
v 358.75550000 -602.06485000 3542.11700000
v 361.41550000 -1915.45485000 3513.10100000
v 357.83550000 207.04515000 3410.29000000
v 351.98550000 329.34515000 3377.43700000
v 363.81550000 -2251.10485000 3380.60100000
v 360.46550000 425.19515000 3352.56300000
v 362.73550000 507.83515000 3207.33800000
v 388.93550000 494.05515000 3126.14600000
v 351.41550000 -2412.92485000 3187.52700000
v 382.91550000 -2489.19485000 3047.27900000
v 363.03550000 -2419.52485000 2960.33200000
v 372.17550000 -2210.21485000 2671.31500000
v 342.40550000 -2001.74485000 2460.91500000
v 335.32550000 513.47515000 2418.31500000
v 338.63550000 -1914.13485000 2356.21500000
v 330.08550000 -1848.38485000 2277.02500000
v 344.71550000 -755.76485000 2348.76500000
v 368.68550000 -850.94485000 2358.69500000
v 349.82550000 -598.20485000 2333.70500000
v 354.23550000 -993.58485000 2309.72500000
v 330.10550000 -1038.82485000 2260.02500000
v 354.60550000 -1816.86485000 2218.61500000
v 336.78550000 530.70515000 2119.82500000
v 353.10550000 -365.69485000 2256.22500000
v 308.85550000 -1088.56485000 2188.89500000
v 318.58550000 -1134.19485000 2111.12500000
v 369.82550000 -1243.46485000 1868.30500000
v 333.53550000 -1580.66485000 1876.46500000
v 355.75550000 518.08515000 1882.95500000
v 318.58550000 285.76515000 1851.99500000
v 366.71550000 -1541.52485000 1820.08500000
v 342.01550000 -1284.83485000 1790.95500000
v 351.70550000 -1476.30485000 1775.19500000
v 340.30550000 -1311.39485000 1759.13500000
v 341.17550000 -1424.95485000 1748.54500000
v 342.56550000 -1353.73485000 1730.85500000
v 378.77550000 -818.56485000 3581.35500000
v 397.51550000 -99.05485000 3488.17600000
v 392.52550000 -2046.23485000 3498.46500000
v 416.78550000 -2189.08485000 3463.34300000
v 394.17550000 460.89515000 3356.07200000
v 347.49550000 -2359.76485000 3263.82500000
v 399.32550000 -2511.31485000 3114.78800000
v 381.06550000 -2394.21485000 2871.48600000
v 369.95550000 -2109.13485000 2561.33500000
v 387.32550000 -669.95485000 2374.05500000
v 384.07550000 -1880.51485000 2283.57500000
v 366.54550000 -228.13485000 2198.19500000
v 378.06550000 -1698.70485000 2030.97500000
v 364.11550000 -1651.25485000 1960.84500000
v 356.00550000 -1195.24485000 1970.49500000
v 369.85550000 191.91515000 1942.79500000
v 373.05550000 28.48515000 2053.21500000
v 366.78550000 420.26515000 1831.03500000
v 370.58550000 -1346.92485000 1734.74500000
v 358.76550000 -1391.11485000 1732.50500000
v 408.19550000 -1370.89485000 3624.56600000
v 426.48550000 -1326.38485000 3634.72200000
v 412.16550000 -1499.77485000 3614.15000000
v 405.29550000 299.42515000 3413.22800000
v 382.56550000 -2383.62485000 3306.88900000
v 398.52550000 -2345.06485000 3358.48200000
v 414.53550000 -2468.36485000 3250.10100000
v 427.47550000 -2529.67485000 3173.75500000
v 402.77550000 469.95515000 2873.14900000
v 391.17550000 477.28515000 2757.47500000
v 406.51550000 -2376.09485000 2809.52500000
v 398.67550000 -2305.98485000 2747.17500000
v 410.76550000 -2181.45485000 2602.18500000
v 412.10550000 -1980.20485000 2387.06500000
v 406.34550000 -779.39485000 2390.39500000
v 398.14550000 502.55515000 2253.01500000
v 384.51550000 -1057.25485000 2288.11500000
v 391.85550000 -1103.86485000 2237.91500000
v 365.16550000 -1135.72485000 2152.62500000
v 412.50550000 -1808.70485000 2180.15500000
v 421.26550000 -1745.98485000 2093.47500000
v 378.97550000 -1175.63485000 2060.34500000
v 426.48550000 -1663.97485000 1957.49500000
v 420.71550000 -1610.06485000 1887.93500000
v 375.71550000 495.25515000 1847.22500000
v 370.02550000 464.25515000 1836.15500000
v 342.53550000 358.46515000 1839.63500000
v 414.32550000 -1313.97485000 1792.84500000
v 410.20550000 -1462.07485000 1751.51500000
v 407.45550000 -1383.89485000 1724.58500000
v 431.62550000 -968.31485000 3623.57300000
v 425.91550000 -1186.66485000 3625.78600000
v 421.50550000 -671.75485000 3592.39600000
v 446.77550000 -1645.12485000 3616.89800000
v 431.07550000 -518.34485000 3574.92500000
v 410.35550000 -1947.79485000 3542.42800000
v 454.13550000 -237.91485000 3540.44300000
v 422.40550000 153.70515000 3449.76200000
v 409.95550000 -2270.44485000 3414.06800000
v 421.35550000 404.93515000 3385.10800000
v 457.03550000 495.94515000 3204.44200000
v 454.53550000 468.00515000 3071.31900000
v 447.27550000 483.58515000 3138.13700000
v 444.77550000 -2587.80485000 3061.85000000
v 438.24550000 -2362.16485000 2764.47500000
v 421.57550000 471.91515000 2623.93500000
v 436.31550000 -2300.04485000 2706.26500000
v 433.50550000 -2241.41485000 2650.31500000
v 439.14550000 -2142.53485000 2545.71500000
v 406.03550000 -2065.50485000 2486.83500000
v 432.75550000 -880.62485000 2403.18500000
v 407.48550000 485.71515000 2472.18500000
v 454.63550000 -425.47485000 2364.74500000
v 423.92550000 -576.19485000 2385.93500000
v 421.25550000 -956.35485000 2375.03500000
v 426.35550000 503.25515000 2075.08500000
v 422.39550000 -1222.43485000 1972.37500000
v 399.88550000 316.79515000 1885.46500000
v 430.46550000 -1515.05485000 1781.65500000
v 465.23550000 -1888.49485000 3589.49200000
v 470.63550000 -368.53485000 3568.00800000
v 471.84550000 -106.52485000 3523.11900000
v 467.37550000 27.03515000 3495.85400000
v 458.99550000 -2156.68485000 3507.10300000
v 460.18550000 474.03515000 3356.96100000
v 464.71550000 -2467.99485000 3320.48400000
v 458.49550000 507.68515000 3281.09300000
v 454.79550000 -2586.33485000 3002.57100000
v 441.79550000 -2521.82485000 2928.13400000
v 444.82550000 -2472.13485000 2863.30500000
v 474.70550000 -2446.30485000 2807.91500000
v 436.82550000 -268.27485000 2278.90500000
v 444.74550000 -1176.30485000 2167.43500000
v 497.89550000 -1704.73485000 2004.56500000
v 444.63550000 493.58515000 1957.84500000
v 423.22550000 491.04515000 1880.92500000
v 416.16550000 446.46515000 1839.32500000
v 410.96550000 401.39515000 1852.20500000
v 446.50550000 -1282.27485000 1858.70500000
v 540.43550000 -1571.61485000 1817.39500000
v 461.62550000 -1382.76485000 1741.63500000
v 460.54550000 -1440.01485000 1737.81500000
v 455.72550000 -1371.00485000 3639.72400000
v 491.60550000 -801.14485000 3635.65400000
v 489.44550000 -601.98485000 3612.78800000
v 448.50550000 -2022.78485000 3542.74200000
v 484.39550000 145.75515000 3477.35300000
v 476.76550000 -2282.53485000 3460.95400000
v 487.40550000 329.22515000 3426.96500000
v 496.92550000 -2402.89485000 3397.20600000
v 482.69550000 499.35515000 3326.95200000
v 495.35550000 -2558.37485000 3266.82000000
v 492.83550000 -2600.35485000 3204.32900000
v 483.00550000 -2622.38485000 3124.16000000
v 510.44550000 -2669.07485000 3050.53900000
v 492.10550000 440.91515000 2972.52100000
v 481.08550000 436.24515000 2884.61100000
v 457.29550000 445.81515000 2804.16500000
v 492.77550000 -2567.35485000 2898.56500000
v 477.39550000 440.29515000 2699.21500000
v 522.17550000 -2416.29485000 2747.68500000
v 476.91550000 -2222.66485000 2606.85500000
v 471.10550000 -2077.45485000 2464.03500000
v 464.77550000 -709.94485000 2438.04500000
v 472.16550000 -844.50485000 2442.63500000
v 531.65550000 -1852.86485000 2193.80500000
v 584.96550000 -1988.28485000 2326.30500000
v 451.71550000 -1070.45485000 2337.28500000
v 474.50550000 -1145.40485000 2273.19500000
v 432.11550000 -121.60485000 2195.09500000
v 450.33550000 -1212.08485000 2054.09500000
v 467.46550000 94.12515000 2090.04500000
v 462.26550000 265.66515000 1964.61500000
v 535.15550000 -1652.47485000 1917.22500000
v 432.02550000 467.42515000 1858.34500000
v 500.34550000 -1357.87485000 1790.15500000
v 502.35550000 -475.61485000 3598.69700000
v 524.92550000 -1750.48485000 3642.63300000
v 501.20550000 224.20515000 3459.21100000
v 528.09550000 426.08515000 3401.05700000
v 508.95550000 466.15515000 3113.84900000
v 527.64550000 -2646.56485000 2944.60000000
v 504.80550000 -2536.64485000 2858.43500000
v 501.38550000 -2303.72485000 2668.69500000
v 487.41550000 448.84515000 2505.01500000
v 515.85550000 -969.00485000 2460.17500000
v 469.10550000 470.23515000 2333.79500000
v 523.91550000 -1265.53485000 1998.19500000
v 503.21550000 471.56515000 2056.75500000
v 479.79550000 -1273.06485000 1918.58500000
v 461.94550000 366.44515000 1899.32500000
v 451.92550000 425.42515000 1869.74500000
v 526.20550000 -1328.95485000 1860.39500000
v 557.13550000 -1509.47485000 1768.51500000
v 480.95550000 -1418.87485000 1734.53500000
v 522.21550000 -1139.03485000 3662.66800000
v 519.49550000 -1524.45485000 3655.51500000
v 550.08550000 -664.81485000 3637.94300000
v 536.85550000 -1890.11485000 3625.85400000
v 542.55550000 -1999.47485000 3601.41700000
v 515.24550000 -2111.92485000 3549.51300000
v 528.36550000 -169.24485000 3552.88100000
v 540.80550000 -281.49485000 3575.14300000
v 528.45550000 80.21515000 3505.12400000
v 553.85550000 183.31515000 3481.69900000
v 517.00550000 -2229.78485000 3508.76200000
v 569.23550000 -2404.84485000 3447.85000000
v 577.53550000 -2547.83485000 3358.33000000
v 565.75550000 505.13515000 3330.24200000
v 541.81550000 498.45515000 3259.32100000
v 551.24550000 -2584.25485000 3305.42400000
v 566.68550000 -2704.78485000 3174.38800000
v 549.41550000 433.02515000 3011.80700000
v 545.36550000 -2700.37485000 2999.41400000
v 532.98550000 -2173.53485000 2534.84500000
v 558.20550000 -918.37485000 2518.41500000
v 492.06550000 -257.60485000 2322.37500000
v 484.15550000 472.10515000 2185.52500000
v 513.44550000 -1240.13485000 2098.10500000
v 534.63550000 -1236.65485000 2187.05500000
v 497.62550000 -1768.17485000 2096.85500000
v 618.49550000 -1690.11485000 1955.83500000
v 473.04550000 468.52515000 1911.34500000
v 482.65550000 442.23515000 1894.91500000
v 547.92550000 -1460.54485000 1744.76500000
v 595.47550000 -548.70485000 3631.11300000
v 584.06550000 -758.95485000 3659.97100000
v 561.09550000 -405.81485000 3602.05300000
v 523.09550000 -47.77485000 3527.35100000
v 584.76550000 -2344.78485000 3488.32500000
v 625.70550000 473.10515000 3386.70100000
v 588.67550000 -2670.08485000 3253.95700000
v 566.52550000 -2726.31485000 3104.89000000
v 560.36550000 -2625.96485000 2886.14000000
v 567.23550000 -2553.38485000 2821.34500000
v 641.12550000 -2383.82485000 2665.99500000
v 557.53550000 401.64515000 2598.75500000
v 595.31550000 -2266.27485000 2593.08500000
v 540.68550000 -562.38485000 2487.60500000
v 552.68550000 -698.05485000 2519.43500000
v 544.14550000 -799.67485000 2513.52500000
v 513.43550000 -1042.74485000 2424.54500000
v 536.35550000 -404.85485000 2429.65500000
v 561.28550000 -1149.85485000 2388.36500000
v 556.56550000 -1211.31485000 2286.37500000
v 527.85550000 442.83515000 2313.41500000
v 529.10550000 250.12515000 2035.01500000
v 537.44550000 447.50515000 2003.26500000
v 505.34550000 329.42515000 1956.32500000
v 503.85550000 391.81515000 1923.63500000
v 587.31550000 -1619.72485000 1865.47500000
v 540.81550000 -1427.55485000 1744.85500000
v 637.98550000 -1502.21485000 1762.57500000
v 581.61550000 -890.93485000 3671.93100000
v 604.01550000 -1840.91485000 3657.08800000
v 605.03550000 -1980.47485000 3625.06700000
v 576.56550000 -104.22485000 3550.95600000
v 580.22550000 -1.88485000 3529.67300000
v 598.56550000 -2249.14485000 3536.33500000
v 605.27550000 111.37515000 3507.92600000
v 588.25550000 281.33515000 3457.28400000
v 637.24550000 379.25515000 3430.09700000
v 603.63550000 -2496.92485000 3410.34000000
v 593.48550000 493.41515000 3355.70800000
v 574.56550000 481.12515000 3190.15000000
v 592.61550000 455.47515000 3106.07500000
v 586.70550000 -2754.16485000 3042.78700000
v 576.67550000 397.29515000 2875.80800000
v 560.41550000 393.08515000 2740.99500000
v 564.50550000 410.21515000 2428.67500000
v 591.94550000 -2105.44485000 2444.24500000
v 538.41550000 -1093.52485000 2418.63500000
v 585.66550000 410.27515000 2289.22500000
v 542.20550000 -62.16485000 2266.12500000
v 581.39550000 156.25515000 2160.84500000
v 593.27550000 -1282.01485000 2168.25500000
v 603.43550000 -1298.03485000 2077.21500000
v 590.78550000 -1759.33485000 2055.97500000
v 554.45550000 434.16515000 2165.84500000
v 510.62550000 446.46515000 1936.60500000
v 532.07550000 438.91515000 1958.04500000
v 528.73550000 422.27515000 1947.56500000
v 550.87550000 -1404.62485000 1765.42500000
v 590.93550000 -999.52485000 3680.67100000
v 583.73550000 -1440.82485000 3680.26700000
v 584.98550000 -1668.59485000 3668.63200000
v 613.89550000 -2113.22485000 3589.58800000
v 628.08550000 -208.90485000 3574.94800000
v 664.07550000 441.35515000 3406.33400000
v 619.86550000 -2635.36485000 3321.64600000
v 613.58550000 -2736.03485000 3205.29900000
v 612.55550000 -2775.38485000 3002.15700000
v 614.24550000 -2757.32485000 2969.79900000
v 656.23550000 -2741.83485000 2910.19200000
v 628.05550000 -2538.62485000 2772.75500000
v 613.11550000 -753.59485000 2585.52500000
v 635.77550000 -870.21485000 2606.40500000
v 604.39550000 -419.25485000 2507.61500000
v 588.37550000 -482.02485000 2512.02500000
v 548.65550000 352.73515000 1985.74500000
v 556.78550000 421.48515000 1987.94500000
v 559.86550000 393.86515000 1982.78500000
v 535.73550000 391.06515000 1960.67500000
v 572.48550000 -1316.45485000 1935.41500000
v 601.56550000 -1392.84485000 1817.82500000
v 616.60550000 -1444.25485000 1760.69500000
v 620.16550000 -1139.89485000 3684.59900000
v 664.56550000 -1371.89485000 3689.57600000
v 641.16550000 -1605.42485000 3683.62500000
v 654.60550000 -803.63485000 3677.16500000
v 669.24550000 -1760.94485000 3678.88100000
v 635.66550000 -443.56485000 3626.53800000
v 647.62550000 -512.08485000 3637.04600000
v 634.73550000 -698.57485000 3657.96300000
v 637.06550000 -341.47485000 3603.34500000
v 682.90550000 198.78515000 3485.28400000
v 672.63550000 -2491.15485000 3450.35200000
v 664.39550000 505.22515000 3352.10400000
v 692.81550000 496.35515000 3261.80600000
v 635.89550000 -2775.49485000 3163.84200000
v 642.64550000 -2802.79485000 3084.04900000
v 633.14550000 426.12515000 3026.66800000
v 610.06550000 404.83515000 2946.88100000
v 677.66550000 -2684.52485000 2845.84500000
v 664.67550000 -2491.26485000 2726.25500000
v 661.81550000 -2186.40485000 2492.92500000
v 636.09550000 -977.59485000 2593.07500000
v 604.98550000 -1009.21485000 2546.32500000
v 596.10550000 -1082.28485000 2494.89500000
v 622.48550000 378.20515000 2328.55500000
v 592.69550000 -252.20485000 2425.43500000
v 639.37550000 -95.46485000 2395.70500000
v 731.36550000 -1990.38485000 2270.37500000
v 735.97550000 -1921.04485000 2192.03500000
v 607.87550000 -1269.39485000 2256.02500000
v 664.12550000 67.40515000 2312.74500000
v 596.34550000 408.08515000 2104.19500000
v 578.92550000 412.65515000 2033.26500000
v 592.63550000 302.09515000 2070.84500000
v 638.08550000 -1333.91485000 1993.79500000
v 643.40550000 -1475.30485000 1762.23500000
v 740.14550000 -548.10485000 3642.70100000
v 682.21550000 -89.08485000 3555.82100000
v 690.10550000 -2269.91485000 3559.51300000
v 703.29550000 104.01515000 3515.04600000
v 671.27550000 507.22515000 3329.08800000
v 665.35550000 -2824.82485000 3027.51100000
v 620.67550000 364.25515000 2772.82500000
v 716.39550000 -2635.41485000 2788.02500000
v 618.59550000 359.17515000 2622.41500000
v 629.08550000 -659.30485000 2593.60500000
v 647.27550000 -515.73485000 2580.27500000
v 628.22550000 359.05515000 2485.83500000
v 641.30550000 -1164.67485000 2485.13500000
v 650.74550000 -1226.00485000 2422.83500000
v 645.81550000 -171.96485000 2450.04500000
v 756.08550000 -2098.16485000 2366.52500000
v 700.57550000 -1304.94485000 2378.05500000
v 687.48550000 -1341.82485000 2183.19500000
v 584.11550000 393.77515000 2020.77500000
v 579.73550000 361.75515000 2021.92500000
v 667.87550000 -1385.56485000 1900.80500000
v 733.93550000 -1617.20485000 1832.25500000
v 654.06550000 -1439.35485000 1788.25500000
v 639.73550000 -935.49485000 3681.86100000
v 695.24550000 -1853.50485000 3671.48400000
v 684.71550000 -1929.93485000 3653.90900000
v 730.11550000 -2062.25485000 3628.00200000
v 762.66550000 -2188.26485000 3599.51300000
v 689.15550000 15.34515000 3533.25400000
v 679.56550000 -2375.45485000 3509.78700000
v 768.30550000 268.78515000 3462.92800000
v 675.10550000 -2611.73485000 3375.36900000
v 699.00550000 -2729.34485000 3295.26000000
v 647.59550000 -2744.98485000 3226.78600000
v 704.62550000 453.12515000 3110.86900000
v 742.20550000 -2872.41485000 3123.11200000
v 661.54550000 393.00515000 2935.86800000
v 684.42550000 -2830.38485000 2987.04900000
v 720.20550000 -2829.08485000 2939.54400000
v 647.19550000 379.67515000 2881.59900000
v 660.09550000 355.71515000 2801.70500000
v 663.78550000 334.23515000 2697.49500000
v 700.14550000 -985.74485000 2666.23500000
v 607.96550000 396.24515000 2202.44500000
v 693.41550000 -32.05485000 2410.93500000
v 704.68550000 -1336.46485000 2294.51500000
v 702.62550000 -1361.06485000 2080.17500000
v 679.12550000 -1811.55485000 2090.76500000
v 612.21550000 380.60515000 2080.45500000
v 600.77550000 359.11515000 2058.21500000
v 693.86550000 -1663.33485000 1900.23500000
v 689.73550000 -1428.33485000 1836.45500000
v 684.91550000 -1564.49485000 1797.32500000
v 653.54550000 -1523.07485000 1774.57500000
v 733.57550000 -751.69485000 3676.01300000
v 741.18550000 -651.00485000 3656.48500000
v 730.05550000 -484.66485000 3637.60800000
v 732.96550000 -313.57485000 3607.64300000
v 777.26550000 495.54515000 3369.73500000
v 828.90550000 510.44515000 3321.04600000
v 715.88550000 -2806.56485000 3208.66900000
v 735.33550000 -2879.87485000 3057.30200000
v 726.12550000 -2568.65485000 2743.98500000
v 775.36550000 -2517.06485000 2690.42500000
v 673.77550000 -758.67485000 2644.43500000
v 662.18550000 -1047.12485000 2600.77500000
v 686.40550000 307.10515000 2550.85500000
v 656.12550000 -363.91485000 2540.43500000
v 698.77550000 -1151.67485000 2582.65500000
v 675.29550000 -238.09485000 2509.64500000
v 674.75550000 326.70515000 2366.28500000
v 686.77550000 -122.37485000 2458.21500000
v 649.85550000 357.20515000 2244.99500000
v 648.51550000 233.14515000 2189.86500000
v 627.81550000 374.11515000 2150.11500000
v 638.74550000 356.07515000 2130.36500000
v 625.99550000 328.65515000 2116.36500000
v 705.87550000 -1739.63485000 1994.23500000
v 723.02550000 -1487.62485000 1788.59500000
v 800.10550000 -1145.98485000 3687.97800000
v 788.52550000 -1613.17485000 3688.92100000
v 759.63550000 -1901.21485000 3670.71300000
v 740.77550000 -417.89485000 3626.07100000
v 761.97550000 -184.90485000 3576.81300000
v 782.27550000 -72.07485000 3554.24900000
v 766.57550000 41.95515000 3528.78100000
v 801.92550000 344.17515000 3441.63400000
v 771.21550000 418.53515000 3417.43900000
v 738.81550000 461.05515000 3395.07500000
v 784.98550000 505.93515000 3344.88700000
v 732.86550000 405.22515000 2977.33400000
v 763.83550000 -2898.24485000 2996.98200000
v 733.01550000 349.23515000 2830.43500000
v 709.60550000 325.72515000 2745.14500000
v 794.29550000 -2422.64485000 2623.74500000
v 715.73550000 -878.70485000 2688.38500000
v 759.50550000 -2315.02485000 2557.75500000
v 679.19550000 314.74515000 2465.47500000
v 683.11550000 315.37515000 2256.26500000
v 699.13550000 171.90515000 2285.98500000
v 652.13550000 345.13515000 2188.43500000
v 691.56550000 246.21515000 2242.08500000
v 664.59550000 304.80515000 2198.56500000
v 726.52550000 -1537.82485000 1785.66500000
v 801.37550000 -1821.39485000 3681.99300000
v 808.38550000 -1988.99485000 3654.65800000
v 742.49550000 -115.21485000 3562.25800000
v 791.99550000 -2397.72485000 3532.33200000
v 760.21550000 -2497.89485000 3476.51000000
v 794.54550000 -2725.68485000 3355.34300000
v 825.09550000 -2898.58485000 3185.84100000
v 767.62550000 -2880.11485000 2952.26100000
v 766.72550000 -2822.60485000 2888.55300000
v 753.80550000 -2768.27485000 2856.02800000
v 723.00550000 302.92515000 2684.79500000
v 716.12550000 -530.74485000 2646.52500000
v 691.85550000 -636.17485000 2644.88500000
v 704.86550000 -431.01485000 2606.49500000
v 702.91550000 -1223.86485000 2512.21500000
v 711.29550000 285.22515000 2439.64500000
v 744.58550000 255.06515000 2499.53500000
v 741.21550000 -255.08485000 2569.00500000
v 704.11550000 -334.09485000 2570.49500000
v 732.33550000 -134.49485000 2498.74500000
v 806.74550000 -2219.03485000 2455.39500000
v 737.20550000 -1290.02485000 2481.88500000
v 732.49550000 36.04515000 2398.69500000
v 686.67550000 295.13515000 2232.92500000
v 689.51550000 280.34515000 2236.77500000
v 752.49550000 -1400.16485000 1995.49500000
v 767.15550000 -1443.93485000 1887.27500000
v 806.30550000 -1496.73485000 1845.50500000
v 727.60550000 -1511.18485000 1784.52500000
v 790.82550000 -709.29485000 3669.08300000
v 916.21550000 -2147.93485000 3624.45900000
v 821.95550000 -2292.38485000 3575.88400000
v 793.66550000 -2616.75485000 3422.84100000
v 825.69550000 -2798.33485000 3309.32300000
v 810.66550000 -2834.08485000 3255.63400000
v 803.82550000 -2933.25485000 3062.19000000
v 805.05550000 -2935.29485000 3022.90500000
v 803.40550000 -2873.17485000 2903.49300000
v 877.56550000 362.99515000 2873.69900000
v 738.00550000 -737.63485000 2694.93500000
v 736.30550000 281.41515000 2614.36500000
v 746.42550000 -593.56485000 2674.93500000
v 727.93550000 -1083.37485000 2670.70500000
v 758.56550000 -1184.69485000 2658.00500000
v 754.91550000 -374.81485000 2617.33500000
v 737.56550000 -33.53485000 2442.84500000
v 774.73550000 -1341.75485000 2465.55500000
v 712.77550000 277.73515000 2343.77500000
v 748.67550000 111.49515000 2368.62500000
v 733.23550000 198.33515000 2322.16500000
v 704.24550000 264.22515000 2278.89500000
v 774.05550000 -1388.93485000 2296.96500000
v 786.31550000 -1402.88485000 2196.19500000
v 990.59550000 -1572.40485000 3692.47800000
v 886.11550000 -542.93485000 3638.08900000
v 885.60550000 -2065.86485000 3639.91600000
v 1000.39550000 -2036.48485000 3647.37000000
v 963.63550000 -2239.25485000 3601.39300000
v 830.04550000 108.90515000 3506.30900000
v 809.97550000 182.47515000 3485.81100000
v 900.42550000 494.95515000 3246.81200000
v 806.03550000 -2742.09485000 2802.07500000
v 763.59550000 291.98515000 2688.38500000
v 779.66550000 -886.97485000 2742.79500000
v 759.90550000 -1009.48485000 2725.82500000
v 752.78550000 -485.53485000 2649.51500000
v 779.26550000 261.74515000 2620.13500000
v 786.81550000 -256.02485000 2586.07500000
v 782.71550000 -313.39485000 2605.22500000
v 754.94550000 -1247.73485000 2581.78500000
v 783.25550000 -135.27485000 2524.66500000
v 784.95550000 -211.77485000 2562.67500000
v 773.03550000 -53.50485000 2474.70500000
v 746.93550000 235.47515000 2404.05500000
v 928.11550000 -2178.11485000 2360.06500000
v 730.05550000 236.13515000 2341.32500000
v 805.37550000 -1387.74485000 2418.80500000
v 883.23550000 -2097.28485000 2307.65500000
v 861.64550000 -2019.79485000 2241.00500000
v 825.31550000 -1429.57485000 2088.59500000
v 832.30550000 -1830.71485000 2055.56500000
v 833.62550000 -1729.21485000 1939.17500000
v 793.33550000 -1436.98485000 1942.47500000
v 827.75550000 -683.62485000 3663.39000000
v 832.71550000 -412.60485000 3621.57600000
v 864.18550000 -641.49485000 3650.41400000
v 910.60550000 -17.01485000 3530.19300000
v 865.32550000 -2557.80485000 3474.80300000
v 881.53550000 -2985.46485000 3079.15200000
v 866.73550000 423.26515000 3023.19800000
v 830.95550000 -2925.93485000 2933.61800000
v 865.69550000 281.02515000 2690.63500000
v 811.70550000 -2635.05485000 2737.80500000
v 781.85550000 -1149.00485000 2719.59500000
v 784.70550000 -659.43485000 2708.47500000
v 794.99550000 -772.23485000 2733.98500000
v 795.04550000 -555.67485000 2682.99500000
v 802.18550000 -461.73485000 2656.42500000
v 928.00550000 -2489.37485000 2600.94500000
v 819.15550000 -382.52485000 2631.88500000
v 779.61550000 -1245.27485000 2648.20500000
v 788.56550000 237.06515000 2550.02500000
v 824.94550000 -49.07485000 2485.00500000
v 782.19550000 211.84515000 2466.21500000
v 796.38550000 35.97515000 2431.18500000
v 788.83550000 181.72515000 2416.62500000
v 756.71550000 199.40515000 2376.56500000
v 779.70550000 155.81515000 2389.03500000
v 840.03550000 -1540.66485000 1819.31500000
v 769.88550000 -1587.20485000 1806.65500000
v 818.48550000 -1556.37485000 1803.64500000
v 815.20550000 -1582.20485000 1804.50500000
v 875.52550000 -822.22485000 3674.82100000
v 839.09550000 -1918.44485000 3670.00000000
v 856.49550000 -326.35485000 3604.55400000
v 916.65550000 -2404.69485000 3547.16200000
v 885.94550000 -2657.04485000 3431.91400000
v 880.77550000 455.97515000 3397.71300000
v 856.01550000 463.61515000 3143.99000000
v 863.51550000 -2979.32485000 2970.97400000
v 857.21550000 -2848.92485000 2832.78500000
v 812.96550000 -1012.02485000 2774.24500000
v 816.52550000 -1134.18485000 2763.96500000
v 818.95550000 -846.74485000 2756.57500000
v 848.89550000 -790.21485000 2750.25500000
v 827.85550000 -708.90485000 2728.80500000
v 799.81550000 -1249.33485000 2689.56500000
v 829.78550000 -634.16485000 2709.29500000
v 810.82550000 255.44515000 2619.52500000
v 805.04550000 -1305.44485000 2626.21500000
v 830.55550000 -306.47485000 2605.40500000
v 921.95550000 -2394.05485000 2540.86500000
v 827.16550000 -202.81485000 2561.47500000
v 920.01550000 -2288.46485000 2459.47500000
v 822.89550000 -128.31485000 2525.33500000
v 798.25550000 -1340.90485000 2527.42500000
v 818.70550000 197.67515000 2496.18500000
v 828.31550000 172.65515000 2455.14500000
v 822.02550000 109.02515000 2413.84500000
v 900.39550000 -1938.44485000 2140.72500000
v 904.83550000 -1473.02485000 2195.38500000
v 877.24550000 -1498.78485000 1922.21500000
v 818.57550000 -1667.54485000 1871.49500000
v 858.18550000 -1633.22485000 1833.84500000
v 913.50550000 -1741.69485000 3688.59000000
v 939.80550000 -1968.43485000 3660.89700000
v 923.35550000 -234.63485000 3575.81100000
v 909.31550000 -2486.64485000 3512.95500000
v 928.68550000 363.58515000 3430.14500000
v 902.46550000 277.28515000 3455.11500000
v 895.82550000 -2726.65485000 3390.60500000
v 942.10550000 -2822.73485000 3335.45200000
v 931.83550000 -2889.24485000 3271.55200000
v 888.38550000 -2903.82485000 3231.93500000
v 896.19550000 -2966.55485000 3148.42400000
v 857.43550000 -2977.28485000 3021.99600000
v 873.50550000 -1059.96485000 2799.16500000
v 857.41550000 -1137.88485000 2791.15500000
v 899.83550000 -2814.82485000 2780.32500000
v 858.50550000 -879.64485000 2768.21500000
v 835.95550000 -939.07485000 2771.71500000
v 828.68550000 -1248.44485000 2741.74500000
v 842.67550000 -550.79485000 2686.42500000
v 923.28550000 -2601.20485000 2660.60500000
v 852.16550000 -460.86485000 2657.00500000
v 904.99550000 -279.24485000 2581.06500000
v 839.28550000 225.27515000 2565.30500000
v 849.94550000 -123.92485000 2521.83500000
v 856.90550000 190.10515000 2505.14500000
v 856.10550000 21.17515000 2448.97500000
v 833.20550000 146.52515000 2427.37500000
v 892.90550000 70.39515000 2421.51500000
v 852.66550000 -1437.91485000 2319.38500000
v 885.75550000 -1476.77485000 2001.97500000
v 869.48550000 -1603.81485000 1817.24500000
v 992.68550000 -482.36485000 3616.24100000
v 937.99550000 177.95515000 3479.07900000
v 924.07550000 502.50515000 3346.30700000
v 934.59550000 -2970.62485000 3180.05400000
v 912.37550000 -2998.72485000 2908.16500000
v 909.11550000 -2954.37485000 2864.22600000
v 974.81550000 310.36515000 2753.17500000
v 880.27550000 -1280.25485000 2785.24500000
v 930.54550000 -2725.08485000 2716.47500000
v 887.16550000 -965.63485000 2785.43500000
v 872.55550000 -679.34485000 2719.63500000
v 843.60550000 -1342.06485000 2690.89500000
v 934.94550000 -561.95485000 2673.23500000
v 850.18550000 -1389.71485000 2614.54500000
v 906.27550000 -391.22485000 2620.27500000
v 905.97550000 -164.86485000 2527.41500000
v 865.76550000 -1427.86485000 2533.01500000
v 898.43550000 -47.89485000 2471.36500000
v 910.72550000 164.85515000 2474.64500000
v 963.12550000 -1796.52485000 1969.44500000
v 915.50550000 -1714.63485000 1898.95500000
v 980.51550000 -1042.64485000 3687.45600000
v 939.16550000 -1873.37485000 3676.05300000
v 962.16550000 -752.60485000 3659.08400000
v 972.74550000 -361.51485000 3597.72400000
v 960.64550000 -2336.28485000 3572.25200000
v 978.41550000 -131.10485000 3548.68300000
v 941.36550000 482.05515000 3375.15700000
v 959.36550000 499.87515000 3297.30300000
v 964.73550000 -2951.94485000 3223.47900000
v 958.92550000 472.08515000 3172.26500000
v 947.53550000 -3017.38485000 3112.39600000
v 916.65550000 -3028.38485000 2994.42400000
v 982.85550000 394.15515000 2953.11600000
v 970.31550000 -3068.54485000 2924.18100000
v 961.11550000 -2941.67485000 2804.48500000
v 928.63550000 -1082.34485000 2803.39500000
v 912.45550000 -1219.48485000 2806.75500000
v 906.56550000 -854.73485000 2758.53500000
v 869.21550000 -1348.62485000 2746.49500000
v 912.96550000 -1432.93485000 2764.79500000
v 891.20550000 -1423.74485000 2727.00500000
v 896.61550000 -1456.03485000 2679.29500000
v 912.09550000 223.77515000 2574.08500000
v 901.59550000 -1474.07485000 2617.72500000
v 921.93550000 25.46515000 2431.35500000
v 903.40550000 114.01515000 2426.25500000
v 945.48550000 -1507.26485000 2325.72500000
v 929.89550000 -1490.76485000 2078.62500000
v 973.15550000 -1577.56485000 1904.08500000
v 929.84550000 -1588.34485000 1847.39500000
v 878.95550000 -1574.43485000 1822.42500000
v 925.73550000 -1616.36485000 1833.72500000
v 1093.11550000 -776.90485000 3645.96100000
v 966.27550000 -2583.01485000 3481.03200000
v 1011.57550000 279.01515000 3451.46000000
v 968.21550000 463.46515000 3392.41400000
v 968.07550000 439.27515000 3081.60400000
v 950.19550000 -3039.51485000 3068.17800000
v 992.33550000 -3084.34485000 3004.26800000
v 1004.78550000 -3082.06485000 2868.63400000
v 996.24550000 -3051.28485000 2844.24500000
v 960.60550000 -1216.08485000 2811.62500000
v 938.82550000 -1342.82485000 2808.10500000
v 954.91550000 -999.66485000 2781.75500000
v 971.76550000 -753.02485000 2716.53500000
v 900.80550000 -1472.42485000 2434.72500000
v 955.03550000 89.54515000 2411.87500000
v 971.48550000 -2095.21485000 2260.74500000
v 924.06550000 -1643.20485000 1839.57500000
v 1028.51550000 -964.39485000 3680.32100000
v 1016.95550000 -1934.69485000 3664.23200000
v 1002.07550000 -2691.54485000 3429.92100000
v 1004.65550000 420.47515000 3407.26000000
v 1006.19550000 -2786.00485000 3376.31200000
v 1046.60550000 -3058.75485000 3132.01300000
v 997.36550000 352.90515000 2856.40500000
v 1022.07550000 -3026.35485000 2794.65500000
v 1005.90550000 -1170.50485000 2798.42500000
v 955.43550000 -1448.48485000 2796.28500000
v 987.46550000 -2864.73485000 2744.07500000
v 938.73550000 -1514.72485000 2732.88500000
v 970.31550000 256.94515000 2641.58500000
v 955.39550000 -1548.80485000 2656.47500000
v 1005.71550000 -343.36485000 2584.09500000
v 984.38550000 -204.97485000 2527.28500000
v 935.06550000 -1509.04485000 2537.90500000
v 966.42550000 -85.99485000 2473.10500000
v 967.20550000 118.91515000 2429.88500000
v 968.83550000 49.08515000 2415.24500000
v 953.78550000 -12.36485000 2442.37500000
v 1000.94550000 -1536.13485000 2212.49500000
v 992.19550000 -1530.98485000 2042.92500000
v 992.78550000 -1714.89485000 1882.58500000
v 1076.48550000 -1302.83485000 3691.11500000
v 1027.05550000 -1769.52485000 3685.06000000
v 1093.26550000 -1963.54485000 3653.44400000
v 1060.00550000 -448.41485000 3601.56300000
v 1067.44550000 -2404.28485000 3551.07700000
v 1068.28550000 -2514.09485000 3511.38500000
v 1004.26550000 355.65515000 3429.77800000
v 1028.01550000 -3007.36485000 3191.72700000
v 1018.64550000 -3078.54485000 3063.18800000
v 980.67550000 -3080.65485000 2960.88200000
v 993.00550000 -1360.20485000 2815.95500000
v 1000.09550000 -1445.34485000 2813.50500000
v 959.27550000 -1519.01485000 2769.50500000
v 990.88550000 -885.29485000 2744.55500000
v 1069.43550000 -1067.36485000 2757.73500000
v 1050.84550000 -694.91485000 2682.18500000
v 1050.04550000 -575.91485000 2651.82500000
v 1023.45550000 -2654.47485000 2630.19500000
v 993.88550000 -468.78485000 2629.54500000
v 977.42550000 203.94515000 2543.42500000
v 991.88550000 154.39515000 2471.03500000
v 1047.62550000 -2269.78485000 2378.31500000
v 1049.82550000 -1577.88485000 2281.50500000
v 1008.21550000 -1897.44485000 2052.86500000
v 1004.55550000 -1561.40485000 1986.14500000
v 1024.95550000 -1780.33485000 1932.49500000
v 996.69550000 -1675.18485000 1860.58500000
v 1046.22550000 -896.38485000 3667.40600000
v 1112.11550000 -894.14485000 3655.93900000
v 1072.75550000 -2090.85485000 3637.03400000
v 1093.36550000 -410.22485000 3586.73000000
v 1109.92550000 -2297.94485000 3583.16300000
v 1104.12550000 -2227.79485000 3605.87500000
v 1122.77550000 -287.91485000 3560.90000000
v 1089.16550000 -83.11485000 3528.61300000
v 1009.52550000 52.46515000 3505.07400000
v 1091.82550000 -2630.90485000 3466.82800000
v 1003.46550000 479.77515000 3230.92800000
v 1067.83550000 -2991.28485000 3228.84500000
v 1001.09550000 -1565.79485000 2787.74500000
v 999.28550000 -1603.27485000 2739.72500000
v 1040.78550000 -2992.79485000 2757.28500000
v 1083.98550000 -880.62485000 2713.22500000
v 1048.47550000 -2760.40485000 2657.35500000
v 1010.94550000 -1604.37485000 2569.96500000
v 1023.75550000 -2353.05485000 2456.47500000
v 1086.75550000 -2453.62485000 2487.20500000
v 1014.27550000 -1575.54485000 2431.45500000
v 999.43550000 -21.71485000 2439.77500000
v 997.76550000 85.93515000 2417.11500000
v 1030.38550000 -2011.69485000 2151.18500000
v 1002.30550000 -1534.47485000 2122.29500000
v 992.52550000 -1641.57485000 1855.04500000
v 994.42550000 -1653.20485000 1855.08500000
v 1097.19550000 -1122.86485000 3685.55200000
v 1061.00550000 -1874.52485000 3668.97800000
v 1088.06550000 -2168.30485000 3618.35400000
v 1005.90550000 461.44515000 3383.12900000
v 1005.43550000 456.75515000 3150.57900000
v 1101.41550000 -3148.93485000 3008.61300000
v 1028.65550000 414.27515000 3035.01700000
v 1033.47550000 -3122.04485000 2924.83200000
v 1030.47550000 378.32515000 2927.65700000
v 1070.95550000 -3147.74485000 2857.34500000
v 1060.30550000 -3119.41485000 2827.23500000
v 1086.45550000 -1390.44485000 2810.86500000
v 1088.39550000 -3116.79485000 2783.83500000
v 1114.86550000 -1277.51485000 2782.99500000
v 1033.69550000 -1551.78485000 2807.07500000
v 1026.54550000 279.06515000 2695.35500000
v 1092.17550000 -2871.65485000 2668.24500000
v 1034.28550000 -1661.05485000 2677.39500000
v 1041.44550000 -2575.20485000 2578.75500000
v 1027.61550000 177.21515000 2513.98500000
v 1029.32550000 -112.16485000 2479.88500000
v 1008.68550000 116.91515000 2437.37500000
v 1025.64550000 34.44515000 2427.16500000
v 1091.05550000 -2154.40485000 2249.75500000
v 1045.84550000 -1652.04485000 1893.11500000
v 1074.08550000 -1742.71485000 1899.29500000
v 1119.88550000 -1557.93485000 3690.48800000
v 1079.05550000 -1921.51485000 3660.33900000
v 1097.59550000 -166.87485000 3544.72400000
v 1016.92550000 476.23515000 3356.70800000
v 1002.87550000 491.32515000 3324.35300000
v 1099.60550000 -2883.44485000 3331.27400000
v 1019.83550000 485.90515000 3291.38200000
v 1091.52550000 -2950.37485000 3273.51700000
v 1026.70550000 439.18515000 3117.63400000
v 1134.68550000 -3133.06485000 3077.93800000
v 1026.86550000 394.46515000 2975.44100000
v 1085.81550000 -3157.95485000 2941.67000000
v 1093.57550000 -1530.51485000 2816.01500000
v 1078.76550000 -1676.16485000 2784.85500000
v 1026.17550000 319.82515000 2788.03500000
v 1089.03550000 -2952.64485000 2699.34500000
v 1081.89550000 -1691.54485000 2591.41500000
v 1088.59550000 -1724.35485000 2651.61500000
v 1028.01550000 225.89515000 2596.75500000
v 1081.48550000 -458.27485000 2611.48500000
v 1061.01550000 -230.67485000 2530.79500000
v 1028.37550000 137.56515000 2466.57500000
v 1037.04550000 -26.51485000 2446.80500000
v 1111.24550000 -1633.88485000 2327.43500000
v 1085.20550000 -1864.74485000 1992.07500000
v 1103.95550000 -1817.30485000 1948.66500000
v 1137.88550000 -1883.04485000 3661.21100000
v 1075.51550000 152.12515000 3473.86000000
v 1057.25550000 345.24515000 3422.43100000
v 1054.75550000 400.62515000 3403.93100000
v 1042.99550000 431.38515000 3383.61900000
v 1128.41550000 -2810.65485000 3382.34900000
v 1045.62550000 471.70515000 3312.91600000
v 1041.87550000 469.93515000 3263.20100000
v 1038.91550000 454.68515000 3199.40400000
v 1060.11550000 384.86515000 2993.74400000
v 1051.94550000 341.65515000 2869.16700000
v 1100.02550000 -3176.50485000 2880.17500000
v 1130.25550000 -1651.34485000 2811.86500000
v 1046.39550000 -1668.35485000 2739.37500000
v 1147.20550000 -3073.83485000 2692.45500000
v 1059.34550000 290.19515000 2749.66500000
v 1051.28550000 252.88515000 2658.88500000
v 1125.63550000 -687.88485000 2667.63500000
v 1087.52550000 -2672.25485000 2595.07500000
v 1061.00550000 226.77515000 2617.36500000
v 1053.47550000 196.36515000 2565.64500000
v 1084.84550000 -341.78485000 2573.86500000
v 1078.74550000 -1656.36485000 2507.20500000
v 1056.81550000 159.57515000 2521.12500000
v 1068.74550000 -146.83485000 2495.96500000
v 1138.32550000 -1675.74485000 2404.97500000
v 1041.22550000 100.57515000 2462.44500000
v 1064.68550000 -59.04485000 2468.00500000
v 1046.72550000 -3.08485000 2442.40500000
v 1079.89550000 -1587.58485000 2157.43500000
v 1127.61550000 -1961.85485000 2062.48500000
v 1059.61550000 -1579.19485000 2069.46500000
v 1060.06550000 -1699.16485000 1886.52500000
v 1087.04550000 -645.26485000 3628.74600000
v 1164.58550000 -2004.88485000 3643.96000000
v 1171.74550000 -2607.96485000 3479.08900000
v 1092.06550000 248.69515000 3443.02000000
v 1155.17550000 -3079.74485000 3169.83500000
v 1054.71550000 421.62515000 3120.06300000
v 1140.51550000 -3188.50485000 2779.11500000
v 1156.88550000 -1387.76485000 2791.04500000
v 1159.10550000 -1204.54485000 2754.95500000
v 1093.50550000 -1730.84485000 2738.86500000
v 1073.71550000 249.97515000 2681.16500000
v 1128.69550000 -794.55485000 2686.69500000
v 1130.80550000 -592.60485000 2644.69500000
v 1092.95550000 -131.62485000 2502.47500000
v 1111.32550000 -206.85485000 2534.12500000
v 1056.09550000 20.91515000 2456.17500000
v 1144.00550000 -2360.99485000 2388.87500000
v 1161.43550000 -2273.60485000 2307.36500000
v 1106.03550000 -1623.61485000 2026.45500000
v 1084.77550000 -1642.83485000 1957.21500000
v 1116.02550000 -1034.70485000 3674.14100000
v 1143.59550000 -1234.67485000 3686.71000000
v 1094.81550000 -1680.77485000 3686.79200000
v 1143.09550000 -1785.06485000 3671.20500000
v 1153.90550000 -581.91485000 3607.95200000
v 1205.81550000 -2371.66485000 3556.00800000
v 1139.89550000 3.76515000 3502.19400000
v 1197.04550000 -2545.20485000 3500.28900000
v 1102.13550000 304.08515000 3419.79900000
v 1187.74550000 -2718.34485000 3431.14100000
v 1081.68550000 375.62515000 3390.79900000
v 1067.65550000 431.48515000 3343.08000000
v 1066.08550000 428.24515000 3214.63500000
v 1077.12550000 378.23515000 3032.80600000
v 1145.33550000 -3110.37485000 3123.58000000
v 1075.20550000 370.06515000 2982.43100000
v 1075.15550000 351.17515000 2935.86100000
v 1079.12550000 300.98515000 2821.95500000
v 1157.47550000 -3220.85485000 2881.51700000
v 1172.80550000 -3233.35485000 2814.82500000
v 1080.25550000 262.16515000 2730.19500000
v 1167.94550000 -3165.87485000 2719.05500000
v 1108.11550000 -1755.48485000 2693.33500000
v 1151.28550000 -1813.56485000 2740.64500000
v 1089.99550000 226.01515000 2674.57500000
v 1175.13550000 -2957.37485000 2624.40500000
v 1174.29550000 -939.93485000 2703.95500000
v 1077.62550000 191.99515000 2604.28500000
v 1143.63550000 -1784.52485000 2640.05500000
v 1153.83550000 -513.73485000 2624.68500000
v 1150.83550000 -2784.11485000 2589.58500000
v 1134.16550000 -405.00485000 2596.88500000
v 1071.07550000 134.49515000 2528.56500000
v 1153.98550000 -2611.03485000 2519.87500000
v 1121.22550000 -304.92485000 2567.86500000
v 1079.59550000 58.17515000 2509.47500000
v 1086.86550000 -38.51485000 2495.30500000
v 1089.42550000 -89.75485000 2495.24500000
v 1185.71550000 -2087.62485000 2136.44500000
v 1107.06550000 -1683.67485000 1926.23500000
v 1112.64550000 -1710.00485000 1916.40500000
v 1103.73550000 -1751.72485000 1908.53500000
v 1135.03550000 -1786.74485000 1933.06500000
v 1114.83550000 -1742.11485000 1915.56500000
v 1167.44550000 -1038.34485000 3664.68700000
v 1222.04550000 -1822.78485000 3656.58800000
v 1215.87550000 -760.73485000 3625.73800000
v 1188.23550000 -2206.94485000 3604.78300000
v 1182.44550000 -2466.28485000 3524.94000000
v 1156.14550000 92.47515000 3473.61900000
v 1128.43550000 175.34515000 3454.59300000
v 1130.59550000 234.10515000 3429.67200000
v 1124.87550000 293.52515000 3394.02300000
v 1101.28550000 367.24515000 3357.11200000
v 1194.40550000 -2914.17485000 3327.21600000
v 1100.34550000 365.66515000 3262.46600000
v 1131.44550000 294.40515000 3322.98400000
v 1223.65550000 -2991.11485000 3273.66700000
v 1128.54550000 283.41515000 3184.37000000
v 1187.08550000 -3036.14485000 3223.38700000
v 1098.83550000 336.55515000 3093.89200000
v 1091.87550000 307.12515000 2927.31700000
v 1120.24550000 231.76515000 2965.23200000
v 1160.65550000 -3204.07485000 2946.25000000
v 1099.21550000 230.95515000 2788.62500000
v 1139.19550000 86.16515000 2801.13500000
v 1203.60550000 -3260.71485000 2843.97500000
v 1197.12550000 -1444.23485000 2792.73500000
v 1160.88550000 -1793.19485000 2779.56500000
v 1156.85550000 -1079.60485000 2733.67500000
v 1109.42550000 145.19515000 2695.14500000
v 1104.24550000 55.86515000 2590.73500000
v 1196.56550000 -1772.47485000 2506.66500000
v 1103.91550000 -32.01485000 2534.17500000
v 1104.40550000 -94.58485000 2518.92500000
v 1115.92550000 -151.34485000 2533.26500000
v 1181.87550000 -1675.31485000 2239.58500000
v 1181.87550000 -1689.88485000 2324.71500000
v 1210.78550000 -2237.60485000 2244.30500000
v 1230.88550000 -2186.28485000 2187.66500000
v 1143.32550000 -1643.14485000 2111.67500000
v 1211.42550000 -1301.47485000 3677.88400000
v 1183.23550000 -1629.31485000 3679.71400000
v 1223.93550000 -1008.01485000 3651.74200000
v 1237.16550000 -2273.73485000 3580.04000000
v 1167.08550000 -194.88485000 3541.18200000
v 1189.70550000 -113.01485000 3519.41600000
v 1264.16550000 -3112.94485000 3171.12800000
v 1146.81550000 198.72515000 3109.98700000
v 1221.48550000 -3214.03485000 3000.26300000
v 1163.54550000 92.84515000 3005.70700000
v 1214.09550000 -3253.63485000 2890.91800000
v 1201.50550000 -1656.32485000 2819.63500000
v 1194.99550000 -1746.95485000 2811.67500000
v 1186.11550000 -1525.16485000 2809.37500000
v 1192.67550000 -1313.79485000 2768.70500000
v 1240.92550000 -3243.68485000 2681.46500000
v 1226.02550000 -3259.82485000 2733.39500000
v 1165.66550000 -1832.58485000 2698.81500000
v 1136.41550000 -20.12485000 2659.91500000
v 1256.52550000 -3179.47485000 2615.14500000
v 1175.86550000 -683.90485000 2663.77500000
v 1191.14550000 -812.07485000 2685.09500000
v 1252.76550000 -3062.74485000 2576.76500000
v 1122.59550000 -90.94485000 2566.10500000
v 1201.66550000 -1836.03485000 2605.04500000
v 1170.01550000 -456.54485000 2616.49500000
v 1164.17550000 -366.41485000 2600.05500000
v 1137.22550000 -191.53485000 2560.97500000
v 1145.33550000 -264.11485000 2574.00500000
v 1207.22550000 -2514.07485000 2439.73500000
v 1230.73550000 -2449.49485000 2386.02500000
v 1176.32550000 -1686.80485000 2047.88500000
v 1159.43550000 -1716.63485000 1973.36500000
v 1180.80550000 -1860.76485000 1978.57500000
v 1168.25550000 -1152.09485000 3674.50000000
v 1184.86550000 -1464.19485000 3683.57400000
v 1211.12550000 -1904.61485000 3650.78200000
v 1208.82550000 -2092.48485000 3625.59100000
v 1216.81550000 -488.72485000 3577.42400000
v 1226.15550000 -380.90485000 3555.58400000
v 1206.38550000 -286.80485000 3547.64400000
v 1204.37550000 -13.60485000 3487.97800000
v 1164.38550000 145.38515000 3443.24200000
v 1192.99550000 58.72515000 3464.91100000
v 1150.57550000 217.79515000 3410.90400000
v 1151.52550000 236.29515000 3371.35600000
v 1221.35550000 -2856.89485000 3362.51600000
v 1162.05550000 196.73515000 3282.37600000
v 1172.50550000 130.91515000 3174.89300000
v 1219.27550000 -3146.66485000 3110.84900000
v 1186.08550000 -45.91485000 2883.51400000
v 1197.02550000 -1864.38485000 2769.32500000
v 1205.07550000 -1890.18485000 2732.27500000
v 1197.18550000 -1197.93485000 2746.16500000
v 1215.28550000 -1885.03485000 2667.68500000
v 1244.67550000 -3120.45485000 2602.32500000
v 1171.43550000 -96.83485000 2736.85500000
v 1153.24550000 -143.13485000 2626.47500000
v 1185.00550000 -616.20485000 2651.55500000
v 1266.27550000 -2970.07485000 2544.68500000
v 1191.36550000 -534.70485000 2638.70500000
v 1165.01550000 -229.46485000 2607.03500000
v 1186.86550000 -207.04485000 2690.16500000
v 1187.14550000 -452.38485000 2625.02500000
v 1266.46550000 -2861.33485000 2519.40500000
v 1272.10550000 -2561.74485000 2412.93500000
v 1262.69550000 -2344.33485000 2286.84500000
v 1241.36550000 -2046.93485000 2083.32500000
v 1191.03550000 -1934.72485000 2023.83500000
v 1158.12550000 -1767.74485000 1948.45500000
v 1179.41550000 -1820.64485000 1965.11500000
v 1239.45550000 -1164.46485000 3661.51400000
v 1261.81550000 -1694.84485000 3661.77100000
v 1283.71550000 -950.45485000 3636.74300000
v 1200.17550000 -63.98485000 3503.07700000
v 1241.09550000 -2610.28485000 3471.49000000
v 1178.40550000 151.08515000 3396.15300000
v 1200.17550000 74.60515000 3442.25500000
v 1204.57550000 96.35515000 3368.52500000
v 1197.03550000 93.69515000 3274.00100000
v 1208.50550000 20.92515000 3168.70600000
v 1200.84550000 -23.23485000 3017.44200000
v 1241.72550000 -1874.13485000 2803.61500000
v 1270.92550000 -3307.26485000 2746.59500000
v 1207.34550000 -1091.54485000 2724.57500000
v 1222.42550000 -988.37485000 2708.63500000
v 1212.48550000 -709.89485000 2675.54500000
v 1193.93550000 -292.11485000 2650.03500000
v 1172.39550000 -305.40485000 2609.68500000
v 1194.87550000 -389.53485000 2636.20500000
v 1315.62550000 -1933.50485000 2556.39500000
v 1286.89550000 -2703.79485000 2453.81500000
v 1324.96550000 -2215.78485000 2151.18500000
v 1221.79550000 -1735.97485000 2046.09500000
v 1225.65550000 -1768.52485000 2022.38500000
v 1218.38550000 -1911.88485000 2012.25500000
v 1198.73550000 -1776.81485000 1986.17500000
v 1225.87550000 -1879.53485000 2005.88500000
v 1201.76550000 -1813.80485000 1984.46500000
v 1247.26550000 -1556.58485000 3671.96300000
v 1288.24550000 -696.40485000 3598.70600000
v 1239.77550000 -242.78485000 3529.48600000
v 1256.11550000 -345.19485000 3540.59900000
v 1230.86550000 -20.41485000 3466.70200000
v 1221.48550000 38.18515000 3421.50600000
v 1236.43550000 -6.25485000 3338.27900000
v 1253.47550000 -2942.00485000 3310.07200000
v 1267.44550000 -2992.57485000 3275.20600000
v 1223.31550000 -65.88485000 3080.37800000
v 1214.50550000 -96.67485000 2969.87100000
v 1212.33550000 -196.18485000 2837.55500000
v 1255.64550000 -3294.74485000 2822.71500000
v 1245.35550000 -1491.33485000 2799.02500000
v 1245.82550000 -1932.01485000 2771.67500000
v 1246.19550000 -1382.60485000 2779.29500000
v 1232.29550000 -1242.65485000 2752.61500000
v 1210.39550000 -296.20485000 2717.80500000
v 1271.11550000 -1979.11485000 2728.06500000
v 1242.63550000 -1124.28485000 2733.07500000
v 1219.25550000 -403.03485000 2682.37500000
v 1223.55550000 -797.86485000 2689.35500000
v 1230.85550000 -864.42485000 2699.51500000
v 1215.84550000 -451.41485000 2662.85500000
v 1213.65550000 -510.52485000 2653.50500000
v 1217.14550000 -624.69485000 2665.89500000
v 1316.75550000 -3241.91485000 2581.71500000
v 1260.85550000 -1767.54485000 2351.96500000
v 1252.02550000 -1736.46485000 2170.15500000
v 1297.14550000 -2138.11485000 2119.09500000
v 1241.98550000 -1941.25485000 2032.54500000
v 1274.33550000 -1429.04485000 3665.41600000
v 1290.82550000 -1296.30485000 3659.30700000
v 1294.25550000 -1834.64485000 3647.98900000
v 1271.34550000 -2171.30485000 3601.24300000
v 1255.51550000 -2420.50485000 3532.03200000
v 1237.93550000 -123.09485000 3500.35400000
v 1258.14550000 -2495.65485000 3504.72600000
v 1257.91550000 -2678.28485000 3445.05200000
v 1262.73550000 -2740.06485000 3419.15500000
v 1257.57550000 -2811.79485000 3384.11000000
v 1265.40550000 -2884.30485000 3343.09700000
v 1247.85550000 -108.67485000 3198.63000000
v 1291.78550000 -3158.08485000 3129.97300000
v 1235.59550000 -164.17485000 3024.58000000
v 1297.53550000 -3206.72485000 3067.74400000
v 1247.26550000 -285.23485000 2937.96800000
v 1290.13550000 -3290.68485000 2902.50800000
v 1241.02550000 -391.63485000 2794.98500000
v 1255.33550000 -1602.70485000 2820.12500000
v 1250.14550000 -1719.39485000 2826.17500000
v 1279.92550000 -1828.35485000 2832.90500000
v 1292.43550000 -1959.69485000 2808.05500000
v 1332.84550000 -3350.43485000 2773.02500000
v 1260.47550000 -1314.49485000 2768.96500000
v 1246.93550000 -526.29485000 2712.06500000
v 1265.65550000 -1092.75485000 2736.61500000
v 1248.44550000 -1044.56485000 2722.58500000
v 1339.61550000 -3322.71485000 2648.13500000
v 1228.29550000 -503.88485000 2676.03500000
v 1243.04550000 -774.48485000 2694.79500000
v 1246.73550000 -954.96485000 2714.63500000
v 1348.38550000 -3284.88485000 2584.11500000
v 1238.95550000 -601.54485000 2685.97500000
v 1326.58550000 -1873.70485000 2454.68500000
v 1356.21550000 -2939.69485000 2450.58500000
v 1367.63550000 -2796.55485000 2412.68500000
v 1293.57550000 -1824.30485000 2419.98500000
v 1310.24550000 -2281.85485000 2205.29500000
v 1279.95550000 -1772.69485000 2124.42500000
v 1327.83550000 -2118.34485000 2102.09500000
v 1273.23550000 -2015.26485000 2065.66500000
v 1258.50550000 -1840.18485000 2040.92500000
v 1327.88550000 -1567.57485000 3652.37100000
v 1306.48550000 -848.64485000 3619.02400000
v 1288.19550000 -462.48485000 3551.73100000
v 1277.58550000 -2337.45485000 3554.19900000
v 1275.50550000 -242.37485000 3513.55800000
v 1290.66550000 -2555.96485000 3474.10000000
v 1261.21550000 -115.38485000 3479.93600000
v 1250.58550000 -57.16485000 3436.07800000
v 1280.02550000 -2631.57485000 3452.43700000
v 1287.51550000 -2694.95485000 3426.72300000
v 1266.67550000 -99.06485000 3407.88500000
v 1265.30550000 -121.72485000 3334.71800000
v 1292.15550000 -2924.96485000 3309.42200000
v 1292.75550000 -3001.92485000 3261.89200000
v 1283.20550000 -218.12485000 3285.56000000
v 1273.54550000 -3014.95485000 3257.10300000
v 1271.53550000 -3047.03485000 3225.29600000
v 1268.66550000 -265.41485000 3110.27400000
v 1301.35550000 -3258.26485000 2986.14600000
v 1272.69550000 -420.06485000 2956.00400000
v 1311.52550000 -3325.12485000 2829.83500000
v 1288.48550000 -1708.67485000 2837.31500000
v 1268.11550000 -578.49485000 2792.66500000
v 1267.02550000 -1439.86485000 2793.11500000
v 1282.98550000 -1483.00485000 2811.98500000
v 1274.85550000 -1357.90485000 2785.33500000
v 1253.92550000 -590.09485000 2720.38500000
v 1279.52550000 -1165.43485000 2756.23500000
v 1264.32550000 -1218.84485000 2758.97500000
v 1253.26550000 -659.38485000 2721.36500000
v 1266.34550000 -759.86485000 2742.06500000
v 1267.47550000 -925.30485000 2736.08500000
v 1306.59550000 -1996.31485000 2657.32500000
v 1360.56550000 -3362.71485000 2704.56500000
v 1313.29550000 -3124.32485000 2523.60500000
v 1303.66550000 -3011.77485000 2512.75500000
v 1391.71550000 -2619.54485000 2334.57500000
v 1294.99550000 -1779.09485000 2260.45500000
v 1272.27550000 -1794.03485000 2079.90500000
v 1302.10550000 -1971.46485000 2067.01500000
v 1343.23550000 -1355.56485000 3648.82600000
v 1312.01550000 -1152.89485000 3645.81400000
v 1278.19550000 -1964.49485000 3637.68600000
v 1303.85550000 -2072.15485000 3614.86400000
v 1297.48550000 -576.09485000 3572.22800000
v 1299.95550000 -2255.00485000 3571.66900000
v 1288.54550000 -345.56485000 3525.28700000
v 1301.55550000 -2396.98485000 3521.16100000
v 1277.13550000 -198.13485000 3497.26000000
v 1295.96550000 -293.32485000 3506.52900000
v 1282.27550000 -174.44485000 3460.87900000
v 1301.40550000 -2479.37485000 3489.91100000
v 1289.84550000 -204.32485000 3390.73900000
v 1309.32550000 -277.28485000 3435.47300000
v 1307.72550000 -2612.78485000 3434.62300000
v 1293.37550000 -2781.75485000 3385.46900000
v 1304.06550000 -2724.56485000 3399.03800000
v 1284.54550000 -2852.28485000 3351.38300000
v 1300.59550000 -334.96485000 3241.65500000
v 1312.24550000 -3093.66485000 3183.30400000
v 1312.94550000 -3134.09485000 3149.59500000
v 1298.97550000 -418.21485000 3131.15500000
v 1352.32550000 -3265.60485000 3007.66900000
v 1299.25550000 -492.13485000 3040.98900000
v 1287.09550000 -525.92485000 2939.54500000
v 1353.72550000 -3309.08485000 2923.07100000
v 1292.97550000 -620.14485000 2918.24700000
v 1301.56550000 -723.09485000 2910.96400000
v 1282.70550000 -705.85485000 2824.50500000
v 1292.14550000 -833.61485000 2830.56500000
v 1291.52550000 -1596.25485000 2832.67500000
v 1305.31550000 -1929.31485000 2830.22500000
v 1313.35550000 -2009.23485000 2787.45500000
v 1286.67550000 -1068.65485000 2769.10500000
v 1289.77550000 -1223.96485000 2785.34500000
v 1347.44550000 -2066.90485000 2758.29500000
v 1289.10550000 -950.15485000 2790.96500000
v 1335.76550000 -2054.95485000 2707.39500000
v 1372.87550000 -2049.15485000 2607.11500000
v 1401.35550000 -3267.67485000 2501.82500000
v 1334.00550000 -3048.80485000 2483.76500000
v 1379.50550000 -2546.59485000 2313.49500000
v 1365.84550000 -2472.13485000 2282.39500000
v 1306.10550000 -1840.08485000 2094.48500000
v 1307.34550000 -1867.62485000 2084.07500000
v 1320.76550000 -1909.28485000 2087.44500000
v 1334.20550000 -2158.36485000 3581.29000000
v 1341.16550000 -674.30485000 3572.18900000
v 1312.77550000 -2314.43485000 3547.03800000
v 1325.48550000 -459.91485000 3524.88600000
v 1304.52550000 -288.42485000 3475.71200000
v 1315.66550000 -373.59485000 3496.98700000
v 1313.45550000 -2516.93485000 3465.83800000
v 1313.33550000 -336.58485000 3353.52900000
v 1308.88550000 -2778.75485000 3372.40200000
v 1306.44550000 -2857.14485000 3328.41200000
v 1323.91550000 -2995.72485000 3237.83500000
v 1330.12550000 -491.73485000 3293.05300000
v 1309.33550000 -3041.83485000 3217.97800000
v 1334.43550000 -3177.54485000 3106.18200000
v 1346.45550000 -3223.01485000 3061.11300000
v 1315.71550000 -544.44485000 3134.12300000
v 1303.10550000 -562.89485000 3023.91200000
v 1312.84550000 -650.82485000 3036.47900000
v 1317.34550000 -822.64485000 2968.66200000
v 1325.74550000 -1001.59485000 2926.90600000
v 1306.06550000 -988.73485000 2850.90300000
v 1360.36550000 -3344.40485000 2842.79500000
v 1324.53550000 -1153.63485000 2876.90900000
v 1304.10550000 -1138.47485000 2817.73500000
v 1298.91550000 -1377.23485000 2812.41500000
v 1317.05550000 -1387.98485000 2838.32500000
v 1309.15550000 -1522.03485000 2843.40500000
v 1312.06550000 -1685.64485000 2853.05900000
v 1311.93550000 -1803.19485000 2851.21700000
v 1332.28550000 -1902.67485000 2860.76400000
v 1310.09550000 -1260.33485000 2830.32500000
v 1412.26550000 -3395.70485000 2734.79500000
v 1378.10550000 -2089.97485000 2659.74500000
v 1422.32550000 -3385.12485000 2640.30500000
v 1426.04550000 -1969.85485000 2433.40500000
v 1387.95550000 -3197.03485000 2473.68500000
v 1390.78550000 -3103.69485000 2434.05500000
v 1391.17550000 -3015.65485000 2423.02500000
v 1410.38550000 -2700.82485000 2343.48500000
v 1363.04550000 -1844.36485000 2220.34500000
v 1341.85550000 -1844.70485000 2150.07500000
v 1364.03550000 -1904.86485000 2133.92500000
v 1386.54550000 -2002.08485000 2128.32500000
v 1338.36550000 -2076.52485000 2094.08500000
v 1349.07550000 -949.35485000 3622.11300000
v 1376.47550000 -1492.12485000 3639.31800000
v 1330.02550000 -1739.53485000 3646.86300000
v 1351.64550000 -1842.73485000 3633.72300000
v 1340.98550000 -1989.25485000 3619.10500000
v 1353.98550000 -850.00485000 3600.70700000
v 1338.73550000 -2064.61485000 3603.52600000
v 1341.44550000 -749.56485000 3584.64500000
v 1334.78550000 -568.77485000 3546.87400000
v 1330.39550000 -2252.07485000 3555.36400000
v 1333.57550000 -2318.75485000 3526.61500000
v 1340.63550000 -464.08485000 3494.56600000
v 1325.73550000 -2432.85485000 3479.16500000
v 1324.95550000 -378.85485000 3443.19500000
v 1318.50550000 -2525.06485000 3450.95200000
v 1332.18550000 -2569.40485000 3383.72500000
v 1343.96550000 -2401.01485000 3445.25500000
v 1330.82550000 -421.40485000 3387.38100000
v 1316.59550000 -2757.71485000 3352.52800000
v 1334.23550000 -2742.68485000 3290.95100000
v 1348.01550000 -2604.43485000 3272.94800000
v 1348.96550000 -2489.91485000 3320.87300000
v 1336.87550000 -2893.07485000 3246.15100000
v 1345.62550000 -655.37485000 3280.43600000
v 1330.86550000 -707.91485000 3137.09100000
v 1357.12550000 -2756.91485000 3203.84900000
v 1359.55550000 -3036.02485000 3164.21300000
v 1365.38550000 -2914.01485000 3167.73000000
v 1330.24550000 -3058.43485000 3190.97700000
v 1345.39550000 -3119.37485000 3136.37600000
v 1369.40550000 -3217.22485000 3064.90500000
v 1338.35550000 -953.72485000 3040.35900000
v 1373.73550000 -3250.84485000 3029.19100000
v 1353.75550000 -1085.44485000 3056.06400000
v 1345.28550000 -1115.07485000 2995.87800000
v 1353.00550000 -1286.79485000 2987.50200000
v 1330.25550000 -1341.47485000 2891.98800000
v 1345.96550000 -1411.20485000 2949.59500000
v 1337.26550000 -1488.58485000 2912.07200000
v 1333.36550000 -1670.31485000 2888.31800000
v 1351.99550000 -1780.19485000 2914.23000000
v 1333.52550000 -1790.44485000 2879.51000000
v 1344.77550000 -1996.00485000 2840.63500000
v 1365.92550000 -2062.46485000 2804.16500000
v 1402.61550000 -3380.64485000 2788.07500000
v 1465.21550000 -3417.86485000 2679.84500000
v 1429.41550000 -2064.93485000 2541.71500000
v 1447.61550000 -2035.67485000 2483.20500000
v 1442.62550000 -3323.10485000 2510.46500000
v 1372.88550000 -1884.84485000 2377.90500000
v 1350.92550000 -1843.27485000 2301.78500000
v 1385.85550000 -2379.35485000 2213.15500000
v 1386.63550000 -2316.93485000 2177.03500000
v 1373.60550000 -2205.89485000 2132.91500000
v 1401.08550000 -2097.91485000 2128.18500000
v 1362.88550000 -1068.90485000 3627.57600000
v 1369.68550000 -1676.03485000 3634.92100000
v 1364.80550000 -2044.16485000 3591.58800000
v 1380.22550000 -1917.01485000 3607.95100000
v 1355.29550000 -660.19485000 3556.76000000
v 1367.30550000 -759.71485000 3568.61100000
v 1367.74550000 -2119.97485000 3556.62700000
v 1346.17550000 -2234.94485000 3541.07100000
v 1345.88550000 -532.42485000 3521.64700000
v 1359.12550000 -633.53485000 3536.78000000
v 1353.80550000 -543.89485000 3505.18900000
v 1345.11550000 -2321.02485000 3497.27400000
v 1365.06550000 -2179.84485000 3506.69200000
v 1357.84550000 -2264.24485000 3436.48700000
v 1344.57550000 -500.20485000 3437.67700000
v 1366.99550000 -635.72485000 3487.08700000
v 1356.41550000 -653.17485000 3362.14200000
v 1349.50550000 -2387.82485000 3376.78700000
v 1364.64550000 -2233.94485000 3359.31100000
v 1358.03550000 -2352.01485000 3312.71800000
v 1370.96550000 -784.83485000 3350.35700000
v 1357.68550000 -832.66485000 3236.50000000
v 1372.32550000 -2267.68485000 3252.26800000
v 1363.71550000 -2453.57485000 3243.50200000
v 1369.58550000 -2573.01485000 3189.97200000
v 1385.25550000 -2817.59485000 3124.58500000
v 1376.20550000 -1018.26485000 3244.67100000
v 1363.56550000 -1030.37485000 3148.68300000
v 1370.22550000 -3179.07485000 3083.26100000
v 1365.98550000 -1156.89485000 3104.39900000
v 1405.53550000 -3283.82485000 2983.70700000
v 1362.02550000 -1470.92485000 3006.22000000
v 1402.53550000 -3315.74485000 2935.60400000
v 1373.06550000 -1321.76485000 3109.82900000
v 1354.21550000 -1649.88485000 2947.71300000
v 1402.93550000 -3344.77485000 2882.11000000
v 1364.64550000 -1772.29485000 2957.85600000
v 1357.18550000 -1873.33485000 2911.60900000
v 1352.23550000 -1945.13485000 2877.65100000
v 1389.56550000 -2115.23485000 2713.16500000
v 1471.01550000 -2158.75485000 2582.12500000
v 1471.25550000 -3383.32485000 2566.86500000
v 1458.23550000 -2855.64485000 2332.97500000
v 1426.06550000 -2981.86485000 2379.56500000
v 1400.19550000 -1891.63485000 2197.81500000
v 1387.81550000 -1897.26485000 2170.54500000
v 1433.03550000 -1986.41485000 2175.87500000
v 1432.20550000 -2310.50485000 2155.03500000
v 1389.95550000 -2162.58485000 2125.49500000
v 1372.71550000 -1315.04485000 3633.48600000
v 1383.50550000 -996.28485000 3609.09100000
v 1402.54550000 -1204.04485000 3611.29200000
v 1393.13550000 -1784.13485000 3615.24500000
v 1387.22550000 -1968.32485000 3590.08000000
v 1388.40550000 -899.74485000 3582.29200000
v 1391.56550000 -840.02485000 3555.23000000
v 1389.62550000 -1988.87485000 3573.72800000
v 1379.34550000 -748.34485000 3530.17800000
v 1389.35550000 -2014.03485000 3511.27500000
v 1383.62550000 -750.15485000 3487.41700000
v 1373.22550000 -731.36485000 3423.81900000
v 1374.39550000 -2120.68485000 3429.72700000
v 1389.39550000 -1971.28485000 3404.44800000
v 1387.96550000 -866.22485000 3420.48900000
v 1391.88550000 -1883.24485000 3320.79200000
v 1386.01550000 -1972.95485000 3324.61700000
v 1378.04550000 -2096.19485000 3319.21100000
v 1397.82550000 -1028.65485000 3376.25700000
v 1378.15550000 -906.07485000 3325.87000000
v 1388.27550000 -1177.02485000 3248.22100000
v 1386.61550000 -1812.18485000 3193.87800000
v 1400.56550000 -1748.89485000 3310.49100000
v 1383.71550000 -2000.54485000 3202.20200000
v 1379.05550000 -2145.91485000 3215.01000000
v 1373.48550000 -1095.69485000 3186.34100000
v 1383.11550000 -2409.26485000 3158.47800000
v 1402.02550000 -1629.88485000 3299.37200000
v 1394.27550000 -1629.37485000 3242.30700000
v 1383.39550000 -2236.20485000 3147.81000000
v 1384.66550000 -2122.34485000 3134.67100000
v 1390.38550000 -1366.38485000 3223.11100000
v 1390.89550000 -1520.11485000 3200.77000000
v 1379.39550000 -1500.27485000 3111.17400000
v 1384.05550000 -1700.85485000 3117.39400000
v 1395.97550000 -2308.70485000 3087.39000000
v 1390.45550000 -2629.94485000 3120.66000000
v 1401.48550000 -2960.08485000 3088.91600000
v 1382.66550000 -1923.69485000 3063.91300000
v 1386.49550000 -2046.99485000 3062.02200000
v 1393.70550000 -3120.06485000 3077.56500000
v 1394.32550000 -2183.25485000 3058.11400000
v 1409.15550000 -2786.94485000 3078.49400000
v 1385.74550000 -2023.09485000 2978.20400000
v 1397.79550000 -3210.99485000 3043.02400000
v 1370.37550000 -1661.70485000 3022.06400000
v 1372.61550000 -1823.55485000 2994.72900000
v 1392.56550000 -3246.21485000 3023.96800000
v 1371.92550000 -1966.05485000 2927.40000000
v 1400.45550000 -2109.38485000 2960.09200000
v 1394.03550000 -2062.77485000 2907.03300000
v 1386.26550000 -2061.63485000 2849.36000000
v 1442.95550000 -3379.98485000 2833.49500000
v 1490.66550000 -3420.76485000 2766.82500000
v 1410.78550000 -2127.60485000 2774.30500000
v 1467.23550000 -3271.44485000 2429.95500000
v 1484.52550000 -3216.70485000 2370.53500000
v 1445.53550000 -1956.83485000 2369.62500000
v 1433.13550000 -3052.73485000 2380.90500000
v 1454.14550000 -2559.46485000 2248.23500000
v 1473.73550000 -2485.96485000 2201.89500000
v 1420.65550000 -1936.28485000 2189.77500000
v 1450.09550000 -2084.76485000 2167.48500000
v 1400.29550000 -1509.17485000 3617.44000000
v 1406.03550000 -1036.74485000 3585.02900000
v 1400.68550000 -1875.85485000 3588.40600000
v 1412.71550000 -1712.68485000 3597.20700000
v 1403.96550000 -932.26485000 3555.77800000
v 1404.32550000 -1908.91485000 3547.22900000
v 1392.85550000 -846.13485000 3512.42400000
v 1404.50550000 -961.80485000 3487.04200000
v 1405.67550000 -1845.98485000 3443.52700000
v 1415.02550000 -1066.69485000 3472.75600000
v 1411.21550000 -1160.16485000 3399.17100000
v 1421.98550000 -1277.14485000 3451.94600000
v 1405.25550000 -1313.06485000 3341.39600000
v 1412.57550000 -1644.04485000 3394.29100000
v 1401.39550000 -1507.68485000 3299.95200000
v 1417.28550000 -1462.97485000 3409.26600000
v 1412.67550000 -2297.62485000 3026.80700000
v 1412.59550000 -2444.81485000 3057.74300000
v 1430.08550000 -2649.68485000 3038.96100000
v 1444.02550000 -3183.43485000 2996.36200000
v 1451.87550000 -2359.12485000 2953.32400000
v 1424.12550000 -2218.43485000 2954.23300000
v 1424.93550000 -3254.31485000 2990.71000000
v 1456.25550000 -3303.16485000 2942.88700000
v 1445.55550000 -3323.07485000 2926.83700000
v 1427.75550000 -2166.99485000 2887.67500000
v 1418.74550000 -2129.79485000 2854.71100000
v 1448.88550000 -3350.47485000 2887.23800000
v 1450.09550000 -2180.18485000 2697.74500000
v 1436.43550000 -2154.24485000 2656.67500000
v 1468.79550000 -3133.97485000 2358.86500000
v 1469.22550000 -2749.60485000 2297.70500000
v 1484.47550000 -3003.04485000 2317.84500000
v 1474.56550000 -2665.82485000 2267.63500000
v 1441.40550000 -2384.03485000 2180.19500000
v 1481.09550000 -2064.82485000 2202.15500000
v 1452.60550000 -2193.18485000 2155.20500000
v 1438.34550000 -2249.32485000 2148.66500000
v 1419.49550000 -1435.35485000 3603.34500000
v 1416.82550000 -1573.17485000 3601.36600000
v 1420.57550000 -1239.91485000 3578.83900000
v 1423.18550000 -1519.86485000 3582.80500000
v 1412.93550000 -1061.56485000 3535.38700000
v 1427.33550000 -1369.36485000 3535.59900000
v 1428.05550000 -1584.58485000 3528.01500000
v 1414.51550000 -1743.46485000 3545.72400000
v 1418.06550000 -1195.79485000 3495.89500000
v 1418.11550000 -1688.91485000 3474.77600000
v 1424.89550000 -1464.25485000 3477.49000000
v 1420.21550000 -1568.96485000 3457.33000000
v 1454.85550000 -2852.38485000 3009.78200000
v 1439.94550000 -3029.31485000 3022.94700000
v 1448.25550000 -2519.56485000 2994.46900000
v 1462.96550000 -3262.35485000 2956.52700000
v 1461.63550000 -2269.24485000 2888.89500000
v 1451.50550000 -2218.76485000 2872.93400000
v 1458.48550000 -2201.09485000 2831.05500000
v 1490.34550000 -3378.18485000 2855.03200000
v 1468.02550000 -2199.22485000 2782.65500000
v 1476.12550000 -2207.00485000 2725.88500000
v 1497.57550000 -3433.36485000 2714.75500000
v 1495.53550000 -2217.18485000 2627.55500000
v 1544.22550000 -3442.66485000 2596.02500000
v 1545.55550000 -3388.25485000 2465.89500000
v 1431.75550000 -1928.95485000 2309.13500000
v 1502.13550000 -2901.99485000 2284.76500000
v 1442.99550000 -1944.11485000 2237.88500000
v 1500.06550000 -2171.52485000 2193.23500000
v 1501.13550000 -2356.82485000 2158.83500000
v 1499.13550000 -2630.48485000 2941.41300000
v 1486.66550000 -2491.36485000 2931.53500000
v 1518.30550000 -3023.21485000 2929.73000000
v 1500.75550000 -3195.89485000 2929.96800000
v 1488.86550000 -3344.57485000 2890.27400000
v 1495.99550000 -2274.80485000 2824.20500000
v 1516.17550000 -3407.08485000 2812.81500000
v 1508.15550000 -2239.59485000 2672.23500000
v 1554.44550000 -3324.35485000 2379.44500000
v 1530.76550000 -3258.38485000 2345.47500000
v 1530.13550000 -2873.14485000 2248.52500000
v 1565.42550000 -3201.08485000 2274.24500000
v 1467.58550000 -2002.41485000 2217.39500000
v 1501.69550000 -2275.33485000 2171.83500000
v 1505.80550000 -2438.17485000 2169.41500000
v 1564.47550000 -2815.35485000 2885.87300000
v 1518.12550000 -2450.90485000 2879.70100000
v 1495.75550000 -3291.26485000 2913.68400000
v 1549.01550000 -3254.41485000 2874.97400000
v 1506.28550000 -2357.47485000 2858.71700000
v 1529.47550000 -3384.53485000 2843.17500000
v 1506.34550000 -2258.42485000 2780.36500000
v 1573.73550000 -3464.86485000 2666.91500000
v 1532.21550000 -2242.29485000 2580.19500000
v 1524.57550000 -2141.06485000 2480.11500000
v 1501.97550000 -2065.96485000 2431.45500000
v 1494.40550000 -2021.83485000 2367.24500000
v 1499.62550000 -2014.40485000 2303.14500000
v 1560.90550000 -2978.68485000 2225.17500000
v 1551.86550000 -3053.94485000 2244.67500000
v 1556.53550000 -3107.03485000 2254.29500000
v 1540.51550000 -2788.07485000 2225.94500000
v 1498.42550000 -2023.85485000 2260.74500000
v 1527.86550000 -2636.75485000 2205.94500000
v 1539.15550000 -2441.38485000 2164.92500000
v 1548.33550000 -2569.46485000 2179.90500000
v 1555.86550000 -3141.77485000 2880.73100000
v 1521.95550000 -2534.10485000 2896.53800000
v 1602.06550000 -2681.63485000 2838.31500000
v 1538.82550000 -3339.78485000 2862.25000000
v 1559.65550000 -2370.11485000 2787.08500000
v 1575.53550000 -3446.56485000 2761.65500000
v 1537.03550000 -2279.13485000 2708.69500000
v 1554.75550000 -3450.46485000 2723.86500000
v 1571.42550000 -2253.93485000 2524.01500000
v 1602.73550000 -3444.36485000 2500.92500000
v 1639.63550000 -3392.70485000 2366.62500000
v 1558.02550000 -2099.08485000 2339.85500000
v 1516.81550000 -2068.09485000 2251.21500000
v 1575.14550000 -2328.93485000 2202.23500000
v 1559.76550000 -2422.42485000 2175.02500000
v 1585.01550000 -2576.38485000 2836.53500000
v 1616.16550000 -2482.37485000 2770.74500000
v 1582.14550000 -3385.55485000 2820.26500000
v 1571.21550000 -3414.76485000 2800.23500000
v 1567.77550000 -2333.24485000 2740.34500000
v 1561.87550000 -2284.58485000 2608.30500000
v 1655.22550000 -3431.26485000 2406.37500000
v 1646.61550000 -3279.45485000 2241.69500000
v 1538.71550000 -2082.69485000 2291.01500000
v 1555.76550000 -2152.84485000 2259.65500000
v 1616.85550000 -3068.67485000 2175.43500000
v 1592.39550000 -2911.93485000 2184.04500000
v 1583.97550000 -2672.94485000 2173.24500000
v 1585.81550000 -2745.88485000 2176.74500000
v 1572.65550000 -2534.16485000 2172.63500000
v 1611.95550000 -3097.62485000 2832.70500000
v 1651.63550000 -2938.81485000 2801.48500000
v 1610.53550000 -3232.75485000 2825.86500000
v 1583.89550000 -3319.98485000 2835.11500000
v 1614.90550000 -3443.96485000 2768.19500000
v 1588.29550000 -2337.71485000 2697.38500000
v 1635.14550000 -3481.26485000 2697.28500000
v 1661.99550000 -3501.86485000 2642.76500000
v 1675.25550000 -3506.16485000 2578.44500000
v 1638.15550000 -3478.06485000 2541.25500000
v 1570.61550000 -2147.43485000 2398.75500000
v 1604.91550000 -2282.44485000 2244.44500000
v 1678.23550000 -3229.47485000 2169.03500000
v 1689.72550000 -3154.62485000 2122.19500000
v 1657.29550000 -2987.90485000 2126.66500000
v 1612.21550000 -2658.58485000 2166.64500000
v 1641.77550000 -2785.26485000 2807.13500000
v 1631.59550000 -3423.36485000 2776.71500000
v 1657.31550000 -3452.76485000 2751.23500000
v 1621.21550000 -2376.47485000 2685.69500000
v 1616.77550000 -2359.72485000 2644.96500000
v 1733.40550000 -3530.56485000 2612.95500000
v 1619.20550000 -2336.10485000 2540.79500000
v 1600.39550000 -2240.12485000 2456.18500000
v 1588.57550000 -2162.15485000 2312.29500000
v 1690.92550000 -3366.56485000 2283.81500000
v 1616.04550000 -2221.59485000 2294.21500000
v 1629.12550000 -2267.65485000 2276.65500000
v 1625.06550000 -2466.29485000 2204.73500000
v 1618.49550000 -2548.02485000 2186.09500000
v 1624.43550000 -2848.04485000 2155.21500000
v 1626.33550000 -2620.71485000 2174.47500000
v 1622.48550000 -2747.99485000 2158.46500000
v 1691.98550000 -3078.65485000 2100.03500000
v 1647.19550000 -3336.80485000 2784.29500000
v 1629.92550000 -2423.32485000 2715.73500000
v 1674.62550000 -2495.45485000 2703.43500000
v 1666.30550000 -3469.86485000 2727.49500000
v 1635.54550000 -2368.59485000 2584.82500000
v 1666.21550000 -2355.75485000 2474.87500000
v 1614.23550000 -2197.91485000 2355.25500000
v 1764.09550000 -3455.06485000 2314.09500000
v 1641.89550000 -2245.43485000 2325.99500000
v 1675.62550000 -2419.77485000 2260.04500000
v 1752.62550000 -3277.07485000 2124.07500000
v 1671.91550000 -2761.53485000 2149.13500000
v 1679.64550000 -2702.31485000 2760.65500000
v 1719.46550000 -3162.57485000 2741.94500000
v 1707.79550000 -2613.66485000 2710.90500000
v 1673.37550000 -3443.56485000 2750.08500000
v 1671.82550000 -2435.91485000 2651.93500000
v 1710.38550000 -3514.06485000 2653.17500000
v 1735.20550000 -3510.96485000 2467.94500000
v 1650.92550000 -2277.26485000 2401.11500000
v 1662.06550000 -2274.95485000 2355.58500000
v 1719.89550000 -3477.46485000 2412.24500000
v 1664.20550000 -2297.30485000 2304.97500000
v 1658.57550000 -2326.62485000 2281.32500000
v 1778.92550000 -3362.62485000 2182.77500000
v 1695.54550000 -2548.46485000 2241.58500000
v 1673.21550000 -2626.36485000 2198.37500000
v 1672.40550000 -2694.18485000 2172.36500000
v 1678.50550000 -2838.10485000 2128.88500000
v 1755.84550000 -3116.15485000 2040.10500000
v 1686.66550000 -2922.57485000 2110.35500000
v 1724.11550000 -2819.74485000 2729.80500000
v 1684.13550000 -3424.36485000 2749.41500000
v 1717.45550000 -2546.62485000 2674.45500000
v 1692.73550000 -3456.66485000 2732.56500000
v 1698.30550000 -2488.57485000 2662.02500000
v 1730.80550000 -3506.56485000 2675.44500000
v 1701.65550000 -2446.80485000 2568.49500000
v 1670.43550000 -2395.05485000 2533.36500000
v 1770.99550000 -3412.66485000 2249.33500000
v 1748.98550000 -2633.77485000 2252.20500000
v 1743.22550000 -2834.07485000 2133.39500000
v 1751.25550000 -2901.62485000 2103.15500000
v 1713.51550000 -2906.23485000 2104.79500000
v 1716.21550000 -2991.21485000 2081.31500000
v 1766.82550000 -2948.46485000 2699.21500000
v 1731.29550000 -3368.43485000 2726.61500000
v 1736.98550000 -3480.66485000 2698.68500000
v 1774.15550000 -3548.86485000 2565.17500000
v 1711.83550000 -2434.92485000 2497.15500000
v 1731.98550000 -2424.60485000 2430.95500000
v 1700.14550000 -2358.17485000 2408.53500000
v 1700.47550000 -2341.27485000 2361.93500000
v 1676.80550000 -2305.51485000 2332.85500000
v 1732.87550000 -2700.77485000 2201.71500000
v 1736.88550000 -2764.63485000 2167.32500000
v 1746.40550000 -2957.06485000 2083.68500000
v 1734.23550000 -3050.95485000 2061.91500000
v 1730.91550000 -3442.96485000 2715.65500000
v 1723.73550000 -2489.08485000 2610.77500000
v 1808.33550000 -3555.76485000 2494.78500000
v 1693.45550000 -2360.71485000 2312.36500000
v 1730.84550000 -2434.49485000 2311.38500000
v 1746.31550000 -2501.82485000 2302.43500000
v 1819.80550000 -3184.91485000 1993.66500000
v 1766.16550000 -3018.09485000 2054.81500000
v 1771.90550000 -3093.51485000 2025.81500000
v 1849.41550000 -3052.71485000 2635.82500000
v 1805.02550000 -3322.50485000 2678.05500000
v 1789.42550000 -2759.55485000 2657.40500000
v 1779.17550000 -3504.66485000 2668.10500000
v 1760.84550000 -3531.66485000 2635.14500000
v 1757.19550000 -2545.42485000 2612.70500000
v 1822.53550000 -3555.56485000 2585.51500000
v 1782.14550000 -2542.30485000 2546.32500000
v 1734.74550000 -2403.37485000 2376.78500000
v 1880.80550000 -3544.06485000 2320.89500000
v 1731.26550000 -2407.78485000 2340.89500000
v 1781.24550000 -2590.38485000 2299.50500000
v 1790.78550000 -2692.67485000 2247.84500000
v 1862.55550000 -3343.38485000 2065.84500000
v 1826.56550000 -3255.44485000 2028.44500000
v 1788.81550000 -3000.12485000 2057.44500000
v 1791.20550000 -3079.15485000 2021.19500000
v 1818.02550000 -3131.26485000 1992.10500000
v 1792.09550000 -2856.17485000 2669.09500000
v 1806.73550000 -3453.76485000 2667.74500000
v 1805.57550000 -2647.46485000 2604.72500000
v 1803.93550000 -3528.86485000 2636.73500000
v 1768.99550000 -2494.18485000 2460.34500000
v 1757.59550000 -2452.95485000 2398.41500000
v 1770.07550000 -2475.47485000 2363.74500000
v 1756.65550000 -2474.47485000 2334.13500000
v 1810.21550000 -2656.77485000 2286.27500000
v 1797.84550000 -2745.66485000 2213.26500000
v 1809.71550000 -2812.48485000 2168.16500000
v 1822.80550000 -2884.41485000 2124.71500000
v 1807.36550000 -2957.01485000 2081.57500000
v 1845.20550000 -3033.99485000 2037.07500000
v 1896.43550000 -3204.78485000 2608.07500000
v 1821.80550000 -3511.16485000 2645.03500000
v 1814.68550000 -2601.14485000 2561.67500000
v 1832.07550000 -3565.96485000 2533.47500000
v 1783.72550000 -2504.27485000 2400.30500000
v 1810.87550000 -2547.82485000 2418.02500000
v 1880.20550000 -3568.56485000 2392.25500000
v 1802.05550000 -2535.39485000 2382.54500000
v 1793.97550000 -2545.90485000 2344.69500000
v 1837.13550000 -3445.86485000 2216.64500000
v 1846.80550000 -3105.92485000 1988.60500000
v 1899.57550000 -3371.09485000 2612.97500000
v 1863.92550000 -2911.03485000 2609.44500000
v 1855.96550000 -3532.66485000 2621.67500000
v 1842.19550000 -2607.74485000 2517.92500000
v 1878.10550000 -3583.56485000 2484.71500000
v 1838.30550000 -2586.89485000 2459.22500000
v 1856.77550000 -2718.12485000 2273.74500000
v 1855.66550000 -2782.09485000 2212.59500000
v 1918.97550000 -2855.08485000 2169.02500000
v 1872.32550000 -3156.19485000 1948.45500000
v 1943.03550000 -3262.85485000 1900.64500000
v 1906.62550000 -3198.56485000 1919.61500000
v 1924.72550000 -3501.96485000 2590.67500000
v 1872.17550000 -3548.26485000 2596.62500000
v 1882.43550000 -2790.73485000 2567.03500000
v 1863.16550000 -2650.65485000 2527.32500000
v 1888.37550000 -2716.41485000 2532.49500000
v 1889.86550000 -3583.16485000 2521.46500000
v 1930.00550000 -3599.26485000 2415.70500000
v 1845.77550000 -2598.05485000 2394.15500000
v 1840.08550000 -2634.87485000 2334.03500000
v 1918.69550000 -3508.96485000 2207.61500000
v 1932.88550000 -3454.56485000 2113.47500000
v 1914.86550000 -3332.37485000 1993.95500000
v 1920.71550000 -3108.05485000 1973.22500000
v 1913.80550000 -3177.72485000 1917.55500000
v 1897.17550000 -3142.53485000 1948.80500000
v 1861.56550000 -3510.26485000 2625.14500000
v 1888.52550000 -3531.56485000 2600.97500000
v 1905.71550000 -3573.66485000 2552.48500000
v 1947.46550000 -3609.36485000 2461.93500000
v 1907.77550000 -2660.83485000 2414.93500000
v 1888.84550000 -2657.91485000 2372.97500000
v 1924.96550000 -2783.42485000 2242.16500000
v 1894.41550000 -2959.32485000 2087.20500000
v 1992.78550000 -3403.69485000 1975.36500000
v 1960.76550000 -3333.65485000 1940.64500000
v 1934.20550000 -3194.68485000 1900.42500000
v 1973.69550000 -3044.22485000 2532.47500000
v 1989.37550000 -3416.86485000 2548.44500000
v 1937.71550000 -3560.86485000 2557.82500000
v 1927.28550000 -2717.04485000 2479.43500000
v 1888.81550000 -2655.65485000 2471.49500000
v 2003.30550000 -3610.26485000 2312.33500000
v 1907.34550000 -2698.45485000 2335.49500000
v 1943.76550000 -2748.05485000 2297.56500000
v 1992.80550000 -3038.13485000 2027.55500000
v 1948.17550000 -3157.47485000 1927.51500000
v 1983.75550000 -3288.77485000 2547.01500000
v 1965.23550000 -2906.15485000 2512.16500000
v 1961.61550000 -3588.56485000 2527.91500000
v 1963.90550000 -3605.06485000 2498.28500000
v 1936.93550000 -2701.33485000 2371.33500000
v 1947.35550000 -3190.44485000 1899.57500000
v 1961.77550000 -3214.06485000 1883.98500000
v 1968.20550000 -2804.17485000 2473.69500000
v 2009.66550000 -3631.96485000 2445.59500000
v 1953.74550000 -2721.29485000 2428.13500000
v 2012.10550000 -3630.36485000 2397.70500000
v 1972.88550000 -2741.69485000 2334.84500000
v 2002.92550000 -2771.56485000 2297.56500000
v 1988.00550000 -2785.12485000 2265.81500000
v 2055.16550000 -3582.86485000 2164.85500000
v 2007.33550000 -2819.15485000 2227.45500000
v 2005.72550000 -2942.47485000 2108.05500000
v 2018.53550000 -3131.57485000 1946.29500000
v 1997.77550000 -3190.22485000 1898.22500000
v 1981.95550000 -3246.88485000 1865.87500000
v 2011.83550000 -3526.46485000 2527.02500000
v 2013.22550000 -3578.16485000 2514.38500000
v 1980.24550000 -3585.66485000 2524.85500000
v 1998.87550000 -3603.66485000 2500.94500000
v 1982.23550000 -2765.17485000 2430.66500000
v 1970.06550000 -2729.03485000 2377.14500000
v 2053.25550000 -2883.46485000 2167.14500000
v 2020.01550000 -3524.76485000 2104.94500000
v 2080.67550000 -3487.26485000 1970.17500000
v 2060.78550000 -3382.57485000 1854.47500000
v 2029.06550000 -3329.07485000 1846.81500000
v 2025.85550000 -3231.51485000 1862.64500000
v 2034.92550000 -3185.10485000 2497.35500000
v 2029.07550000 -2984.26485000 2471.21500000
v 2030.94550000 -3630.86485000 2460.14500000
v 2012.00550000 -2770.10485000 2377.01500000
v 2099.32550000 -2985.65485000 2069.51500000
v 2035.90550000 -3292.65485000 1824.04500000
v 2037.08550000 -3265.19485000 1832.76500000
v 2057.93550000 -3327.74485000 2489.35500000
v 2061.96550000 -3462.66485000 2493.25500000
v 2074.07550000 -3551.56485000 2482.97500000
v 2058.07550000 -3619.86485000 2467.97500000
v 2069.44550000 -2943.88485000 2417.22500000
v 2070.86550000 -3649.06485000 2406.92500000
v 2052.61550000 -2833.89485000 2380.36500000
v 2025.26550000 -2775.23485000 2326.30500000
v 2118.05550000 -3652.76485000 2286.27500000
v 2047.12550000 -2802.71485000 2270.77500000
v 2116.93550000 -3084.04485000 1980.18500000
v 2137.47550000 -3443.06485000 1830.20500000
v 2098.86550000 -3185.52485000 1892.30500000
v 2102.09550000 -3365.65485000 1778.94500000
v 2084.96550000 -3335.53485000 1783.39500000
v 2080.92550000 -3073.24485000 2439.86500000
v 2077.00550000 -3639.06485000 2438.90500000
v 2073.96550000 -2813.45485000 2324.99500000
v 2087.57550000 -2844.57485000 2219.87500000
v 2069.49550000 -2930.32485000 2122.40500000
v 2149.98550000 -3546.46485000 1975.28500000
v 2107.69550000 -3254.99485000 1822.04500000
v 2085.55550000 -3291.07485000 1792.33500000
v 2118.15550000 -3329.83485000 1748.48500000
v 2116.74550000 -3598.76485000 2445.90500000
v 2103.45550000 -3632.96485000 2435.33500000
v 2124.82550000 -2862.62485000 2306.54500000
v 2078.95550000 -2811.85485000 2289.72500000
v 2119.08550000 -3631.56485000 2201.60500000
v 2119.92550000 -2921.52485000 2129.37500000
v 2146.20550000 -3295.48485000 1761.65500000
v 2132.91550000 -3314.34485000 1745.66500000
v 2128.64550000 -3391.22485000 2440.87500000
v 2128.60550000 -3499.56485000 2444.22500000
v 2138.66550000 -3254.43485000 2418.40500000
v 2132.14550000 -3651.46485000 2392.33500000
v 2138.17550000 -3659.36485000 2340.65500000
v 2099.61550000 -2831.66485000 2254.51500000
v 2130.61550000 -2888.25485000 2169.35500000
v 2212.17550000 -3595.56485000 1992.25500000
v 2162.54550000 -3409.49485000 1744.76500000
v 2153.55550000 -3370.79485000 1721.59500000
v 2160.69550000 -3634.26485000 2395.45500000
v 2214.95550000 -3133.63485000 2325.46500000
v 2146.43550000 -2951.89485000 2329.13500000
v 2125.65550000 -2849.50485000 2266.91500000
v 2201.86550000 -3669.26485000 2271.09500000
v 2208.60550000 -3659.36485000 2159.36500000
v 2142.87550000 -2870.25485000 2210.26500000
v 2186.13550000 -2924.54485000 2118.44500000
v 2207.15550000 -3628.26485000 2077.97500000
v 2171.60550000 -3015.35485000 2028.84500000
v 2180.11550000 -3146.12485000 1916.44500000
v 2160.02550000 -3234.26485000 1836.84500000
v 2164.59550000 -3320.97485000 1720.58500000
v 2215.50550000 -3317.18485000 1717.18500000
v 2157.79550000 -3333.49485000 1717.02500000
v 2176.77550000 -3355.26485000 1695.13500000
v 2210.11550000 -3650.06485000 2346.15500000
v 2218.73550000 -3669.76485000 2212.95500000
v 2187.34550000 -2904.61485000 2154.87500000
v 2174.96550000 -2963.07485000 2076.09500000
v 2234.08550000 -3503.36485000 1787.55500000
v 2205.09550000 -3272.03485000 1783.15500000
v 2203.60550000 -3453.16485000 1747.82500000
v 2232.35550000 -3418.76485000 1659.00500000
v 2195.06550000 -3543.96485000 2393.64500000
v 2202.43550000 -3419.26485000 2382.94500000
v 2207.18550000 -3660.76485000 2316.41500000
v 2198.87550000 -2945.39485000 2261.74500000
v 2183.71550000 -2900.50485000 2238.62500000
v 2176.98550000 -2888.39485000 2210.33500000
v 2195.68550000 -2902.17485000 2175.51500000
v 2246.76550000 -2999.52485000 2021.54500000
v 2225.27550000 -3081.16485000 1956.46500000
v 2210.02550000 -3213.49485000 1845.34500000
v 2201.72550000 -3345.91485000 1685.64500000
v 2222.18550000 -3372.06485000 1654.44500000
v 2243.93550000 -3400.95485000 1638.78500000
v 2187.49550000 -3604.56485000 2389.43500000
v 2232.93550000 -3310.71485000 2345.34500000
v 2255.61550000 -3595.06485000 2340.37500000
v 2215.14550000 -3625.66485000 2358.23500000
v 2237.69550000 -2951.60485000 2203.62500000
v 2226.88550000 -2921.95485000 2138.14500000
v 2236.50550000 -2938.82485000 2100.06500000
v 2225.03550000 -2958.71485000 2072.38500000
v 2280.25550000 -3565.36485000 1853.64500000
v 2276.09550000 -3464.36485000 1661.18500000
v 2241.36550000 -3374.31485000 1641.54500000
v 2270.48550000 -3398.79485000 1614.38500000
v 2257.78550000 -3053.10485000 2246.60500000
v 2272.70550000 -3670.46485000 2258.50500000
v 2293.83550000 -3682.96485000 2205.04500000
v 2231.05550000 -2930.79485000 2168.90500000
v 2327.90550000 -3615.56485000 1911.20500000
v 2252.16550000 -3166.95485000 1875.77500000
v 2290.06550000 -3215.31485000 1820.68500000
v 2281.24550000 -3360.48485000 1652.40500000
v 2283.20550000 -3393.81485000 1612.74500000
v 2284.09550000 -3512.86485000 2323.35500000
v 2293.14550000 -3413.36485000 2310.12500000
v 2266.59550000 -3632.96485000 2316.89500000
v 2271.98550000 -3652.16485000 2293.73500000
v 2280.81550000 -3017.57485000 2194.64500000
v 2307.01550000 -3683.36485000 2139.93500000
v 2261.90550000 -2949.28485000 2109.41500000
v 2348.73550000 -3668.06485000 2028.95500000
v 2271.77550000 -2972.81485000 2047.81500000
v 2304.85550000 -3051.00485000 1950.90500000
v 2328.10550000 -3111.53485000 1882.04500000
v 2315.89550000 -3264.74485000 1765.25500000
v 2310.90550000 -3320.87485000 1701.04500000
v 2315.00550000 -3442.26485000 1591.39500000
v 2343.90550000 -3332.93485000 2255.57500000
v 2318.79550000 -3616.66485000 2289.16500000
v 2369.51550000 -3163.05485000 2177.25500000
v 2332.36550000 -3681.66485000 2219.16500000
v 2293.02550000 -2992.74485000 2146.12500000
v 2275.28550000 -2962.33485000 2073.14500000
v 2310.62550000 -2985.36485000 2043.35500000
v 2326.52550000 -3008.92485000 1994.88500000
v 2386.43550000 -3060.00485000 1889.88500000
v 2326.85550000 -3178.28485000 1833.23500000
v 2309.46550000 -3413.76485000 1586.58500000
v 2298.22550000 -3413.06485000 1596.65500000
v 2352.73550000 -3572.06485000 2269.35500000
v 2361.72550000 -3241.28485000 2217.93500000
v 2331.33550000 -3642.86485000 2267.50500000
v 2341.02550000 -3086.24485000 2163.71500000
v 2375.32550000 -3700.16485000 2140.09500000
v 2299.02550000 -2978.40485000 2103.69500000
v 2300.19550000 -2977.05485000 2074.96500000
v 2389.88550000 -3199.95485000 1786.43500000
v 2363.54550000 -3516.66485000 1630.03500000
v 2339.90550000 -3401.83485000 1594.92500000
v 2327.73550000 -3666.36485000 2245.06500000
v 2375.38550000 -3692.26485000 2181.22500000
v 2345.34550000 -3020.95485000 2088.61500000
v 2352.93550000 -3009.15485000 2039.91500000
v 2428.25550000 -3700.56485000 2057.87500000
v 2342.40550000 -3004.47485000 2016.80500000
v 2390.76550000 -3036.71485000 1917.75500000
v 2370.47550000 -3572.16485000 1767.28500000
v 2382.00550000 -3604.66485000 1839.40500000
v 2440.54550000 -3257.58485000 1726.46500000
v 2329.85550000 -3540.36485000 1732.33500000
v 2416.40550000 -3386.02485000 1597.11500000
v 2354.52550000 -3426.96485000 1568.80500000
v 2364.71550000 -3473.56485000 2256.11500000
v 2366.32550000 -3677.86485000 2212.33500000
v 2353.36550000 -3051.58485000 2116.15500000
v 2375.85550000 -3018.65485000 1987.60500000
v 2394.56550000 -3025.26485000 1945.23500000
v 2417.10550000 -3127.10485000 1818.71500000
v 2428.74550000 -3323.48485000 1667.79500000
v 2383.26550000 -3415.16485000 1570.24500000
v 2370.71550000 -3481.56485000 1570.14500000
v 2387.50550000 -3459.16485000 1545.53500000
v 2377.18550000 -3619.76485000 2242.49500000
v 2372.47550000 -3657.66485000 2226.70500000
v 2439.31550000 -3338.94485000 2173.75500000
v 2405.17550000 -3678.16485000 2186.53500000
v 2419.97550000 -3062.48485000 2030.42500000
v 2449.98550000 -3665.56485000 1916.92500000
v 2465.64550000 -3693.36485000 1981.24500000
v 2434.21550000 -3081.88485000 1840.45500000
v 2410.70550000 -3625.36485000 1868.23500000
v 2416.57550000 -3598.16485000 1813.29500000
v 2410.07550000 -3570.46485000 1753.70500000
v 2385.90550000 -3545.26485000 1670.21500000
v 2439.63550000 -3439.46485000 1533.30500000
v 2454.88550000 -3432.96485000 2174.03500000
v 2445.52550000 -3695.96485000 2134.94500000
v 2446.65550000 -3701.76485000 2101.77500000
v 2437.76550000 -3037.58485000 1957.97500000
v 2430.71550000 -3030.56485000 1931.01500000
v 2472.45550000 -3054.40485000 1849.04500000
v 2431.31550000 -3575.96485000 1785.14500000
v 2415.47550000 -3554.56485000 1682.72500000
v 2433.32550000 -3534.86485000 1591.43500000
v 2426.99550000 -3507.06485000 1541.32500000
v 2428.14550000 -3481.06485000 1518.12500000
v 2439.78550000 -3466.96485000 1511.92500000
v 2455.83550000 -3555.86485000 2177.04500000
v 2441.58550000 -3643.96485000 2174.56500000
v 2469.12550000 -3277.42485000 2123.01500000
v 2420.64550000 -3116.21485000 2085.44500000
v 2447.20550000 -3037.84485000 1900.49500000
v 2494.34550000 -3645.36485000 1867.59500000
v 2504.85550000 -3090.67485000 1799.00500000
v 2462.17550000 -3595.66485000 1826.00500000
v 2483.67550000 -3140.04485000 1786.29500000
v 2442.37550000 -3551.56485000 1716.75500000
v 2455.74550000 -3559.46485000 1786.84500000
v 2482.20550000 -3199.57485000 1754.84500000
v 2531.48550000 -3300.38485000 1659.44500000
v 2454.47550000 -3542.36485000 1623.00500000
v 2461.37550000 -3477.36485000 1492.00500000
v 2466.61550000 -3468.36485000 1494.84500000
v 2472.72550000 -3487.66485000 1490.34500000
v 2477.03550000 -3681.66485000 2123.19500000
v 2518.04550000 -3199.04485000 2036.69500000
v 2467.17550000 -3039.12485000 1907.31500000
v 2489.37550000 -3072.09485000 1819.18500000
v 2458.17550000 -3540.96485000 1754.54500000
v 2517.02550000 -3245.64485000 1711.68500000
v 2480.07550000 -3530.76485000 1554.32500000
v 2477.23550000 -3512.36485000 1523.64500000
v 2485.97550000 -3479.36485000 1482.78500000
v 2511.90550000 -3477.06485000 1478.89500000
v 2517.61550000 -3624.76485000 2115.87500000
v 2564.15550000 -3560.66485000 2080.78500000
v 2509.53550000 -3662.86485000 2108.38500000
v 2528.87550000 -3700.46485000 2052.57500000
v 2498.54550000 -3707.46485000 2035.03500000
v 2523.17550000 -3120.87485000 1972.40500000
v 2507.53550000 -3706.76485000 1996.85500000
v 2532.11550000 -3073.63485000 1907.78500000
v 2515.75550000 -3050.23485000 1875.22500000
v 2527.98550000 -3680.66485000 1899.85500000
v 2537.54550000 -3626.16485000 1857.47500000
v 2474.35550000 -3525.46485000 1785.29500000
v 2490.63550000 -3569.66485000 1824.99500000
v 2479.79550000 -3507.16485000 1722.01500000
v 2483.82550000 -3528.26485000 1625.72500000
v 2481.73550000 -3532.16485000 1585.87500000
v 2529.22550000 -3420.26485000 1538.22500000
v 2508.88550000 -3461.56485000 1500.34500000
v 2547.61550000 -3361.35485000 2076.06500000
v 2534.35550000 -3696.86485000 1943.03500000
v 2493.35550000 -3047.15485000 1866.01500000
v 2535.65550000 -3055.55485000 1831.76500000
v 2499.73550000 -3531.86485000 1822.29500000
v 2556.67550000 -3579.36485000 1854.16500000
v 2531.31550000 -3489.26485000 1838.24500000
v 2582.03550000 -3663.16485000 1877.09500000
v 2531.18550000 -3069.59485000 1810.47500000
v 2504.99550000 -3469.96485000 1785.04500000
v 2537.70550000 -3163.29485000 1769.54500000
v 2527.28550000 -3210.64485000 1741.43500000
v 2561.16550000 -3246.59485000 1707.15500000
v 2520.34550000 -3440.16485000 1725.10500000
v 2525.60550000 -3474.26485000 1648.06500000
v 2555.26550000 -3353.17485000 1602.20500000
v 2498.66550000 -3523.76485000 1560.79500000
v 2509.61550000 -3510.96485000 1523.77500000
v 2509.45550000 -3489.06485000 1496.22500000
v 2564.48550000 -3468.06485000 2074.98500000
v 2570.79550000 -3283.01485000 2028.33500000
v 2539.31550000 -3681.96485000 2068.95500000
v 2552.95550000 -3705.76485000 1988.81500000
v 2576.96550000 -3069.60485000 1835.44500000
v 2570.51550000 -3681.46485000 1901.41500000
v 2533.04550000 -3416.26485000 1817.48500000
v 2564.21550000 -3435.06485000 1852.64500000
v 2579.86550000 -3515.26485000 1859.73500000
v 2531.35550000 -3402.26485000 1775.07500000
v 2577.74550000 -3090.83485000 1791.78500000
v 2538.25550000 -3121.15485000 1785.97500000
v 2569.45550000 -3273.01485000 1677.30500000
v 2538.98550000 -3485.06485000 1560.79500000
v 2534.23550000 -3463.26485000 1494.69500000
v 2604.53550000 -3607.86485000 2038.27500000
v 2566.36550000 -3655.66485000 2059.06500000
v 2610.12550000 -3123.86485000 1875.46500000
v 2568.57550000 -3363.37485000 1835.93500000
v 2549.29550000 -3365.36485000 1798.44500000
v 2556.70550000 -3361.04485000 1747.32500000
v 2560.02550000 -3215.09485000 1747.63500000
v 2576.17550000 -3397.97485000 1667.24500000
v 2577.11550000 -3431.86485000 1609.28500000
v 2530.13550000 -3487.16485000 1511.17500000
v 2564.15550000 -3435.26485000 1524.07500000
v 2539.42550000 -3463.16485000 1504.61500000
v 2598.75550000 -3681.36485000 2011.06500000
v 2595.74550000 -3697.86485000 1983.55500000
v 2597.90550000 -3178.08485000 1936.49500000
v 2606.85550000 -3692.56485000 1937.58500000
v 2588.12550000 -3088.50485000 1857.23500000
v 2614.20550000 -3471.46485000 1867.38500000
v 2597.73550000 -3310.11485000 1839.58500000
v 2570.89550000 -3320.78485000 1801.30500000
v 2610.93550000 -3638.46485000 1875.16500000
v 2577.04550000 -3287.34485000 1752.89500000
v 2577.57550000 -3075.65485000 1807.33500000
v 2575.16550000 -3132.58485000 1785.37500000
v 2592.01550000 -3173.06485000 1787.24500000
v 2580.59550000 -3229.91485000 1777.92500000
v 2573.46550000 -3250.92485000 1735.36500000
v 2597.68550000 -3330.02485000 1693.52500000
v 2582.44550000 -3257.76485000 1705.13500000
v 2601.80550000 -3276.77485000 1672.03500000
v 2593.21550000 -3303.52485000 1643.53500000
v 2594.71550000 -3430.86485000 1565.64500000
v 2572.57550000 -3458.76485000 1542.17500000
v 2601.39550000 -3386.82485000 1567.77500000
v 2561.88550000 -3459.06485000 1532.61500000
v 2623.55550000 -3647.46485000 2007.21500000
v 2630.16550000 -3247.23485000 1946.73500000
v 2621.42550000 -3369.87485000 1857.23500000
v 2629.14550000 -3549.06485000 1873.52500000
v 2612.47550000 -3218.59485000 1810.65500000
v 2597.10550000 -3268.05485000 1805.67500000
v 2609.38550000 -3093.56485000 1795.86500000
v 2612.02550000 -3124.69485000 1797.99500000
v 2594.41550000 -3276.54485000 1704.46500000
v 2608.77550000 -3295.22485000 1690.61500000
v 2609.48550000 -3280.04485000 1677.58500000
v 2625.77550000 -3346.84485000 1642.73500000
v 2617.55550000 -3384.14485000 1607.76500000
v 2586.16550000 -3439.06485000 1547.15500000
v 2613.60550000 -3353.79485000 1590.94500000
v 2580.92550000 -3435.46485000 1539.15500000
v 2652.18550000 -3404.25485000 1983.99500000
v 2620.00550000 -3320.38485000 1989.83500000
v 2653.71550000 -3656.46485000 1971.42500000
v 2619.33550000 -3667.56485000 1899.91500000
v 2666.27550000 -3341.49485000 1867.10500000
v 2654.12550000 -3455.46485000 1873.60500000
v 2615.97550000 -3099.65485000 1828.27500000
v 2637.47550000 -3264.43485000 1836.44500000
v 2603.37550000 -3089.43485000 1809.80500000
v 2628.44550000 -3183.55485000 1812.22500000
v 2620.08550000 -3291.30485000 1670.53500000
v 2630.40550000 -3314.25485000 1648.60500000
v 2622.64550000 -3304.19485000 1650.05500000
v 2619.92550000 -3332.21485000 1616.02500000
v 2621.64550000 -3395.75485000 1577.87500000
v 2601.03550000 -3418.66485000 1559.67500000
v 2602.04550000 -3409.42485000 1559.95500000
v 2642.01550000 -3522.16485000 2003.46500000
v 2663.58550000 -3600.96485000 1973.38500000
v 2642.57550000 -3675.16485000 1953.60500000
v 2648.64550000 -3667.56485000 1920.35500000
v 2621.97550000 -3112.21485000 1810.42500000
v 2652.30550000 -3197.99485000 1829.87500000
v 2634.50550000 -3327.00485000 1623.06500000
v 2629.07550000 -3352.17485000 1599.24500000
v 2619.44550000 -3382.56485000 1582.18500000
v 2644.00550000 -3189.29485000 1883.16500000
v 2635.74550000 -3151.29485000 1837.58500000
v 2687.59550000 -3443.06485000 1884.15500000
v 2679.35550000 -3541.86485000 1887.87500000
v 2653.68550000 -3624.36485000 1898.23500000
v 2671.76550000 -3268.75485000 1856.11500000
v 2628.77550000 -3153.80485000 1818.46500000
v 2629.12550000 -3344.64485000 1618.88500000
v 2620.96550000 -3371.21485000 1594.13500000
v 2686.15550000 -3448.46485000 1951.54500000
v 2667.59550000 -3316.70485000 1934.59500000
v 2671.31550000 -3638.36485000 1948.61500000
v 2668.95550000 -3637.66485000 1924.69500000
v 2667.47550000 -3252.76485000 1891.38500000
v 2689.01550000 -3584.16485000 1908.57500000
v 2658.19550000 -3219.07485000 1857.90500000
v 2678.30550000 -3271.68485000 1871.09500000
v 2690.04550000 -3352.16485000 1879.94500000
v 2684.94550000 -3301.45485000 1873.23500000
v 2688.95550000 -3515.66485000 1947.15500000
v 2684.50550000 -3381.43485000 1935.31500000
v 2686.47550000 -3583.66485000 1928.80500000
v 2699.31550000 -3425.26485000 1918.98500000
v 2684.75550000 -3335.80485000 1897.62500000
v 2700.37550000 -3554.06485000 1909.53500000
v 2694.08550000 -3384.96485000 1897.07500000
v 2695.56550000 -3511.46485000 1901.14500000
v 2696.41550000 -3438.06485000 1899.35500000
v 2693.67550000 -3505.66485000 1915.18500000
f 1 2 3
f 4 5 6
f 5 4 2
f 7 2 4
f 3 2 7
f 8 3 7
f 9 8 7
f 6 10 4
f 11 4 10
f 12 4 11
f 7 4 12
f 13 7 12
f 9 7 13
f 14 12 11
f 15 12 14
f 13 12 15
f 11 10 16
f 3 17 18
f 19 3 18
f 1 20 2
f 19 1 3
f 17 3 8
f 21 17 22
f 5 23 6
f 2 20 5
f 9 17 8
f 9 22 17
f 23 24 6
f 25 22 9
f 6 24 26
f 6 26 10
f 16 14 11
f 9 13 25
f 24 27 28
f 26 24 28
f 10 26 28
f 10 29 16
f 28 29 10
f 16 29 30
f 14 16 30
f 31 14 30
f 15 14 31
f 32 15 31
f 13 15 32
f 28 27 33
f 34 28 33
f 29 28 34
f 18 17 35
f 35 17 21
f 23 5 36
f 20 36 5
f 36 37 23
f 23 37 24
f 22 25 38
f 37 39 24
f 25 13 40
f 24 39 27
f 40 13 32
f 27 39 41
f 41 39 42
f 27 41 33
f 29 34 43
f 44 41 42
f 45 33 41
f 34 33 45
f 46 47 48
f 49 46 48
f 47 50 51
f 51 48 47
f 19 18 52
f 19 52 1
f 21 22 53
f 53 22 54
f 54 22 38
f 37 55 39
f 40 56 25
f 25 56 38
f 32 31 57
f 32 57 40
f 42 55 58
f 55 42 39
f 30 29 59
f 59 29 43
f 60 42 58
f 43 34 45
f 42 60 44
f 45 41 44
f 61 46 62
f 50 61 63
f 46 61 47
f 47 61 50
f 49 64 46
f 51 50 65
f 66 51 65
f 67 64 49
f 48 68 49
f 49 68 67
f 48 51 69
f 68 48 69
f 18 35 70
f 36 20 71
f 1 72 20
f 52 72 1
f 21 53 35
f 37 36 73
f 54 38 74
f 38 56 74
f 37 75 55
f 31 30 76
f 77 56 40
f 75 58 55
f 59 43 78
f 78 43 45
f 78 45 79
f 58 80 60
f 45 44 81
f 44 82 81
f 79 45 81
f 60 80 83
f 60 83 44
f 84 85 62
f 85 63 61
f 62 85 61
f 46 64 86
f 65 50 63
f 87 51 66
f 64 67 88
f 69 51 87
f 89 68 69
f 67 68 90
f 88 67 90
f 90 68 89
f 88 90 91
f 71 20 92
f 70 35 93
f 35 53 93
f 71 73 36
f 73 94 37
f 94 95 37
f 37 95 75
f 30 59 76
f 31 76 57
f 57 96 40
f 75 97 58
f 80 58 97
f 98 80 97
f 80 98 99
f 83 80 99
f 82 44 83
f 84 62 86
f 63 100 101
f 63 84 100
f 85 84 63
f 86 62 46
f 86 64 102
f 101 65 63
f 102 64 103
f 64 88 103
f 66 65 104
f 87 89 69
f 105 89 87
f 106 90 89
f 90 107 91
f 106 107 90
f 52 18 108
f 108 18 109
f 72 92 20
f 18 70 109
f 93 53 110
f 110 53 54
f 110 54 111
f 54 74 111
f 57 76 96
f 77 40 96
f 79 112 78
f 112 59 78
f 113 59 112
f 76 59 113
f 114 115 79
f 81 114 79
f 81 116 114
f 116 117 114
f 115 114 117
f 99 98 118
f 82 83 119
f 82 116 81
f 82 120 116
f 120 121 116
f 117 116 121
f 119 83 99
f 120 122 100
f 120 100 121
f 117 121 84
f 86 117 84
f 123 86 102
f 84 121 100
f 100 122 101
f 65 101 104
f 88 91 124
f 125 89 105
f 89 125 106
f 126 107 106
f 126 127 107
f 107 127 91
f 128 127 126
f 52 108 72
f 109 70 129
f 70 93 129
f 130 93 110
f 74 56 131
f 97 132 98
f 132 133 98
f 112 79 134
f 96 76 135
f 96 135 136
f 133 118 98
f 79 115 134
f 123 115 117
f 99 137 119
f 120 119 122
f 120 82 119
f 117 86 123
f 101 122 138
f 138 104 101
f 139 102 103
f 66 104 140
f 103 88 124
f 87 66 140
f 141 124 91
f 141 127 128
f 91 127 141
f 142 126 106
f 142 106 125
f 143 141 128
f 126 142 144
f 128 126 144
f 108 92 72
f 129 93 130
f 95 145 146
f 95 94 145
f 111 74 147
f 75 95 148
f 95 146 148
f 148 97 75
f 77 131 56
f 149 131 77
f 76 113 150
f 135 76 150
f 115 151 134
f 112 134 151
f 151 152 112
f 113 112 152
f 153 154 118
f 118 154 99
f 99 154 137
f 151 123 102
f 115 123 151
f 139 151 102
f 119 137 155
f 155 122 119
f 122 155 138
f 138 156 104
f 139 103 124
f 104 156 140
f 105 87 125
f 157 144 142
f 128 144 158
f 143 128 158
f 144 157 159
f 158 144 159
f 160 71 92
f 161 92 108
f 108 109 162
f 71 160 73
f 109 129 163
f 130 110 164
f 97 148 165
f 97 165 132
f 113 152 150
f 149 77 96
f 136 149 96
f 133 153 118
f 152 151 166
f 166 151 139
f 155 167 138
f 124 168 139
f 140 169 87
f 170 141 171
f 124 141 170
f 171 141 143
f 172 157 142
f 173 143 158
f 157 172 159
f 109 163 162
f 73 160 174
f 163 129 130
f 94 73 145
f 164 110 111
f 164 111 147
f 147 74 175
f 74 131 175
f 132 176 133
f 177 131 149
f 135 150 178
f 178 136 135
f 179 150 152
f 153 180 154
f 152 166 181
f 181 179 152
f 155 137 167
f 139 181 166
f 181 139 168
f 167 156 138
f 168 124 170
f 169 125 87
f 171 143 173
f 159 172 182
f 173 158 159
f 182 173 159
f 161 108 183
f 92 161 160
f 73 174 145
f 130 164 184
f 145 185 146
f 146 185 148
f 132 165 176
f 131 177 175
f 186 133 176
f 187 133 186
f 149 188 177
f 187 153 133
f 136 178 188
f 188 149 136
f 154 180 189
f 154 189 137
f 137 189 167
f 190 179 181
f 168 190 181
f 168 170 190
f 190 170 191
f 140 192 169
f 170 171 191
f 125 169 142
f 171 173 193
f 142 194 172
f 195 162 196
f 196 162 197
f 162 195 108
f 174 160 198
f 162 163 197
f 163 184 197
f 184 163 130
f 164 147 199
f 148 200 165
f 185 200 148
f 165 201 176
f 188 202 177
f 153 187 180
f 150 179 178
f 167 189 203
f 204 190 191
f 140 156 192
f 205 191 193
f 191 171 193
f 206 142 169
f 142 206 194
f 173 207 193
f 208 172 194
f 207 173 209
f 172 208 182
f 209 182 210
f 173 182 209
f 161 183 211
f 108 195 183
f 161 212 160
f 213 145 174
f 184 164 199
f 145 213 185
f 200 214 165
f 214 201 165
f 177 215 175
f 215 177 202
f 187 216 180
f 178 217 202
f 178 202 188
f 178 179 217
f 179 190 204
f 179 204 217
f 203 156 167
f 156 218 192
f 204 191 205
f 206 208 194
f 208 210 182
f 211 183 219
f 183 195 219
f 195 196 220
f 160 212 198
f 184 221 197
f 198 222 174
f 174 222 213
f 213 200 185
f 199 147 223
f 200 224 214
f 201 214 224
f 147 175 223
f 176 201 186
f 201 225 186
f 186 216 187
f 216 226 180
f 180 226 189
f 156 203 218
f 204 205 217
f 227 205 193
f 228 169 192
f 229 230 207
f 230 193 207
f 229 210 231
f 229 209 210
f 207 209 229
f 212 161 211
f 196 197 232
f 221 232 197
f 221 184 233
f 213 222 234
f 184 199 233
f 234 235 213
f 213 235 200
f 175 236 223
f 224 237 201
f 215 238 175
f 186 225 239
f 186 239 216
f 202 240 215
f 226 203 189
f 202 217 240
f 217 205 240
f 205 227 240
f 193 241 227
f 193 230 241
f 169 228 242
f 169 242 206
f 206 243 244
f 244 208 206
f 210 208 245
f 208 244 245
f 245 231 210
f 212 211 246
f 247 195 220
f 220 196 232
f 232 221 248
f 249 198 212
f 200 235 224
f 235 250 224
f 237 224 251
f 237 252 201
f 201 252 225
f 215 253 238
f 239 254 216
f 240 253 215
f 241 240 227
f 242 243 206
f 244 243 255
f 246 211 256
f 247 219 195
f 247 220 257
f 257 220 248
f 220 232 248
f 258 248 221
f 222 249 259
f 221 233 258
f 222 259 234
f 198 249 222
f 233 199 260
f 234 261 235
f 261 250 235
f 199 223 260
f 251 224 250
f 175 238 236
f 225 252 239
f 226 216 254
f 240 262 253
f 203 226 263
f 203 263 218
f 240 241 262
f 264 265 229
f 229 265 230
f 255 264 245
f 264 231 245
f 264 229 231
f 245 244 255
f 247 257 266
f 219 256 211
f 246 249 212
f 259 267 234
f 268 233 260
f 267 261 234
f 251 269 237
f 270 237 269
f 270 252 237
f 192 218 271
f 241 272 262
f 241 273 272
f 241 230 273
f 274 243 242
f 273 230 265
f 243 274 255
f 255 275 265
f 264 255 265
f 276 219 277
f 277 247 266
f 276 256 219
f 247 277 219
f 266 257 248
f 278 249 246
f 258 233 268
f 267 279 261
f 250 261 279
f 250 269 251
f 280 270 269
f 253 281 238
f 239 282 254
f 253 262 281
f 254 263 226
f 228 192 271
f 283 242 228
f 242 284 274
f 273 265 285
f 265 275 285
f 256 286 246
f 287 266 248
f 278 259 249
f 259 288 267
f 267 288 279
f 250 279 289
f 250 289 269
f 289 280 269
f 290 270 280
f 270 290 252
f 252 282 239
f 291 254 282
f 291 263 254
f 263 271 218
f 262 272 292
f 228 293 283
f 294 272 273
f 273 285 294
f 295 242 283
f 242 295 284
f 274 275 255
f 277 266 287
f 296 287 248
f 259 278 297
f 296 248 258
f 288 298 279
f 260 223 299
f 299 223 300
f 279 298 289
f 301 289 298
f 300 223 236
f 302 280 289
f 302 290 280
f 238 303 236
f 252 290 304
f 282 252 304
f 281 262 305
f 262 292 305
f 272 294 292
f 293 228 271
f 306 307 285
f 284 295 274
f 274 308 306
f 275 274 306
f 285 275 306
f 286 256 276
f 277 309 276
f 277 287 310
f 277 310 309
f 286 278 246
f 258 268 296
f 296 268 311
f 297 312 288
f 311 268 260
f 312 313 288
f 259 297 288
f 313 298 288
f 298 314 301
f 301 302 289
f 315 282 304
f 315 291 282
f 291 316 271
f 263 291 271
f 317 283 293
f 294 307 318
f 283 317 295
f 294 285 307
f 308 319 307
f 274 295 308
f 306 308 307
f 286 276 320
f 278 286 321
f 310 287 322
f 287 296 322
f 311 260 299
f 313 314 298
f 301 314 323
f 324 290 302
f 304 325 315
f 326 271 316
f 294 327 292
f 271 328 293
f 293 329 317
f 308 330 319
f 295 330 308
f 320 276 331
f 331 309 332
f 309 310 332
f 309 331 276
f 322 296 311
f 312 333 313
f 313 333 334
f 313 334 314
f 334 335 314
f 335 323 314
f 336 301 323
f 336 302 301
f 324 325 290
f 325 304 290
f 337 316 291
f 292 327 305
f 271 326 328
f 327 294 318
f 317 330 295
f 318 307 319
f 321 286 320
f 338 332 310
f 278 339 297
f 339 278 321
f 322 338 310
f 338 322 311
f 312 297 340
f 341 340 297
f 334 333 342
f 334 343 335
f 300 344 299
f 343 345 335
f 335 345 323
f 345 346 323
f 336 323 346
f 238 281 303
f 305 347 281
f 291 315 337
f 293 328 348
f 348 329 293
f 330 349 319
f 318 319 349
f 320 350 321
f 341 297 339
f 311 351 338
f 333 340 342
f 351 311 344
f 344 311 299
f 312 340 333
f 334 342 352
f 343 334 352
f 344 300 353
f 236 353 300
f 236 303 353
f 302 336 354
f 324 302 354
f 281 347 303
f 305 355 347
f 305 327 355
f 337 326 316
f 326 356 328
f 357 327 318
f 318 349 357
f 348 358 329
f 329 358 317
f 330 358 359
f 330 317 358
f 349 330 359
f 350 320 360
f 331 332 361
f 361 332 362
f 362 332 338
f 321 363 339
f 342 340 364
f 365 343 352
f 366 343 365
f 366 345 343
f 367 315 325
f 327 368 355
f 367 337 315
f 357 349 369
f 348 328 370
f 348 370 358
f 349 359 369
f 360 331 361
f 331 360 320
f 371 362 338
f 372 371 338
f 338 351 372
f 340 341 364
f 364 373 342
f 351 344 374
f 373 352 342
f 354 336 346
f 354 375 324
f 368 327 376
f 376 327 357
f 356 326 337
f 357 369 377
f 328 356 378
f 328 378 370
f 369 359 379
f 358 379 359
f 358 380 379
f 358 370 380
f 360 361 381
f 363 321 382
f 350 382 321
f 339 363 383
f 384 361 371
f 361 362 371
f 341 339 385
f 341 386 364
f 386 387 364
f 372 351 374
f 388 373 387
f 364 387 373
f 373 388 352
f 344 353 374
f 388 365 352
f 389 345 366
f 346 345 389
f 390 375 354
f 375 325 324
f 391 325 375
f 357 377 376
f 337 392 356
f 356 393 378
f 378 394 370
f 370 394 380
f 379 380 377
f 369 379 377
f 381 361 395
f 395 361 396
f 383 363 382
f 361 384 396
f 385 386 341
f 386 397 387
f 374 353 398
f 399 366 365
f 399 389 366
f 400 346 389
f 346 400 354
f 400 390 354
f 325 391 367
f 356 401 393
f 377 380 394
f 402 382 360
f 403 360 404
f 360 381 404
f 383 382 405
f 360 382 350
f 406 381 395
f 383 385 339
f 396 384 371
f 386 385 407
f 408 386 407
f 386 409 397
f 410 372 374
f 387 397 411
f 387 411 388
f 412 365 388
f 412 399 365
f 398 353 413
f 414 389 399
f 353 303 413
f 303 347 413
f 337 367 415
f 337 415 392
f 376 377 416
f 356 392 401
f 393 401 417
f 393 417 378
f 378 418 394
f 417 418 378
f 377 394 416
f 403 402 360
f 404 381 406
f 419 395 396
f 419 396 371
f 371 372 419
f 419 372 410
f 386 408 409
f 397 420 411
f 397 409 420
f 398 421 374
f 411 422 388
f 422 412 388
f 389 414 400
f 423 375 390
f 355 368 424
f 368 425 424
f 368 376 425
f 416 426 427
f 425 416 427
f 376 416 425
f 426 394 418
f 416 394 426
f 405 382 428
f 404 429 430
f 385 383 407
f 407 383 431
f 402 428 382
f 404 406 429
f 429 406 395
f 432 429 395
f 432 395 419
f 408 433 409
f 433 420 409
f 420 434 411
f 410 374 421
f 434 422 411
f 412 422 435
f 399 412 436
f 436 414 399
f 347 437 413
f 390 400 423
f 438 347 355
f 355 424 438
f 375 423 439
f 439 391 375
f 367 391 440
f 441 392 415
f 392 441 401
f 403 404 442
f 442 404 430
f 431 383 405
f 433 434 420
f 419 410 432
f 435 443 412
f 437 347 438
f 400 414 423
f 423 444 439
f 424 425 445
f 425 427 445
f 446 415 367
f 415 447 441
f 427 426 448
f 401 441 417
f 441 449 417
f 449 448 418
f 448 426 418
f 418 417 449
f 428 402 450
f 402 403 450
f 408 407 451
f 430 429 452
f 429 432 453
f 433 454 434
f 455 434 454
f 434 455 422
f 410 421 456
f 456 421 398
f 457 422 455
f 435 422 457
f 413 458 398
f 443 435 457
f 436 412 443
f 414 436 459
f 414 460 423
f 367 440 446
f 415 446 447
f 427 448 461
f 461 448 449
f 431 405 462
f 428 463 405
f 407 431 451
f 442 430 452
f 429 453 452
f 464 465 454
f 408 464 433
f 433 464 454
f 432 410 466
f 466 410 456
f 456 398 458
f 455 467 457
f 437 468 413
f 457 469 470
f 457 470 443
f 470 471 443
f 471 470 472
f 443 471 436
f 436 471 473
f 436 473 459
f 414 459 460
f 474 438 424
f 423 460 444
f 475 391 439
f 391 475 440
f 445 427 461
f 447 446 476
f 447 476 477
f 447 477 441
f 441 477 449
f 478 450 403
f 442 478 403
f 479 478 442
f 442 452 479
f 452 453 480
f 465 464 481
f 451 464 408
f 466 453 432
f 454 482 455
f 465 482 454
f 455 483 467
f 482 483 455
f 483 484 467
f 485 486 467
f 467 486 469
f 457 467 469
f 469 486 487
f 472 469 487
f 472 470 469
f 471 472 488
f 437 438 489
f 473 471 488
f 439 490 475
f 446 440 491
f 446 491 492
f 446 492 476
f 461 493 494
f 461 449 493
f 449 477 493
f 451 431 495
f 405 463 462
f 450 463 428
f 451 496 464
f 479 452 497
f 497 452 480
f 481 498 465
f 465 498 482
f 458 499 456
f 484 483 500
f 500 485 484
f 484 485 467
f 458 413 468
f 500 501 485
f 468 437 489
f 502 485 501
f 486 485 502
f 502 503 486
f 486 503 487
f 489 438 504
f 472 487 505
f 438 474 504
f 459 473 506
f 474 424 507
f 459 506 460
f 507 424 445
f 439 444 490
f 445 461 508
f 440 475 491
f 491 509 492
f 477 510 493
f 510 494 493
f 450 511 463
f 464 496 512
f 513 479 497
f 481 512 514
f 513 497 480
f 464 512 481
f 481 514 498
f 453 515 480
f 515 453 466
f 456 515 466
f 498 516 482
f 517 501 500
f 501 518 519
f 502 501 519
f 520 502 519
f 503 502 520
f 503 505 487
f 488 472 521
f 460 506 444
f 444 506 490
f 507 445 508
f 490 522 475
f 475 509 491
f 494 523 524
f 494 524 461
f 492 525 476
f 510 523 494
f 477 476 525
f 510 477 525
f 526 478 527
f 527 478 528
f 462 495 431
f 478 526 450
f 478 479 528
f 479 513 528
f 512 529 514
f 513 480 530
f 480 515 530
f 456 499 515
f 514 516 498
f 516 483 482
f 531 500 483
f 517 500 531
f 501 517 518
f 532 519 518
f 533 519 532
f 519 533 520
f 520 533 534
f 534 503 520
f 505 503 534
f 505 521 472
f 488 521 535
f 473 488 535
f 473 535 506
f 475 522 536
f 508 461 524
f 475 536 537
f 536 538 537
f 537 509 475
f 525 492 509
f 451 495 539
f 495 462 540
f 463 541 462
f 526 511 450
f 530 528 513
f 529 542 514
f 514 542 516
f 542 543 516
f 516 544 483
f 543 544 516
f 545 499 546
f 499 458 546
f 544 531 483
f 546 458 468
f 531 544 547
f 531 547 517
f 518 547 548
f 547 518 517
f 518 548 532
f 532 549 533
f 549 550 533
f 533 550 534
f 551 505 534
f 507 508 552
f 506 535 553
f 490 506 553
f 490 553 522
f 522 554 536
f 510 555 523
f 525 509 537
f 540 462 541
f 541 463 556
f 463 511 556
f 496 539 557
f 527 558 526
f 451 539 496
f 527 528 559
f 512 560 529
f 559 528 530
f 560 561 529
f 561 562 542
f 529 561 542
f 562 543 542
f 515 545 563
f 545 515 499
f 544 564 547
f 564 548 547
f 489 565 468
f 566 532 548
f 567 532 566
f 532 567 550
f 532 550 549
f 567 568 550
f 504 474 569
f 534 550 568
f 534 570 551
f 505 551 521
f 507 552 571
f 535 521 572
f 552 508 524
f 553 573 522
f 522 573 554
f 574 524 523
f 536 554 538
f 555 574 523
f 575 537 538
f 525 537 575
f 510 525 575
f 558 576 526
f 558 527 559
f 577 558 559
f 496 557 512
f 530 577 559
f 530 515 563
f 562 578 543
f 579 543 578
f 543 579 544
f 579 580 544
f 544 580 564
f 581 582 548
f 564 581 548
f 583 565 489
f 548 582 584
f 489 504 583
f 584 566 548
f 584 568 566
f 566 568 567
f 568 585 586
f 568 586 534
f 534 586 570
f 474 507 571
f 535 572 587
f 535 587 588
f 535 588 553
f 553 588 573
f 554 573 589
f 590 510 575
f 554 589 538
f 575 538 589
f 539 495 591
f 495 540 591
f 591 540 592
f 540 541 593
f 556 593 541
f 511 576 594
f 526 576 511
f 576 558 595
f 557 596 560
f 595 558 577
f 512 557 560
f 597 577 530
f 578 561 598
f 597 530 563
f 561 578 562
f 581 580 579
f 580 581 564
f 599 584 600
f 582 600 584
f 569 583 504
f 568 584 599
f 601 568 599
f 474 571 569
f 568 601 585
f 551 570 602
f 551 572 521
f 572 551 603
f 573 588 604
f 510 605 555
f 573 604 589
f 589 590 575
f 540 593 592
f 606 539 607
f 607 539 591
f 576 608 609
f 594 576 609
f 594 556 511
f 576 595 608
f 539 606 557
f 596 610 560
f 610 598 561
f 560 610 561
f 598 611 578
f 611 579 578
f 546 468 612
f 612 468 565
f 581 613 614
f 581 614 582
f 615 599 600
f 616 599 615
f 599 616 601
f 586 585 570
f 552 524 617
f 574 617 524
f 572 603 587
f 590 618 510
f 587 603 619
f 587 619 620
f 588 587 620
f 588 620 604
f 621 590 589
f 574 555 605
f 589 604 621
f 556 594 622
f 608 595 623
f 623 595 577
f 610 624 625
f 596 624 610
f 626 623 577
f 626 577 597
f 610 625 598
f 625 627 598
f 611 598 627
f 611 628 579
f 563 545 612
f 629 579 628
f 545 546 612
f 613 579 629
f 579 613 581
f 614 630 582
f 582 630 600
f 630 615 600
f 616 615 631
f 569 571 632
f 633 616 631
f 616 633 601
f 601 633 585
f 632 552 634
f 632 571 552
f 585 633 635
f 570 585 635
f 552 617 634
f 602 570 636
f 637 551 602
f 637 603 551
f 638 621 604
f 639 590 621
f 605 510 618
f 603 640 619
f 604 620 638
f 641 591 642
f 591 592 593
f 593 556 622
f 594 609 643
f 609 644 643
f 609 608 644
f 644 608 623
f 625 645 646
f 624 645 625
f 647 626 597
f 625 646 627
f 597 563 647
f 611 627 628
f 628 627 648
f 613 629 649
f 649 614 613
f 630 650 615
f 615 651 631
f 615 650 651
f 631 652 633
f 652 653 633
f 635 633 653
f 635 636 570
f 617 574 654
f 574 605 654
f 655 639 621
f 618 590 639
f 656 657 619
f 619 657 620
f 657 638 620
f 621 638 655
f 658 637 659
f 637 658 603
f 603 658 640
f 619 640 656
f 660 591 641
f 593 642 591
f 660 606 607
f 591 660 607
f 594 643 661
f 606 662 557
f 663 643 644
f 664 624 596
f 557 662 596
f 663 644 623
f 626 663 623
f 624 664 645
f 646 665 627
f 648 627 665
f 612 666 563
f 565 667 612
f 667 565 583
f 614 668 669
f 569 670 583
f 669 630 614
f 650 630 669
f 569 632 670
f 670 632 671
f 632 634 671
f 671 634 617
f 631 651 652
f 652 651 672
f 652 672 653
f 672 673 653
f 653 674 635
f 674 653 673
f 674 636 635
f 675 676 655
f 605 618 677
f 654 605 677
f 657 678 655
f 679 602 636
f 602 679 637
f 655 638 657
f 659 637 679
f 658 659 680
f 640 658 656
f 681 641 642
f 682 606 660
f 683 642 593
f 622 684 683
f 622 683 593
f 594 684 622
f 661 684 594
f 663 661 643
f 596 662 664
f 664 685 645
f 685 686 645
f 645 686 646
f 666 647 563
f 666 612 687
f 629 648 688
f 689 629 688
f 648 629 628
f 629 689 690
f 629 690 649
f 612 667 687
f 649 668 614
f 583 670 667
f 669 691 650
f 650 692 651
f 651 692 693
f 694 651 693
f 651 694 672
f 677 695 654
f 617 654 671
f 672 694 673
f 694 696 673
f 678 675 655
f 639 655 676
f 636 674 697
f 679 636 697
f 678 657 656
f 658 680 698
f 698 656 658
f 682 641 699
f 700 684 701
f 662 682 702
f 641 682 660
f 684 700 683
f 703 684 704
f 684 661 704
f 661 705 704
f 606 682 662
f 702 685 664
f 662 702 664
f 705 661 663
f 705 663 706
f 663 626 707
f 685 708 686
f 686 665 646
f 709 626 647
f 666 709 647
f 687 710 666
f 649 690 668
f 670 671 711
f 691 692 650
f 695 712 654
f 712 671 654
f 639 713 618
f 713 677 618
f 695 677 714
f 694 715 696
f 693 715 694
f 716 673 696
f 673 717 674
f 673 716 717
f 718 678 656
f 718 656 698
f 679 719 720
f 659 679 720
f 659 720 721
f 680 659 721
f 680 721 722
f 722 698 680
f 723 724 725
f 724 726 725
f 725 726 727
f 726 728 727
f 724 723 729
f 730 724 729
f 726 724 730
f 729 723 731
f 726 730 732
f 733 726 732
f 728 726 734
f 734 726 733
f 729 731 735
f 736 729 735
f 730 729 736
f 737 730 736
f 732 730 737
f 738 732 737
f 733 732 738
f 736 735 739
f 740 737 736
f 738 737 740
f 682 699 741
f 742 683 700
f 741 743 682
f 681 699 641
f 742 681 642
f 683 742 642
f 701 703 744
f 744 703 745
f 743 746 702
f 682 743 702
f 701 684 703
f 703 704 745
f 685 702 747
f 747 702 746
f 706 704 705
f 747 708 685
f 706 663 707
f 626 748 707
f 708 749 686
f 748 626 709
f 686 749 750
f 686 750 665
f 665 750 648
f 750 751 648
f 751 688 648
f 689 688 752
f 753 689 752
f 710 687 754
f 753 690 689
f 687 667 754
f 690 753 668
f 667 670 755
f 711 671 712
f 676 756 639
f 756 713 639
f 714 677 713
f 693 757 715
f 676 675 758
f 696 715 716
f 715 759 716
f 759 760 716
f 717 716 760
f 717 697 674
f 719 679 697
f 698 722 718
f 761 762 763
f 763 762 764
f 762 725 764
f 764 725 765
f 725 727 765
f 727 766 765
f 765 766 767
f 766 768 767
f 767 768 769
f 770 761 771
f 761 770 762
f 723 762 770
f 725 762 723
f 728 766 727
f 768 766 728
f 771 772 770
f 723 770 731
f 768 728 773
f 770 772 731
f 773 728 734
f 774 772 775
f 731 772 774
f 773 734 776
f 775 777 774
f 731 774 778
f 733 738 734
f 776 734 779
f 778 774 777
f 731 778 735
f 738 740 780
f 779 734 738
f 739 735 781
f 778 781 735
f 740 736 739
f 780 740 782
f 738 780 783
f 783 779 738
f 740 739 784
f 782 740 784
f 783 780 782
f 742 785 786
f 741 787 743
f 742 788 681
f 787 789 746
f 743 787 746
f 788 699 681
f 700 785 742
f 790 785 700
f 701 790 700
f 789 791 747
f 746 789 747
f 747 791 708
f 704 706 745
f 791 792 749
f 708 791 749
f 792 750 749
f 752 688 751
f 667 755 754
f 793 794 670
f 795 691 669
f 668 795 669
f 793 670 711
f 711 712 796
f 713 797 714
f 695 714 797
f 757 692 798
f 692 757 693
f 758 675 799
f 675 678 799
f 759 757 800
f 715 757 759
f 759 801 760
f 678 718 802
f 802 718 722
f 717 760 803
f 717 804 697
f 721 805 806
f 722 721 806
f 717 803 804
f 697 804 807
f 808 697 807
f 719 697 808
f 720 719 721
f 809 763 810
f 763 764 810
f 764 765 811
f 810 764 811
f 811 765 812
f 765 767 812
f 812 767 813
f 814 761 763
f 813 767 769
f 815 771 814
f 761 814 771
f 769 816 817
f 818 819 815
f 815 819 771
f 771 819 772
f 768 773 769
f 816 769 773
f 772 819 775
f 773 820 816
f 818 821 822
f 822 821 823
f 775 818 822
f 819 818 775
f 820 773 776
f 820 776 824
f 825 820 824
f 826 822 823
f 775 822 777
f 777 822 826
f 825 824 827
f 824 776 827
f 828 825 827
f 778 777 829
f 827 776 779
f 778 829 830
f 781 778 830
f 777 831 829
f 827 779 832
f 833 828 827
f 830 829 831
f 832 779 783
f 833 827 832
f 832 783 782
f 833 832 834
f 781 830 835
f 739 781 835
f 784 739 836
f 836 739 837
f 782 784 836
f 837 739 835
f 838 782 836
f 832 782 838
f 839 840 787
f 834 832 841
f 842 843 844
f 845 842 844
f 787 840 845
f 846 839 787
f 785 790 847
f 786 785 847
f 843 833 844
f 699 846 741
f 848 846 699
f 836 837 849
f 850 834 841
f 833 834 850
f 845 844 789
f 846 787 741
f 788 848 699
f 786 788 742
f 851 852 701
f 832 838 853
f 841 832 853
f 844 833 850
f 791 844 850
f 787 845 789
f 701 852 790
f 701 744 851
f 853 838 854
f 789 844 791
f 841 855 856
f 850 841 856
f 745 706 857
f 857 706 858
f 791 850 792
f 858 706 748
f 748 706 707
f 850 856 792
f 859 860 856
f 792 856 860
f 792 860 750
f 750 860 861
f 861 751 750
f 709 666 862
f 862 666 710
f 752 863 753
f 753 795 668
f 755 670 794
f 793 711 796
f 695 796 712
f 797 796 695
f 798 692 864
f 864 692 691
f 756 865 713
f 866 867 758
f 676 758 867
f 756 676 867
f 678 802 799
f 801 759 800
f 801 803 760
f 868 803 801
f 806 869 722
f 869 802 722
f 719 808 805
f 805 721 719
f 808 807 870
f 812 871 811
f 763 809 814
f 769 817 813
f 872 815 814
f 817 873 874
f 875 821 876
f 876 821 815
f 873 817 816
f 873 877 878
f 875 879 821
f 818 815 821
f 820 873 816
f 877 873 820
f 880 879 881
f 821 879 823
f 823 879 880
f 877 820 882
f 883 880 881
f 882 820 825
f 884 880 883
f 885 880 884
f 823 880 885
f 886 882 825
f 886 825 887
f 885 884 888
f 826 823 885
f 887 825 828
f 826 885 888
f 889 886 887
f 777 890 831
f 887 828 891
f 889 887 891
f 888 890 826
f 777 826 890
f 891 828 843
f 891 843 892
f 893 891 840
f 828 833 843
f 891 892 840
f 840 892 845
f 830 831 894
f 893 840 839
f 895 893 839
f 890 894 831
f 892 843 842
f 845 892 842
f 846 895 839
f 896 895 846
f 835 830 894
f 848 896 846
f 897 896 848
f 847 852 898
f 898 852 899
f 897 848 788
f 786 897 788
f 790 852 847
f 852 851 900
f 901 835 894
f 837 835 902
f 902 835 901
f 849 837 902
f 851 857 900
f 744 857 851
f 854 836 849
f 838 836 854
f 857 744 745
f 841 853 855
f 903 849 902
f 854 849 904
f 853 854 905
f 905 854 904
f 855 853 905
f 906 858 748
f 855 905 859
f 855 859 856
f 859 905 907
f 860 859 908
f 748 709 909
f 860 910 861
f 909 709 862
f 911 752 861
f 861 752 751
f 863 752 911
f 754 862 710
f 753 863 795
f 691 795 912
f 913 793 796
f 796 914 913
f 797 914 796
f 865 797 713
f 798 915 757
f 916 757 915
f 800 757 916
f 917 800 916
f 918 802 869
f 800 917 801
f 801 917 868
f 869 806 919
f 917 920 868
f 921 806 805
f 922 868 920
f 803 868 922
f 923 808 870
f 808 923 805
f 804 803 922
f 924 804 922
f 804 924 807
f 925 926 807
f 807 926 870
f 810 927 809
f 809 927 928
f 811 929 810
f 810 929 930
f 871 929 811
f 871 931 929
f 813 932 812
f 932 813 933
f 814 934 872
f 934 814 809
f 817 874 933
f 817 933 813
f 933 874 935
f 936 876 937
f 876 815 937
f 937 815 872
f 938 875 876
f 874 873 939
f 878 939 873
f 940 879 938
f 938 879 875
f 877 941 878
f 942 881 940
f 940 881 879
f 882 943 877
f 877 943 941
f 881 942 944
f 882 886 943
f 883 944 945
f 881 944 883
f 946 943 886
f 946 886 947
f 948 946 947
f 949 945 950
f 883 945 949
f 884 883 949
f 947 886 889
f 948 947 951
f 952 948 953
f 884 949 888
f 951 947 889
f 948 951 954
f 953 948 954
f 951 889 955
f 949 950 956
f 957 949 956
f 954 951 955
f 888 949 957
f 891 893 889
f 955 889 893
f 953 954 958
f 959 953 958
f 890 888 960
f 954 955 958
f 888 957 960
f 893 895 955
f 958 955 895
f 890 960 961
f 896 958 895
f 959 958 897
f 962 963 847
f 962 898 964
f 960 957 965
f 958 896 897
f 963 959 786
f 847 963 786
f 786 959 897
f 898 962 847
f 966 967 898
f 894 890 961
f 898 899 966
f 900 899 852
f 899 900 968
f 894 961 969
f 857 968 900
f 969 961 970
f 894 969 901
f 901 969 971
f 972 901 971
f 902 901 972
f 903 902 972
f 903 904 849
f 903 972 973
f 974 903 973
f 904 903 974
f 975 904 974
f 904 975 976
f 904 976 905
f 976 907 905
f 977 972 971
f 973 972 977
f 973 977 978
f 979 907 976
f 980 907 979
f 980 859 907
f 980 908 859
f 748 909 906
f 908 980 981
f 862 754 982
f 983 982 755
f 982 754 755
f 755 794 983
f 863 912 795
f 691 912 984
f 864 691 984
f 794 793 913
f 985 914 797
f 865 756 867
f 797 865 986
f 864 987 798
f 758 988 866
f 799 989 758
f 989 988 758
f 915 798 987
f 802 990 799
f 990 802 918
f 991 917 916
f 991 992 917
f 917 992 920
f 805 923 921
f 993 870 926
f 870 993 923
f 807 924 994
f 807 994 925
f 809 995 934
f 809 928 995
f 810 930 927
f 871 996 931
f 812 996 871
f 812 932 996
f 939 935 874
f 876 936 938
f 878 997 939
f 878 998 997
f 999 940 938
f 878 941 998
f 1000 942 999
f 940 999 942
f 941 1001 1002
f 944 942 1000
f 941 943 1001
f 1003 1002 1001
f 1001 1004 1003
f 1000 1005 945
f 945 1005 1006
f 1000 945 944
f 1001 943 946
f 946 1004 1001
f 1004 946 948
f 952 1004 948
f 952 1007 1004
f 1006 1008 945
f 950 945 1008
f 953 1007 952
f 1009 1007 953
f 1008 1010 950
f 1009 1011 1012
f 956 950 1010
f 1009 953 959
f 959 1011 1009
f 963 1011 959
f 1013 1011 1014
f 1014 1011 963
f 962 1014 963
f 1014 962 1015
f 962 964 1015
f 956 1010 957
f 957 1010 1016
f 964 898 967
f 957 1016 965
f 967 966 1017
f 1018 1016 1010
f 966 899 1019
f 1019 899 968
f 960 965 1016
f 1020 968 857
f 961 960 970
f 858 1020 857
f 960 1016 1018
f 1021 960 1018
f 970 960 1021
f 1022 970 1021
f 969 970 1022
f 969 1022 971
f 971 1022 1023
f 1024 1025 973
f 1025 974 973
f 975 1026 976
f 977 971 1027
f 978 1024 973
f 1026 974 1025
f 974 1026 975
f 976 1026 979
f 1028 977 1027
f 978 977 1028
f 1026 1025 1029
f 980 979 1030
f 981 980 1030
f 1027 971 1023
f 860 1031 910
f 860 908 1031
f 1032 909 862
f 861 1033 911
f 910 1033 861
f 911 912 863
f 794 913 983
f 1034 864 984
f 986 985 797
f 864 1034 987
f 799 990 989
f 919 806 921
f 923 1035 921
f 1035 923 993
f 922 920 1036
f 1037 925 994
f 925 1037 926
f 933 1038 932
f 934 937 872
f 933 935 1038
f 939 997 935
f 1039 999 1040
f 938 1040 999
f 998 941 1041
f 1042 1039 1043
f 999 1039 1000
f 1041 941 1002
f 1039 1042 1005
f 1000 1039 1005
f 1003 1044 1045
f 1042 1046 1006
f 1042 1006 1005
f 1003 1004 1044
f 1044 1004 1047
f 1047 1004 1007
f 1007 1048 1047
f 1046 1049 1008
f 1006 1046 1008
f 1007 1050 1048
f 1007 1009 1050
f 1050 1009 1012
f 1010 1008 1049
f 1011 1013 1051
f 1011 1051 1012
f 1010 1049 1052
f 1013 1014 1053
f 1014 1015 1053
f 1015 964 967
f 1054 1015 967
f 967 1017 1054
f 1017 966 1055
f 1010 1052 1018
f 1055 966 1019
f 1056 1055 1019
f 1057 1019 968
f 1018 1052 1058
f 1020 1057 968
f 1018 1058 1059
f 1021 1018 1022
f 1060 858 906
f 1059 1058 1061
f 1022 1018 1059
f 906 909 1032
f 1022 1059 1062
f 1062 1059 1063
f 1023 1022 1064
f 1024 1029 1025
f 1026 1029 1065
f 1029 1066 1065
f 979 1026 1065
f 1067 979 1065
f 979 1067 1030
f 1064 1022 1062
f 1028 1068 978
f 978 1068 1024
f 1066 1024 1069
f 1029 1024 1066
f 1031 908 981
f 1064 1062 1070
f 1023 1064 1070
f 1027 1023 1028
f 1068 1028 1071
f 1024 1068 1072
f 1069 1024 1072
f 1031 1033 910
f 1073 1023 1070
f 1028 1023 1073
f 1071 1028 1074
f 1028 1073 1074
f 911 1033 1075
f 1076 983 913
f 1076 913 1077
f 1077 913 914
f 1077 914 985
f 866 1078 865
f 866 865 867
f 1078 866 988
f 1079 987 1034
f 1080 918 869
f 1081 916 915
f 1082 916 1081
f 1083 869 919
f 991 916 1082
f 991 1084 992
f 919 921 1085
f 921 1035 1085
f 992 1084 1086
f 992 1036 920
f 1086 1036 992
f 1036 924 922
f 926 1037 1087
f 1087 993 926
f 994 924 1088
f 994 1088 1089
f 1037 994 1089
f 931 1090 929
f 934 995 1091
f 928 1092 995
f 928 927 1092
f 932 1093 996
f 1038 1093 932
f 934 1091 937
f 935 1094 1038
f 936 937 1095
f 997 1096 935
f 935 1096 1094
f 1040 938 1095
f 936 1095 938
f 997 998 1096
f 1097 1043 1039
f 1040 1098 1039
f 998 1099 1100
f 1041 1099 998
f 1101 1102 1046
f 1043 1101 1046
f 1042 1043 1046
f 1002 1003 1041
f 1003 1045 1041
f 1044 1047 1045
f 1102 1103 1104
f 1049 1102 1104
f 1102 1049 1046
f 1050 1105 1048
f 1050 1012 1105
f 1012 1106 1105
f 1049 1104 1107
f 1012 1051 1106
f 1049 1107 1108
f 1013 1109 1051
f 1053 1109 1013
f 1015 1054 1053
f 1053 1054 1110
f 1049 1108 1052
f 1052 1111 1058
f 1057 1056 1019
f 1108 1111 1052
f 1060 1020 858
f 1058 1111 1061
f 1112 1060 906
f 1059 1061 1063
f 906 1032 1112
f 1065 1066 1113
f 1066 1114 1113
f 1065 1113 1067
f 1115 1066 1069
f 1066 1115 1116
f 1114 1066 1116
f 981 1117 1031
f 1063 1061 1118
f 1032 862 1119
f 1120 1063 1118
f 1074 1121 1071
f 1068 1071 1121
f 1122 1068 1121
f 1072 1068 1122
f 1123 1075 1031
f 1031 1075 1033
f 862 982 1119
f 1124 1063 1120
f 1062 1063 1124
f 1125 1062 1124
f 1070 1062 1125
f 1070 1125 1073
f 1125 1126 1073
f 1126 1074 1073
f 1121 1074 1127
f 1125 1124 1128
f 1074 1126 1129
f 1127 1074 1129
f 1130 1124 1120
f 1128 1124 1130
f 982 983 1131
f 1075 912 911
f 1131 983 1076
f 915 987 1132
f 869 1083 1080
f 1084 991 1082
f 1084 1133 1086
f 993 1087 1035
f 1134 1086 1133
f 1036 1086 1134
f 930 1135 927
f 930 1136 1135
f 929 1136 930
f 929 1090 1136
f 927 1137 1092
f 996 1093 1138
f 937 1139 1140
f 1091 1139 937
f 1094 1141 1038
f 1140 1095 937
f 1095 1098 1040
f 998 1100 1096
f 1039 1142 1097
f 1098 1142 1039
f 1043 1097 1101
f 1041 1143 1099
f 1102 1144 1145
f 1101 1144 1102
f 1102 1145 1103
f 1047 1146 1045
f 1145 1147 1103
f 1047 1048 1146
f 1103 1147 1104
f 1104 1147 1148
f 1048 1105 1146
f 1104 1148 1107
f 1107 1148 1149
f 1053 1110 1109
f 1017 1150 1054
f 1055 1056 1150
f 1055 1150 1017
f 1108 1107 1151
f 1152 1108 1151
f 1111 1108 1152
f 1111 1152 1153
f 1111 1153 1061
f 1067 1113 1154
f 1030 1155 981
f 981 1155 1117
f 1032 1119 1156
f 1061 1153 1118
f 1069 1072 1115
f 1072 1122 1115
f 1157 1123 1117
f 1117 1123 1031
f 1118 1153 1158
f 1121 1159 1122
f 1131 1119 982
f 1160 1121 1127
f 1121 1160 1159
f 1123 1161 1075
f 1130 1118 1162
f 1118 1130 1120
f 1128 1163 1125
f 1125 1163 1126
f 1163 1129 1126
f 1162 1118 1158
f 1161 912 1075
f 1076 1164 1165
f 1165 1131 1076
f 1130 1162 1166
f 1167 1130 1166
f 1128 1130 1167
f 1076 1168 1164
f 1169 1168 1077
f 1076 1077 1168
f 1170 984 912
f 1171 985 986
f 1077 985 1169
f 984 1170 1034
f 1170 1079 1034
f 989 1078 988
f 989 1172 1078
f 987 1079 1173
f 987 1173 1132
f 1132 1081 915
f 1035 1087 1174
f 1133 1175 1134
f 1089 1174 1037
f 1174 1087 1037
f 1176 924 1036
f 1177 1089 1088
f 924 1176 1178
f 1177 924 1178
f 1088 924 1177
f 1135 1136 1179
f 1090 1179 1136
f 1137 1135 1180
f 1135 1137 927
f 1181 1090 931
f 1182 1183 931
f 996 1138 931
f 931 1138 1182
f 1096 1184 1094
f 1098 1095 1185
f 1097 1142 1186
f 1186 1187 1101
f 1097 1186 1101
f 1188 1144 1187
f 1101 1187 1144
f 1041 1045 1143
f 1146 1189 1045
f 1147 1190 1191
f 1192 1190 1147
f 1145 1192 1147
f 1148 1147 1191
f 1105 1193 1146
f 1106 1193 1105
f 1194 1193 1106
f 1195 1149 1191
f 1148 1191 1149
f 1051 1196 1106
f 1106 1196 1194
f 1196 1051 1109
f 1149 1195 1107
f 1107 1195 1197
f 1054 1150 1110
f 1107 1197 1198
f 1107 1198 1151
f 1151 1198 1199
f 1200 1060 1112
f 1151 1199 1152
f 1201 1112 1032
f 1202 1203 1114
f 1067 1154 1030
f 1032 1156 1201
f 1152 1158 1153
f 1116 1115 1204
f 1116 1204 1202
f 1202 1114 1116
f 1030 1154 1155
f 1117 1155 1205
f 1152 1199 1206
f 1158 1152 1206
f 1115 1122 1204
f 1122 1207 1204
f 1205 1157 1117
f 1122 1159 1208
f 1122 1208 1207
f 1165 1119 1131
f 1160 1209 1159
f 1161 1157 1210
f 1157 1161 1123
f 1158 1206 1211
f 1212 1209 1129
f 1209 1127 1129
f 1160 1127 1209
f 1158 1211 1213
f 1158 1213 1162
f 1163 1128 1214
f 1128 1215 1214
f 1129 1163 1214
f 1129 1214 1216
f 1129 1216 1212
f 1210 912 1161
f 1162 1213 1166
f 1128 1167 1217
f 1128 1217 1215
f 1218 1213 1219
f 1166 1213 1218
f 1167 1166 1218
f 1171 1169 985
f 1078 1220 865
f 986 865 1171
f 1221 1078 1172
f 990 1172 989
f 918 1080 1222
f 1223 1080 1083
f 1224 1081 1225
f 1082 1081 1224
f 1083 919 1085
f 1082 1226 1084
f 1084 1226 1133
f 1227 1085 1035
f 1227 1035 1174
f 1175 1133 1226
f 1089 1228 1229
f 1177 1228 1089
f 1174 1089 1229
f 1134 1175 1230
f 1134 1230 1036
f 1230 1176 1036
f 1177 1178 1231
f 1228 1177 1231
f 1090 1181 1179
f 1137 1180 1092
f 931 1183 1181
f 995 1232 1091
f 995 1092 1232
f 1094 1184 1141
f 1096 1100 1233
f 1192 1145 1144
f 1192 1144 1188
f 1045 1189 1143
f 1192 1234 1190
f 1234 1235 1190
f 1190 1235 1191
f 1191 1235 1236
f 1191 1236 1237
f 1195 1191 1237
f 1196 1109 1110
f 1195 1238 1197
f 1110 1150 1239
f 1197 1238 1198
f 1240 1056 1057
f 1241 1198 1238
f 1199 1241 1242
f 1198 1241 1199
f 1200 1020 1060
f 1113 1114 1203
f 1154 1113 1203
f 1155 1154 1243
f 1243 1205 1155
f 1199 1242 1244
f 1207 1208 1204
f 1245 1205 1243
f 1119 1246 1156
f 1247 1246 1119
f 1159 1248 1208
f 1249 1205 1245
f 1205 1249 1157
f 1165 1250 1247
f 1119 1165 1247
f 1199 1251 1206
f 1159 1209 1248
f 1209 1252 1248
f 1157 1249 1210
f 1251 1199 1244
f 1253 1250 1164
f 1165 1164 1250
f 1253 1168 1254
f 1253 1164 1168
f 1211 1206 1251
f 1168 1169 1254
f 1211 1251 1255
f 1219 1211 1255
f 1213 1211 1219
f 1167 1218 1256
f 1167 1256 1217
f 1218 1219 1257
f 1210 1170 912
f 1221 1220 1078
f 1171 865 1220
f 990 1258 1172
f 918 1222 990
f 1132 1225 1081
f 1082 1224 1226
f 1227 1174 1229
f 1175 1226 1259
f 1259 1230 1175
f 1178 1176 1260
f 1261 1178 1260
f 1231 1178 1261
f 1179 1262 1135
f 1135 1262 1263
f 1179 1264 1262
f 1181 1264 1179
f 1180 1265 1092
f 1182 1266 1183
f 1182 1138 1266
f 1038 1267 1093
f 1141 1267 1038
f 1095 1140 1185
f 1100 1268 1233
f 1142 1269 1186
f 1100 1099 1268
f 1187 1270 1188
f 1187 1186 1270
f 1099 1143 1268
f 1234 1192 1188
f 1234 1188 1271
f 1235 1234 1272
f 1189 1146 1273
f 1274 1235 1275
f 1236 1235 1274
f 1276 1193 1194
f 1277 1236 1274
f 1277 1237 1236
f 1196 1110 1239
f 1195 1237 1278
f 1279 1239 1150
f 1195 1278 1238
f 1279 1150 1056
f 1241 1238 1280
f 1057 1020 1281
f 1282 1020 1200
f 1242 1241 1280
f 1112 1201 1200
f 1280 1283 1242
f 1242 1283 1244
f 1204 1208 1284
f 1243 1285 1245
f 1252 1209 1212
f 1286 1210 1249
f 1214 1215 1287
f 1214 1287 1216
f 1288 1210 1286
f 1289 1254 1169
f 1251 1244 1290
f 1217 1291 1287
f 1215 1217 1287
f 1169 1171 1289
f 1217 1256 1291
f 1256 1292 1291
f 1170 1210 1288
f 1251 1290 1293
f 1251 1293 1255
f 1255 1294 1219
f 1294 1257 1219
f 1218 1257 1292
f 1256 1218 1292
f 1294 1255 1293
f 1170 1173 1079
f 1222 1258 990
f 1080 1223 1295
f 1295 1222 1080
f 1225 1132 1296
f 1226 1224 1297
f 1227 1229 1298
f 1297 1259 1226
f 1228 1299 1298
f 1298 1229 1228
f 1299 1228 1231
f 1259 1300 1230
f 1301 1231 1261
f 1299 1231 1301
f 1230 1300 1302
f 1176 1230 1302
f 1135 1263 1180
f 1183 1303 1181
f 1091 1304 1139
f 1091 1232 1304
f 1141 1305 1267
f 1141 1184 1305
f 1096 1233 1184
f 1269 1142 1098
f 1270 1186 1306
f 1143 1307 1268
f 1271 1270 1308
f 1188 1270 1271
f 1275 1235 1272
f 1271 1308 1272
f 1234 1271 1272
f 1275 1309 1274
f 1309 1277 1274
f 1310 1277 1309
f 1196 1276 1194
f 1311 1277 1310
f 1277 1311 1237
f 1278 1311 1312
f 1237 1311 1278
f 1238 1278 1313
f 1238 1313 1280
f 1281 1240 1057
f 1280 1313 1314
f 1201 1156 1246
f 1154 1203 1315
f 1280 1314 1316
f 1283 1280 1316
f 1204 1284 1202
f 1154 1315 1317
f 1243 1154 1317
f 1285 1243 1317
f 1208 1248 1284
f 1285 1318 1245
f 1247 1250 1319
f 1245 1318 1249
f 1319 1250 1253
f 1283 1316 1244
f 1318 1286 1249
f 1216 1287 1320
f 1212 1216 1320
f 1244 1316 1321
f 1290 1244 1321
f 1322 1292 1257
f 1221 1323 1220
f 1289 1171 1220
f 1321 1324 1290
f 1325 1290 1324
f 1290 1325 1293
f 1257 1294 1326
f 1322 1257 1326
f 1327 1294 1293
f 1326 1294 1327
f 1328 1325 1329
f 1293 1325 1328
f 1327 1293 1328
f 1224 1225 1330
f 1297 1224 1331
f 1259 1297 1332
f 1300 1259 1332
f 1302 1260 1176
f 1333 1261 1260
f 1261 1333 1301
f 1260 1302 1334
f 1181 1303 1264
f 1092 1265 1335
f 1183 1266 1336
f 1335 1337 1092
f 1337 1232 1092
f 1140 1139 1338
f 1269 1098 1185
f 1189 1273 1143
f 1143 1273 1307
f 1339 1272 1308
f 1275 1340 1341
f 1272 1340 1275
f 1275 1341 1342
f 1275 1342 1309
f 1309 1342 1310
f 1310 1343 1344
f 1342 1343 1310
f 1345 1276 1196
f 1310 1344 1311
f 1311 1344 1312
f 1196 1239 1345
f 1312 1346 1347
f 1056 1240 1279
f 1312 1347 1278
f 1278 1347 1313
f 1282 1281 1020
f 1282 1200 1348
f 1313 1347 1349
f 1200 1201 1348
f 1246 1348 1201
f 1313 1349 1314
f 1314 1349 1350
f 1351 1352 1202
f 1202 1352 1203
f 1246 1247 1353
f 1319 1354 1353
f 1353 1247 1319
f 1284 1248 1355
f 1314 1350 1316
f 1254 1356 1354
f 1354 1319 1254
f 1286 1318 1357
f 1253 1254 1319
f 1252 1212 1320
f 1316 1350 1358
f 1287 1359 1320
f 1316 1358 1360
f 1316 1360 1321
f 1361 1287 1291
f 1361 1362 1287
f 1362 1359 1287
f 1292 1363 1291
f 1364 1360 1358
f 1292 1322 1363
f 1173 1170 1288
f 1365 1323 1221
f 1324 1321 1360
f 1366 1365 1172
f 1221 1172 1365
f 1324 1360 1367
f 1324 1329 1325
f 1327 1368 1326
f 1172 1258 1366
f 1369 1327 1328
f 1368 1327 1369
f 1329 1324 1370
f 1173 1371 1372
f 1222 1373 1258
f 1132 1173 1372
f 1132 1372 1296
f 1223 1083 1374
f 1083 1085 1374
f 1374 1085 1227
f 1375 1374 1227
f 1331 1224 1330
f 1375 1227 1376
f 1227 1298 1376
f 1297 1377 1332
f 1302 1300 1378
f 1302 1378 1334
f 1333 1260 1334
f 1180 1379 1265
f 1263 1379 1180
f 1263 1380 1379
f 1263 1262 1380
f 1264 1381 1262
f 1264 1303 1381
f 1336 1303 1183
f 1382 1139 1383
f 1139 1304 1383
f 1338 1185 1140
f 1185 1384 1269
f 1269 1385 1186
f 1270 1386 1308
f 1387 1341 1340
f 1272 1339 1340
f 1273 1146 1388
f 1389 1341 1390
f 1387 1390 1341
f 1341 1389 1343
f 1342 1341 1343
f 1344 1389 1391
f 1343 1389 1344
f 1344 1391 1392
f 1312 1344 1392
f 1312 1392 1346
f 1346 1392 1393
f 1394 1346 1393
f 1346 1394 1347
f 1395 1396 1394
f 1347 1394 1396
f 1347 1396 1397
f 1347 1397 1349
f 1348 1246 1398
f 1397 1399 1400
f 1400 1401 1397
f 1397 1401 1349
f 1353 1402 1398
f 1398 1246 1353
f 1349 1401 1350
f 1284 1355 1351
f 1202 1284 1351
f 1318 1403 1404
f 1285 1403 1318
f 1285 1317 1403
f 1405 1248 1252
f 1357 1318 1404
f 1254 1406 1356
f 1350 1401 1407
f 1406 1254 1289
f 1350 1407 1358
f 1357 1288 1286
f 1406 1289 1220
f 1291 1363 1361
f 1358 1407 1408
f 1322 1409 1363
f 1322 1326 1409
f 1288 1371 1173
f 1368 1410 1326
f 1408 1364 1358
f 1368 1369 1410
f 1360 1364 1411
f 1367 1360 1411
f 1370 1367 1411
f 1367 1370 1324
f 1329 1412 1328
f 1369 1328 1412
f 1371 1413 1372
f 1329 1370 1414
f 1415 1329 1414
f 1412 1329 1415
f 1416 1223 1374
f 1296 1417 1225
f 1417 1330 1225
f 1330 1418 1331
f 1298 1419 1376
f 1419 1298 1299
f 1300 1332 1420
f 1299 1301 1333
f 1421 1299 1333
f 1300 1420 1378
f 1421 1333 1334
f 1378 1422 1334
f 1262 1381 1380
f 1382 1338 1139
f 1185 1338 1384
f 1186 1385 1306
f 1270 1306 1386
f 1340 1339 1387
f 1387 1423 1390
f 1193 1388 1146
f 1276 1388 1193
f 1389 1390 1424
f 1345 1388 1276
f 1424 1391 1389
f 1391 1424 1425
f 1426 1391 1425
f 1391 1426 1392
f 1392 1426 1393
f 1393 1426 1427
f 1428 1393 1427
f 1394 1428 1395
f 1394 1393 1428
f 1395 1429 1396
f 1429 1397 1396
f 1399 1397 1429
f 1430 1400 1399
f 1315 1203 1431
f 1203 1352 1431
f 1354 1432 1402
f 1402 1353 1354
f 1433 1400 1430
f 1355 1248 1434
f 1432 1354 1356
f 1401 1400 1407
f 1320 1405 1252
f 1433 1407 1400
f 1435 1288 1357
f 1436 1407 1433
f 1359 1362 1437
f 1320 1359 1437
f 1288 1435 1371
f 1408 1407 1436
f 1438 1408 1436
f 1439 1366 1258
f 1326 1410 1409
f 1439 1258 1373
f 1408 1438 1440
f 1408 1440 1364
f 1369 1441 1410
f 1364 1440 1411
f 1369 1412 1441
f 1442 1373 1222
f 1441 1412 1415
f 1222 1295 1442
f 1440 1443 1411
f 1411 1444 1370
f 1444 1414 1370
f 1415 1414 1445
f 1444 1411 1443
f 1414 1444 1446
f 1295 1223 1416
f 1297 1331 1447
f 1297 1447 1377
f 1419 1299 1421
f 1378 1420 1448
f 1448 1422 1378
f 1422 1421 1334
f 1449 1265 1379
f 1449 1335 1265
f 1304 1232 1383
f 1138 1450 1266
f 1268 1451 1233
f 1308 1386 1452
f 1423 1387 1453
f 1387 1339 1453
f 1390 1423 1454
f 1424 1390 1454
f 1425 1455 1426
f 1426 1455 1427
f 1456 1279 1457
f 1458 1427 1455
f 1428 1427 1458
f 1395 1428 1429
f 1459 1429 1428
f 1460 1429 1459
f 1460 1399 1429
f 1402 1461 1398
f 1430 1399 1460
f 1402 1462 1461
f 1432 1462 1402
f 1403 1317 1463
f 1317 1315 1463
f 1405 1434 1248
f 1464 1404 1403
f 1437 1465 1320
f 1404 1435 1357
f 1406 1220 1323
f 1365 1466 1323
f 1363 1467 1361
f 1409 1468 1363
f 1468 1467 1363
f 1436 1433 1438
f 1409 1410 1469
f 1373 1470 1439
f 1438 1471 1440
f 1472 1415 1445
f 1415 1472 1441
f 1440 1471 1443
f 1445 1414 1446
f 1445 1446 1473
f 1444 1443 1474
f 1446 1444 1474
f 1473 1446 1474
f 1418 1447 1331
f 1332 1377 1475
f 1332 1475 1420
f 1421 1476 1419
f 1476 1421 1422
f 1448 1477 1478
f 1448 1478 1422
f 1379 1479 1449
f 1379 1380 1479
f 1449 1337 1335
f 1266 1450 1336
f 1385 1269 1480
f 1308 1481 1339
f 1388 1482 1273
f 1483 1454 1423
f 1424 1484 1425
f 1484 1455 1425
f 1458 1455 1485
f 1279 1240 1457
f 1486 1428 1458
f 1428 1486 1459
f 1487 1281 1348
f 1348 1281 1282
f 1461 1348 1398
f 1488 1430 1460
f 1351 1489 1490
f 1351 1490 1352
f 1462 1432 1491
f 1355 1434 1489
f 1489 1351 1355
f 1431 1463 1315
f 1463 1492 1403
f 1403 1492 1464
f 1493 1356 1406
f 1491 1356 1493
f 1432 1356 1491
f 1494 1404 1464
f 1433 1430 1495
f 1405 1320 1496
f 1497 1406 1466
f 1404 1494 1435
f 1406 1323 1466
f 1498 1437 1362
f 1467 1498 1362
f 1362 1361 1467
f 1435 1499 1371
f 1439 1500 1366
f 1500 1365 1366
f 1438 1433 1501
f 1501 1502 1438
f 1409 1469 1468
f 1373 1442 1470
f 1469 1410 1441
f 1438 1502 1471
f 1503 1471 1502
f 1445 1504 1472
f 1296 1413 1505
f 1413 1296 1372
f 1503 1443 1471
f 1504 1445 1473
f 1443 1503 1506
f 1474 1443 1506
f 1507 1473 1474
f 1417 1508 1330
f 1508 1418 1330
f 1420 1475 1509
f 1420 1509 1448
f 1448 1509 1477
f 1478 1476 1422
f 1383 1232 1510
f 1093 1511 1138
f 1093 1267 1511
f 1267 1305 1512
f 1307 1513 1268
f 1308 1452 1481
f 1339 1514 1453
f 1483 1423 1453
f 1515 1454 1483
f 1388 1345 1482
f 1424 1515 1516
f 1515 1424 1454
f 1484 1424 1516
f 1345 1239 1517
f 1279 1517 1239
f 1518 1457 1240
f 1458 1519 1486
f 1240 1281 1518
f 1486 1520 1459
f 1348 1521 1487
f 1459 1520 1460
f 1461 1522 1348
f 1523 1522 1461
f 1461 1462 1523
f 1524 1523 1491
f 1523 1462 1491
f 1430 1488 1525
f 1352 1490 1526
f 1431 1352 1526
f 1524 1491 1493
f 1463 1431 1527
f 1492 1463 1528
f 1434 1405 1529
f 1430 1525 1495
f 1465 1496 1320
f 1494 1499 1435
f 1495 1501 1433
f 1499 1413 1371
f 1469 1441 1472
f 1502 1530 1503
f 1531 1472 1504
f 1507 1504 1473
f 1532 1296 1505
f 1474 1506 1533
f 1507 1474 1533
f 1296 1532 1417
f 1534 1416 1374
f 1375 1535 1374
f 1419 1536 1376
f 1475 1377 1537
f 1538 1477 1509
f 1539 1478 1477
f 1539 1477 1538
f 1479 1540 1449
f 1336 1541 1303
f 1336 1450 1541
f 1232 1337 1510
f 1267 1512 1511
f 1542 1512 1305
f 1382 1543 1338
f 1305 1184 1542
f 1480 1269 1384
f 1306 1480 1544
f 1480 1306 1385
f 1268 1513 1451
f 1544 1386 1306
f 1273 1545 1307
f 1273 1482 1545
f 1345 1517 1482
f 1485 1455 1484
f 1517 1279 1456
f 1458 1485 1519
f 1487 1518 1281
f 1521 1348 1522
f 1460 1520 1488
f 1546 1547 1489
f 1489 1547 1490
f 1524 1493 1548
f 1489 1434 1546
f 1431 1526 1527
f 1463 1527 1528
f 1406 1497 1548
f 1493 1406 1548
f 1405 1496 1529
f 1492 1528 1549
f 1492 1549 1464
f 1464 1549 1494
f 1498 1465 1437
f 1365 1550 1466
f 1500 1439 1551
f 1470 1551 1439
f 1499 1505 1413
f 1295 1416 1552
f 1503 1553 1506
f 1533 1554 1507
f 1554 1504 1507
f 1532 1505 1555
f 1417 1556 1508
f 1375 1376 1557
f 1418 1558 1447
f 1419 1559 1536
f 1419 1476 1560
f 1538 1509 1475
f 1560 1478 1539
f 1476 1478 1560
f 1538 1561 1539
f 1303 1541 1562
f 1563 1337 1564
f 1564 1337 1449
f 1383 1565 1382
f 1383 1510 1565
f 1563 1510 1337
f 1138 1511 1450
f 1384 1566 1567
f 1566 1384 1338
f 1184 1233 1568
f 1569 1233 1451
f 1384 1567 1480
f 1307 1545 1513
f 1386 1570 1452
f 1514 1339 1481
f 1571 1457 1518
f 1571 1518 1487
f 1571 1487 1572
f 1521 1572 1487
f 1521 1522 1573
f 1574 1523 1524
f 1574 1524 1548
f 1490 1547 1526
f 1434 1529 1546
f 1527 1526 1575
f 1496 1576 1529
f 1550 1497 1466
f 1549 1577 1494
f 1495 1525 1501
f 1578 1550 1365
f 1494 1577 1499
f 1365 1500 1578
f 1579 1499 1577
f 1505 1499 1579
f 1470 1442 1295
f 1552 1470 1295
f 1472 1531 1469
f 1580 1503 1530
f 1580 1553 1503
f 1554 1531 1504
f 1552 1416 1534
f 1533 1506 1581
f 1506 1553 1581
f 1533 1581 1554
f 1374 1535 1534
f 1417 1532 1556
f 1560 1559 1419
f 1475 1582 1538
f 1538 1582 1583
f 1449 1540 1564
f 1479 1584 1540
f 1380 1584 1479
f 1303 1562 1381
f 1382 1565 1543
f 1450 1511 1585
f 1184 1568 1542
f 1451 1513 1569
f 1483 1453 1514
f 1586 1483 1514
f 1587 1515 1483
f 1456 1457 1588
f 1571 1589 1457
f 1572 1521 1573
f 1523 1590 1591
f 1523 1591 1522
f 1523 1574 1590
f 1592 1526 1547
f 1529 1593 1546
f 1575 1526 1592
f 1594 1527 1575
f 1594 1528 1527
f 1593 1529 1576
f 1594 1595 1596
f 1594 1596 1528
f 1528 1596 1549
f 1496 1597 1576
f 1595 1598 1596
f 1549 1596 1577
f 1496 1465 1597
f 1577 1596 1598
f 1525 1599 1501
f 1578 1500 1551
f 1599 1600 1501
f 1467 1601 1498
f 1601 1467 1468
f 1600 1502 1501
f 1602 1502 1600
f 1603 1601 1468
f 1603 1468 1469
f 1603 1469 1531
f 1579 1555 1505
f 1602 1530 1502
f 1603 1531 1604
f 1530 1602 1580
f 1605 1604 1531
f 1581 1605 1554
f 1605 1531 1554
f 1375 1557 1535
f 1376 1536 1557
f 1606 1447 1558
f 1447 1606 1377
f 1475 1537 1582
f 1539 1607 1560
f 1608 1607 1561
f 1607 1539 1561
f 1561 1538 1583
f 1233 1569 1568
f 1386 1544 1570
f 1513 1545 1609
f 1610 1481 1452
f 1611 1514 1481
f 1517 1612 1482
f 1516 1515 1613
f 1614 1485 1484
f 1485 1614 1519
f 1457 1589 1588
f 1486 1615 1520
f 1573 1522 1591
f 1546 1593 1616
f 1547 1546 1592
f 1592 1546 1616
f 1576 1597 1617
f 1617 1593 1576
f 1548 1497 1618
f 1601 1619 1498
f 1598 1620 1577
f 1577 1620 1579
f 1579 1621 1555
f 1553 1580 1622
f 1553 1622 1581
f 1555 1556 1532
f 1556 1623 1508
f 1418 1508 1558
f 1537 1377 1606
f 1559 1560 1624
f 1583 1582 1625
f 1583 1625 1626
f 1583 1626 1561
f 1541 1627 1562
f 1541 1585 1627
f 1450 1585 1541
f 1543 1566 1338
f 1480 1567 1628
f 1544 1629 1630
f 1480 1629 1544
f 1545 1482 1631
f 1482 1632 1631
f 1586 1587 1483
f 1587 1613 1515
f 1517 1633 1612
f 1516 1634 1484
f 1634 1516 1613
f 1456 1635 1517
f 1484 1636 1614
f 1589 1571 1637
f 1638 1637 1571
f 1572 1638 1571
f 1519 1615 1486
f 1572 1639 1638
f 1572 1573 1639
f 1640 1520 1615
f 1520 1640 1488
f 1488 1640 1525
f 1640 1641 1525
f 1548 1642 1574
f 1618 1642 1548
f 1593 1617 1643
f 1593 1643 1616
f 1592 1616 1644
f 1592 1644 1575
f 1575 1645 1594
f 1597 1646 1617
f 1594 1645 1647
f 1647 1595 1594
f 1597 1648 1649
f 1650 1648 1465
f 1597 1465 1648
f 1595 1647 1651
f 1595 1651 1598
f 1465 1498 1650
f 1598 1651 1620
f 1652 1620 1651
f 1470 1653 1551
f 1654 1620 1652
f 1470 1552 1655
f 1579 1620 1621
f 1620 1654 1621
f 1621 1654 1656
f 1657 1603 1604
f 1600 1658 1602
f 1580 1602 1658
f 1659 1580 1658
f 1580 1659 1622
f 1622 1660 1581
f 1660 1605 1581
f 1555 1621 1661
f 1556 1555 1662
f 1663 1536 1559
f 1664 1537 1606
f 1561 1626 1608
f 1543 1565 1665
f 1511 1512 1585
f 1665 1566 1543
f 1567 1566 1628
f 1569 1666 1568
f 1629 1480 1628
f 1513 1666 1569
f 1513 1609 1666
f 1544 1630 1570
f 1452 1570 1610
f 1545 1631 1609
f 1481 1610 1611
f 1482 1612 1632
f 1484 1634 1636
f 1635 1456 1588
f 1667 1668 1591
f 1669 1590 1642
f 1574 1642 1590
f 1616 1670 1644
f 1575 1644 1645
f 1641 1599 1525
f 1645 1644 1671
f 1645 1672 1647
f 1618 1497 1550
f 1646 1597 1649
f 1645 1671 1672
f 1648 1650 1673
f 1672 1674 1651
f 1647 1672 1651
f 1551 1675 1578
f 1676 1578 1675
f 1498 1619 1650
f 1651 1674 1652
f 1600 1599 1677
f 1678 1619 1601
f 1601 1603 1679
f 1677 1680 1600
f 1656 1661 1621
f 1680 1658 1600
f 1552 1534 1681
f 1622 1659 1682
f 1622 1682 1660
f 1661 1662 1555
f 1683 1534 1535
f 1662 1623 1556
f 1684 1535 1557
f 1663 1684 1557
f 1536 1663 1557
f 1508 1685 1558
f 1685 1606 1558
f 1537 1686 1582
f 1582 1686 1625
f 1607 1687 1688
f 1608 1687 1607
f 1688 1560 1607
f 1625 1689 1626
f 1563 1564 1690
f 1540 1690 1564
f 1540 1584 1690
f 1380 1691 1692
f 1381 1691 1380
f 1381 1562 1691
f 1565 1693 1665
f 1542 1694 1512
f 1695 1587 1586
f 1635 1633 1517
f 1588 1696 1635
f 1696 1588 1589
f 1639 1573 1668
f 1573 1591 1668
f 1667 1590 1669
f 1591 1590 1667
f 1643 1670 1616
f 1697 1618 1550
f 1698 1617 1646
f 1643 1617 1698
f 1670 1643 1699
f 1699 1643 1698
f 1644 1670 1699
f 1646 1649 1700
f 1671 1701 1672
f 1671 1702 1701
f 1550 1578 1676
f 1672 1701 1674
f 1641 1677 1599
f 1619 1703 1650
f 1650 1703 1673
f 1701 1704 1674
f 1551 1653 1675
f 1619 1705 1703
f 1619 1678 1705
f 1601 1679 1678
f 1704 1654 1674
f 1674 1654 1652
f 1603 1706 1679
f 1603 1657 1706
f 1681 1655 1552
f 1657 1604 1707
f 1658 1680 1708
f 1658 1708 1659
f 1604 1605 1709
f 1605 1710 1709
f 1605 1660 1710
f 1682 1659 1711
f 1712 1662 1661
f 1535 1684 1713
f 1713 1683 1535
f 1685 1623 1714
f 1623 1685 1508
f 1559 1624 1663
f 1686 1537 1664
f 1625 1686 1689
f 1715 1626 1689
f 1608 1626 1687
f 1626 1715 1687
f 1562 1627 1716
f 1563 1690 1717
f 1565 1510 1693
f 1566 1665 1718
f 1568 1719 1542
f 1542 1719 1694
f 1566 1718 1628
f 1629 1628 1720
f 1514 1721 1586
f 1612 1633 1722
f 1519 1614 1723
f 1724 1589 1637
f 1725 1724 1637
f 1725 1637 1638
f 1726 1615 1519
f 1669 1727 1667
f 1669 1618 1727
f 1669 1642 1618
f 1699 1728 1644
f 1644 1702 1671
f 1728 1702 1644
f 1646 1700 1729
f 1698 1646 1729
f 1728 1730 1702
f 1700 1649 1648
f 1700 1648 1673
f 1701 1702 1730
f 1641 1731 1677
f 1730 1732 1701
f 1704 1701 1732
f 1678 1733 1705
f 1678 1679 1733
f 1680 1677 1734
f 1680 1734 1735
f 1736 1654 1704
f 1657 1707 1737
f 1737 1706 1657
f 1736 1656 1654
f 1708 1680 1738
f 1707 1604 1709
f 1708 1738 1739
f 1661 1656 1740
f 1741 1661 1740
f 1681 1683 1742
f 1708 1739 1659
f 1681 1534 1683
f 1739 1743 1659
f 1659 1743 1711
f 1682 1711 1744
f 1660 1682 1744
f 1712 1661 1741
f 1662 1714 1623
f 1685 1745 1606
f 1624 1560 1746
f 1560 1688 1746
f 1747 1689 1686
f 1748 1689 1747
f 1689 1748 1749
f 1749 1715 1689
f 1562 1716 1691
f 1693 1750 1665
f 1510 1751 1693
f 1717 1510 1563
f 1512 1694 1585
f 1568 1666 1719
f 1628 1752 1720
f 1629 1720 1630
f 1609 1631 1753
f 1586 1721 1695
f 1514 1611 1721
f 1631 1632 1754
f 1612 1722 1632
f 1633 1635 1722
f 1723 1726 1519
f 1668 1755 1756
f 1668 1756 1639
f 1667 1755 1668
f 1667 1727 1757
f 1727 1618 1697
f 1640 1758 1641
f 1729 1759 1698
f 1759 1699 1698
f 1699 1760 1728
f 1760 1761 1728
f 1761 1730 1728
f 1700 1673 1762
f 1729 1700 1762
f 1759 1729 1763
f 1673 1703 1762
f 1764 1703 1705
f 1730 1765 1732
f 1677 1731 1734
f 1705 1733 1766
f 1704 1732 1736
f 1655 1767 1470
f 1733 1679 1768
f 1769 1679 1706
f 1679 1769 1768
f 1769 1706 1737
f 1680 1735 1738
f 1735 1770 1738
f 1737 1707 1771
f 1772 1738 1770
f 1709 1773 1771
f 1707 1709 1771
f 1773 1709 1710
f 1738 1772 1774
f 1738 1774 1739
f 1710 1660 1744
f 1775 1710 1744
f 1773 1710 1775
f 1776 1774 1772
f 1739 1774 1743
f 1776 1777 1774
f 1774 1777 1743
f 1712 1778 1662
f 1714 1662 1778
f 1746 1688 1779
f 1686 1664 1780
f 1781 1688 1687
f 1781 1687 1715
f 1747 1782 1748
f 1627 1783 1716
f 1627 1784 1783
f 1627 1585 1784
f 1751 1510 1717
f 1750 1718 1665
f 1666 1785 1719
f 1609 1753 1666
f 1589 1724 1696
f 1786 1724 1725
f 1638 1787 1725
f 1639 1787 1638
f 1667 1757 1755
f 1727 1697 1788
f 1550 1676 1697
f 1731 1641 1789
f 1699 1759 1760
f 1762 1763 1729
f 1703 1790 1762
f 1763 1762 1791
f 1761 1765 1730
f 1790 1703 1764
f 1764 1705 1766
f 1653 1470 1767
f 1735 1731 1792
f 1731 1735 1734
f 1768 1766 1733
f 1765 1793 1732
f 1732 1793 1736
f 1794 1737 1771
f 1736 1793 1740
f 1740 1656 1736
f 1772 1795 1776
f 1744 1711 1796
f 1744 1796 1775
f 1743 1796 1711
f 1776 1795 1797
f 1777 1776 1798
f 1798 1776 1797
f 1743 1777 1798
f 1713 1684 1799
f 1778 1800 1714
f 1685 1714 1800
f 1624 1801 1663
f 1802 1745 1685
f 1624 1746 1801
f 1664 1803 1780
f 1780 1747 1686
f 1715 1749 1781
f 1804 1748 1782
f 1748 1804 1749
f 1690 1805 1806
f 1584 1805 1690
f 1380 1692 1584
f 1585 1694 1784
f 1694 1719 1807
f 1752 1808 1720
f 1785 1666 1753
f 1809 1570 1630
f 1570 1809 1610
f 1631 1810 1753
f 1631 1754 1810
f 1754 1632 1811
f 1722 1811 1632
f 1587 1634 1613
f 1636 1723 1614
f 1635 1696 1812
f 1787 1639 1756
f 1813 1640 1615
f 1758 1640 1813
f 1727 1814 1757
f 1814 1727 1788
f 1789 1641 1758
f 1788 1697 1815
f 1731 1789 1816
f 1817 1676 1675
f 1763 1818 1759
f 1759 1819 1760
f 1820 1819 1759
f 1792 1731 1816
f 1790 1791 1762
f 1759 1818 1820
f 1760 1821 1761
f 1764 1766 1822
f 1790 1764 1822
f 1823 1761 1821
f 1823 1765 1761
f 1792 1824 1735
f 1766 1768 1825
f 1822 1766 1825
f 1770 1735 1824
f 1768 1826 1825
f 1769 1826 1768
f 1769 1737 1827
f 1827 1737 1794
f 1770 1828 1772
f 1771 1773 1794
f 1742 1683 1713
f 1828 1829 1772
f 1772 1829 1795
f 1795 1829 1797
f 1797 1829 1830
f 1743 1831 1796
f 1798 1832 1743
f 1743 1832 1831
f 1797 1830 1833
f 1798 1797 1832
f 1832 1797 1833
f 1663 1801 1834
f 1685 1800 1802
f 1835 1606 1745
f 1803 1606 1835
f 1803 1664 1606
f 1779 1688 1781
f 1747 1780 1836
f 1747 1836 1782
f 1691 1716 1837
f 1806 1717 1690
f 1838 1718 1750
f 1628 1839 1752
f 1628 1838 1839
f 1718 1838 1628
f 1630 1720 1840
f 1841 1809 1630
f 1610 1842 1843
f 1610 1809 1842
f 1843 1611 1610
f 1721 1844 1695
f 1587 1845 1634
f 1722 1846 1811
f 1635 1846 1722
f 1635 1847 1846
f 1635 1812 1847
f 1696 1724 1812
f 1786 1812 1724
f 1725 1787 1786
f 1726 1848 1615
f 1755 1849 1756
f 1757 1850 1755
f 1814 1850 1757
f 1676 1815 1697
f 1851 1792 1816
f 1791 1818 1763
f 1852 1818 1791
f 1653 1767 1853
f 1853 1675 1653
f 1760 1819 1821
f 1791 1790 1822
f 1791 1822 1854
f 1854 1822 1825
f 1765 1823 1793
f 1855 1770 1824
f 1828 1770 1855
f 1826 1769 1827
f 1826 1827 1856
f 1827 1794 1857
f 1827 1857 1856
f 1740 1793 1858
f 1794 1773 1857
f 1773 1859 1857
f 1775 1859 1773
f 1829 1828 1860
f 1861 1862 1740
f 1862 1741 1740
f 1775 1796 1859
f 1863 1830 1829
f 1864 1830 1863
f 1833 1830 1864
f 1865 1832 1833
f 1865 1833 1864
f 1684 1663 1799
f 1800 1778 1866
f 1867 1802 1800
f 1749 1868 1781
f 1804 1868 1749
f 1836 1869 1782
f 1782 1869 1870
f 1782 1870 1804
f 1806 1805 1871
f 1692 1805 1584
f 1691 1837 1692
f 1717 1806 1872
f 1750 1873 1874
f 1693 1873 1750
f 1872 1751 1717
f 1874 1838 1750
f 1808 1752 1839
f 1630 1840 1841
f 1753 1875 1785
f 1810 1875 1753
f 1611 1843 1721
f 1721 1843 1844
f 1811 1876 1754
f 1695 1845 1587
f 1636 1634 1877
f 1877 1723 1636
f 1723 1878 1726
f 1878 1848 1726
f 1756 1879 1787
f 1848 1813 1615
f 1814 1880 1850
f 1881 1758 1882
f 1758 1881 1789
f 1816 1789 1881
f 1815 1676 1817
f 1792 1851 1824
f 1854 1852 1791
f 1820 1883 1819
f 1820 1818 1884
f 1821 1885 1823
f 1825 1826 1886
f 1854 1825 1886
f 1823 1858 1793
f 1681 1742 1887
f 1860 1828 1855
f 1742 1713 1799
f 1888 1829 1860
f 1741 1862 1712
f 1889 1712 1862
f 1866 1712 1889
f 1863 1829 1888
f 1890 1863 1888
f 1712 1866 1778
f 1832 1865 1831
f 1799 1663 1834
f 1891 1863 1890
f 1864 1863 1891
f 1891 1865 1864
f 1892 1801 1746
f 1893 1745 1802
f 1835 1745 1893
f 1746 1779 1892
f 1716 1894 1837
f 1716 1783 1894
f 1783 1895 1894
f 1784 1895 1783
f 1694 1807 1784
f 1785 1896 1719
f 1785 1875 1896
f 1695 1844 1897
f 1812 1898 1847
f 1812 1786 1898
f 1879 1756 1849
f 1755 1899 1849
f 1755 1850 1899
f 1813 1882 1758
f 1814 1788 1880
f 1655 1900 1767
f 1820 1884 1883
f 1883 1821 1819
f 1852 1854 1901
f 1681 1887 1655
f 1821 1902 1885
f 1826 1856 1886
f 1885 1858 1823
f 1860 1855 1903
f 1740 1858 1904
f 1857 1859 1905
f 1861 1904 1906
f 1740 1904 1861
f 1742 1799 1907
f 1908 1905 1859
f 1909 1888 1860
f 1834 1910 1799
f 1890 1888 1911
f 1912 1890 1911
f 1865 1913 1831
f 1891 1890 1912
f 1912 1914 1891
f 1865 1891 1914
f 1800 1915 1867
f 1892 1779 1916
f 1781 1868 1917
f 1918 1804 1870
f 1804 1918 1868
f 1805 1919 1871
f 1871 1872 1806
f 1874 1873 1920
f 1751 1873 1693
f 1751 1872 1873
f 1784 1807 1895
f 1807 1896 1921
f 1719 1896 1807
f 1720 1808 1840
f 1841 1922 1809
f 1810 1754 1923
f 1811 1924 1876
f 1811 1846 1924
f 1925 1786 1787
f 1879 1926 1787
f 1850 1880 1927
f 1788 1928 1880
f 1815 1928 1788
f 1853 1817 1675
f 1767 1900 1853
f 1901 1929 1852
f 1900 1655 1887
f 1886 1901 1854
f 1852 1929 1930
f 1818 1852 1930
f 1884 1818 1930
f 1883 1902 1821
f 1856 1931 1886
f 1903 1909 1860
f 1856 1857 1905
f 1905 1932 1856
f 1856 1932 1931
f 1907 1799 1910
f 1796 1933 1859
f 1859 1933 1908
f 1888 1934 1935
f 1888 1909 1934
f 1831 1933 1796
f 1831 1936 1933
f 1911 1888 1935
f 1913 1936 1831
f 1866 1889 1937
f 1938 1912 1911
f 1834 1801 1939
f 1940 1912 1938
f 1914 1913 1865
f 1912 1940 1914
f 1866 1915 1800
f 1914 1940 1941
f 1913 1914 1941
f 1893 1802 1867
f 1835 1942 1803
f 1781 1943 1779
f 1942 1780 1803
f 1943 1781 1917
f 1780 1942 1944
f 1780 1944 1836
f 1836 1944 1869
f 1871 1919 1945
f 1805 1946 1919
f 1692 1947 1805
f 1805 1947 1946
f 1692 1837 1947
f 1871 1948 1872
f 1873 1949 1920
f 1807 1921 1895
f 1875 1950 1896
f 1875 1923 1950
f 1810 1923 1875
f 1809 1922 1842
f 1951 1843 1842
f 1843 1951 1844
f 1754 1876 1923
f 1695 1897 1845
f 1845 1952 1634
f 1952 1953 1634
f 1877 1634 1953
f 1723 1954 1878
f 1786 1925 1898
f 1925 1787 1926
f 1848 1955 1813
f 1899 1879 1849
f 1956 1882 1813
f 1850 1927 1899
f 1880 1928 1927
f 1881 1957 1816
f 1957 1851 1816
f 1851 1958 1824
f 1958 1855 1824
f 1884 1959 1883
f 1902 1883 1960
f 1961 1885 1902
f 1885 1961 1858
f 1858 1961 1904
f 1938 1911 1935
f 1962 1938 1935
f 1963 1939 1801
f 1937 1915 1866
f 1940 1938 1941
f 1941 1938 1964
f 1964 1938 1965
f 1964 1913 1941
f 1966 1835 1893
f 1967 1916 1779
f 1870 1869 1968
f 1870 1968 1918
f 1947 1969 1970
f 1837 1969 1947
f 1969 1837 1894
f 1895 1971 1894
f 1920 1972 1874
f 1838 1973 1839
f 1874 1973 1838
f 1839 1974 1808
f 1973 1974 1839
f 1896 1950 1975
f 1976 1841 1840
f 1922 1977 1842
f 1977 1951 1842
f 1978 1877 1953
f 1877 1978 1723
f 1978 1954 1723
f 1846 1847 1979
f 1847 1898 1979
f 1955 1848 1878
f 1926 1879 1899
f 1955 1956 1813
f 1980 1899 1927
f 1957 1881 1882
f 1957 1981 1851
f 1958 1851 1981
f 1982 1855 1958
f 1903 1855 1982
f 1930 1959 1884
f 1959 1960 1883
f 1960 1961 1902
f 1903 1934 1909
f 1906 1904 1983
f 1984 1862 1906
f 1906 1862 1861
f 1862 1984 1985
f 1935 1934 1986
f 1862 1985 1889
f 1985 1987 1889
f 1834 1939 1910
f 1988 1889 1987
f 1889 1988 1937
f 1913 1989 1936
f 1938 1962 1965
f 1801 1892 1963
f 1990 1965 1962
f 1991 1992 1913
f 1989 1913 1992
f 1993 1965 1990
f 1965 1993 1964
f 1964 1991 1913
f 1991 1964 1993
f 1893 1867 1994
f 1942 1835 1966
f 1779 1943 1967
f 1944 1942 1995
f 1869 1944 1996
f 1869 1996 1968
f 1946 1945 1919
f 1947 1970 1946
f 1871 1997 1948
f 1945 1997 1871
f 1894 1971 1969
f 1998 1920 1949
f 1872 1949 1873
f 1872 1948 1949
f 1998 1972 1920
f 1896 1975 1921
f 1874 1972 1973
f 1974 1840 1808
f 1841 1976 1922
f 1876 1999 1923
f 1845 1897 2000
f 2000 1952 1845
f 1924 1999 1876
f 1952 2001 1953
f 1846 2002 1924
f 1846 1979 2002
f 1898 1925 2003
f 1925 1926 2003
f 1926 1899 2004
f 1899 1980 2004
f 1980 1927 2005
f 1927 2006 2005
f 2006 1927 1928
f 1928 2007 2006
f 1928 1815 2007
f 1900 1887 2008
f 1930 2009 1959
f 1886 2010 1901
f 1903 1982 1934
f 1931 2010 1886
f 1904 1961 1983
f 1910 1939 2011
f 2012 1935 1986
f 1937 1988 1915
f 1867 1915 1988
f 2013 1963 1892
f 2014 1990 1962
f 2015 1990 2014
f 1990 2015 1993
f 1993 2015 2016
f 1993 2016 1991
f 2017 1892 1916
f 1918 2018 1868
f 2018 1918 1968
f 1946 2019 1945
f 1946 2020 2019
f 1970 2020 1946
f 1969 1971 2021
f 1973 2022 1974
f 1840 1974 1976
f 1976 2023 1922
f 1950 2024 2025
f 2024 1950 1923
f 1951 1977 2026
f 1951 2026 1844
f 1923 1999 2027
f 1844 2000 1897
f 1978 1953 2001
f 2028 1979 2003
f 1979 1898 2003
f 1954 1955 1878
f 1926 2029 2003
f 2004 2029 1926
f 2030 2031 2004
f 1980 2030 2004
f 1956 1957 1882
f 1980 2005 2030
f 2007 1817 2032
f 1815 1817 2007
f 1981 2033 1958
f 2032 1817 1853
f 2032 1853 1900
f 1982 1958 2033
f 1742 2034 1887
f 2035 1929 1901
f 1929 2009 1930
f 2010 2035 1901
f 1959 2009 2036
f 2034 1742 1907
f 1960 1959 2036
f 1960 2036 2037
f 1961 1960 2037
f 1961 2037 2038
f 1932 2039 1931
f 2038 1983 1961
f 1910 2011 1907
f 1906 1983 2040
f 1906 2040 1984
f 1908 1933 2041
f 2042 1935 2012
f 1935 2042 1962
f 1988 1994 1867
f 2014 1962 2042
f 1892 2017 2013
f 1991 2043 1992
f 2015 2014 2016
f 2016 2044 1991
f 1991 2044 2043
f 1994 1966 1893
f 2016 2014 2045
f 1916 1967 2017
f 2046 1942 1966
f 2018 1917 1868
f 1944 1995 2047
f 1944 2047 1996
f 1945 2019 2048
f 2020 1970 1969
f 1945 2048 1997
f 1969 2021 2020
f 1948 1998 1949
f 1948 1997 1998
f 1971 1895 1921
f 1998 2049 1972
f 1921 2050 1971
f 1972 2051 1973
f 1975 2025 1921
f 1950 2025 1975
f 1922 2052 1977
f 1922 2023 2052
f 2027 2024 1923
f 1844 2026 2053
f 1999 1924 2054
f 2002 2054 1924
f 2028 2002 1979
f 2055 1955 2056
f 2055 1956 1955
f 2004 2057 2029
f 2058 2031 2030
f 1956 2059 1957
f 2005 2006 2060
f 2006 2007 2060
f 2007 2061 2060
f 1900 2008 2032
f 1982 2033 2062
f 2063 1982 2062
f 1934 1982 2063
f 2009 2064 2065
f 2036 2009 2065
f 1931 2039 2010
f 1932 1905 2066
f 1905 2041 2066
f 1905 1908 2041
f 1936 1989 2067
f 2014 2042 2068
f 2045 2014 2068
f 2045 2068 2069
f 2045 2069 2016
f 2069 2044 2016
f 1966 2070 2046
f 1942 2046 2071
f 1968 1996 2018
f 2019 2072 2048
f 2019 2020 2072
f 2021 2073 2020
f 1997 2074 1998
f 1972 2049 2051
f 1921 2025 2050
f 1973 2051 2022
f 1974 2075 1976
f 2022 2075 1974
f 2075 2023 1976
f 2024 2076 2025
f 2052 2026 1977
f 1844 2053 2000
f 2054 2027 1999
f 2000 2077 2078
f 1952 2000 2078
f 2078 2001 1952
f 2002 2079 2054
f 2056 1955 1954
f 2003 2029 2080
f 2003 2080 2028
f 2055 2059 1956
f 2004 2031 2057
f 2058 2081 2031
f 2058 2030 2005
f 2058 2005 2060
f 1887 2082 2008
f 2009 1929 2064
f 2034 1907 2011
f 2035 2010 2083
f 2063 1986 1934
f 1983 2038 2040
f 1932 2066 2039
f 2040 2084 1984
f 1986 2085 2012
f 1985 1984 2086
f 2087 1985 2086
f 1985 2087 1987
f 1963 2088 1939
f 1933 1936 2067
f 2042 2012 2089
f 1994 1988 2087
f 2013 2017 2090
f 1992 2043 2091
f 1994 2070 1966
f 2068 2042 2089
f 1967 2092 2017
f 2068 2093 2069
f 2069 2094 2044
f 2094 2069 2093
f 2092 1967 1943
f 2071 1995 1942
f 1995 2071 2095
f 2047 1995 2095
f 2047 2096 1996
f 2048 2097 1997
f 2072 2097 2048
f 2021 2098 2073
f 2021 1971 2098
f 2099 2049 1998
f 1971 2100 2098
f 1971 2050 2100
f 2075 2101 2023
f 2052 2101 2102
f 2023 2101 2052
f 2052 2102 2026
f 2103 2000 2053
f 2000 2103 2077
f 2078 2104 2001
f 2104 1978 2001
f 2002 2105 2079
f 2002 2028 2105
f 2080 2105 2028
f 2057 2080 2029
f 2057 2031 2081
f 2058 2106 2081
f 2033 1957 2107
f 1957 2033 1981
f 2007 2032 2061
f 2107 2062 2033
f 2008 2082 2108
f 2082 1887 2034
f 2064 1929 2035
f 2036 2065 2109
f 2063 2110 1986
f 2010 2039 2083
f 2038 2037 2111
f 2110 2085 1986
f 2112 2011 1939
f 1984 2113 2086
f 2114 2012 2085
f 1933 2067 2041
f 1987 2087 1988
f 1963 2013 2088
f 2012 2114 2089
f 1992 2091 2115
f 1989 1992 2115
f 2043 2116 2091
f 2093 2068 2089
f 2043 2044 2116
f 2094 2093 2117
f 1917 2018 1943
f 1996 2118 2018
f 2047 2095 2096
f 1996 2096 2118
f 2072 2020 2073
f 2074 1997 2097
f 2072 2119 2097
f 2073 2120 2072
f 1998 2074 2099
f 2097 2121 2074
f 2051 2049 2099
f 2099 2122 2051
f 2025 2123 2050
f 2075 2022 2122
f 2051 2122 2022
f 2025 2076 2123
f 2024 2124 2076
f 2124 2024 2027
f 2027 2125 2124
f 2026 2102 2053
f 2054 2125 2027
f 2126 1978 2104
f 1978 2126 2056
f 2056 1954 1978
f 2080 2057 2127
f 2128 2127 2057
f 2057 2081 2128
f 2059 2129 1957
f 2106 2058 2130
f 2130 2058 2060
f 2129 2107 1957
f 2130 2060 2061
f 2032 2108 2061
f 2032 2008 2108
f 2082 2034 2131
f 2132 2110 2062
f 2062 2110 2063
f 2034 2133 2131
f 2034 2011 2133
f 2036 2109 2134
f 2011 2135 2133
f 2136 2035 2083
f 2037 2036 2134
f 2037 2134 2111
f 2083 2039 2137
f 2040 2038 2111
f 2040 2111 2138
f 2040 2138 2084
f 2084 2113 1984
f 2013 2090 2088
f 2139 2089 2114
f 2067 1989 2115
f 1994 2087 2140
f 2070 1994 2140
f 2141 2093 2089
f 2142 2093 2141
f 2070 2143 2046
f 2093 2142 2117
f 2094 2117 2144
f 2143 2071 2046
f 2145 2092 1943
f 2071 2146 2095
f 2073 2147 2120
f 2073 2098 2147
f 2099 2074 2121
f 2147 2098 2100
f 2122 2148 2075
f 2076 2149 2123
f 2101 2150 2102
f 2053 2102 2151
f 2151 2103 2053
f 2079 2125 2054
f 2078 2152 2104
f 2079 2105 2153
f 2080 2154 2105
f 2055 2155 2059
f 2128 2081 2156
f 2081 2106 2156
f 2106 2157 2156
f 2106 2130 2157
f 2130 2061 2158
f 2158 2061 2108
f 2107 2159 2062
f 2159 2132 2062
f 2108 2082 2160
f 2082 2131 2160
f 2039 2066 2137
f 2011 2112 2135
f 2041 2161 2066
f 2086 2113 2162
f 2162 2163 2086
f 2163 2087 2086
f 2112 1939 2088
f 2041 2067 2164
f 2165 2070 2140
f 2116 2044 2166
f 2166 2044 2094
f 2070 2167 2143
f 1943 2118 2168
f 2018 2118 1943
f 2095 2146 2169
f 2096 2095 2169
f 2072 2120 2119
f 2170 2121 2097
f 2097 2119 2170
f 2120 2171 2119
f 2121 2172 2099
f 2050 2173 2100
f 2173 2050 2123
f 2101 2075 2148
f 2076 2124 2149
f 2102 2174 2151
f 2150 2174 2102
f 2078 2077 2175
f 2103 2175 2077
f 2125 2079 2176
f 2175 2152 2078
f 2079 2153 2176
f 2154 2153 2105
f 2080 2127 2154
f 2155 2055 2056
f 2155 2177 2059
f 2157 2130 2178
f 2108 2160 2158
f 2160 2131 2179
f 2179 2131 2133
f 2133 2180 2179
f 2181 2085 2110
f 2133 2135 2180
f 2035 2136 2064
f 2182 2109 2065
f 2083 2183 2136
f 2184 2064 2136
f 2182 2064 2184
f 2065 2064 2182
f 2135 2112 2185
f 2085 2186 2114
f 2041 2164 2161
f 2067 2187 2164
f 2067 2115 2187
f 2165 2087 2163
f 2017 2188 2189
f 2017 2189 2090
f 2140 2087 2165
f 2114 2190 2139
f 2139 2190 2089
f 2190 2191 2089
f 2167 2070 2165
f 2092 2192 2188
f 2092 2188 2017
f 2089 2191 2141
f 2117 2142 2193
f 2117 2193 2194
f 2144 2117 2194
f 2195 2094 2144
f 2166 2094 2195
f 1943 2168 2145
f 2196 2071 2143
f 2071 2196 2146
f 2096 2169 2118
f 2171 2120 2197
f 2120 2147 2197
f 2198 2197 2147
f 2099 2172 2122
f 2170 2199 2121
f 2200 2198 2147
f 2100 2200 2147
f 2200 2100 2173
f 2172 2148 2122
f 2172 2201 2148
f 2149 2173 2123
f 2148 2150 2101
f 2148 2202 2150
f 2203 2174 2150
f 2204 2124 2125
f 2151 2205 2103
f 2206 2204 2125
f 2205 2175 2103
f 2176 2206 2125
f 2175 2207 2152
f 2104 2152 2126
f 2127 2208 2154
f 2127 2128 2208
f 2128 2156 2209
f 2177 2129 2059
f 2210 2156 2157
f 2157 2178 2210
f 2130 2158 2178
f 2132 2211 2110
f 2211 2181 2110
f 2109 2182 2212
f 2085 2181 2186
f 2083 2137 2183
f 2138 2111 2213
f 2214 2137 2066
f 2138 2213 2084
f 2112 2088 2185
f 2215 2161 2164
f 2090 2189 2088
f 2163 2216 2165
f 2188 2217 2189
f 2115 2091 2218
f 2218 2091 2116
f 2092 2145 2192
f 2219 2145 2168
f 2220 2168 2118
f 2146 2221 2222
f 2169 2146 2222
f 2118 2169 2220
f 2172 2121 2199
f 2223 2199 2170
f 2224 2223 2170
f 2119 2224 2170
f 2173 2225 2200
f 2201 2202 2148
f 2149 2225 2173
f 2202 2203 2150
f 2204 2149 2124
f 2203 2226 2174
f 2205 2151 2227
f 2228 2206 2176
f 2205 2229 2175
f 2228 2153 2230
f 2228 2176 2153
f 2153 2154 2230
f 2230 2154 2208
f 2208 2128 2209
f 2231 2209 2156
f 2156 2210 2231
f 2129 2159 2107
f 2159 2232 2132
f 2232 2211 2132
f 2160 2233 2158
f 2179 2234 2160
f 2181 2235 2186
f 2183 2236 2136
f 2212 2134 2109
f 2237 2134 2212
f 2237 2111 2134
f 2185 2180 2135
f 2183 2137 2214
f 2111 2237 2213
f 2180 2185 2238
f 2239 2113 2084
f 2066 2161 2214
f 2239 2240 2113
f 2240 2162 2113
f 2088 2189 2185
f 2216 2163 2162
f 2164 2187 2215
f 2190 2114 2241
f 2188 2192 2217
f 2242 2187 2115
f 2243 2167 2165
f 2218 2116 2244
f 2245 2142 2141
f 2244 2116 2166
f 2145 2246 2192
f 2142 2245 2193
f 2247 2196 2143
f 2248 2196 2247
f 2220 2219 2168
f 2196 2249 2221
f 2146 2196 2221
f 2222 2220 2169
f 2119 2171 2224
f 2250 2171 2197
f 2172 2199 2251
f 2252 2253 2197
f 2198 2252 2197
f 2200 2252 2198
f 2172 2254 2201
f 2251 2254 2172
f 2149 2255 2225
f 2256 2255 2149
f 2256 2149 2204
f 2257 2256 2204
f 2227 2151 2174
f 2257 2204 2206
f 2258 2229 2205
f 2227 2258 2205
f 2206 2228 2259
f 2229 2207 2175
f 2207 2126 2152
f 2259 2228 2260
f 2260 2228 2230
f 2126 2261 2056
f 2262 2056 2261
f 2155 2056 2262
f 2208 2263 2230
f 2210 2264 2231
f 2177 2265 2129
f 2129 2265 2159
f 2210 2178 2264
f 2265 2232 2159
f 2178 2266 2264
f 2178 2158 2266
f 2158 2233 2266
f 2233 2160 2234
f 2267 2235 2181
f 2236 2184 2136
f 2084 2213 2268
f 2185 2269 2238
f 2114 2186 2235
f 2270 2214 2161
f 2239 2084 2268
f 2185 2189 2269
f 2241 2114 2235
f 2271 2161 2215
f 2162 2240 2216
f 2272 2165 2216
f 2241 2273 2190
f 2242 2115 2218
f 2190 2273 2191
f 2247 2143 2167
f 2144 2194 2274
f 2195 2144 2275
f 2246 2145 2219
f 2276 2246 2219
f 2248 2249 2196
f 2221 2277 2222
f 2278 2220 2277
f 2220 2222 2277
f 2251 2199 2279
f 2199 2223 2279
f 2250 2224 2171
f 2197 2253 2250
f 2200 2280 2252
f 2225 2280 2200
f 2202 2201 2281
f 2226 2203 2282
f 2202 2282 2203
f 2227 2174 2226
f 2226 2283 2227
f 2207 2284 2126
f 2126 2284 2261
f 2260 2230 2263
f 2263 2208 2285
f 2286 2285 2208
f 2287 2155 2262
f 2209 2286 2208
f 2155 2287 2177
f 2209 2231 2286
f 2231 2288 2286
f 2232 2267 2211
f 2211 2267 2181
f 2234 2179 2238
f 2238 2179 2180
f 2267 2289 2235
f 2184 2236 2290
f 2184 2290 2182
f 2182 2290 2212
f 2237 2212 2291
f 2292 2214 2270
f 2183 2214 2292
f 2270 2161 2293
f 2189 2294 2269
f 2295 2271 2215
f 2296 2216 2240
f 2294 2189 2217
f 2215 2187 2297
f 2297 2295 2215
f 2216 2296 2272
f 2297 2187 2242
f 2272 2243 2165
f 2217 2192 2298
f 2192 2246 2298
f 2218 2244 2299
f 2247 2167 2243
f 2141 2191 2245
f 2194 2193 2274
f 2166 2195 2244
f 2144 2274 2275
f 2300 2248 2247
f 2301 2248 2300
f 2302 2276 2219
f 2303 2248 2301
f 2219 2220 2302
f 2249 2248 2304
f 2248 2303 2304
f 2277 2305 2278
f 2220 2278 2302
f 2304 2221 2249
f 2277 2221 2305
f 2223 2224 2306
f 2254 2251 2307
f 2251 2279 2307
f 2308 2202 2281
f 2309 2281 2201
f 2225 2310 2280
f 2255 2310 2225
f 2282 2202 2308
f 2256 2310 2255
f 2226 2282 2283
f 2282 2311 2283
f 2312 2258 2227
f 2283 2312 2227
f 2257 2206 2313
f 2259 2313 2206
f 2207 2314 2284
f 2207 2229 2314
f 2263 2315 2260
f 2265 2177 2287
f 2316 2288 2231
f 2231 2264 2316
f 2264 2317 2316
f 2264 2318 2317
f 2266 2318 2264
f 2266 2233 2318
f 2233 2234 2319
f 2234 2238 2319
f 2238 2320 2319
f 2290 2291 2212
f 2269 2320 2238
f 2236 2183 2292
f 2213 2237 2291
f 2293 2161 2271
f 2239 2268 2321
f 2293 2271 2322
f 2323 2240 2239
f 2322 2271 2295
f 2294 2217 2324
f 2217 2298 2324
f 2241 2325 2273
f 2242 2218 2299
f 2272 2326 2243
f 2273 2327 2191
f 2243 2326 2247
f 2246 2276 2298
f 2299 2244 2328
f 2193 2329 2274
f 2328 2244 2195
f 2247 2330 2300
f 2331 2302 2278
f 2304 2305 2221
f 2332 2250 2253
f 2223 2306 2333
f 2224 2334 2306
f 2250 2334 2224
f 2332 2334 2250
f 2254 2309 2201
f 2223 2335 2279
f 2333 2335 2223
f 2252 2336 2253
f 2337 2336 2252
f 2307 2309 2254
f 2311 2282 2308
f 2311 2338 2283
f 2339 2338 2311
f 2256 2257 2313
f 2229 2258 2314
f 2260 2315 2259
f 2261 2284 2340
f 2263 2285 2315
f 2285 2286 2341
f 2341 2286 2288
f 2265 2342 2232
f 2342 2343 2232
f 2232 2343 2267
f 2233 2319 2318
f 2318 2319 2344
f 2236 2292 2345
f 2290 2236 2345
f 2290 2345 2346
f 2291 2290 2346
f 2320 2269 2347
f 2213 2348 2268
f 2269 2294 2347
f 2270 2293 2349
f 2235 2350 2241
f 2239 2321 2351
f 2323 2239 2351
f 2294 2324 2347
f 2322 2295 2352
f 2240 2323 2296
f 2297 2352 2295
f 2297 2353 2354
f 2296 2355 2272
f 2297 2242 2353
f 2330 2247 2326
f 2356 2298 2276
f 2327 2357 2191
f 2191 2357 2245
f 2358 2299 2328
f 2302 2331 2356
f 2356 2276 2302
f 2195 2359 2328
f 2300 2360 2301
f 2305 2361 2331
f 2301 2360 2303
f 2303 2362 2304
f 2361 2305 2362
f 2331 2278 2305
f 2305 2304 2362
f 2332 2253 2336
f 2307 2279 2335
f 2306 2334 2333
f 2332 2363 2334
f 2252 2280 2337
f 2364 2281 2365
f 2281 2309 2365
f 2310 2337 2280
f 2308 2281 2364
f 2364 2311 2308
f 2312 2283 2338
f 2258 2312 2366
f 2314 2258 2366
f 2313 2259 2367
f 2367 2259 2368
f 2259 2315 2368
f 2314 2369 2284
f 2284 2369 2340
f 2370 2368 2285
f 2368 2315 2285
f 2261 2340 2262
f 2340 2371 2262
f 2262 2371 2287
f 2372 2373 2288
f 2372 2288 2316
f 2287 2342 2265
f 2316 2317 2372
f 2372 2317 2374
f 2317 2318 2344
f 2343 2289 2267
f 2344 2319 2375
f 2319 2320 2375
f 2376 2375 2320
f 2376 2320 2347
f 2292 2270 2377
f 2291 2378 2213
f 2213 2378 2348
f 2349 2379 2270
f 2268 2380 2321
f 2347 2381 2376
f 2350 2325 2241
f 2349 2293 2322
f 2349 2322 2382
f 2381 2347 2324
f 2382 2322 2352
f 2381 2324 2298
f 2297 2354 2352
f 2323 2355 2296
f 2298 2383 2381
f 2272 2384 2326
f 2383 2298 2356
f 2353 2242 2299
f 2353 2299 2358
f 2385 2330 2326
f 2383 2356 2386
f 2385 2387 2330
f 2361 2386 2331
f 2386 2356 2331
f 2193 2245 2388
f 2245 2389 2388
f 2193 2388 2329
f 2330 2387 2300
f 2360 2300 2390
f 2300 2387 2390
f 2274 2329 2391
f 2275 2391 2195
f 2359 2195 2392
f 2362 2303 2360
f 2333 2334 2393
f 2334 2363 2394
f 2363 2332 2336
f 2335 2333 2395
f 2395 2333 2393
f 2336 2337 2396
f 2365 2309 2307
f 2335 2395 2307
f 2337 2310 2397
f 2398 2365 2307
f 2395 2398 2307
f 2337 2397 2396
f 2339 2311 2364
f 2310 2256 2399
f 2313 2399 2256
f 2314 2366 2400
f 2369 2314 2400
f 2373 2370 2341
f 2285 2341 2370
f 2341 2288 2373
f 2317 2344 2374
f 2375 2401 2344
f 2289 2350 2235
f 2377 2270 2379
f 2345 2292 2377
f 2268 2348 2380
f 2349 2382 2379
f 2376 2381 2402
f 2402 2381 2383
f 2384 2272 2355
f 2273 2325 2403
f 2404 2354 2353
f 2403 2327 2273
f 2353 2358 2404
f 2358 2328 2405
f 2385 2406 2387
f 2407 2386 2361
f 2357 2389 2245
f 2407 2361 2408
f 2390 2408 2362
f 2361 2362 2408
f 2275 2274 2391
f 2195 2391 2392
f 2362 2360 2390
f 2334 2394 2409
f 2395 2393 2410
f 2409 2393 2334
f 2410 2411 2395
f 2412 2396 2397
f 2397 2310 2413
f 2414 2364 2415
f 2364 2365 2415
f 2413 2310 2399
f 2338 2339 2416
f 2417 2312 2416
f 2312 2338 2416
f 2418 2416 2339
f 2364 2418 2339
f 2366 2312 2417
f 2399 2313 2419
f 2313 2367 2419
f 2400 2366 2417
f 2367 2368 2420
f 2368 2370 2420
f 2420 2370 2421
f 2340 2369 2422
f 2373 2421 2370
f 2371 2423 2287
f 2373 2372 2424
f 2287 2423 2342
f 2372 2374 2425
f 2374 2344 2426
f 2427 2343 2428
f 2343 2427 2289
f 2426 2344 2401
f 2427 2429 2289
f 2429 2350 2289
f 2375 2376 2430
f 2345 2377 2431
f 2346 2345 2431
f 2378 2291 2346
f 2348 2378 2432
f 2348 2432 2380
f 2430 2376 2402
f 2433 2379 2382
f 2379 2433 2434
f 2435 2351 2321
f 2352 2436 2382
f 2351 2435 2323
f 2323 2435 2355
f 2352 2437 2436
f 2352 2354 2437
f 2383 2438 2402
f 2439 2354 2404
f 2440 2326 2384
f 2385 2326 2440
f 2438 2383 2386
f 2441 2406 2385
f 2358 2405 2404
f 2442 2386 2407
f 2387 2406 2390
f 2390 2443 2408
f 2406 2443 2390
f 2407 2408 2444
f 2328 2359 2405
f 2389 2445 2388
f 2410 2393 2409
f 2409 2394 2446
f 2446 2394 2363
f 2447 2365 2398
f 2398 2395 2411
f 2412 2397 2413
f 2448 2447 2398
f 2418 2364 2414
f 2447 2415 2365
f 2399 2449 2413
f 2419 2367 2450
f 2367 2420 2450
f 2421 2450 2420
f 2422 2371 2340
f 2421 2373 2424
f 2451 2424 2372
f 2342 2428 2343
f 2425 2374 2452
f 2374 2426 2452
f 2375 2430 2401
f 2377 2379 2453
f 2379 2434 2453
f 2380 2454 2321
f 2402 2455 2430
f 2434 2433 2456
f 2457 2435 2321
f 2382 2458 2433
f 2402 2438 2455
f 2382 2436 2458
f 2459 2384 2355
f 2354 2439 2437
f 2459 2440 2384
f 2460 2438 2442
f 2440 2441 2385
f 2386 2442 2438
f 2442 2407 2461
f 2441 2462 2406
f 2462 2443 2406
f 2443 2463 2444
f 2461 2407 2444
f 2327 2464 2357
f 2405 2359 2465
f 2444 2408 2443
f 2466 2357 2464
f 2357 2466 2389
f 2467 2465 2359
f 2468 2388 2445
f 2388 2468 2329
f 2329 2468 2391
f 2391 2469 2392
f 2359 2392 2467
f 2363 2336 2446
f 2446 2410 2409
f 2411 2448 2398
f 2413 2470 2412
f 2449 2470 2413
f 2416 2418 2471
f 2419 2449 2399
f 2417 2416 2472
f 2421 2473 2450
f 2474 2369 2400
f 2369 2474 2475
f 2369 2475 2422
f 2476 2473 2421
f 2422 2477 2371
f 2421 2424 2476
f 2371 2477 2423
f 2423 2478 2342
f 2479 2451 2372
f 2479 2372 2425
f 2342 2478 2428
f 2377 2453 2431
f 2346 2431 2480
f 2378 2346 2480
f 2378 2480 2432
f 2380 2432 2454
f 2432 2481 2454
f 2454 2457 2321
f 2482 2435 2457
f 2350 2483 2325
f 2458 2456 2433
f 2482 2355 2435
f 2482 2459 2355
f 2437 2484 2485
f 2485 2436 2437
f 2439 2486 2437
f 2325 2483 2403
f 2460 2442 2461
f 2439 2487 2486
f 2404 2487 2439
f 2487 2404 2405
f 2463 2443 2462
f 2444 2463 2461
f 2403 2464 2327
f 2389 2466 2488
f 2445 2389 2488
f 2391 2468 2469
f 2489 2336 2396
f 2336 2489 2446
f 2414 2415 2490
f 2490 2491 2414
f 2416 2471 2492
f 2419 2493 2449
f 2419 2450 2493
f 2493 2450 2473
f 2472 2400 2417
f 2472 2474 2400
f 2451 2476 2424
f 2478 2423 2477
f 2478 2494 2428
f 2425 2452 2479
f 2452 2426 2479
f 2428 2494 2427
f 2494 2495 2427
f 2426 2401 2496
f 2401 2430 2497
f 2427 2495 2429
f 2495 2498 2429
f 2350 2429 2498
f 2430 2455 2497
f 2453 2499 2500
f 2431 2453 2500
f 2431 2500 2501
f 2480 2431 2501
f 2432 2480 2481
f 2434 2502 2499
f 2453 2434 2499
f 2454 2481 2503
f 2504 2502 2456
f 2434 2456 2502
f 2454 2503 2505
f 2505 2457 2454
f 2498 2483 2350
f 2456 2458 2504
f 2505 2482 2457
f 2485 2458 2436
f 2506 2459 2482
f 2506 2507 2459
f 2484 2437 2508
f 2507 2440 2459
f 2437 2486 2508
f 2440 2507 2441
f 2441 2507 2462
f 2483 2509 2403
f 2460 2461 2510
f 2463 2462 2511
f 2461 2463 2511
f 2403 2509 2464
f 2465 2512 2487
f 2509 2513 2464
f 2405 2465 2487
f 2464 2513 2466
f 2514 2465 2467
f 2445 2488 2515
f 2468 2445 2515
f 2468 2515 2469
f 2469 2467 2392
f 2411 2410 2516
f 2448 2411 2516
f 2410 2446 2489
f 2396 2412 2489
f 2489 2516 2410
f 2447 2448 2517
f 2470 2489 2412
f 2470 2449 2518
f 2418 2414 2519
f 2519 2414 2491
f 2415 2517 2490
f 2447 2517 2415
f 2418 2520 2471
f 2449 2521 2518
f 2449 2493 2521
f 2472 2416 2492
f 2519 2520 2418
f 2493 2473 2521
f 2473 2522 2521
f 2522 2473 2476
f 2475 2523 2422
f 2476 2451 2522
f 2422 2523 2477
f 2477 2524 2478
f 2478 2524 2494
f 2524 2495 2494
f 2479 2426 2496
f 2401 2497 2496
f 2495 2525 2498
f 2525 2526 2498
f 2500 2527 2501
f 2501 2527 2480
f 2480 2527 2528
f 2499 2529 2500
f 2528 2481 2480
f 2481 2528 2503
f 2529 2499 2502
f 2438 2460 2455
f 2498 2509 2483
f 2482 2505 2506
f 2530 2504 2485
f 2458 2485 2504
f 2485 2484 2530
f 2507 2506 2531
f 2460 2510 2532
f 2533 2507 2531
f 2508 2534 2484
f 2532 2510 2535
f 2510 2461 2535
f 2486 2534 2508
f 2462 2507 2533
f 2462 2533 2511
f 2461 2511 2535
f 2486 2536 2534
f 2486 2537 2536
f 2537 2486 2487
f 2512 2537 2487
f 2538 2512 2465
f 2538 2465 2514
f 2513 2539 2466
f 2488 2466 2539
f 2540 2488 2539
f 2541 2514 2467
f 2488 2540 2515
f 2469 2515 2542
f 2469 2542 2541
f 2467 2469 2541
f 2543 2448 2544
f 2448 2516 2544
f 2489 2545 2516
f 2545 2489 2546
f 2489 2470 2546
f 2517 2448 2543
f 2546 2470 2518
f 2519 2491 2490
f 2547 2546 2518
f 2518 2521 2547
f 2547 2521 2548
f 2522 2548 2521
f 2549 2474 2472
f 2548 2522 2550
f 2474 2549 2475
f 2522 2451 2550
f 2475 2549 2523
f 2523 2551 2477
f 2451 2479 2552
f 2550 2451 2552
f 2524 2477 2551
f 2552 2479 2496
f 2524 2525 2495
f 2525 2524 2553
f 2554 2525 2553
f 2496 2497 2555
f 2554 2556 2525
f 2497 2455 2555
f 2526 2557 2498
f 2555 2455 2558
f 2559 2560 2527
f 2529 2559 2500
f 2527 2500 2559
f 2527 2560 2528
f 2560 2561 2528
f 2455 2460 2558
f 2529 2502 2562
f 2561 2503 2528
f 2503 2561 2563
f 2502 2504 2562
f 2563 2505 2503
f 2562 2504 2564
f 2505 2563 2506
f 2506 2563 2531
f 2558 2532 2565
f 2558 2460 2532
f 2557 2566 2509
f 2498 2557 2509
f 2564 2504 2530
f 2567 2564 2530
f 2568 2566 2557
f 2530 2484 2567
f 2531 2569 2533
f 2565 2535 2569
f 2532 2535 2565
f 2567 2534 2570
f 2567 2484 2534
f 2511 2533 2569
f 2535 2511 2569
f 2536 2570 2534
f 2509 2566 2513
f 2538 2537 2512
f 2539 2566 2568
f 2513 2566 2539
f 2538 2514 2571
f 2540 2572 2542
f 2572 2571 2542
f 2571 2514 2541
f 2542 2515 2540
f 2571 2541 2542
f 2543 2544 2573
f 2516 2574 2544
f 2545 2575 2516
f 2576 2575 2545
f 2545 2546 2576
f 2517 2543 2573
f 2544 2574 2573
f 2516 2575 2574
f 2546 2577 2576
f 2520 2519 2578
f 2578 2519 2490
f 2579 2578 2490
f 2517 2579 2490
f 2573 2580 2517
f 2546 2547 2577
f 2492 2471 2581
f 2471 2520 2581
f 2582 2581 2520
f 2578 2582 2520
f 2517 2580 2579
f 2583 2577 2547
f 2548 2583 2547
f 2472 2492 2584
f 2581 2584 2492
f 2549 2472 2585
f 2584 2585 2472
f 2586 2583 2548
f 2550 2586 2548
f 2523 2549 2587
f 2585 2587 2549
f 2586 2588 2583
f 2550 2552 2586
f 2523 2589 2551
f 2589 2523 2587
f 2589 2553 2551
f 2586 2552 2588
f 2551 2553 2524
f 2552 2590 2588
f 2590 2552 2591
f 2552 2496 2591
f 2592 2553 2589
f 2554 2553 2592
f 2496 2555 2591
f 2591 2555 2593
f 2556 2554 2592
f 2525 2556 2526
f 2593 2558 2594
f 2555 2558 2593
f 2595 2596 2597
f 2556 2598 2557
f 2526 2556 2557
f 2599 2597 2559
f 2560 2559 2597
f 2596 2560 2597
f 2561 2560 2596
f 2595 2561 2596
f 2600 2561 2595
f 2559 2529 2599
f 2600 2563 2561
f 2599 2601 2602
f 2562 2601 2599
f 2529 2562 2599
f 2562 2564 2601
f 2531 2563 2600
f 2594 2565 2603
f 2558 2565 2594
f 2564 2604 2602
f 2601 2564 2602
f 2531 2600 2605
f 2598 2568 2557
f 2564 2567 2604
f 2569 2531 2605
f 2603 2569 2605
f 2565 2569 2603
f 2604 2570 2606
f 2607 2568 2598
f 2567 2570 2604
f 2606 2536 2608
f 2570 2536 2606
f 2608 2537 2609
f 2536 2537 2608
f 2537 2538 2609
f 2568 2610 2539
f 2610 2568 2607
f 2538 2571 2609
f 2611 2609 2571
f 2540 2539 2610
f 2612 2540 2610
f 2612 2611 2572
f 2571 2572 2611
f 2572 2540 2612
f 2575 2613 2574
f 2614 2613 2575
f 2576 2614 2575
f 2573 2615 2580
f 2574 2615 2573
f 2616 2615 2574
f 2613 2616 2574
f 2614 2616 2613
f 2577 2614 2576
f 2579 2617 2578
f 2618 2617 2579
f 2580 2618 2579
f 2615 2618 2580
f 2619 2616 2614
f 2577 2619 2614
f 2578 2617 2582
f 2620 2618 2615
f 2616 2620 2615
f 2619 2620 2616
f 2581 2621 2584
f 2582 2621 2581
f 2617 2621 2582
f 2618 2620 2617
f 2577 2622 2619
f 2583 2622 2577
f 2584 2623 2585
f 2624 2623 2584
f 2621 2624 2584
f 2620 2621 2617
f 2619 2625 2620
f 2622 2625 2619
f 2583 2588 2622
f 2587 2585 2626
f 2623 2626 2585
f 2587 2626 2589
f 2621 2627 2624
f 2622 2628 2625
f 2588 2628 2622
f 2623 2629 2626
f 2624 2629 2623
f 2620 2627 2621
f 2625 2627 2620
f 2629 2630 2626
f 2627 2629 2624
f 2588 2590 2628
f 2626 2630 2589
f 2631 2627 2625
f 2628 2632 2625
f 2633 2632 2628
f 2625 2632 2631
f 2590 2591 2633
f 2628 2590 2633
f 2627 2634 2629
f 2629 2635 2630
f 2634 2635 2629
f 2633 2636 2632
f 2632 2636 2631
f 2630 2592 2589
f 2631 2637 2627
f 2591 2636 2633
f 2630 2635 2592
f 2638 2637 2631
f 2636 2639 2631
f 2636 2591 2593
f 2636 2593 2639
f 2637 2640 2627
f 2641 2642 2637
f 2639 2593 2643
f 2644 2634 2627
f 2642 2640 2637
f 2639 2643 2631
f 2640 2645 2627
f 2592 2646 2556
f 2646 2592 2647
f 2635 2647 2592
f 2642 2648 2640
f 2595 2597 2642
f 2641 2595 2642
f 2631 2649 2638
f 2643 2649 2631
f 2593 2594 2643
f 2640 2650 2645
f 2642 2597 2648
f 2651 2595 2641
f 2638 2641 2637
f 2640 2652 2650
f 2648 2652 2640
f 2594 2649 2643
f 2634 2647 2635
f 2597 2599 2648
f 2600 2595 2651
f 2556 2646 2598
f 2653 2651 2641
f 2649 2654 2638
f 2645 2655 2627
f 2648 2602 2652
f 2599 2602 2648
f 2638 2653 2641
f 2654 2653 2638
f 2652 2656 2650
f 2594 2654 2649
f 2650 2656 2645
f 2652 2604 2656
f 2651 2605 2600
f 2653 2605 2651
f 2602 2604 2652
f 2654 2603 2653
f 2603 2605 2653
f 2594 2603 2654
f 2657 2655 2645
f 2656 2657 2645
f 2655 2644 2627
f 2604 2657 2656
f 2646 2607 2598
f 2647 2658 2646
f 2658 2607 2646
f 2634 2658 2647
f 2604 2606 2657
f 2657 2659 2655
f 2606 2659 2657
f 2659 2660 2655
f 2606 2608 2659
f 2655 2660 2644
f 2660 2661 2644
f 2659 2608 2660
f 2661 2634 2644
f 2608 2609 2660
f 2658 2662 2607
f 2634 2662 2658
f 2661 2662 2634
f 2609 2661 2660
f 2662 2610 2607
f 2609 2611 2661
f 2662 2612 2610
f 2661 2611 2662
f 2611 2612 2662
f 2663 2664 2665
f 2666 2663 2665
f 2667 2666 2665
f 2668 2666 2667
f 2669 2670 2671
f 2672 2669 2671
f 2673 2669 2672
f 2664 2673 2672
f 2674 2664 2672
f 2665 2664 2674
f 2667 2665 2675
f 2676 2667 2675
f 2668 2667 2676
f 2677 2668 2676
f 2670 2678 2671
f 2675 2665 2674
f 2679 2677 2676
f 2678 2680 2681
f 2671 2678 2681
f 2676 2675 2682
f 2683 2684 2685
f 2680 2684 2683
f 2681 2680 2683
f 2671 2681 2686
f 2672 2671 2686
f 2674 2672 2686
f 2687 2676 2682
f 2679 2676 2687
f 2684 2688 2685
f 2681 2683 2686
f 2675 2674 2686
f 2688 2689 2690
f 2685 2688 2690
f 2691 2692 2687
f 2693 2690 2689
f 2694 2683 2685
f 2686 2683 2694
f 2675 2686 2682
f 2687 2682 2695
f 2685 2690 2696
f 2685 2696 2694
f 2682 2697 2695
f 2698 2691 2687
f 2687 2695 2698
f 2682 2686 2694
f 2682 2694 2699
f 2694 2696 2700
f 2701 2682 2702
f 2695 2697 2703
f 2697 2682 2704
f 2704 2682 2701
f 2705 2690 2693
f 2696 2690 2706
f 2706 2690 2705
f 2700 2696 2706
f 2703 2697 2704
f 2695 2703 2707
f 2707 2698 2695
f 2682 2699 2702
f 2704 2701 2708
f 2707 2703 2709
f 2699 2694 2710
f 2703 2704 2708
f 2703 2708 2709
f 2702 2699 2711
f 2709 2708 2712
f 2702 2711 2713
f 2699 2710 2714
f 2711 2699 2714
f 2715 2711 2714
f 2713 2711 2715
f 2708 2701 2716
f 2712 2708 2716
f 2717 2709 2712
f 2714 2710 2718
f 2713 2715 2719
f 2705 2720 2721
f 2706 2705 2721
f 2714 2718 2722
f 2723 2714 2722
f 2715 2714 2723
f 2715 2723 2719
f 2702 2713 2724
f 2725 2702 2724
f 2718 2710 2726
f 2724 2713 2719
f 2726 2710 2727
f 2722 2718 2728
f 2701 2702 2725
f 2712 2716 2717
f 2710 2694 2727
f 2718 2726 2729
f 2729 2726 2730
f 2729 2728 2718
f 2716 2701 2725
f 2726 2727 2730
f 2717 2716 2731
f 2731 2716 2725
f 2724 2732 2725
f 2730 2727 2733
f 2734 2729 2730
f 2735 2725 2732
f 2731 2725 2735
f 2694 2700 2736
f 2734 2730 2733
f 2700 2706 2737
f 2694 2736 2727
f 2706 2721 2737
f 2738 2721 2720
f 2733 2727 2739
f 2740 2733 2739
f 2737 2721 2738
f 2727 2736 2741
f 2739 2727 2741
f 2736 2700 2737
f 2739 2741 2742
f 2743 2739 2742
f 2743 2740 2739
f 2742 2741 2736
f 2736 2737 2744
f 2737 2738 2745
f 2742 2736 2744
f 2746 2743 2742
f 2744 2737 2745
f 2745 2738 2747
f 2742 2744 2746
f 2748 2745 2747
f 2744 2745 2748
f 2746 2744 2748
f 2749 2750 2663
f 2663 2750 2664
f 2751 2749 2663
f 2752 2753 2668
f 2750 2754 2673
f 2666 2751 2663
f 2753 2751 2666
f 2668 2753 2666
f 2670 2755 2756
f 2754 2755 2670
f 2673 2754 2669
f 2664 2750 2673
f 2757 2752 2677
f 2756 2758 2678
f 2669 2754 2670
f 2677 2752 2668
f 2758 2759 2678
f 2670 2756 2678
f 2757 2677 2679
f 2760 2757 2679
f 2680 2761 2684
f 2759 2761 2680
f 2678 2759 2680
f 2760 2679 2692
f 2762 2763 2688
f 2761 2762 2684
f 2760 2692 2764
f 2763 2765 2689
f 2763 2689 2688
f 2762 2688 2684
f 2679 2687 2692
f 2764 2692 2766
f 2766 2692 2691
f 2693 2765 2767
f 2765 2693 2689
f 2766 2691 2698
f 2768 2766 2698
f 2707 2768 2698
f 2769 2693 2767
f 2693 2769 2705
f 2707 2709 2768
f 2768 2709 2770
f 2717 2770 2709
f 2705 2769 2720
f 2771 2770 2717
f 2720 2769 2772
f 2773 2723 2722
f 2774 2723 2773
f 2775 2720 2772
f 2728 2773 2722
f 2719 2723 2774
f 2773 2728 2776
f 2777 2773 2778
f 2774 2773 2777
f 2774 2779 2719
f 2724 2719 2779
f 2780 2724 2779
f 2781 2771 2717
f 2724 2780 2732
f 2782 2728 2729
f 2783 2776 2728
f 2784 2780 2785
f 2731 2781 2717
f 2783 2728 2782
f 2732 2780 2784
f 2731 2786 2781
f 2734 2782 2729
f 2787 2783 2782
f 2784 2788 2732
f 2735 2789 2731
f 2789 2786 2731
f 2735 2732 2788
f 2733 2740 2734
f 2782 2734 2790
f 2791 2787 2790
f 2790 2787 2782
f 2789 2735 2792
f 2793 2720 2775
f 2720 2793 2738
f 2792 2735 2788
f 2734 2740 2794
f 2794 2790 2734
f 2794 2740 2795
f 2743 2796 2740
f 2795 2740 2796
f 2797 2796 2743
f 2798 2795 2796
f 2743 2746 2797
f 2796 2797 2799
f 2798 2796 2799
f 2738 2793 2747
f 2797 2746 2800
f 2799 2797 2801
f 2793 2802 2747
f 2797 2800 2801
f 2747 2802 2803
f 2748 2804 2746
f 2804 2805 2746
f 2800 2746 2805
f 2748 2747 2803
f 2806 2803 2807
f 2748 2803 2806
f 2804 2748 2806
f 2808 2804 2806
f 2805 2804 2808
f 2809 2810 2749
f 2811 2809 2751
f 2812 2813 2750
f 2810 2812 2750
f 2749 2810 2750
f 2751 2809 2749
f 2811 2751 2753
f 2814 2811 2753
f 2815 2814 2753
f 2750 2813 2754
f 2752 2815 2753
f 2815 2816 2817
f 2755 2758 2756
f 2754 2813 2755
f 2757 2815 2752
f 2816 2815 2757
f 2762 2761 2818
f 2818 2761 2819
f 2758 2819 2759
f 2757 2760 2816
f 2820 2816 2760
f 2759 2819 2761
f 2821 2763 2822
f 2760 2823 2820
f 2762 2822 2763
f 2823 2760 2764
f 2824 2765 2821
f 2821 2765 2763
f 2765 2825 2767
f 2826 2767 2825
f 2827 2764 2766
f 2766 2828 2827
f 2766 2768 2828
f 2829 2767 2826
f 2769 2767 2829
f 2770 2828 2768
f 2769 2829 2772
f 2830 2770 2771
f 2772 2831 2775
f 2774 2777 2779
f 2776 2778 2773
f 2776 2832 2778
f 2777 2778 2833
f 2834 2777 2833
f 2779 2777 2785
f 2779 2785 2780
f 2783 2835 2776
f 2776 2835 2832
f 2836 2837 2785
f 2785 2837 2784
f 2787 2838 2783
f 2783 2838 2839
f 2783 2839 2835
f 2784 2837 2840
f 2784 2840 2841
f 2831 2842 2775
f 2788 2784 2841
f 2787 2791 2838
f 2775 2842 2793
f 2791 2790 2843
f 2844 2788 2841
f 2843 2790 2845
f 2792 2788 2846
f 2846 2788 2844
f 2847 2786 2789
f 2794 2848 2790
f 2848 2845 2790
f 2795 2848 2794
f 2845 2848 2849
f 2795 2798 2848
f 2798 2799 2850
f 2793 2842 2802
f 2801 2800 2851
f 2852 2802 2842
f 2800 2853 2851
f 2803 2802 2852
f 2805 2853 2800
f 2807 2803 2854
f 2808 2806 2807
f 2855 2808 2807
f 2856 2808 2855
f 2805 2808 2856
f 2857 2809 2811
f 2858 2811 2814
f 2813 2812 2859
f 2809 2860 2810
f 2810 2859 2812
f 2815 2861 2814
f 2755 2813 2862
f 2815 2817 2861
f 2819 2758 2863
f 2864 2817 2816
f 2818 2819 2863
f 2864 2816 2820
f 2865 2864 2820
f 2818 2822 2762
f 2821 2822 2866
f 2865 2820 2823
f 2823 2867 2865
f 2821 2866 2824
f 2868 2823 2764
f 2868 2867 2823
f 2824 2869 2765
f 2869 2825 2765
f 2870 2868 2827
f 2827 2868 2764
f 2871 2828 2770
f 2829 2872 2772
f 2872 2873 2772
f 2831 2873 2874
f 2831 2772 2873
f 2832 2833 2778
f 2834 2836 2777
f 2777 2836 2785
f 2875 2832 2835
f 2833 2832 2875
f 2876 2834 2877
f 2836 2834 2876
f 2875 2835 2878
f 2878 2835 2839
f 2837 2879 2840
f 2781 2880 2771
f 2831 2874 2842
f 2838 2791 2843
f 2881 2838 2843
f 2839 2838 2881
f 2841 2840 2882
f 2781 2786 2847
f 2781 2847 2880
f 2841 2882 2883
f 2841 2883 2844
f 2844 2883 2846
f 2874 2884 2842
f 2885 2845 2849
f 2886 2846 2883
f 2789 2792 2887
f 2888 2848 2798
f 2849 2848 2888
f 2888 2798 2850
f 2799 2801 2889
f 2850 2799 2889
f 2842 2884 2852
f 2889 2801 2851
f 2890 2851 2853
f 2891 2803 2852
f 2890 2853 2892
f 2803 2891 2854
f 2805 2856 2853
f 2856 2892 2853
f 2807 2854 2893
f 2807 2893 2855
f 2856 2855 2894
f 2857 2860 2809
f 2858 2895 2811
f 2895 2857 2811
f 2861 2896 2814
f 2755 2862 2758
f 2897 2818 2863
f 2758 2862 2863
f 2865 2898 2864
f 2899 2822 2900
f 2818 2900 2822
f 2822 2899 2866
f 2901 2902 2825
f 2825 2902 2826
f 2903 2827 2828
f 2826 2902 2829
f 2902 2904 2829
f 2828 2871 2905
f 2904 2872 2829
f 2873 2906 2874
f 2830 2871 2770
f 2833 2877 2834
f 2871 2830 2907
f 2908 2833 2875
f 2877 2833 2908
f 2837 2836 2876
f 2878 2909 2875
f 2837 2876 2879
f 2909 2878 2839
f 2879 2910 2840
f 2906 2911 2874
f 2909 2839 2881
f 2840 2910 2912
f 2880 2830 2771
f 2882 2840 2912
f 2843 2885 2913
f 2845 2885 2843
f 2883 2882 2914
f 2874 2911 2884
f 2847 2789 2887
f 2915 2885 2849
f 2883 2914 2886
f 2846 2887 2792
f 2888 2916 2849
f 2917 2888 2850
f 2917 2850 2889
f 2890 2889 2851
f 2884 2918 2852
f 2918 2891 2852
f 2919 2890 2892
f 2920 2854 2891
f 2893 2854 2920
f 2855 2893 2921
f 2855 2921 2894
f 2856 2894 2922
f 2892 2856 2922
f 2895 2858 2923
f 2924 2814 2925
f 2860 2926 2810
f 2814 2924 2858
f 2896 2925 2814
f 2927 2896 2861
f 2859 2928 2813
f 2817 2927 2861
f 2817 2929 2927
f 2863 2930 2897
f 2930 2863 2862
f 2864 2929 2817
f 2898 2931 2864
f 2897 2900 2818
f 2898 2865 2931
f 2932 2931 2865
f 2932 2865 2867
f 2866 2933 2824
f 2824 2933 2869
f 2934 2868 2870
f 2905 2903 2828
f 2904 2873 2872
f 2875 2935 2908
f 2876 2877 2936
f 2875 2909 2937
f 2875 2937 2935
f 2910 2879 2938
f 2881 2939 2909
f 2910 2938 2912
f 2881 2843 2913
f 2939 2881 2913
f 2830 2880 2940
f 2885 2941 2913
f 2912 2942 2943
f 2943 2882 2912
f 2880 2847 2944
f 2882 2943 2914
f 2911 2945 2884
f 2849 2916 2915
f 2887 2946 2847
f 2916 2888 2917
f 2947 2948 2914
f 2914 2948 2886
f 2886 2949 2846
f 2846 2950 2887
f 2949 2950 2846
f 2949 2886 2948
f 2945 2918 2884
f 2889 2951 2917
f 2889 2952 2951
f 2890 2952 2889
f 2890 2919 2952
f 2953 2891 2918
f 2891 2953 2920
f 2919 2892 2954
f 2892 2922 2954
f 2955 2895 2956
f 2895 2955 2857
f 2895 2923 2956
f 2957 2859 2958
f 2959 2958 2859
f 2810 2959 2859
f 2926 2959 2810
f 2960 2926 2860
f 2857 2960 2860
f 2924 2923 2858
f 2859 2957 2928
f 2928 2862 2813
f 2864 2961 2929
f 2930 2962 2897
f 2931 2961 2864
f 2899 2933 2866
f 2933 2963 2869
f 2869 2963 2825
f 2868 2934 2867
f 2963 2901 2825
f 2870 2964 2934
f 2827 2964 2870
f 2903 2964 2827
f 2871 2965 2905
f 2904 2966 2873
f 2908 2935 2967
f 2877 2908 2968
f 2877 2968 2936
f 2936 2879 2876
f 2969 2879 2936
f 2969 2938 2879
f 2909 2970 2937
f 2909 2939 2970
f 2938 2942 2912
f 2940 2907 2830
f 2913 2941 2971
f 2971 2939 2913
f 2885 2972 2941
f 2915 2972 2885
f 2947 2914 2973
f 2973 2914 2943
f 2946 2944 2847
f 2917 2974 2916
f 2946 2887 2950
f 2949 2948 2975
f 2950 2949 2976
f 2918 2977 2953
f 2920 2978 2893
f 2979 2978 2920
f 2893 2978 2921
f 2894 2921 2980
f 2894 2980 2922
f 2926 2960 2981
f 2923 2982 2956
f 2924 2982 2923
f 2955 2960 2857
f 2983 2925 2896
f 2927 2983 2896
f 2984 2985 2862
f 2928 2984 2862
f 2927 2929 2986
f 2985 2930 2862
f 2987 2900 2988
f 2897 2988 2900
f 2987 2989 2899
f 2900 2987 2899
f 2961 2931 2990
f 2931 2932 2991
f 2989 2992 2933
f 2899 2989 2933
f 2933 2992 2963
f 2991 2932 2993
f 2932 2867 2993
f 2993 2867 2994
f 2934 2994 2867
f 2964 2994 2934
f 2902 2966 2904
f 2966 2902 2995
f 2905 2965 2903
f 2966 2996 2873
f 2996 2997 2873
f 2873 2997 2906
f 2871 2907 2965
f 2935 2937 2998
f 2967 2935 2998
f 2999 2908 2967
f 2968 2908 2999
f 3000 2969 2936
f 2970 2939 2971
f 2942 3001 2943
f 2943 3002 2973
f 2880 3003 2940
f 2915 2974 2972
f 2916 2974 2915
f 2944 3003 2880
f 2945 3004 2918
f 2974 2917 2951
f 2947 2973 3005
f 2948 2947 3005
f 2975 2948 3005
f 2975 2976 2949
f 3006 2950 2976
f 2946 2950 3006
f 2920 2953 3007
f 2920 3007 2979
f 2919 2954 2952
f 3008 2921 2978
f 2922 2980 3009
f 2954 2922 3009
f 3010 2955 3011
f 3010 2981 2960
f 2955 3010 2960
f 2956 3011 2955
f 2982 3011 2956
f 2982 2924 3011
f 2926 3012 2959
f 2925 2983 3013
f 2959 3012 2958
f 3014 2984 2928
f 2957 3014 2928
f 2927 2986 2983
f 2930 2985 3015
f 3016 2988 2897
f 2962 3016 2897
f 3017 2929 2961
f 3018 3019 2961
f 2989 2987 3020
f 2990 3018 2961
f 2992 2989 3021
f 2991 2990 2931
f 2963 3022 2901
f 2994 2964 3023
f 2901 3022 2902
f 3022 2995 2902
f 2964 2903 3023
f 3024 3023 2903
f 2965 3024 2903
f 3025 2965 3026
f 2997 3027 2906
f 2965 2907 3026
f 2998 3028 2967
f 2999 2967 3028
f 2937 3029 2998
f 2936 2968 3000
f 3030 3029 2937
f 2969 3031 2938
f 3030 2937 2970
f 2907 2940 3032
f 2970 2971 3030
f 2971 3033 3030
f 2941 3033 2971
f 2943 3001 3002
f 3034 3032 2940
f 2911 3004 2945
f 2940 3003 3034
f 3035 2941 2972
f 3036 2973 3002
f 3004 2977 2918
f 3037 3003 2944
f 3038 2974 2951
f 2946 3037 2944
f 3006 3037 2946
f 3039 2951 2952
f 3005 3040 3041
f 2975 3005 3041
f 2975 3042 2976
f 3041 3042 2975
f 2952 2954 3039
f 3043 2976 3042
f 3006 2976 3043
f 2921 3008 3044
f 2921 3044 2980
f 3045 2981 3046
f 3046 2981 3010
f 3011 2924 3047
f 3047 2924 3048
f 3049 3012 2926
f 2981 3049 2926
f 2925 3048 2924
f 3013 3048 2925
f 2983 2986 3013
f 2985 2984 3050
f 2929 3017 2986
f 2962 3051 3016
f 2930 3051 2962
f 3015 3051 2930
f 2961 3052 3017
f 3019 3052 2961
f 2988 3053 2987
f 3020 3021 2989
f 2990 3054 3018
f 3054 2990 2991
f 2992 3055 3056
f 2992 3056 2963
f 2991 2993 3057
f 2963 3058 3022
f 3059 2993 2994
f 2994 3060 3059
f 3060 2994 3023
f 3060 3023 3061
f 3061 3023 3024
f 2965 3062 3024
f 2966 3063 2996
f 2965 3025 3062
f 3026 3064 3025
f 2968 2999 3065
f 2998 3029 3066
f 2968 3065 3000
f 2906 3027 2911
f 2969 3000 3031
f 3026 2907 3032
f 3026 3032 3067
f 2911 3027 3068
f 2938 3031 3069
f 2938 3069 2942
f 3069 3001 2942
f 3068 3004 2911
f 3032 3034 3070
f 2941 3035 3033
f 3002 3071 3036
f 3072 3070 3034
f 2974 3035 2972
f 3035 2974 3073
f 3034 3003 3074
f 3034 3074 3072
f 3036 3075 2973
f 3003 3037 3074
f 2973 3040 3005
f 3076 3074 3037
f 3038 2951 3039
f 3006 3076 3037
f 2978 3077 3008
f 2954 3078 3039
f 3078 2954 3009
f 3079 3006 3043
f 3076 3006 3079
f 3080 3012 3049
f 3081 3046 3010
f 3011 3081 3010
f 3082 3081 3011
f 3083 3082 3011
f 3047 3083 3011
f 2981 3045 3049
f 3013 3084 3048
f 3085 3014 3086
f 2958 3087 2957
f 3012 3087 2958
f 3050 2984 3085
f 3014 3085 2984
f 3087 3014 2957
f 3088 3015 3050
f 3050 3015 2985
f 3016 3053 2988
f 3053 3020 2987
f 3089 3052 3019
f 3020 3090 3021
f 3018 3089 3019
f 3021 3090 3055
f 2992 3021 3055
f 2991 3091 3054
f 2991 3057 3091
f 3056 3058 2963
f 3092 3057 2993
f 3092 2993 3059
f 3024 3093 3061
f 2995 3063 2966
f 3062 3025 3094
f 3025 3095 3094
f 3096 3095 3025
f 2996 3027 2997
f 3025 3064 3096
f 3028 2998 3097
f 2999 3028 3065
f 3064 3026 3067
f 3000 3065 3098
f 3000 3098 3099
f 3000 3099 3031
f 3100 3029 3030
f 3032 3101 3067
f 3102 3103 3030
f 3069 3104 3001
f 3032 3070 3101
f 3102 3030 3033
f 3105 3101 3070
f 3102 3033 3106
f 3035 3106 3033
f 3074 3107 3072
f 3004 3108 2977
f 3109 3073 3038
f 2974 3038 3073
f 3075 3040 2973
f 3107 3074 3110
f 2977 3108 2953
f 3109 3038 3039
f 2979 3007 3111
f 2978 2979 3112
f 2979 3111 3112
f 2978 3112 3077
f 3041 3040 3113
f 3041 3113 3042
f 3043 3042 3114
f 3115 3043 3114
f 3079 3043 3115
f 3045 3046 3116
f 3084 3047 3048
f 3080 3087 3012
f 3117 3084 3013
f 3087 3086 3014
f 2986 3118 3013
f 3017 3118 2986
f 3119 3053 3120
f 3051 3120 3016
f 3015 3088 3051
f 3120 3053 3016
f 3020 3121 3090
f 3121 3020 3119
f 3053 3119 3020
f 3122 3089 3018
f 3018 3054 3122
f 3091 3122 3054
f 3058 3123 3022
f 3060 3124 3059
f 3022 3123 2995
f 3061 3124 3060
f 3093 3125 3061
f 3126 3093 3024
f 3062 3126 3024
f 3062 3094 3126
f 3027 2996 3063
f 3096 3127 3095
f 3097 3128 3028
f 3064 3067 3096
f 3129 3130 3066
f 2998 3066 3130
f 3097 2998 3130
f 3131 3096 3067
f 3100 3066 3029
f 3100 3132 3066
f 3066 3132 3129
f 3067 3101 3131
f 3103 3100 3030
f 3001 3071 3002
f 3070 3072 3105
f 3035 3073 3106
f 3072 3133 3105
f 3068 3134 3004
f 3072 3107 3133
f 3109 3135 3073
f 3036 3136 3075
f 3134 3137 3004
f 3004 3137 3108
f 3074 3138 3110
f 3007 2953 3108
f 3108 3111 3007
f 3040 3075 3139
f 3139 3113 3040
f 3074 3076 3138
f 3008 3077 3044
f 3076 3079 3140
f 3138 3076 3140
f 3042 3113 3141
f 3141 3114 3042
f 3079 3115 3142
f 3143 3045 3116
f 3082 3144 3081
f 3083 3144 3082
f 3143 3080 3049
f 3045 3143 3049
f 3145 3085 3086
f 3080 3146 3087
f 3117 3013 3118
f 3147 3050 3085
f 3087 3146 3086
f 3088 3050 3148
f 3118 3149 3150
f 3051 3088 3120
f 3149 3118 3017
f 3149 3017 3052
f 3089 3151 3052
f 3151 3089 3152
f 3055 3153 3056
f 3091 3057 3154
f 3057 3092 3154
f 3123 3058 3155
f 3123 3156 2995
f 3061 3125 3124
f 3157 3124 3125
f 2995 3156 3063
f 3093 3126 3158
f 3126 3094 3159
f 3095 3127 3094
f 3028 3128 3160
f 3160 3065 3028
f 3161 3100 3103
f 3102 3162 3161
f 3161 3103 3102
f 3101 3163 3164
f 3001 3104 3071
f 3165 3162 3102
f 3105 3163 3101
f 3106 3165 3102
f 3071 3166 3036
f 3167 3106 3073
f 3135 3167 3073
f 3105 3133 3163
f 3168 3109 3039
f 3039 3078 3168
f 3139 3169 3113
f 2980 3044 3170
f 3009 2980 3170
f 3170 3078 3009
f 3169 3171 3113
f 3171 3141 3113
f 3140 3079 3142
f 3142 3115 3114
f 3046 3081 3172
f 3081 3144 3173
f 3172 3081 3173
f 3173 3144 3174
f 3144 3083 3175
f 3083 3047 3176
f 3175 3083 3176
f 3047 3084 3176
f 3176 3084 3177
f 3146 3080 3178
f 3086 3146 3145
f 3117 3118 3179
f 3145 3147 3085
f 3120 3148 3180
f 3050 3147 3148
f 3181 3120 3180
f 3148 3120 3088
f 3119 3120 3181
f 3149 3151 3182
f 3119 3183 3121
f 3151 3149 3052
f 3090 3153 3055
f 3122 3152 3089
f 3153 3184 3056
f 3184 3058 3056
f 3184 3185 3058
f 3122 3091 3186
f 3186 3091 3154
f 3092 3187 3154
f 3059 3188 3092
f 3188 3059 3124
f 3125 3093 3158
f 3125 3158 3189
f 3158 3126 3159
f 3094 3190 3159
f 3156 3191 3063
f 3190 3094 3127
f 3063 3191 3027
f 3127 3096 3192
f 3096 3193 3192
f 3194 3195 3128
f 3128 3195 3160
f 3129 3196 3130
f 3128 3097 3130
f 3096 3131 3193
f 3098 3065 3160
f 3197 3098 3160
f 3098 3197 3099
f 3099 3198 3031
f 3193 3131 3199
f 3068 3027 3200
f 3161 3201 3100
f 3100 3201 3132
f 3031 3198 3202
f 3202 3069 3031
f 3202 3104 3069
f 3131 3101 3164
f 3203 3071 3104
f 3203 3166 3071
f 3106 3167 3165
f 3166 3136 3036
f 3109 3168 3135
f 3136 3139 3075
f 3136 3204 3139
f 3205 3133 3107
f 3107 3110 3205
f 3108 3206 3111
f 3170 3207 3078
f 3207 3168 3078
f 3110 3138 3208
f 3209 3171 3169
f 3138 3140 3210
f 3211 3141 3171
f 3142 3212 3140
f 3140 3212 3210
f 3114 3141 3213
f 3178 3143 3214
f 3143 3116 3214
f 3172 3116 3046
f 3175 3174 3144
f 3084 3117 3177
f 3146 3178 3145
f 3143 3178 3080
f 3147 3145 3215
f 3179 3118 3216
f 3148 3147 3215
f 3118 3150 3216
f 3216 3150 3217
f 3149 3182 3150
f 3183 3119 3181
f 3121 3183 3218
f 3090 3121 3153
f 3219 3151 3152
f 3122 3219 3152
f 3186 3219 3122
f 3058 3185 3155
f 3186 3154 3220
f 3220 3154 3187
f 3124 3157 3221
f 3157 3125 3189
f 3158 3222 3189
f 3158 3159 3222
f 3222 3159 3190
f 3127 3192 3190
f 3196 3223 3130
f 3128 3130 3194
f 3130 3223 3194
f 3192 3193 3224
f 3129 3132 3196
f 3099 3197 3198
f 3193 3199 3224
f 3225 3201 3161
f 3203 3104 3202
f 3131 3164 3199
f 3163 3226 3164
f 3200 3134 3068
f 3163 3227 3226
f 3166 3228 3136
f 3163 3133 3227
f 3135 3229 3230
f 3168 3229 3135
f 3137 3206 3108
f 3229 3168 3207
f 3204 3169 3139
f 3208 3205 3110
f 3044 3077 3231
f 3209 3169 3204
f 3208 3138 3210
f 3141 3211 3232
f 3213 3141 3232
f 3114 3233 3142
f 3213 3233 3114
f 3142 3233 3212
f 3174 3175 3234
f 3235 3174 3234
f 3234 3175 3236
f 3172 3214 3116
f 3117 3179 3177
f 3181 3180 3237
f 3238 3239 3151
f 3219 3238 3151
f 3238 3219 3240
f 3219 3186 3240
f 3186 3241 3240
f 3241 3186 3220
f 3155 3242 3123
f 3092 3188 3187
f 3188 3124 3221
f 3243 3123 3242
f 3221 3157 3244
f 3157 3245 3244
f 3243 3156 3123
f 3157 3189 3245
f 3189 3222 3246
f 3190 3192 3247
f 3194 3248 3195
f 3191 3249 3027
f 3192 3224 3247
f 3027 3249 3200
f 3198 3197 3250
f 3198 3251 3202
f 3225 3161 3162
f 3202 3252 3203
f 3199 3164 3253
f 3164 3226 3254
f 3203 3255 3166
f 3165 3167 3230
f 3167 3135 3230
f 3166 3255 3228
f 3226 3227 3256
f 3134 3206 3137
f 3228 3204 3136
f 3133 3257 3227
f 3205 3257 3133
f 3112 3111 3258
f 3077 3112 3259
f 3077 3259 3231
f 3044 3231 3260
f 3170 3044 3260
f 3260 3207 3170
f 3209 3211 3171
f 3261 3211 3209
f 3211 3261 3232
f 3210 3212 3262
f 3233 3213 3263
f 3213 3232 3263
f 3214 3172 3264
f 3173 3265 3172
f 3172 3265 3264
f 3174 3265 3173
f 3235 3265 3174
f 3178 3214 3266
f 3176 3236 3175
f 3176 3177 3267
f 3178 3268 3145
f 3177 3179 3269
f 3179 3216 3269
f 3145 3270 3215
f 3180 3148 3271
f 3148 3215 3271
f 3180 3271 3237
f 3150 3272 3217
f 3182 3272 3150
f 3182 3239 3272
f 3218 3183 3273
f 3181 3273 3183
f 3182 3151 3239
f 3184 3274 3185
f 3275 3185 3276
f 3155 3185 3275
f 3277 3220 3187
f 3244 3245 3278
f 3243 3279 3156
f 3245 3189 3280
f 3280 3189 3281
f 3189 3246 3281
f 3222 3282 3246
f 3222 3190 3283
f 3282 3222 3283
f 3190 3247 3283
f 3248 3284 3195
f 3249 3191 3285
f 3286 3287 3132
f 3287 3196 3132
f 3160 3195 3288
f 3288 3197 3160
f 3201 3286 3132
f 3198 3250 3251
f 3224 3199 3253
f 3202 3251 3252
f 3164 3254 3253
f 3203 3252 3255
f 3200 3289 3134
f 3255 3290 3228
f 3227 3257 3256
f 3111 3206 3258
f 3205 3208 3257
f 3112 3258 3259
f 3207 3260 3291
f 3204 3261 3209
f 3210 3292 3208
f 3262 3212 3233
f 3176 3267 3236
f 3177 3269 3293
f 3177 3293 3267
f 3266 3268 3178
f 3268 3294 3145
f 3294 3270 3145
f 3295 3215 3270
f 3271 3215 3296
f 3297 3216 3217
f 3237 3273 3181
f 3121 3298 3153
f 3298 3121 3218
f 3238 3299 3239
f 3300 3184 3153
f 3238 3240 3299
f 3274 3276 3185
f 3277 3187 3301
f 3188 3301 3187
f 3188 3302 3301
f 3188 3221 3302
f 3244 3303 3221
f 3304 3303 3244
f 3304 3244 3278
f 3278 3245 3280
f 3279 3285 3156
f 3191 3156 3285
f 3196 3287 3223
f 3284 3288 3195
f 3201 3305 3286
f 3305 3201 3225
f 3249 3289 3200
f 3162 3165 3225
f 3252 3306 3255
f 3254 3226 3307
f 3226 3256 3307
f 3289 3308 3134
f 3134 3308 3206
f 3258 3206 3309
f 3229 3207 3291
f 3231 3259 3310
f 3231 3310 3311
f 3311 3291 3260
f 3311 3260 3231
f 3312 3261 3204
f 3208 3292 3313
f 3257 3208 3313
f 3292 3210 3262
f 3261 3314 3232
f 3232 3314 3263
f 3233 3263 3315
f 3233 3315 3262
f 3236 3316 3234
f 3266 3317 3318
f 3214 3317 3266
f 3264 3317 3214
f 3319 3269 3216
f 3216 3297 3319
f 3320 3271 3296
f 3295 3296 3215
f 3217 3321 3297
f 3237 3271 3322
f 3217 3272 3321
f 3237 3322 3273
f 3272 3239 3323
f 3273 3298 3218
f 3239 3299 3323
f 3153 3324 3300
f 3299 3240 3325
f 3184 3300 3274
f 3240 3241 3326
f 3241 3327 3326
f 3327 3241 3220
f 3301 3328 3277
f 3275 3329 3155
f 3330 3155 3329
f 3242 3155 3330
f 3331 3242 3330
f 3302 3221 3303
f 3302 3303 3332
f 3331 3243 3242
f 3333 3243 3331
f 3278 3280 3334
f 3243 3333 3279
f 3246 3335 3281
f 3282 3335 3246
f 3247 3336 3283
f 3337 3223 3287
f 3194 3223 3248
f 3248 3338 3284
f 3247 3224 3339
f 3247 3339 3340
f 3197 3341 3250
f 3250 3341 3251
f 3341 3342 3251
f 3224 3253 3339
f 3225 3343 3305
f 3165 3343 3225
f 3306 3252 3251
f 3306 3344 3255
f 3229 3345 3230
f 3290 3255 3344
f 3229 3346 3345
f 3347 3307 3256
f 3346 3229 3291
f 3228 3290 3204
f 3309 3206 3308
f 3258 3309 3348
f 3259 3258 3348
f 3259 3348 3310
f 3261 3349 3314
f 3265 3235 3316
f 3235 3234 3316
f 3316 3236 3267
f 3350 3268 3318
f 3267 3293 3351
f 3294 3268 3350
f 3318 3268 3266
f 3269 3319 3293
f 3271 3352 3322
f 3320 3352 3271
f 3272 3323 3321
f 3273 3353 3298
f 3298 3324 3153
f 3240 3326 3325
f 3274 3354 3276
f 3276 3354 3275
f 3327 3220 3277
f 3328 3327 3277
f 3355 3301 3302
f 3355 3302 3332
f 3332 3303 3356
f 3303 3304 3356
f 3280 3281 3357
f 3358 3279 3333
f 3285 3279 3358
f 3282 3283 3336
f 3223 3337 3248
f 3359 3284 3338
f 3284 3359 3288
f 3340 3336 3247
f 3197 3288 3341
f 3249 3285 3360
f 3306 3251 3342
f 3165 3230 3343
f 3230 3345 3343
f 3344 3361 3290
f 3289 3362 3308
f 3204 3290 3363
f 3204 3363 3312
f 3257 3347 3256
f 3291 3311 3364
f 3310 3348 3365
f 3310 3365 3311
f 3349 3261 3366
f 3292 3262 3367
f 3262 3315 3367
f 3315 3263 3368
f 3263 3314 3368
f 3317 3264 3369
f 3265 3369 3264
f 3316 3267 3370
f 3318 3317 3371
f 3267 3351 3370
f 3293 3372 3351
f 3372 3293 3373
f 3293 3374 3373
f 3375 3270 3376
f 3294 3376 3270
f 3293 3319 3374
f 3270 3375 3295
f 3374 3319 3297
f 3296 3377 3320
f 3320 3377 3378
f 3321 3379 3297
f 3320 3378 3352
f 3322 3353 3273
f 3321 3323 3380
f 3299 3381 3323
f 3382 3383 3300
f 3325 3384 3299
f 3300 3383 3274
f 3326 3327 3385
f 3354 3386 3275
f 3386 3329 3275
f 3301 3387 3328
f 3301 3355 3387
f 3304 3278 3334
f 3334 3280 3357
f 3281 3335 3357
f 3282 3388 3335
f 3336 3388 3282
f 3360 3285 3358
f 3389 3359 3338
f 3338 3248 3337
f 3305 3390 3286
f 3305 3343 3390
f 3360 3391 3249
f 3392 3306 3393
f 3289 3249 3391
f 3344 3306 3392
f 3253 3254 3394
f 3362 3289 3391
f 3254 3307 3394
f 3307 3347 3395
f 3346 3291 3364
f 3361 3363 3290
f 3309 3308 3396
f 3348 3397 3365
f 3364 3311 3365
f 3312 3366 3261
f 3367 3315 3398
f 3265 3316 3369
f 3399 3318 3371
f 3317 3400 3371
f 3350 3318 3399
f 3376 3294 3401
f 3350 3401 3294
f 3295 3375 3402
f 3377 3296 3402
f 3295 3402 3296
f 3379 3321 3403
f 3321 3380 3403
f 3404 3298 3353
f 3324 3382 3300
f 3384 3381 3299
f 3325 3326 3405
f 3385 3327 3406
f 3328 3406 3327
f 3332 3407 3355
f 3332 3356 3407
f 3356 3304 3408
f 3408 3304 3334
f 3409 3334 3357
f 3358 3333 3410
f 3357 3335 3411
f 3412 3413 3337
f 3337 3414 3338
f 3413 3414 3337
f 3337 3287 3412
f 3389 3338 3414
f 3412 3287 3286
f 3359 3415 3288
f 3286 3390 3416
f 3341 3288 3415
f 3341 3417 3342
f 3342 3417 3418
f 3342 3418 3306
f 3419 3391 3360
f 3306 3418 3393
f 3346 3420 3345
f 3344 3392 3361
f 3362 3421 3308
f 3421 3396 3308
f 3346 3364 3422
f 3397 3423 3365
f 3364 3365 3423
f 3312 3363 3366
f 3257 3424 3347
f 3309 3396 3348
f 3397 3348 3396
f 3424 3257 3313
f 3314 3425 3368
f 3368 3398 3315
f 3367 3398 3426
f 3369 3316 3370
f 3400 3317 3427
f 3317 3369 3427
f 3372 3428 3351
f 3350 3399 3401
f 3372 3373 3429
f 3375 3430 3402
f 3402 3431 3377
f 3379 3374 3297
f 3432 3374 3379
f 3378 3377 3433
f 3352 3378 3434
f 3352 3434 3322
f 3435 3353 3322
f 3380 3323 3436
f 3298 3437 3324
f 3437 3298 3404
f 3405 3326 3385
f 3274 3438 3354
f 3354 3439 3386
f 3440 3406 3328
f 3328 3387 3440
f 3441 3330 3329
f 3442 3330 3441
f 3331 3330 3442
f 3407 3356 3408
f 3331 3442 3333
f 3442 3410 3333
f 3357 3411 3409
f 3410 3443 3358
f 3335 3388 3411
f 3419 3358 3443
f 3444 3388 3336
f 3358 3419 3360
f 3286 3416 3412
f 3336 3340 3444
f 3415 3445 3341
f 3446 3419 3443
f 3447 3390 3343
f 3447 3345 3448
f 3447 3343 3345
f 3392 3393 3449
f 3253 3394 3339
f 3392 3450 3361
f 3394 3307 3451
f 3421 3362 3452
f 3420 3346 3422
f 3453 3421 3454
f 3421 3453 3396
f 3397 3396 3453
f 3455 3397 3453
f 3422 3364 3423
f 3423 3397 3455
f 3292 3367 3313
f 3314 3349 3456
f 3314 3456 3425
f 3368 3425 3398
f 3427 3369 3457
f 3370 3458 3369
f 3458 3370 3459
f 3351 3428 3459
f 3372 3429 3428
f 3374 3460 3373
f 3375 3461 3430
f 3376 3461 3375
f 3402 3430 3431
f 3374 3432 3460
f 3377 3431 3433
f 3379 3403 3432
f 3322 3434 3435
f 3404 3353 3462
f 3323 3381 3436
f 3437 3382 3324
f 3384 3463 3381
f 3384 3325 3405
f 3405 3385 3464
f 3439 3354 3438
f 3387 3465 3440
f 3466 3465 3387
f 3387 3355 3466
f 3441 3329 3386
f 3355 3467 3466
f 3467 3355 3407
f 3468 3408 3334
f 3413 3469 3414
f 3469 3470 3414
f 3471 3472 3416
f 3472 3412 3416
f 3391 3452 3362
f 3448 3345 3420
f 3450 3392 3449
f 3420 3422 3473
f 3474 3455 3454
f 3455 3453 3454
f 3474 3475 3455
f 3476 3455 3475
f 3476 3423 3455
f 3473 3423 3476
f 3422 3423 3473
f 3363 3361 3477
f 3349 3366 3478
f 3478 3456 3349
f 3456 3479 3425
f 3369 3480 3457
f 3458 3480 3369
f 3458 3481 3480
f 3458 3482 3481
f 3427 3483 3400
f 3351 3459 3370
f 3428 3484 3459
f 3485 3399 3486
f 3371 3487 3399
f 3399 3485 3401
f 3429 3373 3460
f 3376 3488 3461
f 3401 3488 3376
f 3378 3489 3434
f 3433 3489 3378
f 3403 3380 3490
f 3353 3435 3462
f 3491 3382 3437
f 3382 3492 3383
f 3384 3405 3463
f 3383 3438 3274
f 3385 3493 3464
f 3385 3406 3493
f 3440 3494 3406
f 3439 3495 3386
f 3386 3496 3441
f 3467 3407 3497
f 3497 3407 3408
f 3334 3409 3498
f 3499 3411 3388
f 3470 3500 3389
f 3389 3414 3470
f 3389 3500 3501
f 3501 3359 3389
f 3444 3499 3388
f 3415 3359 3502
f 3446 3443 3503
f 3416 3390 3504
f 3341 3445 3417
f 3447 3505 3504
f 3390 3447 3504
f 3506 3340 3507
f 3418 3508 3393
f 3507 3340 3339
f 3419 3446 3452
f 3509 3447 3448
f 3391 3419 3452
f 3393 3508 3449
f 3339 3394 3451
f 3421 3452 3510
f 3511 3421 3510
f 3420 3473 3512
f 3474 3421 3511
f 3421 3474 3454
f 3513 3361 3450
f 3307 3395 3451
f 3475 3473 3476
f 3513 3477 3361
f 3363 3477 3366
f 3479 3514 3425
f 3425 3514 3398
f 3459 3482 3458
f 3399 3515 3486
f 3487 3371 3400
f 3488 3401 3485
f 3430 3461 3516
f 3430 3516 3431
f 3460 3432 3517
f 3433 3518 3489
f 3436 3490 3380
f 3382 3491 3519
f 3382 3519 3492
f 3520 3494 3440
f 3465 3520 3440
f 3495 3496 3386
f 3441 3521 3442
f 3522 3408 3468
f 3498 3468 3334
f 3410 3442 3523
f 3524 3469 3413
f 3472 3525 3412
f 3525 3524 3412
f 3413 3412 3524
f 3502 3359 3501
f 3503 3443 3526
f 3415 3502 3445
f 3471 3416 3504
f 3445 3502 3417
f 3527 3528 3417
f 3504 3505 3529
f 3530 3444 3340
f 3417 3528 3418
f 3528 3531 3418
f 3531 3508 3418
f 3449 3532 3450
f 3420 3512 3448
f 3533 3474 3511
f 3475 3474 3533
f 3534 3475 3533
f 3473 3534 3512
f 3473 3475 3534
f 3477 3535 3366
f 3535 3478 3366
f 3424 3313 3536
f 3478 3537 3456
f 3456 3537 3479
f 3427 3538 3483
f 3457 3538 3427
f 3480 3538 3457
f 3459 3484 3482
f 3400 3483 3487
f 3484 3428 3539
f 3429 3540 3428
f 3429 3460 3541
f 3460 3542 3541
f 3460 3517 3542
f 3433 3431 3543
f 3431 3516 3543
f 3433 3543 3518
f 3403 3544 3432
f 3434 3489 3545
f 3436 3381 3546
f 3381 3463 3546
f 3463 3405 3547
f 3492 3438 3383
f 3405 3464 3548
f 3492 3549 3438
f 3493 3406 3494
f 3493 3494 3550
f 3438 3549 3439
f 3439 3549 3495
f 3495 3551 3496
f 3465 3466 3552
f 3465 3552 3520
f 3553 3552 3466
f 3553 3466 3467
f 3551 3554 3496
f 3496 3554 3441
f 3555 3441 3554
f 3521 3441 3555
f 3521 3556 3442
f 3442 3556 3523
f 3523 3526 3410
f 3410 3526 3443
f 3500 3470 3557
f 3502 3527 3417
f 3530 3499 3444
f 3503 3558 3446
f 3530 3340 3506
f 3505 3509 3559
f 3505 3447 3509
f 3560 3449 3508
f 3446 3558 3452
f 3558 3510 3452
f 3561 3450 3532
f 3339 3451 3562
f 3511 3510 3563
f 3563 3533 3511
f 3564 3533 3563
f 3534 3533 3564
f 3512 3534 3564
f 3513 3450 3561
f 3565 3395 3347
f 3535 3566 3478
f 3565 3347 3424
f 3313 3367 3567
f 3566 3537 3478
f 3568 3367 3426
f 3514 3426 3398
f 3487 3569 3570
f 3483 3569 3487
f 3428 3540 3539
f 3486 3571 3485
f 3486 3515 3571
f 3399 3570 3515
f 3399 3487 3570
f 3488 3572 3461
f 3517 3432 3544
f 3403 3490 3544
f 3434 3545 3435
f 3437 3404 3573
f 3437 3573 3491
f 3463 3547 3546
f 3519 3574 3492
f 3405 3548 3547
f 3548 3464 3493
f 3548 3493 3575
f 3520 3576 3494
f 3522 3468 3577
f 3556 3521 3555
f 3577 3468 3498
f 3578 3498 3409
f 3469 3579 3470
f 3500 3580 3501
f 3526 3523 3581
f 3582 3525 3471
f 3472 3471 3525
f 3583 3527 3502
f 3582 3471 3504
f 3504 3584 3582
f 3504 3529 3584
f 3503 3526 3585
f 3586 3529 3505
f 3587 3503 3585
f 3558 3503 3587
f 3560 3508 3531
f 3509 3448 3588
f 3560 3532 3449
f 3558 3589 3510
f 3589 3558 3587
f 3507 3339 3562
f 3588 3448 3512
f 3589 3563 3510
f 3590 3563 3589
f 3588 3512 3591
f 3591 3563 3590
f 3562 3451 3592
f 3591 3564 3563
f 3512 3564 3591
f 3592 3451 3395
f 3536 3565 3424
f 3313 3567 3536
f 3367 3568 3567
f 3479 3537 3593
f 3479 3593 3514
f 3480 3594 3538
f 3481 3594 3480
f 3482 3595 3481
f 3484 3595 3482
f 3540 3596 3539
f 3485 3571 3597
f 3429 3541 3540
f 3488 3597 3572
f 3597 3488 3485
f 3461 3572 3598
f 3461 3598 3516
f 3543 3599 3600
f 3543 3516 3599
f 3435 3601 3602
f 3404 3462 3603
f 3546 3490 3436
f 3604 3519 3491
f 3493 3550 3575
f 3495 3549 3605
f 3494 3576 3550
f 3520 3552 3606
f 3520 3606 3576
f 3495 3605 3551
f 3551 3607 3554
f 3607 3555 3554
f 3497 3408 3522
f 3555 3608 3556
f 3609 3578 3409
f 3581 3523 3556
f 3610 3557 3470
f 3469 3524 3579
f 3501 3580 3502
f 3411 3499 3611
f 3411 3611 3409
f 3612 3526 3581
f 3529 3586 3584
f 3586 3505 3559
f 3613 3587 3585
f 3509 3588 3614
f 3587 3613 3615
f 3615 3589 3587
f 3616 3588 3617
f 3590 3589 3615
f 3617 3590 3615
f 3591 3590 3617
f 3588 3591 3617
f 3513 3535 3477
f 3395 3565 3592
f 3426 3514 3618
f 3483 3594 3569
f 3538 3594 3483
f 3481 3595 3594
f 3484 3619 3595
f 3539 3619 3484
f 3540 3541 3620
f 3621 3516 3598
f 3516 3621 3599
f 3544 3622 3517
f 3544 3490 3623
f 3435 3545 3601
f 3462 3602 3603
f 3435 3602 3462
f 3404 3603 3573
f 3519 3604 3574
f 3547 3624 3546
f 3547 3548 3575
f 3575 3550 3625
f 3606 3552 3626
f 3552 3553 3626
f 3551 3605 3607
f 3553 3467 3627
f 3467 3497 3628
f 3467 3628 3627
f 3607 3608 3555
f 3556 3608 3629
f 3577 3498 3578
f 3470 3579 3610
f 3630 3631 3525
f 3579 3524 3631
f 3632 3525 3582
f 3631 3524 3525
f 3580 3500 3557
f 3409 3611 3609
f 3580 3583 3502
f 3583 3633 3527
f 3634 3581 3635
f 3584 3636 3637
f 3581 3634 3612
f 3584 3586 3638
f 3582 3584 3637
f 3499 3530 3639
f 3612 3585 3526
f 3531 3528 3640
f 3559 3509 3641
f 3616 3614 3588
f 3642 3617 3613
f 3643 3617 3642
f 3613 3617 3615
f 3616 3617 3643
f 3561 3644 3513
f 3513 3644 3535
f 3535 3645 3566
f 3537 3646 3593
f 3537 3566 3646
f 3593 3647 3514
f 3514 3647 3618
f 3618 3568 3426
f 3539 3596 3619
f 3569 3648 3570
f 3540 3620 3596
f 3541 3542 3649
f 3517 3650 3542
f 3622 3650 3517
f 3600 3518 3543
f 3622 3544 3623
f 3623 3490 3651
f 3490 3546 3651
f 3573 3604 3491
f 3652 3624 3547
f 3653 3652 3547
f 3653 3547 3575
f 3576 3654 3550
f 3606 3655 3576
f 3626 3553 3656
f 3605 3657 3607
f 3553 3627 3656
f 3579 3631 3658
f 3556 3629 3659
f 3630 3660 3631
f 3610 3579 3658
f 3580 3557 3661
f 3632 3630 3525
f 3583 3580 3661
f 3661 3662 3583
f 3581 3556 3659
f 3637 3632 3582
f 3663 3632 3637
f 3659 3635 3581
f 3637 3636 3663
f 3638 3636 3584
f 3586 3664 3638
f 3527 3633 3528
f 3639 3611 3499
f 3528 3633 3640
f 3641 3664 3559
f 3586 3559 3664
f 3612 3634 3585
f 3640 3665 3531
f 3634 3666 3585
f 3666 3613 3585
f 3509 3614 3667
f 3616 3668 3614
f 3669 3668 3616
f 3670 3532 3560
f 3669 3643 3642
f 3616 3643 3669
f 3671 3532 3670
f 3595 3672 3594
f 3571 3515 3673
f 3541 3674 3620
f 3620 3674 3675
f 3542 3650 3676
f 3518 3600 3677
f 3518 3677 3489
f 3489 3677 3678
f 3678 3545 3489
f 3624 3651 3546
f 3492 3574 3679
f 3654 3576 3655
f 3497 3680 3628
f 3608 3607 3681
f 3681 3629 3608
f 3658 3682 3610
f 3682 3683 3610
f 3557 3610 3683
f 3661 3557 3683
f 3629 3681 3659
f 3684 3660 3630
f 3658 3631 3660
f 3685 3659 3681
f 3630 3632 3684
f 3686 3687 3636
f 3636 3687 3663
f 3688 3633 3583
f 3662 3688 3583
f 3689 3636 3638
f 3689 3690 3636
f 3664 3691 3638
f 3691 3689 3638
f 3692 3634 3635
f 3666 3634 3692
f 3530 3693 3639
f 3667 3641 3509
f 3692 3694 3666
f 3560 3531 3695
f 3696 3693 3530
f 3667 3614 3668
f 3666 3669 3613
f 3694 3669 3666
f 3613 3669 3642
f 3668 3669 3694
f 3530 3506 3697
f 3671 3561 3532
f 3561 3671 3698
f 3561 3698 3644
f 3699 3507 3562
f 3592 3699 3562
f 3699 3592 3700
f 3644 3701 3535
f 3701 3645 3535
f 3645 3646 3566
f 3570 3648 3702
f 3571 3673 3597
f 3597 3673 3703
f 3570 3704 3515
f 3570 3702 3704
f 3674 3541 3649
f 3703 3572 3597
f 3599 3621 3598
f 3600 3599 3705
f 3677 3600 3705
f 3706 3623 3651
f 3550 3654 3707
f 3708 3605 3549
f 3606 3626 3709
f 3680 3497 3522
f 3607 3710 3681
f 3711 3522 3577
f 3683 3712 3661
f 3713 3714 3658
f 3658 3714 3682
f 3661 3712 3662
f 3715 3713 3660
f 3658 3660 3713
f 3684 3716 3715
f 3660 3684 3715
f 3578 3609 3717
f 3663 3684 3632
f 3663 3716 3684
f 3663 3687 3718
f 3688 3662 3719
f 3720 3659 3685
f 3636 3690 3686
f 3635 3659 3720
f 3640 3633 3688
f 3691 3721 3689
f 3635 3722 3692
f 3664 3723 3691
f 3664 3641 3723
f 3724 3725 3692
f 3723 3641 3667
f 3665 3695 3531
f 3694 3692 3725
f 3668 3726 3667
f 3725 3726 3668
f 3695 3670 3560
f 3668 3694 3725
f 3506 3507 3697
f 3565 3700 3592
f 3646 3727 3593
f 3567 3618 3728
f 3568 3618 3567
f 3728 3536 3567
f 3593 3729 3647
f 3618 3647 3729
f 3618 3729 3730
f 3569 3731 3648
f 3594 3731 3569
f 3596 3732 3619
f 3732 3596 3620
f 3703 3733 3572
f 3542 3676 3649
f 3572 3733 3598
f 3622 3734 3650
f 3651 3735 3706
f 3602 3736 3603
f 3492 3679 3737
f 3653 3575 3625
f 3492 3737 3549
f 3625 3550 3707
f 3549 3737 3708
f 3655 3606 3738
f 3738 3606 3709
f 3626 3656 3709
f 3627 3739 3656
f 3628 3739 3627
f 3710 3607 3657
f 3740 3741 3683
f 3683 3741 3712
f 3711 3680 3522
f 3714 3742 3682
f 3743 3742 3714
f 3683 3682 3740
f 3714 3713 3744
f 3662 3712 3745
f 3711 3577 3578
f 3713 3715 3746
f 3719 3662 3745
f 3681 3710 3747
f 3745 3748 3719
f 3681 3747 3685
f 3663 3718 3716
f 3747 3720 3685
f 3687 3749 3718
f 3717 3609 3750
f 3687 3686 3749
f 3748 3688 3719
f 3690 3751 3686
f 3750 3609 3611
f 3750 3611 3752
f 3690 3689 3751
f 3689 3753 3751
f 3640 3688 3754
f 3720 3722 3635
f 3722 3720 3755
f 3753 3689 3721
f 3611 3639 3752
f 3755 3756 3722
f 3724 3722 3756
f 3722 3724 3692
f 3726 3757 3667
f 3757 3723 3667
f 3726 3725 3724
f 3530 3697 3696
f 3507 3758 3697
f 3671 3759 3698
f 3701 3760 3645
f 3760 3646 3645
f 3536 3761 3565
f 3536 3728 3762
f 3762 3761 3536
f 3618 3730 3728
f 3763 3672 3595
f 3620 3764 3732
f 3620 3675 3764
f 3515 3704 3673
f 3765 3599 3598
f 3622 3766 3734
f 3623 3706 3622
f 3622 3706 3766
f 3602 3601 3767
f 3545 3768 3601
f 3602 3767 3736
f 3735 3651 3769
f 3736 3573 3603
f 3624 3769 3651
f 3770 3624 3652
f 3771 3770 3652
f 3653 3771 3652
f 3771 3653 3772
f 3653 3625 3772
f 3625 3707 3773
f 3774 3707 3654
f 3654 3655 3774
f 3774 3655 3738
f 3775 3776 3740
f 3740 3776 3741
f 3739 3628 3680
f 3739 3680 3777
f 3778 3779 3742
f 3741 3780 3712
f 3744 3743 3714
f 3742 3743 3778
f 3682 3742 3779
f 3740 3682 3779
f 3745 3712 3780
f 3713 3746 3744
f 3715 3781 3746
f 3782 3711 3578
f 3716 3783 3781
f 3715 3716 3781
f 3782 3578 3717
f 3716 3718 3783
f 3749 3751 3784
f 3686 3751 3749
f 3748 3754 3688
f 3747 3785 3720
f 3753 3786 3751
f 3785 3755 3720
f 3754 3665 3640
f 3787 3755 3785
f 3753 3721 3786
f 3665 3754 3695
f 3755 3787 3756
f 3691 3723 3721
f 3723 3788 3721
f 3724 3789 3726
f 3756 3789 3724
f 3726 3789 3757
f 3757 3790 3723
f 3790 3788 3723
f 3670 3791 3671
f 3758 3507 3699
f 3701 3644 3792
f 3565 3761 3700
f 3593 3727 3729
f 3729 3793 3730
f 3619 3763 3595
f 3731 3702 3648
f 3794 3733 3703
f 3598 3733 3765
f 3677 3795 3678
f 3768 3767 3601
f 3604 3796 3574
f 3796 3604 3573
f 3797 3625 3773
f 3797 3772 3625
f 3605 3708 3657
f 3738 3709 3798
f 3709 3656 3799
f 3799 3656 3739
f 3800 3710 3657
f 3776 3801 3741
f 3777 3680 3802
f 3779 3778 3803
f 3803 3775 3779
f 3740 3779 3775
f 3801 3780 3741
f 3744 3804 3743
f 3805 3745 3780
f 3744 3746 3804
f 3746 3781 3804
f 3745 3805 3748
f 3781 3783 3806
f 3805 3807 3748
f 3747 3710 3785
f 3784 3808 3749
f 3718 3749 3808
f 3808 3783 3718
f 3748 3807 3754
f 3784 3751 3809
f 3809 3751 3786
f 3807 3810 3754
f 3754 3810 3695
f 3811 3786 3721
f 3721 3788 3811
f 3752 3639 3693
f 3756 3812 3789
f 3791 3670 3695
f 3759 3671 3791
f 3644 3698 3792
f 3699 3700 3813
f 3761 3814 3700
f 3728 3730 3762
f 3594 3815 3731
f 3732 3816 3619
f 3817 3702 3731
f 3703 3673 3794
f 3704 3702 3817
f 3733 3818 3765
f 3650 3819 3676
f 3734 3819 3650
f 3599 3765 3820
f 3599 3820 3705
f 3795 3545 3678
f 3768 3545 3795
f 3821 3573 3736
f 3770 3769 3624
f 3574 3796 3822
f 3574 3822 3679
f 3823 3771 3772
f 3772 3797 3823
f 3679 3824 3737
f 3773 3707 3825
f 3826 3774 3738
f 3708 3827 3657
f 3826 3738 3828
f 3738 3798 3828
f 3709 3799 3798
f 3739 3829 3799
f 3775 3803 3830
f 3776 3775 3831
f 3801 3776 3831
f 3803 3778 3832
f 3833 3780 3801
f 3833 3834 3835
f 3743 3804 3832
f 3778 3743 3832
f 3805 3780 3833
f 3835 3805 3833
f 3680 3711 3802
f 3711 3782 3802
f 3804 3781 3806
f 3835 3836 3805
f 3806 3783 3808
f 3805 3836 3807
f 3785 3710 3837
f 3836 3838 3807
f 3810 3807 3838
f 3812 3787 3837
f 3837 3787 3785
f 3756 3787 3812
f 3788 3839 3811
f 3789 3812 3840
f 3757 3789 3840
f 3790 3757 3840
f 3839 3788 3790
f 3759 3791 3841
f 3759 3842 3698
f 3701 3792 3760
f 3760 3843 3646
f 3727 3646 3844
f 3727 3845 3729
f 3793 3729 3846
f 3730 3793 3762
f 3619 3816 3763
f 3732 3764 3816
f 3704 3847 3673
f 3706 3848 3766
f 3768 3849 3767
f 3850 3821 3736
f 3797 3773 3825
f 3708 3737 3851
f 3852 3825 3707
f 3774 3826 3707
f 3826 3853 3707
f 3854 3828 3798
f 3798 3799 3855
f 3831 3775 3856
f 3775 3830 3856
f 3801 3831 3857
f 3803 3832 3858
f 3830 3803 3858
f 3834 3833 3801
f 3804 3859 3832
f 3804 3806 3859
f 3809 3786 3811
f 3695 3810 3860
f 3791 3695 3860
f 3790 3840 3861
f 3697 3862 3696
f 3842 3792 3698
f 3814 3813 3700
f 3646 3843 3844
f 3727 3844 3845
f 3814 3761 3762
f 3845 3846 3729
f 3762 3793 3863
f 3815 3864 3731
f 3764 3865 3816
f 3733 3794 3818
f 3735 3866 3706
f 3736 3767 3867
f 3735 3769 3866
f 3867 3850 3736
f 3573 3821 3796
f 3868 3769 3770
f 3797 3825 3869
f 3852 3707 3853
f 3870 3657 3827
f 3870 3800 3657
f 3854 3798 3855
f 3855 3799 3871
f 3799 3829 3871
f 3830 3858 3872
f 3856 3830 3872
f 3834 3801 3873
f 3801 3857 3873
f 3874 3739 3777
f 3874 3829 3739
f 3875 3835 3834
f 3836 3835 3875
f 3800 3876 3710
f 3838 3836 3877
f 3710 3876 3837
f 3878 3808 3784
f 3879 3784 3809
f 3879 3878 3784
f 3880 3860 3810
f 3838 3880 3810
f 3881 3809 3811
f 3879 3809 3881
f 3812 3882 3840
f 3860 3841 3791
f 3840 3882 3861
f 3839 3790 3883
f 3884 3839 3883
f 3696 3862 3693
f 3759 3841 3885
f 3886 3792 3842
f 3887 3814 3762
f 3863 3887 3762
f 3863 3793 3846
f 3672 3888 3594
f 3594 3888 3815
f 3763 3889 3672
f 3763 3816 3889
f 3764 3890 3865
f 3764 3675 3890
f 3794 3891 3818
f 3734 3892 3819
f 3766 3893 3734
f 3766 3848 3893
f 3848 3706 3866
f 3767 3894 3867
f 3823 3797 3895
f 3797 3869 3895
f 3737 3824 3851
f 3825 3852 3896
f 3708 3851 3827
f 3826 3897 3853
f 3831 3856 3898
f 3857 3831 3898
f 3898 3899 3857
f 3873 3857 3899
f 3834 3873 3900
f 3858 3832 3901
f 3858 3901 3902
f 3875 3834 3900
f 3777 3802 3874
f 3875 3877 3836
f 3903 3859 3806
f 3806 3904 3903
f 3782 3905 3802
f 3877 3880 3838
f 3808 3878 3906
f 3907 3812 3837
f 3907 3908 3812
f 3908 3882 3812
f 3839 3884 3811
f 3811 3884 3881
f 3752 3693 3909
f 3790 3861 3883
f 3885 3841 3910
f 3911 3758 3699
f 3813 3911 3699
f 3792 3912 3760
f 3814 3913 3813
f 3845 3844 3846
f 3846 3914 3863
f 3817 3915 3916
f 3731 3915 3817
f 3864 3915 3731
f 3704 3817 3847
f 3674 3917 3675
f 3765 3818 3918
f 3819 3919 3676
f 3676 3919 3920
f 3765 3921 3820
f 3918 3921 3765
f 3705 3820 3922
f 3734 3893 3892
f 3705 3923 3677
f 3922 3923 3705
f 3866 3924 3848
f 3767 3849 3894
f 3769 3868 3866
f 3822 3925 3679
f 3771 3823 3926
f 3679 3925 3824
f 3823 3895 3926
f 3852 3853 3896
f 3897 3826 3828
f 3902 3872 3858
f 3873 3927 3900
f 3900 3928 3875
f 3929 3829 3874
f 3832 3859 3901
f 3901 3859 3930
f 3931 3874 3802
f 3906 3806 3808
f 3932 3880 3877
f 3876 3907 3837
f 3750 3933 3934
f 3933 3750 3752
f 3935 3860 3880
f 3752 3909 3933
f 3881 3884 3936
f 3861 3882 3937
f 3884 3883 3936
f 3841 3860 3935
f 3697 3938 3862
f 3758 3911 3938
f 3938 3697 3758
f 3842 3759 3939
f 3886 3842 3939
f 3792 3886 3912
f 3863 3914 3887
f 3844 3940 3846
f 3846 3940 3941
f 3914 3846 3941
f 3815 3942 3864
f 3816 3943 3889
f 3816 3865 3943
f 3916 3847 3817
f 3674 3649 3917
f 3649 3676 3944
f 3923 3795 3677
f 3768 3795 3849
f 3867 3945 3850
f 3945 3821 3850
f 3925 3946 3824
f 3869 3825 3896
f 3853 3947 3896
f 3851 3948 3827
f 3853 3897 3949
f 3950 3870 3827
f 3949 3897 3828
f 3951 3828 3854
f 3854 3855 3952
f 3854 3952 3951
f 3953 3898 3856
f 3855 3871 3954
f 3872 3902 3955
f 3899 3956 3873
f 3927 3873 3956
f 3900 3927 3928
f 3829 3929 3871
f 3928 3877 3875
f 3957 3876 3800
f 3930 3859 3903
f 3874 3931 3958
f 3959 3932 3877
f 3931 3802 3905
f 3906 3904 3806
f 3717 3960 3782
f 3717 3750 3934
f 3907 3961 3908
f 3962 3879 3881
f 3932 3935 3880
f 3963 3882 3908
f 3881 3936 3962
f 3963 3937 3882
f 3936 3883 3964
f 3935 3910 3841
f 3937 3883 3861
f 3965 3693 3862
f 3843 3760 3912
f 3814 3887 3913
f 3844 3966 3940
f 3887 3914 3967
f 3672 3968 3888
f 3865 3969 3943
f 3865 3890 3969
f 3649 3944 3917
f 3676 3920 3944
f 3818 3891 3918
f 3819 3892 3919
f 3820 3970 3922
f 3971 3821 3945
f 3821 3971 3796
f 3971 3972 3796
f 3796 3972 3822
f 3770 3973 3868
f 3972 3974 3822
f 3975 3770 3771
f 3975 3771 3926
f 3822 3974 3925
f 3946 3851 3824
f 3946 3976 3851
f 3976 3948 3851
f 3977 3896 3947
f 3948 3978 3827
f 3947 3853 3979
f 3853 3949 3979
f 3827 3978 3950
f 3898 3953 3980
f 3899 3898 3980
f 3956 3899 3980
f 3855 3954 3952
f 3953 3856 3872
f 3953 3872 3955
f 3928 3927 3981
f 3927 3956 3981
f 3800 3870 3982
f 3982 3957 3800
f 3959 3877 3928
f 3983 3929 3874
f 3984 3959 3985
f 3986 3876 3957
f 3959 3984 3932
f 3906 3987 3904
f 3876 3986 3907
f 3906 3878 3987
f 3905 3782 3960
f 3907 3986 3961
f 3988 3879 3962
f 3878 3879 3988
f 3960 3717 3934
f 3961 3989 3908
f 3989 3963 3908
f 3936 3990 3962
f 3937 3964 3883
f 3910 3935 3991
f 3693 3965 3909
f 3885 3939 3759
f 3813 3913 3992
f 3913 3887 3993
f 3888 3942 3815
f 3943 3969 3994
f 3795 3923 3995
f 3848 3924 3893
f 3849 3795 3995
f 3894 3849 3996
f 3996 3867 3894
f 3996 3997 3867
f 3998 3945 3867
f 3998 3867 3997
f 3868 3999 3866
f 3998 3971 3945
f 3868 3973 3999
f 3971 4000 3972
f 3975 3973 3770
f 3974 4001 3925
f 4001 4002 3925
f 3925 4002 3946
f 3946 4002 3976
f 3869 3896 3977
f 3948 4003 3978
f 3978 4003 3950
f 4003 4004 3950
f 3979 3949 4005
f 3949 3828 3951
f 3949 3951 4005
f 4004 3870 3950
f 4004 3982 3870
f 3956 4006 3981
f 3928 3981 4007
f 3954 3871 4008
f 3982 4009 3957
f 4007 3959 3928
f 4008 3871 3929
f 3874 3958 3983
f 3957 4010 3986
f 3903 3904 4011
f 3931 3905 4012
f 3986 4010 4013
f 4014 3986 4013
f 4015 3987 3878
f 4014 3961 3986
f 3878 3988 4015
f 3984 4016 3932
f 3961 4014 4017
f 3962 4018 3988
f 3932 4016 3935
f 4017 3989 3961
f 4019 3935 4016
f 3991 3935 4019
f 4017 4020 3989
f 3962 3990 4021
f 3989 4020 3963
f 3963 4020 3937
f 3937 4020 3964
f 4022 3990 3964
f 3936 3964 3990
f 4023 3885 3910
f 3862 3938 3965
f 3885 4023 3939
f 3911 4024 3938
f 3886 3939 4025
f 3912 3886 4025
f 3911 3813 3992
f 3887 3967 3993
f 4026 3940 3966
f 3940 4026 3941
f 3914 3941 4026
f 4026 3967 3914
f 3673 4027 3794
f 3847 4027 3673
f 3675 4028 3890
f 3675 3917 4028
f 3921 3970 3820
f 3924 4029 3893
f 3849 3995 4030
f 3849 4030 3996
f 3972 4000 3974
f 4000 4001 3974
f 3895 4031 3926
f 3895 3869 4031
f 3976 4002 4032
f 4032 3948 3976
f 3948 4032 4003
f 4004 4009 3982
f 3956 3980 4006
f 3951 3952 4033
f 3953 3955 4034
f 3955 3902 4035
f 4007 3981 4036
f 3959 4007 4036
f 4008 3929 3983
f 4009 4010 3957
f 4009 4037 4010
f 3902 3901 3930
f 3903 4011 4038
f 3930 3903 4038
f 4011 3904 4039
f 4037 4013 4010
f 3904 3987 4039
f 4012 3905 3960
f 4040 4041 4018
f 3988 4018 4041
f 3962 4021 4018
f 4021 4040 4018
f 4022 4021 3990
f 4042 4021 4022
f 4043 3934 3933
f 3933 3909 4043
f 4042 3964 4020
f 4022 3964 4042
f 4043 3909 4044
f 4025 4045 3912
f 3911 3992 4024
f 3912 4046 3843
f 3843 3966 3844
f 3843 4046 3966
f 3864 3942 4047
f 3888 4048 3942
f 3889 4049 3672
f 3889 4050 4049
f 3889 3943 4050
f 4047 3915 3864
f 3943 3994 4050
f 3794 4051 3891
f 4027 4051 3794
f 3892 4052 3919
f 3922 4053 3923
f 3923 4053 3995
f 3893 4029 4054
f 4055 3996 4030
f 3866 4056 3924
f 4057 3997 3996
f 4055 4057 3996
f 3866 3999 4056
f 3997 4057 3998
f 3998 4058 3971
f 3998 4057 4058
f 3971 4058 4000
f 4058 4059 4000
f 4000 4059 4001
f 4001 4059 4002
f 4032 4002 4059
f 4032 4059 4060
f 4031 3869 4061
f 4061 3869 3977
f 4060 4062 4003
f 4032 4060 4003
f 4063 4062 4060
f 4062 4063 4003
f 4004 4003 4063
f 4004 4063 4064
f 4005 4065 3979
f 4004 4064 4009
f 4066 4065 4005
f 3951 4066 4005
f 4067 4009 4064
f 3954 4033 3952
f 4033 3954 4068
f 4037 4009 4067
f 4069 4036 4070
f 4036 4069 3959
f 4037 4067 4071
f 3959 4069 3985
f 4008 3983 4072
f 4073 3930 4038
f 3983 3958 4072
f 4037 4071 4074
f 3984 3985 4075
f 4037 4074 4013
f 3987 4076 4039
f 4077 3958 3931
f 3987 4078 4076
f 4013 4074 4014
f 3987 4015 4078
f 4074 4017 4014
f 4079 4017 4074
f 4012 3960 4080
f 3988 4041 4081
f 4080 3960 3934
f 4020 4017 4079
f 4082 4020 4079
f 4083 4084 4021
f 4084 4040 4021
f 4083 4042 4082
f 4021 4042 4083
f 4082 4042 4020
f 4044 3909 3965
f 4085 3965 3938
f 4025 3939 4023
f 3912 4045 4046
f 3992 3913 3993
f 3966 4046 4086
f 4086 4087 3966
f 4088 4089 3967
f 4089 3993 3967
f 3966 4087 4026
f 4026 4087 4090
f 3967 4026 4088
f 4026 4090 4088
f 3672 4049 3968
f 4047 4091 3915
f 3994 4092 4050
f 3847 4093 4027
f 3920 4094 3944
f 3920 3919 4094
f 3893 4095 3892
f 3893 4054 4095
f 3995 4053 4096
f 4030 4097 4098
f 4030 3995 4097
f 4055 4030 4098
f 4057 4055 4099
f 4058 4057 4100
f 4100 4057 4099
f 3973 4101 3999
f 4100 4102 4058
f 4102 4100 4103
f 4104 3973 3975
f 4058 4102 4059
f 4105 4102 4103
f 3926 4106 3975
f 3975 4106 4104
f 4059 4102 4107
f 4105 4107 4102
f 3926 4031 4106
f 4059 4107 4060
f 4108 4107 4109
f 4107 4108 4060
f 4060 4108 4063
f 4110 3947 3979
f 3979 4065 4110
f 4063 4108 4064
f 4109 4111 4108
f 4109 4112 4111
f 4066 4113 4065
f 4111 4064 4108
f 3951 4033 4066
f 3953 4034 4114
f 4067 4064 4111
f 3981 4115 4036
f 4036 4115 4070
f 3954 4008 4068
f 4067 4111 4071
f 3930 4116 3902
f 4035 3902 4116
f 4117 4071 4111
f 4112 4117 4111
f 4069 4075 3985
f 4074 4071 4117
f 3958 4077 4072
f 4118 4074 4117
f 4075 4119 3984
f 4118 4079 4074
f 3931 4012 4077
f 4120 4082 4118
f 4079 4118 4082
f 3988 4081 4015
f 3984 4119 4016
f 4083 4082 4120
f 4121 4083 4120
f 4040 4122 4041
f 4121 4122 4040
f 4121 4084 4083
f 4040 4084 4121
f 4123 3991 4124
f 4044 3965 4125
f 3991 4123 3910
f 3910 4123 4023
f 3965 4085 4126
f 4025 4023 4127
f 3938 4024 4085
f 4045 4025 4127
f 3888 4128 4048
f 4049 4129 3968
f 3916 3915 4091
f 3916 4130 3847
f 3969 3890 3994
f 3891 4051 3918
f 3919 4131 4094
f 3970 4132 3922
f 3922 4132 4133
f 3921 4132 3970
f 3922 4133 4053
f 4096 4097 3995
f 4055 4098 4099
f 4099 4103 4100
f 3973 4104 4101
f 4134 4106 4031
f 4135 4109 4105
f 4107 4105 4109
f 3977 3947 4136
f 4136 3947 4110
f 4135 4137 4109
f 4065 4138 4110
f 4138 4065 4113
f 4137 4112 4109
f 4006 3980 4139
f 4006 4139 4140
f 4141 3953 4114
f 4006 4140 3981
f 3981 4140 4115
f 3955 4035 4142
f 4034 3955 4142
f 4068 4143 4033
f 4144 4066 4033
f 4143 4144 4033
f 4070 4145 4069
f 4146 4117 4112
f 4116 3930 4073
f 4147 4068 4008
f 4148 4149 4011
f 4149 4038 4011
f 4145 4075 4069
f 4118 4117 4146
f 4011 4039 4148
f 4008 4072 4150
f 4151 4118 4146
f 4075 4152 4119
f 4076 4078 4153
f 4120 4118 4151
f 4081 4078 4015
f 4081 4154 4078
f 4155 4122 4151
f 4121 4120 4151
f 4122 4121 4151
f 4041 4122 4155
f 4156 4041 4155
f 4081 4041 4156
f 3934 4157 4080
f 4119 4019 4016
f 3934 4043 4158
f 4158 4157 3934
f 4019 4124 3991
f 4045 4159 4046
f 4160 4086 4046
f 4089 4161 3993
f 4087 4086 4160
f 4090 4089 4088
f 4162 4047 3942
f 3942 4048 4162
f 3888 4163 4128
f 3968 4163 3888
f 4049 4050 4129
f 4162 4091 4047
f 3890 4164 3994
f 3890 4028 4164
f 3917 4165 4028
f 4051 4166 3918
f 3918 4166 3921
f 4166 4167 3921
f 3919 4052 4131
f 4167 4168 3921
f 3892 4095 4052
f 4053 4169 4096
f 4170 4097 4096
f 4171 4170 4096
f 3924 4056 4029
f 4097 4170 4098
f 4098 4172 4099
f 4098 4170 4172
f 4099 4172 4173
f 3999 4174 4056
f 4099 4173 4103
f 3999 4101 4174
f 4173 4175 4103
f 4103 4175 4105
f 4175 4135 4105
f 4176 4135 4175
f 4177 4031 4061
f 4176 4137 4135
f 4178 4112 4137
f 3953 4141 3980
f 3980 4141 4139
f 4070 4115 4179
f 4180 4070 4179
f 4145 4070 4180
f 4035 4116 4181
f 4075 4145 4182
f 4183 4147 4008
f 4068 4147 4143
f 4184 4185 4146
f 4073 4038 4149
f 4152 4075 4182
f 4185 4151 4146
f 4148 4039 4186
f 4187 4150 4072
f 4076 4153 4188
f 4076 4188 4186
f 4039 4076 4186
f 4189 4185 4190
f 4078 4154 4153
f 4153 4154 4191
f 4187 4072 4192
f 4156 4154 4081
f 4072 4077 4192
f 4151 4185 4155
f 4189 4155 4185
f 4156 4155 4189
f 4077 4012 4080
f 4193 4080 4157
f 4043 4044 4194
f 3965 4126 4125
f 4127 4023 4123
f 4127 4159 4045
f 4085 4024 4195
f 4024 3992 4196
f 4046 4159 4160
f 4196 3992 3993
f 4161 4196 3993
f 4087 4160 4197
f 4161 4089 4198
f 4090 4087 4197
f 4198 4089 4197
f 4197 4089 4090
f 4048 4128 4162
f 3968 4129 4163
f 4162 4199 4091
f 4050 4200 4129
f 4050 4092 4200
f 3847 4130 4201
f 4091 4130 3916
f 3994 4164 4092
f 3917 3944 4165
f 4093 4051 4027
f 3921 4168 4132
f 4053 4133 4202
f 4171 4096 4169
f 4202 4169 4053
f 4029 4203 4054
f 4172 4170 4204
f 4204 4170 4205
f 4204 4175 4173
f 4172 4204 4173
f 4206 4175 4204
f 4207 4175 4206
f 4207 4176 4175
f 4207 4208 4176
f 4031 4177 4134
f 4208 4137 4176
f 4177 4061 3977
f 4177 3977 4136
f 4208 4209 4137
f 4136 4110 4138
f 4209 4178 4137
f 4142 4114 4034
f 4115 4140 4210
f 4178 4184 4112
f 4146 4112 4184
f 4035 4181 4142
f 4211 4066 4144
f 4181 4116 4212
f 4182 4145 4180
f 4116 4073 4212
f 4073 4213 4212
f 4190 4185 4184
f 4149 4148 4214
f 4073 4149 4213
f 4008 4150 4183
f 4215 4189 4190
f 4216 4189 4215
f 4216 4215 4217
f 4154 4217 4191
f 4153 4191 4188
f 4154 4216 4217
f 4156 4189 4216
f 4154 4156 4216
f 4152 4218 4119
f 4219 4192 4077
f 4219 4077 4080
f 4044 4125 4194
f 4126 4085 4220
f 4195 4024 4196
f 4221 4160 4159
f 4222 4160 4221
f 4196 4161 4223
f 4222 4224 4160
f 4161 4198 4225
f 4197 4224 4226
f 4160 4224 4197
f 4198 4197 4226
f 4129 4227 4163
f 4091 4199 4130
f 4128 4199 4162
f 3847 4201 4093
f 4093 4228 4051
f 3944 4094 4165
f 4132 4229 4133
f 4168 4229 4132
f 4230 4168 4167
f 4171 4169 4231
f 4171 4205 4170
f 4171 4231 4205
f 4029 4056 4203
f 4204 4205 4232
f 4232 4206 4204
f 4207 4206 4233
f 4104 4234 4101
f 4235 4234 4104
f 4236 4209 4208
f 4237 4209 4236
f 4237 4178 4209
f 4238 4178 4237
f 4138 4113 4239
f 4184 4178 4238
f 4114 4240 4141
f 4179 4115 4210
f 4179 4210 4241
f 4239 4066 4211
f 4113 4066 4239
f 4238 4190 4184
f 4114 4142 4242
f 4114 4242 4240
f 4180 4179 4241
f 4142 4181 4243
f 4242 4142 4243
f 4244 4190 4238
f 4182 4180 4245
f 4212 4213 4246
f 4244 4215 4190
f 4247 4215 4244
f 4149 4214 4248
f 4149 4248 4249
f 4213 4149 4249
f 4217 4215 4247
f 4250 4217 4247
f 4217 4250 4251
f 4188 4251 4252
f 4148 4186 4214
f 4186 4252 4214
f 4147 4253 4143
f 4251 4191 4217
f 4188 4191 4251
f 4186 4188 4252
f 4124 4019 4254
f 4158 4043 4194
f 4123 4124 4254
f 4127 4123 4255
f 4085 4256 4220
f 4256 4085 4195
f 4127 4255 4159
f 4196 4223 4257
f 4198 4226 4225
f 4161 4225 4223
f 4258 4128 4163
f 4163 4227 4258
f 4128 4259 4199
f 4129 4200 4227
f 4092 4164 4260
f 4094 4261 4165
f 4168 4230 4229
f 4095 4262 4052
f 4263 4202 4133
f 4229 4263 4133
f 4054 4264 4095
f 4095 4264 4262
f 4263 4231 4169
f 4263 4169 4202
f 4054 4203 4264
f 4056 4265 4203
f 4232 4205 4231
f 4056 4266 4265
f 4232 4233 4206
f 4056 4174 4267
f 4268 4267 4174
f 4174 4234 4268
f 4101 4234 4174
f 4233 4208 4207
f 4233 4269 4208
f 4269 4236 4208
f 4270 4134 4177
f 4269 4271 4236
f 4177 4136 4272
f 4271 4237 4236
f 4273 4238 4271
f 4238 4237 4271
f 4274 4136 4138
f 4274 4138 4239
f 4275 4238 4273
f 4139 4276 4277
f 4140 4139 4277
f 4140 4278 4210
f 4141 4240 4276
f 4276 4139 4141
f 4241 4210 4279
f 4275 4244 4238
f 4180 4241 4245
f 4211 4280 4239
f 4243 4281 4242
f 4275 4247 4244
f 4275 4282 4247
f 4283 4246 4284
f 4212 4246 4243
f 4181 4212 4243
f 4211 4144 4285
f 4282 4286 4247
f 4248 4287 4249
f 4287 4288 4249
f 4249 4288 4213
f 4213 4288 4284
f 4246 4213 4284
f 4144 4143 4285
f 4143 4289 4285
f 4286 4250 4247
f 4290 4286 4282
f 4290 4251 4286
f 4252 4287 4214
f 4290 4287 4252
f 4248 4214 4287
f 4251 4250 4286
f 4252 4251 4290
f 4218 4291 4119
f 4187 4192 4292
f 4293 4192 4219
f 4080 4193 4219
f 4119 4254 4019
f 4254 4119 4294
f 4157 4158 4193
f 4125 4126 4295
f 4126 4220 4295
f 4255 4296 4159
f 4221 4159 4296
f 4256 4195 4297
f 4195 4196 4298
f 4222 4299 4224
f 4225 4257 4223
f 4226 4224 4299
f 4299 4225 4226
f 4128 4258 4259
f 4227 4200 4300
f 4092 4260 4200
f 4093 4301 4228
f 4051 4228 4166
f 4094 4131 4261
f 4167 4302 4230
f 4166 4302 4167
f 4052 4303 4131
f 4052 4262 4303
f 4304 4263 4229
f 4203 4305 4264
f 4231 4263 4306
f 4231 4306 4307
f 4203 4308 4305
f 4203 4265 4308
f 4232 4231 4307
f 4266 4309 4265
f 4307 4233 4232
f 4233 4307 4310
f 4056 4267 4266
f 4311 4233 4310
f 4268 4234 4312
f 4311 4269 4233
f 4235 4313 4234
f 4314 4269 4311
f 4104 4315 4235
f 4316 4315 4104
f 4104 4106 4316
f 4106 4134 4316
f 4317 4269 4314
f 4177 4272 4270
f 4317 4271 4269
f 4272 4136 4318
f 4317 4273 4271
f 4273 4317 4319
f 4318 4136 4274
f 4319 4275 4273
f 4274 4239 4320
f 4277 4276 4321
f 4140 4277 4278
f 4320 4239 4280
f 4322 4275 4319
f 4323 4324 4240
f 4240 4324 4276
f 4281 4325 4242
f 4325 4323 4242
f 4240 4242 4323
f 4322 4282 4275
f 4326 4282 4322
f 4283 4327 4328
f 4281 4243 4328
f 4287 4329 4330
f 4330 4331 4287
f 4287 4331 4288
f 4331 4283 4288
f 4288 4283 4284
f 4328 4246 4283
f 4243 4246 4328
f 4182 4245 4332
f 4285 4333 4211
f 4329 4290 4326
f 4326 4290 4282
f 4287 4290 4329
f 4182 4218 4152
f 4182 4332 4218
f 4143 4253 4289
f 4183 4150 4334
f 4335 4150 4187
f 4147 4183 4334
f 4291 4294 4119
f 4336 4219 4193
f 4123 4254 4337
f 4194 4125 4295
f 4337 4255 4123
f 4296 4338 4221
f 4195 4298 4297
f 4221 4338 4222
f 4257 4298 4196
f 4299 4222 4338
f 4299 4339 4225
f 4257 4225 4339
f 4258 4340 4259
f 4258 4300 4340
f 4227 4300 4258
f 4093 4201 4301
f 4199 4341 4130
f 4259 4341 4199
f 4164 4342 4260
f 4028 4342 4164
f 4165 4342 4028
f 4165 4343 4342
f 4165 4261 4343
f 4228 4344 4166
f 4131 4345 4261
f 4131 4303 4345
f 4304 4229 4346
f 4229 4230 4346
f 4230 4302 4346
f 4262 4347 4303
f 4263 4304 4348
f 4348 4304 4349
f 4346 4349 4304
f 4262 4264 4347
f 4263 4348 4306
f 4306 4348 4350
f 4264 4305 4351
f 4307 4306 4350
f 4350 4310 4307
f 4352 4310 4350
f 4352 4350 4353
f 4309 4354 4308
f 4265 4309 4308
f 4355 4356 4309
f 4266 4355 4309
f 4267 4355 4266
f 4352 4311 4310
f 4267 4357 4355
f 4268 4357 4267
f 4352 4314 4311
f 4312 4357 4268
f 4234 4313 4312
f 4315 4313 4235
f 4315 4316 4313
f 4358 4317 4314
f 4134 4359 4316
f 4134 4360 4359
f 4134 4270 4360
f 4361 4317 4358
f 4362 4272 4318
f 4361 4319 4317
f 4363 4319 4361
f 4363 4364 4319
f 4365 4318 4274
f 4364 4322 4319
f 4366 4322 4364
f 4367 4368 4366
f 4368 4322 4366
f 4369 4368 4367
f 4324 4370 4276
f 4321 4276 4370
f 4277 4321 4278
f 4210 4278 4371
f 4279 4210 4371
f 4325 4324 4323
f 4241 4279 4372
f 4373 4374 4327
f 4327 4374 4328
f 4328 4325 4281
f 4374 4325 4328
f 4241 4372 4245
f 4372 4375 4245
f 4330 4322 4368
f 4369 4330 4368
f 4373 4331 4376
f 4327 4283 4373
f 4377 4245 4375
f 4280 4211 4333
f 4329 4326 4322
f 4330 4329 4322
f 4331 4330 4369
f 4376 4331 4369
f 4373 4283 4331
f 4332 4245 4377
f 4332 4378 4218
f 4289 4253 4379
f 4335 4380 4150
f 4150 4380 4334
f 4292 4335 4187
f 4292 4192 4293
f 4336 4193 4381
f 4382 4193 4158
f 4383 4299 4338
f 4384 4299 4383
f 4385 4299 4384
f 4339 4299 4385
f 4130 4341 4201
f 4259 4340 4341
f 4261 4386 4343
f 4228 4387 4344
f 4261 4345 4386
f 4344 4302 4166
f 4345 4303 4388
f 4389 4346 4302
f 4303 4347 4388
f 4264 4351 4347
f 4350 4348 4390
f 4349 4390 4348
f 4391 4390 4349
f 4351 4305 4392
f 4390 4353 4350
f 4392 4305 4354
f 4305 4308 4354
f 4356 4354 4309
f 4393 4314 4352
f 4355 4394 4356
f 4355 4395 4394
f 4395 4355 4357
f 4395 4357 4312
f 4393 4358 4314
f 4396 4395 4312
f 4396 4312 4313
f 4393 4397 4358
f 4316 4398 4313
f 4397 4361 4358
f 4316 4359 4398
f 4270 4399 4360
f 4272 4399 4270
f 4400 4399 4272
f 4401 4363 4361
f 4402 4363 4401
f 4272 4362 4400
f 4402 4364 4363
f 4403 4366 4402
f 4366 4364 4402
f 4362 4318 4365
f 4403 4367 4366
f 4403 4404 4367
f 4369 4367 4404
f 4404 4405 4406
f 4365 4274 4407
f 4406 4369 4404
f 4407 4274 4320
f 4406 4408 4409
f 4410 4411 4412
f 4370 4412 4413
f 4413 4414 4321
f 4321 4414 4278
f 4278 4415 4371
f 4414 4415 4278
f 4416 4411 4410
f 4370 4324 4412
f 4321 4370 4413
f 4376 4369 4406
f 4373 4376 4406
f 4409 4373 4406
f 4416 4374 4409
f 4410 4374 4416
f 4324 4325 4410
f 4412 4324 4410
f 4407 4320 4280
f 4374 4373 4409
f 4410 4325 4374
f 4333 4417 4280
f 4377 4418 4332
f 4418 4378 4332
f 4285 4419 4333
f 4218 4420 4291
f 4147 4334 4421
f 4147 4421 4253
f 4422 4334 4380
f 4335 4292 4380
f 4423 4380 4292
f 4336 4424 4219
f 4293 4219 4424
f 4193 4382 4381
f 4158 4194 4382
f 4296 4255 4425
f 4426 4338 4296
f 4426 4383 4338
f 4383 4427 4384
f 4385 4428 4339
f 4257 4339 4298
f 4339 4429 4298
f 4297 4298 4429
f 4430 4301 4201
f 4300 4431 4340
f 4200 4432 4300
f 4260 4432 4200
f 4260 4433 4432
f 4342 4433 4260
f 4342 4434 4433
f 4343 4434 4342
f 4435 4228 4301
f 4430 4435 4301
f 4436 4434 4343
f 4386 4436 4343
f 4228 4437 4387
f 4435 4437 4228
f 4302 4344 4438
f 4387 4438 4344
f 4439 4386 4345
f 4388 4439 4345
f 4438 4389 4302
f 4388 4440 4439
f 4388 4347 4440
f 4346 4391 4349
f 4346 4389 4391
f 4389 4441 4391
f 4347 4442 4440
f 4347 4351 4442
f 4442 4351 4392
f 4391 4443 4390
f 4443 4353 4390
f 4443 4391 4441
f 4392 4444 4442
f 4392 4354 4444
f 4393 4352 4353
f 4443 4393 4353
f 4445 4442 4444
f 4446 4442 4445
f 4354 4445 4444
f 4443 4447 4393
f 4448 4445 4354
f 4356 4448 4354
f 4356 4394 4448
f 4448 4449 4445
f 4448 4394 4395
f 4447 4397 4393
f 4445 4450 4451
f 4449 4450 4445
f 4395 4452 4448
f 4452 4449 4448
f 4453 4454 4397
f 4396 4452 4395
f 4396 4313 4398
f 4454 4401 4397
f 4455 4450 4449
f 4452 4455 4449
f 4456 4457 4452
f 4396 4456 4452
f 4458 4456 4396
f 4398 4458 4396
f 4458 4398 4359
f 4397 4401 4361
f 4459 4458 4359
f 4454 4403 4401
f 4359 4360 4459
f 4360 4399 4459
f 4454 4404 4403
f 4400 4460 4399
f 4403 4402 4401
f 4461 4404 4454
f 4460 4400 4462
f 4362 4462 4400
f 4461 4405 4404
f 4463 4464 4461
f 4464 4405 4461
f 4465 4408 4464
f 4466 4465 4467
f 4464 4408 4405
f 4466 4408 4465
f 4468 4466 4467
f 4469 4470 4471
f 4408 4406 4405
f 4468 4411 4466
f 4411 4416 4466
f 4412 4411 4468
f 4469 4412 4468
f 4413 4412 4469
f 4471 4413 4469
f 4414 4413 4471
f 4415 4414 4471
f 4371 4415 4472
f 4416 4409 4408
f 4466 4416 4408
f 4472 4279 4371
f 4279 4472 4372
f 4472 4473 4372
f 4372 4473 4375
f 4407 4280 4474
f 4280 4417 4474
f 4333 4419 4475
f 4378 4476 4218
f 4218 4476 4477
f 4289 4379 4478
f 4218 4477 4420
f 4379 4253 4421
f 4334 4422 4421
f 4294 4291 4479
f 4380 4423 4422
f 4254 4294 4479
f 4479 4480 4254
f 4480 4337 4254
f 4194 4481 4382
f 4425 4255 4337
f 4194 4295 4481
f 4426 4296 4425
f 4482 4295 4220
f 4220 4256 4483
f 4384 4427 4385
f 4483 4256 4297
f 4429 4339 4484
f 4201 4485 4430
f 4341 4485 4201
f 4300 4486 4431
f 4432 4486 4300
f 4434 4487 4488
f 4436 4487 4434
f 4436 4386 4487
f 4438 4387 4489
f 4490 4489 4387
f 4437 4490 4387
f 4491 4487 4386
f 4386 4492 4491
f 4386 4439 4492
f 4389 4438 4493
f 4493 4438 4494
f 4494 4438 4489
f 4439 4440 4492
f 4441 4389 4493
f 4495 4493 4494
f 4440 4496 4492
f 4496 4497 4492
f 4440 4442 4496
f 4495 4441 4493
f 4497 4496 4498
f 4443 4441 4499
f 4495 4499 4441
f 4500 4499 4495
f 4446 4498 4496
f 4442 4446 4496
f 4500 4501 4499
f 4446 4502 4498
f 4499 4447 4443
f 4502 4503 4498
f 4446 4445 4502
f 4499 4397 4447
f 4501 4397 4499
f 4445 4451 4502
f 4504 4503 4502
f 4502 4451 4504
f 4501 4453 4397
f 4505 4506 4501
f 4506 4453 4501
f 4504 4507 4503
f 4451 4508 4504
f 4450 4508 4451
f 4508 4507 4504
f 4455 4452 4457
f 4506 4454 4453
f 4508 4450 4509
f 4455 4509 4450
f 4461 4454 4506
f 4457 4510 4455
f 4511 4512 4506
f 4458 4459 4456
f 4512 4461 4506
f 4399 4513 4459
f 4399 4460 4513
f 4463 4461 4512
f 4512 4514 4463
f 4515 4462 4362
f 4514 4464 4463
f 4465 4516 4467
f 4515 4362 4517
f 4518 4465 4514
f 4514 4465 4464
f 4517 4362 4365
f 4516 4468 4467
f 4519 4468 4516
f 4517 4365 4520
f 4519 4469 4468
f 4470 4469 4519
f 4521 4470 4519
f 4522 4470 4521
f 4520 4365 4407
f 4522 4471 4470
f 4415 4471 4522
f 4415 4522 4523
f 4472 4415 4523
f 4524 4418 4377
f 4375 4524 4377
f 4417 4333 4475
f 4525 4378 4418
f 4419 4285 4526
f 4285 4289 4478
f 4293 4527 4292
f 4527 4528 4292
f 4528 4423 4292
f 4426 4425 4529
f 4530 4426 4529
f 4481 4295 4482
f 4427 4383 4426
f 4427 4531 4428
f 4532 4220 4483
f 4428 4385 4427
f 4428 4484 4339
f 4429 4484 4533
f 4297 4429 4533
f 4533 4483 4297
f 4341 4534 4485
f 4340 4534 4341
f 4340 4431 4534
f 4432 4433 4486
f 4433 4434 4488
f 4535 4435 4430
f 4485 4535 4430
f 4536 4535 4485
f 4433 4537 4486
f 4488 4537 4433
f 4487 4538 4488
f 4437 4435 4490
f 4490 4435 4539
f 4535 4539 4435
f 4539 4540 4490
f 4538 4487 4541
f 4487 4491 4541
f 4490 4494 4489
f 4542 4494 4490
f 4540 4542 4490
f 4494 4500 4495
f 4542 4500 4494
f 4491 4543 4541
f 4492 4497 4491
f 4497 4543 4491
f 4542 4544 4500
f 4544 4545 4500
f 4546 4547 4543
f 4497 4546 4543
f 4498 4546 4497
f 4501 4500 4545
f 4548 4545 4544
f 4498 4503 4546
f 4505 4501 4545
f 4548 4505 4545
f 4549 4547 4550
f 4551 4550 4547
f 4546 4551 4547
f 4552 4553 4548
f 4503 4551 4546
f 4548 4553 4505
f 4511 4553 4552
f 4503 4507 4551
f 4553 4506 4505
f 4511 4506 4553
f 4554 4511 4552
f 4549 4555 4556
f 4557 4555 4549
f 4550 4557 4549
f 4551 4557 4550
f 4558 4557 4551
f 4507 4558 4551
f 4554 4559 4511
f 4507 4508 4560
f 4561 4556 4562
f 4556 4555 4562
f 4507 4563 4558
f 4560 4563 4507
f 4508 4509 4560
f 4559 4512 4511
f 4514 4559 4554
f 4558 4564 4557
f 4563 4564 4558
f 4518 4514 4554
f 4565 4518 4554
f 4566 4567 4565
f 4555 4568 4562
f 4560 4569 4563
f 4455 4570 4509
f 4570 4455 4510
f 4510 4457 4571
f 4514 4512 4559
f 4567 4518 4565
f 4562 4568 4566
f 4568 4567 4566
f 4557 4572 4555
f 4573 4572 4557
f 4564 4573 4557
f 4509 4570 4560
f 4456 4571 4457
f 4456 4459 4574
f 4574 4459 4513
f 4555 4572 4568
f 4575 4564 4563
f 4569 4575 4563
f 4510 4576 4570
f 4571 4576 4510
f 4516 4518 4567
f 4573 4577 4572
f 4578 4574 4513
f 4460 4578 4513
f 4579 4516 4567
f 4568 4579 4567
f 4580 4579 4568
f 4460 4581 4578
f 4460 4462 4581
f 4516 4465 4518
f 4572 4580 4568
f 4564 4575 4573
f 4581 4462 4515
f 4579 4519 4516
f 4521 4519 4579
f 4580 4521 4579
f 4572 4582 4580
f 4577 4582 4572
f 4573 4583 4577
f 4583 4573 4575
f 4522 4521 4580
f 4582 4522 4580
f 4583 4584 4577
f 4584 4582 4577
f 4522 4582 4523
f 4472 4523 4582
f 4585 4472 4582
f 4520 4407 4586
f 4472 4585 4473
f 4586 4407 4474
f 4586 4474 4587
f 4375 4473 4588
f 4375 4588 4524
f 4474 4417 4587
f 4525 4476 4378
f 4285 4478 4526
f 4379 4421 4589
f 4420 4479 4291
f 4421 4590 4589
f 4591 4479 4420
f 4422 4423 4592
f 4425 4337 4480
f 4382 4593 4381
f 4382 4481 4594
f 4427 4426 4530
f 4427 4530 4595
f 4532 4482 4220
f 4428 4596 4484
f 4534 4431 4597
f 4431 4486 4597
f 4539 4535 4598
f 4535 4536 4598
f 4534 4536 4485
f 4597 4536 4534
f 4486 4537 4597
f 4537 4488 4599
f 4599 4488 4538
f 4599 4600 4537
f 4601 4540 4539
f 4601 4539 4598
f 4538 4541 4599
f 4541 4602 4599
f 4542 4540 4603
f 4601 4603 4540
f 4541 4543 4602
f 4544 4542 4603
f 4601 4604 4603
f 4543 4605 4602
f 4548 4544 4603
f 4543 4547 4605
f 4604 4548 4603
f 4606 4552 4604
f 4547 4549 4605
f 4552 4548 4604
f 4607 4552 4606
f 4607 4554 4552
f 4608 4609 4607
f 4610 4611 4612
f 4609 4554 4607
f 4611 4609 4612
f 4610 4561 4611
f 4605 4556 4610
f 4556 4561 4610
f 4549 4556 4605
f 4609 4565 4554
f 4611 4565 4609
f 4561 4562 4611
f 4562 4566 4611
f 4611 4566 4565
f 4571 4456 4574
f 4575 4569 4613
f 4614 4613 4569
f 4560 4614 4569
f 4570 4614 4560
f 4615 4614 4570
f 4576 4615 4570
f 4574 4578 4616
f 4614 4617 4613
f 4618 4575 4613
f 4515 4619 4581
f 4618 4583 4575
f 4515 4620 4619
f 4515 4621 4620
f 4517 4621 4515
f 4618 4622 4583
f 4623 4584 4583
f 4622 4623 4583
f 4624 4517 4520
f 4582 4584 4585
f 4585 4584 4623
f 4624 4520 4586
f 4473 4585 4588
f 4588 4585 4623
f 4625 4524 4588
f 4524 4626 4418
f 4626 4524 4625
f 4418 4626 4525
f 4379 4589 4478
f 4422 4627 4421
f 4421 4627 4590
f 4628 4527 4293
f 4528 4592 4423
f 4422 4592 4627
f 4293 4424 4628
f 4629 4528 4527
f 4592 4528 4629
f 4630 4424 4336
f 4628 4424 4630
f 4381 4593 4336
f 4382 4594 4593
f 4631 4481 4482
f 4531 4427 4595
f 4428 4632 4596
f 4631 4482 4532
f 4484 4633 4533
f 4532 4483 4634
f 4483 4533 4634
f 4536 4597 4635
f 4635 4597 4636
f 4597 4537 4600
f 4636 4597 4600
f 4598 4536 4637
f 4635 4637 4536
f 4638 4637 4635
f 4636 4638 4635
f 4600 4638 4636
f 4601 4598 4639
f 4637 4639 4598
f 4638 4640 4637
f 4641 4640 4638
f 4600 4642 4638
f 4642 4641 4638
f 4599 4642 4600
f 4602 4642 4599
f 4637 4643 4639
f 4640 4643 4637
f 4642 4644 4641
f 4604 4601 4639
f 4606 4604 4639
f 4643 4606 4639
f 4641 4645 4640
f 4602 4605 4642
f 4641 4646 4645
f 4644 4646 4641
f 4605 4644 4642
f 4640 4608 4643
f 4645 4608 4640
f 4643 4607 4606
f 4608 4607 4643
f 4612 4608 4645
f 4646 4612 4645
f 4644 4610 4646
f 4605 4610 4644
f 4610 4612 4646
f 4612 4609 4608
f 4615 4576 4647
f 4576 4571 4647
f 4647 4571 4648
f 4571 4574 4648
f 4648 4574 4616
f 4615 4649 4614
f 4578 4581 4619
f 4616 4578 4619
f 4618 4613 4617
f 4649 4617 4614
f 4620 4650 4619
f 4617 4651 4618
f 4622 4618 4652
f 4651 4652 4618
f 4517 4624 4621
f 4652 4653 4622
f 4653 4623 4622
f 4654 4624 4586
f 4655 4623 4653
f 4588 4623 4655
f 4588 4656 4625
f 4587 4417 4657
f 4417 4475 4657
f 4658 4626 4625
f 4475 4419 4659
f 4526 4478 4660
f 4480 4479 4661
f 4527 4662 4629
f 4629 4627 4592
f 4425 4480 4661
f 4336 4593 4630
f 4663 4425 4661
f 4425 4663 4529
f 4529 4595 4530
f 4594 4481 4631
f 4428 4531 4632
f 4596 4664 4484
f 4634 4665 4532
f 4634 4533 4633
f 4615 4647 4666
f 4667 4649 4666
f 4649 4615 4666
f 4616 4619 4650
f 4617 4649 4667
f 4648 4668 4647
f 4616 4650 4669
f 4620 4621 4670
f 4624 4670 4621
f 4671 4652 4651
f 4672 4654 4586
f 4671 4653 4652
f 4672 4586 4587
f 4655 4656 4588
f 4656 4673 4625
f 4658 4625 4673
f 4658 4525 4626
f 4478 4589 4674
f 4675 4589 4590
f 4479 4591 4661
f 4527 4676 4662
f 4590 4627 4677
f 4595 4529 4663
f 4663 4678 4595
f 4678 4531 4595
f 4632 4531 4678
f 4633 4484 4664
f 4634 4633 4679
f 4631 4532 4680
f 4532 4665 4680
f 4666 4647 4681
f 4647 4668 4681
f 4648 4616 4668
f 4668 4616 4669
f 4667 4682 4617
f 4683 4684 4669
f 4650 4683 4669
f 4620 4683 4650
f 4620 4670 4683
f 4651 4617 4685
f 4617 4682 4685
f 4670 4624 4654
f 4686 4670 4654
f 4671 4651 4685
f 4671 4687 4653
f 4655 4653 4687
f 4657 4475 4688
f 4475 4659 4688
f 4525 4658 4689
f 4419 4526 4659
f 4476 4525 4690
f 4476 4690 4477
f 4477 4691 4420
f 4591 4420 4692
f 4691 4692 4420
f 4478 4674 4660
f 4589 4675 4674
f 4591 4692 4661
f 4693 4661 4692
f 4590 4677 4675
f 4693 4663 4661
f 4662 4694 4629
f 4694 4695 4629
f 4629 4696 4627
f 4695 4696 4629
f 4696 4677 4627
f 4628 4697 4527
f 4697 4676 4527
f 4662 4676 4694
f 4698 4663 4693
f 4698 4678 4663
f 4664 4596 4632
f 4664 4679 4633
f 4593 4594 4699
f 4665 4634 4679
f 4680 4665 4700
f 4594 4631 4680
f 4701 4594 4680
f 4668 4669 4702
f 4667 4703 4682
f 4703 4667 4666
f 4681 4704 4666
f 4670 4705 4683
f 4670 4686 4705
f 4686 4654 4672
f 4671 4685 4706
f 4707 4672 4587
f 4655 4687 4708
f 4707 4587 4709
f 4587 4657 4709
f 4525 4689 4710
f 4526 4711 4659
f 4526 4660 4711
f 4691 4477 4690
f 4660 4674 4712
f 4693 4692 4713
f 4714 4678 4698
f 4632 4678 4714
f 4630 4697 4628
f 4664 4715 4679
f 4699 4630 4593
f 4594 4701 4699
f 4665 4679 4716
f 4702 4669 4684
f 4703 4666 4717
f 4704 4717 4666
f 4705 4684 4683
f 4706 4685 4718
f 4718 4685 4682
f 4686 4719 4705
f 4686 4720 4719
f 4672 4720 4686
f 4672 4707 4720
f 4687 4671 4721
f 4721 4671 4706
f 4708 4687 4721
f 4655 4708 4656
f 4709 4657 4688
f 4656 4708 4673
f 4722 4658 4673
f 4689 4658 4722
f 4690 4525 4710
f 4660 4723 4711
f 4660 4712 4723
f 4674 4675 4724
f 4693 4713 4725
f 4725 4698 4693
f 4677 4724 4675
f 4725 4714 4698
f 4714 4726 4632
f 4726 4664 4632
f 4695 4727 4696
f 4676 4728 4694
f 4697 4728 4676
f 4695 4694 4727
f 4630 4699 4697
f 4679 4715 4716
f 4701 4729 4699
f 4697 4699 4730
f 4700 4665 4716
f 4701 4680 4731
f 4680 4700 4731
f 4668 4702 4732
f 4703 4717 4682
f 4733 4681 4668
f 4732 4733 4668
f 4718 4682 4717
f 4684 4734 4702
f 4735 4734 4684
f 4705 4735 4684
f 4705 4719 4735
f 4720 4707 4736
f 4737 4708 4721
f 4707 4709 4738
f 4709 4688 4738
f 4738 4688 4739
f 4722 4673 4708
f 4739 4688 4740
f 4688 4659 4740
f 4710 4689 4722
f 4659 4711 4741
f 4691 4690 4742
f 4692 4691 4742
f 4692 4742 4713
f 4726 4714 4725
f 4726 4743 4664
f 4724 4677 4744
f 4677 4696 4745
f 4699 4729 4730
f 4746 4694 4728
f 4727 4694 4746
f 4700 4716 4731
f 4729 4701 4747
f 4747 4701 4731
f 4681 4748 4704
f 4734 4732 4702
f 4749 4719 4720
f 4736 4750 4749
f 4736 4749 4720
f 4751 4737 4721
f 4737 4752 4708
f 4752 4722 4708
f 4740 4753 4739
f 4722 4754 4710
f 4710 4755 4690
f 4755 4742 4690
f 4756 4725 4713
f 4674 4724 4757
f 4726 4725 4756
f 4758 4726 4756
f 4726 4759 4743
f 4715 4664 4743
f 4727 4745 4696
f 4715 4760 4716
f 4760 4761 4716
f 4697 4762 4728
f 4730 4762 4697
f 4762 4746 4728
f 4731 4716 4761
f 4747 4731 4763
f 4730 4729 4764
f 4729 4747 4764
f 4727 4746 4765
f 4681 4733 4748
f 4766 4735 4719
f 4749 4766 4719
f 4767 4706 4718
f 4721 4706 4767
f 4768 4767 4718
f 4736 4769 4750
f 4707 4769 4736
f 4707 4738 4769
f 4737 4751 4752
f 4770 4722 4752
f 4740 4659 4741
f 4722 4770 4754
f 4771 4710 4754
f 4713 4742 4772
f 4723 4712 4773
f 4713 4772 4756
f 4774 4756 4772
f 4674 4757 4712
f 4758 4756 4774
f 4758 4759 4726
f 4743 4775 4715
f 4724 4744 4776
f 4715 4775 4760
f 4763 4731 4761
f 4764 4747 4777
f 4727 4765 4745
f 4762 4730 4764
f 4717 4704 4778
f 4778 4704 4748
f 4734 4735 4766
f 4734 4779 4732
f 4778 4780 4717
f 4750 4781 4749
f 4751 4721 4767
f 4752 4751 4782
f 4739 4753 4783
f 4741 4784 4740
f 4741 4711 4784
f 4742 4755 4785
f 4785 4772 4742
f 4772 4785 4786
f 4787 4723 4773
f 4786 4774 4772
f 4774 4788 4758
f 4759 4758 4788
f 4743 4759 4789
f 4724 4776 4790
f 4760 4791 4761
f 4763 4761 4792
f 4763 4792 4793
f 4745 4744 4677
f 4763 4793 4747
f 4747 4793 4777
f 4764 4777 4794
f 4762 4764 4794
f 4795 4745 4765
f 4796 4762 4794
f 4746 4762 4796
f 4733 4797 4748
f 4779 4733 4732
f 4766 4779 4734
f 4749 4798 4766
f 4749 4781 4798
f 4768 4718 4799
f 4717 4780 4718
f 4750 4800 4781
f 4800 4750 4769
f 4801 4767 4768
f 4769 4738 4802
f 4802 4738 4783
f 4751 4767 4782
f 4738 4739 4783
f 4782 4803 4752
f 4752 4803 4770
f 4803 4804 4770
f 4770 4804 4754
f 4754 4804 4771
f 4710 4771 4755
f 4785 4755 4771
f 4711 4723 4787
f 4712 4757 4773
f 4773 4757 4805
f 4759 4788 4789
f 4743 4789 4775
f 4724 4790 4757
f 4791 4760 4775
f 4761 4791 4792
f 4791 4806 4792
f 4794 4777 4807
f 4794 4808 4809
f 4796 4794 4809
f 4746 4796 4810
f 4779 4811 4733
f 4812 4779 4766
f 4798 4812 4766
f 4781 4800 4798
f 4769 4813 4800
f 4801 4768 4799
f 4753 4740 4814
f 4771 4804 4815
f 4815 4816 4771
f 4785 4771 4817
f 4816 4817 4771
f 4786 4785 4818
f 4817 4818 4785
f 4819 4786 4818
f 4786 4819 4774
f 4788 4774 4819
f 4792 4806 4820
f 4792 4820 4793
f 4777 4793 4821
f 4777 4821 4807
f 4807 4808 4794
f 4796 4809 4822
f 4810 4796 4822
f 4823 4746 4810
f 4765 4746 4823
f 4795 4765 4823
f 4733 4811 4797
f 4718 4780 4799
f 4797 4778 4748
f 4800 4824 4798
f 4800 4813 4824
f 4769 4802 4813
f 4782 4767 4801
f 4782 4801 4825
f 4803 4782 4825
f 4803 4815 4804
f 4740 4784 4826
f 4784 4711 4787
f 4827 4819 4818
f 4788 4819 4827
f 4789 4788 4827
f 4775 4789 4827
f 4828 4775 4827
f 4791 4775 4829
f 4809 4808 4822
f 4745 4795 4830
f 4810 4822 4831
f 4810 4831 4823
f 4795 4823 4832
f 4779 4833 4811
f 4812 4834 4779
f 4798 4824 4812
f 4778 4835 4780
f 4797 4835 4778
f 4836 4813 4802
f 4802 4783 4837
f 4825 4801 4838
f 4837 4783 4753
f 4837 4753 4839
f 4840 4803 4825
f 4753 4814 4839
f 4814 4740 4826
f 4841 4817 4816
f 4784 4787 4842
f 4817 4841 4818
f 4818 4841 4843
f 4827 4818 4843
f 4787 4773 4842
f 4828 4827 4843
f 4775 4828 4829
f 4829 4844 4791
f 4844 4806 4791
f 4806 4845 4820
f 4757 4790 4805
f 4793 4820 4821
f 4776 4846 4790
f 4744 4745 4847
f 4822 4848 4831
f 4745 4830 4847
f 4823 4831 4849
f 4832 4823 4849
f 4850 4795 4832
f 4811 4851 4797
f 4812 4852 4834
f 4824 4852 4812
f 4824 4813 4852
f 4813 4836 4852
f 4799 4780 4853
f 4854 4836 4802
f 4801 4799 4838
f 4854 4802 4837
f 4825 4838 4840
f 4855 4815 4803
f 4816 4815 4855
f 4841 4816 4856
f 4856 4857 4841
f 4841 4857 4843
f 4858 4843 4857
f 4828 4843 4858
f 4828 4858 4829
f 4806 4859 4845
f 4845 4860 4820
f 4820 4860 4821
f 4821 4861 4807
f 4807 4862 4808
f 4822 4808 4863
f 4863 4848 4822
f 4776 4744 4847
f 4776 4847 4846
f 4831 4848 4864
f 4831 4864 4849
f 4832 4849 4850
f 4851 4835 4797
f 4834 4865 4779
f 4836 4866 4852
f 4866 4836 4854
f 4780 4835 4853
f 4838 4799 4853
f 4854 4837 4839
f 4853 4867 4838
f 4839 4814 4868
f 4814 4826 4868
f 4803 4840 4855
f 4855 4856 4816
f 4856 4855 4869
f 4869 4855 4870
f 4784 4871 4826
f 4842 4871 4784
f 4869 4857 4856
f 4857 4869 4872
f 4873 4858 4857
f 4829 4858 4873
f 4806 4844 4859
f 4805 4874 4773
f 4874 4805 4790
f 4860 4861 4821
f 4808 4862 4863
f 4795 4850 4830
f 4850 4849 4875
f 4834 4852 4876
f 4811 4833 4877
f 4851 4811 4877
f 4779 4865 4833
f 4854 4878 4866
f 4840 4838 4867
f 4840 4867 4879
f 4868 4826 4880
f 4881 4855 4840
f 4870 4872 4869
f 4872 4873 4857
f 4844 4829 4873
f 4845 4859 4882
f 4845 4882 4860
f 4860 4882 4883
f 4861 4860 4883
f 4861 4884 4862
f 4861 4862 4807
f 4864 4875 4849
f 4850 4875 4885
f 4847 4830 4886
f 4887 4850 4885
f 4830 4850 4887
f 4876 4865 4834
f 4888 4876 4852
f 4851 4877 4835
f 4889 4878 4854
f 4890 4853 4835
f 4877 4890 4835
f 4854 4839 4889
f 4867 4853 4891
f 4890 4892 4853
f 4879 4867 4891
f 4839 4868 4893
f 4879 4881 4840
f 4880 4826 4894
f 4855 4881 4870
f 4826 4871 4894
f 4881 4895 4870
f 4870 4895 4872
f 4872 4895 4873
f 4873 4896 4844
f 4873 4895 4896
f 4844 4896 4859
f 4842 4773 4897
f 4790 4898 4874
f 4790 4846 4898
f 4846 4847 4899
f 4864 4900 4875
f 4885 4901 4887
f 4902 4901 4885
f 4886 4830 4887
f 4866 4903 4852
f 4852 4903 4888
f 4878 4903 4866
f 4878 4904 4903
f 4904 4878 4889
f 4905 4889 4839
f 4839 4893 4905
f 4893 4880 4906
f 4893 4868 4880
f 4880 4894 4906
f 4895 4881 4907
f 4908 4895 4907
f 4895 4908 4896
f 4896 4882 4859
f 4773 4874 4897
f 4909 4883 4882
f 4883 4909 4884
f 4884 4861 4883
f 4884 4910 4862
f 4863 4862 4910
f 4863 4910 4864
f 4848 4863 4864
f 4846 4899 4911
f 4875 4900 4902
f 4885 4875 4902
f 4847 4886 4912
f 4899 4847 4912
f 4913 4887 4901
f 4877 4833 4914
f 4888 4915 4876
f 4889 4916 4904
f 4889 4905 4916
f 4891 4853 4892
f 4917 4891 4892
f 4917 4918 4891
f 4918 4879 4891
f 4879 4918 4881
f 4918 4907 4881
f 4894 4871 4919
f 4896 4908 4920
f 4871 4842 4919
f 4896 4920 4882
f 4882 4921 4909
f 4874 4898 4897
f 4922 4864 4910
f 4898 4846 4911
f 4922 4900 4864
f 4923 4902 4900
f 4901 4902 4923
f 4833 4865 4914
f 4876 4924 4865
f 4904 4888 4903
f 4914 4925 4877
f 4926 4916 4905
f 4905 4927 4926
f 4893 4927 4905
f 4893 4906 4927
f 4920 4908 4928
f 4882 4920 4921
f 4901 4923 4929
f 4913 4901 4929
f 4887 4913 4930
f 4876 4915 4924
f 4916 4888 4904
f 4892 4890 4931
f 4877 4925 4890
f 4917 4892 4931
f 4927 4906 4932
f 4917 4933 4918
f 4918 4933 4907
f 4906 4894 4934
f 4907 4928 4908
f 4920 4928 4935
f 4920 4935 4921
f 4935 4936 4921
f 4937 4909 4921
f 4897 4938 4842
f 4842 4938 4919
f 4884 4909 4939
f 4884 4940 4910
f 4922 4910 4940
f 4941 4923 4900
f 4899 4912 4911
f 4929 4923 4942
f 4930 4913 4929
f 4943 4887 4930
f 4886 4887 4943
f 4915 4888 4944
f 4945 4944 4888
f 4888 4916 4945
f 4916 4946 4945
f 4946 4916 4926
f 4931 4890 4925
f 4947 4926 4927
f 4931 4948 4917
f 4907 4933 4949
f 4936 4937 4921
f 4937 4939 4909
f 4950 4884 4939
f 4897 4898 4951
f 4898 4911 4952
f 4900 4922 4941
f 4912 4953 4911
f 4941 4942 4923
f 4942 4930 4929
f 4953 4912 4954
f 4943 4930 4955
f 4954 4912 4886
f 4865 4956 4914
f 4946 4926 4947
f 4914 4957 4925
f 4958 4947 4927
f 4927 4932 4958
f 4917 4948 4933
f 4933 4948 4959
f 4932 4906 4934
f 4949 4933 4959
f 4907 4949 4928
f 4949 4935 4928
f 4894 4919 4934
f 4938 4897 4951
f 4950 4940 4884
f 4951 4898 4952
f 4960 4922 4940
f 4930 4942 4955
f 4886 4961 4954
f 4943 4961 4886
f 4943 4955 4962
f 4924 4956 4865
f 4915 4963 4924
f 4944 4964 4915
f 4965 4964 4944
f 4945 4965 4944
f 4945 4946 4947
f 4966 4947 4958
f 4931 4925 4967
f 4958 4932 4968
f 4931 4969 4948
f 4959 4948 4969
f 4932 4934 4968
f 4970 4935 4949
f 4919 4971 4934
f 4935 4970 4936
f 4936 4972 4937
f 4922 4973 4941
f 4911 4953 4974
f 4911 4974 4952
f 4975 4942 4941
f 4942 4975 4955
f 4976 4953 4954
f 4962 4961 4943
f 4954 4961 4977
f 4976 4954 4977
f 4963 4915 4964
f 4963 4956 4924
f 4947 4966 4945
f 4967 4925 4957
f 4914 4978 4957
f 4956 4978 4914
f 4979 4966 4958
f 4958 4968 4979
f 4969 4931 4967
f 4968 4934 4971
f 4959 4970 4949
f 4970 4959 4980
f 4970 4972 4936
f 4972 4939 4937
f 4981 4939 4972
f 4940 4950 4982
f 4960 4940 4982
f 4951 4952 4983
f 4973 4922 4960
f 4984 4955 4975
f 4962 4955 4984
f 4962 4984 4985
f 4961 4962 4985
f 4961 4986 4977
f 4985 4986 4961
f 4945 4987 4965
f 4966 4987 4945
f 4966 4979 4988
f 4959 4969 4980
f 4980 4969 4989
f 4970 4990 4972
f 4919 4938 4991
f 4992 4982 4950
f 4951 4983 4938
f 4985 4984 4993
f 4994 4985 4993
f 4994 4986 4985
f 4963 4964 4995
f 4965 4996 4964
f 4966 4988 4987
f 4997 4956 4963
f 4998 4988 4979
f 4979 4968 4998
f 4968 4971 4999
f 4980 4990 4970
f 4990 5000 4972
f 4972 5000 4981
f 4919 4991 4971
f 4981 4950 4939
f 5001 4950 4981
f 4950 5001 4992
f 4938 4983 5002
f 4976 5003 4953
f 4976 4977 5004
f 5004 4977 4986
f 4996 4965 4987
f 4964 4996 4995
f 5005 4987 4988
f 4988 4998 5005
f 4957 4978 4967
f 4997 4978 4956
f 4967 4978 5006
f 4969 4967 5007
f 5006 5007 4967
f 4968 4999 4998
f 4989 5008 4980
f 5007 4989 4969
f 4999 4971 5009
f 4980 5008 4990
f 5008 5000 4990
f 4971 4991 5010
f 5000 5011 4981
f 4981 5011 5001
f 5012 4992 5001
f 4982 4992 4960
f 5002 5013 4938
f 4960 5014 4973
f 4973 5015 4975
f 4941 4973 4975
f 5016 4984 4975
f 4974 4953 5003
f 5017 4994 4993
f 5017 4993 5018
f 4976 5004 5003
f 4994 5017 5019
f 4994 5019 4986
f 4986 5020 5004
f 5019 5020 4986
f 4963 4995 4997
f 5021 5005 4998
f 5008 5011 5000
f 4971 5010 5022
f 4971 5022 5009
f 5023 5012 5001
f 4938 5013 4991
f 4960 4992 5024
f 5024 5014 4960
f 4952 5025 4983
f 5026 4984 5016
f 4984 5026 4993
f 4974 5003 5027
f 5004 5028 5003
f 5029 4996 4987
f 5030 4997 4995
f 4996 5030 4995
f 5021 4998 5031
f 5031 4998 4999
f 5032 4989 5007
f 4999 5009 5031
f 4989 5033 5008
f 5033 4989 5032
f 5033 5034 5008
f 5008 5034 5011
f 5034 5035 5011
f 5011 5023 5001
f 5011 5035 5023
f 5024 4992 5012
f 5014 5024 5036
f 5037 4973 5014
f 5015 5038 4975
f 4975 5038 5016
f 4993 5026 5018
f 5017 5018 5039
f 5019 5017 5039
f 5040 5020 5039
f 5020 5019 5039
f 5004 5020 5041
f 5028 5004 5041
f 5030 4996 5029
f 5029 4987 5042
f 4987 5005 5042
f 5030 5043 4997
f 5042 5044 5029
f 5005 5045 5042
f 5005 5021 5045
f 5006 4978 4997
f 5033 5032 5046
f 5035 5047 5023
f 5023 5048 5012
f 4991 5013 5010
f 5049 5024 5012
f 5024 5049 5036
f 5037 5015 4973
f 5002 4983 5050
f 5026 5016 5038
f 4974 5027 5025
f 4952 4974 5025
f 5027 5003 5051
f 5040 5039 5052
f 5020 5040 5041
f 5041 5040 5053
f 5006 5054 5007
f 5032 5007 5054
f 5031 5009 5055
f 5009 5022 5056
f 5033 5057 5034
f 5057 5047 5035
f 5034 5057 5035
f 5023 5047 5048
f 5012 5048 5049
f 5037 5014 5036
f 5013 5002 5058
f 5037 5059 5015
f 5015 5059 5038
f 5025 5050 4983
f 5038 5059 5060
f 5039 5018 5061
f 5039 5061 5052
f 5051 5003 5028
f 5053 5052 5062
f 5053 5040 5052
f 5044 5042 5045
f 5006 4997 5043
f 5063 5064 5030
f 5029 5063 5030
f 5044 5063 5029
f 5065 5044 5045
f 5021 5066 5065
f 5021 5065 5045
f 5021 5031 5066
f 5066 5031 5055
f 5032 5067 5046
f 5009 5056 5055
f 5033 5046 5057
f 5056 5022 5068
f 5057 5069 5047
f 5047 5069 5048
f 5010 5068 5022
f 5070 5068 5010
f 5010 5013 5070
f 5049 5048 5071
f 5049 5071 5036
f 5036 5072 5037
f 5037 5072 5073
f 5002 5050 5058
f 5037 5073 5059
f 5074 5026 5038
f 5018 5026 5075
f 5075 5061 5018
f 5052 5061 5062
f 5028 5041 5076
f 5051 5028 5076
f 5043 5030 5064
f 5064 5077 5043
f 5078 5044 5065
f 5043 5077 5006
f 5079 5054 5006
f 5067 5032 5054
f 5055 5056 5080
f 5081 5046 5067
f 5046 5081 5057
f 5069 5082 5048
f 5082 5071 5048
f 5082 5083 5071
f 5084 5036 5071
f 5036 5084 5072
f 5073 5072 5085
f 5059 5073 5086
f 5059 5086 5060
f 5060 5074 5038
f 5026 5074 5075
f 5025 5027 5051
f 5062 5087 5053
f 5053 5088 5041
f 5087 5088 5053
f 5041 5088 5076
f 5063 5044 5089
f 5006 5077 5090
f 5091 5078 5065
f 5091 5065 5066
f 5079 5092 5054
f 5068 5093 5056
f 5057 5081 5094
f 5057 5094 5069
f 5095 5069 5094
f 5082 5069 5095
f 5083 5084 5071
f 5058 5070 5013
f 5060 5086 5096
f 5060 5096 5074
f 5097 5025 5051
f 5062 5061 5098
f 5087 5062 5098
f 5044 5078 5089
f 5006 5090 5079
f 5066 5099 5091
f 5066 5055 5099
f 5099 5055 5080
f 5067 5054 5092
f 5100 5080 5056
f 5056 5093 5100
f 5081 5101 5094
f 5095 5083 5082
f 5102 5095 5094
f 5083 5095 5102
f 5068 5070 5103
f 5104 5083 5102
f 5083 5104 5084
f 5105 5072 5084
f 5058 5106 5107
f 5058 5050 5106
f 5108 5074 5096
f 5106 5050 5109
f 5025 5109 5050
f 5097 5109 5025
f 5075 5110 5061
f 5061 5110 5098
f 5087 5098 5111
f 5088 5087 5111
f 5076 5088 5111
f 5112 5077 5064
f 5112 5064 5063
f 5113 5099 5080
f 5080 5100 5113
f 5067 5092 5114
f 5067 5114 5081
f 5114 5101 5081
f 5093 5068 5103
f 5101 5102 5094
f 5104 5115 5084
f 5084 5115 5116
f 5116 5105 5084
f 5072 5105 5085
f 5073 5117 5086
f 5118 5075 5074
f 5110 5119 5098
f 5097 5051 5120
f 5051 5076 5120
f 5098 5119 5111
f 5076 5111 5121
f 5120 5076 5121
f 5078 5122 5089
f 5091 5122 5078
f 5123 5122 5091
f 5099 5123 5091
f 5124 5090 5077
f 5123 5099 5113
f 5123 5113 5125
f 5126 5101 5114
f 5102 5115 5104
f 5070 5127 5128
f 5127 5070 5058
f 5129 5073 5085
f 5107 5130 5058
f 5073 5129 5117
f 5086 5117 5096
f 5107 5106 5131
f 5131 5106 5132
f 5108 5118 5074
f 5075 5118 5110
f 5109 5133 5106
f 5109 5097 5133
f 5134 5111 5119
f 5111 5134 5121
f 5112 5063 5089
f 5124 5077 5135
f 5112 5135 5077
f 5125 5113 5100
f 5136 5125 5100
f 5100 5093 5137
f 5093 5103 5137
f 5101 5126 5102
f 5126 5138 5102
f 5138 5115 5102
f 5115 5139 5116
f 5140 5085 5105
f 5058 5130 5127
f 5131 5132 5141
f 5132 5106 5142
f 5106 5133 5142
f 5133 5143 5142
f 5097 5120 5144
f 5120 5121 5145
f 5120 5145 5144
f 5121 5134 5146
f 5145 5121 5146
f 5112 5089 5147
f 5147 5089 5122
f 5123 5148 5122
f 5149 5090 5124
f 5125 5148 5123
f 5090 5149 5079
f 5136 5100 5137
f 5150 5092 5079
f 5114 5092 5150
f 5103 5070 5128
f 5138 5139 5115
f 5139 5151 5116
f 5105 5116 5151
f 5151 5140 5105
f 5129 5085 5140
f 5130 5131 5152
f 5107 5131 5130
f 5153 5117 5129
f 5131 5141 5154
f 5117 5155 5096
f 5141 5156 5157
f 5108 5096 5158
f 5141 5132 5156
f 5159 5118 5108
f 5132 5142 5156
f 5156 5142 5160
f 5142 5143 5160
f 5133 5097 5143
f 5097 5144 5143
f 5161 5146 5162
f 5146 5161 5145
f 5163 5145 5161
f 5147 5122 5148
f 5147 5135 5112
f 5125 5164 5148
f 5125 5136 5164
f 5079 5149 5165
f 5079 5165 5150
f 5114 5150 5126
f 5138 5166 5139
f 5139 5166 5151
f 5130 5152 5127
f 5131 5154 5152
f 5129 5167 5153
f 5117 5153 5155
f 5158 5096 5155
f 5156 5168 5157
f 5169 5108 5158
f 5143 5170 5160
f 5144 5171 5143
f 5146 5134 5162
f 5144 5163 5171
f 5144 5145 5163
f 5163 5161 5172
f 5163 5172 5173
f 5174 5175 5147
f 5148 5174 5147
f 5164 5176 5148
f 5164 5136 5177
f 5177 5136 5137
f 5137 5178 5177
f 5178 5137 5103
f 5150 5179 5126
f 5103 5128 5180
f 5126 5181 5138
f 5166 5138 5182
f 5127 5152 5183
f 5154 5184 5152
f 5129 5140 5167
f 5185 5186 5157
f 5157 5154 5141
f 5157 5186 5154
f 5186 5184 5154
f 5185 5157 5168
f 5168 5156 5187
f 5159 5108 5169
f 5187 5156 5188
f 5156 5160 5188
f 5188 5160 5189
f 5160 5170 5189
f 5119 5110 5134
f 5110 5190 5134
f 5143 5171 5170
f 5172 5162 5191
f 5161 5162 5172
f 5174 5148 5176
f 5149 5124 5192
f 5124 5135 5192
f 5150 5165 5179
f 5103 5180 5178
f 5126 5179 5181
f 5181 5182 5138
f 5128 5127 5193
f 5166 5182 5194
f 5193 5127 5183
f 5166 5194 5151
f 5151 5194 5140
f 5194 5195 5140
f 5196 5197 5186
f 5198 5197 5196
f 5197 5184 5186
f 5152 5184 5199
f 5186 5185 5196
f 5167 5140 5200
f 5153 5167 5200
f 5185 5201 5196
f 5185 5187 5201
f 5185 5168 5187
f 5158 5202 5203
f 5203 5169 5158
f 5204 5169 5203
f 5205 5201 5187
f 5206 5205 5187
f 5187 5188 5206
f 5207 5110 5118
f 5208 5188 5189
f 5170 5208 5189
f 5191 5134 5190
f 5208 5170 5209
f 5134 5191 5162
f 5170 5171 5209
f 5171 5210 5209
f 5163 5210 5171
f 5172 5191 5173
f 5173 5210 5163
f 5135 5147 5211
f 5147 5175 5211
f 5149 5212 5165
f 5192 5212 5149
f 5164 5213 5176
f 5164 5177 5213
f 5178 5180 5214
f 5181 5215 5182
f 5193 5183 5216
f 5152 5199 5216
f 5216 5183 5152
f 5217 5218 5198
f 5198 5219 5197
f 5201 5220 5217
f 5198 5201 5217
f 5196 5201 5198
f 5140 5195 5200
f 5153 5200 5221
f 5155 5153 5222
f 5153 5221 5222
f 5155 5222 5202
f 5158 5155 5202
f 5201 5205 5220
f 5159 5169 5223
f 5206 5188 5224
f 5188 5208 5224
f 5207 5190 5110
f 5173 5191 5225
f 5174 5226 5175
f 5227 5226 5174
f 5176 5227 5174
f 5176 5213 5227
f 5214 5177 5178
f 5181 5179 5228
f 5128 5193 5180
f 5193 5214 5180
f 5194 5182 5195
f 5229 5218 5217
f 5198 5218 5219
f 5229 5217 5230
f 5231 5230 5220
f 5230 5217 5220
f 5205 5231 5220
f 5202 5232 5203
f 5232 5204 5203
f 5205 5233 5231
f 5233 5205 5206
f 5206 5224 5234
f 5118 5159 5207
f 5209 5224 5208
f 5235 5224 5209
f 5209 5210 5235
f 5191 5236 5225
f 5237 5235 5210
f 5225 5237 5173
f 5237 5210 5173
f 5192 5135 5211
f 5213 5238 5227
f 5238 5213 5177
f 5177 5214 5239
f 5179 5165 5240
f 5193 5241 5214
f 5181 5228 5242
f 5181 5242 5215
f 5218 5243 5219
f 5182 5215 5195
f 5244 5229 5245
f 5184 5197 5246
f 5246 5199 5184
f 5229 5230 5245
f 5245 5231 5247
f 5230 5231 5245
f 5200 5195 5248
f 5221 5200 5248
f 5221 5249 5222
f 5202 5222 5249
f 5232 5202 5250
f 5232 5251 5252
f 5250 5251 5232
f 5233 5253 5231
f 5232 5254 5204
f 5232 5252 5254
f 5255 5204 5254
f 5223 5169 5204
f 5223 5204 5255
f 5233 5206 5234
f 5256 5159 5223
f 5207 5159 5256
f 5234 5224 5257
f 5258 5257 5224
f 5259 5190 5207
f 5190 5259 5236
f 5236 5191 5190
f 5224 5235 5260
f 5258 5224 5260
f 5236 5237 5225
f 5260 5235 5237
f 5227 5261 5226
f 5227 5238 5261
f 5239 5238 5177
f 5262 5240 5165
f 5179 5240 5228
f 5193 5216 5241
f 5263 5243 5218
f 5219 5243 5264
f 5229 5244 5263
f 5218 5229 5263
f 5219 5264 5197
f 5197 5264 5246
f 5251 5265 5266
f 5244 5245 5266
f 5215 5248 5195
f 5250 5265 5251
f 5266 5247 5251
f 5245 5247 5266
f 5248 5267 5221
f 5249 5221 5268
f 5202 5249 5250
f 5252 5251 5247
f 5247 5269 5252
f 5269 5254 5252
f 5269 5247 5270
f 5231 5253 5247
f 5247 5253 5270
f 5271 5254 5269
f 5254 5271 5255
f 5272 5253 5233
f 5234 5273 5233
f 5274 5257 5258
f 5207 5275 5259
f 5258 5260 5274
f 5260 5276 5274
f 5237 5236 5276
f 5260 5237 5276
f 5277 5192 5211
f 5212 5192 5278
f 5277 5278 5192
f 5212 5262 5165
f 5212 5278 5262
f 5238 5279 5261
f 5239 5214 5241
f 5241 5216 5280
f 5281 5282 5263
f 5243 5263 5282
f 5243 5282 5264
f 5280 5216 5199
f 5242 5283 5215
f 5266 5284 5244
f 5244 5284 5263
f 5215 5285 5248
f 5215 5283 5285
f 5265 5286 5284
f 5284 5266 5265
f 5248 5285 5267
f 5250 5286 5265
f 5221 5267 5268
f 5268 5250 5249
f 5269 5287 5271
f 5269 5270 5287
f 5288 5287 5270
f 5253 5288 5270
f 5255 5256 5223
f 5289 5256 5255
f 5233 5273 5272
f 5234 5257 5273
f 5290 5207 5256
f 5291 5273 5257
f 5207 5290 5275
f 5292 5291 5257
f 5257 5274 5292
f 5236 5293 5276
f 5236 5259 5293
f 5292 5276 5293
f 5292 5274 5276
f 5226 5294 5175
f 5226 5261 5295
f 5279 5295 5261
f 5238 5239 5296
f 5296 5239 5241
f 5297 5296 5241
f 5241 5280 5297
f 5199 5246 5280
f 5242 5228 5283
f 5285 5283 5298
f 5299 5284 5286
f 5298 5267 5285
f 5268 5286 5250
f 5298 5268 5267
f 5288 5253 5272
f 5289 5287 5288
f 5289 5271 5287
f 5271 5289 5255
f 5289 5290 5256
f 5300 5290 5289
f 5290 5300 5301
f 5275 5290 5301
f 5275 5301 5259
f 5259 5302 5293
f 5301 5302 5259
f 5291 5293 5302
f 5291 5292 5293
f 5211 5175 5294
f 5211 5294 5277
f 5294 5226 5295
f 5238 5296 5279
f 5303 5228 5240
f 5262 5303 5240
f 5303 5304 5228
f 5282 5281 5305
f 5264 5282 5306
f 5282 5305 5306
f 5264 5306 5307
f 5246 5264 5307
f 5280 5246 5307
f 5283 5228 5304
f 5284 5299 5308
f 5284 5308 5281
f 5281 5263 5284
f 5304 5298 5283
f 5309 5298 5304
f 5309 5299 5286
f 5304 5299 5309
f 5286 5268 5309
f 5298 5309 5268
f 5288 5272 5310
f 5300 5288 5310
f 5300 5289 5288
f 5272 5273 5310
f 5310 5273 5311
f 5273 5291 5311
f 5310 5301 5300
f 5310 5311 5301
f 5311 5302 5301
f 5291 5302 5311
f 5277 5294 5312
f 5278 5313 5262
f 5278 5277 5313
f 5295 5279 5314
f 5279 5296 5314
f 5315 5314 5296
f 5303 5262 5316
f 5316 5262 5313
f 5297 5315 5296
f 5315 5307 5317
f 5297 5280 5307
f 5297 5307 5315
f 5304 5303 5318
f 5316 5318 5303
f 5319 5318 5316
f 5305 5281 5320
f 5318 5299 5304
f 5308 5299 5318
f 5308 5318 5319
f 5321 5308 5319
f 5320 5308 5321
f 5281 5308 5320
f 5312 5294 5322
f 5322 5294 5295
f 5313 5277 5323
f 5323 5277 5312
f 5295 5324 5322
f 5324 5295 5314
f 5325 5323 5312
f 5322 5325 5312
f 5314 5315 5324
f 5316 5313 5326
f 5323 5326 5313
f 5325 5326 5323
f 5317 5327 5324
f 5315 5317 5324
f 5326 5328 5320
f 5327 5317 5329
f 5326 5319 5316
f 5321 5319 5326
f 5320 5321 5326
f 5330 5320 5328
f 5305 5320 5330
f 5329 5305 5330
f 5306 5305 5329
f 5317 5306 5329
f 5307 5306 5317
f 5325 5322 5331
f 5322 5324 5331
f 5326 5325 5328
f 5328 5325 5330
f 5331 5330 5325
f 5324 5327 5331
f 5329 5330 5331
f 5327 5329 5331

