# https://github.com/mikedh/trimesh
v -1661.68450000 -2820.64485000 1951.05500000
v -1666.27450000 -2702.33485000 1936.58500000
v -1670.92450000 -2753.08485000 1898.98500000
v -1660.21450000 -2844.43485000 1917.64500000
v -1661.74450000 -2586.96485000 1921.98500000
v -1670.37450000 -2633.53485000 1884.86500000
v -1662.87450000 -2515.54485000 1869.90500000
v -1659.94450000 -2826.98485000 1884.16500000
v -1669.74450000 -2558.26485000 1836.59500000
v -1665.99450000 -2679.50485000 1850.52500000
v -1658.33450000 -2445.91485000 1810.75500000
v -1668.19450000 -2572.00485000 1821.31500000
v -1652.56450000 -2791.05485000 1854.52500000
v -1662.71450000 -2515.95485000 1804.37500000
v -1659.83450000 -2608.44485000 1814.23500000
v -1656.12450000 -2698.27485000 1834.70500000
v -1623.70450000 -2786.30485000 2031.95500000
v -1640.46450000 -2660.65485000 1982.49500000
v -1637.20450000 -2869.28485000 1995.64500000
v -1641.16450000 -2893.62485000 1959.65500000
v -1616.80450000 -2570.97485000 1995.93500000
v -1635.25450000 -2497.69485000 1926.09500000
v -1639.93450000 -2409.95485000 1848.69500000
v -1628.36450000 -2928.70485000 1926.43500000
v -1633.59450000 -2892.43485000 1888.32500000
v -1619.68450000 -2882.07485000 1870.11500000
v -1644.79450000 -2383.23485000 1799.99500000
v -1651.13450000 -2707.27485000 1829.46500000
v -1630.58450000 -2780.31485000 1844.57500000
v -1642.58450000 -2374.57485000 1772.13500000
v -1652.83450000 -2446.94485000 1781.08500000
v -1651.54450000 -2500.26485000 1781.70500000
v -1647.41450000 -2610.33485000 1804.31500000
v -1631.39450000 -2679.78485000 1821.37500000
v -1643.95450000 -2415.55485000 1762.08500000
v -1635.54450000 -2515.04485000 1774.18500000
v -1634.18450000 -2432.86485000 1754.04500000
v -1579.78450000 -2653.81485000 2075.72500000
v -1615.91450000 -2889.63485000 2038.13500000
v -1617.72450000 -2933.55485000 2007.90500000
v -1604.53450000 -2980.15485000 1986.53500000
v -1597.83450000 -2480.95485000 1983.30500000
v -1612.05450000 -2420.82485000 1917.99500000
v -1602.74450000 -2316.71485000 1849.24500000
v -1615.65450000 -2945.17485000 1908.30500000
v -1599.99450000 -2959.79485000 1905.09500000
v -1626.83450000 -2338.75485000 1798.08500000
v -1602.71450000 -2260.42485000 1776.23500000
v -1622.17450000 -2588.53485000 1797.13500000
v -1611.76450000 -2286.65485000 1741.65500000
v -1626.21450000 -2361.77485000 1744.20500000
v -1615.07450000 -2444.01485000 1750.43500000
v -1611.69450000 -2366.70485000 1730.90500000
v -1579.89450000 -2886.69485000 2099.03500000
v -1567.72450000 -2832.61485000 2120.39500000
v -1530.33450000 -2789.05485000 2165.25500000
v -1591.72450000 -2948.56485000 2059.77500000
v -1592.06450000 -2985.96485000 2031.13500000
v -1559.29450000 -3055.14485000 1981.14500000
v -1594.84450000 -2985.87485000 1930.90500000
v -1561.94450000 -2371.35485000 1961.03500000
v -1590.94450000 -2942.39485000 1890.55500000
v -1605.05450000 -2836.90485000 1858.47500000
v -1591.24450000 -2900.04485000 1878.05500000
v -1602.91450000 -2649.86485000 1818.14500000
v -1554.76450000 -2758.71485000 1872.04500000
v -1586.66450000 -2200.20485000 1726.39500000
v -1609.31450000 -2516.18485000 1776.31500000
v -1586.23450000 -2226.29485000 1698.45500000
v -1605.16450000 -2306.40485000 1723.38500000
v -1587.26450000 -2363.97485000 1727.62500000
v -1584.46450000 -2294.35485000 1708.71500000
v -1549.56450000 -2518.55485000 2062.24500000
v -1539.20450000 -2975.89485000 2137.25500000
v -1560.98450000 -3013.49485000 2079.83500000
v -1555.84450000 -3046.86485000 2042.36500000
v -1562.92450000 -3032.79485000 1943.90500000
v -1536.68450000 -3076.99485000 1968.92500000
v -1556.00450000 -2219.66485000 1849.74500000
v -1554.41450000 -3012.33485000 1924.97500000
v -1547.97450000 -2887.80485000 1896.34500000
v -1577.90450000 -2204.58485000 1777.99500000
v -1590.73450000 -2571.55485000 1799.09500000
v -1552.47450000 -2641.27485000 1842.45500000
v -1563.11450000 -2131.58485000 1700.76500000
v -1564.24450000 -2450.88485000 1769.58500000
v -1571.43450000 -2170.59485000 1685.23500000
v -1562.55450000 -2307.74485000 1711.94500000
v -1565.36450000 -2178.02485000 1669.74500000
v -1562.37450000 -2220.80485000 1680.76500000
v -1513.17450000 -2610.59485000 2148.98500000
v -1506.23450000 -2699.51485000 2180.83500000
v -1494.26450000 -2918.22485000 2203.47500000
v -1516.62450000 -3047.25485000 2141.86500000
v -1512.43450000 -3089.56485000 2110.19500000
v -1524.49450000 -2242.67485000 1920.04500000
v -1554.30450000 -2957.31485000 1906.67500000
v -1511.35450000 -3027.47485000 1940.21500000
v -1540.60450000 -2114.84485000 1760.36500000
v -1537.90450000 -2072.98485000 1689.53500000
v -1544.74450000 -2256.98485000 1695.47500000
v -1535.43450000 -2072.52485000 1644.52500000
v -1551.68450000 -2134.69485000 1660.90500000
v -1526.40450000 -2186.92485000 1664.44500000
v -1538.43450000 -2148.75485000 1650.95500000
v -1526.52450000 -2093.66485000 1630.17500000
v -1508.48450000 -2422.79485000 2066.45500000
v -1510.51450000 -2317.32485000 1994.32500000
v -1493.54450000 -3137.60485000 2066.83500000
v -1500.98450000 -3131.74485000 2017.01500000
v -1506.20450000 -3110.36485000 1988.37500000
v -1517.88450000 -3074.81485000 1961.44500000
v -1516.62450000 -3050.74485000 1947.82500000
v -1506.64450000 -2122.15485000 1834.23500000
v -1501.16450000 -2971.00485000 1936.30500000
v -1506.02450000 -2055.28485000 1760.80500000
v -1496.58450000 -2552.72485000 1845.52500000
v -1501.10450000 -2015.10485000 1707.21500000
v -1456.15450000 -2421.67485000 1811.99500000
v -1509.68450000 -2326.15485000 1741.11500000
v -1512.99450000 -2021.07485000 1655.95500000
v -1513.93450000 -2027.02485000 1630.72500000
v -1516.44450000 -2097.91485000 1625.79500000
v -1508.01450000 -2028.92485000 1616.44500000
v -1491.76450000 -2040.70485000 1603.46500000
v -1413.85450000 -2870.32485000 2303.73500000
v -1440.08450000 -3042.59485000 2243.64500000
v -1453.66450000 -3112.10485000 2194.82500000
v -1451.74450000 -3159.45485000 2153.61500000
v -1460.70450000 -3181.49485000 2045.89500000
v -1485.24450000 -2203.97485000 1937.95500000
v -1431.03450000 -2692.04485000 1930.35500000
v -1443.36450000 -2212.67485000 1710.87500000
v -1483.96450000 -1968.51485000 1655.43500000
v -1489.73450000 -1981.28485000 1617.86500000
v -1469.60450000 -2095.38485000 1635.43500000
v -1482.26450000 -1976.69485000 1591.93500000
v -1489.98450000 -2007.45485000 1598.36500000
v -1448.61450000 -2671.31485000 2241.50500000
v -1450.56450000 -2767.16485000 2256.49500000
v -1443.77450000 -2517.04485000 2181.72500000
v -1454.71450000 -2308.76485000 2046.31500000
v -1470.40450000 -3155.72485000 2017.42500000
v -1467.75450000 -3133.35485000 1997.45500000
v -1474.84450000 -3090.66485000 1976.76500000
v -1453.12450000 -2057.80485000 1845.22500000
v -1431.73450000 -2793.63485000 1952.12500000
v -1436.96450000 -2883.37485000 1963.58500000
v -1383.16450000 -2511.88485000 1896.57500000
v -1473.54450000 -2016.36485000 1764.89500000
v -1444.95450000 -1927.09485000 1679.02500000
v -1468.33450000 -1945.72485000 1591.04500000
v -1454.23450000 -2010.17485000 1588.83500000
v -1456.28450000 -1934.85485000 1580.66500000
v -1470.27450000 -1975.04485000 1584.93500000
v -1360.89450000 -2824.23485000 2359.07500000
v -1361.37450000 -2663.55485000 2322.20500000
v -1420.28450000 -3213.05485000 2139.12500000
v -1419.92450000 -3216.75485000 2085.47500000
v -1433.75450000 -3201.25485000 2050.01500000
v -1450.77450000 -3180.40485000 2033.62500000
v -1385.39450000 -2369.65485000 2159.02500000
v -1355.43450000 -2198.56485000 2062.10500000
v -1423.73450000 -2137.67485000 1946.15500000
v -1426.52450000 -3189.04485000 2036.58500000
v -1413.25450000 -3035.37485000 1999.20500000
v -1351.83450000 -2622.12485000 1955.74500000
v -1455.75450000 -1929.65485000 1611.57500000
v -1458.66450000 -1981.83485000 1580.49500000
v -1433.17450000 -1927.40485000 1569.72500000
v -1377.47450000 -2747.67485000 2327.17500000
v -1337.40450000 -3007.38485000 2367.48500000
v -1372.95450000 -3160.35485000 2284.48500000
v -1391.92450000 -3197.76485000 2229.33500000
v -1394.93450000 -3224.26485000 2190.46500000
v -1412.10450000 -3149.13485000 2021.99500000
v -1390.64450000 -1991.22485000 1848.91500000
v -1423.02450000 -1960.46485000 1769.11500000
v -1397.82450000 -1890.54485000 1714.45500000
v -1388.68450000 -1858.49485000 1667.93500000
v -1418.88450000 -1884.09485000 1626.50500000
v -1424.04450000 -1896.31485000 1592.85500000
v -1434.36450000 -1959.18485000 1573.39500000
v -1415.93450000 -1934.74485000 1567.66500000
v -1347.90450000 -2572.93485000 2303.46500000
v -1304.00450000 -3146.40485000 2369.60500000
v -1336.44450000 -2475.32485000 2264.59500000
v -1365.42450000 -3264.37485000 2191.24500000
v -1362.30450000 -3269.39485000 2147.02500000
v -1390.55450000 -3228.24485000 2069.97500000
v -1358.56450000 -3127.95485000 2041.76500000
v -1353.51450000 -2426.74485000 1872.47500000
v -1361.38450000 -2345.64485000 1825.31500000
v -1372.45450000 -1844.75485000 1626.31500000
v -1316.19450000 -2099.77485000 1696.66500000
v -1381.89450000 -1866.93485000 1588.63500000
v -1371.57450000 -1972.46485000 1602.66500000
v -1362.41450000 -1903.57485000 1583.59500000
v -1272.36450000 -2550.43485000 2359.37500000
v -1329.19450000 -3242.25485000 2295.49500000
v -1364.19450000 -3257.40485000 2106.36500000
v -1322.90450000 -2291.32485000 2163.09500000
v -1356.81450000 -2062.07485000 1944.33500000
v -1359.65450000 -3223.97485000 2067.35500000
v -1331.00450000 -2950.62485000 2038.87500000
v -1321.12450000 -2825.53485000 2024.32500000
v -1363.86450000 -1904.24485000 1777.81500000
v -1354.91450000 -1860.03485000 1727.46500000
v -1312.85450000 -2247.56485000 1791.62500000
v -1349.17450000 -1834.75485000 1605.14500000
v -1352.71450000 -1845.12485000 1591.57500000
v -1281.28450000 -2780.91485000 2421.47500000
v -1332.92450000 -3269.77485000 2255.16500000
v -1274.46450000 -2383.04485000 2262.04500000
v -1328.43450000 -3288.07485000 2132.70500000
v -1291.53450000 -3291.48485000 2126.64500000
v -1274.49450000 -2030.46485000 1984.84500000
v -1305.06450000 -3049.72485000 2064.48500000
v -1285.14450000 -2570.21485000 1974.42500000
v -1258.79450000 -2483.04485000 1949.02500000
v -1294.20450000 -1939.40485000 1879.40500000
v -1310.48450000 -1817.68485000 1700.23500000
v -1278.01450000 -2002.81485000 1653.31500000
v -1345.80450000 -1855.79485000 1591.66500000
v -1335.86450000 -1924.30485000 1596.80500000
v -1281.62450000 -2925.89485000 2428.78500000
v -1315.96450000 -3301.62485000 2223.83500000
v -1290.50450000 -3321.20485000 2191.54500000
v -1279.26450000 -3161.35485000 2086.00500000
v -1326.10450000 -3200.28485000 2070.70500000
v -1286.03450000 -1858.14485000 1789.64500000
v -1304.19450000 -1809.94485000 1644.06500000
v -1310.35450000 -1828.67485000 1614.54500000
v -1214.38450000 -1953.19485000 1651.36500000
v -1263.57450000 -1903.85485000 1620.99500000
v -1239.19450000 -2672.83485000 2427.34500000
v -1287.20450000 -3234.93485000 2355.36500000
v -1260.94450000 -3294.47485000 2342.93500000
v -1240.19450000 -3335.20485000 2316.48500000
v -1251.12450000 -2483.29485000 2340.55500000
v -1206.08450000 -2263.60485000 2224.08500000
v -1229.62450000 -2139.56485000 2108.22500000
v -1282.00450000 -3317.21485000 2160.06500000
v -1264.22450000 -3269.09485000 2114.91500000
v -1295.58450000 -2721.40485000 2016.95500000
v -1252.51450000 -2412.07485000 1916.25500000
v -1234.42450000 -2212.11485000 1804.32500000
v -1263.05450000 -1786.60485000 1685.81500000
v -1292.24450000 -1854.83485000 1611.77500000
v -1239.66450000 -3042.07485000 2463.26500000
v -1195.21450000 -3134.30485000 2487.17500000
v -1210.26450000 -3234.58485000 2438.28500000
v -1178.74450000 -2460.07485000 2382.08500000
v -1247.87450000 -3345.31485000 2265.59500000
v -1214.16450000 -3369.03485000 2260.99500000
v -1225.15450000 -3352.77485000 2202.90500000
v -1245.29450000 -3239.18485000 2112.15500000
v -1226.99450000 -2655.71485000 2034.92500000
v -1196.74450000 -1947.08485000 1962.78500000
v -1205.11450000 -1800.94485000 1784.86500000
v -1239.28450000 -1795.66485000 1648.73500000
v -1254.43450000 -1820.31485000 1631.55500000
v -1200.28450000 -3297.03485000 2412.93500000
v -1247.14450000 -3328.53485000 2167.09500000
v -1209.41450000 -3201.57485000 2126.21500000
v -1227.99450000 -1782.12485000 1724.90500000
v -1217.88450000 -1777.33485000 1679.44500000
v -1206.80450000 -1834.18485000 1643.88500000
v -1194.51450000 -2912.12485000 2509.48500000
v -1178.48450000 -2588.07485000 2442.97500000
v -1166.23450000 -2375.38485000 2333.53500000
v -1200.96450000 -3345.52485000 2181.26500000
v -1205.46450000 -2945.79485000 2109.76500000
v -1189.38450000 -3106.30485000 2132.48500000
v -1169.43450000 -2039.80485000 2064.00500000
v -1206.00450000 -2319.08485000 1883.64500000
v -1180.36450000 -1762.93485000 1718.27500000
v -1170.33450000 -2117.60485000 1767.23500000
v -1215.71450000 -1807.91485000 1648.75500000
v -1178.34450000 -3010.98485000 2521.73500000
v -1161.65450000 -2831.24485000 2529.42500000
v -1155.42450000 -3363.73485000 2403.14500000
v -1167.23450000 -3388.04485000 2331.37500000
v -1158.97450000 -3392.79485000 2250.37500000
v -1143.21450000 -2153.06485000 2176.08500000
v -1188.27450000 -3323.41485000 2162.42500000
v -1169.75450000 -3276.41485000 2153.25500000
v -1176.22450000 -2786.15485000 2096.83500000
v -1168.42450000 -2564.63485000 2028.53500000
v -1164.93450000 -1859.78485000 1886.16500000
v -1122.10450000 -1757.22485000 1774.03500000
v -1110.31450000 -2009.64485000 1720.73500000
v -1128.94450000 -1769.84485000 1692.91500000
v -1150.34450000 -1910.42485000 1661.42500000
v -1138.36450000 -1865.97485000 1662.92500000
v -1126.07450000 -2730.13485000 2532.51500000
v -1134.02450000 -3244.68485000 2511.20500000
v -1078.91450000 -2542.60485000 2491.69500000
v -1149.89450000 -3402.17485000 2288.21500000
v -1141.66450000 -3382.83485000 2218.39500000
v -1093.26450000 -3224.78485000 2183.55500000
v -1120.85450000 -2448.15485000 1993.21500000
v -1063.94450000 -1735.39485000 1761.96500000
v -1111.37450000 -1752.40485000 1721.80500000
v -1155.32450000 -1801.39485000 1669.00500000
v -1062.54450000 -2649.22485000 2547.20500000
v -1111.93450000 -3323.20485000 2481.42500000
v -1050.38450000 -2424.75485000 2438.09500000
v -1092.99450000 -3415.86485000 2248.34500000
v -1110.18450000 -3420.16485000 2281.03500000
v -1072.08450000 -3018.14485000 2191.79500000
v -1055.52450000 -3125.58485000 2203.38500000
v -1057.95450000 -2893.34485000 2180.90500000
v -1080.12450000 -1785.29485000 1850.84500000
v -1117.48450000 -2214.08485000 1853.16500000
v -1045.80450000 -2105.94485000 1808.20500000
v -1049.35450000 -3071.23485000 2624.29500000
v -1117.46450000 -2949.91485000 2575.35500000
v -1097.20450000 -3420.46485000 2394.46500000
v -1092.43450000 -3431.26485000 2333.95500000
v -1072.87450000 -2334.44485000 2361.11500000
v -1116.48450000 -3373.57485000 2204.01500000
v -1036.42450000 -2040.37485000 2142.09500000
v -1102.59450000 -2662.32485000 2097.74500000
v -1102.29450000 -1927.12485000 1998.06500000
v -1041.21450000 -1732.90485000 1790.06500000
v -1046.64450000 -1922.83485000 1701.28500000
v -1110.27450000 -1823.83485000 1675.23500000
v -1064.03450000 -1878.98485000 1687.17500000
v -1047.22450000 -2874.30485000 2621.53500000
v -1039.19450000 -3210.75485000 2598.49500000
v -1041.72450000 -3302.46485000 2556.09500000
v -1023.16450000 -2204.47485000 2286.20500000
v -1073.32450000 -3410.45485000 2234.64500000
v -1056.66450000 -3330.82485000 2201.19500000
v -1094.19450000 -3351.39485000 2196.67500000
v -1021.22450000 -2768.38485000 2169.41500000
v -1007.04450000 -2322.30485000 1967.40500000
v -1014.27450000 -1744.78485000 1731.93500000
v -1036.21450000 -2974.51485000 2636.55500000
v -1030.54450000 -3413.16485000 2478.61500000
v -1055.04450000 -3443.76485000 2295.55500000
v -1020.47450000 -2550.60485000 2087.74500000
v -988.82450000 -1833.85485000 1960.16500000
v -901.47450000 -1993.94485000 1782.52500000
v -1041.83450000 -1764.25485000 1712.99500000
v -1049.41450000 -1790.13485000 1700.63500000
v -993.77450000 -2745.67485000 2627.40500000
v -970.55450000 -2502.00485000 2534.31500000
v -1004.13450000 -3456.16485000 2429.40500000
v -1002.83450000 -3464.26485000 2354.43500000
v -1031.79450000 -3381.48485000 2219.11500000
v -1029.35450000 -3404.55485000 2232.11500000
v -940.97450000 -2652.51485000 2163.64500000
v -988.53450000 -2187.07485000 1884.22500000
v -1008.97450000 -1731.47485000 1755.84500000
v -1040.28450000 -1835.10485000 1694.52500000
v -966.45450000 -3149.00485000 2671.09500000
v -959.59450000 -3198.16485000 2663.77500000
v -927.80450000 -2639.43485000 2628.52500000
v -991.26450000 -3370.43485000 2552.85500000
v -946.33450000 -2316.62485000 2417.33500000
v -978.18450000 -3465.86485000 2309.24500000
v -935.32450000 -2115.09485000 2261.81500000
v -1004.24450000 -3438.76485000 2270.54500000
v -979.70450000 -1951.99485000 2092.89500000
v -1006.92450000 -1923.60485000 2045.61500000
v -900.98450000 -2433.97485000 2075.32500000
v -994.82450000 -1739.19485000 1830.79500000
v -954.66450000 -1760.63485000 1730.85500000
v -921.23450000 -1938.12485000 1745.60500000
v -911.29450000 -2856.34485000 2713.12500000
v -940.02450000 -2966.97485000 2703.38500000
v -943.38450000 -3247.46485000 2655.50500000
v -962.15450000 -3305.98485000 2610.71500000
v -913.21450000 -3475.66485000 2508.94500000
v -966.23450000 -3078.98485000 2245.98500000
v -934.76450000 -3205.74485000 2253.21500000
v -957.60450000 -3329.96485000 2238.38500000
v -976.20450000 -3387.24485000 2238.82500000
v -955.73450000 -1767.69485000 1894.61500000
v -986.66450000 -1724.44485000 1799.61500000
v -951.40450000 -1719.19485000 1784.04500000
v -963.41450000 -1858.28485000 1715.04500000
v -875.74450000 -2907.83485000 2744.27500000
v -913.10450000 -3085.80485000 2712.90500000
v -889.66450000 -2757.88485000 2699.52500000
v -893.04450000 -3446.66485000 2559.41500000
v -918.97450000 -3486.56485000 2476.22500000
v -924.44450000 -3489.96485000 2424.46500000
v -937.79450000 -2981.96485000 2250.35500000
v -942.12450000 -1923.03485000 2076.87500000
v -918.31450000 -1724.77485000 1765.24500000
v -872.00450000 -2080.35485000 1850.98500000
v -893.63450000 -2515.40485000 2583.43500000
v -911.35450000 -2426.88485000 2515.05500000
v -917.56450000 -3489.16485000 2359.51500000
v -918.29450000 -3442.46485000 2275.20500000
v -900.15450000 -2016.03485000 2186.90500000
v -884.19450000 -2858.32485000 2250.60500000
v -863.97450000 -2741.61485000 2225.77500000
v -850.73450000 -1732.43485000 1888.72500000
v -866.68450000 -1734.46485000 1755.36500000
v -929.75450000 -1806.49485000 1724.91500000
v -870.08450000 -3304.94485000 2670.00500000
v -857.55450000 -2220.42485000 2387.27500000
v -917.51450000 -3473.46485000 2312.74500000
v -856.70450000 -2546.44485000 2148.13500000
v -825.50450000 -2312.75485000 2028.81500000
v -814.19450000 -2171.92485000 1932.08500000
v -798.65450000 -1791.29485000 1985.90500000
v -876.10450000 -1714.65485000 1828.47500000
v -819.54450000 -1835.31485000 1744.38500000
v -855.91450000 -1881.60485000 1743.32500000
v -877.24450000 -3197.64485000 2705.27500000
v -859.88450000 -3399.72485000 2618.10500000
v -859.55450000 -2117.27485000 2299.21500000
v -818.51450000 -1920.28485000 2123.16500000
v -855.44450000 -1769.02485000 1744.43500000
v -800.37450000 -2794.37485000 2761.42500000
v -794.89450000 -2896.45485000 2781.90500000
v -841.44450000 -2955.53485000 2763.96500000
v -833.92450000 -3029.34485000 2763.09500000
v -788.79450000 -2555.82485000 2661.25500000
v -857.14450000 -3507.86485000 2491.17500000
v -839.62450000 -3518.46485000 2429.55500000
v -840.09450000 -3508.36485000 2359.01500000
v -832.96450000 -3095.70485000 2297.44500000
v -804.32450000 -3233.12485000 2302.32500000
v -839.19450000 -3320.23485000 2283.40500000
v -852.55450000 -3411.18485000 2281.49500000
v -824.81450000 -1712.47485000 1776.38500000
v -770.63450000 -1781.36485000 1754.19500000
v -826.27450000 -3113.48485000 2752.45500000
v -818.68450000 -2715.05485000 2723.55500000
v -772.96450000 -3291.41485000 2718.30500000
v -784.92450000 -2648.00485000 2711.27500000
v -757.93450000 -3492.16485000 2610.00500000
v -821.80450000 -2363.39485000 2517.19500000
v -823.81450000 -3492.96485000 2322.86500000
v -813.26450000 -3467.46485000 2305.59500000
v -765.74450000 -2612.41485000 2209.87500000
v -723.70450000 -1705.40485000 1883.16500000
v -839.43450000 -1708.08485000 1795.65500000
v -731.81450000 -3459.66485000 2648.38500000
v -756.96450000 -3382.37485000 2678.71500000
v -825.26450000 -2457.72485000 2580.25500000
v -726.11450000 -2083.95485000 2324.48500000
v -797.76450000 -2966.61485000 2302.51500000
v -712.42450000 -2034.21485000 1865.73500000
v -718.44450000 -1970.54485000 1821.16500000
v -762.55450000 -3191.76485000 2757.06500000
v -777.53450000 -3521.36485000 2553.45500000
v -790.71450000 -3533.06485000 2494.55500000
v -760.83450000 -3548.86485000 2458.87500000
v -763.95450000 -3542.26485000 2403.05500000
v -756.58450000 -3529.46485000 2356.71500000
v -751.52450000 -2862.42485000 2301.52500000
v -733.79450000 -2470.25485000 2152.07500000
v -696.35450000 -2344.63485000 2089.26500000
v -722.44450000 -1693.65485000 1831.68500000
v -781.49450000 -1746.09485000 1760.54500000
v -764.97450000 -2992.24485000 2797.78500000
v -757.30450000 -3097.06485000 2781.79500000
v -661.76450000 -2587.43485000 2738.07500000
v -737.71450000 -3507.16485000 2328.56500000
v -722.78450000 -3305.79485000 2324.08500000
v -710.87450000 -3410.34485000 2316.31500000
v -723.14450000 -3473.36485000 2317.99500000
v -765.84450000 -2751.37485000 2263.34500000
v -664.25450000 -2207.78485000 2005.25500000
v -629.44450000 -1816.17485000 2083.04500000
v -669.87450000 -1731.89485000 1952.57500000
v -719.66450000 -1701.60485000 1795.71500000
v -758.01450000 -1915.74485000 1780.72500000
v -745.31450000 -1723.79485000 1775.02500000
v -732.14450000 -1858.13485000 1766.11500000
v -693.69450000 -2831.08485000 2812.40500000
v -706.03450000 -2709.33485000 2768.28500000
v -660.87450000 -3295.97485000 2752.00500000
v -677.89450000 -2515.17485000 2689.67500000
v -726.68450000 -2453.49485000 2625.15500000
v -747.54450000 -3518.36485000 2337.96500000
v -707.44450000 -3071.28485000 2340.48500000
v -650.94450000 -1766.93485000 2010.23500000
v -701.12450000 -2944.88485000 2818.72500000
v -686.46450000 -3059.04485000 2811.36500000
v -673.65450000 -3367.71485000 2716.78500000
v -701.11450000 -3564.26485000 2521.91500000
v -692.95450000 -3569.06485000 2455.11500000
v -672.84450000 -3563.36485000 2394.60500000
v -693.97450000 -2944.83485000 2331.80500000
v -713.16450000 -3195.41485000 2333.21500000
v -632.28450000 -2630.08485000 2259.49500000
v -643.07450000 -1917.10485000 2190.83500000
v -617.45450000 -2086.78485000 1928.81500000
v -632.14450000 -1704.45485000 1919.11500000
v -666.72450000 -3169.05485000 2787.88500000
v -649.39450000 -3442.36485000 2687.17500000
v -651.67450000 -3502.16485000 2649.66500000
v -662.50450000 -3541.56485000 2608.49500000
v -657.91450000 -3564.56485000 2574.52500000
v -685.04450000 -2297.43485000 2525.36500000
v -675.80450000 -3540.16485000 2354.88500000
v -619.10450000 -3381.49485000 2339.66500000
v -623.53450000 -1689.32485000 1881.00500000
v -661.95450000 -1802.33485000 1768.38500000
v -617.61450000 -2736.28485000 2811.66500000
v -590.10450000 -3595.76485000 2463.69500000
v -668.77450000 -2810.12485000 2306.45500000
v -665.01450000 -3518.76485000 2339.38500000
v -628.15450000 -1711.94485000 1782.88500000
v -691.35450000 -1752.65485000 1769.50500000
v -640.86450000 -2887.99485000 2833.27500000
v -623.20450000 -2974.19485000 2832.66500000
v -597.75450000 -3595.66485000 2518.48500000
v -620.19450000 -2190.37485000 2469.17500000
v -532.91450000 -2130.61485000 2450.47500000
v -549.40450000 -3594.26485000 2417.24500000
v -627.36450000 -3054.39485000 2358.36500000
v -601.87450000 -3176.61485000 2358.84500000
v -612.65450000 -3304.53485000 2345.54500000
v -596.26450000 -3503.16485000 2342.75500000
v -641.42450000 -2514.62485000 2202.06500000
v -610.01450000 -1675.83485000 1838.53500000
v -633.77450000 -1683.88485000 1811.77500000
v -638.51450000 -1693.83485000 1796.37500000
v -610.29450000 -1906.53485000 1806.06500000
v -594.31450000 -2790.29485000 2829.76500000
v -590.31450000 -3104.36485000 2817.52500000
v -589.83450000 -2435.06485000 2668.20500000
v -602.76450000 -3588.66485000 2558.91500000
v -555.09450000 -1992.44485000 2305.19500000
v -580.76450000 -3568.96485000 2380.57500000
v -581.25450000 -2907.88485000 2343.85500000
v -533.43450000 -3390.66485000 2350.69500000
v -561.14450000 -3445.06485000 2342.60500000
v -591.40450000 -2411.39485000 2160.22500000
v -599.70450000 -1856.55485000 1786.32500000
v -545.60450000 -2890.39485000 2839.89500000
v -591.00450000 -2642.99485000 2784.94500000
v -567.76450000 -3234.01485000 2786.47500000
v -562.39450000 -3385.17485000 2732.28500000
v -584.11450000 -3483.86485000 2680.35500000
v -559.63450000 -3583.46485000 2598.10500000
v -600.25450000 -3538.76485000 2357.19500000
v -569.59450000 -2741.97485000 2310.35500000
v -503.14450000 -1861.50485000 2182.46500000
v -527.00450000 -1745.57485000 2029.44500000
v -528.83450000 -2260.28485000 2075.35500000
v -566.75450000 -1989.24485000 1869.64500000
v -556.98450000 -1680.47485000 1791.34500000
v -579.67450000 -1751.70485000 1771.81500000
v -525.72450000 -3030.08485000 2835.00500000
v -537.49450000 -2537.47485000 2748.75500000
v -570.88450000 -3536.86485000 2644.02500000
v -533.78450000 -2272.85485000 2568.94500000
v -510.84450000 -3614.46485000 2501.60500000
v -539.87450000 -3084.15485000 2363.93500000
v -532.81450000 -2625.45485000 2281.29500000
v -559.92450000 -2537.06485000 2234.22500000
v -512.28450000 -1790.00485000 2093.54500000
v -559.84450000 -2156.69485000 1992.95500000
v -494.82450000 -1713.62485000 1767.15500000
v -540.02450000 -2685.87485000 2811.56500000
v -482.67450000 -3613.16485000 2455.48500000
v -456.25450000 -3590.26485000 2393.94500000
v -544.92450000 -1700.70485000 1939.34500000
v -510.25450000 -1665.96485000 1868.97500000
v -522.46450000 -1660.77485000 1818.19500000
v -523.27450000 -1798.17485000 1774.54500000
v -506.98450000 -2756.68485000 2828.45500000
v -491.92450000 -2598.20485000 2784.23500000
v -508.02450000 -3488.96485000 2688.47500000
v -495.76450000 -3609.66485000 2545.76500000
v -497.57450000 -2938.12485000 2356.78500000
v -492.11450000 -3287.72485000 2359.11500000
v -513.33450000 -2810.09485000 2333.66500000
v -476.95450000 -3554.16485000 2367.50500000
v -442.39450000 -1844.77485000 1792.81500000
v -502.98450000 -1911.10485000 1828.43500000
v -462.32450000 -2855.86485000 2836.91500000
v -458.69450000 -2974.34485000 2836.51500000
v -493.25450000 -3169.82485000 2809.88500000
v -446.86450000 -3315.57485000 2766.18500000
v -443.96450000 -3565.16485000 2638.07500000
v -466.86450000 -2204.14485000 2538.37500000
v -447.54450000 -3606.76485000 2419.47500000
v -439.55450000 -2035.68485000 2392.37500000
v -434.06450000 -1948.55485000 2301.47500000
v -451.79450000 -3509.76485000 2353.94500000
v -477.30450000 -2702.74485000 2310.73500000
v -482.11450000 -2563.90485000 2260.51500000
v -448.18450000 -1673.11485000 1920.57500000
v -429.40450000 -1640.40485000 1829.68500000
v -401.70450000 -1637.98485000 1792.19500000
v -461.07450000 -1654.55485000 1786.99500000
v -468.54450000 -1759.91485000 1764.92500000
v -464.20450000 -2675.58485000 2809.40500000
v -423.40450000 -2492.59485000 2742.84500000
v -481.04450000 -2437.73485000 2702.91500000
v -453.79450000 -3431.16485000 2720.84500000
v -483.75450000 -2361.66485000 2652.13500000
v -439.02450000 -3600.36485000 2586.97500000
v -432.60450000 -3122.40485000 2364.40500000
v -448.82450000 -2824.48485000 2336.83500000
v -453.53450000 -3436.56485000 2351.62500000
v -491.18450000 -2417.14485000 2182.10500000
v -477.40450000 -2106.78485000 1972.46500000
v -450.67450000 -1674.16485000 1768.85500000
v -390.50450000 -1701.61485000 1743.84500000
v -446.27450000 -2758.72485000 2823.57500000
v -430.11450000 -3112.67485000 2817.19500000
v -421.88450000 -2264.12485000 2595.82500000
v -409.24450000 -2143.59485000 2499.44500000
v -328.70450000 -3604.66485000 2395.67500000
v -430.13450000 -2943.00485000 2351.99500000
v -426.84450000 -2485.64485000 2228.94500000
v -439.64450000 -2314.40485000 2129.00500000
v -374.51450000 -1657.96485000 1907.69500000
v -397.03450000 -1806.84485000 1773.12500000
v -402.57450000 -3227.07485000 2789.95500000
v -408.44450000 -2595.45485000 2776.53500000
v -418.11450000 -2376.59485000 2673.47500000
v -401.02450000 -3498.16485000 2687.35500000
v -390.60450000 -3622.76485000 2491.58500000
v -342.04450000 -3616.06485000 2432.75500000
v -373.00450000 -3419.46485000 2353.57500000
v -418.76450000 -2602.65485000 2275.69500000
v -371.48450000 -1871.84485000 2235.04500000
v -413.45450000 -1785.34485000 2116.01500000
v -418.06450000 -2383.93485000 2172.02500000
v -420.45450000 -1712.21485000 2001.39500000
v -415.25450000 -2217.56485000 2060.87500000
v -457.94450000 -1984.82485000 1884.33500000
v -381.10450000 -1649.13485000 1763.03500000
v -365.24450000 -1668.98485000 1742.70500000
v -365.44450000 -1754.89485000 1748.37500000
v -396.39450000 -2839.48485000 2821.57500000
v -409.91450000 -2930.32485000 2829.53500000
v -363.56450000 -3059.94485000 2809.50500000
v -383.64450000 -2713.12485000 2795.82500000
v -351.51450000 -3416.46485000 2723.40500000
v -356.36450000 -2415.33485000 2699.98500000
v -353.01450000 -3542.66485000 2658.15500000
v -334.88450000 -3573.76485000 2630.85500000
v -351.22450000 -3596.56485000 2598.23500000
v -365.85450000 -3613.86485000 2548.35500000
v -382.26450000 -3005.94485000 2351.79500000
v -390.92450000 -3309.26485000 2357.97500000
v -376.41450000 -2899.73485000 2334.44500000
v -330.96450000 -3555.46485000 2360.08500000
v -391.52450000 -2747.10485000 2307.32500000
v -362.79450000 -2542.69485000 2244.84500000
v -361.57450000 -2420.37485000 2186.09500000
v -400.16450000 -1928.99485000 1848.26500000
v -360.94450000 -3182.42485000 2793.34500000
v -357.63450000 -2499.77485000 2735.58500000
v -379.36450000 -2468.97485000 2725.93500000
v -352.70450000 -3142.92485000 2354.44500000
v -354.53450000 -3580.76485000 2376.19500000
v -344.70450000 -1968.33485000 2347.25500000
v -368.83450000 -2636.44485000 2276.74500000
v -372.28450000 -2311.30485000 2122.28500000
v -379.82450000 -2125.77485000 1995.07500000
v -389.00450000 -2030.57485000 1921.09500000
v -336.88450000 -1634.58485000 1821.55500000
v -302.16450000 -1636.16485000 1755.93500000
v -342.02450000 -1886.43485000 1813.64500000
v -330.41450000 -1685.92485000 1723.67500000
v -332.35450000 -2941.88485000 2800.52500000
v -328.50450000 -2833.12485000 2789.65500000
v -328.46450000 -3296.18485000 2758.27500000
v -343.95450000 -2298.59485000 2627.34500000
v -356.48450000 -2206.65485000 2560.65500000
v -354.40450000 -2054.14485000 2429.78500000
v -341.59450000 -3275.76485000 2351.60500000
v -274.34450000 -3406.01485000 2336.22500000
v -353.74450000 -3496.46485000 2351.88500000
v -338.46450000 -2711.75485000 2284.05500000
v -332.25450000 -2634.47485000 2261.83500000
v -336.52450000 -2361.41485000 2147.63500000
v -325.95450000 -1747.67485000 2082.55500000
v -316.21450000 -1692.59485000 1993.17500000
v -302.54450000 -1659.99485000 1718.15500000
v -284.04450000 -1709.20485000 1704.76500000
v -351.02450000 -2600.77485000 2760.91500000
v -303.70450000 -2717.68485000 2759.48500000
v -297.47450000 -3382.43485000 2728.31500000
v -314.64450000 -2433.77485000 2697.70500000
v -306.99450000 -3496.66485000 2677.33500000
v -310.51450000 -2120.29485000 2491.72500000
v -284.37450000 -3622.56485000 2508.84500000
v -255.20450000 -3620.46485000 2456.62500000
v -311.83450000 -3072.06485000 2330.40500000
v -308.37450000 -2877.89485000 2297.62500000
v -305.25450000 -2589.84485000 2233.45500000
v -297.14450000 -2482.19485000 2184.67500000
v -314.80450000 -1823.86485000 2184.76500000
v -310.76450000 -2391.23485000 2151.01500000
v -331.42450000 -2198.59485000 2038.93500000
v -323.07450000 -2076.91485000 1949.63500000
v -326.02450000 -1981.86485000 1877.39500000
v -323.75450000 -1650.67485000 1738.86500000
v -299.42450000 -3169.65485000 2776.10500000
v -279.19450000 -2541.58485000 2708.80500000
v -297.84450000 -2357.55485000 2653.81500000
v -277.46450000 -3547.26485000 2638.09500000
v -270.60450000 -3582.66485000 2602.46500000
v -304.92450000 -2212.99485000 2564.38500000
v -285.69450000 -2014.22485000 2395.82500000
v -284.19450000 -3258.52485000 2332.53500000
v -279.04450000 -3331.34485000 2334.43500000
v -275.67450000 -3478.06485000 2340.16500000
v -296.21450000 -1893.48485000 2270.67500000
v -225.36450000 -3081.14485000 2276.28500000
v -287.41450000 -2714.85485000 2251.08500000
v -301.43450000 -2312.61485000 2098.60500000
v -263.27450000 -2227.51485000 2027.92500000
v -289.47450000 -1661.08485000 1933.76500000
v -286.56450000 -1642.55485000 1865.91500000
v -286.90450000 -1649.26485000 1721.02500000
v -278.24450000 -1837.76485000 1765.62500000
v -263.74450000 -1675.43485000 1693.49500000
v -275.16450000 -3074.09485000 2774.33500000
v -265.84450000 -3436.66485000 2695.90500000
v -274.08450000 -2267.60485000 2594.33500000
v -262.35450000 -3603.96485000 2555.18500000
v -252.31450000 -2166.38485000 2517.14500000
v -273.82450000 -1948.20485000 2328.84500000
v -231.69450000 -3532.76485000 2341.49500000
v -217.63450000 -2962.78485000 2246.51500000
v -242.91450000 -2837.78485000 2240.40500000
v -256.69450000 -1854.35485000 2223.51500000
v -230.82450000 -2598.63485000 2166.71500000
v -271.80450000 -2387.69485000 2121.41500000
v -246.17450000 -1731.58485000 2054.00500000
v -255.43450000 -1686.18485000 1976.89500000
v -270.51450000 -2132.72485000 1970.79500000
v -264.15450000 -2035.50485000 1898.36500000
v -272.69450000 -1634.23485000 1803.35500000
v -268.43450000 -1937.39485000 1828.36500000
v -248.33450000 -1771.16485000 1716.38500000
v -251.28450000 -2912.10485000 2753.31500000
v -233.98450000 -3163.06485000 2750.62500000
v -242.21450000 -3253.01485000 2737.80500000
v -252.72450000 -3360.48485000 2715.40500000
v -255.05450000 -2409.31485000 2655.69500000
v -238.78450000 -2067.47485000 2433.13500000
v -236.67450000 -3610.56485000 2406.24500000
v -233.86450000 -3579.36485000 2367.13500000
v -201.02450000 -3365.61485000 2305.39500000
v -204.35450000 -3227.75485000 2284.24500000
v -202.33450000 -2743.89485000 2177.79500000
v -256.12450000 -1801.14485000 2148.42500000
v -212.71450000 -2468.19485000 2099.71500000
v -217.54450000 -2346.42485000 2048.86500000
v -200.71450000 -2172.14485000 1949.90500000
v -250.69450000 -1658.13485000 1693.22500000
v -207.21450000 -1683.88485000 1671.65500000
v -229.51450000 -1666.33485000 1681.82500000
v -224.37450000 -2731.74485000 2711.98500000
v -188.63450000 -2598.44485000 2663.64500000
v -193.62450000 -2467.87485000 2633.77500000
v -216.23450000 -3502.26485000 2641.93500000
v -242.67450000 -2322.37485000 2610.56500000
v -223.72450000 -3587.06485000 2576.67500000
v -221.26450000 -1972.83485000 2339.87500000
v -239.77450000 -1905.66485000 2274.61500000
v -182.70450000 -3437.46485000 2310.59500000
v -176.06450000 -2893.41485000 2192.48500000
v -202.26450000 -1701.63485000 1980.90500000
v -186.19450000 -2257.67485000 1979.83500000
v -217.25450000 -1667.65485000 1896.68500000
v -211.96450000 -2092.73485000 1905.21500000
v -231.56450000 -1643.33485000 1817.13500000
v -189.27450000 -2020.04485000 1841.46500000
v -236.78450000 -1638.39485000 1759.47500000
v -245.08450000 -1644.44485000 1716.00500000
v -206.27450000 -1659.47485000 1684.80500000
v -184.74450000 -2839.05485000 2702.53500000
v -214.84450000 -3063.02485000 2739.10500000
v -194.15450000 -3427.26485000 2663.86500000
v -173.74450000 -2331.48485000 2570.03500000
v -218.53450000 -3559.96485000 2599.33500000
v -210.29450000 -2240.67485000 2544.78500000
v -211.31450000 -3612.56485000 2490.98500000
v -193.39450000 -2136.51485000 2466.56500000
v -181.64450000 -3483.36485000 2319.96500000
v -211.69450000 -1854.33485000 2203.14500000
v -197.05450000 -1794.53485000 2116.38500000
v -202.01450000 -1916.16485000 1782.30500000
v -191.93450000 -1650.66485000 1716.52500000
v -163.03450000 -1866.76485000 1737.27500000
v -181.16450000 -1757.65485000 1692.18500000
v -158.43450000 -3195.00485000 2689.83500000
v -182.22450000 -3329.29485000 2682.17500000
v -189.70450000 -3583.56485000 2544.09500000
v -180.66450000 -2047.49485000 2388.31500000
v -173.48450000 -3607.36485000 2426.99500000
v -190.61450000 -1910.92485000 2255.66500000
v -154.68450000 -3306.80485000 2268.42500000
v -153.81450000 -3063.05485000 2216.36500000
v -139.29450000 -2801.70485000 2136.22500000
v -159.06450000 -2692.08485000 2123.85500000
v -145.79450000 -2588.70485000 2081.01500000
v -188.55450000 -1744.47485000 2039.93500000
v -150.52450000 -2454.30485000 2035.06500000
v -175.79450000 -1694.82485000 1934.79500000
v -128.09450000 -2248.14485000 1929.96500000
v -155.88450000 -2134.86485000 1890.21500000
v -182.13450000 -1662.27485000 1797.91500000
v -134.43450000 -1994.79485000 1795.73500000
v -151.81450000 -2984.56485000 2682.91500000
v -124.08450000 -2744.29485000 2637.31500000
v -111.47450000 -3315.27485000 2635.94500000
v -163.08450000 -3538.86485000 2579.85500000
v -139.01450000 -2219.62485000 2484.09500000
v -158.72450000 -3594.76485000 2479.43500000
v -117.58450000 -2133.98485000 2411.87500000
v -111.50450000 -2060.71485000 2347.73500000
v -175.29450000 -3596.36485000 2386.19500000
v -124.15450000 -1988.05485000 2283.69500000
v -136.44450000 -3540.56485000 2332.85500000
v -115.28450000 -3352.57485000 2260.56500000
v -137.15450000 -3432.26485000 2293.69500000
v -174.95450000 -3159.67485000 2252.40500000
v -141.09450000 -3207.34485000 2240.15500000
v -140.76450000 -1884.41485000 2182.08500000
v -120.55450000 -1812.55485000 2069.17500000
v -134.55450000 -1744.05485000 1971.94500000
v -144.22450000 -2350.96485000 1987.32500000
v -133.01450000 -1713.71485000 1888.36500000
v -119.66450000 -2099.00485000 1848.63500000
v -131.46450000 -1684.30485000 1741.59500000
v -156.50450000 -1675.55485000 1689.39500000
v -172.23450000 -1682.82485000 1672.71500000
v -162.23450000 -1710.02485000 1673.56500000
v -108.63450000 -3395.16485000 2614.53500000
v -142.19450000 -3477.66485000 2602.62500000
v -124.21450000 -2529.93485000 2596.11500000
v -109.06450000 -2402.50485000 2546.13500000
v -109.80450000 -3552.06485000 2503.33500000
v -137.86450000 -3575.26485000 2359.02500000
v -113.13450000 -2954.85485000 2159.88500000
v -105.60450000 -3122.51485000 2199.41500000
v -104.94450000 -2754.33485000 2098.60500000
v -106.29450000 -2543.33485000 2033.79500000
v -102.08450000 -2458.64485000 2000.76500000
v -125.26450000 -1746.15485000 1682.65500000
v -138.99450000 -1705.78485000 1681.11500000
v -84.71450000 -3098.47485000 2637.06500000
v -104.48450000 -3506.06485000 2553.26500000
v -102.78450000 -3575.26485000 2419.67500000
v -134.00450000 -3584.86485000 2388.64500000
v -80.75450000 -3547.86485000 2339.39500000
v -88.44450000 -3254.49485000 2225.50500000
v -110.21450000 -2853.14485000 2129.64500000
v -86.04450000 -2876.94485000 2122.48500000
v -93.21450000 -2372.73485000 1962.55500000
v -110.27450000 -1712.97485000 1818.69500000
v -89.59450000 -2076.94485000 1823.46500000
v -111.49450000 -1957.91485000 1766.75500000
v -95.85450000 -1829.30485000 1713.93500000
v -93.36450000 -2929.51485000 2634.24500000
v -71.63450000 -3234.00485000 2621.76500000
v -59.10450000 -2604.76485000 2568.10500000
v -57.02450000 -2478.29485000 2535.47500000
v -90.26450000 -2308.88485000 2495.85500000
v -73.08450000 -2225.95485000 2440.98500000
v -72.32450000 -2108.35485000 2358.61500000
v -84.58450000 -3559.66485000 2368.75500000
v -53.76450000 -2065.85485000 2311.31500000
v -87.89450000 -3486.16485000 2303.76500000
v -40.10450000 -3426.36485000 2272.99500000
v -47.93450000 -2013.62485000 2258.00500000
v -63.92450000 -1960.23485000 2211.58500000
v -35.78450000 -3181.95485000 2198.00500000
v -70.97450000 -3065.67485000 2173.92500000
v -57.10450000 -1890.47485000 2120.89500000
v -53.08450000 -2976.75485000 2145.81500000
v -53.27450000 -1834.72485000 2035.87500000
v -36.95450000 -2832.13485000 2100.07500000
v -87.11450000 -2653.23485000 2060.85500000
v -64.44450000 -2741.61485000 2080.76500000
v -79.10450000 -1792.52485000 1991.08500000
v -58.98450000 -2574.03485000 2026.41500000
v -70.16450000 -1767.55485000 1931.95500000
v -76.71450000 -2297.19485000 1923.95500000
v -99.54450000 -2197.26485000 1891.12500000
v -36.21450000 -2139.35485000 1850.73500000
v -67.07450000 -2019.41485000 1792.26500000
v -75.18450000 -1727.79485000 1781.15500000
v -82.91450000 -1726.56485000 1732.36500000
v -73.86450000 -1927.78485000 1753.53500000
v -117.00450000 -1708.82485000 1702.98500000
v -111.19450000 -1734.27485000 1691.04500000
v -81.59450000 -1776.93485000 1704.51500000
v -67.76450000 -2849.18485000 2609.23500000
v -50.43450000 -2988.87485000 2610.87500000
v -65.44450000 -3318.97485000 2604.50500000
v -45.10450000 -2739.17485000 2584.12500000
v -85.10450000 -3449.66485000 2572.84500000
v -47.79450000 -2387.93485000 2503.65500000
v -58.71450000 -3532.56485000 2474.77500000
v -44.64450000 -3483.76485000 2517.62500000
v -63.36450000 -3546.56485000 2442.37500000
v -53.42450000 -2167.82485000 2393.20500000
v -44.73450000 -3522.16485000 2322.53500000
v -54.66450000 -3339.64485000 2244.08500000
v -20.94450000 -3289.60485000 2225.92500000
v -24.44450000 -1863.17485000 2063.14500000
v -36.35450000 -2915.41485000 2125.53500000
v -57.43450000 -2473.13485000 1990.49500000
v -34.52450000 -2408.41485000 1961.45500000
v -12.73450000 -2315.29485000 1923.16500000
v -33.97450000 -2236.36485000 1895.53500000
v -55.84450000 -1750.26485000 1854.76500000
v -48.93450000 -2081.62485000 1822.36500000
v -45.72450000 -1751.66485000 1754.73500000
v -80.33450000 -1751.49485000 1712.82500000
v -50.66450000 -1760.63485000 1733.10500000
v -25.10450000 -1790.88485000 1724.82500000
v -41.87450000 -1829.21485000 1721.71500000
v -28.62450000 -2881.00485000 2594.19500000
v -24.72450000 -2668.53485000 2564.44500000
v -34.13450000 -3381.59485000 2571.41500000
v -23.95450000 -2557.36485000 2542.03500000
v -18.33450000 -3523.26485000 2449.98500000
v -25.14450000 -2312.91485000 2464.67500000
v -35.60450000 -3544.66485000 2397.76500000
v -27.09450000 -2127.61485000 2351.49500000
v -31.67450000 -3539.06485000 2351.44500000
v -1.70450000 -3079.67485000 2168.94500000
v -9.19450000 -2697.95485000 2059.75500000
v -34.97450000 -1806.99485000 1977.84500000
v -15.52450000 -2063.74485000 1811.36500000
v -2.90450000 -1991.47485000 1776.93500000
v -8.58450000 -1891.56485000 1736.26500000
v -5.00450000 -3027.93485000 2598.40500000
v -32.86450000 -3132.82485000 2608.05500000
v -12.18450000 -3264.31485000 2597.09500000
v 14.14550000 -2707.80485000 2571.38500000
v -1.98450000 -2807.58485000 2583.99500000
v 13.38550000 -2904.76485000 2592.72500000
v -2.53450000 -2623.09485000 2557.61500000
v 10.75550000 -3443.06485000 2541.77500000
v 25.70550000 -3398.10485000 2564.86500000
v -13.93450000 -2504.78485000 2525.72500000
v -19.57450000 -2457.09485000 2515.48500000
v 13.85550000 -3498.86485000 2496.44500000
v -20.47450000 -2226.36485000 2418.47500000
v -11.40450000 -2172.70485000 2382.45500000
v 6.39550000 -2100.61485000 2325.84500000
v -6.25450000 -2040.13485000 2270.65500000
v 17.07550000 -3498.36485000 2303.92500000
v 47.14550000 -3444.46485000 2275.42500000
v -18.96450000 -1995.74485000 2228.88500000
v 10.35550000 -3357.63485000 2246.23500000
v -10.33450000 -1948.00485000 2173.92500000
v -7.70450000 -1915.30485000 2130.06500000
v 42.26550000 -3163.82485000 2191.81500000
v -10.21450000 -1887.31485000 2095.39500000
v 8.95550000 -2956.02485000 2134.42500000
v -17.22450000 -1836.45485000 2019.82500000
v 8.41550000 -2532.33485000 2004.18500000
v -3.39450000 -1786.75485000 1928.85500000
v 6.69550000 -1768.85485000 1865.66500000
v 37.87550000 -2237.00485000 1890.83500000
v -7.96450000 -1758.91485000 1792.43500000
v -10.46450000 -1770.80485000 1745.38500000
v 15.27550000 -1840.81485000 1723.53500000
v 35.76550000 -3028.09485000 2604.55500000
v 18.98550000 -3154.12485000 2603.96500000
v 21.10550000 -3343.17485000 2582.72500000
v 16.97550000 -2554.01485000 2541.62500000
v 17.11550000 -2478.28485000 2520.06500000
v 8.60550000 -3476.36485000 2521.00500000
v -1.62450000 -2401.40485000 2495.88500000
v 29.24550000 -2347.41485000 2478.79500000
v 29.06550000 -3523.46485000 2462.60500000
v 21.84550000 -2264.55485000 2439.99500000
v 34.71550000 -3544.66485000 2428.40500000
v 22.49550000 -2198.72485000 2401.89500000
v 11.32550000 -2151.88485000 2369.67500000
v 24.14550000 -3543.46485000 2371.11500000
v 24.19550000 -3534.66485000 2337.00500000
v 28.60550000 -3267.26485000 2219.85500000
v 14.49550000 -1924.42485000 2142.14500000
v 18.71550000 -1894.96485000 2104.67500000
v 63.91550000 -3052.74485000 2167.08500000
v 5.65550000 -1858.99485000 2052.89500000
v 41.29550000 -2825.31485000 2098.24500000
v 67.89550000 -2700.98485000 2066.78500000
v 11.47550000 -1825.29485000 2004.17500000
v 34.38550000 -2382.37485000 1950.09500000
v 17.59550000 -1766.54485000 1757.94500000
v 39.16550000 -1768.58485000 1733.15500000
v 30.17550000 -1805.68485000 1721.46500000
v 36.06550000 -2804.62485000 2589.36500000
v 45.87550000 -2906.07485000 2603.18500000
v 50.85550000 -3278.83485000 2608.42500000
v 73.23550000 -2600.99485000 2583.45500000
v 76.53550000 -2719.09485000 2605.92500000
v 74.56550000 -3369.18485000 2604.28500000
v 78.54550000 -3447.76485000 2576.86500000
v 67.52550000 -2478.69485000 2547.05500000
v 47.76550000 -3486.26485000 2531.62500000
v 38.62550000 -2419.66485000 2511.28500000
v 52.83550000 -3516.76485000 2501.23500000
v 75.95550000 -2280.27485000 2475.07500000
v 88.04550000 -2370.55485000 2525.53500000
v 87.16550000 -3550.96485000 2495.09500000
v 63.75550000 -2216.09485000 2433.76500000
v 49.02550000 -2133.52485000 2365.47500000
v 82.54550000 -3571.46485000 2404.50500000
v 30.20550000 -2062.57485000 2294.56500000
v 18.64550000 -2001.67485000 2233.49500000
v 112.88550000 -3521.06485000 2316.08500000
v 35.58550000 -1936.99485000 2163.43500000
v 36.38550000 -1869.91485000 2075.88500000
v 44.12550000 -2622.83485000 2036.81500000
v 71.46550000 -1818.31485000 2033.15500000
v 64.35550000 -1766.50485000 1929.44500000
v 51.37550000 -1750.30485000 1834.90500000
v 45.29550000 -2075.06485000 1816.66500000
v 37.89550000 -1754.02485000 1773.45500000
v 57.96550000 -1956.15485000 1760.18500000
v 72.38550000 -1816.01485000 1706.37500000
v 73.99550000 -1864.41485000 1722.74500000
v 89.96550000 -2815.07485000 2626.17500000
v 86.48550000 -2956.40485000 2635.27500000
v 88.88550000 -3131.04485000 2642.87500000
v 123.19550000 -3585.66485000 2466.26500000
v 69.63550000 -3558.86485000 2363.17500000
v 81.83550000 -2023.41485000 2288.80500000
v 90.53550000 -3553.36485000 2343.06500000
v 103.61550000 -1908.17485000 2182.31500000
v 78.91550000 -3357.68485000 2252.57500000
v 70.96550000 -2947.66485000 2138.62500000
v 82.93550000 -2601.94485000 2037.76500000
v 61.78550000 -2554.35485000 2016.19500000
v 67.83550000 -2471.86485000 1989.35500000
v 76.37550000 -2304.95485000 1926.15500000
v 108.38550000 -1725.91485000 1881.09500000
v 91.41550000 -1721.99485000 1767.45500000
v 78.20550000 -1773.08485000 1702.04500000
v 96.64550000 -1736.44485000 1701.44500000
v 137.45550000 -2859.91485000 2669.01500000
v 135.99550000 -2996.02485000 2677.29500000
v 101.76550000 -3516.96485000 2548.75500000
v 141.57550000 -2286.31485000 2526.36500000
v 114.99550000 -2142.72485000 2412.98500000
v 131.10550000 -3598.16485000 2418.90500000
v 114.64550000 -3582.46485000 2382.30500000
v 82.68550000 -3230.52485000 2218.36500000
v 86.73550000 -3142.37485000 2197.01500000
v 95.80550000 -3012.72485000 2164.94500000
v 87.26550000 -2780.94485000 2095.56500000
v 89.47550000 -2866.42485000 2121.95500000
v 108.44550000 -2644.12485000 2067.12500000
v 89.35550000 -2524.03485000 2014.85500000
v 141.04550000 -1753.40485000 1996.82500000
v 81.22550000 -2380.04485000 1958.94500000
v 96.79550000 -2142.37485000 1859.16500000
v 102.54550000 -2241.73485000 1911.91500000
v 147.21550000 -1672.88485000 1737.92500000
v 139.07550000 -1691.64485000 1825.82500000
v 105.31550000 -1990.13485000 1785.49500000
v 114.30550000 -1761.85485000 1680.91500000
v 110.82550000 -1800.83485000 1694.85500000
v 105.95550000 -1745.06485000 1685.68500000
v 166.73550000 -3142.00485000 2701.69500000
v 144.55550000 -3288.76485000 2667.58500000
v 149.57550000 -2678.50485000 2648.39500000
v 134.88550000 -3417.56485000 2629.25500000
v 131.87550000 -3479.46485000 2600.25500000
v 131.36550000 -2448.53485000 2577.82500000
v 175.83550000 -3534.26485000 2597.36500000
v 151.88550000 -3566.66485000 2536.30500000
v 134.10550000 -2038.03485000 2346.66500000
v 148.85550000 -1976.65485000 2299.18500000
v 107.30550000 -3451.36485000 2288.41500000
v 188.60550000 -3491.76485000 2321.48500000
v 138.90550000 -3564.16485000 2344.27500000
v 139.60550000 -3293.24485000 2259.63500000
v 129.06550000 -3197.68485000 2232.51500000
v 129.40550000 -3097.28485000 2209.37500000
v 121.22550000 -2956.11485000 2165.92500000
v 151.96550000 -1830.94485000 2126.02500000
v 113.31550000 -2839.07485000 2126.19500000
v 113.01550000 -2754.16485000 2104.23500000
v 135.75550000 -2529.77485000 2052.33500000
v 115.91550000 -2408.87485000 1991.30500000
v 104.37550000 -2328.94485000 1951.62500000
v 115.93550000 -2045.62485000 1819.43500000
v 122.19550000 -1898.98485000 1744.85500000
v 123.98550000 -1701.88485000 1704.20500000
v 137.04550000 -1810.60485000 1700.83500000
v 130.40550000 -1715.26485000 1678.86500000
v 174.43550000 -2848.42485000 2693.60500000
v 205.24550000 -3232.83485000 2722.34500000
v 197.34550000 -3616.56485000 2459.14500000
v 171.89550000 -3605.26485000 2405.17500000
v 162.85550000 -3584.56485000 2371.47500000
v 153.20550000 -3392.59485000 2288.94500000
v 166.83550000 -1905.77485000 2233.24500000
v 169.23550000 -1694.78485000 1905.77500000
v 151.62550000 -2070.07485000 1849.22500000
v 160.08550000 -2166.56485000 1911.46500000
v 182.20550000 -1662.32485000 1814.33500000
v 191.36550000 -1840.82485000 1736.53500000
v 151.12550000 -1683.61485000 1687.08500000
v 141.14550000 -1762.86485000 1679.87500000
v 175.04550000 -1681.32485000 1671.13500000
v 158.01550000 -1721.24485000 1673.50500000
v 220.70550000 -2983.19485000 2735.48500000
v 230.12550000 -3137.70485000 2745.97500000
v 184.32550000 -3473.46485000 2639.55500000
v 188.72550000 -2323.08485000 2574.95500000
v 227.07550000 -3581.46485000 2582.06500000
v 191.30550000 -2173.29485000 2487.32500000
v 217.86550000 -3599.76485000 2527.37500000
v 171.38550000 -2054.22485000 2384.03500000
v 286.99550000 -3621.36485000 2438.45500000
v 216.56550000 -3155.90485000 2284.66500000
v 205.02550000 -2965.31485000 2236.95500000
v 172.50550000 -2826.82485000 2174.85500000
v 203.70550000 -1781.33485000 2101.00500000
v 181.92550000 -2659.30485000 2138.75500000
v 179.75550000 -2413.02485000 2049.85500000
v 166.17550000 -2298.78485000 1986.64500000
v 163.36550000 -1976.96485000 1806.05500000
v 189.26550000 -1647.50485000 1743.62500000
v 180.45550000 -1662.54485000 1701.70500000
v 199.75550000 -3395.93485000 2678.02500000
v 225.73550000 -3309.74485000 2717.79500000
v 237.07550000 -3512.26485000 2647.95500000
v 243.19550000 -3555.06485000 2618.49500000
v 207.22550000 -2496.59485000 2644.71500000
v 222.73550000 -2069.05485000 2430.40500000
v 206.12550000 -1961.71485000 2317.91500000
v 199.57550000 -3560.16485000 2353.69500000
v 261.61550000 -3537.66485000 2350.74500000
v 205.27550000 -3316.89485000 2300.03500000
v 235.71550000 -3413.06485000 2321.77500000
v 206.30550000 -1867.15485000 2211.16500000
v 226.14550000 -2527.15485000 2137.81500000
v 254.55550000 -2654.21485000 2205.18500000
v 211.66550000 -1717.74485000 2001.57500000
v 237.10550000 -1666.54485000 1905.01500000
v 241.21550000 -1639.17485000 1805.90500000
v 226.62550000 -1641.84485000 1735.07500000
v 195.68550000 -1750.37485000 1692.62500000
v 220.50550000 -1655.68485000 1699.30500000
v 207.43550000 -1699.98485000 1682.07500000
v 261.95550000 -3239.79485000 2750.82500000
v 247.20550000 -2717.44485000 2719.12500000
v 263.99550000 -3396.73485000 2712.00500000
v 238.55550000 -3450.86485000 2676.02500000
v 239.46550000 -2385.75485000 2633.16500000
v 249.02550000 -2274.96485000 2584.15500000
v 244.11550000 -2161.74485000 2509.16500000
v 324.83550000 -3627.16485000 2489.34500000
v 306.90550000 -3596.46485000 2393.72500000
v 231.56550000 -2848.39485000 2233.72500000
v 239.27550000 -2757.52485000 2217.91500000
v 255.95550000 -1754.47485000 2090.90500000
v 239.03550000 -2199.88485000 1990.36500000
v 218.46550000 -2072.46485000 1895.41500000
v 262.57550000 -1790.60485000 1738.10500000
v 245.12550000 -1674.29485000 1696.08500000
v 274.38550000 -3055.62485000 2774.77500000
v 298.21550000 -3151.22485000 2778.14500000
v 280.94550000 -2497.78485000 2693.25500000
v 300.61550000 -3544.96485000 2648.79500000
v 290.83550000 -3576.56485000 2616.41500000
v 291.19550000 -2196.25485000 2551.90500000
v 273.27550000 -2097.87485000 2471.59500000
v 317.22550000 -3619.26485000 2533.33500000
v 271.17550000 -2002.78485000 2384.12500000
v 257.02550000 -1911.74485000 2285.36500000
v 273.64550000 -3306.16485000 2331.93500000
v 289.24550000 -3485.36485000 2342.51500000
v 251.43550000 -3226.69485000 2315.75500000
v 259.76550000 -1828.03485000 2186.26500000
v 292.54550000 -1698.75485000 2001.05500000
v 249.20550000 -2353.67485000 2081.63500000
v 260.31550000 -1909.00485000 1808.43500000
v 298.46550000 -1630.64485000 1773.27500000
v 282.42550000 -1641.52485000 1734.89500000
v 276.68550000 -1723.20485000 1713.35500000
v 294.23550000 -2909.44485000 2774.41500000
v 312.26550000 -2609.42485000 2742.78500000
v 334.43550000 -2761.88485000 2779.78500000
v 298.49550000 -3325.29485000 2745.08500000
v 315.93550000 -3477.66485000 2689.19500000
v 294.17550000 -2376.58485000 2656.15500000
v 351.64550000 -3598.56485000 2589.70500000
v 347.15550000 -3389.58485000 2348.96500000
v 269.71550000 -2977.54485000 2291.88500000
v 278.77550000 -2839.21485000 2268.89500000
v 285.87550000 -1782.65485000 2138.28500000
v 288.54550000 -2243.73485000 2051.20500000
v 269.59550000 -2109.15485000 1950.92500000
v 296.07550000 -1640.99485000 1863.46500000
v 334.13550000 -1633.40485000 1817.76500000
v 293.49550000 -1659.88485000 1719.53500000
v 333.72550000 -3042.93485000 2799.64500000
v 328.54550000 -3393.08485000 2730.35500000
v 335.45550000 -2308.23485000 2631.22500000
v 330.59550000 -2143.01485000 2517.31500000
v 314.66550000 -2066.16485000 2448.67500000
v 338.05550000 -1941.07485000 2319.18500000
v 316.61550000 -3567.16485000 2368.19500000
v 368.96550000 -3539.16485000 2359.74500000
v 312.36550000 -1875.95485000 2247.87500000
v 299.13550000 -3012.13485000 2317.46500000
v 295.11550000 -3153.09485000 2329.98500000
v 326.83550000 -1810.88485000 2170.77500000
v 294.41550000 -2713.76485000 2253.57500000
v 286.03550000 -2477.99485000 2171.27500000
v 288.03550000 -2592.54485000 2212.92500000
v 326.28550000 -1752.49485000 2089.41500000
v 312.72550000 -1659.20485000 1913.94500000
v 298.76550000 -2018.50485000 1898.28500000
v 305.28550000 -1918.90485000 1829.61500000
v 349.99550000 -1855.54485000 1795.53500000
v 336.58550000 -1802.96485000 1763.35500000
v 331.28550000 -1690.92485000 1725.18500000
v 373.29550000 -3136.02485000 2805.73500000
v 341.16550000 -3236.07485000 2776.16500000
v 334.92550000 -2443.92485000 2703.89500000
v 355.25550000 -2539.62485000 2743.92500000
v 353.16550000 -2401.18485000 2688.48500000
v 362.23550000 -3570.76485000 2633.49500000
v 357.72550000 -2008.96485000 2385.18500000
v 327.24550000 -3245.31485000 2348.63500000
v 327.70550000 -2528.32485000 2220.92500000
v 312.44550000 -2395.00485000 2152.15500000
v 321.08550000 -2461.67485000 2188.19500000
v 314.16550000 -2302.18485000 2099.76500000
v 334.06550000 -2220.34485000 2058.70500000
v 311.75550000 -2147.67485000 1993.33500000
v 373.08550000 -1673.08485000 1941.88500000
v 359.97550000 -1637.44485000 1765.05500000
v 319.40550000 -1761.91485000 1739.85500000
v 383.33550000 -1658.86485000 1750.71500000
v 357.48550000 -1674.99485000 1735.61500000
v 376.08550000 -2657.74485000 2783.66500000
v 372.01550000 -3326.45485000 2760.77500000
v 398.92550000 -3410.31485000 2732.59500000
v 402.84550000 -3543.96485000 2660.20500000
v 354.42550000 -2229.73485000 2581.84500000
v 403.58550000 -3615.56485000 2567.66500000
v 405.74550000 -2085.08485000 2451.99500000
v 423.81550000 -3621.26485000 2474.11500000
v 404.96550000 -3608.96485000 2426.92500000
v 421.41550000 -3572.16485000 2375.17500000
v 351.83550000 -2997.36485000 2340.67500000
v 367.14550000 -3124.62485000 2355.82500000
v 378.81550000 -3238.04485000 2360.77500000
v 412.30550000 -1872.74485000 2226.58500000
v 328.06550000 -2909.26485000 2313.05500000
v 350.75550000 -2759.17485000 2296.54500000
v 336.45550000 -2631.87485000 2256.76500000
v 355.65550000 -2445.48485000 2196.24500000
v 364.48550000 -2343.03485000 2142.53500000
v 411.71550000 -1714.08485000 2009.05500000
v 402.43550000 -1650.49485000 1867.77500000
v 368.61550000 -1947.40485000 1862.35500000
v 366.14550000 -2902.72485000 2809.56500000
v 399.68550000 -3015.08485000 2822.87500000
v 397.89550000 -2788.82485000 2813.07500000
v 388.91550000 -2476.53485000 2731.67500000
v 442.25550000 -3484.86485000 2697.36500000
v 402.27550000 -2398.20485000 2692.85500000
v 415.18550000 -2194.48485000 2547.61500000
v 433.72550000 -3618.66485000 2537.05500000
v 480.52550000 -3589.76485000 2398.29500000
v 438.82550000 -3271.16485000 2366.99500000
v 413.60550000 -3486.56485000 2352.30500000
v 371.89550000 -2543.69485000 2244.23500000
v 409.58550000 -1782.93485000 2113.34500000
v 373.44550000 -2257.55485000 2091.69500000
v 381.79550000 -2174.25485000 2032.52500000
v 371.32550000 -2070.56485000 1951.20500000
v 406.58550000 -1641.22485000 1804.04500000
v 444.83550000 -1650.98485000 1781.20500000
v 370.92550000 -1743.72485000 1745.40500000
v 437.60550000 -2594.77485000 2782.51500000
v 436.49550000 -2703.52485000 2813.14500000
v 422.89550000 -2305.73485000 2629.07500000
v 415.40550000 -1990.88485000 2354.43500000
v 426.38550000 -3020.82485000 2363.04500000
v 433.83550000 -3369.13485000 2358.73500000
v 393.20550000 -2887.19485000 2333.54500000
v 394.09550000 -2643.86485000 2284.11500000
v 417.11550000 -2407.49485000 2188.76500000
v 408.35550000 -2488.43485000 2227.90500000
v 445.85550000 -2320.99485000 2135.34500000
v 423.70550000 -2004.16485000 1905.69500000
v 415.63550000 -1872.04485000 1812.70500000
v 442.67550000 -1928.55485000 1849.13500000
v 409.04550000 -1814.73485000 1779.68500000
v 419.40550000 -1703.26485000 1750.26500000
v 422.08550000 -2902.17485000 2827.74500000
v 431.76550000 -3098.70485000 2823.45500000
v 422.62550000 -3202.22485000 2800.01500000
v 450.54550000 -3308.58485000 2772.25500000
v 464.98550000 -2410.87485000 2698.16500000
v 479.31550000 -3574.26485000 2629.69500000
v 420.04550000 -3151.02485000 2366.10500000
v 460.72550000 -3419.86485000 2353.60500000
v 428.64550000 -2780.26485000 2323.27500000
v 435.97550000 -2574.64485000 2267.83500000
v 433.11550000 -2221.60485000 2068.73500000
v 464.75550000 -2110.43485000 1981.96500000
v 482.59550000 -1678.97485000 1917.20500000
v 470.19550000 -1682.99485000 1763.53500000
v 481.63550000 -2706.40485000 2825.42500000
v 476.02550000 -2812.42485000 2830.78500000
v 500.59550000 -2980.98485000 2834.74500000
v 466.41550000 -2661.99485000 2808.87500000
v 459.49550000 -2495.70485000 2742.42500000
v 488.84550000 -3398.36485000 2737.72500000
v 469.36550000 -3601.16485000 2584.98500000
v 517.13550000 -2161.63485000 2491.83500000
v 485.43550000 -3533.56485000 2359.00500000
v 501.03550000 -3350.20485000 2359.94500000
v 468.95550000 -2688.79485000 2306.13500000
v 475.20550000 -2528.49485000 2247.30500000
v 531.74550000 -1843.13485000 2153.07500000
v 523.22550000 -1760.44485000 2044.68500000
v 525.16550000 -1662.35485000 1857.64500000
v 513.16550000 -1884.40485000 1817.73500000
v 467.34550000 -1666.24485000 1771.78500000
v 488.21550000 -3111.56485000 2822.12500000
v 498.61550000 -3196.62485000 2804.29500000
v 527.45550000 -2485.82485000 2731.15500000
v 510.03550000 -3520.06485000 2672.11500000
v 486.20550000 -2250.78485000 2575.72500000
v 504.53550000 -2057.17485000 2394.72500000
v 466.36550000 -2921.21485000 2352.01500000
v 509.92550000 -3103.17485000 2366.38500000
v 500.38550000 -2813.58485000 2334.42500000
v 558.80550000 -3476.06485000 2343.76500000
v 507.26550000 -2631.00485000 2286.33500000
v 512.17550000 -2451.95485000 2201.49500000
v 546.80550000 -2259.48485000 2075.96500000
v 574.07550000 -1710.55485000 1950.75500000
v 481.75550000 -1989.90485000 1890.89500000
v 469.27550000 -1652.50485000 1834.24500000
v 485.80550000 -1780.90485000 1774.08500000
v 492.42550000 -2659.73485000 2810.41500000
v 543.65550000 -2637.60485000 2792.32500000
v 530.11550000 -2367.09485000 2647.58500000
v 542.42550000 -3606.56485000 2496.15500000
v 541.54550000 -3594.96485000 2427.71500000
v 527.96550000 -1963.32485000 2286.62500000
v 541.94550000 -3248.40485000 2365.30500000
v 569.73550000 -2377.34485000 2146.20500000
v 590.74550000 -2135.53485000 1975.39500000
v 517.64550000 -1659.13485000 1818.43500000
v 530.88550000 -1670.08485000 1792.81500000
v 542.12550000 -1689.16485000 1779.92500000
v 529.62550000 -2738.63485000 2824.36500000
v 524.23550000 -3455.36485000 2708.62500000
v 554.51550000 -3599.16485000 2554.41500000
v 602.67550000 -2251.93485000 2532.63500000
v 591.53550000 -2773.16485000 2316.56500000
v 581.55550000 -2008.71485000 1885.44500000
v 573.34550000 -1780.37485000 1774.47500000
v 588.81550000 -1824.44485000 1783.80500000
v 537.81550000 -1733.81485000 1771.28500000
v 562.25550000 -2868.91485000 2837.02500000
v 586.55550000 -3116.17485000 2816.51500000
v 544.24550000 -3276.05485000 2775.56500000
v 587.04550000 -3362.71485000 2740.18500000
v 602.49550000 -2472.45485000 2697.30500000
v 578.05550000 -3581.06485000 2392.69500000
v 561.58550000 -3557.46485000 2368.11500000
v 597.96550000 -3162.59485000 2364.63500000
v 613.41550000 -3347.68485000 2344.07500000
v 560.48550000 -2929.37485000 2348.19500000
v 561.03550000 -3402.80485000 2345.59500000
v 553.06550000 -3525.26485000 2353.18500000
v 589.24550000 -2602.48485000 2256.37500000
v 611.83550000 -1792.54485000 2061.21500000
v 627.89550000 -1685.89485000 1883.33500000
v 595.20550000 -2981.15485000 2833.79500000
v 630.53550000 -3438.76485000 2695.52500000
v 624.39550000 -3520.56485000 2644.78500000
v 585.19550000 -3570.86485000 2596.61500000
v 632.49550000 -3588.36485000 2508.14500000
v 643.70550000 -2067.74485000 2351.92500000
v 640.73550000 -3505.76485000 2339.72500000
v 640.35550000 -2494.73485000 2193.88500000
v 652.44550000 -1843.82485000 2113.13500000
v 678.59550000 -1747.09485000 1979.65500000
v 612.52550000 -1688.37485000 1796.74500000
v 606.17550000 -2789.96485000 2825.20500000
v 640.73550000 -2606.00485000 2754.48500000
v 663.34550000 -3232.30485000 2773.39500000
v 634.86550000 -2169.82485000 2449.74500000
v 622.27550000 -3058.31485000 2355.83500000
v 665.74550000 -3263.59485000 2342.24500000
v 661.68550000 -3416.66485000 2326.89500000
v 705.88550000 -3464.66485000 2320.46500000
v 717.51550000 -2198.36485000 1985.62500000
v 627.63550000 -1675.02485000 1843.77500000
v 627.84550000 -1926.83485000 1821.44500000
v 620.89550000 -1677.36485000 1817.30500000
v 626.64550000 -1876.07485000 1796.48500000
v 618.34550000 -1726.47485000 1780.51500000
v 637.15550000 -2901.16485000 2833.56500000
v 749.04550000 -2534.70485000 2673.15500000
v 714.66550000 -2387.02485000 2585.16500000
v 681.77550000 -3565.56485000 2543.82500000
v 670.10550000 -2926.96485000 2332.15500000
v 737.74550000 -2727.38485000 2267.83500000
v 646.06550000 -1934.28485000 2213.89500000
v 727.28550000 -2357.10485000 2087.92500000
v 666.62550000 -1782.77485000 1768.40500000
v 670.74550000 -2736.08485000 2795.46500000
v 644.94550000 -3581.16485000 2456.16500000
v 665.37550000 -3557.96485000 2391.47500000
v 670.77550000 -3531.16485000 2354.84500000
v 764.09550000 -2848.40485000 2292.33500000
v 718.60550000 -2075.90485000 1896.79500000
v 732.11550000 -1978.75485000 1827.22500000
v 704.23550000 -1692.44485000 1803.51500000
v 709.19550000 -1847.05485000 1771.63500000
v 680.47550000 -2828.45485000 2816.25500000
v 667.14550000 -2997.81485000 2824.79500000
v 715.26550000 -3099.36485000 2798.12500000
v 683.77550000 -3333.03485000 2731.11500000
v 712.32550000 -3460.26485000 2660.23500000
v 813.99550000 -2229.00485000 2416.76500000
v 702.76550000 -3149.72485000 2341.75500000
v 722.99550000 -3491.26485000 2323.67500000
v 742.72550000 -2615.66485000 2221.24500000
v 761.51550000 -1710.65485000 1887.73500000
v 688.54550000 -1688.67485000 1862.29500000
v 701.04550000 -1712.57485000 1784.67500000
v 731.88550000 -1906.04485000 1788.46500000
v 715.98550000 -1747.05485000 1768.75500000
v 722.92550000 -2902.87485000 2811.74500000
v 739.51550000 -3177.36485000 2774.29500000
v 774.36550000 -2647.64485000 2721.55500000
v 762.09550000 -3489.56485000 2616.51500000
v 711.76550000 -3530.76485000 2586.83500000
v 708.91550000 -3563.96485000 2486.16500000
v 745.08550000 -1978.17485000 2224.33500000
v 733.87550000 -3043.25485000 2332.13500000
v 780.70550000 -3343.30485000 2302.19500000
v 731.76550000 -3508.06485000 2332.26500000
v 775.30550000 -2511.39485000 2160.79500000
v 734.13550000 -1800.25485000 2034.14500000
v 899.29550000 -2135.58485000 1881.99500000
v 737.15550000 -1694.14485000 1832.88500000
v 760.44550000 -1704.64485000 1789.53500000
v 766.17550000 -2983.47485000 2796.62500000
v 743.04550000 -2710.76485000 2761.21500000
v 752.52550000 -3244.22485000 2747.24500000
v 758.19550000 -3358.81485000 2694.91500000
v 800.93550000 -2947.65485000 2300.98500000
v 779.75550000 -3222.01485000 2314.05500000
v 744.48550000 -3526.36485000 2353.19500000
v 763.82550000 -3423.36485000 2304.18500000
v 766.12550000 -1875.68485000 2109.32500000
v 787.04550000 -1739.61485000 1764.12500000
v 821.91550000 -1830.78485000 1745.95500000
v 763.33550000 -2802.59485000 2780.73500000
v 817.94550000 -3515.16485000 2535.05500000
v 747.42550000 -3549.06485000 2429.44500000
v 766.36550000 -3534.56485000 2376.02500000
v 823.74550000 -3129.01485000 2304.91500000
v 782.33550000 -3485.06485000 2314.58500000
v 895.43550000 -2271.02485000 1977.48500000
v 824.57550000 -1720.53485000 1774.25500000
v 830.23550000 -1779.38485000 1747.64500000
v 817.21550000 -2895.15485000 2773.06500000
v 815.79550000 -3145.23485000 2755.91500000
v 885.41550000 -2628.66485000 2655.13500000
v 870.36550000 -2473.79485000 2575.24500000
v 821.61550000 -3493.76485000 2568.27500000
v 883.31550000 -2371.02485000 2493.66500000
v 828.79550000 -3523.36485000 2463.04500000
v 846.39550000 -2060.50485000 2255.11500000
v 789.30550000 -3507.36485000 2331.14500000
v 797.69550000 -3454.56485000 2300.05500000
v 886.50550000 -2608.52485000 2171.16500000
v 865.16550000 -1758.90485000 1930.99500000
v 839.73550000 -1886.45485000 1753.45500000
v 818.02550000 -3062.43485000 2768.90500000
v 835.87550000 -3410.71485000 2633.12500000
v 805.66550000 -3516.56485000 2347.70500000
v 850.88550000 -3026.17485000 2292.20500000
v 861.56550000 -2887.64485000 2271.71500000
v 878.40550000 -1814.32485000 1999.13500000
v 917.37550000 -2372.26485000 2038.71500000
v 891.86550000 -2037.58485000 1816.67500000
v 831.35550000 -1707.31485000 1797.06500000
v 870.29550000 -1955.75485000 1775.12500000
v 863.13550000 -2984.77485000 2754.48500000
v 868.25550000 -2719.57485000 2700.66500000
v 856.72550000 -3249.86485000 2702.19500000
v 906.60550000 -2553.97485000 2603.50500000
v 862.11550000 -3328.27485000 2665.80500000
v 871.94550000 -3421.06485000 2277.57500000
v 911.92550000 -2817.66485000 2234.51500000
v 857.45550000 -2696.06485000 2213.71500000
v 926.15550000 -2487.65485000 2095.55500000
v 904.55550000 -2811.56485000 2709.35500000
v 883.34550000 -3447.16485000 2576.36500000
v 835.73550000 -3517.26485000 2382.78500000
v 865.92550000 -3492.46485000 2328.83500000
v 855.30550000 -3462.06485000 2298.54500000
v 878.10550000 -1947.71485000 2137.17500000
v 907.77550000 -1867.93485000 2046.84500000
v 898.89550000 -1713.83485000 1818.50500000
v 958.42550000 -1727.16485000 1761.81500000
v 904.00550000 -1747.32485000 1748.82500000
v 915.77550000 -3091.31485000 2716.39500000
v 928.65550000 -3230.88485000 2257.49500000
v 917.03550000 -3347.54485000 2258.36500000
v 916.11550000 -3451.76485000 2280.61500000
v 925.35550000 -1732.73485000 1856.62500000
v 946.66550000 -1873.07485000 1721.86500000
v 943.48550000 -2897.63485000 2701.53500000
v 894.96550000 -3171.01485000 2708.45500000
v 930.89550000 -3278.83485000 2654.75500000
v 941.86550000 -3332.18485000 2620.13500000
v 932.22550000 -3466.86485000 2517.66500000
v 910.60550000 -3492.26485000 2483.63500000
v 918.01550000 -3500.16485000 2396.14500000
v 945.13550000 -3491.76485000 2434.38500000
v 894.36550000 -3499.36485000 2360.91500000
v 1027.58550000 -2169.68485000 2259.93500000
v 916.40550000 -2953.96485000 2259.25500000
v 937.16550000 -3076.20485000 2258.08500000
v 1042.62550000 -2013.52485000 2116.43500000
v 918.77550000 -1716.28485000 1791.75500000
v 984.24550000 -1741.75485000 1739.34500000
v 982.98550000 -1934.01485000 1729.67500000
v 948.82550000 -1819.92485000 1719.22500000
v 1024.93550000 -2672.41485000 2591.52500000
v 960.45550000 -3382.23485000 2576.40500000
v 977.37550000 -2329.54485000 2417.61500000
v 948.22550000 -3485.66485000 2344.92500000
v 911.24550000 -3470.06485000 2298.90500000
v 987.95550000 -3391.66485000 2239.68500000
v 1073.10550000 -2395.92485000 1991.12500000
v 1014.98550000 -1793.74485000 1913.07500000
v 957.84550000 -1780.40485000 1724.23500000
v 984.39550000 -2979.76485000 2679.30500000
v 1004.38550000 -2750.56485000 2630.37500000
v 984.84550000 -3196.50485000 2646.58500000
v 994.50550000 -2522.36485000 2538.64500000
v 980.32550000 -3417.16485000 2534.03500000
v 991.45550000 -2429.60485000 2478.59500000
v 942.95550000 -3476.26485000 2310.61500000
v 967.50550000 -3433.96485000 2263.59500000
v 989.56550000 -2713.21485000 2169.85500000
v 1032.93550000 -2593.22485000 2104.55500000
v 989.54550000 -1904.24485000 2045.30500000
v 1049.36550000 -2299.43485000 1939.74500000
v 1012.53550000 -1847.16485000 1974.74500000
v 1081.91550000 -2188.91485000 1851.45500000
v 1014.86550000 -1762.50485000 1719.90500000
v 1015.84550000 -2586.73485000 2558.78500000
v 967.30550000 -3456.56485000 2285.77500000
v 1019.57550000 -3008.22485000 2220.28500000
v 1034.60550000 -3317.46485000 2213.78500000
v 1025.75550000 -1758.75485000 1851.52500000
v 988.36550000 -1724.39485000 1781.48500000
v 1062.55550000 -2069.99485000 1778.00500000
v 988.80550000 -1995.24485000 1758.71500000
v 1102.35550000 -2881.88485000 2591.81500000
v 1000.79550000 -3275.52485000 2609.85500000
v 994.23550000 -3467.06485000 2452.74500000
v 1054.80550000 -2279.90485000 2335.72500000
v 1014.49550000 -3461.66485000 2314.47500000
v 1024.27550000 -3415.26485000 2241.99500000
v 1043.74550000 -2913.56485000 2194.44500000
v 1089.98550000 -2798.38485000 2148.57500000
v 1141.64550000 -2506.81485000 2017.52500000
v 1046.24550000 -1746.54485000 1727.15500000
v 1055.90550000 -1860.32485000 1689.08500000
v 1023.49550000 -2814.76485000 2632.11500000
v 1084.28550000 -2984.91485000 2610.55500000
v 1070.17550000 -3062.26485000 2610.87500000
v 1033.16550000 -3321.96485000 2564.17500000
v 1053.74550000 -3404.96485000 2479.45500000
v 1006.52550000 -3470.56485000 2386.71500000
v 1036.45550000 -3431.16485000 2263.28500000
v 1083.58550000 -3130.79485000 2188.57500000
v 1086.87550000 -3235.10485000 2186.99500000
v 1058.54550000 -3393.37485000 2223.63500000
v 1009.98550000 -1734.94485000 1805.25500000
v 1081.25550000 -1916.69485000 1690.97500000
v 1089.14550000 -3253.82485000 2553.01500000
v 1032.61550000 -3371.47485000 2528.13500000
v 1076.56550000 -3442.96485000 2330.72500000
v 1078.92550000 -3363.70485000 2209.10500000
v 1123.76550000 -3325.68485000 2183.31500000
v 1086.23550000 -3403.64485000 2232.06500000
v 1084.03550000 -1741.07485000 1756.22500000
v 1086.02550000 -1743.77485000 1731.51500000
v 1109.01550000 -1991.13485000 1715.10500000
v 1075.23550000 -1803.52485000 1690.08500000
v 1121.68550000 -3159.04485000 2553.69500000
v 1082.74550000 -2496.39485000 2467.36500000
v 1075.94550000 -3427.46485000 2416.09500000
v 1083.01550000 -2398.60485000 2403.75500000
v 1100.91550000 -3422.66485000 2284.15500000
v 1146.35550000 -2671.95485000 2084.05500000
v 1111.26550000 -1918.76485000 1993.74500000
v 1108.18550000 -1765.95485000 1699.74500000
v 1139.73550000 -2725.71485000 2526.89500000
v 1124.57550000 -2592.44485000 2487.65500000
v 1100.38550000 -3429.36485000 2366.50500000
v 1117.82550000 -3406.05485000 2250.54500000
v 1206.53550000 -3191.23485000 2128.81500000
v 1172.42550000 -2132.21485000 2147.26500000
v 1150.71550000 -3275.16485000 2162.80500000
v 1149.73550000 -2590.76485000 2050.60500000
v 1158.73550000 -1846.41485000 1888.33500000
v 1148.47550000 -1789.36485000 1819.09500000
v 1122.19550000 -1758.98485000 1780.27500000
v 1165.49550000 -1853.43485000 1651.96500000
v 1173.77550000 -1899.72485000 1653.14500000
v 1169.12550000 -2970.91485000 2539.93500000
v 1154.69550000 -3221.42485000 2511.16500000
v 1111.09550000 -3328.97485000 2490.82500000
v 1131.65550000 -3401.85485000 2388.62500000
v 1127.90550000 -3379.41485000 2213.36500000
v 1161.04550000 -3345.52485000 2186.68500000
v 1115.84550000 -3009.80485000 2167.53500000
v 1190.93550000 -2929.48485000 2116.55500000
v 1147.66550000 -1758.52485000 1701.18500000
v 1203.15550000 -3071.31485000 2497.74500000
v 1149.96550000 -3368.34485000 2412.29500000
v 1175.71550000 -2257.86485000 2247.88500000
v 1149.24550000 -3388.15485000 2230.64500000
v 1220.91550000 -2780.55485000 2075.51500000
v 1213.88550000 -2016.38485000 2018.82500000
v 1217.60550000 -2277.81485000 1853.71500000
v 1180.91550000 -1772.15485000 1678.14500000
v 1159.83550000 -1787.59485000 1672.89500000
v 1224.53550000 -1968.25485000 1659.63500000
v 1197.25550000 -1822.04485000 1645.81500000
v 1223.39550000 -2804.30485000 2482.97500000
v 1187.22550000 -3266.49485000 2457.48500000
v 1175.23550000 -3315.60485000 2435.01500000
v 1184.74550000 -2462.78485000 2381.14500000
v 1172.45550000 -3385.23485000 2349.56500000
v 1149.66550000 -2353.30485000 2331.96500000
v 1150.71550000 -3403.83485000 2310.59500000
v 1178.76550000 -3385.40485000 2253.59500000
v 1190.41550000 -3066.56485000 2128.55500000
v 1198.50550000 -3309.40485000 2156.02500000
v 1243.31550000 -2411.85485000 1921.25500000
v 1170.67550000 -1758.15485000 1718.40500000
v 1233.82550000 -2887.52485000 2480.01500000
v 1194.28550000 -3359.40485000 2203.81500000
v 1235.57550000 -2583.91485000 2007.54500000
v 1229.49550000 -1925.25485000 1925.28500000
v 1249.77550000 -2109.09485000 1730.12500000
v 1159.39550000 -1758.02485000 1743.14500000
v 1288.88550000 -1936.74485000 1616.95500000
v 1277.87550000 -1895.25485000 1608.32500000
v 1226.61550000 -3171.66485000 2451.95500000
v 1232.66550000 -3343.04485000 2336.63500000
v 1244.09550000 -2364.28485000 2276.98500000
v 1218.72550000 -3328.89485000 2166.49500000
v 1239.70550000 -3261.81485000 2125.72500000
v 1328.77550000 -2889.65485000 2031.97500000
v 1283.59550000 -2499.52485000 1945.97500000
v 1233.34550000 -1782.67485000 1724.77500000
v 1219.51550000 -1777.05485000 1680.69500000
v 1223.87550000 -1798.01485000 1652.74500000
v 1279.76550000 -1859.87485000 1604.58500000
v 1280.26550000 -2585.32485000 2363.76500000
v 1232.87550000 -3305.95485000 2376.64500000
v 1228.36550000 -3360.39485000 2279.32500000
v 1281.92550000 -2198.16485000 2127.21500000
v 1264.56550000 -3324.31485000 2166.11500000
v 1260.87550000 -3296.46485000 2138.37500000
v 1292.78550000 -2113.77485000 2046.48500000
v 1306.44550000 -3204.60485000 2083.20500000
v 1317.67550000 -2666.76485000 1992.46500000
v 1257.62550000 -1828.16485000 1787.27500000
v 1278.64550000 -1823.79485000 1617.83500000
v 1350.58550000 -2956.92485000 2366.02500000
v 1295.79550000 -3091.94485000 2401.05500000
v 1310.31550000 -2706.99485000 2382.19500000
v 1301.93550000 -3211.45485000 2352.83500000
v 1290.61550000 -2283.60485000 2184.84500000
v 1246.42550000 -3344.53485000 2212.04500000
v 1324.74550000 -3063.65485000 2053.58500000
v 1352.24550000 -2779.75485000 1998.51500000
v 1311.39550000 -1999.92485000 1935.30500000
v 1271.42550000 -1884.39485000 1847.18500000
v 1317.46550000 -2339.78485000 1844.98500000
v 1287.23550000 -1803.52485000 1635.03500000
v 1364.71550000 -2810.62485000 2350.53500000
v 1303.35550000 -3139.79485000 2379.55500000
v 1303.86550000 -2456.29485000 2282.25500000
v 1265.54550000 -3317.81485000 2324.54500000
v 1292.55550000 -3313.43485000 2272.60500000
v 1301.71550000 -3312.21485000 2168.28500000
v 1310.69550000 -3255.24485000 2100.02500000
v 1286.67550000 -1795.31485000 1666.50500000
v 1328.92550000 -1828.95485000 1597.95500000
v 1295.69550000 -3280.56485000 2311.24500000
v 1300.28550000 -3314.27485000 2207.32500000
v 1323.84550000 -3281.37485000 2125.27500000
v 1342.36550000 -3224.42485000 2072.84500000
v 1340.43550000 -1947.95485000 1856.97500000
v 1393.12550000 -2415.12485000 1843.97500000
v 1323.60550000 -1828.54485000 1724.00500000
v 1328.32550000 -1814.04485000 1676.29500000
v 1373.23550000 -2031.15485000 1631.48500000
v 1344.62550000 -1857.51485000 1583.29500000
v 1342.07550000 -1887.69485000 1581.93500000
v 1372.01550000 -1945.91485000 1591.17500000
v 1336.21550000 -3273.15485000 2254.25500000
v 1383.69550000 -2363.02485000 2159.15500000
v 1373.20550000 -3177.93485000 2049.15500000
v 1374.39550000 -2161.28485000 2023.69500000
v 1342.26550000 -2075.36485000 1974.17500000
v 1402.33550000 -2962.46485000 1995.71500000
v 1454.58550000 -2722.32485000 1925.19500000
v 1375.13550000 -2551.70485000 1916.70500000
v 1353.47550000 -1889.47485000 1773.83500000
v 1332.56550000 -1814.16485000 1630.54500000
v 1343.26550000 -1824.67485000 1603.61500000
v 1487.48550000 -2830.89485000 2230.37500000
v 1436.02550000 -2636.86485000 2247.06500000
v 1371.98550000 -3090.90485000 2316.16500000
v 1350.49550000 -3235.03485000 2271.27500000
v 1377.43550000 -3244.24485000 2217.62500000
v 1359.77550000 -3270.26485000 2193.04500000
v 1348.00550000 -3280.14485000 2148.12500000
v 1357.15550000 -2243.24485000 2098.32500000
v 1384.09550000 -3251.86485000 2094.50500000
v 1364.95550000 -3236.24485000 2080.14500000
v 1420.88550000 -3111.37485000 2008.03500000
v 1393.47550000 -2020.81485000 1879.18500000
v 1387.04550000 -2270.31485000 1766.32500000
v 1378.64550000 -1837.00485000 1598.85500000
v 1370.05550000 -1851.17485000 1585.06500000
v 1427.60550000 -2731.39485000 2279.69500000
v 1404.70550000 -3204.25485000 2216.76500000
v 1398.83550000 -3231.39485000 2068.35500000
v 1409.20550000 -3205.94485000 2050.82500000
v 1482.02550000 -2619.34485000 1880.46500000
v 1392.56550000 -1871.41485000 1695.00500000
v 1378.82550000 -1842.85485000 1642.06500000
v 1393.46550000 -1898.98485000 1577.91500000
v 1451.33550000 -2995.65485000 2255.31500000
v 1394.50550000 -3161.59485000 2258.86500000
v 1402.09550000 -2508.02485000 2220.70500000
v 1435.27550000 -3204.74485000 2146.13500000
v 1403.67550000 -3238.33485000 2114.84500000
v 1434.60550000 -3153.43485000 2016.81500000
v 1477.78550000 -3000.79485000 1957.04500000
v 1453.86550000 -2854.75485000 1947.96500000
v 1403.88550000 -1963.77485000 1808.23500000
v 1430.42550000 -2160.04485000 1682.86500000
v 1414.21550000 -1865.74485000 1604.69500000
v 1408.35550000 -1876.98485000 1586.40500000
v 1453.19550000 -2775.64485000 2261.17500000
v 1463.79550000 -3072.29485000 2214.78500000
v 1467.13550000 -2440.21485000 2128.78500000
v 1443.54550000 -2255.63485000 2027.79500000
v 1415.95550000 -3219.49485000 2068.32500000
v 1448.38550000 -3175.73485000 2032.36500000
v 1473.50550000 -3096.63485000 1981.24500000
v 1423.96550000 -2118.18485000 1933.59500000
v 1523.30550000 -2503.21485000 1813.85500000
v 1504.90550000 -2380.41485000 1764.85500000
v 1421.12550000 -1880.84485000 1644.24500000
v 1436.51550000 -1897.21485000 1588.29500000
v 1456.74550000 -2033.57485000 1603.38500000
v 1445.61550000 -1972.01485000 1586.53500000
v 1479.32550000 -2926.18485000 2233.03500000
v 1445.12550000 -3154.31485000 2188.73500000
v 1470.08550000 -3157.63485000 2144.70500000
v 1477.15550000 -2370.34485000 2074.78500000
v 1454.87550000 -3187.84485000 2067.59500000
v 1470.87550000 -3135.42485000 2001.25500000
v 1537.33550000 -2768.91485000 1883.12500000
v 1465.51550000 -2047.59485000 1818.61500000
v 1436.28550000 -1957.39485000 1749.11500000
v 1461.00550000 -1944.38485000 1678.18500000
v 1461.21550000 -1932.26485000 1621.13500000
v 1441.08550000 -1925.01485000 1585.76500000
v 1489.81550000 -3152.44485000 2103.09500000
v 1473.15550000 -3172.58485000 2089.10500000
v 1485.57550000 -3143.56485000 2016.38500000
v 1505.68550000 -3106.42485000 1982.31500000
v 1555.17550000 -2861.01485000 1890.90500000
v 1550.14550000 -2679.77485000 1859.22500000
v 1506.77550000 -2281.31485000 1714.67500000
v 1482.46550000 -2116.18485000 1640.32500000
v 1464.81550000 -1943.27485000 1597.77500000
v 1502.97550000 -1997.27485000 1617.06500000
v 1510.14550000 -2095.32485000 1623.41500000
v 1479.56550000 -1985.95485000 1599.00500000
v 1493.57550000 -2036.90485000 1607.62500000
v 1485.56550000 -2733.41485000 2219.56500000
v 1552.04550000 -2660.62485000 2124.47500000
v 1526.40550000 -2535.91485000 2102.08500000
v 1514.83550000 -2978.27485000 2181.28500000
v 1498.15550000 -3104.44485000 2140.70500000
v 1526.95550000 -2309.85485000 1975.51500000
v 1502.95550000 -3140.08485000 2048.33500000
v 1495.51550000 -2177.23485000 1899.27500000
v 1509.58550000 -3061.12485000 1960.23500000
v 1556.63550000 -2953.45485000 1907.70500000
v 1542.71550000 -3014.58485000 1932.74500000
v 1559.80550000 -2603.22485000 1832.93500000
v 1512.95550000 -2041.95485000 1724.74500000
v 1584.79550000 -2370.10485000 1728.22500000
v 1525.17550000 -3029.15485000 2147.29500000
v 1541.94550000 -2423.24485000 2028.20500000
v 1528.72550000 -3098.53485000 2076.37500000
v 1517.73550000 -3112.51485000 1999.23500000
v 1573.75550000 -2274.66485000 1880.61500000
v 1538.18550000 -3064.70485000 1963.87500000
v 1552.28550000 -2173.83485000 1807.05500000
v 1561.88550000 -2440.24485000 1768.22500000
v 1508.35550000 -2008.85485000 1656.69500000
v 1511.06550000 -2201.79485000 1675.63500000
v 1561.30550000 -2260.19485000 1691.46500000
v 1546.60550000 -2167.73485000 1658.75500000
v 1518.67550000 -2039.20485000 1618.78500000
v 1534.80550000 -2052.36485000 1639.17500000
v 1536.18550000 -2092.72485000 1634.67500000
v 1550.59550000 -3040.66485000 2096.96500000
v 1566.05550000 -3057.76485000 2043.77500000
v 1548.61550000 -3080.12485000 2013.51500000
v 1567.53550000 -3021.94485000 1933.35500000
v 1588.10550000 -2977.55485000 1913.69500000
v 1538.82550000 -2071.03485000 1637.43500000
v 1564.80550000 -2762.16485000 2126.14500000
v 1559.58550000 -2870.42485000 2134.12500000
v 1572.44550000 -2957.86485000 2099.20500000
v 1568.36550000 -3061.94485000 2023.62500000
v 1571.62550000 -3042.23485000 1966.38500000
v 1606.80550000 -2901.60485000 1885.26500000
v 1590.00550000 -2742.67485000 1853.45500000
v 1598.00550000 -2563.66485000 1803.84500000
v 1572.00550000 -2150.41485000 1732.79500000
v 1607.57550000 -2249.03485000 1777.91500000
v 1546.92550000 -2086.00485000 1680.42500000
v 1601.50550000 -2306.59485000 1705.50500000
v 1555.95550000 -2113.47485000 1656.54500000
v 1587.93550000 -2242.05485000 1691.62500000
v 1556.65550000 -2140.68485000 1656.82500000
v 1614.77550000 -2697.96485000 2049.43500000
v 1620.28550000 -2774.65485000 2047.28500000
v 1613.03550000 -2600.02485000 2018.24500000
v 1585.93550000 -3006.61485000 2049.07500000
v 1578.00550000 -3039.29485000 2009.19500000
v 1591.63550000 -2368.99485000 1929.98500000
v 1609.29550000 -2472.55485000 1960.41500000
v 1599.05550000 -3007.96485000 1963.76500000
v 1586.87550000 -3006.45485000 1939.79500000
v 1618.29550000 -2315.51485000 1835.57500000
v 1607.96550000 -2339.32485000 1881.08500000
v 1622.69550000 -2809.52485000 1860.14500000
v 1605.61550000 -2639.34485000 1826.23500000
v 1603.61550000 -2488.71485000 1777.68500000
v 1581.83550000 -2170.60485000 1697.94500000
v 1621.76550000 -2368.65485000 1724.34500000
v 1623.26550000 -2320.49485000 1717.39500000
v 1573.41550000 -2180.53485000 1679.85500000
v 1614.83550000 -2876.56485000 2049.20500000
v 1606.83550000 -2947.49485000 2041.65500000
v 1610.32550000 -2978.86485000 1996.07500000
v 1621.58550000 -2967.44485000 1940.15500000
v 1604.38550000 -2980.69485000 1931.49500000
v 1617.87550000 -2944.04485000 1910.13500000
v 1634.66550000 -2854.99485000 1869.46500000
v 1630.61550000 -2713.52485000 1838.35500000
v 1643.44550000 -2751.72485000 1846.61500000
v 1622.77550000 -2571.73485000 1802.76500000
v 1612.73550000 -2247.71485000 1742.09500000
v 1635.19550000 -2438.78485000 1756.92500000
v 1608.93550000 -2260.02485000 1713.36500000
v 1635.85550000 -2376.33485000 1736.46500000
v 1604.75550000 -2283.12485000 1707.45500000
v 1634.67550000 -2906.37485000 1992.40500000
v 1634.51550000 -2935.16485000 1954.00500000
v 1619.42550000 -2385.78485000 1891.13500000
v 1641.13550000 -2917.19485000 1917.44500000
v 1637.42550000 -2882.59485000 1887.93500000
v 1652.18550000 -2794.94485000 1864.88500000
v 1640.33550000 -2624.11485000 1819.29500000
v 1650.27550000 -2694.79485000 1840.06500000
v 1636.61550000 -2325.06485000 1787.57500000
v 1644.02550000 -2539.14485000 1796.88500000
v 1638.70550000 -2329.82485000 1752.20500000
v 1633.84550000 -2343.66485000 1734.11500000
v 1644.82550000 -2679.83485000 1990.28500000
v 1648.57550000 -2799.62485000 1982.37500000
v 1650.16550000 -2568.79485000 1936.62500000
v 1653.92550000 -2866.55485000 1934.95500000
v 1645.05550000 -2435.86485000 1859.26500000
v 1654.21550000 -2848.02485000 1891.71500000
v 1660.12550000 -2819.45485000 1880.26500000
v 1668.94550000 -2674.40485000 1858.74500000
v 1656.82550000 -2603.43485000 1827.17500000
v 1660.45550000 -2493.68485000 1794.58500000
v 1658.91550000 -2542.63485000 1814.15500000
v 1653.09550000 -2396.91485000 1793.52500000
v 1646.55550000 -2406.73485000 1768.10500000
v 1664.02550000 -2689.57485000 1933.08500000
v 1664.91550000 -2775.47485000 1924.60500000
v 1666.50550000 -2583.80485000 1874.38500000
v 1668.06550000 -2707.03485000 1895.26500000
v 1659.19550000 -2784.65485000 1891.08500000
v 1657.88550000 -2476.20485000 1820.04500000
v 1660.42550000 -2562.77485000 1829.94500000
f 1 2 3
f 4 1 3
f 2 5 6
f 3 2 6
f 5 7 6
f 4 3 8
f 6 7 9
f 10 6 9
f 3 6 10
f 8 3 10
f 7 11 9
f 10 9 12
f 13 8 10
f 9 11 14
f 12 9 14
f 10 12 15
f 16 10 15
f 15 12 14
f 2 17 18
f 19 17 1
f 1 17 2
f 20 19 1
f 18 21 5
f 2 18 5
f 20 1 4
f 7 22 23
f 21 22 5
f 5 22 7
f 20 4 24
f 8 24 4
f 8 25 24
f 25 8 13
f 26 25 13
f 23 27 11
f 7 23 11
f 16 13 10
f 15 28 16
f 13 16 28
f 29 13 28
f 11 27 30
f 31 11 30
f 14 11 31
f 14 32 15
f 32 33 15
f 28 15 33
f 34 28 33
f 31 30 35
f 14 31 32
f 32 31 35
f 33 32 36
f 32 35 37
f 38 18 17
f 18 38 21
f 39 17 19
f 40 39 19
f 20 40 19
f 41 40 20
f 42 43 22
f 42 22 21
f 24 41 20
f 43 44 23
f 22 43 23
f 24 25 45
f 25 26 46
f 25 46 45
f 47 44 48
f 23 47 27
f 23 44 47
f 29 26 13
f 28 34 29
f 49 33 36
f 33 49 34
f 30 47 50
f 27 47 30
f 30 50 51
f 30 51 35
f 51 37 35
f 32 37 36
f 37 52 36
f 37 51 53
f 52 37 53
f 17 54 55
f 38 17 56
f 39 54 17
f 39 57 54
f 40 57 39
f 58 57 40
f 58 40 41
f 59 41 24
f 59 24 60
f 43 61 44
f 24 45 60
f 45 46 60
f 46 26 62
f 29 63 26
f 63 64 26
f 65 66 34
f 29 34 66
f 29 66 63
f 34 49 65
f 48 67 50
f 48 50 47
f 36 68 49
f 36 52 68
f 69 50 67
f 50 70 51
f 50 69 70
f 70 53 51
f 53 71 52
f 53 70 72
f 71 53 72
f 17 55 56
f 73 21 38
f 74 54 57
f 57 75 74
f 42 21 73
f 58 75 57
f 76 75 58
f 42 61 43
f 76 41 59
f 58 41 76
f 77 78 59
f 59 60 77
f 60 46 77
f 79 44 61
f 46 62 80
f 26 64 62
f 64 63 81
f 44 82 48
f 44 79 82
f 83 84 65
f 65 84 66
f 48 82 67
f 82 85 67
f 86 83 68
f 49 68 83
f 83 65 49
f 68 52 86
f 87 67 85
f 69 67 87
f 69 72 70
f 71 72 88
f 69 87 89
f 90 69 89
f 72 69 90
f 91 38 92
f 92 38 56
f 54 93 55
f 74 93 54
f 91 73 38
f 75 94 74
f 95 94 75
f 73 61 42
f 76 95 75
f 61 96 79
f 77 46 80
f 80 97 98
f 62 97 80
f 62 64 97
f 64 81 97
f 79 99 82
f 85 82 99
f 85 99 100
f 52 71 86
f 72 101 88
f 85 100 102
f 87 85 103
f 85 102 103
f 72 90 101
f 90 104 101
f 105 89 103
f 103 89 87
f 90 89 105
f 103 102 106
f 105 103 106
f 93 56 55
f 73 107 61
f 107 108 61
f 59 109 76
f 110 109 59
f 61 108 96
f 110 59 111
f 111 78 112
f 111 59 78
f 77 112 78
f 80 98 113
f 112 77 80
f 113 112 80
f 96 114 79
f 115 97 81
f 79 114 99
f 63 66 81
f 99 114 116
f 84 83 117
f 118 99 116
f 119 117 86
f 83 86 117
f 99 118 100
f 86 71 120
f 118 121 100
f 101 120 88
f 71 88 120
f 100 121 102
f 102 121 122
f 90 105 104
f 123 105 106
f 102 122 124
f 106 102 124
f 125 106 124
f 123 106 125
f 56 93 126
f 93 74 127
f 74 94 127
f 127 94 128
f 128 94 95
f 129 128 95
f 109 129 95
f 95 76 109
f 110 130 109
f 131 96 108
f 131 114 96
f 115 98 97
f 84 132 66
f 133 120 101
f 121 118 134
f 135 121 134
f 133 101 104
f 121 135 122
f 136 104 105
f 122 135 124
f 135 137 124
f 105 123 136
f 138 124 137
f 125 124 138
f 139 92 140
f 56 140 92
f 126 140 56
f 141 91 139
f 139 91 92
f 73 141 107
f 91 141 73
f 107 141 142
f 107 142 108
f 130 110 143
f 142 131 108
f 143 110 111
f 144 111 112
f 98 145 113
f 112 113 145
f 131 146 114
f 132 147 66
f 148 81 66
f 115 81 148
f 84 117 132
f 119 149 117
f 150 116 114
f 150 118 116
f 119 86 120
f 151 118 150
f 151 134 118
f 104 136 133
f 137 135 152
f 125 153 136
f 123 125 136
f 137 152 154
f 155 137 154
f 138 137 155
f 138 155 125
f 140 126 156
f 141 139 157
f 158 129 109
f 159 158 109
f 130 159 109
f 160 159 130
f 161 160 130
f 162 163 142
f 163 164 142
f 143 161 130
f 142 164 131
f 143 144 165
f 111 144 143
f 145 144 112
f 115 166 98
f 98 166 145
f 131 164 146
f 147 148 66
f 167 132 117
f 114 146 150
f 168 134 151
f 134 168 135
f 135 168 152
f 168 154 152
f 169 125 155
f 169 153 125
f 155 154 170
f 169 155 170
f 139 140 171
f 140 156 171
f 93 172 126
f 127 128 173
f 174 173 128
f 129 174 128
f 175 174 129
f 141 162 142
f 158 175 129
f 161 165 160
f 165 161 143
f 148 166 115
f 166 176 145
f 144 145 176
f 164 177 146
f 146 178 150
f 179 151 178
f 150 178 151
f 179 180 151
f 151 180 181
f 151 181 168
f 181 182 168
f 168 182 154
f 183 153 169
f 154 182 170
f 170 184 183
f 169 170 183
f 157 139 171
f 141 157 185
f 127 172 93
f 186 172 127
f 141 185 187
f 187 162 141
f 175 158 188
f 158 159 189
f 158 189 188
f 159 160 190
f 190 160 165
f 166 191 176
f 149 167 117
f 146 177 178
f 149 119 192
f 193 119 120
f 120 133 193
f 194 181 180
f 195 133 136
f 182 181 194
f 196 182 194
f 136 153 197
f 153 183 197
f 182 196 170
f 170 196 198
f 170 198 184
f 187 185 199
f 186 127 173
f 173 174 200
f 189 159 201
f 162 202 163
f 201 159 190
f 164 163 203
f 204 190 165
f 176 204 165
f 205 166 148
f 165 144 176
f 147 206 148
f 164 203 177
f 177 207 178
f 193 192 119
f 208 179 207
f 207 179 178
f 180 179 208
f 195 209 133
f 195 136 197
f 210 196 194
f 211 196 210
f 197 184 198
f 183 184 197
f 171 212 157
f 175 213 174
f 213 200 174
f 213 175 188
f 202 162 214
f 201 215 189
f 190 204 216
f 216 201 190
f 203 163 217
f 218 191 166
f 147 132 206
f 149 219 167
f 192 220 149
f 203 221 177
f 221 207 177
f 209 193 133
f 222 180 208
f 180 222 194
f 223 195 197
f 211 224 196
f 196 224 198
f 197 198 225
f 156 212 171
f 126 226 156
f 172 226 126
f 162 187 214
f 188 227 213
f 189 227 188
f 228 227 189
f 215 228 189
f 216 215 201
f 218 229 191
f 191 230 176
f 229 230 191
f 204 176 230
f 205 148 206
f 203 217 221
f 219 149 220
f 207 221 231
f 231 222 208
f 231 208 207
f 232 194 222
f 194 232 210
f 233 211 210
f 234 223 197
f 211 233 224
f 225 198 235
f 235 197 225
f 185 157 236
f 173 237 186
f 173 200 237
f 200 238 237
f 238 200 213
f 238 213 239
f 240 214 187
f 214 241 202
f 202 241 163
f 241 242 163
f 215 216 243
f 163 242 217
f 230 244 204
f 244 216 204
f 205 218 166
f 167 245 132
f 245 206 132
f 246 220 192
f 209 195 247
f 222 248 232
f 233 210 232
f 197 235 234
f 224 233 249
f 224 249 198
f 198 249 235
f 250 172 251
f 226 212 156
f 172 186 251
f 212 236 157
f 199 185 236
f 237 252 186
f 240 187 199
f 214 240 253
f 239 213 227
f 239 227 254
f 227 228 254
f 254 228 255
f 255 228 256
f 228 243 256
f 228 215 243
f 229 257 230
f 244 230 257
f 219 258 167
f 167 258 245
f 217 259 221
f 193 246 192
f 231 260 222
f 261 233 232
f 262 233 261
f 233 262 249
f 250 226 172
f 251 186 252
f 237 238 263
f 256 243 264
f 243 216 264
f 257 229 265
f 222 260 266
f 222 266 248
f 248 267 232
f 267 261 232
f 249 262 268
f 212 226 269
f 199 236 270
f 237 263 252
f 240 199 270
f 214 271 241
f 271 214 253
f 264 216 272
f 205 273 218
f 273 274 218
f 242 275 217
f 205 206 273
f 229 218 274
f 193 209 276
f 276 246 193
f 266 277 248
f 195 278 247
f 277 267 248
f 262 261 279
f 249 268 235
f 269 226 280
f 269 281 212
f 226 250 280
f 212 281 236
f 238 239 282
f 282 239 283
f 283 239 254
f 283 254 255
f 255 256 284
f 242 241 285
f 216 286 272
f 265 287 257
f 257 287 244
f 286 216 244
f 287 286 244
f 265 229 274
f 245 288 206
f 259 217 275
f 289 258 219
f 221 259 290
f 221 290 231
f 290 260 231
f 266 260 291
f 195 292 278
f 223 292 195
f 267 293 261
f 234 235 294
f 235 268 295
f 296 236 281
f 251 280 250
f 252 297 251
f 253 270 298
f 270 253 240
f 283 255 299
f 284 256 300
f 264 272 256
f 272 300 256
f 265 274 301
f 206 288 273
f 258 288 245
f 289 219 220
f 220 246 302
f 247 276 209
f 277 291 303
f 277 303 304
f 266 291 277
f 304 267 277
f 293 267 304
f 293 305 261
f 234 292 223
f 261 305 279
f 279 305 268
f 279 268 262
f 235 295 294
f 270 296 306
f 296 270 236
f 297 252 307
f 252 263 307
f 263 238 282
f 271 253 308
f 299 255 284
f 284 300 309
f 310 284 309
f 275 242 285
f 273 311 274
f 312 301 274
f 273 288 313
f 302 289 220
f 290 314 260
f 315 276 247
f 278 315 247
f 316 278 292
f 280 251 317
f 318 281 269
f 280 318 269
f 307 263 282
f 308 253 298
f 283 319 282
f 283 299 320
f 271 321 241
f 299 284 310
f 322 300 272
f 285 323 275
f 322 272 286
f 274 311 312
f 265 301 287
f 324 288 258
f 275 325 259
f 324 258 289
f 276 302 246
f 325 290 259
f 260 314 291
f 291 326 303
f 294 327 234
f 234 327 292
f 305 328 268
f 294 295 329
f 281 318 330
f 318 280 317
f 331 251 297
f 332 297 307
f 298 270 306
f 308 321 271
f 241 333 285
f 321 333 241
f 299 310 320
f 334 309 300
f 334 300 322
f 301 335 287
f 335 336 287
f 286 287 336
f 324 337 288
f 275 323 325
f 276 338 302
f 338 276 315
f 316 315 278
f 304 339 293
f 329 327 294
f 268 328 295
f 318 317 340
f 296 281 330
f 251 331 317
f 332 331 297
f 307 282 341
f 341 282 319
f 319 283 320
f 320 310 342
f 285 333 323
f 336 322 286
f 289 343 324
f 302 343 289
f 290 325 344
f 290 344 314
f 345 316 292
f 293 339 346
f 293 347 305
f 305 347 328
f 340 330 318
f 348 306 296
f 298 349 308
f 319 320 350
f 350 320 351
f 320 342 351
f 342 310 309
f 335 352 336
f 322 336 353
f 336 352 353
f 273 313 311
f 354 324 343
f 315 355 338
f 356 304 303
f 304 356 339
f 346 347 293
f 328 357 295
f 348 296 330
f 331 358 317
f 331 359 358
f 360 298 306
f 332 307 361
f 341 319 350
f 362 321 308
f 351 342 363
f 333 364 323
f 309 365 342
f 309 334 365
f 322 353 334
f 337 313 288
f 323 366 367
f 323 367 325
f 368 343 302
f 367 344 325
f 291 314 369
f 355 315 316
f 326 291 369
f 370 346 339
f 292 371 345
f 347 357 328
f 295 357 329
f 372 330 373
f 372 348 330
f 340 373 330
f 331 374 359
f 331 332 375
f 375 332 361
f 349 298 360
f 341 361 307
f 376 341 350
f 321 362 333
f 342 365 363
f 365 334 353
f 312 311 377
f 312 378 301
f 378 379 301
f 352 380 353
f 379 335 301
f 354 337 324
f 344 381 314
f 369 382 326
f 326 382 303
f 382 383 303
f 303 383 356
f 327 371 292
f 346 370 347
f 329 357 384
f 373 385 372
f 340 317 373
f 386 317 358
f 387 348 372
f 387 360 348
f 331 375 374
f 348 360 306
f 361 341 388
f 341 376 388
f 389 350 390
f 350 351 390
f 311 313 391
f 312 377 378
f 335 380 352
f 367 392 344
f 314 381 369
f 383 393 356
f 316 345 394
f 393 339 356
f 329 384 327
f 317 386 373
f 395 349 360
f 396 308 349
f 395 396 349
f 396 362 308
f 376 350 389
f 390 351 397
f 380 398 353
f 398 365 353
f 364 399 323
f 337 400 313
f 377 311 391
f 335 379 380
f 354 401 337
f 392 367 366
f 302 338 368
f 369 381 402
f 355 316 394
f 403 339 393
f 339 403 370
f 347 370 404
f 347 404 357
f 357 404 384
f 374 375 405
f 333 406 364
f 351 363 397
f 363 365 407
f 391 313 400
f 399 366 323
f 408 354 343
f 366 399 392
f 409 368 338
f 410 338 355
f 381 411 402
f 369 412 382
f 412 383 382
f 404 413 384
f 384 414 327
f 327 414 371
f 359 415 358
f 359 374 415
f 375 361 416
f 361 388 416
f 333 362 406
f 417 364 406
f 397 363 407
f 364 417 399
f 365 398 407
f 400 337 401
f 408 343 368
f 392 418 344
f 344 411 381
f 410 409 338
f 369 402 412
f 370 403 419
f 370 419 404
f 384 413 414
f 372 420 387
f 372 385 421
f 385 422 421
f 373 422 385
f 386 423 373
f 415 386 358
f 374 405 415
f 405 375 416
f 395 360 424
f 376 389 425
f 390 397 426
f 397 427 426
f 378 377 428
f 378 428 429
f 379 378 430
f 379 430 431
f 380 379 431
f 398 380 431
f 418 411 344
f 410 355 394
f 393 432 403
f 404 433 413
f 373 423 422
f 415 434 386
f 360 387 435
f 436 415 405
f 424 360 437
f 416 388 438
f 396 439 362
f 426 425 390
f 425 389 390
f 407 427 397
f 407 398 440
f 377 391 428
f 378 429 430
f 431 441 398
f 354 442 401
f 443 412 402
f 412 444 383
f 444 393 383
f 386 434 423
f 420 435 387
f 421 420 372
f 437 360 435
f 416 445 446
f 447 396 395
f 448 417 406
f 440 427 407
f 398 441 440
f 391 400 449
f 450 410 394
f 394 451 450
f 432 393 444
f 451 394 345
f 415 452 434
f 415 436 452
f 405 446 436
f 405 416 446
f 416 438 445
f 388 453 438
f 388 376 453
f 447 439 396
f 453 376 425
f 425 426 454
f 454 426 455
f 455 426 456
f 426 427 456
f 427 440 457
f 457 456 427
f 458 449 400
f 391 449 428
f 417 448 399
f 354 408 442
f 399 418 392
f 368 459 408
f 409 460 368
f 412 443 461
f 412 461 444
f 419 403 462
f 423 463 422
f 434 464 423
f 465 424 437
f 447 395 424
f 453 425 454
f 439 406 362
f 440 441 466
f 430 429 467
f 430 468 431
f 431 469 441
f 468 469 431
f 400 401 470
f 418 399 448
f 410 471 409
f 471 460 409
f 418 472 411
f 402 473 443
f 473 402 411
f 444 474 432
f 475 345 371
f 432 476 403
f 404 419 433
f 414 413 477
f 475 371 414
f 421 478 420
f 463 421 422
f 464 463 423
f 437 435 479
f 479 435 420
f 452 436 480
f 481 424 465
f 424 481 482
f 424 482 447
f 457 440 483
f 428 449 484
f 483 440 466
f 430 467 468
f 401 442 470
f 458 400 470
f 368 460 459
f 411 472 485
f 461 474 444
f 345 475 451
f 432 474 476
f 403 476 462
f 419 462 433
f 477 475 414
f 463 486 421
f 464 487 463
f 463 487 486
f 420 478 479
f 434 452 464
f 436 446 488
f 482 439 447
f 453 454 489
f 454 455 489
f 489 455 490
f 455 456 490
f 491 456 457
f 458 492 449
f 449 492 484
f 429 428 493
f 466 441 469
f 442 494 470
f 408 459 442
f 418 495 472
f 411 485 473
f 496 410 450
f 443 473 497
f 421 486 478
f 464 452 498
f 465 437 479
f 436 488 480
f 446 445 499
f 438 500 445
f 500 438 501
f 453 501 438
f 501 453 502
f 482 503 439
f 453 489 502
f 439 503 406
f 448 406 503
f 484 493 428
f 504 483 466
f 468 467 505
f 443 506 461
f 413 433 507
f 507 477 413
f 464 498 487
f 508 479 478
f 452 480 498
f 446 499 488
f 490 456 491
f 490 491 509
f 457 483 504
f 504 491 457
f 510 492 458
f 467 429 493
f 466 469 511
f 466 511 504
f 494 510 470
f 510 458 470
f 448 495 418
f 471 410 496
f 443 497 506
f 476 474 512
f 462 476 513
f 476 512 513
f 433 462 513
f 433 513 507
f 486 514 478
f 487 515 486
f 489 490 516
f 503 517 448
f 518 448 517
f 509 491 519
f 484 492 520
f 493 484 521
f 467 493 522
f 469 468 523
f 469 523 511
f 524 494 442
f 442 459 524
f 461 506 525
f 461 525 526
f 474 461 526
f 527 474 526
f 451 475 528
f 474 527 512
f 508 478 529
f 478 514 529
f 486 515 514
f 487 530 515
f 487 498 530
f 481 531 482
f 445 500 499
f 482 531 503
f 502 489 532
f 532 489 516
f 448 518 533
f 491 504 534
f 534 519 491
f 492 535 520
f 521 484 520
f 448 533 495
f 535 492 510
f 505 467 522
f 505 536 537
f 468 505 537
f 468 537 523
f 459 460 538
f 539 528 475
f 477 507 539
f 477 539 475
f 514 540 529
f 514 515 540
f 508 541 479
f 479 541 465
f 498 480 542
f 481 465 531
f 480 488 543
f 488 499 543
f 499 500 544
f 501 502 545
f 545 502 532
f 516 490 509
f 504 546 534
f 521 522 493
f 504 511 546
f 510 547 535
f 495 533 548
f 495 548 472
f 485 472 549
f 471 550 460
f 485 549 473
f 451 551 450
f 551 451 528
f 527 552 512
f 513 512 553
f 515 554 540
f 498 542 530
f 555 465 541
f 480 543 542
f 531 465 555
f 501 556 500
f 545 556 501
f 557 503 531
f 516 509 558
f 521 520 559
f 505 522 536
f 560 547 494
f 510 494 547
f 561 494 524
f 538 524 459
f 460 550 538
f 562 549 472
f 563 550 471
f 563 471 496
f 527 526 552
f 512 552 564
f 513 553 507
f 508 529 565
f 515 530 554
f 565 541 508
f 499 544 543
f 544 500 556
f 503 557 517
f 517 557 518
f 509 519 566
f 534 567 519
f 523 546 511
f 560 494 561
f 562 472 548
f 568 497 473
f 506 569 525
f 450 551 496
f 569 570 525
f 525 570 526
f 570 552 526
f 507 553 571
f 507 571 539
f 529 572 565
f 529 540 572
f 541 565 573
f 556 574 544
f 545 532 575
f 532 516 575
f 516 558 575
f 558 509 566
f 535 576 559
f 520 535 559
f 521 559 577
f 522 521 577
f 535 578 576
f 546 523 579
f 535 547 578
f 538 561 524
f 497 568 506
f 506 568 569
f 539 580 581
f 539 581 528
f 581 551 528
f 512 564 553
f 539 571 580
f 540 582 572
f 540 583 582
f 554 583 540
f 530 584 554
f 542 584 530
f 573 555 541
f 542 543 585
f 586 574 556
f 586 556 545
f 518 557 587
f 566 519 588
f 518 589 533
f 588 519 567
f 546 579 534
f 533 589 590
f 522 577 536
f 523 537 591
f 523 591 579
f 547 592 578
f 560 593 592
f 592 547 560
f 473 549 568
f 568 594 569
f 570 569 595
f 596 570 595
f 570 596 597
f 597 552 570
f 598 553 564
f 573 565 599
f 565 572 599
f 584 542 585
f 555 600 601
f 555 573 600
f 543 602 585
f 555 601 531
f 543 574 602
f 544 574 543
f 603 557 531
f 604 586 545
f 545 575 604
f 559 576 605
f 579 567 534
f 578 606 576
f 536 577 607
f 536 607 537
f 533 590 548
f 561 608 593
f 560 561 593
f 608 561 538
f 538 550 608
f 563 609 550
f 496 551 609
f 609 563 496
f 552 597 610
f 610 564 552
f 553 598 571
f 564 610 611
f 572 582 612
f 584 613 554
f 554 613 583
f 572 612 599
f 531 601 603
f 557 603 614
f 557 614 587
f 518 587 615
f 615 589 518
f 616 588 567
f 605 576 617
f 559 605 577
f 537 607 591
f 578 592 606
f 593 608 618
f 608 550 619
f 569 594 620
f 569 620 595
f 621 571 598
f 584 622 613
f 573 623 600
f 573 599 623
f 584 585 622
f 603 601 624
f 574 625 602
f 574 586 625
f 575 558 626
f 558 566 626
f 566 588 627
f 576 606 617
f 607 577 628
f 593 629 592
f 630 548 590
f 562 548 631
f 632 608 619
f 549 562 631
f 633 568 549
f 550 609 634
f 635 609 551
f 551 581 635
f 636 597 596
f 597 636 610
f 571 621 580
f 610 637 611
f 598 564 638
f 564 611 638
f 639 612 582
f 583 640 582
f 583 641 640
f 613 641 583
f 612 642 599
f 639 642 612
f 602 643 585
f 601 600 624
f 624 600 644
f 586 645 625
f 646 645 586
f 647 586 604
f 604 575 648
f 575 626 648
f 566 627 626
f 649 605 617
f 577 605 650
f 617 606 651
f 649 617 651
f 577 650 628
f 579 591 652
f 653 606 592
f 606 653 651
f 653 592 629
f 629 593 618
f 654 629 618
f 618 608 632
f 655 618 632
f 550 634 619
f 631 633 549
f 594 568 633
f 581 580 656
f 621 598 638
f 639 582 640
f 613 657 641
f 622 657 613
f 599 642 623
f 600 623 658
f 600 659 644
f 625 643 602
f 624 614 603
f 646 586 647
f 587 614 615
f 588 616 627
f 605 649 660
f 579 652 661
f 567 579 661
f 589 662 590
f 653 629 663
f 629 654 663
f 618 655 654
f 619 664 632
f 665 634 609
f 594 633 620
f 609 635 666
f 596 595 667
f 581 656 635
f 636 596 668
f 580 621 669
f 610 636 637
f 611 637 670
f 639 640 671
f 671 672 639
f 641 671 640
f 622 585 673
f 585 643 673
f 658 659 600
f 624 644 674
f 624 674 614
f 614 674 675
f 615 614 675
f 604 648 647
f 615 676 589
f 676 662 589
f 605 660 677
f 650 605 677
f 661 616 567
f 628 650 678
f 650 677 678
f 591 607 679
f 607 628 679
f 591 679 652
f 662 630 590
f 653 663 680
f 681 663 654
f 631 548 630
f 655 632 664
f 682 655 664
f 631 683 633
f 664 619 634
f 609 666 665
f 633 684 620
f 635 656 666
f 595 620 667
f 580 669 656
f 637 685 670
f 611 670 686
f 638 611 686
f 642 639 672
f 623 642 687
f 642 688 687
f 672 688 642
f 687 658 623
f 622 673 657
f 643 689 673
f 659 658 644
f 644 658 690
f 625 691 643
f 625 645 691
f 675 692 615
f 648 626 693
f 692 676 615
f 626 627 694
f 695 649 651
f 660 649 695
f 653 696 651
f 695 651 696
f 696 653 680
f 680 663 681
f 681 654 697
f 698 654 655
f 699 631 630
f 700 655 682
f 698 655 700
f 683 631 699
f 633 683 684
f 701 664 634
f 701 634 665
f 665 666 702
f 703 666 656
f 596 667 668
f 636 668 704
f 636 704 637
f 637 704 685
f 705 641 657
f 687 706 658
f 706 690 658
f 690 707 644
f 707 674 644
f 708 645 646
f 646 709 708
f 647 709 646
f 675 674 710
f 692 675 710
f 711 676 692
f 711 662 676
f 660 695 712
f 677 660 712
f 678 677 713
f 679 628 714
f 630 662 715
f 716 695 696
f 717 680 681
f 715 699 630
f 654 698 697
f 700 682 718
f 682 664 718
f 718 664 701
f 718 701 719
f 665 702 701
f 684 720 620
f 721 620 720
f 702 666 703
f 620 721 667
f 703 656 669
f 704 668 722
f 621 638 723
f 723 669 621
f 670 724 686
f 670 685 724
f 671 641 725
f 641 705 725
f 657 673 705
f 643 726 689
f 643 691 726
f 708 691 645
f 674 707 727
f 727 710 674
f 709 647 728
f 728 647 648
f 729 692 710
f 648 693 728
f 693 626 694
f 730 715 662
f 677 712 713
f 628 678 714
f 652 679 731
f 680 717 696
f 716 696 732
f 733 696 717
f 734 699 715
f 717 681 697
f 735 697 698
f 698 700 736
f 736 700 718
f 684 737 738
f 737 684 683
f 684 738 720
f 701 702 739
f 739 719 701
f 702 703 740
f 721 741 667
f 703 669 742
f 722 685 704
f 743 638 686
f 723 638 743
f 672 671 744
f 671 725 744
f 744 688 672
f 705 745 725
f 746 745 705
f 673 746 705
f 687 688 706
f 673 689 747
f 690 748 707
f 710 727 729
f 729 749 692
f 749 711 692
f 711 730 662
f 750 627 616
f 751 616 661
f 712 752 713
f 731 679 714
f 712 695 753
f 713 752 678
f 732 696 733
f 733 717 754
f 697 735 717
f 754 717 735
f 699 734 755
f 756 698 736
f 735 698 756
f 755 683 699
f 757 718 719
f 736 718 757
f 719 739 758
f 739 702 740
f 703 742 740
f 742 669 723
f 667 741 668
f 685 722 759
f 724 685 759
f 724 760 686
f 724 759 761
f 760 724 761
f 673 747 746
f 706 688 762
f 744 762 688
f 762 763 706
f 726 747 689
f 690 706 748
f 764 748 706
f 763 764 706
f 765 691 708
f 748 766 707
f 766 727 707
f 767 709 728
f 694 627 750
f 711 768 730
f 616 751 750
f 715 730 769
f 716 753 695
f 752 712 753
f 678 752 770
f 715 769 734
f 733 754 771
f 683 755 737
f 737 772 738
f 719 773 757
f 773 719 758
f 720 738 774
f 758 739 775
f 720 774 721
f 775 739 740
f 721 774 776
f 777 740 742
f 721 776 741
f 741 778 668
f 779 722 668
f 759 722 779
f 759 779 780
f 759 780 761
f 744 781 762
f 782 744 725
f 745 782 725
f 726 783 747
f 691 765 726
f 784 766 748
f 764 784 748
f 708 785 765
f 708 709 785
f 766 786 727
f 709 767 785
f 727 786 729
f 787 728 693
f 788 749 729
f 711 749 768
f 730 768 769
f 652 731 751
f 751 661 652
f 714 678 789
f 678 770 789
f 734 769 790
f 755 734 790
f 732 733 771
f 755 791 737
f 736 757 756
f 738 772 774
f 775 740 777
f 777 742 792
f 776 778 741
f 742 723 792
f 668 778 779
f 778 793 779
f 723 743 794
f 780 779 793
f 795 686 760
f 795 743 686
f 746 796 745
f 797 796 746
f 747 797 746
f 747 783 797
f 726 765 783
f 766 784 786
f 767 728 798
f 728 787 798
f 788 729 786
f 693 694 787
f 799 749 788
f 694 750 800
f 768 749 799
f 801 769 768
f 714 789 731
f 769 801 790
f 802 752 753
f 716 732 803
f 791 755 790
f 804 771 754
f 735 805 754
f 804 754 805
f 735 756 806
f 791 807 737
f 737 807 772
f 808 756 757
f 772 809 774
f 758 810 773
f 811 758 775
f 774 812 776
f 776 812 778
f 813 777 792
f 723 794 792
f 761 780 760
f 782 745 796
f 744 814 781
f 782 814 744
f 796 814 782
f 763 762 815
f 797 816 796
f 785 817 765
f 767 798 785
f 818 788 786
f 819 798 787
f 787 694 800
f 788 820 799
f 820 821 799
f 750 751 822
f 799 823 768
f 731 824 751
f 768 823 801
f 731 789 824
f 825 752 802
f 770 752 826
f 716 827 753
f 803 827 716
f 753 827 828
f 732 771 803
f 790 829 791
f 806 805 735
f 791 830 807
f 756 808 806
f 772 807 831
f 773 832 757
f 832 808 757
f 772 831 809
f 758 811 810
f 774 809 833
f 812 774 833
f 777 811 775
f 777 834 811
f 793 778 812
f 813 792 794
f 835 836 793
f 793 836 780
f 794 743 795
f 780 836 837
f 760 780 837
f 760 837 838
f 795 760 838
f 762 781 815
f 839 797 783
f 783 840 839
f 765 840 783
f 841 764 763
f 765 817 840
f 842 784 764
f 785 798 817
f 786 784 818
f 798 843 817
f 800 819 787
f 750 822 800
f 821 823 799
f 844 822 751
f 752 825 826
f 770 826 789
f 828 802 753
f 801 829 790
f 823 829 801
f 845 803 771
f 846 803 845
f 791 829 830
f 804 805 847
f 830 831 807
f 806 808 848
f 808 832 849
f 773 810 832
f 834 777 813
f 812 835 793
f 795 838 850
f 838 837 851
f 815 781 814
f 796 852 814
f 763 815 841
f 839 816 797
f 764 841 842
f 817 853 840
f 817 843 853
f 798 819 843
f 818 820 788
f 819 800 854
f 854 800 855
f 800 822 855
f 855 822 844
f 844 751 824
f 856 844 824
f 828 825 802
f 827 803 828
f 828 803 846
f 857 828 846
f 771 804 845
f 858 845 804
f 859 845 858
f 858 804 847
f 806 847 805
f 808 849 848
f 810 860 832
f 849 832 860
f 833 861 812
f 812 861 835
f 862 834 813
f 813 794 863
f 794 795 864
f 795 850 864
f 836 851 837
f 838 851 850
f 852 865 814
f 866 852 796
f 816 866 796
f 815 867 841
f 841 868 842
f 784 869 818
f 842 869 784
f 843 819 854
f 818 870 820
f 820 871 821
f 844 872 855
f 821 873 823
f 871 873 821
f 844 856 872
f 874 789 826
f 824 789 874
f 826 825 875
f 874 826 875
f 876 877 823
f 825 828 857
f 857 846 878
f 846 845 879
f 830 829 880
f 859 881 845
f 845 881 879
f 880 882 830
f 858 847 859
f 847 883 859
f 806 884 847
f 885 847 884
f 883 847 885
f 848 884 806
f 830 886 831
f 849 887 848
f 884 848 887
f 831 833 809
f 833 831 888
f 810 889 860
f 810 811 890
f 889 810 890
f 890 811 834
f 834 862 891
f 890 834 891
f 862 813 892
f 892 813 863
f 893 894 835
f 861 893 835
f 863 794 895
f 794 864 895
f 894 896 835
f 835 896 836
f 851 836 896
f 897 851 896
f 897 898 850
f 850 898 864
f 850 851 897
f 815 814 865
f 865 899 815
f 852 900 865
f 901 866 816
f 816 839 901
f 815 902 867
f 868 841 867
f 839 840 903
f 840 853 903
f 904 842 868
f 842 904 869
f 843 905 906
f 843 906 853
f 843 907 905
f 843 854 907
f 869 870 818
f 820 870 908
f 820 908 871
f 872 854 855
f 824 909 856
f 823 873 876
f 909 824 874
f 875 825 910
f 823 877 829
f 857 911 910
f 910 825 857
f 877 880 829
f 857 878 911
f 846 879 878
f 880 912 882
f 859 913 881
f 859 883 913
f 886 830 882
f 886 888 831
f 887 849 914
f 914 849 860
f 914 860 915
f 915 860 889
f 915 889 916
f 917 889 890
f 916 889 917
f 833 918 861
f 890 891 917
f 893 861 918
f 891 862 919
f 919 862 892
f 894 893 920
f 863 895 892
f 921 896 894
f 922 894 920
f 921 894 922
f 897 896 921
f 921 923 898
f 923 924 898
f 898 897 921
f 899 865 900
f 899 902 815
f 900 925 899
f 902 926 867
f 839 903 927
f 839 927 901
f 906 927 903
f 928 868 867
f 906 903 853
f 929 906 905
f 907 929 905
f 930 870 869
f 854 931 907
f 871 908 932
f 872 931 854
f 933 931 872
f 871 932 873
f 872 856 933
f 856 909 933
f 878 879 934
f 879 881 934
f 885 935 883
f 935 885 884
f 884 887 935
f 888 886 936
f 888 918 833
f 919 937 891
f 895 938 892
f 895 939 938
f 924 939 864
f 895 864 939
f 923 921 922
f 864 898 924
f 902 899 925
f 900 940 925
f 941 940 900
f 852 941 900
f 866 941 852
f 866 942 941
f 942 866 901
f 943 926 902
f 902 944 943
f 925 944 902
f 945 944 925
f 927 942 901
f 926 946 867
f 946 928 867
f 943 946 926
f 927 947 948
f 906 947 927
f 928 949 868
f 868 950 904
f 949 950 868
f 951 906 929
f 904 930 869
f 870 952 908
f 930 952 870
f 953 908 952
f 907 931 929
f 908 953 932
f 932 954 873
f 955 876 873
f 874 875 956
f 875 957 956
f 877 876 958
f 875 910 959
f 877 958 960
f 910 911 959
f 880 877 960
f 880 960 961
f 934 962 878
f 961 963 880
f 880 963 912
f 881 913 964
f 964 934 881
f 913 883 964
f 882 912 965
f 882 965 936
f 886 882 936
f 935 887 966
f 887 914 966
f 914 915 966
f 888 967 918
f 888 936 967
f 967 968 918
f 916 917 969
f 891 969 917
f 893 918 970
f 920 893 970
f 892 938 937
f 937 919 892
f 970 971 920
f 971 922 920
f 922 971 923
f 923 972 924
f 924 972 939
f 940 945 925
f 940 973 945
f 941 974 940
f 940 974 973
f 941 942 974
f 927 975 942
f 927 948 975
f 946 976 928
f 976 949 928
f 976 977 949
f 906 978 947
f 978 906 951
f 950 979 904
f 977 950 949
f 977 979 950
f 979 930 904
f 979 980 930
f 951 929 981
f 930 982 952
f 981 929 983
f 952 984 953
f 929 931 983
f 953 984 985
f 932 953 985
f 983 931 986
f 931 933 986
f 985 954 932
f 986 933 987
f 873 954 955
f 987 933 909
f 874 956 909
f 955 958 876
f 957 875 959
f 911 988 959
f 960 989 961
f 990 961 989
f 934 964 991
f 961 990 963
f 912 963 992
f 964 883 993
f 935 994 993
f 883 935 993
f 992 965 912
f 965 995 936
f 965 992 995
f 936 995 967
f 966 915 996
f 915 916 996
f 916 969 996
f 918 968 970
f 970 997 971
f 923 971 998
f 923 998 999
f 923 999 972
f 1000 945 1001
f 945 973 1001
f 942 1002 974
f 942 975 1002
f 1003 943 1004
f 944 1000 943
f 943 1000 1004
f 945 1000 944
f 948 1005 975
f 1005 948 1006
f 976 1003 1007
f 1003 976 946
f 943 1003 946
f 947 1008 1006
f 947 1006 948
f 1009 977 1007
f 1007 977 976
f 947 978 1008
f 1008 978 951
f 977 1009 979
f 951 1010 1008
f 1011 980 1012
f 1009 980 979
f 1010 951 981
f 1010 981 1013
f 982 1011 1014
f 1011 982 980
f 930 980 982
f 982 1014 984
f 981 983 1013
f 952 982 984
f 985 984 1015
f 1016 983 986
f 985 1015 954
f 955 954 1017
f 987 909 956
f 958 955 1018
f 1018 955 1017
f 956 957 1019
f 960 1018 1020
f 1018 960 958
f 989 960 1020
f 911 878 988
f 878 962 988
f 962 934 991
f 990 989 1020
f 990 992 963
f 1021 992 990
f 1022 994 935
f 995 1021 1023
f 995 992 1021
f 935 966 1022
f 967 1023 1024
f 995 1023 967
f 968 967 1024
f 968 1025 970
f 1026 891 937
f 969 891 1026
f 1025 1027 970
f 937 938 1026
f 970 1027 997
f 939 1028 938
f 971 997 998
f 1029 972 999
f 939 972 1030
f 972 1029 1030
f 939 1030 1028
f 1004 1000 1031
f 1031 1000 1001
f 1032 1031 1001
f 973 1032 1001
f 1033 1032 973
f 974 1033 973
f 1002 1033 974
f 975 1005 1002
f 1009 1007 1012
f 1009 1012 980
f 1013 983 1034
f 1015 984 1014
f 1016 1034 983
f 1016 986 1035
f 1015 1036 1017
f 1015 1017 954
f 986 987 1035
f 1037 987 956
f 1037 956 1019
f 1017 1036 1018
f 1020 1036 1038
f 1036 1020 1018
f 959 1039 957
f 959 988 1039
f 990 1020 1021
f 964 1040 991
f 964 993 1040
f 1041 994 1022
f 966 1042 1022
f 966 1043 1042
f 966 996 1043
f 969 1044 996
f 1025 1024 1045
f 1025 968 1024
f 1046 1025 1045
f 1027 1025 1046
f 1026 938 1028
f 998 1027 1046
f 1027 998 997
f 998 1047 999
f 1047 998 1048
f 999 1047 1029
f 1031 1032 1049
f 1032 1033 1050
f 1006 1008 1051
f 1010 1051 1008
f 1012 1052 1011
f 1015 1014 1053
f 1034 1016 1054
f 1055 1054 1016
f 1016 1035 1055
f 1037 1035 987
f 988 1056 1039
f 988 962 1056
f 991 1057 962
f 1020 1038 1021
f 991 1040 1058
f 1023 1021 1038
f 993 1059 1060
f 1060 1040 993
f 1059 993 994
f 994 1041 1061
f 1022 1042 1041
f 1043 1062 1042
f 1023 1063 1024
f 996 1044 1064
f 1064 1043 996
f 969 1065 1066
f 1067 1046 1068
f 1068 1046 1045
f 969 1026 1065
f 1028 1069 1026
f 1046 1048 998
f 1047 1070 1029
f 1070 1071 1029
f 1029 1071 1030
f 1047 1048 1072
f 1070 1047 1072
f 1073 1033 1074
f 1032 1050 1049
f 1073 1050 1033
f 1002 1074 1033
f 1075 1004 1031
f 1049 1075 1031
f 1005 1074 1002
f 1076 1074 1005
f 1004 1075 1003
f 1006 1076 1005
f 1006 1077 1076
f 1012 1007 1078
f 1003 1078 1007
f 1051 1077 1006
f 1051 1079 1077
f 1052 1012 1078
f 1010 1013 1051
f 1013 1034 1080
f 1013 1080 1051
f 1011 1052 1053
f 1011 1053 1014
f 1053 1036 1015
f 1036 1053 1081
f 1037 1055 1035
f 1081 1082 1036
f 1019 1083 1084
f 957 1083 1019
f 1085 1037 1019
f 1082 1038 1036
f 957 1039 1083
f 1056 1086 1039
f 962 1057 1056
f 1057 1087 1056
f 1058 1088 991
f 991 1088 1057
f 1040 1089 1058
f 1060 1089 1040
f 1023 1038 1090
f 1059 1091 1060
f 1061 1092 994
f 994 1092 1059
f 1062 1041 1042
f 1062 1093 1041
f 1094 1062 1043
f 1045 1024 1063
f 1064 1094 1043
f 1095 1064 1044
f 1066 1095 1044
f 1066 1044 969
f 1096 1065 1026
f 1069 1096 1026
f 1028 1097 1069
f 1098 1046 1067
f 1028 1030 1097
f 1046 1098 1048
f 1030 1071 1099
f 1048 1098 1100
f 1100 1072 1048
f 1070 1072 1100
f 1050 1101 1049
f 1073 1074 1102
f 1078 1003 1075
f 1079 1051 1080
f 1034 1054 1103
f 1103 1054 1104
f 1054 1055 1104
f 1104 1055 1105
f 1037 1085 1105
f 1105 1055 1037
f 1039 1106 1083
f 1038 1082 1107
f 1039 1086 1106
f 1090 1038 1107
f 1087 1086 1056
f 1088 1087 1057
f 1058 1089 1088
f 1060 1091 1089
f 1063 1023 1090
f 1059 1092 1091
f 1041 1093 1061
f 1094 1093 1062
f 1108 1045 1063
f 1095 1094 1064
f 1045 1108 1068
f 1109 1110 1065
f 1110 1066 1065
f 1109 1065 1096
f 1067 1068 1111
f 1097 1099 1112
f 1030 1099 1097
f 1113 1098 1067
f 1098 1113 1100
f 1114 1071 1070
f 1100 1113 1115
f 1070 1100 1116
f 1114 1070 1116
f 1050 1073 1117
f 1117 1073 1118
f 1118 1073 1102
f 1075 1049 1101
f 1077 1119 1076
f 1077 1079 1119
f 1120 1052 1078
f 1079 1080 1121
f 1122 1052 1120
f 1052 1122 1053
f 1080 1034 1123
f 1123 1034 1103
f 1122 1124 1053
f 1081 1053 1124
f 1104 1125 1103
f 1081 1124 1082
f 1106 1084 1083
f 1087 1126 1086
f 1089 1127 1088
f 1091 1092 1128
f 1089 1091 1128
f 1090 1129 1063
f 1092 1061 1130
f 1061 1093 1130
f 1093 1094 1131
f 1095 1132 1094
f 1132 1131 1094
f 1095 1066 1132
f 1132 1066 1110
f 1068 1108 1111
f 1096 1133 1109
f 1133 1096 1069
f 1097 1133 1069
f 1067 1111 1134
f 1067 1135 1113
f 1134 1135 1067
f 1071 1114 1099
f 1113 1135 1115
f 1100 1115 1116
f 1101 1050 1117
f 1074 1136 1137
f 1136 1074 1076
f 1119 1136 1076
f 1119 1079 1138
f 1139 1138 1079
f 1120 1078 1140
f 1079 1121 1139
f 1124 1122 1141
f 1124 1142 1082
f 1105 1085 1143
f 1082 1142 1107
f 1019 1084 1143
f 1084 1144 1143
f 1143 1085 1019
f 1106 1145 1146
f 1084 1106 1146
f 1126 1145 1086
f 1145 1106 1086
f 1107 1147 1090
f 1127 1089 1128
f 1128 1092 1130
f 1093 1148 1130
f 1148 1149 1130
f 1063 1129 1150
f 1108 1063 1150
f 1108 1151 1111
f 1111 1152 1134
f 1097 1112 1133
f 1134 1153 1135
f 1099 1114 1154
f 1115 1135 1155
f 1116 1115 1156
f 1116 1156 1154
f 1154 1114 1116
f 1157 1118 1102
f 1075 1101 1158
f 1140 1075 1158
f 1102 1074 1137
f 1136 1159 1137
f 1140 1078 1075
f 1136 1119 1160
f 1140 1161 1120
f 1122 1162 1163
f 1122 1120 1162
f 1121 1080 1123
f 1103 1125 1164
f 1124 1141 1142
f 1105 1165 1104
f 1165 1125 1104
f 1143 1165 1105
f 1142 1147 1107
f 1126 1088 1127
f 1087 1088 1126
f 1128 1166 1127
f 1167 1166 1128
f 1129 1090 1147
f 1149 1167 1130
f 1128 1130 1167
f 1129 1168 1150
f 1093 1131 1148
f 1108 1150 1151
f 1132 1110 1169
f 1169 1110 1170
f 1111 1151 1152
f 1110 1109 1170
f 1133 1170 1109
f 1153 1134 1152
f 1155 1135 1153
f 1112 1154 1171
f 1112 1099 1154
f 1155 1172 1115
f 1115 1172 1156
f 1173 1118 1174
f 1118 1157 1174
f 1158 1101 1117
f 1118 1173 1117
f 1102 1137 1157
f 1175 1140 1158
f 1136 1160 1159
f 1119 1138 1160
f 1161 1140 1175
f 1138 1139 1176
f 1162 1120 1161
f 1139 1121 1177
f 1162 1178 1163
f 1179 1141 1163
f 1122 1163 1141
f 1123 1103 1180
f 1180 1103 1164
f 1141 1181 1142
f 1142 1181 1182
f 1146 1145 1183
f 1084 1146 1184
f 1084 1184 1144
f 1147 1142 1182
f 1126 1185 1145
f 1129 1186 1168
f 1147 1186 1129
f 1150 1168 1187
f 1188 1132 1169
f 1131 1132 1188
f 1150 1187 1151
f 1133 1189 1170
f 1189 1133 1112
f 1152 1190 1153
f 1171 1189 1112
f 1190 1191 1153
f 1153 1191 1155
f 1154 1156 1192
f 1192 1171 1154
f 1117 1173 1193
f 1194 1158 1195
f 1137 1196 1157
f 1196 1137 1159
f 1159 1160 1197
f 1160 1138 1197
f 1175 1198 1161
f 1162 1161 1198
f 1176 1139 1177
f 1199 1177 1121
f 1199 1121 1123
f 1178 1179 1163
f 1179 1181 1141
f 1185 1183 1145
f 1146 1183 1200
f 1146 1200 1184
f 1201 1126 1127
f 1202 1127 1166
f 1147 1182 1186
f 1168 1186 1203
f 1131 1188 1148
f 1188 1169 1204
f 1169 1170 1205
f 1152 1151 1206
f 1152 1206 1207
f 1207 1190 1152
f 1155 1191 1208
f 1208 1172 1155
f 1156 1172 1192
f 1193 1173 1209
f 1117 1193 1158
f 1196 1159 1210
f 1158 1194 1175
f 1159 1197 1210
f 1197 1138 1176
f 1211 1162 1198
f 1211 1178 1162
f 1123 1180 1199
f 1212 1179 1178
f 1213 1181 1179
f 1182 1181 1214
f 1215 1165 1143
f 1184 1216 1144
f 1144 1215 1143
f 1182 1214 1217
f 1218 1126 1201
f 1218 1219 1126
f 1185 1126 1219
f 1202 1201 1127
f 1166 1167 1202
f 1217 1186 1182
f 1220 1186 1217
f 1149 1221 1167
f 1220 1203 1186
f 1148 1222 1223
f 1149 1148 1223
f 1188 1222 1148
f 1203 1224 1168
f 1224 1187 1168
f 1225 1151 1187
f 1205 1170 1226
f 1225 1206 1151
f 1226 1170 1189
f 1189 1227 1226
f 1189 1228 1227
f 1229 1228 1189
f 1229 1189 1171
f 1208 1230 1172
f 1230 1192 1172
f 1174 1231 1209
f 1174 1232 1231
f 1193 1195 1158
f 1174 1157 1232
f 1157 1196 1232
f 1233 1175 1234
f 1175 1194 1234
f 1198 1233 1235
f 1175 1233 1198
f 1198 1235 1211
f 1176 1177 1236
f 1213 1179 1212
f 1181 1213 1237
f 1181 1237 1214
f 1219 1238 1183
f 1183 1238 1200
f 1216 1215 1144
f 1183 1185 1219
f 1167 1221 1202
f 1223 1221 1149
f 1222 1239 1223
f 1240 1222 1188
f 1241 1222 1240
f 1242 1240 1188
f 1243 1242 1204
f 1242 1188 1204
f 1169 1244 1204
f 1243 1204 1244
f 1244 1169 1205
f 1245 1225 1187
f 1205 1226 1244
f 1246 1191 1190
f 1247 1229 1171
f 1191 1248 1208
f 1191 1246 1248
f 1208 1249 1230
f 1174 1209 1173
f 1195 1250 1194
f 1210 1251 1196
f 1210 1197 1252
f 1176 1253 1197
f 1236 1177 1199
f 1254 1178 1211
f 1178 1254 1212
f 1199 1180 1255
f 1256 1213 1212
f 1213 1256 1237
f 1164 1125 1257
f 1125 1165 1258
f 1215 1216 1259
f 1260 1219 1218
f 1238 1219 1261
f 1238 1261 1262
f 1238 1262 1200
f 1214 1263 1217
f 1201 1264 1218
f 1264 1260 1218
f 1221 1265 1202
f 1265 1264 1202
f 1201 1202 1264
f 1217 1263 1220
f 1223 1266 1221
f 1239 1266 1223
f 1241 1239 1222
f 1203 1220 1224
f 1241 1240 1267
f 1268 1240 1242
f 1187 1269 1245
f 1269 1187 1224
f 1225 1270 1206
f 1271 1226 1227
f 1227 1228 1271
f 1208 1248 1249
f 1192 1247 1171
f 1209 1272 1193
f 1209 1231 1273
f 1195 1274 1250
f 1272 1274 1195
f 1193 1272 1195
f 1251 1232 1196
f 1250 1234 1194
f 1210 1252 1251
f 1233 1275 1235
f 1275 1233 1234
f 1197 1253 1276
f 1235 1277 1211
f 1176 1236 1253
f 1212 1254 1278
f 1255 1180 1279
f 1278 1256 1212
f 1165 1280 1258
f 1259 1165 1215
f 1219 1260 1261
f 1200 1262 1281
f 1184 1200 1282
f 1184 1282 1216
f 1266 1265 1221
f 1266 1239 1283
f 1267 1239 1241
f 1240 1268 1267
f 1220 1284 1224
f 1285 1268 1242
f 1285 1242 1243
f 1244 1286 1243
f 1287 1244 1226
f 1225 1245 1270
f 1287 1226 1271
f 1206 1270 1207
f 1270 1288 1207
f 1207 1288 1190
f 1288 1246 1190
f 1246 1289 1248
f 1230 1290 1192
f 1192 1290 1247
f 1290 1229 1247
f 1272 1209 1273
f 1291 1250 1292
f 1292 1250 1274
f 1234 1291 1275
f 1291 1234 1250
f 1235 1275 1277
f 1252 1197 1276
f 1211 1293 1254
f 1180 1164 1279
f 1279 1164 1257
f 1257 1125 1258
f 1237 1294 1214
f 1280 1165 1259
f 1260 1295 1261
f 1200 1281 1296
f 1264 1265 1297
f 1260 1264 1297
f 1265 1266 1298
f 1283 1298 1266
f 1267 1283 1239
f 1284 1220 1263
f 1299 1300 1267
f 1299 1267 1268
f 1268 1301 1299
f 1268 1285 1301
f 1269 1224 1284
f 1243 1286 1285
f 1244 1287 1286
f 1271 1302 1287
f 1271 1303 1304
f 1228 1303 1271
f 1228 1229 1305
f 1230 1249 1306
f 1290 1230 1306
f 1274 1272 1307
f 1272 1273 1307
f 1231 1308 1273
f 1231 1309 1308
f 1231 1232 1309
f 1251 1309 1232
f 1251 1252 1310
f 1277 1311 1293
f 1211 1277 1293
f 1254 1293 1278
f 1312 1236 1199
f 1237 1256 1294
f 1295 1313 1261
f 1262 1261 1313
f 1294 1263 1214
f 1260 1297 1295
f 1200 1296 1314
f 1200 1314 1282
f 1265 1315 1297
f 1265 1298 1315
f 1283 1316 1298
f 1283 1300 1316
f 1267 1300 1283
f 1317 1301 1285
f 1286 1317 1285
f 1318 1317 1286
f 1286 1287 1318
f 1269 1319 1245
f 1319 1270 1245
f 1271 1304 1302
f 1246 1288 1289
f 1228 1305 1303
f 1248 1320 1306
f 1290 1305 1229
f 1248 1306 1249
f 1321 1292 1322
f 1292 1274 1322
f 1307 1322 1274
f 1273 1323 1307
f 1273 1308 1323
f 1324 1291 1292
f 1275 1325 1277
f 1325 1311 1277
f 1252 1276 1326
f 1236 1312 1253
f 1327 1312 1199
f 1199 1255 1327
f 1328 1256 1278
f 1262 1313 1281
f 1216 1329 1259
f 1281 1330 1296
f 1216 1282 1329
f 1316 1331 1298
f 1315 1298 1331
f 1316 1300 1332
f 1300 1299 1332
f 1333 1284 1263
f 1284 1334 1269
f 1287 1302 1318
f 1319 1335 1270
f 1303 1336 1304
f 1305 1336 1303
f 1248 1289 1337
f 1248 1337 1320
f 1307 1323 1322
f 1308 1338 1323
f 1321 1324 1292
f 1309 1338 1308
f 1309 1339 1338
f 1309 1310 1339
f 1251 1310 1309
f 1325 1275 1291
f 1252 1326 1310
f 1325 1340 1311
f 1253 1341 1276
f 1253 1312 1341
f 1293 1342 1278
f 1255 1279 1327
f 1256 1328 1343
f 1294 1256 1343
f 1295 1344 1345
f 1313 1295 1345
f 1297 1315 1344
f 1315 1346 1344
f 1295 1297 1344
f 1296 1330 1314
f 1282 1314 1347
f 1282 1347 1329
f 1315 1331 1346
f 1316 1348 1331
f 1349 1332 1299
f 1299 1301 1349
f 1350 1301 1317
f 1317 1318 1350
f 1351 1319 1269
f 1302 1304 1352
f 1270 1353 1288
f 1305 1354 1336
f 1290 1306 1354
f 1305 1290 1354
f 1324 1321 1355
f 1291 1356 1325
f 1291 1355 1356
f 1324 1355 1291
f 1311 1357 1293
f 1342 1293 1357
f 1342 1328 1278
f 1358 1257 1359
f 1258 1359 1257
f 1343 1360 1294
f 1281 1313 1345
f 1281 1345 1361
f 1330 1281 1361
f 1332 1348 1316
f 1349 1301 1362
f 1284 1333 1334
f 1362 1301 1350
f 1350 1318 1363
f 1302 1352 1318
f 1335 1353 1270
f 1353 1364 1288
f 1352 1304 1336
f 1288 1364 1289
f 1364 1365 1289
f 1289 1365 1337
f 1320 1337 1366
f 1321 1322 1367
f 1340 1325 1356
f 1276 1368 1326
f 1311 1340 1357
f 1368 1276 1341
f 1369 1327 1279
f 1342 1370 1328
f 1369 1279 1358
f 1279 1257 1358
f 1258 1280 1359
f 1331 1371 1346
f 1263 1294 1360
f 1333 1263 1360
f 1318 1352 1372
f 1337 1365 1366
f 1354 1373 1374
f 1336 1354 1374
f 1354 1306 1375
f 1306 1320 1375
f 1323 1376 1322
f 1338 1377 1323
f 1355 1367 1356
f 1367 1355 1321
f 1339 1377 1338
f 1310 1378 1339
f 1378 1310 1326
f 1379 1378 1326
f 1326 1368 1379
f 1380 1357 1340
f 1357 1370 1342
f 1359 1280 1381
f 1280 1382 1381
f 1259 1382 1280
f 1361 1345 1383
f 1384 1330 1361
f 1259 1329 1382
f 1346 1371 1385
f 1344 1346 1385
f 1314 1330 1386
f 1330 1384 1386
f 1314 1386 1347
f 1329 1347 1387
f 1371 1331 1348
f 1332 1388 1348
f 1333 1389 1334
f 1334 1351 1269
f 1318 1372 1363
f 1351 1390 1319
f 1319 1390 1335
f 1336 1372 1352
f 1366 1375 1320
f 1354 1375 1373
f 1322 1376 1367
f 1323 1377 1391
f 1339 1378 1377
f 1368 1341 1392
f 1393 1341 1312
f 1312 1394 1393
f 1394 1312 1327
f 1358 1395 1369
f 1343 1396 1360
f 1328 1396 1343
f 1345 1344 1385
f 1347 1397 1387
f 1382 1329 1387
f 1332 1349 1388
f 1398 1349 1362
f 1333 1399 1389
f 1389 1400 1334
f 1334 1400 1351
f 1335 1364 1353
f 1366 1365 1401
f 1367 1376 1402
f 1323 1391 1376
f 1402 1356 1367
f 1356 1403 1340
f 1379 1404 1378
f 1380 1340 1403
f 1379 1368 1392
f 1341 1393 1392
f 1394 1327 1369
f 1328 1370 1405
f 1328 1405 1396
f 1345 1385 1406
f 1345 1406 1383
f 1407 1384 1361
f 1347 1386 1408
f 1347 1408 1409
f 1371 1348 1388
f 1398 1388 1349
f 1410 1350 1363
f 1390 1411 1335
f 1335 1411 1364
f 1336 1412 1372
f 1413 1365 1364
f 1336 1414 1412
f 1401 1415 1366
f 1366 1415 1375
f 1374 1414 1336
f 1391 1416 1376
f 1403 1417 1380
f 1357 1418 1370
f 1419 1394 1369
f 1369 1395 1419
f 1361 1383 1407
f 1385 1371 1420
f 1397 1382 1387
f 1347 1409 1397
f 1371 1388 1421
f 1422 1333 1360
f 1398 1362 1423
f 1411 1413 1364
f 1365 1413 1401
f 1375 1415 1424
f 1373 1375 1424
f 1373 1424 1374
f 1376 1416 1402
f 1402 1425 1356
f 1378 1404 1377
f 1425 1403 1356
f 1418 1380 1417
f 1380 1418 1357
f 1358 1359 1426
f 1395 1358 1426
f 1359 1427 1426
f 1359 1381 1427
f 1427 1381 1382
f 1406 1385 1420
f 1428 1382 1397
f 1371 1429 1420
f 1429 1371 1421
f 1333 1422 1399
f 1423 1362 1350
f 1350 1410 1423
f 1363 1430 1410
f 1430 1363 1372
f 1431 1372 1412
f 1413 1432 1401
f 1374 1424 1433
f 1416 1434 1402
f 1391 1435 1416
f 1391 1377 1435
f 1434 1425 1402
f 1377 1436 1435
f 1377 1404 1436
f 1379 1392 1437
f 1392 1393 1438
f 1439 1405 1370
f 1406 1440 1383
f 1383 1440 1407
f 1360 1396 1422
f 1386 1384 1408
f 1409 1441 1397
f 1388 1442 1421
f 1442 1388 1398
f 1400 1443 1351
f 1351 1443 1390
f 1390 1443 1444
f 1432 1445 1401
f 1446 1412 1414
f 1431 1412 1446
f 1415 1401 1445
f 1415 1445 1447
f 1424 1415 1447
f 1414 1374 1433
f 1446 1414 1433
f 1416 1448 1434
f 1435 1448 1416
f 1404 1449 1436
f 1403 1450 1417
f 1404 1379 1437
f 1393 1451 1438
f 1393 1452 1451
f 1452 1393 1394
f 1394 1419 1452
f 1419 1395 1453
f 1439 1396 1405
f 1395 1426 1453
f 1396 1454 1422
f 1440 1406 1455
f 1427 1382 1428
f 1384 1407 1456
f 1384 1456 1408
f 1397 1441 1457
f 1397 1457 1428
f 1398 1458 1442
f 1398 1423 1458
f 1389 1459 1400
f 1460 1410 1430
f 1390 1444 1411
f 1411 1461 1413
f 1430 1372 1431
f 1413 1461 1432
f 1432 1462 1445
f 1435 1463 1448
f 1425 1464 1403
f 1464 1450 1403
f 1404 1437 1465
f 1392 1466 1437
f 1392 1438 1466
f 1439 1370 1418
f 1467 1455 1420
f 1455 1406 1420
f 1440 1468 1407
f 1469 1427 1428
f 1456 1407 1468
f 1408 1456 1470
f 1457 1469 1428
f 1471 1422 1454
f 1444 1461 1411
f 1445 1472 1447
f 1433 1424 1473
f 1474 1425 1434
f 1448 1474 1434
f 1404 1465 1449
f 1475 1452 1419
f 1453 1426 1476
f 1427 1476 1426
f 1469 1477 1427
f 1440 1455 1478
f 1478 1468 1440
f 1420 1429 1467
f 1408 1470 1409
f 1479 1441 1409
f 1471 1399 1422
f 1389 1399 1459
f 1460 1480 1410
f 1445 1462 1481
f 1445 1481 1472
f 1447 1472 1482
f 1424 1447 1482
f 1448 1483 1474
f 1463 1483 1448
f 1435 1436 1463
f 1474 1464 1425
f 1449 1484 1436
f 1437 1466 1465
f 1450 1485 1417
f 1418 1417 1486
f 1451 1452 1487
f 1475 1487 1452
f 1418 1488 1439
f 1419 1453 1489
f 1453 1476 1489
f 1396 1439 1490
f 1490 1454 1396
f 1457 1479 1491
f 1441 1479 1457
f 1491 1469 1457
f 1409 1470 1492
f 1409 1492 1479
f 1442 1458 1493
f 1459 1399 1471
f 1480 1423 1410
f 1400 1459 1494
f 1400 1494 1443
f 1424 1482 1473
f 1433 1473 1495
f 1436 1496 1463
f 1449 1465 1484
f 1438 1497 1466
f 1451 1497 1438
f 1419 1489 1475
f 1477 1476 1427
f 1469 1491 1498
f 1455 1467 1499
f 1455 1499 1478
f 1467 1429 1500
f 1501 1459 1471
f 1423 1480 1502
f 1443 1461 1444
f 1430 1431 1503
f 1460 1430 1503
f 1461 1504 1432
f 1432 1504 1462
f 1462 1504 1481
f 1446 1433 1495
f 1505 1446 1495
f 1463 1506 1483
f 1463 1496 1506
f 1436 1484 1496
f 1474 1507 1464
f 1507 1450 1464
f 1465 1508 1484
f 1485 1509 1417
f 1466 1497 1510
f 1509 1486 1417
f 1477 1469 1498
f 1456 1511 1470
f 1492 1470 1511
f 1512 1429 1421
f 1513 1421 1442
f 1513 1442 1493
f 1458 1514 1493
f 1423 1514 1458
f 1459 1501 1494
f 1505 1431 1446
f 1505 1503 1431
f 1515 1507 1474
f 1483 1515 1474
f 1485 1450 1507
f 1466 1508 1465
f 1466 1510 1508
f 1451 1516 1497
f 1451 1487 1516
f 1486 1488 1418
f 1476 1517 1489
f 1476 1477 1517
f 1477 1498 1517
f 1498 1491 1518
f 1519 1479 1492
f 1518 1491 1479
f 1429 1512 1500
f 1519 1492 1511
f 1520 1454 1490
f 1471 1454 1520
f 1501 1471 1521
f 1502 1514 1423
f 1461 1522 1504
f 1523 1481 1504
f 1481 1523 1524
f 1472 1481 1524
f 1484 1525 1496
f 1498 1518 1517
f 1468 1478 1526
f 1479 1519 1518
f 1456 1527 1511
f 1519 1511 1528
f 1421 1513 1512
f 1494 1529 1443
f 1461 1443 1522
f 1472 1524 1482
f 1495 1473 1530
f 1515 1483 1531
f 1531 1483 1506
f 1525 1506 1496
f 1484 1532 1525
f 1484 1508 1532
f 1510 1533 1508
f 1510 1497 1534
f 1487 1475 1535
f 1475 1489 1536
f 1537 1538 1489
f 1489 1517 1537
f 1539 1537 1517
f 1490 1439 1540
f 1517 1518 1539
f 1467 1500 1541
f 1526 1478 1542
f 1456 1468 1526
f 1490 1543 1520
f 1520 1521 1471
f 1522 1544 1504
f 1524 1523 1545
f 1546 1505 1495
f 1473 1482 1547
f 1473 1547 1530
f 1507 1548 1485
f 1497 1549 1534
f 1497 1516 1549
f 1516 1487 1535
f 1475 1536 1535
f 1536 1489 1538
f 1439 1488 1550
f 1539 1518 1551
f 1519 1552 1518
f 1543 1490 1540
f 1499 1467 1541
f 1499 1541 1542
f 1478 1499 1542
f 1552 1519 1528
f 1456 1526 1527
f 1511 1527 1553
f 1514 1502 1554
f 1555 1494 1501
f 1529 1522 1443
f 1504 1544 1523
f 1482 1524 1556
f 1506 1557 1531
f 1525 1557 1506
f 1515 1558 1507
f 1508 1559 1532
f 1508 1533 1559
f 1534 1533 1510
f 1509 1560 1486
f 1516 1535 1561
f 1562 1550 1488
f 1537 1539 1551
f 1518 1563 1551
f 1518 1552 1563
f 1500 1512 1541
f 1511 1553 1564
f 1565 1513 1493
f 1566 1493 1514
f 1567 1521 1520
f 1554 1502 1568
f 1569 1501 1521
f 1569 1555 1501
f 1570 1480 1460
f 1524 1545 1571
f 1524 1571 1556
f 1482 1556 1547
f 1509 1485 1572
f 1509 1572 1560
f 1516 1561 1549
f 1486 1562 1488
f 1552 1573 1563
f 1528 1511 1564
f 1552 1528 1573
f 1564 1573 1528
f 1542 1541 1574
f 1553 1527 1575
f 1565 1512 1513
f 1543 1567 1520
f 1567 1569 1521
f 1502 1480 1568
f 1529 1494 1576
f 1576 1494 1555
f 1544 1522 1577
f 1460 1503 1578
f 1505 1579 1503
f 1495 1530 1546
f 1557 1580 1531
f 1532 1559 1525
f 1507 1558 1548
f 1533 1581 1559
f 1581 1533 1534
f 1485 1548 1572
f 1486 1560 1562
f 1535 1536 1582
f 1550 1583 1439
f 1540 1439 1583
f 1551 1563 1584
f 1584 1563 1573
f 1526 1575 1527
f 1564 1553 1585
f 1541 1512 1586
f 1574 1541 1586
f 1587 1512 1565
f 1493 1566 1565
f 1514 1588 1566
f 1544 1577 1523
f 1545 1523 1589
f 1530 1547 1590
f 1580 1591 1531
f 1557 1592 1580
f 1525 1593 1557
f 1559 1593 1525
f 1534 1594 1581
f 1549 1594 1534
f 1561 1535 1595
f 1582 1536 1538
f 1538 1537 1596
f 1537 1551 1596
f 1596 1551 1584
f 1584 1573 1597
f 1574 1598 1542
f 1597 1573 1564
f 1585 1597 1564
f 1526 1542 1598
f 1526 1598 1599
f 1526 1599 1575
f 1585 1553 1600
f 1586 1512 1587
f 1480 1570 1568
f 1529 1601 1522
f 1570 1460 1578
f 1522 1601 1577
f 1578 1503 1579
f 1545 1589 1571
f 1579 1505 1546
f 1530 1590 1602
f 1530 1602 1546
f 1531 1591 1515
f 1591 1558 1515
f 1581 1603 1559
f 1594 1549 1604
f 1561 1604 1549
f 1595 1535 1582
f 1582 1538 1596
f 1596 1584 1605
f 1575 1606 1553
f 1607 1606 1575
f 1600 1553 1606
f 1608 1585 1600
f 1588 1514 1554
f 1601 1529 1576
f 1577 1609 1523
f 1589 1523 1610
f 1546 1611 1579
f 1556 1571 1612
f 1547 1556 1612
f 1547 1612 1590
f 1593 1592 1557
f 1559 1613 1593
f 1594 1603 1581
f 1614 1560 1572
f 1562 1560 1614
f 1561 1595 1604
f 1595 1582 1615
f 1562 1616 1550
f 1616 1583 1550
f 1582 1596 1615
f 1597 1617 1584
f 1597 1585 1608
f 1618 1565 1566
f 1587 1565 1618
f 1543 1619 1567
f 1577 1601 1609
f 1523 1609 1610
f 1571 1620 1612
f 1611 1546 1602
f 1559 1603 1613
f 1621 1548 1558
f 1622 1572 1548
f 1596 1623 1615
f 1605 1623 1596
f 1605 1584 1617
f 1597 1608 1624
f 1599 1598 1625
f 1540 1626 1543
f 1575 1599 1627
f 1607 1575 1627
f 1628 1566 1588
f 1569 1629 1555
f 1555 1630 1576
f 1576 1631 1601
f 1571 1589 1620
f 1590 1612 1632
f 1602 1590 1633
f 1590 1632 1633
f 1592 1593 1634
f 1591 1621 1558
f 1621 1622 1548
f 1603 1635 1613
f 1622 1614 1572
f 1594 1636 1603
f 1604 1636 1594
f 1604 1595 1636
f 1562 1614 1616
f 1615 1623 1637
f 1617 1597 1624
f 1600 1638 1608
f 1639 1606 1607
f 1639 1638 1606
f 1638 1600 1606
f 1574 1586 1640
f 1598 1574 1640
f 1586 1587 1641
f 1569 1567 1619
f 1619 1629 1569
f 1576 1630 1631
f 1610 1642 1589
f 1589 1642 1620
f 1580 1592 1634
f 1580 1621 1591
f 1613 1643 1593
f 1595 1615 1644
f 1615 1637 1644
f 1583 1645 1540
f 1608 1638 1646
f 1646 1624 1608
f 1640 1586 1641
f 1587 1618 1647
f 1619 1543 1648
f 1554 1568 1649
f 1629 1630 1555
f 1601 1631 1609
f 1611 1578 1579
f 1650 1620 1642
f 1620 1650 1651
f 1620 1651 1612
f 1652 1602 1633
f 1602 1652 1611
f 1632 1612 1653
f 1580 1654 1621
f 1655 1603 1636
f 1644 1656 1636
f 1595 1644 1636
f 1657 1616 1614
f 1658 1644 1637
f 1657 1659 1616
f 1623 1658 1637
f 1616 1659 1583
f 1660 1658 1623
f 1623 1605 1660
f 1605 1617 1660
f 1661 1660 1617
f 1626 1540 1645
f 1617 1624 1661
f 1661 1624 1646
f 1598 1640 1662
f 1599 1625 1627
f 1607 1627 1663
f 1626 1648 1543
f 1587 1647 1641
f 1618 1566 1628
f 1664 1554 1649
f 1568 1570 1649
f 1609 1665 1610
f 1610 1665 1642
f 1666 1580 1634
f 1593 1643 1634
f 1603 1655 1635
f 1659 1645 1583
f 1638 1639 1667
f 1667 1646 1638
f 1598 1662 1625
f 1663 1639 1607
f 1618 1628 1668
f 1669 1619 1648
f 1588 1554 1664
f 1619 1669 1629
f 1570 1578 1670
f 1631 1671 1609
f 1609 1671 1665
f 1611 1670 1578
f 1612 1651 1653
f 1633 1672 1652
f 1633 1632 1673
f 1654 1580 1666
f 1613 1635 1674
f 1674 1643 1613
f 1655 1674 1635
f 1655 1636 1656
f 1657 1614 1622
f 1644 1658 1675
f 1657 1676 1659
f 1661 1646 1667
f 1677 1667 1639
f 1677 1639 1663
f 1627 1625 1678
f 1663 1627 1678
f 1641 1647 1679
f 1680 1668 1588
f 1668 1628 1588
f 1680 1588 1664
f 1630 1681 1631
f 1570 1670 1649
f 1642 1665 1682
f 1682 1650 1642
f 1651 1650 1683
f 1651 1683 1653
f 1632 1653 1684
f 1632 1684 1673
f 1633 1673 1672
f 1621 1685 1622
f 1655 1656 1686
f 1656 1644 1686
f 1644 1675 1686
f 1687 1675 1658
f 1687 1658 1660
f 1659 1676 1645
f 1687 1660 1661
f 1688 1626 1645
f 1689 1667 1677
f 1663 1690 1677
f 1648 1626 1691
f 1663 1678 1690
f 1662 1640 1641
f 1678 1625 1692
f 1618 1668 1693
f 1694 1630 1629
f 1630 1694 1681
f 1681 1671 1631
f 1650 1682 1683
f 1653 1695 1684
f 1666 1634 1696
f 1696 1634 1643
f 1674 1697 1643
f 1698 1685 1621
f 1654 1698 1621
f 1699 1674 1655
f 1622 1685 1657
f 1686 1699 1655
f 1676 1700 1645
f 1687 1661 1701
f 1700 1688 1645
f 1667 1701 1661
f 1667 1689 1701
f 1677 1690 1689
f 1662 1641 1702
f 1647 1618 1693
f 1679 1647 1703
f 1669 1648 1704
f 1705 1629 1669
f 1664 1649 1706
f 1683 1682 1707
f 1611 1652 1670
f 1695 1653 1683
f 1654 1666 1708
f 1709 1697 1674
f 1699 1709 1674
f 1657 1685 1710
f 1675 1711 1686
f 1710 1676 1657
f 1675 1712 1711
f 1675 1687 1712
f 1689 1713 1701
f 1691 1626 1688
f 1702 1625 1662
f 1714 1678 1692
f 1678 1714 1690
f 1693 1703 1647
f 1629 1705 1694
f 1671 1681 1665
f 1665 1681 1682
f 1681 1715 1682
f 1707 1695 1683
f 1716 1695 1707
f 1698 1654 1708
f 1696 1643 1697
f 1699 1686 1717
f 1686 1711 1717
f 1717 1711 1712
f 1687 1718 1712
f 1687 1701 1718
f 1701 1713 1718
f 1689 1719 1713
f 1719 1689 1690
f 1625 1702 1692
f 1714 1692 1720
f 1704 1721 1669
f 1722 1680 1664
f 1669 1721 1705
f 1694 1723 1681
f 1715 1681 1724
f 1715 1707 1682
f 1725 1652 1672
f 1684 1695 1726
f 1727 1684 1726
f 1673 1684 1727
f 1728 1673 1727
f 1672 1673 1728
f 1666 1696 1708
f 1712 1729 1717
f 1676 1710 1730
f 1730 1700 1676
f 1719 1690 1714
f 1692 1731 1720
f 1691 1732 1733
f 1679 1702 1641
f 1733 1648 1691
f 1702 1679 1734
f 1648 1733 1704
f 1703 1693 1735
f 1736 1668 1680
f 1706 1722 1664
f 1721 1737 1705
f 1737 1694 1705
f 1715 1738 1707
f 1652 1725 1670
f 1739 1716 1707
f 1739 1707 1738
f 1695 1716 1726
f 1696 1740 1708
f 1685 1698 1741
f 1709 1742 1697
f 1699 1742 1709
f 1699 1717 1743
f 1743 1729 1744
f 1743 1717 1729
f 1729 1712 1745
f 1718 1745 1712
f 1746 1718 1713
f 1700 1747 1688
f 1713 1719 1746
f 1688 1747 1732
f 1719 1748 1746
f 1691 1688 1732
f 1719 1749 1748
f 1714 1749 1719
f 1749 1714 1720
f 1702 1731 1692
f 1731 1702 1750
f 1704 1751 1721
f 1733 1751 1704
f 1693 1668 1736
f 1722 1736 1680
f 1649 1752 1706
f 1694 1737 1723
f 1723 1724 1681
f 1649 1670 1752
f 1724 1738 1715
f 1738 1753 1739
f 1725 1672 1728
f 1739 1753 1754
f 1716 1739 1754
f 1726 1716 1754
f 1698 1708 1755
f 1741 1698 1755
f 1756 1743 1744
f 1729 1745 1744
f 1730 1747 1700
f 1718 1746 1745
f 1757 1748 1749
f 1758 1749 1731
f 1749 1720 1731
f 1693 1759 1735
f 1759 1693 1736
f 1760 1724 1723
f 1761 1738 1724
f 1738 1761 1753
f 1726 1754 1762
f 1726 1762 1727
f 1696 1697 1742
f 1742 1763 1696
f 1742 1699 1764
f 1685 1765 1710
f 1685 1741 1765
f 1699 1743 1764
f 1764 1743 1756
f 1730 1710 1765
f 1756 1744 1766
f 1744 1745 1766
f 1746 1748 1767
f 1745 1746 1767
f 1758 1757 1749
f 1750 1768 1731
f 1731 1768 1758
f 1750 1702 1769
f 1735 1770 1703
f 1770 1679 1703
f 1734 1679 1770
f 1751 1771 1721
f 1771 1737 1721
f 1722 1706 1752
f 1737 1760 1723
f 1760 1761 1724
f 1752 1670 1772
f 1670 1725 1772
f 1773 1753 1761
f 1753 1774 1754
f 1753 1773 1774
f 1754 1774 1762
f 1728 1727 1762
f 1755 1708 1775
f 1742 1764 1776
f 1765 1777 1730
f 1767 1766 1745
f 1778 1747 1730
f 1779 1767 1748
f 1757 1779 1748
f 1747 1778 1732
f 1779 1757 1758
f 1780 1758 1768
f 1734 1769 1702
f 1768 1750 1781
f 1732 1782 1733
f 1733 1782 1751
f 1783 1736 1722
f 1722 1752 1784
f 1785 1773 1761
f 1760 1785 1761
f 1774 1773 1786
f 1787 1725 1728
f 1728 1762 1788
f 1775 1708 1740
f 1740 1696 1789
f 1776 1763 1742
f 1790 1764 1756
f 1790 1766 1791
f 1790 1756 1766
f 1730 1777 1792
f 1778 1730 1792
f 1793 1766 1767
f 1779 1793 1767
f 1758 1780 1779
f 1794 1768 1781
f 1768 1794 1780
f 1732 1778 1782
f 1750 1769 1781
f 1769 1734 1770
f 1770 1735 1795
f 1782 1796 1751
f 1759 1736 1783
f 1751 1796 1771
f 1771 1797 1737
f 1737 1797 1760
f 1760 1797 1798
f 1760 1798 1785
f 1773 1785 1799
f 1773 1799 1786
f 1728 1788 1787
f 1786 1800 1774
f 1774 1800 1762
f 1762 1800 1788
f 1696 1763 1789
f 1776 1764 1790
f 1791 1766 1801
f 1766 1793 1802
f 1801 1766 1802
f 1803 1793 1780
f 1793 1779 1780
f 1803 1780 1794
f 1781 1804 1794
f 1769 1770 1805
f 1806 1735 1759
f 1771 1796 1797
f 1807 1752 1772
f 1799 1785 1798
f 1772 1725 1808
f 1809 1799 1810
f 1808 1725 1787
f 1808 1787 1811
f 1799 1809 1786
f 1786 1809 1800
f 1800 1812 1788
f 1809 1812 1800
f 1811 1787 1813
f 1787 1788 1813
f 1755 1814 1741
f 1755 1775 1814
f 1741 1814 1815
f 1765 1741 1816
f 1776 1817 1763
f 1777 1765 1816
f 1815 1816 1741
f 1776 1790 1818
f 1791 1818 1790
f 1778 1792 1819
f 1793 1820 1802
f 1782 1778 1821
f 1803 1794 1804
f 1822 1781 1769
f 1804 1781 1822
f 1770 1795 1805
f 1769 1805 1823
f 1822 1769 1824
f 1782 1821 1796
f 1825 1806 1759
f 1795 1735 1806
f 1783 1722 1784
f 1826 1797 1796
f 1798 1797 1826
f 1807 1784 1752
f 1807 1827 1784
f 1812 1809 1810
f 1788 1812 1813
f 1817 1789 1763
f 1817 1776 1828
f 1776 1818 1828
f 1791 1801 1818
f 1777 1829 1792
f 1777 1816 1829
f 1818 1801 1830
f 1792 1829 1819
f 1801 1802 1820
f 1831 1820 1803
f 1820 1793 1803
f 1778 1819 1821
f 1832 1821 1819
f 1803 1804 1831
f 1804 1833 1831
f 1804 1822 1833
f 1824 1769 1823
f 1821 1834 1796
f 1825 1759 1783
f 1796 1834 1826
f 1835 1784 1827
f 1798 1826 1836
f 1807 1772 1837
f 1838 1807 1837
f 1836 1810 1799
f 1798 1836 1799
f 1837 1772 1808
f 1839 1808 1811
f 1840 1810 1841
f 1840 1812 1810
f 1811 1813 1842
f 1813 1840 1842
f 1813 1812 1840
f 1814 1775 1740
f 1818 1843 1828
f 1844 1843 1830
f 1843 1818 1830
f 1801 1820 1830
f 1830 1820 1845
f 1845 1820 1831
f 1822 1824 1833
f 1824 1846 1833
f 1824 1823 1847
f 1846 1824 1847
f 1834 1821 1832
f 1838 1827 1807
f 1836 1841 1810
f 1808 1839 1837
f 1848 1840 1841
f 1840 1848 1842
f 1811 1842 1839
f 1814 1740 1849
f 1740 1789 1850
f 1814 1849 1815
f 1850 1849 1740
f 1817 1850 1789
f 1817 1828 1851
f 1851 1828 1843
f 1830 1845 1844
f 1845 1852 1844
f 1833 1853 1845
f 1831 1833 1845
f 1853 1833 1846
f 1823 1805 1854
f 1847 1823 1854
f 1805 1795 1855
f 1856 1825 1783
f 1783 1784 1835
f 1826 1834 1857
f 1858 1857 1834
f 1857 1859 1826
f 1836 1826 1859
f 1838 1860 1827
f 1859 1841 1836
f 1861 1841 1859
f 1838 1839 1862
f 1837 1839 1838
f 1838 1862 1860
f 1861 1848 1841
f 1842 1848 1861
f 1863 1842 1861
f 1839 1842 1863
f 1815 1849 1864
f 1850 1865 1849
f 1850 1817 1851
f 1816 1815 1866
f 1851 1843 1867
f 1843 1844 1867
f 1867 1844 1868
f 1868 1844 1852
f 1819 1829 1869
f 1870 1829 1816
f 1870 1869 1829
f 1845 1853 1868
f 1845 1868 1852
f 1853 1871 1868
f 1819 1869 1832
f 1853 1872 1871
f 1853 1846 1872
f 1846 1847 1872
f 1834 1832 1873
f 1873 1832 1874
f 1795 1806 1855
f 1805 1855 1875
f 1854 1805 1875
f 1858 1834 1873
f 1876 1806 1825
f 1806 1876 1855
f 1876 1825 1856
f 1783 1835 1877
f 1783 1877 1856
f 1877 1835 1827
f 1878 1859 1857
f 1878 1861 1859
f 1827 1860 1879
f 1860 1880 1879
f 1881 1861 1878
f 1881 1862 1839
f 1881 1863 1861
f 1839 1863 1881
f 1865 1850 1882
f 1882 1850 1851
f 1865 1864 1849
f 1851 1867 1883
f 1864 1866 1815
f 1851 1883 1882
f 1816 1866 1870
f 1883 1867 1884
f 1868 1884 1867
f 1871 1885 1884
f 1884 1868 1871
f 1871 1872 1886
f 1871 1886 1885
f 1874 1832 1869
f 1886 1847 1887
f 1872 1847 1886
f 1887 1847 1854
f 1854 1875 1888
f 1889 1855 1876
f 1875 1855 1889
f 1890 1875 1889
f 1856 1891 1876
f 1858 1892 1857
f 1856 1877 1891
f 1827 1893 1877
f 1857 1892 1878
f 1894 1878 1892
f 1827 1879 1893
f 1879 1895 1893
f 1894 1881 1878
f 1862 1881 1894
f 1896 1862 1894
f 1860 1896 1880
f 1860 1862 1896
f 1883 1897 1882
f 1884 1897 1883
f 1897 1884 1898
f 1884 1885 1898
f 1899 1869 1870
f 1885 1900 1898
f 1874 1869 1899
f 1886 1887 1885
f 1885 1887 1900
f 1887 1901 1900
f 1874 1899 1873
f 1887 1854 1901
f 1890 1902 1875
f 1875 1902 1888
f 1854 1888 1901
f 1903 1889 1876
f 1903 1904 1889
f 1889 1904 1890
f 1873 1905 1858
f 1876 1891 1903
f 1891 1906 1903
f 1892 1858 1905
f 1892 1905 1907
f 1877 1893 1906
f 1906 1891 1877
f 1907 1894 1892
f 1908 1894 1907
f 1880 1894 1908
f 1880 1895 1879
f 1908 1895 1880
f 1880 1896 1894
f 1866 1864 1909
f 1882 1910 1865
f 1897 1910 1882
f 1870 1866 1911
f 1909 1911 1866
f 1865 1909 1864
f 1910 1909 1865
f 1910 1897 1912
f 1897 1898 1912
f 1898 1900 1912
f 1899 1870 1913
f 1913 1870 1911
f 1900 1914 1912
f 1900 1901 1914
f 1873 1899 1913
f 1915 1914 1902
f 1914 1901 1902
f 1913 1905 1873
f 1904 1902 1890
f 1916 1902 1904
f 1901 1888 1902
f 1917 1904 1903
f 1917 1916 1904
f 1918 1919 1906
f 1919 1917 1906
f 1903 1906 1917
f 1920 1907 1905
f 1921 1907 1920
f 1921 1918 1893
f 1906 1893 1918
f 1921 1908 1907
f 1895 1908 1921
f 1893 1895 1921
f 1922 1911 1909
f 1910 1922 1909
f 1923 1922 1910
f 1910 1912 1923
f 1922 1924 1911
f 1925 1924 1922
f 1923 1925 1922
f 1926 1925 1923
f 1912 1926 1923
f 1914 1926 1912
f 1913 1911 1924
f 1924 1927 1913
f 1928 1927 1924
f 1916 1928 1924
f 1925 1916 1924
f 1926 1916 1925
f 1926 1914 1915
f 1916 1917 1928
f 1926 1902 1916
f 1915 1902 1926
f 1913 1920 1905
f 1927 1920 1913
f 1928 1918 1927
f 1917 1919 1928
f 1927 1921 1920
f 1928 1919 1918
f 1918 1921 1927

