# https://github.com/mikedh/trimesh
v -3607.66450000 -2587.19485000 2502.76500000
v -3608.87450000 -2582.99485000 2530.63500000
v -3603.27450000 -2534.57485000 2552.75500000
v -3607.97450000 -2648.34485000 2505.51500000
v -3609.02450000 -2632.08485000 2496.09500000
v -3606.23450000 -2711.30485000 2446.45500000
v -3603.19450000 -2739.07485000 2470.72500000
v -3601.91450000 -2824.63485000 2411.61500000
v -3600.20450000 -2800.94485000 2389.44500000
v -3594.75450000 -2365.69485000 2604.90500000
v -3584.47450000 -2293.25485000 2653.00500000
v -3585.87450000 -2279.98485000 2638.91500000
v -3588.74450000 -2391.60485000 2625.18500000
v -3581.82450000 -2299.61485000 2605.52500000
v -3587.25450000 -2506.07485000 2595.17500000
v -3595.10450000 -2460.59485000 2583.31500000
v -3598.58450000 -2584.03485000 2549.49500000
v -3576.82450000 -2599.14485000 2575.12500000
v -3584.37450000 -2405.10485000 2549.35500000
v -3596.17450000 -2481.58485000 2548.80500000
v -3588.97450000 -2676.79485000 2523.38500000
v -3590.83450000 -2764.41485000 2483.29500000
v -3572.79450000 -2746.76485000 2513.51500000
v -3580.00450000 -2531.60485000 2479.88500000
v -3587.20450000 -2841.77485000 2437.90500000
v -3535.67450000 -2856.15485000 2486.85500000
v -3585.00450000 -2645.71485000 2432.50500000
v -3583.92450000 -2936.13485000 2381.28500000
v -3593.19450000 -2928.58485000 2352.00500000
v -3572.75450000 -2737.93485000 2367.42500000
v -3585.62450000 -2843.21485000 2342.30500000
v -3593.99450000 -2869.07485000 2362.13500000
v -3584.55450000 -2999.03485000 2330.84500000
v -3587.50450000 -2914.88485000 2328.31500000
v -3580.11450000 -2998.43485000 2293.70500000
v -3576.05450000 -3065.76485000 2296.17500000
v -3572.50450000 -3096.92485000 2253.89500000
v -3568.00450000 -2224.58485000 2690.41500000
v -3566.16450000 -2313.34485000 2675.83500000
v -3553.81450000 -2227.53485000 2708.42500000
v -3557.00450000 -2129.66485000 2705.59500000
v -3572.73450000 -2214.76485000 2669.71500000
v -3566.90450000 -2179.63485000 2664.65500000
v -3569.42450000 -2436.43485000 2637.52500000
v -3544.71450000 -2392.49485000 2676.23500000
v -3568.42450000 -2221.57485000 2628.14500000
v -3574.90450000 -2239.36485000 2641.83500000
v -3530.86450000 -2535.06485000 2637.99500000
v -3523.74450000 -2709.30485000 2569.52500000
v -3550.65450000 -2291.38485000 2552.03500000
v -3533.44450000 -2413.95485000 2462.06500000
v -3511.32450000 -2810.04485000 2532.06500000
v -3527.54450000 -2566.15485000 2379.06500000
v -3549.52450000 -2955.02485000 2414.14500000
v -3561.52450000 -3045.81485000 2339.00500000
v -3551.74450000 -2812.14485000 2301.00500000
v -3558.55450000 -3119.85485000 2295.68500000
v -3564.39450000 -2904.83485000 2290.86500000
v -3567.14450000 -3142.52485000 2259.44500000
v -3568.24450000 -3172.04485000 2222.49500000
v -3538.33450000 -2970.66485000 2228.94500000
v -3547.14450000 -3072.73485000 2207.84500000
v -3561.32450000 -3213.75485000 2218.90500000
v -3547.76450000 -3194.45485000 2260.55500000
v -3558.65450000 -3179.72485000 2188.77500000
v -3560.60450000 -3227.45485000 2189.37500000
v -3551.27450000 -3306.38485000 2160.01500000
v -3552.11450000 -3261.28485000 2153.44500000
v -3522.22450000 -2083.74485000 2764.87500000
v -3544.78450000 -2154.54485000 2725.15500000
v -3505.30450000 -2256.41485000 2741.10500000
v -3534.39450000 -2042.18485000 2744.88500000
v -3543.75450000 -2061.07485000 2714.66500000
v -3532.38450000 -2017.09485000 2709.72500000
v -3550.86450000 -2124.64485000 2671.62500000
v -3525.12450000 -2058.50485000 2663.24500000
v -3483.98450000 -2420.18485000 2715.33500000
v -3528.16450000 -2155.84485000 2603.64500000
v -3488.52450000 -2289.39485000 2454.94500000
v -3509.24450000 -3053.86485000 2394.44500000
v -3488.24450000 -3173.11485000 2337.05500000
v -3512.85450000 -2709.03485000 2288.66500000
v -3496.85450000 -3273.58485000 2266.45500000
v -3489.77450000 -2837.54485000 2204.69500000
v -3537.59450000 -3276.47485000 2212.57500000
v -3534.73450000 -3347.98485000 2170.72500000
v -3521.60450000 -3136.04485000 2142.05500000
v -3526.98450000 -3243.27485000 2108.17500000
v -3535.81450000 -3390.13485000 2128.81500000
v -3542.80450000 -3323.30485000 2113.97500000
v -3541.14450000 -3372.69485000 2115.83500000
v -3528.40450000 -3421.96485000 2096.42500000
v -3522.16450000 -3332.16485000 2069.18500000
v -3523.01450000 -3398.61485000 2074.03500000
v -3499.99450000 -1930.89485000 2801.54500000
v -3513.13450000 -1981.95485000 2777.39500000
v -3475.49450000 -1990.82485000 2815.26500000
v -3519.58450000 -1967.60485000 2758.79500000
v -3502.01450000 -1914.91485000 2783.26500000
v -3511.90450000 -1941.93485000 2745.25500000
v -3460.52450000 -2133.37485000 2802.69500000
v -3527.75450000 -2005.90485000 2734.15500000
v -3508.90450000 -1988.01485000 2691.25500000
v -3473.67450000 -2023.53485000 2604.07500000
v -3483.48450000 -2173.28485000 2518.64500000
v -3444.08450000 -3015.06485000 2476.01500000
v -3408.34450000 -2850.37485000 2592.96500000
v -3510.95450000 -3334.81485000 2209.06500000
v -3467.88450000 -2990.79485000 2115.34500000
v -3496.92450000 -3397.56485000 2173.90500000
v -3464.74450000 -3145.92485000 2048.22500000
v -3455.82450000 -3463.86485000 2157.86500000
v -3487.81450000 -3464.76485000 2105.61500000
v -3503.16450000 -3455.66485000 2070.84500000
v -3499.72450000 -3450.86485000 2048.23500000
v -3499.92450000 -3369.18485000 2032.47500000
v -3497.37450000 -3424.26485000 2038.00500000
v -3492.68450000 -1904.85485000 2804.48500000
v -3476.92450000 -1891.20485000 2821.74500000
v -3480.56450000 -1860.54485000 2801.82500000
v -3494.27450000 -1893.09485000 2768.06500000
v -3387.19450000 -2378.87485000 2797.80500000
v -3480.92450000 -1916.51485000 2707.82500000
v -3419.53450000 -2555.63485000 2718.47500000
v -3414.02450000 -2683.11485000 2667.57500000
v -3432.46450000 -2667.27485000 2187.25500000
v -3436.64450000 -3362.31485000 2260.82500000
v -3434.13450000 -2865.57485000 2111.62500000
v -3416.39450000 -3524.76485000 2124.72500000
v -3463.00450000 -3506.36485000 2058.67500000
v -3478.72450000 -3482.56485000 2046.18500000
v -3477.88450000 -3273.27485000 2023.57500000
v -3456.71450000 -3329.10485000 1984.30500000
v -3478.26450000 -3462.26485000 2030.12500000
v -3468.15450000 -3401.36485000 2006.02500000
v -3466.92450000 -1848.24485000 2826.96500000
v -3444.60450000 -1829.24485000 2850.91800000
v -3439.99450000 -1886.98485000 2853.46600000
v -3457.26450000 -1814.86485000 2820.10500000
v -3469.75450000 -1832.89485000 2788.03500000
v -3388.16450000 -2064.80485000 2867.01500000
v -3478.59450000 -1868.59485000 2763.36500000
v -3452.14450000 -1837.64485000 2739.49500000
v -3427.65450000 -2208.24485000 2407.39500000
v -3406.32450000 -3161.16485000 2422.76500000
v -3459.02450000 -2386.29485000 2362.32500000
v -3362.92450000 -2394.91485000 2206.43500000
v -3439.05450000 -2537.77485000 2257.52500000
v -3409.56450000 -3307.17485000 2324.79500000
v -3386.80450000 -3446.36485000 2239.43500000
v -3394.50450000 -2742.90485000 2098.22500000
v -3424.20450000 -3538.46485000 2076.23500000
v -3435.94450000 -3513.56485000 2028.06500000
v -3426.12450000 -3444.96485000 1988.07500000
v -3428.06450000 -1772.60485000 2849.96400000
v -3432.77450000 -1769.95485000 2818.18500000
v -3363.73450000 -2230.15485000 2848.70500000
v -3447.74450000 -1803.84485000 2791.12500000
v -3390.90450000 -1744.41485000 2768.62500000
v -3378.76450000 -2489.47485000 2770.70500000
v -3404.98450000 -1813.13485000 2680.12500000
v -3430.40450000 -1891.35485000 2644.15500000
v -3415.44450000 -2087.31485000 2464.57500000
v -3301.01450000 -3160.43485000 2511.19500000
v -3350.18450000 -2544.18485000 2111.88500000
v -3350.43450000 -3515.06485000 2207.15500000
v -3368.00450000 -3027.95485000 1943.80500000
v -3413.40450000 -3174.89485000 1959.09500000
v -3427.90450000 -3256.98485000 1958.16500000
v -3412.91450000 -3345.62485000 1946.02500000
v -3405.70450000 -3276.88485000 1930.03500000
v -3403.06450000 -1764.38485000 2882.94000000
v -3379.05450000 -1824.46485000 2901.26800000
v -3403.58450000 -1741.62485000 2875.02700000
v -3399.99450000 -1943.56485000 2874.44800000
v -3394.71450000 -1720.52485000 2872.41400000
v -3410.03450000 -1738.87485000 2842.84500000
v -3395.07450000 -1721.60485000 2831.88500000
v -3327.33450000 -2596.83485000 2770.51500000
v -3338.95450000 -2659.23485000 2736.67500000
v -3387.77450000 -1943.63485000 2523.85500000
v -3378.22450000 -2275.66485000 2291.60500000
v -3375.11450000 -2637.95485000 2109.91500000
v -3363.83450000 -3581.76485000 2099.45500000
v -3407.18450000 -3552.26485000 2044.51500000
v -3381.25450000 -3564.16485000 2024.76500000
v -3391.93450000 -3392.09485000 1942.36500000
v -3376.46450000 -1718.09485000 2898.38900000
v -3382.56450000 -1702.28485000 2863.25700000
v -3355.93450000 -1776.29485000 2640.98500000
v -3375.29450000 -1848.34485000 2591.16500000
v -3295.74450000 -3020.49485000 2591.12500000
v -3350.11450000 -2013.78485000 2409.12500000
v -3378.04450000 -3271.29485000 2377.23500000
v -3345.70450000 -2127.64485000 2324.91500000
v -3308.94450000 -3384.65485000 2357.10500000
v -3315.53450000 -3569.76485000 2174.31500000
v -3364.37450000 -3589.66485000 2064.72500000
v -3381.56450000 -2859.65485000 2034.23500000
v -3369.28450000 -3529.16485000 1997.35500000
v -3378.46450000 -3448.06485000 1960.48500000
v -3360.08450000 -3126.83485000 1892.79500000
v -3360.38450000 -3191.26485000 1882.36500000
v -3363.55450000 -3266.57485000 1888.92500000
v -3360.46450000 -1739.52485000 2916.21800000
v -3290.14450000 -1933.39485000 2946.04700000
v -3359.94450000 -1681.69485000 2894.04100000
v -3342.41450000 -1657.98485000 2863.31700000
v -3290.55450000 -2780.25485000 2715.26500000
v -3343.89450000 -1866.83485000 2515.42500000
v -3306.40450000 -3628.96485000 2084.80500000
v -3341.42450000 -3602.46485000 2042.13500000
v -3358.23450000 -3333.30485000 1902.73500000
v -3361.02450000 -3406.75485000 1932.38500000
v -3314.21450000 -3112.74485000 1827.48500000
v -3330.75450000 -1675.51485000 2932.00600000
v -3323.37450000 -1637.63485000 2925.92000000
v -3323.34450000 -1631.91485000 2909.89000000
v -3281.32450000 -2141.83485000 2919.33300000
v -3293.79450000 -2517.46485000 2818.17500000
v -3284.76450000 -1630.40485000 2787.63500000
v -3292.31450000 -1704.99485000 2654.33500000
v -3323.20450000 -1821.07485000 2528.63500000
v -3297.74450000 -1898.33485000 2413.00500000
v -3278.68450000 -3286.37485000 2450.49500000
v -3217.98450000 -3565.26485000 2273.50500000
v -3272.84450000 -3618.66485000 2144.55500000
v -3340.63450000 -2633.67485000 2057.26500000
v -3315.59450000 -3604.76485000 2023.46500000
v -3315.76450000 -2734.64485000 1981.84500000
v -3316.72450000 -2879.11485000 1924.46500000
v -3335.39450000 -3486.26485000 1959.39500000
v -3318.72450000 -3411.47485000 1918.76500000
v -3333.74450000 -3274.52485000 1868.14500000
v -3302.97450000 -1626.35485000 2948.73200000
v -3294.13450000 -1599.00485000 2939.80900000
v -3258.19450000 -2265.70485000 2909.85700000
v -3302.54450000 -1604.37485000 2910.42500000
v -3273.91450000 -1579.29485000 2890.87000000
v -3226.60450000 -2424.50485000 2886.13400000
v -3275.73450000 -1755.55485000 2536.87500000
v -3295.56450000 -2020.74485000 2313.36500000
v -3254.68450000 -3493.96485000 2310.62500000
v -3297.81450000 -2250.42485000 2176.92500000
v -3305.02450000 -3630.16485000 2062.14500000
v -3300.24450000 -3052.96485000 1823.98500000
v -3305.90450000 -3304.46485000 1866.60500000
v -3303.75450000 -3207.04485000 1828.30500000
v -3292.04450000 -1748.18485000 2959.83200000
v -3280.55450000 -1642.95485000 2970.45000000
v -3222.08450000 -2953.84485000 2677.70500000
v -3269.49450000 -1802.61485000 2462.90500000
v -3245.20450000 -2088.93485000 2182.36500000
v -3253.98450000 -2402.86485000 2023.52500000
v -3236.24450000 -3669.16485000 2070.49500000
v -3267.46450000 -3646.76485000 2046.64500000
v -3287.63450000 -2587.38485000 1995.44500000
v -3288.36450000 -3567.46485000 1988.30500000
v -3290.80450000 -3474.56485000 1940.88500000
v -3260.08450000 -2941.21485000 1805.05500000
v -3270.67450000 -2809.15485000 1881.41500000
v -3279.45450000 -3069.29485000 1785.68500000
v -3263.77450000 -3094.98485000 1766.75500000
v -3275.90450000 -3234.96485000 1819.79500000
v -3277.45450000 -1595.59485000 2963.80600000
v -3244.94450000 -1580.96485000 2992.55800000
v -3272.45450000 -1574.76485000 2957.14600000
v -3190.28450000 -2089.28485000 2981.94800000
v -3268.14450000 -1566.17485000 2942.44700000
v -3239.44450000 -2653.68485000 2803.50500000
v -3216.30450000 -1633.07485000 2652.23500000
v -3186.32450000 -1671.99485000 2521.84500000
v -3204.35450000 -1747.82485000 2417.41500000
v -3240.20450000 -1957.11485000 2267.04500000
v -3214.25450000 -3604.76485000 2222.43500000
v -3216.89450000 -3663.36485000 2118.30500000
v -3227.65450000 -3643.26485000 2018.56500000
v -3245.17450000 -2683.66485000 1891.54500000
v -3258.24450000 -3375.65485000 1884.69500000
v -3244.36450000 -3017.88485000 1748.85500000
v -3258.51450000 -3184.46485000 1787.32500000
v -3240.25450000 -3138.29485000 1758.66500000
v -3256.48450000 -1562.94485000 2970.65900000
v -3224.45450000 -1533.41485000 3000.51400000
v -3233.26450000 -1527.23485000 2975.17000000
v -3216.31450000 -1504.63485000 2950.60200000
v -3189.57450000 -1517.43485000 2849.34500000
v -3176.98450000 -3077.94485000 2647.20500000
v -3197.04450000 -3260.67485000 2532.94500000
v -3148.53450000 -3369.63485000 2498.84500000
v -3233.62450000 -1812.70485000 2387.29500000
v -3197.94450000 -1856.66485000 2277.98500000
v -3211.97450000 -2213.85485000 2052.64500000
v -3216.11450000 -3676.86485000 2053.85500000
v -3239.98450000 -3480.26485000 1932.94500000
v -3211.77450000 -2544.02485000 1894.15500000
v -3201.30450000 -2780.04485000 1782.88500000
v -3246.25450000 -3268.06485000 1825.48500000
v -3238.63450000 -3210.61485000 1792.04500000
v -3196.07450000 -3068.18485000 1697.03500000
v -3210.56450000 -1503.78485000 3002.21500000
v -3188.71450000 -1491.72485000 3025.62000000
v -3182.46450000 -1523.33485000 3034.81600000
v -3183.53450000 -1660.17485000 3029.56100000
v -3197.54450000 -1823.57485000 3010.32700000
v -3144.32450000 -1966.76485000 3024.98400000
v -3190.91450000 -1474.03485000 3001.76600000
v -3134.44450000 -2271.95485000 2975.85100000
v -3223.67450000 -2551.21485000 2850.14600000
v -3180.28450000 -3169.19485000 2595.63500000
v -3161.58450000 -3467.26485000 2414.30500000
v -3193.35450000 -3679.76485000 2040.25500000
v -3191.37450000 -3569.36485000 1969.96500000
v -3175.18450000 -3375.90485000 1874.71500000
v -3189.28450000 -2637.75485000 1822.72500000
v -3188.76450000 -3282.04485000 1822.10500000
v -3211.75450000 -3166.01485000 1758.24500000
v -3210.36450000 -2965.65485000 1710.02500000
v -3184.70450000 -2995.66485000 1672.22500000
v -3191.32450000 -1482.54485000 3016.37000000
v -3161.12450000 -1437.98485000 2997.35500000
v -3122.04450000 -1418.85485000 2948.98100000
v -3120.48450000 -2620.34485000 2887.04700000
v -3156.66450000 -1550.35485000 2715.45500000
v -3124.32450000 -1580.47485000 2593.81500000
v -3190.19450000 -1792.24485000 2331.25500000
v -3109.11450000 -3548.96485000 2377.35500000
v -3166.97450000 -1956.71485000 2143.69500000
v -3168.31450000 -3646.16485000 2198.05500000
v -3135.93450000 -3684.26485000 2158.38500000
v -3144.71450000 -3701.56485000 2098.89500000
v -3170.80450000 -2076.11485000 2067.94500000
v -3129.96450000 -3695.26485000 2016.03500000
v -3177.40450000 -2301.51485000 1951.18500000
v -3179.55450000 -2423.82485000 1896.16500000
v -3168.54450000 -3474.66485000 1924.55500000
v -3184.17450000 -3202.18485000 1773.69500000
v -3179.83450000 -3107.99485000 1709.77500000
v -3191.89450000 -2900.34485000 1715.57500000
v -3158.33450000 -3024.54485000 1647.64500000
v -3158.19450000 -1451.18485000 3038.82100000
v -3076.96450000 -2117.62485000 3038.98500000
v -3106.61450000 -2869.39485000 2791.20500000
v -3120.21450000 -1692.76485000 2355.86500000
v -3145.78450000 -1751.71485000 2303.87500000
v -3147.87450000 -1798.98485000 2248.82500000
v -3098.55450000 -3616.06485000 2298.34500000
v -3172.76450000 -3694.06485000 2060.37500000
v -3157.44450000 -2168.97485000 1993.91500000
v -3154.42450000 -3649.36485000 1997.89500000
v -3140.06450000 -3508.46485000 1938.36500000
v -3163.23450000 -2539.16485000 1825.26500000
v -3151.56450000 -3132.95485000 1718.01500000
v -3152.12450000 -2804.23485000 1701.36500000
v -3146.84450000 -3049.87485000 1654.50500000
v -3130.32450000 -2986.45485000 1613.12500000
v -3121.19450000 -1443.48485000 3069.89500000
v -3114.72450000 -1558.31485000 3074.64100000
v -3082.35450000 -1671.06485000 3087.53800000
v -3137.74450000 -1434.61485000 3054.48100000
v -3126.70450000 -1419.26485000 3056.38800000
v -3139.13450000 -1420.72485000 3032.56100000
v -3084.11450000 -1421.80485000 2861.93900000
v -3085.59450000 -1460.43485000 2780.80500000
v -3112.20450000 -3265.67485000 2590.27500000
v -3130.04450000 -1839.81485000 2179.63500000
v -3124.53450000 -3711.56485000 2038.29500000
v -3103.25450000 -3545.56485000 1947.28500000
v -3120.81450000 -3614.26485000 1974.00500000
v -3136.90450000 -2225.48485000 1937.63500000
v -3141.35450000 -2332.92485000 1890.64500000
v -3076.05450000 -3428.96485000 1896.96500000
v -3140.61450000 -2436.85485000 1839.93500000
v -3103.13450000 -3274.02485000 1817.93500000
v -3151.42450000 -2668.35485000 1759.46500000
v -3121.37450000 -3146.93485000 1725.10500000
v -3148.49450000 -2889.06485000 1659.88500000
v -3128.37450000 -3012.19485000 1620.22500000
v -3132.05450000 -2935.54485000 1623.41500000
v -3092.27450000 -1811.56485000 3069.29600000
v -3107.37450000 -1392.36485000 3059.75500000
v -3023.47450000 -2487.96485000 2982.34300000
v -3022.98450000 -1353.74485000 2909.62500000
v -3053.60450000 -1592.60485000 2437.13500000
v -3083.11450000 -3459.26485000 2485.41500000
v -3070.31450000 -3510.26485000 2447.74500000
v -3087.39450000 -1718.37485000 2246.61500000
v -3103.63450000 -1765.20485000 2213.95500000
v -3043.03450000 -3674.46485000 2247.22500000
v -3096.24450000 -1878.78485000 2099.04500000
v -3055.69450000 -3712.26485000 2155.27500000
v -3121.79450000 -1979.22485000 2062.48500000
v -3100.99450000 -3724.06485000 2061.57500000
v -3127.84450000 -2064.32485000 2017.34500000
v -3063.52450000 -3674.56485000 1978.88500000
v -3127.07450000 -2134.87485000 1976.94500000
v -3116.14450000 -2154.70485000 1956.37500000
v -3110.87450000 -2207.60485000 1928.48500000
v -3122.61450000 -2266.78485000 1906.99500000
v -3112.89450000 -2312.63485000 1879.37500000
v -3120.21450000 -2375.32485000 1851.89500000
v -3115.18450000 -2444.10485000 1811.02500000
v -3126.25450000 -2538.21485000 1783.72500000
v -3093.51450000 -3189.58485000 1761.75500000
v -3112.51450000 -2628.40485000 1736.55500000
v -3119.73450000 -2718.75485000 1706.31500000
v -3118.76450000 -3071.30485000 1660.12500000
v -3120.12450000 -2803.29485000 1670.41500000
v -3113.45450000 -2866.10485000 1637.31500000
v -3105.54450000 -2901.29485000 1613.39500000
v -3110.53450000 -2994.31485000 1602.29500000
v -3106.04450000 -2932.49485000 1605.27500000
v -3087.71450000 -1386.59485000 3080.34000000
v -2993.19450000 -1594.70485000 3137.64400000
v -3079.16450000 -1364.83485000 3075.81000000
v -3095.77450000 -1378.59485000 3035.80400000
v -3040.48450000 -1338.44485000 2994.81100000
v -3029.54450000 -1481.11485000 2632.77500000
v -3015.86450000 -3338.11485000 2614.11500000
v -3082.44450000 -1926.35485000 2055.80500000
v -3060.24450000 -3740.16485000 2039.20500000
v -3095.59450000 -2000.15485000 2026.08500000
v -3057.34450000 -3735.16485000 2021.27500000
v -3101.69450000 -2085.52485000 1987.69500000
v -3089.89450000 -2156.20485000 1951.29500000
v -3090.87450000 -2216.57485000 1921.50500000
v -3100.78450000 -2260.09485000 1902.53500000
v -3067.35450000 -3328.33485000 1848.74500000
v -3097.20450000 -2356.13485000 1852.77500000
v -3099.84450000 -2405.36485000 1826.47500000
v -3095.17450000 -2443.74485000 1803.67500000
v -3095.11450000 -2496.06485000 1781.46500000
v -3098.59450000 -2558.80485000 1756.70500000
v -3093.05450000 -2658.65485000 1713.75500000
v -3101.29450000 -3099.17485000 1681.93500000
v -3095.76450000 -2727.75485000 1688.63500000
v -3089.05450000 -2802.53485000 1656.38500000
v -3101.22450000 -3016.39485000 1616.08500000
v -3094.75450000 -2870.61485000 1623.52500000
v -3099.31450000 -2903.60485000 1610.66500000
v -3092.44450000 -2973.44485000 1602.55500000
v -3052.92450000 -1353.16485000 3099.17700000
v -3028.41450000 -1983.87485000 3084.08200000
v -2997.82450000 -2758.34485000 2905.94800000
v -3081.56450000 -3150.59485000 2669.98500000
v -3050.59450000 -1724.52485000 2180.14500000
v -3078.13450000 -1796.09485000 2146.68500000
v -3055.72450000 -3732.16485000 2096.57500000
v -3059.23450000 -1815.07485000 2107.69500000
v -3056.73450000 -1857.16485000 2082.83500000
v -3068.77450000 -1964.07485000 2033.61500000
v -3072.79450000 -2026.41485000 2008.65500000
v -3026.93450000 -3726.46485000 1995.89500000
v -3062.38450000 -3615.46485000 1957.88500000
v -3069.50450000 -2094.35485000 1980.99500000
v -3022.67450000 -3580.46485000 1937.28500000
v -3002.44450000 -3511.86485000 1914.14500000
v -3079.59450000 -2259.22485000 1901.82500000
v -3086.90450000 -2308.17485000 1878.86500000
v -3074.08450000 -2358.58485000 1852.31500000
v -3079.45450000 -2394.49485000 1832.78500000
v -3080.46450000 -2427.17485000 1814.49500000
v -3078.36450000 -2458.95485000 1798.23500000
v -3001.51450000 -3191.19485000 1771.84500000
v -3078.95450000 -2549.83485000 1753.30500000
v -3063.15450000 -2507.88485000 1778.56500000
v -3089.60450000 -2599.74485000 1737.77500000
v -3068.59450000 -2619.79485000 1727.71500000
v -3065.63450000 -3116.06485000 1699.30500000
v -3074.93450000 -2681.76485000 1704.14500000
v -3067.57450000 -2740.10485000 1682.36500000
v -3075.97450000 -2852.28485000 1632.12500000
v -3035.56450000 -3065.09485000 1661.29500000
v -3077.92450000 -2916.51485000 1610.54500000
v -3018.91450000 -1323.83485000 3116.82600000
v -3046.50450000 -1335.29485000 3083.21700000
v -3035.39450000 -1364.05485000 3112.52300000
v -3010.36450000 -1450.13485000 3128.28800000
v -3011.71450000 -1716.27485000 3120.11900000
v -3039.72450000 -1326.10485000 3047.78600000
v -2979.67450000 -2272.88485000 3060.27000000
v -2978.31450000 -1279.27485000 3040.38700000
v -3012.99450000 -1396.05485000 2792.74500000
v -2989.03450000 -3443.26485000 2558.98500000
v -2964.45450000 -1510.29485000 2447.29500000
v -3001.52450000 -3504.76485000 2500.76500000
v -3017.31450000 -1646.66485000 2263.69500000
v -3035.18450000 -1753.02485000 2138.33500000
v -2998.38450000 -3752.46485000 2073.80500000
v -3049.23450000 -1917.65485000 2055.08500000
v -2982.58450000 -3757.26485000 2029.33500000
v -3042.80450000 -2053.23485000 2003.33500000
v -3054.69450000 -2151.39485000 1959.88500000
v -3057.82450000 -2223.42485000 1927.24500000
v -3051.26450000 -2324.99485000 1878.47500000
v -2978.80450000 -3242.32485000 1804.29500000
v -3052.39450000 -2576.18485000 1749.84500000
v -3060.02450000 -2807.80485000 1656.25500000
v -3051.92450000 -2966.50485000 1600.27500000
v -3034.87450000 -3005.21485000 1619.17500000
v -3014.37450000 -1306.96485000 3103.27500000
v -2975.11450000 -1841.99485000 3126.54500000
v -3002.20450000 -1294.20485000 3078.48300000
v -2922.96450000 -2125.28485000 3115.35800000
v -3011.08450000 -2360.29485000 3022.71500000
v -2967.83450000 -2660.92485000 2958.45000000
v -2931.24450000 -2927.73485000 2872.92600000
v -2966.18450000 -3553.56485000 2475.88500000
v -2998.37450000 -3595.56485000 2400.82500000
v -2946.98450000 -3719.16485000 2217.50500000
v -2995.72450000 -1688.40485000 2175.47500000
v -3001.94450000 -1730.80485000 2136.57500000
v -2966.48450000 -3741.86485000 2136.99500000
v -3024.18450000 -1790.60485000 2110.42500000
v -3022.18450000 -1860.83485000 2081.20500000
v -3042.76450000 -1991.62485000 2028.67500000
v -3003.43450000 -3745.46485000 2008.14500000
v -3016.27450000 -2125.98485000 1988.07500000
v -2953.01450000 -3718.16485000 1958.82500000
v -2989.25450000 -3643.96485000 1946.67500000
v -2977.40450000 -3392.94485000 1874.07500000
v -2951.21450000 -3459.16485000 1890.47500000
v -2965.58450000 -3332.54485000 1847.43500000
v -3056.90450000 -2430.41485000 1821.58500000
v -3025.94450000 -2628.64485000 1738.66500000
v -2994.96450000 -3125.38485000 1719.96500000
v -3045.04450000 -2690.19485000 1709.77500000
v -3028.07450000 -2771.61485000 1687.14500000
v -3024.60450000 -2826.24485000 1666.99500000
v -3012.88450000 -2882.77485000 1650.29500000
v -3014.21450000 -2952.60485000 1619.31500000
v -3011.66450000 -2985.63485000 1616.18500000
v -2970.70450000 -1300.06485000 3141.29500000
v -2987.29450000 -1291.51485000 3121.23100000
v -2936.11450000 -1323.66485000 3162.62200000
v -2980.55450000 -1276.56485000 3102.97600000
v -2926.89450000 -1965.02485000 3136.38500000
v -2941.26450000 -3117.67485000 2776.02500000
v -2961.07450000 -3642.26485000 2358.26500000
v -2990.37450000 -1748.36485000 2125.98500000
v -2999.41450000 -1948.95485000 2061.05500000
v -2957.63450000 -2067.28485000 2040.94500000
v -3010.00450000 -2197.78485000 1960.70500000
v -2981.73450000 -2284.59485000 1933.90500000
v -2945.48450000 -3592.36485000 1920.68500000
v -2955.29450000 -2413.80485000 1883.46500000
v -3010.21450000 -2529.04485000 1795.66500000
v -2889.85450000 -1417.78485000 3187.78700000
v -2943.11450000 -1264.98485000 3144.57500000
v -2960.15450000 -1264.70485000 3121.45800000
v -2929.63450000 -1510.16485000 3168.49700000
v -2940.38450000 -1244.11485000 3116.97000000
v -2929.61450000 -1239.54485000 3092.46800000
v -2908.74450000 -2430.73485000 3058.01700000
v -2949.21450000 -1290.24485000 2948.66900000
v -2827.82450000 -2796.49485000 2983.08400000
v -2919.33450000 -1314.01485000 2827.42500000
v -2924.63450000 -1373.54485000 2692.55500000
v -2901.30450000 -3421.66485000 2631.73500000
v -2895.36450000 -1426.16485000 2513.77500000
v -2965.96450000 -1563.38485000 2340.10500000
v -2907.38450000 -3685.66485000 2315.61500000
v -2928.98450000 -1562.42485000 2279.63500000
v -2941.29450000 -1608.42485000 2228.87500000
v -2956.35450000 -1702.57485000 2155.33500000
v -2991.75450000 -1796.52485000 2109.50500000
v -2940.46450000 -1861.67485000 2114.41500000
v -2881.26450000 -3768.86485000 2074.06500000
v -2945.28450000 -3747.46485000 1988.88500000
v -2901.10450000 -3155.41485000 1753.93500000
v -2963.01450000 -2596.64485000 1792.04500000
v -2964.71450000 -2693.08485000 1757.39500000
v -2938.49450000 -2809.80485000 1730.86500000
v -2937.84450000 -3076.55485000 1687.05500000
v -2917.14450000 -2899.61485000 1696.80500000
v -2948.04450000 -2953.86485000 1650.65500000
v -2979.62450000 -3008.04485000 1631.04500000
v -2980.53450000 -3034.29485000 1649.84500000
v -2863.86450000 -1566.60485000 3197.55300000
v -2919.83450000 -1238.19485000 3141.74700000
v -2847.44450000 -2296.71485000 3118.16900000
v -2857.62450000 -3061.66485000 2854.20800000
v -2908.27450000 -3313.88485000 2689.74500000
v -2920.03450000 -3511.56485000 2547.05500000
v -2935.74450000 -1648.64485000 2189.34500000
v -2959.41450000 -1744.18485000 2136.71500000
v -2866.96450000 -3760.56485000 2131.86500000
v -2917.44450000 -1776.60485000 2146.91500000
v -2911.20450000 -2207.86485000 2006.71500000
v -2875.69450000 -3749.16485000 1953.94500000
v -2895.62450000 -3677.56485000 1926.06500000
v -2895.01450000 -3416.36485000 1871.66500000
v -2898.07450000 -2508.69485000 1872.42500000
v -2910.42450000 -3252.21485000 1810.18500000
v -2967.76450000 -2988.10485000 1636.12500000
v -2898.40450000 -1236.55485000 3165.40200000
v -2900.54450000 -1259.81485000 3171.73600000
v -2917.14450000 -1721.65485000 3164.58600000
v -2882.09450000 -1208.01485000 3138.38500000
v -2857.49450000 -1222.26485000 2991.80100000
v -2874.56450000 -2592.14485000 3028.43600000
v -2777.05450000 -2981.19485000 2932.78900000
v -2898.37450000 -3602.86485000 2456.17500000
v -2831.57450000 -3723.46485000 2267.55500000
v -2888.08450000 -1543.24485000 2262.85500000
v -2885.11450000 -1571.36485000 2230.74500000
v -2875.41450000 -3766.46485000 2018.19500000
v -2903.56450000 -3544.66485000 1900.91500000
v -2805.63450000 -2704.89485000 1861.27500000
v -2918.17450000 -2994.86485000 1654.14500000
v -2925.32450000 -3023.39485000 1659.23500000
v -2859.00450000 -1889.18485000 3176.91000000
v -2877.94450000 -1215.65485000 3164.83300000
v -2828.54450000 -3283.16485000 2756.16500000
v -2861.43450000 -3486.16485000 2605.84500000
v -2847.71450000 -3547.76485000 2553.35500000
v -2870.89450000 -1483.51485000 2352.64500000
v -2877.63450000 -3740.96485000 2191.43500000
v -2889.45450000 -1613.67485000 2204.59500000
v -2912.53450000 -1656.04485000 2183.50500000
v -2892.60450000 -1701.53485000 2177.85500000
v -2789.05450000 -1779.16485000 2204.91500000
v -2852.52450000 -1958.59485000 2127.11500000
v -2873.56450000 -3730.16485000 1938.66500000
v -2852.44450000 -2331.36485000 1981.69500000
v -2813.97450000 -2426.61485000 1959.67500000
v -2872.58450000 -3323.62485000 1841.80500000
v -2859.13450000 -2590.38485000 1864.89500000
v -2886.73450000 -2951.55485000 1682.26500000
v -2881.40450000 -2986.44485000 1667.90500000
v -2852.74450000 -1217.07485000 3187.29000000
v -2843.79450000 -2022.67485000 3167.91500000
v -2835.04450000 -1187.30485000 3177.38600000
v -2823.31450000 -1170.45485000 3161.86500000
v -2816.08450000 -1174.55485000 3109.15200000
v -2831.04450000 -1252.53485000 2845.66500000
v -2788.48450000 -3202.48485000 2822.95500000
v -2812.61450000 -1290.46485000 2709.40500000
v -2783.05450000 -3447.06485000 2677.59500000
v -2806.68450000 -1341.32485000 2564.42500000
v -2773.32450000 -1368.00485000 2442.03500000
v -2820.70450000 -3642.66485000 2438.47500000
v -2864.69450000 -1576.33485000 2223.10500000
v -2877.50450000 -1640.11485000 2198.76500000
v -2784.01450000 -3772.96485000 2063.40500000
v -2855.10450000 -3760.16485000 1976.56500000
v -2875.18450000 -3623.36485000 1908.13500000
v -2829.78450000 -3591.26485000 1897.35500000
v -2876.91450000 -3503.86485000 1889.74500000
v -2821.85450000 -2807.83485000 1811.60500000
v -2858.78450000 -2860.59485000 1757.52500000
v -2848.34450000 -3070.86485000 1705.20500000
v -2861.44450000 -3020.26485000 1676.93500000
v -2830.42450000 -1268.62485000 3207.73600000
v -2756.54450000 -1198.09485000 2886.36100000
v -2745.73450000 -3109.34485000 2893.25900000
v -2764.89450000 -3591.06485000 2546.46500000
v -2764.45450000 -3682.26485000 2385.90500000
v -2827.65450000 -1494.68485000 2282.43500000
v -2833.90450000 -1540.13485000 2245.26500000
v -2854.46450000 -1595.96485000 2217.73500000
v -2843.70450000 -1568.15485000 2230.36500000
v -2816.69450000 -2116.64485000 2090.40500000
v -2816.50450000 -3761.16485000 1958.29500000
v -2836.26450000 -3717.76485000 1919.97500000
v -2830.96450000 -3670.66485000 1908.47500000
v -2802.31450000 -2937.32485000 1733.52500000
v -2831.83450000 -2977.76485000 1691.62500000
v -2793.00450000 -1184.61485000 3209.39300000
v -2793.11450000 -1416.00485000 3229.22600000
v -2793.47450000 -1764.01485000 3216.30500000
v -2804.67450000 -1161.93485000 3182.31400000
v -2768.84450000 -2166.30485000 3179.48000000
v -2732.82450000 -2502.41485000 3124.11000000
v -2738.90450000 -1160.89485000 2996.31200000
v -2691.06450000 -3211.33485000 2874.70000000
v -2745.66450000 -3381.91485000 2741.98500000
v -2764.73450000 -3746.16485000 2223.66500000
v -2805.82450000 -1634.18485000 2228.36500000
v -2710.21450000 -1917.33485000 2208.00500000
v -2736.49450000 -2258.84485000 2075.23500000
v -2814.48450000 -3740.76485000 1934.20500000
v -2827.27450000 -3495.86485000 1887.69500000
v -2828.57450000 -3394.78485000 1867.93500000
v -2817.45450000 -3311.00485000 1843.53500000
v -2832.98450000 -3234.09485000 1808.31500000
v -2812.92450000 -3002.96485000 1689.82500000
v -2778.56450000 -1153.52485000 3198.96800000
v -2767.36450000 -1142.70485000 3179.18400000
v -2773.31450000 -3513.66485000 2628.68500000
v -2758.12450000 -1412.34485000 2338.76500000
v -2787.00450000 -1487.69485000 2273.56500000
v -2789.52450000 -1520.85485000 2258.94500000
v -2816.07450000 -1565.84485000 2240.28500000
v -2790.06450000 -3766.36485000 1997.16500000
v -2800.73450000 -2500.58485000 1936.60500000
v -2791.64450000 -3707.26485000 1914.70500000
v -2763.56450000 -2867.62485000 1816.14500000
v -2800.64450000 -3139.27485000 1762.21500000
v -2783.98450000 -2983.01485000 1708.76500000
v -2792.02450000 -3026.27485000 1699.76500000
v -2744.09450000 -1586.83485000 3247.19000000
v -2735.18450000 -1144.89485000 3227.97200000
v -2723.95450000 -1964.15485000 3226.42400000
v -2690.36450000 -2361.54485000 3176.04700000
v -2720.37450000 -1132.22485000 3101.75000000
v -2746.42450000 -2662.38485000 3070.33400000
v -2685.84450000 -1172.64485000 2853.54000000
v -2731.29450000 -3318.76485000 2789.79500000
v -2736.12450000 -3551.16485000 2610.23500000
v -2737.17450000 -1315.22485000 2508.05500000
v -2691.36450000 -3647.66485000 2488.47500000
v -2779.60450000 -1459.28485000 2296.40500000
v -2736.71450000 -2034.00485000 2158.49500000
v -2785.11450000 -3754.26485000 1951.53500000
v -2692.75450000 -2555.28485000 1986.78500000
v -2773.85450000 -3451.86485000 1893.09500000
v -2791.98450000 -3648.66485000 1905.45500000
v -2784.25450000 -3344.81485000 1863.81500000
v -2711.94450000 -2812.72485000 1883.54500000
v -2756.70450000 -3199.86485000 1816.69500000
v -2789.51450000 -3272.81485000 1836.98500000
v -2733.13450000 -1181.66485000 3242.44400000
v -2742.27450000 -1290.02485000 3248.21900000
v -2723.48450000 -1131.69485000 3219.92600000
v -2639.06450000 -2811.45485000 3071.33000000
v -2691.81450000 -3285.96485000 2831.19500000
v -2697.97450000 -1220.24485000 2718.37500000
v -2721.59450000 -1284.60485000 2566.10500000
v -2655.31450000 -3612.66485000 2562.07500000
v -2679.08450000 -1323.40485000 2403.77500000
v -2677.20450000 -3707.66485000 2349.04500000
v -2752.09450000 -1445.31485000 2300.62500000
v -2741.77450000 -1472.62485000 2285.75500000
v -2729.02450000 -1545.40485000 2278.45500000
v -2745.31450000 -3765.76485000 2140.10500000
v -2743.76450000 -2366.91485000 2026.09500000
v -2748.86450000 -3733.56485000 1939.80500000
v -2749.04450000 -3355.58485000 1883.58500000
v -2774.53450000 -3567.66485000 1905.62500000
v -2753.03450000 -3281.00485000 1855.50500000
v -2714.23450000 -2919.09485000 1806.01500000
v -2687.76450000 -2954.25485000 1788.76500000
v -2720.67450000 -2986.92485000 1741.86500000
v -2749.25450000 -3064.26485000 1735.27500000
v -2762.24450000 -3006.84485000 1711.17500000
v -2664.60450000 -1392.44485000 3282.76800000
v -2695.79450000 -1735.51485000 3259.18800000
v -2687.14450000 -1116.65485000 3177.51500000
v -2672.58450000 -3152.05485000 2912.32500000
v -2703.42450000 -1307.94485000 2475.65500000
v -2718.67450000 -1403.94485000 2321.34500000
v -2719.21450000 -1427.89485000 2306.18500000
v -2675.20450000 -1645.57485000 2285.29500000
v -2707.82450000 -3755.16485000 2206.35500000
v -2711.46450000 -3766.36485000 2058.24500000
v -2706.53450000 -2454.36485000 2014.29500000
v -2735.96450000 -3754.16485000 1984.73500000
v -2702.21450000 -3407.47485000 1934.60500000
v -2715.39450000 -3513.26485000 1939.65500000
v -2750.30450000 -3665.46485000 1923.19500000
v -2729.98450000 -3292.92485000 1874.12500000
v -2694.02450000 -2857.31485000 1871.87500000
v -2737.68450000 -3121.61485000 1776.73500000
v -2753.94450000 -3028.49485000 1717.27500000
v -2684.80450000 -1239.99485000 3269.38900000
v -2704.61450000 -1142.89485000 3241.64500000
v -2667.12450000 -2139.07485000 3227.51700000
v -2639.68450000 -2679.82485000 3115.46700000
v -2642.38450000 -2944.58485000 3016.51700000
v -2630.54450000 -3091.51485000 2958.53700000
v -2635.59450000 -3357.90485000 2816.25500000
v -2629.43450000 -3434.46485000 2763.63500000
v -2653.54450000 -3504.36485000 2692.66500000
v -2632.45450000 -3667.86485000 2461.14500000
v -2665.11450000 -1352.58485000 2353.64500000
v -2683.81450000 -1404.39485000 2321.38500000
v -2707.28450000 -1437.78485000 2304.88500000
v -2678.17450000 -1460.33485000 2310.95500000
v -2650.35450000 -3737.96485000 2267.22500000
v -2638.35450000 -1833.61485000 2262.82500000
v -2664.51450000 -2133.31485000 2158.24500000
v -2684.92450000 -3744.56485000 1992.13500000
v -2667.59450000 -2751.63485000 1940.33500000
v -2719.80450000 -3601.06485000 1937.77500000
v -2713.65450000 -3707.26485000 1943.11500000
v -2703.28450000 -3238.62485000 1871.90500000
v -2621.52450000 -2899.96485000 1884.40500000
v -2719.55450000 -3025.02485000 1737.51500000
v -2651.10450000 -1166.43485000 3270.55900000
v -2679.34450000 -1580.23485000 3273.27300000
v -2657.12450000 -1130.42485000 3238.98800000
v -2636.74450000 -1113.12485000 3060.44300000
v -2545.71450000 -2651.63485000 3167.63000000
v -2661.74450000 -1131.06485000 2997.92900000
v -2630.59450000 -1145.71485000 2870.35800000
v -2593.95450000 -3201.87485000 2925.00100000
v -2593.75450000 -3281.70485000 2881.46600000
v -2626.48450000 -1171.69485000 2762.06500000
v -2649.26450000 -3559.16485000 2635.99500000
v -2584.99450000 -3637.16485000 2538.62500000
v -2628.75450000 -1745.13485000 2286.26500000
v -2641.51450000 -3749.96485000 2216.71500000
v -2637.83450000 -2030.19485000 2206.00500000
v -2667.61450000 -3753.96485000 2039.63500000
v -2628.02450000 -2664.09485000 1996.36500000
v -2637.70450000 -3473.66485000 1998.98500000
v -2695.95450000 -3725.86485000 1966.02500000
v -2698.44450000 -3312.03485000 1908.84500000
v -2672.44450000 -3658.06485000 1973.68500000
v -2677.32450000 -3142.89485000 1833.19500000
v -2628.37450000 -2937.14485000 1843.96500000
v -2693.55450000 -3085.69485000 1777.88500000
v -2608.48450000 -1230.68485000 3297.51900000
v -2610.22450000 -1629.17485000 3298.42000000
v -2594.32450000 -1880.05485000 3287.04200000
v -2626.52450000 -1110.51485000 3215.87000000
v -2595.41450000 -2267.47485000 3236.21400000
v -2631.03450000 -1108.12485000 3141.68200000
v -2511.47450000 -2499.62485000 3221.27600000
v -2626.18450000 -1251.50485000 2513.88500000
v -2518.19450000 -3682.16485000 2446.71500000
v -2641.42450000 -1371.40485000 2339.34500000
v -2643.38450000 -1403.53485000 2331.08500000
v -2620.31450000 -1535.01485000 2324.92500000
v -2625.03450000 -3752.46485000 2160.60500000
v -2608.27450000 -2238.48485000 2147.61500000
v -2622.67450000 -2361.43485000 2098.09500000
v -2646.24450000 -3575.46485000 1995.80500000
v -2652.42450000 -3334.19485000 1958.54500000
v -2630.61450000 -3388.46485000 1991.87500000
v -2664.82450000 -3702.66485000 1981.93500000
v -2625.10450000 -3262.41485000 1954.39500000
v -2623.67450000 -3196.72485000 1919.34500000
v -2692.91450000 -3048.83485000 1758.82500000
v -2621.22450000 -3072.84485000 1832.14500000
v -2649.25450000 -2981.82485000 1791.54500000
v -2657.43450000 -3017.56485000 1784.20500000
v -2589.87450000 -1125.99485000 3257.47200000
v -2562.41450000 -2106.06485000 3273.65400000
v -2586.24450000 -1108.13485000 3143.40500000
v -2594.07450000 -1125.62485000 2918.68000000
v -2590.88450000 -1286.13485000 2403.78500000
v -2611.36450000 -1337.44485000 2358.80500000
v -2613.90450000 -1320.47485000 2371.44500000
v -2533.19450000 -3708.06485000 2364.17500000
v -2594.74450000 -1431.12485000 2346.17500000
v -2562.63450000 -1964.60485000 2258.40500000
v -2610.47450000 -3748.96485000 2110.04500000
v -2633.44450000 -3683.66485000 2004.61500000
v -2615.86450000 -3704.16485000 2025.28500000
v -2644.33450000 -3726.26485000 2014.57500000
v -2602.38450000 -2817.57485000 1956.91500000
v -2628.86450000 -2852.85485000 1916.00500000
v -2591.43450000 -2969.55485000 1841.10500000
v -2555.47450000 -1449.82485000 3324.98500000
v -2565.51450000 -1178.77485000 3305.35000000
v -2581.26450000 -1149.64485000 3279.21100000
v -2475.41450000 -2802.94485000 3147.53800000
v -2553.92450000 -1114.17485000 3038.39900000
v -2459.93450000 -2931.97485000 3104.42800000
v -2459.45450000 -3081.83485000 3039.27300000
v -2560.78450000 -1118.38485000 2958.76700000
v -2559.91450000 -1151.30485000 2732.07500000
v -2586.09450000 -1190.40485000 2639.87500000
v -2592.69450000 -1365.36485000 2355.92500000
v -2558.95450000 -3730.26485000 2286.04500000
v -2595.96450000 -2462.48485000 2079.63500000
v -2614.29450000 -3739.76485000 2067.31500000
v -2582.74450000 -3643.06485000 2052.47500000
v -2567.98450000 -2755.24485000 2006.42500000
v -2597.52450000 -2998.80485000 1822.74500000
v -2596.37450000 -3025.68485000 1825.36500000
v -2540.49450000 -1211.24485000 3321.72900000
v -2523.26450000 -1323.66485000 3332.85900000
v -2495.62450000 -2253.49485000 3279.85800000
v -2567.64450000 -1120.76485000 3245.30000000
v -2557.51450000 -1116.00485000 3186.61600000
v -2499.97450000 -3344.13485000 2887.22000000
v -2548.93450000 -1133.88485000 2802.60500000
v -2503.22450000 -3470.96485000 2790.92500000
v -2520.75450000 -3527.06485000 2725.56500000
v -2548.68450000 -3570.96485000 2658.94500000
v -2527.64450000 -1224.34485000 2461.46500000
v -2585.18450000 -1313.19485000 2377.38500000
v -2479.41450000 -1859.41485000 2320.18500000
v -2530.19450000 -3734.16485000 2251.87500000
v -2535.56450000 -2128.41485000 2218.79500000
v -2516.52450000 -2276.17485000 2181.98500000
v -2493.42450000 -2544.55485000 2118.69500000
v -2566.52450000 -3415.66485000 2054.25500000
v -2563.96450000 -3513.66485000 2066.88500000
v -2574.90450000 -3699.86485000 2066.36500000
v -2588.49450000 -3718.96485000 2066.92500000
v -2517.55450000 -2687.70485000 2063.05500000
v -2532.37450000 -3265.59485000 2046.70500000
v -2588.07450000 -3335.83485000 2015.62500000
v -2544.84450000 -3205.40485000 2002.59500000
v -2564.05450000 -3143.10485000 1941.49500000
v -2552.11450000 -2950.79485000 1883.28500000
v -2579.29450000 -3046.47485000 1846.53500000
v -2550.65450000 -3057.37485000 1879.92500000
v -2502.58450000 -1608.50485000 3340.05200000
v -2503.56450000 -1815.62485000 3326.47900000
v -2506.88450000 -3171.30485000 2978.01200000
v -2494.90450000 -3406.70485000 2844.12500000
v -2509.46450000 -3600.26485000 2623.84500000
v -2537.61450000 -1198.43485000 2545.84500000
v -2544.01450000 -1268.70485000 2401.44500000
v -2540.78450000 -1292.54485000 2393.63500000
v -2569.40450000 -1327.04485000 2375.06500000
v -2499.10450000 -1506.54485000 2378.85500000
v -2535.33450000 -1673.50485000 2336.88500000
v -2549.27450000 -3734.36485000 2138.57500000
v -2524.95450000 -2873.19485000 1967.59500000
v -2534.01450000 -3082.69485000 1919.51500000
v -2566.90450000 -3011.58485000 1843.07500000
v -2533.83450000 -3023.26485000 1874.93500000
v -2467.31450000 -1257.91485000 3345.38400000
v -2510.56450000 -1198.92485000 3323.26900000
v -2519.01450000 -1168.36485000 3306.20500000
v -2534.63450000 -1140.91485000 3274.13400000
v -2434.21450000 -2383.36485000 3279.81200000
v -2512.56450000 -1128.41485000 3210.68300000
v -2507.20450000 -1122.34485000 3107.49900000
v -2498.26450000 -1120.69485000 2890.56200000
v -2448.48450000 -3275.04485000 2948.30700000
v -2524.53450000 -1124.51485000 2848.45500000
v -2492.65450000 -1139.89485000 2692.69500000
v -2513.35450000 -1165.64485000 2620.48500000
v -2471.26450000 -3633.76485000 2562.80500000
v -2503.61450000 -1245.79485000 2422.61500000
v -2517.89450000 -1360.36485000 2387.81500000
v -2513.88450000 -3731.76485000 2204.24500000
v -2533.87450000 -3721.96485000 2128.34500000
v -2546.34450000 -3710.16485000 2101.97500000
v -2533.38450000 -3688.46485000 2105.89500000
v -2506.97450000 -3341.41485000 2095.39500000
v -2516.48450000 -2815.13485000 2012.69500000
v -2535.54450000 -2971.63485000 1878.15500000
v -2540.85450000 -2993.06485000 1869.12500000
v -2458.73450000 -1479.70485000 3358.28900000
v -2440.94450000 -1632.93485000 3361.96900000
v -2422.47450000 -1807.05485000 3356.52700000
v -2452.01450000 -2062.47485000 3320.46600000
v -2400.02450000 -2707.95485000 3210.59400000
v -2481.39450000 -1129.96485000 2754.46500000
v -2414.83450000 -3682.66485000 2452.54500000
v -2523.21450000 -1269.03485000 2405.57500000
v -2475.73450000 -3716.56485000 2194.01500000
v -2499.35450000 -2382.40485000 2159.43500000
v -2469.84450000 -3421.56485000 2143.43500000
v -2479.73450000 -3554.56485000 2144.83500000
v -2508.15450000 -3648.26485000 2123.45500000
v -2423.11450000 -2668.51485000 2131.65500000
v -2446.86450000 -2766.20485000 2080.15500000
v -2496.53450000 -2929.17485000 1939.61500000
v -2490.12450000 -3041.90485000 1929.46500000
v -2492.79450000 -1159.67485000 3298.03000000
v -2492.34450000 -1147.15485000 3270.41300000
v -2470.12450000 -1125.10485000 2959.94500000
v -2483.17450000 -1125.32485000 2810.27500000
v -2440.60450000 -3555.46485000 2715.40500000
v -2459.57450000 -1152.57485000 2597.87500000
v -2472.41450000 -1180.82485000 2525.18500000
v -2466.65450000 -1205.83485000 2465.92500000
v -2394.36450000 -3693.16485000 2410.44500000
v -2466.06450000 -1236.81485000 2427.08500000
v -2488.77450000 -1271.57485000 2414.67500000
v -2459.71450000 -3711.96485000 2336.54500000
v -2369.29450000 -1803.98485000 2376.02500000
v -2406.19450000 -2274.63485000 2237.81500000
v -2490.57450000 -3681.56485000 2146.32500000
v -2504.85450000 -3700.86485000 2141.18500000
v -2460.66450000 -3279.42485000 2121.94500000
v -2484.46450000 -3160.06485000 2036.70500000
v -2465.70450000 -3086.48485000 1994.15500000
v -2493.24450000 -2969.12485000 1914.73500000
v -2485.51450000 -2995.77485000 1912.39500000
v -2389.92450000 -1394.56485000 3371.79200000
v -2412.20450000 -1311.60485000 3362.41400000
v -2367.61450000 -1649.23485000 3383.59600000
v -2459.55450000 -1210.76485000 3325.88200000
v -2416.66450000 -2264.06485000 3306.04000000
v -2449.17450000 -1177.64485000 3291.63000000
v -2458.66450000 -1149.88485000 3220.81400000
v -2462.25450000 -1138.22485000 3148.84100000
v -2398.14450000 -3195.85485000 3011.04600000
v -2354.13450000 -3361.85485000 2932.81100000
v -2391.00450000 -3433.76485000 2863.82500000
v -2432.28450000 -1140.38485000 2648.62500000
v -2330.64450000 -3644.86485000 2547.62500000
v -2433.50450000 -1214.53485000 2449.55500000
v -2396.87450000 -1467.77485000 2423.98500000
v -2410.47450000 -1653.80485000 2391.56500000
v -2427.95450000 -3711.56485000 2300.37500000
v -2423.76450000 -2045.34485000 2292.57500000
v -2453.23450000 -3623.96485000 2175.69500000
v -2427.05450000 -3326.67485000 2165.02500000
v -2437.39450000 -3200.67485000 2110.15500000
v -2444.25450000 -2902.96485000 1996.21500000
v -2485.38450000 -3011.76485000 1916.50500000
v -2423.45450000 -1276.57485000 3352.45800000
v -2366.11450000 -1790.15485000 3376.52000000
v -2369.65450000 -2042.08485000 3352.66800000
v -2415.84450000 -1225.97485000 3320.58100000
v -2420.81450000 -1169.91485000 3217.87500000
v -2408.72450000 -1161.77485000 3134.64000000
v -2318.06450000 -2832.99485000 3202.20300000
v -2427.44450000 -1142.18485000 3041.44800000
v -2439.51450000 -1131.19485000 2792.88500000
v -2356.94450000 -3488.76485000 2820.87500000
v -2388.64450000 -3581.86485000 2682.37500000
v -2405.74450000 -1156.25485000 2558.20500000
v -2402.75450000 -1183.54485000 2497.42500000
v -2444.44450000 -1240.64485000 2433.81500000
v -2412.44450000 -1310.43485000 2435.54500000
v -2413.59450000 -1564.42485000 2404.89500000
v -2415.61450000 -3704.96485000 2261.79500000
v -2409.53450000 -2173.22485000 2263.28500000
v -2472.79450000 -3705.36485000 2178.00500000
v -2379.55450000 -3444.46485000 2226.55500000
v -2452.67450000 -3676.96485000 2184.46500000
v -2428.16450000 -3134.57485000 2077.21500000
v -2445.75450000 -2850.88485000 2031.38500000
v -2442.55450000 -2974.30485000 1949.63500000
v -2440.82450000 -2999.89485000 1954.94500000
v -2385.91450000 -1291.82485000 3345.87500000
v -2409.54450000 -1215.51485000 3304.06900000
v -2384.19450000 -1225.08485000 3256.27900000
v -2348.89450000 -2513.42485000 3286.78000000
v -2271.49450000 -2662.66485000 3275.36100000
v -2293.57450000 -3149.42485000 3076.09600000
v -2397.51450000 -1141.39485000 2881.96900000
v -2375.50450000 -1235.12485000 2460.53500000
v -2310.48450000 -2349.57485000 2271.70500000
v -2356.19450000 -3546.66485000 2250.84500000
v -2379.83450000 -3636.86485000 2241.32500000
v -2374.97450000 -3253.72485000 2192.12500000
v -2359.99450000 -2582.22485000 2195.55500000
v -2373.17450000 -2839.53485000 2084.27500000
v -2416.81450000 -3030.34485000 1999.48500000
v -2453.10450000 -3038.43485000 1969.16500000
v -2434.51450000 -2943.87485000 1973.02500000
v -2377.44450000 -1341.91485000 3363.37700000
v -2380.37450000 -1196.57485000 3175.18900000
v -2370.71450000 -1166.41485000 3030.33000000
v -2320.59450000 -3246.80485000 3015.60300000
v -2367.03450000 -1157.42485000 2941.80000000
v -2344.03450000 -3299.22485000 2976.29000000
v -2338.67450000 -1150.73485000 2720.52500000
v -2314.12450000 -3533.86485000 2776.15500000
v -2371.46450000 -1145.30485000 2644.07500000
v -2305.62450000 -3596.16485000 2661.24500000
v -2388.07450000 -1147.84485000 2601.92500000
v -2339.29450000 -1167.72485000 2534.17500000
v -2350.80450000 -1206.42485000 2483.47500000
v -2315.51450000 -1745.47485000 2409.82500000
v -2320.14450000 -1963.18485000 2356.69500000
v -2418.02450000 -3686.76485000 2229.57500000
v -2348.82450000 -3331.56485000 2235.23500000
v -2350.46450000 -2718.45485000 2161.40500000
v -2389.01450000 -3062.78485000 2061.40500000
v -2375.73450000 -2900.65485000 2044.37500000
v -2383.12450000 -3017.49485000 2027.45500000
v -2402.81450000 -2957.63485000 1994.44500000
v -2380.64450000 -2987.88485000 2017.46500000
v -2346.29450000 -1540.33485000 3389.80700000
v -2272.52450000 -1700.26485000 3411.22700000
v -2312.90450000 -1978.41485000 3378.38300000
v -2377.04450000 -1269.17485000 3315.02800000
v -2310.01450000 -2264.63485000 3344.74700000
v -2284.37450000 -2923.89485000 3179.99200000
v -2324.35450000 -3036.58485000 3113.53100000
v -2326.65450000 -1163.12485000 2827.22500000
v -2360.26450000 -1155.29485000 2579.90500000
v -2309.80450000 -3671.36485000 2472.38500000
v -2284.23450000 -1305.40485000 2485.78500000
v -2345.70450000 -3689.56485000 2390.50500000
v -2342.91450000 -1617.49485000 2422.87500000
v -2367.98450000 -3683.96485000 2281.17500000
v -2370.04450000 -3664.76485000 2262.43500000
v -2319.81450000 -2486.69485000 2239.92500000
v -2324.14450000 -3151.99485000 2207.21500000
v -2294.71450000 -2644.84485000 2220.33500000
v -2370.28450000 -3115.86485000 2130.30500000
v -2304.66450000 -2789.41485000 2156.53500000
v -2331.32450000 -1408.83485000 3377.41800000
v -2309.30450000 -1451.20485000 3387.90900000
v -2288.95450000 -1513.97485000 3400.41400000
v -2266.69450000 -1875.56485000 3402.40200000
v -2329.40450000 -1342.89485000 3337.50800000
v -2317.64450000 -1387.74485000 3361.14700000
v -2309.99450000 -2410.53485000 3320.61300000
v -2312.33450000 -1313.31485000 3247.22300000
v -2322.13450000 -1251.92485000 3141.61300000
v -2339.65450000 -1202.08485000 3061.44600000
v -2315.53450000 -1184.24485000 2917.34000000
v -2271.01450000 -3558.36485000 2740.68500000
v -2310.19450000 -1190.90485000 2514.03500000
v -2295.93450000 -1239.82485000 2492.83500000
v -2317.05450000 -1401.14485000 2462.49500000
v -2352.14450000 -3688.26485000 2325.71500000
v -2316.78450000 -2076.26485000 2329.84500000
v -2272.83450000 -2176.35485000 2326.33500000
v -2337.63450000 -3640.76485000 2280.47500000
v -2296.28450000 -3610.06485000 2308.59500000
v -2216.93450000 -2717.40485000 2242.12500000
v -2315.44450000 -3034.19485000 2137.41500000
v -2316.55450000 -2852.35485000 2114.72500000
v -2352.68450000 -3007.24485000 2062.19500000
v -2348.44450000 -2943.60485000 2049.03500000
v -2340.41450000 -2970.81485000 2057.76500000
v -2188.69450000 -2834.79485000 3249.28800000
v -2243.92450000 -3289.29485000 3018.13400000
v -2274.54450000 -3420.46485000 2913.41500000
v -2281.98450000 -1169.71485000 2720.06500000
v -2297.39450000 -1166.86485000 2597.59500000
v -2265.13450000 -1188.30485000 2548.65500000
v -2274.55450000 -1218.79485000 2511.06500000
v -2246.49450000 -1537.33485000 2469.18500000
v -2277.34450000 -3671.46485000 2368.18500000
v -2273.74450000 -3676.86485000 2405.62500000
v -2333.36450000 -3677.56485000 2316.30500000
v -2325.94450000 -3663.76485000 2309.02500000
v -2272.79450000 -3427.96485000 2311.37500000
v -2300.49450000 -3642.26485000 2317.46500000
v -2206.41450000 -2434.86485000 2318.30500000
v -2277.41450000 -3200.72485000 2272.01500000
v -2318.90450000 -3091.13485000 2177.10500000
v -2314.00450000 -2944.16485000 2083.03500000
v -2252.01450000 -1620.27485000 3415.08200000
v -2166.48450000 -1770.72485000 3438.24900000
v -2274.27450000 -1462.10485000 3383.15300000
v -2189.24450000 -2130.57485000 3404.53900000
v -2289.90450000 -1397.79485000 3347.86100000
v -2234.32450000 -2210.89485000 3377.39100000
v -2271.77450000 -1396.76485000 3309.84200000
v -2199.87450000 -2564.88485000 3327.66000000
v -2147.96450000 -2753.67485000 3294.49500000
v -2282.49450000 -1249.95485000 3021.92500000
v -2283.74450000 -1219.36485000 2943.77200000
v -2200.69450000 -3462.46485000 2895.99000000
v -2265.44450000 -1187.03485000 2769.27500000
v -2232.55450000 -3499.86485000 2841.17500000
v -2271.12450000 -1171.29485000 2657.03500000
v -2225.03450000 -1411.10485000 2494.22500000
v -2237.05450000 -3667.16485000 2465.36500000
v -2227.63450000 -1725.51485000 2443.33500000
v -2246.44450000 -1849.34485000 2411.06500000
v -2253.64450000 -3552.26485000 2337.04500000
v -2313.78450000 -2976.46485000 2097.52500000
v -2292.88450000 -2901.48485000 2113.99500000
v -2250.21450000 -1517.69485000 3399.47100000
v -2218.64450000 -1591.65485000 3414.11300000
v -2168.89450000 -1892.32485000 3432.34100000
v -2223.28450000 -1395.24485000 3171.76700000
v -2242.51450000 -1317.70485000 3057.11800000
v -2172.66450000 -3060.22485000 3160.87900000
v -2203.62450000 -3357.05485000 2984.87300000
v -2258.27450000 -1211.67485000 2840.43500000
v -2215.58450000 -3528.66485000 2801.08500000
v -2193.17450000 -3601.56485000 2651.49500000
v -2235.02450000 -1217.04485000 2535.42500000
v -2259.26450000 -3634.56485000 2349.23500000
v -2270.23450000 -3652.86485000 2353.56500000
v -2234.07450000 -3268.56485000 2325.77500000
v -2198.93450000 -2544.75485000 2301.74500000
v -2274.38450000 -3059.29485000 2214.46500000
v -2266.14450000 -2998.58485000 2183.60500000
v -2247.45450000 -2831.55485000 2176.46500000
v -2283.03450000 -2969.02485000 2136.46500000
v -2295.88450000 -2943.22485000 2110.37500000
v -2254.66450000 -1448.46485000 3349.65200000
v -2221.38450000 -1521.20485000 3384.31600000
v -2202.67450000 -3195.58485000 3083.41900000
v -2228.38450000 -1260.70485000 2881.24200000
v -2150.05450000 -3545.66485000 2774.29500000
v -2236.66450000 -1188.15485000 2668.78500000
v -2235.00450000 -1187.99485000 2606.92500000
v -2193.82450000 -3634.66485000 2556.34500000
v -2246.40450000 -1189.15485000 2577.59500000
v -2201.34450000 -3660.06485000 2449.63500000
v -2229.38450000 -3655.06485000 2392.01500000
v -2166.73450000 -2237.91485000 2369.96500000
v -2181.01450000 -3354.67485000 2380.63500000
v -2212.14450000 -3069.67485000 2295.25500000
v -2195.84450000 -2776.81485000 2234.07500000
v -2252.54450000 -2951.08485000 2173.74500000
v -2275.95450000 -2933.69485000 2135.90500000
v -2241.74450000 -2906.10485000 2172.67500000
v -2175.75450000 -1692.17485000 3431.17800000
v -2124.97450000 -1785.14485000 3447.03600000
v -2155.61450000 -2034.95485000 3424.79000000
v -2169.18450000 -2426.93485000 3364.82700000
v -2206.34450000 -1460.65485000 3264.56600000
v -2164.73450000 -1416.92485000 3048.12900000
v -2176.86450000 -3415.56485000 2946.30200000
v -2203.35450000 -1222.86485000 2569.01500000
v -2180.99450000 -1369.40485000 2516.12500000
v -2135.83450000 -1677.47485000 2483.01500000
v -2187.86450000 -3651.76485000 2435.72500000
v -2178.83450000 -2001.69485000 2405.09500000
v -2229.13450000 -3640.86485000 2380.27500000
v -2162.38450000 -3476.06485000 2405.12500000
v -2218.59450000 -3597.56485000 2376.89500000
v -2133.55450000 -2348.09485000 2373.75500000
v -2171.38450000 -3145.26485000 2359.72500000
v -2176.33450000 -2642.57485000 2290.05500000
v -2233.93450000 -2995.38485000 2227.89500000
v -2175.20450000 -2816.85485000 2240.30500000
v -2222.51450000 -2943.33485000 2215.96500000
v -2220.56450000 -2866.16485000 2194.47500000
v -2139.40450000 -1686.87485000 3426.64500000
v -2187.04450000 -1598.86485000 3407.95600000
v -2169.11450000 -1549.68485000 3338.18500000
v -2139.06450000 -2674.94485000 3320.17800000
v -2173.46450000 -2951.47485000 3208.08400000
v -2089.82450000 -3360.90485000 3010.75900000
v -2136.50450000 -3496.66485000 2861.32100000
v -2214.86450000 -1222.35485000 2730.72500000
v -2198.40450000 -1221.28485000 2629.59500000
v -2207.01450000 -1289.12485000 2523.97500000
v -2189.54450000 -3634.36485000 2417.31500000
v -2105.48450000 -2442.32485000 2375.62500000
v -2185.83450000 -2951.74485000 2269.97500000
v -2207.54450000 -2904.28485000 2219.87500000
v -2068.34450000 -1964.32485000 3458.07600000
v -2149.59450000 -1612.46485000 3387.14400000
v -2111.32450000 -2325.04485000 3402.15800000
v -2167.79450000 -1468.65485000 3173.64200000
v -2087.43450000 -3164.27485000 3137.38900000
v -2118.86450000 -3270.00485000 3064.57000000
v -2152.68450000 -1355.71485000 2878.62100000
v -2082.29450000 -3432.46485000 2943.77800000
v -2161.05450000 -1294.16485000 2754.11500000
v -2065.67450000 -3591.96485000 2648.76500000
v -2181.32450000 -1267.10485000 2548.71500000
v -2144.35450000 -3639.66485000 2519.31500000
v -2143.87450000 -1473.13485000 2514.17500000
v -2109.21450000 -1592.04485000 2505.47500000
v -2142.43450000 -1814.70485000 2454.54500000
v -2126.73450000 -3584.66485000 2450.65500000
v -2140.65450000 -2144.89485000 2397.77500000
v -2137.37450000 -3227.06485000 2404.77500000
v -2137.53450000 -2972.89485000 2341.36500000
v -2166.36450000 -2873.56485000 2263.76500000
v -2095.02450000 -1789.10485000 3447.06400000
v -2070.45450000 -2091.57485000 3446.36700000
v -2089.02450000 -2206.50485000 3426.65000000
v -2142.00450000 -1602.47485000 3365.96600000
v -2080.60450000 -2616.15485000 3353.68500000
v -2144.97450000 -1527.72485000 3232.15700000
v -2098.55450000 -1461.32485000 2952.15300000
v -2072.57450000 -3564.36485000 2724.95500000
v -2149.28450000 -1280.20485000 2659.56500000
v -2143.06450000 -1284.51485000 2600.91500000
v -2133.78450000 -1305.42485000 2573.00500000
v -2124.66450000 -1344.83485000 2554.36500000
v -2112.59450000 -3632.66485000 2504.30500000
v -2131.62450000 -3624.46485000 2467.81500000
v -2036.76450000 -2245.06485000 2439.92500000
v -2096.31450000 -3322.26485000 2447.95500000
v -2094.03450000 -3011.62485000 2399.46500000
v -2128.62450000 -2900.28485000 2318.75500000
v -2147.08450000 -2741.94485000 2277.96500000
v -2120.10450000 -2813.51485000 2293.89500000
v -2066.25450000 -1883.83485000 3458.31700000
v -2126.73450000 -1669.69485000 3410.51600000
v -2102.92450000 -1645.57485000 3350.61600000
v -2073.01450000 -1618.85485000 3213.98000000
v -2047.13450000 -2757.32485000 3323.24200000
v -2082.80450000 -2961.42485000 3234.28400000
v -2106.22450000 -1520.78485000 3101.68200000
v -2093.40450000 -1374.39485000 2743.26500000
v -2092.33450000 -1353.37485000 2677.31500000
v -2095.72450000 -3616.56485000 2579.30500000
v -2089.04450000 -1431.72485000 2544.56500000
v -2098.70450000 -3605.26485000 2480.68500000
v -2045.97450000 -3416.76485000 2491.38500000
v -2058.18450000 -3107.74485000 2453.94500000
v -2021.61450000 -2512.80485000 2410.88500000
v -2094.12450000 -2609.83485000 2345.30500000
v -2110.37450000 -2692.57485000 2314.88500000
v -2100.31450000 -2844.53485000 2328.03500000
v -2118.59450000 -2762.28485000 2296.14500000
v -2088.40450000 -1728.17485000 3420.17300000
v -2081.67450000 -1768.94485000 3436.47400000
v -2057.04450000 -1824.87485000 3452.66300000
v -2091.04450000 -1698.63485000 3394.95900000
v -2042.15450000 -3504.16485000 2856.02500000
v -2064.86450000 -1456.00485000 2842.41500000
v -2101.93450000 -1333.37485000 2629.27500000
v -2074.55450000 -1373.20485000 2595.03500000
v -2078.93450000 -3617.86485000 2556.61500000
v -2047.10450000 -1731.24485000 2502.06500000
v -2081.07450000 -3608.16485000 2500.91500000
v -2042.47450000 -3516.26485000 2502.15500000
v -2066.90450000 -1903.38485000 2467.22500000
v -2073.49450000 -2893.72485000 2378.67500000
v -2042.59450000 -1865.11485000 3458.06700000
v -2036.60450000 -1834.83485000 3446.77100000
v -2017.74450000 -2516.14485000 3395.62700000
v -2027.91450000 -1715.02485000 3274.12300000
v -2046.62450000 -2864.33485000 3284.84100000
v -2028.24450000 -1615.90485000 3075.84200000
v -1998.76450000 -3195.40485000 3142.63700000
v -1965.66450000 -3303.37485000 3076.88200000
v -1990.13450000 -3378.60485000 3009.87500000
v -1998.47450000 -3464.96485000 2911.58400000
v -1981.98450000 -3524.96485000 2801.88500000
v -2084.87450000 -1380.73485000 2569.18500000
v -2077.99450000 -1404.93485000 2560.88500000
v -2065.53450000 -3579.16485000 2498.23500000
v -2017.16450000 -2620.92485000 2388.72500000
v -2028.80450000 -2704.68485000 2370.79500000
v -2059.53450000 -2796.52485000 2360.86500000
v -2011.13450000 -1894.21485000 3457.98200000
v -2007.12450000 -2009.07485000 3469.78700000
v -1987.77450000 -2125.49485000 3467.23100000
v -1997.47450000 -2246.08485000 3450.14800000
v -2007.58450000 -2369.89485000 3426.15700000
v -2034.69450000 -1756.99485000 3364.23800000
v -2038.61450000 -3069.77485000 3196.02900000
v -2029.04450000 -1558.86485000 2960.28400000
v -1940.49450000 -3414.76485000 2977.99900000
v -2016.89450000 -1464.68485000 2709.80500000
v -2048.20450000 -1406.73485000 2638.26500000
v -2035.14450000 -3599.36485000 2604.33500000
v -2037.76450000 -1444.54485000 2577.02500000
v -2047.49450000 -3607.96485000 2560.48500000
v -2056.73450000 -3606.86485000 2530.07500000
v -2021.24450000 -1589.34485000 2537.47500000
v -2030.45450000 -3584.86485000 2533.92500000
v -2029.56450000 -3196.65485000 2490.60500000
v -2035.81450000 -2050.43485000 2459.45500000
v -1995.26450000 -2993.48485000 2490.78500000
v -2020.79450000 -2926.52485000 2448.28500000
v -2035.21450000 -1805.87485000 3420.21200000
v -1986.22450000 -2655.55485000 3370.86000000
v -2000.47450000 -1683.86485000 3132.02600000
v -1947.39450000 -3550.56485000 2726.17500000
v -2024.28450000 -3593.66485000 2560.93500000
v -1987.96450000 -3336.91485000 2530.58500000
v -2011.12450000 -3549.26485000 2535.53500000
v -1929.20450000 -2151.81485000 2501.05500000
v -2012.46450000 -2392.88485000 2436.47500000
v -1984.09450000 -1989.04485000 3468.01500000
v -1957.42450000 -2091.02485000 3474.71100000
v -1991.41450000 -1901.72485000 3446.50300000
v -1906.84450000 -2510.69485000 3427.07100000
v -1992.77450000 -1839.91485000 3391.04600000
v -1977.97450000 -1820.04485000 3316.61600000
v -1916.21450000 -2835.40485000 3330.09800000
v -1935.44450000 -2973.48485000 3264.47900000
v -2013.69450000 -1702.14485000 3202.32700000
v -1987.35450000 -1553.46485000 2826.36500000
v -1966.80450000 -1619.75485000 2908.40000000
v -1958.49450000 -3569.66485000 2660.30500000
v -1985.58450000 -1488.88485000 2633.76500000
v -2022.75450000 -1446.57485000 2608.04500000
v -1989.45450000 -3583.46485000 2600.91500000
v -1968.89450000 -1552.41485000 2576.10500000
v -1986.41450000 -3575.06485000 2582.20500000
v -1916.00450000 -1764.46485000 2543.17500000
v -1975.10450000 -3442.86485000 2546.30500000
v -1983.61450000 -3083.32485000 2515.64500000
v -1954.13450000 -1875.51485000 2512.82500000
v -1987.13450000 -2817.33485000 2444.75500000
v -2009.70450000 -2755.59485000 2398.92500000
v -1965.59450000 -1973.71485000 3459.88000000
v -1910.81450000 -2278.62485000 3469.53600000
v -1954.98450000 -1931.10485000 3422.56500000
v -1907.01450000 -2385.63485000 3450.36400000
v -1916.08450000 -2739.48485000 3362.54300000
v -1967.51450000 -1771.08485000 3198.32900000
v -1902.34450000 -3117.50485000 3202.58100000
v -1877.68450000 -3215.07485000 3152.69300000
v -1956.87450000 -1701.02485000 3033.65200000
v -1952.53450000 -3486.36485000 2875.20200000
v -1979.17450000 -1509.62485000 2602.29500000
v -1960.22450000 -3571.26485000 2605.66500000
v -1944.78450000 -3556.56485000 2601.65500000
v -1975.26450000 -3552.96485000 2571.88500000
v -1938.54450000 -3504.76485000 2582.52500000
v -1909.78450000 -3217.89485000 2581.53500000
v -1924.91450000 -1995.42485000 2511.83500000
v -1939.84450000 -2884.15485000 2518.94500000
v -1920.87450000 -2451.06485000 2480.50500000
v -1961.94450000 -2713.09485000 2437.81500000
v -1951.29450000 -2632.96485000 2435.46500000
v -1920.01450000 -2111.75485000 3476.51500000
v -1934.01450000 -2008.85485000 3453.83100000
v -1923.05450000 -2063.75485000 3467.51700000
v -1933.36450000 -1916.68485000 3351.60300000
v -1900.34450000 -2639.33485000 3394.52500000
v -1878.33450000 -3360.86485000 3040.07000000
v -1856.62450000 -3444.46485000 2927.11000000
v -1872.86450000 -3487.76485000 2849.41000000
v -1938.47450000 -1579.01485000 2735.52500000
v -1933.32450000 -1561.02485000 2651.93500000
v -1953.64450000 -1535.75485000 2621.28500000
v -1921.79450000 -3535.46485000 2606.79500000
v -1900.21450000 -1684.66485000 2569.14500000
v -1910.80450000 -2796.71485000 2525.51500000
v -1900.07450000 -2309.43485000 2507.06500000
v -1913.97450000 -2529.95485000 2472.01500000
v -1900.42450000 -2196.76485000 3476.35900000
v -1925.36450000 -1880.76485000 3268.93600000
v -1873.04450000 -1886.40485000 3121.38000000
v -1798.43450000 -3154.33485000 3201.98300000
v -1833.96450000 -3279.99485000 3114.35500000
v -1871.09450000 -3404.61485000 2988.85200000
v -1900.53450000 -1682.22485000 2835.22500000
v -1854.00450000 -3508.96485000 2793.04500000
v -1903.11450000 -3549.96485000 2702.44500000
v -1925.19450000 -3557.86485000 2635.49500000
v -1930.18450000 -1572.29485000 2610.10500000
v -1905.99450000 -3394.48485000 2594.83500000
v -1889.58450000 -3006.63485000 2582.23500000
v -1824.18450000 -2038.26485000 2555.54500000
v -1820.47450000 -2190.54485000 2556.75500000
v -1925.77450000 -2739.65485000 2487.60500000
v -1897.37450000 -2664.76485000 2492.18500000
v -1882.32450000 -2579.22485000 2489.42500000
v -1913.61450000 -2638.96485000 2469.80500000
v -1806.96450000 -2353.39485000 3476.11200000
v -1875.49450000 -2112.14485000 3459.75200000
v -1890.21450000 -2054.58485000 3436.23700000
v -1896.83450000 -2005.09485000 3388.50800000
v -1863.48450000 -1810.04485000 2962.28700000
v -1878.25450000 -3542.86485000 2685.11500000
v -1903.84450000 -3542.26485000 2631.30500000
v -1883.16450000 -1652.01485000 2595.27500000
v -1901.18450000 -1832.56485000 2537.40500000
v -1868.71450000 -1891.52485000 2546.24500000
v -1869.58450000 -2175.34485000 3471.81100000
v -1824.86450000 -2276.70485000 3475.47200000
v -1825.11450000 -2408.75485000 3464.44900000
v -1812.67450000 -2503.11485000 3449.56200000
v -1852.24450000 -2089.63485000 3399.14000000
v -1798.06450000 -2620.39485000 3422.93400000
v -1844.82450000 -2036.31485000 3292.17500000
v -1770.28450000 -2921.82485000 3320.32400000
v -1768.35450000 -3376.85485000 3011.68600000
v -1872.73450000 -1653.74485000 2682.92500000
v -1851.31450000 -3526.36485000 2735.61500000
v -1875.40450000 -3533.96485000 2656.42500000
v -1893.35450000 -1621.94485000 2630.11500000
v -1825.49450000 -3148.96485000 2642.70500000
v -1840.41450000 -3463.16485000 2651.64500000
v -1887.61450000 -3517.66485000 2632.78500000
v -1844.39450000 -2799.44485000 2594.68500000
v -1871.90450000 -2706.46485000 2536.79500000
v -1885.47450000 -2618.14485000 2492.39500000
v -1837.81450000 -2594.13485000 2539.30500000
v -1836.91450000 -2148.66485000 3437.12300000
v -1826.79450000 -2203.42485000 3459.12100000
v -1764.27450000 -3052.37485000 3256.54500000
v -1733.34450000 -3214.58485000 3167.51500000
v -1813.44450000 -3306.32485000 2659.11500000
v -1829.84450000 -1740.00485000 2592.08500000
v -1824.56450000 -1814.14485000 2578.40500000
v -1830.80450000 -2407.48485000 2538.01500000
v -1811.08450000 -2260.93485000 3469.42300000
v -1762.56450000 -2756.69485000 3385.37500000
v -1771.65450000 -2058.28485000 3116.73500000
v -1773.02450000 -1951.09485000 2947.22200000
v -1753.00450000 -3307.74485000 3089.58200000
v -1816.22450000 -1807.93485000 2828.31500000
v -1782.09450000 -3466.86485000 2859.59400000
v -1821.81450000 -1753.25485000 2740.23500000
v -1831.51450000 -3521.16485000 2706.53500000
v -1849.85450000 -3524.56485000 2678.85500000
v -1845.50450000 -3505.26485000 2665.36500000
v -1846.44450000 -1688.08485000 2628.01500000
v -1799.59450000 -3485.26485000 2695.19500000
v -1780.11450000 -3012.89485000 2676.91500000
v -1833.18450000 -1716.50485000 2607.31500000
v -1796.87450000 -2627.59485000 2595.86500000
v -1797.67450000 -2901.37485000 2655.14500000
v -1777.28450000 -2306.95485000 2576.16500000
v -1784.65450000 -2552.82485000 2581.35500000
v -1752.35450000 -2124.96485000 2591.66500000
v -1823.64450000 -2499.04485000 2538.81500000
v -1766.94450000 -2304.31485000 3458.36100000
v -1796.39450000 -2229.63485000 3443.78700000
v -1720.07450000 -2609.56485000 3441.69000000
v -1790.91450000 -2189.54485000 3384.27800000
v -1725.41450000 -2678.87485000 3419.17900000
v -1726.87450000 -2218.99485000 3254.19300000
v -1741.68450000 -3266.22485000 3127.05800000
v -1781.01450000 -3491.16485000 2796.81500000
v -1791.54450000 -3502.76485000 2747.75500000
v -1825.98450000 -3509.56485000 2692.34500000
v -1798.27450000 -3499.66485000 2716.47500000
v -1800.84450000 -1759.20485000 2673.77500000
v -1764.53450000 -3419.16485000 2705.98500000
v -1782.01450000 -1787.19485000 2630.71500000
v -1758.95450000 -2794.50485000 2679.23500000
v -1753.67450000 -3171.22485000 2697.96500000
v -1751.54450000 -2698.17485000 2668.17500000
v -1804.16450000 -1763.67485000 2608.58500000
v -1794.90450000 -1935.41485000 2577.17500000
v -1743.59450000 -2016.41485000 2597.83500000
v -1761.29450000 -2360.50485000 3469.86000000
v -1727.07450000 -2441.81485000 3471.65400000
v -1741.00450000 -2497.68485000 3459.74800000
v -1752.46450000 -2289.31485000 3425.29900000
v -1653.89450000 -3124.08485000 3227.72000000
v -1735.31450000 -3422.46485000 2930.10900000
v -1755.13450000 -3484.26485000 2750.31500000
v -1775.02450000 -3484.86485000 2724.12500000
v -1743.42450000 -1896.84485000 2769.26500000
v -1707.86450000 -3067.48485000 2735.88500000
v -1786.83450000 -1806.47485000 2607.44500000
v -1735.21450000 -2210.76485000 2599.62500000
v -1744.85450000 -2399.57485000 2592.80500000
v -1770.69450000 -2494.47485000 2582.07500000
v -1717.23450000 -2395.74485000 3460.31600000
v -1640.20450000 -2872.25485000 3358.82400000
v -1658.80450000 -2965.64485000 3312.70500000
v -1670.87450000 -3373.17485000 2994.75100000
v -1726.19450000 -3472.56485000 2796.58500000
v -1754.87450000 -3464.76485000 2731.39500000
v -1740.66450000 -1861.85485000 2682.56500000
v -1727.22450000 -3300.51485000 2722.75500000
v -1681.35450000 -2752.42485000 2748.38500000
v -1739.84450000 -1865.56485000 2629.16500000
v -1740.26450000 -2517.25485000 2619.22500000
v -1712.56450000 -2571.53485000 2672.23500000
v -1752.53450000 -1908.50485000 2608.59500000
v -1684.19450000 -2467.87485000 3460.09300000
v -1708.17450000 -2374.42485000 3436.06900000
v -1710.32450000 -2323.82485000 3377.21100000
v -1623.02450000 -3309.09485000 3073.17300000
v -1717.79450000 -2089.91485000 3009.67700000
v -1691.64450000 -2049.77485000 2873.34000000
v -1699.16450000 -3460.16485000 2793.07500000
v -1713.39450000 -3455.46485000 2764.39500000
v -1719.44450000 -2882.34485000 2723.02500000
v -1687.60450000 -2968.15485000 2753.26500000
v -1698.92450000 -3398.11485000 2755.28500000
v -1691.05450000 -2652.01485000 2721.58500000
v -1717.28450000 -1895.86485000 2657.65500000
v -1685.98450000 -2136.98485000 2628.47500000
v -1704.32450000 -2276.32485000 2617.38500000
v -1717.39450000 -2435.25485000 2618.27500000
v -1670.07450000 -2703.34485000 3420.22100000
v -1619.78450000 -3027.01485000 3283.59700000
v -1705.81450000 -2180.20485000 3121.28900000
v -1649.52450000 -3252.25485000 3135.07300000
v -1716.47450000 -3450.76485000 2859.26000000
v -1678.40450000 -2007.03485000 2772.91500000
v -1670.46450000 -3421.46485000 2784.32500000
v -1684.19450000 -3185.99485000 2752.81500000
v -1701.97450000 -1925.49485000 2648.74500000
v -1710.14450000 -1931.33485000 2635.55500000
v -1701.19450000 -2002.48485000 2630.40500000
v -1683.98450000 -2452.41485000 2659.14500000
v -1675.92450000 -2445.51485000 3445.63800000
v -1673.16450000 -2531.63485000 3456.93800000
v -1652.06450000 -2626.76485000 3439.84000000
v -1635.38450000 -2783.69485000 3394.87800000
v -1662.11450000 -2367.70485000 3313.29000000
v -1647.41450000 -2307.32485000 3146.67000000
v -1671.59450000 -2176.27485000 3007.98500000
v -1585.81450000 -3346.16485000 3009.31400000
v -1661.27450000 -3436.36485000 2849.31100000
v -1655.87450000 -3435.56485000 2819.98500000
v -1676.09450000 -3438.76485000 2794.32500000
v -1633.09450000 -2645.04485000 2782.03500000
v -1648.66450000 -3067.34485000 2785.22500000
v -1678.95450000 -1978.98485000 2713.07500000
v -1655.40450000 -3293.93485000 2777.11500000
v -1682.42450000 -1963.12485000 2669.21500000
v -1652.91450000 -2576.21485000 2742.54500000
v -1680.06450000 -1984.31485000 2655.17500000
v -1667.51450000 -2348.00485000 2648.67500000
v -1640.20450000 -2550.24485000 3449.27300000
v -1625.12450000 -2602.49485000 3441.53000000
v -1652.68450000 -2439.43485000 3392.59300000
v -1644.38450000 -3397.73485000 2933.43400000
v -1642.80450000 -3414.56485000 2809.79500000
v -1633.54450000 -2888.58485000 2798.92500000
v -1629.23450000 -3366.85485000 2807.33500000
v -1623.25450000 -3190.49485000 2804.26500000
v -1647.40450000 -2489.95485000 2717.54500000
v -1643.95450000 -2413.01485000 2694.52500000
v -1653.06450000 -2029.77485000 2684.30500000
v -1660.82450000 -2064.23485000 2659.25500000
v -1633.86450000 -2521.93485000 3430.55200000
v -1553.21450000 -2952.18485000 3326.14300000
v -1579.36450000 -3167.69485000 3198.78600000
v -1633.74450000 -2235.23485000 2976.38800000
v -1541.48450000 -3304.63485000 3059.28200000
v -1521.04450000 -3271.19485000 3100.47200000
v -1639.23450000 -2151.08485000 2873.36800000
v -1650.32450000 -2072.46485000 2787.75500000
v -1624.79450000 -3418.76485000 2855.65500000
v -1626.40450000 -3414.86485000 2835.79500000
v -1610.25450000 -2718.45485000 2814.64500000
v -1605.56450000 -3388.36485000 2839.92500000
v -1603.14450000 -2529.26485000 2791.53500000
v -1580.33450000 -3265.71485000 2843.13500000
v -1635.08450000 -2161.10485000 2666.26500000
v -1659.90450000 -2235.56485000 2648.50500000
v -1604.49450000 -2601.54485000 3431.48900000
v -1574.30450000 -2683.06485000 3420.31300000
v -1597.36450000 -2737.75485000 3410.30000000
v -1596.98450000 -2536.18485000 3380.09800000
v -1609.07450000 -2450.82485000 3271.16300000
v -1522.00450000 -3214.79485000 3152.07600000
v -1606.22450000 -2322.66485000 3014.97000000
v -1570.20450000 -3361.78485000 2969.94700000
v -1602.47450000 -2253.52485000 2884.94400000
v -1597.82450000 -3392.66485000 2907.28900000
v -1593.64450000 -3392.62485000 2871.01400000
v -1614.34450000 -2153.62485000 2791.94500000
v -1571.36450000 -3061.46485000 2854.74100000
v -1634.82450000 -2081.46485000 2731.27500000
v -1611.50450000 -2410.14485000 2739.52500000
v -1626.10450000 -2348.49485000 2696.06500000
v -1627.26450000 -2119.54485000 2693.46500000
v -1610.40450000 -2195.84485000 2693.16500000
v -1625.62450000 -2262.14485000 2685.31500000
v -1583.89450000 -2595.95485000 3406.35600000
v -1566.30450000 -2652.92485000 3411.39500000
v -1558.19450000 -2840.15485000 3374.83500000
v -1568.11450000 -2543.09485000 3292.61900000
v -1578.30450000 -2440.00485000 3120.22700000
v -1577.69450000 -2406.16485000 3039.40200000
v -1579.58450000 -2371.45485000 2971.37300000
v -1580.58450000 -2341.74485000 2889.95000000
v -1587.16450000 -2270.77485000 2822.79500000
v -1573.79450000 -3342.57485000 2857.42600000
v -1569.19450000 -3368.79485000 2876.96100000
v -1595.75450000 -2211.86485000 2783.25500000
v -1576.15450000 -2635.91485000 2843.10500000
v -1588.86450000 -2442.35485000 2797.68500000
v -1612.61450000 -2153.95485000 2743.05500000
v -1596.74450000 -2273.43485000 2735.24500000
v -1590.65450000 -2365.09485000 2774.46500000
v -1610.55450000 -2331.78485000 2725.75500000
v -1604.94450000 -2199.95485000 2732.57500000
v -1528.78450000 -2715.32485000 3394.51900000
v -1532.40450000 -2737.65485000 3401.89800000
v -1541.33450000 -2766.46485000 3396.10600000
v -1553.76450000 -2607.72485000 3348.05800000
v -1553.68450000 -2536.98485000 3215.52500000
v -1527.80450000 -3056.84485000 3267.23700000
v -1539.57450000 -2503.27485000 3044.43700000
v -1521.24450000 -3318.48485000 3022.30000000
v -1542.56450000 -3351.24485000 2962.14900000
v -1555.78450000 -2446.16485000 2947.82400000
v -1558.77450000 -3368.95485000 2914.64300000
v -1566.42450000 -2408.93485000 2884.10500000
v -1564.88450000 -3371.84485000 2893.34200000
v -1578.47450000 -2336.79485000 2832.89500000
v -1571.38450000 -2422.45485000 2839.49500000
v -1546.91450000 -2491.48485000 2913.71600000
v -1554.42450000 -2834.41485000 2872.73600000
v -1584.48450000 -2328.46485000 2786.81500000
v -1572.40450000 -2500.29485000 2836.93500000
v -1564.23450000 -2570.32485000 2853.17000000
v -1591.51450000 -2269.99485000 2782.42500000
v -1549.60450000 -2654.56485000 3387.50400000
v -1500.25450000 -2826.52485000 3374.00300000
v -1519.78450000 -2637.18485000 3281.54500000
v -1453.73450000 -2976.98485000 3308.41500000
v -1510.34450000 -2612.18485000 3173.75600000
v -1513.95450000 -3333.57485000 2955.17000000
v -1543.16450000 -3354.05485000 2911.87600000
v -1549.60450000 -2538.63485000 2881.87500000
v -1530.30450000 -2665.40485000 2902.98300000
v -1539.66450000 -3338.78485000 2899.61400000
v -1524.19450000 -3301.38485000 2906.33000000
v -1510.01450000 -2772.65485000 3382.56800000
v -1517.94450000 -2689.84485000 3351.84500000
v -1482.56450000 -2900.42485000 3343.99400000
v -1458.05450000 -3222.31485000 3132.02000000
v -1486.88450000 -3271.33485000 3080.50300000
v -1512.51450000 -2576.72485000 2996.54300000
v -1465.12450000 -2693.80485000 3105.89400000
v -1489.42450000 -3306.39485000 3008.25500000
v -1523.45450000 -2590.51485000 2937.79400000
v -1519.78450000 -3331.93485000 2928.19300000
v -1502.85450000 -2817.50485000 2928.45700000
v -1503.71450000 -2971.15485000 2923.30600000
v -1518.34450000 -3322.53485000 2923.24700000
v -1503.29450000 -2657.02485000 2950.34300000
v -1499.59450000 -3181.25485000 2928.03700000
v -1481.86450000 -2779.49485000 3355.37700000
v -1482.47450000 -2816.10485000 3365.44600000
v -1464.89450000 -2858.46485000 3351.99900000
v -1479.18450000 -2739.15485000 3305.77000000
v -1477.22450000 -2712.36485000 3247.97300000
v -1470.08450000 -3118.42485000 3222.98000000
v -1431.67450000 -3151.72485000 3187.74800000
v -1470.78450000 -3278.82485000 3052.39400000
v -1463.14450000 -2700.81485000 3037.42300000
v -1491.39450000 -2655.45485000 2980.92100000
v -1472.77450000 -3294.90485000 2994.45500000
v -1481.56450000 -2706.00485000 2969.56300000
v -1499.30450000 -3308.73485000 2950.50400000
v -1495.37450000 -2726.74485000 2945.59100000
v -1487.61450000 -3269.65485000 2951.39500000
v -1461.17450000 -2836.33485000 3349.46700000
v -1435.35450000 -2910.96485000 3328.49600000
v -1443.06450000 -2934.97485000 3322.75700000
v -1433.56450000 -2805.26485000 3253.12100000
v -1430.78450000 -3038.92485000 3268.30600000
v -1453.37450000 -2741.58485000 3193.79300000
v -1429.56450000 -3226.54485000 3102.19100000
v -1447.57450000 -3261.49485000 3044.89400000
v -1461.62450000 -2732.58485000 3004.22400000
v -1436.37450000 -2773.69485000 3044.15600000
v -1471.06450000 -3279.84485000 2977.94900000
v -1469.15450000 -2833.09485000 2974.59100000
v -1452.04450000 -3012.80485000 2985.22200000
v -1442.33450000 -3159.32485000 2996.58000000
v -1459.34450000 -3229.82485000 2984.02300000
v -1432.71450000 -2883.66485000 3326.08400000
v -1437.22450000 -2829.48485000 3301.64000000
v -1443.07450000 -2847.45485000 3325.87500000
v -1423.50450000 -2949.96485000 3310.36100000
v -1403.89450000 -2985.77485000 3285.27200000
v -1402.06450000 -3079.12485000 3234.00400000
v -1411.30450000 -3174.62485000 3155.56300000
v -1411.87450000 -2824.58485000 3100.52400000
v -1443.18450000 -2802.63485000 3017.22300000
v -1447.95450000 -3253.77485000 3016.30400000
v -1437.45450000 -2878.66485000 3014.53600000
v -1418.81450000 -3194.30485000 3040.05800000
v -1410.35450000 -2894.23485000 3297.32700000
v -1404.96450000 -2940.74485000 3296.21400000
v -1408.91450000 -2839.20485000 3189.04400000
v -1389.79450000 -3164.01485000 3151.43300000
v -1419.89450000 -3228.71485000 3080.81300000
v -1421.99450000 -2846.62485000 3051.18100000
v -1418.55450000 -3219.75485000 3065.82800000
v -1413.49450000 -2947.31485000 3047.60900000
v -1409.45450000 -3072.68485000 3048.57100000
v -1390.32450000 -3030.80485000 3258.02600000
v -1401.17450000 -2884.07485000 3258.21500000
v -1382.44450000 -3115.30485000 3189.48700000
v -1393.02450000 -3178.44485000 3120.29800000
v -1403.68450000 -2886.77485000 3080.83200000
v -1384.32450000 -2910.46485000 3115.46000000
v -1392.38450000 -3165.57485000 3090.42900000
v -1389.41450000 -2976.60485000 3091.28700000
v -1396.43450000 -3130.65485000 3073.68500000
v -1385.82450000 -2936.83485000 3270.07900000
v -1373.62450000 -2995.91485000 3253.24900000
v -1379.68450000 -3050.31485000 3231.84700000
v -1378.19450000 -2937.62485000 3228.80900000
v -1376.54450000 -2927.70485000 3164.56400000
v -1382.82450000 -3147.92485000 3156.84200000
v -1373.57450000 -2978.52485000 3129.18000000
v -1369.84450000 -3115.23485000 3165.77000000
v -1373.90450000 -3123.50485000 3134.85400000
v -1378.81450000 -3064.81485000 3114.88200000
v -1361.44450000 -2993.70485000 3203.78200000
v -1370.23450000 -3056.43485000 3203.92300000
v -1367.85450000 -3060.09485000 3166.72700000
v -1371.83450000 -3004.46485000 3156.62100000
v 1365.98550000 -3006.58485000 3248.15600000
v 1368.96550000 -3072.64485000 3207.74900000
v 1381.63550000 -3044.48485000 3245.48700000
v 1383.86550000 -3089.99485000 3215.97400000
v 1366.05550000 -2974.62485000 3236.53600000
v 1363.66550000 -3016.74485000 3197.96500000
v 1372.48550000 -2949.02485000 3191.45600000
v 1383.25550000 -3123.12485000 3181.38800000
v 1367.98550000 -3079.57485000 3168.26900000
v 1371.60550000 -3063.92485000 3142.33000000
v 1376.67550000 -2982.98485000 3145.05400000
v 1397.62550000 -2950.95485000 3298.42000000
v 1385.36550000 -2950.06485000 3268.67300000
v 1389.10550000 -2991.51485000 3271.77200000
v 1382.83550000 -2929.10485000 3230.22900000
v 1404.28550000 -3138.80485000 3187.80000000
v 1414.92550000 -2843.62485000 3197.01700000
v 1381.20550000 -3129.17485000 3154.05500000
v 1398.06550000 -3161.35485000 3149.91600000
v 1396.17550000 -2899.06485000 3131.89600000
v 1378.29550000 -3113.75485000 3133.71000000
v 1392.23550000 -2966.77485000 3103.13900000
v 1388.70550000 -3058.27485000 3100.18000000
v 1392.19550000 -3164.05485000 3130.11700000
v 1388.85550000 -3128.18485000 3101.48900000
v 1391.95550000 -3157.58485000 3117.05500000
v 1406.54550000 -2921.56485000 3296.14700000
v 1422.92550000 -2925.99485000 3316.74600000
v 1409.89550000 -2972.99485000 3297.39000000
v 1420.92550000 -3021.81485000 3276.52500000
v 1414.32550000 -2880.50485000 3273.82600000
v 1424.38550000 -3092.83485000 3230.30300000
v 1426.10550000 -3195.12485000 3140.74200000
v 1420.47550000 -2825.23485000 3125.98900000
v 1408.83550000 -3189.76485000 3112.31500000
v 1420.63550000 -2835.23485000 3087.15100000
v 1414.70550000 -2896.70485000 3073.26800000
v 1416.37550000 -3030.79485000 3050.73600000
v 1414.28550000 -3158.00485000 3055.09700000
v 1408.80550000 -3185.03485000 3086.30900000
v 1425.41550000 -3224.86485000 3082.02200000
v 1451.21550000 -2882.62485000 3340.94100000
v 1433.93550000 -2882.58485000 3318.24400000
v 1444.07550000 -2959.75485000 3315.39200000
v 1434.03550000 -2990.69485000 3297.23900000
v 1446.44550000 -2833.71485000 3313.49400000
v 1461.11550000 -2774.67485000 3277.95800000
v 1450.66550000 -3163.94485000 3184.18800000
v 1456.61550000 -2752.74485000 3199.46200000
v 1465.82550000 -2719.13485000 3116.09000000
v 1432.40550000 -3225.92485000 3095.71600000
v 1441.07550000 -2778.86485000 3083.66500000
v 1440.18550000 -2788.96485000 3060.28400000
v 1451.77550000 -3258.51485000 3057.34100000
v 1445.33550000 -2801.71485000 3037.57400000
v 1433.48550000 -3225.19485000 3052.01900000
v 1444.03550000 -2911.69485000 3018.30900000
v 1446.83550000 -3014.92485000 3003.58900000
v 1451.32550000 -3144.03485000 2998.35800000
v 1443.65550000 -3218.35485000 3021.64400000
v 1468.98550000 -2791.16485000 3330.81700000
v 1470.42550000 -2828.46485000 3347.91700000
v 1475.11550000 -2907.81485000 3342.54700000
v 1470.08550000 -3010.72485000 3293.68800000
v 1472.80550000 -3069.18485000 3258.00600000
v 1481.73550000 -3221.61485000 3140.61400000
v 1465.55550000 -3243.73485000 3097.96300000
v 1461.49550000 -2742.14485000 3042.94500000
v 1466.91550000 -3273.24485000 3011.02800000
v 1480.46550000 -3287.87485000 3031.22300000
v 1471.27550000 -2739.80485000 3002.85800000
v 1475.11550000 -2977.59485000 2969.86600000
v 1460.58550000 -3233.12485000 2999.96900000
v 1495.54550000 -2756.67485000 3360.66000000
v 1499.95550000 -2785.97485000 3376.56900000
v 1494.37550000 -2815.96485000 3371.20800000
v 1495.25550000 -2845.19485000 3364.78600000
v 1485.14550000 -2752.00485000 3328.65200000
v 1528.99550000 -2992.04485000 3306.85700000
v 1496.81550000 -3133.82485000 3217.46500000
v 1518.15550000 -2635.59485000 3230.86500000
v 1525.69550000 -2589.20485000 3135.82900000
v 1506.59550000 -3192.03485000 3174.40400000
v 1493.99550000 -3282.53485000 3056.98700000
v 1488.58550000 -2669.63485000 3033.56000000
v 1523.24550000 -2576.98485000 3044.70500000
v 1492.60550000 -2679.29485000 2987.08700000
v 1499.85550000 -3307.58485000 2997.22300000
v 1491.98550000 -2709.04485000 2967.53700000
v 1478.49550000 -2804.89485000 2979.69400000
v 1478.90550000 -3250.66485000 2974.35800000
v 1506.05550000 -3307.78485000 2964.14800000
v 1504.67550000 -3177.00485000 2933.73100000
v 1532.42550000 -2788.37485000 2905.68100000
v 1525.10550000 -2728.34485000 3391.92600000
v 1532.94550000 -2755.96485000 3397.96100000
v 1511.69550000 -2801.35485000 3380.50300000
v 1523.88550000 -2699.28485000 3372.07400000
v 1512.68550000 -2691.78485000 3326.07200000
v 1539.25550000 -2857.42485000 3371.89600000
v 1556.09550000 -2922.60485000 3340.94000000
v 1545.38550000 -3278.49485000 3088.85000000
v 1508.83550000 -3305.79485000 3021.51800000
v 1516.15550000 -2607.11485000 2986.34900000
v 1525.49550000 -3332.07485000 2963.66200000
v 1518.66550000 -2635.31485000 2943.49000000
v 1504.58550000 -2678.29485000 2956.10500000
v 1521.05550000 -2689.42485000 2928.40100000
v 1562.78550000 -3018.13485000 2874.41700000
v 1514.69550000 -3282.09485000 2932.83600000
v 1538.46550000 -3342.83485000 2930.71700000
v 1537.90550000 -2799.97485000 3388.92400000
v 1540.67550000 -2656.93485000 3368.95400000
v 1570.93550000 -2581.52485000 3345.90200000
v 1557.14550000 -3091.45485000 3249.02800000
v 1570.33550000 -3242.14485000 3137.84000000
v 1548.65550000 -3314.59485000 3033.45000000
v 1536.49550000 -3329.51485000 2990.59300000
v 1543.54550000 -2527.34485000 2962.50600000
v 1544.82550000 -2555.92485000 2918.64800000
v 1531.61550000 -3324.17485000 2923.95500000
v 1552.66550000 -2591.10485000 2888.88700000
v 1530.44550000 -3273.23485000 2906.27900000
v 1547.13550000 -3320.21485000 2895.32400000
v 1583.79550000 -2837.39485000 2855.98100000
v 1542.76550000 -2678.92485000 3389.54400000
v 1556.09550000 -2686.29485000 3405.88300000
v 1565.45550000 -2631.69485000 3390.99300000
v 1562.73550000 -2743.89485000 3406.36900000
v 1588.14550000 -2502.32485000 3262.14200000
v 1567.80550000 -2495.03485000 3149.96100000
v 1606.82550000 -3195.16485000 3180.07100000
v 1555.82550000 -2493.41485000 3064.84000000
v 1561.17550000 -2464.83485000 2987.09900000
v 1576.36550000 -3344.70485000 2994.94100000
v 1565.63550000 -2454.87485000 2920.45500000
v 1559.78550000 -3353.52485000 2948.10200000
v 1555.42550000 -2505.12485000 2919.04000000
v 1560.71550000 -3354.77485000 2894.26900000
v 1565.92550000 -3364.71485000 2907.62000000
v 1569.72550000 -2464.52485000 2877.75600000
v 1585.48550000 -2621.33485000 2840.97500000
v 1569.95550000 -3243.52485000 2864.39800000
v 1595.53550000 -3163.93485000 2836.47500000
v 1577.27550000 -2496.63485000 2845.00500000
v 1625.52550000 -2920.47485000 2818.92500000
v 1585.59550000 -2677.31485000 3421.92400000
v 1584.73550000 -2589.07485000 3395.38800000
v 1591.20550000 -2617.53485000 3416.71400000
v 1602.52550000 -2792.01485000 3396.00100000
v 1649.84550000 -2966.49485000 3316.88200000
v 1591.03550000 -2387.75485000 3017.72500000
v 1639.60550000 -3346.52485000 3023.32300000
v 1580.81550000 -2396.70485000 2930.67000000
v 1591.28550000 -3384.36485000 2909.76800000
v 1585.54550000 -2376.97485000 2863.17700000
v 1579.10550000 -2554.47485000 2844.03500000
v 1613.09550000 -2741.86485000 2823.68500000
v 1645.53550000 -3157.89485000 2792.01500000
v 1591.65550000 -3353.71485000 2852.79100000
v 1598.23550000 -3386.04485000 2873.44200000
v 1588.21550000 -2403.35485000 2823.36500000
v 1649.26550000 -2840.12485000 2795.25500000
v 1625.74550000 -2573.30485000 3439.42000000
v 1608.13550000 -2630.52485000 3432.05700000
v 1608.71550000 -2659.22485000 3433.01300000
v 1605.70550000 -2706.95485000 3420.40900000
v 1614.43550000 -2543.59485000 3404.10100000
v 1642.12550000 -2877.27485000 3356.74700000
v 1631.19550000 -2460.19485000 3339.09400000
v 1672.37550000 -3069.62485000 3260.50400000
v 1621.01550000 -2386.70485000 3159.36300000
v 1673.04550000 -3268.94485000 3127.86100000
v 1683.68550000 -3318.83485000 3073.27200000
v 1626.86550000 -3382.86485000 2950.80100000
v 1608.40550000 -2302.43485000 2938.72000000
v 1596.12550000 -2328.10485000 2900.06600000
v 1617.68550000 -3399.36485000 2910.93900000
v 1611.93550000 -2240.80485000 2859.49600000
v 1621.87550000 -3405.56485000 2887.95900000
v 1597.51550000 -2300.18485000 2825.81500000
v 1592.33550000 -2349.95485000 2820.52500000
v 1625.34550000 -3346.32485000 2811.25500000
v 1604.78550000 -2227.44485000 2772.05500000
v 1597.93550000 -2407.56485000 2781.90500000
v 1601.58550000 -2496.69485000 2796.61500000
v 1656.12550000 -3039.86485000 2788.75500000
v 1631.72550000 -3263.38485000 2803.12500000
v 1618.52550000 -2163.33485000 2776.25500000
v 1598.89550000 -2318.57485000 2778.67500000
v 1648.48550000 -2556.62485000 2756.01500000
v 1673.30550000 -2674.19485000 2757.00500000
v 1616.33550000 -2171.22485000 2720.33500000
v 1607.63550000 -2244.98485000 2735.22500000
v 1612.58550000 -2322.47485000 2729.36500000
v 1615.34550000 -2409.28485000 2746.67500000
v 1618.04550000 -2247.56485000 2708.17500000
v 1627.35550000 -2613.15485000 3440.60200000
v 1640.14550000 -2521.94485000 3435.44200000
v 1641.71550000 -2490.39485000 3411.01300000
v 1676.11550000 -2729.60485000 3412.34500000
v 1705.58550000 -3168.49485000 3200.00800000
v 1623.27550000 -2287.41485000 2985.07900000
v 1641.15550000 -3407.76485000 2910.69300000
v 1638.11550000 -2189.60485000 2891.34600000
v 1644.80550000 -3422.46485000 2844.07500000
v 1644.21550000 -3408.33485000 2817.82500000
v 1643.36550000 -2100.59485000 2781.94500000
v 1694.66550000 -2794.81485000 2750.20500000
v 1631.44550000 -3380.16485000 2815.32500000
v 1633.89550000 -2469.20485000 2740.72500000
v 1644.31550000 -2062.26485000 2714.11500000
v 1632.90550000 -2115.71485000 2732.51500000
v 1646.99550000 -2407.93485000 2700.23500000
v 1643.95550000 -2087.01485000 2692.85500000
v 1642.03550000 -2184.74485000 2679.35500000
v 1638.88550000 -2306.78485000 2687.39500000
v 1656.45550000 -2523.91485000 3450.28500000
v 1650.55550000 -2581.72485000 3447.57800000
v 1646.52550000 -2657.21485000 3433.12800000
v 1663.31550000 -2478.87485000 3438.04100000
v 1666.68550000 -2441.65485000 3409.50900000
v 1680.86550000 -2314.83485000 3246.87600000
v 1671.07550000 -2230.42485000 3065.04800000
v 1677.83550000 -3433.96485000 2866.76500000
v 1680.06550000 -2115.54485000 2915.98300000
v 1705.75550000 -3457.96485000 2786.61500000
v 1694.83550000 -3451.36485000 2820.97500000
v 1705.69550000 -1998.87485000 2812.02500000
v 1651.18550000 -3391.52485000 2797.67500000
v 1669.42550000 -2015.24485000 2716.37500000
v 1675.58550000 -3364.29485000 2772.52500000
v 1655.69550000 -2043.29485000 2691.29500000
v 1655.91550000 -2048.20485000 2679.03500000
v 1664.07550000 -2055.97485000 2668.94500000
v 1684.03550000 -2301.23485000 2641.90500000
v 1681.26550000 -2381.30485000 2655.62500000
v 1677.86550000 -2157.45485000 2648.36500000
v 1702.62550000 -2463.89485000 2657.59500000
v 1687.18550000 -2473.29485000 3456.81800000
v 1680.87550000 -2533.77485000 3456.01200000
v 1703.26550000 -2415.16485000 3444.10000000
v 1730.77550000 -2665.52485000 3425.44400000
v 1694.33550000 -2596.04485000 3445.05000000
v 1701.64550000 -2354.54485000 3370.21100000
v 1725.48550000 -2803.35485000 3378.11700000
v 1812.87550000 -3024.88485000 3267.92600000
v 1723.29550000 -2188.34485000 3163.96700000
v 1723.27550000 -3368.01485000 3021.30200000
v 1730.17550000 -3403.73485000 2961.60600000
v 1683.82550000 -3418.46485000 2908.53000000
v 1722.10550000 -3468.26485000 2800.16500000
v 1709.68550000 -2950.14485000 2743.20500000
v 1709.09550000 -3295.53485000 2743.78500000
v 1697.22550000 -1958.55485000 2701.21500000
v 1693.41550000 -2518.81485000 2689.85500000
v 1759.28550000 -2656.23485000 2660.68500000
v 1724.62550000 -3136.70485000 2731.88500000
v 1684.33550000 -1995.75485000 2672.39500000
v 1664.27550000 -2035.58485000 2686.46500000
v 1721.91550000 -2250.36485000 2617.90500000
v 1726.96550000 -2138.34485000 2617.49500000
v 1725.75550000 -2421.25485000 3466.01500000
v 1715.03550000 -2475.75485000 3465.29900000
v 1814.81550000 -2891.01485000 3326.50200000
v 1773.93550000 -3326.80485000 3080.01200000
v 1756.12550000 -2048.96485000 3028.23600000
v 1738.03550000 -2013.91485000 2921.43500000
v 1765.34550000 -3480.16485000 2811.85500000
v 1714.09550000 -3432.96485000 2757.29500000
v 1737.91550000 -1904.55485000 2743.62500000
v 1719.06550000 -1912.87485000 2659.61500000
v 1746.99550000 -2755.70485000 2694.91500000
v 1705.68550000 -1950.17485000 2655.53500000
v 1711.66550000 -1932.76485000 2650.30500000
v 1708.97550000 -2020.67485000 2638.10500000
v 1720.04550000 -1937.38485000 2639.42500000
v 1758.65550000 -2464.88485000 2598.21500000
v 1746.12550000 -2424.82485000 3472.46700000
v 1750.81550000 -2362.73485000 3463.14200000
v 1747.25550000 -2329.51485000 3434.01400000
v 1736.48550000 -2527.41485000 3455.98000000
v 1781.36550000 -2437.63485000 3467.28500000
v 1797.62550000 -2564.39485000 3439.10300000
v 1756.94550000 -2269.19485000 3394.45100000
v 1756.40550000 -2204.50485000 3291.30900000
v 1734.06550000 -3249.71485000 3142.54100000
v 1760.84550000 -3445.76485000 2888.71800000
v 1744.78550000 -3480.46485000 2777.55500000
v 1751.66550000 -3485.36485000 2758.08500000
v 1768.53550000 -3413.36485000 2704.84500000
v 1784.36550000 -3469.66485000 2702.24500000
v 1762.29550000 -3475.06485000 2730.80500000
v 1751.13550000 -1848.09485000 2660.23500000
v 1738.37550000 -1875.13485000 2639.02500000
v 1742.00550000 -1886.96485000 2626.50500000
v 1764.81550000 -2557.50485000 2619.99500000
v 1761.20550000 -1936.17485000 2605.95500000
v 1801.33550000 -2090.15485000 2579.92500000
v 1813.43550000 -2397.99485000 2557.59500000
v 1778.31550000 -2354.31485000 3473.69500000
v 1781.14550000 -2265.74485000 3436.24300000
v 1802.63550000 -2715.59485000 3398.01100000
v 1816.87550000 -2028.35485000 3179.12400000
v 1819.61550000 -3137.30485000 3207.69400000
v 1783.54550000 -1904.54485000 2875.47500000
v 1775.84550000 -3492.56485000 2732.24500000
v 1788.71550000 -1813.81485000 2726.85500000
v 1782.80550000 -1794.21485000 2645.96500000
v 1795.48550000 -2882.84485000 2665.21500000
v 1801.39550000 -3111.63485000 2671.48500000
v 1792.92550000 -3288.17485000 2681.77500000
v 1763.00550000 -1826.34485000 2643.06500000
v 1767.91550000 -1828.94485000 2629.72500000
v 1787.40550000 -1842.35485000 2602.63500000
v 1813.63550000 -2231.85485000 2566.31500000
v 1813.89550000 -2484.42485000 2551.45500000
v 1802.89550000 -2365.63485000 3475.87600000
v 1803.18550000 -2275.05485000 3461.74800000
v 1792.24550000 -2224.25485000 3420.92200000
v 1790.43550000 -2191.11485000 3370.50700000
v 1820.73550000 -2110.07485000 3328.05100000
v 1787.82550000 -3499.06485000 2755.10500000
v 1811.37550000 -2780.93485000 2635.31500000
v 1792.52550000 -1783.97485000 2624.45500000
v 1861.47550000 -2667.46485000 2544.45500000
v 1809.14550000 -1772.21485000 2611.34500000
v 1839.35550000 -2581.85485000 2541.17500000
v 1847.68550000 -2011.27485000 2556.12500000
v 1814.33550000 -2319.89485000 3478.50900000
v 1814.12550000 -2214.60485000 3444.21900000
v 1857.13550000 -2463.34485000 3450.72000000
v 1818.25550000 -2169.07485000 3404.30300000
v 1870.28550000 -2616.75485000 3413.89200000
v 1809.66550000 -3222.53485000 3156.97200000
v 1877.59550000 -3304.67485000 3089.17700000
v 1794.70550000 -3383.99485000 3007.90700000
v 1878.13550000 -1855.96485000 3061.10400000
v 1838.84550000 -3441.46485000 2927.08500000
v 1861.54550000 -3480.36485000 2861.79200000
v 1832.18550000 -1778.81485000 2796.09500000
v 1819.86550000 -3506.66485000 2777.08500000
v 1838.92550000 -1727.24485000 2721.78500000
v 1830.34550000 -1720.67485000 2659.44500000
v 1821.00550000 -3505.46485000 2689.52500000
v 1852.38550000 -3407.28485000 2643.29500000
v 1809.71550000 -1755.38485000 2632.29500000
v 1835.03550000 -1780.36485000 2583.84500000
v 1857.92550000 -1904.41485000 2560.06500000
v 1837.68550000 -2536.72485000 2533.19500000
v 1824.81550000 -2290.35485000 3476.15700000
v 1855.49550000 -2182.16485000 3464.39500000
v 1849.27550000 -2149.99485000 3438.92500000
v 1868.94550000 -2536.55485000 3433.24400000
v 1872.77550000 -3370.08485000 3027.53300000
v 1876.59550000 -1760.08485000 2889.44600000
v 1879.07550000 -3519.66485000 2776.00500000
v 1879.60550000 -1693.08485000 2773.30500000
v 1846.67550000 -3523.06485000 2733.84500000
v 1826.70550000 -3515.86485000 2710.81500000
v 1854.37550000 -3485.46485000 2655.31500000
v 1828.09550000 -1731.94485000 2621.41500000
v 1883.46550000 -2769.46485000 2557.31500000
v 1898.36550000 -2880.82485000 2566.97500000
v 1853.60550000 -1714.52485000 2595.74500000
v 1919.96550000 -2083.22485000 2517.73500000
v 1930.49550000 -2180.81485000 2507.30500000
v 1909.14550000 -2296.75485000 2510.71500000
v 1865.26550000 -2521.64485000 2510.86500000
v 1865.71550000 -2219.72485000 3474.85100000
v 1845.06550000 -2296.71485000 3477.09400000
v 1872.60550000 -2339.19485000 3468.72300000
v 1855.84550000 -2092.65485000 3389.54000000
v 1878.44550000 -2090.51485000 3433.35100000
v 1848.95550000 -2792.44485000 3362.39900000
v 1897.56550000 -1968.14485000 3311.96000000
v 1888.73550000 -1912.48485000 3188.80300000
v 1870.74550000 -1671.91485000 2696.35500000
v 1882.86550000 -1641.54485000 2652.44500000
v 1873.00550000 -3537.66485000 2678.06500000
v 1862.02550000 -1681.25485000 2622.21500000
v 1881.31550000 -3273.44485000 2618.54500000
v 1883.13550000 -1658.21485000 2600.71500000
v 1868.23550000 -1732.66485000 2576.16500000
v 1900.75550000 -1779.08485000 2554.71500000
v 1897.29550000 -2645.36485000 2494.11500000
v 1961.22550000 -2405.95485000 2467.98500000
v 1894.39550000 -2477.00485000 2497.18500000
v 1908.45550000 -2116.74485000 3473.17200000
v 1891.14550000 -2104.81485000 3455.71200000
v 1915.96550000 -2030.89485000 3438.32400000
v 1893.15550000 -2034.92485000 3397.21500000
v 1921.94550000 -2729.99485000 3369.93300000
v 1921.91550000 -3214.31485000 3145.61500000
v 1944.45550000 -1642.51485000 2857.45300000
v 1875.84550000 -3538.66485000 2700.37500000
v 1892.44550000 -3532.86485000 2648.28500000
v 1891.12550000 -1635.48485000 2622.26500000
v 1886.16550000 -3048.35485000 2598.92500000
v 1898.78550000 -1678.88485000 2579.25500000
v 1903.78550000 -2608.03485000 2481.42500000
v 1905.24550000 -2221.63485000 3476.04900000
v 1953.15550000 -2355.63485000 3449.59100000
v 1912.99550000 -1996.16485000 3392.36600000
v 1988.74550000 -2832.81485000 3316.23400000
v 1974.54550000 -2961.56485000 3265.95200000
v 1939.26550000 -3101.88485000 3204.46500000
v 2012.81550000 -3307.62485000 3068.04200000
v 1968.90550000 -1694.68485000 3032.66700000
v 1917.85550000 -3427.26485000 2960.21900000
v 1896.52550000 -3541.66485000 2718.44500000
v 1930.62550000 -1597.38485000 2718.14500000
v 1917.44550000 -1598.85485000 2637.92500000
v 1930.21550000 -3557.86485000 2673.54500000
v 1924.10550000 -3552.56485000 2645.14500000
v 1939.37550000 -3464.76485000 2586.29500000
v 1927.78550000 -3523.76485000 2608.92500000
v 1910.04550000 -1624.73485000 2602.78500000
v 1951.25550000 -2986.54485000 2537.66500000
v 1961.75550000 -3095.18485000 2543.79500000
v 1949.69550000 -2751.59485000 2470.81500000
v 1946.88550000 -2007.57485000 2509.27500000
v 1957.82550000 -1899.71485000 2515.78500000
v 1935.38550000 -2683.38485000 2463.25500000
v 1962.41550000 -2554.47485000 2444.85500000
v 1948.57550000 -2080.59485000 3476.82000000
v 1920.20550000 -2147.74485000 3475.15800000
v 1951.18550000 -2252.66485000 3463.13900000
v 1951.70550000 -1979.15485000 3448.03100000
v 1948.55550000 -2030.68485000 3462.55500000
v 1946.10550000 -1946.62485000 3401.54500000
v 1930.44550000 -1852.64485000 3211.48500000
v 1972.58550000 -1768.85485000 3190.31200000
v 1948.26550000 -3475.36485000 2894.00900000
v 1943.71550000 -3509.86485000 2820.87500000
v 1946.19550000 -1564.01485000 2610.91500000
v 1945.58550000 -1559.03485000 2650.00500000
v 1963.97550000 -3560.96485000 2599.08500000
v 1954.77550000 -3207.16485000 2559.82500000
v 1946.38550000 -1599.32485000 2580.56500000
v 1996.39550000 -3366.26485000 2535.66500000
v 1953.87550000 -1653.11485000 2558.18500000
v 2029.19550000 -3068.02485000 2483.98500000
v 1974.34550000 -1930.24485000 3437.91300000
v 1948.08550000 -2505.01485000 3421.06000000
v 1988.39550000 -2652.99485000 3375.90900000
v 1968.35550000 -1856.64485000 3327.70800000
v 2008.24550000 -3395.74485000 2992.42600000
v 2007.95550000 -1541.62485000 2833.15500000
v 1991.79550000 -3547.56485000 2736.51500000
v 1975.30550000 -1523.21485000 2674.24500000
v 1978.34550000 -3573.36485000 2624.22500000
v 1959.55550000 -1540.12485000 2635.48500000
v 1974.74550000 -1521.88485000 2616.60500000
v 1985.31550000 -1518.12485000 2589.08500000
v 2011.15550000 -1522.40485000 2563.22500000
v 2010.35550000 -3478.56485000 2528.09500000
v 2023.14550000 -2957.50485000 2463.78500000
v 2018.78550000 -1726.01485000 2520.16500000
v 1999.37550000 -2833.79485000 2445.01500000
v 1974.86550000 -2660.24485000 2422.75500000
v 1964.52550000 -2145.86485000 3469.86400000
v 1985.03550000 -2035.71485000 3471.32200000
v 1977.44550000 -1954.61485000 3453.58600000
v 1980.23550000 -1895.94485000 3409.07800000
v 2035.82550000 -1665.07485000 3175.92800000
v 2014.77550000 -3574.66485000 2659.36500000
v 1994.88550000 -1490.79485000 2602.90500000
v 2017.33550000 -3589.56485000 2582.85500000
v 2019.90550000 -3566.16485000 2540.24500000
v 2028.37550000 -3528.26485000 2520.81500000
v 2042.96550000 -1871.33485000 2486.29500000
v 2027.79550000 -1968.38485000 2478.22500000
v 1998.51550000 -2260.20485000 2463.97500000
v 2010.91550000 -2745.65485000 2402.05500000
v 2014.07550000 -2643.31485000 2394.67500000
v 1995.45550000 -1962.61485000 3462.20500000
v 2009.74550000 -1888.18485000 3441.80300000
v 2008.68550000 -1833.32485000 3388.16200000
v 2058.63550000 -2748.10485000 3328.32600000
v 2079.12550000 -3080.75485000 3183.44100000
v 2017.80550000 -1601.28485000 2985.77300000
v 2007.35550000 -3455.46485000 2926.10200000
v 2051.65550000 -1428.91485000 2697.96500000
v 2012.05550000 -1467.20485000 2626.53500000
v 2011.23550000 -1472.04485000 2596.97500000
v 2022.24550000 -3588.16485000 2559.83500000
v 2054.79550000 -3218.12485000 2480.22500000
v 2078.41550000 -1766.14485000 2492.49500000
v 2072.03550000 -2132.05485000 2438.05500000
v 2091.29550000 -2502.80485000 2378.20500000
v 2064.75550000 -2611.91485000 2370.81500000
v 2045.53550000 -2714.61485000 2364.81500000
v 2029.61550000 -1950.58485000 3466.38500000
v 2027.34550000 -2061.64485000 3461.42800000
v 2045.34550000 -1855.35485000 3454.21100000
v 2029.34550000 -1903.58485000 3457.13900000
v 2055.22550000 -2200.83485000 3440.78100000
v 2038.05550000 -1796.27485000 3402.83500000
v 2098.05550000 -2516.29485000 3377.26000000
v 2047.52550000 -1723.28485000 3314.26400000
v 2061.14550000 -3213.63485000 3115.13400000
v 2050.88550000 -1609.10485000 3102.84000000
v 2107.07550000 -3371.26485000 3001.99500000
v 2053.64550000 -3508.06485000 2836.04500000
v 2055.41550000 -1406.35485000 2624.16500000
v 2044.97550000 -1425.85485000 2596.20500000
v 2057.50550000 -3596.76485000 2609.40500000
v 2076.05550000 -3613.96485000 2569.03500000
v 2034.34550000 -1458.41485000 2578.70500000
v 2066.42550000 -3612.76485000 2548.45500000
v 2031.43550000 -1581.68485000 2541.61500000
v 2066.39550000 -3485.56485000 2488.94500000
v 2092.32550000 -2682.36485000 2339.09500000
v 2082.31550000 -2765.54485000 2333.94500000
v 2058.99550000 -1865.40485000 3457.73100000
v 2052.05550000 -1807.30485000 3430.45000000
v 2032.63550000 -2389.68485000 3418.86400000
v 2060.57550000 -1751.87485000 3389.21300000
v 2102.01550000 -2658.62485000 3341.22000000
v 2074.08550000 -1533.23485000 3012.48500000
v 2107.37550000 -1438.33485000 2896.17000000
v 2130.56550000 -3557.96485000 2740.78500000
v 2093.12550000 -1352.98485000 2635.70500000
v 2083.43550000 -1369.14485000 2601.70500000
v 2072.10550000 -1400.48485000 2580.18500000
v 2083.45550000 -1414.36485000 2559.72500000
v 2078.00550000 -1488.53485000 2543.41500000
v 2107.23550000 -1552.17485000 2520.03500000
v 2073.73550000 -3609.46485000 2521.69500000
v 2100.40550000 -3396.94485000 2459.20500000
v 2075.35550000 -3555.06485000 2490.34500000
v 2110.78550000 -2924.18485000 2358.14500000
v 2124.47550000 -2334.97485000 2384.73500000
v 2082.52550000 -2817.90485000 2347.99500000
v 2072.23550000 -1806.84485000 3443.53800000
v 2092.55550000 -1735.34485000 3416.41100000
v 2106.27550000 -1870.47485000 3452.58500000
v 2095.86550000 -1986.12485000 3450.06100000
v 2080.44550000 -2085.80485000 3446.20900000
v 2133.65550000 -2324.95485000 3400.09500000
v 2091.61550000 -1695.69485000 3374.92500000
v 2130.64550000 -1616.97485000 3345.14300000
v 2096.13550000 -1592.43485000 3198.11300000
v 2137.87550000 -2985.10485000 3211.01300000
v 2159.80550000 -3319.44485000 3024.55000000
v 2106.03550000 -3462.26485000 2906.69900000
v 2135.80550000 -1333.08485000 2746.75500000
v 2104.71550000 -1349.13485000 2679.56500000
v 2094.05550000 -3585.66485000 2661.47500000
v 2118.99550000 -3632.26485000 2539.39500000
v 2125.21550000 -3635.26485000 2513.80500000
v 2122.85550000 -3598.36485000 2467.70500000
v 2156.51550000 -1793.50485000 2460.75500000
v 2109.17550000 -3134.18485000 2424.09500000
v 2135.61550000 -1981.79485000 2431.33500000
v 2111.76550000 -3045.83485000 2398.66500000
v 2109.17550000 -2744.08485000 2313.55500000
v 2096.27550000 -1765.71485000 3436.75300000
v 2109.82550000 -1798.68485000 3444.03900000
v 2125.31550000 -1732.22485000 3431.96800000
v 2145.54550000 -1661.41485000 3416.02800000
v 2153.85550000 -2027.74485000 3429.86700000
v 2124.00550000 -1665.38485000 3391.71900000
v 2178.83550000 -2402.58485000 3374.52500000
v 2210.68550000 -2588.94485000 3323.72500000
v 2184.51550000 -2782.19485000 3276.04000000
v 2138.08550000 -2894.75485000 3246.49500000
v 2167.74550000 -3425.06485000 2938.35600000
v 2135.30550000 -1299.16485000 2659.83500000
v 2144.63550000 -3622.06485000 2579.86500000
v 2112.52550000 -1341.41485000 2578.37500000
v 2139.27550000 -1653.21485000 2492.43500000
v 2158.72550000 -3638.06485000 2469.12500000
v 2151.94550000 -3328.73485000 2415.22500000
v 2197.73550000 -2626.72485000 2289.32500000
v 2164.32550000 -2708.59485000 2287.04500000
v 2154.55550000 -1678.80485000 3427.91500000
v 2168.69550000 -2686.54485000 3310.64100000
v 2161.16550000 -1536.88485000 3272.10100000
v 2172.78550000 -3166.62485000 3111.62500000
v 2155.65550000 -1484.07485000 3144.75100000
v 2162.01550000 -3535.16485000 2791.26500000
v 2129.63550000 -1301.27485000 2606.51500000
v 2139.72550000 -1290.68485000 2576.94500000
v 2137.28550000 -1304.99485000 2567.54500000
v 2151.89550000 -1314.43485000 2552.20500000
v 2163.98550000 -1400.04485000 2525.91500000
v 2165.40550000 -3232.33485000 2390.66500000
v 2170.07550000 -3132.11485000 2365.77500000
v 2137.60550000 -2802.09485000 2284.49500000
v 2154.95550000 -1744.72485000 3437.40000000
v 2167.56550000 -1780.82485000 3438.31800000
v 2170.11550000 -1687.83485000 3432.09600000
v 2173.10550000 -1874.11485000 3433.98100000
v 2157.31550000 -1611.19485000 3387.24700000
v 2224.86550000 -3258.21485000 3043.73500000
v 2184.68550000 -1398.31485000 3041.32000000
v 2189.32550000 -1331.69485000 2909.11000000
v 2188.82550000 -3515.06485000 2823.65500000
v 2174.86550000 -1260.32485000 2700.08500000
v 2172.74550000 -1248.40485000 2638.80500000
v 2167.80550000 -1252.87485000 2590.97500000
v 2162.06550000 -1271.71485000 2566.98500000
v 2200.50550000 -3650.16485000 2514.32500000
v 2181.31550000 -3650.96485000 2481.42500000
v 2227.27550000 -1921.40485000 2407.64500000
v 2127.50550000 -3512.86485000 2449.16500000
v 2188.25550000 -2094.17485000 2388.14500000
v 2206.29550000 -2258.23485000 2350.32500000
v 2200.64550000 -3064.37485000 2313.81500000
v 2220.61550000 -2467.58485000 2309.53500000
v 2210.67550000 -2544.50485000 2300.06500000
v 2149.28550000 -2868.74485000 2289.16500000
v 2184.32550000 -2757.76485000 2260.64500000
v 2189.55550000 -1624.65485000 3421.02700000
v 2199.04550000 -1690.31485000 3432.33000000
v 2188.92550000 -1585.56485000 3401.20800000
v 2191.65550000 -2136.83485000 3406.43200000
v 2182.16550000 -1558.46485000 3357.91200000
v 2233.04550000 -2288.16485000 3373.75600000
v 2236.92550000 -2425.25485000 3348.82500000
v 2251.69550000 -1319.67485000 3071.48900000
v 2237.79550000 -3480.86485000 2863.83400000
v 2252.89550000 -3559.06485000 2739.52500000
v 2205.44550000 -1264.16485000 2803.81500000
v 2233.50550000 -3606.36485000 2634.50500000
v 2201.17550000 -1224.26485000 2569.79500000
v 2205.74550000 -1245.92485000 2545.96500000
v 2230.79550000 -3661.26485000 2435.51500000
v 2203.32550000 -3630.96485000 2415.28500000
v 2195.59550000 -3461.66485000 2389.63500000
v 2194.37550000 -3572.96485000 2404.62500000
v 2264.20550000 -2188.13485000 2333.71500000
v 2200.34550000 -2959.41485000 2265.44500000
v 2203.49550000 -2897.82485000 2228.04500000
v 2200.09550000 -2812.15485000 2230.13500000
v 2193.03550000 -2854.12485000 2232.37500000
v 2211.60550000 -1633.89485000 3427.37600000
v 2221.36550000 -1565.54485000 3410.53300000
v 2220.27550000 -1483.26485000 3316.30100000
v 2282.09550000 -2844.80485000 3217.38500000
v 2213.31550000 -3070.58485000 3145.82300000
v 2246.51550000 -3387.14485000 2951.47200000
v 2212.63550000 -1225.29485000 2714.25500000
v 2212.12550000 -1213.51485000 2627.36500000
v 2224.18550000 -1277.54485000 2523.28500000
v 2209.63550000 -1488.22485000 2494.75500000
v 2274.59550000 -3665.46485000 2463.45500000
v 2228.80550000 -3650.36485000 2412.16500000
v 2314.39550000 -1771.16485000 2409.05500000
v 2240.73550000 -2044.51485000 2374.74500000
v 2228.17550000 -3335.37485000 2350.65500000
v 2259.35550000 -3224.45485000 2300.92500000
v 2265.35550000 -2707.27485000 2226.46500000
v 2238.27550000 -2944.65485000 2205.54500000
v 2230.72550000 -2850.01485000 2191.98500000
v 2241.72550000 -1575.12485000 3416.49900000
v 2221.62550000 -1535.20485000 3382.57300000
v 2243.65550000 -1928.34485000 3409.49300000
v 2304.12550000 -2637.73485000 3275.87700000
v 2242.35550000 -1391.91485000 3197.48800000
v 2256.07550000 -2946.45485000 3184.19900000
v 2255.15550000 -1258.71485000 2943.12700000
v 2269.86550000 -1189.08485000 2756.06500000
v 2236.40550000 -1195.73485000 2580.54500000
v 2241.13550000 -1206.53485000 2550.40500000
v 2272.07550000 -3642.76485000 2549.71500000
v 2251.20550000 -1223.55485000 2528.37500000
v 2247.09550000 -1629.69485000 2458.88500000
v 2265.75550000 -3627.16485000 2354.54500000
v 2291.49550000 -2369.11485000 2285.01500000
v 2268.02550000 -3063.55485000 2237.07500000
v 2325.38550000 -2517.48485000 2236.52500000
v 2266.37550000 -2781.54485000 2197.05500000
v 2263.24550000 -3001.83485000 2205.00500000
v 2238.64550000 -2821.70485000 2197.46500000
v 2242.44550000 -2898.80485000 2180.33500000
v 2252.60550000 -1630.65485000 3419.87500000
v 2237.70550000 -1755.59485000 3420.11600000
v 2270.72550000 -1508.68485000 3399.03600000
v 2260.86550000 -1478.21485000 3372.23200000
v 2269.31550000 -1437.66485000 3349.27300000
v 2281.02550000 -1394.54485000 3306.17000000
v 2300.03550000 -1296.46485000 3164.28500000
v 2314.50550000 -3177.86485000 3056.42000000
v 2313.25550000 -3339.18485000 2965.04300000
v 2303.71550000 -3447.46485000 2883.63000000
v 2255.60550000 -1221.56485000 2837.10500000
v 2308.73550000 -1166.95485000 2697.63500000
v 2292.41550000 -1174.06485000 2574.69500000
v 2294.56550000 -1336.21485000 2482.83500000
v 2306.25550000 -3675.16485000 2409.88500000
v 2262.64550000 -3648.66485000 2372.83500000
v 2287.40550000 -3666.26485000 2379.32500000
v 2326.86550000 -1943.82485000 2364.67500000
v 2272.29550000 -3559.26485000 2336.71500000
v 2279.43550000 -2836.12485000 2161.29500000
v 2270.80550000 -2885.41485000 2146.93500000
v 2291.63550000 -2984.38485000 2152.05500000
v 2292.72550000 -1454.74485000 3384.26800000
v 2301.93550000 -1515.16485000 3402.97100000
v 2320.27550000 -1796.51485000 3396.74200000
v 2303.54550000 -1414.71485000 3366.60100000
v 2315.65550000 -2090.25485000 3371.65400000
v 2317.21550000 -1374.31485000 3343.96900000
v 2328.81550000 -1297.73485000 3251.25100000
v 2291.67550000 -1213.99485000 2937.07200000
v 2368.38550000 -3501.86485000 2811.42500000
v 2320.44550000 -1169.68485000 2849.38700000
v 2308.10550000 -1187.41485000 2885.68300000
v 2357.21550000 -1156.38485000 2869.50400000
v 2360.79550000 -3604.36485000 2643.70500000
v 2290.29550000 -1191.85485000 2531.00500000
v 2291.54550000 -1232.94485000 2507.27500000
v 2300.37550000 -1500.98485000 2460.41500000
v 2364.68550000 -1589.26485000 2424.38500000
v 2287.01550000 -3462.56485000 2314.82500000
v 2336.34550000 -3635.46485000 2291.41500000
v 2314.40550000 -3355.85485000 2279.19500000
v 2396.05550000 -2646.47485000 2161.28500000
v 2335.83550000 -3159.07485000 2205.86500000
v 2338.41550000 -3081.33485000 2160.79500000
v 2310.98550000 -2892.87485000 2105.80500000
v 2296.83550000 -2929.06485000 2117.79500000
v 2329.22550000 -1466.63485000 3393.81300000
v 2333.21550000 -1565.51485000 3398.66800000
v 2333.59550000 -1397.32485000 3375.49800000
v 2339.25550000 -1319.24485000 3312.87100000
v 2376.19550000 -3014.22485000 3109.64000000
v 2309.55550000 -1238.56485000 3055.40700000
v 2315.52550000 -3529.86485000 2781.10500000
v 2361.48550000 -1146.87485000 2650.83500000
v 2326.52550000 -1169.18485000 2536.10500000
v 2356.62550000 -3672.36485000 2464.40500000
v 2326.72550000 -3677.16485000 2425.71500000
v 2323.94550000 -3680.06485000 2372.51500000
v 2321.25550000 -3661.06485000 2324.29500000
v 2380.29550000 -2114.00485000 2299.02500000
v 2363.23550000 -3300.12485000 2226.45500000
v 2367.32550000 -3563.16485000 2254.04500000
v 2382.84550000 -3247.90485000 2192.79500000
v 2339.61550000 -2792.11485000 2147.16500000
v 2320.02550000 -2978.30485000 2103.47500000
v 2357.24550000 -3032.98485000 2092.18500000
v 2360.21550000 -2840.19485000 2106.67500000
v 2352.04550000 -2886.38485000 2076.05500000
v 2338.21550000 -2954.47485000 2066.72500000
v 2329.93550000 -1428.75485000 3385.29200000
v 2309.54550000 -1690.19485000 3403.25200000
v 2360.18550000 -1334.16485000 3354.67500000
v 2358.90550000 -1902.56485000 3375.82000000
v 2349.81550000 -1324.14485000 3335.04000000
v 2347.87550000 -2241.51485000 3340.20300000
v 2342.19550000 -2446.34485000 3305.70100000
v 2401.94550000 -2770.16485000 3195.07800000
v 2341.26550000 -1188.96485000 3005.93000000
v 2364.37550000 -1196.24485000 3113.90300000
v 2346.30550000 -3280.51485000 2989.71100000
v 2389.91550000 -1139.50485000 2760.35500000
v 2358.25550000 -1155.41485000 2568.38500000
v 2344.10550000 -1186.30485000 2504.82500000
v 2343.96550000 -1234.90485000 2482.14500000
v 2354.69550000 -3686.96485000 2335.55500000
v 2383.71550000 -3458.66485000 2232.27500000
v 2368.67550000 -2743.36485000 2148.60500000
v 2346.37550000 -2991.05485000 2072.21500000
v 2356.32550000 -2928.00485000 2049.25500000
v 2365.24550000 -1454.21485000 3389.02800000
v 2376.98550000 -1358.81485000 3370.85200000
v 2379.09550000 -1811.88485000 3377.67700000
v 2399.01550000 -2084.09485000 3344.72900000
v 2375.71550000 -1255.21485000 3295.56700000
v 2394.54550000 -2533.53485000 3268.52100000
v 2381.59550000 -1228.35485000 3256.49700000
v 2500.73550000 -2604.81485000 3205.09900000
v 2350.04550000 -1238.52485000 3179.35500000
v 2396.87550000 -1167.12485000 3108.64400000
v 2392.66550000 -3407.59485000 2889.33200000
v 2375.92550000 -1162.14485000 2989.33800000
v 2413.33550000 -1137.65485000 2880.39300000
v 2369.81550000 -3573.16485000 2702.71500000
v 2408.09550000 -3643.46485000 2545.11500000
v 2362.03550000 -1167.53485000 2523.43500000
v 2395.23550000 -1287.64485000 2451.64500000
v 2392.56550000 -1455.58485000 2432.61500000
v 2358.20550000 -3684.96485000 2392.51500000
v 2391.26550000 -3673.46485000 2251.86500000
v 2424.04550000 -2287.80485000 2230.83500000
v 2428.57550000 -3378.12485000 2181.87500000
v 2398.40550000 -2865.77485000 2062.83500000
v 2394.09550000 -2903.79485000 2036.71500000
v 2388.35550000 -3011.82485000 2033.34500000
v 2364.03550000 -1412.17485000 3382.66300000
v 2404.28550000 -1495.79485000 3379.34700000
v 2410.68550000 -1676.37485000 3371.85300000
v 2379.11550000 -1275.92485000 3324.90100000
v 2363.17550000 -2895.45485000 3163.55000000
v 2415.65550000 -3467.06485000 2831.19500000
v 2471.81550000 -3561.66485000 2700.34500000
v 2416.87550000 -1141.58485000 2624.98500000
v 2401.06550000 -1179.96485000 2491.18500000
v 2399.52550000 -1215.31485000 2471.37500000
v 2447.60550000 -1833.20485000 2345.69500000
v 2406.56550000 -3701.66485000 2343.92500000
v 2443.88550000 -1962.26485000 2313.91500000
v 2383.73550000 -3689.66485000 2285.57500000
v 2400.82550000 -3702.06485000 2301.14500000
v 2445.91550000 -3708.06485000 2239.35500000
v 2429.21550000 -3647.56485000 2206.09500000
v 2443.66550000 -2419.94485000 2187.50500000
v 2442.77550000 -3117.24485000 2060.28500000
v 2437.73550000 -3065.38485000 2019.06500000
v 2406.47550000 -2949.02485000 1997.91500000
v 2391.08550000 -2973.25485000 2014.03500000
v 2402.42550000 -1297.42485000 3356.44800000
v 2428.24550000 -1822.04485000 3359.66800000
v 2436.71550000 -1950.71485000 3345.22300000
v 2416.45550000 -1247.85485000 3336.74100000
v 2409.34550000 -1218.52485000 3293.49100000
v 2478.39550000 -2078.19485000 3315.96300000
v 2483.79550000 -2453.60485000 3249.24400000
v 2398.43550000 -1193.54485000 3202.38000000
v 2485.11550000 -2900.69485000 3111.60700000
v 2463.77550000 -3248.82485000 2962.69200000
v 2437.07550000 -3329.21485000 2925.02500000
v 2515.98550000 -3514.36485000 2748.30500000
v 2424.72550000 -1133.58485000 2741.26500000
v 2475.57550000 -3610.66485000 2611.22500000
v 2402.63550000 -1164.16485000 2534.50500000
v 2445.76550000 -1563.30485000 2399.77500000
v 2472.01550000 -2188.38485000 2236.74500000
v 2446.51550000 -3696.66485000 2218.04500000
v 2506.27550000 -2540.44485000 2118.24500000
v 2462.20550000 -3312.49485000 2136.51500000
v 2459.20550000 -3238.32485000 2112.88500000
v 2428.05550000 -3159.62485000 2106.23500000
v 2406.46550000 -2789.12485000 2106.04500000
v 2461.60550000 -2821.67485000 2053.76500000
v 2453.05550000 -2923.28485000 1982.70500000
v 2454.82550000 -3013.76485000 1954.37500000
v 2445.88550000 -2984.06485000 1955.49500000
v 2411.23550000 -1394.19485000 3371.81800000
v 2436.65550000 -1259.75485000 3348.55800000
v 2426.34550000 -1312.07485000 3359.35400000
v 2445.19550000 -1196.51485000 3312.96700000
v 2475.73550000 -2266.39485000 3286.73900000
v 2426.69550000 -1162.08485000 3185.00100000
v 2446.48550000 -1146.50485000 3158.83900000
v 2425.35550000 -3136.62485000 3033.94900000
v 2514.34550000 -3051.91485000 3033.60900000
v 2464.19550000 -1133.29485000 3057.42200000
v 2451.28550000 -1127.80485000 2859.51300000
v 2470.55550000 -1190.10485000 2487.18500000
v 2471.23550000 -1215.55485000 2453.78500000
v 2440.00550000 -1241.23485000 2445.61500000
v 2420.92550000 -3692.96485000 2394.63500000
v 2469.09550000 -1387.54485000 2408.98500000
v 2495.87550000 -1660.97485000 2360.93500000
v 2466.70550000 -3715.76485000 2271.05500000
v 2473.33550000 -3463.96485000 2153.92500000
v 2438.96550000 -3528.46485000 2187.75500000
v 2465.03550000 -3598.76485000 2167.50500000
v 2459.43550000 -2875.66485000 2017.78500000
v 2465.18550000 -3049.95485000 1972.60500000
v 2548.20550000 -3119.60485000 1946.48500000
v 2449.98550000 -2959.99485000 1959.10500000
v 2473.70550000 -1512.58485000 3355.65500000
v 2461.18550000 -1216.69485000 3332.03700000
v 2452.63550000 -1169.00485000 3253.97000000
v 2472.75550000 -1129.67485000 2750.20500000
v 2462.16550000 -1163.20485000 2563.89500000
v 2490.75550000 -3684.26485000 2431.87500000
v 2462.77550000 -1291.83485000 2424.44500000
v 2506.22550000 -1510.79485000 2379.73500000
v 2524.60550000 -3711.26485000 2337.04500000
v 2502.24550000 -3722.06485000 2205.24500000
v 2512.10550000 -3715.76485000 2165.75500000
v 2473.97550000 -3688.36485000 2180.12500000
v 2509.63550000 -3552.66485000 2125.40500000
v 2520.87550000 -3671.06485000 2122.21500000
v 2469.51550000 -2747.76485000 2080.86500000
v 2473.95550000 -2954.10485000 1943.74500000
v 2486.80550000 -1241.76485000 3340.34200000
v 2488.56550000 -1344.87485000 3347.06000000
v 2509.43550000 -1667.30485000 3340.36500000
v 2494.93550000 -1795.83485000 3336.59500000
v 2482.60550000 -1177.93485000 3307.82400000
v 2505.25550000 -1136.68485000 3239.13000000
v 2563.05550000 -3156.08485000 2964.57100000
v 2511.15550000 -1118.11485000 2999.53200000
v 2507.16550000 -3451.56485000 2811.45500000
v 2490.79550000 -1123.69485000 2857.81100000
v 2511.29550000 -1142.83485000 2706.53500000
v 2492.23550000 -1260.08485000 2424.31500000
v 2541.54550000 -1340.95485000 2387.06500000
v 2540.22550000 -1911.66485000 2288.63500000
v 2547.47550000 -3730.76485000 2259.32500000
v 2544.67550000 -2075.41485000 2238.48500000
v 2531.78550000 -3731.76485000 2214.07500000
v 2545.40550000 -3406.40485000 2080.95500000
v 2556.33550000 -3495.16485000 2081.53500000
v 2516.27550000 -2905.54485000 1955.37500000
v 2502.10550000 -2952.78485000 1923.92500000
v 2502.91550000 -2980.96485000 1908.94500000
v 2517.10550000 -3012.52485000 1895.82500000
v 2507.78550000 -1188.22485000 3322.12100000
v 2516.01550000 -1148.52485000 3279.64600000
v 2517.01550000 -1126.84485000 3186.47800000
v 2511.79550000 -3388.26485000 2855.87100000
v 2525.34550000 -1163.54485000 2625.11500000
v 2523.63550000 -1187.54485000 2542.84500000
v 2538.10550000 -2243.97485000 2186.85500000
v 2556.38550000 -3710.06485000 2102.80500000
v 2554.90550000 -3628.56485000 2085.20500000
v 2568.91550000 -3306.77485000 2032.72500000
v 2516.78550000 -2856.30485000 1995.29500000
v 2537.19550000 -2975.19485000 1883.87500000
v 2562.64550000 -3063.99485000 1886.64500000
v 2523.81550000 -1161.81485000 3304.07800000
v 2606.71550000 -2448.66485000 3199.50400000
v 2565.39550000 -1112.05485000 2979.24600000
v 2542.34550000 -1126.23485000 2850.88700000
v 2602.95550000 -1168.15485000 2723.34500000
v 2562.52550000 -3657.26485000 2496.18500000
v 2534.06550000 -1207.76485000 2490.89500000
v 2544.94550000 -1228.81485000 2460.02500000
v 2535.30550000 -1251.27485000 2425.67500000
v 2546.88550000 -1289.00485000 2401.57500000
v 2580.89550000 -1317.40485000 2379.86500000
v 2566.08550000 -1434.51485000 2363.95500000
v 2621.08550000 -1783.05485000 2284.00500000
v 2578.23550000 -3727.76485000 2292.99500000
v 2527.76550000 -2346.91485000 2159.26500000
v 2570.89550000 -2429.46485000 2109.62500000
v 2551.02550000 -3210.51485000 2007.36500000
v 2560.05550000 -2802.58485000 1996.87500000
v 2560.05550000 -1190.28485000 3315.71800000
v 2564.95550000 -1277.69485000 3320.88700000
v 2577.22550000 -1455.31485000 3319.68300000
v 2560.44550000 -1607.17485000 3323.11400000
v 2556.42550000 -1160.75485000 3304.51200000
v 2553.51550000 -1145.20485000 3288.44200000
v 2606.30550000 -1897.82485000 3286.47900000
v 2567.77550000 -1127.57485000 3251.42000000
v 2602.98550000 -2257.49485000 3237.83200000
v 2555.93550000 -1116.66485000 3151.32100000
v 2597.93550000 -3312.43485000 2865.21500000
v 2628.58550000 -3565.56485000 2646.39500000
v 2596.83550000 -1194.26485000 2621.41500000
v 2618.06550000 -3620.86485000 2555.54500000
v 2631.29550000 -3699.36485000 2381.25500000
v 2558.37550000 -3737.16485000 2160.80500000
v 2598.42550000 -2666.08485000 2020.01500000
v 2619.00550000 -3562.06485000 2026.02500000
v 2638.96550000 -3637.16485000 2004.39500000
v 2622.59550000 -3676.56485000 2019.84500000
v 2631.17550000 -3712.36485000 2020.85500000
v 2609.52550000 -3269.78485000 1983.30500000
v 2569.88550000 -2987.63485000 1853.52500000
v 2565.25550000 -2941.26485000 1894.05500000
v 2565.82550000 -3004.91485000 1854.02500000
v 2611.22550000 -3031.00485000 1820.15500000
v 2570.85550000 -2110.20485000 3273.45400000
v 2626.53550000 -2739.91485000 3105.49600000
v 2654.86550000 -2910.84485000 3027.54800000
v 2596.87550000 -1107.30485000 3099.81200000
v 2708.42550000 -3046.84485000 2944.47500000
v 2578.14550000 -3224.19485000 2923.27200000
v 2603.14550000 -1117.91485000 2956.27400000
v 2631.03550000 -3421.86485000 2778.94500000
v 2610.65550000 -3529.06485000 2698.08500000
v 2585.55550000 -1219.42485000 2531.12500000
v 2589.62550000 -1264.93485000 2425.40500000
v 2583.36550000 -1289.64485000 2399.52500000
v 2619.58550000 -3724.86485000 2305.43500000
v 2615.86550000 -1350.96485000 2358.56500000
v 2633.36550000 -1519.54485000 2324.57500000
v 2702.87550000 -1915.73485000 2214.62500000
v 2585.14550000 -3745.66485000 2198.13500000
v 2660.86550000 -2317.55485000 2098.94500000
v 2597.94550000 -3736.96485000 2090.97500000
v 2651.66550000 -2528.72485000 2027.25500000
v 2615.89550000 -3725.16485000 2049.62500000
v 2633.50550000 -3471.86485000 2008.48500000
v 2582.42550000 -2873.89485000 1938.26500000
v 2610.39550000 -1160.99485000 3294.10100000
v 2595.37550000 -1141.97485000 3280.30100000
v 2564.62550000 -1723.50485000 3315.80100000
v 2622.24550000 -1109.52485000 3047.64700000
v 2676.86550000 -3184.74485000 2893.67500000
v 2641.24550000 -1150.45485000 2865.64800000
v 2608.66550000 -3490.36485000 2733.51500000
v 2623.92550000 -1409.64485000 2344.99500000
v 2662.07550000 -1641.25485000 2292.08500000
v 2627.80550000 -3742.56485000 2244.62500000
v 2751.15550000 -2060.11485000 2147.49500000
v 2627.64550000 -3756.36485000 2128.72500000
v 2661.78550000 -2171.94485000 2151.53500000
v 2619.92550000 -2829.61485000 1944.05500000
v 2654.90550000 -3193.45485000 1898.97500000
v 2645.17550000 -2916.33485000 1861.77500000
v 2629.93550000 -3121.73485000 1866.68500000
v 2609.76550000 -2965.33485000 1842.83500000
v 2617.83550000 -2996.05485000 1818.42500000
v 2656.87550000 -3084.88485000 1813.92500000
v 2633.01550000 -1213.81485000 3292.44100000
v 2649.05550000 -1642.93485000 3286.02100000
v 2622.26550000 -1123.22485000 3260.37900000
v 2625.55550000 -1112.33485000 3204.77200000
v 2722.91550000 -2488.51485000 3135.85000000
v 2654.04550000 -1200.62485000 2689.06500000
v 2664.33550000 -1284.23485000 2472.16500000
v 2636.90550000 -1306.20485000 2400.43500000
v 2622.85550000 -1324.93485000 2375.37500000
v 2638.75550000 -3757.06485000 2180.38500000
v 2676.08550000 -2440.01485000 2042.42500000
v 2663.55550000 -3754.46485000 2047.79500000
v 2655.81550000 -3306.43485000 1955.21500000
v 2660.17550000 -2776.68485000 1940.38500000
v 2656.16550000 -3258.54485000 1934.52500000
v 2677.99550000 -2848.33485000 1892.49500000
v 2677.02550000 -3016.93485000 1764.95500000
v 2670.39550000 -1335.79485000 3283.68100000
v 2640.92550000 -1138.00485000 3270.72600000
v 2664.75550000 -1122.16485000 3242.56600000
v 2683.08550000 -2098.04485000 3229.83500000
v 2744.99550000 -3609.06485000 2533.24500000
v 2692.22550000 -1242.68485000 2628.80500000
v 2665.98550000 -1339.34485000 2368.28500000
v 2657.08550000 -1353.56485000 2355.42500000
v 2702.64550000 -3768.26485000 2134.92500000
v 2672.85550000 -3396.94485000 1962.48500000
v 2685.97550000 -3665.96485000 1958.70500000
v 2698.71550000 -3704.26485000 1954.41500000
v 2660.31550000 -2961.67485000 1811.78500000
v 2676.28550000 -2990.28485000 1777.45500000
v 2675.45550000 -1468.31485000 3281.34500000
v 2663.28550000 -1164.82485000 3273.38000000
v 2738.17550000 -1449.51485000 3257.96300000
v 2670.31550000 -1111.82485000 3135.84900000
v 2664.26550000 -1123.98485000 3023.18400000
v 2741.49550000 -1157.84485000 2994.85500000
v 2704.39550000 -3481.56485000 2698.44500000
v 2696.28550000 -3525.66485000 2659.68500000
v 2682.56550000 -3669.96485000 2440.19500000
v 2673.95550000 -1386.20485000 2337.95500000
v 2694.46550000 -1437.00485000 2318.60500000
v 2783.26550000 -1782.19485000 2209.75500000
v 2693.46550000 -3754.56485000 2204.40500000
v 2703.46550000 -3765.96485000 2056.56500000
v 2755.44550000 -2415.38485000 2005.01500000
v 2657.70550000 -3738.86485000 2021.01500000
v 2701.56550000 -3506.16485000 1952.41500000
v 2703.55550000 -3605.76485000 1950.01500000
v 2731.04550000 -2717.25485000 1914.87500000
v 2731.62550000 -3260.99485000 1871.51500000
v 2716.88550000 -2881.85485000 1846.28500000
v 2730.44550000 -2927.61485000 1796.26500000
v 2716.86550000 -2974.17485000 1760.36500000
v 2675.97550000 -3049.80485000 1775.52500000
v 2722.76550000 -1229.39485000 3257.32500000
v 2705.75550000 -1152.09485000 3246.61600000
v 2749.05550000 -1961.18485000 3221.60000000
v 2723.82550000 -1129.54485000 3225.96200000
v 2684.66550000 -1119.15485000 3207.82000000
v 2712.70550000 -2282.89485000 3185.41100000
v 2741.64550000 -3248.40485000 2827.90500000
v 2713.46550000 -3342.29485000 2788.70500000
v 2712.79550000 -1208.25485000 2766.47500000
v 2708.24550000 -1375.87485000 2347.17500000
v 2726.71550000 -3734.36485000 2266.76500000
v 2718.41550000 -1408.48485000 2326.97500000
v 2764.85550000 -1585.74485000 2258.29500000
v 2738.76550000 -1688.58485000 2249.13500000
v 2717.07550000 -3753.46485000 1988.36500000
v 2782.99550000 -2625.15485000 1908.74500000
v 2690.67550000 -3729.16485000 1980.74500000
v 2706.85550000 -3328.17485000 1916.40500000
v 2724.87550000 -3666.66485000 1932.26500000
v 2704.97550000 -3157.94485000 1828.88500000
v 2714.93550000 -3092.66485000 1775.02500000
v 2706.26550000 -3000.07485000 1749.70500000
v 2734.04550000 -3049.32485000 1739.62500000
v 2737.22550000 -3017.67485000 1728.62500000
v 2723.91550000 -1551.04485000 3261.30500000
v 2768.85550000 -1650.72485000 3240.47600000
v 2741.32550000 -1793.53485000 3239.65900000
v 2759.11550000 -1143.55485000 3105.28700000
v 2758.53550000 -1187.82485000 2912.21200000
v 2778.16550000 -3400.02485000 2718.33500000
v 2695.27550000 -1341.67485000 2389.68500000
v 2749.04550000 -3760.76485000 2174.66500000
v 2787.39550000 -3774.06485000 2057.73500000
v 2795.12550000 -2183.33485000 2080.42500000
v 2785.40550000 -2513.51485000 1946.19500000
v 2776.11550000 -2806.11485000 1849.90500000
v 2729.66550000 -3387.22485000 1913.94500000
v 2740.65550000 -2852.09485000 1849.79500000
v 2748.49550000 -2999.85485000 1726.37500000
v 2793.23550000 -1370.73485000 3234.95500000
v 2733.23550000 -1129.11485000 3176.57200000
v 2775.97550000 -1156.98485000 3216.63700000
v 2816.48550000 -2125.22485000 3168.28600000
v 2807.64550000 -2601.37485000 3065.41900000
v 2820.26550000 -2893.29485000 2953.99000000
v 2813.11550000 -2753.17485000 3009.50000000
v 2814.08550000 -3493.96485000 2627.92500000
v 2794.94550000 -3563.96485000 2566.70500000
v 2792.19550000 -1321.81485000 2579.92500000
v 2780.43550000 -3658.86485000 2430.71500000
v 2783.32550000 -1368.56485000 2454.24500000
v 2736.07550000 -3695.06485000 2364.85500000
v 2769.39550000 -1400.42485000 2363.63500000
v 2754.14550000 -1448.40485000 2303.10500000
v 2741.77550000 -1498.82485000 2289.01500000
v 2791.67550000 -3769.56485000 2121.15500000
v 2758.64550000 -3766.16485000 2002.17500000
v 2781.94550000 -3755.26485000 1953.79500000
v 2743.70550000 -3729.96485000 1947.82500000
v 2834.58550000 -2709.99485000 1844.60500000
v 2744.11550000 -3432.16485000 1914.04500000
v 2763.76550000 -3547.36485000 1911.84500000
v 2750.69550000 -3640.26485000 1917.81500000
v 2751.52550000 -3689.16485000 1925.99500000
v 2753.54550000 -3359.10485000 1892.11500000
v 2768.73550000 -3153.88485000 1788.45500000
v 2765.16550000 -3098.06485000 1754.11500000
v 2775.58550000 -3013.91485000 1706.51500000
v 2788.43550000 -3025.68485000 1705.37500000
v 2776.02550000 -1192.88485000 3228.57400000
v 2890.40550000 -1772.69485000 3178.51000000
v 2785.62550000 -1151.74485000 3192.20400000
v 2799.94550000 -1156.33485000 3150.91400000
v 2821.52550000 -2310.94485000 3131.65500000
v 2827.76550000 -1192.20485000 3022.01700000
v 2830.58550000 -1283.81485000 2739.67500000
v 2859.92550000 -3621.26485000 2455.39500000
v 2769.84550000 -1436.23485000 2315.71500000
v 2800.27550000 -1528.39485000 2262.83500000
v 2867.17550000 -1867.87485000 2147.36500000
v 2879.47550000 -1952.28485000 2117.11500000
v 2837.87550000 -2438.35485000 1946.16500000
v 2802.02550000 -3319.47485000 1857.16500000
v 2772.76550000 -2871.83485000 1814.04500000
v 2768.06550000 -3224.45485000 1831.92500000
v 2820.11550000 -2904.28485000 1759.06500000
v 2781.96550000 -2961.71485000 1735.18500000
v 2804.36550000 -3063.68485000 1720.15500000
v 2790.79550000 -2996.55485000 1707.01500000
v 2832.08550000 -1269.41485000 3213.97300000
v 2790.85550000 -1518.89485000 3235.34100000
v 2948.27550000 -2424.83485000 3044.30600000
v 2817.36550000 -3131.80485000 2846.88500000
v 2835.33550000 -1233.96485000 2896.85300000
v 2872.38550000 -1442.34485000 2431.03500000
v 2836.31550000 -1469.15485000 2326.44500000
v 2781.32550000 -1462.27485000 2293.99500000
v 2781.71550000 -1483.55485000 2286.16500000
v 2840.61550000 -1680.21485000 2204.44500000
v 2831.17550000 -2322.52485000 2003.40500000
v 2829.71550000 -3768.16485000 1997.52500000
v 2862.78550000 -3761.26485000 1967.43500000
v 2845.15550000 -3748.66485000 1943.35500000
v 2809.46550000 -3719.16485000 1927.83500000
v 2797.76550000 -3444.46485000 1890.32500000
v 2785.53550000 -3640.86485000 1913.16500000
v 2839.18550000 -2942.16485000 1717.02500000
v 2853.47550000 -3125.69485000 1749.57500000
v 2823.32550000 -2978.10485000 1702.39500000
v 2887.00550000 -1622.01485000 3189.33500000
v 2833.47550000 -1180.51485000 3187.26500000
v 2846.23550000 -1947.21485000 3178.86000000
v 2868.04550000 -2959.39485000 2898.77300000
v 2813.31550000 -3276.91485000 2772.63500000
v 2832.64550000 -3708.86485000 2297.20500000
v 2814.91550000 -1494.30485000 2284.33500000
v 2839.91550000 -1588.00485000 2231.77500000
v 2839.49550000 -3747.56485000 2184.72500000
v 2814.30550000 -3563.96485000 1900.39500000
v 2873.13550000 -3647.86485000 1920.47500000
v 2922.31550000 -2763.01485000 1763.39500000
v 2852.86550000 -3224.03485000 1806.55500000
v 2855.70550000 -2844.89485000 1773.57500000
v 2831.17550000 -3000.13485000 1690.10500000
v 2851.92550000 -1219.12485000 3192.78400000
v 2857.99550000 -1188.60485000 3155.60400000
v 2832.48550000 -1178.96485000 3111.24200000
v 2933.87550000 -3307.32485000 2686.27500000
v 2945.73550000 -3413.56485000 2610.04500000
v 2918.58550000 -1364.99485000 2685.09500000
v 2849.22550000 -3767.56485000 2100.31500000
v 2890.63550000 -3769.86485000 2048.49500000
v 2912.93550000 -2392.79485000 1923.04500000
v 2940.94550000 -2507.14485000 1850.06500000
v 2879.90550000 -3736.26485000 1941.48500000
v 2873.05550000 -2565.25485000 1869.49500000
v 2856.08550000 -3418.76485000 1876.78500000
v 2848.01550000 -3501.46485000 1892.96500000
v 2881.87550000 -3328.32485000 1847.63500000
v 2888.70550000 -3068.15485000 1700.10500000
v 2877.65550000 -2960.64485000 1688.92500000
v 2872.56550000 -3026.18485000 1681.65500000
v 2891.15550000 -1471.14485000 3192.08200000
v 2899.89550000 -1228.17485000 3160.64900000
v 2952.26550000 -2802.82485000 2918.90400000
v 2922.14550000 -3483.36485000 2574.69500000
v 2934.22550000 -3535.06485000 2519.25500000
v 2877.59550000 -1531.81485000 2270.12500000
v 2850.83550000 -1546.13485000 2251.84500000
v 2888.25550000 -1588.89485000 2222.25500000
v 2893.97550000 -1637.60485000 2198.38500000
v 2903.15550000 -1783.26485000 2150.50500000
v 2903.01550000 -2081.59485000 2061.98500000
v 2925.94550000 -2196.25485000 2006.24500000
v 2916.98550000 -3764.76485000 2003.14500000
v 2890.85550000 -3710.06485000 1936.17500000
v 2887.73550000 -3566.66485000 1909.85500000
v 2901.30550000 -3270.90485000 1823.42500000
v 2974.75550000 -3276.67485000 1825.63500000
v 3001.78550000 -3210.52485000 1784.37500000
v 2891.96550000 -2906.24485000 1713.72500000
v 2917.34550000 -2993.27485000 1658.36500000
v 2890.34550000 -1356.30485000 3191.86700000
v 2960.04550000 -2619.07485000 2979.56700000
v 2920.70550000 -1249.96485000 3002.56600000
v 2930.12550000 -1288.42485000 2901.60200000
v 2956.24550000 -1343.12485000 2806.81500000
v 2923.78550000 -3584.76485000 2469.23500000
v 2906.56550000 -1405.19485000 2575.42500000
v 2931.72550000 -3674.96485000 2321.14500000
v 2888.59550000 -1567.71485000 2239.41500000
v 2921.31550000 -1708.59485000 2163.75500000
v 2946.22550000 -2307.96485000 1943.60500000
v 2919.91550000 -3748.76485000 1968.46500000
v 2925.17550000 -3507.36485000 1903.57500000
v 2958.33550000 -3417.66485000 1882.48500000
v 2985.25550000 -3362.54485000 1865.05500000
v 2938.45550000 -3040.10485000 1663.98500000
v 2942.00550000 -1272.99485000 3154.77800000
v 2924.07550000 -1305.05485000 3170.04000000
v 2971.05550000 -1540.12485000 3154.22100000
v 2945.62550000 -1247.77485000 3122.21500000
v 2950.68550000 -2052.52485000 3118.12400000
v 2951.91550000 -2219.49485000 3086.95600000
v 2897.26550000 -1222.36485000 3082.67700000
v 2955.59550000 -3148.55485000 2756.95500000
v 2933.88550000 -1518.87485000 2372.19500000
v 2944.24550000 -1573.28485000 2276.11500000
v 2940.71550000 -3727.06485000 2197.11500000
v 2928.22550000 -1596.41485000 2230.99500000
v 2936.77550000 -1636.58485000 2195.32500000
v 2936.58550000 -3756.56485000 2104.20500000
v 2939.59550000 -1670.94485000 2174.60500000
v 2971.43550000 -1865.37485000 2099.17500000
v 2943.46550000 -3726.46485000 1956.46500000
v 2979.39550000 -3610.96485000 1936.08500000
v 2935.69550000 -2633.39485000 1801.35500000
v 2934.05550000 -2843.83485000 1720.63500000
v 2965.88550000 -3122.52485000 1725.46500000
v 2972.32550000 -3073.48485000 1680.76500000
v 2974.59550000 -2943.08485000 1645.89500000
v 2968.09550000 -3015.09485000 1638.02500000
v 3023.32550000 -1651.30485000 3122.60000000
v 2951.06550000 -1902.73485000 3136.18900000
v 3044.30550000 -1511.44485000 2576.69500000
v 2977.56550000 -3628.06485000 2374.36500000
v 2981.35550000 -1728.90485000 2140.00500000
v 2958.24550000 -1775.98485000 2131.29500000
v 2963.27550000 -3763.46485000 2043.30500000
v 2941.51550000 -3682.66485000 1944.26500000
v 3017.38550000 -2372.99485000 1872.51500000
v 3008.24550000 -3411.68485000 1886.27500000
v 2974.39550000 -2879.35485000 1676.74500000
v 2997.09550000 -1428.75485000 3140.66200000
v 3009.22550000 -1813.91485000 3117.16300000
v 3114.90550000 -2105.79485000 3026.47200000
v 2984.92550000 -1279.38485000 3060.23300000
v 2988.33550000 -1297.31485000 2991.76500000
v 3089.86550000 -3189.29485000 2651.88500000
v 3010.96550000 -3481.16485000 2519.92500000
v 3064.04550000 -1590.42485000 2443.66500000
v 3003.52550000 -1593.08485000 2334.08500000
v 2994.52550000 -1667.87485000 2189.33500000
v 2977.23550000 -1688.33485000 2164.63500000
v 3008.48550000 -3754.46485000 2068.29500000
v 2982.39550000 -1984.97485000 2055.70500000
v 2996.62550000 -2093.11485000 2010.59500000
v 3004.01550000 -3735.76485000 1986.85500000
v 3001.83550000 -3512.96485000 1915.92500000
v 3013.69550000 -2707.94485000 1722.45500000
v 3004.21550000 -2802.73485000 1692.46500000
v 2975.59550000 -1282.23485000 3126.59000000
v 3000.78550000 -1292.64485000 3097.41200000
v 3042.81550000 -1363.00485000 2918.28700000
v 2964.93550000 -2970.42485000 2837.86500000
v 3033.34550000 -1424.05485000 2756.39500000
v 3090.97550000 -3326.55485000 2572.00500000
v 3019.70550000 -3582.36485000 2410.74500000
v 2999.02550000 -1630.18485000 2261.25500000
v 3002.14550000 -1722.49485000 2142.08500000
v 3031.74550000 -3733.46485000 2119.71500000
v 2982.66550000 -3751.36485000 2008.32500000
v 3015.82550000 -2212.67485000 1951.19500000
v 3046.44550000 -2485.69485000 1799.59500000
v 3012.32550000 -2558.28485000 1784.70500000
v 3045.95550000 -3154.55485000 1737.14500000
v 3018.75550000 -3049.99485000 1650.76500000
v 3025.49550000 -2871.65485000 1648.89500000
v 3046.58550000 -2923.81485000 1614.09500000
v 2996.60550000 -2989.36485000 1621.02500000
v 3022.63550000 -3009.81485000 1617.83500000
v 3033.87550000 -2963.88485000 1608.55500000
v 3028.92550000 -1529.45485000 3125.18200000
v 3012.28550000 -1342.96485000 3121.94700000
v 3057.23550000 -1937.37485000 3079.19200000
v 3105.24550000 -3414.46485000 2505.23500000
v 3065.48550000 -3529.06485000 2437.95500000
v 3042.62550000 -3702.36485000 2194.68500000
v 3063.38550000 -1690.96485000 2249.42500000
v 3018.45550000 -1721.99485000 2150.58500000
v 3025.55550000 -1772.89485000 2119.95500000
v 2996.91550000 -1796.70485000 2114.30500000
v 3034.63550000 -3746.66485000 2042.59500000
v 3015.13550000 -3695.06485000 1972.21500000
v 3075.25550000 -3572.66485000 1946.69500000
v 3044.05550000 -3458.76485000 1905.02500000
v 3061.96550000 -3300.07485000 1834.25500000
v 3081.20550000 -3379.39485000 1872.47500000
v 3037.42550000 -2615.21485000 1747.74500000
v 3036.14550000 -3105.23485000 1698.11500000
v 3036.83550000 -1330.80485000 3095.62600000
v 3074.03550000 -2283.06485000 3012.86200000
v 3056.45550000 -1342.71485000 3015.10400000
v 3104.46550000 -2501.72485000 2942.05900000
v 3104.75550000 -2834.07485000 2818.16500000
v 3068.91550000 -3633.76485000 2303.61500000
v 3034.49550000 -3664.56485000 2272.82500000
v 3055.94550000 -1729.58485000 2179.75500000
v 3036.89550000 -1838.26485000 2092.93500000
v 3041.41550000 -1911.82485000 2063.40500000
v 3049.72550000 -1997.07485000 2026.51500000
v 3067.74550000 -3730.96485000 2024.92500000
v 3068.03550000 -3713.16485000 2003.57500000
v 3065.87550000 -2094.82485000 1984.33500000
v 3056.39550000 -2260.53485000 1910.65500000
v 3067.96550000 -2378.84485000 1845.90500000
v 3064.79550000 -2417.86485000 1828.32500000
v 3059.37550000 -2730.47485000 1690.84500000
v 3052.33550000 -2986.53485000 1600.98500000
v 3099.99550000 -1435.44485000 3083.74200000
v 3111.57550000 -1543.54485000 3080.32200000
v 3152.66550000 -1785.63485000 3045.62800000
v 3049.36550000 -1334.55485000 3065.34500000
v 3118.58550000 -2376.80485000 2967.85400000
v 3130.10550000 -2652.63485000 2873.71300000
v 3113.76550000 -3016.00485000 2724.10500000
v 3116.05550000 -3471.36485000 2454.58500000
v 3091.28550000 -1659.24485000 2356.99500000
v 3066.21550000 -1790.05485000 2130.42500000
v 3051.71550000 -1811.54485000 2108.90500000
v 3099.75550000 -3725.56485000 2075.18500000
v 3070.32550000 -1875.97485000 2079.64500000
v 3082.09550000 -1953.68485000 2042.62500000
v 3074.16550000 -2019.90485000 2010.58500000
v 3075.58550000 -2192.76485000 1939.13500000
v 3067.61550000 -3646.76485000 1970.26500000
v 3082.22550000 -2313.23485000 1879.10500000
v 3110.89550000 -3301.06485000 1830.22500000
v 3090.23550000 -2451.75485000 1804.71500000
v 3106.93550000 -3210.72485000 1773.44500000
v 3080.51550000 -2491.02485000 1783.41500000
v 3070.04550000 -2538.08485000 1768.95500000
v 3085.36550000 -2602.53485000 1735.59500000
v 3072.95550000 -2654.79485000 1719.29500000
v 3059.33550000 -2799.18485000 1665.90500000
v 3109.39550000 -3098.50485000 1685.57500000
v 3069.96550000 -2863.40485000 1633.91500000
v 3083.59550000 -2904.66485000 1609.88500000
v 3080.59550000 -3023.62485000 1624.93500000
v 3084.51550000 -2944.74485000 1601.58500000
v 3096.37550000 -1394.65485000 3074.46700000
v 3143.27550000 -1453.31485000 2892.59500000
v 3152.11550000 -1611.98485000 2556.95500000
v 3140.45550000 -3651.36485000 2216.12500000
v 3086.89550000 -1764.95485000 2175.57500000
v 3065.45550000 -1838.91485000 2100.62500000
v 3089.81550000 -1917.94485000 2067.19500000
v 3093.25550000 -3727.16485000 2049.91500000
v 3083.57550000 -1997.83485000 2022.16500000
v 3096.06550000 -2046.09485000 2003.52500000
v 3121.29550000 -3683.76485000 2005.66500000
v 3097.22550000 -2243.20485000 1912.33500000
v 3112.12550000 -2331.24485000 1867.31500000
v 3094.81550000 -2356.27485000 1854.03500000
v 3097.28550000 -2395.72485000 1835.83500000
v 3101.39550000 -2496.11485000 1784.72500000
v 3095.79550000 -3149.77485000 1729.58500000
v 3087.55550000 -2631.81485000 1723.99500000
v 3098.13550000 -2708.88485000 1696.89500000
v 3085.55550000 -2755.30485000 1678.47500000
v 3098.96550000 -2816.86485000 1654.70500000
v 3101.93550000 -2885.37485000 1620.00500000
v 3098.47550000 -2915.68485000 1607.67500000
v 3092.75550000 -2982.40485000 1603.88500000
v 3091.81550000 -1375.15485000 3063.66900000
v 3099.15550000 -1377.69485000 3038.83800000
v 3113.80550000 -1401.94485000 2984.89700000
v 3189.53550000 -3507.46485000 2366.09500000
v 3194.65550000 -1681.93485000 2495.83500000
v 3149.11550000 -3578.96485000 2311.66500000
v 3141.25550000 -1718.07485000 2332.42500000
v 3130.51550000 -1761.58485000 2253.71500000
v 3087.00550000 -1857.77485000 2103.16500000
v 3114.84550000 -1966.10485000 2052.13500000
v 3106.50550000 -2013.64485000 2023.45500000
v 3103.74550000 -2105.39485000 1978.31500000
v 3138.60550000 -3624.16485000 1981.10500000
v 3098.85550000 -2147.24485000 1959.02500000
v 3125.51550000 -2153.21485000 1962.51500000
v 3111.68550000 -2200.52485000 1936.72500000
v 3119.96550000 -2236.57485000 1918.58500000
v 3121.03550000 -2278.68485000 1901.60500000
v 3107.59550000 -2366.33485000 1850.87500000
v 3125.20550000 -2423.91485000 1829.85500000
v 3121.16550000 -2466.74485000 1807.51500000
v 3106.62550000 -2560.64485000 1759.13500000
v 3104.50550000 -2633.13485000 1730.14500000
v 3107.74550000 -2771.68485000 1675.96500000
v 3142.49550000 -3062.63485000 1659.54500000
v 3126.98550000 -3004.13485000 1621.59500000
v 3163.65550000 -1459.93485000 3040.65300000
v 3180.22550000 -1940.96485000 3013.60100000
v 3186.24550000 -2879.44485000 2746.34500000
v 3183.42550000 -1713.77485000 2416.67500000
v 3127.05550000 -1852.30485000 2158.10500000
v 3128.09550000 -3693.96485000 2135.32500000
v 3136.29550000 -3710.76485000 2050.35500000
v 3111.26550000 -1912.75485000 2089.88500000
v 3120.12550000 -2086.29485000 1994.97500000
v 3120.61550000 -3704.86485000 2026.76500000
v 3138.35550000 -3503.56485000 1929.29500000
v 3135.37550000 -2336.19485000 1877.60500000
v 3121.07550000 -2374.14485000 1853.89500000
v 3130.05550000 -2515.12485000 1791.23500000
v 3145.51550000 -3179.45485000 1750.62500000
v 3135.63550000 -2637.65485000 1743.35500000
v 3121.71550000 -2697.06485000 1713.85500000
v 3120.94550000 -2750.90485000 1691.70500000
v 3130.27550000 -2815.23485000 1668.63500000
v 3120.58550000 -2870.88485000 1633.25500000
v 3119.83550000 -2914.71485000 1617.05500000
v 3160.79550000 -3034.19485000 1651.02500000
v 3123.94550000 -2961.92485000 1616.47500000
v 3134.57550000 -1419.03485000 3031.35700000
v 3187.90550000 -1516.72485000 3031.49900000
v 3159.99550000 -1653.00485000 3050.53700000
v 3184.66550000 -1533.05485000 2788.33500000
v 3197.49550000 -1599.92485000 2666.93500000
v 3250.10550000 -3106.91485000 2585.37500000
v 3211.80550000 -3436.56485000 2408.72500000
v 3184.82550000 -1846.32485000 2254.78500000
v 3157.38550000 -1984.85485000 2099.34500000
v 3138.39550000 -2052.24485000 2030.28500000
v 3186.78550000 -3683.66485000 2041.65500000
v 3235.17550000 -3571.46485000 1975.37500000
v 3131.35550000 -2219.46485000 1935.33500000
v 3153.19550000 -3380.46485000 1871.77500000
v 3153.64550000 -2277.57485000 1925.64500000
v 3144.58550000 -2374.83485000 1869.68500000
v 3149.95550000 -2456.52485000 1837.44500000
v 3127.12550000 -2578.10485000 1765.49500000
v 3147.59550000 -2722.48485000 1727.06500000
v 3186.93550000 -3149.99485000 1736.05500000
v 3139.32550000 -2874.60485000 1647.52500000
v 3167.58550000 -2993.94485000 1646.55500000
v 3234.75550000 -1616.03485000 3006.79400000
v 3286.34550000 -2051.78485000 2938.08700000
v 3176.36550000 -1461.04485000 2969.83500000
v 3194.40550000 -2240.36485000 2955.34800000
v 3235.42550000 -2394.87485000 2895.75700000
v 3196.86550000 -2522.88485000 2879.94200000
v 3217.89550000 -1512.71485000 2907.53200000
v 3200.35550000 -3240.75485000 2546.01500000
v 3246.94550000 -1662.30485000 2629.56500000
v 3210.99550000 -3337.05485000 2476.68500000
v 3200.72550000 -1769.49485000 2360.72500000
v 3224.90550000 -1821.47485000 2345.67500000
v 3203.80550000 -1940.68485000 2210.65500000
v 3239.17550000 -3646.26485000 2135.66500000
v 3197.21550000 -3678.96485000 2081.32500000
v 3176.25550000 -2090.60485000 2054.26500000
v 3186.25550000 -3646.76485000 2009.29500000
v 3147.21550000 -2149.43485000 1988.91500000
v 3163.27550000 -2603.34485000 1796.41500000
v 3180.59550000 -3279.88485000 1816.95500000
v 3182.49550000 -3076.57485000 1687.53500000
v 3157.34550000 -2826.24485000 1690.92500000
v 3164.33550000 -2911.41485000 1668.95500000
v 3185.66550000 -1469.13485000 3003.40600000
v 3235.91550000 -2754.72485000 2767.39500000
v 3278.19550000 -2916.96485000 2661.95500000
v 3220.23550000 -1755.62485000 2414.64500000
v 3255.42550000 -3594.46485000 2204.36500000
v 3225.67550000 -2071.91485000 2149.95500000
v 3198.23550000 -2208.00485000 2028.53500000
v 3191.36550000 -2377.09485000 1932.71500000
v 3208.83550000 -3425.86485000 1898.38500000
v 3214.40550000 -2530.10485000 1899.22500000
v 3207.02550000 -2800.66485000 1776.47500000
v 3195.69550000 -3044.98485000 1682.07500000
v 3191.25550000 -2972.15485000 1674.47500000
v 3220.88550000 -3024.15485000 1704.73500000
v 3237.29550000 -1709.97485000 3003.36500000
v 3295.90550000 -1845.98485000 2956.29000000
v 3229.78550000 -1512.39485000 2959.63900000
v 3226.73550000 -1519.48485000 2989.82600000
v 3272.36550000 -1575.14485000 2867.11600000
v 3261.90550000 -3536.16485000 2273.48500000
v 3270.60550000 -3467.76485000 2333.16500000
v 3249.25550000 -3640.46485000 2027.29500000
v 3255.85550000 -2316.88485000 2062.17500000
v 3252.87550000 -2674.45485000 1899.06500000
v 3240.65550000 -3233.46485000 1800.71500000
v 3229.07550000 -2954.20485000 1743.08500000
v 3281.71550000 -2940.88485000 1832.13500000
v 3223.45550000 -3104.51485000 1727.31500000
v 3245.76550000 -3165.68485000 1768.40500000
v 3239.09550000 -3075.20485000 1730.34500000
v 3263.68550000 -1581.34485000 2979.01600000
v 3279.64550000 -1565.13485000 2944.60900000
v 3267.23550000 -1557.49485000 2915.66000000
v 3302.88550000 -2526.76485000 2809.69500000
v 3297.25550000 -1645.18485000 2765.49500000
v 3266.04550000 -1753.77485000 2497.07500000
v 3237.44550000 -1893.72485000 2303.82500000
v 3284.32550000 -2011.33485000 2291.21500000
v 3257.51550000 -2193.06485000 2131.43500000
v 3279.57550000 -3643.56485000 2051.81500000
v 3304.34550000 -3586.26485000 1993.79500000
v 3282.56550000 -3610.86485000 2009.90500000
v 3273.09550000 -2455.77485000 2023.00500000
v 3276.25550000 -3462.46485000 1927.39500000
v 3304.38550000 -2585.90485000 2013.22500000
v 3266.92550000 -3345.46485000 1868.31500000
v 3269.59550000 -3207.07485000 1799.10500000
v 3257.77550000 -3137.95485000 1762.55500000
v 3255.45550000 -3028.10485000 1752.27500000
v 3286.26550000 -1584.07485000 2952.64700000
v 3326.69550000 -1723.62485000 2944.89500000
v 3339.10550000 -3010.55485000 2571.29500000
v 3333.35550000 -1737.35485000 2648.53500000
v 3274.63550000 -1798.10485000 2452.29500000
v 3331.85550000 -3336.48485000 2379.92500000
v 3306.96550000 -1895.51485000 2415.74500000
v 3309.39550000 -3626.46485000 2086.44500000
v 3321.66550000 -2378.63485000 2136.80500000
v 3294.20550000 -3623.76485000 2025.52500000
v 3324.52550000 -3600.16485000 2012.35500000
v 3318.43550000 -3524.56485000 1968.05500000
v 3297.27550000 -2814.84485000 1912.01500000
v 3294.72550000 -3252.76485000 1833.91500000
v 3276.16550000 -3176.06485000 1790.82500000
v 3284.40550000 -3038.53485000 1793.57500000
v 3266.85550000 -3128.95485000 1768.00500000
v 3271.72550000 -3086.03485000 1768.63500000
v 3302.24550000 -1641.47485000 2957.08600000
v 3333.93550000 -2234.54485000 2874.34100000
v 3329.49550000 -2374.13485000 2840.40500000
v 3301.88550000 -3211.70485000 2483.69500000
v 3336.07550000 -3543.16485000 2200.18500000
v 3301.65550000 -2144.73485000 2230.00500000
v 3320.06550000 -2275.93485000 2186.11500000
v 3355.77550000 -2517.87485000 2121.89500000
v 3354.58550000 -3564.46485000 1999.46500000
v 3335.36550000 -2753.10485000 1994.70500000
v 3328.70550000 -3431.76485000 1926.69500000
v 3338.46550000 -3349.84485000 1895.03500000
v 3307.02550000 -1616.67485000 2946.15300000
v 3330.18550000 -1630.18485000 2918.77400000
v 3381.79550000 -2091.26485000 2873.01400000
v 3356.73550000 -2720.59485000 2696.43500000
v 3406.11550000 -3032.29485000 2506.43500000
v 3335.01550000 -1787.57485000 2568.92500000
v 3349.41550000 -1837.86485000 2536.11500000
v 3354.66550000 -3456.26485000 2264.83500000
v 3350.05550000 -3572.96485000 2138.98500000
v 3349.71550000 -3603.06485000 2034.59500000
v 3351.04550000 -2852.32485000 1981.25500000
v 3352.96550000 -2934.97485000 1947.01500000
v 3357.44550000 -3061.34485000 1902.52500000
v 3347.86550000 -3283.93485000 1873.77500000
v 3323.41550000 -3197.83485000 1834.88500000
v 3319.33550000 -3114.55485000 1832.54500000
v 3341.68550000 -1676.86485000 2926.65700000
v 3423.99550000 -1995.03485000 2858.25000000
v 3303.25550000 -1607.24485000 2882.52200000
v 3402.57550000 -2855.73485000 2600.86500000
v 3360.89550000 -1995.38485000 2424.66500000
v 3365.86550000 -2099.49485000 2361.92500000
v 3389.45550000 -2243.11485000 2314.79500000
v 3401.09550000 -3568.56485000 2087.86500000
v 3362.55550000 -3597.96485000 2059.26500000
v 3395.36550000 -2716.86485000 2098.29500000
v 3365.69550000 -3582.36485000 2019.35500000
v 3382.13550000 -3424.96485000 1943.24500000
v 3384.93550000 -3297.48485000 1902.29500000
v 3384.84550000 -1740.17485000 2902.31500000
v 3403.56550000 -1820.93485000 2885.79900000
v 3367.00550000 -1682.68485000 2854.28400000
v 3377.38550000 -1705.35485000 2891.20700000
v 3440.85550000 -2166.70485000 2818.14500000
v 3394.45550000 -1736.48485000 2776.42500000
v 3393.63550000 -1820.27485000 2631.98500000
v 3398.32550000 -1908.55485000 2555.69500000
v 3408.19550000 -2432.84485000 2244.79500000
v 3408.26550000 -3570.66485000 2048.51500000
v 3396.02550000 -3570.16485000 2030.57500000
v 3382.35550000 -3493.86485000 1976.18500000
v 3399.09550000 -3373.71485000 1934.42500000
v 3408.99550000 -3290.39485000 1921.13500000
v 3376.37550000 -3195.05485000 1894.86500000
v 3414.28550000 -1761.30485000 2872.25200000
v 3405.49550000 -1732.13485000 2858.51600000
v 3431.46550000 -2350.98485000 2777.47500000
v 3447.47550000 -2540.49485000 2704.94500000
v 3406.29550000 -3158.19485000 2430.92500000
v 3421.00550000 -2028.16485000 2500.32500000
v 3468.17550000 -3190.37485000 2356.83500000
v 3435.99550000 -3345.52485000 2278.47500000
v 3411.26550000 -3493.36485000 2179.24500000
v 3444.40550000 -3417.16485000 2216.81500000
v 3405.90550000 -2875.68485000 2053.12500000
v 3408.33550000 -2995.94485000 2008.52500000
v 3402.62550000 -3542.66485000 2013.40500000
v 3421.78550000 -3449.96485000 1975.21500000
v 3425.52550000 -3188.87485000 1962.54500000
v 3449.78550000 -3093.38485000 2033.66500000
v 3449.94550000 -3283.29485000 1969.84500000
v 3426.23550000 -1755.81485000 2826.13500000
v 3432.01550000 -1810.68485000 2720.50500000
v 3448.67550000 -2176.13485000 2447.55500000
v 3468.75550000 -2657.30485000 2229.82500000
v 3410.13550000 -3567.26485000 2065.36500000
v 3437.39550000 -3363.81485000 1957.99500000
v 3443.45550000 -1781.48485000 2837.65500000
v 3459.92550000 -1798.33485000 2818.34500000
v 3478.79550000 -2695.56485000 2619.67500000
v 3451.80550000 -1882.10485000 2668.92500000
v 3472.00550000 -1984.69485000 2613.33500000
v 3494.95550000 -2366.31485000 2411.43500000
v 3491.51550000 -3424.76485000 2165.07500000
v 3489.67550000 -3356.72485000 2220.13500000
v 3439.95550000 -3510.86485000 2122.35500000
v 3485.28550000 -2853.02485000 2176.61500000
v 3454.96550000 -2976.31485000 2086.48500000
v 3445.06550000 -3530.66485000 2039.41500000
v 3437.47550000 -3494.86485000 2009.26500000
v 3457.86550000 -3433.86485000 1996.42500000
v 3481.69550000 -3371.15485000 2005.31500000
v 3456.03550000 -1821.07485000 2841.14500000
v 3469.53550000 -1898.80485000 2832.93500000
v 3485.84550000 -1852.86485000 2801.87500000
v 3452.93550000 -1809.36485000 2786.11500000
v 3507.09550000 -2250.74485000 2751.96500000
v 3481.43550000 -2096.74485000 2548.19500000
v 3521.78550000 -2219.51485000 2535.58500000
v 3517.95550000 -3238.68485000 2274.47500000
v 3451.85550000 -3525.66485000 2071.27500000
v 3490.32550000 -3199.60485000 2052.30500000
v 3470.35550000 -3252.40485000 2005.01500000
v 3490.38550000 -1885.35485000 2809.90500000
v 3505.63550000 -1998.34485000 2796.96500000
v 3508.83550000 -2135.30485000 2771.95500000
v 3518.05550000 -2444.37485000 2687.10500000
v 3504.96550000 -1966.67485000 2682.05500000
v 3532.23550000 -2560.49485000 2634.04500000
v 3500.62550000 -2843.14485000 2530.24500000
v 3503.58550000 -3006.57485000 2435.72500000
v 3524.09550000 -2569.15485000 2351.99500000
v 3533.33550000 -2794.90485000 2263.62500000
v 3513.64550000 -3051.00485000 2140.96500000
v 3486.47550000 -3493.26485000 2055.45500000
v 3501.93550000 -3477.36485000 2074.07500000
v 3467.90550000 -3481.86485000 2028.84500000
v 3498.61550000 -3285.65485000 2038.03500000
v 3491.82550000 -3447.96485000 2038.19500000
v 3506.04550000 -1938.45485000 2796.80500000
v 3515.75550000 -1937.16485000 2778.84500000
v 3484.89550000 -1892.15485000 2734.90500000
v 3515.73550000 -1942.06485000 2754.77500000
v 3534.03550000 -2337.96485000 2705.74500000
v 3521.44550000 -2078.55485000 2626.71500000
v 3549.66550000 -2690.98485000 2564.84500000
v 3540.93550000 -3088.63485000 2350.12500000
v 3553.41550000 -2733.82485000 2319.96500000
v 3494.71550000 -3462.76485000 2108.50500000
v 3535.30550000 -3203.27485000 2120.03500000
v 3510.44550000 -3457.76485000 2068.00500000
v 3529.83550000 -2007.04485000 2766.47500000
v 3535.53550000 -2084.00485000 2755.70500000
v 3523.42550000 -1998.94485000 2702.01500000
v 3542.00550000 -2243.68485000 2723.25500000
v 3569.25550000 -2357.47485000 2532.55500000
v 3568.06550000 -2527.47485000 2442.47500000
v 3575.04550000 -2666.55485000 2384.74500000
v 3557.82550000 -2915.72485000 2258.62500000
v 3520.71550000 -3335.59485000 2202.54500000
v 3529.09550000 -3373.97485000 2154.76500000
v 3525.49550000 -3418.26485000 2100.56500000
v 3516.39550000 -3409.32485000 2062.37500000
v 3525.05550000 -3321.37485000 2076.21500000
v 3537.96550000 -2019.78485000 2735.01500000
v 3552.58550000 -2099.05485000 2729.90500000
v 3561.37550000 -2114.77485000 2704.71500000
v 3557.33550000 -2183.50485000 2716.73500000
v 3549.27550000 -2100.29485000 2676.23500000
v 3573.75550000 -2440.09485000 2637.53500000
v 3555.41550000 -2199.55485000 2609.42500000
v 3580.76550000 -2589.06485000 2579.78500000
v 3560.10550000 -3145.27485000 2290.19500000
v 3548.96550000 -3260.27485000 2215.25500000
v 3555.42550000 -3069.59485000 2200.85500000
v 3545.48550000 -3336.68485000 2149.98500000
v 3541.18550000 -3335.95485000 2118.02500000
v 3555.83550000 -3232.35485000 2157.27500000
v 3567.93550000 -2164.59485000 2698.40500000
v 3580.49550000 -2231.47485000 2676.32500000
v 3564.83550000 -2294.32485000 2682.81500000
v 3570.44550000 -2188.20485000 2664.21500000
v 3582.93550000 -2287.57485000 2609.12500000
v 3592.05550000 -2688.67485000 2526.82500000
v 3567.72550000 -2826.28485000 2476.19500000
v 3571.97550000 -2959.44485000 2392.78500000
v 3577.38550000 -3048.36485000 2327.49500000
v 3573.49550000 -3142.10485000 2264.10500000
v 3579.42550000 -3014.01485000 2261.59500000
v 3570.27550000 -3120.03485000 2218.16500000
v 3582.08550000 -3118.26485000 2251.28500000
v 3570.46550000 -3179.19485000 2202.48500000
v 3558.91550000 -3228.40485000 2193.38500000
v 3586.46550000 -2275.48485000 2642.24500000
v 3589.17550000 -2343.33485000 2634.62500000
v 3593.75550000 -2341.67485000 2612.27500000
v 3604.27550000 -2418.75485000 2590.12500000
v 3599.68550000 -2458.70485000 2595.94500000
v 3598.08550000 -2529.83485000 2579.79500000
v 3596.25550000 -2395.63485000 2573.71500000
v 3610.19550000 -2491.93485000 2549.85500000
v 3600.44550000 -2531.55485000 2504.16500000
v 3603.81550000 -2622.34485000 2537.37500000
v 3603.29550000 -2740.71485000 2479.82500000
v 3600.14550000 -2666.12485000 2432.68500000
v 3597.79550000 -2852.07485000 2421.80500000
v 3590.51550000 -2792.32485000 2363.87500000
v 3594.27550000 -2955.94485000 2355.21500000
v 3584.30550000 -3058.07485000 2298.85500000
v 3589.21550000 -2926.94485000 2321.90500000
v 3582.73550000 -3032.98485000 2285.35500000
v 3607.88550000 -2534.71485000 2551.66500000
v 3611.90550000 -2575.45485000 2516.25500000
v 3611.84550000 -2674.55485000 2488.43500000
v 3608.99550000 -2645.60485000 2473.72500000
v 3609.68550000 -2780.53485000 2442.44500000
v 3606.32550000 -2736.15485000 2433.70500000
v 3597.18550000 -2841.21485000 2391.75500000
f 1 2 3
f 4 2 5
f 1 5 2
f 6 4 5
f 7 4 6
f 1 6 5
f 8 7 6
f 9 8 6
f 10 11 12
f 13 11 10
f 12 14 10
f 15 13 16
f 16 13 10
f 15 17 18
f 14 19 10
f 20 10 19
f 16 10 20
f 3 15 16
f 17 15 3
f 17 21 18
f 3 16 20
f 17 3 2
f 4 17 2
f 4 21 17
f 3 20 1
f 21 22 23
f 24 20 19
f 1 20 24
f 4 7 21
f 7 22 21
f 22 25 26
f 1 24 27
f 1 27 6
f 7 25 22
f 8 25 7
f 28 25 8
f 28 8 29
f 27 30 6
f 9 6 30
f 30 31 9
f 9 32 8
f 31 32 9
f 29 8 32
f 33 28 29
f 34 29 32
f 35 29 34
f 33 29 35
f 36 33 35
f 34 32 31
f 37 36 35
f 38 39 40
f 38 41 42
f 42 41 43
f 11 38 42
f 11 39 38
f 13 39 11
f 13 44 39
f 39 44 45
f 43 46 47
f 42 43 47
f 12 42 47
f 11 42 12
f 12 47 14
f 15 44 13
f 15 18 48
f 44 15 48
f 47 46 14
f 18 21 49
f 19 14 50
f 14 46 50
f 51 19 50
f 19 51 24
f 23 26 52
f 23 22 26
f 53 24 51
f 26 25 54
f 25 28 54
f 54 28 55
f 30 27 53
f 28 33 55
f 30 56 31
f 36 55 33
f 57 55 36
f 31 56 58
f 31 58 34
f 59 57 36
f 58 35 34
f 59 36 37
f 60 59 37
f 58 61 35
f 35 61 62
f 62 37 35
f 59 63 64
f 57 59 64
f 65 37 62
f 60 37 65
f 63 59 60
f 66 60 65
f 63 60 66
f 63 66 67
f 67 66 68
f 68 66 65
f 69 70 71
f 41 72 73
f 70 72 41
f 38 70 41
f 40 71 70
f 74 75 73
f 41 73 75
f 40 70 38
f 74 76 75
f 41 75 43
f 77 45 48
f 43 75 46
f 45 44 48
f 76 78 75
f 46 75 78
f 48 18 49
f 46 78 50
f 23 49 21
f 23 52 49
f 50 79 51
f 24 53 27
f 54 55 80
f 81 80 55
f 30 53 82
f 30 82 56
f 57 64 81
f 57 81 55
f 81 64 83
f 58 56 84
f 64 85 83
f 64 63 85
f 85 63 67
f 86 85 67
f 62 87 65
f 65 88 68
f 89 86 67
f 65 87 88
f 90 68 88
f 89 67 91
f 67 68 90
f 91 67 90
f 89 91 92
f 93 90 88
f 94 91 90
f 92 91 94
f 94 90 93
f 95 96 97
f 98 99 100
f 96 99 98
f 72 96 98
f 69 97 96
f 69 96 72
f 101 69 71
f 102 98 100
f 72 98 102
f 73 72 102
f 70 69 72
f 73 102 74
f 39 71 40
f 39 45 71
f 74 102 100
f 74 100 103
f 103 76 74
f 78 76 104
f 78 105 50
f 50 105 79
f 26 106 107
f 26 107 52
f 85 108 83
f 84 56 82
f 58 84 61
f 61 109 62
f 108 85 86
f 86 110 108
f 86 89 110
f 87 62 109
f 109 111 87
f 112 110 113
f 113 110 89
f 92 113 89
f 88 87 111
f 113 92 114
f 94 114 92
f 94 115 114
f 93 116 94
f 117 115 94
f 117 94 116
f 118 95 119
f 95 97 119
f 99 120 121
f 118 120 99
f 95 118 99
f 96 95 99
f 101 97 69
f 99 121 100
f 71 77 122
f 121 123 100
f 100 123 103
f 45 77 71
f 124 77 48
f 76 103 104
f 125 48 49
f 104 105 78
f 26 54 106
f 54 80 106
f 84 82 126
f 108 110 127
f 84 109 61
f 109 84 128
f 112 113 129
f 113 114 130
f 114 115 131
f 131 130 114
f 132 88 111
f 93 88 132
f 132 116 93
f 133 116 132
f 134 115 117
f 131 115 134
f 117 116 135
f 136 119 137
f 137 119 138
f 120 139 140
f 136 139 120
f 119 136 120
f 118 119 120
f 141 97 101
f 120 140 142
f 120 142 121
f 140 143 142
f 121 142 123
f 142 143 123
f 48 125 124
f 103 123 104
f 52 107 49
f 144 79 105
f 106 80 145
f 79 146 51
f 51 146 53
f 80 81 145
f 146 147 148
f 146 148 53
f 81 83 149
f 148 82 53
f 108 127 83
f 127 110 150
f 150 110 112
f 128 84 151
f 113 130 152
f 130 131 153
f 117 135 134
f 153 131 134
f 133 135 116
f 134 135 154
f 139 155 156
f 137 155 139
f 136 137 139
f 119 97 138
f 141 101 157
f 139 156 158
f 139 158 140
f 101 71 157
f 71 122 157
f 156 159 158
f 143 158 159
f 140 158 143
f 160 122 77
f 143 159 161
f 49 107 125
f 123 162 104
f 104 163 105
f 106 145 164
f 144 146 79
f 83 127 149
f 147 165 148
f 126 82 148
f 84 126 151
f 166 112 129
f 129 113 152
f 167 111 109
f 111 168 132
f 168 169 132
f 169 133 132
f 153 134 154
f 133 170 135
f 154 135 170
f 171 133 169
f 170 133 171
f 172 137 173
f 172 174 155
f 137 172 155
f 137 138 173
f 175 97 141
f 155 174 176
f 177 155 176
f 97 175 138
f 155 177 156
f 177 178 156
f 156 178 159
f 160 124 179
f 124 160 77
f 124 125 180
f 143 161 162
f 143 162 123
f 104 181 163
f 163 144 105
f 144 182 146
f 126 148 165
f 151 126 183
f 129 152 184
f 152 130 185
f 130 153 185
f 153 186 185
f 111 167 168
f 154 170 187
f 188 174 172
f 174 188 176
f 138 175 173
f 178 177 189
f 161 159 190
f 161 190 191
f 161 191 162
f 162 181 104
f 107 106 192
f 181 193 163
f 145 81 194
f 163 193 195
f 144 163 195
f 81 149 194
f 182 144 195
f 149 127 196
f 146 182 147
f 112 166 150
f 197 166 129
f 126 165 183
f 198 184 152
f 185 198 152
f 128 199 109
f 109 199 167
f 200 153 154
f 186 153 200
f 200 154 201
f 167 202 168
f 203 169 168
f 154 187 201
f 171 169 203
f 170 171 204
f 172 205 188
f 173 205 172
f 175 141 206
f 188 207 176
f 176 207 189
f 176 189 177
f 178 189 208
f 159 178 208
f 209 125 107
f 191 181 162
f 210 181 191
f 106 164 192
f 149 196 194
f 127 150 196
f 184 198 211
f 151 199 128
f 198 185 212
f 185 186 212
f 202 203 168
f 170 213 187
f 214 187 213
f 201 187 214
f 215 203 202
f 213 170 204
f 171 203 204
f 216 217 207
f 216 207 188
f 205 216 188
f 207 217 218
f 208 207 218
f 141 219 206
f 207 208 189
f 141 157 219
f 160 220 122
f 159 208 221
f 160 179 220
f 179 124 180
f 159 222 190
f 125 209 180
f 190 223 191
f 191 223 210
f 210 224 181
f 181 224 193
f 164 145 225
f 166 197 226
f 129 184 197
f 197 184 227
f 183 228 151
f 212 186 229
f 199 151 230
f 231 167 199
f 232 201 214
f 233 214 213
f 234 213 204
f 235 217 216
f 217 235 236
f 218 217 236
f 175 206 173
f 219 157 237
f 218 238 208
f 238 239 208
f 240 157 122
f 122 220 240
f 208 239 221
f 159 221 222
f 190 222 241
f 223 190 241
f 145 194 225
f 193 224 242
f 193 242 195
f 150 243 196
f 195 244 182
f 150 166 243
f 182 244 147
f 184 211 227
f 165 228 183
f 211 198 245
f 198 212 245
f 228 230 151
f 230 231 199
f 186 200 229
f 200 201 232
f 233 232 214
f 167 246 202
f 233 213 247
f 215 202 246
f 248 234 204
f 247 213 234
f 204 203 248
f 216 205 249
f 250 216 249
f 205 173 249
f 249 173 206
f 216 250 235
f 236 238 218
f 240 237 157
f 107 251 209
f 107 192 251
f 223 241 252
f 210 223 224
f 242 253 195
f 166 226 243
f 147 244 254
f 254 165 147
f 211 245 255
f 245 212 256
f 228 165 257
f 257 230 228
f 212 229 256
f 229 200 258
f 200 232 258
f 232 259 258
f 233 259 232
f 260 231 261
f 260 167 231
f 246 167 260
f 247 234 248
f 246 262 215
f 215 263 203
f 262 263 215
f 263 248 203
f 247 248 264
f 265 250 266
f 235 250 265
f 265 267 236
f 235 265 236
f 219 268 206
f 238 236 269
f 236 267 269
f 238 269 239
f 220 179 270
f 179 180 270
f 270 180 209
f 222 221 271
f 222 272 241
f 252 241 273
f 223 252 224
f 194 196 225
f 274 242 224
f 274 253 242
f 195 253 244
f 197 275 226
f 275 197 227
f 211 276 227
f 211 255 276
f 255 245 256
f 229 277 256
f 258 277 229
f 257 278 230
f 230 261 231
f 261 230 278
f 233 279 259
f 233 247 279
f 260 280 246
f 280 262 246
f 281 264 248
f 248 263 282
f 281 248 282
f 283 265 266
f 283 266 284
f 284 285 283
f 265 283 267
f 286 269 285
f 267 283 269
f 283 285 269
f 239 286 287
f 239 269 286
f 287 221 239
f 271 272 222
f 192 288 251
f 241 272 273
f 225 289 164
f 225 196 290
f 252 291 224
f 291 292 224
f 224 292 274
f 293 244 253
f 256 294 255
f 254 244 293
f 254 257 165
f 259 295 258
f 257 296 278
f 259 279 295
f 297 260 261
f 279 247 298
f 298 247 264
f 299 264 281
f 298 264 299
f 280 263 262
f 282 263 300
f 301 284 302
f 284 266 303
f 302 284 303
f 266 250 304
f 303 266 304
f 304 250 249
f 284 301 285
f 249 206 305
f 206 306 305
f 285 301 307
f 268 219 308
f 286 285 307
f 220 309 240
f 220 270 309
f 192 164 310
f 252 273 291
f 196 243 311
f 256 277 312
f 256 312 294
f 313 277 258
f 258 295 313
f 296 257 254
f 295 279 314
f 278 296 315
f 298 316 279
f 317 281 282
f 299 281 317
f 318 280 260
f 263 280 319
f 300 263 319
f 302 320 301
f 305 304 249
f 301 320 307
f 268 306 206
f 286 307 321
f 322 286 321
f 237 308 219
f 286 322 287
f 309 270 323
f 221 287 324
f 221 324 271
f 288 192 310
f 272 271 325
f 196 311 290
f 273 326 291
f 291 326 292
f 243 226 327
f 292 328 274
f 275 227 329
f 329 227 276
f 329 276 330
f 274 328 253
f 331 330 276
f 276 255 331
f 253 332 293
f 333 312 277
f 254 293 334
f 335 254 334
f 295 336 313
f 295 314 336
f 278 297 261
f 297 278 315
f 298 337 316
f 299 337 298
f 338 282 300
f 338 317 282
f 297 339 260
f 318 260 339
f 319 340 300
f 320 341 307
f 320 302 341
f 342 268 308
f 308 237 240
f 209 251 343
f 164 289 310
f 225 290 289
f 272 344 273
f 326 273 345
f 326 346 292
f 326 345 346
f 226 275 347
f 328 332 253
f 331 255 348
f 255 294 348
f 312 348 294
f 293 332 349
f 277 313 350
f 333 277 350
f 349 334 293
f 313 336 351
f 335 296 254
f 335 352 296
f 352 315 296
f 314 279 316
f 317 353 337
f 337 299 317
f 297 354 339
f 353 317 338
f 355 338 300
f 318 319 280
f 300 340 355
f 319 318 339
f 340 319 356
f 357 303 358
f 303 304 358
f 358 304 359
f 360 361 341
f 357 360 341
f 302 357 341
f 303 357 302
f 341 362 307
f 361 362 341
f 268 342 306
f 362 321 307
f 287 322 363
f 287 363 364
f 364 324 287
f 209 343 270
f 324 325 271
f 289 365 310
f 311 243 327
f 273 344 345
f 327 226 347
f 275 329 347
f 346 366 292
f 292 366 328
f 367 348 312
f 333 367 312
f 313 368 369
f 369 350 313
f 349 370 334
f 371 334 370
f 334 371 335
f 336 314 372
f 371 373 335
f 316 374 314
f 352 335 373
f 352 375 315
f 315 375 297
f 375 354 297
f 337 353 376
f 354 377 339
f 339 377 319
f 378 355 340
f 340 356 378
f 319 377 379
f 357 361 360
f 359 304 380
f 380 304 305
f 362 361 381
f 240 323 382
f 323 240 309
f 363 322 383
f 272 325 384
f 290 311 385
f 311 386 385
f 345 387 388
f 346 345 388
f 347 329 389
f 366 390 328
f 391 330 331
f 328 390 392
f 348 393 331
f 328 392 332
f 367 393 348
f 394 332 392
f 394 349 332
f 369 395 350
f 333 350 395
f 349 394 396
f 370 396 397
f 370 349 396
f 368 313 351
f 370 397 398
f 336 372 351
f 370 398 399
f 371 370 399
f 371 399 400
f 401 371 400
f 371 401 373
f 373 401 402
f 373 403 352
f 402 403 373
f 352 403 375
f 337 404 316
f 404 374 316
f 337 376 404
f 375 403 405
f 406 375 405
f 354 375 406
f 338 407 353
f 408 354 406
f 355 407 338
f 408 377 354
f 377 408 409
f 379 409 410
f 379 377 409
f 379 356 319
f 411 378 356
f 379 410 412
f 356 379 412
f 413 361 357
f 414 358 359
f 413 415 381
f 413 381 361
f 306 380 305
f 362 416 321
f 381 416 362
f 321 416 322
f 416 417 322
f 382 308 240
f 270 343 323
f 324 364 418
f 324 418 325
f 419 365 290
f 365 289 290
f 272 384 344
f 311 327 386
f 345 344 387
f 346 388 366
f 329 330 389
f 420 392 390
f 393 367 421
f 392 420 422
f 392 422 394
f 367 333 423
f 423 421 367
f 394 422 424
f 396 394 424
f 397 396 424
f 397 425 398
f 351 372 368
f 398 426 427
f 398 427 399
f 399 427 400
f 314 428 372
f 400 429 401
f 401 429 430
f 401 430 402
f 314 374 428
f 402 430 431
f 402 431 432
f 403 402 432
f 403 432 433
f 403 433 405
f 406 405 434
f 435 376 353
f 406 434 436
f 406 436 408
f 435 353 407
f 408 437 409
f 438 407 355
f 409 439 410
f 411 438 378
f 438 355 378
f 410 440 412
f 356 412 441
f 411 356 441
f 415 413 442
f 306 443 380
f 443 306 342
f 415 416 381
f 383 322 417
f 323 343 444
f 445 343 251
f 251 288 445
f 288 310 445
f 310 365 445
f 384 325 418
f 387 446 388
f 389 330 391
f 447 388 446
f 388 447 366
f 391 331 448
f 390 447 449
f 390 366 447
f 448 331 393
f 390 449 450
f 420 390 450
f 422 420 451
f 422 451 452
f 424 422 452
f 333 395 453
f 333 453 423
f 368 454 369
f 369 454 395
f 397 424 425
f 424 455 425
f 368 456 454
f 398 425 426
f 368 372 457
f 368 457 456
f 427 426 458
f 400 427 459
f 427 458 459
f 459 429 400
f 429 460 461
f 430 429 461
f 430 461 462
f 430 462 431
f 463 431 462
f 404 464 374
f 431 463 432
f 433 432 465
f 432 466 465
f 433 465 467
f 405 433 467
f 434 467 468
f 434 405 467
f 469 404 376
f 434 468 470
f 469 376 435
f 434 470 436
f 436 471 437
f 408 436 437
f 409 437 439
f 437 472 439
f 473 407 438
f 410 439 440
f 412 440 474
f 412 474 441
f 438 411 441
f 442 475 476
f 442 413 477
f 475 442 477
f 413 357 477
f 477 357 478
f 358 478 357
f 358 414 478
f 414 359 479
f 442 476 415
f 380 479 359
f 415 476 416
f 476 480 416
f 416 480 417
f 308 481 342
f 480 482 417
f 364 363 483
f 483 418 364
f 419 290 484
f 485 384 418
f 290 385 484
f 385 386 486
f 387 344 487
f 387 487 446
f 447 446 488
f 449 447 488
f 448 393 489
f 490 420 450
f 393 421 489
f 489 421 491
f 420 490 451
f 421 423 491
f 424 452 455
f 452 492 455
f 425 455 493
f 426 425 494
f 425 493 494
f 426 494 458
f 459 458 495
f 459 495 460
f 429 459 460
f 496 428 374
f 496 374 464
f 463 466 432
f 465 466 497
f 465 497 468
f 465 468 467
f 436 470 471
f 437 471 498
f 498 472 437
f 435 407 473
f 439 472 474
f 440 439 474
f 441 474 499
f 499 500 441
f 441 500 438
f 501 476 475
f 479 380 502
f 380 443 502
f 476 503 480
f 501 503 476
f 342 504 443
f 482 480 503
f 505 308 382
f 444 506 323
f 507 444 343
f 365 419 445
f 484 385 486
f 508 486 386
f 327 508 386
f 327 347 509
f 510 389 391
f 488 511 512
f 446 511 488
f 513 391 448
f 513 448 489
f 488 512 514
f 449 488 514
f 449 514 450
f 450 514 515
f 450 515 490
f 451 490 516
f 491 423 517
f 451 516 452
f 452 516 492
f 517 423 453
f 455 492 518
f 395 519 453
f 455 518 493
f 395 454 520
f 458 494 495
f 372 521 522
f 457 372 522
f 372 523 521
f 460 495 524
f 523 372 428
f 460 524 461
f 462 461 524
f 462 524 463
f 463 524 466
f 468 497 525
f 526 404 469
f 468 525 527
f 468 527 470
f 470 527 471
f 471 527 528
f 471 528 498
f 498 528 529
f 498 530 472
f 469 435 473
f 472 530 474
f 474 530 531
f 438 500 473
f 474 531 499
f 500 499 532
f 475 533 534
f 475 477 533
f 533 477 535
f 477 478 535
f 501 534 536
f 475 534 501
f 502 443 537
f 501 536 503
f 481 504 342
f 308 505 481
f 382 323 506
f 363 383 483
f 538 343 445
f 327 509 508
f 539 509 347
f 539 347 389
f 344 384 487
f 446 487 511
f 510 391 513
f 512 540 514
f 490 515 541
f 490 541 516
f 492 516 542
f 492 542 518
f 518 543 493
f 395 520 519
f 493 543 494
f 543 544 494
f 545 456 457
f 520 454 456
f 494 544 495
f 495 546 524
f 428 496 523
f 524 547 466
f 497 466 547
f 404 526 464
f 497 547 525
f 498 529 530
f 473 526 469
f 535 478 548
f 534 549 550
f 549 534 533
f 478 551 548
f 414 551 478
f 534 550 536
f 537 443 504
f 550 552 536
f 552 553 536
f 553 503 536
f 503 553 482
f 505 382 554
f 555 417 482
f 417 555 383
f 444 507 556
f 555 557 383
f 343 538 507
f 418 483 558
f 419 484 559
f 418 560 485
f 384 561 487
f 562 389 510
f 487 561 563
f 564 487 563
f 487 564 511
f 512 511 565
f 512 565 540
f 514 540 566
f 514 566 515
f 515 566 567
f 515 567 541
f 489 491 568
f 541 542 516
f 517 453 569
f 495 544 546
f 524 546 547
f 464 526 570
f 547 571 525
f 525 572 527
f 527 572 528
f 528 573 529
f 526 473 574
f 529 573 530
f 573 575 530
f 530 575 576
f 530 576 531
f 532 577 500
f 578 473 500
f 577 578 500
f 531 532 499
f 551 414 579
f 550 549 580
f 552 550 580
f 481 581 504
f 506 444 556
f 383 557 483
f 507 538 582
f 419 583 445
f 558 560 418
f 559 583 419
f 484 486 584
f 508 584 486
f 485 561 384
f 511 564 585
f 511 585 565
f 540 565 586
f 513 489 587
f 540 586 566
f 566 586 588
f 588 567 566
f 518 589 543
f 453 519 569
f 569 519 590
f 456 545 520
f 519 520 591
f 521 523 592
f 546 593 547
f 547 593 571
f 496 570 594
f 464 570 496
f 572 525 571
f 572 573 528
f 578 574 473
f 576 595 531
f 531 595 532
f 532 595 577
f 549 596 580
f 549 533 597
f 596 549 597
f 597 533 535
f 479 598 414
f 414 598 579
f 479 502 598
f 599 552 580
f 553 552 599
f 481 505 554
f 600 482 553
f 600 555 482
f 554 382 601
f 382 506 601
f 507 582 602
f 483 557 558
f 445 583 538
f 508 509 603
f 539 389 562
f 562 510 604
f 563 605 564
f 564 606 585
f 587 489 568
f 568 491 607
f 517 569 491
f 491 569 607
f 608 457 522
f 457 608 545
f 496 594 523
f 609 573 572
f 595 576 610
f 595 611 577
f 611 578 577
f 551 579 548
f 502 612 598
f 502 537 612
f 580 596 613
f 580 613 599
f 538 583 614
f 559 484 615
f 616 508 603
f 560 617 485
f 603 509 539
f 617 561 485
f 564 605 606
f 618 604 510
f 585 606 619
f 619 620 585
f 510 513 618
f 585 620 565
f 586 565 621
f 565 620 621
f 621 588 586
f 588 622 567
f 567 622 623
f 623 541 567
f 542 541 623
f 542 589 518
f 543 589 544
f 545 591 520
f 519 591 624
f 624 590 519
f 625 546 544
f 546 625 626
f 592 522 521
f 546 626 593
f 523 627 592
f 593 628 571
f 628 572 571
f 575 629 576
f 611 574 578
f 576 630 610
f 610 611 595
f 596 631 613
f 631 596 597
f 537 632 612
f 599 613 633
f 634 599 633
f 553 599 635
f 635 599 634
f 554 581 481
f 600 553 635
f 506 556 601
f 600 636 555
f 602 556 507
f 557 555 636
f 582 538 637
f 558 557 638
f 559 639 583
f 558 640 560
f 484 584 615
f 508 616 584
f 617 560 641
f 603 539 642
f 561 617 563
f 617 605 563
f 606 643 619
f 619 644 620
f 513 587 618
f 568 607 645
f 607 569 646
f 569 590 646
f 545 608 647
f 608 648 647
f 591 545 647
f 522 592 649
f 608 522 649
f 594 627 523
f 609 572 628
f 573 609 650
f 650 651 573
f 573 651 575
f 574 611 652
f 576 629 630
f 630 653 610
f 610 653 611
f 597 654 631
f 597 535 654
f 654 535 548
f 613 631 633
f 636 600 655
f 636 638 557
f 637 656 582
f 538 614 637
f 639 559 615
f 641 560 640
f 642 657 603
f 642 539 562
f 562 604 658
f 606 605 659
f 660 606 659
f 606 660 643
f 619 643 661
f 643 662 661
f 644 619 661
f 623 663 542
f 542 663 589
f 589 625 544
f 646 590 664
f 624 591 665
f 591 647 666
f 665 591 666
f 648 608 649
f 667 629 575
f 668 629 667
f 653 652 611
f 631 669 633
f 631 654 669
f 548 670 654
f 579 670 548
f 671 579 598
f 612 671 598
f 633 672 634
f 504 632 537
f 504 673 632
f 673 504 581
f 554 601 674
f 655 600 675
f 637 676 656
f 614 583 677
f 640 558 638
f 584 616 615
f 616 603 657
f 658 642 562
f 605 617 659
f 604 618 678
f 643 660 662
f 644 661 679
f 644 679 621
f 621 620 644
f 622 680 623
f 589 681 625
f 590 682 664
f 682 590 624
f 665 682 624
f 649 592 683
f 592 684 683
f 592 627 684
f 627 685 684
f 686 627 594
f 594 570 686
f 570 526 574
f 652 570 574
f 629 668 630
f 653 630 687
f 633 669 688
f 633 688 672
f 634 672 689
f 635 634 689
f 635 675 600
f 656 602 582
f 583 639 677
f 690 615 616
f 691 617 641
f 691 659 617
f 660 659 692
f 693 660 692
f 662 660 694
f 660 693 694
f 662 694 661
f 694 679 661
f 679 622 621
f 621 622 588
f 663 681 589
f 645 607 695
f 607 646 695
f 626 696 593
f 697 665 666
f 649 683 648
f 666 647 648
f 627 686 685
f 698 651 650
f 570 699 686
f 651 667 575
f 700 668 667
f 687 701 653
f 653 701 652
f 668 687 630
f 579 702 670
f 702 579 671
f 669 703 688
f 612 704 671
f 704 612 632
f 672 688 689
f 581 705 673
f 706 635 689
f 707 674 601
f 556 707 601
f 655 675 708
f 614 709 637
f 709 614 677
f 690 639 615
f 616 657 710
f 711 641 640
f 658 712 642
f 659 713 692
f 678 618 587
f 623 714 663
f 646 664 695
f 715 664 682
f 593 696 628
f 697 682 665
f 716 609 628
f 684 717 683
f 666 648 718
f 718 697 666
f 684 685 719
f 609 720 650
f 650 720 698
f 686 721 722
f 686 722 685
f 651 698 667
f 570 652 699
f 668 700 687
f 703 669 723
f 654 723 669
f 654 724 723
f 654 670 724
f 688 703 725
f 689 688 725
f 674 581 554
f 675 635 706
f 707 556 726
f 676 637 727
f 728 636 655
f 638 636 728
f 638 729 640
f 711 640 729
f 657 642 730
f 691 641 731
f 604 732 658
f 604 678 732
f 659 691 713
f 692 713 733
f 733 734 692
f 692 734 693
f 693 734 735
f 693 735 694
f 694 735 679
f 678 587 736
f 680 714 623
f 587 568 736
f 568 645 736
f 681 737 625
f 737 626 625
f 695 664 715
f 696 716 628
f 682 738 715
f 738 682 697
f 719 717 684
f 719 739 717
f 683 717 740
f 648 683 740
f 648 740 718
f 722 719 685
f 722 741 719
f 667 698 742
f 721 686 699
f 743 667 742
f 667 743 744
f 700 667 744
f 701 745 652
f 745 699 652
f 687 700 746
f 687 746 701
f 747 670 702
f 704 748 671
f 632 673 704
f 749 689 725
f 749 706 689
f 656 676 750
f 728 655 708
f 727 637 709
f 729 638 728
f 616 710 690
f 730 642 712
f 751 641 711
f 731 641 751
f 691 752 733
f 691 733 713
f 733 753 734
f 679 735 754
f 679 754 622
f 678 736 755
f 645 695 756
f 626 757 696
f 695 715 758
f 738 758 715
f 717 739 759
f 759 760 717
f 717 760 740
f 740 761 718
f 718 761 697
f 761 738 697
f 741 739 719
f 762 739 741
f 763 698 720
f 764 721 699
f 699 745 764
f 744 746 700
f 765 745 701
f 701 746 765
f 724 766 723
f 670 747 724
f 703 767 725
f 723 767 703
f 748 702 671
f 673 768 704
f 674 705 581
f 674 707 769
f 556 602 770
f 602 771 770
f 602 656 771
f 709 677 772
f 677 639 773
f 639 690 774
f 690 710 774
f 751 711 729
f 712 658 775
f 732 775 658
f 691 731 776
f 691 776 752
f 752 777 753
f 733 752 753
f 753 778 734
f 734 779 735
f 678 755 780
f 680 622 781
f 736 645 756
f 663 782 681
f 626 737 757
f 756 695 758
f 757 716 696
f 783 758 738
f 609 784 720
f 785 740 760
f 740 785 761
f 738 761 786
f 762 741 787
f 698 788 742
f 741 721 787
f 741 722 721
f 765 746 789
f 789 745 765
f 767 723 790
f 790 723 766
f 747 766 724
f 791 747 702
f 767 792 725
f 725 792 749
f 749 793 706
f 769 794 674
f 795 706 793
f 795 675 706
f 556 770 726
f 656 750 771
f 675 796 708
f 676 797 750
f 797 676 798
f 676 727 798
f 708 799 728
f 677 773 772
f 639 774 773
f 800 774 710
f 657 800 710
f 800 657 730
f 730 712 801
f 801 712 775
f 776 777 752
f 753 777 778
f 678 780 732
f 734 778 779
f 622 754 802
f 755 736 803
f 680 804 714
f 663 714 782
f 758 783 805
f 609 716 806
f 760 759 807
f 808 738 786
f 783 738 808
f 759 739 809
f 810 761 785
f 786 761 810
f 739 762 809
f 763 788 698
f 787 721 811
f 743 742 812
f 811 721 764
f 764 813 811
f 764 745 813
f 744 789 746
f 790 766 814
f 791 815 747
f 748 791 702
f 704 816 748
f 792 817 749
f 768 673 818
f 705 818 673
f 817 819 749
f 674 820 705
f 749 819 793
f 707 726 769
f 675 795 796
f 799 708 796
f 821 729 728
f 729 821 751
f 775 732 822
f 777 776 823
f 824 777 823
f 778 777 779
f 777 824 779
f 735 779 825
f 825 754 735
f 714 804 782
f 803 736 826
f 826 736 756
f 782 827 681
f 737 681 828
f 737 828 757
f 758 805 756
f 807 829 760
f 809 830 759
f 830 831 759
f 829 785 760
f 806 784 609
f 786 810 832
f 808 786 832
f 833 809 787
f 809 762 787
f 812 742 788
f 787 811 834
f 813 835 836
f 811 813 836
f 743 837 744
f 837 838 744
f 744 838 789
f 835 745 789
f 813 745 835
f 766 747 814
f 748 815 791
f 792 767 790
f 792 839 817
f 840 704 768
f 817 841 819
f 674 794 820
f 842 795 793
f 795 842 796
f 771 750 797
f 727 709 772
f 731 751 821
f 843 731 821
f 731 843 776
f 844 776 845
f 776 844 823
f 732 780 846
f 779 824 847
f 779 847 825
f 802 781 622
f 780 755 803
f 848 680 781
f 849 756 805
f 831 807 759
f 810 850 832
f 832 851 852
f 783 808 852
f 810 785 829
f 808 832 852
f 720 853 854
f 720 784 853
f 720 854 763
f 833 787 834
f 830 809 833
f 763 854 788
f 812 855 743
f 835 789 838
f 856 747 815
f 790 857 858
f 857 790 814
f 790 858 792
f 704 840 816
f 768 818 840
f 726 859 769
f 841 860 819
f 819 860 793
f 770 861 726
f 770 862 861
f 793 863 842
f 862 770 771
f 772 798 727
f 864 799 796
f 865 799 864
f 865 728 799
f 845 776 843
f 823 844 866
f 824 823 866
f 824 866 847
f 780 803 867
f 680 848 804
f 826 756 849
f 681 827 828
f 757 868 716
f 805 869 849
f 852 869 783
f 783 869 805
f 810 829 870
f 850 810 870
f 851 832 850
f 784 806 871
f 837 872 838
f 872 873 838
f 836 838 873
f 836 835 838
f 857 814 874
f 814 875 874
f 747 875 814
f 747 856 875
f 792 858 839
f 816 815 748
f 876 840 818
f 817 839 877
f 877 878 817
f 705 820 818
f 817 878 841
f 793 860 863
f 798 772 879
f 864 796 880
f 880 796 842
f 773 774 881
f 882 774 800
f 883 882 800
f 883 800 730
f 884 843 821
f 822 732 846
f 885 845 843
f 845 885 844
f 846 780 867
f 781 886 848
f 867 803 887
f 803 826 887
f 804 888 782
f 889 828 827
f 890 716 868
f 716 890 806
f 831 891 807
f 891 892 807
f 851 893 894
f 869 852 894
f 852 851 894
f 871 806 895
f 896 897 833
f 831 830 897
f 853 784 871
f 898 833 834
f 830 833 897
f 899 834 811
f 812 900 855
f 901 902 836
f 743 855 837
f 837 855 872
f 836 873 901
f 903 856 815
f 816 904 815
f 769 859 794
f 862 771 905
f 797 905 771
f 906 772 773
f 881 906 773
f 774 882 881
f 730 907 883
f 801 907 730
f 821 728 865
f 821 865 908
f 884 821 908
f 843 909 910
f 885 843 910
f 910 911 885
f 885 911 844
f 847 912 825
f 754 913 802
f 802 886 781
f 782 888 827
f 869 914 849
f 890 895 806
f 850 870 851
f 870 893 851
f 897 891 831
f 829 807 892
f 870 829 892
f 896 833 898
f 898 834 899
f 854 915 788
f 788 900 812
f 836 902 916
f 899 836 916
f 899 811 836
f 872 917 873
f 917 918 873
f 873 918 901
f 918 902 901
f 874 919 920
f 857 921 858
f 920 857 874
f 904 903 815
f 839 858 922
f 839 922 877
f 818 923 876
f 878 877 924
f 878 925 841
f 859 726 861
f 841 925 860
f 860 926 863
f 905 797 927
f 797 798 927
f 927 798 879
f 863 928 842
f 842 928 880
f 879 772 906
f 929 864 880
f 929 930 864
f 865 864 930
f 931 801 775
f 931 775 822
f 932 843 884
f 843 932 909
f 866 844 911
f 847 866 933
f 866 911 933
f 847 933 912
f 825 912 913
f 754 825 913
f 804 848 888
f 887 826 934
f 826 849 934
f 934 849 914
f 828 868 757
f 935 894 936
f 935 869 894
f 914 869 935
f 870 937 893
f 936 893 937
f 936 894 893
f 896 938 897
f 897 938 891
f 939 853 871
f 853 915 854
f 900 940 855
f 872 855 941
f 855 940 941
f 941 917 872
f 874 875 919
f 856 942 875
f 903 942 856
f 903 943 942
f 903 944 943
f 903 904 944
f 858 921 922
f 920 921 857
f 816 945 904
f 840 945 816
f 922 924 877
f 794 859 946
f 925 878 924
f 863 926 928
f 928 947 880
f 929 880 947
f 907 801 931
f 865 930 908
f 822 846 948
f 909 932 949
f 909 949 910
f 911 910 933
f 886 802 913
f 889 827 888
f 935 950 914
f 889 951 828
f 868 828 951
f 891 952 892
f 952 953 892
f 870 954 937
f 870 892 953
f 955 956 895
f 895 956 871
f 871 956 939
f 788 957 900
f 788 915 957
f 918 958 902
f 922 921 959
f 922 959 960
f 922 960 924
f 925 961 860
f 860 961 926
f 926 962 928
f 928 962 947
f 882 883 963
f 964 930 929
f 963 883 907
f 930 965 908
f 908 965 884
f 965 966 884
f 884 966 932
f 948 846 967
f 932 968 969
f 949 932 969
f 949 969 910
f 933 910 969
f 846 867 970
f 913 971 886
f 867 887 970
f 934 914 950
f 972 951 889
f 868 951 890
f 954 973 937
f 974 937 973
f 974 936 937
f 935 936 974
f 938 952 891
f 870 953 954
f 896 975 938
f 898 899 976
f 853 939 915
f 899 977 976
f 899 916 977
f 916 902 958
f 940 978 941
f 941 979 918
f 918 917 941
f 875 980 919
f 919 980 981
f 942 980 875
f 943 982 942
f 920 983 921
f 920 919 983
f 921 983 959
f 840 876 984
f 840 984 945
f 959 985 960
f 818 820 923
f 960 986 924
f 946 820 794
f 924 987 925
f 988 862 905
f 879 906 989
f 906 881 990
f 964 929 991
f 991 929 947
f 965 930 964
f 931 822 992
f 822 948 992
f 966 993 932
f 932 993 968
f 933 994 912
f 913 912 995
f 970 887 996
f 886 997 848
f 848 997 888
f 953 998 954
f 954 998 973
f 975 999 938
f 955 895 890
f 898 1000 896
f 975 896 1000
f 898 976 1000
f 957 915 1001
f 958 977 916
f 957 978 900
f 900 978 940
f 978 979 941
f 918 979 1002
f 958 918 1002
f 919 981 1003
f 943 1004 982
f 944 1004 943
f 983 919 1003
f 945 1005 904
f 959 983 985
f 985 983 1006
f 960 985 986
f 985 1007 986
f 924 986 987
f 1008 986 1007
f 987 986 1008
f 1009 946 859
f 987 1010 925
f 905 927 988
f 927 879 989
f 961 1011 926
f 926 1011 962
f 1012 881 882
f 1012 882 963
f 962 1011 947
f 1011 991 947
f 1013 963 907
f 1014 965 964
f 966 965 1015
f 966 1015 993
f 968 993 1016
f 969 968 1016
f 969 1016 1017
f 933 969 1017
f 933 1017 994
f 1018 995 912
f 967 846 970
f 913 995 971
f 887 934 996
f 996 934 1019
f 1019 934 950
f 889 888 1020
f 950 935 1021
f 952 1022 953
f 1021 974 1023
f 935 974 1021
f 938 999 952
f 973 998 1023
f 974 973 1023
f 1000 976 1024
f 956 1025 939
f 1024 976 977
f 939 1025 915
f 978 1026 979
f 979 1027 1002
f 1026 1027 979
f 1027 958 1002
f 1028 983 1003
f 1006 983 1028
f 1005 944 904
f 1006 1029 985
f 876 923 984
f 1029 1030 985
f 1030 1007 985
f 923 820 1031
f 820 1032 1031
f 820 946 1032
f 1010 987 1008
f 862 988 1033
f 925 1010 961
f 1010 1034 961
f 961 1034 1011
f 907 931 1013
f 1014 964 991
f 1014 1015 965
f 993 1035 1016
f 912 994 1018
f 888 997 1020
f 889 1020 972
f 972 1036 951
f 1022 1037 953
f 998 1038 1023
f 998 953 1037
f 1039 999 975
f 1040 955 890
f 1025 956 1041
f 1042 977 1043
f 977 958 1043
f 957 1001 1044
f 978 1044 1026
f 978 957 1044
f 958 1027 1043
f 1045 1003 981
f 980 1045 981
f 1046 1008 1007
f 1008 1047 1010
f 927 1048 988
f 1034 1010 1049
f 1048 927 1050
f 927 989 1050
f 989 906 990
f 1034 1051 1011
f 963 1013 1052
f 1011 1053 991
f 1013 931 1054
f 1055 1014 991
f 1056 1015 1014
f 993 1015 1057
f 993 1057 1035
f 1016 1035 1017
f 971 995 1058
f 886 971 1059
f 950 1060 1019
f 1023 1038 1060
f 1023 1060 1021
f 1021 1060 950
f 1036 890 951
f 1037 1038 998
f 952 999 1061
f 975 1000 1039
f 1062 956 955
f 1024 977 1063
f 1025 1041 1064
f 915 1025 1001
f 1063 1042 1065
f 1063 977 1042
f 1044 1066 1026
f 1026 1066 1027
f 1027 1067 1042
f 1066 1067 1027
f 1043 1027 1042
f 942 1068 980
f 982 1068 942
f 982 1069 1068
f 1045 1028 1003
f 944 1070 1004
f 944 1005 1070
f 1028 1071 1006
f 984 1072 945
f 945 1072 1005
f 1006 1071 1029
f 1030 1046 1007
f 859 861 1073
f 862 1074 861
f 1047 1049 1010
f 1075 1034 1049
f 1051 1034 1075
f 990 881 1012
f 1051 1053 1011
f 1053 1055 991
f 1055 1076 1014
f 1014 1076 1056
f 992 948 1077
f 948 967 1077
f 1017 1035 1078
f 1079 967 970
f 995 1018 1080
f 970 996 1079
f 886 1059 997
f 1019 1060 1081
f 1061 1022 952
f 1060 1038 1082
f 1036 1083 890
f 1083 1040 890
f 1000 1084 1039
f 1040 1085 955
f 1062 955 1085
f 1024 1086 1000
f 1024 1063 1086
f 956 1087 1041
f 1064 1001 1025
f 1065 1042 1067
f 980 1088 1045
f 980 1089 1088
f 980 1090 1089
f 1068 1090 980
f 1004 1091 982
f 1092 1028 1093
f 1093 1028 1045
f 1028 1092 1071
f 923 1094 984
f 1029 1071 1030
f 1030 1071 1095
f 1096 1030 1095
f 1030 1096 1046
f 859 1073 1009
f 861 1074 1073
f 1046 1097 1008
f 1008 1097 1047
f 1098 1049 1047
f 1033 988 1048
f 963 1052 1012
f 1099 1052 1013
f 1053 1076 1055
f 1056 1100 1015
f 1015 1100 1057
f 1035 1057 1101
f 1035 1101 1078
f 1017 1078 1102
f 994 1017 1102
f 1018 994 1080
f 995 1080 1058
f 1079 996 1103
f 996 1019 1103
f 1103 1019 1081
f 1020 997 1104
f 1081 1060 1082
f 1105 972 1020
f 1038 1106 1082
f 1038 1037 1107
f 1061 999 1039
f 1084 1000 1086
f 1108 1062 1085
f 1063 1109 1086
f 1062 1087 956
f 1041 1087 1110
f 1110 1064 1041
f 1063 1065 1111
f 1044 1064 1066
f 1044 1001 1064
f 1066 1112 1067
f 1064 1112 1066
f 1112 1113 1067
f 1111 1067 1113
f 1111 1065 1067
f 1088 1093 1045
f 982 1091 1069
f 1095 1071 1092
f 1031 1094 923
f 946 1009 1114
f 1046 1096 1097
f 1074 862 1033
f 1097 1098 1047
f 1048 1050 1115
f 1050 989 1115
f 1075 1049 1098
f 1116 990 1012
f 1075 1117 1051
f 1051 1118 1053
f 1053 1118 1076
f 931 992 1054
f 1076 1118 1056
f 1119 1100 1056
f 1057 1100 1120
f 1077 967 1079
f 994 1121 1080
f 994 1102 1121
f 1122 1123 1103
f 1124 1122 1103
f 1103 1081 1124
f 1124 1081 1125
f 1104 1105 1020
f 1105 1036 972
f 1061 1126 1022
f 1126 1037 1022
f 1038 1107 1106
f 1107 1127 1106
f 1125 1106 1127
f 1125 1082 1106
f 1125 1081 1082
f 1128 1083 1036
f 1084 1129 1039
f 1129 1061 1039
f 1086 1130 1084
f 1108 1087 1062
f 1086 1109 1130
f 1109 1063 1111
f 1112 1131 1113
f 1068 1132 1090
f 1069 1132 1068
f 1069 1133 1132
f 1093 1088 1134
f 1089 1134 1088
f 1070 1091 1004
f 1070 1135 1091
f 1092 1093 1136
f 1137 1070 1005
f 1072 1137 1005
f 1094 1072 984
f 1095 1092 1138
f 1136 1138 1092
f 1031 1139 1094
f 1031 1032 1139
f 1032 1114 1140
f 1032 946 1114
f 1009 1073 1114
f 1096 1141 1097
f 1142 1097 1141
f 1097 1142 1098
f 989 990 1116
f 1143 1116 1012
f 1075 1098 1144
f 1012 1052 1145
f 1099 1013 1054
f 1051 1146 1118
f 1118 1119 1056
f 1057 1120 1101
f 1078 1147 1102
f 1077 1079 1148
f 1080 1149 1058
f 1148 1079 1123
f 1079 1103 1123
f 1150 971 1058
f 971 1150 1059
f 997 1059 1104
f 1125 1122 1124
f 1037 1151 1107
f 1109 1111 1152
f 1064 1153 1112
f 1110 1153 1064
f 1153 1131 1112
f 1152 1113 1131
f 1111 1113 1152
f 1090 1154 1089
f 1090 1155 1154
f 1090 1132 1155
f 1091 1156 1069
f 1069 1156 1133
f 1095 1138 1157
f 1096 1095 1158
f 1074 1033 1159
f 1160 1115 989
f 1144 1098 1161
f 1012 1145 1143
f 1052 1099 1162
f 1117 1146 1051
f 1163 1054 992
f 1100 1164 1120
f 1100 1119 1164
f 1147 1121 1102
f 1149 1080 1121
f 1107 1165 1127
f 1166 1127 1165
f 1166 1125 1127
f 1122 1125 1166
f 1129 1167 1061
f 1083 1168 1040
f 1168 1085 1040
f 1169 1109 1170
f 1169 1130 1109
f 1130 1169 1084
f 1087 1171 1110
f 1110 1171 1153
f 1172 1152 1173
f 1109 1152 1172
f 1153 1173 1131
f 1152 1131 1173
f 1154 1134 1089
f 1134 1174 1093
f 1174 1134 1175
f 1154 1175 1134
f 1137 1135 1070
f 1093 1174 1136
f 1158 1095 1157
f 1158 1141 1096
f 1176 1033 1048
f 989 1116 1160
f 1177 1142 1141
f 1098 1142 1161
f 1052 1162 1145
f 1144 1117 1075
f 1099 1054 1178
f 1117 1179 1146
f 1146 1180 1118
f 1181 1163 992
f 1180 1182 1118
f 1182 1119 1118
f 1181 992 1077
f 1148 1123 1183
f 1166 1184 1122
f 1105 1185 1036
f 1186 1126 1167
f 1061 1167 1126
f 1037 1126 1151
f 1187 1129 1084
f 1087 1108 1188
f 1109 1172 1170
f 1189 1172 1190
f 1153 1191 1190
f 1173 1190 1172
f 1173 1153 1190
f 1132 1192 1155
f 1133 1192 1132
f 1133 1193 1192
f 1091 1194 1156
f 1135 1194 1091
f 1094 1195 1072
f 1136 1174 1138
f 1174 1196 1138
f 1138 1196 1157
f 1074 1159 1073
f 1158 1157 1197
f 1033 1176 1159
f 1048 1115 1176
f 1198 1160 1116
f 1116 1143 1198
f 1142 1177 1161
f 1144 1179 1117
f 1178 1054 1163
f 1182 1199 1119
f 1199 1164 1119
f 1078 1200 1147
f 1149 1121 1201
f 1058 1149 1150
f 1123 1122 1183
f 1183 1122 1202
f 1184 1202 1122
f 1059 1203 1104
f 1184 1166 1204
f 1186 1205 1126
f 1107 1206 1165
f 1166 1165 1204
f 1207 1128 1036
f 1208 1167 1129
f 1128 1168 1083
f 1168 1209 1085
f 1108 1085 1209
f 1084 1169 1187
f 1170 1189 1210
f 1169 1170 1210
f 1087 1188 1171
f 1188 1211 1171
f 1191 1212 1189
f 1153 1171 1213
f 1153 1213 1191
f 1189 1190 1191
f 1170 1172 1189
f 1214 1155 1192
f 1175 1154 1215
f 1155 1215 1154
f 1214 1215 1155
f 1216 1174 1175
f 1137 1072 1195
f 1196 1174 1216
f 1032 1217 1139
f 1032 1140 1217
f 1114 1073 1218
f 1177 1141 1158
f 1160 1198 1219
f 1220 1143 1145
f 1178 1162 1099
f 1161 1177 1221
f 1161 1221 1144
f 1144 1221 1179
f 1179 1180 1146
f 1180 1179 1222
f 1164 1223 1120
f 1077 1148 1181
f 1223 1101 1120
f 1101 1223 1078
f 1078 1223 1200
f 1184 1224 1202
f 1184 1204 1224
f 1104 1203 1105
f 1205 1151 1126
f 1206 1107 1151
f 1204 1165 1206
f 1036 1185 1207
f 1128 1225 1168
f 1208 1129 1187
f 1169 1210 1187
f 1187 1210 1226
f 1210 1189 1212
f 1171 1211 1213
f 1227 1191 1213
f 1212 1191 1227
f 1156 1228 1133
f 1215 1229 1175
f 1175 1229 1216
f 1137 1230 1135
f 1159 1218 1073
f 1157 1196 1231
f 1197 1157 1231
f 1159 1176 1232
f 1176 1115 1233
f 1158 1234 1177
f 1143 1235 1198
f 1221 1177 1236
f 1221 1222 1179
f 1237 1163 1181
f 1222 1199 1180
f 1180 1199 1182
f 1199 1238 1164
f 1164 1238 1223
f 1181 1148 1239
f 1147 1200 1240
f 1121 1147 1240
f 1240 1241 1121
f 1150 1149 1242
f 1059 1150 1203
f 1151 1205 1206
f 1205 1243 1206
f 1224 1204 1206
f 1105 1203 1244
f 1105 1244 1185
f 1208 1245 1167
f 1167 1245 1186
f 1226 1246 1187
f 1227 1226 1212
f 1210 1212 1226
f 1213 1247 1227
f 1211 1247 1213
f 1193 1248 1192
f 1192 1248 1214
f 1156 1249 1228
f 1156 1194 1249
f 1194 1135 1250
f 1137 1195 1230
f 1216 1229 1251
f 1094 1139 1195
f 1139 1217 1252
f 1216 1253 1196
f 1231 1196 1253
f 1160 1233 1115
f 1234 1158 1197
f 1254 1234 1197
f 1220 1235 1143
f 1177 1234 1236
f 1145 1162 1220
f 1178 1163 1255
f 1236 1256 1221
f 1221 1256 1222
f 1257 1222 1256
f 1199 1222 1257
f 1238 1258 1259
f 1259 1223 1238
f 1183 1239 1148
f 1260 1239 1183
f 1241 1201 1121
f 1183 1202 1260
f 1202 1261 1260
f 1149 1201 1242
f 1224 1261 1202
f 1224 1206 1243
f 1185 1244 1262
f 1262 1207 1185
f 1186 1245 1263
f 1205 1186 1263
f 1246 1264 1187
f 1208 1187 1264
f 1246 1226 1265
f 1188 1108 1266
f 1226 1227 1247
f 1211 1267 1247
f 1133 1268 1193
f 1193 1268 1248
f 1133 1228 1268
f 1229 1215 1269
f 1269 1215 1214
f 1135 1230 1250
f 1139 1252 1195
f 1216 1251 1270
f 1216 1271 1253
f 1114 1272 1140
f 1218 1159 1273
f 1253 1274 1231
f 1235 1219 1198
f 1236 1234 1275
f 1275 1276 1236
f 1256 1236 1276
f 1257 1258 1199
f 1239 1277 1181
f 1199 1258 1238
f 1200 1223 1278
f 1261 1243 1279
f 1261 1224 1243
f 1150 1242 1203
f 1263 1280 1205
f 1208 1264 1281
f 1208 1281 1245
f 1282 1283 1168
f 1168 1283 1209
f 1108 1209 1284
f 1108 1284 1266
f 1265 1247 1285
f 1265 1226 1247
f 1188 1286 1211
f 1266 1286 1188
f 1211 1286 1267
f 1285 1247 1267
f 1287 1269 1214
f 1287 1214 1288
f 1248 1288 1214
f 1288 1248 1289
f 1194 1250 1249
f 1269 1290 1229
f 1269 1287 1290
f 1229 1270 1251
f 1290 1270 1229
f 1270 1271 1216
f 1140 1272 1217
f 1218 1273 1114
f 1176 1233 1232
f 1274 1197 1231
f 1219 1233 1160
f 1254 1197 1274
f 1220 1162 1178
f 1291 1220 1178
f 1292 1275 1234
f 1255 1163 1237
f 1276 1293 1256
f 1256 1293 1257
f 1277 1237 1181
f 1257 1293 1294
f 1294 1258 1257
f 1239 1295 1277
f 1295 1239 1260
f 1278 1223 1259
f 1201 1241 1296
f 1261 1297 1260
f 1201 1296 1242
f 1280 1298 1205
f 1242 1299 1203
f 1128 1207 1225
f 1282 1168 1225
f 1246 1265 1300
f 1209 1283 1284
f 1265 1285 1300
f 1268 1301 1248
f 1248 1301 1289
f 1302 1288 1289
f 1230 1195 1303
f 1217 1272 1252
f 1270 1304 1271
f 1272 1114 1305
f 1114 1273 1305
f 1274 1253 1271
f 1274 1271 1306
f 1232 1233 1307
f 1233 1219 1308
f 1219 1235 1309
f 1310 1235 1220
f 1254 1292 1234
f 1178 1311 1291
f 1311 1178 1255
f 1294 1312 1258
f 1258 1312 1259
f 1278 1259 1313
f 1259 1312 1313
f 1240 1200 1278
f 1279 1297 1261
f 1298 1314 1243
f 1243 1314 1279
f 1243 1205 1298
f 1264 1246 1300
f 1283 1315 1284
f 1284 1316 1286
f 1286 1317 1267
f 1286 1266 1284
f 1318 1302 1289
f 1301 1318 1289
f 1228 1319 1268
f 1249 1320 1228
f 1228 1320 1319
f 1321 1249 1250
f 1250 1230 1322
f 1290 1323 1270
f 1195 1252 1303
f 1304 1270 1323
f 1324 1159 1232
f 1307 1324 1232
f 1233 1308 1307
f 1325 1254 1274
f 1235 1310 1326
f 1220 1291 1310
f 1254 1325 1292
f 1292 1327 1275
f 1327 1276 1275
f 1328 1276 1327
f 1293 1276 1328
f 1294 1293 1328
f 1277 1295 1329
f 1312 1330 1313
f 1295 1260 1331
f 1331 1260 1332
f 1240 1278 1333
f 1241 1240 1333
f 1333 1296 1241
f 1297 1332 1260
f 1297 1314 1334
f 1297 1279 1314
f 1242 1296 1299
f 1281 1335 1245
f 1203 1299 1336
f 1203 1336 1244
f 1264 1337 1281
f 1338 1337 1264
f 1263 1245 1335
f 1338 1264 1300
f 1283 1282 1315
f 1285 1317 1300
f 1267 1317 1285
f 1316 1317 1286
f 1302 1339 1288
f 1250 1322 1321
f 1287 1339 1290
f 1288 1339 1287
f 1303 1322 1230
f 1323 1290 1339
f 1272 1340 1252
f 1159 1324 1273
f 1341 1306 1271
f 1309 1308 1219
f 1325 1274 1306
f 1326 1309 1235
f 1342 1311 1255
f 1255 1237 1342
f 1329 1237 1277
f 1331 1329 1295
f 1312 1294 1330
f 1313 1330 1278
f 1332 1343 1331
f 1334 1343 1332
f 1332 1297 1334
f 1335 1344 1263
f 1298 1345 1314
f 1345 1334 1314
f 1280 1263 1344
f 1336 1346 1262
f 1262 1244 1336
f 1207 1347 1225
f 1284 1315 1316
f 1319 1348 1268
f 1319 1349 1348
f 1319 1320 1349
f 1318 1350 1302
f 1348 1301 1268
f 1348 1318 1301
f 1321 1320 1249
f 1302 1350 1339
f 1322 1303 1351
f 1323 1339 1352
f 1353 1323 1352
f 1304 1323 1353
f 1272 1305 1354
f 1273 1355 1305
f 1273 1324 1355
f 1304 1356 1271
f 1271 1356 1341
f 1357 1325 1358
f 1325 1357 1292
f 1342 1237 1359
f 1329 1359 1237
f 1360 1361 1328
f 1328 1361 1294
f 1329 1331 1362
f 1362 1331 1343
f 1294 1361 1330
f 1333 1278 1363
f 1278 1330 1363
f 1334 1364 1343
f 1296 1333 1365
f 1344 1366 1280
f 1280 1366 1298
f 1281 1337 1367
f 1281 1367 1335
f 1336 1299 1368
f 1262 1347 1207
f 1300 1369 1338
f 1225 1347 1282
f 1369 1317 1370
f 1369 1300 1317
f 1317 1316 1370
f 1348 1371 1318
f 1318 1371 1350
f 1321 1372 1320
f 1350 1373 1339
f 1321 1322 1374
f 1322 1351 1374
f 1352 1339 1373
f 1252 1340 1303
f 1272 1375 1340
f 1305 1355 1354
f 1353 1376 1304
f 1376 1356 1304
f 1324 1307 1377
f 1308 1378 1307
f 1379 1306 1341
f 1325 1306 1379
f 1310 1291 1380
f 1380 1291 1311
f 1327 1292 1357
f 1327 1360 1328
f 1362 1359 1329
f 1381 1361 1360
f 1364 1382 1362
f 1383 1382 1364
f 1362 1343 1364
f 1361 1381 1330
f 1364 1384 1383
f 1298 1385 1345
f 1385 1384 1345
f 1364 1334 1384
f 1335 1386 1344
f 1334 1345 1384
f 1299 1296 1368
f 1386 1335 1367
f 1336 1368 1387
f 1387 1346 1336
f 1337 1338 1388
f 1347 1389 1282
f 1338 1369 1388
f 1316 1390 1370
f 1391 1390 1316
f 1316 1315 1391
f 1349 1392 1348
f 1350 1371 1393
f 1394 1371 1348
f 1321 1374 1372
f 1373 1350 1393
f 1395 1352 1373
f 1303 1396 1351
f 1303 1340 1396
f 1353 1352 1395
f 1272 1354 1375
f 1378 1377 1307
f 1376 1341 1356
f 1308 1309 1397
f 1325 1379 1358
f 1398 1326 1310
f 1398 1310 1380
f 1399 1380 1311
f 1327 1357 1400
f 1401 1327 1400
f 1327 1401 1360
f 1381 1360 1402
f 1330 1381 1363
f 1384 1385 1403
f 1383 1384 1403
f 1404 1333 1363
f 1366 1385 1298
f 1369 1405 1388
f 1406 1347 1262
f 1346 1406 1262
f 1282 1407 1315
f 1369 1370 1390
f 1392 1394 1348
f 1349 1408 1392
f 1320 1408 1349
f 1372 1408 1320
f 1393 1371 1394
f 1409 1353 1395
f 1409 1376 1353
f 1409 1410 1376
f 1411 1377 1378
f 1412 1378 1308
f 1341 1376 1379
f 1308 1397 1412
f 1397 1309 1326
f 1326 1398 1413
f 1414 1358 1379
f 1358 1414 1357
f 1414 1400 1357
f 1311 1342 1415
f 1416 1342 1359
f 1359 1362 1417
f 1401 1402 1360
f 1382 1417 1362
f 1402 1418 1381
f 1383 1417 1382
f 1381 1418 1363
f 1386 1419 1344
f 1419 1366 1344
f 1365 1333 1404
f 1420 1337 1388
f 1296 1365 1368
f 1387 1421 1346
f 1346 1422 1406
f 1405 1369 1423
f 1390 1424 1423
f 1389 1407 1282
f 1407 1425 1391
f 1369 1390 1423
f 1391 1315 1407
f 1390 1391 1426
f 1424 1390 1426
f 1372 1427 1408
f 1428 1393 1394
f 1373 1393 1429
f 1373 1430 1395
f 1430 1373 1429
f 1375 1396 1340
f 1324 1377 1355
f 1379 1376 1410
f 1413 1397 1326
f 1379 1431 1414
f 1311 1415 1399
f 1432 1416 1359
f 1359 1417 1432
f 1418 1402 1401
f 1433 1417 1383
f 1419 1385 1366
f 1383 1403 1433
f 1363 1434 1404
f 1363 1418 1434
f 1337 1420 1367
f 1368 1365 1435
f 1435 1436 1368
f 1436 1387 1368
f 1391 1425 1426
f 1392 1437 1394
f 1408 1437 1392
f 1408 1438 1437
f 1427 1438 1408
f 1372 1439 1427
f 1393 1428 1429
f 1374 1439 1372
f 1351 1440 1374
f 1430 1429 1441
f 1351 1396 1442
f 1395 1443 1409
f 1443 1395 1430
f 1354 1355 1444
f 1410 1409 1443
f 1431 1379 1410
f 1413 1398 1445
f 1414 1446 1400
f 1416 1447 1342
f 1447 1415 1342
f 1400 1446 1401
f 1432 1417 1448
f 1433 1448 1417
f 1401 1449 1418
f 1418 1449 1434
f 1420 1450 1386
f 1385 1419 1451
f 1451 1452 1385
f 1403 1385 1452
f 1433 1403 1452
f 1405 1453 1388
f 1386 1367 1420
f 1454 1405 1423
f 1420 1388 1453
f 1387 1436 1421
f 1421 1422 1346
f 1424 1454 1423
f 1347 1406 1389
f 1455 1456 1424
f 1424 1426 1455
f 1426 1425 1455
f 1394 1437 1428
f 1428 1457 1429
f 1428 1458 1457
f 1428 1437 1458
f 1374 1440 1439
f 1429 1457 1441
f 1355 1459 1444
f 1355 1377 1459
f 1411 1378 1460
f 1445 1397 1413
f 1399 1398 1380
f 1447 1416 1432
f 1401 1446 1449
f 1448 1433 1452
f 1461 1386 1450
f 1419 1386 1461
f 1404 1434 1462
f 1462 1463 1404
f 1404 1463 1365
f 1435 1365 1436
f 1365 1463 1436
f 1454 1424 1456
f 1464 1407 1389
f 1465 1437 1438
f 1351 1442 1440
f 1396 1375 1466
f 1430 1441 1443
f 1375 1354 1466
f 1466 1354 1444
f 1411 1459 1377
f 1467 1410 1443
f 1460 1378 1412
f 1410 1468 1431
f 1469 1397 1445
f 1414 1431 1470
f 1398 1399 1471
f 1399 1415 1471
f 1472 1414 1470
f 1414 1472 1446
f 1432 1473 1447
f 1474 1473 1432
f 1432 1448 1474
f 1474 1448 1475
f 1446 1476 1449
f 1451 1477 1475
f 1448 1452 1475
f 1420 1478 1450
f 1452 1451 1475
f 1449 1476 1434
f 1479 1434 1476
f 1480 1453 1454
f 1420 1453 1481
f 1479 1462 1434
f 1453 1405 1454
f 1422 1482 1406
f 1480 1456 1483
f 1480 1454 1456
f 1422 1421 1484
f 1406 1464 1389
f 1464 1485 1407
f 1407 1485 1425
f 1485 1456 1425
f 1455 1425 1456
f 1465 1458 1437
f 1465 1486 1458
f 1458 1487 1457
f 1442 1488 1440
f 1441 1457 1489
f 1396 1466 1442
f 1442 1466 1490
f 1443 1441 1489
f 1491 1467 1443
f 1492 1460 1412
f 1412 1397 1469
f 1468 1410 1467
f 1468 1470 1431
f 1447 1493 1415
f 1493 1447 1494
f 1447 1473 1494
f 1473 1474 1495
f 1496 1473 1495
f 1472 1497 1446
f 1461 1498 1451
f 1498 1477 1451
f 1495 1474 1475
f 1497 1499 1476
f 1446 1497 1476
f 1453 1500 1481
f 1478 1501 1450
f 1451 1419 1461
f 1475 1477 1495
f 1480 1502 1453
f 1420 1481 1478
f 1499 1479 1476
f 1503 1479 1499
f 1479 1503 1462
f 1421 1436 1504
f 1421 1505 1484
f 1506 1465 1438
f 1427 1506 1438
f 1427 1507 1506
f 1439 1508 1427
f 1427 1508 1507
f 1458 1486 1487
f 1506 1486 1465
f 1439 1440 1508
f 1486 1509 1487
f 1457 1487 1489
f 1491 1443 1489
f 1460 1510 1411
f 1511 1445 1398
f 1471 1415 1493
f 1512 1494 1496
f 1494 1473 1496
f 1496 1513 1512
f 1497 1472 1514
f 1496 1495 1477
f 1513 1496 1477
f 1478 1515 1501
f 1502 1500 1453
f 1461 1450 1501
f 1499 1516 1503
f 1516 1462 1503
f 1462 1516 1463
f 1463 1504 1436
f 1504 1505 1421
f 1517 1482 1422
f 1482 1518 1464
f 1518 1485 1464
f 1464 1406 1482
f 1456 1485 1519
f 1483 1456 1519
f 1506 1520 1486
f 1440 1488 1508
f 1442 1490 1488
f 1487 1509 1489
f 1444 1521 1466
f 1444 1459 1522
f 1492 1412 1469
f 1445 1511 1523
f 1471 1511 1398
f 1468 1514 1470
f 1470 1514 1472
f 1493 1494 1524
f 1524 1494 1512
f 1512 1513 1525
f 1514 1526 1497
f 1527 1498 1461
f 1525 1477 1498
f 1513 1477 1525
f 1502 1528 1500
f 1499 1497 1526
f 1516 1499 1529
f 1530 1531 1480
f 1502 1480 1531
f 1519 1530 1483
f 1480 1483 1530
f 1532 1463 1516
f 1532 1504 1463
f 1422 1484 1517
f 1518 1519 1485
f 1507 1533 1506
f 1486 1534 1509
f 1486 1520 1534
f 1491 1489 1535
f 1444 1522 1521
f 1411 1510 1459
f 1536 1469 1445
f 1523 1536 1445
f 1468 1467 1537
f 1537 1538 1468
f 1538 1514 1468
f 1512 1539 1524
f 1540 1539 1512
f 1512 1525 1540
f 1500 1541 1481
f 1481 1541 1478
f 1541 1542 1478
f 1542 1515 1478
f 1527 1543 1498
f 1498 1543 1525
f 1461 1501 1527
f 1531 1544 1502
f 1502 1544 1528
f 1545 1529 1499
f 1526 1545 1499
f 1516 1529 1532
f 1532 1505 1504
f 1505 1546 1484
f 1546 1517 1484
f 1482 1517 1547
f 1519 1518 1548
f 1530 1519 1548
f 1533 1520 1506
f 1489 1509 1535
f 1535 1509 1534
f 1490 1466 1549
f 1510 1550 1459
f 1467 1491 1551
f 1552 1492 1469
f 1536 1552 1469
f 1551 1537 1467
f 1493 1553 1471
f 1553 1493 1524
f 1554 1514 1538
f 1540 1543 1555
f 1540 1525 1543
f 1515 1556 1501
f 1556 1527 1501
f 1557 1529 1545
f 1558 1529 1557
f 1532 1558 1559
f 1548 1560 1530
f 1531 1530 1560
f 1558 1532 1529
f 1482 1547 1518
f 1534 1520 1561
f 1561 1520 1533
f 1562 1533 1507
f 1507 1508 1562
f 1508 1563 1562
f 1488 1563 1508
f 1490 1549 1488
f 1466 1521 1564
f 1535 1565 1491
f 1491 1565 1566
f 1567 1537 1551
f 1523 1568 1536
f 1471 1553 1511
f 1553 1524 1569
f 1570 1569 1539
f 1569 1524 1539
f 1571 1570 1539
f 1571 1540 1555
f 1539 1540 1571
f 1544 1572 1528
f 1515 1573 1556
f 1542 1573 1515
f 1554 1574 1514
f 1541 1500 1528
f 1527 1556 1575
f 1574 1545 1526
f 1514 1574 1526
f 1576 1545 1574
f 1544 1531 1577
f 1576 1557 1545
f 1578 1557 1576
f 1578 1558 1557
f 1559 1546 1505
f 1517 1546 1547
f 1505 1532 1559
f 1548 1518 1579
f 1562 1580 1533
f 1562 1581 1580
f 1563 1581 1562
f 1534 1561 1582
f 1488 1549 1563
f 1535 1534 1582
f 1466 1564 1549
f 1459 1550 1522
f 1491 1566 1551
f 1492 1552 1460
f 1523 1511 1583
f 1538 1537 1567
f 1511 1553 1583
f 1583 1553 1569
f 1571 1584 1570
f 1555 1584 1571
f 1542 1585 1573
f 1575 1586 1543
f 1543 1586 1555
f 1585 1541 1528
f 1542 1541 1585
f 1575 1556 1587
f 1543 1527 1575
f 1577 1531 1588
f 1544 1577 1572
f 1589 1588 1560
f 1531 1560 1588
f 1590 1576 1574
f 1578 1576 1590
f 1559 1558 1578
f 1591 1559 1578
f 1559 1591 1546
f 1518 1547 1579
f 1548 1579 1560
f 1533 1580 1592
f 1561 1533 1592
f 1561 1592 1582
f 1535 1582 1565
f 1522 1550 1593
f 1594 1510 1460
f 1566 1567 1551
f 1595 1567 1566
f 1596 1597 1536
f 1536 1568 1596
f 1583 1568 1523
f 1595 1598 1567
f 1538 1567 1598
f 1599 1538 1598
f 1570 1600 1569
f 1601 1600 1570
f 1570 1584 1601
f 1599 1554 1538
f 1602 1585 1528
f 1556 1573 1587
f 1586 1603 1584
f 1577 1604 1572
f 1602 1528 1572
f 1587 1605 1575
f 1555 1586 1584
f 1574 1554 1599
f 1591 1578 1590
f 1591 1606 1546
f 1606 1607 1546
f 1546 1607 1547
f 1560 1579 1589
f 1579 1547 1607
f 1592 1580 1608
f 1581 1608 1580
f 1581 1609 1608
f 1563 1609 1581
f 1563 1610 1609
f 1549 1610 1563
f 1611 1582 1592
f 1564 1610 1549
f 1582 1612 1565
f 1612 1582 1611
f 1522 1593 1521
f 1612 1566 1565
f 1460 1552 1594
f 1552 1536 1613
f 1614 1595 1566
f 1568 1583 1615
f 1598 1595 1616
f 1614 1616 1595
f 1583 1569 1617
f 1618 1617 1600
f 1617 1569 1600
f 1601 1618 1600
f 1603 1618 1601
f 1599 1598 1619
f 1616 1619 1598
f 1585 1620 1573
f 1573 1620 1587
f 1601 1584 1603
f 1605 1586 1575
f 1621 1599 1619
f 1622 1604 1588
f 1574 1599 1621
f 1577 1588 1604
f 1621 1590 1574
f 1622 1589 1623
f 1624 1590 1621
f 1622 1588 1589
f 1591 1590 1624
f 1625 1606 1624
f 1606 1591 1624
f 1625 1626 1606
f 1626 1607 1606
f 1579 1607 1626
f 1623 1579 1626
f 1589 1579 1623
f 1592 1608 1627
f 1627 1608 1628
f 1627 1611 1592
f 1629 1610 1564
f 1612 1611 1630
f 1612 1631 1566
f 1613 1594 1552
f 1631 1614 1566
f 1632 1614 1631
f 1632 1633 1614
f 1583 1617 1615
f 1633 1616 1614
f 1633 1634 1616
f 1634 1635 1616
f 1603 1636 1637
f 1637 1618 1603
f 1638 1616 1635
f 1604 1639 1572
f 1636 1603 1586
f 1619 1616 1638
f 1640 1604 1622
f 1621 1619 1641
f 1638 1641 1619
f 1642 1643 1644
f 1640 1622 1643
f 1622 1644 1643
f 1641 1624 1621
f 1645 1624 1641
f 1645 1641 1638
f 1623 1644 1622
f 1645 1625 1624
f 1644 1626 1642
f 1623 1626 1644
f 1642 1625 1645
f 1626 1625 1642
f 1608 1609 1628
f 1646 1628 1609
f 1647 1646 1609
f 1610 1648 1609
f 1610 1629 1648
f 1611 1627 1649
f 1521 1629 1564
f 1630 1611 1649
f 1630 1650 1612
f 1510 1651 1550
f 1510 1594 1651
f 1650 1631 1612
f 1536 1597 1613
f 1652 1632 1631
f 1653 1596 1568
f 1652 1633 1632
f 1568 1615 1653
f 1654 1615 1617
f 1655 1634 1633
f 1656 1654 1617
f 1657 1634 1655
f 1617 1618 1656
f 1656 1618 1658
f 1634 1659 1635
f 1657 1659 1634
f 1660 1659 1657
f 1660 1657 1661
f 1639 1662 1602
f 1602 1662 1585
f 1618 1637 1658
f 1602 1572 1639
f 1620 1585 1662
f 1660 1663 1659
f 1643 1663 1660
f 1664 1640 1660
f 1640 1643 1660
f 1665 1604 1664
f 1639 1604 1665
f 1605 1587 1620
f 1636 1586 1605
f 1638 1635 1666
f 1659 1666 1635
f 1663 1666 1659
f 1604 1640 1664
f 1643 1642 1663
f 1666 1645 1638
f 1642 1645 1666
f 1663 1642 1666
f 1627 1628 1667
f 1667 1628 1646
f 1648 1647 1609
f 1649 1627 1667
f 1629 1668 1648
f 1521 1593 1629
f 1669 1630 1649
f 1593 1651 1670
f 1550 1651 1593
f 1669 1650 1630
f 1671 1631 1650
f 1671 1652 1631
f 1655 1633 1652
f 1615 1654 1653
f 1661 1657 1655
f 1656 1672 1654
f 1673 1672 1656
f 1656 1658 1673
f 1674 1660 1661
f 1665 1675 1639
f 1674 1675 1665
f 1639 1675 1662
f 1673 1637 1676
f 1673 1658 1637
f 1676 1636 1677
f 1676 1637 1636
f 1674 1664 1660
f 1665 1664 1674
f 1636 1605 1677
f 1646 1647 1678
f 1646 1679 1667
f 1648 1678 1647
f 1648 1668 1678
f 1667 1679 1649
f 1629 1680 1668
f 1680 1629 1593
f 1593 1670 1680
f 1669 1649 1679
f 1671 1650 1669
f 1681 1613 1597
f 1682 1597 1596
f 1653 1682 1596
f 1683 1652 1684
f 1652 1683 1655
f 1653 1654 1685
f 1672 1685 1654
f 1683 1661 1655
f 1686 1661 1683
f 1672 1673 1687
f 1686 1674 1661
f 1675 1688 1662
f 1662 1688 1689
f 1687 1676 1690
f 1687 1673 1676
f 1675 1674 1686
f 1691 1675 1686
f 1620 1662 1689
f 1690 1676 1677
f 1605 1620 1692
f 1677 1605 1692
f 1646 1678 1693
f 1679 1646 1693
f 1693 1678 1694
f 1695 1694 1668
f 1668 1694 1678
f 1668 1680 1695
f 1696 1679 1693
f 1679 1696 1669
f 1697 1669 1696
f 1651 1594 1698
f 1671 1669 1697
f 1613 1698 1594
f 1613 1681 1699
f 1682 1681 1597
f 1684 1652 1671
f 1700 1682 1653
f 1684 1701 1683
f 1685 1700 1653
f 1683 1701 1702
f 1685 1672 1703
f 1686 1683 1702
f 1686 1702 1691
f 1704 1691 1702
f 1672 1687 1705
f 1703 1672 1705
f 1706 1691 1704
f 1705 1687 1690
f 1706 1675 1691
f 1688 1675 1706
f 1692 1707 1677
f 1707 1705 1677
f 1705 1690 1677
f 1692 1620 1689
f 1693 1694 1708
f 1694 1695 1708
f 1680 1709 1695
f 1680 1710 1709
f 1670 1710 1680
f 1711 1697 1696
f 1651 1712 1670
f 1712 1651 1698
f 1713 1671 1697
f 1699 1698 1613
f 1714 1681 1682
f 1700 1714 1682
f 1685 1715 1700
f 1703 1715 1685
f 1716 1702 1701
f 1716 1701 1717
f 1716 1704 1702
f 1703 1705 1718
f 1716 1719 1704
f 1688 1719 1689
f 1719 1720 1689
f 1720 1721 1692
f 1718 1707 1722
f 1718 1705 1707
f 1719 1706 1704
f 1688 1706 1719
f 1692 1689 1720
f 1722 1692 1721
f 1707 1692 1722
f 1708 1695 1723
f 1695 1709 1723
f 1693 1724 1696
f 1693 1708 1725
f 1724 1693 1725
f 1725 1708 1723
f 1710 1670 1726
f 1724 1711 1696
f 1670 1712 1727
f 1728 1712 1698
f 1711 1713 1697
f 1729 1699 1681
f 1713 1684 1671
f 1681 1714 1729
f 1701 1684 1730
f 1715 1714 1700
f 1717 1701 1730
f 1731 1716 1717
f 1703 1718 1732
f 1715 1703 1732
f 1719 1716 1731
f 1733 1719 1731
f 1719 1733 1720
f 1721 1734 1722
f 1732 1718 1722
f 1724 1725 1735
f 1735 1725 1723
f 1736 1735 1723
f 1709 1736 1723
f 1726 1736 1709
f 1710 1726 1709
f 1670 1727 1726
f 1728 1698 1699
f 1737 1713 1711
f 1737 1684 1713
f 1738 1729 1714
f 1730 1684 1737
f 1714 1715 1739
f 1740 1717 1730
f 1739 1715 1741
f 1740 1731 1717
f 1740 1742 1733
f 1741 1732 1734
f 1741 1715 1732
f 1740 1733 1731
f 1742 1743 1720
f 1742 1720 1733
f 1743 1721 1720
f 1734 1721 1743
f 1732 1722 1734
f 1727 1736 1726
f 1712 1744 1727
f 1745 1724 1735
f 1712 1728 1744
f 1711 1724 1745
f 1745 1737 1711
f 1728 1699 1746
f 1699 1729 1746
f 1729 1738 1746
f 1738 1714 1747
f 1714 1739 1747
f 1748 1740 1730
f 1749 1748 1730
f 1739 1741 1747
f 1741 1750 1747
f 1751 1742 1748
f 1742 1751 1743
f 1750 1734 1752
f 1741 1734 1750
f 1748 1742 1740
f 1734 1743 1752
f 1735 1736 1753
f 1736 1727 1754
f 1753 1736 1754
f 1745 1735 1753
f 1744 1754 1727
f 1728 1755 1744
f 1756 1745 1753
f 1745 1756 1737
f 1746 1755 1728
f 1757 1737 1756
f 1738 1758 1746
f 1757 1730 1737
f 1738 1747 1758
f 1757 1749 1730
f 1759 1749 1757
f 1758 1747 1760
f 1747 1761 1760
f 1751 1748 1749
f 1759 1751 1749
f 1751 1759 1762
f 1762 1761 1750
f 1747 1750 1761
f 1750 1752 1762
f 1752 1743 1762
f 1743 1751 1762
f 1754 1744 1755
f 1754 1756 1753
f 1763 1756 1754
f 1755 1764 1754
f 1764 1763 1754
f 1755 1746 1764
f 1763 1757 1756
f 1763 1764 1765
f 1746 1760 1764
f 1760 1765 1764
f 1746 1758 1760
f 1763 1766 1757
f 1766 1763 1765
f 1766 1759 1757
f 1760 1761 1765
f 1765 1762 1766
f 1761 1762 1765
f 1766 1762 1759
f 1767 1768 1769
f 1769 1768 1770
f 1767 1771 1772
f 1772 1771 1773
f 1768 1767 1772
f 1770 1768 1774
f 1775 1768 1772
f 1775 1772 1776
f 1773 1777 1772
f 1776 1772 1777
f 1778 1779 1780
f 1780 1779 1767
f 1767 1779 1771
f 1769 1780 1767
f 1771 1779 1781
f 1771 1781 1773
f 1770 1774 1782
f 1781 1783 1773
f 1775 1784 1768
f 1784 1774 1768
f 1782 1774 1785
f 1773 1783 1786
f 1777 1773 1786
f 1775 1787 1784
f 1784 1785 1774
f 1777 1786 1788
f 1777 1789 1776
f 1775 1776 1787
f 1790 1785 1784
f 1787 1776 1791
f 1791 1776 1789
f 1784 1787 1792
f 1792 1787 1791
f 1792 1790 1784
f 1789 1777 1788
f 1793 1778 1794
f 1794 1778 1795
f 1778 1793 1779
f 1778 1780 1795
f 1780 1796 1795
f 1781 1779 1797
f 1779 1793 1797
f 1780 1769 1796
f 1798 1796 1769
f 1769 1770 1798
f 1797 1783 1781
f 1770 1782 1798
f 1782 1785 1799
f 1783 1800 1786
f 1790 1801 1785
f 1786 1800 1802
f 1790 1792 1801
f 1803 1786 1802
f 1788 1786 1803
f 1788 1804 1789
f 1789 1805 1791
f 1791 1806 1792
f 1801 1792 1806
f 1807 1801 1806
f 1805 1789 1804
f 1806 1791 1805
f 1804 1788 1803
f 1808 1809 1794
f 1793 1794 1809
f 1794 1795 1810
f 1795 1811 1810
f 1793 1809 1797
f 1795 1796 1811
f 1812 1813 1797
f 1809 1812 1797
f 1797 1813 1783
f 1814 1798 1782
f 1813 1815 1783
f 1816 1783 1815
f 1782 1799 1814
f 1783 1816 1800
f 1785 1801 1799
f 1801 1817 1799
f 1800 1818 1802
f 1802 1818 1819
f 1807 1817 1801
f 1817 1807 1820
f 1802 1819 1821
f 1807 1806 1822
f 1822 1820 1807
f 1803 1802 1821
f 1803 1823 1804
f 1823 1824 1804
f 1804 1825 1805
f 1824 1825 1804
f 1825 1826 1805
f 1806 1805 1822
f 1805 1826 1822
f 1803 1821 1823
f 1827 1812 1828
f 1828 1809 1808
f 1794 1829 1808
f 1794 1810 1829
f 1809 1828 1812
f 1812 1827 1813
f 1811 1796 1830
f 1831 1830 1796
f 1796 1798 1831
f 1799 1832 1814
f 1817 1833 1799
f 1816 1818 1800
f 1817 1820 1833
f 1819 1818 1834
f 1819 1834 1821
f 1820 1822 1835
f 1835 1836 1820
f 1834 1837 1821
f 1823 1838 1824
f 1826 1835 1822
f 1826 1839 1835
f 1839 1826 1825
f 1825 1824 1838
f 1840 1828 1841
f 1841 1828 1842
f 1828 1808 1843
f 1842 1828 1843
f 1843 1808 1829
f 1840 1844 1827
f 1828 1840 1827
f 1810 1830 1845
f 1811 1830 1810
f 1827 1844 1813
f 1798 1846 1831
f 1813 1847 1815
f 1814 1846 1798
f 1816 1815 1847
f 1848 1816 1847
f 1814 1832 1849
f 1799 1833 1832
f 1833 1820 1850
f 1851 1816 1852
f 1834 1816 1851
f 1816 1834 1818
f 1850 1820 1836
f 1851 1853 1834
f 1834 1853 1837
f 1835 1854 1836
f 1837 1853 1855
f 1837 1856 1821
f 1837 1855 1856
f 1821 1856 1823
f 1856 1838 1823
f 1839 1857 1835
f 1858 1854 1835
f 1857 1858 1835
f 1825 1857 1839
f 1859 1857 1825
f 1838 1856 1860
f 1825 1838 1859
f 1861 1841 1862
f 1841 1842 1863
f 1862 1841 1863
f 1863 1842 1843
f 1840 1864 1865
f 1861 1864 1840
f 1841 1861 1840
f 1829 1866 1843
f 1829 1867 1866
f 1865 1844 1840
f 1829 1845 1867
f 1810 1845 1829
f 1844 1865 1813
f 1846 1814 1849
f 1868 1832 1833
f 1850 1868 1833
f 1848 1852 1816
f 1850 1836 1869
f 1869 1836 1854
f 1851 1870 1853
f 1858 1871 1854
f 1870 1872 1853
f 1873 1853 1872
f 1853 1873 1855
f 1855 1874 1856
f 1860 1856 1874
f 1875 1859 1838
f 1857 1876 1858
f 1871 1858 1877
f 1855 1873 1874
f 1876 1857 1859
f 1843 1878 1863
f 1843 1866 1878
f 1864 1879 1865
f 1880 1865 1879
f 1830 1831 1881
f 1847 1865 1880
f 1831 1846 1881
f 1813 1865 1847
f 1882 1849 1832
f 1832 1868 1882
f 1883 1868 1850
f 1850 1869 1883
f 1851 1852 1870
f 1869 1854 1884
f 1870 1852 1885
f 1854 1871 1884
f 1885 1886 1870
f 1872 1870 1886
f 1872 1874 1873
f 1877 1858 1887
f 1886 1888 1872
f 1874 1872 1888
f 1860 1875 1838
f 1859 1889 1876
f 1876 1887 1858
f 1876 1890 1887
f 1875 1860 1891
f 1890 1876 1889
f 1892 1893 1894
f 1892 1861 1893
f 1861 1862 1893
f 1893 1862 1895
f 1863 1878 1862
f 1862 1878 1895
f 1861 1892 1864
f 1879 1894 1880
f 1892 1894 1879
f 1864 1892 1879
f 1830 1881 1845
f 1896 1847 1880
f 1847 1896 1897
f 1846 1849 1898
f 1847 1897 1848
f 1848 1897 1899
f 1848 1899 1852
f 1852 1899 1900
f 1852 1900 1885
f 1901 1883 1884
f 1883 1869 1884
f 1885 1900 1902
f 1884 1871 1903
f 1885 1902 1904
f 1886 1885 1904
f 1903 1871 1877
f 1887 1905 1877
f 1905 1906 1877
f 1906 1903 1877
f 1902 1907 1904
f 1886 1904 1907
f 1888 1908 1874
f 1908 1860 1874
f 1875 1909 1859
f 1910 1909 1875
f 1859 1909 1889
f 1890 1905 1887
f 1886 1907 1911
f 1888 1886 1911
f 1875 1891 1912
f 1913 1893 1895
f 1914 1894 1915
f 1893 1915 1894
f 1894 1914 1880
f 1866 1916 1878
f 1845 1917 1867
f 1846 1898 1881
f 1849 1882 1898
f 1899 1897 1918
f 1868 1883 1919
f 1899 1918 1900
f 1900 1918 1920
f 1902 1900 1920
f 1901 1884 1903
f 1903 1906 1921
f 1902 1920 1922
f 1907 1902 1922
f 1911 1923 1888
f 1923 1908 1888
f 1860 1924 1891
f 1875 1925 1910
f 1889 1909 1890
f 1890 1926 1905
f 1909 1926 1890
f 1927 1906 1905
f 1926 1927 1905
f 1922 1928 1907
f 1911 1907 1928
f 1912 1891 1929
f 1930 1915 1931
f 1915 1893 1913
f 1915 1913 1931
f 1931 1913 1932
f 1895 1933 1913
f 1913 1933 1932
f 1915 1934 1914
f 1895 1916 1933
f 1878 1916 1895
f 1935 1916 1866
f 1914 1934 1880
f 1867 1935 1866
f 1896 1880 1936
f 1845 1937 1917
f 1881 1937 1845
f 1897 1896 1938
f 1882 1939 1898
f 1940 1882 1868
f 1919 1883 1901
f 1901 1903 1941
f 1918 1942 1943
f 1918 1943 1920
f 1944 1941 1921
f 1941 1903 1921
f 1942 1945 1943
f 1943 1922 1920
f 1921 1906 1927
f 1946 1944 1921
f 1927 1946 1921
f 1943 1945 1947
f 1922 1943 1947
f 1948 1922 1947
f 1908 1924 1860
f 1909 1949 1926
f 1947 1945 1950
f 1922 1948 1928
f 1928 1951 1911
f 1911 1952 1923
f 1923 1952 1908
f 1891 1924 1929
f 1875 1912 1953
f 1925 1875 1953
f 1909 1910 1954
f 1949 1909 1954
f 1945 1955 1950
f 1948 1947 1956
f 1928 1948 1956
f 1951 1928 1956
f 1952 1911 1951
f 1908 1952 1957
f 1958 1908 1957
f 1956 1947 1950
f 1950 1955 1959
f 1960 1950 1959
f 1956 1950 1960
f 1961 1956 1960
f 1962 1951 1961
f 1961 1951 1956
f 1960 1959 1963
f 1961 1960 1963
f 1931 1964 1930
f 1931 1932 1964
f 1965 1966 1934
f 1930 1965 1934
f 1915 1930 1934
f 1933 1916 1967
f 1934 1936 1880
f 1966 1936 1934
f 1917 1935 1867
f 1896 1936 1938
f 1881 1898 1968
f 1897 1938 1918
f 1882 1940 1939
f 1940 1868 1919
f 1918 1938 1969
f 1918 1969 1942
f 1941 1944 1970
f 1945 1969 1971
f 1942 1969 1945
f 1970 1944 1946
f 1946 1927 1972
f 1945 1971 1955
f 1927 1926 1973
f 1927 1973 1972
f 1971 1974 1955
f 1924 1908 1958
f 1924 1975 1929
f 1949 1976 1926
f 1926 1976 1973
f 1962 1952 1951
f 1977 1957 1952
f 1974 1978 1979
f 1955 1974 1979
f 1955 1979 1959
f 1952 1962 1977
f 1977 1962 1980
f 1978 1981 1979
f 1979 1981 1959
f 1959 1982 1963
f 1963 1983 1961
f 1982 1983 1963
f 1961 1980 1962
f 1982 1959 1981
f 1980 1961 1983
f 1965 1930 1984
f 1984 1930 1985
f 1930 1964 1985
f 1985 1964 1986
f 1965 1987 1966
f 1932 1986 1964
f 1933 1986 1932
f 1933 1967 1986
f 1987 1988 1966
f 1966 1988 1936
f 1936 1989 1938
f 1937 1881 1968
f 1989 1990 1938
f 1938 1990 1969
f 1970 1946 1991
f 1946 1972 1991
f 1974 1971 1992
f 1973 1993 1972
f 1972 1993 1994
f 1992 1995 1974
f 1910 1925 1954
f 1973 1976 1996
f 1997 1974 1995
f 1949 1954 1998
f 1996 1949 1998
f 1976 1949 1996
f 1974 1997 1978
f 1978 1997 1999
f 1978 1999 1981
f 1999 2000 1981
f 1981 2001 1982
f 1982 2002 1983
f 2002 2003 1983
f 1983 2003 1980
f 1981 2000 2001
f 1982 2001 2004
f 2002 1982 2004
f 2005 1980 2003
f 1987 1965 1984
f 1987 1984 2006
f 2006 1984 2007
f 1984 1985 2007
f 1987 2008 1988
f 1986 2009 2010
f 1986 1967 2009
f 1988 2008 2011
f 2011 1936 1988
f 1916 2012 1967
f 1916 1935 2012
f 1917 1937 2013
f 2014 1990 1989
f 2015 1940 1919
f 1919 1901 1941
f 1919 1941 2016
f 1990 1992 1971
f 1969 1990 1971
f 2017 2016 1941
f 1941 1970 2017
f 1991 1972 1994
f 1993 2018 1994
f 1929 2019 1912
f 2019 1953 1912
f 1958 1975 1924
f 1925 2020 1954
f 2020 1998 1954
f 2021 1997 1995
f 1957 1977 2022
f 2022 2023 1957
f 1925 1953 2024
f 2020 1925 2024
f 1958 1957 2023
f 2025 1997 2021
f 2026 1997 2025
f 1997 2026 1999
f 1980 2022 1977
f 1999 2026 2000
f 2005 2022 1980
f 2026 2025 2001
f 2001 2000 2026
f 2027 2004 2028
f 2002 2004 2027
f 2008 1987 2006
f 2008 2006 2029
f 2006 2030 2029
f 2006 2007 2030
f 1986 2010 1985
f 1985 2010 2007
f 2011 1989 1936
f 1917 2031 1935
f 2032 1939 1940
f 1990 2014 2033
f 1990 2033 1992
f 2034 1995 1992
f 1970 1991 2017
f 1991 1994 2035
f 2035 1994 2018
f 1993 1973 2036
f 1995 2037 2021
f 1929 1975 2019
f 1996 2036 1973
f 2036 1996 1998
f 2021 2037 2038
f 1975 1958 2039
f 2021 2038 2040
f 2040 2038 2041
f 2021 2040 2025
f 2025 2042 2001
f 2040 2042 2025
f 2040 2041 2043
f 2042 2040 2043
f 2001 2042 2004
f 2004 2042 2028
f 2003 2002 2044
f 2005 2003 2044
f 2029 2030 2045
f 2008 2046 2047
f 2008 2029 2046
f 2030 2048 2049
f 2030 2007 2048
f 2010 2050 2048
f 2010 2048 2007
f 2009 2050 2010
f 2047 2051 2011
f 2008 2047 2011
f 1935 2031 2012
f 2011 2051 2052
f 2011 2052 1989
f 1917 2013 2031
f 2052 2014 1989
f 1898 2053 1968
f 1939 2053 1898
f 1939 2032 2053
f 2015 1919 2016
f 2033 2034 1992
f 2017 1991 2054
f 2054 1991 2035
f 2018 1993 2055
f 2018 2055 2035
f 2056 2055 1993
f 2019 2024 1953
f 1998 2057 2036
f 2057 2058 2036
f 2036 2058 2059
f 2036 2059 1993
f 1958 2023 2039
f 1998 2020 2057
f 2038 2037 2060
f 2038 2060 2061
f 2038 2061 2062
f 2041 2038 2043
f 2038 2062 2043
f 2063 2022 2005
f 2043 2062 2064
f 2042 2043 2064
f 2065 2042 2064
f 2028 2042 2065
f 2066 2002 2027
f 2044 2002 2066
f 2067 2029 2045
f 2030 2049 2045
f 2047 2068 2051
f 1967 2069 2009
f 1967 2012 2069
f 2052 2070 2014
f 1937 2071 2013
f 1968 2071 1937
f 2016 2017 2054
f 2034 2072 1995
f 1995 2072 2037
f 1993 2059 2073
f 2056 1993 2073
f 2037 2074 2060
f 2060 2074 2075
f 2019 1975 2076
f 2024 2019 2077
f 2020 2024 2078
f 2057 2020 2078
f 2079 2060 2075
f 2063 2023 2022
f 2060 2079 2080
f 2060 2080 2061
f 2061 2080 2062
f 2062 2080 2081
f 2064 2062 2081
f 2027 2028 2082
f 2027 2082 2066
f 2083 2044 2066
f 2046 2029 2067
f 2045 2084 2067
f 2045 2049 2084
f 2068 2047 2085
f 2046 2085 2047
f 2086 2051 2068
f 2086 2087 2051
f 2051 2087 2052
f 2052 2087 2088
f 2088 2070 2052
f 2014 2070 2033
f 2072 2034 2033
f 2072 2074 2037
f 2035 2055 2089
f 2055 2056 2089
f 2056 2073 2089
f 2039 2076 1975
f 2090 2039 2023
f 2079 2075 2080
f 2075 2091 2080
f 2092 2023 2063
f 2080 2091 2093
f 2081 2080 2093
f 2005 2044 2063
f 2044 2094 2063
f 2065 2064 2095
f 2085 2046 2067
f 2067 2084 2096
f 2097 2068 2085
f 2049 2048 2098
f 2097 2099 2086
f 2068 2097 2086
f 2048 2050 2098
f 2009 2100 2050
f 2086 2099 2087
f 2009 2069 2100
f 1968 2101 2071
f 2053 2101 1968
f 2102 2053 2032
f 2032 1940 2103
f 2015 2103 1940
f 2033 2104 2072
f 2105 2016 2054
f 2105 2054 2106
f 2072 2107 2074
f 2106 2054 2035
f 2035 2089 2108
f 2074 2109 2110
f 2058 2111 2059
f 2111 2073 2059
f 2075 2074 2110
f 2039 2090 2076
f 2076 2077 2019
f 2078 2112 2057
f 2113 2075 2110
f 2113 2093 2091
f 2113 2091 2075
f 2081 2093 2114
f 2081 2114 2115
f 2064 2081 2115
f 2082 2028 2065
f 2083 2116 2044
f 2116 2094 2044
f 2085 2067 2117
f 2117 2067 2096
f 2097 2118 2119
f 2118 2097 2085
f 2119 2099 2097
f 2050 2120 2098
f 2087 2099 2088
f 2102 2101 2053
f 2070 2104 2033
f 2032 2121 2102
f 2121 2032 2103
f 2015 2016 2103
f 2107 2072 2122
f 2035 2108 2123
f 2107 2124 2109
f 2107 2109 2074
f 2108 2089 2125
f 2089 2073 2126
f 2089 2126 2125
f 2073 2111 2126
f 2057 2127 2058
f 2113 2110 2128
f 2078 2024 2077
f 2127 2057 2112
f 2111 2058 2127
f 2113 2128 2093
f 2023 2092 2129
f 2023 2129 2090
f 2076 2090 2130
f 2128 2131 2093
f 2094 2092 2063
f 2114 2093 2131
f 2115 2095 2064
f 2132 2065 2095
f 2133 2065 2132
f 2082 2065 2133
f 2082 2134 2066
f 2135 2083 2066
f 2116 2083 2135
f 2136 2085 2117
f 2096 2137 2117
f 2084 2137 2096
f 2084 2138 2137
f 2049 2138 2084
f 2049 2098 2138
f 2099 2119 2139
f 2119 2140 2139
f 2139 2088 2099
f 2012 2031 2141
f 2070 2088 2142
f 2104 2070 2143
f 2103 2016 2105
f 2106 2035 2123
f 2123 2108 2125
f 2109 2144 2110
f 2145 2110 2144
f 2111 2146 2126
f 2147 2110 2145
f 2110 2147 2128
f 2078 2077 2148
f 2112 2078 2148
f 2149 2131 2147
f 2147 2131 2128
f 2129 2130 2090
f 2131 2150 2114
f 2115 2114 2151
f 2152 2092 2094
f 2066 2134 2153
f 2066 2153 2154
f 2066 2154 2135
f 2155 2118 2136
f 2118 2085 2136
f 2117 2137 2136
f 2140 2156 2157
f 2140 2119 2156
f 2118 2156 2119
f 2140 2157 2158
f 2050 2100 2120
f 2140 2158 2139
f 2069 2159 2100
f 2139 2158 2142
f 2088 2139 2142
f 2160 2071 2101
f 2070 2142 2143
f 2102 2160 2101
f 2104 2122 2072
f 2124 2122 2161
f 2107 2122 2124
f 2109 2124 2144
f 2125 2126 2162
f 2126 2146 2162
f 2111 2127 2163
f 2146 2111 2163
f 2145 2164 2147
f 2130 2165 2076
f 2076 2165 2077
f 2149 2147 2164
f 2148 2077 2165
f 2131 2149 2166
f 2131 2166 2150
f 2151 2114 2150
f 2134 2082 2133
f 2135 2167 2116
f 2167 2094 2116
f 2152 2094 2167
f 2137 2168 2136
f 2137 2138 2168
f 2118 2155 2156
f 2098 2169 2138
f 2158 2157 2170
f 2012 2141 2069
f 2069 2141 2159
f 2170 2142 2158
f 2141 2031 2171
f 2013 2172 2031
f 2013 2071 2173
f 2102 2174 2160
f 2104 2175 2122
f 2103 2176 2121
f 2103 2105 2176
f 2161 2122 2175
f 2177 2123 2125
f 2125 2162 2177
f 2145 2144 2178
f 2179 2145 2178
f 2177 2162 2180
f 2162 2146 2180
f 2180 2146 2181
f 2164 2145 2179
f 2146 2163 2181
f 2112 2182 2127
f 2163 2127 2183
f 2164 2184 2149
f 2130 2185 2165
f 2182 2112 2148
f 2166 2149 2184
f 2165 2185 2186
f 2092 2187 2129
f 2095 2115 2188
f 2115 2189 2188
f 2095 2188 2132
f 2190 2092 2152
f 2135 2154 2191
f 2192 2155 2193
f 2136 2193 2155
f 2136 2168 2193
f 2138 2194 2168
f 2195 2157 2196
f 2157 2156 2196
f 2195 2197 2157
f 2157 2197 2170
f 2013 2173 2172
f 2198 2143 2142
f 2104 2198 2199
f 2198 2104 2143
f 2104 2199 2175
f 2105 2106 2200
f 2106 2123 2201
f 2124 2178 2144
f 2202 2179 2203
f 2164 2179 2184
f 2179 2202 2184
f 2163 2183 2204
f 2163 2204 2181
f 2165 2205 2148
f 2183 2127 2182
f 2184 2202 2206
f 2184 2206 2166
f 2205 2165 2186
f 2182 2148 2207
f 2150 2166 2151
f 2166 2208 2151
f 2209 2186 2185
f 2115 2151 2189
f 2190 2187 2092
f 2154 2153 2191
f 2167 2135 2191
f 2196 2155 2192
f 2155 2196 2156
f 2195 2210 2197
f 2098 2211 2169
f 2120 2211 2098
f 2120 2100 2211
f 2100 2212 2211
f 2100 2159 2212
f 2171 2159 2141
f 2142 2170 2197
f 2213 2142 2197
f 2171 2031 2172
f 2142 2213 2198
f 2174 2102 2214
f 2214 2102 2121
f 2200 2176 2105
f 2200 2106 2201
f 2161 2215 2178
f 2161 2178 2124
f 2216 2201 2123
f 2123 2177 2216
f 2216 2177 2180
f 2203 2178 2217
f 2178 2203 2179
f 2180 2181 2218
f 2203 2219 2202
f 2219 2220 2202
f 2206 2221 2222
f 2206 2202 2221
f 2182 2207 2223
f 2208 2206 2222
f 2166 2206 2208
f 2185 2130 2224
f 2151 2208 2225
f 2225 2189 2151
f 2187 2226 2129
f 2129 2226 2130
f 2130 2226 2224
f 2152 2167 2190
f 2190 2167 2227
f 2193 2228 2192
f 2192 2228 2229
f 2193 2168 2228
f 2210 2195 2230
f 2230 2195 2196
f 2138 2169 2194
f 2210 2231 2197
f 2231 2213 2197
f 2173 2071 2160
f 2175 2199 2232
f 2214 2121 2176
f 2217 2178 2215
f 2216 2180 2233
f 2180 2218 2233
f 2220 2219 2217
f 2203 2217 2219
f 2181 2204 2218
f 2220 2221 2202
f 2220 2234 2221
f 2235 2218 2204
f 2183 2182 2236
f 2204 2183 2236
f 2148 2205 2207
f 2182 2223 2237
f 2189 2225 2238
f 2189 2238 2239
f 2185 2224 2209
f 2133 2240 2134
f 2241 2187 2190
f 2191 2227 2167
f 2242 2227 2191
f 2243 2196 2229
f 2196 2192 2229
f 2228 2168 2194
f 2210 2230 2244
f 2244 2230 2243
f 2243 2230 2196
f 2231 2244 2245
f 2210 2244 2231
f 2231 2245 2213
f 2159 2246 2212
f 2159 2171 2246
f 2198 2213 2199
f 2173 2247 2172
f 2175 2248 2161
f 2249 2176 2200
f 2248 2215 2161
f 2215 2250 2217
f 2251 2217 2250
f 2217 2251 2220
f 2252 2234 2251
f 2251 2234 2220
f 2221 2234 2252
f 2204 2236 2253
f 2235 2204 2253
f 2205 2186 2254
f 2236 2182 2237
f 2225 2255 2238
f 2189 2239 2188
f 2132 2188 2256
f 2132 2256 2133
f 2187 2241 2226
f 2191 2153 2257
f 2242 2191 2258
f 2227 2241 2190
f 2241 2227 2259
f 2243 2229 2260
f 2228 2261 2229
f 2262 2244 2263
f 2263 2244 2243
f 2194 2169 2264
f 2244 2265 2245
f 2212 2266 2211
f 2267 2245 2265
f 2267 2213 2245
f 2232 2199 2267
f 2213 2267 2199
f 2160 2268 2173
f 2232 2269 2175
f 2175 2269 2248
f 2214 2270 2174
f 2249 2214 2176
f 2200 2201 2271
f 2272 2251 2250
f 2273 2251 2272
f 2233 2218 2274
f 2273 2252 2251
f 2218 2235 2274
f 2274 2235 2275
f 2252 2273 2276
f 2252 2276 2221
f 2221 2276 2222
f 2235 2253 2277
f 2235 2277 2275
f 2222 2278 2208
f 2208 2278 2225
f 2254 2207 2205
f 2254 2186 2209
f 2279 2223 2207
f 2133 2256 2240
f 2153 2134 2240
f 2258 2191 2257
f 2227 2242 2259
f 2242 2280 2259
f 2241 2259 2281
f 2260 2229 2261
f 2263 2282 2262
f 2263 2260 2282
f 2260 2263 2243
f 2228 2264 2261
f 2194 2264 2228
f 2244 2283 2265
f 2169 2284 2264
f 2211 2284 2169
f 2283 2285 2265
f 2211 2266 2284
f 2265 2285 2267
f 2212 2246 2286
f 2247 2173 2268
f 2174 2268 2160
f 2248 2269 2287
f 2248 2287 2215
f 2200 2271 2249
f 2201 2216 2271
f 2288 2250 2215
f 2216 2289 2271
f 2272 2250 2290
f 2291 2273 2272
f 2292 2273 2291
f 2276 2273 2292
f 2276 2293 2222
f 2222 2293 2294
f 2294 2278 2222
f 2225 2278 2295
f 2253 2236 2296
f 2253 2296 2277
f 2207 2297 2279
f 2298 2236 2237
f 2224 2226 2299
f 2153 2240 2300
f 2153 2300 2257
f 2242 2258 2280
f 2301 2241 2281
f 2283 2302 2303
f 2283 2244 2262
f 2283 2262 2302
f 2302 2262 2282
f 2260 2304 2282
f 2305 2304 2260
f 2260 2261 2305
f 2261 2264 2306
f 2283 2303 2285
f 2284 2266 2307
f 2308 2285 2303
f 2212 2286 2266
f 2308 2267 2285
f 2309 2267 2308
f 2267 2310 2232
f 2172 2247 2311
f 2232 2310 2269
f 2174 2312 2268
f 2313 2214 2249
f 2287 2288 2215
f 2288 2314 2250
f 2315 2250 2314
f 2289 2216 2316
f 2216 2233 2316
f 2250 2315 2290
f 2274 2316 2233
f 2272 2290 2291
f 2275 2277 2317
f 2293 2276 2292
f 2277 2296 2318
f 2277 2318 2317
f 2254 2297 2207
f 2223 2279 2237
f 2236 2298 2319
f 2296 2236 2319
f 2255 2320 2238
f 2321 2254 2209
f 2298 2237 2279
f 2239 2238 2322
f 2256 2188 2239
f 2224 2323 2209
f 2323 2224 2299
f 2226 2241 2301
f 2324 2259 2280
f 2281 2259 2324
f 2325 2303 2302
f 2325 2302 2326
f 2302 2282 2326
f 2261 2306 2305
f 2303 2327 2328
f 2327 2303 2325
f 2264 2329 2306
f 2303 2328 2330
f 2303 2330 2308
f 2266 2331 2307
f 2309 2308 2330
f 2286 2332 2266
f 2171 2333 2246
f 2171 2334 2333
f 2171 2172 2334
f 2309 2310 2267
f 2172 2311 2334
f 2310 2287 2269
f 2174 2270 2312
f 2335 2270 2214
f 2335 2214 2313
f 2271 2313 2249
f 2336 2290 2315
f 2274 2275 2337
f 2292 2291 2338
f 2275 2317 2337
f 2292 2338 2293
f 2278 2294 2295
f 2255 2225 2339
f 2296 2319 2340
f 2296 2340 2318
f 2255 2339 2320
f 2341 2297 2254
f 2238 2320 2322
f 2323 2321 2209
f 2256 2239 2322
f 2342 2280 2258
f 2226 2301 2299
f 2280 2342 2343
f 2325 2326 2327
f 2282 2304 2326
f 2328 2327 2344
f 2284 2307 2264
f 2246 2345 2286
f 2246 2333 2345
f 2309 2346 2310
f 2268 2347 2247
f 2348 2288 2287
f 2271 2289 2349
f 2314 2336 2315
f 2316 2274 2337
f 2290 2350 2291
f 2336 2350 2290
f 2291 2350 2338
f 2350 2351 2338
f 2351 2352 2338
f 2353 2338 2352
f 2293 2338 2353
f 2354 2293 2353
f 2293 2354 2294
f 2294 2354 2295
f 2225 2295 2339
f 2321 2355 2254
f 2355 2341 2254
f 2356 2321 2323
f 2258 2257 2342
f 2280 2343 2324
f 2324 2357 2281
f 2281 2357 2301
f 2327 2326 2358
f 2304 2359 2326
f 2327 2360 2344
f 2327 2358 2360
f 2329 2361 2305
f 2305 2306 2329
f 2328 2362 2330
f 2330 2362 2309
f 2310 2348 2287
f 2268 2363 2347
f 2268 2312 2363
f 2348 2364 2288
f 2288 2364 2365
f 2366 2313 2271
f 2288 2365 2314
f 2314 2367 2336
f 2350 2336 2368
f 2369 2350 2368
f 2351 2350 2369
f 2369 2370 2351
f 2351 2370 2352
f 2317 2318 2371
f 2371 2318 2372
f 2318 2340 2372
f 2322 2320 2373
f 2279 2374 2298
f 2279 2297 2374
f 2319 2298 2374
f 2375 2256 2322
f 2256 2300 2240
f 2321 2356 2355
f 2300 2256 2376
f 2323 2299 2377
f 2257 2300 2378
f 2257 2378 2379
f 2342 2257 2379
f 2301 2380 2299
f 2324 2343 2381
f 2357 2324 2381
f 2357 2380 2301
f 2358 2326 2359
f 2328 2344 2382
f 2382 2344 2360
f 2358 2383 2360
f 2361 2359 2304
f 2305 2361 2304
f 2328 2384 2362
f 2264 2385 2329
f 2264 2307 2385
f 2362 2384 2386
f 2307 2331 2387
f 2386 2309 2362
f 2266 2388 2331
f 2266 2332 2388
f 2346 2309 2386
f 2345 2332 2286
f 2346 2348 2310
f 2364 2389 2365
f 2313 2390 2335
f 2271 2349 2366
f 2289 2391 2349
f 2314 2392 2367
f 2289 2316 2393
f 2336 2367 2368
f 2369 2394 2370
f 2371 2337 2317
f 2370 2394 2395
f 2370 2353 2352
f 2395 2353 2370
f 2372 2340 2396
f 2340 2319 2397
f 2398 2297 2341
f 2374 2297 2398
f 2399 2374 2398
f 2319 2374 2399
f 2376 2256 2400
f 2377 2356 2323
f 2299 2401 2377
f 2299 2380 2401
f 2380 2402 2401
f 2403 2357 2381
f 2357 2404 2380
f 2403 2404 2357
f 2404 2402 2380
f 2360 2405 2382
f 2360 2383 2405
f 2358 2359 2383
f 2406 2384 2382
f 2328 2382 2384
f 2307 2387 2385
f 2348 2346 2407
f 2334 2408 2333
f 2247 2409 2311
f 2247 2347 2409
f 2410 2312 2270
f 2270 2335 2410
f 2313 2366 2390
f 2365 2392 2314
f 2367 2392 2411
f 2289 2393 2391
f 2367 2411 2368
f 2412 2368 2411
f 2368 2412 2369
f 2394 2369 2412
f 2395 2413 2353
f 2295 2354 2414
f 2414 2339 2295
f 2415 2371 2372
f 2396 2415 2372
f 2396 2340 2416
f 2320 2417 2373
f 2340 2397 2416
f 2418 2322 2373
f 2397 2319 2399
f 2375 2322 2418
f 2400 2256 2375
f 2419 2341 2355
f 2398 2341 2419
f 2420 2355 2356
f 2381 2343 2421
f 2422 2401 2402
f 2403 2423 2404
f 2424 2382 2405
f 2384 2406 2425
f 2329 2426 2361
f 2385 2426 2329
f 2425 2407 2386
f 2384 2425 2386
f 2331 2388 2387
f 2407 2346 2386
f 2332 2345 2427
f 2407 2428 2348
f 2334 2311 2429
f 2348 2428 2364
f 2428 2389 2364
f 2365 2389 2430
f 2365 2430 2392
f 2411 2431 2412
f 2316 2337 2393
f 2432 2394 2412
f 2433 2394 2432
f 2395 2394 2433
f 2337 2371 2434
f 2395 2433 2435
f 2395 2435 2413
f 2353 2413 2354
f 2339 2414 2436
f 2436 2320 2339
f 2320 2436 2417
f 2399 2437 2397
f 2300 2376 2438
f 2401 2439 2377
f 2342 2379 2440
f 2343 2342 2421
f 2421 2441 2381
f 2403 2381 2441
f 2401 2422 2442
f 2403 2441 2443
f 2423 2403 2443
f 2404 2444 2402
f 2423 2444 2404
f 2402 2444 2422
f 2405 2445 2424
f 2383 2445 2405
f 2359 2446 2383
f 2425 2447 2448
f 2425 2406 2447
f 2424 2447 2406
f 2382 2424 2406
f 2448 2449 2407
f 2448 2407 2425
f 2449 2450 2407
f 2428 2407 2450
f 2334 2429 2408
f 2429 2311 2409
f 2428 2451 2389
f 2347 2452 2409
f 2347 2363 2452
f 2312 2453 2363
f 2312 2410 2453
f 2454 2335 2390
f 2430 2455 2392
f 2411 2455 2431
f 2455 2411 2392
f 2456 2412 2431
f 2432 2412 2456
f 2432 2456 2457
f 2432 2457 2433
f 2458 2354 2413
f 2354 2458 2414
f 2415 2396 2459
f 2416 2397 2460
f 2416 2460 2461
f 2396 2416 2461
f 2418 2373 2462
f 2463 2437 2399
f 2397 2437 2460
f 2420 2419 2355
f 2463 2399 2398
f 2378 2300 2438
f 2356 2377 2420
f 2439 2401 2442
f 2443 2441 2464
f 2465 2423 2464
f 2423 2443 2464
f 2465 2444 2423
f 2466 2422 2444
f 2446 2445 2383
f 2446 2359 2361
f 2448 2447 2467
f 2468 2447 2424
f 2426 2469 2446
f 2361 2426 2446
f 2470 2448 2467
f 2385 2387 2471
f 2449 2470 2472
f 2448 2470 2449
f 2450 2449 2472
f 2345 2333 2427
f 2428 2473 2451
f 2455 2430 2474
f 2335 2454 2410
f 2475 2454 2390
f 2366 2349 2391
f 2476 2431 2477
f 2477 2431 2455
f 2478 2456 2431
f 2391 2393 2479
f 2434 2393 2337
f 2433 2457 2480
f 2435 2433 2480
f 2435 2481 2413
f 2414 2458 2482
f 2436 2483 2417
f 2462 2373 2417
f 2396 2461 2459
f 2419 2484 2398
f 2398 2484 2463
f 2437 2463 2485
f 2438 2376 2400
f 2419 2420 2486
f 2379 2378 2440
f 2342 2440 2487
f 2488 2377 2439
f 2421 2342 2487
f 2442 2422 2466
f 2489 2442 2466
f 2465 2464 2490
f 2491 2444 2465
f 2466 2444 2491
f 2447 2468 2492
f 2424 2493 2468
f 2445 2493 2424
f 2494 2470 2467
f 2385 2471 2426
f 2450 2472 2495
f 2473 2450 2495
f 2428 2450 2473
f 2409 2496 2429
f 2389 2451 2497
f 2497 2430 2389
f 2474 2430 2497
f 2474 2477 2455
f 2366 2498 2390
f 2498 2366 2391
f 2456 2499 2457
f 2500 2480 2457
f 2434 2371 2501
f 2435 2480 2481
f 2371 2415 2501
f 2501 2415 2502
f 2482 2436 2414
f 2459 2461 2503
f 2461 2460 2504
f 2418 2462 2505
f 2460 2437 2504
f 2400 2375 2418
f 2437 2485 2504
f 2420 2506 2486
f 2484 2419 2486
f 2507 2463 2484
f 2485 2463 2507
f 2377 2488 2420
f 2508 2420 2488
f 2439 2442 2489
f 2464 2441 2509
f 2466 2510 2511
f 2490 2512 2513
f 2490 2464 2512
f 2490 2491 2465
f 2491 2510 2466
f 2514 2491 2490
f 2515 2447 2492
f 2446 2516 2445
f 2445 2516 2493
f 2469 2516 2446
f 2470 2494 2517
f 2467 2515 2494
f 2447 2515 2467
f 2426 2518 2469
f 2426 2471 2518
f 2472 2517 2519
f 2470 2517 2472
f 2387 2520 2471
f 2472 2519 2495
f 2388 2520 2387
f 2332 2521 2388
f 2332 2427 2521
f 2427 2333 2522
f 2523 2497 2524
f 2474 2497 2523
f 2363 2453 2525
f 2523 2477 2474
f 2390 2498 2475
f 2431 2476 2478
f 2526 2499 2456
f 2499 2527 2457
f 2500 2457 2527
f 2528 2480 2500
f 2481 2480 2528
f 2413 2481 2458
f 2481 2529 2458
f 2415 2459 2502
f 2504 2530 2461
f 2461 2530 2503
f 2400 2418 2505
f 2506 2420 2508
f 2507 2484 2531
f 2439 2489 2488
f 2441 2421 2532
f 2441 2532 2509
f 2489 2466 2511
f 2512 2464 2509
f 2510 2533 2511
f 2490 2513 2534
f 2534 2514 2490
f 2514 2510 2491
f 2468 2535 2492
f 2468 2493 2535
f 2494 2515 2536
f 2469 2518 2537
f 2520 2538 2471
f 2388 2521 2520
f 2495 2539 2473
f 2427 2540 2521
f 2473 2539 2541
f 2427 2542 2540
f 2473 2543 2451
f 2541 2543 2473
f 2408 2522 2333
f 2451 2543 2497
f 2452 2496 2409
f 2544 2523 2524
f 2452 2363 2525
f 2410 2545 2453
f 2478 2476 2546
f 2546 2476 2477
f 2547 2456 2478
f 2391 2548 2498
f 2548 2391 2479
f 2479 2393 2549
f 2549 2393 2434
f 2527 2550 2500
f 2481 2528 2529
f 2458 2529 2551
f 2482 2458 2552
f 2482 2483 2436
f 2552 2483 2482
f 2553 2459 2503
f 2530 2553 2503
f 2485 2554 2504
f 2555 2400 2505
f 2531 2486 2556
f 2484 2486 2531
f 2378 2438 2440
f 2513 2512 2557
f 2513 2557 2558
f 2513 2558 2534
f 2559 2511 2533
f 2510 2514 2533
f 2559 2533 2514
f 2515 2560 2536
f 2515 2492 2560
f 2493 2561 2535
f 2469 2562 2516
f 2469 2537 2562
f 2536 2517 2494
f 2519 2517 2563
f 2519 2563 2495
f 2495 2563 2539
f 2522 2542 2427
f 2408 2564 2522
f 2408 2429 2564
f 2496 2564 2429
f 2543 2524 2497
f 2544 2546 2523
f 2523 2546 2477
f 2454 2545 2410
f 2565 2454 2475
f 2547 2526 2456
f 2548 2566 2498
f 2499 2567 2527
f 2500 2550 2528
f 2550 2568 2528
f 2528 2568 2569
f 2529 2528 2569
f 2553 2502 2459
f 2462 2417 2570
f 2553 2530 2571
f 2462 2572 2505
f 2530 2504 2573
f 2530 2573 2574
f 2530 2574 2571
f 2575 2574 2573
f 2485 2507 2576
f 2504 2554 2573
f 2400 2555 2438
f 2486 2506 2556
f 2554 2485 2576
f 2577 2440 2438
f 2421 2487 2532
f 2489 2511 2578
f 2511 2559 2579
f 2580 2534 2558
f 2534 2581 2514
f 2580 2581 2534
f 2514 2581 2559
f 2492 2535 2560
f 2493 2562 2561
f 2516 2562 2493
f 2582 2517 2536
f 2518 2583 2537
f 2471 2584 2518
f 2471 2538 2584
f 2563 2585 2586
f 2517 2585 2563
f 2520 2587 2538
f 2539 2563 2586
f 2541 2539 2586
f 2521 2540 2588
f 2589 2543 2541
f 2544 2524 2589
f 2589 2524 2543
f 2496 2590 2564
f 2525 2591 2452
f 2545 2592 2453
f 2565 2475 2593
f 2566 2475 2498
f 2499 2526 2594
f 2567 2499 2594
f 2595 2479 2549
f 2567 2596 2527
f 2527 2596 2550
f 2529 2569 2551
f 2458 2551 2552
f 2553 2501 2502
f 2483 2552 2597
f 2462 2570 2572
f 2555 2505 2598
f 2573 2554 2599
f 2575 2573 2599
f 2440 2577 2600
f 2506 2508 2601
f 2487 2440 2600
f 2508 2488 2602
f 2578 2603 2489
f 2488 2489 2603
f 2488 2603 2602
f 2604 2512 2509
f 2512 2604 2605
f 2605 2557 2512
f 2511 2579 2578
f 2558 2606 2580
f 2581 2607 2559
f 2608 2581 2580
f 2607 2581 2608
f 2560 2609 2536
f 2560 2535 2609
f 2610 2582 2611
f 2536 2611 2582
f 2583 2562 2537
f 2518 2584 2583
f 2586 2585 2612
f 2517 2582 2585
f 2538 2587 2584
f 2521 2613 2520
f 2589 2541 2586
f 2614 2544 2589
f 2544 2614 2615
f 2544 2615 2546
f 2496 2616 2617
f 2452 2616 2496
f 2591 2616 2452
f 2478 2618 2547
f 2618 2478 2546
f 2453 2592 2525
f 2545 2454 2565
f 2526 2547 2619
f 2593 2475 2566
f 2619 2594 2526
f 2479 2595 2548
f 2549 2434 2501
f 2596 2568 2550
f 2620 2568 2596
f 2621 2569 2568
f 2551 2569 2622
f 2553 2623 2501
f 2552 2551 2624
f 2623 2553 2571
f 2417 2483 2625
f 2417 2625 2570
f 2626 2571 2574
f 2575 2626 2574
f 2627 2628 2531
f 2531 2628 2507
f 2577 2438 2555
f 2601 2556 2506
f 2507 2628 2629
f 2576 2507 2629
f 2604 2509 2532
f 2558 2557 2630
f 2558 2630 2606
f 2559 2607 2631
f 2559 2631 2579
f 2632 2579 2631
f 2580 2606 2633
f 2608 2580 2633
f 2535 2561 2609
f 2609 2611 2536
f 2562 2634 2561
f 2612 2585 2635
f 2635 2585 2610
f 2582 2610 2585
f 2613 2587 2520
f 2586 2612 2636
f 2521 2588 2613
f 2589 2586 2636
f 2636 2614 2589
f 2614 2636 2615
f 2615 2618 2546
f 2594 2637 2567
f 2638 2596 2567
f 2638 2620 2596
f 2620 2621 2568
f 2501 2623 2639
f 2569 2621 2622
f 2551 2622 2640
f 2551 2640 2624
f 2597 2552 2641
f 2623 2571 2642
f 2642 2571 2626
f 2643 2626 2575
f 2599 2644 2575
f 2556 2627 2531
f 2554 2576 2645
f 2554 2645 2599
f 2628 2627 2646
f 2647 2576 2629
f 2532 2487 2648
f 2604 2532 2648
f 2557 2605 2630
f 2579 2632 2578
f 2649 2633 2606
f 2611 2650 2610
f 2611 2651 2650
f 2609 2651 2611
f 2634 2651 2609
f 2561 2634 2609
f 2562 2652 2634
f 2562 2653 2652
f 2562 2583 2653
f 2612 2635 2654
f 2612 2654 2636
f 2542 2588 2540
f 2615 2636 2655
f 2496 2617 2590
f 2591 2656 2616
f 2525 2592 2591
f 2547 2657 2619
f 2565 2658 2545
f 2619 2659 2594
f 2637 2660 2567
f 2567 2660 2638
f 2501 2639 2549
f 2640 2622 2661
f 2624 2640 2662
f 2552 2624 2641
f 2483 2597 2625
f 2572 2570 2663
f 2642 2626 2664
f 2505 2572 2665
f 2598 2505 2665
f 2626 2643 2666
f 2599 2645 2644
f 2643 2575 2644
f 2646 2629 2628
f 2576 2647 2645
f 2556 2601 2667
f 2646 2627 2668
f 2602 2601 2508
f 2606 2630 2669
f 2649 2606 2670
f 2633 2649 2671
f 2608 2633 2671
f 2607 2608 2672
f 2635 2673 2654
f 2650 2635 2610
f 2673 2635 2650
f 2584 2653 2583
f 2654 2674 2636
f 2655 2636 2674
f 2655 2675 2615
f 2564 2590 2522
f 2615 2675 2618
f 2657 2659 2619
f 2545 2676 2592
f 2545 2658 2676
f 2659 2637 2594
f 2595 2566 2548
f 2660 2677 2638
f 2677 2678 2638
f 2638 2678 2620
f 2622 2621 2661
f 2640 2661 2662
f 2623 2642 2639
f 2597 2641 2625
f 2572 2663 2665
f 2626 2666 2664
f 2555 2598 2679
f 2644 2645 2680
f 2627 2556 2667
f 2647 2629 2681
f 2667 2601 2682
f 2604 2648 2605
f 2630 2605 2683
f 2669 2670 2606
f 2684 2671 2670
f 2671 2649 2670
f 2607 2672 2685
f 2631 2607 2685
f 2608 2671 2672
f 2654 2673 2686
f 2654 2686 2674
f 2542 2687 2588
f 2616 2656 2617
f 2657 2688 2659
f 2565 2593 2658
f 2659 2689 2637
f 2689 2660 2637
f 2690 2677 2660
f 2549 2691 2595
f 2678 2692 2620
f 2693 2621 2620
f 2621 2693 2694
f 2661 2621 2694
f 2661 2694 2695
f 2662 2661 2695
f 2662 2695 2696
f 2641 2624 2697
f 2570 2625 2698
f 2642 2664 2699
f 2700 2555 2679
f 2555 2700 2577
f 2600 2577 2701
f 2629 2646 2681
f 2602 2682 2601
f 2602 2603 2702
f 2682 2602 2702
f 2605 2648 2703
f 2605 2703 2683
f 2578 2632 2702
f 2603 2578 2702
f 2669 2630 2683
f 2631 2685 2632
f 2673 2650 2704
f 2651 2705 2650
f 2651 2706 2705
f 2634 2706 2651
f 2634 2707 2706
f 2652 2707 2634
f 2686 2708 2709
f 2674 2686 2709
f 2708 2686 2673
f 2587 2710 2584
f 2674 2711 2655
f 2588 2712 2613
f 2655 2711 2675
f 2618 2675 2713
f 2657 2618 2713
f 2657 2547 2618
f 2592 2714 2591
f 2592 2676 2714
f 2688 2689 2659
f 2715 2593 2566
f 2690 2716 2677
f 2717 2566 2595
f 2716 2678 2677
f 2691 2549 2639
f 2692 2693 2620
f 2639 2642 2718
f 2624 2662 2697
f 2570 2698 2663
f 2643 2644 2719
f 2701 2577 2700
f 2645 2647 2680
f 2487 2720 2648
f 2721 2646 2668
f 2681 2646 2721
f 2722 2681 2721
f 2723 2681 2722
f 2647 2681 2723
f 2724 2647 2723
f 2680 2647 2724
f 2682 2702 2725
f 2684 2726 2671
f 2727 2726 2684
f 2671 2728 2672
f 2726 2728 2671
f 2685 2672 2729
f 2650 2705 2704
f 2704 2708 2673
f 2584 2710 2653
f 2587 2730 2710
f 2613 2730 2587
f 2674 2709 2711
f 2712 2730 2613
f 2675 2711 2713
f 2590 2731 2522
f 2617 2732 2590
f 2733 2688 2657
f 2656 2734 2617
f 2591 2735 2656
f 2688 2736 2689
f 2658 2737 2676
f 2738 2593 2715
f 2715 2566 2717
f 2739 2692 2678
f 2740 2694 2693
f 2741 2695 2694
f 2642 2742 2718
f 2662 2696 2743
f 2641 2697 2744
f 2641 2744 2625
f 2665 2663 2745
f 2666 2746 2664
f 2598 2665 2679
f 2666 2643 2719
f 2666 2719 2746
f 2679 2747 2700
f 2680 2748 2644
f 2600 2701 2749
f 2667 2668 2627
f 2680 2724 2750
f 2748 2680 2750
f 2720 2600 2749
f 2487 2600 2720
f 2668 2667 2751
f 2648 2720 2703
f 2683 2703 2752
f 2683 2752 2669
f 2670 2669 2727
f 2684 2670 2727
f 2672 2728 2729
f 2708 2753 2754
f 2709 2708 2754
f 2708 2704 2753
f 2653 2755 2652
f 2653 2710 2755
f 2709 2754 2711
f 2588 2687 2712
f 2713 2733 2657
f 2733 2756 2688
f 2734 2732 2617
f 2756 2736 2688
f 2656 2757 2734
f 2656 2735 2757
f 2714 2735 2591
f 2676 2737 2714
f 2690 2660 2758
f 2758 2660 2689
f 2658 2759 2737
f 2658 2593 2759
f 2738 2759 2593
f 2716 2739 2678
f 2739 2693 2692
f 2639 2718 2691
f 2740 2741 2694
f 2695 2741 2696
f 2662 2743 2760
f 2697 2662 2760
f 2642 2699 2742
f 2625 2744 2761
f 2625 2761 2698
f 2664 2746 2762
f 2665 2745 2763
f 2746 2719 2764
f 2679 2765 2747
f 2719 2644 2748
f 2719 2748 2764
f 2700 2747 2701
f 2752 2703 2766
f 2632 2767 2702
f 2727 2752 2768
f 2727 2669 2752
f 2632 2685 2769
f 2726 2727 2770
f 2726 2771 2728
f 2729 2772 2685
f 2773 2753 2704
f 2705 2773 2704
f 2707 2774 2706
f 2775 2711 2754
f 2711 2775 2776
f 2711 2776 2713
f 2542 2777 2687
f 2522 2731 2542
f 2590 2732 2731
f 2736 2758 2689
f 2778 2716 2690
f 2595 2691 2717
f 2693 2739 2779
f 2779 2740 2693
f 2740 2780 2741
f 2741 2781 2696
f 2696 2781 2743
f 2762 2742 2699
f 2663 2698 2745
f 2699 2664 2762
f 2762 2746 2782
f 2782 2746 2764
f 2665 2763 2765
f 2679 2665 2765
f 2701 2747 2783
f 2764 2748 2784
f 2751 2721 2668
f 2785 2682 2725
f 2703 2720 2786
f 2725 2702 2787
f 2725 2787 2785
f 2766 2703 2786
f 2752 2766 2788
f 2769 2767 2632
f 2768 2770 2727
f 2726 2770 2771
f 2771 2729 2728
f 2729 2771 2789
f 2706 2790 2705
f 2707 2652 2755
f 2754 2791 2775
f 2754 2753 2791
f 2775 2792 2776
f 2712 2793 2730
f 2776 2733 2713
f 2717 2794 2715
f 2716 2795 2739
f 2779 2780 2740
f 2780 2781 2741
f 2796 2781 2780
f 2743 2781 2797
f 2782 2764 2798
f 2682 2799 2667
f 2785 2799 2682
f 2667 2799 2751
f 2723 2722 2800
f 2801 2723 2800
f 2724 2723 2801
f 2702 2767 2787
f 2768 2752 2788
f 2685 2772 2769
f 2770 2768 2802
f 2803 2771 2802
f 2771 2770 2802
f 2771 2803 2789
f 2773 2705 2790
f 2790 2706 2804
f 2804 2706 2774
f 2805 2791 2753
f 2773 2805 2753
f 2804 2806 2790
f 2755 2774 2707
f 2755 2710 2774
f 2775 2791 2792
f 2793 2710 2730
f 2776 2807 2733
f 2731 2777 2542
f 2807 2756 2733
f 2808 2736 2756
f 2736 2808 2758
f 2808 2809 2758
f 2737 2759 2810
f 2759 2811 2810
f 2811 2759 2738
f 2738 2715 2811
f 2778 2795 2716
f 2812 2717 2691
f 2718 2812 2691
f 2797 2781 2796
f 2743 2797 2813
f 2760 2743 2813
f 2760 2813 2814
f 2697 2760 2744
f 2745 2698 2815
f 2762 2782 2816
f 2798 2764 2817
f 2764 2784 2817
f 2783 2747 2818
f 2701 2783 2749
f 2748 2750 2819
f 2748 2819 2784
f 2751 2820 2721
f 2820 2821 2721
f 2724 2819 2750
f 2720 2822 2786
f 2766 2786 2788
f 2767 2823 2787
f 2768 2788 2824
f 2802 2768 2825
f 2803 2802 2826
f 2729 2827 2772
f 2789 2827 2729
f 2773 2828 2805
f 2791 2829 2792
f 2805 2829 2791
f 2710 2793 2830
f 2792 2831 2832
f 2776 2792 2832
f 2776 2832 2807
f 2712 2687 2833
f 2777 2833 2687
f 2807 2808 2756
f 2735 2714 2757
f 2714 2834 2757
f 2737 2835 2714
f 2758 2836 2690
f 2836 2778 2690
f 2779 2739 2795
f 2796 2837 2797
f 2718 2742 2838
f 2797 2837 2813
f 2813 2839 2814
f 2744 2760 2814
f 2762 2838 2742
f 2761 2744 2840
f 2761 2841 2698
f 2698 2841 2815
f 2762 2816 2838
f 2782 2798 2816
f 2842 2817 2784
f 2784 2819 2842
f 2720 2749 2843
f 2799 2820 2751
f 2721 2821 2722
f 2821 2800 2722
f 2724 2844 2819
f 2801 2844 2724
f 2785 2845 2799
f 2787 2845 2785
f 2801 2800 2846
f 2768 2824 2825
f 2769 2772 2847
f 2825 2826 2802
f 2772 2827 2848
f 2847 2772 2848
f 2803 2826 2849
f 2849 2789 2803
f 2789 2850 2827
f 2851 2789 2849
f 2850 2789 2851
f 2804 2774 2852
f 2792 2829 2831
f 2790 2828 2773
f 2774 2853 2852
f 2710 2854 2774
f 2710 2830 2854
f 2712 2833 2793
f 2807 2855 2808
f 2809 2856 2758
f 2856 2836 2758
f 2835 2834 2714
f 2737 2857 2835
f 2737 2810 2857
f 2779 2858 2780
f 2780 2858 2796
f 2837 2839 2813
f 2761 2840 2841
f 2838 2816 2859
f 2798 2817 2860
f 2765 2861 2747
f 2749 2783 2862
f 2749 2862 2843
f 2819 2844 2842
f 2846 2800 2821
f 2786 2822 2863
f 2863 2788 2786
f 2823 2845 2787
f 2799 2845 2864
f 2788 2863 2865
f 2824 2788 2865
f 2767 2769 2847
f 2851 2849 2866
f 2848 2827 2850
f 2828 2829 2805
f 2806 2867 2790
f 2804 2852 2806
f 2774 2854 2853
f 2831 2868 2832
f 2831 2829 2869
f 2793 2833 2870
f 2731 2871 2777
f 2855 2809 2808
f 2732 2872 2873
f 2734 2872 2732
f 2836 2795 2778
f 2811 2874 2810
f 2715 2875 2811
f 2715 2794 2875
f 2795 2876 2779
f 2877 2717 2812
f 2876 2878 2779
f 2878 2858 2779
f 2812 2718 2879
f 2858 2837 2796
f 2858 2880 2837
f 2814 2839 2881
f 2814 2881 2882
f 2744 2814 2882
f 2816 2798 2859
f 2859 2798 2883
f 2798 2860 2883
f 2860 2817 2884
f 2817 2842 2884
f 2783 2818 2862
f 2842 2885 2884
f 2842 2886 2885
f 2842 2844 2886
f 2822 2720 2843
f 2844 2801 2886
f 2863 2822 2887
f 2888 2799 2864
f 2820 2799 2888
f 2889 2820 2888
f 2821 2820 2889
f 2890 2821 2889
f 2821 2890 2846
f 2801 2846 2891
f 2886 2801 2891
f 2845 2823 2892
f 2864 2845 2892
f 2823 2767 2847
f 2848 2893 2847
f 2849 2826 2866
f 2894 2848 2850
f 2851 2866 2895
f 2850 2851 2896
f 2851 2895 2896
f 2867 2828 2790
f 2897 2869 2829
f 2828 2897 2829
f 2854 2898 2853
f 2831 2899 2868
f 2831 2869 2899
f 2868 2855 2807
f 2832 2868 2807
f 2900 2868 2899
f 2855 2868 2900
f 2833 2777 2901
f 2855 2902 2809
f 2902 2856 2809
f 2810 2874 2857
f 2903 2795 2836
f 2903 2876 2795
f 2904 2794 2877
f 2877 2794 2717
f 2812 2879 2877
f 2858 2878 2880
f 2879 2718 2838
f 2837 2905 2839
f 2837 2880 2905
f 2839 2905 2881
f 2882 2840 2744
f 2840 2882 2906
f 2745 2815 2907
f 2745 2907 2908
f 2908 2763 2745
f 2765 2763 2861
f 2862 2818 2909
f 2890 2891 2846
f 2888 2864 2892
f 2892 2823 2910
f 2824 2865 2911
f 2824 2911 2825
f 2912 2823 2847
f 2825 2911 2913
f 2912 2847 2893
f 2826 2825 2914
f 2893 2848 2894
f 2914 2866 2826
f 2850 2915 2894
f 2895 2866 2916
f 2850 2896 2915
f 2828 2917 2897
f 2806 2852 2918
f 2852 2853 2918
f 2793 2870 2830
f 2777 2919 2901
f 2731 2732 2873
f 2757 2920 2734
f 2920 2757 2834
f 2856 2921 2836
f 2875 2874 2811
f 2875 2794 2904
f 2922 2880 2878
f 2880 2923 2905
f 2905 2924 2881
f 2882 2881 2925
f 2881 2924 2925
f 2882 2925 2906
f 2841 2840 2926
f 2818 2747 2927
f 2884 2885 2928
f 2885 2929 2928
f 2929 2885 2930
f 2886 2891 2931
f 2931 2885 2886
f 2932 2892 2910
f 2888 2892 2932
f 2889 2888 2932
f 2890 2889 2933
f 2891 2890 2933
f 2865 2863 2911
f 2910 2823 2912
f 2914 2913 2934
f 2914 2825 2913
f 2893 2894 2935
f 2916 2914 2936
f 2916 2866 2914
f 2867 2917 2828
f 2806 2918 2867
f 2853 2937 2918
f 2853 2898 2937
f 2899 2869 2938
f 2854 2939 2898
f 2731 2873 2871
f 2734 2940 2872
f 2835 2941 2834
f 2921 2903 2836
f 2879 2838 2942
f 2905 2943 2924
f 2905 2923 2943
f 2943 2925 2924
f 2840 2906 2944
f 2926 2840 2944
f 2838 2859 2945
f 2815 2841 2926
f 2859 2883 2945
f 2860 2884 2928
f 2818 2927 2909
f 2930 2885 2931
f 2889 2932 2946
f 2933 2889 2946
f 2931 2891 2933
f 2947 2931 2933
f 2948 2863 2887
f 2912 2949 2910
f 2863 2948 2950
f 2911 2863 2950
f 2912 2893 2949
f 2911 2950 2913
f 2894 2915 2935
f 2914 2934 2936
f 2895 2916 2951
f 2916 2936 2951
f 2895 2951 2896
f 2917 2952 2897
f 2938 2869 2952
f 2952 2869 2897
f 2830 2939 2854
f 2870 2939 2830
f 2833 2901 2870
f 2899 2953 2900
f 2900 2954 2855
f 2954 2902 2855
f 2734 2920 2940
f 2857 2955 2941
f 2857 2941 2835
f 2874 2956 2857
f 2957 2876 2903
f 2942 2877 2879
f 2922 2923 2880
f 2925 2943 2906
f 2883 2860 2958
f 2958 2860 2959
f 2747 2861 2927
f 2860 2928 2959
f 2960 2909 2927
f 2862 2909 2961
f 2962 2930 2931
f 2862 2961 2963
f 2862 2963 2843
f 2932 2964 2965
f 2946 2932 2965
f 2933 2946 2947
f 2887 2822 2843
f 2932 2910 2964
f 2910 2966 2964
f 2910 2949 2966
f 2949 2893 2935
f 2915 2967 2935
f 2936 2934 2968
f 2969 2896 2951
f 2896 2969 2915
f 2918 2970 2867
f 2918 2937 2970
f 2938 2952 2971
f 2953 2899 2938
f 2953 2954 2900
f 2777 2871 2919
f 2873 2872 2972
f 2902 2921 2856
f 2834 2941 2920
f 2857 2956 2955
f 2874 2973 2956
f 2974 2874 2875
f 2943 2923 2975
f 2943 2975 2976
f 2943 2976 2906
f 2838 2945 2942
f 2977 2944 2976
f 2944 2906 2976
f 2944 2977 2978
f 2815 2979 2907
f 2945 2883 2958
f 2861 2763 2980
f 2927 2861 2981
f 2928 2929 2982
f 2931 2947 2983
f 2983 2962 2931
f 2946 2965 2984
f 2947 2946 2984
f 2949 2985 2966
f 2949 2986 2985
f 2935 2987 2949
f 2913 2988 2934
f 2913 2950 2988
f 2936 2968 2951
f 2967 2915 2969
f 2951 2968 2989
f 2951 2989 2969
f 2867 2990 2917
f 2867 2970 2990
f 2938 2971 2953
f 2871 2873 2991
f 2992 2921 2902
f 2940 2972 2872
f 2903 2921 2993
f 2957 2903 2994
f 2874 2974 2973
f 2904 2995 2875
f 2996 2922 2878
f 2904 2877 2997
f 2975 2998 2976
f 2998 2977 2976
f 2944 2978 2926
f 2926 2978 2999
f 2815 2926 2979
f 2763 2908 2980
f 2861 2980 2981
f 2927 3000 2960
f 3001 2930 2962
f 2909 2960 2961
f 2965 2964 3002
f 2964 3003 3002
f 3002 2984 2965
f 2964 2966 3003
f 2966 3004 3003
f 2949 2987 2986
f 2969 3005 2967
f 2952 3006 2971
f 2917 3007 2952
f 3007 3006 2952
f 2937 3008 2970
f 2971 3009 2953
f 2870 3010 2939
f 2870 3011 3010
f 2901 3011 2870
f 2953 3012 2954
f 2871 2991 2919
f 2941 3013 2920
f 2993 2994 2903
f 2941 2955 3013
f 2876 2996 2878
f 2974 2875 2995
f 2877 2942 2997
f 2922 3014 2923
f 3014 2975 2923
f 3014 3015 2975
f 2945 3016 2942
f 2998 3017 2977
f 2998 2975 3017
f 2977 3017 3018
f 2977 3018 2978
f 2945 3019 3016
f 2978 3018 3020
f 2999 2978 3020
f 2926 2999 2979
f 3019 2945 2958
f 2907 2979 3021
f 2907 3021 2908
f 2959 2928 2982
f 2927 2981 3000
f 3001 2982 2929
f 2929 2930 3001
f 2962 2983 3022
f 3022 3001 2962
f 2947 2984 3023
f 2966 2985 3004
f 3024 2843 2963
f 2843 3024 2887
f 2887 3024 2948
f 2950 3025 2988
f 3026 2935 2967
f 3026 2987 2935
f 2967 3027 3026
f 2968 2988 3028
f 2968 2934 2988
f 2989 2968 3028
f 2989 3029 2969
f 3029 3005 2969
f 2917 2990 3007
f 2937 2898 3030
f 2939 3031 2898
f 2939 3010 3031
f 3012 2953 3009
f 2901 2919 3011
f 3012 2902 2954
f 2902 3012 2992
f 2993 2921 2992
f 3032 2922 2996
f 3033 2995 2904
f 2997 3033 2904
f 2922 3032 3014
f 2942 3016 2997
f 2999 3020 3034
f 2979 2999 3035
f 2958 2959 3019
f 3019 2959 3036
f 2959 2982 3036
f 2947 3037 2983
f 2983 3037 3022
f 2984 3002 3023
f 2961 2960 3038
f 3003 3004 3039
f 2985 2986 3004
f 2950 2948 3025
f 3040 2988 3025
f 2988 3040 3028
f 2967 3005 3027
f 3041 3007 2990
f 3041 2990 2970
f 2898 3042 3030
f 3031 3042 2898
f 3010 3011 3043
f 3044 3012 3009
f 2992 3012 3044
f 2873 2972 2991
f 3045 2993 2992
f 2955 3046 3013
f 2973 3047 2956
f 2957 2996 2876
f 3014 3032 3048
f 3049 3014 3048
f 3049 3015 3014
f 2975 3015 3017
f 3018 3017 3050
f 3051 3020 3018
f 3020 3051 3034
f 2999 3034 3035
f 3021 2979 3035
f 3052 3019 3036
f 2980 2908 3053
f 2980 3054 2981
f 3055 3001 3022
f 3000 3038 2960
f 2947 3023 3037
f 3003 3056 3002
f 3002 3056 3023
f 2963 2961 3024
f 2948 3024 3057
f 3025 2948 3058
f 2970 3008 3041
f 2971 3059 3009
f 3006 3059 2971
f 3059 3060 3009
f 3009 3060 3044
f 3045 3061 2993
f 2940 3062 2972
f 2993 3061 2994
f 2920 3062 2940
f 2920 3013 3062
f 3063 2957 2994
f 2956 3064 2955
f 2974 3047 2973
f 2974 2995 3065
f 3065 2995 3033
f 3015 3066 3017
f 3015 3049 3066
f 3050 3051 3018
f 3051 3067 3034
f 3016 3019 3068
f 2908 3021 3053
f 2980 3053 3054
f 3001 3055 3069
f 3001 3069 2982
f 2981 3054 3070
f 3070 3000 2981
f 3038 3000 3070
f 3071 2961 3038
f 2961 3071 3072
f 3024 2961 3072
f 3073 2987 3026
f 2948 3057 3058
f 3025 3058 3040
f 3005 3074 3027
f 3028 3040 3075
f 3028 3075 3076
f 3028 3077 2989
f 3077 3029 2989
f 3074 3005 3029
f 3078 3074 3029
f 3028 3076 3079
f 3077 3028 3079
f 3078 3029 3077
f 3041 3008 3080
f 3007 3081 3006
f 3081 3059 3006
f 3030 3008 2937
f 3082 3042 3031
f 3010 3082 3031
f 3010 3043 3082
f 3045 2992 3044
f 2996 2957 3063
f 2956 3047 3083
f 2974 3065 3084
f 2997 3016 3085
f 3017 3066 3050
f 3050 3066 3086
f 3051 3087 3067
f 3051 3050 3087
f 3088 3034 3067
f 3052 3068 3019
f 3035 3034 3089
f 3034 3088 3089
f 3035 3089 3021
f 3036 3090 3052
f 3036 2982 3069
f 3022 3037 3091
f 3091 3055 3022
f 3023 3056 3092
f 3093 3056 3003
f 3093 3003 3039
f 2986 3094 3095
f 2986 2987 3094
f 3096 3024 3072
f 3057 3024 3096
f 3026 3097 3073
f 3097 3026 3027
f 3075 3040 3058
f 3027 3074 3097
f 3007 3041 3081
f 3081 3098 3059
f 3011 2919 3099
f 3044 3100 3045
f 2991 3101 2919
f 2972 3062 3102
f 2956 3083 3064
f 2974 3084 3047
f 3033 3103 3065
f 2997 3104 3033
f 3104 2997 3085
f 3068 3085 3016
f 3086 3105 3050
f 3050 3105 3087
f 3067 3087 3088
f 3106 3089 3088
f 3021 3089 3106
f 3021 3106 3107
f 3053 3021 3107
f 3108 3053 3107
f 3069 3109 3090
f 3069 3090 3036
f 3054 3053 3108
f 3069 3055 3109
f 3055 3110 3109
f 3091 3110 3055
f 3054 3111 3070
f 3037 3023 3091
f 3112 3038 3070
f 2986 3095 3004
f 3038 3113 3114
f 3038 3114 3071
f 3058 3057 3115
f 3077 3079 3116
f 3078 3077 3116
f 3081 3041 3117
f 3080 3008 3030
f 3080 3118 3041
f 3042 3119 3030
f 3120 3060 3098
f 3060 3059 3098
f 3082 3119 3042
f 3060 3120 3044
f 3011 3099 3043
f 3100 3044 3120
f 3121 3099 2919
f 2919 3101 3121
f 3100 3061 3045
f 3122 2991 2972
f 3062 3123 3102
f 2994 3061 3063
f 3123 3062 3013
f 3046 3123 3013
f 2955 3064 3046
f 2996 3063 3032
f 3084 3124 3047
f 3104 3103 3033
f 3066 3049 3125
f 3105 3126 3087
f 3088 3087 3126
f 3088 3126 3127
f 3106 3088 3127
f 3068 3052 3128
f 3090 3128 3052
f 3106 3129 3107
f 3107 3130 3108
f 3108 3131 3111
f 3054 3108 3111
f 3111 3132 3070
f 3092 3133 3023
f 3091 3023 3133
f 3112 3070 3132
f 3038 3112 3134
f 3039 3004 3093
f 3004 3095 3093
f 3038 3134 3113
f 3094 2987 3135
f 3114 3136 3071
f 2987 3073 3137
f 3071 3138 3139
f 3071 3139 3072
f 3072 3139 3096
f 3096 3140 3141
f 3057 3096 3141
f 3115 3057 3141
f 3058 3115 3142
f 3075 3058 3142
f 3097 3074 3143
f 3142 3144 3075
f 3076 3075 3144
f 3076 3144 3145
f 3078 3146 3074
f 3079 3076 3147
f 3076 3145 3147
f 3079 3147 3116
f 3078 3116 3146
f 3081 3148 3098
f 3081 3117 3148
f 3041 3118 3117
f 3122 3101 2991
f 3061 3149 3063
f 3150 3048 3032
f 3124 3083 3047
f 3049 3048 3125
f 3151 3103 3104
f 3125 3086 3066
f 3105 3152 3126
f 3127 3126 3153
f 3127 3153 3106
f 3153 3129 3106
f 3107 3129 3154
f 3154 3130 3107
f 3128 3090 3155
f 3155 3090 3109
f 3108 3130 3156
f 3108 3156 3131
f 3131 3156 3157
f 3111 3131 3157
f 3091 3133 3158
f 3158 3110 3091
f 3132 3159 3112
f 3112 3159 3134
f 3134 3160 3161
f 3134 3161 3113
f 3114 3113 3162
f 3114 3162 3136
f 3071 3136 3138
f 3138 3163 3139
f 3096 3139 3140
f 3097 3164 3073
f 3141 3140 3165
f 3115 3141 3166
f 3115 3166 3167
f 3097 3143 3164
f 3115 3167 3142
f 3074 3146 3143
f 3142 3168 3144
f 3144 3169 3145
f 3145 3170 3147
f 3171 3116 3147
f 3116 3171 3146
f 3148 3172 3098
f 3030 3118 3080
f 3098 3172 3120
f 3172 3173 3120
f 3173 3100 3120
f 3061 3100 3174
f 3084 3175 3124
f 3048 3176 3125
f 3065 3177 3084
f 3125 3178 3086
f 3104 3085 3151
f 3086 3179 3105
f 3105 3179 3152
f 3153 3126 3180
f 3153 3180 3129
f 3129 3180 3154
f 3154 3181 3130
f 3130 3181 3182
f 3130 3182 3156
f 3156 3182 3157
f 3111 3157 3183
f 3092 3184 3133
f 3132 3111 3185
f 3111 3183 3185
f 3185 3186 3187
f 3132 3185 3187
f 3187 3159 3132
f 3188 3159 3187
f 3093 3092 3056
f 3134 3159 3189
f 3134 3189 3160
f 3161 3160 3190
f 3113 3161 3162
f 3161 3190 3162
f 3162 3191 3136
f 2987 3137 3135
f 3136 3192 3163
f 3138 3136 3163
f 3139 3163 3193
f 3073 3164 3137
f 3140 3139 3193
f 3141 3165 3194
f 3166 3141 3194
f 3167 3166 3195
f 3167 3195 3168
f 3142 3167 3168
f 3144 3168 3169
f 3143 3146 3196
f 3145 3169 3170
f 3171 3197 3146
f 3198 3148 3117
f 3082 3199 3119
f 3082 3043 3199
f 3173 3174 3100
f 3174 3149 3061
f 2972 3102 3122
f 3123 3200 3102
f 3048 3150 3176
f 3103 3177 3065
f 3125 3201 3178
f 3086 3178 3179
f 3179 3202 3152
f 3203 3151 3085
f 3203 3085 3068
f 3202 3126 3152
f 3126 3202 3180
f 3203 3068 3128
f 3128 3155 3204
f 3205 3154 3180
f 3154 3205 3181
f 3155 3109 3204
f 3157 3182 3206
f 3207 3110 3158
f 3109 3110 3207
f 3183 3157 3206
f 3186 3183 3206
f 3184 3158 3133
f 3185 3183 3186
f 3093 3095 3208
f 3208 3092 3093
f 3188 3189 3159
f 3160 3189 3209
f 3190 3160 3210
f 3095 3094 3135
f 3190 3210 3162
f 3210 3191 3162
f 3136 3191 3192
f 3163 3211 3193
f 3163 3192 3211
f 3165 3140 3194
f 3140 3193 3194
f 3164 3143 3212
f 3194 3213 3214
f 3166 3214 3215
f 3166 3194 3214
f 3195 3166 3215
f 3215 3216 3195
f 3168 3195 3216
f 3169 3168 3217
f 3169 3217 3218
f 3169 3218 3170
f 3196 3146 3197
f 3219 3196 3197
f 3170 3218 3147
f 3147 3218 3220
f 3171 3147 3220
f 3197 3171 3220
f 3148 3221 3172
f 3148 3198 3221
f 3118 3222 3117
f 3030 3223 3118
f 3172 3221 3173
f 3149 3224 3063
f 3063 3224 3032
f 3225 3032 3224
f 3046 3226 3123
f 3150 3032 3225
f 3083 3124 3227
f 3176 3201 3125
f 3084 3177 3175
f 3151 3177 3103
f 3179 3228 3202
f 3180 3202 3205
f 3205 3229 3181
f 3230 3181 3229
f 3207 3204 3109
f 3230 3182 3181
f 3207 3158 3231
f 3230 3206 3182
f 3184 3208 3232
f 3208 3184 3092
f 3187 3233 3188
f 3187 3186 3233
f 3188 3233 3189
f 3208 3095 3234
f 3209 3189 3235
f 3210 3160 3209
f 3236 3210 3209
f 3210 3236 3191
f 3236 3237 3191
f 3192 3191 3237
f 3211 3238 3193
f 3164 3212 3137
f 3194 3193 3238
f 3213 3194 3238
f 3213 3239 3214
f 3214 3239 3215
f 3143 3196 3240
f 3215 3239 3216
f 3217 3168 3216
f 3217 3216 3241
f 3217 3241 3218
f 3220 3242 3197
f 3242 3219 3197
f 3118 3243 3222
f 3118 3223 3243
f 3222 3198 3117
f 3119 3223 3030
f 3199 3043 3244
f 3173 3221 3174
f 3245 3149 3174
f 3099 3121 3246
f 3247 3121 3101
f 3248 3247 3101
f 3248 3101 3122
f 3149 3249 3224
f 3064 3250 3046
f 3150 3251 3176
f 3083 3252 3064
f 3124 3175 3227
f 3253 3254 3179
f 3178 3253 3179
f 3179 3254 3228
f 3228 3255 3202
f 3229 3202 3255
f 3151 3203 3256
f 3202 3229 3205
f 3203 3128 3257
f 3128 3204 3257
f 3230 3229 3258
f 3158 3259 3231
f 3230 3260 3206
f 3230 3258 3260
f 3259 3158 3184
f 3206 3260 3186
f 3233 3186 3260
f 3233 3235 3189
f 3236 3209 3235
f 3095 3135 3234
f 3237 3261 3211
f 3211 3192 3237
f 3135 3137 3262
f 3261 3238 3211
f 3213 3238 3261
f 3239 3213 3261
f 3143 3240 3212
f 3196 3263 3240
f 3264 3216 3239
f 3241 3216 3264
f 3196 3219 3263
f 3265 3218 3241
f 3220 3218 3265
f 3242 3220 3265
f 3221 3198 3266
f 3221 3245 3174
f 3245 3221 3266
f 3249 3149 3245
f 3247 3246 3121
f 3267 3122 3102
f 3102 3200 3267
f 3268 3123 3226
f 3046 3250 3226
f 3201 3269 3178
f 3269 3253 3178
f 3177 3151 3270
f 3256 3270 3151
f 3255 3271 3229
f 3258 3229 3271
f 3207 3231 3204
f 3272 3260 3258
f 3272 3273 3235
f 3232 3259 3184
f 3235 3260 3272
f 3260 3235 3233
f 3208 3274 3232
f 3236 3235 3273
f 3274 3208 3234
f 3234 3262 3274
f 3135 3262 3234
f 3236 3273 3237
f 3275 3237 3273
f 3261 3237 3275
f 3261 3276 3239
f 3240 3262 3212
f 3262 3137 3212
f 3264 3239 3276
f 3265 3264 3276
f 3219 3277 3263
f 3264 3265 3241
f 3242 3265 3278
f 3279 3242 3278
f 3277 3242 3279
f 3219 3242 3277
f 3223 3119 3280
f 3199 3281 3119
f 3245 3266 3282
f 3282 3266 3283
f 3245 3282 3249
f 3224 3249 3284
f 3123 3268 3200
f 3250 3064 3252
f 3252 3083 3227
f 3175 3285 3286
f 3177 3285 3175
f 3257 3256 3203
f 3272 3258 3271
f 3231 3257 3204
f 3287 3231 3259
f 3288 3273 3272
f 3261 3275 3289
f 3262 3240 3290
f 3291 3276 3292
f 3291 3265 3276
f 3263 3293 3240
f 3294 3240 3293
f 3295 3293 3277
f 3278 3265 3291
f 3279 3278 3291
f 3295 3277 3279
f 3293 3263 3277
f 3198 3222 3283
f 3266 3198 3283
f 3296 3222 3243
f 3223 3280 3243
f 3296 3283 3222
f 3119 3281 3280
f 3282 3283 3297
f 3043 3099 3246
f 3246 3244 3043
f 3282 3298 3249
f 3299 3247 3248
f 3122 3299 3248
f 3122 3267 3299
f 3224 3300 3225
f 3150 3225 3251
f 3176 3301 3201
f 3201 3301 3269
f 3175 3286 3227
f 3228 3254 3302
f 3255 3228 3302
f 3303 3255 3302
f 3271 3255 3303
f 3271 3304 3272
f 3257 3231 3305
f 3305 3231 3287
f 3288 3272 3304
f 3306 3307 3232
f 3287 3259 3232
f 3307 3287 3232
f 3308 3273 3288
f 3275 3273 3308
f 3274 3309 3232
f 3308 3310 3275
f 3289 3275 3310
f 3274 3311 3309
f 3262 3311 3274
f 3290 3311 3262
f 3294 3312 3290
f 3294 3293 3313
f 3240 3294 3290
f 3291 3314 3279
f 3283 3296 3315
f 3280 3316 3243
f 3297 3283 3315
f 3297 3298 3282
f 3284 3300 3224
f 3200 3268 3267
f 3317 3268 3226
f 3176 3251 3318
f 3301 3176 3318
f 3269 3301 3319
f 3227 3320 3252
f 3254 3321 3302
f 3285 3177 3270
f 3256 3257 3322
f 3323 3308 3288
f 3324 3305 3287
f 3324 3287 3307
f 3325 3307 3306
f 3232 3309 3326
f 3326 3306 3232
f 3276 3261 3289
f 3327 3276 3289
f 3292 3276 3327
f 3290 3328 3311
f 3290 3312 3328
f 3313 3329 3294
f 3329 3312 3294
f 3314 3291 3330
f 3293 3331 3313
f 3332 3279 3314
f 3295 3279 3332
f 3331 3295 3332
f 3293 3295 3331
f 3296 3243 3333
f 3316 3333 3243
f 3246 3334 3244
f 3247 3334 3246
f 3249 3298 3284
f 3247 3335 3334
f 3300 3251 3225
f 3250 3336 3226
f 3252 3336 3250
f 3319 3253 3269
f 3253 3319 3254
f 3254 3319 3321
f 3303 3302 3321
f 3337 3285 3270
f 3271 3303 3338
f 3304 3338 3339
f 3304 3271 3338
f 3304 3339 3288
f 3322 3257 3305
f 3323 3340 3308
f 3326 3341 3306
f 3306 3341 3325
f 3342 3289 3310
f 3289 3342 3327
f 3309 3311 3343
f 3344 3343 3311
f 3328 3344 3311
f 3312 3329 3328
f 3330 3291 3292
f 3332 3314 3330
f 3331 3329 3313
f 3296 3333 3345
f 3315 3296 3345
f 3280 3281 3316
f 3346 3297 3315
f 3345 3346 3315
f 3244 3334 3347
f 3247 3299 3335
f 3267 3268 3348
f 3226 3349 3317
f 3226 3336 3349
f 3319 3301 3350
f 3321 3319 3351
f 3286 3320 3227
f 3286 3285 3352
f 3270 3353 3337
f 3270 3256 3353
f 3288 3339 3323
f 3322 3353 3256
f 3354 3305 3324
f 3310 3308 3340
f 3324 3325 3354
f 3324 3307 3325
f 3342 3355 3327
f 3343 3326 3309
f 3327 3356 3292
f 3357 3292 3356
f 3358 3344 3328
f 3357 3330 3292
f 3359 3328 3329
f 3360 3332 3330
f 3332 3360 3359
f 3359 3331 3332
f 3329 3331 3359
f 3361 3345 3333
f 3281 3199 3244
f 3361 3346 3345
f 3244 3362 3281
f 3244 3347 3362
f 3297 3363 3298
f 3363 3297 3346
f 3298 3363 3284
f 3300 3284 3363
f 3348 3299 3267
f 3300 3318 3251
f 3317 3364 3268
f 3301 3318 3350
f 3319 3350 3351
f 3252 3320 3336
f 3321 3365 3303
f 3286 3352 3320
f 3366 3303 3365
f 3303 3366 3338
f 3367 3339 3338
f 3337 3352 3285
f 3368 3353 3322
f 3368 3322 3369
f 3322 3305 3369
f 3369 3305 3354
f 3310 3340 3370
f 3342 3310 3370
f 3341 3371 3325
f 3371 3354 3325
f 3327 3355 3356
f 3343 3344 3372
f 3359 3373 3358
f 3360 3330 3357
f 3358 3328 3359
f 3333 3316 3361
f 3361 3316 3374
f 3281 3375 3316
f 3362 3375 3281
f 3363 3346 3376
f 3377 3346 3361
f 3376 3346 3377
f 3334 3378 3347
f 3300 3363 3376
f 3300 3379 3318
f 3350 3318 3380
f 3380 3351 3350
f 3321 3351 3381
f 3321 3381 3365
f 3338 3366 3367
f 3382 3339 3367
f 3323 3339 3382
f 3382 3340 3323
f 3354 3383 3369
f 3384 3383 3354
f 3354 3371 3384
f 3341 3326 3385
f 3326 3343 3385
f 3358 3386 3344
f 3344 3386 3372
f 3359 3387 3373
f 3388 3387 3359
f 3360 3357 3388
f 3359 3360 3388
f 3361 3374 3377
f 3316 3375 3374
f 3389 3377 3374
f 3376 3377 3390
f 3335 3391 3334
f 3299 3391 3335
f 3300 3376 3379
f 3391 3299 3392
f 3348 3392 3299
f 3364 3348 3268
f 3393 3349 3336
f 3365 3381 3394
f 3320 3395 3393
f 3320 3393 3336
f 3320 3396 3395
f 3352 3397 3398
f 3337 3397 3352
f 3337 3353 3397
f 3355 3342 3399
f 3399 3400 3356
f 3384 3371 3401
f 3356 3355 3399
f 3401 3371 3341
f 3341 3385 3401
f 3357 3356 3400
f 3372 3385 3343
f 3372 3402 3385
f 3403 3357 3404
f 3388 3405 3387
f 3403 3405 3388
f 3373 3386 3358
f 3388 3357 3403
f 3377 3389 3390
f 3390 3406 3376
f 3391 3378 3334
f 3376 3406 3379
f 3318 3407 3380
f 3380 3381 3351
f 3349 3364 3317
f 3394 3366 3365
f 3366 3394 3408
f 3340 3382 3409
f 3370 3340 3409
f 3368 3369 3410
f 3399 3342 3370
f 3410 3369 3383
f 3404 3357 3400
f 3386 3402 3372
f 3411 3373 3387
f 3386 3373 3411
f 3389 3374 3375
f 3412 3406 3390
f 3412 3390 3389
f 3378 3362 3347
f 3406 3412 3413
f 3379 3407 3318
f 3348 3414 3392
f 3381 3380 3415
f 3416 3381 3415
f 3381 3416 3394
f 3367 3366 3408
f 3367 3408 3417
f 3320 3352 3396
f 3398 3418 3419
f 3398 3419 3396
f 3398 3396 3352
f 3353 3420 3397
f 3421 3370 3409
f 3420 3353 3368
f 3399 3370 3421
f 3399 3422 3400
f 3384 3423 3383
f 3401 3423 3384
f 3423 3401 3424
f 3424 3401 3385
f 3386 3425 3402
f 3402 3425 3424
f 3424 3385 3402
f 3387 3426 3411
f 3405 3426 3387
f 3389 3375 3427
f 3427 3375 3428
f 3412 3389 3427
f 3362 3428 3375
f 3413 3412 3429
f 3427 3429 3412
f 3413 3430 3406
f 3391 3431 3378
f 3406 3430 3379
f 3379 3430 3407
f 3407 3415 3380
f 3364 3414 3348
f 3432 3394 3416
f 3408 3394 3432
f 3417 3408 3433
f 3382 3367 3417
f 3396 3434 3395
f 3397 3418 3398
f 3397 3420 3418
f 3420 3368 3435
f 3368 3410 3435
f 3410 3383 3435
f 3404 3400 3422
f 3435 3383 3423
f 3403 3404 3436
f 3403 3436 3437
f 3411 3425 3386
f 3405 3403 3437
f 3427 3428 3438
f 3429 3427 3438
f 3362 3439 3428
f 3440 3439 3362
f 3378 3440 3362
f 3429 3430 3413
f 3431 3440 3378
f 3441 3391 3392
f 3415 3442 3416
f 3414 3443 3392
f 3444 3414 3364
f 3408 3432 3433
f 3349 3445 3444
f 3393 3445 3349
f 3395 3445 3393
f 3417 3446 3382
f 3396 3419 3434
f 3409 3382 3446
f 3409 3447 3421
f 3399 3421 3422
f 3404 3422 3448
f 3449 3450 3435
f 3435 3423 3449
f 3436 3404 3448
f 3449 3423 3451
f 3436 3452 3437
f 3425 3453 3451
f 3423 3424 3451
f 3424 3425 3451
f 3425 3411 3426
f 3428 3439 3454
f 3438 3428 3454
f 3455 3429 3438
f 3454 3455 3438
f 3456 3430 3429
f 3457 3429 3455
f 3456 3429 3457
f 3456 3407 3430
f 3391 3458 3431
f 3415 3407 3456
f 3441 3458 3391
f 3456 3442 3415
f 3441 3392 3443
f 3416 3442 3459
f 3444 3460 3414
f 3432 3459 3433
f 3364 3349 3444
f 3395 3461 3445
f 3461 3395 3434
f 3409 3446 3462
f 3447 3409 3462
f 3420 3463 3418
f 3420 3435 3463
f 3448 3464 3436
f 3463 3435 3450
f 3465 3450 3449
f 3453 3465 3449
f 3451 3453 3449
f 3405 3437 3452
f 3426 3405 3452
f 3453 3425 3426
f 3455 3454 3466
f 3454 3439 3466
f 3466 3439 3467
f 3439 3440 3467
f 3457 3468 3456
f 3458 3469 3431
f 3442 3456 3468
f 3442 3468 3459
f 3414 3460 3443
f 3416 3459 3432
f 3417 3433 3470
f 3471 3446 3417
f 3446 3472 3462
f 3473 3447 3462
f 3434 3419 3474
f 3473 3421 3447
f 3474 3419 3418
f 3422 3421 3448
f 3474 3418 3475
f 3418 3463 3475
f 3476 3475 3463
f 3463 3450 3476
f 3477 3476 3465
f 3450 3465 3476
f 3436 3464 3452
f 3464 3478 3452
f 3465 3453 3477
f 3477 3426 3478
f 3477 3453 3426
f 3478 3426 3452
f 3466 3479 3455
f 3480 3479 3466
f 3467 3480 3466
f 3440 3431 3469
f 3455 3479 3457
f 3481 3479 3480
f 3482 3480 3467
f 3440 3482 3467
f 3469 3482 3440
f 3457 3479 3468
f 3483 3468 3479
f 3483 3479 3481
f 3459 3468 3483
f 3443 3484 3441
f 3485 3459 3483
f 3460 3486 3443
f 3433 3459 3485
f 3433 3485 3470
f 3471 3417 3470
f 3472 3446 3471
f 3461 3434 3487
f 3487 3434 3488
f 3448 3473 3489
f 3488 3434 3474
f 3448 3421 3473
f 3488 3475 3490
f 3488 3474 3475
f 3475 3476 3490
f 3489 3464 3448
f 3476 3491 3490
f 3491 3478 3492
f 3477 3491 3476
f 3492 3478 3464
f 3477 3478 3491
f 3480 3482 3493
f 3481 3480 3493
f 3494 3493 3482
f 3469 3495 3482
f 3495 3469 3458
f 3496 3483 3481
f 3493 3496 3481
f 3496 3493 3494
f 3495 3494 3482
f 3484 3495 3458
f 3441 3484 3458
f 3485 3483 3496
f 3497 3485 3496
f 3486 3484 3443
f 3498 3486 3460
f 3470 3485 3497
f 3499 3498 3460
f 3460 3444 3499
f 3445 3499 3444
f 3445 3500 3499
f 3500 3445 3461
f 3500 3461 3501
f 3487 3501 3461
f 3501 3487 3502
f 3502 3487 3488
f 3473 3503 3489
f 3504 3505 3506
f 3504 3489 3503
f 3502 3507 3505
f 3507 3506 3505
f 3488 3507 3502
f 3507 3492 3506
f 3492 3504 3506
f 3488 3490 3507
f 3464 3489 3504
f 3492 3464 3504
f 3491 3492 3507
f 3490 3491 3507
f 3494 3508 3496
f 3494 3495 3509
f 3495 3484 3509
f 3509 3508 3494
f 3497 3496 3508
f 3510 3497 3508
f 3509 3510 3508
f 3511 3510 3509
f 3512 3511 3509
f 3484 3512 3509
f 3512 3484 3513
f 3484 3486 3513
f 3514 3497 3510
f 3511 3514 3510
f 3514 3511 3515
f 3514 3515 3516
f 3517 3513 3486
f 3486 3498 3517
f 3514 3470 3497
f 3516 3470 3514
f 3518 3517 3498
f 3518 3498 3499
f 3471 3470 3516
f 3516 3519 3471
f 3472 3471 3519
f 3499 3520 3518
f 3499 3500 3520
f 3472 3519 3521
f 3520 3500 3522
f 3500 3501 3522
f 3521 3462 3472
f 3501 3523 3522
f 3501 3502 3523
f 3473 3462 3521
f 3473 3521 3524
f 3522 3525 3524
f 3523 3525 3522
f 3503 3524 3525
f 3502 3505 3523
f 3505 3525 3523
f 3503 3473 3524
f 3505 3504 3525
f 3504 3503 3525
f 3512 3526 3511
f 3511 3526 3515
f 3512 3513 3526
f 3513 3517 3526
f 3526 3527 3515
f 3527 3516 3515
f 3528 3527 3526
f 3526 3517 3528
f 3518 3528 3517
f 3529 3516 3527
f 3528 3529 3527
f 3518 3530 3528
f 3519 3516 3529
f 3530 3531 3528
f 3531 3529 3528
f 3518 3520 3530
f 3531 3519 3529
f 3532 3531 3530
f 3530 3520 3532
f 3531 3521 3519
f 3520 3522 3532
f 3521 3531 3532
f 3524 3521 3532
f 3532 3522 3524

